Date,Open,High,Low,Close,Volume,Dividends,Stock Splits,Adj Close
2014-02-24,113.9000015258789,113.9000015258789,103.0100021362305,107.3659973144531,31370.0,0.0,0.0,
2014-02-25,107.6989974975586,108.8000030517578,107.3249969482422,107.7089996337891,34340.0,0.0,0.0,
2014-02-26,107.0999984741211,108.5,107.0999984741211,108.2750015258789,9620.0,0.0,0.0,
2014-02-28,108.3000030517578,108.8000030517578,108.0250015258789,108.7020034790039,33990.0,0.0,0.0,
2014-03-03,108.2249984741211,109.7870025634766,107.3000030517578,107.7190017700195,44860.0,0.0,0.0,
2014-03-04,107.6949996948242,111.0,107.5999984741211,110.5859985351562,15410.0,0.0,0.0,
2014-03-05,110.6999969482422,112.9000015258789,110.3000030517578,112.5250015258789,21570.0,0.0,0.0,
2014-03-06,113.0999984741211,114.4550018310547,112.5,114.1129989624023,14330.0,0.0,0.0,
2014-03-07,114.0999984741211,120.5,114.0999984741211,119.8079986572266,122610.0,0.0,0.0,
2014-03-10,117.5999984741211,121.9400024414062,117.5999984741211,121.1350021362305,48360.0,0.0,0.0,
2014-03-11,121.6989974975586,123.0,119.870002746582,120.9280014038086,48050.0,0.0,0.0,
2014-03-12,118.0,121.3000030517578,118.0,120.5220031738281,33790.0,0.0,0.0,
2014-03-13,120.9990005493164,123.4400024414062,120.5599975585938,121.5899963378906,69320.0,0.0,0.0,
2014-03-14,120.8000030517578,121.4000015258789,119.1009979248047,120.6439895629883,17110.0,0.0,0.0,
2014-03-18,120.9850006103516,123.0,120.9850006103516,122.3659973144531,32320.0,0.0,0.0,
2014-03-19,121.5500030517578,122.9850006103516,121.4020004272461,121.7200012207031,6900.0,0.0,0.0,
2014-03-20,121.5100021362305,121.5999984741211,120.5,120.7870025634766,3180.0,0.0,0.0,
2014-03-21,120.5,123.0,119.5009994506836,122.9150009155273,13590.0,0.0,0.0,
2014-03-24,122.5,124.4000015258789,122.5,124.2320022583008,50500.0,0.0,0.0,
2014-03-25,124.1989974975586,125.0500030517578,124.1989974975586,124.7620010375977,59840.0,0.0,0.0,
2014-03-26,124.1009979248047,125.75,124.1009979248047,125.2470016479492,48400.0,0.0,0.0,
2014-03-27,125.4000015258789,126.5,125.0,125.8929977416992,123760.0,0.0,0.0,
2014-03-28,126.6999969482422,127.3199996948242,126.0,127.015998840332,88530.0,0.0,0.0,
2014-03-31,127.5,128.5,126.2239990234375,126.7810134887695,46890.0,0.0,0.0,
2014-04-01,127.3109970092773,127.3109970092773,124.0,125.2149963378906,20600.0,0.0,0.0,
2014-04-02,126.0,127.5,125.0,127.234001159668,107460.0,0.0,0.0,
2014-04-03,126.8000030517578,126.8000030517578,125.5100021362305,125.8050003051758,60320.0,0.0,0.0,
2014-04-04,125.6999969482422,126.7990036010742,124.5100021362305,125.7269973754883,11650.0,0.0,0.0,
2014-04-07,125.9000015258789,126.4800033569336,124.6999969482422,125.2580032348633,20820.0,0.0,0.0,
2014-04-09,126.0999984741211,129.6999969482422,125.5400009155273,129.3150024414062,55160.0,0.0,0.0,
2014-04-10,129.0249938964844,130.6999969482422,128.5630035400391,129.1670074462891,55630.0,0.0,0.0,
2014-04-11,127.5449981689453,129.5099945068359,127.5449981689453,128.6600036621094,73960.0,0.0,0.0,
2014-04-15,127.5,127.6999969482422,125.2509994506836,126.2529983520508,37240.0,0.0,0.0,
2014-04-16,127.0,127.5,125.4000015258789,125.7480010986328,35060.0,0.0,0.0,
2014-04-17,126.0009994506836,128.5,125.3109970092773,128.3220062255859,17350.0,0.0,0.0,
2014-04-21,128.1000061035156,129.8950042724609,128.1000061035156,129.7230072021484,43660.0,0.0,0.0,
2014-04-22,128.6499938964844,130.1399993896484,128.6499938964844,129.8890075683594,32460.0,0.0,0.0,
2014-04-23,129.6000061035156,131.5,129.6000061035156,130.9310150146484,35740.0,0.0,0.0,
2014-04-25,130.5,131.9900054931641,129.7700042724609,130.8110046386719,70380.0,0.0,0.0,
2014-04-28,130.8000030517578,131.8000030517578,129.6000061035156,131.2910003662109,11640.0,0.0,0.0,
2014-04-29,131.3000030517578,131.3000030517578,129.3000030517578,130.5379943847656,11900.0,0.0,0.0,
2014-04-30,130.3999938964844,131.8890075683594,128.4250030517578,130.3200073242188,31720.0,0.0,0.0,
2014-05-02,130.1009979248047,131.0,128.6020050048828,129.031982421875,5340.0,0.0,0.0,
2014-05-05,129.5,130.3990020751953,129.0010070800781,129.5240020751953,21920.0,0.0,0.0,
2014-05-06,130.0,130.9949951171875,129.1999969482422,130.4319915771484,6540.0,0.0,0.0,
2014-05-07,129.8999938964844,130.9940032958984,128.25,129.093017578125,20230.0,0.0,0.0,
2014-05-08,130.5,131.0,129.5509948730469,130.8560028076172,12530.0,0.0,0.0,
2014-05-09,130.8999938964844,139.4989929199219,130.5010070800781,137.9400024414062,44260.0,0.0,0.0,
2014-05-12,138.6000061035156,143.4900054931641,138.6000061035156,141.1430053710938,135700.0,0.0,0.0,
2014-05-13,142.5,143.8990020751953,141.0,141.6900024414062,96010.0,0.0,0.0,
2014-05-14,140.8000030517578,143.4989929199219,140.2599945068359,142.7480010986328,399560.0,0.0,0.0,
2014-05-15,142.8699951171875,143.6999969482422,141.2250061035156,142.3139953613281,30160.0,0.0,0.0,
2014-05-16,169.5,169.5,145.1100006103516,148.322998046875,182170.0,0.0,0.0,
2014-05-19,153.0,157.8800048828125,150.3099975585938,152.6260070800781,44360.0,0.0,0.0,
2014-05-20,154.6799926757812,154.6799926757812,151.1999969482422,152.5480041503906,107240.0,0.0,0.0,
2014-05-21,152.5,152.7740020751953,149.5,150.2259979248047,64220.0,0.0,0.0,
2014-05-22,151.0,153.6300048828125,150.1000061035156,151.7610015869141,25820.0,0.0,0.0,
2014-05-23,151.5,154.0,150.9250030517578,153.2239990234375,39660.0,0.0,0.0,
2014-05-26,147.5,156.1000061035156,147.5,151.6889953613281,22770.0,0.0,0.0,
2014-05-27,151.5299987792969,152.8939971923828,148.9900054931641,150.9969940185547,40860.0,0.0,0.0,
2014-05-28,151.4019927978516,151.6300048828125,150.2100067138672,151.0829925537109,8120.0,0.0,0.0,
2014-05-29,151.0,152.39599609375,150.0,150.4510040283203,16090.0,0.0,0.0,
2014-05-30,149.8999938964844,150.5,146.1600036621094,148.1860046386719,54940.0,0.0,0.0,
2014-06-02,150.4989929199219,153.8500061035156,148.5,152.8820037841797,16290.0,0.0,0.0,
2014-06-03,154.0,154.4799957275391,152.0,152.2560119628906,42210.0,0.0,0.0,
2014-06-04,152.2599945068359,154.0,151.7969970703125,153.2010040283203,11100.0,0.0,0.0,
2014-06-05,152.322998046875,154.0,152.0099945068359,153.9019927978516,8650.0,0.0,0.0,
2014-06-06,154.6000061035156,155.8800048828125,153.8009948730469,155.5650024414062,20210.0,0.0,0.0,
2014-06-09,157.0,158.7299957275391,156.0,156.0050048828125,16170.0,0.0,0.0,
2014-06-10,156.0749969482422,157.6799926757812,153.7250061035156,155.0440063476562,25900.0,0.0,0.0,
2014-06-11,156.0,165.0,154.1049957275391,154.5570068359375,16010.0,0.0,0.0,
2014-06-12,153.8999938964844,155.4989929199219,153.7200012207031,154.8589935302734,352870.0,0.0,0.0,
2014-06-13,155.5,156.6990051269531,152.1060028076172,153.1139984130859,23650.0,0.0,0.0,
2014-06-16,152.6880035400391,152.6880035400391,149.0099945068359,152.3040008544922,12500.0,0.0,0.0,
2014-06-17,151.6549987792969,156.0,151.0,155.2169952392578,5200.0,0.0,0.0,
2014-06-18,155.0,157.2449951171875,152.5,154.125,10220.0,0.0,0.0,
2014-06-19,155.5899963378906,155.5899963378906,151.5010070800781,152.8379974365234,12180.0,0.0,0.0,
2014-06-20,152.3000030517578,153.875,151.5050048828125,152.3009948730469,5690.0,0.0,0.0,
2014-06-23,152.5,154.1999969482422,152.0010070800781,152.4920043945312,110900.0,0.0,0.0,
2014-06-24,153.6999969482422,155.5700073242188,153.2010040283203,154.7729949951172,40030.0,0.0,0.0,
2014-06-25,154.5,154.9389953613281,154.0,154.552001953125,3310.0,0.0,0.0,
2014-06-26,154.9989929199219,157.2550048828125,154.6000061035156,156.281005859375,7080.0,0.0,0.0,
2014-06-27,156.0,158.0,152.7050018310547,156.7169952392578,9460.0,0.0,0.0,
2014-06-30,156.8000030517578,164.3999938964844,155.5,161.7660064697266,26050.0,0.0,0.0,
2014-07-01,160.0,163.0,155.5549926757812,156.2250061035156,27950.0,0.0,0.0,
2014-07-02,157.0010070800781,157.6990051269531,156.5019989013672,157.0780029296875,35790.0,0.0,0.0,
2014-07-03,157.1100006103516,157.1999969482422,156.0,156.1369934082031,16130.0,0.0,0.0,
2014-07-04,156.9900054931641,157.5,154.5,156.9320068359375,38310.0,0.0,0.0,
2014-07-07,157.5,157.5,154.5149993896484,155.031005859375,22770.0,0.0,0.0,
2014-07-08,155.0,158.8800048828125,150.0,151.5070037841797,25760.0,0.0,0.0,
2014-07-09,153.4989929199219,153.4989929199219,147.7070007324219,150.0019989013672,11730.0,0.0,0.0,
2014-07-10,151.697998046875,154.9949951171875,148.0,151.1959991455078,41590.0,0.0,0.0,
2014-07-11,149.1000061035156,151.2989959716797,146.1999969482422,146.8139953613281,14640.0,0.0,0.0,
2014-07-14,147.5,147.8000030517578,145.5,147.0169982910156,10660.0,0.0,0.0,
2014-07-15,148.3000030517578,150.3990020751953,148.0,149.9799957275391,52280.0,0.0,0.0,
2014-07-16,150.0,154.4799957275391,150.0,153.7940063476562,15610.0,0.0,0.0,
2014-07-17,153.1009979248047,154.0,153.0,153.8630065917969,9890.0,0.0,0.0,
2014-07-18,153.0010070800781,156.8800048828125,152.5,155.1009979248047,20890.0,0.0,0.0,
2014-07-21,157.1000061035156,160.0,154.02099609375,154.625,20250.0,0.0,0.0,
2014-07-22,151.0010070800781,155.6999969482422,151.0010070800781,154.9149932861328,6780.0,0.0,0.0,
2014-07-23,155.1999969482422,156.8000030517578,155.1410064697266,156.1999969482422,37360.0,0.0,0.0,
2014-07-24,154.7100067138672,157.3399963378906,154.7100067138672,156.125,7560.0,0.0,0.0,
2014-07-25,155.0,158.3489990234375,154.3009948730469,155.2409973144531,12420.0,0.0,0.0,
2014-07-28,156.0,156.0,152.1260070800781,154.6269989013672,22060.0,0.0,0.0,
2014-07-30,153.0,156.8000030517578,153.0,155.2039947509766,11740.0,0.0,0.0,
2014-07-31,155.5,156.3990020751953,153.6999969482422,153.9859924316406,5210.0,0.0,0.0,
2014-08-01,152.1999969482422,155.8990020751953,152.1210021972656,152.6699981689453,9150.0,0.0,0.0,
2014-08-04,153.3999938964844,154.4949951171875,153.2100067138672,154.1940002441406,13620.0,0.0,0.0,
2014-08-05,154.3300018310547,154.8789978027344,153.4100036621094,153.8719940185547,9370.0,0.0,0.0,
2014-08-06,153.1000061035156,154.3999938964844,151.5549926757812,152.1679992675781,10400.0,0.0,0.0,
2014-08-07,152.9989929199219,152.9989929199219,151.0260009765625,152.3079986572266,6400.0,0.0,0.0,
2014-08-08,150.1009979248047,150.1009979248047,148.5149993896484,148.8800048828125,13130.0,0.0,0.0,
2014-08-11,151.0,151.0,149.5050048828125,149.9420013427734,2920.0,0.0,0.0,
2014-08-12,150.8999938964844,151.5,149.6000061035156,151.343994140625,13090.0,0.0,0.0,
2014-08-13,151.1000061035156,152.1000061035156,149.6000061035156,150.0950012207031,8880.0,0.0,0.0,
2014-08-14,151.8999938964844,152.3600006103516,150.2209930419922,152.1779937744141,23320.0,0.0,0.0,
2014-08-18,152.5,158.3450012207031,152.1999969482422,155.1920013427734,45390.0,0.0,0.0,
2014-08-19,156.0099945068359,157.1000061035156,155.6699981689453,156.35400390625,15880.0,0.0,0.0,
2014-08-20,156.0,159.8999938964844,155.4199981689453,156.2689971923828,14000.0,0.0,0.0,
2014-08-21,155.6000061035156,158.3999938964844,155.6000061035156,157.5599975585938,20790.0,0.0,0.0,
2014-08-22,158.0,159.6199951171875,154.0299987792969,159.2760009765625,109280.0,0.0,0.0,
2014-08-25,159.3000030517578,160.6999969482422,157.375,157.7449951171875,43750.0,0.0,0.0,
2014-08-26,157.7449951171875,157.7449951171875,156.1999969482422,157.39599609375,20380.0,0.0,0.0,
2014-08-27,158.1999969482422,158.8300018310547,157.75,158.4100036621094,13160.0,0.0,0.0,
2014-08-28,158.6999969482422,159.3999938964844,158.302001953125,158.9259948730469,16680.0,0.0,0.0,
2014-09-01,160.0,162.0,159.5,161.4889984130859,18360.0,0.0,0.0,
2014-09-02,162.3999938964844,169.4100036621094,161.0,162.6849975585938,24770.0,0.0,0.0,
2014-09-03,162.3999938964844,163.1999969482422,161.7599945068359,162.3880004882812,54840.0,0.0,0.0,
2014-09-04,162.0,162.1999969482422,160.0119934082031,161.9700012207031,17900.0,0.0,0.0,
2014-09-05,161.8999938964844,162.5449981689453,160.5,160.9859924316406,17220.0,0.0,0.0,
2014-09-08,162.0,163.4989929199219,161.8000030517578,163.1150054931641,23900.0,0.0,0.0,
2014-09-09,163.1000061035156,163.1150054931641,162.2550048828125,163.1150054931641,3950.0,0.0,0.0,
2014-09-10,160.1000061035156,163.4799957275391,160.1000061035156,163.1000061035156,14280.0,0.0,0.0,
2014-09-11,163.5,164.4400024414062,162.1150054931641,163.6159973144531,17170.0,0.0,0.0,
2014-09-12,163.5,164.2350006103516,162.5899963378906,164.1159973144531,4740.0,0.0,0.0,
2014-09-15,163.0,163.8600006103516,162.5,163.1060028076172,13020.0,0.0,0.0,
2014-09-16,162.6000061035156,163.0099945068359,159.6999969482422,160.0279998779297,8020.0,0.0,0.0,
2014-09-17,160.8450012207031,160.8450012207031,159.0299987792969,159.7850036621094,18170.0,0.0,0.0,
2014-09-18,159.6000061035156,164.8399963378906,159.5,162.5829925537109,29060.0,0.0,0.0,
2014-09-19,162.6000061035156,163.0,162.0,162.6640014648438,11030.0,0.0,0.0,
2014-09-22,162.1000061035156,163.4989929199219,159.5249938964844,163.1419982910156,9030.0,0.0,0.0,
2014-09-23,162.5,163.3500061035156,159.8000030517578,160.4640045166016,6840.0,0.0,0.0,
2014-09-24,160.0,160.5800018310547,158.0,159.0379943847656,12940.0,0.0,0.0,
2014-09-25,158.5,158.75,154.0350036621094,154.6670074462891,35920.0,0.0,0.0,
2014-09-26,154.6999969482422,158.8899993896484,153.6000061035156,158.5489959716797,17000.0,0.0,0.0,
2014-09-29,158.5500030517578,162.5,154.3699951171875,156.6390075683594,81410.0,0.0,0.0,
2014-09-30,158.0,158.0,155.1999969482422,155.3139953613281,7530.0,0.0,0.0,
2014-10-01,154.9250030517578,156.5,154.8849945068359,155.4949951171875,12480.0,0.0,0.0,
2014-10-07,155.8000030517578,157.6000061035156,154.5249938964844,155.6000061035156,23420.0,0.0,0.0,
2014-10-08,155.6000061035156,156.5,154.1999969482422,154.7630004882812,49650.0,0.0,0.0,
2014-10-09,156.5,159.6600036621094,155.5050048828125,158.6020050048828,22180.0,0.0,0.0,
2014-10-10,157.5249938964844,157.9989929199219,155.3049926757812,156.1950073242188,10640.0,0.0,0.0,
2014-10-13,155.0,158.8800048828125,154.0099945068359,158.4819946289062,20120.0,0.0,0.0,
2014-10-14,159.3999938964844,159.9750061035156,157.5010070800781,158.5930023193359,20420.0,0.0,0.0,
2014-10-16,158.0,159.5,155.5050048828125,156.3289947509766,18250.0,0.0,0.0,
2014-10-17,157.3999938964844,161.8000030517578,157.3999938964844,160.8179931640625,63440.0,0.0,0.0,
2014-10-20,161.5,163.8480072021484,161.5,162.9069976806641,31530.0,0.0,0.0,
2014-10-21,163.5,165.4989929199219,163.0,164.9660034179688,39750.0,0.0,0.0,
2014-10-22,166.5,167.0,165.0500030517578,165.2590026855469,22170.0,0.0,0.0,
2014-10-27,166.6000061035156,168.3000030517578,162.3000030517578,167.2969970703125,49450.0,0.0,0.0,
2014-10-28,167.5,168.3999938964844,167.2100067138672,167.97900390625,11130.0,0.0,0.0,
2014-10-29,168.3399963378906,170.9989929199219,167.3200073242188,168.031005859375,21980.0,0.0,0.0,
2014-10-30,166.8000030517578,169.5099945068359,166.8000030517578,168.5180053710938,4950.0,0.0,0.0,
2014-10-31,169.9989929199219,173.1000061035156,169.0110015869141,172.4909973144531,24670.0,0.0,0.0,
2014-11-03,172.4909973144531,176.6549987792969,172.4199981689453,175.7720031738281,8280.0,0.0,0.0,
2014-11-05,175.6150054931641,177.9940032958984,174.5410003662109,175.6419982910156,106820.0,0.0,0.0,
2014-11-07,175.6999969482422,176.4949951171875,173.8000030517578,174.7279968261719,13480.0,0.0,0.0,
2014-11-10,175.1349945068359,175.4989929199219,173.5989990234375,174.0,26490.0,0.0,0.0,
2014-11-11,174.7949981689453,176.8390045166016,173.9049987792969,176.0110015869141,22830.0,0.0,0.0,
2014-11-12,175.0,177.9900054931641,175.0,177.2149963378906,9830.0,0.0,0.0,
2014-11-13,178.0,178.0,175.3000030517578,175.7519989013672,30240.0,0.0,0.0,
2014-11-14,175.6300048828125,178.2050018310547,175.2850036621094,177.9960021972656,40760.0,0.0,0.0,
2014-11-17,177.5,178.6999969482422,175.8000030517578,178.2769927978516,12720.0,0.0,0.0,
2014-11-18,176.6349945068359,179.2989959716797,176.6349945068359,178.5980072021484,11700.0,0.0,0.0,
2014-11-19,178.6000061035156,178.8899993896484,177.5,177.8529968261719,10200.0,0.0,0.0,
2014-11-20,178.4989929199219,179.7299957275391,177.0050048828125,178.3289947509766,15090.0,0.0,0.0,
2014-11-21,179.0,184.47900390625,178.5,183.4129943847656,31140.0,0.0,0.0,
2014-11-24,182.5,186.0,182.5,185.6190032958984,9920.0,0.0,0.0,
2014-11-25,185.7989959716797,185.7989959716797,180.4100036621094,182.3450012207031,33290.0,0.0,0.0,
2014-11-26,182.5,183.5,180.5610046386719,181.968994140625,14900.0,0.0,0.0,
2014-11-27,182.0,183.3000030517578,180.5059967041016,181.5480041503906,28710.0,0.0,0.0,
2014-11-28,184.0,188.0,183.8000030517578,187.0189971923828,39860.0,0.0,0.0,
2014-12-01,196.0,196.0,187.1009979248047,187.7790069580078,45690.0,0.0,0.0,
2014-12-02,187.0,187.8489990234375,185.0010070800781,187.1809997558594,22460.0,0.0,0.0,
2014-12-03,187.8000030517578,189.5,187.0099945068359,188.5429992675781,12590.0,0.0,0.0,
2014-12-04,189.6000061035156,194.8000030517578,188.0,190.1569976806641,67010.0,0.0,0.0,
2014-12-05,190.5,190.9949951171875,189.5,190.1869964599609,8140.0,0.0,0.0,
2014-12-08,190.3650054931641,190.9949951171875,187.0,187.6439971923828,21530.0,0.0,0.0,
2014-12-09,187.1009979248047,187.5,184.3699951171875,184.7879943847656,23860.0,0.0,0.0,
2014-12-10,183.1999969482422,187.3999938964844,183.1999969482422,186.89599609375,18210.0,0.0,0.0,
2014-12-11,186.5,186.8000030517578,184.0,185.2259979248047,62820.0,0.0,0.0,
2014-12-12,186.3249969482422,187.4349975585938,184.1649932861328,184.39599609375,35780.0,0.0,0.0,
2014-12-15,182.8999938964844,186.9900054931641,181.0099945068359,186.6289978027344,22120.0,0.0,0.0,
2014-12-16,186.0,186.5050048828125,180.1999969482422,180.8070068359375,53540.0,0.0,0.0,
2014-12-17,181.0,182.8899993896484,177.1300048828125,180.8670043945312,28170.0,0.0,0.0,
2014-12-18,181.0,185.7449951171875,181.0,185.322998046875,27190.0,0.0,0.0,
2014-12-19,186.4750061035156,187.4949951171875,185.8049926757812,186.1959991455078,15580.0,0.0,0.0,
2014-12-22,187.0899963378906,189.5,186.2149963378906,188.7380065917969,53650.0,0.0,0.0,
2014-12-23,189.0700073242188,190.8350067138672,187.5,187.9660034179688,22990.0,0.0,0.0,
2014-12-24,187.5800018310547,190.0,187.5,189.0169982910156,38530.0,0.0,0.0,
2014-12-26,189.6990051269531,189.8800048828125,187.0,187.7729949951172,16300.0,0.0,0.0,
2014-12-29,188.6999969482422,189.6999969482422,186.9199981689453,187.5420074462891,13720.0,0.0,0.0,
2014-12-30,187.1999969482422,189.4400024414062,186.6049957275391,188.8659973144531,10490.0,0.0,0.0,
2014-12-31,189.3899993896484,189.9799957275391,188.8049926757812,189.8459930419922,8720.0,0.0,0.0,
2015-01-01,189.9799957275391,190.0,189.0,189.5659942626953,34500.0,0.0,0.0,
2015-01-02,187.6699981689453,193.2350006103516,187.6699981689453,192.5030059814453,45880.0,0.0,0.0,
2015-01-05,192.5,196.9980010986328,191.6999969482422,192.2640075683594,33950.0,0.0,0.0,
2015-01-06,191.0,191.0,185.5050048828125,186.3070068359375,73520.0,0.0,0.0,
2015-01-07,187.0,188.0,184.1000061035156,184.7590026855469,34490.0,0.0,0.0,
2015-01-08,186.5,188.8000030517578,186.5,188.3450012207031,36920.0,0.0,0.0,
2015-01-09,190.5,194.0,186.8000030517578,187.4629974365234,26630.0,0.0,0.0,
2015-01-12,194.8999938964844,194.8999938964844,187.0500030517578,189.4389953613281,18040.0,0.0,0.0,
2015-01-13,188.1000061035156,190.8000030517578,187.0050048828125,188.1130065917969,27580.0,0.0,0.0,
2015-01-14,188.3999938964844,189.2989959716797,186.5500030517578,187.5119934082031,24000.0,0.0,0.0,
2015-01-15,197.0,197.2449951171875,190.0099945068359,194.0229949951172,50900.0,0.0,0.0,
2015-01-16,190.8000030517578,194.9389953613281,190.8000030517578,193.6130065917969,8620.0,0.0,0.0,
2015-01-19,193.2449951171875,196.0,193.2400054931641,195.406005859375,15950.0,0.0,0.0,
2015-01-20,195.3999938964844,199.2449951171875,195.3999938964844,198.4190063476562,26530.0,0.0,0.0,
2015-01-21,198.0050048828125,201.1999969482422,198.0,200.7550048828125,18360.0,0.0,0.0,
2015-01-22,201.0,201.0800018310547,199.1999969482422,200.5820007324219,14120.0,0.0,0.0,
2015-01-23,201.5,203.0,201.5,202.2559967041016,19350.0,0.0,0.0,
2015-01-27,202.5,206.9900054931641,201.2149963378906,206.4680023193359,50360.0,0.0,0.0,
2015-01-28,206.3600006103516,209.8849945068359,205.4049987792969,206.197998046875,33590.0,0.0,0.0,
2015-01-29,206.0,206.5050048828125,204.6000061035156,206.2779998779297,48400.0,0.0,0.0,
2015-01-30,206.1999969482422,207.8690032958984,199.5,200.9250030517578,48610.0,0.0,0.0,
2015-02-02,200.1000061035156,206.3600006103516,198.3200073242188,202.9909973144531,61630.0,0.0,0.0,
2015-02-03,204.0950012207031,206.3990020751953,195.1000061035156,196.177001953125,58200.0,0.0,0.0,
2015-02-04,196.1799926757812,196.1950073242188,193.2599945068359,194.0570068359375,41380.0,0.0,0.0,
2015-02-05,194.1799926757812,196.6900024414062,191.6000061035156,192.6190032958984,69980.0,0.0,0.0,
2015-02-06,192.6000061035156,192.9900054931641,189.5,190.1159973144531,41980.0,0.0,0.0,
2015-02-09,190.0,190.0,186.1100006103516,186.4210052490234,34230.0,0.0,0.0,
2015-02-10,185.0,191.5,185.0,189.572998046875,1299710.0,0.0,0.0,
2015-02-11,190.5,193.5,190.1000061035156,191.3849945068359,60280.0,0.0,0.0,
2015-02-12,191.4550018310547,194.3500061035156,189.4949951171875,193.47900390625,44660.0,0.0,0.0,
2015-02-13,193.2050018310547,196.9349975585938,193.2050018310547,196.1239929199219,32950.0,0.0,0.0,
2015-02-16,196.0,197.7850036621094,193.6600036621094,194.75,27970.0,0.0,0.0,
2015-02-18,195.0,196.0249938964844,193.0,195.3390045166016,57860.0,0.0,0.0,
2015-02-19,195.0,196.2449951171875,189.6999969482422,192.4259948730469,220790.0,0.0,0.0,
2015-02-20,192.0,193.9850006103516,190.1049957275391,191.9600067138672,1642070.0,0.0,0.0,
2015-02-23,192.0549926757812,192.6999969482422,189.0,190.3280029296875,5040130.0,0.0,0.0,
2015-02-24,189.0,190.6999969482422,187.6660003662109,189.8789978027344,5051200.0,0.0,0.0,
2015-02-25,191.1999969482422,191.4949951171875,187.6000061035156,188.2070007324219,740370.0,0.0,0.0,
2015-02-26,188.5,188.5,186.0,186.3849945068359,5041640.0,0.0,0.0,
2015-02-27,188.0,192.0,187.5050048828125,191.3520050048828,645320.0,0.0,0.0,
2015-02-28,197.158935546875,197.158935546875,197.158935546875,197.158935546875,0.0,0.0,0.0,
2015-03-02,199.5850067138672,201.0,197.8999938964844,200.5090026855469,79610.0,0.0,0.0,
2015-03-03,200.0,200.4949951171875,198.3099975585938,199.9490051269531,31480.0,0.0,0.0,
2015-03-04,204.0,207.0050048828125,195.6699981689453,196.5079956054688,82100.0,0.0,0.0,
2015-03-05,196.8999938964844,199.7689971923828,194.5010070800781,197.9810028076172,50340.0,0.0,0.0,
2015-03-09,197.6999969482422,197.6999969482422,191.5030059814453,192.1529998779297,55460.0,0.0,0.0,
2015-03-10,192.0,193.3990020751953,189.6450042724609,190.7619934082031,1243370.0,0.0,0.0,
2015-03-11,191.5,192.8849945068359,189.8000030517578,191.1159973144531,19970.0,0.0,0.0,
2015-03-12,191.5,193.0,191.5,192.0910034179688,11170.0,0.0,0.0,
2015-03-13,192.8450012207031,193.8000030517578,187.2700042724609,188.4880065917969,45520.0,0.0,0.0,
2015-03-16,189.8990020751953,189.8990020751953,187.5,189.1940002441406,29500.0,0.0,0.0,
2015-03-17,192.0,199.3999938964844,187.9049987792969,191.5279998779297,4301570.0,0.0,0.0,
2015-03-18,190.6009979248047,192.9989929199219,190.2050018310547,191.5559997558594,18420.0,0.0,0.0,
2015-03-19,193.5,193.8990020751953,187.1000061035156,189.1670074462891,2020750.0,0.0,0.0,
2015-03-20,187.1000061035156,188.9989929199219,185.8000030517578,186.9170074462891,29700.0,0.0,0.0,
2015-03-23,188.1399993896484,188.1399993896484,184.1000061035156,184.6369934082031,1248140.0,0.0,0.0,
2015-03-24,183.8899993896484,187.3699951171875,181.9799957275391,184.0570068359375,27390.0,0.0,0.0,
2015-03-25,183.8899993896484,184.8000030517578,181.9799957275391,183.7859954833984,80190.0,0.0,0.0,
2015-03-26,183.0,183.0,179.2980041503906,180.1860046386719,1933810.0,0.0,0.0,
2015-03-27,182.0050048828125,182.0249938964844,177.6999969482422,181.0249938964844,1565590.0,0.0,0.0,
2015-03-30,181.5010070800781,184.0,180.5010070800781,183.2070007324219,23420.0,0.0,0.0,
2015-03-31,184.0,184.97900390625,181.1999969482422,181.3450012207031,33720.0,0.0,0.0,
2015-04-01,181.3450012207031,186.3000030517578,180.6999969482422,185.9779968261719,190710.0,0.0,0.0,
2015-04-06,185.0,186.3999938964844,184.0010070800781,185.7050018310547,42070.0,0.0,0.0,
2015-04-07,186.6999969482422,186.6999969482422,183.5,184.6239929199219,64390.0,0.0,0.0,
2015-04-08,184.4400024414062,185.5,183.0099945068359,184.0650024414062,21390.0,0.0,0.0,
2015-04-09,185.0,188.6390075683594,183.9949951171875,188.2319946289062,72320.0,0.0,0.0,
2015-04-10,188.1999969482422,188.8999938964844,186.9750061035156,187.9640045166016,4944670.0,0.0,0.0,
2015-04-13,187.5,189.2949981689453,187.0970001220703,188.1020050048828,48710.0,0.0,0.0,
2015-04-15,187.1000061035156,190.5599975585938,186.0350036621094,187.2539978027344,49770.0,0.0,0.0,
2015-04-16,187.25,187.3099975585938,184.6649932861328,187.3049926757812,2527580.0,0.0,0.0,
2015-04-17,187.3000030517578,187.3000030517578,183.1999969482422,183.7519989013672,20310.0,0.0,0.0,
2015-04-20,183.8000030517578,185.3000030517578,180.5,181.2140045166016,26970.0,0.0,0.0,
2015-04-21,181.9900054931641,184.3399963378906,180.2010040283203,181.4700012207031,43210.0,0.0,0.0,
2015-04-22,181.6000061035156,183.4049987792969,178.6999969482422,182.5189971923828,26790.0,0.0,0.0,
2015-04-23,185.8000030517578,186.3999938964844,181.5010070800781,182.2760009765625,24950.0,0.0,0.0,
2015-04-24,182.3000030517578,182.3000030517578,179.5,180.1670074462891,7681060.0,0.0,0.0,
2015-04-27,181.8999938964844,181.8999938964844,177.4100036621094,177.6699981689453,72370.0,0.0,0.0,
2015-04-28,179.8800048828125,182.8999938964844,178.1150054931641,182.3769989013672,41510.0,0.0,0.0,
2015-04-29,181.5050048828125,184.0,181.5050048828125,182.7160034179688,23010.0,0.0,0.0,
2015-04-30,182.6049957275391,184.4900054931641,181.6999969482422,184.1380004882812,48410.0,0.0,0.0,
2015-05-04,184.9949951171875,186.8200073242188,183.4600067138672,185.1540069580078,58990.0,0.0,0.0,
2015-05-05,184.8099975585938,185.8000030517578,183.8809967041016,184.4940032958984,285270.0,0.0,0.0,
2015-05-06,184.5,184.5,177.2599945068359,178.6479949951172,912910.0,0.0,0.0,
2015-05-07,179.0,179.9900054931641,172.8000030517578,173.7649993896484,75770.0,0.0,0.0,
2015-05-08,175.0899963378906,178.7980041503906,175.0899963378906,177.0709991455078,1101010.0,0.0,0.0,
2015-05-11,178.9989929199219,181.9450073242188,177.5,181.4530029296875,1145860.0,0.0,0.0,
2015-05-12,181.8999938964844,181.8999938964844,175.5,176.3320007324219,50700.0,0.0,0.0,
2015-05-13,177.5,186.3500061035156,176.6649932861328,180.8659973144531,77490.0,0.0,0.0,
2015-05-14,178.3000030517578,181.4750061035156,178.3000030517578,180.906005859375,28780.0,0.0,0.0,
2015-05-15,181.8500061035156,182.8200073242188,179.2599945068359,181.9589996337891,1638480.0,0.0,0.0,
2015-05-18,183.9949951171875,184.1950073242188,180.1000061035156,183.8289947509766,9440.0,0.0,0.0,
2015-05-19,183.0449981689453,185.0,182.6999969482422,183.4779968261719,90150.0,0.0,0.0,
2015-05-20,183.8399963378906,185.7989959716797,182.5,185.0189971923828,17080.0,0.0,0.0,
2015-05-21,185.4989929199219,185.5,183.5,185.0930023193359,17860.0,0.0,0.0,
2015-05-22,184.9989929199219,187.0,182.8000030517578,183.7480010986328,24550.0,0.0,0.0,
2015-05-25,182.9199981689453,184.6999969482422,182.8099975585938,183.2310028076172,11090.0,0.0,0.0,
2015-05-26,183.4940032958984,183.8480072021484,181.8999938964844,183.0749969482422,12510.0,0.0,0.0,
2015-05-27,182.8000030517578,185.6999969482422,182.1000061035156,185.052001953125,12050.0,0.0,0.0,
2015-05-28,184.0899963378906,187.6340026855469,184.0899963378906,185.7559967041016,10310.0,0.0,0.0,
2015-05-29,186.47900390625,187.7850036621094,185.8150024414062,187.1860046386719,42060.0,0.0,0.0,
2015-06-01,187.1849975585938,188.8999938964844,186.0,186.1739959716797,19120.0,0.0,0.0,
2015-06-02,188.6999969482422,200.0,180.1999969482422,180.7570037841797,52790.0,0.0,0.0,
2015-06-03,181.0,181.0,176.0,177.5180053710938,1664270.0,0.0,0.0,
2015-06-04,177.5249938964844,178.7899932861328,175.1950073242188,177.4490051269531,43220.0,0.0,0.0,
2015-06-05,178.5,179.0,175.1000061035156,175.5420074462891,19860.0,0.0,0.0,
2015-06-08,176.4989929199219,176.4989929199219,174.0,174.8470001220703,23840.0,0.0,0.0,
2015-06-09,174.8999938964844,177.3529968261719,174.3999938964844,176.5489959716797,5298520.0,0.0,0.0,
2015-06-10,178.0,179.3000030517578,177.5099945068359,178.8979949951172,11070.0,0.0,0.0,
2015-06-11,178.25,179.5,174.0,174.7160034179688,24040.0,0.0,0.0,
2015-06-12,175.0,176.3690032958984,172.8249969482422,175.9129943847656,34080.0,0.0,0.0,
2015-06-15,174.8000030517578,176.4199981689453,174.6000061035156,175.2989959716797,10330.0,0.0,0.0,
2015-06-16,175.8000030517578,178.0,174.5,176.9609985351562,15270.0,0.0,0.0,
2015-06-17,177.8999938964844,177.9499969482422,176.8000030517578,177.0599975585938,11740.0,0.0,0.0,
2015-06-18,176.5,178.8990020751953,176.5,178.5090026855469,8360.0,0.0,0.0,
2015-06-19,178.5,180.0200042724609,178.125,179.6450042724609,8890.0,0.0,0.0,
2015-06-22,180.6000061035156,184.6950073242188,180.1000061035156,183.8300018310547,33890.0,0.0,0.0,
2015-06-23,184.6000061035156,185.6100006103516,182.1000061035156,184.4470062255859,21340.0,0.0,0.0,
2015-06-24,185.3999938964844,185.6999969482422,183.5,184.5630035400391,136370.0,0.0,0.0,
2015-06-25,183.8990020751953,185.6799926757812,183.5,185.2910003662109,17800.0,0.0,0.0,
2015-06-26,185.0,185.25,183.0,184.781005859375,506300.0,0.0,0.0,
2015-06-29,183.5,183.5,178.5650024414062,182.6849975585938,41640.0,0.0,0.0,
2015-06-30,180.0249938964844,184.8000030517578,176.3699951171875,184.3329925537109,14830.0,0.0,0.0,
2015-07-01,184.3999938964844,187.4900054931641,184.3000030517578,186.2389984130859,87850.0,0.0,0.0,
2015-07-02,185.5,188.0500030517578,185.5,187.1739959716797,4970.0,0.0,0.0,
2015-07-03,187.0989990234375,188.5599975585938,186.6499938964844,187.9530029296875,18980.0,0.0,0.0,
2015-07-06,183.8200073242188,191.1999969482422,182.8099975585938,190.1970062255859,26150.0,0.0,0.0,
2015-07-07,190.8990020751953,191.6000061035156,189.0,189.4299926757812,63490.0,0.0,0.0,
2015-07-08,188.5,189.0,185.3000030517578,186.7380065917969,62990.0,0.0,0.0,
2015-07-09,187.8999938964844,187.8999938964844,185.2649993896484,186.8280029296875,7850.0,0.0,0.0,
2015-07-10,187.8999938964844,189.0,186.7100067138672,188.531005859375,7620.0,0.0,0.0,
2015-07-13,189.5,191.2700042724609,188.8009948730469,190.7910003662109,35150.0,0.0,0.0,
2015-07-14,189.6000061035156,192.0,189.6000061035156,190.3399963378906,25780.0,0.0,0.0,
2015-07-15,190.6999969482422,191.4010009765625,190.0989990234375,190.3990020751953,4660.0,0.0,0.0,
2015-07-16,190.8999938964844,194.7299957275391,190.5010070800781,194.3209991455078,50280.0,0.0,0.0,
2015-07-17,191.6009979248047,194.0,191.6009979248047,193.4900054931641,16440.0,0.0,0.0,
2015-07-20,193.2010040283203,193.5,190.0800018310547,192.0460052490234,2294770.0,0.0,0.0,
2015-07-21,192.6000061035156,192.6000061035156,188.9499969482422,189.1000061035156,14280.0,0.0,0.0,
2015-07-22,189.6999969482422,192.3000030517578,187.6000061035156,191.6629943847656,1512050.0,0.0,0.0,
2015-07-23,192.5,193.6100006103516,189.8049926757812,190.27099609375,387860.0,0.0,0.0,
2015-07-24,190.1999969482422,193.8899993896484,187.1999969482422,187.802001953125,13100.0,0.0,0.0,
2015-07-27,186.3999938964844,187.0449981689453,183.8000030517578,184.375,728120.0,0.0,0.0,
2015-07-28,184.3999938964844,185.6000061035156,184.0,184.6029968261719,41000.0,0.0,0.0,
2015-07-29,185.6999969482422,185.75,184.6000061035156,185.0149993896484,5840.0,0.0,0.0,
2015-07-30,185.5980072021484,186.9900054931641,185.0,185.9869995117188,4790.0,0.0,0.0,
2015-07-31,184.8000030517578,189.8999938964844,184.8000030517578,189.6790008544922,43290.0,0.0,0.0,
2015-08-03,189.5,191.2949981689453,189.5,190.5599975585938,22430.0,0.0,0.0,
2015-08-04,191.0,191.6999969482422,189.0140075683594,191.2330017089844,17650.0,0.0,0.0,
2015-08-05,191.9989929199219,192.3999938964844,190.0,190.5050048828125,12110.0,0.0,0.0,
2015-08-06,191.2590026855469,192.1000061035156,190.0,191.6069946289062,14640.0,0.0,0.0,
2015-08-07,191.7989959716797,191.7989959716797,189.6000061035156,190.3009948730469,167840.0,0.0,0.0,
2015-08-10,189.0249938964844,192.5,189.0249938964844,190.6219940185547,12560.0,0.0,0.0,
2015-08-11,191.5,191.5,187.3999938964844,187.8059997558594,15680.0,0.0,0.0,
2015-08-12,187.2299957275391,187.2299957275391,181.7350006103516,182.0119934082031,72220.0,0.0,0.0,
2015-08-13,184.0,185.0,182.1230010986328,182.9429931640625,137850.0,0.0,0.0,
2015-08-14,184.8000030517578,189.7299957275391,183.5,188.8690032958984,97840.0,0.0,0.0,
2015-08-17,189.7299957275391,190.0149993896484,186.5,189.4049987792969,26040.0,0.0,0.0,
2015-08-18,189.5,190.2790069580078,187.8399963378906,189.0820007324219,8270.0,0.0,0.0,
2015-08-19,188.9940032958984,189.5890045166016,187.6000061035156,188.1540069580078,75520.0,0.0,0.0,
2015-08-20,188.1000061035156,188.5,183.6999969482422,184.5800018310547,32870.0,0.0,0.0,
2015-08-21,184.0,184.0,180.1799926757812,182.3220062255859,34180.0,0.0,0.0,
2015-08-24,180.0,180.0,168.6999969482422,170.0410003662109,206510.0,0.0,0.0,
2015-08-25,170.8999938964844,175.0,169.0,173.4640045166016,117550.0,0.0,0.0,
2015-08-26,172.1999969482422,173.3000030517578,169.9750061035156,171.6100006103516,30940.0,0.0,0.0,
2015-08-27,173.5,174.5,172.0010070800781,173.7539978027344,31970.0,0.0,0.0,
2015-08-28,177.5,177.5,172.8500061035156,174.1439971923828,62600.0,0.0,0.0,
2015-08-31,171.1000061035156,175.0,154.7100067138672,173.4519958496094,97920.0,0.0,0.0,
2015-09-01,170.0,170.8999938964844,166.6600036621094,167.6999969482422,85910.0,0.0,0.0,
2015-09-02,167.6999969482422,170.9499969482422,164.1999969482422,164.8529968261719,72290.0,0.0,0.0,
2015-09-03,167.5,170.8999938964844,165.6009979248047,167.3480072021484,51410.0,0.0,0.0,
2015-09-04,165.9900054931641,165.9900054931641,161.5,163.8139953613281,415340.0,0.0,0.0,
2015-09-07,165.9299926757812,165.9299926757812,159.3009948730469,160.0440063476562,416780.0,0.0,0.0,
2015-09-08,161.8009948730469,166.3000030517578,161.0,165.3719940185547,618590.0,0.0,0.0,
2015-09-09,168.4299926757812,168.6999969482422,165.8000030517578,167.1369934082031,86790.0,0.0,0.0,
2015-09-10,166.8999938964844,168.5,161.1100006103516,167.6439971923828,123410.0,0.0,0.0,
2015-09-11,168.0,169.6600036621094,166.625,167.35400390625,25630.0,0.0,0.0,
2015-09-14,168.9989929199219,170.8000030517578,167.0,170.1889953613281,24480.0,0.0,0.0,
2015-09-15,169.8500061035156,170.6490020751953,168.5010070800781,169.2669982910156,25700.0,0.0,0.0,
2015-09-16,169.9989929199219,171.6849975585938,169.4700012207031,171.0099945068359,14120.0,0.0,0.0,
2015-09-18,167.5299987792969,177.3099975585938,165.0299987792969,175.3200073242188,84260.0,0.0,0.0,
2015-09-21,174.5,176.9499969482422,172.0,176.8049926757812,29730.0,0.0,0.0,
2015-09-22,177.1999969482422,178.0,170.8000030517578,170.8000030517578,46980.0,0.0,0.0,
2015-09-23,170.8999938964844,174.6499938964844,168.2030029296875,174.2480010986328,32840.0,0.0,0.0,
2015-09-24,172.6999969482422,174.2400054931641,172.6000061035156,174.0189971923828,16060.0,0.0,0.0,
2015-09-28,175.0,175.4700012207031,172.1049957275391,172.8159942626953,30250.0,0.0,0.0,
2015-09-29,170.5099945068359,176.1000061035156,168.3000030517578,174.2109985351562,158440.0,0.0,0.0,
2015-09-30,177.0,191.9700012207031,172.8999938964844,173.7220001220703,51630.0,0.0,0.0,
2015-10-01,175.3999938964844,175.3999938964844,172.7259979248047,172.9179992675781,24030.0,0.0,0.0,
2015-10-05,174.6349945068359,178.0,174.6349945068359,177.8459930419922,78910.0,0.0,0.0,
2015-10-06,178.4299926757812,178.5890045166016,176.4880065917969,177.4850006103516,54300.0,0.0,0.0,
2015-10-07,176.4700012207031,177.9799957275391,175.9620056152344,177.4700012207031,16470.0,0.0,0.0,
2015-10-08,177.1999969482422,177.1999969482422,175.3999938964844,176.0749969482422,31850.0,0.0,0.0,
2015-10-09,177.5,179.0249938964844,176.5,177.5059967041016,1042200.0,0.0,0.0,
2015-10-12,178.0,178.6499938964844,176.5659942626953,176.9160003662109,15910.0,0.0,0.0,
2015-10-13,177.7539978027344,177.7599945068359,176.0,177.0149993896484,24290.0,0.0,0.0,
2015-10-14,176.9989929199219,177.3500061035156,176.2389984130859,176.6799926757812,25860.0,0.0,0.0,
2015-10-15,177.0,178.8000030517578,177.0,178.0850067138672,27930.0,0.0,0.0,
2015-10-16,177.5,181.3399963378906,177.3000030517578,181.0140075683594,60120.0,0.0,0.0,
2015-10-19,182.0,185.0,179.6069946289062,179.8639984130859,18900.0,0.0,0.0,
2015-10-20,180.0,180.6699981689453,178.8549957275391,179.7209930419922,9100.0,0.0,0.0,
2015-10-21,180.218994140625,180.3999938964844,176.75,178.1360015869141,18660.0,0.0,0.0,
2015-10-23,179.6000061035156,181.1000061035156,179.3509979248047,180.1479949951172,56860.0,0.0,0.0,
2015-10-26,180.8990020751953,180.8990020751953,179.031005859375,179.3780059814453,29960.0,0.0,0.0,
2015-10-27,179.0090026855469,179.802001953125,178.3000030517578,179.6430053710938,6060.0,0.0,0.0,
2015-10-28,178.3000030517578,179.0,174.7200012207031,175.4550018310547,38270.0,0.0,0.0,
2015-10-29,175.5050048828125,175.5050048828125,173.5899963378906,174.2250061035156,39050.0,0.0,0.0,
2015-10-30,174.0500030517578,175.8500061035156,173.2480010986328,174.6600036621094,26400.0,0.0,0.0,
2015-11-02,174.8500061035156,175.3200073242188,173.1000061035156,174.4129943847656,28200.0,0.0,0.0,
2015-11-03,176.0,176.0,173.8000030517578,174.4909973144531,60260.0,0.0,0.0,
2015-11-04,172.5299987792969,176.1869964599609,169.2599945068359,173.4869995117188,25010.0,0.0,0.0,
2015-11-05,173.0,173.3739929199219,171.0,171.3170013427734,46460.0,0.0,0.0,
2015-11-06,171.218994140625,172.6499938964844,171.0019989013672,172.3880004882812,19830.0,0.0,0.0,
2015-11-09,170.1000061035156,172.25,168.0,171.7149963378906,62790.0,0.0,0.0,
2015-11-10,171.0099945068359,171.6000061035156,169.3500061035156,169.77099609375,29250.0,0.0,0.0,
2015-11-13,157.3950042724609,171.0,157.3950042724609,170.1809997558594,16600.0,0.0,0.0,
2015-11-16,170.8939971923828,173.5,170.7400054931641,172.8919982910156,701540.0,0.0,0.0,
2015-11-17,173.4900054931641,173.9329986572266,171.7109985351562,172.4450073242188,81680.0,0.0,0.0,
2015-11-18,172.0,172.9160003662109,168.8249969482422,169.0449981689453,50130.0,0.0,0.0,
2015-11-19,168.3999938964844,171.9839935302734,168.3999938964844,171.6920013427734,27250.0,0.0,0.0,
2015-11-20,171.6759948730469,173.8399963378906,170.4160003662109,171.5559997558594,114480.0,0.0,0.0,
2015-11-23,171.9140014648438,172.3139953613281,170.8849945068359,171.5359954833984,23420.0,0.0,0.0,
2015-11-24,171.6260070800781,172.0,170.6000061035156,170.6439971923828,2544870.0,0.0,0.0,
2015-11-26,171.0,172.6950073242188,170.8520050048828,171.8200073242188,24080.0,0.0,0.0,
2015-11-27,172.3419952392578,174.8999938964844,172.3419952392578,174.5679931640625,49360.0,0.0,0.0,
2015-11-30,174.5299987792969,175.7899932861328,174.5299987792969,175.2469940185547,43940.0,0.0,0.0,
2015-12-01,175.3549957275391,176.1000061035156,174.5549926757812,175.02099609375,69450.0,0.0,0.0,
2015-12-02,175.6999969482422,175.6999969482422,173.0,173.4340057373047,17930.0,0.0,0.0,
2015-12-03,173.2940063476562,173.5,172.1999969482422,172.4669952392578,5370.0,0.0,0.0,
2015-12-04,171.572998046875,171.572998046875,169.6799926757812,169.6849975585938,6018040.0,0.0,0.0,
2015-12-07,171.5,171.5,170.1999969482422,170.7830047607422,8210.0,0.0,0.0,
2015-12-08,170.75,170.9600067138672,168.8500061035156,169.0140075683594,34800.0,0.0,0.0,
2015-12-09,169.7339935302734,170.2590026855469,167.4299926757812,167.8399963378906,17850.0,0.0,0.0,
2015-12-10,168.7480010986328,168.9539947509766,167.0879974365234,167.8600006103516,55350.0,0.0,0.0,
2015-12-11,168.6490020751953,168.6490020751953,163.5249938964844,164.5690002441406,64700.0,0.0,0.0,
2015-12-14,164.0930023193359,165.6999969482422,163.6999969482422,164.7489929199219,86990.0,0.0,0.0,
2015-12-15,164.8500061035156,166.0,162.5,165.6820068359375,60150.0,0.0,0.0,
2015-12-16,191.9700012207031,191.9700012207031,165.0010070800781,166.6260070800781,44810.0,0.0,0.0,
2015-12-17,168.0,168.6600036621094,166.5099945068359,168.27099609375,151030.0,0.0,0.0,
2015-12-18,168.3999938964844,168.3999938964844,166.9149932861328,167.1920013427734,23220.0,0.0,0.0,
2015-12-21,167.7310028076172,169.25,167.6000061035156,168.8450012207031,21040.0,0.0,0.0,
2015-12-22,165.4810028076172,170.0820007324219,165.4810028076172,168.0959930419922,64280.0,0.0,0.0,
2015-12-23,169.2460021972656,169.8200073242188,169.0650024414062,169.1190032958984,8960.0,0.0,0.0,
2015-12-24,170.9299926757812,170.9299926757812,168.4010009765625,169.6119995117188,9330.0,0.0,0.0,
2015-12-28,169.5,170.9499969482422,169.4210052490234,170.4329986572266,4092770.0,0.0,0.0,
2015-12-29,170.5,171.5,169.8699951171875,170.5809936523438,8134260.0,0.0,0.0,
2015-12-30,173.9900054931641,175.5,169.8000030517578,169.8719940185547,129170.0,0.0,0.0,
2015-12-31,170.3000030517578,170.8699951171875,170.0,170.2599945068359,6750.0,0.0,0.0,
2016-01-01,170.1999969482422,171.8000030517578,169.2599945068359,171.3470001220703,75270.0,0.0,0.0,
2016-01-04,170.3500061035156,170.3999938964844,167.0149993896484,167.2949981689453,67670.0,0.0,0.0,
2016-01-05,167.5,167.75,166.2510070800781,166.8139953613281,35430.0,0.0,0.0,
2016-01-06,166.8000030517578,167.1999969482422,165.1000061035156,165.1239929199219,94420.0,0.0,0.0,
2016-01-07,165.0,165.0,161.6000061035156,161.9799957275391,1622460.0,0.0,0.0,
2016-01-08,163.8890075683594,163.8999938964844,162.1999969482422,162.2680053710938,172750.0,0.0,0.0,
2016-01-11,161.0,162.6799926757812,159.8000030517578,161.52099609375,38460.0,0.0,0.0,
2016-01-12,160.9160003662109,161.5420074462891,158.5599975585938,159.2180023193359,55860.0,0.0,0.0,
2016-01-13,160.0,160.6549987792969,157.1000061035156,160.3809967041016,56190.0,0.0,0.0,
2016-01-14,158.0039978027344,159.5,156.1349945068359,157.1309967041016,67970.0,0.0,0.0,
2016-01-15,156.2760009765625,157.9700012207031,153.4600067138672,154.1569976806641,109250.0,0.0,0.0,
2016-01-18,153.9219970703125,154.5899963378906,151.0700073242188,151.6139984130859,119690.0,0.0,0.0,
2016-01-19,153.2440032958984,154.5,152.3000030517578,153.5639953613281,31460.0,0.0,0.0,
2016-01-20,152.4299926757812,152.4299926757812,148.5099945068359,150.2250061035156,100040.0,0.0,0.0,
2016-01-21,152.1000061035156,154.6000061035156,150.125,151.6549987792969,343790.0,0.0,0.0,
2016-01-22,153.9360046386719,157.0789947509766,153.3690032958984,156.0279998779297,274190.0,0.0,0.0,
2016-01-25,157.0,157.6150054931641,155.64599609375,156.2779998779297,84730.0,0.0,0.0,
2016-01-27,155.6000061035156,157.1999969482422,155.2729949951172,156.1869964599609,28190.0,0.0,0.0,
2016-01-28,156.3950042724609,156.4989929199219,155.1009979248047,155.4290008544922,17430.0,0.0,0.0,
2016-01-29,155.0,156.3999938964844,152.6999969482422,156.1629943847656,30620.0,0.0,0.0,
2016-02-01,156.0619964599609,156.8200073242188,154.1699981689453,154.6849975585938,40780.0,0.0,0.0,
2016-02-02,154.8090057373047,155.6999969482422,151.7279968261719,152.2200012207031,54050.0,0.0,0.0,
2016-02-03,150.3300018310547,150.77099609375,149.0,149.5429992675781,58250.0,0.0,0.0,
2016-02-04,150.6399993896484,151.2790069580078,149.0,150.0090026855469,26640.0,0.0,0.0,
2016-02-05,150.0970001220703,153.3999938964844,150.0970001220703,152.7630004882812,30690.0,0.0,0.0,
2016-02-08,152.6999969482422,154.6399993896484,150.6999969482422,151.4559936523438,47620.0,0.0,0.0,
2016-02-09,149.9299926757812,150.9649963378906,148.5330047607422,149.9839935302734,19320.0,0.0,0.0,
2016-02-10,149.0,149.1499938964844,145.6000061035156,147.1170043945312,449610.0,0.0,0.0,
2016-02-11,146.1199951171875,146.3130035400391,140.8000030517578,141.3639984130859,171380.0,0.0,0.0,
2016-02-12,141.9109954833984,144.8399963378906,139.3000030517578,141.3470001220703,63390.0,0.0,0.0,
2016-02-15,143.2050018310547,146.5899963378906,142.3500061035156,145.7949981689453,38940.0,0.0,0.0,
2016-02-16,145.8000030517578,145.8000030517578,142.2070007324219,142.5010070800781,188830.0,0.0,0.0,
2016-02-17,141.6999969482422,143.5350036621094,139.8000030517578,142.7619934082031,71260.0,0.0,0.0,
2016-02-18,143.7700042724609,144.5,142.5679931640625,143.97900390625,14530.0,0.0,0.0,
2016-02-19,143.5700073242188,144.9750061035156,143.1000061035156,144.3849945068359,18340.0,0.0,0.0,
2016-02-22,145.0,145.3849945068359,144.2400054931641,144.5970001220703,19000.0,0.0,0.0,
2016-02-23,144.3880004882812,144.3880004882812,140.9199981689453,141.2519989013672,15700.0,0.0,0.0,
2016-02-24,140.6380004882812,140.6380004882812,139.0050048828125,139.2559967041016,19660.0,0.0,0.0,
2016-02-25,139.8450012207031,140.1000061035156,136.5110015869141,136.9909973144531,57160.0,0.0,0.0,
2016-02-26,138.0,140.1909942626953,137.0650024414062,139.6080017089844,32440.0,0.0,0.0,
2016-02-29,140.5850067138672,143.0,135.4949951171875,140.8049926757812,71260.0,0.0,0.0,
2016-03-01,142.3200073242188,145.6000061035156,141.8809967041016,145.1929931640625,45790.0,0.0,0.0,
2016-03-02,146.6999969482422,152.5,146.6999969482422,151.9219970703125,86090.0,0.0,0.0,
2016-03-03,151.2480010986328,153.3699951171875,151.1629943847656,152.718994140625,87650.0,0.0,0.0,
2016-03-04,151.5870056152344,155.9400024414062,151.0,154.8179931640625,37430.0,0.0,0.0,
2016-03-08,153.6909942626953,154.3999938964844,151.7790069580078,152.6790008544922,16440.0,0.0,0.0,
2016-03-09,152.0,154.6799926757812,151.1999969482422,154.4640045166016,19290.0,0.0,0.0,
2016-03-10,154.3159942626953,154.8000030517578,152.5850067138672,153.5749969482422,27310.0,0.0,0.0,
2016-03-11,153.0,154.6000061035156,151.5,152.9400024414062,26380.0,0.0,0.0,
2016-03-14,155.0,155.3000030517578,153.7899932861328,154.2790069580078,24080.0,0.0,0.0,
2016-03-15,153.9750061035156,154.9750061035156,153.843994140625,154.6280059814453,12080.0,0.0,0.0,
2016-03-16,154.3419952392578,155.6000061035156,152.6000061035156,155.3919982910156,347950.0,0.0,0.0,
2016-03-17,157.1569976806641,157.5160064697266,153.8000030517578,154.4700012207031,486380.0,0.0,0.0,
2016-03-18,155.4680023193359,157.4799957275391,155.3000030517578,157.1660003662109,23060.0,0.0,0.0,
2016-03-21,157.8600006103516,160.3899993896484,157.8600006103516,160.1230010986328,119760.0,0.0,0.0,
2016-03-22,160.0980072021484,160.4299926757812,158.4100036621094,160.2510070800781,17210.0,0.0,0.0,
2016-03-23,159.8000030517578,160.0319976806641,158.8489990234375,159.5670013427734,17550.0,0.0,0.0,
2016-03-28,159.8079986572266,159.8079986572266,156.4010009765625,156.9799957275391,551700.0,0.0,0.0,
2016-03-29,157.6439971923828,158.3990020751953,156.8999938964844,157.2480010986328,644870.0,0.0,0.0,
2016-03-30,158.8399963378906,162.1999969482422,158.0299987792969,162.0690002441406,68960.0,0.0,0.0,
2016-03-31,162.0,163.5599975585938,161.4550018310547,162.5359954833984,97420.0,0.0,0.0,
2016-04-01,162.3999938964844,163.0,160.8600006103516,162.6360015869141,556370.0,0.0,0.0,
2016-04-04,163.0,163.5,161.5,162.8529968261719,22340.0,0.0,0.0,
2016-04-05,162.1990051269531,162.3999938964844,157.1999969482422,157.5140075683594,140600.0,0.0,0.0,
2016-04-06,157.8999938964844,158.5099945068359,156.5,156.9709930419922,62920.0,0.0,0.0,
2016-04-07,156.8999938964844,158.2790069580078,155.2400054931641,156.3419952392578,36630.0,0.0,0.0,
2016-04-08,156.0,157.3390045166016,155.1860046386719,156.6390075683594,13720.0,0.0,0.0,
2016-04-11,156.8399963378906,159.1999969482422,154.8500061035156,158.6889953613281,29620.0,0.0,0.0,
2016-04-12,159.2599945068359,159.8500061035156,158.5,159.4730072021484,13650.0,0.0,0.0,
2016-04-13,161.2279968261719,163.9900054931641,161.2279968261719,163.1620025634766,123800.0,0.0,0.0,
2016-04-18,161.1699981689453,163.4530029296875,160.4100036621094,162.7359924316406,49130.0,0.0,0.0,
2016-04-20,162.2899932861328,164.3000030517578,162.1999969482422,164.0050048828125,64540.0,0.0,0.0,
2016-04-21,165.25,168.1799926757812,165.25,167.0599975585938,141660.0,0.0,0.0,
2016-04-22,166.2299957275391,168.0,166.0249938964844,167.6860046386719,25260.0,0.0,0.0,
2016-04-25,168.1000061035156,168.4700012207031,166.8899993896484,167.1519927978516,16800.0,0.0,0.0,
2016-04-26,167.3999938964844,170.9589996337891,166.3099975585938,170.7299957275391,66300.0,0.0,0.0,
2016-04-27,171.1999969482422,171.4199981689453,169.1750030517578,169.3630065917969,28240.0,0.0,0.0,
2016-04-28,169.7700042724609,170.822998046875,168.0,168.3260040283203,64490.0,0.0,0.0,
2016-04-29,166.7429962158203,169.8999938964844,166.0,168.5440063476562,40400.0,0.0,0.0,
2016-05-02,167.8869934082031,168.0,165.9629974365234,166.4459991455078,385540.0,0.0,0.0,
2016-05-03,166.5,167.9799957275391,164.1990051269531,164.6849975585938,766810.0,0.0,0.0,
2016-05-04,164.0,165.3000030517578,163.1849975585938,163.4889984130859,23620.0,0.0,0.0,
2016-05-05,163.7400054931641,164.6000061035156,162.8999938964844,163.8150024414062,30890.0,0.0,0.0,
2016-05-06,163.6670074462891,164.0,162.6699981689453,163.5610046386719,94570.0,0.0,0.0,
2016-05-09,164.8919982910156,167.9799957275391,164.3000030517578,167.7100067138672,93270.0,0.0,0.0,
2016-05-10,166.8529968261719,169.4499969482422,166.8529968261719,169.0220031738281,4205860.0,0.0,0.0,
2016-05-11,166.8990020751953,170.0,166.8990020751953,168.6309967041016,742860.0,0.0,0.0,
2016-05-12,168.9100036621094,170.5,168.8000030517578,170.3200073242188,29020.0,0.0,0.0,
2016-05-13,169.0,169.5590057373047,166.8009948730469,168.0010070800781,33850.0,0.0,0.0,
2016-05-16,167.0,168.9550018310547,165.1999969482422,168.6779937744141,58910.0,0.0,0.0,
2016-05-17,169.7489929199219,169.8500061035156,168.3329925537109,168.7579956054688,146610.0,0.0,0.0,
2016-05-18,166.5659942626953,168.4499969482422,166.2079925537109,167.9770050048828,13100.0,0.0,0.0,
2016-05-19,166.8350067138672,168.0,165.8000030517578,166.1280059814453,30400.0,0.0,0.0,
2016-05-20,166.9550018310547,167.1000061035156,165.0599975585938,165.1479949951172,1851970.0,0.0,0.0,
2016-05-23,165.4010009765625,166.3999938964844,164.3000030517578,164.6230010986328,46820.0,0.0,0.0,
2016-05-24,164.5659942626953,165.6450042724609,164.2610015869141,165.1679992675781,757250.0,0.0,0.0,
2016-05-25,166.8009948730469,170.9799957275391,166.8000030517578,170.2870025634766,202220.0,0.0,0.0,
2016-05-26,170.6999969482422,174.8000030517578,169.6600036621094,173.9199981689453,98340.0,0.0,0.0,
2016-05-27,174.14599609375,176.0,173.9199981689453,175.5489959716797,40540.0,0.0,0.0,
2016-05-30,176.0,179.5,175.5,175.7389984130859,130340.0,0.0,0.0,
2016-05-31,176.2319946289062,177.0,175.2910003662109,176.7649993896484,55650.0,0.0,0.0,
2016-06-01,176.8500061035156,177.4420013427734,175.0,175.4400024414062,154880.0,0.0,0.0,
2016-06-02,175.5350036621094,176.6000061035156,174.5,176.4100036621094,43590.0,0.0,0.0,
2016-06-03,177.5,178.3500061035156,176.6510009765625,177.3919982910156,21600.0,0.0,0.0,
2016-06-06,177.3000030517578,178.3090057373047,176.77099609375,177.6190032958984,17720.0,0.0,0.0,
2016-06-07,178.6499938964844,180.8200073242188,177.9349975585938,180.2310028076172,43800.0,0.0,0.0,
2016-06-08,179.9550018310547,184.8999938964844,179.2100067138672,180.5950012207031,112880.0,0.0,0.0,
2016-06-09,180.5,180.5839996337891,179.0,179.8710021972656,20730.0,0.0,0.0,
2016-06-10,179.5509948730469,181.3450012207031,179.0,179.2879943847656,17270.0,0.0,0.0,
2016-06-13,178.9190063476562,178.9190063476562,176.8000030517578,177.1439971923828,14900.0,0.0,0.0,
2016-06-14,181.0,181.0,176.3000030517578,178.3849945068359,8380.0,0.0,0.0,
2016-06-15,178.5,180.1499938964844,177.8249969482422,179.8569946289062,15380.0,0.0,0.0,
2016-06-16,179.0,179.5,177.9499969482422,178.8690032958984,11180.0,0.0,0.0,
2016-06-17,171.7100067138672,180.0,170.5099945068359,178.3500061035156,28550.0,0.0,0.0,
2016-06-20,177.0,179.6999969482422,176.1999969482422,179.02099609375,24180.0,0.0,0.0,
2016-06-21,178.6499938964844,178.8990020751953,177.5,178.10400390625,30230.0,0.0,0.0,
2016-06-22,178.0,178.8950042724609,177.0110015869141,177.89599609375,13330.0,0.0,0.0,
2016-06-23,178.0,180.6999969482422,177.4750061035156,180.3410034179688,330830.0,0.0,0.0,
2016-06-24,176.2489929199219,176.5,171.8999938964844,176.2550048828125,249810.0,0.0,0.0,
2016-06-27,176.0,177.6499938964844,176.0,176.7929992675781,38550.0,0.0,0.0,
2016-06-28,177.1000061035156,178.2299957275391,176.77099609375,177.1869964599609,145840.0,0.0,0.0,
2016-06-29,177.6999969482422,179.1999969482422,177.1999969482422,178.8359985351562,58350.0,0.0,0.0,
2016-06-30,180.0,181.8450012207031,179.0,181.5140075683594,40470.0,0.0,0.0,
2016-07-01,181.6000061035156,182.8999938964844,181.6000061035156,182.2830047607422,39390.0,0.0,0.0,
2016-07-04,182.4909973144531,183.4600067138672,182.4909973144531,182.9980010986328,36190.0,0.0,0.0,
2016-07-05,183.0,183.4920043945312,182.1999969482422,182.5489959716797,9160.0,0.0,0.0,
2016-07-07,183.5,183.6750030517578,182.2480010986328,183.2019958496094,16320.0,0.0,0.0,
2016-07-08,183.5,184.2940063476562,182.0500030517578,182.6399993896484,88330.0,0.0,0.0,
2016-07-11,182.6499938964844,186.6900024414062,182.6499938964844,186.2409973144531,676310.0,0.0,0.0,
2016-07-12,187.0,188.9900054931641,186.5989990234375,188.7429962158203,42100.0,0.0,0.0,
2016-07-13,188.8000030517578,189.2920074462891,187.8000030517578,188.8800048828125,14360.0,0.0,0.0,
2016-07-14,188.0509948730469,191.1900024414062,187.4839935302734,190.6629943847656,23320.0,0.0,0.0,
2016-07-15,190.6009979248047,192.0,190.0010070800781,191.4960021972656,553690.0,0.0,0.0,
2016-07-18,191.9949951171875,193.9589996337891,191.6999969482422,192.0119934082031,30680.0,0.0,0.0,
2016-07-19,192.0,192.4889984130859,190.3549957275391,191.531005859375,22840.0,0.0,0.0,
2016-07-20,191.9980010986328,192.6000061035156,191.3650054931641,192.1210021972656,9110.0,0.0,0.0,
2016-07-21,191.7220001220703,192.0839996337891,188.7480010986328,189.4459991455078,31310.0,0.0,0.0,
2016-07-22,189.2700042724609,189.6000061035156,188.3999938964844,189.0970001220703,8110.0,0.0,0.0,
2016-07-25,188.8999938964844,192.6999969482422,188.1100006103516,192.3150024414062,45060.0,0.0,0.0,
2016-07-26,192.3489990234375,192.4499969482422,190.8000030517578,191.1080017089844,13240.0,0.0,0.0,
2016-07-27,192.0,193.1499938964844,190.7899932861328,192.2619934082031,13820.0,0.0,0.0,
2016-07-28,192.5,194.2400054931641,191.9750061035156,192.6049957275391,44130.0,0.0,0.0,
2016-07-29,191.7570037841797,192.7890014648438,191.281005859375,191.9149932861328,9420.0,0.0,0.0,
2016-08-01,192.8000030517578,193.1000061035156,189.0,190.7420043945312,45470.0,0.0,0.0,
2016-08-02,191.4909973144531,191.5,189.6990051269531,190.0319976806641,537670.0,0.0,0.0,
2016-08-03,189.7250061035156,190.1380004882812,188.3150024414062,189.0070037841797,13770.0,0.0,0.0,
2016-08-04,188.8000030517578,189.2079925537109,186.8049926757812,188.447998046875,18190.0,0.0,0.0,
2016-08-05,190.0930023193359,192.0,190.0200042724609,191.60400390625,20360.0,0.0,0.0,
2016-08-08,191.9309997558594,192.1000061035156,191.3650054931641,191.9720001220703,18380.0,0.0,0.0,
2016-08-09,191.6999969482422,192.1510009765625,190.3350067138672,191.4309997558594,10930.0,0.0,0.0,
2016-08-10,191.7720031738281,192.7330017089844,188.8249969482422,189.7129974365234,7930.0,0.0,0.0,
2016-08-11,188.4279937744141,189.5700073242188,187.4850006103516,189.0130004882812,20780.0,0.0,0.0,
2016-08-12,189.14599609375,191.8639984130859,189.0,191.4980010986328,17610.0,0.0,0.0,
2016-08-16,191.75,192.6990051269531,190.5950012207031,192.1089935302734,15510.0,0.0,0.0,
2016-08-17,192.25,193.5,191.5839996337891,192.8690032958984,20620.0,0.0,0.0,
2016-08-18,193.7989959716797,199.4299926757812,193.3350067138672,197.1670074462891,1899910.0,0.0,0.0,
2016-08-19,197.0,197.2949981689453,196.0,196.9609985351562,9680.0,0.0,0.0,
2016-08-22,197.0249938964844,197.5,194.9309997558594,195.7250061035156,13370.0,0.0,0.0,
2016-08-23,196.0,196.3480072021484,194.8509979248047,195.6940002441406,7240.0,0.0,0.0,
2016-08-24,196.1199951171875,196.3890075683594,195.0,195.5229949951172,6500.0,0.0,0.0,
2016-08-25,192.5,196.7989959716797,190.5,195.4109954833984,6520.0,0.0,0.0,
2016-08-26,195.2469940185547,196.1970062255859,193.5500030517578,194.3659973144531,5370.0,0.0,0.0,
2016-08-29,194.8500061035156,194.8500061035156,193.5500030517578,194.2839965820312,4190.0,0.0,0.0,
2016-08-30,195.3000030517578,197.5249938964844,195.3000030517578,197.4179992675781,16880.0,0.0,0.0,
2016-08-31,198.0,200.4199981689453,198.0,199.7270050048828,51460.0,0.0,0.0,
2016-09-01,203.7200012207031,207.7200012207031,199.6100006103516,199.9709930419922,73740.0,0.0,0.0,
2016-09-02,199.9400024414062,201.6499938964844,199.6999969482422,201.4459991455078,23220.0,0.0,0.0,
2016-09-06,201.5,206.9199981689453,201.5,206.4089965820312,510370.0,0.0,0.0,
2016-09-07,207.0,208.7369995117188,206.2899932861328,206.8670043945312,48810.0,0.0,0.0,
2016-09-08,207.0899963378906,207.375,206.0,206.8609924316406,1061740.0,0.0,0.0,
2016-09-09,206.9889984130859,206.9900054931641,204.0010070800781,205.0039978027344,1534840.0,0.0,0.0,
2016-09-12,202.7100067138672,202.7100067138672,199.4530029296875,200.7969970703125,46530.0,0.0,0.0,
2016-09-14,201.4550018310547,202.3500061035156,200.6629943847656,201.6519927978516,13610.0,0.0,0.0,
2016-09-15,205.6900024414062,209.7200012207031,200.0650024414062,201.1880035400391,35160.0,0.0,0.0,
2016-09-16,202.75,204.875,200.3699951171875,201.7030029296875,49850.0,0.0,0.0,
2016-09-19,201.6999969482422,202.4499969482422,201.1349945068359,202.0,4339300.0,0.0,0.0,
2016-09-20,201.7610015869141,201.7610015869141,200.5379943847656,200.8560028076172,30030.0,0.0,0.0,
2016-09-21,201.3099975585938,202.1799926757812,200.5,200.8690032958984,45590.0,0.0,0.0,
2016-09-22,204.6000061035156,205.4770050048828,202.2010040283203,203.8260040283203,19240.0,0.0,0.0,
2016-09-23,203.1699981689453,203.1940002441406,201.1000061035156,201.8639984130859,31640.0,0.0,0.0,
2016-09-26,200.9850006103516,200.9850006103516,198.5,199.0220031738281,20930.0,0.0,0.0,
2016-09-27,199.8450012207031,199.8450012207031,197.6049957275391,198.0359954833984,12040.0,0.0,0.0,
2016-09-28,198.0359954833984,199.3500061035156,197.0500030517578,199.0870056152344,4490.0,0.0,0.0,
2016-09-29,200.1490020751953,200.6790008544922,194.0,194.9519958496094,60940.0,0.0,0.0,
2016-09-30,196.1280059814453,196.1280059814453,194.0,195.8200073242188,19270.0,0.0,0.0,
2016-10-03,197.3990020751953,198.4299926757812,196.4400024414062,198.0899963378906,27690.0,0.0,0.0,
2016-10-04,198.25,199.6399993896484,197.3200073242188,199.0469970703125,9760.0,0.0,0.0,
2016-10-05,199.6940002441406,200.8280029296875,197.0,198.2830047607422,10360.0,0.0,0.0,
2016-10-06,197.1510009765625,197.9989929199219,195.5749969482422,196.6880035400391,30870.0,0.0,0.0,
2016-10-07,196.7409973144531,197.1089935302734,195.6750030517578,196.3430023193359,913470.0,0.0,0.0,
2016-10-10,197.3690032958984,197.8500061035156,196.3500061035156,197.0420074462891,4290.0,0.0,0.0,
2016-10-13,194.9089965820312,197.5,191.1499938964844,192.1089935302734,31160.0,0.0,0.0,
2016-10-14,192.5700073242188,192.75,191.9040069580078,192.4029998779297,10820.0,0.0,0.0,
2016-10-17,192.8000030517578,194.4850006103516,192.1999969482422,192.7070007324219,10460.0,0.0,0.0,
2016-10-18,193.8849945068359,197.1450042724609,193.5030059814453,196.7169952392578,12860.0,0.0,0.0,
2016-10-19,197.25,197.25,195.625,196.1369934082031,9700.0,0.0,0.0,
2016-10-20,197.3999938964844,199.1999969482422,197.2700042724609,198.4279937744141,20210.0,0.0,0.0,
2016-10-21,198.2599945068359,199.8000030517578,197.4179992675781,199.0579986572266,3970.0,0.0,0.0,
2016-10-24,199.8990020751953,201.0,199.5350036621094,200.0299987792969,11970.0,0.0,0.0,
2016-10-25,200.7799987792969,200.7799987792969,199.2250061035156,200.35400390625,1460.0,0.0,0.0,
2016-10-26,198.6000061035156,199.2799987792969,196.75,197.4450073242188,17810.0,0.0,0.0,
2016-10-27,197.1000061035156,197.8999938964844,195.5,197.5760040283203,15250.0,0.0,0.0,
2016-10-28,197.4080047607422,198.5500030517578,196.8249969482422,197.3979949951172,2650.0,0.0,0.0,
2016-11-01,198.0989990234375,198.1000061035156,196.6999969482422,196.7969970703125,14570.0,0.0,0.0,
2016-11-02,194.9019927978516,195.25,193.7449951171875,194.5469970703125,30680.0,0.0,0.0,
2016-11-03,194.9499969482422,195.4499969482422,193.7550048828125,194.0019989013672,22780.0,0.0,0.0,
2016-11-04,194.0,194.1399993896484,192.0,192.5189971923828,18850.0,0.0,0.0,
2016-11-07,194.3029937744141,196.2319946289062,194.27099609375,195.781005859375,18000.0,0.0,0.0,
2016-11-08,195.7230072021484,197.3000030517578,195.0149993896484,196.9550018310547,31120.0,0.0,0.0,
2016-11-09,185.9600067138672,198.8000030517578,185.9600067138672,198.4579925537109,496630.0,0.0,0.0,
2016-11-10,200.0,207.5,200.0,206.0169982910156,115850.0,0.0,0.0,
2016-11-11,204.5119934082031,205.5,200.1170043945312,200.6109924316406,83440.0,0.0,0.0,
2016-11-15,200.0,201.3789978027344,195.6990051269531,196.3950042724609,194200.0,0.0,0.0,
2016-11-16,198.0,198.0,193.3999938964844,193.6790008544922,50400.0,0.0,0.0,
2016-11-17,197.5500030517578,201.4299926757812,192.8999938964844,193.4570007324219,25640.0,0.0,0.0,
2016-11-18,193.8000030517578,193.9850006103516,191.7850036621094,192.2590026855469,24700.0,0.0,0.0,
2016-11-21,192.5010070800781,192.5010070800781,186.6100006103516,187.3179931640625,87500.0,0.0,0.0,
2016-11-22,189.5,189.5,185.9550018310547,187.7250061035156,206080.0,0.0,0.0,
2016-11-23,188.0010070800781,188.3739929199219,187.0,187.1360015869141,16810.0,0.0,0.0,
2016-11-24,185.5650024414062,187.0,182.125,185.9429931640625,15930.0,0.0,0.0,
2016-11-25,186.9389953613281,187.7489929199219,185.2570037841797,187.3489990234375,28610.0,0.0,0.0,
2016-11-28,184.0,187.1999969482422,184.0,185.3849945068359,33590.0,0.0,0.0,
2016-11-29,185.5,186.8350067138672,184.4750061035156,184.7469940185547,19860.0,0.0,0.0,
2016-11-30,185.6999969482422,188.75,184.9250030517578,188.5070037841797,22330.0,0.0,0.0,
2016-12-01,188.5,189.6990051269531,186.0760040283203,186.5050048828125,1479520.0,0.0,0.0,
2016-12-02,185.5,187.0500030517578,184.3000030517578,185.4600067138672,152230.0,0.0,0.0,
2016-12-05,185.6000061035156,186.6499938964844,184.3000030517578,186.4570007324219,77070.0,0.0,0.0,
2016-12-06,187.802001953125,187.802001953125,185.9429931640625,186.2220001220703,1393860.0,0.0,0.0,
2016-12-07,186.9779968261719,187.8350067138672,181.6549987792969,184.1549987792969,52570.0,0.0,0.0,
2016-12-08,185.4799957275391,187.5,185.3869934082031,187.0299987792969,26540.0,0.0,0.0,
2016-12-09,186.8999938964844,189.1490020751953,186.3390045166016,188.4819946289062,61430.0,0.0,0.0,
2016-12-12,188.2689971923828,188.2689971923828,185.5,185.8220062255859,21530.0,0.0,0.0,
2016-12-13,185.5890045166016,186.8999938964844,185.0,186.7389984130859,7510.0,0.0,0.0,
2016-12-14,185.6139984130859,186.2890014648438,185.1000061035156,185.4109954833984,14230.0,0.0,0.0,
2016-12-15,185.1000061035156,186.89599609375,183.8000030517578,185.6109924316406,23810.0,0.0,0.0,
2016-12-16,185.5,185.5,184.75,185.0420074462891,8080.0,0.0,0.0,
2016-12-19,184.5379943847656,185.4420013427734,184.3500061035156,184.7270050048828,11870.0,0.0,0.0,
2016-12-20,184.8560028076172,184.8829956054688,182.1580047607422,182.5670013427734,40270.0,0.0,0.0,
2016-12-21,183.1000061035156,183.7749938964844,182.6880035400391,182.8990020751953,17400.0,0.0,0.0,
2016-12-22,182.3489990234375,182.3489990234375,180.3999938964844,180.9409942626953,18510.0,0.0,0.0,
2016-12-23,180.5,181.3999938964844,180.4040069580078,180.7830047607422,8690.0,0.0,0.0,
2016-12-26,180.1790008544922,180.3450012207031,177.8000030517578,178.4830017089844,25800.0,0.0,0.0,
2016-12-27,179.0140075683594,180.7799987792969,178.2010040283203,180.2339935302734,30100.0,0.0,0.0,
2016-12-28,180.5500030517578,182.3509979248047,180.0200042724609,180.4980010986328,60170.0,0.0,0.0,
2016-12-29,180.4539947509766,182.4799957275391,180.1660003662109,181.9830017089844,11310.0,0.0,0.0,
2016-12-30,182.0,184.0,182.0,183.4320068359375,17390.0,0.0,0.0,
2017-01-02,183.2209930419922,183.6580047607422,180.8000030517578,181.5579986572266,45590.0,0.0,0.0,
2017-01-03,181.4600067138672,182.9980010986328,180.3580017089844,181.875,25100.0,0.0,0.0,
2017-01-04,182.7299957275391,182.7299957275391,181.1000061035156,181.1000061035156,2570.0,0.0,0.0,
2017-01-05,182.0,183.1990051269531,182.0,182.7359924316406,7100.0,0.0,0.0,
2017-01-06,183.8549957275391,185.9499969482422,183.8000030517578,185.3899993896484,209720.0,0.0,0.0,
2017-01-09,185.1000061035156,185.7700042724609,184.7760009765625,185.6490020751953,179520.0,0.0,0.0,
2017-01-10,185.6490020751953,186.8699951171875,185.2149963378906,186.2769927978516,12950.0,0.0,0.0,
2017-01-11,187.3999938964844,190.5449981689453,187.0500030517578,189.9389953613281,32240.0,0.0,0.0,
2017-01-12,190.3999938964844,191.75,190.1860046386719,191.2799987792969,59180.0,0.0,0.0,
2017-01-13,191.6170043945312,191.7489929199219,190.5529937744141,191.5460052490234,21130.0,0.0,0.0,
2017-01-16,190.7440032958984,193.6000061035156,190.7440032958984,193.2369995117188,36460.0,0.0,0.0,
2017-01-17,195.0,195.0,192.1999969482422,192.9909973144531,43240.0,0.0,0.0,
2017-01-18,193.3500061035156,195.0800018310547,193.3500061035156,193.9170074462891,24610.0,0.0,0.0,
2017-01-19,193.8000030517578,194.0189971923828,192.7400054931641,193.2429962158203,4000.0,0.0,0.0,
2017-01-20,192.9539947509766,193.2899932861328,190.3999938964844,190.6529998779297,8140.0,0.0,0.0,
2017-01-23,190.2200012207031,191.5,189.5099945068359,190.5229949951172,10920.0,0.0,0.0,
2017-01-24,192.0749969482422,192.6799926757812,191.5010070800781,192.5249938964844,67450.0,0.0,0.0,
2017-01-25,193.0,196.8000030517578,193.0,196.322998046875,206550.0,0.0,0.0,
2017-01-27,197.0,199.6999969482422,197.0,199.2779998779297,149660.0,0.0,0.0,
2017-01-30,198.1100006103516,199.625,197.9400024414062,198.0950012207031,10700.0,0.0,0.0,
2017-01-31,197.8000030517578,198.0549926757812,196.4420013427734,197.0740051269531,30980.0,0.0,0.0,
2017-02-01,197.1170043945312,203.1150054931641,197.0500030517578,202.6589965820312,192320.0,0.0,0.0,
2017-02-02,201.8159942626953,204.0,201.4750061035156,203.2969970703125,128380.0,0.0,0.0,
2017-02-03,203.5149993896484,204.6349945068359,202.4349975585938,203.8659973144531,306590.0,0.0,0.0,
2017-02-06,206.3419952392578,206.3419952392578,205.0,205.6990051269531,22760.0,0.0,0.0,
2017-02-07,204.8260040283203,205.9750061035156,204.6000061035156,205.4360046386719,14530.0,0.0,0.0,
2017-02-08,204.8869934082031,205.6999969482422,203.0260009765625,204.1600036621094,42010.0,0.0,0.0,
2017-02-09,205.5319976806641,206.1419982910156,202.0050048828125,203.5379943847656,30570.0,0.0,0.0,
2017-02-10,204.2570037841797,205.0399932861328,203.4499969482422,204.2649993896484,44690.0,0.0,0.0,
2017-02-13,204.6329956054688,204.9989929199219,202.5410003662109,204.9179992675781,34250.0,0.0,0.0,
2017-02-14,205.0,205.0,203.4720001220703,204.5610046386719,493290.0,0.0,0.0,
2017-02-15,204.6999969482422,205.6000061035156,203.3670043945312,203.4360046386719,18350.0,0.0,0.0,
2017-02-16,203.5,204.8659973144531,202.8999938964844,204.3459930419922,31800.0,0.0,0.0,
2017-02-17,208.4299926757812,212.0,206.0260009765625,207.3950042724609,464170.0,0.0,0.0,
2017-02-20,207.4989929199219,209.1799926757812,206.9830017089844,208.7899932861328,10150.0,0.0,0.0,
2017-02-21,208.0619964599609,210.9980010986328,208.0619964599609,210.5460052490234,42560.0,0.0,0.0,
2017-02-22,210.7899932861328,211.5899963378906,210.3399963378906,210.6690063476562,26840.0,0.0,0.0,
2017-02-23,210.2339935302734,211.9450073242188,210.2339935302734,210.5119934082031,25690.0,0.0,0.0,
2017-02-27,210.9080047607422,210.9080047607422,208.2920074462891,208.5540008544922,11880.0,0.0,0.0,
2017-02-28,208.5,209.2799987792969,208.0200042724609,208.3549957275391,7550.0,0.0,0.0,
2017-03-01,209.0140075683594,211.0010070800781,208.8560028076172,210.4609985351562,122490.0,0.0,0.0,
2017-03-02,210.4109954833984,211.0,207.5050048828125,207.8609924316406,18310.0,0.0,0.0,
2017-03-03,207.5989990234375,207.625,206.5,207.2859954833984,14300.0,0.0,0.0,
2017-03-06,208.2409973144531,209.5,208.1710052490234,208.5240020751953,134750.0,0.0,0.0,
2017-03-07,208.5,208.5800018310547,208.1000061035156,208.5800018310547,11360.0,0.0,0.0,
2017-03-08,208.5800018310547,209.0,207.5,208.5829925537109,54960.0,0.0,0.0,
2017-03-09,208.3800048828125,209.8000030517578,208.1900024414062,209.3260040283203,22680.0,0.0,0.0,
2017-03-10,210.0,211.3300018310547,208.9499969482422,209.3860015869141,65700.0,0.0,0.0,
2017-03-14,213.6109924316406,213.9680023193359,212.5,212.9759979248047,34630.0,0.0,0.0,
2017-03-15,213.6349945068359,214.5659942626953,213.0,213.4320068359375,143290.0,0.0,0.0,
2017-03-16,214.0700073242188,214.7200012207031,213.7019958496094,214.5279998779297,980450.0,0.0,0.0,
2017-03-17,214.281005859375,214.2819976806641,213.1999969482422,213.6450042724609,2561350.0,0.0,0.0,
2017-03-20,213.1499938964844,214.1399993896484,212.7369995117188,213.3880004882812,627710.0,0.0,0.0,
2017-03-21,213.3999938964844,213.6499938964844,212.0700073242188,212.9019927978516,656200.0,0.0,0.0,
2017-03-22,211.6499938964844,211.6499938964844,209.9499969482422,210.0989990234375,30370.0,0.0,0.0,
2017-03-23,210.2870025634766,212.0010070800781,209.8739929199219,211.5959930419922,489000.0,0.0,0.0,
2017-03-24,211.8489990234375,214.427001953125,211.3840026855469,213.6340026855469,797660.0,0.0,0.0,
2017-03-27,213.25,213.6499938964844,212.3350067138672,212.7380065917969,81570.0,0.0,0.0,
2017-03-28,213.6809997558594,214.8990020751953,213.0399932861328,214.6470031738281,22590.0,0.0,0.0,
2017-03-29,213.9989929199219,216.4900054931641,213.8059997558594,216.0780029296875,22560.0,0.0,0.0,
2017-03-30,216.1150054931641,217.6999969482422,216.1150054931641,217.2059936523438,255290.0,0.0,0.0,
2017-03-31,221.5500030517578,225.8899993896484,216.6549987792969,216.8569946289062,8210.0,0.0,0.0,
2017-04-03,225.8899993896484,225.8899993896484,216.6499938964844,217.4309997558594,82700.0,0.0,0.0,
2017-04-05,217.1009979248047,219.0,217.1000061035156,218.5489959716797,41310.0,0.0,0.0,
2017-04-06,217.2619934082031,219.1009979248047,217.2619934082031,218.2980041503906,75330.0,0.0,0.0,
2017-04-07,218.1280059814453,218.1589965820312,216.3500061035156,216.625,11290.0,0.0,0.0,
2017-04-10,217.0700073242188,217.6329956054688,216.1499938964844,217.3690032958984,4750.0,0.0,0.0,
2017-04-11,217.75,219.5500030517578,217.1470031738281,219.2610015869141,34450.0,0.0,0.0,
2017-04-12,219.2109985351562,220.0,217.8760070800781,218.6719970703125,35770.0,0.0,0.0,
2017-04-13,218.4750061035156,219.6499938964844,218.4750061035156,219.0760040283203,57270.0,0.0,0.0,
2017-04-17,219.3000030517578,219.5480041503906,218.0,218.5769958496094,12510.0,0.0,0.0,
2017-04-18,218.6660003662109,221.3800048828125,218.6660003662109,219.3480072021484,1619420.0,0.0,0.0,
2017-04-19,219.0,219.0,217.5500030517578,218.3990020751953,15830.0,0.0,0.0,
2017-04-20,217.5500030517578,217.9960021972656,216.6210021972656,217.4850006103516,44680.0,0.0,0.0,
2017-04-21,218.3370056152344,218.3769989013672,216.1000061035156,217.4320068359375,50840.0,0.0,0.0,
2017-04-24,218.0,220.9700012207031,218.0,220.8079986572266,31840.0,0.0,0.0,
2017-04-25,220.8999938964844,223.5,220.8249969482422,222.9320068359375,987240.0,0.0,0.0,
2017-04-26,223.3370056152344,225.0469970703125,223.3370056152344,224.7239990234375,44200.0,0.0,0.0,
2017-04-27,224.4019927978516,225.7449951171875,224.0,225.2030029296875,41990.0,0.0,0.0,
2017-04-28,225.0,225.9720001220703,224.4049987792969,225.7510070800781,125430.0,0.0,0.0,
2017-05-02,225.6999969482422,227.1840057373047,225.2949981689453,226.0720062255859,257200.0,0.0,0.0,
2017-05-03,226.75,226.75,224.6479949951172,224.9250030517578,552100.0,0.0,0.0,
2017-05-04,227.0379943847656,229.4539947509766,226.0410003662109,229.3630065917969,201290.0,0.0,0.0,
2017-05-05,229.5500030517578,229.8999938964844,227.6499938964844,228.2299957275391,22970.0,0.0,0.0,
2017-05-08,229.0489959716797,230.4700012207031,228.4100036621094,230.0050048828125,18000.0,0.0,0.0,
2017-05-09,230.1000061035156,230.3000030517578,228.8500061035156,229.0690002441406,35740.0,0.0,0.0,
2017-05-10,229.3739929199219,230.6100006103516,229.1549987792969,230.1150054931641,49450.0,0.0,0.0,
2017-05-11,230.5879974365234,231.5500030517578,229.7359924316406,229.7879943847656,70180.0,0.0,0.0,
2017-05-12,230.0390014648438,230.3500061035156,227.8390045166016,228.6150054931641,53410.0,0.0,0.0,
2017-05-15,229.3500061035156,230.5500030517578,229.3500061035156,230.1840057373047,547740.0,0.0,0.0,
2017-05-16,230.1799926757812,231.4149932861328,229.4360046386719,231.2279968261719,46550.0,0.0,0.0,
2017-05-17,231.0679931640625,231.5500030517578,230.3650054931641,231.1130065917969,360790.0,0.0,0.0,
2017-05-18,230.0200042724609,230.2689971923828,229.0099945068359,229.1380004882812,45750.0,0.0,0.0,
2017-05-19,229.5500030517578,230.89599609375,228.5099945068359,229.9190063476562,19370.0,0.0,0.0,
2017-05-22,235.0,235.0,228.75,228.843994140625,29240.0,0.0,0.0,
2017-05-23,228.5099945068359,229.4499969482422,226.9499969482422,227.9600067138672,134640.0,0.0,0.0,
2017-05-24,227.8999938964844,228.6900024414062,226.9499969482422,227.3209991455078,17300.0,0.0,0.0,
2017-05-25,228.1999969482422,234.4499969482422,227.8789978027344,233.6990051269531,198330.0,0.0,0.0,
2017-05-26,238.3699951171875,240.7100067138672,233.0500030517578,236.7429962158203,817750.0,0.0,0.0,
2017-05-29,236.5,237.0500030517578,234.5,234.7149963378906,26150.0,0.0,0.0,
2017-05-30,234.5099945068359,236.0099945068359,234.5099945068359,235.9519958496094,60220.0,0.0,0.0,
2017-05-31,236.0149993896484,237.2400054931641,235.3500061035156,236.8950042724609,17630.0,0.0,0.0,
2017-06-01,236.0879974365234,236.4499969482422,235.0,235.6909942626953,11280.0,0.0,0.0,
2017-06-02,236.6750030517578,236.9900054931641,235.9810028076172,236.3890075683594,73690.0,0.0,0.0,
2017-06-05,241.1199951171875,241.1199951171875,236.2109985351562,237.4559936523438,46520.0,0.0,0.0,
2017-06-06,237.2879943847656,237.3390045166016,236.5,236.9019927978516,3670.0,0.0,0.0,
2017-06-07,237.3990020751953,239.0050048828125,237.0410003662109,238.1479949951172,83240.0,0.0,0.0,
2017-06-08,238.7630004882812,238.9600067138672,238.1499938964844,238.3560028076172,227780.0,0.0,0.0,
2017-06-09,238.156005859375,240.0,237.5500030517578,239.6889953613281,17850.0,0.0,0.0,
2017-06-12,239.1000061035156,239.3500061035156,237.4859924316406,237.8710021972656,32690.0,0.0,0.0,
2017-06-13,237.8899993896484,238.4989929199219,237.5099945068359,237.7570037841797,3710.0,0.0,0.0,
2017-06-14,238.0449981689453,238.0449981689453,236.6649932861328,237.3119964599609,8510.0,0.0,0.0,
2017-06-15,236.9499969482422,237.0299987792969,235.8500061035156,236.4459991455078,3880.0,0.0,0.0,
2017-06-16,236.75,237.7949981689453,236.75,237.3630065917969,6660.0,0.0,0.0,
2017-06-19,237.8000030517578,241.0,237.8000030517578,240.7660064697266,349150.0,0.0,0.0,
2017-06-20,236.6000061035156,240.8500061035156,236.6000061035156,240.2689971923828,14190.0,0.0,0.0,
2017-06-21,239.02099609375,240.5500030517578,239.02099609375,240.0500030517578,6830.0,0.0,0.0,
2017-06-22,240.3500061035156,242.4299926757812,240.3500061035156,241.2819976806641,1674950.0,0.0,0.0,
2017-06-23,240.8049926757812,240.8049926757812,237.9499969482422,238.0829925537109,665950.0,0.0,0.0,
2017-06-27,238.1150054931641,239.1499938964844,232.9499969482422,234.7310028076172,1389910.0,0.0,0.0,
2017-06-28,234.1889953613281,235.5720062255859,233.5910034179688,235.4880065917969,81060.0,0.0,0.0,
2017-06-29,236.0500030517578,237.6499938964844,234.4499969482422,235.5449981689453,63820.0,0.0,0.0,
2017-06-30,235.3690032958984,235.5930023193359,233.4499969482422,234.9969940185547,13350.0,0.0,0.0,
2017-07-03,235.0,236.3730010986328,235.0,235.7649993896484,102630.0,0.0,0.0,
2017-07-04,236.3500061035156,236.6499938964844,235.0,235.9539947509766,8910.0,0.0,0.0,
2017-07-05,235.9499969482422,236.8999938964844,235.39599609375,236.7109985351562,6670.0,0.0,0.0,
2017-07-06,237.0099945068359,238.6000061035156,237.0099945068359,238.0440063476562,9020.0,0.0,0.0,
2017-07-07,238.5780029296875,238.5789947509766,237.4040069580078,237.9089965820312,5640.0,0.0,0.0,
2017-07-10,238.1000061035156,239.8999938964844,237.25,239.5590057373047,3040.0,0.0,0.0,
2017-07-11,239.0,240.7830047607422,239.0,239.8560028076172,862720.0,0.0,0.0,
2017-07-12,238.8000030517578,240.6300048828125,238.8000030517578,240.3829956054688,12520.0,0.0,0.0,
2017-07-13,240.0,242.7299957275391,240.0,242.5410003662109,83140.0,0.0,0.0,
2017-07-14,242.5249938964844,242.7570037841797,241.3300018310547,242.3119964599609,777660.0,0.0,0.0,
2017-07-17,242.6139984130859,244.0749969482422,242.5,243.375,1310220.0,0.0,0.0,
2017-07-18,243.6999969482422,244.6999969482422,243.2100067138672,243.5720062255859,79440.0,0.0,0.0,
2017-07-19,243.8999938964844,245.4499969482422,243.8000030517578,245.2070007324219,6160.0,0.0,0.0,
2017-07-20,245.9700012207031,246.2830047607422,245.3710021972656,245.8890075683594,3340.0,0.0,0.0,
2017-07-21,245.3979949951172,246.0509948730469,244.4850006103516,245.8869934082031,23860.0,0.0,0.0,
2017-07-24,250.8000030517578,250.8000030517578,246.25,247.6399993896484,16980.0,0.0,0.0,
2017-07-25,247.5,249.3000030517578,247.5,249.0930023193359,12560.0,0.0,0.0,
2017-07-26,249.4880065917969,250.5,248.7200012207031,250.1089935302734,10010.0,0.0,0.0,
2017-07-27,250.8000030517578,253.8500061035156,250.8000030517578,252.9730072021484,110570.0,0.0,0.0,
2017-07-28,252.5,252.5,250.4179992675781,251.1940002441406,14680.0,0.0,0.0,
2017-07-31,251.3919982910156,254.9799957275391,251.3919982910156,254.4920043945312,90220.0,0.0,0.0,
2017-08-01,254.8000030517578,256.239990234375,254.4100036621094,255.4190063476562,133560.0,0.0,0.0,
2017-08-02,250.0,256.4609985351562,250.0,254.2550048828125,453510.0,0.0,0.0,
2017-08-03,253.7350006103516,253.9349975585938,250.0,250.6000061035156,80690.0,0.0,0.0,
2017-08-04,250.4400024414062,252.4499969482422,249.3150024414062,252.2140045166016,464790.0,0.0,0.0,
2017-08-07,252.0,253.4799957275391,252.0,253.0440063476562,33240.0,0.0,0.0,
2017-08-08,253.1399993896484,253.1399993896484,249.0099945068359,249.7590026855469,118950.0,0.0,0.0,
2017-08-09,249.0460052490234,249.0460052490234,247.6100006103516,248.1369934082031,8530.0,0.0,0.0,
2017-08-10,247.1880035400391,247.2769927978516,245.0,246.1600036621094,18670.0,0.0,0.0,
2017-08-11,243.5659942626953,245.0500030517578,242.2270050048828,242.9550018310547,43640.0,0.0,0.0,
2017-08-14,243.906005859375,245.4499969482422,243.8849945068359,245.0489959716797,51280.0,0.0,0.0,
2017-08-16,245.10400390625,248.3500061035156,243.4499969482422,247.8849945068359,105790.0,0.0,0.0,
2017-08-17,247.2550048828125,248.5249938964844,245.6349945068359,246.7510070800781,7860.0,0.0,0.0,
2017-08-18,244.8000030517578,245.2250061035156,243.4499969482422,245.1100006103516,45590.0,0.0,0.0,
2017-08-21,245.1100006103516,246.0500030517578,243.3370056152344,243.6219940185547,48550.0,0.0,0.0,
2017-08-22,244.1320037841797,244.9499969482422,242.5500030517578,244.1260070800781,96600.0,0.0,0.0,
2017-08-23,244.9499969482422,247.0,244.8000030517578,246.9160003662109,97590.0,0.0,0.0,
2017-08-24,246.5070037841797,247.4499969482422,245.9259948730469,246.6130065917969,12170.0,0.0,0.0,
2017-08-28,247.0420074462891,247.8569946289062,247.0399932861328,247.7850036621094,4930.0,0.0,0.0,
2017-08-29,246.5619964599609,246.8280029296875,244.7250061035156,245.1269989013672,8430.0,0.0,0.0,
2017-08-30,245.9179992675781,247.5919952392578,245.8970031738281,246.9309997558594,5630.0,0.0,0.0,
2017-08-31,246.8829956054688,247.3650054931641,245.75,246.8549957275391,4250.0,0.0,0.0,
2017-09-01,247.0,248.5540008544922,246.9649963378906,247.7720031738281,31460.0,0.0,0.0,
2017-09-04,247.8000030517578,247.9100036621094,245.2949981689453,246.2409973144531,28210.0,0.0,0.0,
2017-09-05,247.8999938964844,251.1699981689453,246.7400054931641,247.2649993896484,4680.0,0.0,0.0,
2017-09-06,245.8350067138672,246.8650054931641,245.3500061035156,246.3339996337891,6430.0,0.0,0.0,
2017-09-07,246.8500061035156,247.75,246.4450073242188,246.5079956054688,43800.0,0.0,0.0,
2017-09-08,247.5299987792969,247.5299987792969,246.4499969482422,247.2070007324219,6090.0,0.0,0.0,
2017-09-11,247.8190002441406,250.5700073242188,247.7830047607422,250.3529968261719,145070.0,0.0,0.0,
2017-09-12,251.0610046386719,251.6000061035156,250.2890014648438,251.2380065917969,14900.0,0.0,0.0,
2017-09-13,251.5180053710938,252.7700042724609,251.031005859375,251.7799987792969,11490.0,0.0,0.0,
2017-09-14,251.9700012207031,253.3190002441406,251.9700012207031,252.8070068359375,44800.0,0.0,0.0,
2017-09-15,251.8890075683594,252.6000061035156,251.7149963378906,252.1349945068359,78840.0,0.0,0.0,
2017-09-18,253.552001953125,254.4499969482422,253.3999938964844,253.9850006103516,24420.0,0.0,0.0,
2017-09-19,253.6710052490234,254.3549957275391,253.593994140625,253.7850036621094,69460.0,0.0,0.0,
2017-09-20,254.0500030517578,254.1750030517578,253.25,253.6329956054688,5470.0,0.0,0.0,
2017-09-21,253.4850006103516,253.4850006103516,250.6640014648438,251.5119934082031,9920.0,0.0,0.0,
2017-09-22,250.0590057373047,250.2200012207031,247.4400024414062,247.8379974365234,15630.0,0.0,0.0,
2017-09-25,247.1479949951172,247.1479949951172,244.3999938964844,245.7149963378906,230890.0,0.0,0.0,
2017-09-26,244.8130035400391,246.7599945068359,244.4550018310547,246.1540069580078,172820.0,0.0,0.0,
2017-09-27,247.14599609375,247.2689971923828,242.0,242.7940063476562,316890.0,0.0,0.0,
2017-09-28,241.6000061035156,243.6089935302734,241.0,242.9539947509766,178830.0,0.0,0.0,
2017-09-29,244.0,246.5839996337891,244.0,244.8589935302734,61730.0,0.0,0.0,
2017-10-03,245.2879943847656,246.0839996337891,244.1499938964844,244.7149963378906,36130.0,0.0,0.0,
2017-10-04,245.0110015869141,246.1499938964844,244.7250061035156,245.1750030517578,15140.0,0.0,0.0,
2017-10-05,245.1999969482422,246.0639953613281,244.4170074462891,244.7539978027344,41780.0,0.0,0.0,
2017-10-06,245.4499969482422,246.6999969482422,245.4499969482422,246.2169952392578,565260.0,0.0,0.0,
2017-10-09,246.6499938964844,247.1600036621094,245.4969940185547,246.1100006103516,171150.0,0.0,0.0,
2017-10-10,246.4750061035156,247.0,246.2100067138672,246.7019958496094,29550.0,0.0,0.0,
2017-10-11,247.1210021972656,248.1950073242188,244.0,244.1269989013672,31950.0,0.0,0.0,
2017-10-12,244.2480010986328,246.8820037841797,243.072998046875,246.7339935302734,269160.0,0.0,0.0,
2017-10-13,247.0599975585938,251.1499938964844,247.0169982910156,250.4080047607422,117010.0,0.0,0.0,
2017-10-16,251.4459991455078,251.6499938964844,248.6499938964844,250.2839965820312,375380.0,0.0,0.0,
2017-10-17,250.3000030517578,251.4550018310547,249.0500030517578,249.7279968261719,48870.0,0.0,0.0,
2017-10-18,248.3260040283203,248.8489990234375,246.1929931640625,246.7870025634766,23460.0,0.0,0.0,
2017-10-19,246.3480072021484,246.3480072021484,242.6219940185547,244.1269989013672,15590.0,0.0,0.0,
2017-10-23,244.1999969482422,244.5899963378906,242.8190002441406,244.2519989013672,23660.0,0.0,0.0,
2017-10-24,245.5500030517578,246.0,244.5229949951172,245.3280029296875,74430.0,0.0,0.0,
2017-10-25,249.5,254.25,249.0099945068359,253.8849945068359,378200.0,0.0,0.0,
2017-10-26,253.6430053710938,255.0500030517578,252.7910003662109,253.7400054931641,22060.0,0.0,0.0,
2017-10-27,253.3840026855469,253.7400054931641,252.0,252.125,27520.0,0.0,0.0,
2017-10-30,252.1999969482422,254.4349975585938,252.1999969482422,254.2870025634766,169920.0,0.0,0.0,
2017-10-31,254.3500061035156,254.9759979248047,253.8269958496094,254.5390014648438,33770.0,0.0,0.0,
2017-11-01,255.6029968261719,258.7000122070312,255.5879974365234,258.1530151367188,344310.0,0.0,0.0,
2017-11-02,257.8500061035156,259.2449951171875,257.5499877929688,257.906005859375,28630.0,0.0,0.0,
2017-11-03,258.5499877929688,260.5599975585938,257.8500061035156,259.9679870605469,8410.0,0.0,0.0,
2017-11-06,259.9079895019531,260.3450012207031,259.1220092773438,259.5339965820312,66630.0,0.0,0.0,
2017-11-07,259.9259948730469,260.25,256.2359924316406,256.4360046386719,1517570.0,0.0,0.0,
2017-11-08,256.75,257.5499877929688,255.1719970703125,255.3999938964844,32490.0,0.0,0.0,
2017-11-09,256.25,257.1499938964844,255.2250061035156,256.4400024414062,28080.0,0.0,0.0,
2017-11-10,256.1069946289062,259.2999877929688,255.9040069580078,257.85400390625,131130.0,0.0,0.0,
2017-11-13,258.3699951171875,260.0,257.5920104980469,257.7959899902344,19950.0,0.0,0.0,
2017-11-14,257.7000122070312,257.9500122070312,256.3500061035156,256.7539978027344,5460.0,0.0,0.0,
2017-11-15,256.7489929199219,257.3500061035156,255.7799987792969,256.4509887695312,4700.0,0.0,0.0,
2017-11-16,256.9500122070312,258.2999877929688,256.5,257.8049926757812,4500.0,0.0,0.0,
2017-11-17,261.4580078125,263.0,261.1499938964844,261.6830139160156,15370.0,0.0,0.0,
2017-11-20,261.0799865722656,261.9949951171875,260.75,261.6969909667969,1680.0,0.0,0.0,
2017-11-21,261.9249877929688,262.7200012207031,261.3900146484375,261.5150146484375,34960.0,0.0,0.0,
2017-11-22,261.75,261.75,260.2650146484375,261.1029968261719,8590.0,0.0,0.0,
2017-11-23,261.0,261.3999938964844,259.7999877929688,260.9429931640625,17260.0,0.0,0.0,
2017-11-24,261.0249938964844,262.5589904785156,261.0249938964844,261.9700012207031,50340.0,0.0,0.0,
2017-11-27,261.3689880371094,263.22900390625,260.9049987792969,262.7630004882812,9390.0,0.0,0.0,
2017-11-28,261.8930053710938,263.5280151367188,261.8500061035156,262.2869873046875,3420.0,0.0,0.0,
2017-11-29,262.0499877929688,262.5499877929688,261.5499877929688,261.6109924316406,63500.0,0.0,0.0,
2017-11-30,261.2000122070312,261.2000122070312,256.9880065917969,257.3330078125,46150.0,0.0,0.0,
2017-12-01,257.3599853515625,257.9570007324219,255.1569976806641,255.6609954833984,29600.0,0.0,0.0,
2017-12-04,256.8689880371094,256.8689880371094,253.8249969482422,255.4640045166016,43290.0,0.0,0.0,
2017-12-05,255.0140075683594,256.1319885253906,253.4539947509766,255.5879974365234,15050.0,0.0,0.0,
2017-12-06,254.7100067138672,254.9299926757812,252.5030059814453,252.8820037841797,136210.0,0.0,0.0,
2017-12-07,253.3249969482422,255.3399963378906,252.8049926757812,254.7640075683594,51300.0,0.0,0.0,
2017-12-08,255.3500061035156,257.0499877929688,255.3500061035156,256.4939880371094,95970.0,0.0,0.0,
2017-12-11,257.3949890136719,258.0299987792969,256.9500122070312,257.385986328125,5860.0,0.0,0.0,
2017-12-12,256.6499938964844,256.6499938964844,254.8249969482422,255.0650024414062,23350.0,0.0,0.0,
2017-12-13,260.1700134277344,260.1700134277344,252.8500061035156,253.5500030517578,60300.0,0.0,0.0,
2017-12-14,254.2790069580078,255.7749938964844,252.5099945068359,255.1139984130859,22780.0,0.0,0.0,
2017-12-15,257.5979919433594,259.260009765625,257.5719909667969,259.1499938964844,394140.0,0.0,0.0,
2017-12-18,256.1489868164062,261.3399963378906,247.9049987792969,259.3590087890625,148060.0,0.0,0.0,
2017-12-19,260.25,260.9500122070312,259.8760070800781,260.5979919433594,120230.0,0.0,0.0,
2017-12-20,259.8550109863281,261.5499877929688,259.8550109863281,260.0190124511719,11730.0,0.0,0.0,
2017-12-21,260.1499938964844,260.8999938964844,259.2999877929688,259.6340026855469,5670.0,0.0,0.0,
2017-12-22,259.5750122070312,260.7300109863281,259.5150146484375,260.14599609375,22960.0,0.0,0.0,
2017-12-26,260.0549926757812,260.6400146484375,259.5,260.2449951171875,12960.0,0.0,0.0,
2017-12-27,260.0,261.2799987792969,258.5299987792969,259.0710144042969,9340.0,0.0,0.0,
2017-12-28,259.3949890136719,259.3949890136719,258.114990234375,258.4719848632812,9180.0,0.0,0.0,
2017-12-29,258.5,259.8320007324219,258.2059936523438,259.6520080566406,6610.0,0.0,0.0,
2018-01-01,259.6099853515625,259.7099914550781,257.1000061035156,257.7820129394531,51370.0,0.0,0.0,
2018-01-02,258.0,258.2449951171875,256.5549926757812,257.1740112304688,5400.0,0.0,0.0,
2018-01-03,257.5050048828125,258.5199890136719,257.489990234375,257.6419982910156,331120.0,0.0,0.0,
2018-01-04,257.8999938964844,259.3429870605469,257.2550048828125,259.1069946289062,55730.0,0.0,0.0,
2018-01-05,258.9500122070312,260.8590087890625,258.9500122070312,260.7279968261719,64310.0,0.0,0.0,
2018-01-08,260.5799865722656,261.75,260.5799865722656,261.114990234375,10580.0,0.0,0.0,
2018-01-09,261.0,261.4249877929688,260.5,260.9649963378906,7020.0,0.0,0.0,
2018-01-10,260.9100036621094,261.0,259.75,260.1029968261719,10110.0,0.0,0.0,
2018-01-11,259.5499877929688,260.9519958496094,259.5,260.5270080566406,9120.0,0.0,0.0,
2018-01-12,260.9700012207031,261.5,259.3320007324219,261.1109924316406,5440.0,0.0,0.0,
2018-01-15,261.5,264.7200012207031,261.5,264.4719848632812,15250.0,0.0,0.0,
2018-01-16,264.5,264.8250122070312,263.6499938964844,264.2409973144531,76880.0,0.0,0.0,
2018-01-17,263.6499938964844,267.2850036621094,263.3320007324219,267.0069885253906,9960.0,0.0,0.0,
2018-01-18,269.239013671875,272.0,268.0,268.7369995117188,19940.0,0.0,0.0,
2018-01-19,269.0,273.8999938964844,269.0,273.4599914550781,13530.0,0.0,0.0,
2018-01-22,273.3999938964844,274.4500122070312,272.5,274.1579895019531,14060.0,0.0,0.0,
2018-01-23,275.1400146484375,278.1849975585938,274.6499938964844,277.7149963378906,38410.0,0.0,0.0,
2018-01-24,277.7000122070312,278.9020080566406,276.6000061035156,277.614990234375,102780.0,0.0,0.0,
2018-01-25,281.8800048828125,281.8800048828125,275.5220031738281,277.9289855957031,103910.0,0.0,0.0,
2018-01-29,278.8989868164062,280.3800048828125,278.4100036621094,278.6889953613281,455130.0,0.0,0.0,
2018-01-30,277.8160095214844,278.0,276.1499938964844,276.5230102539062,20870.0,0.0,0.0,
2018-01-31,276.635009765625,278.1499938964844,275.0499877929688,277.1530151367188,85200.0,0.0,0.0,
2018-02-01,277.1000061035156,279.5,274.6499938964844,275.9989929199219,61600.0,0.0,0.0,
2018-02-02,273.5759887695312,273.7929992675781,267.0,268.2380065917969,1027670.0,0.0,0.0,
2018-02-05,260.5249938964844,266.1000061035156,260.5249938964844,265.3370056152344,103460.0,0.0,0.0,
2018-02-06,256.0150146484375,265.4500122070312,254.1499938964844,262.8059997558594,281030.0,0.0,0.0,
2018-02-07,265.0369873046875,265.0369873046875,260.2000122070312,260.6919860839844,171710.0,0.0,0.0,
2018-02-08,261.0899963378906,265.25,260.5,263.6940002441406,58200.0,0.0,0.0,
2018-02-09,259.5190124511719,260.427001953125,258.1499938964844,259.1929931640625,192430.0,0.0,0.0,
2018-02-12,259.2000122070312,261.8880004882812,259.2000122070312,261.5920104980469,99750.0,0.0,0.0,
2018-02-14,259.25,261.8489990234375,256.9620056152344,258.1759948730469,650370.0,0.0,0.0,
2018-02-15,257.7090148925781,259.8500061035156,256.8349914550781,258.5539855957031,59830.0,0.0,0.0,
2018-02-16,257.0,260.4070129394531,255.6000061035156,256.4240112304688,698820.0,0.0,0.0,
2018-02-19,256.25,256.25,252.5500030517578,254.2350006103516,88940.0,0.0,0.0,
2018-02-20,254.6000061035156,255.4949951171875,252.7850036621094,253.0489959716797,8310.0,0.0,0.0,
2018-02-21,253.6999969482422,253.9089965820312,251.75,253.1239929199219,66290.0,0.0,0.0,
2018-02-22,252.4499969482422,253.8840026855469,252.0249938964844,253.7409973144531,55900.0,0.0,0.0,
2018-02-23,254.5,257.1499938964844,254.5,256.7409973144531,30500.0,0.0,0.0,
2018-02-26,258.7099914550781,261.2999877929688,258.25,260.9880065917969,29480.0,0.0,0.0,
2018-02-27,261.0239868164062,261.0509948730469,257.9500122070312,258.2380065917969,102540.0,0.0,0.0,
2018-02-28,256.0239868164062,256.0239868164062,252.8000030517578,254.6000061035156,1346360.0,0.0,0.0,
2018-03-01,254.4799957275391,255.6499938964844,251.6439971923828,252.1349945068359,39530.0,0.0,0.0,
2018-03-05,251.5,252.2799987792969,250.125,251.7279968261719,47770.0,0.0,0.0,
2018-03-06,252.625,253.8500061035156,247.5,248.3220062255859,12030.0,0.0,0.0,
2018-03-07,247.5,247.6399993896484,244.8999938964844,245.27099609375,103850.0,0.0,0.0,
2018-03-08,245.8639984130859,248.5500030517578,244.0,247.9069976806641,39980.0,0.0,0.0,
2018-03-09,248.1999969482422,248.5500030517578,245.8509979248047,246.531005859375,13900.0,0.0,0.0,
2018-03-12,246.8370056152344,250.2940063476562,246.7899932861328,249.8769989013672,65840.0,0.0,0.0,
2018-03-13,249.6999969482422,253.4499969482422,249.0500030517578,250.8370056152344,164740.0,0.0,0.0,
2018-03-14,249.75,252.0740051269531,248.1000061035156,251.4750061035156,125230.0,0.0,0.0,
2018-03-15,251.9579925537109,252.6999969482422,250.5820007324219,251.0650024414062,63500.0,0.0,0.0,
2018-03-16,250.25,251.25,248.5500030517578,248.9530029296875,103580.0,0.0,0.0,
2018-03-19,249.6170043945312,249.6170043945312,245.5010070800781,245.9940032958984,20660.0,0.0,0.0,
2018-03-20,245.0010070800781,247.0,244.1000061035156,244.822998046875,40490.0,0.0,0.0,
2018-03-21,246.9989929199219,248.2449951171875,245.6020050048828,246.1699981689453,36800.0,0.0,0.0,
2018-03-22,246.2949981689453,246.6450042724609,244.0,245.0480041503906,36320.0,0.0,0.0,
2018-03-23,241.3609924316406,241.8200073242188,239.6999969482422,240.5119934082031,109220.0,0.0,0.0,
2018-03-26,240.0010070800781,246.5500030517578,240.0010070800781,246.0090026855469,95060.0,0.0,0.0,
2018-03-27,246.8209991455078,248.2550048828125,246.5500030517578,247.2169952392578,23420.0,0.0,0.0,
2018-03-28,246.0,247.1499938964844,245.4499969482422,246.5619964599609,9050.0,0.0,0.0,
2018-04-02,245.9510040283203,246.8500061035156,244.4600067138672,245.9550018310547,441240.0,0.0,0.0,
2018-04-03,245.8999938964844,248.3500061035156,245.85400390625,248.1390075683594,24590.0,0.0,0.0,
2018-04-04,248.1540069580078,249.4880065917969,243.8000030517578,244.1450042724609,69740.0,0.0,0.0,
2018-04-05,246.7899932861328,251.3999938964844,246.7899932861328,250.8040008544922,36940.0,0.0,0.0,
2018-04-06,250.3999938964844,252.6999969482422,249.4750061035156,252.0399932861328,55060.0,0.0,0.0,
2018-04-09,252.8260040283203,254.4499969482422,252.5,253.6860046386719,13360.0,0.0,0.0,
2018-04-10,254.5,256.2000122070312,254.5,255.7380065917969,184290.0,0.0,0.0,
2018-04-11,254.8000030517578,255.1199951171875,253.1999969482422,254.6549987792969,66160.0,0.0,0.0,
2018-04-12,254.0639953613281,255.8399963378906,253.6549987792969,255.3280029296875,22380.0,0.0,0.0,
2018-04-13,255.5,257.5,254.7100067138672,256.0799865722656,26140.0,0.0,0.0,
2018-04-16,254.8500061035156,257.1199951171875,254.4120025634766,256.7510070800781,15880.0,0.0,0.0,
2018-04-17,256.260986328125,257.5499877929688,255.8549957275391,257.0580139160156,7390.0,0.0,0.0,
2018-04-18,256.8380126953125,257.5150146484375,254.0850067138672,254.3339996337891,805080.0,0.0,0.0,
2018-04-19,256.7999877929688,256.7999877929688,254.1000061035156,254.9700012207031,22400.0,0.0,0.0,
2018-04-20,254.25,254.5489959716797,252.1999969482422,253.4499969482422,12260.0,0.0,0.0,
2018-04-23,253.5,254.4049987792969,251.1179962158203,252.85400390625,26600.0,0.0,0.0,
2018-04-24,252.85400390625,254.2850036621094,252.8000030517578,254.10400390625,1519740.0,0.0,0.0,
2018-04-25,252.8500061035156,253.5079956054688,250.9499969482422,251.3070068359375,21220.0,0.0,0.0,
2018-04-26,250.8820037841797,253.6999969482422,250.8820037841797,252.7649993896484,9620.0,0.0,0.0,
2018-04-27,253.3609924316406,257.8900146484375,253.3609924316406,256.9819946289062,355810.0,0.0,0.0,
2018-04-30,258.25,260.8290100097656,258.25,259.8269958496094,229270.0,0.0,0.0,
2018-05-02,259.7999877929688,261.5280151367188,259.0010070800781,259.8370056152344,378410.0,0.0,0.0,
2018-05-03,259.4989929199219,260.2950134277344,258.7470092773438,260.1889953613281,83180.0,0.0,0.0,
2018-05-04,260.25,260.4150085449219,259.0,259.9549865722656,3730.0,0.0,0.0,
2018-05-07,260.8500061035156,261.9500122070312,260.2900085449219,261.39599609375,24940.0,0.0,0.0,
2018-05-08,263.25,264.5499877929688,262.8900146484375,264.1640014648438,11360.0,0.0,0.0,
2018-05-09,262.8389892578125,265.0050048828125,262.8389892578125,264.8219909667969,53370.0,0.0,0.0,
2018-05-10,265.489990234375,266.0499877929688,264.2120056152344,264.6640014648438,14530.0,0.0,0.0,
2018-05-11,265.4500122070312,267.7000122070312,264.6489868164062,267.2510070800781,29020.0,0.0,0.0,
2018-05-14,267.2699890136719,268.9450073242188,267.25,268.3930053710938,18640.0,0.0,0.0,
2018-05-15,268.2210083007812,272.885009765625,267.8500061035156,268.6830139160156,29590.0,0.0,0.0,
2018-05-16,266.0910034179688,267.8500061035156,264.75,265.6860046386719,15910.0,0.0,0.0,
2018-05-17,266.3500061035156,266.4490051269531,264.0,264.3819885253906,12230.0,0.0,0.0,
2018-05-18,263.9700012207031,263.9700012207031,262.0,262.3450012207031,29090.0,0.0,0.0,
2018-05-21,263.2250061035156,263.7950134277344,260.2340087890625,260.614990234375,51440.0,0.0,0.0,
2018-05-22,260.7000122070312,262.6700134277344,260.3999938964844,261.0920104980469,19170.0,0.0,0.0,
2018-05-23,260.0,263.3250122070312,260.0,260.5260009765625,1555390.0,0.0,0.0,
2018-05-24,260.5759887695312,263.9049987792969,260.3349914550781,263.3479919433594,12360.0,0.0,0.0,
2018-05-25,264.0490112304688,266.6499938964844,263.9979858398438,266.3359985351562,6740.0,0.0,0.0,
2018-05-28,267.5,270.5,267.5,269.8349914550781,28160.0,0.0,0.0,
2018-05-29,269.1700134277344,269.3999938964844,266.25,266.8359985351562,11600.0,0.0,0.0,
2018-05-30,265.3819885253906,267.8500061035156,264.1499938964844,266.3779907226562,31200.0,0.0,0.0,
2018-05-31,268.8500061035156,275.2000122070312,267.6749877929688,272.9259948730469,85400.0,0.0,0.0,
2018-06-01,272.5690002441406,274.0499877929688,271.0639953613281,271.9949951171875,57930.0,0.0,0.0,
2018-06-04,273.2579956054688,273.4500122070312,267.1069946289062,267.3949890136719,15370.0,0.0,0.0,
2018-06-05,266.5,268.2460021972656,265.8500061035156,267.2040100097656,8280.0,0.0,0.0,
2018-06-06,266.8810119628906,268.8940124511719,266.0,268.0280151367188,31770.0,0.0,0.0,
2018-06-07,269.6499938964844,272.5,269.6499938964844,270.3550109863281,18310.0,0.0,0.0,
2018-06-08,269.4700012207031,269.5499877929688,267.75,269.2619934082031,33510.0,0.0,0.0,
2018-06-11,269.4590148925781,271.1499938964844,268.1409912109375,269.4169921875,8190.0,0.0,0.0,
2018-06-12,270.3760070800781,271.5,269.5350036621094,270.7380065917969,43400.0,0.0,0.0,
2018-06-13,270.5299987792969,272.25,270.2999877929688,270.7950134277344,11560.0,0.0,0.0,
2018-06-14,270.2000122070312,270.739990234375,269.4760131835938,270.18798828125,39220.0,0.0,0.0,
2018-06-15,270.25,270.8500061035156,268.1099853515625,269.1719970703125,740560.0,0.0,0.0,
2018-06-18,268.8150024414062,269.7579956054688,268.2000122070312,269.2579956054688,721420.0,0.0,0.0,
2018-06-19,268.468994140625,268.739990234375,267.0050048828125,267.9010009765625,14580.0,0.0,0.0,
2018-06-20,268.1990051269531,270.9070129394531,268.0,270.7959899902344,48680.0,0.0,0.0,
2018-06-21,271.2489929199219,271.9339904785156,269.0549926757812,269.5549926757812,5050.0,0.0,0.0,
2018-06-22,268.635986328125,272.6499938964844,268.2000122070312,271.8330078125,8340.0,0.0,0.0,
2018-06-25,268.2999877929688,272.5499877929688,252.9889984130859,271.1289978027344,100950.0,0.0,0.0,
2018-06-26,273.0,273.0,270.0499877929688,270.4509887695312,15620.0,0.0,0.0,
2018-06-27,270.2000122070312,270.6799926757812,268.6000061035156,269.3200073242188,231910.0,0.0,0.0,
2018-06-28,268.7999877929688,269.2950134277344,266.3500061035156,267.0020141601562,263490.0,0.0,0.0,
2018-06-29,268.0499877929688,269.1910095214844,267.7999877929688,268.6010131835938,5220.0,0.0,0.0,
2018-07-02,268.0,268.5490112304688,264.989990234375,266.260986328125,851760.0,0.0,0.0,
2018-07-03,266.260986328125,267.3500061035156,265.6000061035156,266.2820129394531,43820.0,0.0,0.0,
2018-07-04,266.0599975585938,269.3200073242188,265.3160095214844,269.1239929199219,492120.0,0.0,0.0,
2018-07-05,269.197998046875,270.0,268.3309936523438,269.0469970703125,44480.0,0.0,0.0,
2018-07-06,269.25,270.0350036621094,269.25,269.7550048828125,7870.0,0.0,0.0,
2018-07-09,270.2000122070312,272.2000122070312,270.2000122070312,271.8290100097656,356740.0,0.0,0.0,
2018-07-10,273.0,275.0,272.5,274.2149963378906,292250.0,0.0,0.0,
2018-07-11,274.1990051269531,275.0,272.0650024414062,273.1860046386719,21720.0,0.0,0.0,
2018-07-12,273.6000061035156,276.7260131835938,273.6000061035156,275.3049926757812,908500.0,0.0,0.0,
2018-07-13,274.7999877929688,275.6499938964844,273.989990234375,274.4970092773438,6280.0,0.0,0.0,
2018-07-16,274.0700073242188,274.0700073242188,271.7000122070312,272.0150146484375,188520.0,0.0,0.0,
2018-07-17,271.8099975585938,274.7999877929688,271.7000122070312,274.60400390625,35210.0,0.0,0.0,
2018-07-18,275.0,276.0,273.1499938964844,273.9920043945312,218280.0,0.0,0.0,
2018-07-19,273.9100036621094,274.75,272.6499938964844,272.9580078125,8430.0,0.0,0.0,
2018-07-20,273.0,274.1650085449219,273.0,273.9939880371094,7220.0,0.0,0.0,
2018-07-23,273.5,274.9949951171875,273.0499877929688,274.0069885253906,1091840.0,0.0,0.0,
2018-07-24,274.7990112304688,275.2000122070312,272.75,274.1830139160156,83520.0,0.0,0.0,
2018-07-25,274.6000061035156,275.1499938964844,273.7200012207031,274.2269897460938,49340.0,0.0,0.0,
2018-07-26,274.3900146484375,279.8500061035156,274.3900146484375,279.4190063476562,1170400.0,0.0,0.0,
2018-07-27,279.8500061035156,281.25,279.4460144042969,280.8009948730469,28900.0,0.0,0.0,
2018-07-30,281.8500061035156,284.1400146484375,280.7489929199219,283.9960021972656,370300.0,0.0,0.0,
2018-07-31,282.9989929199219,283.4150085449219,281.9070129394531,282.4460144042969,404310.0,0.0,0.0,
2018-08-01,280.0,283.4599914550781,279.010009765625,279.9939880371094,676000.0,0.0,0.0,
2018-08-02,280.0,280.0,278.3500061035156,279.2070007324219,418050.0,0.0,0.0,
2018-08-03,280.0490112304688,281.75,280.0,281.5509948730469,7170.0,0.0,0.0,
2018-08-06,282.4129943847656,284.8500061035156,282.4129943847656,284.6659851074219,115570.0,0.0,0.0,
2018-08-07,285.0,285.0,282.8999938964844,284.1019897460938,83620.0,0.0,0.0,
2018-08-08,284.2250061035156,286.1799926757812,283.5,285.6080017089844,15550.0,0.0,0.0,
2018-08-09,286.0,289.072998046875,286.0,288.5929870605469,746960.0,0.0,0.0,
2018-08-10,288.0880126953125,289.2000122070312,286.5499877929688,286.81298828125,358620.0,0.0,0.0,
2018-08-13,285.0,285.7999877929688,282.9500122070312,283.1319885253906,12980.0,0.0,0.0,
2018-08-14,283.0,285.3999938964844,283.0,285.0119934082031,8440.0,0.0,0.0,
2018-08-16,284.0509948730469,285.2619934082031,283.25,283.8909912109375,9520.0,0.0,0.0,
2018-08-17,284.510986328125,286.25,284.5050048828125,285.7999877929688,3950.0,0.0,0.0,
2018-08-20,286.5,288.8200073242188,286.5,288.3429870605469,330050.0,0.0,0.0,
2018-08-21,288.7999877929688,288.8999938964844,287.0499877929688,288.2619934082031,317080.0,0.0,0.0,
2018-08-23,286.6000061035156,288.0190124511719,284.760009765625,285.1210021972656,316350.0,0.0,0.0,
2018-08-24,285.0,286.1499938964844,282.7300109863281,283.1640014648438,230580.0,0.0,0.0,
2018-08-27,285.25,288.7950134277344,284.9750061035156,288.3479919433594,555350.0,0.0,0.0,
2018-08-28,289.4939880371094,289.5,287.5,288.7109985351562,584760.0,0.0,0.0,
2018-08-29,287.25,289.3999938964844,282.8599853515625,288.2330017089844,661550.0,0.0,0.0,
2018-08-30,288.2330017089844,288.2330017089844,285.510009765625,286.4590148925781,631230.0,0.0,0.0,
2018-08-31,285.9190063476562,287.0,285.0,286.2929992675781,269530.0,0.0,0.0,
2018-09-03,286.2999877929688,286.7940063476562,283.510009765625,283.6679992675781,29850.0,0.0,0.0,
2018-09-04,284.0,284.0,279.2850036621094,279.93701171875,221940.0,0.0,0.0,
2018-09-05,285.5400085449219,291.1300048828125,275.9020080566406,278.7699890136719,387740.0,0.0,0.0,
2018-09-06,278.7999877929688,279.9450073242188,277.5499877929688,278.8359985351562,67570.0,0.0,0.0,
2018-09-07,278.2999877929688,279.8099975585938,277.0,279.3420104980469,17380.0,0.0,0.0,
2018-09-10,278.510009765625,280.0,276.5,277.0159912109375,20440.0,0.0,0.0,
2018-09-11,276.2969970703125,278.4540100097656,272.1510009765625,272.2680053710938,181660.0,0.0,0.0,
2018-09-12,271.4280090332031,274.2820129394531,270.1000061035156,273.4639892578125,671430.0,0.0,0.0,
2018-09-14,274.0,277.2300109863281,274.0,276.8970031738281,405680.0,0.0,0.0,
2018-09-17,274.8500061035156,274.8500061035156,272.8500061035156,273.4490051269531,18760.0,0.0,0.0,
2018-09-18,274.3030090332031,274.3030090332031,268.4309997558594,268.5830078125,1216970.0,0.0,0.0,
2018-09-19,269.2009887695312,270.1510009765625,266.8999938964844,267.2269897460938,21280.0,0.0,0.0,
2018-09-21,268.5,269.3900146484375,255.0,262.010986328125,705170.0,0.0,0.0,
2018-09-24,260.0,260.1189880371094,253.5019989013672,254.1820068359375,77640.0,0.0,0.0,
2018-09-25,253.0,259.4800109863281,252.0,258.9819946289062,477950.0,0.0,0.0,
2018-09-26,260.0,260.0780029296875,256.635009765625,258.0190124511719,21430.0,0.0,0.0,
2018-09-27,258.4339904785156,259.0450134277344,254.75,255.4199981689453,18990.0,0.0,0.0,
2018-09-28,257.5190124511719,257.8500061035156,253.0,255.7160034179688,747170.0,0.0,0.0,
2018-10-01,254.5,259.177001953125,251.9299926757812,258.31201171875,852270.0,0.0,0.0,
2018-10-03,256.0400085449219,259.4500122070312,254.8999938964844,255.4190063476562,204810.0,0.0,0.0,
2018-10-04,255.0,255.0,250.0500030517578,253.1150054931641,52290.0,0.0,0.0,
2018-10-05,253.1000061035156,255.5,248.0,250.5610046386719,237310.0,0.0,0.0,
2018-10-08,245.5500030517578,252.3999938964844,245.0,251.7239990234375,60870.0,0.0,0.0,
2018-10-09,252.0,252.3049926757812,248.9230041503906,249.2689971923828,107940.0,0.0,0.0,
2018-10-10,250.1000061035156,258.9559936523438,250.1000061035156,258.5719909667969,235280.0,0.0,0.0,
2018-10-11,251.7200012207031,254.0500030517578,249.8000030517578,252.875,63330.0,0.0,0.0,
2018-10-12,256.2040100097656,259.8500061035156,256.2040100097656,259.0299987792969,82590.0,0.0,0.0,
2018-10-15,258.0,259.0799865722656,256.25,258.7090148925781,15920.0,0.0,0.0,
2018-10-16,258.4989929199219,261.75,258.218994140625,261.2829895019531,1249970.0,0.0,0.0,
2018-10-17,263.0,263.8469848632812,255.5850067138672,256.4819946289062,55230.0,0.0,0.0,
2018-10-19,255.8999938964844,257.489990234375,254.0,255.7369995117188,25450.0,0.0,0.0,
2018-10-22,257.5,259.1000061035156,255.0,255.1499938964844,86920.0,0.0,0.0,
2018-10-23,254.8000030517578,255.6499938964844,252.5910034179688,253.8730010986328,23600.0,0.0,0.0,
2018-10-24,255.8070068359375,257.0,253.8000030517578,255.0290069580078,12980.0,0.0,0.0,
2018-10-25,253.1959991455078,255.0,252.1000061035156,252.9720001220703,70070.0,0.0,0.0,
2018-10-26,252.5899963378906,252.5899963378906,248.5,249.1349945068359,24240.0,0.0,0.0,
2018-10-29,249.9010009765625,254.75,249.0,254.2729949951172,14360.0,0.0,0.0,
2018-10-30,252.0,255.6900024414062,248.0,252.5330047607422,11460.0,0.0,0.0,
2018-10-31,253.3000030517578,256.4500122070312,249.9799957275391,256.3460083007812,211740.0,0.0,0.0,
2018-11-01,256.0,259.4039916992188,255.3070068359375,258.7890014648438,1525270.0,0.0,0.0,
2018-11-02,259.5,263.1499938964844,259.5,262.177001953125,67360.0,0.0,0.0,
2018-11-05,267.4200134277344,270.0,259.6099853515625,262.4200134277344,28160.0,0.0,0.0,
2018-11-06,263.4970092773438,263.8949890136719,260.5,260.5700073242188,13470.0,0.0,0.0,
2018-11-07,262.6000061035156,263.0,262.0,262.3930053710938,2160.0,0.0,0.0,
2018-11-09,261.9169921875,263.4840087890625,261.5,263.093994140625,690210.0,0.0,0.0,
2018-11-12,263.8500061035156,264.3500061035156,260.1000061035156,260.8340148925781,1315780.0,0.0,0.0,
2018-11-13,260.1059875488281,263.0,258.614990234375,262.7250061035156,4110.0,0.0,0.0,
2018-11-14,264.6000061035156,265.5,263.218994140625,264.5020141601562,676030.0,0.0,0.0,
2018-11-15,265.1950073242188,267.0,263.6000061035156,266.9030151367188,141050.0,0.0,0.0,
2018-11-16,266.1000061035156,268.4760131835938,266.1000061035156,268.2170104980469,5796500.0,0.0,0.0,
2018-11-19,266.4219970703125,268.8299865722656,266.4219970703125,268.7770080566406,131150.0,0.0,0.0,
2018-11-20,267.5769958496094,267.9599914550781,266.1520080566406,266.7749938964844,1347940.0,0.0,0.0,
2018-11-21,266.8999938964844,268.4500122070312,266.0,267.7699890136719,527130.0,0.0,0.0,
2018-11-22,268.2099914550781,268.2839965820312,264.0,264.3559875488281,16540.0,0.0,0.0,
2018-11-26,265.0,269.5499877929688,265.0,269.35400390625,2976430.0,0.0,0.0,
2018-11-27,268.8500061035156,270.3099975585938,268.0499877929688,270.1780090332031,2074200.0,0.0,0.0,
2018-11-28,268.4360046386719,271.0480041503906,268.4360046386719,269.9719848632812,806480.0,0.0,0.0,
2018-11-29,271.3380126953125,275.4939880371094,269.9450073242188,275.0759887695312,212770.0,0.0,0.0,
2018-11-30,275.0,276.1300048828125,272.9249877929688,273.6809997558594,57160.0,0.0,0.0,
2018-12-03,275.0,275.2229919433594,273.4100036621094,273.9700012207031,61210.0,0.0,0.0,
2018-12-04,273.8489990234375,273.8489990234375,271.0599975585938,271.7460021972656,21220.0,0.0,0.0,
2018-12-05,271.447998046875,271.447998046875,268.6789855957031,268.9349975585938,438930.0,0.0,0.0,
2018-12-06,268.0,268.0,265.7000122070312,266.0830078125,78400.0,0.0,0.0,
2018-12-07,267.6419982910156,272.1000061035156,266.6589965820312,271.0530090332031,179950.0,0.0,0.0,
2018-12-10,267.75,268.5,265.9249877929688,266.3150024414062,60040.0,0.0,0.0,
2018-12-11,264.0,267.7139892578125,261.1400146484375,267.0090026855469,3518050.0,0.0,0.0,
2018-12-12,267.7999877929688,271.9779968261719,267.7839965820312,271.1749877929688,85700.0,0.0,0.0,
2018-12-13,272.5,274.8200073242188,271.75,273.3330078125,24020.0,0.0,0.0,
2018-12-14,272.010009765625,274.0499877929688,272.0,273.7529907226562,132230.0,0.0,0.0,
2018-12-17,274.0,274.8349914550781,273.75,274.4760131835938,48870.0,0.0,0.0,
2018-12-18,273.25,276.5,273.25,275.9519958496094,20530.0,0.0,0.0,
2018-12-19,276.8829956054688,277.8500061035156,276.6600036621094,277.3930053710938,33840.0,0.0,0.0,
2018-12-20,275.9599914550781,277.25,275.5,276.68798828125,19890.0,0.0,0.0,
2018-12-21,277.3900146484375,278.6499938964844,271.8599853515625,273.8580017089844,29050.0,0.0,0.0,
2018-12-24,274.0,274.3900146484375,272.1950073242188,272.7369995117188,1239670.0,0.0,0.0,
2018-12-26,271.2000122070312,275.8399963378906,269.0,275.5799865722656,595870.0,0.0,0.0,
2018-12-27,275.7349853515625,277.0559997558594,273.25,274.197998046875,881670.0,0.0,0.0,
2018-12-28,275.7489929199219,277.4530029296875,275.2940063476562,276.8829956054688,1167030.0,0.0,0.0,
2018-12-31,277.7000122070312,278.0979919433594,276.0,276.8890075683594,93880.0,0.0,0.0,
2019-01-01,278.0,279.7879943847656,275.0499877929688,279.3900146484375,45390.0,0.0,0.0,
2019-01-02,279.2999877929688,279.4609985351562,276.2999877929688,277.1960144042969,72270.0,0.0,0.0,
2019-01-03,277.1199951171875,277.2170104980469,274.6749877929688,274.9460144042969,134290.0,0.0,0.0,
2019-01-04,275.7950134277344,278.0,274.2850036621094,277.4750061035156,36250.0,0.0,0.0,
2019-01-07,279.6499938964844,279.75,277.5350036621094,278.7439880371094,33660.0,0.0,0.0,
2019-01-08,278.5650024414062,280.989013671875,276.4100036621094,280.7739868164062,143780.0,0.0,0.0,
2019-01-09,281.3999938964844,282.9500122070312,279.9500122070312,282.8030090332031,7001220.0,0.0,0.0,
2019-01-10,281.5499877929688,282.1499938964844,280.3829956054688,281.0150146484375,27730.0,0.0,0.0,
2019-01-11,281.4599914550781,281.6180114746094,279.2999877929688,279.8800048828125,32130.0,0.0,0.0,
2019-01-14,279.8800048828125,279.8800048828125,277.10400390625,277.9519958496094,16530.0,0.0,0.0,
2019-01-15,278.2000122070312,279.9819946289062,278.2000122070312,279.572998046875,1019750.0,0.0,0.0,
2019-01-16,280.1950073242188,281.1000061035156,279.5,280.4660034179688,4619580.0,0.0,0.0,
2019-01-17,280.7000122070312,281.5,278.8219909667969,280.6270141601562,2126170.0,0.0,0.0,
2019-01-18,281.1780090332031,281.1780090332031,279.635009765625,279.843994140625,17270.0,0.0,0.0,
2019-01-21,284.8999938964844,284.8999938964844,278.1050109863281,279.6109924316406,126360.0,0.0,0.0,
2019-01-22,278.5150146484375,279.8550109863281,278.5150146484375,279.3460083007812,22730.0,0.0,0.0,
2019-01-23,284.9299926757812,290.5199890136719,275.1050109863281,277.8869934082031,29220.0,0.0,0.0,
2019-01-24,278.0,278.3999938964844,276.2449951171875,277.4849853515625,423480.0,0.0,0.0,
2019-01-25,278.5,279.0499877929688,275.6000061035156,276.114013671875,11670.0,0.0,0.0,
2019-01-28,276.0759887695312,276.0759887695312,270.2760009765625,271.0820007324219,822740.0,0.0,0.0,
2019-01-29,270.1700134277344,272.2120056152344,268.864990234375,271.5840148925781,30600.0,0.0,0.0,
2019-01-30,272.2000122070312,274.43701171875,271.5,273.4630126953125,322720.0,0.0,0.0,
2019-01-31,277.0,278.25,272.8800048828125,277.9219970703125,266490.0,0.0,0.0,
2019-02-01,283.4800109863281,289.0400085449219,274.75,276.4970092773438,416070.0,0.0,0.0,
2019-02-04,282.0299987792969,287.5599975585938,273.7999877929688,276.1199951171875,125120.0,0.0,0.0,
2019-02-05,277.4500122070312,277.9450073242188,276.5,277.3009948730469,9020.0,0.0,0.0,
2019-02-06,276.5,278.8999938964844,276.5,278.0299987792969,1485440.0,0.0,0.0,
2019-02-07,278.4150085449219,280.0790100097656,278.1499938964844,278.5130004882812,105430.0,0.0,0.0,
2019-02-08,272.9400024414062,279.6000061035156,272.489990234375,276.8399963378906,71750.0,0.0,0.0,
2019-02-11,276.5,277.5,276.2510070800781,276.93701171875,77370.0,0.0,0.0,
2019-02-12,278.0069885253906,278.02099609375,274.5,274.9830017089844,25390.0,0.0,0.0,
2019-02-14,273.7000122070312,274.9450073242188,272.7000122070312,274.0029907226562,12080.0,0.0,0.0,
2019-02-15,274.4580078125,274.4580078125,270.5780029296875,272.4909973144531,9830.0,0.0,0.0,
2019-02-18,274.7699890136719,274.7699890136719,271.4909973144531,271.81298828125,573430.0,0.0,0.0,
2019-02-19,275.0150146484375,275.0150146484375,270.7999877929688,271.4039916992188,173130.0,0.0,0.0,
2019-02-20,273.1990051269531,274.2789916992188,272.25,273.8619995117188,53230.0,0.0,0.0,
2019-02-21,284.8200073242188,284.8200073242188,274.2149963378906,274.7699890136719,7050.0,0.0,0.0,
2019-02-22,274.2000122070312,275.0299987792969,272.7940063476562,273.2919921875,4730.0,0.0,0.0,
2019-02-25,274.4500122070312,276.8169860839844,274.1000061035156,275.93798828125,15670.0,0.0,0.0,
2019-02-26,273.2000122070312,276.75,272.3500061035156,274.8200073242188,1169580.0,0.0,0.0,
2019-02-27,276.4500122070312,276.4500122070312,272.3999938964844,272.8340148925781,8270.0,0.0,0.0,
2019-02-28,274.4490051269531,274.4949951171875,273.2260131835938,273.5660095214844,345050.0,0.0,0.0,
2019-03-01,274.2330017089844,275.4540100097656,274.2030029296875,275.0679931640625,93260.0,0.0,0.0,
2019-03-05,275.1000061035156,280.1799926757812,273.9920043945312,279.8399963378906,111770.0,0.0,0.0,
2019-03-06,279.5499877929688,281.3999938964844,279.5499877929688,280.5840148925781,52960.0,0.0,0.0,
2019-03-07,280.5,282.4500122070312,280.0,282.052001953125,34260.0,0.0,0.0,
2019-03-08,280.8030090332031,282.6000061035156,280.8030090332031,282.1029968261719,16630.0,0.0,0.0,
2019-03-11,280.0650024414062,285.2900085449219,280.0650024414062,284.7789916992188,20380.0,0.0,0.0,
2019-03-12,279.0799865722656,290.1830139160156,273.3900146484375,290.0079956054688,69050.0,0.0,0.0,
2019-03-13,288.8699951171875,293.8500061035156,288.4200134277344,293.4280090332031,30410.0,0.0,0.0,
2019-03-14,293.4400024414062,295.2999877929688,293.010009765625,293.8840026855469,154860.0,0.0,0.0,
2019-03-15,294.4309997558594,300.2300109863281,294.3309936523438,299.14599609375,318770.0,0.0,0.0,
2019-03-18,305.1300048828125,305.1300048828125,298.5499877929688,299.8800048828125,636300.0,0.0,0.0,
2019-03-19,299.5,303.0,299.5,302.6950073242188,24730.0,0.0,0.0,
2019-03-20,302.3890075683594,303.5079956054688,301.1000061035156,302.9469909667969,1206670.0,0.0,0.0,
2019-03-22,303.8500061035156,304.8429870605469,301.0,301.802001953125,195830.0,0.0,0.0,
2019-03-25,299.5050048828125,299.5050048828125,296.8699951171875,298.5329895019531,1047880.0,0.0,0.0,
2019-03-26,304.5,310.4700012207031,298.2550048828125,305.0020141601562,1559230.0,0.0,0.0,
2019-03-27,305.8999938964844,310.0,292.7999877929688,307.0549926757812,407570.0,0.0,0.0,
2019-03-28,310.0,312.0,306.6010131835938,311.3590087890625,201160.0,0.0,0.0,
2019-04-01,312.2000122070312,312.760986328125,308.5499877929688,309.6310119628906,133610.0,0.0,0.0,
2019-04-02,310.0,310.0,306.6690063476562,307.1180114746094,594020.0,0.0,0.0,
2019-04-03,308.760009765625,310.6000061035156,306.4299926757812,306.885986328125,59510.0,0.0,0.0,
2019-04-04,308.0,308.0,303.8049926757812,304.5010070800781,491200.0,0.0,0.0,
2019-04-05,304.5249938964844,307.0,303.8999938964844,306.0130004882812,533840.0,0.0,0.0,
2019-04-08,307.25,308.3500061035156,303.2439880371094,303.9570007324219,24410.0,0.0,0.0,
2019-04-09,304.2099914550781,307.8080139160156,303.0280151367188,307.531005859375,1020720.0,0.0,0.0,
2019-04-10,307.6499938964844,307.6499938964844,302.7690124511719,304.06201171875,505740.0,0.0,0.0,
2019-04-11,303.8420104980469,303.9979858398438,302.1499938964844,303.6329956054688,10160.0,0.0,0.0,
2019-04-12,303.7250061035156,305.4500122070312,302.8500061035156,304.5769958496094,8310.0,0.0,0.0,
2019-04-15,304.7000122070312,306.9500122070312,304.2999877929688,306.3510131835938,27520.0,0.0,0.0,
2019-04-16,306.6530151367188,311.0899963378906,306.6530151367188,310.2120056152344,31050.0,0.0,0.0,
2019-04-18,311.0,311.8399963378906,307.5400085449219,308.2430114746094,40750.0,0.0,0.0,
2019-04-22,307.8550109863281,307.8550109863281,300.7000122070312,302.0249938964844,1456640.0,0.0,0.0,
2019-04-23,302.5,304.8999938964844,300.0260009765625,300.2669982910156,624340.0,0.0,0.0,
2019-04-24,306.2699890136719,312.2799987792969,299.8500061035156,303.9219970703125,15200.0,0.0,0.0,
2019-04-25,304.3999938964844,305.0950012207031,300.6950073242188,302.2479858398438,6110.0,0.0,0.0,
2019-04-26,300.8699951171875,305.25,300.8699951171875,304.8760070800781,15880.0,0.0,0.0,
2019-04-30,304.6000061035156,304.6000061035156,300.3999938964844,302.6289978027344,629480.0,0.0,0.0,
2019-05-02,301.5,303.93798828125,301.0,301.7909851074219,37400.0,0.0,0.0,
2019-05-03,302.0499877929688,306.2950134277344,301.9209899902344,305.1440124511719,150920.0,0.0,0.0,
2019-05-06,310.5,310.5,301.2000122070312,301.8380126953125,46120.0,0.0,0.0,
2019-05-07,304.0,304.0,297.5700073242188,298.4400024414062,15370.0,0.0,0.0,
2019-05-08,297.5,298.0,294.0,294.1960144042969,500540.0,0.0,0.0,
2019-05-09,304.9880065917969,304.9880065917969,290.0599975585938,293.6889953613281,52240.0,0.0,0.0,
2019-05-10,293.6000061035156,297.3999938964844,290.0050048828125,295.968994140625,516240.0,0.0,0.0,
2019-05-13,295.6000061035156,295.6000061035156,291.3399963378906,292.0849914550781,10570.0,0.0,0.0,
2019-05-14,292.3949890136719,295.0499877929688,291.2560119628906,293.0350036621094,36770.0,0.0,0.0,
2019-05-15,294.1700134277344,295.1499938964844,291.2250061035156,291.5979919433594,19050.0,0.0,0.0,
2019-05-16,291.2250061035156,295.406005859375,290.8699951171875,294.7219848632812,340030.0,0.0,0.0,
2019-05-17,294.0,301.25,292.8980102539062,300.5199890136719,804500.0,0.0,0.0,
2019-05-20,305.2489929199219,314.0780029296875,304.989990234375,313.8089904785156,463080.0,0.0,0.0,
2019-05-21,311.7120056152344,314.9500122070312,308.5499877929688,308.9949951171875,1080930.0,0.0,0.0,
2019-05-22,309.8999938964844,312.5499877929688,307.239990234375,311.718994140625,271740.0,0.0,0.0,
2019-05-23,314.0,323.1000061035156,308.8510131835938,310.5530090332031,1014990.0,0.0,0.0,
2019-05-24,311.1050109863281,318.25,311.1050109863281,317.3080139160156,75760.0,0.0,0.0,
2019-05-27,316.8699951171875,322.0,315.4880065917969,321.6119995117188,31470.0,0.0,0.0,
2019-05-28,319.8999938964844,322.8500061035156,319.4500122070312,321.9070129394531,265530.0,0.0,0.0,
2019-05-29,320.989990234375,321.2999877929688,317.4500122070312,318.3829956054688,35950.0,0.0,0.0,
2019-05-30,318.2999877929688,321.989013671875,316.2149963378906,321.2130126953125,81250.0,0.0,0.0,
2019-05-31,322.4500122070312,323.93701171875,312.614990234375,319.7749938964844,924140.0,0.0,0.0,
2019-06-03,325.0,325.0,317.75,322.5390014648438,337700.0,0.0,0.0,
2019-06-04,328.989990234375,329.8880004882812,319.8599853515625,322.2080078125,161440.0,0.0,0.0,
2019-06-06,321.1499938964844,321.4960021972656,314.135009765625,314.6090087890625,2230020.0,0.0,0.0,
2019-06-07,314.7099914550781,316.8500061035156,307.0910034179688,316.4679870605469,722680.0,0.0,0.0,
2019-06-10,317.8999938964844,319.0159912109375,314.0599975585938,315.4979858398438,46690.0,0.0,0.0,
2019-06-11,317.0,319.7999877929688,314.8989868164062,318.281005859375,30350.0,0.0,0.0,
2019-06-12,316.8699951171875,317.5,314.6650085449219,315.4830017089844,53810.0,0.0,0.0,
2019-06-13,314.0,316.135986328125,312.0450134277344,315.2699890136719,95480.0,0.0,0.0,
2019-06-14,314.2999877929688,315.6000061035156,310.5,311.7950134277344,26600.0,0.0,0.0,
2019-06-17,312.2000122070312,312.2000122070312,307.5,307.7049865722656,532540.0,0.0,0.0,
2019-06-18,307.2999877929688,310.3500061035156,307.0329895019531,308.2820129394531,82950.0,0.0,0.0,
2019-06-19,308.2850036621094,312.9469909667969,307.6600036621094,309.3670043945312,45910.0,0.0,0.0,
2019-06-20,311.2999877929688,315.8299865722656,307.281005859375,313.2439880371094,347770.0,0.0,0.0,
2019-06-21,315.0,315.0,311.2099914550781,312.64599609375,23180.0,0.0,0.0,
2019-06-24,311.8150024414062,314.0,311.75,312.8089904785156,15740.0,0.0,0.0,
2019-06-25,313.0549926757812,315.0299987792969,311.0,314.6629943847656,26380.0,0.0,0.0,
2019-06-26,315.6000061035156,321.0,313.7820129394531,317.2760009765625,18950.0,0.0,0.0,
2019-06-27,319.0,320.2839965820312,317.364990234375,319.6189880371094,52960.0,0.0,0.0,
2019-06-28,319.5350036621094,321.0,317.0199890136719,318.7130126953125,591570.0,0.0,0.0,
2019-07-01,320.0,321.2999877929688,319.0740051269531,320.1659851074219,127650.0,0.0,0.0,
2019-07-02,324.0,324.0,317.739990234375,319.5480041503906,52390.0,0.0,0.0,
2019-07-03,319.2049865722656,320.9500122070312,318.6900024414062,320.0710144042969,23530.0,0.0,0.0,
2019-07-04,320.1050109863281,323.0299987792969,320.0710144042969,321.5230102539062,502530.0,0.0,0.0,
2019-07-05,323.0,323.5,320.031005859375,321.5769958496094,176990.0,0.0,0.0,
2019-07-08,320.0249938964844,320.0249938964844,312.0,312.68701171875,83420.0,0.0,0.0,
2019-07-09,311.8500061035156,313.0499877929688,310.25,312.3340148925781,36320.0,0.0,0.0,
2019-07-10,312.8949890136719,313.8590087890625,310.5549926757812,311.2420043945312,62100.0,0.0,0.0,
2019-07-11,312.8450012207031,314.4500122070312,311.3999938964844,313.635009765625,20930.0,0.0,0.0,
2019-07-12,312.7999877929688,315.0,312.1499938964844,312.6719970703125,31010.0,0.0,0.0,
2019-07-15,313.0050048828125,313.0050048828125,310.0,311.0320129394531,24720.0,0.0,0.0,
2019-07-16,310.0050048828125,312.56201171875,309.8500061035156,312.3970031738281,11870.0,0.0,0.0,
2019-07-17,312.3999938964844,314.4490051269531,311.3699951171875,313.0790100097656,3306680.0,0.0,0.0,
2019-07-18,312.5450134277344,313.3340148925781,309.8999938964844,310.010009765625,40390.0,0.0,0.0,
2019-07-19,316.2099914550781,322.4100036621094,302.8250122070312,303.1589965820312,91730.0,0.0,0.0,
2019-07-22,298.1000061035156,302.739990234375,295.510009765625,298.2529907226562,759030.0,0.0,0.0,
2019-07-23,298.9339904785156,299.5950012207031,295.7120056152344,296.8919982910156,78440.0,0.0,0.0,
2019-07-24,297.2999877929688,298.3999938964844,294.7049865722656,295.4030151367188,49380.0,0.0,0.0,
2019-07-25,295.8930053710938,297.7000122070312,294.3999938964844,296.0840148925781,33970.0,0.0,0.0,
2019-07-26,296.8450012207031,299.3999938964844,295.5050048828125,299.0790100097656,38160.0,0.0,0.0,
2019-07-29,299.1000061035156,299.8999938964844,297.1340026855469,298.5390014648438,24810.0,0.0,0.0,
2019-07-30,299.7929992675781,300.4939880371094,294.0,294.3110046386719,52970.0,0.0,0.0,
2019-07-31,293.3070068359375,294.8999938964844,291.7369995117188,293.8980102539062,102570.0,0.0,0.0,
2019-08-01,293.5950012207031,294.0,287.0499877929688,287.7630004882812,130260.0,0.0,0.0,
2019-08-02,287.7999877929688,291.6499938964844,285.5499877929688,288.3290100097656,118390.0,0.0,0.0,
2019-08-05,285.0,285.0,280.25,282.4559936523438,258500.0,0.0,0.0,
2019-08-06,281.8999938964844,288.0,281.8980102539062,286.5119934082031,268500.0,0.0,0.0,
2019-08-07,286.5,287.6000061035156,282.5050048828125,283.3810119628906,32790.0,0.0,0.0,
2019-08-08,283.5,288.5050048828125,281.8099975585938,288.0459899902344,50400.0,0.0,0.0,
2019-08-09,290.0050048828125,292.3320007324219,288.8099975585938,290.6969909667969,54310.0,0.0,0.0,
2019-08-13,291.7000122070312,291.7000122070312,282.9150085449219,283.1029968261719,79400.0,0.0,0.0,
2019-08-14,283.6000061035156,287.3219909667969,283.3550109863281,285.0960083007812,2051610.0,0.0,0.0,
2019-08-16,285.125,288.2000122070312,283.1860046386719,287.8900146484375,34250.0,0.0,0.0,
2019-08-19,287.9460144042969,291.0350036621094,287.3999938964844,288.0,27140.0,0.0,0.0,
2019-08-20,288.3489990234375,288.5390014648438,284.8699951171875,285.6709899902344,20820.0,0.0,0.0,
2019-08-21,285.5,286.4989929199219,283.0,283.6130065917969,19310.0,0.0,0.0,
2019-08-22,282.6499938964844,282.6499938964844,276.1000061035156,276.8399963378906,88160.0,0.0,0.0,
2019-08-23,281.260009765625,281.260009765625,271.2009887695312,275.9129943847656,108790.0,0.0,0.0,
2019-08-26,281.4299926757812,286.9500122070312,274.8099975585938,285.1579895019531,42290.0,0.0,0.0,
2019-08-27,286.0,288.4400024414062,286.0,286.8469848632812,53830.0,0.0,0.0,
2019-08-28,286.2000122070312,287.0,282.510009765625,283.364990234375,490000.0,0.0,0.0,
2019-08-29,283.5,283.5,278.5,279.4450073242188,141980.0,0.0,0.0,
2019-08-30,280.5,281.7479858398438,276.7999877929688,280.364990234375,165210.0,0.0,0.0,
2019-09-03,278.0,278.0589904785156,272.5,273.4249877929688,216720.0,0.0,0.0,
2019-09-04,273.5050048828125,278.4150085449219,272.5,277.7349853515625,187710.0,0.0,0.0,
2019-09-05,277.9570007324219,278.989990234375,274.0,275.3399963378906,52660.0,0.0,0.0,
2019-09-06,276.6000061035156,278.9849853515625,276.0150146484375,278.47900390625,22740.0,0.0,0.0,
2019-09-09,278.3999938964844,281.3999938964844,275.1099853515625,281.0140075683594,40500.0,0.0,0.0,
2019-09-11,281.0,283.8999938964844,277.5,283.4440002441406,18230.0,0.0,0.0,
2019-09-12,282.3999938964844,286.0,282.3999938964844,284.0530090332031,32370.0,0.0,0.0,
2019-09-13,283.5,287.7049865722656,282.0499877929688,286.81201171875,53730.0,0.0,0.0,
2019-09-16,285.0050048828125,286.5,283.260009765625,285.1510009765625,61110.0,0.0,0.0,
2019-09-17,284.5,284.5,277.0,277.5390014648438,48710.0,0.0,0.0,
2019-09-18,279.0,280.0650024414062,276.5499877929688,277.7929992675781,43630.0,0.0,0.0,
2019-09-19,276.8699951171875,277.4949951171875,272.7000122070312,273.4909973144531,60440.0,0.0,0.0,
2019-09-20,273.6000061035156,300.7999877929688,273.3999938964844,296.0650024414062,2482640.0,0.0,0.0,
2019-09-23,300.0,314.2000122070312,300.0,313.6749877929688,1583690.0,0.0,0.0,
2019-09-24,312.4949951171875,313.0,305.7000122070312,308.7720031738281,150960.0,0.0,0.0,
2019-09-25,308.0,308.0,301.010009765625,301.7749938964844,136600.0,0.0,0.0,
2019-09-26,302.8999938964844,313.7999877929688,301.739013671875,306.5700073242188,114830.0,0.0,0.0,
2019-09-27,312.4880065917969,312.4880065917969,304.114990234375,305.3900146484375,37970.0,0.0,0.0,
2019-09-30,304.3800048828125,304.4299926757812,296.2999877929688,298.1749877929688,1923760.0,0.0,0.0,
2019-10-01,300.0,301.3999938964844,287.2250061035156,293.6719970703125,333640.0,0.0,0.0,
2019-10-03,294.9880065917969,294.9880065917969,288.7000122070312,290.3380126953125,217760.0,0.0,0.0,
2019-10-04,294.0,294.0,283.0,283.8460083007812,285840.0,0.0,0.0,
2019-10-07,283.7999877929688,288.0,282.0,283.3340148925781,91270.0,0.0,0.0,
2019-10-09,288.7950134277344,294.3999938964844,282.8699951171875,293.5130004882812,169800.0,0.0,0.0,
2019-10-10,292.0,292.5,285.2000122070312,286.3630065917969,87520.0,0.0,0.0,
2019-10-11,288.489990234375,291.5,283.5150146484375,286.9089965820312,200750.0,0.0,0.0,
2019-10-14,288.2000122070312,291.7000122070312,286.1400146484375,287.2850036621094,368000.0,0.0,0.0,
2019-10-15,289.5490112304688,293.0,288.0910034179688,292.0050048828125,42390.0,0.0,0.0,
2019-10-16,291.8999938964844,293.0499877929688,289.7000122070312,291.9179992675781,203970.0,0.0,0.0,
2019-10-17,291.0390014648438,297.2999877929688,290.8999938964844,296.4259948730469,201880.0,0.0,0.0,
2019-10-18,296.0,298.4389953613281,294.0,297.2040100097656,33590.0,0.0,0.0,
2019-10-22,297.531005859375,303.0,297.2680053710938,300.0690002441406,91820.0,0.0,0.0,
2019-10-23,300.0,302.1000061035156,298.2690124511719,300.0610046386719,59880.0,0.0,0.0,
2019-10-24,301.3309936523438,302.6000061035156,296.3250122070312,297.5599975585938,251440.0,0.0,0.0,
2019-10-25,299.2000122070312,301.0,295.7000122070312,300.6610107421875,224550.0,0.0,0.0,
2019-10-27,301.5,302.5,300.5950012207031,301.7349853515625,8710.0,0.0,0.0,
2019-10-29,305.0,305.7999877929688,301.0,304.447998046875,60940.0,0.0,0.0,
2019-10-30,304.5,307.1000061035156,303.5,305.4869995117188,53850.0,0.0,0.0,
2019-10-31,306.5299987792969,309.7749938964844,305.8999938964844,306.8519897460938,137630.0,0.0,0.0,
2019-11-01,305.0,309.7999877929688,305.0,309.1449890136719,149350.0,0.0,0.0,
2019-11-04,305.0,312.7839965820312,305.0,310.135986328125,115640.0,0.0,0.0,
2019-11-05,310.1000061035156,311.2829895019531,307.7090148925781,308.5950012207031,39850.0,0.0,0.0,
2019-11-06,313.0,313.0,306.2250061035156,312.0090026855469,168240.0,0.0,0.0,
2019-11-07,312.5,314.1000061035156,311.3999938964844,312.8670043945312,94960.0,0.0,0.0,
2019-11-08,312.0,316.8900146484375,312.0,314.1189880371094,91920.0,0.0,0.0,
2019-11-11,313.5,317.5,313.0,316.4960021972656,57310.0,0.0,0.0,
2019-11-13,316.5,317.3999938964844,311.0339965820312,311.5020141601562,604910.0,0.0,0.0,
2019-11-14,311.6000061035156,313.5950012207031,309.4869995117188,313.2799987792969,43760.0,0.0,0.0,
2019-11-15,314.4110107421875,317.9330139160156,314.260009765625,317.1510009765625,205770.0,0.0,0.0,
2019-11-18,316.0,318.4490051269531,315.3999938964844,315.7040100097656,131860.0,0.0,0.0,
2019-11-19,317.9280090332031,318.9989929199219,315.7890014648438,318.6099853515625,39310.0,0.0,0.0,
2019-11-20,312.6119995117188,320.489990234375,308.6300048828125,314.5039978027344,321400.0,0.0,0.0,
2019-11-21,318.0,320.2999877929688,318.0,319.2479858398438,203940.0,0.0,0.0,
2019-11-22,318.3999938964844,319.3059997558594,316.3599853515625,316.8800048828125,48130.0,0.0,0.0,
2019-11-25,316.7999877929688,321.7799987792969,316.5400085449219,321.4209899902344,63070.0,0.0,0.0,
2019-11-26,321.760009765625,323.9949951171875,320.8999938964844,323.1270141601562,139330.0,0.0,0.0,
2019-11-27,322.1000061035156,324.9649963378906,322.1000061035156,324.4989929199219,52190.0,0.0,0.0,
2019-11-28,325.0,328.3999938964844,324.7999877929688,327.8259887695312,558690.0,0.0,0.0,
2019-11-29,327.7890014648438,327.7900085449219,324.3940124511719,325.6069946289062,38490.0,0.0,0.0,
2019-12-02,325.7550048828125,326.2000122070312,323.8280029296875,324.9349975585938,162270.0,0.0,0.0,
2019-12-03,324.9349975585938,324.9349975585938,321.3999938964844,322.1659851074219,113840.0,0.0,0.0,
2019-12-04,321.5,326.8999938964844,320.0159912109375,325.9769897460938,51080.0,0.0,0.0,
2019-12-05,326.9849853515625,327.2000122070312,322.8699951171875,323.5530090332031,103940.0,0.0,0.0,
2019-12-06,323.5700073242188,325.3389892578125,318.7090148925781,319.843994140625,171800.0,0.0,0.0,
2019-12-09,324.3999938964844,324.3999938964844,317.7000122070312,319.8479919433594,19360.0,0.0,0.0,
2019-12-10,318.6409912109375,320.1549987792969,317.2359924316406,317.7359924316406,97650.0,0.0,0.0,
2019-12-11,318.1950073242188,319.6199951171875,316.5499877929688,318.7300109863281,21860.0,0.0,0.0,
2019-12-12,319.64599609375,322.989013671875,319.5799865722656,322.447998046875,78980.0,0.0,0.0,
2019-12-13,323.8550109863281,327.2950134277344,323.8500061035156,326.406005859375,133320.0,0.0,0.0,
2019-12-16,327.4349975585938,327.6000061035156,325.2049865722656,326.0390014648438,26980.0,0.0,0.0,
2019-12-17,326.6849975585938,328.2699890136719,325.9209899902344,327.6340026855469,22680.0,0.0,0.0,
2019-12-18,327.6229858398438,329.1000061035156,326.2049865722656,328.6950073242188,27870.0,0.0,0.0,
2019-12-19,33.16299819946289,33.17499923706055,32.73400115966797,32.95100021362305,308560.0,0.0,0.0,
2019-12-20,32.95500183105469,33.15499877929688,32.94499969482422,33.09099960327148,203370.0,0.0,0.0,
2019-12-23,331.0,331.7000122070312,329.2200012207031,330.7099914550781,17645.0,0.0,0.0,
2019-12-24,330.9500122070312,331.0,329.0599975585938,330.3699951171875,146125.0,0.0,0.0,
2019-12-26,330.2999877929688,330.2999877929688,327.0,327.760009765625,57119.0,0.0,0.0,
2019-12-27,327.0499877929688,331.5,327.0,330.739990234375,98572.0,0.0,0.0,
2019-12-30,331.3500061035156,332.8999938964844,328.3999938964844,330.0899963378906,974276.0,0.0,0.0,
2019-12-31,330.0,330.25,328.0199890136719,329.0,388899.0,0.0,0.0,
2020-01-01,329.2000122070312,330.1000061035156,327.3999938964844,328.3099975585938,18548.0,0.0,0.0,
2020-01-02,332.9500122070312,332.9500122070312,328.510009765625,331.9299926757812,31931.0,0.0,0.0,
2020-01-03,329.1499938964844,330.1000061035156,325.8900146484375,326.5400085449219,1082930.0,0.0,0.0,
2020-01-06,325.0499877929688,325.1799926757812,318.0,319.1799926757812,237648.0,0.0,0.0,
2020-01-07,321.6000061035156,324.7999877929688,318.0799865722656,320.1700134277344,1099389.0,0.0,0.0,
2020-01-08,318.0499877929688,320.3999938964844,315.2999877929688,319.4700012207031,1060588.0,0.0,0.0,
2020-01-09,320.1099853515625,327.8900146484375,320.0499877929688,327.010009765625,129898.0,0.0,0.0,
2020-01-10,328.0,330.1000061035156,326.8599853515625,327.8200073242188,369047.0,0.0,0.0,
2020-01-13,328.5499877929688,329.7999877929688,327.6000061035156,328.6499938964844,49028.0,0.0,0.0,
2020-01-14,328.6300048828125,328.6799926757812,326.6300048828125,327.8299865722656,20591.0,0.0,0.0,
2020-01-15,328.0499877929688,328.0499877929688,323.8999938964844,324.7999877929688,89742.0,0.0,0.0,
2020-01-16,325.3800048828125,326.3999938964844,323.6600036621094,325.1600036621094,85986.0,0.0,0.0,
2020-01-17,326.3999938964844,326.3999938964844,322.1600036621094,322.9100036621094,163727.0,0.0,0.0,
2020-01-20,324.6199951171875,324.6199951171875,317.7000122070312,318.0,171089.0,0.0,0.0,
2020-01-21,318.0,318.3999938964844,315.7000122070312,316.4200134277344,85599.0,0.0,0.0,
2020-01-22,315.0499877929688,318.8699951171875,313.1700134277344,313.8500061035156,78043.0,0.0,0.0,
2020-01-23,314.1900024414062,317.6000061035156,313.5,317.0899963378906,147834.0,0.0,0.0,
2020-01-24,317.4500122070312,320.2799987792969,315.5499877929688,319.5700073242188,36330.0,0.0,0.0,
2020-01-27,319.5700073242188,319.5700073242188,315.2000122070312,315.5199890136719,61506.0,0.0,0.0,
2020-01-28,315.5,317.5,312.7000122070312,314.1300048828125,390121.0,0.0,0.0,
2020-01-29,314.5499877929688,316.8999938964844,314.5499877929688,315.5299987792969,39598.0,0.0,0.0,
2020-01-30,315.6000061035156,315.6000061035156,312.0,312.7099914550781,199110.0,0.0,0.0,
2020-01-31,315.3500061035156,317.3500061035156,313.5,316.8999938964844,2346565.0,0.0,0.0,
2020-02-03,307.0,307.7900085449219,302.3599853515625,306.9299926757812,296664.0,0.0,0.0,
2020-02-04,308.3399963378906,314.2000122070312,308.2200012207031,312.8999938964844,604382.0,0.0,0.0,
2020-02-05,313.239990234375,317.0,312.1400146484375,316.8099975585938,63958.0,0.0,0.0,
2020-02-06,315.5,321.8699951171875,315.0,319.8299865722656,427816.0,0.0,0.0,
2020-02-07,319.8299865722656,320.7999877929688,317.1700134277344,318.3399963378906,71435.0,0.0,0.0,
2020-02-10,317.760009765625,318.0700073242188,316.1000061035156,317.6799926757812,65043.0,0.0,0.0,
2020-02-11,318.5700073242188,321.0,318.510009765625,319.4700012207031,79858.0,0.0,0.0,
2020-02-12,320.3299865722656,321.989990234375,320.2200012207031,321.0700073242188,256346.0,0.0,0.0,
2020-02-13,321.1000061035156,321.1000061035156,317.7200012207031,318.2200012207031,52112.0,0.0,0.0,
2020-02-14,318.510009765625,320.0299987792969,313.8999938964844,314.75,146724.0,0.0,0.0,
2020-02-17,316.7999877929688,316.7999877929688,312.5499877929688,313.0599975585938,156900.0,0.0,0.0,
2020-02-18,312.1000061035156,313.25,309.4500122070312,312.2799987792969,138748.0,0.0,0.0,
2020-02-19,315.0,315.25,312.1000061035156,314.010009765625,707865.0,0.0,0.0,
2020-02-20,316.0,316.6000061035156,312.6000061035156,315.1199951171875,314430.0,0.0,0.0,
2020-02-24,314.9400024414062,314.989990234375,309.5499877929688,309.6700134277344,583995.0,0.0,0.0,
2020-02-25,315.0,315.0,309.3399963378906,310.5400085449219,34370.0,0.0,0.0,
2020-02-26,309.989990234375,311.3999938964844,307.5,309.9200134277344,47536.0,0.0,0.0,
2020-02-27,311.9800109863281,311.9800109863281,304.7999877929688,307.4200134277344,905082.0,0.0,0.0,
2020-02-28,303.0,304.8500061035156,295.7799987792969,296.7200012207031,301214.0,0.0,0.0,
2020-03-02,297.5,302.2999877929688,291.6000061035156,294.4500122070312,139338.0,0.0,0.0,
2020-03-03,300.2999877929688,304.0,293.2300109863281,298.2699890136719,609199.0,0.0,0.0,
2020-03-04,292.2999877929688,299.8800048828125,287.5,292.7000122070312,142861.0,0.0,0.0,
2020-03-05,293.3500061035156,297.3999938964844,291.0400085449219,294.5899963378906,77804.0,0.0,0.0,
2020-03-06,292.989990234375,292.989990234375,280.0,284.7699890136719,894919.0,0.0,0.0,
2020-03-09,278.0599975585938,283.489990234375,265.5499877929688,271.6099853515625,502996.0,0.0,0.0,
2020-03-11,273.5,274.1799926757812,268.5,270.6199951171875,166022.0,0.0,0.0,
2020-03-12,276.0,281.3999938964844,242.1000061035156,244.8899993896484,672887.0,0.0,0.0,
2020-03-13,238.0,264.5,225.7799987792969,257.760009765625,533514.0,0.0,0.0,
2020-03-16,256.489990234375,256.489990234375,239.0,239.9700012207031,551723.0,0.0,0.0,
2020-03-17,237.0500030517578,245.8999938964844,225.0,226.3500061035156,279242.0,0.0,0.0,
2020-03-18,230.8999938964844,231.8500061035156,206.9199981689453,210.1199951171875,913987.0,0.0,0.0,
2020-03-19,208.9900054931641,212.5,195.0,203.5700073242188,444518.0,0.0,0.0,
2020-03-20,203.0,211.3999938964844,196.8000030517578,204.25,1795349.0,0.0,0.0,
2020-03-23,195.0500030517578,196.0,172.1999969482422,174.7799987792969,1012347.0,0.0,0.0,
2020-03-24,180.0,184.0,169.5500030517578,174.0500030517578,355305.0,0.0,0.0,
2020-03-25,173.8999938964844,189.0,172.5500030517578,186.8600006103516,290843.0,0.0,0.0,
2020-03-26,189.0,204.75,186.8600006103516,197.8899993896484,410333.0,0.0,0.0,
2020-03-27,201.8000030517578,215.0,195.0,201.1999969482422,572079.0,0.0,0.0,
2020-03-30,199.3000030517578,199.5,190.6000061035156,191.6199951171875,239075.0,0.0,0.0,
2020-03-31,196.0,199.0,191.4600067138672,194.5700073242188,570830.0,0.0,0.0,
2020-04-01,195.0,195.0,185.5,187.0200042724609,266075.0,0.0,0.0,
2020-04-03,187.0700073242188,190.0,174.0,174.8300018310547,1073664.0,0.0,0.0,
2020-04-07,181.0,193.0200042724609,181.0,192.1199951171875,630879.0,0.0,0.0,
2020-04-08,190.0,205.3999938964844,186.0599975585938,191.2799987792969,676832.0,0.0,0.0,
2020-04-09,195.0,199.5,192.1000061035156,198.5800018310547,516093.0,0.0,0.0,
2020-04-13,199.4900054931641,199.8000030517578,193.5500030517578,196.4400024414062,294712.0,0.0,0.0,
2020-04-15,199.0,202.3300018310547,188.8000030517578,191.3500061035156,536399.0,0.0,0.0,
2020-04-16,191.3500061035156,196.5,188.0,195.4799957275391,329730.0,0.0,0.0,
2020-04-17,199.8999938964844,225.8999938964844,197.75,210.3200073242188,1523181.0,0.0,0.0,
2020-04-20,205.0,218.8000030517578,205.0,206.8999938964844,497436.0,0.0,0.0,
2020-04-21,202.1100006103516,205.0,195.0099945068359,198.2299957275391,537204.0,0.0,0.0,
2020-04-22,198.3000030517578,199.9900054931641,192.1199951171875,199.1799926757812,589057.0,0.0,0.0,
2020-04-23,199.9199981689453,204.6499938964844,197.8200073242188,203.5299987792969,592107.0,0.0,0.0,
2020-04-24,202.4199981689453,202.4199981689453,195.6300048828125,196.8999938964844,2150237.0,0.0,0.0,
2020-04-27,199.8899993896484,203.0700073242188,198.5,201.6000061035156,580279.0,0.0,0.0,
2020-04-28,203.0,207.9499969482422,203.0,207.1000061035156,1039793.0,0.0,0.0,
2020-04-29,210.0,214.0,204.1000061035156,211.8600006103516,1159469.0,0.0,0.0,
2020-04-30,209.8000030517578,219.9900054931641,209.8000030517578,215.3300018310547,1078439.0,0.0,0.0,
2020-05-04,213.3999938964844,213.3999938964844,198.1000061035156,199.1999969482422,707935.0,0.0,0.0,
2020-05-05,199.1999969482422,203.2899932861328,194.5099945068359,195.1199951171875,517420.0,0.0,0.0,
2020-05-06,195.5,200.2100067138672,191.1999969482422,199.2799987792969,1350845.0,0.0,0.0,
2020-05-07,199.0,200.4600067138672,195.8000030517578,197.25,454368.0,0.0,0.0,
2020-05-08,199.9799957275391,201.3999938964844,195.0,195.3000030517578,302901.0,0.0,0.0,
2020-05-11,199.9499969482422,199.9499969482422,190.9199981689453,191.4199981689453,526579.0,0.0,0.0,
2020-05-12,191.3999938964844,191.6199951171875,184.6000061035156,190.2700042724609,992421.0,0.0,0.0,
2020-05-13,194.5,202.8000030517578,194.5,197.7799987792969,716077.0,0.0,0.0,
2020-05-14,197.0,197.0,191.5800018310547,192.4199981689453,702970.0,0.0,0.0,
2020-05-15,193.9499969482422,193.9499969482422,188.5,190.0500030517578,523067.0,0.0,0.0,
2020-05-18,190.0500030517578,190.0500030517578,177.0,177.6300048828125,1605600.0,0.0,0.0,
2020-05-19,180.0,182.8999938964844,175.0500030517578,175.8699951171875,1149907.0,0.0,0.0,
2020-05-20,177.6999969482422,181.1000061035156,175.3000030517578,179.0399932861328,697048.0,0.0,0.0,
2020-05-21,180.0,182.75,177.6000061035156,178.2700042724609,715150.0,0.0,0.0,
2020-05-22,176.75,180.0,172.5,173.7599945068359,1523636.0,0.0,0.0,
2020-05-26,180.0,182.0,174.6100006103516,175.8200073242188,813743.0,0.0,0.0,
2020-05-27,175.8200073242188,188.6999969482422,175.8200073242188,187.7899932861328,1949897.0,0.0,0.0,
2020-05-28,189.0,195.0,188.6999969482422,192.2100067138672,1721459.0,0.0,0.0,
2020-05-29,191.0,194.8800048828125,188.2700042724609,193.6799926757812,1675134.0,0.0,0.0,
2020-06-01,195.1100006103516,203.6399993896484,195.1100006103516,200.5299987792969,1480053.0,0.0,0.0,
2020-06-02,201.5,207.4600067138672,199.3000030517578,206.3999938964844,995348.0,0.0,0.0,
2020-06-03,209.0,217.6499938964844,207.6999969482422,210.6699981689453,1708132.0,0.0,0.0,
2020-06-04,210.0,212.8399963378906,204.6199951171875,205.3999938964844,1624052.0,0.0,0.0,
2020-06-05,206.8500061035156,213.6399993896484,205.0,211.9600067138672,1753032.0,0.0,0.0,
2020-06-08,215.0,219.2299957275391,211.5599975585938,214.0200042724609,2971717.0,0.0,0.0,
2020-06-09,215.0,217.4400024414062,207.8399963378906,208.5599975585938,1751280.0,0.0,0.0,
2020-06-10,210.0,214.6999969482422,206.6999969482422,213.1799926757812,921313.0,0.0,0.0,
2020-06-11,212.25,213.9900054931641,206.0,206.7700042724609,1457053.0,0.0,0.0,
2020-06-12,204.4900054931641,208.5500030517578,198.0,207.7400054931641,1892745.0,0.0,0.0,
2020-06-15,207.4499969482422,207.4499969482422,199.0,200.7400054931641,1427728.0,0.0,0.0,
2020-06-16,204.0,208.3300018310547,196.4199981689453,203.8899993896484,10350896.0,0.0,0.0,
2020-06-17,202.9900054931641,207.4299926757812,200.0,202.9400024414062,1620930.0,0.0,0.0,
2020-06-18,203.8999938964844,211.7700042724609,201.6000061035156,210.9700012207031,2426597.0,0.0,0.0,
2020-06-19,211.9700012207031,216.1399993896484,210.0800018310547,215.0700073242188,2292363.0,0.0,0.0,
2020-06-22,216.3000030517578,222.3000030517578,215.0,218.5,2314863.0,0.0,0.0,
2020-06-23,223.8999938964844,238.1999969482422,217.8500061035156,224.5800018310547,1723130.0,0.0,0.0,
2020-06-24,225.1100006103516,226.1300048828125,215.0,215.8500061035156,1912816.0,0.0,0.0,
2020-06-25,215.0,217.8600006103516,211.1000061035156,216.3000030517578,1710730.0,0.0,0.0,
2020-06-26,217.0,219.0,214.0,216.8200073242188,1750131.0,0.0,0.0,
2020-06-29,215.7700042724609,216.1199951171875,212.0,215.3099975585938,1286696.0,0.0,0.0,
2020-06-30,218.3500061035156,218.3999938964844,213.8000030517578,215.4100036621094,969269.0,0.0,0.0,
2020-07-01,215.6000061035156,221.8200073242188,213.5,221.2400054931641,1996813.0,0.0,0.0,
2020-07-02,222.9900054931641,224.6600036621094,220.5200042724609,221.5099945068359,1659984.0,0.0,0.0,
2020-07-03,224.1999969482422,224.1999969482422,219.5700073242188,220.4600067138672,1130108.0,0.0,0.0,
2020-07-06,223.9799957275391,225.5,223.0,223.6699981689453,1638520.0,0.0,0.0,
2020-07-07,224.0,227.8800048828125,221.7400054931641,227.3500061035156,1339073.0,0.0,0.0,
2020-07-08,228.0,232.6499938964844,227.0,228.5,2303495.0,0.0,0.0,
2020-07-09,230.0,231.8500061035156,227.8999938964844,231.0899963378906,1204795.0,0.0,0.0,
2020-07-10,229.0,231.1999969482422,225.1399993896484,226.0399932861328,1233686.0,0.0,0.0,
2020-07-13,226.0399932861328,229.1499938964844,221.8000030517578,222.5099945068359,2148475.0,0.0,0.0,
2020-07-14,221.8999938964844,222.9900054931641,213.6199951171875,215.3899993896484,1380141.0,0.0,0.0,
2020-07-15,218.1900024414062,220.25,213.2700042724609,214.1399993896484,2011773.0,0.0,0.0,
2020-07-16,216.0,217.7299957275391,211.25,216.6699981689453,1009381.0,0.0,0.0,
2020-07-17,217.8999938964844,221.7799987792969,216.3600006103516,220.6999969482422,824191.0,0.0,0.0,
2020-07-20,224.8999938964844,225.9900054931641,221.1600036621094,224.3899993896484,1480850.0,0.0,0.0,
2020-07-21,225.3899993896484,230.0,222.3999938964844,229.3200073242188,913481.0,0.0,0.0,
2020-07-22,230.0099945068359,232.0,227.3000030517578,229.7200012207031,934255.0,0.0,0.0,
2020-07-23,231.0,232.5,228.1100006103516,231.9900054931641,736475.0,0.0,0.0,
2020-07-24,231.1000061035156,231.1000061035156,225.3000030517578,227.7400054931641,898314.0,0.0,0.0,
2020-07-27,228.8899993896484,232.0,219.75,220.1199951171875,1361904.0,0.0,0.0,
2020-07-28,221.9900054931641,223.8699951171875,217.9199981689453,222.6699981689453,914800.0,0.0,0.0,
2020-07-29,221.0099945068359,225.0,220.6000061035156,222.1399993896484,711637.0,0.0,0.0,
2020-07-30,222.4900054931641,223.6199951171875,216.6999969482422,217.3899993896484,1466325.0,0.0,0.0,
2020-07-31,217.4100036621094,221.3899993896484,215.3000030517578,217.8899993896484,880454.0,0.0,0.0,
2020-08-03,219.7799987792969,219.7799987792969,212.1000061035156,212.6199951171875,1001050.0,0.0,0.0,
2020-08-04,214.7400054931641,216.9199981689453,212.1000061035156,215.9700012207031,976337.0,0.0,0.0,
2020-08-05,216.9499969482422,220.2100067138672,215.5099945068359,216.0899963378906,882947.0,0.0,0.0,
2020-08-06,217.8999938964844,220.0500030517578,214.6300048828125,217.2200012207031,974467.0,0.0,0.0,
2020-08-07,218.8300018310547,218.8500061035156,215.0099945068359,218.2100067138672,840700.0,0.0,0.0,
2020-08-10,219.8999938964844,221.5,217.0,220.0500030517578,887180.0,0.0,0.0,
2020-08-11,221.0,224.3600006103516,221.0,224.0399932861328,1773293.0,0.0,0.0,
2020-08-12,224.8899993896484,225.0,221.1999969482422,224.3200073242188,785899.0,0.0,0.0,
2020-08-13,225.4799957275391,226.5599975585938,222.6300048828125,223.1600036621094,442704.0,0.0,0.0,
2020-08-14,224.9900054931641,225.0,216.2700042724609,217.8500061035156,900320.0,0.0,0.0,
2020-08-17,220.1999969482422,220.1999969482422,215.6000061035156,218.6600036621094,536483.0,0.0,0.0,
2020-08-18,218.0,223.8399963378906,213.0500030517578,223.3699951171875,689248.0,0.0,0.0,
2020-08-19,224.8899993896484,225.6600036621094,223.5,224.1699981689453,624275.0,0.0,0.0,
2020-08-20,222.9499969482422,223.0,220.0,221.1399993896484,496977.0,0.0,0.0,
2020-08-21,225.1999969482422,225.1999969482422,221.25,223.9499969482422,423462.0,0.0,0.0,
2020-08-24,228.8999938964844,230.0,225.0,229.3099975585938,965844.0,0.0,0.0,
2020-08-25,231.8000030517578,232.6000061035156,229.3099975585938,231.9900054931641,906262.0,0.0,0.0,
2020-08-26,255.0,255.0,231.3899993896484,235.6399993896484,660114.0,0.0,0.0,
2020-08-27,237.1999969482422,238.1399993896484,235.6399993896484,237.3500061035156,371482.0,0.0,0.0,
2020-08-28,244.8999938964844,248.3999938964844,238.0,247.2400054931641,1679441.0,0.0,0.0,
2020-08-31,284.2999877929688,284.2999877929688,235.5099945068359,239.5700073242188,1981443.0,0.0,0.0,
2020-09-01,264.8800048828125,264.8800048828125,236.6999969482422,239.9799957275391,1482744.0,0.0,0.0,
2020-09-02,249.3099975585938,249.3099975585938,236.6199951171875,240.6499938964844,1032804.0,0.0,0.0,
2020-09-03,244.6499938964844,244.6499938964844,236.1199951171875,237.1199951171875,758147.0,0.0,0.0,
2020-09-04,234.0,235.6699981689453,230.1999969482422,231.8999938964844,1002478.0,0.0,0.0,
2020-09-07,233.9499969482422,233.9499969482422,228.6100006103516,231.3699951171875,532971.0,0.0,0.0,
2020-09-08,231.1000061035156,232.4400024414062,228.1000061035156,229.0099945068359,414381.0,0.0,0.0,
2020-09-09,229.0,229.0,222.0700073242188,224.2400054931641,962978.0,0.0,0.0,
2020-09-10,227.9499969482422,228.3600006103516,223.7599945068359,226.3600006103516,499351.0,0.0,0.0,
2020-09-11,226.3999938964844,227.9900054931641,223.6000061035156,226.5700073242188,599632.0,0.0,0.0,
2020-09-14,224.0500030517578,229.1499938964844,222.0099945068359,222.75,849543.0,0.0,0.0,
2020-09-15,227.0,230.0,222.1000061035156,226.2400054931641,1117515.0,0.0,0.0,
2020-09-16,228.0,229.5,221.1000061035156,227.2599945068359,513153.0,0.0,0.0,
2020-09-17,226.8899993896484,226.8899993896484,223.8999938964844,224.3200073242188,1149829.0,0.0,0.0,
2020-09-18,227.9499969482422,227.9499969482422,218.6000061035156,221.3300018310547,924967.0,0.0,0.0,
2020-09-21,221.9499969482422,222.0,214.0700073242188,215.0700073242188,1038594.0,0.0,0.0,
2020-09-22,218.0,219.8899993896484,211.2200012207031,213.1100006103516,1001417.0,0.0,0.0,
2020-09-23,217.0,219.0,209.8600006103516,213.5800018310547,687996.0,0.0,0.0,
2020-09-24,245.0,245.0,206.1600036621094,206.8000030517578,1182866.0,0.0,0.0,
2020-09-25,219.0,219.0,205.8600006103516,211.1000061035156,631334.0,0.0,0.0,
2020-09-28,209.1000061035156,218.7299957275391,209.1000061035156,218.1499938964844,881259.0,0.0,0.0,
2020-09-29,219.3999938964844,219.3999938964844,214.2100067138672,215.7400054931641,758527.0,0.0,0.0,
2020-09-30,216.8999938964844,217.0,212.8000030517578,215.9400024414062,603486.0,0.0,0.0,
2020-10-01,217.1000061035156,224.1699981689453,217.0,223.7100067138672,1201294.0,0.0,0.0,
2020-10-05,224.0,228.6199951171875,223.25,224.6799926757812,1191415.0,0.0,0.0,
2020-10-06,226.5200042724609,229.7299957275391,225.5,229.3300018310547,861896.0,0.0,0.0,
2020-10-07,229.9499969482422,231.1799926757812,226.9600067138672,230.3399963378906,1085499.0,0.0,0.0,
2020-10-08,231.8399963378906,235.1999969482422,231.3000030517578,232.8699951171875,1997972.0,0.0,0.0,
2020-10-09,235.8399963378906,240.0,232.0,239.4199981689453,1344608.0,0.0,0.0,
2020-10-12,239.5,242.6499938964844,236.5599975585938,238.2700042724609,1128714.0,0.0,0.0,
2020-10-13,242.0,242.0,235.25,236.5099945068359,849425.0,0.0,0.0,
2020-10-14,244.3999938964844,244.3999938964844,232.3000030517578,240.1600036621094,825756.0,0.0,0.0,
2020-10-15,240.1600036621094,241.8000030517578,231.0,231.9299926757812,1012835.0,0.0,0.0,
2020-10-16,233.7899932861328,237.6900024414062,232.6600036621094,236.5,769741.0,0.0,0.0,
2020-10-19,236.0,244.3999938964844,235.5500030517578,243.8999938964844,1320129.0,0.0,0.0,
2020-10-20,244.8999938964844,244.9499969482422,241.5,244.1100006103516,818043.0,0.0,0.0,
2020-10-21,244.9499969482422,249.25,241.8200073242188,247.2799987792969,1375659.0,0.0,0.0,
2020-10-22,248.0,248.9499969482422,241.3500061035156,246.1000061035156,735432.0,0.0,0.0,
2020-10-23,247.5500030517578,248.4600067138672,244.6600036621094,246.4900054931641,889495.0,0.0,0.0,
2020-10-26,246.4900054931641,247.3500061035156,240.3999938964844,242.4299926757812,821271.0,0.0,0.0,
2020-10-27,241.9799957275391,248.8999938964844,240.1900024414062,248.5099945068359,874582.0,0.0,0.0,
2020-10-28,248.4900054931641,248.8999938964844,242.0500030517578,243.7700042724609,864336.0,0.0,0.0,
2020-10-29,247.0,247.0,239.8000030517578,242.4400024414062,794652.0,0.0,0.0,
2020-10-30,247.0,247.0,237.75,240.6499938964844,779043.0,0.0,0.0,
2020-11-02,243.5,252.2899932861328,240.6499938964844,250.1300048828125,1885847.0,0.0,0.0,
2020-11-03,251.9499969482422,258.6000061035156,250.0,257.7200012207031,1005633.0,0.0,0.0,
2020-11-04,257.7200012207031,260.4299926757812,253.1799926757812,259.739990234375,2792153.0,0.0,0.0,
2020-11-05,264.0,264.8800048828125,260.1099853515625,264.0400085449219,1184351.0,0.0,0.0,
2020-11-06,261.0,269.4599914550781,261.0,268.8699951171875,1069929.0,0.0,0.0,
2020-11-09,268.989990234375,278.1499938964844,268.989990234375,277.3999938964844,2299584.0,0.0,0.0,
2020-11-10,279.3999938964844,289.8500061035156,279.1099853515625,288.1400146484375,2369396.0,0.0,0.0,
2020-11-11,293.0,293.0,284.2000122070312,290.7099914550781,2370667.0,0.0,0.0,
2020-11-12,290.0,293.0,282.8999938964844,284.7699890136719,957846.0,0.0,0.0,
2020-11-13,286.9700012207031,286.989990234375,279.0199890136719,286.4299926757812,977385.0,0.0,0.0,
2020-11-14,287.5,288.8900146484375,285.6900024414062,287.1300048828125,254458.0,0.0,0.0,
2020-11-17,290.7000122070312,294.0,285.7000122070312,293.5799865722656,1530445.0,0.0,0.0,
2020-11-18,299.75,300.0,292.1600036621094,299.7799987792969,1731073.0,0.0,0.0,
2020-11-19,299.0,299.489990234375,289.5,290.7900085449219,2356738.0,0.0,0.0,
2020-11-20,294.7999877929688,295.6700134277344,287.6099853515625,294.6300048828125,1054856.0,0.0,0.0,
2020-11-23,295.0,297.0,289.5299987792969,292.1199951171875,1314013.0,0.0,0.0,
2020-11-24,293.0,299.0,293.0,298.5899963378906,811654.0,0.0,0.0,
2020-11-25,300.0,303.1400146484375,293.2000122070312,293.7900085449219,1245657.0,0.0,0.0,
2020-11-26,298.5,298.5,291.3500061035156,297.1099853515625,845562.0,0.0,0.0,
2020-11-27,297.1099853515625,299.0,295.2999877929688,297.0599975585938,1427619.0,0.0,0.0,
2020-12-01,299.7000122070312,300.3800048828125,293.0,299.4299926757812,888026.0,0.0,0.0,
2020-12-02,299.7900085449219,299.8999938964844,293.260009765625,296.6799926757812,732057.0,0.0,0.0,
2020-12-03,299.0899963378906,299.7000122070312,295.5,296.1900024414062,515936.0,0.0,0.0,
2020-12-04,297.3599853515625,302.989990234375,296.25,301.9200134277344,935581.0,0.0,0.0,
2020-12-07,304.1000061035156,304.5400085449219,299.2000122070312,303.1300048828125,791376.0,0.0,0.0,
2020-12-08,305.0,309.0,301.3699951171875,303.4500122070312,666544.0,0.0,0.0,
2020-12-09,303.4500122070312,309.2999877929688,303.4500122070312,308.4100036621094,848733.0,0.0,0.0,
2020-12-10,302.1000061035156,309.5,302.1000061035156,306.7799987792969,587328.0,0.0,0.0,
2020-12-11,307.7999877929688,309.7000122070312,304.7799987792969,307.989990234375,1086922.0,0.0,0.0,
2020-12-14,308.5,310.489990234375,307.7999877929688,309.2200012207031,618838.0,0.0,0.0,
2020-12-15,309.2200012207031,310.0,305.2000122070312,308.4299926757812,528202.0,0.0,0.0,
2020-12-16,308.4299926757812,310.5400085449219,307.7099914550781,309.010009765625,379184.0,0.0,0.0,
2020-12-17,309.2900085449219,311.2000122070312,307.6000061035156,309.989990234375,558799.0,0.0,0.0,
2020-12-18,310.9500122070312,312.8999938964844,305.6799926757812,309.1700134277344,586892.0,0.0,0.0,
2020-12-21,307.8800048828125,309.1099853515625,294.25,296.2200012207031,1152653.0,0.0,0.0,
2020-12-22,302.9500122070312,303.8999938964844,291.5,297.7799987792969,1469175.0,0.0,0.0,
2020-12-23,297.3800048828125,300.7099914550781,296.1000061035156,300.0499877929688,494437.0,0.0,0.0,
2020-12-24,301.7999877929688,306.4599914550781,301.0,305.2799987792969,629002.0,0.0,0.0,
2020-12-28,306.0,312.0,306.0,310.1000061035156,814598.0,0.0,0.0,
2020-12-29,311.239990234375,314.4500122070312,311.1099853515625,314.1099853515625,763394.0,0.0,0.0,
2020-12-30,315.4700012207031,316.0,311.2099914550781,313.9400024414062,806142.0,0.0,0.0,
2020-12-31,313.8500061035156,314.7999877929688,311.5,313.5400085449219,1492506.0,0.0,0.0,
2021-01-01,314.3500061035156,315.0,312.5400085449219,313.6499938964844,308206.0,0.0,0.0,
2021-01-04,316.0,316.7300109863281,310.3099975585938,314.1199951171875,737195.0,0.0,0.0,
2021-01-05,313.2099914550781,319.4800109863281,311.1300048828125,318.7300109863281,770683.0,0.0,0.0,
2021-01-06,320.6400146484375,321.260009765625,317.3999938964844,319.6700134277344,608840.0,0.0,0.0,
2021-01-07,325.0,325.0,320.0,321.0799865722656,748450.0,0.0,0.0,
2021-01-08,324.1000061035156,324.1000061035156,321.2000122070312,321.8200073242188,635337.0,0.0,0.0,
2021-01-11,329.6000061035156,329.6000061035156,319.260009765625,321.3900146484375,1125619.0,0.0,0.0,
2021-01-12,319.5199890136719,325.7900085449219,318.739990234375,325.239990234375,678102.0,0.0,0.0,
2021-01-13,327.4800109863281,328.2999877929688,323.760009765625,327.8299865722656,837336.0,0.0,0.0,
2021-01-14,328.0,329.0,326.5,327.25,391995.0,0.0,0.0,
2021-01-15,327.25,327.25,322.7000122070312,324.3099975585938,672447.0,0.0,0.0,
2021-01-18,326.9500122070312,326.9500122070312,318.5,320.0299987792969,859507.0,0.0,0.0,
2021-01-19,322.1099853515625,326.7999877929688,321.1000061035156,326.4200134277344,426376.0,0.0,0.0,
2021-01-20,326.0,327.760009765625,325.0499877929688,326.9700012207031,361447.0,0.0,0.0,
2021-01-21,329.0,329.7099914550781,321.3200073242188,323.2099914550781,595444.0,0.0,0.0,
2021-01-22,329.0,329.0,313.5,314.0799865722656,1400714.0,0.0,0.0,
2021-01-25,319.0,320.0,311.8399963378906,314.1499938964844,618075.0,0.0,0.0,
2021-01-27,317.9500122070312,317.9500122070312,304.010009765625,304.8099975585938,1472589.0,0.0,0.0,
2021-01-28,306.0,306.0,298.1199951171875,304.1300048828125,2031707.0,0.0,0.0,
2021-01-29,343.7000122070312,343.7000122070312,303.4800109863281,307.0599975585938,815471.0,0.0,0.0,
2021-02-01,310.7200012207031,335.0,307.1099853515625,332.9700012207031,3243094.0,0.0,0.0,
2021-02-02,335.0,347.6799926757812,333.510009765625,343.9599914550781,1715233.0,0.0,0.0,
2021-02-03,342.0,350.2000122070312,341.239990234375,348.510009765625,1109640.0,0.0,0.0,
2021-02-04,346.7799987792969,355.0,344.0,354.2099914550781,1137575.0,0.0,0.0,
2021-02-05,355.0,367.0,355.0,357.8099975585938,1661040.0,0.0,0.0,
2021-02-08,361.7999877929688,365.6199951171875,357.8099975585938,361.2799987792969,796390.0,0.0,0.0,
2021-02-09,362.3800048828125,366.0,357.7000122070312,362.0199890136719,947209.0,0.0,0.0,
2021-02-10,361.739990234375,363.9500122070312,356.3999938964844,360.25,942002.0,0.0,0.0,
2021-02-11,359.5499877929688,362.0799865722656,358.1000061035156,359.6600036621094,403675.0,0.0,0.0,
2021-02-12,360.260009765625,364.7999877929688,358.6600036621094,363.7799987792969,804281.0,0.0,0.0,
2021-02-15,366.7699890136719,379.3200073242188,366.0199890136719,376.7000122070312,1789598.0,0.0,0.0,
2021-02-16,379.489990234375,379.7900085449219,370.2999877929688,373.5,1913952.0,0.0,0.0,
2021-02-17,378.8999938964844,378.8999938964844,370.0,371.5700073242188,883944.0,0.0,0.0,
2021-02-18,372.2000122070312,373.510009765625,366.3500061035156,368.3699951171875,712378.0,0.0,0.0,
2021-02-19,374.0,374.0,358.6000061035156,360.9400024414062,926431.0,0.0,0.0,
2021-02-22,360.9400024414062,366.989990234375,353.5,354.5799865722656,909782.0,0.0,0.0,
2021-02-23,359.0,369.0,352.2999877929688,353.760009765625,882389.0,0.0,0.0,
2021-02-24,356.9500122070312,367.9500122070312,345.1499938964844,366.9200134277344,628880.0,0.0,0.0,
2021-02-25,375.0,375.0,367.5899963378906,368.0599975585938,1038463.0,0.0,0.0,
2021-02-26,365.0,365.0,349.2000122070312,351.260009765625,2037097.0,0.0,0.0,
2021-03-01,359.0,359.0,352.239990234375,354.9599914550781,847397.0,0.0,0.0,
2021-03-02,355.1499938964844,358.9299926757812,350.0,355.4200134277344,805201.0,0.0,0.0,
2021-03-03,358.3999938964844,366.8500061035156,358.3999938964844,366.1099853515625,1125422.0,0.0,0.0,
2021-03-04,358.3999938964844,365.5,357.0,360.6000061035156,894776.0,0.0,0.0,
2021-03-05,357.6600036621094,358.4800109863281,351.4700012207031,354.5700073242188,971954.0,0.0,0.0,
2021-03-08,357.4500122070312,360.3500061035156,353.2900085449219,354.7200012207031,1031928.0,0.0,0.0,
2021-03-09,363.0,363.0,356.4299926757812,360.2699890136719,870415.0,0.0,0.0,
2021-03-10,362.4800109863281,363.3900146484375,359.260009765625,361.3900146484375,632061.0,0.0,0.0,
2021-03-12,365.0,368.6700134277344,353.4299926757812,356.1600036621094,1202996.0,0.0,0.0,
2021-03-15,356.4800109863281,356.4800109863281,346.7999877929688,354.0700073242188,1469697.0,0.0,0.0,
2021-03-16,357.0,357.0,349.2000122070312,350.0199890136719,1255725.0,0.0,0.0,
2021-03-17,353.0,355.989990234375,343.6400146484375,344.8500061035156,946299.0,0.0,0.0,
2021-03-18,348.6400146484375,349.2099914550781,337.6400146484375,339.8099975585938,1607307.0,0.0,0.0,
2021-03-19,340.5499877929688,346.0,335.0,342.5400085449219,1783113.0,0.0,0.0,
2021-03-22,342.5400085449219,345.0,335.5499877929688,337.9100036621094,929759.0,0.0,0.0,
2021-03-23,339.0,345.0,337.7999877929688,343.4599914550781,936877.0,0.0,0.0,
2021-03-24,343.4500122070312,346.8999938964844,334.7799987792969,335.2900085449219,1146168.0,0.0,0.0,
2021-03-25,336.1400146484375,338.0,326.7699890136719,333.0400085449219,1714479.0,0.0,0.0,
2021-03-26,339.989990234375,343.0,333.8299865722656,335.7699890136719,863585.0,0.0,0.0,
2021-03-30,338.989990234375,342.0,337.0400085449219,339.7300109863281,959834.0,0.0,0.0,
2021-03-31,339.5299987792969,341.6000061035156,333.6499938964844,334.9299926757812,716491.0,0.0,0.0,
2021-04-01,339.0199890136719,342.25,334.5,341.5199890136719,1272684.0,0.0,0.0,
2021-04-05,341.5199890136719,342.4500122070312,325.5199890136719,328.9700012207031,2048803.0,0.0,0.0,
2021-04-06,334.2999877929688,337.9500122070312,325.239990234375,326.75,1667971.0,0.0,0.0,
2021-04-07,327.5,343.7000122070312,323.3999938964844,331.6199951171875,855740.0,0.0,0.0,
2021-04-08,332.5,336.0499877929688,326.3999938964844,330.0,711373.0,0.0,0.0,
2021-04-09,330.5,332.0,325.2000122070312,326.7099914550781,863431.0,0.0,0.0,
2021-04-12,326.5,326.5,307.0,309.6799926757812,3328197.0,0.0,0.0,
2021-04-13,313.0,320.7300109863281,309.6799926757812,319.4400024414062,1183497.0,0.0,0.0,
2021-04-15,319.4400024414062,324.8500061035156,316.3999938964844,323.8099975585938,3432574.0,0.0,0.0,
2021-04-16,324.7999877929688,325.2799987792969,320.989990234375,322.3900146484375,3212413.0,0.0,0.0,
2021-04-19,320.4500122070312,320.4500122070312,306.6799926757812,314.0400085449219,1917865.0,0.0,0.0,
2021-04-20,326.7999877929688,326.7999877929688,311.010009765625,313.0899963378906,884747.0,0.0,0.0,
2021-04-22,310.0,319.4200134277344,307.2099914550781,318.9100036621094,1218749.0,0.0,0.0,
2021-04-23,319.5299987792969,322.4599914550781,315.0,318.1000061035156,1286802.0,0.0,0.0,
2021-04-26,318.0499877929688,326.7999877929688,318.0499877929688,323.8999938964844,1136376.0,0.0,0.0,
2021-04-27,324.9500122070312,328.9599914550781,322.8200073242188,328.3500061035156,797722.0,0.0,0.0,
2021-04-28,330.7000122070312,338.9700012207031,328.8500061035156,338.3900146484375,1822413.0,0.0,0.0,
2021-04-29,338.7999877929688,343.7999877929688,334.2000122070312,337.7900085449219,1410461.0,0.0,0.0,
2021-04-30,336.7999877929688,351.2999877929688,324.2999877929688,328.4700012207031,2423544.0,0.0,0.0,
2021-05-03,326.3999938964844,327.4599914550781,320.2000122070312,326.3200073242188,1472465.0,0.0,0.0,
2021-05-04,326.0,332.0,323.1300048828125,324.0499877929688,1098339.0,0.0,0.0,
2021-05-05,327.0,330.989990234375,322.1799926757812,329.3900146484375,875599.0,0.0,0.0,
2021-05-06,339.1000061035156,339.1000061035156,326.7999877929688,329.1300048828125,655060.0,0.0,0.0,
2021-05-07,331.5499877929688,333.2900085449219,328.6499938964844,329.9800109863281,630961.0,0.0,0.0,
2021-05-10,330.2999877929688,334.0,330.0,332.3800048828125,786410.0,0.0,0.0,
2021-05-11,335.0,335.0,327.4800109863281,329.2999877929688,615429.0,0.0,0.0,
2021-05-12,329.4400024414062,329.4400024414062,324.510009765625,325.510009765625,894768.0,0.0,0.0,
2021-05-14,326.3900146484375,327.0899963378906,322.5,322.989990234375,811789.0,0.0,0.0,
2021-05-17,331.0,335.9299926757812,324.0799865722656,335.3800048828125,1256128.0,0.0,0.0,
2021-05-18,336.0,342.0,336.0,340.8200073242188,2135356.0,0.0,0.0,
2021-05-19,340.7999877929688,340.7999877929688,337.1900024414062,338.1400146484375,760856.0,0.0,0.0,
2021-05-20,338.6300048828125,341.9500122070312,334.3200073242188,334.75,677159.0,0.0,0.0,
2021-05-21,337.9500122070312,350.0,336.6000061035156,347.3099975585938,1266754.0,0.0,0.0,
2021-05-24,345.0,353.6099853515625,345.0,350.7999877929688,2293395.0,0.0,0.0,
2021-05-25,354.9500122070312,354.9500122070312,346.0,348.5899963378906,900894.0,0.0,0.0,
2021-05-26,351.0,351.0,346.5,348.8999938964844,901516.0,0.0,0.0,
2021-05-27,351.8999938964844,353.6000061035156,347.1400146484375,352.5899963378906,756801.0,0.0,0.0,
2021-05-28,355.0,357.3999938964844,352.1000061035156,353.6000061035156,1215524.0,0.0,0.0,
2021-05-31,357.9500122070312,357.9500122070312,351.0,356.1199951171875,842942.0,0.0,0.0,
2021-06-01,357.8999938964844,359.0,354.2000122070312,355.4700012207031,1457045.0,0.0,0.0,
2021-06-02,355.0,356.0,352.7999877929688,355.6300048828125,429743.0,0.0,0.0,
2021-06-03,358.9500122070312,363.8999938964844,356.0,357.9200134277344,536303.0,0.0,0.0,
2021-06-04,369.0,369.0,354.0499877929688,354.7099914550781,977349.0,0.0,0.0,
2021-06-07,356.7999877929688,357.260009765625,355.1099853515625,356.0199890136719,482275.0,0.0,0.0,
2021-06-08,357.0,357.7999877929688,351.3999938964844,352.1300048828125,1010369.0,0.0,0.0,
2021-06-09,359.7999877929688,359.7999877929688,347.8800048828125,349.4299926757812,687234.0,0.0,0.0,
2021-06-10,354.9500122070312,354.9500122070312,348.6000061035156,352.6300048828125,545589.0,0.0,0.0,
2021-06-11,354.5,354.5,350.4500122070312,351.5899963378906,574514.0,0.0,0.0,
2021-06-14,357.8999938964844,357.8999938964844,345.1000061035156,350.7799987792969,532218.0,0.0,0.0,
2021-06-15,354.6000061035156,354.6000061035156,349.239990234375,353.5899963378906,546256.0,0.0,0.0,
2021-06-16,356.0,356.0,350.75,351.3099975585938,366922.0,0.0,0.0,
2021-06-17,356.0,356.0,345.8200073242188,347.2300109863281,574282.0,0.0,0.0,
2021-06-18,348.25,348.9700012207031,340.7200012207031,347.0799865722656,928938.0,0.0,0.0,
2021-06-21,346.3999938964844,350.510009765625,341.0199890136719,350.1300048828125,685830.0,0.0,0.0,
2021-06-22,350.6000061035156,353.75,348.3099975585938,349.0400085449219,696117.0,0.0,0.0,
2021-06-23,353.3500061035156,353.3500061035156,347.3999938964844,347.8399963378906,345042.0,0.0,0.0,
2021-06-24,358.0,358.0,347.010009765625,350.4200134277344,286785.0,0.0,0.0,
2021-06-25,350.989990234375,356.4500122070312,350.0,354.989990234375,766342.0,0.0,0.0,
2021-06-28,357.0,357.2200012207031,353.8599853515625,355.239990234375,378989.0,0.0,0.0,
2021-06-29,364.8999938964844,364.8999938964844,351.6199951171875,352.7300109863281,662256.0,0.0,0.0,
2021-06-30,340.1000061035156,355.7999877929688,340.1000061035156,350.2900085449219,437179.0,0.0,0.0,
2021-07-01,355.0,359.0,349.0499877929688,349.6600036621094,542743.0,0.0,0.0,
2021-07-02,354.7999877929688,354.7999877929688,349.0499877929688,350.5299987792969,315134.0,0.0,0.0,
2021-07-05,352.5299987792969,354.0,350.7999877929688,353.8999938964844,487665.0,0.0,0.0,
2021-07-06,354.1199951171875,359.510009765625,353.6099853515625,357.4299926757812,844197.0,0.0,0.0,
2021-07-07,360.0,360.0,355.8200073242188,359.2000122070312,353620.0,0.0,0.0,
2021-07-08,360.0,361.0,354.0,355.2000122070312,502101.0,0.0,0.0,
2021-07-09,356.5,357.0,351.3399963378906,353.5,559107.0,0.0,0.0,
2021-07-12,356.9500122070312,357.0,352.9400024414062,354.1799926757812,258079.0,0.0,0.0,
2021-07-13,359.9500122070312,359.9500122070312,355.1400146484375,358.3800048828125,412512.0,0.0,0.0,
2021-07-14,359.9500122070312,359.9500122070312,356.5599975585938,358.5700073242188,296183.0,0.0,0.0,
2021-07-15,358.5,361.75,356.1499938964844,361.2900085449219,703281.0,0.0,0.0,
2021-07-16,362.4500122070312,362.4500122070312,359.239990234375,360.0599975585938,313957.0,0.0,0.0,
2021-07-19,392.5,392.5,352.010009765625,353.7999877929688,685844.0,0.0,0.0,
2021-07-20,359.0,359.0,346.6799926757812,347.1300048828125,925403.0,0.0,0.0,
2021-07-22,357.0,357.0,348.2999877929688,349.4299926757812,331839.0,0.0,0.0,
2021-07-23,350.3699951171875,352.7999877929688,346.7300109863281,352.3099975585938,413998.0,0.0,0.0,
2021-07-26,355.0,355.0,349.0899963378906,351.5199890136719,316537.0,0.0,0.0,
2021-07-27,351.5199890136719,353.6600036621094,349.3699951171875,350.0599975585938,315958.0,0.0,0.0,
2021-07-28,352.0,352.0,344.0799865722656,348.260009765625,610006.0,0.0,0.0,
2021-07-29,350.8999938964844,350.8999938964844,347.8599853515625,349.2099914550781,534485.0,0.0,0.0,
2021-07-30,352.0,352.0,347.1799926757812,348.2900085449219,507848.0,0.0,0.0,
2021-08-02,348.5,351.6000061035156,348.2000122070312,349.2999877929688,387561.0,0.0,0.0,
2021-08-03,364.5700073242188,364.5700073242188,348.010009765625,353.9400024414062,435420.0,0.0,0.0,
2021-08-04,356.0,363.9599914550781,354.0,362.1600036621094,1227900.0,0.0,0.0,
2021-08-05,364.0,364.0,358.7999877929688,361.0799865722656,733643.0,0.0,0.0,
2021-08-06,363.0,363.6000061035156,360.239990234375,361.25,833554.0,0.0,0.0,
2021-08-09,363.7999877929688,364.1000061035156,360.239990234375,362.010009765625,1213161.0,0.0,0.0,
2021-08-10,362.0599975585938,364.8900146484375,360.1000061035156,362.5599975585938,881659.0,0.0,0.0,
2021-08-11,364.0,364.0799865722656,358.3200073242188,360.5499877929688,415259.0,0.0,0.0,
2021-08-12,417.0,417.0,359.760009765625,361.9299926757812,236068.0,0.0,0.0,
2021-08-13,379.0,379.0,361.2099914550781,363.7799987792969,348529.0,0.0,0.0,
2021-08-16,366.0599975585938,366.0599975585938,361.260009765625,363.1300048828125,201858.0,0.0,0.0,
2021-08-17,379.0,379.0,359.3299865722656,361.3599853515625,363529.0,0.0,0.0,
2021-08-18,361.5599975585938,364.7999877929688,357.3500061035156,358.5700073242188,344407.0,0.0,0.0,
2021-08-20,358.0,358.0,352.4400024414062,352.9500122070312,971238.0,0.0,0.0,
2021-08-23,357.0,357.0,351.010009765625,354.0499877929688,323998.0,0.0,0.0,
2021-08-24,362.3699951171875,362.3699951171875,353.5,359.5400085449219,426333.0,0.0,0.0,
2021-08-25,362.0,362.0,358.0,358.5499877929688,217459.0,0.0,0.0,
2021-08-26,359.3999938964844,360.2000122070312,356.2000122070312,359.4299926757812,348877.0,0.0,0.0,
2021-08-27,360.1000061035156,360.8999938964844,356.9200134277344,359.9700012207031,2531688.0,0.0,0.0,
2021-08-30,388.8800048828125,388.8800048828125,359.9700012207031,366.4500122070312,897041.0,0.0,0.0,
2021-08-31,378.010009765625,378.010009765625,365.0,367.1600036621094,631973.0,0.0,0.0,
2021-09-01,367.1600036621094,374.9500122070312,367.1400146484375,369.4700012207031,1066861.0,0.0,0.0,
2021-09-02,371.3999938964844,372.0,366.510009765625,371.2900085449219,416634.0,0.0,0.0,
2021-09-03,374.8800048828125,374.8800048828125,369.1700134277344,370.9500122070312,787495.0,0.0,0.0,
2021-09-06,393.2000122070312,393.2000122070312,369.0599975585938,369.4299926757812,315226.0,0.0,0.0,
2021-09-07,377.8800048828125,377.8800048828125,364.6600036621094,367.4800109863281,508270.0,0.0,0.0,
2021-09-08,370.0,370.8999938964844,366.4700012207031,370.239990234375,326534.0,0.0,0.0,
2021-09-09,372.5,372.5,366.9400024414062,368.9599914550781,204843.0,0.0,0.0,
2021-09-13,399.8800048828125,399.8800048828125,365.6799926757812,367.25,292249.0,0.0,0.0,
2021-09-14,369.989990234375,369.989990234375,367.8200073242188,368.4100036621094,175962.0,0.0,0.0,
2021-09-15,369.0,371.8399963378906,367.6000061035156,370.9599914550781,295895.0,0.0,0.0,
2021-09-16,370.9599914550781,379.7000122070312,370.9599914550781,378.9100036621094,742315.0,0.0,0.0,
2021-09-17,378.8999938964844,383.2999877929688,376.25,379.5700073242188,967226.0,0.0,0.0,
2021-09-20,413.7000122070312,413.7000122070312,373.3999938964844,374.0700073242188,748123.0,0.0,0.0,
2021-09-21,378.8999938964844,378.8999938964844,368.6099853515625,374.9800109863281,692127.0,0.0,0.0,
2021-09-22,408.7000122070312,408.7000122070312,371.7999877929688,372.75,265355.0,0.0,0.0,
2021-09-23,365.25,380.5,365.25,379.9599914550781,514544.0,0.0,0.0,
2021-09-24,399.0,399.0,379.1199951171875,380.5400085449219,472233.0,0.0,0.0,
2021-09-27,382.2999877929688,385.5,380.7999877929688,383.8299865722656,371127.0,0.0,0.0,
2021-09-28,386.6000061035156,386.6000061035156,376.6499938964844,382.8500061035156,600507.0,0.0,0.0,
2021-09-29,382.7999877929688,382.7999877929688,376.3999938964844,381.1000061035156,586786.0,0.0,0.0,
2021-09-30,382.0,382.0,376.8999938964844,377.4599914550781,377420.0,0.0,0.0,
2021-10-01,382.8800048828125,382.8800048828125,372.4800109863281,375.260009765625,507184.0,0.0,0.0,
2021-10-04,381.0,381.0,374.9700012207031,379.1199951171875,248568.0,0.0,0.0,
2021-10-05,379.1199951171875,381.3999938964844,356.3999938964844,380.5299987792969,381322.0,0.0,0.0,
2021-10-06,370.0,383.760009765625,370.0,377.5799865722656,725133.0,0.0,0.0,
2021-10-07,377.5799865722656,389.0,377.5799865722656,380.0400085449219,195059.0,0.0,0.0,
2021-10-08,389.7999877929688,389.7999877929688,379.1900024414062,380.25,303056.0,0.0,0.0,
2021-10-11,384.0,386.8200073242188,380.25,384.8200073242188,502915.0,0.0,0.0,
2021-10-12,385.0,387.9700012207031,383.4200134277344,387.25,263994.0,0.0,0.0,
2021-10-13,387.25,389.5,387.25,388.1799926757812,274440.0,0.0,0.0,
2021-10-14,388.5599975585938,396.2099914550781,388.0,395.989990234375,1077706.0,0.0,0.0,
2021-10-18,416.8800048828125,416.8800048828125,386.260009765625,400.3900146484375,875557.0,0.0,0.0,
2021-10-19,400.7999877929688,402.8999938964844,396.8200073242188,399.0799865722656,856049.0,0.0,0.0,
2021-10-20,409.8800048828125,409.8800048828125,396.8800048828125,398.6199951171875,287494.0,0.0,0.0,
2021-10-21,410.4400024414062,410.4400024414062,397.5,403.6000061035156,373800.0,0.0,0.0,
2021-10-22,405.0,408.0899963378906,404.0499877929688,406.1400146484375,698364.0,0.0,0.0,
2021-10-25,434.8800048828125,434.8800048828125,400.25,414.6300048828125,681508.0,0.0,0.0,
2021-10-26,415.0,417.7999877929688,410.8200073242188,413.7200012207031,588315.0,0.0,0.0,
2021-10-27,415.0,415.9200134277344,410.5,411.6700134277344,325997.0,0.0,0.0,
2021-10-28,420.0,420.0,396.3599853515625,398.0,973640.0,0.0,0.0,
2021-10-29,401.6000061035156,406.1400146484375,388.1000061035156,394.6199951171875,891391.0,0.0,0.0,
2021-11-01,401.0,402.1499938964844,388.1099853515625,400.9800109863281,521794.0,0.0,0.0,
2021-11-02,400.9800109863281,403.9400024414062,398.0,402.5,230990.0,0.0,0.0,
2021-11-03,402.5,404.5,395.010009765625,395.9500122070312,947620.0,0.0,0.0,
2021-11-04,407.489990234375,407.489990234375,396.5,397.6900024414062,88085.0,0.0,0.0,
2021-11-08,404.8800048828125,404.8800048828125,392.0799865722656,397.4800109863281,565984.0,0.0,0.0,
2021-11-09,399.5,399.5,394.6400146484375,396.2099914550781,171897.0,0.0,0.0,
2021-11-10,396.0,396.0,391.4299926757812,392.2000122070312,616105.0,0.0,0.0,
2021-11-11,395.3999938964844,395.3999938964844,386.4599914550781,388.6099853515625,445432.0,0.0,0.0,
2021-11-12,391.0,391.3999938964844,387.6099853515625,390.0899963378906,315140.0,0.0,0.0,
2021-11-15,394.3999938964844,394.3999938964844,389.0,389.7900085449219,216010.0,0.0,0.0,
2021-11-16,388.25,390.3999938964844,384.7000122070312,385.5899963378906,445011.0,0.0,0.0,
2021-11-17,385.5,387.3500061035156,382.5,383.8299865722656,344000.0,0.0,0.0,
2021-11-18,386.7999877929688,386.7999877929688,380.6499938964844,382.8200073242188,448081.0,0.0,0.0,
2021-11-22,382.8200073242188,384.0,370.0,374.5700073242188,1258958.0,0.0,0.0,
2021-11-23,377.3999938964844,377.3999938964844,369.0199890136719,374.9200134277344,726958.0,0.0,0.0,
2021-11-24,375.8999938964844,380.5899963378906,373.0,376.4299926757812,344427.0,0.0,0.0,
2021-11-25,389.8800048828125,389.8800048828125,373.8399963378906,376.6400146484375,322969.0,0.0,0.0,
2021-11-26,384.5,384.5,362.4599914550781,363.3099975585938,1864459.0,0.0,0.0,
2021-11-29,384.8800048828125,384.8800048828125,356.5199890136719,362.6799926757812,638384.0,0.0,0.0,
2021-11-30,363.0,369.8599853515625,358.1000061035156,359.6099853515625,926883.0,0.0,0.0,
2021-12-01,360.3999938964844,367.0,360.1099853515625,366.5299987792969,439209.0,0.0,0.0,
2021-12-02,389.8800048828125,389.8800048828125,364.4500122070312,367.9800109863281,464721.0,0.0,0.0,
2021-12-03,375.0,375.0,363.4599914550781,365.1600036621094,506463.0,0.0,0.0,
2021-12-06,368.0,368.0,360.2000122070312,360.5799865722656,390227.0,0.0,0.0,
2021-12-07,366.0,375.0,360.5799865722656,369.7999877929688,2942661.0,0.0,0.0,
2021-12-08,375.0,376.7900085449219,370.2999877929688,376.2300109863281,489267.0,0.0,0.0,
2021-12-09,376.989990234375,377.3999938964844,372.2900085449219,374.1499938964844,475271.0,0.0,0.0,
2021-12-10,370.3999938964844,374.739990234375,370.3999938964844,374.4100036621094,440155.0,0.0,0.0,
2021-12-13,378.0,378.7999877929688,372.3299865722656,372.8599853515625,678416.0,0.0,0.0,
2021-12-14,374.2099914550781,374.2099914550781,368.6000061035156,372.1400146484375,554214.0,0.0,0.0,
2021-12-15,380.0,380.0,370.6000061035156,371.1799926757812,409318.0,0.0,0.0,
2021-12-16,376.0,376.0,366.989990234375,368.2799987792969,613516.0,0.0,0.0,
2021-12-17,368.2999877929688,370.5,358.0499877929688,358.6700134277344,1667930.0,0.0,0.0,
2021-12-20,359.5,359.8999938964844,343.2799987792969,348.1499938964844,2100516.0,0.0,0.0,
2021-12-21,351.0,353.5,346.260009765625,348.3500061035156,833671.0,0.0,0.0,
2021-12-22,351.2799987792969,353.7300109863281,349.5199890136719,352.8900146484375,353754.0,0.0,0.0,
2021-12-23,355.7999877929688,357.489990234375,352.0,353.9700012207031,421938.0,0.0,0.0,
2021-12-24,355.7999877929688,356.7900085449219,348.2000122070312,350.0700073242188,734325.0,0.0,0.0,
2021-12-27,352.7999877929688,353.1600036621094,344.239990234375,352.4400024414062,525423.0,0.0,0.0,
2021-12-28,355.0,355.9200134277344,352.239990234375,354.3800048828125,754987.0,0.0,0.0,
2021-12-29,357.2999877929688,357.2999877929688,351.6499938964844,353.0599975585938,313258.0,0.0,0.0,
2021-12-30,351.5499877929688,354.8900146484375,350.1400146484375,354.0400085449219,1464818.0,0.0,0.0,
2021-12-31,356.0,358.3999938964844,351.5499877929688,357.510009765625,441397.0,0.0,0.0,
2022-01-03,356.989990234375,367.5,356.7099914550781,366.8200073242188,504185.0,0.0,0.0,
2022-01-04,368.4500122070312,371.3399963378906,366.3299865722656,370.8500061035156,601885.0,0.0,0.0,
2022-01-05,369.4400024414062,380.6900024414062,367.7000122070312,379.0899963378906,976199.0,0.0,0.0,
2022-01-06,378.7000122070312,380.1099853515625,371.0,378.1900024414062,1151719.0,0.0,0.0,
2022-01-07,377.3099975585938,383.8599853515625,377.3099975585938,380.3099975585938,1003991.0,0.0,0.0,
2022-01-10,429.7999877929688,429.7999877929688,380.5499877929688,385.7099914550781,832719.0,0.0,0.0,
2022-01-11,384.4599914550781,387.4400024414062,383.1099853515625,386.4299926757812,523980.0,0.0,0.0,
2022-01-12,388.0,390.3999938964844,387.7999877929688,389.6900024414062,552550.0,0.0,0.0,
2022-01-13,389.6900024414062,390.010009765625,386.2300109863281,387.2900085449219,735835.0,0.0,0.0,
2022-01-14,387.2900085449219,387.3999938964844,382.9599914550781,386.8099975585938,617743.0,0.0,0.0,
2022-01-17,398.0,398.0,363.6000061035156,385.2999877929688,263462.0,0.0,0.0,
2022-01-18,388.489990234375,391.2900085449219,383.510009765625,384.6700134277344,397609.0,0.0,0.0,
2022-01-19,387.760009765625,387.760009765625,380.5,383.1799926757812,433727.0,0.0,0.0,
2022-01-20,389.3999938964844,389.3999938964844,379.0,381.4800109863281,1063315.0,0.0,0.0,
2022-01-21,381.0,381.0,375.0,377.8800048828125,1067276.0,0.0,0.0,
2022-01-24,379.9800109863281,379.9800109863281,366.1000061035156,372.1499938964844,828346.0,0.0,0.0,
2022-01-25,364.0,381.1499938964844,364.0,380.3999938964844,1045352.0,0.0,0.0,
2022-01-27,379.489990234375,384.5,373.3399963378906,381.7699890136719,1098066.0,0.0,0.0,
2022-01-28,394.8800048828125,394.8800048828125,379.1000061035156,379.8500061035156,618761.0,0.0,0.0,
2022-01-31,381.3099975585938,384.9500122070312,379.4800109863281,382.8999938964844,371886.0,0.0,0.0,
2022-02-01,386.989990234375,390.4400024414062,380.3399963378906,387.4100036621094,2056125.0,0.0,0.0,
2022-02-02,387.5,396.1499938964844,387.5,395.9200134277344,1283509.0,0.0,0.0,
2022-02-03,396.8999938964844,398.9200134277344,388.0,393.6600036621094,1286553.0,0.0,0.0,
2022-02-04,393.6600036621094,395.3999938964844,388.6600036621094,390.8399963378906,733357.0,0.0,0.0,
2022-02-07,394.75,394.75,381.2000122070312,383.0599975585938,556462.0,0.0,0.0,
2022-02-08,390.0,390.0,376.3399963378906,383.2999877929688,587194.0,0.0,0.0,
2022-02-09,385.0,389.5299987792969,380.0,389.2300109863281,450132.0,0.0,0.0,
2022-02-10,390.489990234375,395.0,388.0199890136719,393.3200073242188,1521851.0,0.0,0.0,
2022-02-11,392.0,392.7000122070312,386.510009765625,388.0,771155.0,0.0,0.0,
2022-02-14,382.0,387.0,371.239990234375,372.2000122070312,1808412.0,0.0,0.0,
2022-02-15,375.489990234375,385.0,369.7699890136719,384.2799987792969,831057.0,0.0,0.0,
2022-02-16,383.6000061035156,386.7000122070312,380.5,381.5499877929688,621344.0,0.0,0.0,
2022-02-17,385.0,385.0,377.010009765625,377.9299926757812,540092.0,0.0,0.0,
2022-02-18,377.989990234375,380.7200012207031,375.1799926757812,378.8800048828125,324693.0,0.0,0.0,
2022-02-21,378.489990234375,382.6799926757812,374.6400146484375,379.510009765625,642733.0,0.0,0.0,
2022-02-22,374.8999938964844,379.1199951171875,372.010009765625,377.010009765625,1908183.0,0.0,0.0,
2022-02-23,380.0,380.3399963378906,376.4400024414062,377.260009765625,454000.0,0.0,0.0,
2022-02-24,374.0,374.0,356.3999938964844,359.5899963378906,3317476.0,0.0,0.0,
2022-02-25,364.7000122070312,374.7000122070312,362.0,367.6499938964844,993838.0,0.0,0.0,
2022-02-28,372.5,373.8399963378906,359.3299865722656,364.8900146484375,1002089.0,0.0,0.0,
2022-03-02,362.8900146484375,362.989990234375,352.1000061035156,356.3800048828125,2554091.0,0.0,0.0,
2022-03-03,360.0,362.989990234375,348.9200134277344,350.75,2989112.0,0.0,0.0,
2022-03-04,347.5,353.0899963378906,344.0,346.739990234375,1588441.0,0.0,0.0,
2022-03-07,343.489990234375,343.489990234375,328.6000061035156,332.4200134277344,3513604.0,0.0,0.0,
2022-03-08,331.7000122070312,335.0,324.5,334.1600036621094,2557685.0,0.0,0.0,
2022-03-09,338.0,342.0,332.1000061035156,341.0599975585938,1420942.0,0.0,0.0,
2022-03-10,351.489990234375,357.489990234375,343.760009765625,347.0899963378906,2166227.0,0.0,0.0,
2022-03-11,346.989990234375,350.9400024414062,343.4400024414062,347.75,1287429.0,0.0,0.0,
2022-03-14,355.0,355.9200134277344,347.75,354.8399963378906,1122188.0,0.0,0.0,
2022-03-15,360.0,360.0,349.0,351.8599853515625,1151116.0,0.0,0.0,
2022-03-16,354.9500122070312,359.9500122070312,354.510009765625,359.489990234375,963329.0,0.0,0.0,
2022-03-17,368.0,368.0,362.8999938964844,366.0700073242188,1743409.0,0.0,0.0,
2022-03-21,368.1000061035156,368.9400024414062,361.5,362.8800048828125,658463.0,0.0,0.0,
2022-03-22,378.0,378.0,356.7000122070312,365.9500122070312,1305369.0,0.0,0.0,
2022-03-23,372.5,372.5,362.6099853515625,363.3800048828125,888066.0,0.0,0.0,
2022-03-24,360.0,362.0,357.239990234375,358.2000122070312,1070111.0,0.0,0.0,
2022-03-25,365.0,365.0,354.6700134277344,356.8999938964844,879962.0,0.0,0.0,
2022-03-28,358.989990234375,360.25,352.75,359.75,983259.0,0.0,0.0,
2022-03-29,365.0,365.0,357.4800109863281,360.8800048828125,757772.0,0.0,0.0,
2022-03-30,364.8800048828125,365.5,362.4100036621094,364.989990234375,837598.0,0.0,0.0,
2022-03-31,366.75,367.5,364.3200073242188,365.510009765625,892376.0,0.0,0.0,
2022-04-01,363.1199951171875,373.4700012207031,362.25,372.8500061035156,1225284.0,0.0,0.0,
2022-04-04,374.0,388.4400024414062,374.0,387.7900085449219,2749580.0,0.0,0.0,
2022-04-05,389.0,389.0,381.6000061035156,383.1199951171875,1074527.0,0.0,0.0,
2022-04-06,383.0,383.25,378.2999877929688,379.1300048828125,811405.0,0.0,0.0,
2022-04-07,380.0,382.8900146484375,376.6499938964844,378.5599975585938,1006034.0,0.0,0.0,
2022-04-08,379.0,381.6900024414062,377.1000061035156,380.489990234375,838622.0,0.0,0.0,
2022-04-11,385.0,385.0,375.6000061035156,378.5299987792969,507879.0,0.0,0.0,
2022-04-12,376.0,381.1000061035156,375.0,379.8200073242188,641270.0,0.0,0.0,
2022-04-13,380.6600036621094,382.0,376.2000122070312,376.9599914550781,523624.0,0.0,0.0,
2022-04-18,376.9599914550781,376.9599914550781,367.25,370.4500122070312,1171079.0,0.0,0.0,
2022-04-19,378.8800048828125,378.8800048828125,362.0299987792969,365.5700073242188,763979.0,0.0,0.0,
2022-04-20,369.1400146484375,369.1400146484375,364.1300048828125,365.8299865722656,1223101.0,0.0,0.0,
2022-04-21,378.8800048828125,378.8800048828125,366.6000061035156,370.6400146484375,420905.0,0.0,0.0,
2022-04-22,369.489990234375,369.489990234375,363.0,363.3599853515625,761405.0,0.0,0.0,
2022-04-25,363.0,364.9599914550781,352.6000061035156,363.4100036621094,554248.0,0.0,0.0,
2022-04-26,366.5,367.760009765625,364.7999877929688,366.2999877929688,529646.0,0.0,0.0,
2022-04-27,366.25,366.25,360.5,363.1099853515625,852336.0,0.0,0.0,
2022-04-28,365.3999938964844,367.6900024414062,362.1300048828125,366.760009765625,478794.0,0.0,0.0,
2022-04-29,366.25,369.5,362.5,363.8200073242188,621390.0,0.0,0.0,
2022-05-02,363.1000061035156,364.5499877929688,358.1000061035156,364.1099853515625,765126.0,0.0,0.0,
2022-05-04,365.0,365.6799926757812,354.2200012207031,355.5599975585938,960927.0,0.0,0.0,
2022-05-05,357.5,361.4500122070312,353.3500061035156,354.5899963378906,708431.0,0.0,0.0,
2022-05-06,354.2200012207031,354.2200012207031,346.2999877929688,348.5799865722656,1951542.0,0.0,0.0,
2022-05-09,353.989990234375,353.989990234375,342.0199890136719,345.4700012207031,785411.0,0.0,0.0,
2022-05-10,345.489990234375,349.7300109863281,345.0499877929688,346.6400146484375,623289.0,0.0,0.0,
2022-05-11,350.0,350.0,344.0499877929688,348.5,792613.0,0.0,0.0,
2022-05-12,346.489990234375,346.489990234375,337.0499877929688,338.1900024414062,1811255.0,0.0,0.0,
2022-05-13,340.0,343.1000061035156,334.0,335.010009765625,894298.0,0.0,0.0,
2022-05-16,336.8900146484375,342.489990234375,333.6000061035156,338.7999877929688,535888.0,0.0,0.0,
2022-05-17,341.75,346.2000122070312,339.4500122070312,345.6000061035156,670609.0,0.0,0.0,
2022-05-18,357.489990234375,357.489990234375,343.75,345.1099853515625,955375.0,0.0,0.0,
2022-05-19,354.8800048828125,354.8800048828125,335.6000061035156,336.4200134277344,1160037.0,0.0,0.0,
2022-05-20,337.1000061035156,346.0,337.1000061035156,345.2799987792969,727852.0,0.0,0.0,
2022-05-23,346.75,351.0799865722656,343.6499938964844,345.0,903287.0,0.0,0.0,
2022-05-24,346.989990234375,348.9400024414062,343.6000061035156,345.4299926757812,546345.0,0.0,0.0,
2022-05-25,347.0,349.9500122070312,346.0799865722656,346.6000061035156,596553.0,0.0,0.0,
2022-05-26,349.0,355.0,347.3099975585938,354.0400085449219,697486.0,0.0,0.0,
2022-05-27,356.989990234375,359.760009765625,355.1000061035156,359.0799865722656,853921.0,0.0,0.0,
2022-05-30,360.0,364.8500061035156,360.0,361.4299926757812,906051.0,0.0,0.0,
2022-05-31,363.989990234375,363.989990234375,356.010009765625,357.6199951171875,465014.0,0.0,0.0,
2022-06-01,363.3399963378906,363.3399963378906,356.0,359.510009765625,525744.0,0.0,0.0,
2022-06-02,358.7000122070312,360.0499877929688,357.1000061035156,359.489990234375,449810.0,0.0,0.0,
2022-06-03,361.8999938964844,363.3399963378906,355.0499877929688,356.010009765625,571854.0,0.0,0.0,
2022-06-06,356.0,357.3999938964844,354.0,356.4700012207031,387862.0,0.0,0.0,
2022-06-07,354.8999938964844,354.8999938964844,351.8999938964844,353.3900146484375,429433.0,0.0,0.0,
2022-06-08,355.9400024414062,357.7999877929688,351.5499877929688,352.6099853515625,406632.0,0.0,0.0,
2022-06-09,351.7000122070312,354.4500122070312,350.25,353.5799865722656,405764.0,0.0,0.0,
2022-06-10,355.7799987792969,355.7799987792969,346.9299926757812,348.6099853515625,686536.0,0.0,0.0,
2022-06-13,347.989990234375,347.989990234375,336.5,338.3599853515625,1686939.0,0.0,0.0,
2022-06-14,336.8999938964844,340.25,335.5400085449219,337.1600036621094,620757.0,0.0,0.0,
2022-06-15,338.75,340.25,336.010009765625,336.5499877929688,1797141.0,0.0,0.0,
2022-06-16,338.5,340.3999938964844,328.6000061035156,329.4100036621094,1350985.0,0.0,0.0,
2022-06-17,328.989990234375,332.0,326.25,330.739990234375,1597824.0,0.0,0.0,
2022-06-20,332.739990234375,332.8999938964844,327.5199890136719,329.989990234375,627889.0,0.0,0.0,
2022-06-21,334.9800109863281,338.7999877929688,331.0499877929688,335.2300109863281,730973.0,0.0,0.0,
2022-06-22,341.8500061035156,341.8500061035156,330.6300048828125,331.6400146484375,500705.0,0.0,0.0,
2022-06-23,332.5,337.239990234375,329.8099975585938,334.7699890136719,655616.0,0.0,0.0,
2022-06-24,334.7699890136719,340.5,334.7699890136719,339.6900024414062,587079.0,0.0,0.0,
2022-06-27,342.6799926757812,344.3500061035156,340.760009765625,341.3999938964844,564464.0,0.0,0.0,
2022-06-28,340.0,340.6199951171875,338.4500122070312,339.8900146484375,422285.0,0.0,0.0,
2022-06-29,337.7999877929688,337.7999877929688,335.3299865722656,336.0899963378906,326356.0,0.0,0.0,
2022-06-30,339.4400024414062,339.6000061035156,335.3699951171875,337.3399963378906,328948.0,0.0,0.0,
2022-07-01,336.7999877929688,340.1799926757812,334.010009765625,339.3099975585938,439990.0,0.0,0.0,
2022-07-04,336.2999877929688,343.3399963378906,336.2999877929688,342.739990234375,372116.0,0.0,0.0,
2022-07-05,345.0,346.7000122070312,340.8599853515625,341.4299926757812,862379.0,0.0,0.0,
2022-07-06,342.2999877929688,348.0,342.0,347.2000122070312,995857.0,0.0,0.0,
2022-07-07,351.0,354.75,348.25,352.9599914550781,922929.0,0.0,0.0,
2022-07-08,364.8800048828125,364.8800048828125,353.25,354.6499938964844,615899.0,0.0,0.0,
2022-07-11,354.6499938964844,359.3999938964844,351.75,358.739990234375,915584.0,0.0,0.0,
2022-07-12,357.3999938964844,357.8399963378906,354.3999938964844,355.010009765625,301594.0,0.0,0.0,
2022-07-13,355.25,357.989990234375,351.75,352.3299865722656,285076.0,0.0,0.0,
2022-07-14,353.989990234375,356.25,350.1000061035156,351.0899963378906,772420.0,0.0,0.0,
2022-07-15,352.989990234375,352.989990234375,348.760009765625,351.0599975585938,267436.0,0.0,0.0,
2022-07-18,351.989990234375,357.9500122070312,351.5,357.5499877929688,510412.0,0.0,0.0,
2022-07-19,355.0,361.5,354.0,360.8399963378906,842646.0,0.0,0.0,
2022-07-20,362.0,365.2000122070312,361.75,362.9700012207031,1228576.0,0.0,0.0,
2022-07-21,367.0,367.0,362.0,365.3099975585938,854175.0,0.0,0.0,
2022-07-22,366.0,371.760009765625,365.6499938964844,370.8999938964844,1372644.0,0.0,0.0,
2022-07-25,371.0,373.5,368.2000122070312,370.2999877929688,1221953.0,0.0,0.0,
2022-07-26,369.739990234375,371.2999877929688,367.1000061035156,367.7799987792969,839663.0,0.0,0.0,
2022-07-27,367.1000061035156,372.5,366.4800109863281,372.2200012207031,866520.0,0.0,0.0,
2022-07-28,373.0,377.7999877929688,372.1799926757812,377.0,2203182.0,0.0,0.0,
2022-07-29,379.0,380.8999938964844,375.760009765625,378.0400085449219,1505350.0,0.0,0.0,
2022-08-01,378.0400085449219,382.9500122070312,377.5499877929688,382.5299987792969,819496.0,0.0,0.0,
2022-08-02,381.75,385.3800048828125,379.25,384.2799987792969,1409672.0,0.0,0.0,
2022-08-03,383.489990234375,384.3800048828125,380.6499938964844,383.3999938964844,627243.0,0.0,0.0,
2022-08-04,383.75,385.6199951171875,376.3200073242188,380.8399963378906,1057738.0,0.0,0.0,
2022-08-05,381.2000122070312,385.1000061035156,381.1799926757812,382.739990234375,627773.0,0.0,0.0,
2022-08-08,383.489990234375,387.1000061035156,381.0400085449219,386.4599914550781,597051.0,0.0,0.0,
2022-08-10,386.4599914550781,388.0799865722656,385.0499877929688,386.8399963378906,842350.0,0.0,0.0,
2022-08-11,387.8999938964844,393.8399963378906,387.8999938964844,393.2200012207031,1095930.0,0.0,0.0,
2022-08-12,393.2200012207031,395.1000061035156,391.7999877929688,394.8999938964844,815182.0,0.0,0.0,
2022-08-16,397.010009765625,399.0499877929688,395.8800048828125,397.0599975585938,1264025.0,0.0,0.0,
2022-08-17,397.6000061035156,399.3399963378906,396.7000122070312,399.0700073242188,446128.0,0.0,0.0,
2022-08-18,398.5899963378906,401.5,397.510009765625,401.1000061035156,672145.0,0.0,0.0,
2022-08-19,401.75,402.489990234375,393.0,393.7999877929688,1435659.0,0.0,0.0,
2022-08-22,393.7999877929688,393.7999877929688,387.0,387.3800048828125,1010023.0,0.0,0.0,
2022-08-23,386.489990234375,393.6099853515625,383.0,391.7200012207031,542328.0,0.0,0.0,
2022-08-24,391.989990234375,395.6900024414062,390.8500061035156,394.8699951171875,368179.0,0.0,0.0,
2022-08-25,395.5,399.3500061035156,392.3500061035156,394.260009765625,569843.0,0.0,0.0,
2022-08-26,395.2300109863281,397.8999938964844,393.0400085449219,394.8500061035156,592748.0,0.0,0.0,
2022-08-29,394.8500061035156,394.8500061035156,384.2999877929688,387.7799987792969,897772.0,0.0,0.0,
2022-08-30,391.0,400.5,389.6600036621094,399.9500122070312,840348.0,0.0,0.0,
2022-09-01,394.489990234375,401.2000122070312,394.2000122070312,398.1099853515625,764498.0,0.0,0.0,
2022-09-02,418.2000122070312,418.2000122070312,396.9800109863281,398.7699890136719,525146.0,0.0,0.0,
2022-09-05,400.7000122070312,403.25,388.0,402.7900085449219,928545.0,0.0,0.0,
2022-09-06,403.8800048828125,405.0,400.3500061035156,401.25,1043837.0,0.0,0.0,
2022-09-07,400.0,400.3099975585938,397.1099853515625,399.2799987792969,359823.0,0.0,0.0,
2022-09-08,407.4500122070312,407.4500122070312,400.0199890136719,406.4700012207031,1081465.0,0.0,0.0,
2022-09-09,407.8900146484375,411.1499938964844,407.5599975585938,408.8200073242188,764401.0,0.0,0.0,
2022-09-12,408.8200073242188,412.6000061035156,408.2999877929688,410.2200012207031,455752.0,0.0,0.0,
2022-09-13,413.4800109863281,413.5499877929688,411.25,412.9599914550781,1692456.0,0.0,0.0,
2022-09-14,412.489990234375,420.7999877929688,403.5,419.2900085449219,1492417.0,0.0,0.0,
2022-09-15,417.3999938964844,423.2000122070312,416.2799987792969,417.5299987792969,814781.0,0.0,0.0,
2022-09-16,416.489990234375,417.7999877929688,410.0499877929688,412.3299865722656,911549.0,0.0,0.0,
2022-09-19,412.489990234375,416.6799926757812,358.7000122070312,413.3500061035156,539841.0,0.0,0.0,
2022-09-20,414.9500122070312,421.1799926757812,413.9599914550781,419.0700073242188,584156.0,0.0,0.0,
2022-09-21,419.0,420.7999877929688,413.8500061035156,416.5199890136719,591794.0,0.0,0.0,
2022-09-22,422.4500122070312,422.4500122070312,409.5499877929688,411.6700134277344,872943.0,0.0,0.0,
2022-09-23,411.6700134277344,411.6700134277344,400.2000122070312,401.5899963378906,1225888.0,0.0,0.0,
2022-09-26,401.25,401.25,390.0,391.5400085449219,1388029.0,0.0,0.0,
2022-09-27,392.010009765625,399.6499938964844,387.3900146484375,388.7200012207031,746553.0,0.0,0.0,
2022-09-28,387.2099914550781,389.0,381.9400024414062,383.1700134277344,821712.0,0.0,0.0,
2022-09-29,385.5,388.2000122070312,380.8999938964844,382.0199890136719,541877.0,0.0,0.0,
2022-09-30,379.010009765625,392.8500061035156,377.0,391.0499877929688,851327.0,0.0,0.0,
2022-10-03,393.0,393.0,385.0,385.8800048828125,546097.0,0.0,0.0,
2022-10-04,389.6600036621094,396.0,389.6600036621094,395.5199890136719,587897.0,0.0,0.0,
2022-10-06,399.3800048828125,400.7900085449219,396.1099853515625,397.3200073242188,585005.0,0.0,0.0,
2022-10-07,397.0,397.0,392.5,396.3500061035156,681188.0,0.0,0.0,
2022-10-10,394.0,397.5,385.0,395.5799865722656,667536.0,0.0,0.0,
2022-10-11,404.8800048828125,404.8800048828125,391.4299926757812,392.0,399524.0,0.0,0.0,
2022-10-12,399.8800048828125,399.8800048828125,390.1099853515625,395.8699951171875,318566.0,0.0,0.0,
2022-10-13,393.510009765625,395.489990234375,389.8599853515625,391.6099853515625,562508.0,0.0,0.0,
2022-10-14,396.0,400.5,396.0,397.8599853515625,1007152.0,0.0,0.0,
2022-10-17,398.0,404.2000122070312,396.0,403.6499938964844,808586.0,0.0,0.0,
2022-10-18,407.989990234375,408.4200134277344,405.510009765625,407.2099914550781,860035.0,0.0,0.0,
2022-10-19,407.2099914550781,410.3999938964844,406.3999938964844,408.010009765625,907095.0,0.0,0.0,
2022-10-20,407.0,407.0,403.6099853515625,405.9599914550781,526309.0,0.0,0.0,
2022-10-21,405.9800109863281,414.5499877929688,405.9800109863281,412.1199951171875,1111727.0,0.0,0.0,
2022-10-24,416.0,418.25,413.6000061035156,416.7000122070312,322881.0,0.0,0.0,
2022-10-25,417.510009765625,420.0,414.5899963378906,415.3900146484375,734938.0,0.0,0.0,
2022-10-27,422.489990234375,422.489990234375,416.1300048828125,416.9400024414062,1886866.0,0.0,0.0,
2022-10-28,418.989990234375,419.1099853515625,413.0,414.1799926757812,731290.0,0.0,0.0,
2022-10-31,421.2900085449219,421.2900085449219,415.5,417.25,706209.0,0.0,0.0,
2022-11-01,417.260009765625,421.0,416.4299926757812,417.3999938964844,649256.0,0.0,0.0,
2022-11-02,418.989990234375,419.489990234375,415.260009765625,415.8599853515625,751675.0,0.0,0.0,
2022-11-03,419.489990234375,419.489990234375,413.3999938964844,417.3800048828125,1265401.0,0.0,0.0,
2022-11-04,418.989990234375,421.0,415.2000122070312,417.0,478743.0,0.0,0.0,
2022-11-07,419.2099914550781,421.7999877929688,418.0,421.1600036621094,618412.0,0.0,0.0,
2022-11-09,421.989990234375,423.7000122070312,421.3399963378906,422.2900085449219,563083.0,0.0,0.0,
2022-11-10,420.489990234375,421.989990234375,413.3999938964844,420.5700073242188,396634.0,0.0,0.0,
2022-11-11,423.4400024414062,427.6000061035156,421.75,425.9299926757812,748926.0,0.0,0.0,
2022-11-14,427.489990234375,427.489990234375,424.7000122070312,425.6499938964844,618255.0,0.0,0.0,
2022-11-15,427.5899963378906,429.489990234375,425.8500061035156,428.510009765625,449138.0,0.0,0.0,
2022-11-16,428.5199890136719,430.5,427.6199951171875,429.8699951171875,415571.0,0.0,0.0,
2022-11-17,432.489990234375,432.489990234375,427.9800109863281,429.5499877929688,579960.0,0.0,0.0,
2022-11-18,428.0599975585938,430.989990234375,427.3599853515625,429.4500122070312,329168.0,0.0,0.0,
2022-11-21,429.3999938964844,429.3999938964844,425.8599853515625,428.0499877929688,336162.0,0.0,0.0,
2022-11-22,429.4400024414062,429.4400024414062,428.0599975585938,428.9500122070312,287970.0,0.0,0.0,
2022-11-23,429.0199890136719,433.25,424.0,431.8099975585938,371400.0,0.0,0.0,
2022-11-24,433.9800109863281,436.1000061035156,432.3200073242188,435.1600036621094,558326.0,0.0,0.0,
2022-11-25,435.0499877929688,437.989990234375,434.2999877929688,435.1600036621094,422987.0,0.0,0.0,
2022-11-28,435.0,436.8399963378906,433.010009765625,435.3099975585938,353813.0,0.0,0.0,
2022-11-29,435.75,437.2999877929688,435.0,435.8999938964844,477555.0,0.0,0.0,
2022-11-30,437.739990234375,437.7900085449219,434.2000122070312,436.9299926757812,340763.0,0.0,0.0,
2022-12-01,434.7099914550781,439.6199951171875,434.7099914550781,436.7000122070312,429520.0,0.0,0.0,
2022-12-02,434.7099914550781,436.5899963378906,434.5,435.6099853515625,433677.0,0.0,0.0,
2022-12-05,438.489990234375,438.489990234375,434.7300109863281,437.8999938964844,383813.0,0.0,0.0,
2022-12-06,436.8900146484375,437.9500122070312,436.2099914550781,436.7699890136719,285733.0,0.0,0.0,
2022-12-07,436.0,438.4800109863281,434.3800048828125,435.3399963378906,358745.0,0.0,0.0,
2022-12-08,439.0,441.2000122070312,435.2099914550781,440.5,1319595.0,0.0,0.0,
2022-12-09,441.9500122070312,443.2000122070312,438.5,440.9800109863281,420455.0,0.0,0.0,
2022-12-12,440.489990234375,442.7300109863281,438.6000061035156,441.7699890136719,279931.0,0.0,0.0,
2022-12-13,443.1199951171875,445.8399963378906,442.3299865722656,444.7099914550781,1316405.0,0.0,0.0,
2022-12-14,445.6199951171875,446.1600036621094,444.5,444.8399963378906,923423.0,0.0,0.0,
2022-12-15,444.989990234375,445.7799987792969,438.1199951171875,439.6900024414062,710951.0,0.0,0.0,
2022-12-16,441.7000122070312,441.7000122070312,435.4400024414062,436.8500061035156,405322.0,0.0,0.0,
2022-12-19,439.9800109863281,439.989990234375,436.0,439.1400146484375,246030.0,0.0,0.0,
2022-12-20,439.1499938964844,440.4200134277344,435.75,440.0199890136719,671504.0,0.0,0.0,
2022-12-21,440.0299987792969,441.2000122070312,429.3800048828125,432.0599975585938,487161.0,0.0,0.0,
2022-12-22,435.989990234375,435.989990234375,427.9299926757812,430.3599853515625,777203.0,0.0,0.0,
2022-12-23,430.3599853515625,430.3599853515625,420.5499877929688,421.3800048828125,1959887.0,0.0,0.0,
2022-12-26,422.510009765625,432.9200134277344,419.989990234375,430.8800048828125,719576.0,0.0,0.0,
2022-12-27,433.1000061035156,433.7999877929688,428.6900024414062,433.1799926757812,489609.0,0.0,0.0,
2022-12-28,433.8500061035156,445.0,431.0,432.6900024414062,326543.0,0.0,0.0,
2022-12-29,433.6000061035156,437.8999938964844,429.8999938964844,436.9299926757812,296990.0,0.0,0.0,
2022-12-30,438.1900024414062,440.0,433.9299926757812,435.4800109863281,384369.0,0.0,0.0,
2023-01-02,436.989990234375,438.6900024414062,435.1400146484375,437.1799926757812,477841.0,0.0,0.0,
2023-01-03,437.25,439.75,436.5799865722656,439.2300109863281,402022.0,0.0,0.0,
2023-01-04,439.9400024414062,440.5,434.0,435.3200073242188,643875.0,0.0,0.0,
2023-01-05,437.75,437.989990234375,428.7900085449219,431.6300048828125,2930741.0,0.0,0.0,
2023-01-06,433.489990234375,433.489990234375,424.5,427.4100036621094,1754863.0,0.0,0.0,
2023-01-09,427.5199890136719,431.739990234375,427.1400146484375,430.8200073242188,1640448.0,0.0,0.0,
2023-01-10,430.8299865722656,431.489990234375,424.260009765625,426.0899963378906,980108.0,0.0,0.0,
2023-01-11,427.9800109863281,429.0499877929688,423.3399963378906,428.0,727957.0,0.0,0.0,
2023-01-12,428.5499877929688,429.5199890136719,423.1000061035156,426.2999877929688,515836.0,0.0,0.0,
2023-01-13,426.4200134277344,429.9500122070312,424.2799987792969,429.239990234375,329874.0,0.0,0.0,
2023-01-16,429.3800048828125,432.0,426.6900024414062,427.6700134277344,669640.0,0.0,0.0,
2023-01-17,429.1900024414062,429.4500122070312,424.7000122070312,428.0400085449219,653481.0,0.0,0.0,
2023-01-18,428.2699890136719,430.6900024414062,427.010009765625,430.010009765625,245217.0,0.0,0.0,
2023-01-19,430.010009765625,431.989990234375,428.0,428.6700134277344,227779.0,0.0,0.0,
2023-01-20,429.5899963378906,431.739990234375,429.1499938964844,430.5899963378906,297481.0,0.0,0.0,
2023-01-23,430.6199951171875,435.0,430.6199951171875,433.5700073242188,299221.0,0.0,0.0,
2023-01-24,433.8800048828125,435.989990234375,431.760009765625,432.6600036621094,258615.0,0.0,0.0,
2023-01-25,434.8900146484375,434.8900146484375,421.0,422.4100036621094,1953555.0,0.0,0.0,
2023-01-27,424.75,424.7999877929688,407.4100036621094,409.3399963378906,2286148.0,0.0,0.0,
2023-01-30,411.5299987792969,415.989990234375,400.0199890136719,409.3800048828125,1828530.0,0.0,0.0,
2023-01-31,410.9800109863281,413.7999877929688,407.3999938964844,412.3800048828125,1178997.0,0.0,0.0,
2023-02-01,415.0,424.7000122070312,400.4200134277344,410.4200134277344,2045348.0,0.0,0.0,
2023-02-02,417.8800048828125,417.8800048828125,403.25,412.3299865722656,998248.0,0.0,0.0,
2023-02-03,414.989990234375,419.5,410.0,419.1400146484375,921193.0,0.0,0.0,
2023-02-06,419.1499938964844,421.5499877929688,417.3900146484375,418.3099975585938,577216.0,0.0,0.0,
2023-02-07,419.989990234375,420.3999938964844,415.7999877929688,419.3699951171875,553457.0,0.0,0.0,
2023-02-08,422.989990234375,422.989990234375,418.6000061035156,419.760009765625,520379.0,0.0,0.0,
2023-02-09,421.8900146484375,421.8900146484375,417.1099853515625,420.2300109863281,491242.0,0.0,0.0,
2023-02-10,421.010009765625,421.010009765625,418.6199951171875,420.0599975585938,366925.0,0.0,0.0,
2023-02-13,424.3900146484375,424.3900146484375,416.3599853515625,417.3399963378906,376704.0,0.0,0.0,
2023-02-14,417.510009765625,421.3900146484375,416.489990234375,420.6000061035156,372657.0,0.0,0.0,
2023-02-15,422.5400085449219,422.5400085449219,419.0,421.6900024414062,371232.0,0.0,0.0,
2023-02-16,421.5,423.989990234375,419.75,421.2799987792969,443603.0,0.0,0.0,
2023-02-17,424.6000061035156,424.6000061035156,414.3399963378906,416.3099975585938,779199.0,0.0,0.0,
2023-02-20,418.7300109863281,418.739990234375,411.4500122070312,412.8399963378906,692669.0,0.0,0.0,
2023-02-21,414.6900024414062,415.989990234375,410.6000061035156,411.8999938964844,406270.0,0.0,0.0,
2023-02-22,410.6900024414062,410.7000122070312,404.7099914550781,405.8999938964844,1030418.0,0.0,0.0,
2023-02-23,407.0899963378906,407.0899963378906,401.75,405.8099975585938,846187.0,0.0,0.0,
2023-02-24,409.6900024414062,409.6900024414062,403.9599914550781,404.6799926757812,483602.0,0.0,0.0,
2023-02-27,405.8399963378906,409.0,403.0,408.3599853515625,482266.0,0.0,0.0,
2023-02-28,409.0,409.3399963378906,406.0499877929688,408.0599975585938,319882.0,0.0,0.0,
2023-03-01,408.0899963378906,412.5,408.0899963378906,412.3699951171875,416789.0,0.0,0.0,
2023-03-02,412.3699951171875,413.3900146484375,409.0499877929688,409.5299987792969,269401.0,0.0,0.0,
2023-03-03,412.3500061035156,418.0299987792969,410.7799987792969,416.9599914550781,778110.0,0.0,0.0,
2023-03-06,419.489990234375,420.8500061035156,417.010009765625,417.8399963378906,746212.0,0.0,0.0,
2023-03-08,416.7000122070312,420.3800048828125,413.0,419.9100036621094,614455.0,0.0,0.0,
2023-03-09,419.760009765625,420.7200012207031,416.5899963378906,417.1300048828125,414516.0,0.0,0.0,
2023-03-10,415.1900024414062,415.1900024414062,408.8399963378906,410.0,763977.0,0.0,0.0,
2023-03-13,414.1900024414062,414.1900024414062,400.2000122070312,401.2099914550781,1322521.0,0.0,0.0,
2023-03-14,401.2099914550781,405.1000061035156,396.8500061035156,399.739990234375,1142808.0,0.0,0.0,
2023-03-15,403.0599975585938,404.510009765625,394.8900146484375,395.8099975585938,894828.0,0.0,0.0,
2023-03-16,391.8500061035156,399.0,391.7099914550781,396.3699951171875,1727119.0,0.0,0.0,
2023-03-17,397.3099975585938,401.0,394.489990234375,399.760009765625,1145847.0,0.0,0.0,
2023-03-20,399.5,399.5,393.6000061035156,397.4599914550781,1862977.0,0.0,0.0,
2023-03-21,404.989990234375,404.989990234375,397.6099853515625,402.9500122070312,1076920.0,0.0,0.0,
2023-03-22,403.1099853515625,404.8500061035156,402.489990234375,403.9599914550781,497156.0,0.0,0.0,
2023-03-23,404.0,405.9800109863281,399.5,400.2200012207031,1043364.0,0.0,0.0,
2023-03-24,403.5199890136719,403.5199890136719,396.8299865722656,397.7300109863281,675298.0,0.0,0.0,
2023-03-27,399.489990234375,401.1600036621094,397.0499877929688,398.4500122070312,723033.0,0.0,0.0,
2023-03-28,399.8900146484375,400.5199890136719,397.7000122070312,400.0199890136719,635142.0,0.0,0.0,
2023-03-29,404.4400024414062,404.8299865722656,400.0,404.010009765625,555287.0,0.0,0.0,
2023-03-31,404.7699890136719,411.2000122070312,404.7699890136719,410.5499877929688,852274.0,0.0,0.0,
2023-04-03,412.5499877929688,412.9800109863281,409.8999938964844,412.3699951171875,557479.0,0.0,0.0,
2023-04-05,412.9700012207031,414.9500122070312,412.239990234375,414.0899963378906,535026.0,0.0,0.0,
2023-04-06,414.1000061035156,416.9500122070312,412.5700073242188,414.8099975585938,810027.0,0.0,0.0,
2023-04-10,419.8800048828125,419.8800048828125,409.0,413.1300048828125,450018.0,0.0,0.0,
2023-04-11,415.2200012207031,418.5,414.5700073242188,418.1300048828125,657382.0,0.0,0.0,
2023-04-12,417.989990234375,420.8399963378906,417.9599914550781,420.4299926757812,1026832.0,0.0,0.0,
2023-04-13,420.7000122070312,426.1000061035156,419.6900024414062,425.3999938964844,1201682.0,0.0,0.0,
2023-04-17,426.010009765625,428.3900146484375,417.1499938964844,427.0499877929688,769372.0,0.0,0.0,
2023-04-18,423.0,429.489990234375,423.0,426.9100036621094,720159.0,0.0,0.0,
2023-04-19,428.3900146484375,428.3900146484375,424.6099853515625,425.8599853515625,334938.0,0.0,0.0,
2023-04-20,425.5,427.9800109863281,425.5,427.0599975585938,357357.0,0.0,0.0,
2023-04-21,429.4400024414062,429.4400024414062,424.3999938964844,425.6400146484375,351820.0,0.0,0.0,
2023-04-24,435.0,435.0,425.6300048828125,431.0899963378906,1994763.0,0.0,0.0,
2023-04-25,431.239990234375,432.75,430.6099853515625,431.1900024414062,1630605.0,0.0,0.0,
2023-04-26,432.989990234375,433.0,429.0,432.6499938964844,1727290.0,0.0,0.0,
2023-04-27,433.0400085449219,434.8200073242188,431.0,434.4200134277344,970501.0,0.0,0.0,
2023-04-28,434.4200134277344,437.4700012207031,431.0,436.6000061035156,684590.0,0.0,0.0,
2023-05-02,438.3999938964844,439.2999877929688,436.8099975585938,437.8500061035156,627641.0,0.0,0.0,
2023-05-03,437.8200073242188,437.9599914550781,435.3699951171875,437.7200012207031,391510.0,0.0,0.0,
2023-05-04,439.4200134277344,441.7999877929688,436.7000122070312,441.1799926757812,519481.0,0.0,0.0,
2023-05-05,439.7999877929688,440.489990234375,430.9599914550781,432.1400146484375,882377.0,0.0,0.0,
2023-05-08,433.8999938964844,438.6799926757812,433.4599914550781,437.5400085449219,568655.0,0.0,0.0,
2023-05-09,441.1499938964844,441.1499938964844,435.5400085449219,436.2900085449219,450692.0,0.0,0.0,
2023-05-10,439.8900146484375,439.8900146484375,433.0,437.2200012207031,526925.0,0.0,0.0,
2023-05-11,439.5899963378906,441.010009765625,437.2300109863281,439.3900146484375,517801.0,0.0,0.0,
2023-05-12,439.6900024414062,443.4100036621094,438.0,442.5899963378906,611319.0,0.0,0.0,
2023-05-15,441.5400085449219,445.9200134277344,438.0599975585938,445.1900024414062,573049.0,0.0,0.0,
2023-05-16,445.989990234375,447.0,444.1000061035156,444.9700012207031,1287166.0,0.0,0.0,
2023-05-17,444.9100036621094,445.5700073242188,440.5400085449219,442.8599853515625,486812.0,0.0,0.0,
2023-05-18,443.260009765625,446.5,443.2200012207031,443.7900085449219,554322.0,0.0,0.0,
2023-05-19,443.010009765625,446.0,441.4700012207031,445.5700073242188,287544.0,0.0,0.0,
2023-05-22,445.5700073242188,446.0,443.6000061035156,445.2699890136719,455168.0,0.0,0.0,
2023-05-23,446.1499938964844,446.8500061035156,444.9299926757812,445.3699951171875,367423.0,0.0,0.0,
2023-05-24,445.989990234375,446.0,443.0,443.2900085449219,285475.0,0.0,0.0,
2023-05-25,444.8900146484375,444.8900146484375,440.6000061035156,442.9100036621094,332830.0,0.0,0.0,
2023-05-26,443.6700134277344,446.6199951171875,442.2099914550781,446.1499938964844,366976.0,0.0,0.0,
2023-05-29,447.3599853515625,450.75,447.3599853515625,449.9299926757812,777404.0,0.0,0.0,
2023-05-30,449.9299926757812,451.2999877929688,448.989990234375,450.8099975585938,269298.0,0.0,0.0,
2023-05-31,451.0,452.0,446.3200073242188,448.75,612867.0,0.0,0.0,
2023-06-01,449.2900085449219,449.2900085449219,445.0,445.7699890136719,324345.0,0.0,0.0,
2023-06-02,448.7000122070312,449.25,446.1900024414062,447.6400146484375,838984.0,0.0,0.0,
2023-06-05,449.1499938964844,450.489990234375,449.0,449.239990234375,280291.0,0.0,0.0,
2023-06-06,451.7900085449219,451.7900085449219,448.2099914550781,449.8500061035156,203138.0,0.0,0.0,
2023-06-07,451.8399963378906,451.8399963378906,449.489990234375,450.3399963378906,213953.0,0.0,0.0,
2023-06-08,450.8099975585938,451.8999938964844,447.010009765625,447.8800048828125,377238.0,0.0,0.0,
2023-06-09,449.7200012207031,449.7200012207031,447.1000061035156,447.75,246230.0,0.0,0.0,
2023-06-12,450.8900146484375,450.8900146484375,446.5499877929688,447.5299987792969,153376.0,0.0,0.0,
2023-06-13,447.7900085449219,449.010009765625,447.2200012207031,448.6099853515625,191433.0,0.0,0.0,
2023-06-14,450.989990234375,450.989990234375,447.0,447.8900146484375,158235.0,0.0,0.0,
2023-06-15,448.2999877929688,448.510009765625,441.75,442.2200012207031,525315.0,0.0,0.0,
2023-06-16,442.5,448.4400024414062,422.8999938964844,446.9100036621094,250533.0,0.0,0.0,
2023-06-19,446.9100036621094,448.4500122070312,442.9500122070312,444.0499877929688,354242.0,0.0,0.0,
2023-06-20,444.0,445.3399963378906,441.2000122070312,444.7999877929688,397028.0,0.0,0.0,
2023-06-21,445.7900085449219,446.4299926757812,444.0,445.5400085449219,275567.0,0.0,0.0,
2023-06-22,445.4200134277344,447.2999877929688,443.8699951171875,444.4500122070312,314478.0,0.0,0.0,
2023-06-23,445.9299926757812,445.9299926757812,442.489990234375,443.4700012207031,291802.0,0.0,0.0,
2023-06-26,443.9700012207031,446.9500122070312,442.6000061035156,443.4599914550781,460952.0,0.0,0.0,
2023-06-27,445.239990234375,449.0,443.0,448.3599853515625,351279.0,0.0,0.0,
2023-06-28,448.989990234375,452.3099975585938,448.7699890136719,450.8099975585938,575779.0,0.0,0.0,
2023-06-30,454.489990234375,454.8999938964844,451.5599975585938,454.4800109863281,396161.0,0.0,0.0,
2023-07-03,454.4700012207031,467.0,454.3099975585938,459.7300109863281,839108.0,0.0,0.0,
2023-07-04,459.7200012207031,464.5,455.0,462.2300109863281,954438.0,0.0,0.0,
2023-07-05,463.6799926757812,463.6799926757812,459.2999877929688,459.989990234375,287724.0,0.0,0.0,
2023-07-06,462.489990234375,462.489990234375,458.6099853515625,461.6400146484375,676516.0,0.0,0.0,
2023-07-07,461.6300048828125,461.6300048828125,456.5400085449219,457.8800048828125,449846.0,0.0,0.0,
2023-07-10,459.8800048828125,459.8800048828125,455.5700073242188,456.6099853515625,232229.0,0.0,0.0,
2023-07-11,458.989990234375,460.010009765625,455.1199951171875,456.0700073242188,329690.0,0.0,0.0,
2023-07-12,458.2200012207031,458.4800109863281,454.1000061035156,454.8999938964844,464179.0,0.0,0.0,
2023-07-13,456.1199951171875,458.4400024414062,454.5,454.9800109863281,222310.0,0.0,0.0,
2023-07-14,455.5,457.7900085449219,454.0,456.2300109863281,224836.0,0.0,0.0,
2023-07-17,458.8900146484375,463.0799865722656,455.239990234375,462.1799926757812,700381.0,0.0,0.0,
2023-07-18,465.0,466.3900146484375,460.5,461.4599914550781,489486.0,0.0,0.0,
2023-07-19,463.4400024414062,464.5899963378906,461.4599914550781,464.0199890136719,266873.0,0.0,0.0,
2023-07-20,464.1000061035156,469.7999877929688,463.3299865722656,469.1499938964844,548163.0,0.0,0.0,
2023-07-21,468.0,471.0,467.0,468.6900024414062,503511.0,0.0,0.0,
2023-07-24,468.9400024414062,469.6799926757812,466.5,467.5299987792969,244063.0,0.0,0.0,
2023-07-25,470.0,470.0,464.7999877929688,466.8099975585938,266037.0,0.0,0.0,
2023-07-26,468.8399963378906,469.0,465.989990234375,468.6000061035156,171434.0,0.0,0.0,
2023-07-27,469.8999938964844,471.0,464.2900085449219,465.7000122070312,545196.0,0.0,0.0,
2023-07-28,467.3299865722656,467.3299865722656,461.1000061035156,463.0299987792969,515141.0,0.0,0.0,
2023-07-31,464.010009765625,465.5,461.6499938964844,464.5199890136719,206972.0,0.0,0.0,
2023-08-01,463.8099975585938,466.2900085449219,462.6900024414062,463.5400085449219,284951.0,0.0,0.0,
2023-08-02,463.8500061035156,466.8900146484375,455.5499877929688,458.1199951171875,812330.0,0.0,0.0,
2023-08-03,470.0,470.0,451.2999877929688,453.760009765625,675734.0,0.0,0.0,
2023-08-04,454.1099853515625,459.0,453.3099975585938,456.8800048828125,409788.0,0.0,0.0,
2023-08-07,459.239990234375,459.239990234375,455.25,455.9100036621094,679192.0,0.0,0.0,
2023-08-08,456.2900085449219,458.8399963378906,455.8999938964844,457.3299865722656,404366.0,0.0,0.0,
2023-08-09,458.0,458.989990234375,454.2999877929688,457.4500122070312,350881.0,0.0,0.0,
2023-08-10,457.4500122070312,457.9800109863281,453.25,454.3999938964844,428370.0,0.0,0.0,
2023-08-11,454.5,454.5,450.5899963378906,451.4100036621094,471258.0,0.0,0.0,
2023-08-14,451.9800109863281,452.8999938964844,447.5,449.6900024414062,668936.0,0.0,0.0,
2023-08-16,460.0,460.0,445.0,447.6600036621094,906181.0,0.0,0.0,
2023-08-17,448.9800109863281,448.989990234375,446.1000061035156,446.9800109863281,1101482.0,0.0,0.0,
2023-08-18,446.9800109863281,447.6300048828125,444.8999938964844,446.489990234375,2115634.0,0.0,0.0,
2023-08-21,448.989990234375,449.3299865722656,446.489990234375,448.0400085449219,1766675.0,0.0,0.0,
2023-08-22,448.7099914550781,449.5499877929688,447.5899963378906,448.0799865722656,766308.0,0.0,0.0,
2023-08-23,449.7300109863281,453.2799987792969,437.0,452.9100036621094,460109.0,0.0,0.0,
2023-08-24,453.989990234375,457.6199951171875,452.8599853515625,453.3800048828125,389721.0,0.0,0.0,
2023-08-25,452.989990234375,453.489990234375,447.7900085449219,450.6300048828125,1083046.0,0.0,0.0,
2023-08-28,452.010009765625,454.2300109863281,450.25,453.1499938964844,245958.0,0.0,0.0,
2023-08-29,455.0,455.0,452.6700134277344,453.3399963378906,172747.0,0.0,0.0,
2023-08-30,454.8999938964844,455.7999877929688,450.010009765625,450.8200073242188,362290.0,0.0,0.0,
2023-08-31,452.739990234375,453.0799865722656,448.4800109863281,449.2000122070312,521188.0,0.0,0.0,
2023-09-01,449.9599914550781,454.1499938964844,447.1499938964844,452.7999877929688,565220.0,0.0,0.0,
2023-09-04,454.9500122070312,454.9500122070312,452.0,454.25,506817.0,0.0,0.0,
2023-09-05,454.25,455.2999877929688,453.0,454.6700134277344,362899.0,0.0,0.0,
2023-09-06,459.0,459.0,451.4599914550781,453.5499877929688,292824.0,0.0,0.0,
2023-09-07,454.7300109863281,457.7000122070312,452.4700012207031,457.3599853515625,481986.0,0.0,0.0,
2023-09-08,457.6400146484375,462.6400146484375,457.0,460.2699890136719,557997.0,0.0,0.0,
2023-09-11,461.0,464.489990234375,460.2799987792969,464.1099853515625,565394.0,0.0,0.0,
2023-09-12,465.0,466.510009765625,462.2300109863281,463.8599853515625,1205257.0,0.0,0.0,
2023-09-13,464.989990234375,468.2300109863281,461.8999938964844,467.510009765625,467845.0,0.0,0.0,
2023-09-14,469.739990234375,470.0,466.5299987792969,468.5700073242188,399241.0,0.0,0.0,
2023-09-15,469.4599914550781,471.4500122070312,469.0,470.739990234375,354221.0,0.0,0.0,
2023-09-18,470.75,471.0,467.7099914550781,468.5899963378906,292358.0,0.0,0.0,
2023-09-20,468.0400085449219,468.0400085449219,462.0,462.6799926757812,744962.0,0.0,0.0,
2023-09-21,463.75,463.75,454.010009765625,454.7799987792969,1558908.0,0.0,0.0,
2023-09-22,455.0,459.2000122070312,454.6000061035156,455.4500122070312,1136146.0,0.0,0.0,
2023-09-25,459.8900146484375,459.8900146484375,452.989990234375,456.1300048828125,473618.0,0.0,0.0,
2023-09-26,456.1300048828125,456.3399963378906,453.8800048828125,454.8599853515625,206012.0,0.0,0.0,
2023-09-27,454.8699951171875,455.989990234375,450.510009765625,455.1900024414062,467178.0,0.0,0.0,
2023-09-28,457.2300109863281,457.2300109863281,451.1499938964844,451.7699890136719,893808.0,0.0,0.0,
2023-09-29,452.9800109863281,455.8299865722656,452.1499938964844,454.4200134277344,254442.0,0.0,0.0,
2023-10-03,455.4800109863281,455.489990234375,448.3500061035156,452.0700073242188,425594.0,0.0,0.0,
2023-10-04,452.0700073242188,452.5,447.7000122070312,448.3399963378906,656509.0,0.0,0.0,
2023-10-05,450.7699890136719,452.7000122070312,450.2200012207031,450.8699951171875,326173.0,0.0,0.0,
2023-10-06,452.8599853515625,453.8800048828125,451.0299987792969,452.6700134277344,232630.0,0.0,0.0,
2023-10-09,452.5400085449219,452.5400085449219,446.0499877929688,448.4800109863281,1282708.0,0.0,0.0,
2023-10-10,452.1000061035156,454.1400146484375,449.2099914550781,453.0299987792969,763885.0,0.0,0.0,
2023-10-11,455.0299987792969,455.9800109863281,453.0400085449219,454.4299926757812,320067.0,0.0,0.0,
2023-10-12,455.9800109863281,456.0,454.0,455.2300109863281,252217.0,0.0,0.0,
2023-10-13,454.9800109863281,454.9800109863281,451.2900085449219,452.260009765625,551708.0,0.0,0.0,
2023-10-16,452.7300109863281,452.8999938964844,450.0,451.5499877929688,281971.0,0.0,0.0,
2023-10-17,454.2300109863281,454.8699951171875,452.3099975585938,452.5,349958.0,0.0,0.0,
2023-10-18,450.2200012207031,453.7300109863281,445.0,448.1799926757812,563644.0,0.0,0.0,
2023-10-19,447.989990234375,449.2300109863281,444.1799926757812,446.75,384175.0,0.0,0.0,
2023-10-20,460.1499938964844,460.1499938964844,445.1199951171875,446.3500061035156,332719.0,0.0,0.0,
2023-10-23,447.1400146484375,447.3800048828125,439.8999938964844,440.8299865722656,592546.0,0.0,0.0,
2023-10-25,446.8999938964844,447.989990234375,436.7999877929688,437.4100036621094,649020.0,0.0,0.0,
2023-10-26,437.489990234375,438.3999938964844,430.1000061035156,432.2300109863281,1262360.0,0.0,0.0,
2023-10-27,434.239990234375,437.5,433.5599975585938,436.7300109863281,589516.0,0.0,0.0,
2023-10-30,436.8999938964844,440.0,433.0,439.0799865722656,445577.0,0.0,0.0,
2023-10-31,440.989990234375,441.4500122070312,437.1000061035156,437.510009765625,395410.0,0.0,0.0,
2023-11-01,437.510009765625,438.9599914550781,435.1199951171875,436.4500122070312,448327.0,0.0,0.0,
2023-11-02,437.989990234375,441.4500122070312,437.25,439.1900024414062,572110.0,0.0,0.0,
2023-11-03,441.5400085449219,442.510009765625,441.1000061035156,442.1000061035156,181625.0,0.0,0.0,
2023-11-06,443.8900146484375,445.0,443.1199951171875,444.7999877929688,317621.0,0.0,0.0,
2023-11-07,444.7999877929688,446.4500122070312,442.0199890136719,445.8099975585938,233896.0,0.0,0.0,
2023-11-08,446.989990234375,446.989990234375,444.6000061035156,445.3399963378906,260166.0,0.0,0.0,
2023-11-09,447.9800109863281,447.9800109863281,444.3399963378906,445.5899963378906,436519.0,0.0,0.0,
2023-11-10,441.5899963378906,447.0899963378906,441.5899963378906,446.1099853515625,387911.0,0.0,0.0,
2023-11-13,448.989990234375,448.989990234375,444.7799987792969,446.8399963378906,384074.0,0.0,0.0,
2023-11-15,448.989990234375,451.5299987792969,448.989990234375,450.4800109863281,318835.0,0.0,0.0,
2023-11-16,451.739990234375,452.489990234375,449.5199890136719,450.2000122070312,382202.0,0.0,0.0,
2023-11-17,449.4800109863281,449.4800109863281,444.0,444.9200134277344,912217.0,0.0,0.0,
2023-11-20,446.989990234375,446.989990234375,443.2799987792969,444.6199951171875,418512.0,0.0,0.0,
2023-11-21,447.989990234375,447.989990234375,444.5,445.6499938964844,230381.0,0.0,0.0,
2023-11-22,445.6400146484375,445.8500061035156,441.5400085449219,443.5599975585938,661659.0,0.0,0.0,
2023-11-23,444.5400085449219,445.2099914550781,443.5899963378906,444.2300109863281,443771.0,0.0,0.0,
2023-11-24,445.989990234375,446.0,444.1600036621094,445.7000122070312,792259.0,0.0,0.0,
2023-11-28,446.6000061035156,447.5,445.510009765625,447.0199890136719,863913.0,0.0,0.0,
2023-11-29,447.2799987792969,454.8999938964844,446.5700073242188,453.8299865722656,663046.0,0.0,0.0,
2023-11-30,453.0,458.8299865722656,444.2300109863281,453.8200073242188,1814769.0,0.0,0.0,
2023-12-01,454.489990234375,457.5499877929688,454.1400146484375,456.5,751616.0,0.0,0.0,
2023-12-04,460.0,477.0499877929688,459.0,473.6000061035156,3667150.0,0.0,0.0,
2023-12-05,474.010009765625,487.7000122070312,474.010009765625,478.760009765625,2465859.0,0.0,0.0,
2023-12-06,482.0,482.8800048828125,476.0599975585938,476.9500122070312,1534396.0,0.0,0.0,
2023-12-07,477.6700134277344,477.8999938964844,473.8599853515625,477.3699951171875,468630.0,0.0,0.0,
2023-12-08,478.9800109863281,482.4599914550781,476.760009765625,481.4800109863281,643235.0,0.0,0.0,
2023-12-11,480.989990234375,484.3999938964844,480.7099914550781,482.6900024414062,844025.0,0.0,0.0,
2023-12-12,484.7300109863281,484.7300109863281,479.3800048828125,480.0700073242188,456232.0,0.0,0.0,
2023-12-13,481.4200134277344,481.4200134277344,478.1199951171875,480.6400146484375,498302.0,0.0,0.0,
2023-12-14,482.010009765625,489.0599975585938,480.6400146484375,486.7099914550781,792574.0,0.0,0.0,
2023-12-15,487.0199890136719,490.8599853515625,485.1000061035156,489.8800048828125,764254.0,0.0,0.0,
2023-12-18,489.8800048828125,490.2300109863281,487.3999938964844,488.1499938964844,466762.0,0.0,0.0,
2023-12-19,487.010009765625,490.0199890136719,486.2000122070312,488.5899963378906,803482.0,0.0,0.0,
2023-12-20,488.7300109863281,491.989990234375,481.5599975585938,483.2699890136719,815159.0,0.0,0.0,
2023-12-21,486.8800048828125,489.010009765625,478.1000061035156,488.2099914550781,842146.0,0.0,0.0,
2023-12-22,490.7300109863281,490.7300109863281,482.7000122070312,483.6000061035156,509033.0,0.0,0.0,
2023-12-26,485.4800109863281,487.3500061035156,482.7999877929688,486.0,223116.0,0.0,0.0,
2023-12-27,487.989990234375,492.0,486.6900024414062,491.4100036621094,578443.0,0.0,0.0,
2023-12-28,491.3999938964844,495.0,491.3999938964844,493.5799865722656,573622.0,0.0,0.0,
2023-12-29,493.9800109863281,494.010009765625,490.1700134277344,492.4299926757812,537768.0,0.0,0.0,
2024-01-01,492.7300109863281,494.1000061035156,490.010009765625,491.6499938964844,316307.0,0.0,0.0,
2024-01-02,492.2300109863281,492.2300109863281,484.8599853515625,487.1400146484375,1013076.0,0.0,0.0,
2024-01-03,487.9800109863281,488.739990234375,484.5799865722656,486.1700134277344,455706.0,0.0,0.0,
2024-01-04,487.8900146484375,491.8999938964844,484.010009765625,491.239990234375,421814.0,0.0,0.0,
2024-01-05,492.7300109863281,492.9800109863281,487.0,490.6499938964844,409614.0,0.0,0.0,
2024-01-08,491.4800109863281,491.989990234375,483.5,483.9100036621094,411590.0,0.0,0.0,
2024-01-09,486.9800109863281,488.4700012207031,481.0,481.6199951171875,598488.0,0.0,0.0,
2024-01-10,481.989990234375,484.0,480.0,483.4700012207031,319581.0,0.0,0.0,
2024-01-11,485.239990234375,485.6499938964844,481.7000122070312,483.3999938964844,396428.0,0.0,0.0,
2024-01-12,483.3999938964844,487.8399963378906,483.3999938964844,486.2099914550781,294106.0,0.0,0.0,
2024-01-15,487.0199890136719,491.2000122070312,487.010009765625,490.489990234375,442665.0,0.0,0.0,
2024-01-16,490.9800109863281,491.8800048828125,488.1000061035156,489.6700134277344,1022679.0,0.0,0.0,
2024-01-17,479.989990234375,484.3999938964844,469.5,470.5400085449219,3359314.0,0.0,0.0,
2024-01-18,467.989990234375,471.1799926757812,461.0,466.5899963378906,1932438.0,0.0,0.0,
2024-01-19,469.989990234375,474.989990234375,465.2099914550781,466.1400146484375,1599035.0,0.0,0.0,
2024-01-23,471.0199890136719,474.989990234375,458.5,459.5499877929688,2000433.0,0.0,0.0,
2024-01-24,458.989990234375,463.9800109863281,455.1499938964844,460.2000122070312,1669461.0,0.0,0.0,
2024-01-25,460.2000122070312,461.4800109863281,453.7999877929688,457.510009765625,2098424.0,0.0,0.0,
2024-01-29,458.0,467.510009765625,458.0,464.260009765625,888912.0,0.0,0.0,
2024-01-30,466.9800109863281,466.9800109863281,461.510009765625,462.9400024414062,655482.0,0.0,0.0,
2024-01-31,463.1499938964844,469.989990234375,460.3999938964844,468.760009765625,897307.0,0.0,0.0,
2024-02-01,473.989990234375,473.989990234375,465.5599975585938,470.2799987792969,1503158.0,0.0,0.0,
2024-02-02,471.5899963378906,477.2000122070312,468.5,469.239990234375,1326718.0,0.0,0.0,
2024-02-05,470.2300109863281,470.2300109863281,465.1499938964844,466.3699951171875,1244789.0,0.0,0.0,
2024-02-06,467.9800109863281,467.9800109863281,464.0,466.1199951171875,586986.0,0.0,0.0,
2024-02-07,468.4400024414062,469.5,465.5899963378906,467.2300109863281,724274.0,0.0,0.0,
2024-02-08,468.5,470.4200134277344,458.1199951171875,459.6000061035156,1245049.0,0.0,0.0,
2024-02-09,460.489990234375,465.989990234375,458.6000061035156,465.25,688299.0,0.0,0.0,
2024-02-12,465.260009765625,465.5599975585938,455.7000122070312,458.0899963378906,1072839.0,0.0,0.0,
2024-02-13,460.0799865722656,466.2999877929688,456.8099975585938,464.0799865722656,697653.0,0.0,0.0,
2024-02-14,461.0,469.75,457.4500122070312,467.1000061035156,1169946.0,0.0,0.0,
2024-02-15,469.2300109863281,472.4500122070312,464.2999877929688,471.1300048828125,1463198.0,0.0,0.0,
2024-02-16,472.989990234375,476.0,470.7999877929688,472.7799987792969,1130342.0,0.0,0.0,
2024-02-19,473.0199890136719,476.1499938964844,472.7999877929688,473.7300109863281,1010248.0,0.0,0.0,
2024-02-20,474.4800109863281,479.75,472.5,479.3200073242188,965575.0,0.0,0.0,
2024-02-22,484.989990234375,479.989990234375,474.8999938964844,475.8999938964844,267182.0,0.0,0.0,
2024-02-21,484.989990234375,484.989990234375,477.7000122070313,478.5,979824.0,0.0,0.0,
2024-02-23,479.989990234375,481.7799987792969,476.510009765625,477.5299987792969,644321.0,0.0,0.0,
2024-02-26,477.9800109863281,478.2900085449219,473.5,473.9299926757813,2020838.0,0.0,0.0,
2024-02-27,474.9800109863281,475.25,471.7200012207031,474.4200134277344,455560.0,0.0,0.0,
2024-02-28,474.4200134277344,476.0,468.0,469.0700073242188,932627.0,0.0,0.0,
2024-02-29,472.9800109863281,472.989990234375,466.010009765625,471.0,732127.0,0.0,0.0,
2024-03-01,473.2000122070313,481.9400024414063,471.9800109863281,481.2000122070313,1380118.0,0.0,0.0,
2024-03-04,482.1400146484375,483.8900146484375,480.4700012207031,483.2900085449219,844274.0,0.0,0.0,
2024-03-05,483.30999755859375,485.6700134277344,481.05999755859375,484.6300048828125,747475.0,0.0,0.0,
2024-03-06,485.489990234375,489.9800109863281,483.1300048828125,488.3399963378906,1730296.0,0.0,0.0,
2024-03-07,489.989990234375,489.989990234375,486.0499877929688,486.8200073242188,817244.0,0.0,0.0,
2024-03-11,487.989990234375,487.989990234375,482.0,482.7000122070313,535068.0,0.0,0.0,
2024-03-12,484.4800109863281,487.0299987792969,478.7000122070313,482.0700073242188,706440.0,0.0,0.0,
2024-03-13,484.4800109863281,486.4500122070313,477.0,477.8399963378906,636697.0,0.0,0.0,
2024-03-14,478.9800109863281,480.9800109863281,474.3399963378906,476.7000122070313,789472.0,0.0,0.0,
2024-03-15,475.9500122070313,476.5299987792969,471.7999877929688,474.010009765625,792340.0,0.0,0.0,
2024-03-18,475.989990234375,475.989990234375,469.2799987792969,474.0499877929688,739267.0,0.0,0.0,
2024-03-19,473.9800109863281,474.489990234375,470.7999877929688,472.0700073242188,479166.0,0.0,0.0,
2024-03-20,473.9299926757813,474.6000061035156,467.5,471.510009765625,906375.0,0.0,0.0,
2024-03-21,475.0400085449219,477.989990234375,474.3200073242188,475.25,648812.0,0.0,0.0,
2024-03-22,475.739990234375,478.05999755859375,474.0,477.010009765625,536471.0,0.0,0.0,
2024-03-26,477.489990234375,477.489990234375,474.5499877929688,475.05999755859375,1330212.0,0.0,0.0,
2024-03-27,482.0,482.0,475.5,477.1300048828125,959947.0,0.0,0.0,
2024-03-28,478.0799865722656,482.6099853515625,477.6499938964844,480.3900146484375,1132936.0,0.0,0.0,
2024-04-01,487.8500061035156,487.8500061035156,481.010009765625,485.1000061035156,1184411.0,0.0,0.0,
2024-04-02,485.1000061035156,486.5,483.0199890136719,484.3299865722656,846065.0,0.0,0.0,
2024-04-03,484.3299865722656,485.5,481.510009765625,485.05999755859375,683197.0,0.0,0.0,
2024-04-04,488.989990234375,490.75,486.3999938964844,489.3999938964844,1271153.0,0.0,0.0,
2024-04-05,489.6000061035156,493.9200134277344,487.6099853515625,493.3299865722656,976433.0,0.0,0.0,
2024-04-08,494.8900146484375,495.5,493.0499877929688,494.1000061035156,715196.0,0.0,0.0,
2024-04-09,495.0,498.010009765625,494.6000061035156,496.55999755859375,1083341.0,0.0,0.0,
2024-04-10,497.010009765625,499.0,496.0,498.3200073242188,518539.0,0.0,0.0,
2024-04-12,497.2999877929688,497.989990234375,494.4599914550781,494.9400024414063,534070.0,0.0,0.0,
2024-04-15,491.989990234375,491.989990234375,486.0,486.7099914550781,892995.0,0.0,0.0,
2024-04-16,485.989990234375,485.989990234375,482.5199890136719,484.4700012207031,662464.0,0.0,0.0,
2024-04-18,484.5199890136719,487.7099914550781,478.8999938964844,480.3500061035156,817842.0,0.0,0.0,
2024-04-19,479.989990234375,485.4200134277344,475.25,484.7900085449219,702069.0,0.0,0.0,
2024-04-22,489.989990234375,491.8399963378906,485.5899963378906,488.8999938964844,612215.0,0.0,0.0,
2024-04-23,488.8999938964844,491.6900024414063,487.80999755859375,488.2300109863281,617418.0,0.0,0.0,
2024-04-24,489.0199890136719,490.989990234375,488.7799987792969,490.1700134277344,327975.0,0.0,0.0,
2024-04-25,487.4700012207031,494.4400024414063,487.2200012207031,493.2300109863281,1046836.0,0.0,0.0,
2024-04-26,495.0,495.0,489.9500122070313,490.7000122070313,571454.0,0.0,0.0,
2024-04-29,493.7300109863281,503.25,491.510009765625,502.7799987792969,1194962.0,0.0,0.0,
2024-04-30,503.0,508.2000122070313,501.1600036621094,502.3800048828125,1827066.0,0.0,0.0,
2024-05-02,502.3800048828125,504.2000122070313,500.0,501.30999755859375,551643.0,0.0,0.0,
2024-05-03,504.0,504.7900085449219,496.2799987792969,498.739990234375,648601.0,0.0,0.0,
2024-05-06,499.2999877929688,501.760009765625,496.8500061035156,497.6799926757813,490924.0,0.0,0.0,
2024-05-07,499.489990234375,499.489990234375,491.25,492.2900085449219,620175.0,0.0,0.0,
2024-05-08,494.989990234375,494.989990234375,488.2999877929688,489.9200134277344,492373.0,0.0,0.0,
2024-05-09,490.0199890136719,491.6000061035156,484.0199890136719,484.7900085449219,744564.0,0.0,0.0,
2024-05-10,494.989990234375,494.989990234375,485.010009765625,485.8399963378906,539295.0,0.0,0.0,
2024-05-13,486.7300109863281,489.8999938964844,481.5,489.1000061035156,838600.0,0.0,0.0,
2024-05-14,489.3500061035156,492.2000122070313,487.5,489.80999755859375,554703.0,0.0,0.0,
2024-05-15,491.489990234375,491.489990234375,486.510009765625,488.0700073242188,695271.0,0.0,0.0,
2024-05-16,490.010009765625,491.0,484.2000122070313,490.4599914550781,550819.0,0.0,0.0,
2024-05-17,486.010009765625,492.9800109863281,486.010009765625,491.5799865722656,612081.0,0.0,0.0,
2024-05-18,491.989990234375,495.0,491.1900024414063,492.5,69931.0,0.0,0.0,
2024-05-21,492.2000122070313,494.0,491.010009765625,491.8399963378906,582074.0,0.0,0.0,
2024-05-22,492.3399963378906,493.7000122070313,487.0,489.6700134277344,1272334.0,0.0,0.0,
2024-05-23,493.9800109863281,499.25,489.6000061035156,498.7099914550781,1065174.0,0.0,0.0,
2024-05-24,498.7099914550781,502.260009765625,497.6199951171875,501.3200073242188,1108894.0,0.0,0.0,
2024-05-27,503.739990234375,508.3999938964844,501.989990234375,503.7099914550781,1276470.0,0.0,0.0,
2024-05-28,507.6900024414063,507.7000122070313,502.1000061035156,503.3800048828125,828187.0,0.0,0.0,
2024-05-29,503.9800109863281,503.9800109863281,496.7300109863281,497.6499938964844,1033070.0,0.0,0.0,
2024-05-30,497.9800109863281,502.6900024414063,495.260009765625,499.0,540147.0,0.0,0.0,
2024-05-31,499.0,506.989990234375,498.2999877929688,502.5,1199060.0,0.0,0.0,
2024-06-03,517.5999755859375,524.4199829101562,510.010009765625,522.6099853515625,2933277.0,0.0,0.0,
2024-06-04,522.3699951171875,527.989990234375,487.0,503.1400146484375,5565973.0,0.0,0.0,
2024-06-05,514.989990234375,514.989990234375,477.7699890136719,502.2699890136719,4229674.0,0.0,0.0,
2024-06-06,509.989990234375,509.989990234375,500.05999755859375,503.7000122070313,1320472.0,0.0,0.0,
2024-06-07,507.989990234375,510.3999938964844,502.1000061035156,509.1499938964844,1291818.0,0.0,0.0,
2024-06-10,514.989990234375,514.989990234375,507.75,508.80999755859375,869632.0,0.0,0.0,
2024-06-11,509.5,511.4599914550781,504.75,508.3999938964844,620513.0,0.0,0.0,
2024-06-12,510.3399963378906,513.2899780273438,508.5199890136719,510.6600036621094,959299.0,0.0,0.0,
2024-06-13,514.8900146484375,515.0,510.010009765625,510.510009765625,517570.0,0.0,0.0,
2024-06-14,515.9000244140625,515.9000244140625,509.3800048828125,512.1400146484375,403102.0,0.0,0.0,
2024-06-18,514.989990234375,518.0900268554688,511.2999877929688,516.4500122070312,971753.0,0.0,0.0,
2024-06-19,517.0,530.9099731445312,515.010009765625,526.1599731445312,1972606.0,0.0,0.0,
2024-06-20,526.2999877929688,530.6300048828125,525.2999877929688,530.3400268554688,1669564.0,0.0,0.0,
2024-06-21,532.72998046875,532.72998046875,525.5999755859375,528.6900024414062,876773.0,0.0,0.0,
2024-06-24,528.989990234375,530.1900024414062,524.010009765625,529.1599731445312,698618.0,0.0,0.0,
2024-06-25,530.0,538.989990234375,529.280029296875,538.0800170898438,1030747.0,0.0,0.0,
2024-06-26,538.0800170898438,541.5,532.010009765625,540.4099731445312,968309.0,0.0,0.0,
2024-06-27,540.4199829101562,543.8499755859375,538.510009765625,540.1099853515625,653188.0,0.0,0.0,
2024-06-28,540.989990234375,542.5700073242188,536.25,537.2000122070312,680993.0,0.0,0.0,
2024-07-01,542.0,542.0,535.030029296875,539.280029296875,395897.0,0.0,0.0,
2024-07-02,541.47998046875,541.47998046875,533.75,535.6799926757812,901217.0,0.0,0.0,
2024-07-03,540.0,544.5499877929688,538.0,542.8300170898438,1599014.0,0.0,0.0,
2024-07-04,544.47998046875,545.489990234375,541.010009765625,543.3800048828125,538522.0,0.0,0.0,
2024-07-05,542.9600219726562,542.969970703125,536.2999877929688,539.5999755859375,991756.0,0.0,0.0,
2024-07-08,538.97998046875,540.989990234375,536.2000122070312,537.7000122070312,580963.0,0.0,0.0,
2024-07-09,537.7000122070312,539.25,537.260009765625,538.9199829101562,268189.0,0.0,0.0,
2024-07-10,538.72998046875,539.9500122070312,534.4500122070312,535.5,586941.0,0.0,0.0,
2024-07-11,536.02001953125,537.6900024414062,530.3300170898438,536.1500244140625,880061.0,0.0,0.0,
2024-07-12,536.1500244140625,539.9000244140625,534.9299926757812,535.510009765625,367103.0,0.0,0.0,
2024-07-15,534.5,539.0,534.5,538.030029296875,494760.0,0.0,0.0,
2024-07-16,539.5,539.5,536.510009765625,537.3800048828125,325565.0,0.0,0.0,
2024-07-18,538.989990234375,539.7000122070312,534.3599853515625,538.47998046875,814676.0,0.0,0.0,
2024-07-19,538.469970703125,538.47998046875,533.6500244140625,534.9099731445312,467770.0,0.0,0.0,
2024-07-22,534.989990234375,536.4000244140625,531.510009765625,535.030029296875,518835.0,0.0,0.0,
2024-07-23,536.4099731445312,536.7000122070312,526.4500122070312,530.0999755859375,1435114.0,0.0,0.0,
2024-07-24,530.0,531.9600219726562,521.219970703125,526.3800048828125,1326883.0,0.0,0.0,
2024-07-25,525.2999877929688,525.2999877929688,519.0,521.8200073242188,800342.0,0.0,0.0,
2024-07-26,521.8200073242188,526.5,518.8300170898438,525.2999877929688,783884.0,0.0,0.0,
2024-07-29,527.510009765625,535.4500122070312,525.5,526.9199829101562,1085663.0,0.0,0.0,
2024-07-30,529.9199829101562,532.8900146484375,524.02001953125,528.3200073242188,1113211.0,0.0,0.0,
2024-07-31,528.3300170898438,529.739990234375,524.0,528.9400024414062,489447.0,0.0,0.0,
2024-08-01,529.9000244140625,532.47998046875,528.0,528.75,405907.0,0.0,0.0,
2024-08-02,526.469970703125,529.3900146484375,524.5,527.1099853515625,529858.0,0.0,0.0,
2024-08-05,522.989990234375,523.8800048828125,510.4100036621094,514.8200073242188,2006675.0,0.0,0.0,
2024-08-06,519.989990234375,520.6500244140625,509.7000122070313,510.6400146484375,944074.0,0.0,0.0,
2024-08-07,516.7999877929688,516.7999877929688,511.1000061035156,514.260009765625,677974.0,0.0,0.0,
2024-08-08,514.969970703125,517.5,511.5,513.969970703125,1433663.0,0.0,0.0,
2024-08-09,517.969970703125,519.9000244140625,516.2100219726562,516.989990234375,830297.0,0.0,0.0,
2024-08-12,517.97998046875,521.6099853515625,514.5599975585938,518.9099731445312,475141.0,0.0,0.0,
2024-08-13,518.9099731445312,519.969970703125,511.75,512.4099731445312,787864.0,0.0,0.0,
2024-08-14,512.510009765625,513.4000244140625,510.4800109863281,511.3299865722656,806481.0,0.0,0.0,
2024-08-16,513.02001953125,518.97998046875,512.2000122070312,518.1799926757812,602336.0,0.0,0.0,
2024-08-19,520.739990234375,520.9000244140625,516.1699829101562,517.0399780273438,908611.0,0.0,0.0,
2024-08-20,519.97998046875,523.25,517.0499877929688,521.6599731445312,1509755.0,0.0,0.0,
2024-08-21,521.5900268554688,521.5999755859375,517.739990234375,520.6099853515625,993054.0,0.0,0.0,
2024-08-22,521.969970703125,523.5,520.6099853515625,522.8400268554688,870305.0,0.0,0.0,
2024-08-23,524.0,524.0,521.6199951171875,522.469970703125,355587.0,0.0,0.0,
2024-08-26,522.510009765625,526.5,522.510009765625,524.489990234375,860857.0,0.0,0.0,
2024-08-27,525.8900146484375,527.1099853515625,522.5,525.9199829101562,793511.0,0.0,0.0,
2024-08-28,525.9199829101562,527.239990234375,524.280029296875,524.8400268554688,392980.0,0.0,0.0,
2024-08-29,524.989990234375,526.5399780273438,523.3099975585938,524.7899780273438,1024117.0,0.0,0.0,
2024-08-30,527.7100219726562,527.7100219726562,524.02001953125,526.72998046875,728507.0,0.0,0.0,
2024-09-02,527.7999877929688,529.22998046875,526.0,527.4099731445312,758360.0,0.0,0.0,
2024-09-03,529.5,530.5,526.0,529.760009765625,703674.0,0.0,0.0,
2024-09-04,528.0,529.5599975585938,526.1400146484375,528.8599853515625,622361.0,0.0,0.0,
2024-09-05,529.8599853515625,531.1099853515625,528.0,529.0599975585938,260746.0,0.0,0.0,
2024-09-06,529.0599975585938,529.0599975585938,519.0999755859375,520.530029296875,817083.0,0.0,0.0,
2024-09-09,522.989990234375,525.0,517.72998046875,524.47998046875,705052.0,0.0,0.0,
2024-09-10,526.0,527.9000244140625,523.1099853515625,526.6599731445312,414777.0,0.0,0.0,
2024-09-11,525.989990234375,527.5,522.4000244140625,523.0599975585938,868606.0,0.0,0.0,
2024-09-12,530.0,531.9000244140625,523.8400268554688,530.8499755859375,1096964.0,0.0,0.0,
2024-09-13,531.02001953125,533.5,529.7000122070312,532.3400268554688,592627.0,0.0,0.0,
2024-09-16,540.0,540.0,531.760009765625,534.739990234375,416108.0,0.0,0.0,
2024-09-17,537.0,537.47998046875,533.7899780273438,535.3200073242188,562049.0,0.0,0.0,
2024-09-18,537.989990234375,542.739990234375,534.3499755859375,540.739990234375,1576847.0,0.0,0.0,
2024-09-19,541.7999877929688,547.0,541.510009765625,544.2100219726562,1090851.0,0.0,0.0,
2024-09-20,547.489990234375,553.6799926757812,544.2100219726562,550.6799926757812,1703708.0,0.0,0.0,
2024-09-23,553.989990234375,557.9000244140625,550.72998046875,556.5700073242188,1188221.0,0.0,0.0,
2024-09-24,557.0,558.780029296875,553.7000122070312,554.3900146484375,1126526.0,0.0,0.0,
2024-09-25,554.3900146484375,555.0,552.5800170898438,554.6300048828125,302333.0,0.0,0.0,
2024-09-26,554.8900146484375,558.280029296875,553.5700073242188,557.4500122070312,652382.0,0.0,0.0,
2024-09-27,558.1900024414062,558.1900024414062,552.7999877929688,553.22998046875,525281.0,0.0,0.0,
2024-09-30,557.989990234375,557.989990234375,544.2999877929688,544.780029296875,1154517.0,0.0,0.0,
2024-10-01,548.97998046875,548.989990234375,543.1699829101562,544.3599853515625,619962.0,0.0,0.0,
2024-10-03,541.989990234375,541.989990234375,532.010009765625,534.5499877929688,2562310.0,0.0,0.0,
2024-10-04,534.97998046875,538.0,528.5,529.8800048828125,2097858.0,0.0,0.0,
2024-10-07,532.7899780273438,532.7899780273438,517.0,521.5999755859375,3317113.0,0.0,0.0,
2024-10-08,525.989990234375,526.6099853515625,519.0999755859375,524.969970703125,1822994.0,0.0,0.0,
2024-10-09,525.5499877929688,531.5,523.7000122070312,524.6400146484375,1936250.0,0.0,0.0,
2024-10-10,528.989990234375,530.4000244140625,525.1500244140625,529.1900024414062,460747.0,0.0,0.0,
2024-10-11,529.2000122070312,532.6799926757812,524.0399780273438,526.4600219726562,1203802.0,0.0,0.0,
2024-10-14,528.989990234375,532.47998046875,526.5,531.760009765625,719958.0,0.0,0.0,
2024-10-15,533.969970703125,533.969970703125,530.7999877929688,532.7000122070312,518367.0,0.0,0.0,
2024-10-16,534.989990234375,534.989990234375,530.4199829101562,531.6500244140625,547794.0,0.0,0.0,
2024-10-17,534.989990234375,534.989990234375,525.2899780273438,526.9000244140625,562204.0,0.0,0.0,
2024-10-18,526.9000244140625,535.2000122070312,523.1300048828125,534.3099975585938,1296193.0,0.0,0.0,
2024-10-21,535.780029296875,538.8099975585938,531.7999877929688,532.5499877929688,854874.0,0.0,0.0,
2024-10-22,534.989990234375,535.5999755859375,526.0,526.7100219726562,1025575.0,0.0,0.0,
2024-10-23,527.989990234375,528.6900024414062,524.1400146484375,526.1099853515625,467912.0,0.0,0.0,
2024-10-24,528.9400024414062,530.8499755859375,525.2999877929688,528.6199951171875,456797.0,0.0,0.0,
2024-10-25,529.97998046875,529.97998046875,518.0,522.1400146484375,1014598.0,0.0,0.0,
2024-10-28,529.989990234375,529.989990234375,523.1199951171875,526.4500122070312,607938.0,0.0,0.0,
2024-10-29,529.7100219726562,536.9000244140625,526.3800048828125,536.280029296875,647707.0,0.0,0.0,
2024-10-30,536.5900268554688,536.5900268554688,531.510009765625,532.6400146484375,729746.0,0.0,0.0,
2024-10-31,534.989990234375,534.989990234375,527.5999755859375,529.6400146484375,561065.0,0.0,0.0,
2024-11-01,529.6400146484375,529.6400146484375,529.6400146484375,529.6400146484375,0.0,0.0,0.0,
2024-11-04,533.0,533.0900268554688,523.2999877929688,526.0700073242188,1068690.0,0.0,0.0,
2024-11-05,527.5900268554688,535.6500244140625,523.0,534.9000244140625,845198.0,0.0,0.0,
2024-11-06,539.989990234375,539.989990234375,535.6799926757812,537.8699951171875,629810.0,0.0,0.0,
2024-11-07,539.77001953125,539.77001953125,532.1699829101562,533.1199951171875,554285.0,0.0,0.0,
2024-11-08,533.1300048828125,535.5999755859375,529.1199951171875,529.4500122070312,387284.0,0.0,0.0,
2024-11-11,529.4500122070312,535.239990234375,527.0599975585938,532.0,568340.0,0.0,0.0,
2024-11-12,534.97998046875,535.6099853515625,524.4199829101562,526.030029296875,881417.0,0.0,0.0,
2024-11-13,528.97998046875,528.97998046875,513.1500244140625,515.0499877929688,1081448.0,0.0,0.0,
2024-11-14,518.97998046875,519.9600219726562,513.7999877929688,516.1300048828125,551641.0,0.0,0.0,
2024-11-18,519.8699951171875,519.8699951171875,513.7899780273438,516.8800048828125,673215.0,0.0,0.0,
2024-11-19,512.010009765625,523.5900268554688,512.010009765625,519.1500244140625,417708.0,0.0,0.0,
2024-11-20,519.1500244140625,519.1500244140625,519.1500244140625,519.1500244140625,0.0,0.0,0.0,
2024-11-21,523.989990234375,523.989990234375,512.0,516.4099731445312,734829.0,0.0,0.0,
2024-11-22,519.989990234375,525.9000244140625,516.4099731445312,524.9199829101562,749839.0,0.0,0.0,
2024-11-25,530.0,538.97998046875,530.0,534.969970703125,860821.0,0.0,0.0,
2024-11-26,538.9400024414062,538.9400024414062,533.2999877929688,535.0700073242188,344485.0,0.0,0.0,
2024-11-27,537.9400024414062,537.9400024414062,533.52001953125,536.280029296875,551069.0,0.0,0.0,
2024-11-28,537.97998046875,540.9000244140625,531.5800170898438,532.969970703125,824736.0,0.0,0.0,
2024-11-29,534.489990234375,535.3400268554688,531.1699829101562,533.5999755859375,436054.0,0.0,0.0,
2024-12-02,534.989990234375,535.0999755859375,530.25,534.3400268554688,448276.0,0.0,0.0,
2024-12-03,540.0,541.1900024414062,535.0499877929688,540.1599731445312,1299598.0,0.0,0.0,
2024-12-04,540.1099853515625,546.9600219726562,539.0700073242188,546.0,950554.0,0.0,0.0,
2024-12-05,547.739990234375,551.9500122070312,542.1699829101562,548.9099731445312,2436846.0,0.0,0.0,
2024-12-06,551.97998046875,552.4000244140625,545.5,550.1099853515625,1056215.0,0.0,0.0,
2024-12-09,550.1099853515625,551.5,547.1500244140625,547.7899780273438,661012.0,0.0,0.0,
2024-12-10,549.239990234375,549.97998046875,546.5,549.3800048828125,494600.0,0.0,0.0,
2024-12-12,547.97998046875,549.97998046875,545.1099853515625,545.7100219726562,267324.0,0.0,0.0,
2024-12-11,549.3099975585938,549.7000122070312,546.75,546.9000244140625,854539.0,0.0,0.0,
2024-12-13,545.47998046875,549.5,536.0,548.9299926757812,967562.0,0.0,0.0,
2024-12-16,548.9299926757812,550.6900024414062,546.7000122070312,548.8099975585938,561061.0,0.0,0.0,
2024-12-17,548.8099975585938,549.0,539.9500122070312,541.989990234375,1417270.0,0.0,0.0,
2024-12-18,538.0700073242188,541.969970703125,534.010009765625,535.9000244140625,1223335.0,0.0,0.0,
2024-12-19,531.989990234375,532.0900268554688,527.1099853515625,530.0499877929688,698136.0,0.0,0.0,
2024-12-20,530.0599975585938,530.6599731445312,520.0,521.1199951171875,984208.0,0.0,0.0,
2024-12-23,525.8800048828125,528.0900268554688,522.5900268554688,527.6199951171875,384195.0,0.0,0.0,
2024-12-24,527.4600219726562,528.8400268554688,525.5999755859375,526.9199829101562,343152.0,0.0,0.0,
2024-12-26,529.989990234375,531.0,523.5399780273438,525.530029296875,514582.0,0.0,0.0,
2024-12-27,528.97998046875,529.97998046875,524.0499877929688,527.3300170898438,214724.0,0.0,0.0,
2024-12-30,528.989990234375,532.9000244140625,521.25,524.0,610825.0,0.0,0.0,
2024-12-31,524.97998046875,524.97998046875,520.25,522.7899780273438,507851.0,0.0,0.0,
2025-01-01,523.489990234375,527.0999755859375,519.0,524.9199829101562,486515.0,0.0,0.0,
2025-01-02,527.489990234375,529.0499877929688,524.0,528.3400268554688,5556095.0,0.0,0.0,
2025-01-03,529.989990234375,529.989990234375,522.25,523.3599853515625,916495.0,0.0,0.0,
2025-01-06,523.3599853515625,525.97998046875,510.010009765625,511.5299987792969,2506076.0,0.0,0.0,
2025-01-07,513.989990234375,516.9000244140625,511.5400085449219,514.4099731445312,582366.0,0.0,0.0,
2025-01-08,516.989990234375,516.989990234375,506.2000122070313,510.5199890136719,1753085.0,0.0,0.0,
2025-01-09,510.9100036621094,511.6900024414063,505.0499877929688,507.4599914550781,831813.0,0.0,0.0,
2025-01-10,507.7999877929688,509.9800109863281,499.0,500.1199951171875,1327204.0,0.0,0.0,
2025-01-13,499.989990234375,499.989990234375,492.489990234375,493.8299865722656,1286197.0,0.0,0.0,
2025-01-15,502.0499877929688,502.9800109863281,499.75,502.5499877929688,102105.0,0.0,0.0,
2025-01-14,496.989990234375,503.1400146484375,495.010009765625,500.6099853515625,622652.0,0.0,0.0,
2025-01-16,505.0,507.4400024414063,503.0,505.010009765625,1609374.0,0.0,0.0,
2025-01-17,505.010009765625,505.1600036621094,495.25,497.3200073242188,1646800.0,0.0,0.0,
2025-01-20,501.9800109863281,508.5700073242188,497.5899963378906,505.80999755859375,711576.0,0.0,0.0,
2025-01-21,518.1900024414062,518.1900024414062,497.3500061035156,498.8200073242188,905958.0,0.0,0.0,
2025-01-22,502.989990234375,502.989990234375,494.1499938964844,500.5899963378906,878150.0,0.0,0.0,
2025-01-23,500.5899963378906,502.2000122070313,497.8900146484375,499.3800048828125,499506.0,0.0,0.0,
2025-01-24,502.9800109863281,502.9800109863281,495.0499877929688,496.1700134277344,649337.0,0.0,0.0,
2025-01-27,494.989990234375,496.0,490.05999755859375,494.1199951171875,1076620.0,0.0,0.0,
2025-01-28,497.489990234375,505.0,495.010009765625,501.4299926757813,1017572.0,0.0,0.0,
2025-01-29,503.3900146484375,504.7000122070313,501.6099853515625,504.1099853515625,812118.0,0.0,0.0,
2025-01-30,505.7900085449219,507.2999877929688,503.1300048828125,506.4400024414063,702694.0,0.0,0.0,
2025-01-31,508.6499938964844,509.4500122070313,502.0,508.3800048828125,639507.0,0.0,0.0,
2025-02-01,508.8800048828125,512.75,502.4100036621094,508.4299926757813,895669.0,0.0,0.0,
2025-02-03,506.9800109863281,507.0,502.6499938964844,505.8399963378906,466239.0,0.0,0.0,
2025-02-04,508.989990234375,514.6699829101562,507.510009765625,513.8800048828125,1194723.0,0.0,0.0,
2025-02-05,514.989990234375,517.8400268554688,513.0999755859375,516.0900268554688,686629.0,0.0,0.0,
2025-02-06,518.469970703125,518.469970703125,514.4000244140625,516.989990234375,588506.0,0.0,0.0,
2025-02-07,517.3099975585938,519.97998046875,511.5199890136719,514.530029296875,1009078.0,0.0,0.0,
2025-02-10,518.989990234375,519.0,510.5,513.3300170898438,317104.0,0.0,0.0,
2025-02-11,514.989990234375,514.989990234375,505.25,507.55999755859375,730615.0,0.0,0.0,
2025-02-12,510.9800109863281,510.9800109863281,500.2099914550781,508.30999755859375,776743.0,0.0,0.0,
2025-02-13,508.8900146484375,511.4800109863281,505.7999877929688,506.7000122070313,509566.0,0.0,0.0,
2025-02-14,507.9400024414063,508.6000061035156,500.2900085449219,504.55999755859375,646445.0,0.0,0.0,
2025-02-17,505.9800109863281,506.3999938964844,498.5299987792969,506.1499938964844,982720.0,0.0,0.0,
2025-02-18,506.0,506.1799926757813,501.30999755859375,503.7999877929688,510928.0,0.0,0.0,
