Date,Open,High,Low,Close,Volume,Dividends,Stock Splits,Adj Close
2014-04-22,24.95000076293945,32.09999847412109,24.95000076293945,32.09999847412109,188.0,0.0,0.0,
2014-04-23,27.0,27.0,27.0,27.0,1.0,0.0,0.0,
2014-04-25,27.25,27.25,26.04999923706055,26.04999923706055,379.0,0.0,0.0,
2014-04-30,26.68000030517578,26.68000030517578,25.60000038146973,26.04999923706055,958.0,0.0,0.0,
2014-05-05,26.01000022888184,26.01000022888184,25.88999938964844,25.93000030517578,200.0,0.0,0.0,
2014-05-08,25.5,25.5,25.17000007629395,25.17000007629395,387.0,0.0,0.0,
2014-05-09,26.0,26.0,26.0,26.0,2.0,0.0,0.0,
2014-05-12,26.20000076293945,26.20000076293945,26.20000076293945,26.20000076293945,39.0,0.0,0.0,
2014-05-14,26.59000015258789,26.59000015258789,26.59000015258789,26.59000015258789,114.0,0.0,0.0,
2014-05-15,27.79999923706055,27.79999923706055,26.63999938964844,26.63999938964844,20.0,0.0,0.0,
2014-05-20,27.97999954223633,27.97999954223633,27.97999954223633,27.97999954223633,34.0,0.0,0.0,
2014-05-21,28.0,28.0,28.0,28.0,127.0,0.0,0.0,
2014-05-23,27.28000068664551,28.55999946594238,27.28000068664551,28.55999946594238,714.0,0.0,0.0,
2014-05-27,28.44000053405762,28.44000053405762,28.44000053405762,28.44000053405762,50.0,0.0,0.0,
2014-05-28,30.0,30.0,28.0,28.0,610.0,0.0,0.0,
2014-05-29,28.34000015258789,28.34000015258789,28.34000015258789,28.34000015258789,510.0,0.0,0.0,
2014-06-02,28.14999961853027,28.51000022888184,26.0,28.51000022888184,702.0,0.0,0.0,
2014-06-03,28.0,28.54999923706055,27.51000022888184,28.54999923706055,905.0,0.0,0.0,
2014-06-04,28.5,28.54999923706055,28.5,28.54000091552734,187.0,0.0,0.0,
2014-06-05,28.5,28.5,28.5,28.5,127.0,0.0,0.0,
2014-06-06,28.5,29.14999961853027,28.5,29.14999961853027,1426.0,0.0,0.0,
2014-06-09,26.26000022888184,29.94000053405762,26.26000022888184,29.94000053405762,1929.0,0.0,0.0,
2014-06-10,29.05999946594238,30.43000030517578,29.05999946594238,30.43000030517578,531.0,0.0,0.0,
2014-06-11,30.35000038146973,30.35000038146973,28.56999969482422,28.56999969482422,207.0,0.0,0.0,
2014-06-12,29.5,29.5,29.5,29.5,5.0,0.0,0.0,
2014-06-13,29.75,29.75,29.75,29.75,5.0,0.0,0.0,
2014-06-16,29.39999961853027,29.39999961853027,29.39999961853027,29.39999961853027,3.0,0.0,0.0,
2014-06-20,29.75,29.75,28.29999923706055,28.29999923706055,4.0,0.0,0.0,
2014-06-23,29.75,29.75,29.3799991607666,29.3799991607666,351.0,0.0,0.0,
2014-06-24,29.54000091552734,29.54000091552734,29.54000091552734,29.54000091552734,187.0,0.0,0.0,
2014-06-25,29.22999954223633,29.22999954223633,29.22999954223633,29.22999954223633,10.0,0.0,0.0,
2014-06-26,29.0,30.10000038146973,29.0,29.70999908447266,500.0,0.0,0.0,
2014-06-27,30.10000038146973,30.10000038146973,29.29999923706055,29.29999923706055,4.0,0.0,0.0,
2014-06-30,29.3799991607666,29.3799991607666,28.3700008392334,29.3799991607666,342.0,0.0,0.0,
2014-07-01,28.5,29.67000007629395,28.45000076293945,29.67000007629395,10020.0,0.0,0.0,
2014-07-02,30.10000038146973,30.10000038146973,28.45999908447266,28.45999908447266,365.0,0.0,0.0,
2014-07-03,28.47999954223633,30.09000015258789,28.44000053405762,28.54999923706055,260.0,0.0,0.0,
2014-07-04,30.0,30.10000038146973,30.0,30.10000038146973,22.0,0.0,0.0,
2014-07-07,29.98999977111816,30.05999946594238,28.51000022888184,28.51000022888184,15.0,0.0,0.0,
2014-07-08,30.10000038146973,30.10000038146973,28.52000045776367,28.52000045776367,12.0,0.0,0.0,
2014-07-10,30.09000015258789,30.10000038146973,28.53000068664551,30.10000038146973,121.0,0.0,0.0,
2014-07-11,29.5,29.5,28.54999923706055,28.54999923706055,100.0,0.0,0.0,
2014-07-14,30.95000076293945,30.95000076293945,30.95000076293945,30.95000076293945,100.0,0.0,0.0,
2014-07-16,27.88999938964844,27.88999938964844,27.53000068664551,27.78000068664551,186.0,0.0,0.0,
2014-07-17,30.89999961853027,30.95000076293945,28.10000038146973,29.52000045776367,41.0,0.0,0.0,
2014-07-21,26.80999946594238,30.86000061035156,26.80999946594238,30.86000061035156,197.0,0.0,0.0,
2014-07-22,28.10000038146973,28.10000038146973,27.04999923706055,28.0,555.0,0.0,0.0,
2014-07-23,28.0,28.0,28.0,28.0,165.0,0.0,0.0,
2014-07-24,27.11000061035156,27.71999931335449,27.11000061035156,27.71999931335449,28.0,0.0,0.0,
2014-07-25,30.0,30.95000076293945,28.10000038146973,30.95000076293945,32.0,0.0,0.0,
2014-07-28,30.0,30.0,30.0,30.0,40.0,0.0,0.0,
2014-08-01,30.0,30.0,30.0,30.0,400.0,0.0,0.0,
2014-08-04,30.60000038146973,30.60000038146973,30.60000038146973,30.60000038146973,90.0,0.0,0.0,
2014-08-05,29.0,29.0,29.0,29.0,187.0,0.0,0.0,
2014-08-07,30.8700008392334,30.88999938964844,30.5,30.5,113.0,0.0,0.0,
2014-08-11,30.94000053405762,30.95000076293945,30.5,30.55999946594238,60.0,0.0,0.0,
2014-08-19,30.94000053405762,30.95000076293945,30.94000053405762,30.95000076293945,60.0,0.0,0.0,
2014-08-20,30.95000076293945,31.5,30.95000076293945,31.5,795.0,0.0,0.0,
2014-08-21,32.0,32.0,29.01000022888184,29.01000022888184,437.0,0.0,0.0,
2014-08-22,32.0,32.15000152587891,29.5,29.5,121.0,0.0,0.0,
2014-08-25,34.97000122070312,37.0,28.5,29.01000022888184,1986.0,0.0,0.0,
2014-08-26,30.0,30.0,28.36000061035156,28.72999954223633,252.0,0.0,0.0,
2014-08-27,29.0,29.0,29.0,29.0,22.0,0.0,0.0,
2014-08-28,30.0,30.5,28.5,30.35000038146973,2179.0,0.0,0.0,
2014-09-01,30.25,30.35000038146973,29.10000038146973,29.25,375.0,0.0,0.0,
2014-09-02,30.20000076293945,30.5,30.20000076293945,30.5,39.0,0.0,0.0,
2014-09-03,30.0,30.0,30.0,30.0,172.0,0.0,0.0,
2014-09-04,30.5,30.5,29.39999961853027,29.39999961853027,257.0,0.0,0.0,
2014-09-05,29.39999961853027,30.25,29.0,29.5,827.0,0.0,0.0,
2014-09-08,30.10000038146973,30.10000038146973,30.10000038146973,30.10000038146973,4.0,0.0,0.0,
2014-09-09,30.10000038146973,30.10000038146973,29.36000061035156,30.0,103.0,0.0,0.0,
2014-09-10,30.10000038146973,30.70000076293945,30.10000038146973,30.70000076293945,791.0,0.0,0.0,
2014-09-11,30.64999961853027,30.70000076293945,30.64999961853027,30.70000076293945,103.0,0.0,0.0,
2014-09-12,30.85000038146973,30.85000038146973,30.85000038146973,30.85000038146973,3.0,0.0,0.0,
2014-09-15,30.79999923706055,30.85000038146973,30.79999923706055,30.85000038146973,273.0,0.0,0.0,
2014-09-16,30.85000038146973,30.85000038146973,30.85000038146973,30.85000038146973,130.0,0.0,0.0,
2014-09-17,30.85000038146973,30.85000038146973,30.79999923706055,30.79999923706055,558.0,0.0,0.0,
2014-09-18,30.85000038146973,37.40000152587891,30.85000038146973,31.0,2700.0,0.0,0.0,
2014-09-19,31.75,31.75,31.75,31.75,327.0,0.0,0.0,
2014-09-22,31.75,31.75,30.14999961853027,30.82999992370605,716.0,0.0,0.0,
2014-09-23,31.0,31.0,30.14999961853027,30.14999961853027,597.0,0.0,0.0,
2014-09-24,31.0,31.70000076293945,30.14999961853027,31.70000076293945,351.0,0.0,0.0,
2014-09-25,31.10000038146973,31.70000076293945,31.10000038146973,31.70000076293945,53.0,0.0,0.0,
2014-09-26,31.20000076293945,31.20000076293945,31.14999961853027,31.20000076293945,73.0,0.0,0.0,
2014-09-29,31.75,31.75,31.75,31.75,3.0,0.0,0.0,
2014-09-30,31.75,31.75,30.14999961853027,31.75,225.0,0.0,0.0,
2014-10-01,30.95000076293945,30.95000076293945,30.95000076293945,30.95000076293945,3.0,0.0,0.0,
2014-10-07,30.95000076293945,31.60000038146973,28.89999961853027,30.42000007629395,1748.0,0.0,0.0,
2014-10-08,30.60000038146973,30.60000038146973,30.60000038146973,30.60000038146973,3.0,0.0,0.0,
2014-10-09,29.29999923706055,30.60000038146973,29.29999923706055,30.60000038146973,4305.0,0.0,0.0,
2014-10-10,30.60000038146973,30.60000038146973,30.60000038146973,30.60000038146973,33.0,0.0,0.0,
2014-10-13,30.60000038146973,30.60000038146973,29.64999961853027,29.82999992370605,364.0,0.0,0.0,
2014-10-14,30.60000038146973,30.60000038146973,30.60000038146973,30.60000038146973,24.0,0.0,0.0,
2014-10-16,30.60000038146973,30.60000038146973,29.85000038146973,29.85000038146973,150.0,0.0,0.0,
2014-10-17,30.60000038146973,30.60000038146973,27.86000061035156,28.28000068664551,429.0,0.0,0.0,
2014-10-20,30.3799991607666,30.3799991607666,28.54999923706055,29.95000076293945,293.0,0.0,0.0,
2014-10-21,30.29000091552734,30.29000091552734,28.45000076293945,28.54999923706055,537.0,0.0,0.0,
2014-10-22,30.25,30.25,29.60000038146973,30.1200008392334,265.0,0.0,0.0,
2014-10-27,30.85000038146973,30.85000038146973,30.25,30.25,414.0,0.0,0.0,
2014-10-28,30.85000038146973,30.85000038146973,30.85000038146973,30.85000038146973,3.0,0.0,0.0,
2014-10-29,30.85000038146973,30.85000038146973,30.85000038146973,30.85000038146973,3.0,0.0,0.0,
2014-10-30,30.85000038146973,30.85000038146973,30.35000038146973,30.35000038146973,190.0,0.0,0.0,
2014-10-31,30.85000038146973,30.85000038146973,30.85000038146973,30.85000038146973,353.0,0.0,0.0,
2014-11-03,30.85000038146973,30.85000038146973,30.85000038146973,30.85000038146973,164.0,0.0,0.0,
2014-11-05,40.18999862670898,40.18999862670898,30.85000038146973,30.8700008392334,1060.0,0.0,0.0,
2014-11-07,37.0,40.04000091552734,31.60000038146973,40.04000091552734,2909.0,0.0,0.0,
2014-11-10,38.0,39.91999816894531,37.0,39.91999816894531,39.0,0.0,0.0,
2014-11-11,40.04000091552734,40.04000091552734,40.04000091552734,40.04000091552734,203.0,0.0,0.0,
2014-11-12,40.25,40.25,34.0099983215332,36.0,374.0,0.0,0.0,
2014-11-13,35.0099983215332,37.9900016784668,35.0099983215332,35.63999938964844,334.0,0.0,0.0,
2014-11-14,34.95000076293945,37.9900016784668,34.95000076293945,35.09999847412109,216.0,0.0,0.0,
2014-11-17,40.0,40.09999847412109,38.0,38.0,180.0,0.0,0.0,
2014-11-18,38.0,38.0,34.0,34.45000076293945,2170.0,0.0,0.0,
2014-11-19,34.84999847412109,34.84999847412109,34.84999847412109,34.84999847412109,3.0,0.0,0.0,
2014-11-20,34.84999847412109,34.84999847412109,34.84999847412109,34.84999847412109,203.0,0.0,0.0,
2014-11-21,34.84999847412109,34.84999847412109,34.0,34.0,258.0,0.0,0.0,
2014-11-24,34.84999847412109,34.84999847412109,34.84999847412109,34.84999847412109,1168.0,0.0,0.0,
2014-11-25,40.9900016784668,40.9900016784668,39.5,39.5,20.0,0.0,0.0,
2014-11-26,38.0,38.0,34.5,36.54999923706055,340.0,0.0,0.0,
2014-11-27,38.0,41.0,34.59999847412109,38.0,556.0,0.0,0.0,
2014-11-28,36.0,36.0,36.0,36.0,54.0,0.0,0.0,
2014-12-01,36.0,36.0,36.0,36.0,10.0,0.0,0.0,
2014-12-02,37.5,37.5,34.59999847412109,34.59999847412109,2774.0,0.0,0.0,
2014-12-03,35.5,35.54999923706055,35.5,35.54999923706055,501.0,0.0,0.0,
2014-12-04,35.54999923706055,38.90000152587891,35.15000152587891,36.0,1937.0,0.0,0.0,
2014-12-05,36.0,36.0,36.0,36.0,45.0,0.0,0.0,
2014-12-08,36.0,36.0,36.0,36.0,87.0,0.0,0.0,
2014-12-09,35.15000152587891,36.0,35.15000152587891,36.0,531.0,0.0,0.0,
2014-12-10,35.9900016784668,36.0,35.9900016784668,36.0,108.0,0.0,0.0,
2014-12-11,35.9900016784668,35.9900016784668,35.0,35.0,186.0,0.0,0.0,
2014-12-12,35.9900016784668,35.9900016784668,35.0,35.0,217.0,0.0,0.0,
2014-12-15,35.93999862670898,35.93999862670898,34.20000076293945,34.2400016784668,287.0,0.0,0.0,
2014-12-16,35.2400016784668,35.2400016784668,34.15999984741211,34.52999877929688,111.0,0.0,0.0,
2014-12-17,35.25,35.25,35.25,35.25,59.0,0.0,0.0,
2014-12-18,34.15000152587891,35.04999923706055,34.15000152587891,35.04999923706055,389.0,0.0,0.0,
2014-12-19,35.04999923706055,35.04999923706055,35.04999923706055,35.04999923706055,7.0,0.0,0.0,
2014-12-22,34.0,35.04999923706055,34.0,35.04999923706055,6.0,0.0,0.0,
2014-12-23,35.0,35.0,35.0,35.0,6.0,0.0,0.0,
2014-12-24,35.04999923706055,35.29999923706055,34.5,34.5,672.0,0.0,0.0,
2014-12-26,34.04999923706055,34.95000076293945,33.95000076293945,34.84999847412109,314.0,0.0,0.0,
2014-12-29,34.5,34.5,34.5,34.5,6.0,0.0,0.0,
2014-12-30,34.84999847412109,34.84999847412109,34.5,34.79999923706055,578.0,0.0,0.0,
2014-12-31,34.79999923706055,34.79999923706055,34.5,34.79999923706055,110.0,0.0,0.0,
2015-01-01,34.79999923706055,34.79999923706055,34.79999923706055,34.79999923706055,5.0,0.0,0.0,
2015-01-02,34.79999923706055,34.79999923706055,34.79999923706055,34.79999923706055,18.0,0.0,0.0,
2015-01-05,34.79999923706055,34.84999847412109,30.86000061035156,32.88000106811523,244.0,0.0,0.0,
2015-01-06,34.84999847412109,34.84999847412109,30.5,31.21999931335449,244.0,0.0,0.0,
2015-01-07,33.29999923706055,34.5,33.29999923706055,33.29999923706055,858.0,0.0,0.0,
2015-01-08,34.29999923706055,34.29999923706055,33.5,33.5,12.0,0.0,0.0,
2015-01-09,34.29999923706055,34.29999923706055,34.0,34.29999923706055,1308.0,0.0,0.0,
2015-01-12,34.29999923706055,34.29999923706055,34.04999923706055,34.04999923706055,38.0,0.0,0.0,
2015-01-13,34.29999923706055,34.29999923706055,34.29999923706055,34.29999923706055,5.0,0.0,0.0,
2015-01-14,34.29999923706055,34.29999923706055,34.29999923706055,34.29999923706055,6.0,0.0,0.0,
2015-01-15,34.29999923706055,34.29999923706055,34.20000076293945,34.22000122070312,98.0,0.0,0.0,
2015-01-16,41.0,41.25,31.10000038146973,34.88999938964844,2153.0,0.0,0.0,
2015-01-19,34.0,39.91999816894531,34.0,34.09999847412109,348.0,0.0,0.0,
2015-01-20,38.93000030517578,40.0,36.0,37.02999877929688,548.0,0.0,0.0,
2015-01-21,38.0,39.79000091552734,32.40999984741211,36.97999954223633,561.0,0.0,0.0,
2015-01-22,41.68999862670898,41.68999862670898,33.04999923706055,34.90000152587891,284.0,0.0,0.0,
2015-01-23,37.45000076293945,37.45000076293945,35.04999923706055,35.04999923706055,53.0,0.0,0.0,
2015-01-27,38.9900016784668,38.9900016784668,34.5,38.29999923706055,55.0,0.0,0.0,
2015-01-28,37.5,39.0,37.5,39.0,23.0,0.0,0.0,
2015-01-29,37.5,39.95000076293945,37.0,37.0,268.0,0.0,0.0,
2015-01-30,37.0,37.0,37.0,37.0,3.0,0.0,0.0,
2015-02-02,39.90000152587891,40.95000076293945,34.54999923706055,37.5,330.0,0.0,0.0,
2015-02-03,37.0,37.0,34.54999923706055,36.56000137329102,143.0,0.0,0.0,
2015-02-04,36.5,37.45000076293945,36.5,37.45000076293945,6.0,0.0,0.0,
2015-02-05,37.0,40.0,34.04999923706055,34.77999877929688,62.0,0.0,0.0,
2015-02-06,34.0,39.93999862670898,34.0,36.5,1183.0,0.0,0.0,
2015-02-09,38.0,39.93999862670898,35.5,35.5,143.0,0.0,0.0,
2015-02-10,36.0,36.0,36.0,36.0,3.0,0.0,0.0,
2015-02-11,38.0,38.0,34.5,35.9900016784668,69.0,0.0,0.0,
2015-02-12,37.0,37.5,37.0,37.5,6.0,0.0,0.0,
2015-02-13,38.0,38.0,38.0,38.0,6.0,0.0,0.0,
2015-02-16,38.0,39.93999862670898,38.0,39.29999923706055,274.0,0.0,0.0,
2015-02-18,39.91999816894531,39.91999816894531,33.65999984741211,33.90000152587891,67556.0,0.0,0.0,
2015-02-19,38.97000122070312,39.95000076293945,35.0099983215332,39.95000076293945,324.0,0.0,0.0,
2015-02-20,38.5,38.5,35.54999923706055,37.97999954223633,556.0,0.0,0.0,
2015-02-23,38.0,38.0,36.5,36.5,173.0,0.0,0.0,
2015-02-24,35.09999847412109,36.0,32.5,34.52999877929688,784.0,0.0,0.0,
2015-02-25,35.0,35.0,33.90000152587891,35.0,159.0,0.0,0.0,
2015-02-26,36.75,36.75,34.25,36.7400016784668,713.0,0.0,0.0,
2015-02-27,36.5,37.90000152587891,35.56000137329102,35.56000137329102,577.0,0.0,0.0,
2015-03-02,35.65000152587891,41.0,35.59999847412109,37.5099983215332,769.0,0.0,0.0,
2015-03-03,37.5,37.5,37.5,37.5,3.0,0.0,0.0,
2015-03-04,36.0,36.5,34.5,36.5,1186.0,0.0,0.0,
2015-03-05,39.0,39.90000152587891,36.09999847412109,38.2599983215332,217.0,0.0,0.0,
2015-03-09,38.2599983215332,40.0,36.0,36.0,658.0,0.0,0.0,
2015-03-10,39.84999847412109,39.84999847412109,34.65000152587891,37.0,747.0,0.0,0.0,
2015-03-16,37.0,37.0,37.0,37.0,75.0,0.0,0.0,
2015-03-26,33.59999847412109,33.59999847412109,32.0,32.0,374.0,0.0,0.0,
2015-03-27,37.0,37.0,32.09999847412109,35.9900016784668,14.0,0.0,0.0,
2015-04-01,35.04999923706055,35.04999923706055,35.04999923706055,35.04999923706055,1000.0,0.0,0.0,
2015-04-09,33.25,33.25,33.25,33.25,1.0,0.0,0.0,
2015-04-10,34.04999923706055,35.5,34.04999923706055,35.25,511.0,0.0,0.0,
2015-04-13,37.0,37.29999923706055,37.0,37.29999923706055,325.0,0.0,0.0,
2015-04-15,35.0,36.95000076293945,34.61000061035156,36.95000076293945,232.0,0.0,0.0,
2015-04-16,36.9900016784668,36.9900016784668,36.5,36.5,26.0,0.0,0.0,
2015-04-17,34.5,34.5,34.0099983215332,34.0099983215332,561.0,0.0,0.0,
2015-04-20,33.20999908447266,33.20999908447266,32.79999923706055,33.0,282.0,0.0,0.0,
2015-04-21,33.20000076293945,36.86000061035156,33.20000076293945,34.59999847412109,654.0,0.0,0.0,
2015-04-22,35.0,35.0,35.0,35.0,560.0,0.0,0.0,
2015-04-23,34.25,34.25,32.65000152587891,32.65000152587891,150.0,0.0,0.0,
2015-04-24,32.65000152587891,33.0,32.54999923706055,32.61000061035156,953.0,0.0,0.0,
2015-04-27,34.75,34.75,32.15000152587891,32.15000152587891,135.0,0.0,0.0,
2015-04-28,32.65000152587891,32.65000152587891,32.59999847412109,32.59999847412109,2.0,0.0,0.0,
2015-04-29,32.2599983215332,32.2599983215332,32.0,32.15000152587891,412.0,0.0,0.0,
2015-04-30,32.0,32.0,27.22999954223633,29.11000061035156,2223.0,0.0,0.0,
2015-05-04,35.0,35.0,32.5,34.31000137329102,871.0,0.0,0.0,
2015-05-05,31.54999923706055,32.90000152587891,30.70000076293945,31.20000076293945,159.0,0.0,0.0,
2015-05-06,31.39999961853027,31.5,31.39999961853027,31.5,348.0,0.0,0.0,
2015-05-07,31.5,31.5,29.20999908447266,29.73999977111816,1380.0,0.0,0.0,
2015-05-08,31.45000076293945,34.90000152587891,31.45000076293945,33.09999847412109,1376.0,0.0,0.0,
2015-05-11,34.0,34.9900016784668,34.0,34.97000122070312,142.0,0.0,0.0,
2015-05-12,32.0099983215332,32.0099983215332,32.0099983215332,32.0099983215332,50.0,0.0,0.0,
2015-05-13,31.10000038146973,32.0,31.04999923706055,32.0,53.0,0.0,0.0,
2015-05-15,31.54999923706055,31.54999923706055,31.54999923706055,31.54999923706055,207.0,0.0,0.0,
2015-05-18,32.0,32.0,32.0,32.0,401.0,0.0,0.0,
2015-05-19,32.9900016784668,32.9900016784668,32.9900016784668,32.9900016784668,10.0,0.0,0.0,
2015-05-20,33.88000106811523,33.88999938964844,33.88000106811523,33.88000106811523,2.0,0.0,0.0,
2015-05-21,30.51000022888184,31.29999923706055,30.14999961853027,31.29000091552734,1171.0,0.0,0.0,
2015-05-22,32.97999954223633,32.97999954223633,32.97999954223633,32.97999954223633,2.0,0.0,0.0,
2015-05-25,33.79999923706055,33.79999923706055,30.55999946594238,30.55999946594238,85.0,0.0,0.0,
2015-05-26,30.5,30.88999938964844,29.0,29.60000038146973,2284.0,0.0,0.0,
2015-05-27,31.88999938964844,31.88999938964844,30.10000038146973,30.10000038146973,76.0,0.0,0.0,
2015-05-29,32.29999923706055,32.29999923706055,31.0,31.42000007629395,677.0,0.0,0.0,
2015-06-01,32.9900016784668,33.25,30.0,32.0,213.0,0.0,0.0,
2015-06-02,31.75,33.0,30.42000007629395,31.73999977111816,611.0,0.0,0.0,
2015-06-03,32.81000137329102,32.81000137329102,32.81000137329102,32.81000137329102,71.0,0.0,0.0,
2015-06-04,31.0,31.0,31.0,31.0,1.0,0.0,0.0,
2015-06-08,33.88999938964844,33.88999938964844,32.9900016784668,32.9900016784668,375.0,0.0,0.0,
2015-06-09,30.54999923706055,30.54999923706055,30.54999923706055,30.54999923706055,300.0,0.0,0.0,
2015-06-12,33.84999847412109,33.86000061035156,33.84999847412109,33.84999847412109,10.0,0.0,0.0,
2015-06-17,33.5,33.84000015258789,33.0,33.0,116.0,0.0,0.0,
2015-06-18,32.5,32.93999862670898,32.5,32.93999862670898,101.0,0.0,0.0,
2015-06-19,33.83000183105469,33.83000183105469,33.83000183105469,33.83000183105469,140.0,0.0,0.0,
2015-06-22,33.84999847412109,33.86000061035156,32.5099983215332,33.84000015258789,490.0,0.0,0.0,
2015-06-23,31.0,31.0,30.02000045776367,30.02000045776367,225.0,0.0,0.0,
2015-06-24,33.0,33.84999847412109,33.0,33.84000015258789,465.0,0.0,0.0,
2015-06-25,33.4900016784668,33.84999847412109,33.4900016784668,33.84999847412109,18.0,0.0,0.0,
2015-06-26,33.79000091552734,33.84999847412109,33.72999954223633,33.83000183105469,224.0,0.0,0.0,
2015-06-29,33.84999847412109,33.84999847412109,33.0,33.0,525.0,0.0,0.0,
2015-06-30,32.0,33.84999847412109,32.0,33.61000061035156,1618.0,0.0,0.0,
2015-07-02,32.0,33.79999923706055,32.0,33.79999923706055,64.0,0.0,0.0,
2015-07-03,33.79999923706055,33.79999923706055,33.79000091552734,33.79999923706055,310.0,0.0,0.0,
2015-07-06,31.5,33.79999923706055,31.5,33.79999923706055,253.0,0.0,0.0,
2015-07-07,32.36000061035156,32.36000061035156,32.34999847412109,32.34999847412109,150.0,0.0,0.0,
2015-07-08,32.45000076293945,32.45000076293945,32.45000076293945,32.45000076293945,125.0,0.0,0.0,
2015-07-09,33.79000091552734,33.79999923706055,33.11000061035156,33.20000076293945,240.0,0.0,0.0,
2015-07-13,33.5,33.79999923706055,33.5,33.79999923706055,202.0,0.0,0.0,
2015-07-14,33.79999923706055,33.79999923706055,33.79999923706055,33.79999923706055,245.0,0.0,0.0,
2015-07-16,33.79999923706055,34.5,33.79999923706055,34.5,1303.0,0.0,0.0,
2015-07-17,34.90000152587891,35.40000152587891,34.59999847412109,35.0,4220.0,0.0,0.0,
2015-07-20,35.5,35.5,35.40000152587891,35.4900016784668,1756.0,0.0,0.0,
2015-07-21,32.5099983215332,36.0,32.5099983215332,32.72000122070312,196.0,0.0,0.0,
2015-07-22,35.25,35.25,35.25,35.25,292.0,0.0,0.0,
2015-07-23,35.54999923706055,36.0,35.54999923706055,36.0,1194.0,0.0,0.0,
2015-07-24,35.95000076293945,37.0,35.25,35.25,287.0,0.0,0.0,
2015-07-27,35.25,35.25,35.25,35.25,15.0,0.0,0.0,
2015-07-28,34.65000152587891,35.95000076293945,33.0099983215332,34.25,333.0,0.0,0.0,
2015-07-29,41.65000152587891,41.65000152587891,33.27000045776367,34.5099983215332,2568.0,0.0,0.0,
2015-07-31,36.5,37.0,36.5,37.0,327.0,0.0,0.0,
2015-08-03,37.0,37.0,37.0,37.0,900.0,0.0,0.0,
2015-08-04,37.0,37.84999847412109,37.0,37.84999847412109,31.0,0.0,0.0,
2015-08-05,37.84999847412109,37.84999847412109,37.84999847412109,37.84999847412109,304.0,0.0,0.0,
2015-08-06,35.52000045776367,37.84999847412109,35.52000045776367,37.84999847412109,12.0,0.0,0.0,
2015-08-10,37.84999847412109,37.84999847412109,37.84999847412109,37.84999847412109,30.0,0.0,0.0,
2015-08-11,36.0,37.0,32.20000076293945,36.93000030517578,1945.0,0.0,0.0,
2015-08-12,37.0,37.34999847412109,37.0,37.34999847412109,251.0,0.0,0.0,
2015-08-14,37.34999847412109,37.34999847412109,37.34999847412109,37.34999847412109,1000.0,0.0,0.0,
2015-08-17,36.0,37.90000152587891,36.0,37.86999893188477,365.0,0.0,0.0,
2015-08-18,37.86999893188477,38.90000152587891,35.09999847412109,37.81000137329102,595.0,0.0,0.0,
2015-08-20,38.0,38.5,38.0,38.5,353.0,0.0,0.0,
2015-08-21,38.5,38.5,36.5,36.5,100.0,0.0,0.0,
2015-08-24,37.0,37.0,32.0099983215332,35.75,1202.0,0.0,0.0,
2015-08-25,33.0099983215332,36.59000015258789,33.0,36.59000015258789,200.0,0.0,0.0,
2015-08-26,38.75,39.0,38.0,38.9900016784668,205.0,0.0,0.0,
2015-08-27,38.9900016784668,38.9900016784668,35.75,36.20000076293945,1260.0,0.0,0.0,
2015-08-28,38.5,38.9900016784668,37.0,37.0,150.0,0.0,0.0,
2015-09-01,37.0,37.0,35.5,35.70999908447266,1071.0,0.0,0.0,
2015-09-02,35.0,35.0,34.95000076293945,34.95000076293945,350.0,0.0,0.0,
2015-09-03,34.95000076293945,34.95000076293945,34.95000076293945,34.95000076293945,73.0,0.0,0.0,
2015-09-04,34.95000076293945,34.95000076293945,34.90000152587891,34.90000152587891,496.0,0.0,0.0,
2015-09-07,32.75,32.75,32.75,32.75,40.0,0.0,0.0,
2015-09-08,33.5,33.5,33.5,33.5,60.0,0.0,0.0,
2015-09-09,38.45000076293945,38.47000122070312,33.59999847412109,35.45999908447266,166.0,0.0,0.0,
2015-09-10,35.0,35.0,35.0,35.0,50.0,0.0,0.0,
2015-09-11,35.0,35.5,34.0,34.75,160.0,0.0,0.0,
2015-09-14,32.59999847412109,36.0,32.59999847412109,36.0,1760.0,0.0,0.0,
2015-09-15,33.15000152587891,34.0,33.15000152587891,34.0,300.0,0.0,0.0,
2015-09-18,33.9900016784668,34.0,33.9900016784668,34.0,3600.0,0.0,0.0,
2015-09-23,34.0,34.0,34.0,34.0,50.0,0.0,0.0,
2015-09-24,36.0,38.88000106811523,33.5,37.0,444.0,0.0,0.0,
2015-09-28,34.0,34.0,32.65999984741211,34.0,607.0,0.0,0.0,
2015-09-29,35.5,35.79999923706055,33.0,35.54000091552734,582.0,0.0,0.0,
2015-09-30,33.15000152587891,33.15000152587891,32.0,32.5,4409.0,0.0,0.0,
2015-10-01,32.75,33.90000152587891,32.5,33.90000152587891,487.0,0.0,0.0,
2015-10-05,35.5,35.5,35.0,35.0,80.0,0.0,0.0,
2015-10-06,33.09999847412109,33.97999954223633,32.09999847412109,32.52999877929688,537.0,0.0,0.0,
2015-10-07,33.97999954223633,33.97999954223633,31.51000022888184,33.11000061035156,550.0,0.0,0.0,
2015-10-08,32.54999923706055,32.54999923706055,32.54999923706055,32.54999923706055,300.0,0.0,0.0,
2015-10-09,34.0,34.0,34.0,34.0,165.0,0.0,0.0,
2015-10-12,34.0,34.0,32.59999847412109,32.59999847412109,376.0,0.0,0.0,
2015-10-13,33.5,34.45000076293945,33.5,34.45000076293945,130.0,0.0,0.0,
2015-10-14,34.45000076293945,34.45000076293945,32.79999923706055,33.29000091552734,998.0,0.0,0.0,
2015-10-15,33.25,33.29999923706055,33.25,33.29999923706055,1096.0,0.0,0.0,
2015-10-16,33.09999847412109,33.09999847412109,33.09999847412109,33.09999847412109,45.0,0.0,0.0,
2015-10-19,35.5,35.9900016784668,33.15000152587891,33.15000152587891,534.0,0.0,0.0,
2015-10-20,35.5,35.5,35.0,35.0,176.0,0.0,0.0,
2015-10-23,35.29999923706055,35.29999923706055,35.29999923706055,35.29999923706055,100.0,0.0,0.0,
2015-10-26,36.0,36.38999938964844,35.90000152587891,36.2599983215332,266.0,0.0,0.0,
2015-10-28,33.0,33.0,33.0,33.0,10.0,0.0,0.0,
2015-10-29,33.15000152587891,33.15000152587891,33.15000152587891,33.15000152587891,50.0,0.0,0.0,
2015-10-30,35.34999847412109,35.34999847412109,31.54999923706055,34.9900016784668,710.0,0.0,0.0,
2015-11-03,32.54999923706055,32.54999923706055,32.54999923706055,32.54999923706055,10.0,0.0,0.0,
2015-11-09,34.75,34.75,34.0,34.09000015258789,204.0,0.0,0.0,
2015-11-10,34.40000152587891,34.40000152587891,34.40000152587891,34.40000152587891,25.0,0.0,0.0,
2015-11-13,32.90000152587891,32.90000152587891,32.90000152587891,32.90000152587891,2.0,0.0,0.0,
2015-11-17,31.79999923706055,33.40000152587891,31.79999923706055,33.40000152587891,200.0,0.0,0.0,
2015-11-19,34.5,35.4900016784668,34.5,34.90999984741211,105.0,0.0,0.0,
2015-11-23,34.5,34.5,32.25,32.33000183105469,1251.0,0.0,0.0,
2015-11-27,33.84999847412109,33.84999847412109,33.84999847412109,33.84999847412109,10.0,0.0,0.0,
2015-12-01,33.95000076293945,34.95000076293945,33.95000076293945,33.95000076293945,400.0,0.0,0.0,
2015-12-02,33.20000076293945,34.70000076293945,33.20000076293945,34.70000076293945,200.0,0.0,0.0,
2015-12-03,34.5,34.59999847412109,34.5,34.59999847412109,334.0,0.0,0.0,
2015-12-07,32.25,36.0,32.25,36.0,465.0,0.0,0.0,
2015-12-08,35.93999862670898,36.0,35.5,35.65000152587891,100.0,0.0,0.0,
2015-12-09,38.5,38.5,38.5,38.5,100.0,0.0,0.0,
2015-12-10,38.4900016784668,38.70000076293945,38.40000152587891,38.40000152587891,566.0,0.0,0.0,
2015-12-17,38.40000152587891,38.40000152587891,37.5,37.5,375.0,0.0,0.0,
2015-12-18,38.59999847412109,38.59999847412109,38.59999847412109,38.59999847412109,70.0,0.0,0.0,
2015-12-22,39.5,39.5,31.60000038146973,34.04999923706055,1771.0,0.0,0.0,
2015-12-23,36.0,36.38999938964844,34.95000076293945,35.36000061035156,400.0,0.0,0.0,
2015-12-24,37.88999938964844,37.9900016784668,34.86000061035156,37.9900016784668,2003.0,0.0,0.0,
2015-12-28,35.09999847412109,35.09999847412109,35.09999847412109,35.09999847412109,79.0,0.0,0.0,
2015-12-29,35.09999847412109,35.09999847412109,35.09999847412109,35.09999847412109,100.0,0.0,0.0,
2016-01-04,36.0,36.0,36.0,36.0,100.0,0.0,0.0,
2016-01-06,35.04999923706055,35.04999923706055,35.04999923706055,35.04999923706055,100.0,0.0,0.0,
2016-01-07,35.04999923706055,35.04999923706055,35.04999923706055,35.04999923706055,14.0,0.0,0.0,
2016-01-08,39.45000076293945,39.5,38.45000076293945,38.45000076293945,150.0,0.0,0.0,
2016-01-11,33.20000076293945,33.20000076293945,33.04999923706055,33.15000152587891,150.0,0.0,0.0,
2016-01-13,36.5,36.5,36.40000152587891,36.40000152587891,60.0,0.0,0.0,
2016-01-14,36.0,36.0,32.56000137329102,32.56999969482422,100.0,0.0,0.0,
2016-01-19,32.52000045776367,35.97000122070312,32.52000045776367,34.2400016784668,800.0,0.0,0.0,
2016-01-20,35.84000015258789,35.84999847412109,35.84000015258789,35.84999847412109,150.0,0.0,0.0,
2016-01-21,38.4900016784668,38.4900016784668,35.40000152587891,35.84000015258789,156.0,0.0,0.0,
2016-01-22,35.5,35.84000015258789,32.09999847412109,33.06999969482422,319.0,0.0,0.0,
2016-01-28,37.5,40.0,28.10000038146973,35.90000152587891,4858.0,0.0,0.0,
2016-01-29,38.43999862670898,38.45000076293945,33.11999893188477,33.93000030517578,690.0,0.0,0.0,
2016-02-01,36.0,36.0,33.93000030517578,36.0,560.0,0.0,0.0,
2016-02-02,35.84999847412109,35.84999847412109,33.52000045776367,33.52000045776367,176.0,0.0,0.0,
2016-02-03,35.79999923706055,35.79999923706055,32.40000152587891,32.40000152587891,275.0,0.0,0.0,
2016-02-04,35.34999847412109,35.34999847412109,32.65000152587891,35.04999923706055,36.0,0.0,0.0,
2016-02-05,35.0,35.0,35.0,35.0,2.0,0.0,0.0,
2016-02-08,36.45000076293945,36.45000076293945,33.5,35.59000015258789,511.0,0.0,0.0,
2016-02-09,36.59999847412109,36.59999847412109,36.59999847412109,36.59999847412109,2.0,0.0,0.0,
2016-02-10,36.59999847412109,36.59999847412109,33.0,36.0,176.0,0.0,0.0,
2016-02-11,35.95000076293945,35.95000076293945,35.95000076293945,35.95000076293945,2.0,0.0,0.0,
2016-02-12,35.90000152587891,35.90000152587891,35.90000152587891,35.90000152587891,2.0,0.0,0.0,
2016-02-15,35.45000076293945,35.45000076293945,35.45000076293945,35.45000076293945,2.0,0.0,0.0,
2016-02-16,35.54999923706055,35.54999923706055,35.54999923706055,35.54999923706055,2.0,0.0,0.0,
2016-02-17,35.65000152587891,35.65000152587891,32.40000152587891,33.79999923706055,402.0,0.0,0.0,
2016-02-18,35.75,35.75,32.02000045776367,32.02000045776367,202.0,0.0,0.0,
2016-02-19,35.40000152587891,35.40000152587891,32.0,32.0,32.0,0.0,0.0,
2016-02-22,34.9900016784668,34.9900016784668,34.95000076293945,34.95000076293945,4.0,0.0,0.0,
2016-02-23,35.90000152587891,35.90000152587891,35.90000152587891,35.90000152587891,4.0,0.0,0.0,
2016-02-24,37.45000076293945,37.45000076293945,35.45000076293945,35.45000076293945,4.0,0.0,0.0,
2016-02-25,37.95000076293945,37.95000076293945,33.29999923706055,37.79999923706055,15.0,0.0,0.0,
2016-02-26,37.40000152587891,37.40000152587891,35.65000152587891,35.65000152587891,4.0,0.0,0.0,
2016-02-29,36.95000076293945,36.95000076293945,32.0,32.0,12.0,0.0,0.0,
2016-03-01,35.9900016784668,35.9900016784668,32.15000152587891,33.47000122070312,183.0,0.0,0.0,
2016-03-02,34.9900016784668,34.9900016784668,34.9900016784668,34.9900016784668,62.0,0.0,0.0,
2016-03-03,34.9900016784668,34.9900016784668,32.22000122070312,34.9900016784668,4.0,0.0,0.0,
2016-03-04,37.9900016784668,37.9900016784668,35.0,35.0,4.0,0.0,0.0,
2016-03-08,35.0,35.75,35.0,35.5,1539.0,0.0,0.0,
2016-03-09,36.79999923706055,36.79999923706055,36.79999923706055,36.79999923706055,2.0,0.0,0.0,
2016-03-10,36.95000076293945,39.90000152587891,32.70000076293945,33.11999893188477,495.0,0.0,0.0,
2016-03-11,32.90000152587891,35.9900016784668,32.90000152587891,35.9900016784668,37.0,0.0,0.0,
2016-03-14,35.45000076293945,35.45000076293945,35.45000076293945,35.45000076293945,2.0,0.0,0.0,
2016-03-15,38.93000030517578,38.93000030517578,33.84999847412109,34.13000106811523,19.0,0.0,0.0,
2016-03-16,38.84000015258789,38.84000015258789,33.0,34.29999923706055,10143.0,0.0,0.0,
2016-03-17,36.0,36.5,36.0,36.18999862670898,8.0,0.0,0.0,
2016-03-18,35.95999908447266,35.95999908447266,35.90000152587891,35.93000030517578,6.0,0.0,0.0,
2016-03-23,39.0,39.0,32.84000015258789,36.22000122070312,1473.0,0.0,0.0,
2016-03-29,37.09999847412109,37.43999862670898,35.0,35.0,165.0,0.0,0.0,
2016-03-30,37.38999938964844,37.38999938964844,33.0,33.0,452.0,0.0,0.0,
2016-03-31,37.40000152587891,37.40000152587891,33.0,34.52999877929688,137.0,0.0,0.0,
2016-04-01,36.0,36.5,32.72000122070312,35.95999908447266,104.0,0.0,0.0,
2016-04-04,36.45000076293945,36.90000152587891,36.45000076293945,36.90000152587891,5.0,0.0,0.0,
2016-04-05,36.90000152587891,36.90000152587891,36.90000152587891,36.90000152587891,94.0,0.0,0.0,
2016-04-06,34.29999923706055,37.45000076293945,34.29999923706055,37.45000076293945,196.0,0.0,0.0,
2016-04-07,33.09999847412109,36.5,31.46999931335449,36.5,1113.0,0.0,0.0,
2016-04-08,36.79999923706055,37.45000076293945,36.79999923706055,37.08000183105469,500.0,0.0,0.0,
2016-04-18,37.45000076293945,37.45000076293945,37.45000076293945,37.45000076293945,2091.0,0.0,0.0,
2016-04-20,34.5099983215332,38.0,34.0099983215332,35.5,2397.0,0.0,0.0,
2016-04-27,35.5,35.54999923706055,35.5,35.5,34.0,0.0,0.0,
2016-04-29,39.91999816894531,39.91999816894531,35.09999847412109,35.20999908447266,2172.0,0.0,0.0,
2016-05-02,37.5,37.5,35.40000152587891,36.59999847412109,344.0,0.0,0.0,
2016-05-03,35.09999847412109,37.0,35.09999847412109,35.81999969482422,5024.0,0.0,0.0,
2016-05-04,35.84000015258789,35.84000015258789,35.79000091552734,35.79000091552734,5.0,0.0,0.0,
2016-05-05,35.66999816894531,35.66999816894531,35.40000152587891,35.40000152587891,502.0,0.0,0.0,
2016-05-06,35.56000137329102,35.56000137329102,35.5,35.5,452.0,0.0,0.0,
2016-05-09,35.70000076293945,36.27999877929688,35.70000076293945,36.0,1002.0,0.0,0.0,
2016-05-10,35.97999954223633,36.20999908447266,35.93000030517578,35.93000030517578,151.0,0.0,0.0,
2016-05-11,36.33000183105469,36.33000183105469,36.33000183105469,36.33000183105469,202.0,0.0,0.0,
2016-05-12,36.45000076293945,36.45000076293945,36.40000152587891,36.40000152587891,7.0,0.0,0.0,
2016-05-13,36.18000030517578,36.18000030517578,36.18000030517578,36.18000030517578,2.0,0.0,0.0,
2016-05-16,35.93000030517578,35.93000030517578,35.93000030517578,35.93000030517578,2.0,0.0,0.0,
2016-05-17,36.97999954223633,36.97999954223633,36.47999954223633,36.47999954223633,4.0,0.0,0.0,
2016-05-18,35.90000152587891,36.15000152587891,35.90000152587891,36.15000152587891,42.0,0.0,0.0,
2016-05-19,35.9900016784668,35.9900016784668,35.13999938964844,35.75,3848.0,0.0,0.0,
2016-05-20,35.7599983215332,35.7599983215332,35.65999984741211,35.65999984741211,207.0,0.0,0.0,
2016-05-23,35.84999847412109,35.95000076293945,35.84999847412109,35.95000076293945,12.0,0.0,0.0,
2016-05-24,35.7599983215332,35.7599983215332,35.7599983215332,35.7599983215332,2.0,0.0,0.0,
2016-05-25,36.0,36.22000122070312,36.0,36.11999893188477,363.0,0.0,0.0,
2016-05-26,36.63999938964844,36.63999938964844,36.58000183105469,36.58000183105469,1002.0,0.0,0.0,
2016-05-27,36.88999938964844,36.93999862670898,36.88999938964844,36.93999862670898,516.0,0.0,0.0,
2016-05-30,37.13000106811523,37.13000106811523,36.95999908447266,36.95999908447266,2002.0,0.0,0.0,
2016-05-31,37.20999908447266,37.20999908447266,37.06000137329102,37.06000137329102,1382.0,0.0,0.0,
2016-06-01,37.52000045776367,37.52000045776367,37.52000045776367,37.52000045776367,13.0,0.0,0.0,
2016-06-02,37.45999908447266,37.5099983215332,37.45999908447266,37.5099983215332,12.0,0.0,0.0,
2016-06-03,37.84999847412109,37.84999847412109,37.79999923706055,37.79999923706055,1309.0,0.0,0.0,
2016-06-06,37.41999816894531,37.41999816894531,37.41999816894531,37.41999816894531,92.0,0.0,0.0,
2016-06-07,37.77000045776367,37.77000045776367,37.77000045776367,37.77000045776367,10.0,0.0,0.0,
2016-06-08,44.0,44.0,37.70000076293945,37.79000091552734,6660.0,0.0,0.0,
2016-06-09,37.68000030517578,37.68000030517578,37.68000030517578,37.68000030517578,50.0,0.0,0.0,
2016-06-13,37.02999877929688,37.02999877929688,36.90999984741211,36.90999984741211,510.0,0.0,0.0,
2016-06-14,36.90000152587891,37.11999893188477,36.90000152587891,36.97000122070312,252.0,0.0,0.0,
2016-06-15,37.27000045776367,37.36999893188477,37.09999847412109,37.36999893188477,205.0,0.0,0.0,
2016-06-16,37.2599983215332,37.2599983215332,36.93999862670898,36.93999862670898,138.0,0.0,0.0,
2016-06-17,37.34000015258789,37.38999938964844,37.34000015258789,37.38999938964844,19.0,0.0,0.0,
2016-06-20,37.45999908447266,37.5099983215332,37.13999938964844,37.5099983215332,477.0,0.0,0.0,
2016-06-21,37.5,37.54999923706055,37.22999954223633,37.22999954223633,46.0,0.0,0.0,
2016-06-22,37.2599983215332,37.52999877929688,37.2599983215332,37.2599983215332,632.0,0.0,0.0,
2016-06-23,37.2599983215332,37.41999816894531,37.25,37.25,1883.0,0.0,0.0,
2016-06-24,36.61999893188477,37.13000106811523,36.61999893188477,37.13000106811523,442.0,0.0,0.0,
2016-06-27,37.2599983215332,37.2599983215332,37.2599983215332,37.2599983215332,2.0,0.0,0.0,
2016-06-28,37.29000091552734,37.5099983215332,37.29000091552734,37.29000091552734,42.0,0.0,0.0,
2016-06-29,37.88999938964844,37.93999862670898,37.88999938964844,37.93999862670898,327.0,0.0,0.0,
2016-06-30,38.33000183105469,38.47999954223633,38.0099983215332,38.43000030517578,636.0,0.0,0.0,
2016-07-01,38.65000152587891,38.75,38.52999877929688,38.52999877929688,363.0,0.0,0.0,
2016-07-04,38.77999877929688,38.77999877929688,38.77999877929688,38.77999877929688,2.0,0.0,0.0,
2016-07-05,38.47999954223633,38.59999847412109,38.33000183105469,38.33000183105469,99.0,0.0,0.0,
2016-07-07,38.45000076293945,38.61999893188477,38.45000076293945,38.61999893188477,17.0,0.0,0.0,
2016-07-08,38.59999847412109,38.59999847412109,38.59999847412109,38.59999847412109,2.0,0.0,0.0,
2016-07-11,39.04000091552734,39.13999938964844,39.04000091552734,39.13999938964844,112.0,0.0,0.0,
2016-07-12,39.22000122070312,39.22000122070312,38.84999847412109,39.09999847412109,36.0,0.0,0.0,
2016-07-13,39.06000137329102,39.06000137329102,38.75,38.75,29.0,0.0,0.0,
2016-07-14,38.97999954223633,39.0099983215332,38.79000091552734,39.0099983215332,293.0,0.0,0.0,
2016-07-15,39.45999908447266,39.45999908447266,39.36000061035156,39.36000061035156,702.0,0.0,0.0,
2016-07-18,39.56999969482422,39.56999969482422,39.38000106811523,39.38000106811523,376.0,0.0,0.0,
2016-07-19,39.09000015258789,39.09000015258789,38.97000122070312,38.97000122070312,4.0,0.0,0.0,
2016-07-20,39.09999847412109,39.09999847412109,39.04999923706055,39.04999923706055,953.0,0.0,0.0,
2016-07-21,39.36000061035156,39.36000061035156,39.04999923706055,39.04999923706055,134.0,0.0,0.0,
2016-07-22,39.34000015258789,39.34000015258789,39.34000015258789,39.34000015258789,2.0,0.0,0.0,
2016-07-25,42.0,42.0,39.25,39.34000015258789,77.0,0.0,0.0,
2016-07-26,39.7400016784668,39.7400016784668,39.65000152587891,39.65000152587891,32.0,0.0,0.0,
2016-07-27,39.61999893188477,39.61999893188477,39.61999893188477,39.61999893188477,2.0,0.0,0.0,
2016-07-28,39.70000076293945,39.81000137329102,39.63000106811523,39.81000137329102,387.0,0.0,0.0,
2016-07-29,39.9900016784668,39.9900016784668,39.79999923706055,39.79999923706055,189.0,0.0,0.0,
2016-08-01,42.0,42.0,39.9900016784668,39.9900016784668,2402.0,0.0,0.0,
2016-08-02,40.38000106811523,40.59000015258789,40.34999847412109,40.43999862670898,92.0,0.0,0.0,
2016-08-03,40.29000091552734,40.29000091552734,39.79999923706055,39.79999923706055,748.0,0.0,0.0,
2016-08-04,39.97999954223633,40.0099983215332,39.97999954223633,40.0099983215332,172.0,0.0,0.0,
2016-08-05,40.0,40.0,40.0,40.0,100.0,0.0,0.0,
2016-08-08,42.0,42.0,42.0,42.0,2.0,0.0,0.0,
2016-08-09,40.59000015258789,40.59000015258789,40.29000091552734,40.29000091552734,82.0,0.0,0.0,
2016-08-10,40.36999893188477,40.36999893188477,39.84000015258789,39.84000015258789,37.0,0.0,0.0,
2016-08-11,39.72999954223633,39.72999954223633,39.68999862670898,39.68999862670898,202.0,0.0,0.0,
2016-08-12,40.38999938964844,40.38999938964844,40.15000152587891,40.27000045776367,232.0,0.0,0.0,
2016-08-16,41.0,41.0,40.11999893188477,40.11999893188477,194.0,0.0,0.0,
2016-08-17,40.20999908447266,40.29999923706055,40.20999908447266,40.29999923706055,22.0,0.0,0.0,
2016-08-18,40.43000030517578,40.43000030517578,40.13000106811523,40.13000106811523,3.0,0.0,0.0,
2016-08-19,40.31000137329102,40.31000137329102,40.31000137329102,40.31000137329102,2.0,0.0,0.0,
2016-08-22,40.36000061035156,40.36000061035156,40.2400016784668,40.2400016784668,160.0,0.0,0.0,
2016-08-23,40.18999862670898,40.22000122070312,39.95000076293945,39.95000076293945,103.0,0.0,0.0,
2016-08-24,40.20999908447266,40.20999908447266,40.20999908447266,40.20999908447266,2.0,0.0,0.0,
2016-08-25,40.41999816894531,40.5099983215332,40.41999816894531,40.47999954223633,52.0,0.0,0.0,
2016-08-26,44.0,44.0,39.97000122070312,40.0,70.0,0.0,0.0,
2016-08-29,40.0,40.06000137329102,40.0,40.06000137329102,12.0,0.0,0.0,
2016-08-30,40.36000061035156,40.5099983215332,40.36000061035156,40.5099983215332,3.0,0.0,0.0,
2016-08-31,40.88000106811523,41.02999877929688,40.88000106811523,40.93999862670898,230.0,0.0,0.0,
2016-09-01,41.5,41.5,40.52999877929688,40.83000183105469,654.0,0.0,0.0,
2016-09-02,44.0,44.0,40.70999908447266,40.86000061035156,120.0,0.0,0.0,
2016-09-06,40.90000152587891,41.47000122070312,38.52000045776367,41.40000152587891,3770.0,0.0,0.0,
2016-09-07,41.54000091552734,41.54000091552734,41.45000076293945,41.45000076293945,82.0,0.0,0.0,
2016-09-08,41.52000045776367,41.54000091552734,41.5,41.54000091552734,23.0,0.0,0.0,
2016-09-09,41.93999862670898,41.93999862670898,41.36999893188477,41.36999893188477,3.0,0.0,0.0,
2016-09-12,43.0,43.0,40.36000061035156,40.65000152587891,252.0,0.0,0.0,
2016-09-14,40.68000030517578,40.68000030517578,40.68000030517578,40.68000030517578,2.0,0.0,0.0,
2016-09-15,40.79999923706055,40.95999908447266,40.77000045776367,40.86000061035156,1006.0,0.0,0.0,
2016-09-16,41.20000076293945,41.20000076293945,41.20000076293945,41.20000076293945,2.0,0.0,0.0,
2016-09-19,41.16999816894531,41.16999816894531,41.16999816894531,41.16999816894531,2.0,0.0,0.0,
2016-09-20,40.68999862670898,40.77000045776367,40.41999816894531,40.43999862670898,417.0,0.0,0.0,
2016-09-21,40.95999908447266,40.95999908447266,40.81000137329102,40.81000137329102,350.0,0.0,0.0,
2016-09-22,40.72999954223633,40.72999954223633,40.72999954223633,40.72999954223633,932.0,0.0,0.0,
2016-09-26,40.0,40.77000045776367,40.0,40.52999877929688,380.0,0.0,0.0,
2016-09-28,40.61999893188477,40.61999893188477,40.61999893188477,40.61999893188477,2.0,0.0,0.0,
2016-09-29,40.0,40.0,39.63999938964844,39.70000076293945,550.0,0.0,0.0,
2016-09-30,44.09999847412109,48.66999816894531,39.5,40.18000030517578,6401.0,0.0,0.0,
2016-10-03,40.52999877929688,40.52999877929688,40.52999877929688,40.52999877929688,10.0,0.0,0.0,
2016-10-04,40.77000045776367,40.77000045776367,40.77000045776367,40.77000045776367,500.0,0.0,0.0,
2016-10-05,40.81000137329102,40.81000137329102,40.75,40.75,140.0,0.0,0.0,
2016-10-07,40.45999908447266,40.45999908447266,40.45999908447266,40.45999908447266,54.0,0.0,0.0,
2016-10-10,48.0,48.0,40.70999908447266,41.0,300.0,0.0,0.0,
2016-10-14,40.29999923706055,40.29999923706055,39.95000076293945,39.95000076293945,67.0,0.0,0.0,
2016-10-17,39.93000030517578,39.93000030517578,39.63000106811523,39.63000106811523,123.0,0.0,0.0,
2016-10-18,39.79000091552734,39.79000091552734,39.79000091552734,39.79000091552734,100.0,0.0,0.0,
2016-10-19,39.88999938964844,39.88999938964844,39.56000137329102,39.72000122070312,225.0,0.0,0.0,
2016-10-20,39.70999908447266,39.97999954223633,39.65000152587891,39.7599983215332,133.0,0.0,0.0,
2016-10-21,39.61000061035156,39.79000091552734,39.61000061035156,39.7599983215332,1199.0,0.0,0.0,
2016-10-25,39.5,39.52999877929688,39.5,39.5,733.0,0.0,0.0,
2016-10-28,39.45000076293945,39.45000076293945,39.34999847412109,39.34999847412109,1123.0,0.0,0.0,
2016-11-01,39.58000183105469,39.90999984741211,39.58000183105469,39.90999984741211,201.0,0.0,0.0,
2016-11-02,39.34999847412109,39.70000076293945,39.34999847412109,39.70000076293945,1210.0,0.0,0.0,
2016-11-03,39.34000015258789,39.4900016784668,39.34000015258789,39.4900016784668,400.0,0.0,0.0,
2016-11-04,39.25,39.25,39.15000152587891,39.15000152587891,1932.0,0.0,0.0,
2016-11-07,39.34999847412109,39.34999847412109,39.34999847412109,39.34999847412109,60.0,0.0,0.0,
2016-11-08,39.11999893188477,39.11999893188477,39.06000137329102,39.06000137329102,396.0,0.0,0.0,
2016-11-09,39.0,39.0,38.59000015258789,38.59000015258789,501.0,0.0,0.0,
2016-11-10,38.70000076293945,38.70000076293945,38.40000152587891,38.40000152587891,201.0,0.0,0.0,
2016-11-11,42.75,42.75,36.86000061035156,36.88999938964844,704.0,0.0,0.0,
2016-11-15,35.90999984741211,35.93000030517578,35.63000106811523,35.75,1023.0,0.0,0.0,
2016-11-16,35.84000015258789,36.29999923706055,35.84000015258789,36.29999923706055,37.0,0.0,0.0,
2016-11-18,35.77000045776367,36.09000015258789,35.65000152587891,36.09000015258789,2270.0,0.0,0.0,
2016-11-21,35.20999908447266,35.20999908447266,35.18000030517578,35.18000030517578,110.0,0.0,0.0,
2016-11-22,35.58000183105469,35.86000061035156,35.58000183105469,35.7599983215332,1058.0,0.0,0.0,
2016-11-23,35.68999862670898,35.68999862670898,35.68999862670898,35.68999862670898,100.0,0.0,0.0,
2016-11-24,35.66999816894531,35.66999816894531,35.66999816894531,35.66999816894531,130.0,0.0,0.0,
2016-11-25,35.61000061035156,35.61000061035156,35.61000061035156,35.61000061035156,100.0,0.0,0.0,
2016-11-28,37.40000152587891,37.40000152587891,35.90999984741211,35.9900016784668,380.0,0.0,0.0,
2016-11-30,36.72000122070312,36.75,36.72000122070312,36.75,611.0,0.0,0.0,
2016-12-01,36.75,37.06000137329102,36.75,37.06000137329102,300.0,0.0,0.0,
2016-12-06,37.0,37.0,36.41999816894531,36.5099983215332,249.0,0.0,0.0,
2016-12-12,36.70000076293945,36.86999893188477,36.70000076293945,36.86999893188477,534.0,0.0,0.0,
2016-12-13,36.65999984741211,36.65999984741211,36.65999984741211,36.65999984741211,200.0,0.0,0.0,
2016-12-14,36.63000106811523,36.63000106811523,36.63000106811523,36.63000106811523,15.0,0.0,0.0,
2016-12-15,36.61999893188477,36.61999893188477,36.15999984741211,36.56000137329102,288.0,0.0,0.0,
2016-12-16,36.33000183105469,36.33000183105469,36.33000183105469,36.33000183105469,320.0,0.0,0.0,
2016-12-19,36.11000061035156,36.11000061035156,36.11000061035156,36.11000061035156,50.0,0.0,0.0,
2016-12-20,35.97999954223633,35.97999954223633,35.83000183105469,35.83000183105469,40.0,0.0,0.0,
2016-12-21,35.45999908447266,35.95000076293945,35.45999908447266,35.61999893188477,422.0,0.0,0.0,
2016-12-22,35.5,35.5,35.33000183105469,35.33000183105469,120.0,0.0,0.0,
2016-12-26,35.25,35.25,35.25,35.25,20.0,0.0,0.0,
2017-01-03,36.7599983215332,36.93000030517578,36.63999938964844,36.63999938964844,2101.0,0.0,0.0,
2017-01-05,37.56000137329102,37.56000137329102,37.56000137329102,37.56000137329102,50.0,0.0,0.0,
2017-01-09,37.43000030517578,37.52999877929688,37.43000030517578,37.47000122070312,1353.0,0.0,0.0,
2017-01-10,37.47999954223633,37.47999954223633,37.2599983215332,37.29000091552734,132.0,0.0,0.0,
2017-01-11,37.79000091552734,37.79000091552734,37.45999908447266,37.54999923706055,7.0,0.0,0.0,
2017-01-12,37.59999847412109,37.59999847412109,37.59999847412109,37.59999847412109,200.0,0.0,0.0,
2017-01-13,37.5099983215332,37.5099983215332,37.5099983215332,37.5099983215332,250.0,0.0,0.0,
2017-01-16,37.65999984741211,37.65999984741211,37.65999984741211,37.65999984741211,24.0,0.0,0.0,
2017-01-18,38.04999923706055,38.04999923706055,38.04999923706055,38.04999923706055,35.0,0.0,0.0,
2017-01-19,37.93999862670898,38.38000106811523,37.93999862670898,38.38000106811523,3300.0,0.0,0.0,
2017-01-20,37.95999908447266,37.95999908447266,37.79999923706055,37.79999923706055,50.0,0.0,0.0,
2017-01-23,37.97999954223633,38.13000106811523,37.97999954223633,38.13000106811523,55.0,0.0,0.0,
2017-01-24,37.93000030517578,38.20000076293945,37.93000030517578,38.20000076293945,230.0,0.0,0.0,
2017-01-25,38.52999877929688,38.70999908447266,38.52999877929688,38.68999862670898,85.0,0.0,0.0,
2017-01-27,38.93999862670898,38.93999862670898,38.59999847412109,38.65000152587891,2010.0,0.0,0.0,
2017-01-30,38.65000152587891,39.06000137329102,38.65000152587891,39.04999923706055,2015.0,0.0,0.0,
2017-01-31,39.31999969482422,39.31999969482422,39.16999816894531,39.16999816894531,101.0,0.0,0.0,
2017-02-01,40.0,40.0,40.0,40.0,100.0,0.0,0.0,
2017-02-02,46.0,46.0,40.02000045776367,40.40999984741211,2501.0,0.0,0.0,
2017-02-03,40.29000091552734,40.36000061035156,39.66999816894531,40.20000076293945,2271.0,0.0,0.0,
2017-02-06,40.38000106811523,40.38000106811523,40.38000106811523,40.38000106811523,1.0,0.0,0.0,
2017-02-07,40.40000152587891,40.43000030517578,40.04999923706055,40.43000030517578,435.0,0.0,0.0,
2017-02-08,40.5,40.5,40.43999862670898,40.43999862670898,101.0,0.0,0.0,
2017-02-09,40.5099983215332,40.5099983215332,40.09999847412109,40.09999847412109,709.0,0.0,0.0,
2017-02-10,40.72999954223633,40.72999954223633,40.34999847412109,40.68000030517578,1253.0,0.0,0.0,
2017-02-13,40.63000106811523,40.63000106811523,40.0,40.0,393.0,0.0,0.0,
2017-02-14,40.31999969482422,40.31999969482422,40.31999969482422,40.31999969482422,1.0,0.0,0.0,
2017-02-15,40.40999984741211,40.40999984741211,40.40999984741211,40.40999984741211,1.0,0.0,0.0,
2017-02-16,40.13999938964844,40.13999938964844,40.13999938964844,40.13999938964844,1.0,0.0,0.0,
2017-02-17,47.93000030517578,47.93000030517578,40.0,40.40000152587891,507.0,0.0,0.0,
2017-02-20,40.2400016784668,40.65000152587891,40.2400016784668,40.65000152587891,7.0,0.0,0.0,
2017-02-21,40.63999938964844,40.63999938964844,40.63999938964844,40.63999938964844,1.0,0.0,0.0,
2017-02-22,40.81000137329102,40.81000137329102,40.79999923706055,40.79999923706055,51.0,0.0,0.0,
2017-02-23,41.0,41.02999877929688,40.70000076293945,40.70000076293945,1088.0,0.0,0.0,
2017-02-27,40.65999984741211,40.65999984741211,40.54000091552734,40.54000091552734,371.0,0.0,0.0,
2017-02-28,47.38999938964844,47.38999938964844,40.18999862670898,42.75,619.0,0.0,0.0,
2017-03-01,46.0,46.0,41.25,41.25,1631.0,0.0,0.0,
2017-03-02,43.5,43.5,41.2599983215332,41.2599983215332,436.0,0.0,0.0,
2017-03-03,46.93999862670898,46.93999862670898,42.0,42.0,260.0,0.0,0.0,
2017-03-06,41.25,41.25,40.52999877929688,40.52999877929688,605.0,0.0,0.0,
2017-03-07,44.95999908447266,44.95999908447266,40.59000015258789,41.0,926.0,0.0,0.0,
2017-03-08,40.59999847412109,40.93999862670898,40.36999893188477,40.36999893188477,1889.0,0.0,0.0,
2017-03-09,40.31999969482422,42.0,40.31999969482422,40.38999938964844,120.0,0.0,0.0,
2017-03-10,42.70000076293945,42.70000076293945,40.59999847412109,41.54999923706055,401.0,0.0,0.0,
2017-03-14,40.95000076293945,41.47999954223633,40.95000076293945,41.45000076293945,1074.0,0.0,0.0,
2017-03-15,45.95000076293945,48.0,41.54999923706055,42.47999954223633,10057.0,0.0,0.0,
2017-03-16,42.5,42.5,41.56999969482422,41.56999969482422,105.0,0.0,0.0,
2017-03-17,41.70999908447266,42.75,41.70999908447266,42.75,624.0,0.0,0.0,
2017-03-20,41.70000076293945,42.70000076293945,41.52000045776367,41.52000045776367,112.0,0.0,0.0,
2017-03-21,43.34999847412109,43.34999847412109,41.5099983215332,41.56999969482422,103.0,0.0,0.0,
2017-03-22,44.0,44.0,41.0,41.0,332.0,0.0,0.0,
2017-03-23,41.06000137329102,42.29999923706055,41.02999877929688,41.47999954223633,151.0,0.0,0.0,
2017-03-24,41.18000030517578,42.11000061035156,41.06999969482422,41.15000152587891,378.0,0.0,0.0,
2017-03-27,41.09999847412109,42.43999862670898,40.75,40.77999877929688,389.0,0.0,0.0,
2017-03-28,40.75,41.4900016784668,40.0,41.4900016784668,4993.0,0.0,0.0,
2017-03-29,41.40999984741211,41.47000122070312,40.84999847412109,40.95000076293945,2236.0,0.0,0.0,
2017-03-30,41.59999847412109,41.59999847412109,41.13000106811523,41.47999954223633,905.0,0.0,0.0,
2017-03-31,41.54999923706055,41.54999923706055,41.15000152587891,41.15000152587891,361.0,0.0,0.0,
2017-04-03,41.43000030517578,41.72000122070312,41.22999954223633,41.25,2596.0,0.0,0.0,
2017-04-05,41.38000106811523,41.95000076293945,41.38000106811523,41.59000015258789,53.0,0.0,0.0,
2017-04-06,42.0,42.0,42.0,42.0,1.0,0.0,0.0,
2017-04-07,42.09999847412109,42.09999847412109,41.47000122070312,41.47000122070312,31.0,0.0,0.0,
2017-04-10,41.34999847412109,42.09999847412109,41.34999847412109,42.0,296.0,0.0,0.0,
2017-04-11,46.59999847412109,47.84999847412109,41.4900016784668,41.5099983215332,1639.0,0.0,0.0,
2017-04-12,41.5,41.5,41.45000076293945,41.45000076293945,33.0,0.0,0.0,
2017-04-13,47.65999984741211,48.0,43.0099983215332,45.22999954223633,2916.0,0.0,0.0,
2017-04-17,44.0,45.0,41.81000137329102,41.81000137329102,948.0,0.0,0.0,
2017-04-18,42.0,42.27999877929688,41.79999923706055,41.90000152587891,1416.0,0.0,0.0,
2017-04-19,41.0,44.84999847412109,41.0,43.45000076293945,1058.0,0.0,0.0,
2017-04-20,42.75,42.75,40.27000045776367,42.0,2139.0,0.0,0.0,
2017-04-21,42.0,43.0,41.47000122070312,41.47000122070312,478.0,0.0,0.0,
2017-04-24,42.0,42.0,41.5099983215332,41.5099983215332,230.0,0.0,0.0,
2017-04-25,42.4900016784668,42.4900016784668,42.0,42.4900016784668,23.0,0.0,0.0,
2017-04-26,42.18000030517578,44.7599983215332,42.18000030517578,43.25,1321.0,0.0,0.0,
2017-04-27,43.25,43.25,42.5099983215332,42.5099983215332,518.0,0.0,0.0,
2017-04-28,42.5099983215332,42.5099983215332,42.29000091552734,42.5,2019.0,0.0,0.0,
2017-05-02,42.5,43.31999969482422,42.5,43.31999969482422,1060.0,0.0,0.0,
2017-05-03,44.7400016784668,44.7400016784668,42.52000045776367,42.86000061035156,512.0,0.0,0.0,
2017-05-04,42.52000045776367,42.52000045776367,42.52000045776367,42.52000045776367,2.0,0.0,0.0,
2017-05-05,43.70000076293945,43.70000076293945,43.70000076293945,43.70000076293945,5.0,0.0,0.0,
2017-05-08,42.36000061035156,42.36000061035156,42.36000061035156,42.36000061035156,50.0,0.0,0.0,
2017-05-09,42.34999847412109,42.36000061035156,42.33000183105469,42.34999847412109,1105.0,0.0,0.0,
2017-05-10,43.5,43.5,43.0,43.5,116.0,0.0,0.0,
2017-05-11,43.38999938964844,43.63000106811523,43.38999938964844,43.63000106811523,410.0,0.0,0.0,
2017-05-12,43.54999923706055,44.90000152587891,43.54999923706055,44.88999938964844,767.0,0.0,0.0,
2017-05-15,43.95999908447266,43.95999908447266,43.56999969482422,43.95000076293945,968.0,0.0,0.0,
2017-05-16,43.97999954223633,43.97999954223633,43.97999954223633,43.97999954223633,20.0,0.0,0.0,
2017-05-18,44.0,44.0,43.59999847412109,43.59999847412109,441.0,0.0,0.0,
2017-05-19,44.79000091552734,53.08000183105469,44.79000091552734,52.83000183105469,20062.0,0.0,0.0,
2017-05-22,52.0,52.15999984741211,43.20000076293945,43.43000030517578,8040.0,0.0,0.0,
2017-05-23,48.20000076293945,52.15999984741211,43.22000122070312,51.27000045776367,14579.0,0.0,0.0,
2017-05-24,51.27000045776367,51.4900016784668,45.65000152587891,48.56000137329102,1704.0,0.0,0.0,
2017-05-25,50.9900016784668,50.9900016784668,45.0,45.88000106811523,2669.0,0.0,0.0,
2017-05-26,48.93999862670898,51.40000152587891,46.06999969482422,50.5,5983.0,0.0,0.0,
2017-05-29,51.34999847412109,51.34999847412109,44.5099983215332,45.06000137329102,21205.0,0.0,0.0,
2017-05-30,45.45000076293945,47.7599983215332,43.97999954223633,45.25,5471.0,0.0,0.0,
2017-05-31,46.45000076293945,46.45000076293945,44.29999923706055,44.7599983215332,5171.0,0.0,0.0,
2017-06-01,45.25,45.2599983215332,44.61999893188477,45.25,1047.0,0.0,0.0,
2017-06-02,46.34999847412109,46.34999847412109,44.88000106811523,45.40000152587891,554.0,0.0,0.0,
2017-06-05,45.61999893188477,46.54000091552734,45.15999984741211,45.63000106811523,5910.0,0.0,0.0,
2017-06-06,45.29999923706055,45.63000106811523,45.29999923706055,45.5099983215332,571.0,0.0,0.0,
2017-06-07,45.13000106811523,45.54999923706055,45.08000183105469,45.18000030517578,1793.0,0.0,0.0,
2017-06-08,45.27999877929688,45.70000076293945,45.27999877929688,45.59999847412109,558.0,0.0,0.0,
2017-06-09,45.09999847412109,45.09999847412109,45.09999847412109,45.09999847412109,7.0,0.0,0.0,
2017-06-12,45.06000137329102,45.5,45.0,45.0,824.0,0.0,0.0,
2017-06-13,45.08000183105469,45.11000061035156,45.08000183105469,45.11000061035156,110.0,0.0,0.0,
2017-06-14,44.86999893188477,45.0,44.81999969482422,44.81999969482422,804.0,0.0,0.0,
2017-06-15,44.84000015258789,45.13999938964844,44.84000015258789,44.84000015258789,208.0,0.0,0.0,
2017-06-16,44.88000106811523,45.08000183105469,44.7400016784668,44.7400016784668,201.0,0.0,0.0,
2017-06-19,45.27000045776367,45.27000045776367,44.84999847412109,44.86000061035156,1196.0,0.0,0.0,
2017-06-20,45.0,45.0,45.0,45.0,50.0,0.0,0.0,
2017-06-21,45.47000122070312,45.52999877929688,45.13999938964844,45.16999816894531,22.0,0.0,0.0,
2017-06-22,45.52999877929688,45.61000061035156,45.04999923706055,45.04999923706055,1560.0,0.0,0.0,
2017-06-23,44.81999969482422,44.81999969482422,44.81999969482422,44.81999969482422,30.0,0.0,0.0,
2017-06-27,44.02000045776367,47.79999923706055,40.0099983215332,44.97999954223633,1101.0,0.0,0.0,
2017-06-28,44.54000091552734,44.95000076293945,44.31000137329102,44.84999847412109,2204.0,0.0,0.0,
2017-06-29,44.90000152587891,45.20000076293945,44.90000152587891,45.0,680.0,0.0,0.0,
2017-06-30,44.56000137329102,44.9900016784668,44.56000137329102,44.9900016784668,552.0,0.0,0.0,
2017-07-03,45.40000152587891,46.43000030517578,45.40000152587891,46.43000030517578,4695.0,0.0,0.0,
2017-07-04,46.04000091552734,46.04000091552734,46.04000091552734,46.04000091552734,478.0,0.0,0.0,
2017-07-05,45.95999908447266,45.9900016784668,45.95999908447266,45.9900016784668,244.0,0.0,0.0,
2017-07-06,45.95000076293945,46.0,45.79999923706055,45.86000061035156,218.0,0.0,0.0,
2017-07-07,45.79999923706055,45.79999923706055,45.7400016784668,45.79999923706055,518.0,0.0,0.0,
2017-07-10,51.9900016784668,51.9900016784668,46.79999923706055,46.79999923706055,309.0,0.0,0.0,
2017-07-11,46.5,46.5,46.5,46.5,5.0,0.0,0.0,
2017-07-12,46.06000137329102,46.06000137329102,45.86999893188477,45.86999893188477,4451.0,0.0,0.0,
2017-07-13,45.90000152587891,46.84000015258789,45.90000152587891,46.75,26.0,0.0,0.0,
2017-07-14,46.75,46.75,46.75,46.75,5.0,0.0,0.0,
2017-07-17,46.75,46.75,46.5,46.75,72.0,0.0,0.0,
2017-07-18,46.45000076293945,46.47999954223633,46.36000061035156,46.40999984741211,901.0,0.0,0.0,
2017-07-20,46.5,46.5,46.5,46.5,130.0,0.0,0.0,
2017-07-21,46.5,46.5,46.33000183105469,46.33000183105469,44.0,0.0,0.0,
2017-07-24,46.34999847412109,46.43999862670898,46.33000183105469,46.38999938964844,1011.0,0.0,0.0,
2017-07-25,46.40000152587891,46.70000076293945,46.34999847412109,46.70000076293945,641.0,0.0,0.0,
2017-07-26,46.79000091552734,46.79000091552734,46.52000045776367,46.52000045776367,300.0,0.0,0.0,
2017-07-27,46.77000045776367,47.0,46.70000076293945,46.90999984741211,1878.0,0.0,0.0,
2017-07-28,47.0,47.0,46.65999984741211,47.0,2802.0,0.0,0.0,
2017-07-31,46.7400016784668,46.7400016784668,46.5,46.5,459.0,0.0,0.0,
2017-08-01,46.56000137329102,47.0,46.56000137329102,47.0,102.0,0.0,0.0,
2017-08-02,46.88999938964844,46.88999938964844,46.5,46.5099983215332,902.0,0.0,0.0,
2017-08-03,46.38999938964844,46.72000122070312,46.38999938964844,46.65999984741211,306.0,0.0,0.0,
2017-08-04,46.75,47.0,46.75,47.0,560.0,0.0,0.0,
2017-08-07,48.0,48.0,47.09999847412109,47.09999847412109,541.0,0.0,0.0,
2017-08-08,46.95999908447266,46.95999908447266,46.59999847412109,46.61000061035156,2510.0,0.0,0.0,
2017-08-09,46.63000106811523,46.95999908447266,46.63000106811523,46.90000152587891,2015.0,0.0,0.0,
2017-08-10,46.52000045776367,46.52000045776367,46.25,46.25,310.0,0.0,0.0,
2017-08-11,46.0,46.0,45.79999923706055,45.79999923706055,493.0,0.0,0.0,
2017-08-14,46.11000061035156,46.11000061035156,45.72000122070312,45.81999969482422,1160.0,0.0,0.0,
2017-08-16,46.47000122070312,46.52000045776367,46.09999847412109,46.36000061035156,1832.0,0.0,0.0,
2017-08-17,46.54999923706055,46.59999847412109,46.15000152587891,46.20000076293945,3587.0,0.0,0.0,
2017-08-18,46.43999862670898,46.70000076293945,46.43999862670898,46.70000076293945,386.0,0.0,0.0,
2017-08-21,46.70000076293945,46.70000076293945,46.56000137329102,46.56000137329102,40.0,0.0,0.0,
2017-08-23,46.29999923706055,46.63000106811523,46.29999923706055,46.63000106811523,109.0,0.0,0.0,
2017-08-28,46.45999908447266,46.58000183105469,46.45999908447266,46.58000183105469,351.0,0.0,0.0,
2017-08-29,46.45000076293945,46.45000076293945,46.22999954223633,46.22999954223633,95.0,0.0,0.0,
2017-08-30,46.58000183105469,46.97000122070312,46.58000183105469,46.93999862670898,763.0,0.0,0.0,
2017-08-31,46.90999984741211,46.90999984741211,46.75,46.79999923706055,173.0,0.0,0.0,
2017-09-01,47.54999923706055,47.54999923706055,47.15000152587891,47.15000152587891,907.0,0.0,0.0,
2017-09-04,47.20000076293945,47.45999908447266,47.20000076293945,47.20000076293945,1404.0,0.0,0.0,
2017-09-05,47.20000076293945,47.20000076293945,47.02999877929688,47.02999877929688,500.0,0.0,0.0,
2017-09-06,52.0,53.0,45.09999847412109,47.09000015258789,815.0,0.0,0.0,
2017-09-07,47.0,47.0,46.88999938964844,46.88999938964844,25.0,0.0,0.0,
2017-09-08,46.95000076293945,47.11999893188477,46.95000076293945,47.0,204.0,0.0,0.0,
2017-09-11,47.0,47.41999816894531,47.0,47.0099983215332,648.0,0.0,0.0,
2017-09-12,47.0,47.5,47.0,47.5,1095.0,0.0,0.0,
2017-09-13,48.08000183105469,48.08000183105469,47.84999847412109,47.84999847412109,2160.0,0.0,0.0,
2017-09-14,47.25,47.25,47.25,47.25,33.0,0.0,0.0,
2017-09-15,47.06999969482422,47.20000076293945,47.04999923706055,47.20000076293945,1042.0,0.0,0.0,
2017-09-18,47.59000015258789,47.83000183105469,47.59000015258789,47.72999954223633,611.0,0.0,0.0,
2017-09-20,47.84999847412109,47.84999847412109,47.59000015258789,47.59000015258789,600.0,0.0,0.0,
2017-09-21,47.59999847412109,47.59999847412109,47.54000091552734,47.54000091552734,22.0,0.0,0.0,
2017-09-22,47.40000152587891,47.40000152587891,47.22000122070312,47.25,1250.0,0.0,0.0,
2017-09-25,46.20999908447266,46.45000076293945,46.20999908447266,46.40000152587891,500.0,0.0,0.0,
2017-09-26,46.25,46.25,46.02000045776367,46.25,166.0,0.0,0.0,
2017-09-27,45.86999893188477,45.86999893188477,45.77999877929688,45.77999877929688,51.0,0.0,0.0,
2017-10-03,46.29000091552734,46.43999862670898,46.04999923706055,46.04999923706055,533.0,0.0,0.0,
2017-10-04,46.09999847412109,46.40000152587891,45.90000152587891,45.95999908447266,1276.0,0.0,0.0,
2017-10-05,46.2400016784668,46.54000091552734,46.20000076293945,46.20000076293945,108.0,0.0,0.0,
2017-10-06,46.45000076293945,46.45000076293945,46.25,46.34999847412109,600.0,0.0,0.0,
2017-10-09,46.70000076293945,46.79000091552734,46.18999862670898,46.20000076293945,2129.0,0.0,0.0,
2017-10-10,46.88999938964844,46.88999938964844,46.43999862670898,46.79999923706055,816.0,0.0,0.0,
2017-10-11,46.79999923706055,46.79999923706055,46.79999923706055,46.79999923706055,100.0,0.0,0.0,
2017-10-12,46.88000106811523,46.93999862670898,46.88000106811523,46.93999862670898,408.0,0.0,0.0,
2017-10-13,47.2400016784668,47.2400016784668,47.02999877929688,47.15000152587891,842.0,0.0,0.0,
2017-10-16,47.29999923706055,51.25,47.29999923706055,48.15000152587891,3862.0,0.0,0.0,
2017-10-17,48.22000122070312,48.77000045776367,47.93999862670898,47.93999862670898,2760.0,0.0,0.0,
2017-10-18,49.4900016784668,49.4900016784668,45.13999938964844,48.15999984741211,101.0,0.0,0.0,
2017-10-19,48.20000076293945,48.20000076293945,48.20000076293945,48.20000076293945,20.0,0.0,0.0,
2017-10-23,48.20000076293945,48.36000061035156,47.91999816894531,47.91999816894531,206.0,0.0,0.0,
2017-10-24,48.2599983215332,48.2599983215332,48.22999954223633,48.22999954223633,500.0,0.0,0.0,
2017-10-25,48.36000061035156,48.68000030517578,47.95000076293945,48.68000030517578,2405.0,0.0,0.0,
2017-10-26,48.36000061035156,48.7400016784668,48.36000061035156,48.43999862670898,1010.0,0.0,0.0,
2017-10-27,48.70000076293945,48.70000076293945,48.43999862670898,48.45000076293945,1336.0,0.0,0.0,
2017-10-30,49.27999877929688,49.27999877929688,48.86999893188477,48.86999893188477,524.0,0.0,0.0,
2017-10-31,49.25,49.43000030517578,48.65999984741211,48.65999984741211,2282.0,0.0,0.0,
2017-11-01,49.70000076293945,49.97000122070312,49.70000076293945,49.70000076293945,720.0,0.0,0.0,
2017-11-02,49.7599983215332,50.5,49.25,49.31000137329102,3789.0,0.0,0.0,
2017-11-03,53.0,53.0,47.29999923706055,49.2599983215332,1073.0,0.0,0.0,
2017-11-06,49.20000076293945,50.29000091552734,49.20000076293945,50.11999893188477,1510.0,0.0,0.0,
2017-11-07,50.04000091552734,50.04999923706055,49.40000152587891,49.86000061035156,1360.0,0.0,0.0,
2017-11-08,49.45999908447266,49.54999923706055,49.45999908447266,49.54999923706055,1065.0,0.0,0.0,
2017-11-09,49.0,50.06999969482422,49.0,50.0,1102.0,0.0,0.0,
2017-11-10,49.70000076293945,49.81999969482422,49.52999877929688,49.81999969482422,425.0,0.0,0.0,
2017-11-13,49.84999847412109,49.93000030517578,49.52000045776367,49.81000137329102,1008.0,0.0,0.0,
2017-11-14,49.79999923706055,49.79999923706055,49.72000122070312,49.72000122070312,400.0,0.0,0.0,
2017-11-15,49.75,49.75,49.2599983215332,49.52999877929688,706.0,0.0,0.0,
2017-11-16,49.04999923706055,49.70000076293945,49.04999923706055,49.59999847412109,1241.0,0.0,0.0,
2017-11-17,49.70000076293945,50.59999847412109,49.70000076293945,50.59999847412109,2370.0,0.0,0.0,
2017-11-20,50.54999923706055,50.54999923706055,50.0,50.0,38.0,0.0,0.0,
2017-11-21,53.0,53.0,49.95000076293945,50.40000152587891,5380.0,0.0,0.0,
2017-11-22,50.54000091552734,50.84000015258789,50.09999847412109,50.84000015258789,2114.0,0.0,0.0,
2017-11-23,50.54000091552734,50.72000122070312,50.16999816894531,50.16999816894531,1358.0,0.0,0.0,
2017-11-24,50.58000183105469,50.70000076293945,50.15000152587891,50.70000076293945,1315.0,0.0,0.0,
2017-11-27,50.61000061035156,50.61000061035156,50.0,50.0,3846.0,0.0,0.0,
2017-11-28,50.84000015258789,50.84000015258789,50.56000137329102,50.56000137329102,351.0,0.0,0.0,
2017-11-29,50.97000122070312,51.06000137329102,50.70000076293945,50.70000076293945,243.0,0.0,0.0,
2017-11-30,54.5,55.84999847412109,50.13999938964844,50.43000030517578,1547.0,0.0,0.0,
2017-12-01,50.59000015258789,50.61999893188477,49.86000061035156,49.86999893188477,7831.0,0.0,0.0,
2017-12-04,49.0099983215332,53.25,45.0099983215332,49.65000152587891,972.0,0.0,0.0,
2017-12-05,49.72999954223633,49.72999954223633,49.72999954223633,49.72999954223633,500.0,0.0,0.0,
2017-12-06,53.5,56.95000076293945,48.02000045776367,49.45999908447266,8717.0,0.0,0.0,
2017-12-07,50.11999893188477,50.11999893188477,50.0,50.11999893188477,107.0,0.0,0.0,
2017-12-08,50.77999877929688,51.40999984741211,50.77999877929688,51.04999923706055,1081.0,0.0,0.0,
2017-12-11,51.04999923706055,51.77000045776367,51.04999923706055,51.36999893188477,2502.0,0.0,0.0,
2017-12-12,51.54000091552734,51.54000091552734,51.0,51.0,1108.0,0.0,0.0,
2017-12-13,52.0,52.0,50.79999923706055,51.02999877929688,1100.0,0.0,0.0,
2017-12-14,51.04999923706055,51.5,50.9900016784668,51.29999923706055,1704.0,0.0,0.0,
2017-12-15,51.29999923706055,52.27000045776367,51.25,52.25,2761.0,0.0,0.0,
2017-12-18,52.25,52.5,51.0,51.84000015258789,4300.0,0.0,0.0,
2017-12-19,52.40999984741211,53.65000152587891,52.40999984741211,53.52999877929688,1689.0,0.0,0.0,
2017-12-20,52.09999847412109,56.9900016784668,48.0,53.56000137329102,2047.0,0.0,0.0,
2017-12-21,52.95000076293945,59.09999847412109,52.91999816894531,57.59999847412109,3235.0,0.0,0.0,
2017-12-22,54.70000076293945,54.70000076293945,52.70000076293945,52.97999954223633,29040.0,0.0,0.0,
2017-12-26,53.0,53.59999847412109,52.5,53.52999877929688,8225.0,0.0,0.0,
2017-12-27,57.5,60.70000076293945,53.0099983215332,54.52000045776367,18105.0,0.0,0.0,
2017-12-28,58.59999847412109,62.95999908447266,52.2599983215332,52.43999862670898,25349.0,0.0,0.0,
2017-12-29,53.25,53.65000152587891,53.0,53.43999862670898,14797.0,0.0,0.0,
2018-01-01,53.43999862670898,53.61999893188477,52.72999954223633,52.97999954223633,4943.0,0.0,0.0,
2018-01-02,53.41999816894531,53.41999816894531,52.52000045776367,52.72999954223633,2760.0,0.0,0.0,
2018-01-03,52.75,53.18000030517578,52.59000015258789,52.75,1532.0,0.0,0.0,
2018-01-04,52.68999862670898,54.5,52.52999877929688,52.81999969482422,17955.0,0.0,0.0,
2018-01-05,53.65000152587891,53.83000183105469,52.90999984741211,53.7599983215332,3378.0,0.0,0.0,
2018-01-08,53.7599983215332,53.7599983215332,53.34999847412109,53.5,1053.0,0.0,0.0,
2018-01-09,53.79000091552734,53.79000091552734,53.13999938964844,53.70000076293945,3299.0,0.0,0.0,
2018-01-10,53.40000152587891,53.79999923706055,53.04999923706055,53.43999862670898,3415.0,0.0,0.0,
2018-01-11,53.40999984741211,53.59000015258789,53.02000045776367,53.04999923706055,3597.0,0.0,0.0,
2018-01-12,56.95000076293945,56.95000076293945,52.0,52.93000030517578,5801.0,0.0,0.0,
2018-01-15,53.72999954223633,53.7599983215332,53.0099983215332,53.40000152587891,1249.0,0.0,0.0,
2018-01-16,53.18000030517578,53.63000106811523,52.22000122070312,52.29000091552734,6004.0,0.0,0.0,
2018-01-17,54.0,54.0,52.0,52.65000152587891,1506.0,0.0,0.0,
2018-01-18,52.86999893188477,53.25,52.5,53.06999969482422,5146.0,0.0,0.0,
2018-01-19,53.0,58.59999847412109,52.63000106811523,52.81999969482422,42511.0,0.0,0.0,
2018-01-22,52.79999923706055,53.15999984741211,52.7400016784668,52.95000076293945,1857.0,0.0,0.0,
2018-01-23,53.34999847412109,53.59999847412109,52.7599983215332,52.83000183105469,9219.0,0.0,0.0,
2018-01-24,53.0,53.0,52.47000122070312,52.47999954223633,2528.0,0.0,0.0,
2018-01-25,53.0,53.04000091552734,52.45999908447266,52.45999908447266,1185.0,0.0,0.0,
2018-01-29,52.45999908447266,62.9900016784668,52.45999908447266,52.65000152587891,2222.0,0.0,0.0,
2018-01-30,52.5,52.81999969482422,52.45999908447266,52.45999908447266,693.0,0.0,0.0,
2018-01-31,52.45999908447266,52.61000061035156,52.25,52.25,945.0,0.0,0.0,
2018-02-01,52.47000122070312,55.0,51.5,52.20000076293945,8120.0,0.0,0.0,
2018-02-02,52.09999847412109,52.09999847412109,50.54000091552734,50.93000030517578,8086.0,0.0,0.0,
2018-02-05,50.04999923706055,50.9900016784668,48.0,50.95000076293945,1483.0,0.0,0.0,
2018-02-06,47.0,56.84000015258789,47.0,50.45000076293945,6966.0,0.0,0.0,
2018-02-07,50.59999847412109,50.59999847412109,50.2400016784668,50.43000030517578,3463.0,0.0,0.0,
2018-02-08,54.0,55.9900016784668,50.18000030517578,51.02999877929688,10449.0,0.0,0.0,
2018-02-09,50.20000076293945,50.5099983215332,49.93000030517578,50.47000122070312,1694.0,0.0,0.0,
2018-02-12,50.86999893188477,50.9900016784668,50.5,50.9900016784668,5480.0,0.0,0.0,
2018-02-14,50.5,51.27999877929688,50.5,51.16999816894531,7160.0,0.0,0.0,
2018-02-15,50.5,51.0,50.5,50.59999847412109,780.0,0.0,0.0,
2018-02-16,50.59999847412109,50.93999862670898,50.11000061035156,50.40999984741211,827.0,0.0,0.0,
2018-02-19,50.40000152587891,50.40000152587891,49.66999816894531,49.90999984741211,375.0,0.0,0.0,
2018-02-20,49.75,50.16999816894531,49.75,49.75,108.0,0.0,0.0,
2018-02-21,50.08000183105469,50.13999938964844,49.72999954223633,50.13999938964844,86.0,0.0,0.0,
2018-02-22,50.0,50.0,49.45000076293945,49.79000091552734,813.0,0.0,0.0,
2018-02-23,49.75,50.45999908447266,49.75,50.45999908447266,225.0,0.0,0.0,
2018-02-26,50.54999923706055,50.66999816894531,50.54000091552734,50.54999923706055,103.0,0.0,0.0,
2018-02-27,50.47000122070312,50.90000152587891,50.47000122070312,50.77999877929688,1092.0,0.0,0.0,
2018-02-28,53.7599983215332,53.7599983215332,49.0,50.2599983215332,769.0,0.0,0.0,
2018-03-01,50.5,50.56000137329102,50.36999893188477,50.43999862670898,906.0,0.0,0.0,
2018-03-05,49.5,50.11999893188477,49.5,50.02999877929688,12626.0,0.0,0.0,
2018-03-06,50.02999877929688,50.02999877929688,49.0,49.04999923706055,519.0,0.0,0.0,
2018-03-07,49.15000152587891,49.45000076293945,48.88999938964844,48.90000152587891,3243.0,0.0,0.0,
2018-03-08,49.2400016784668,49.38999938964844,49.0,49.38999938964844,1627.0,0.0,0.0,
2018-03-09,49.61999893188477,49.65000152587891,49.20999908447266,49.5,1238.0,0.0,0.0,
2018-03-12,49.88000106811523,50.34000015258789,49.7400016784668,50.34000015258789,1069.0,0.0,0.0,
2018-03-13,50.43999862670898,50.7400016784668,50.22999954223633,50.34999847412109,8583.0,0.0,0.0,
2018-03-14,49.84000015258789,50.27000045776367,49.84000015258789,50.20999908447266,255.0,0.0,0.0,
2018-03-15,52.0,52.0,48.0099983215332,49.84999847412109,612.0,0.0,0.0,
2018-03-16,50.0,50.0,48.9900016784668,49.61000061035156,8069.0,0.0,0.0,
2018-03-19,49.65000152587891,49.65000152587891,49.16999816894531,49.25,1073.0,0.0,0.0,
2018-03-20,49.2400016784668,49.38999938964844,49.2400016784668,49.29999923706055,237.0,0.0,0.0,
2018-03-21,49.72000122070312,49.86999893188477,49.40000152587891,49.68000030517578,976.0,0.0,0.0,
2018-03-22,49.7400016784668,49.7400016784668,48.97000122070312,48.97000122070312,630.0,0.0,0.0,
2018-03-23,48.56999969482422,48.95000076293945,48.56999969482422,48.84999847412109,1283.0,0.0,0.0,
2018-03-26,49.2599983215332,49.95000076293945,49.08000183105469,49.95000076293945,696.0,0.0,0.0,
2018-03-27,50.0,50.15000152587891,49.7400016784668,50.09000015258789,2181.0,0.0,0.0,
2018-03-28,49.93999862670898,50.02999877929688,49.66999816894531,49.66999816894531,1854.0,0.0,0.0,
2018-04-02,49.86999893188477,50.5099983215332,49.70000076293945,50.36999893188477,329.0,0.0,0.0,
2018-04-03,50.45000076293945,50.5099983215332,50.11000061035156,50.29000091552734,1642.0,0.0,0.0,
2018-04-04,50.84999847412109,50.93999862670898,50.31000137329102,50.45000076293945,4002.0,0.0,0.0,
2018-04-05,50.33000183105469,50.84999847412109,50.33000183105469,50.47999954223633,309.0,0.0,0.0,
2018-04-06,50.9900016784668,50.9900016784668,50.5,50.79999923706055,588.0,0.0,0.0,
2018-04-09,51.5,51.5,51.22000122070312,51.45999908447266,5564.0,0.0,0.0,
2018-04-10,51.45000076293945,51.45000076293945,51.0,51.0,2432.0,0.0,0.0,
2018-04-11,51.29999923706055,51.29999923706055,50.79000091552734,51.25,565.0,0.0,0.0,
2018-04-12,51.13999938964844,51.59999847412109,51.13999938964844,51.36000061035156,347.0,0.0,0.0,
2018-04-13,51.54000091552734,51.59999847412109,50.81000137329102,51.40000152587891,4493.0,0.0,0.0,
2018-04-16,53.0,53.0,51.06999969482422,52.0,10970.0,0.0,0.0,
2018-04-17,51.52000045776367,52.0099983215332,51.52000045776367,51.75,2189.0,0.0,0.0,
2018-04-18,52.0,52.52000045776367,51.81999969482422,52.31999969482422,1041.0,0.0,0.0,
2018-04-19,53.0,53.0,52.04999923706055,52.25,2998.0,0.0,0.0,
2018-04-20,52.25,52.29000091552734,51.77000045776367,52.29000091552734,1512.0,0.0,0.0,
2018-04-23,52.25,52.5099983215332,51.95999908447266,52.29999923706055,819.0,0.0,0.0,
2018-04-24,54.9900016784668,54.9900016784668,51.97000122070312,52.02999877929688,3023.0,0.0,0.0,
2018-04-25,54.9900016784668,54.9900016784668,52.22999954223633,52.5,1472.0,0.0,0.0,
2018-04-26,52.5,52.5,52.20999908447266,52.5,1331.0,0.0,0.0,
2018-04-27,52.93000030517578,53.11000061035156,52.56999969482422,52.91999816894531,2952.0,0.0,0.0,
2018-04-30,52.77000045776367,53.15999984741211,52.77000045776367,53.0,8299.0,0.0,0.0,
2018-05-02,53.15999984741211,53.15999984741211,53.0,53.0,3960.0,0.0,0.0,
2018-05-03,52.7599983215332,52.7599983215332,52.08000183105469,52.65999984741211,2663.0,0.0,0.0,
2018-05-04,52.5099983215332,52.54000091552734,52.33000183105469,52.5,12178.0,0.0,0.0,
2018-05-07,52.34999847412109,52.47999954223633,52.0,52.11000061035156,9866.0,0.0,0.0,
2018-05-08,52.25,52.72999954223633,52.25,52.59000015258789,2119.0,0.0,0.0,
2018-05-09,56.0,56.0,52.20000076293945,52.4900016784668,342.0,0.0,0.0,
2018-05-10,52.88000106811523,52.88000106811523,51.59999847412109,52.33000183105469,5295.0,0.0,0.0,
2018-05-11,52.40000152587891,52.40000152587891,52.09999847412109,52.15999984741211,90.0,0.0,0.0,
2018-05-14,52.33000183105469,52.38999938964844,52.25,52.25,1081.0,0.0,0.0,
2018-05-15,52.38000106811523,52.61999893188477,51.68000030517578,51.84000015258789,1760.0,0.0,0.0,
2018-05-16,51.95000076293945,53.0,51.72000122070312,52.20000076293945,4106.0,0.0,0.0,
2018-05-17,52.66999816894531,52.86999893188477,52.20000076293945,52.68999862670898,20129.0,0.0,0.0,
2018-05-18,51.54999923706055,56.0,51.54999923706055,52.11999893188477,1472.0,0.0,0.0,
2018-05-21,51.90999984741211,52.02999877929688,51.20000076293945,51.4900016784668,2102.0,0.0,0.0,
2018-05-22,51.43000030517578,51.70000076293945,51.36999893188477,51.70000076293945,3095.0,0.0,0.0,
2018-05-23,55.59999847412109,58.90000152587891,51.13000106811523,51.38999938964844,3139.0,0.0,0.0,
2018-05-24,51.59999847412109,51.97000122070312,51.47000122070312,51.93999862670898,11217.0,0.0,0.0,
2018-05-25,51.88999938964844,52.75,51.86000061035156,52.72999954223633,16852.0,0.0,0.0,
2018-05-28,53.0,53.0,52.5,52.52999877929688,939.0,0.0,0.0,
2018-05-29,56.5,56.90000152587891,47.81000137329102,52.91999816894531,4579.0,0.0,0.0,
2018-05-30,52.65999984741211,52.9900016784668,52.43000030517578,52.97000122070312,2710.0,0.0,0.0,
2018-05-31,53.11999893188477,53.11999893188477,52.52000045776367,52.70000076293945,899.0,0.0,0.0,
2018-06-01,56.70000076293945,59.79000091552734,52.25,53.34000015258789,11864.0,0.0,0.0,
2018-06-04,53.34000015258789,57.0,52.5,52.88999938964844,6592.0,0.0,0.0,
2018-06-05,52.5099983215332,52.56999969482422,52.0,52.27999877929688,2034.0,0.0,0.0,
2018-06-06,52.29000091552734,52.5,52.29000091552734,52.34999847412109,853.0,0.0,0.0,
2018-06-07,53.15999984741211,53.40000152587891,52.70999908447266,53.34000015258789,4627.0,0.0,0.0,
2018-06-08,53.22000122070312,53.31000137329102,52.7400016784668,53.13000106811523,236.0,0.0,0.0,
2018-06-11,53.47000122070312,53.65000152587891,53.20999908447266,53.31999969482422,699.0,0.0,0.0,
2018-06-12,53.0,53.5,53.0,53.47999954223633,1169.0,0.0,0.0,
2018-06-13,53.5,53.90000152587891,53.43000030517578,53.61000061035156,1993.0,0.0,0.0,
2018-06-14,53.56000137329102,53.59000015258789,53.13999938964844,53.52999877929688,1295.0,0.0,0.0,
2018-06-15,55.90000152587891,55.90000152587891,52.72999954223633,53.15000152587891,6732.0,0.0,0.0,
2018-06-18,52.0,55.90000152587891,52.0,53.29999923706055,1456.0,0.0,0.0,
2018-06-19,53.29999923706055,53.29999923706055,52.38999938964844,52.77999877929688,4137.0,0.0,0.0,
2018-06-20,52.90000152587891,53.04999923706055,52.54000091552734,52.9900016784668,5027.0,0.0,0.0,
2018-06-21,52.97999954223633,53.5,52.45000076293945,52.97000122070312,76.0,0.0,0.0,
2018-06-22,52.47999954223633,52.97000122070312,52.16999816894531,52.97000122070312,2056.0,0.0,0.0,
2018-06-25,53.0,53.0,52.54999923706055,52.84000015258789,630.0,0.0,0.0,
2018-06-26,52.88000106811523,53.11999893188477,52.72999954223633,52.72999954223633,1151.0,0.0,0.0,
2018-06-27,53.04000091552734,53.22000122070312,52.70000076293945,52.81000137329102,309.0,0.0,0.0,
2018-06-28,52.11000061035156,52.45000076293945,51.95999908447266,52.0,4251.0,0.0,0.0,
2018-06-29,53.0,53.0,52.09999847412109,52.5,2130.0,0.0,0.0,
2018-07-02,55.0,56.59999847412109,52.31000137329102,52.72999954223633,2067.0,0.0,0.0,
2018-07-03,52.75,52.75,52.29999923706055,52.29999923706055,1326.0,0.0,0.0,
2018-07-04,53.45000076293945,53.45000076293945,52.68000030517578,53.0099983215332,608.0,0.0,0.0,
2018-07-05,53.25,53.45000076293945,53.25,53.40000152587891,1555.0,0.0,0.0,
2018-07-06,53.40000152587891,54.02999877929688,53.40000152587891,53.52000045776367,1881.0,0.0,0.0,
2018-07-09,53.54999923706055,53.70000076293945,51.59999847412109,52.95000076293945,7604.0,0.0,0.0,
2018-07-10,53.0,54.41999816894531,53.0,54.2400016784668,7515.0,0.0,0.0,
2018-07-11,54.0,54.25,54.0,54.15000152587891,2017.0,0.0,0.0,
2018-07-12,54.65999984741211,54.65999984741211,54.18000030517578,54.18000030517578,674.0,0.0,0.0,
2018-07-13,55.25,55.25,54.0,54.08000183105469,3569.0,0.0,0.0,
2018-07-16,54.68999862670898,54.68999862670898,53.79999923706055,54.11000061035156,4190.0,0.0,0.0,
2018-07-17,54.11999893188477,54.11999893188477,53.61000061035156,53.90000152587891,3455.0,0.0,0.0,
2018-07-18,54.70000076293945,54.70000076293945,53.0,53.59999847412109,3866.0,0.0,0.0,
2018-07-19,53.63999938964844,53.7599983215332,53.31000137329102,53.56999969482422,1110.0,0.0,0.0,
2018-07-20,53.5099983215332,53.59999847412109,53.11999893188477,53.36000061035156,1497.0,0.0,0.0,
2018-07-23,53.36000061035156,54.0,53.29999923706055,53.95999908447266,483.0,0.0,0.0,
2018-07-24,53.09999847412109,54.61999893188477,53.0,54.45000076293945,11173.0,0.0,0.0,
2018-07-25,54.08000183105469,54.13999938964844,53.68999862670898,54.04999923706055,2011.0,0.0,0.0,
2018-07-26,54.20999908447266,54.20999908447266,53.70000076293945,53.88000106811523,1584.0,0.0,0.0,
2018-07-27,54.70000076293945,58.88999938964844,53.31000137329102,54.5099983215332,4810.0,0.0,0.0,
2018-07-30,53.97999954223633,55.13999938964844,53.97999954223633,55.13999938964844,17723.0,0.0,0.0,
2018-07-31,54.81999969482422,55.20999908447266,54.54999923706055,55.20000076293945,2624.0,0.0,0.0,
2018-08-01,55.5,55.54999923706055,54.90000152587891,54.90000152587891,2577.0,0.0,0.0,
2018-08-02,55.08000183105469,55.16999816894531,54.65000152587891,54.81000137329102,2246.0,0.0,0.0,
2018-08-03,56.4900016784668,56.4900016784668,54.47000122070312,54.9900016784668,12315.0,0.0,0.0,
2018-08-06,55.45000076293945,55.45000076293945,54.95999908447266,55.31000137329102,2891.0,0.0,0.0,
2018-08-07,55.5,55.5,54.93999862670898,54.93999862670898,2377.0,0.0,0.0,
2018-08-08,55.45000076293945,55.54999923706055,55.11000061035156,55.52999877929688,2701.0,0.0,0.0,
2018-08-09,56.40000152587891,56.5,55.20000076293945,55.75,9663.0,0.0,0.0,
2018-08-10,56.43999862670898,56.43999862670898,55.40000152587891,55.5099983215332,5930.0,0.0,0.0,
2018-08-13,55.15000152587891,55.65000152587891,54.7599983215332,55.0099983215332,6870.0,0.0,0.0,
2018-08-14,55.66999816894531,55.81999969482422,55.22999954223633,55.72000122070312,699.0,0.0,0.0,
2018-08-16,55.59999847412109,55.90000152587891,55.59999847412109,55.70999908447266,3357.0,0.0,0.0,
2018-08-17,55.90000152587891,56.31000137329102,55.56999969482422,56.29000091552734,1976.0,0.0,0.0,
2018-08-20,56.45000076293945,57.0,56.40000152587891,57.0,1921.0,0.0,0.0,
2018-08-21,56.66999816894531,56.66999816894531,56.15000152587891,56.40000152587891,4621.0,0.0,0.0,
2018-08-23,56.40000152587891,56.90000152587891,56.36000061035156,56.36000061035156,812.0,0.0,0.0,
2018-08-24,59.9900016784668,59.9900016784668,56.41999816894531,56.66999816894531,4736.0,0.0,0.0,
2018-08-27,60.0,60.0,56.0,56.61999893188477,3253.0,0.0,0.0,
2018-08-28,56.9900016784668,57.09999847412109,56.9900016784668,57.09000015258789,4071.0,0.0,0.0,
2018-08-29,57.5,57.5,56.47000122070312,56.84999847412109,3273.0,0.0,0.0,
2018-08-30,57.0,57.0,56.59999847412109,56.90000152587891,1320.0,0.0,0.0,
2018-08-31,57.09000015258789,57.13999938964844,56.5,56.81999969482422,8942.0,0.0,0.0,
2018-09-03,57.0,59.90000152587891,56.5,57.0,4532.0,0.0,0.0,
2018-09-04,56.11000061035156,56.11000061035156,54.5,55.0099983215332,9396.0,0.0,0.0,
2018-09-05,55.09999847412109,55.09999847412109,53.11999893188477,54.34000015258789,36352.0,0.0,0.0,
2018-09-06,54.45999908447266,54.45999908447266,53.58000183105469,54.15000152587891,8184.0,0.0,0.0,
2018-09-07,54.20999908447266,54.70000076293945,54.09000015258789,54.70000076293945,3296.0,0.0,0.0,
2018-09-10,54.70000076293945,54.70000076293945,54.0,54.18999862670898,772.0,0.0,0.0,
2018-09-11,54.0,54.04999923706055,53.38000106811523,53.41999816894531,3700.0,0.0,0.0,
2018-09-12,53.41999816894531,54.13000106811523,53.27999877929688,54.02999877929688,6541.0,0.0,0.0,
2018-09-14,54.31000137329102,54.31000137329102,54.0,54.0,1337.0,0.0,0.0,
2018-09-17,55.0,55.0,53.84999847412109,53.90000152587891,1211.0,0.0,0.0,
2018-09-18,53.90000152587891,54.20000076293945,53.65000152587891,53.65000152587891,813.0,0.0,0.0,
2018-09-19,53.88999938964844,53.88999938964844,53.43999862670898,53.43999862670898,955.0,0.0,0.0,
2018-09-21,53.43999862670898,54.0,51.5,53.29000091552734,12792.0,0.0,0.0,
2018-09-24,53.20000076293945,53.20000076293945,51.5,51.59999847412109,7062.0,0.0,0.0,
2018-09-25,50.68999862670898,51.7400016784668,50.68999862670898,51.7400016784668,5237.0,0.0,0.0,
2018-09-26,51.79999923706055,52.18999862670898,51.5,51.72999954223633,844.0,0.0,0.0,
2018-09-27,51.65000152587891,51.84000015258789,51.08000183105469,51.43000030517578,2199.0,0.0,0.0,
2018-09-28,55.0,57.59000015258789,50.20000076293945,50.88999938964844,3373.0,0.0,0.0,
2018-10-01,50.79999923706055,50.79999923706055,50.06999969482422,50.79999923706055,1374.0,0.0,0.0,
2018-10-03,50.4900016784668,50.4900016784668,49.84999847412109,49.90000152587891,6781.0,0.0,0.0,
2018-10-04,48.72999954223633,49.18000030517578,48.40000152587891,48.77000045776367,10256.0,0.0,0.0,
2018-10-05,48.5,48.5,47.38999938964844,47.52999877929688,7795.0,0.0,0.0,
2018-10-08,43.29999923706055,47.52999877929688,40.09999847412109,47.5,1620.0,0.0,0.0,
2018-10-09,50.79999923706055,50.79999923706055,46.04999923706055,46.59999847412109,1483.0,0.0,0.0,
2018-10-10,47.15999984741211,47.90000152587891,47.0,47.84999847412109,2549.0,0.0,0.0,
2018-10-11,47.04999923706055,47.40000152587891,46.45000076293945,47.15000152587891,4422.0,0.0,0.0,
2018-10-12,47.54999923706055,48.54999923706055,47.54999923706055,48.54999923706055,1697.0,0.0,0.0,
2018-10-15,48.75,48.75,48.08000183105469,48.59999847412109,4435.0,0.0,0.0,
2018-10-16,48.59999847412109,49.0,48.45000076293945,48.68000030517578,2196.0,0.0,0.0,
2018-10-17,49.0,49.0,48.04999923706055,48.25,592.0,0.0,0.0,
2018-10-19,48.25,48.25,47.61999893188477,47.84000015258789,2889.0,0.0,0.0,
2018-10-22,49.0,49.0,47.43999862670898,47.58000183105469,856.0,0.0,0.0,
2018-10-23,47.75,47.75,47.0,47.45999908447266,2621.0,0.0,0.0,
2018-10-24,47.65999984741211,47.65999984741211,47.04999923706055,47.40999984741211,2109.0,0.0,0.0,
2018-10-25,49.0,49.0,47.04999923706055,47.52999877929688,1463.0,0.0,0.0,
2018-10-26,47.5,47.59999847412109,46.84999847412109,47.25,929.0,0.0,0.0,
2018-10-29,47.95000076293945,47.95000076293945,47.43999862670898,47.61999893188477,206.0,0.0,0.0,
2018-10-30,47.95000076293945,47.95000076293945,47.65000152587891,47.95000076293945,1202.0,0.0,0.0,
2018-10-31,47.95000076293945,48.63000106811523,47.2599983215332,48.2400016784668,657.0,0.0,0.0,
2018-11-01,48.81999969482422,48.81999969482422,48.40000152587891,48.40000152587891,731.0,0.0,0.0,
2018-11-02,48.95000076293945,49.83000183105469,48.95000076293945,49.81999969482422,4357.0,0.0,0.0,
2018-11-05,50.0,50.0,49.43999862670898,49.68999862670898,1966.0,0.0,0.0,
2018-11-06,49.68999862670898,49.68999862670898,49.0,49.0,2024.0,0.0,0.0,
2018-11-07,49.95000076293945,49.95000076293945,49.90000152587891,49.93000030517578,337.0,0.0,0.0,
2018-11-09,49.63000106811523,50.4900016784668,49.63000106811523,50.18999862670898,7624.0,0.0,0.0,
2018-11-12,50.40999984741211,50.40999984741211,49.15999984741211,49.81000137329102,6512.0,0.0,0.0,
2018-11-13,49.52000045776367,49.91999816894531,49.04999923706055,49.91999816894531,2194.0,0.0,0.0,
2018-11-14,49.04999923706055,50.52999877929688,49.04999923706055,49.79000091552734,1778.0,0.0,0.0,
2018-11-15,50.5099983215332,50.5099983215332,50.0,50.11999893188477,2177.0,0.0,0.0,
2018-11-16,50.20000076293945,50.79999923706055,50.20000076293945,50.65000152587891,175.0,0.0,0.0,
2018-11-19,51.04999923706055,51.04999923706055,50.36000061035156,50.79999923706055,2186.0,0.0,0.0,
2018-11-20,51.29999923706055,51.29999923706055,50.75,51.09999847412109,1104.0,0.0,0.0,
2018-11-21,50.84000015258789,50.84000015258789,50.52999877929688,50.61000061035156,1379.0,0.0,0.0,
2018-11-22,51.18999862670898,51.18999862670898,50.2599983215332,50.2599983215332,4195.0,0.0,0.0,
2018-11-26,50.47999954223633,51.5,50.31999969482422,51.45000076293945,11493.0,0.0,0.0,
2018-11-27,51.34000015258789,51.63999938964844,50.84000015258789,51.4900016784668,7055.0,0.0,0.0,
2018-11-28,51.77000045776367,51.77000045776367,51.47000122070312,51.47000122070312,5163.0,0.0,0.0,
2018-11-29,51.95000076293945,51.95000076293945,51.22000122070312,51.38000106811523,4775.0,0.0,0.0,
2018-11-30,51.95000076293945,52.25,51.5,52.11000061035156,3315.0,0.0,0.0,
2018-12-03,53.0,53.0,52.0099983215332,52.15999984741211,2223.0,0.0,0.0,
2018-12-04,52.2599983215332,52.2599983215332,51.59999847412109,51.63999938964844,6011.0,0.0,0.0,
2018-12-05,51.59999847412109,51.65000152587891,51.20000076293945,51.59999847412109,988.0,0.0,0.0,
2018-12-06,51.15000152587891,51.15000152587891,50.75,50.75,6111.0,0.0,0.0,
2018-12-07,50.84999847412109,51.0,50.5,50.75,474.0,0.0,0.0,
2018-12-10,50.5,50.68000030517578,50.04999923706055,50.33000183105469,1111.0,0.0,0.0,
2018-12-11,50.29999923706055,50.90000152587891,49.88000106811523,50.84999847412109,5125.0,0.0,0.0,
2018-12-12,50.90000152587891,51.90000152587891,50.90000152587891,51.7400016784668,10547.0,0.0,0.0,
2018-12-13,51.90000152587891,52.54000091552734,51.90000152587891,52.13000106811523,2742.0,0.0,0.0,
2018-12-14,52.15999984741211,52.79999923706055,52.15999984741211,52.5,965.0,0.0,0.0,
2018-12-17,52.88999938964844,53.40000152587891,52.47000122070312,53.33000183105469,17981.0,0.0,0.0,
2018-12-18,53.34000015258789,53.34000015258789,52.58000183105469,52.83000183105469,23210.0,0.0,0.0,
2018-12-19,53.20000076293945,53.59999847412109,53.15999984741211,53.58000183105469,4535.0,0.0,0.0,
2018-12-20,53.59999847412109,53.72999954223633,53.33000183105469,53.68000030517578,1192.0,0.0,0.0,
2018-12-21,53.29999923706055,53.66999816894531,52.61000061035156,52.61000061035156,931.0,0.0,0.0,
2018-12-24,53.95000076293945,53.95000076293945,51.33000183105469,51.33000183105469,10968.0,0.0,0.0,
2018-12-26,54.90000152587891,54.90000152587891,49.0,51.81000137329102,15996.0,0.0,0.0,
2018-12-27,51.95000076293945,52.56999969482422,51.95000076293945,52.47000122070312,1831.0,0.0,0.0,
2018-12-28,52.68999862670898,53.15999984741211,52.52999877929688,53.06000137329102,7898.0,0.0,0.0,
2018-12-31,53.0,53.95000076293945,52.58000183105469,53.0099983215332,7152.0,0.0,0.0,
2019-01-01,53.75,53.75,52.04000091552734,52.5,5989.0,0.0,0.0,
2019-01-02,52.36000061035156,52.40999984741211,51.5,51.95000076293945,590.0,0.0,0.0,
2019-01-03,51.77999877929688,52.18000030517578,51.58000183105469,51.72999954223633,608.0,0.0,0.0,
2019-01-04,52.02000045776367,52.02000045776367,51.61999893188477,51.77000045776367,1365.0,0.0,0.0,
2019-01-07,52.20999908447266,52.25,51.79999923706055,51.79999923706055,1509.0,0.0,0.0,
2019-01-08,52.0099983215332,52.0099983215332,51.56000137329102,51.86000061035156,65.0,0.0,0.0,
2019-01-09,52.11999893188477,52.15000152587891,51.65999984741211,52.13000106811523,1381.0,0.0,0.0,
2019-01-10,52.0,52.20999908447266,51.81000137329102,52.0,1814.0,0.0,0.0,
2019-01-11,52.27999877929688,52.27999877929688,51.97000122070312,51.97000122070312,168.0,0.0,0.0,
2019-01-14,51.97000122070312,51.97000122070312,51.34999847412109,51.84999847412109,3553.0,0.0,0.0,
2019-01-15,52.09000015258789,52.2400016784668,51.7400016784668,52.09999847412109,243.0,0.0,0.0,
2019-01-16,52.0,52.40000152587891,51.54999923706055,51.59000015258789,3894.0,0.0,0.0,
2019-01-17,52.0,52.0,52.0,52.0,317.0,0.0,0.0,
2019-01-18,52.04999923706055,52.04999923706055,51.5,51.68999862670898,1675.0,0.0,0.0,
2019-01-21,51.70999908447266,51.84999847412109,51.45000076293945,51.58000183105469,3053.0,0.0,0.0,
2019-01-22,51.29000091552734,51.29000091552734,50.79999923706055,51.20000076293945,3382.0,0.0,0.0,
2019-01-23,51.40999984741211,51.41999816894531,50.75,50.90999984741211,2388.0,0.0,0.0,
2019-01-24,51.08000183105469,51.08000183105469,50.75,50.79999923706055,156.0,0.0,0.0,
2019-01-25,51.18000030517578,51.18000030517578,49.70999908447266,49.88999938964844,4719.0,0.0,0.0,
2019-01-28,51.90000152587891,52.0,49.13000106811523,49.41999816894531,4540.0,0.0,0.0,
2019-01-29,50.0,50.0,49.13999938964844,49.68000030517578,542.0,0.0,0.0,
2019-01-30,49.68000030517578,49.68999862670898,49.18999862670898,49.4900016784668,3082.0,0.0,0.0,
2019-01-31,49.4900016784668,50.02999877929688,49.25,50.02999877929688,2950.0,0.0,0.0,
2019-02-01,50.34999847412109,51.0099983215332,50.06000137329102,50.9900016784668,6155.0,0.0,0.0,
2019-02-04,52.0,52.0,50.11000061035156,50.93999862670898,12292.0,0.0,0.0,
2019-02-05,50.65000152587891,50.95999908447266,50.40999984741211,50.90999984741211,1302.0,0.0,0.0,
2019-02-06,51.18999862670898,51.2400016784668,50.63999938964844,51.0,2312.0,0.0,0.0,
2019-02-07,51.79999923706055,51.90000152587891,51.47999954223633,51.59999847412109,1177.0,0.0,0.0,
2019-02-08,51.59999847412109,51.59999847412109,51.0,51.13999938964844,28390.0,0.0,0.0,
2019-02-11,50.79000091552734,50.79000091552734,50.29000091552734,50.68000030517578,4899.0,0.0,0.0,
2019-02-12,51.0,51.9900016784668,50.43000030517578,50.77999877929688,2461.0,0.0,0.0,
2019-02-14,50.09999847412109,50.11999893188477,49.95000076293945,49.97000122070312,395.0,0.0,0.0,
2019-02-15,49.77000045776367,49.77000045776367,49.25,49.29999923706055,2213.0,0.0,0.0,
2019-02-18,49.25,49.25,48.59999847412109,49.16999816894531,1464.0,0.0,0.0,
2019-02-19,49.11999893188477,49.65999984741211,48.97999954223633,49.13999938964844,209.0,0.0,0.0,
2019-02-20,49.41999816894531,49.41999816894531,48.93999862670898,49.36999893188477,1584.0,0.0,0.0,
2019-02-21,49.27000045776367,49.63999938964844,49.11999893188477,49.63999938964844,583.0,0.0,0.0,
2019-02-22,48.5,50.02999877929688,48.5,49.9900016784668,3742.0,0.0,0.0,
2019-02-25,50.02999877929688,50.25,48.5,50.11999893188477,710.0,0.0,0.0,
2019-02-26,50.15000152587891,50.15000152587891,49.34000015258789,50.0,2356.0,0.0,0.0,
2019-02-27,50.0099983215332,50.25,49.90000152587891,50.0,2963.0,0.0,0.0,
2019-02-28,50.0,50.0,49.58000183105469,49.95999908447266,1651.0,0.0,0.0,
2019-03-01,50.0,50.18000030517578,49.79999923706055,50.02000045776367,5905.0,0.0,0.0,
2019-03-05,50.04999923706055,50.75,49.65999984741211,50.47000122070312,2759.0,0.0,0.0,
2019-03-06,50.58000183105469,51.02999877929688,50.52999877929688,50.70999908447266,1298.0,0.0,0.0,
2019-03-07,50.5099983215332,50.95999908447266,50.2599983215332,50.70000076293945,5606.0,0.0,0.0,
2019-03-08,49.5,50.97999954223633,49.5,50.65000152587891,3995.0,0.0,0.0,
2019-03-11,51.09999847412109,51.70000076293945,50.95000076293945,51.54000091552734,2117.0,0.0,0.0,
2019-03-12,51.5,52.15000152587891,51.5,51.63000106811523,13915.0,0.0,0.0,
2019-03-13,52.2400016784668,52.2400016784668,51.5099983215332,51.5099983215332,5095.0,0.0,0.0,
2019-03-14,51.81999969482422,52.02000045776367,51.41999816894531,52.02000045776367,719.0,0.0,0.0,
2019-03-15,51.97999954223633,52.02999877929688,51.33000183105469,51.33000183105469,1199.0,0.0,0.0,
2019-03-18,51.86000061035156,51.86000061035156,51.11000061035156,51.56000137329102,1548.0,0.0,0.0,
2019-03-19,51.43999862670898,51.63999938964844,51.29000091552734,51.36999893188477,448.0,0.0,0.0,
2019-03-20,51.59999847412109,51.59999847412109,51.04000091552734,51.36000061035156,1266.0,0.0,0.0,
2019-03-22,51.11000061035156,51.5,51.0,51.11999893188477,8620.0,0.0,0.0,
2019-03-25,52.0,54.90000152587891,50.04000091552734,50.04999923706055,2854.0,0.0,0.0,
2019-03-26,52.0,52.20000076293945,50.20999908447266,50.84000015258789,273.0,0.0,0.0,
2019-03-27,52.0,53.95999908447266,50.7400016784668,52.5,274.0,0.0,0.0,
2019-03-28,51.18999862670898,52.5,49.0,51.02999877929688,4350.0,0.0,0.0,
2019-04-01,52.0,52.0,51.29999923706055,51.75,11289.0,0.0,0.0,
2019-04-02,51.34999847412109,51.45000076293945,51.0,51.34999847412109,192.0,0.0,0.0,
2019-04-03,51.20000076293945,51.59999847412109,51.20000076293945,51.25,372.0,0.0,0.0,
2019-04-04,51.0,51.43000030517578,51.0,51.0,2089.0,0.0,0.0,
2019-04-05,51.38999938964844,51.38999938964844,50.84000015258789,51.20000076293945,932.0,0.0,0.0,
2019-04-08,52.38999938964844,52.38999938964844,49.72999954223633,51.0,4721.0,0.0,0.0,
2019-04-09,51.06000137329102,51.15999984741211,50.61000061035156,50.81000137329102,665.0,0.0,0.0,
2019-04-10,51.40999984741211,51.40999984741211,50.95999908447266,51.15999984741211,668.0,0.0,0.0,
2019-04-11,52.0,52.0,50.88000106811523,51.33000183105469,2786.0,0.0,0.0,
2019-04-12,52.0,52.0,51.47999954223633,51.83000183105469,388.0,0.0,0.0,
2019-04-15,52.0,52.0,51.52999877929688,51.97999954223633,4229.0,0.0,0.0,
2019-04-16,52.79000091552734,52.79000091552734,52.06000137329102,52.34000015258789,4079.0,0.0,0.0,
2019-04-18,53.0,53.0,51.88999938964844,51.9900016784668,3088.0,0.0,0.0,
2019-04-22,54.88999938964844,54.88999938964844,51.38999938964844,51.59000015258789,1134.0,0.0,0.0,
2019-04-23,53.0,53.0,51.38999938964844,51.43999862670898,281.0,0.0,0.0,
2019-04-24,54.88999938964844,54.88999938964844,51.11000061035156,51.86000061035156,1120.0,0.0,0.0,
2019-04-25,51.84999847412109,51.84999847412109,50.0099983215332,50.93999862670898,937.0,0.0,0.0,
2019-04-26,54.5,54.88999938964844,50.09000015258789,51.97000122070312,834.0,0.0,0.0,
2019-04-30,53.95000076293945,53.95000076293945,51.20999908447266,53.0,54678.0,0.0,0.0,
2019-05-02,53.0,61.0,45.0,50.58000183105469,26256.0,0.0,0.0,
2019-05-03,54.09999847412109,54.79000091552734,48.29000091552734,52.20000076293945,590.0,0.0,0.0,
2019-05-06,54.95000076293945,54.95000076293945,49.81000137329102,49.97000122070312,4637.0,0.0,0.0,
2019-05-07,53.5,54.5,49.70000076293945,49.70999908447266,2166.0,0.0,0.0,
2019-05-08,49.41999816894531,49.41999816894531,48.84999847412109,48.97000122070312,1746.0,0.0,0.0,
2019-05-09,52.40000152587891,54.38999938964844,48.2400016784668,49.27999877929688,1284.0,0.0,0.0,
2019-05-10,52.70000076293945,53.9900016784668,48.5,49.15999984741211,2735.0,0.0,0.0,
2019-05-13,50.97999954223633,50.97999954223633,48.5099983215332,48.79000091552734,2675.0,0.0,0.0,
2019-05-14,48.79999923706055,49.5099983215332,48.5,49.38999938964844,9090.0,0.0,0.0,
2019-05-15,52.79999923706055,53.9900016784668,48.04999923706055,48.7599983215332,1474.0,0.0,0.0,
2019-05-16,49.29000091552734,49.29000091552734,48.06999969482422,48.59999847412109,3814.0,0.0,0.0,
2019-05-17,52.0,53.4900016784668,47.29999923706055,49.41999816894531,4517.0,0.0,0.0,
2019-05-20,49.29000091552734,54.93999862670898,49.29000091552734,50.59999847412109,26182.0,0.0,0.0,
2019-05-21,53.79000091552734,53.88999938964844,47.70999908447266,50.63000106811523,3035.0,0.0,0.0,
2019-05-22,53.79999923706055,53.79999923706055,49.29999923706055,50.88999938964844,4709.0,0.0,0.0,
2019-05-23,53.88000106811523,53.88000106811523,49.13000106811523,50.77999877929688,9035.0,0.0,0.0,
2019-05-24,53.79000091552734,53.79000091552734,50.5,51.45000076293945,788.0,0.0,0.0,
2019-05-27,53.72999954223633,53.72999954223633,50.79999923706055,50.93999862670898,10402.0,0.0,0.0,
2019-05-28,53.79000091552734,53.79000091552734,50.5,51.34999847412109,1072.0,0.0,0.0,
2019-05-29,53.79000091552734,53.79000091552734,51.0,51.04999923706055,2660.0,0.0,0.0,
2019-05-30,53.5,53.5,50.65000152587891,51.02000045776367,526.0,0.0,0.0,
2019-05-31,53.79000091552734,53.79000091552734,48.0,51.02999877929688,2036.0,0.0,0.0,
2019-06-03,53.68999862670898,53.68999862670898,50.88999938964844,51.5,11288.0,0.0,0.0,
2019-06-04,53.68999862670898,53.68999862670898,49.29999923706055,51.5,3626.0,0.0,0.0,
2019-06-06,53.70000076293945,53.70000076293945,49.29999923706055,51.11999893188477,2144.0,0.0,0.0,
2019-06-07,51.0,52.20000076293945,51.0,51.29999923706055,697.0,0.0,0.0,
2019-06-10,51.0,53.68999862670898,51.0,51.90000152587891,2632.0,0.0,0.0,
2019-06-11,53.4900016784668,53.4900016784668,51.56999969482422,51.90999984741211,665.0,0.0,0.0,
2019-06-12,52.20000076293945,52.20000076293945,51.25,51.65000152587891,1471.0,0.0,0.0,
2019-06-13,51.52999877929688,51.52999877929688,51.13000106811523,51.40000152587891,313.0,0.0,0.0,
2019-06-14,53.4900016784668,53.4900016784668,50.70000076293945,50.75,28408.0,0.0,0.0,
2019-06-17,53.59000015258789,53.59000015258789,50.22999954223633,50.38999938964844,1516.0,0.0,0.0,
2019-06-18,52.0,52.0,50.11999893188477,50.25,2587.0,0.0,0.0,
2019-06-19,53.4900016784668,53.4900016784668,49.70000076293945,49.88000106811523,769.0,0.0,0.0,
2019-06-20,52.20000076293945,52.20000076293945,49.5,51.04000091552734,10943.0,0.0,0.0,
2019-06-21,50.06000137329102,52.20000076293945,50.06000137329102,50.31999969482422,918.0,0.0,0.0,
2019-06-24,53.47999954223633,53.47999954223633,49.79999923706055,50.29999923706055,992.0,0.0,0.0,
2019-06-25,52.20000076293945,52.20000076293945,49.79999923706055,50.63999938964844,1023.0,0.0,0.0,
2019-06-26,52.9900016784668,52.9900016784668,49.95000076293945,50.20000076293945,1307.0,0.0,0.0,
2019-06-27,52.4900016784668,52.4900016784668,50.13000106811523,50.58000183105469,295.0,0.0,0.0,
2019-06-28,52.47999954223633,52.47999954223633,50.0099983215332,50.59000015258789,2388.0,0.0,0.0,
2019-07-01,52.47999954223633,52.47999954223633,49.83000183105469,50.40999984741211,534.0,0.0,0.0,
2019-07-02,52.47999954223633,52.47999954223633,49.5,50.56999969482422,1468.0,0.0,0.0,
2019-07-03,52.47999954223633,52.47999954223633,50.41999816894531,50.47000122070312,2055.0,0.0,0.0,
2019-07-04,52.47000122070312,52.47000122070312,50.5099983215332,51.22999954223633,1390.0,0.0,0.0,
2019-07-05,52.47000122070312,52.47000122070312,50.56000137329102,50.70000076293945,1367.0,0.0,0.0,
2019-07-08,52.47000122070312,52.47000122070312,49.88999938964844,49.88999938964844,2401.0,0.0,0.0,
2019-07-09,50.43999862670898,52.18999862670898,49.0,49.29999923706055,1644.0,0.0,0.0,
2019-07-10,51.9900016784668,51.9900016784668,48.79999923706055,48.81999969482422,1702.0,0.0,0.0,
2019-07-11,52.18000030517578,52.18000030517578,48.70999908447266,49.25,1073.0,0.0,0.0,
2019-07-12,52.18000030517578,52.18000030517578,47.29999923706055,49.20000076293945,1055.0,0.0,0.0,
2019-07-15,49.20000076293945,49.34999847412109,49.15000152587891,49.15000152587891,2578.0,0.0,0.0,
2019-07-16,49.15000152587891,49.22000122070312,49.13000106811523,49.18999862670898,709.0,0.0,0.0,
2019-07-17,49.59999847412109,49.59999847412109,49.31999969482422,49.5099983215332,249.0,0.0,0.0,
2019-07-18,49.47000122070312,49.47000122070312,49.04999923706055,49.22000122070312,903.0,0.0,0.0,
2019-07-19,49.0,49.0,48.40000152587891,48.47000122070312,9542.0,0.0,0.0,
2019-07-22,49.0,49.0,47.90000152587891,48.20999908447266,2134.0,0.0,0.0,
2019-07-23,48.0099983215332,48.54000091552734,47.79999923706055,48.4900016784668,3727.0,0.0,0.0,
2019-07-24,48.45999908447266,48.45999908447266,47.7599983215332,48.40999984741211,787.0,0.0,0.0,
2019-07-25,48.40999984741211,48.54000091552734,48.06000137329102,48.43999862670898,1173.0,0.0,0.0,
2019-07-26,48.33000183105469,48.77999877929688,48.15000152587891,48.41999816894531,1727.0,0.0,0.0,
2019-07-29,48.41999816894531,48.41999816894531,47.72000122070312,48.0,1535.0,0.0,0.0,
2019-07-30,48.27000045776367,48.31999969482422,47.59000015258789,47.86999893188477,1071.0,0.0,0.0,
2019-07-31,47.75,48.27000045776367,47.16999816894531,47.63000106811523,2621.0,0.0,0.0,
2019-08-01,47.63000106811523,48.02999877929688,47.27999877929688,48.02999877929688,5199.0,0.0,0.0,
2019-08-02,48.40000152587891,48.40000152587891,47.5,47.88999938964844,4233.0,0.0,0.0,
2019-08-05,47.88999938964844,47.95000076293945,47.09999847412109,47.59999847412109,1788.0,0.0,0.0,
2019-08-06,47.95000076293945,48.40000152587891,47.88999938964844,47.88999938964844,2399.0,0.0,0.0,
2019-08-07,48.40000152587891,48.40000152587891,48.15000152587891,48.15999984741211,1826.0,0.0,0.0,
2019-08-08,48.33000183105469,49.09999847412109,48.33000183105469,48.65999984741211,3360.0,0.0,0.0,
2019-08-09,48.65999984741211,49.22999954223633,48.65999984741211,49.0,3574.0,0.0,0.0,
2019-08-13,45.59999847412109,48.9900016784668,45.11000061035156,48.29000091552734,4017.0,0.0,0.0,
2019-08-14,48.34999847412109,48.90000152587891,48.29999923706055,48.79999923706055,1050.0,0.0,0.0,
2019-08-16,48.68999862670898,49.33000183105469,48.68999862670898,48.79999923706055,2506.0,0.0,0.0,
2019-08-19,49.0,49.22999954223633,48.88000106811523,49.06000137329102,2948.0,0.0,0.0,
2019-08-20,49.08000183105469,49.22999954223633,48.70000076293945,48.97000122070312,3027.0,0.0,0.0,
2019-08-21,49.15000152587891,49.25,48.13000106811523,48.27000045776367,3652.0,0.0,0.0,
2019-08-22,48.27000045776367,49.08000183105469,48.0,48.29000091552734,8010.0,0.0,0.0,
2019-08-23,48.34999847412109,49.15000152587891,48.16999816894531,49.13999938964844,1376.0,0.0,0.0,
2019-08-26,49.70000076293945,50.09999847412109,47.31999969482422,49.70999908447266,2459.0,0.0,0.0,
2019-08-27,49.88999938964844,49.88999938964844,49.5,49.68999862670898,1715.0,0.0,0.0,
2019-08-28,49.79000091552734,49.79000091552734,49.0099983215332,49.22000122070312,206.0,0.0,0.0,
2019-08-29,49.38000106811523,49.63000106811523,49.20000076293945,49.47999954223633,370.0,0.0,0.0,
2019-08-30,49.5,49.70000076293945,49.06999969482422,49.61999893188477,341.0,0.0,0.0,
2019-09-03,49.11999893188477,49.59999847412109,48.75,48.75,1149.0,0.0,0.0,
2019-09-04,49.0,49.0,48.29999923706055,48.68000030517578,1337.0,0.0,0.0,
2019-09-05,48.63000106811523,48.91999816894531,48.4900016784668,48.54000091552734,2083.0,0.0,0.0,
2019-09-06,50.09999847412109,50.09999847412109,48.5,48.81000137329102,2342.0,0.0,0.0,
2019-09-09,47.0,50.9900016784668,47.0,49.4900016784668,3132.0,0.0,0.0,
2019-09-11,50.09999847412109,50.09999847412109,49.38999938964844,49.95000076293945,3130.0,0.0,0.0,
2019-09-12,49.95000076293945,50.09999847412109,49.79000091552734,49.79000091552734,1340.0,0.0,0.0,
2019-09-13,49.0,50.02000045776367,49.0,49.77000045776367,1356.0,0.0,0.0,
2019-09-16,49.0,50.15000152587891,49.0,49.95999908447266,2771.0,0.0,0.0,
2019-09-17,49.79000091552734,49.83000183105469,49.25,49.47000122070312,2593.0,0.0,0.0,
2019-09-18,48.5,49.40000152587891,48.5,48.86999893188477,1581.0,0.0,0.0,
2019-09-19,48.79999923706055,50.91999816894531,48.4900016784668,48.77999877929688,2410.0,0.0,0.0,
2019-09-20,48.81000137329102,51.93000030517578,48.81000137329102,51.5099983215332,5920.0,0.0,0.0,
2019-09-23,54.88999938964844,54.88999938964844,53.0099983215332,53.52000045776367,6980.0,0.0,0.0,
2019-09-24,53.0,53.5,52.84999847412109,53.47000122070312,818.0,0.0,0.0,
2019-09-25,52.95000076293945,53.31999969482422,52.11000061035156,52.11000061035156,205.0,0.0,0.0,
2019-09-26,53.08000183105469,53.11999893188477,52.36000061035156,52.5,5802.0,0.0,0.0,
2019-09-27,52.5,53.29000091552734,52.25,53.15999984741211,2051.0,0.0,0.0,
2019-09-30,52.45999908447266,53.04999923706055,52.20999908447266,53.02999877929688,959.0,0.0,0.0,
2019-10-01,52.91999816894531,53.16999816894531,52.15999984741211,52.54000091552734,1093.0,0.0,0.0,
2019-10-03,52.54000091552734,53.0,52.22000122070312,52.27000045776367,1379.0,0.0,0.0,
2019-10-04,52.04999923706055,52.29999923706055,51.79999923706055,51.86000061035156,3336.0,0.0,0.0,
2019-10-07,51.56000137329102,51.95999908447266,51.0099983215332,51.47000122070312,3009.0,0.0,0.0,
2019-10-09,51.16999816894531,52.0,51.02000045776367,51.79999923706055,2004.0,0.0,0.0,
2019-10-10,51.93999862670898,52.29000091552734,51.4900016784668,52.02000045776367,1710.0,0.0,0.0,
2019-10-11,53.0,53.0,51.70000076293945,52.47000122070312,2335.0,0.0,0.0,
2019-10-14,52.02999877929688,52.72999954223633,52.02999877929688,52.29000091552734,1879.0,0.0,0.0,
2019-10-15,52.95000076293945,53.40000152587891,52.95000076293945,53.06000137329102,1246.0,0.0,0.0,
2019-10-16,53.79999923706055,53.95000076293945,52.72999954223633,52.77999877929688,1249.0,0.0,0.0,
2019-10-17,52.77999877929688,53.95000076293945,52.70000076293945,53.72000122070312,13536.0,0.0,0.0,
2019-10-18,53.90000152587891,53.95000076293945,53.70000076293945,53.86000061035156,1066.0,0.0,0.0,
2019-10-22,46.5,54.68000030517578,46.09999847412109,54.45000076293945,4976.0,0.0,0.0,
2019-10-23,54.45999908447266,54.45999908447266,54.27000045776367,54.34999847412109,396.0,0.0,0.0,
2019-10-24,54.40000152587891,54.5,54.11000061035156,54.5,1786.0,0.0,0.0,
2019-10-25,56.5,56.5,54.02999877929688,54.45000076293945,1377.0,0.0,0.0,
2019-10-27,55.0,55.0,53.90000152587891,53.97999954223633,1434.0,0.0,0.0,
2019-10-29,53.63000106811523,54.81999969482422,53.63000106811523,54.66999816894531,365.0,0.0,0.0,
2019-10-30,53.5,57.29999923706055,52.5,54.7400016784668,2254.0,0.0,0.0,
2019-10-31,55.29999923706055,56.4900016784668,54.79000091552734,55.58000183105469,1199.0,0.0,0.0,
2019-11-01,55.04999923706055,55.4900016784668,54.84999847412109,55.43999862670898,1665.0,0.0,0.0,
2019-11-04,56.0,56.0,54.27999877929688,54.40000152587891,3198.0,0.0,0.0,
2019-11-05,54.7599983215332,54.81000137329102,54.15999984741211,54.36999893188477,3405.0,0.0,0.0,
2019-11-06,54.63999938964844,54.84000015258789,54.11999893188477,54.41999816894531,1658.0,0.0,0.0,
2019-11-07,54.34000015258789,54.72000122070312,54.06999969482422,54.45000076293945,4208.0,0.0,0.0,
2019-11-08,54.7599983215332,54.7599983215332,53.79999923706055,53.86999893188477,274.0,0.0,0.0,
2019-11-11,55.79999923706055,55.79999923706055,53.5099983215332,53.84999847412109,1121.0,0.0,0.0,
2019-11-13,53.52999877929688,54.04000091552734,53.33000183105469,53.34000015258789,870.0,0.0,0.0,
2019-11-14,53.59000015258789,53.61999893188477,53.06999969482422,53.13000106811523,2040.0,0.0,0.0,
2019-11-15,52.79999923706055,54.15000152587891,51.29999923706055,53.43999862670898,1061.0,0.0,0.0,
2019-11-18,53.61000061035156,53.65000152587891,53.09000015258789,53.56000137329102,823.0,0.0,0.0,
2019-11-19,53.09000015258789,54.25,51.5,53.5,1035.0,0.0,0.0,
2019-11-20,53.06999969482422,53.79000091552734,53.06999969482422,53.36000061035156,1091.0,0.0,0.0,
2019-11-21,53.68999862670898,53.68999862670898,52.86999893188477,52.88000106811523,1814.0,0.0,0.0,
2019-11-22,54.25,54.25,52.38000106811523,52.86000061035156,6660.0,0.0,0.0,
2019-11-25,53.34000015258789,53.65000152587891,52.97000122070312,53.63999938964844,5370.0,0.0,0.0,
2019-11-26,53.61000061035156,54.0,53.36000061035156,53.58000183105469,1233.0,0.0,0.0,
2019-11-27,53.27000045776367,53.79000091552734,53.27000045776367,53.41999816894531,514.0,0.0,0.0,
2019-11-28,53.79000091552734,53.79000091552734,53.31999969482422,53.5099983215332,939.0,0.0,0.0,
2019-11-29,53.34000015258789,53.65999984741211,52.9900016784668,53.20000076293945,3387.0,0.0,0.0,
2019-12-02,53.66999816894531,53.66999816894531,53.09999847412109,53.11999893188477,240.0,0.0,0.0,
2019-12-03,53.45000076293945,53.5,53.20000076293945,53.20000076293945,2319.0,0.0,0.0,
2019-12-04,53.0099983215332,53.25,52.77999877929688,53.09999847412109,656.0,0.0,0.0,
2019-12-05,52.79999923706055,53.33000183105469,52.79999923706055,53.08000183105469,886.0,0.0,0.0,
2019-12-06,53.08000183105469,53.08000183105469,52.27000045776367,52.47999954223633,973.0,0.0,0.0,
2019-12-09,52.47999954223633,52.59000015258789,52.09000015258789,52.09000015258789,231.0,0.0,0.0,
2019-12-10,52.09999847412109,54.29999923706055,52.0,52.09999847412109,1935.0,0.0,0.0,
2019-12-11,52.16999816894531,52.27000045776367,51.61999893188477,51.84000015258789,1022.0,0.0,0.0,
2019-12-12,52.47999954223633,52.47999954223633,52.0,52.25,539.0,0.0,0.0,
2019-12-13,52.25,52.54000091552734,52.06000137329102,52.16999816894531,1607.0,0.0,0.0,
2019-12-16,52.54999923706055,52.54999923706055,51.81000137329102,52.0099983215332,584.0,0.0,0.0,
2019-12-17,53.04999923706055,53.04999923706055,51.90000152587891,52.20000076293945,667.0,0.0,0.0,
2019-12-18,52.29000091552734,52.34000015258789,51.90000152587891,52.13999938964844,1342.0,0.0,0.0,
2019-12-19,52.68000030517578,52.84000015258789,52.47000122070312,52.79000091552734,484.0,0.0,0.0,
2019-12-20,52.79000091552734,53.11999893188477,52.65000152587891,52.70999908447266,1458.0,0.0,0.0,
2019-12-23,47.59999847412109,54.59999847412109,47.59999847412109,52.86999893188477,2130.0,0.0,0.0,
2019-12-24,52.93999862670898,53.25,52.79000091552734,53.15999984741211,1216.0,0.0,0.0,
2019-12-26,52.7599983215332,53.25,52.7599983215332,53.18000030517578,3004.0,0.0,0.0,
2019-12-27,53.13000106811523,53.29000091552734,52.70000076293945,53.06999969482422,766.0,0.0,0.0,
2019-12-30,53.40000152587891,53.45999908447266,53.0,53.45000076293945,1180.0,0.0,0.0,
2019-12-31,53.38999938964844,53.38999938964844,52.79999923706055,53.11999893188477,1467.0,0.0,0.0,
2020-01-01,53.18000030517578,53.18000030517578,52.65999984741211,53.02000045776367,718.0,0.0,0.0,
2020-01-02,52.68000030517578,53.20000076293945,52.68000030517578,53.15000152587891,1553.0,0.0,0.0,
2020-01-03,52.84999847412109,52.84999847412109,52.5,52.54000091552734,621.0,0.0,0.0,
2020-01-06,52.2400016784668,52.2400016784668,51.79999923706055,51.91999816894531,1696.0,0.0,0.0,
2020-01-07,52.36000061035156,52.36000061035156,51.59999847412109,51.66999816894531,1349.0,0.0,0.0,
2020-01-08,51.70999908447266,51.95999908447266,51.61000061035156,51.95999908447266,222.0,0.0,0.0,
2020-01-09,52.18999862670898,52.61000061035156,52.06999969482422,52.11999893188477,5159.0,0.0,0.0,
2020-01-10,52.58000183105469,53.09999847412109,52.58000183105469,52.84999847412109,250.0,0.0,0.0,
2020-01-13,52.93000030517578,53.29000091552734,52.93000030517578,53.22000122070312,675.0,0.0,0.0,
2020-01-14,53.20000076293945,53.90000152587891,53.20000076293945,53.77999877929688,1329.0,0.0,0.0,
2020-01-15,53.9900016784668,54.0,53.70000076293945,53.81000137329102,2268.0,0.0,0.0,
2020-01-16,54.0,54.5,54.0,54.13000106811523,2838.0,0.0,0.0,
2020-01-17,54.47000122070312,54.79999923706055,54.47000122070312,54.77999877929688,2187.0,0.0,0.0,
2020-01-20,50.09999847412109,54.81999969482422,50.09999847412109,54.81999969482422,1814.0,0.0,0.0,
2020-01-21,54.79999923706055,54.79999923706055,54.2400016784668,54.61000061035156,577.0,0.0,0.0,
2020-01-22,54.45999908447266,54.45999908447266,54.36000061035156,54.36000061035156,13.0,0.0,0.0,
2020-01-23,54.4900016784668,54.59999847412109,54.27000045776367,54.5,345.0,0.0,0.0,
2020-01-24,54.81999969482422,54.81999969482422,54.59000015258789,54.77999877929688,778.0,0.0,0.0,
2020-01-27,54.79999923706055,55.41999816894531,54.58000183105469,55.06999969482422,2932.0,0.0,0.0,
2020-01-28,55.0099983215332,55.0099983215332,54.0,54.34000015258789,1177.0,0.0,0.0,
2020-01-29,55.29999923706055,55.54999923706055,54.29000091552734,54.7599983215332,310.0,0.0,0.0,
2020-01-30,54.5,54.5099983215332,54.04000091552734,54.31000137329102,530.0,0.0,0.0,
2020-01-31,54.65000152587891,54.65000152587891,54.13000106811523,54.25,1309.0,0.0,0.0,
2020-02-03,54.0,54.79999923706055,53.16999816894531,54.0,1496.0,0.0,0.0,
2020-02-04,54.90000152587891,55.79999923706055,54.34000015258789,54.59999847412109,1113.0,0.0,0.0,
2020-02-05,54.70000076293945,55.16999816894531,54.36000061035156,55.0,1536.0,0.0,0.0,
2020-02-06,55.0,55.5,55.0,55.09999847412109,1735.0,0.0,0.0,
2020-02-07,55.09999847412109,55.09999847412109,54.77999877929688,54.77999877929688,354.0,0.0,0.0,
2020-02-10,54.77999877929688,54.77999877929688,54.18999862670898,54.61000061035156,809.0,0.0,0.0,
2020-02-11,54.63999938964844,55.06000137329102,54.13999938964844,54.20999908447266,1208.0,0.0,0.0,
2020-02-12,58.0,58.0,54.18000030517578,55.11999893188477,2159.0,0.0,0.0,
2020-02-13,54.84999847412109,55.20000076293945,54.84999847412109,54.95000076293945,1602.0,0.0,0.0,
2020-02-14,54.90000152587891,55.25,54.75,55.06000137329102,966.0,0.0,0.0,
2020-02-17,54.72000122070312,55.25,54.61999893188477,55.09000015258789,1104.0,0.0,0.0,
2020-02-18,54.20000076293945,54.61999893188477,53.95000076293945,54.20000076293945,4726.0,0.0,0.0,
2020-02-19,55.0,55.25,54.34999847412109,54.91999816894531,47.0,0.0,0.0,
2020-02-20,55.09999847412109,55.29999923706055,54.56999969482422,54.84999847412109,1232.0,0.0,0.0,
2020-02-24,54.4900016784668,54.54999923706055,54.15999984741211,54.15999984741211,2365.0,0.0,0.0,
2020-02-25,54.40999984741211,54.40999984741211,53.75,53.75,409.0,0.0,0.0,
2020-02-26,53.52000045776367,53.61000061035156,53.31000137329102,53.52999877929688,1230.0,0.0,0.0,
2020-02-27,53.16999816894531,53.36999893188477,52.79999923706055,53.36999893188477,925.0,0.0,0.0,
2020-02-28,59.20000076293945,63.0,52.0,52.43999862670898,3236.0,0.0,0.0,
2020-03-02,52.54999923706055,53.09999847412109,51.75,52.04000091552734,2574.0,0.0,0.0,
2020-03-03,54.0,54.0,50.09999847412109,52.2400016784668,2374.0,0.0,0.0,
2020-03-04,52.90000152587891,52.90000152587891,51.56999969482422,51.91999816894531,479.0,0.0,0.0,
2020-03-05,52.45999908447266,52.91999816894531,52.15999984741211,52.75,746.0,0.0,0.0,
2020-03-06,52.70000076293945,54.0,50.70000076293945,51.61999893188477,4198.0,0.0,0.0,
2020-03-09,51.61999893188477,51.61999893188477,49.86000061035156,50.15000152587891,5928.0,0.0,0.0,
2020-03-11,50.5,52.0,50.13000106811523,50.13000106811523,6209.0,0.0,0.0,
2020-03-12,50.29999923706055,50.29999923706055,46.0,46.5,5895.0,0.0,0.0,
2020-03-13,45.5,52.0,45.0,47.4900016784668,3344.0,0.0,0.0,
2020-03-16,47.75,48.0,45.5,45.59000015258789,4125.0,0.0,0.0,
2020-03-17,47.0,50.20000076293945,44.0,45.93000030517578,4882.0,0.0,0.0,
2020-03-18,47.29999923706055,47.5,44.29999923706055,45.45999908447266,936.0,0.0,0.0,
2020-03-19,45.45999908447266,47.5,43.5,44.04999923706055,1837.0,0.0,0.0,
2020-03-20,46.29999923706055,47.0,45.0,46.70000076293945,1741.0,0.0,0.0,
2020-03-23,45.0,49.0,43.0,44.75,1709.0,0.0,0.0,
2020-03-24,49.20000076293945,49.90000152587891,42.95000076293945,44.7599983215332,2867.0,0.0,0.0,
2020-03-25,46.59999847412109,46.79999923706055,46.0,46.27999877929688,1742.0,0.0,0.0,
2020-03-26,46.29999923706055,47.61000061035156,42.5,46.20000076293945,3768.0,0.0,0.0,
2020-03-27,47.79999923706055,49.40000152587891,44.0,46.5,1838.0,0.0,0.0,
2020-03-30,47.79999923706055,49.0,44.0,45.36999893188477,2813.0,0.0,0.0,
2020-03-31,46.5,47.70000076293945,44.0,47.33000183105469,3591.0,0.0,0.0,
2020-04-01,48.0,49.0,46.5,47.25,761.0,0.0,0.0,
2020-04-03,46.29999923706055,49.0,45.0,46.58000183105469,1000.0,0.0,0.0,
2020-04-07,48.86000061035156,50.0,47.09999847412109,49.81999969482422,3436.0,0.0,0.0,
2020-04-08,48.5,50.0,46.5,47.9900016784668,4150.0,0.0,0.0,
2020-04-09,48.59999847412109,49.9900016784668,48.0099983215332,48.77000045776367,2229.0,0.0,0.0,
2020-04-13,46.5,51.5,46.5,48.54000091552734,1197.0,0.0,0.0,
2020-04-15,52.45000076293945,52.45000076293945,48.09999847412109,50.9900016784668,6125.0,0.0,0.0,
2020-04-16,50.5,52.0,50.5,50.77999877929688,3968.0,0.0,0.0,
2020-04-17,53.29999923706055,53.29999923706055,50.0,51.34999847412109,1865.0,0.0,0.0,
2020-04-20,52.0,57.18999862670898,47.75,54.06999969482422,22025.0,0.0,0.0,
2020-04-21,52.29999923706055,56.40000152587891,50.5,54.59999847412109,14774.0,0.0,0.0,
2020-04-22,52.29999923706055,54.40999984741211,52.0,53.47000122070312,1230.0,0.0,0.0,
2020-04-23,53.47000122070312,54.47000122070312,52.0,52.38000106811523,5090.0,0.0,0.0,
2020-04-24,52.38000106811523,52.38000106811523,51.0,52.20000076293945,1963.0,0.0,0.0,
2020-04-27,52.0,53.70000076293945,51.5,53.2599983215332,1812.0,0.0,0.0,
2020-04-28,51.52000045776367,53.25,51.5,53.0,1194.0,0.0,0.0,
2020-04-29,52.0,53.70000076293945,52.0,52.88999938964844,927.0,0.0,0.0,
2020-04-30,53.0,53.70000076293945,51.5,52.47999954223633,2051.0,0.0,0.0,
2020-05-04,52.40000152587891,52.40000152587891,50.5,51.79999923706055,1462.0,0.0,0.0,
2020-05-05,54.75,54.75,50.5,51.68000030517578,1762.0,0.0,0.0,
2020-05-06,51.68000030517578,52.97999954223633,51.0,52.13999938964844,1990.0,0.0,0.0,
2020-05-07,54.09999847412109,54.09999847412109,49.20000076293945,51.72000122070312,2097.0,0.0,0.0,
2020-05-08,52.0,53.0,51.90000152587891,52.97999954223633,646.0,0.0,0.0,
2020-05-11,53.0,53.5,51.09999847412109,52.72000122070312,826.0,0.0,0.0,
2020-05-12,53.0,53.0,50.65999984741211,52.0,1365.0,0.0,0.0,
2020-05-13,53.0,54.0,51.34000015258789,53.31999969482422,2123.0,0.0,0.0,
2020-05-14,52.0,53.70000076293945,52.0,53.36999893188477,1797.0,0.0,0.0,
2020-05-15,53.0,53.0,46.95999908447266,48.02999877929688,16959.0,0.0,0.0,
2020-05-18,52.0,54.0,45.5,47.36000061035156,23652.0,0.0,0.0,
2020-05-19,47.5099983215332,48.72000122070312,45.15999984741211,46.22000122070312,8147.0,0.0,0.0,
2020-05-20,46.31999969482422,47.4900016784668,46.09999847412109,46.29000091552734,26417.0,0.0,0.0,
2020-05-21,47.09999847412109,47.88999938964844,46.54999923706055,47.63999938964844,7760.0,0.0,0.0,
2020-05-22,46.65000152587891,47.40000152587891,46.0099983215332,46.40999984741211,2010.0,0.0,0.0,
2020-05-26,47.29999923706055,48.0,46.0,47.43999862670898,3454.0,0.0,0.0,
2020-05-27,50.0,50.0,46.0099983215332,47.34000015258789,13011.0,0.0,0.0,
2020-05-28,48.29999923706055,48.29999923706055,46.47000122070312,47.95000076293945,11130.0,0.0,0.0,
2020-05-29,48.20000076293945,49.0,47.0099983215332,48.4900016784668,15651.0,0.0,0.0,
2020-06-01,48.79999923706055,50.5,48.5,50.27000045776367,11051.0,0.0,0.0,
2020-06-02,50.5,53.59999847412109,46.29999923706055,47.95000076293945,3834.0,0.0,0.0,
2020-06-03,48.86000061035156,50.9900016784668,47.95000076293945,49.7400016784668,4138.0,0.0,0.0,
2020-06-04,50.5,50.59000015258789,49.20000076293945,50.54999923706055,1489.0,0.0,0.0,
2020-06-05,50.29999923706055,51.0,50.0,50.70999908447266,1473.0,0.0,0.0,
2020-06-08,50.5,51.52000045776367,49.09999847412109,50.90999984741211,8252.0,0.0,0.0,
2020-06-09,50.0,51.5099983215332,49.20000076293945,50.06999969482422,9610.0,0.0,0.0,
2020-06-10,50.88000106811523,51.40000152587891,49.5099983215332,50.61000061035156,4755.0,0.0,0.0,
2020-06-11,50.61000061035156,51.18999862670898,48.97999954223633,49.5,2277.0,0.0,0.0,
2020-06-12,49.22000122070312,50.29999923706055,48.09999847412109,50.29999923706055,1276.0,0.0,0.0,
2020-06-15,52.0,52.0,49.52000045776367,49.95999908447266,1649.0,0.0,0.0,
2020-06-16,52.0,52.0,49.0,49.72999954223633,7234.0,0.0,0.0,
2020-06-17,49.29999923706055,50.06999969482422,48.09999847412109,49.13000106811523,2016.0,0.0,0.0,
2020-06-18,48.15000152587891,49.90999984741211,48.0,49.0099983215332,3120.0,0.0,0.0,
2020-06-22,52.0,52.0,49.20000076293945,49.75,11354.0,0.0,0.0,
2020-06-23,50.5,50.79999923706055,50.0,50.34999847412109,1544.0,0.0,0.0,
2020-06-24,50.15000152587891,51.9900016784668,49.31000137329102,51.72999954223633,34105.0,0.0,0.0,
2020-06-25,51.79000091552734,51.79000091552734,49.09999847412109,51.0,5690.0,0.0,0.0,
2020-06-26,51.0,51.9900016784668,50.25,51.22000122070312,3505.0,0.0,0.0,
2020-06-29,51.47999954223633,51.59999847412109,50.5,51.18999862670898,911.0,0.0,0.0,
2020-06-30,51.20000076293945,51.20000076293945,50.56000137329102,51.18000030517578,408.0,0.0,0.0,
2020-07-01,51.18000030517578,51.18000030517578,50.59999847412109,50.93999862670898,1105.0,0.0,0.0,
2020-07-02,50.31999969482422,51.95999908447266,50.31999969482422,51.79999923706055,2607.0,0.0,0.0,
2020-07-06,50.90000152587891,52.59999847412109,50.86000061035156,52.5,16046.0,0.0,0.0,
2020-07-07,51.72000122070312,52.5,51.52000045776367,52.22999954223633,2354.0,0.0,0.0,
2020-07-08,53.0,53.29999923706055,50.5,51.34999847412109,2273.0,0.0,0.0,
2020-07-09,51.0,52.95000076293945,51.0,52.59999847412109,2798.0,0.0,0.0,
2020-07-10,51.70000076293945,52.90000152587891,51.70000076293945,52.29999923706055,649.0,0.0,0.0,
2020-07-13,52.9900016784668,53.20000076293945,52.31000137329102,52.9900016784668,774.0,0.0,0.0,
2020-07-14,52.29999923706055,52.79999923706055,51.95000076293945,52.70000076293945,5377.0,0.0,0.0,
2020-07-15,52.70000076293945,53.18999862670898,52.5,53.0,1587.0,0.0,0.0,
2020-07-16,53.0,53.20000076293945,52.15000152587891,52.5,786.0,0.0,0.0,
2020-07-17,52.59999847412109,52.59999847412109,52.4900016784668,52.4900016784668,1198.0,0.0,0.0,
2020-07-20,52.4900016784668,53.34000015258789,50.5,52.06000137329102,4166.0,0.0,0.0,
2020-07-21,52.9900016784668,52.9900016784668,52.02999877929688,52.40000152587891,3996.0,0.0,0.0,
2020-07-22,52.40000152587891,52.90000152587891,51.83000183105469,52.0099983215332,1859.0,0.0,0.0,
2020-07-23,51.70000076293945,52.90000152587891,51.56000137329102,52.5,2051.0,0.0,0.0,
2020-07-24,52.45000076293945,53.40000152587891,52.06000137329102,53.31000137329102,3258.0,0.0,0.0,
2020-07-27,53.13000106811523,53.63999938964844,52.11000061035156,52.93999862670898,1265.0,0.0,0.0,
2020-07-28,53.59000015258789,53.59000015258789,50.70000076293945,52.63999938964844,2105.0,0.0,0.0,
2020-07-29,53.5,53.97999954223633,52.63999938964844,52.77999877929688,939.0,0.0,0.0,
2020-07-30,54.0,54.0,52.2400016784668,52.79000091552734,1164.0,0.0,0.0,
2020-07-31,53.5,53.5,52.04999923706055,53.09000015258789,622.0,0.0,0.0,
2020-08-03,53.09999847412109,53.09999847412109,51.70000076293945,51.84000015258789,1659.0,0.0,0.0,
2020-08-04,47.0,53.47999954223633,42.5,52.97999954223633,2396.0,0.0,0.0,
2020-08-05,52.11999893188477,53.70000076293945,52.11999893188477,52.86000061035156,3386.0,0.0,0.0,
2020-08-06,53.65000152587891,53.65000152587891,52.79999923706055,53.47999954223633,1760.0,0.0,0.0,
2020-08-07,52.81000137329102,53.54999923706055,52.81000137329102,53.54000091552734,476.0,0.0,0.0,
2020-08-10,59.0,59.0,53.0,53.11999893188477,1952.0,0.0,0.0,
2020-08-11,53.04999923706055,54.04000091552734,53.04999923706055,53.47000122070312,4555.0,0.0,0.0,
2020-08-12,53.47000122070312,54.18000030517578,52.29999923706055,53.22000122070312,6973.0,0.0,0.0,
2020-08-13,53.20000076293945,54.5,53.20000076293945,54.15000152587891,348.0,0.0,0.0,
2020-08-14,53.0099983215332,55.0,52.36999893188477,54.34000015258789,1241.0,0.0,0.0,
2020-08-17,62.0,62.0,53.0,53.54000091552734,3045.0,0.0,0.0,
2020-08-18,54.0,54.5,53.11000061035156,54.43999862670898,8816.0,0.0,0.0,
2020-08-19,55.0,55.20000076293945,53.70999908447266,54.02000045776367,2220.0,0.0,0.0,
2020-08-20,53.90000152587891,55.29000091552734,53.70999908447266,54.29000091552734,1237.0,0.0,0.0,
2020-08-21,54.88999938964844,55.5,54.11000061035156,54.54000091552734,3277.0,0.0,0.0,
2020-08-24,56.20000076293945,56.20000076293945,53.29000091552734,54.65999984741211,5128.0,0.0,0.0,
2020-08-25,55.0,55.63999938964844,54.20999908447266,54.9900016784668,1845.0,0.0,0.0,
2020-08-26,55.68000030517578,55.70000076293945,54.34999847412109,55.63999938964844,3555.0,0.0,0.0,
2020-08-27,57.0,57.0,54.29999923706055,56.0,6317.0,0.0,0.0,
2020-08-28,56.0,56.90000152587891,54.63000106811523,55.54999923706055,2247.0,0.0,0.0,
2020-08-31,55.0,56.4900016784668,54.29999923706055,54.29999923706055,4481.0,0.0,0.0,
2020-09-01,54.29999923706055,55.2400016784668,54.09999847412109,54.11000061035156,1200.0,0.0,0.0,
2020-09-02,55.0,55.52999877929688,54.04999923706055,55.20000076293945,849.0,0.0,0.0,
2020-09-03,55.59999847412109,55.59999847412109,54.40000152587891,55.18000030517578,1053.0,0.0,0.0,
2020-09-04,54.5,55.97999954223633,53.70000076293945,53.95000076293945,2269.0,0.0,0.0,
2020-09-07,54.0,55.36999893188477,53.79999923706055,54.40000152587891,762.0,0.0,0.0,
2020-09-08,55.59999847412109,55.59999847412109,53.70999908447266,54.9900016784668,1440.0,0.0,0.0,
2020-09-09,55.5,55.5,53.09999847412109,53.18999862670898,4686.0,0.0,0.0,
2020-09-10,53.25,55.0,53.25,54.0,384.0,0.0,0.0,
2020-09-11,55.75,55.75,54.29999923706055,54.59000015258789,195.0,0.0,0.0,
2020-09-14,55.0099983215332,55.72999954223633,54.59999847412109,55.02000045776367,838.0,0.0,0.0,
2020-09-15,55.7400016784668,55.7400016784668,54.59999847412109,55.25,3811.0,0.0,0.0,
2020-09-16,55.5,55.5,54.0,54.68999862670898,1674.0,0.0,0.0,
2020-09-17,55.45000076293945,55.5,53.54999923706055,53.97000122070312,2092.0,0.0,0.0,
2020-09-18,54.5,55.0,53.97000122070312,54.88999938964844,2350.0,0.0,0.0,
2020-09-21,54.40000152587891,54.9900016784668,52.70000076293945,53.63000106811523,4123.0,0.0,0.0,
2020-09-22,53.63000106811523,53.9900016784668,52.70000076293945,53.06000137329102,1746.0,0.0,0.0,
2020-09-23,54.31000137329102,54.83000183105469,52.5,52.9900016784668,1025.0,0.0,0.0,
2020-09-24,52.59999847412109,53.4900016784668,51.5,51.95000076293945,2956.0,0.0,0.0,
2020-09-25,53.0,54.79999923706055,51.0,53.43999862670898,1131.0,0.0,0.0,
2020-09-28,53.70000076293945,53.9900016784668,52.36999893188477,52.65000152587891,3199.0,0.0,0.0,
2020-09-29,53.79999923706055,54.0,52.72999954223633,53.70000076293945,728.0,0.0,0.0,
2020-09-30,53.70000076293945,53.70000076293945,53.0099983215332,53.65999984741211,758.0,0.0,0.0,
2020-10-01,52.15000152587891,53.88000106811523,52.15000152587891,53.52999877929688,2629.0,0.0,0.0,
2020-10-05,61.0,61.0,53.70000076293945,53.9900016784668,8082.0,0.0,0.0,
2020-10-06,54.0,54.5,53.18999862670898,53.47000122070312,5462.0,0.0,0.0,
2020-10-07,54.0,54.34999847412109,53.47999954223633,54.02999877929688,1943.0,0.0,0.0,
2020-10-08,54.70000076293945,55.90000152587891,53.09999847412109,54.27999877929688,1596.0,0.0,0.0,
2020-10-09,54.27999877929688,54.27999877929688,53.5099983215332,54.0,2013.0,0.0,0.0,
2020-10-12,56.7400016784668,56.7400016784668,51.25,54.34000015258789,5682.0,0.0,0.0,
2020-10-13,54.29999923706055,54.95999908447266,53.59000015258789,54.0,1189.0,0.0,0.0,
2020-10-14,56.7400016784668,56.7400016784668,53.25,53.34999847412109,2108.0,0.0,0.0,
2020-10-15,54.7599983215332,54.7599983215332,53.40000152587891,53.40000152587891,1245.0,0.0,0.0,
2020-10-16,53.40000152587891,54.0,53.40000152587891,53.97999954223633,890.0,0.0,0.0,
2020-10-19,54.29000091552734,54.29000091552734,53.5,54.15999984741211,222.0,0.0,0.0,
2020-10-20,54.15999984741211,54.56000137329102,53.7599983215332,54.45000076293945,609.0,0.0,0.0,
2020-10-21,54.45000076293945,54.7400016784668,53.29999923706055,53.33000183105469,2717.0,0.0,0.0,
2020-10-22,54.0,54.43999862670898,54.0,54.02999877929688,690.0,0.0,0.0,
2020-10-23,52.70999908447266,54.77999877929688,52.70999908447266,53.9900016784668,830.0,0.0,0.0,
2020-10-26,55.59999847412109,55.59999847412109,53.43999862670898,54.40999984741211,5160.0,0.0,0.0,
2020-10-27,54.40000152587891,54.40000152587891,54.0,54.34000015258789,1065.0,0.0,0.0,
2020-10-28,54.40000152587891,54.90000152587891,53.36000061035156,54.61000061035156,345.0,0.0,0.0,
2020-10-29,53.84000015258789,54.40999984741211,53.54999923706055,54.38999938964844,2540.0,0.0,0.0,
2020-10-30,54.0,54.9900016784668,53.31000137329102,53.5,2717.0,0.0,0.0,
2020-11-02,54.5,54.65999984741211,53.31000137329102,53.5,655.0,0.0,0.0,
2020-11-03,53.75,54.90000152587891,53.5,54.79999923706055,2609.0,0.0,0.0,
2020-11-04,56.0,56.0,53.38999938964844,54.81999969482422,5005.0,0.0,0.0,
2020-11-05,55.40000152587891,55.93999862670898,54.72000122070312,55.54999923706055,4814.0,0.0,0.0,
2020-11-06,55.5,55.79999923706055,54.31999969482422,54.56000137329102,3250.0,0.0,0.0,
2020-11-09,55.0,55.86999893188477,54.56999969482422,54.91999816894531,3328.0,0.0,0.0,
2020-11-10,54.79999923706055,55.83000183105469,54.61000061035156,55.58000183105469,3028.0,0.0,0.0,
2020-11-11,54.70000076293945,56.34999847412109,54.70000076293945,56.29999923706055,6471.0,0.0,0.0,
2020-11-12,56.29000091552734,56.77000045776367,55.13000106811523,56.43999862670898,77167.0,0.0,0.0,
2020-11-13,56.70000076293945,57.31999969482422,56.5,56.59999847412109,3947.0,0.0,0.0,
2020-11-14,57.5,60.79999923706055,56.70999908447266,58.72999954223633,0.0,0.0,0.0,
2020-11-17,60.0,60.0,56.79999923706055,57.36000061035156,4345.0,0.0,0.0,
2020-11-18,58.0,58.20000076293945,56.09999847412109,57.63999938964844,3397.0,0.0,0.0,
2020-11-19,58.0,58.18000030517578,56.52999877929688,56.9900016784668,2912.0,0.0,0.0,
2020-11-20,56.9900016784668,58.25,56.0,56.61000061035156,8940.0,0.0,0.0,
2020-11-23,55.09999847412109,59.27999877929688,55.09999847412109,56.65999984741211,5566.0,0.0,0.0,
2020-11-24,57.5,57.9900016784668,56.70000076293945,57.84999847412109,2856.0,0.0,0.0,
2020-11-25,56.0,58.0,55.22000122070312,57.68999862670898,4015.0,0.0,0.0,
2020-11-26,58.59999847412109,59.45000076293945,57.2599983215332,57.59000015258789,647.0,0.0,0.0,
2020-11-27,58.59999847412109,59.45000076293945,57.5099983215332,57.54999923706055,1152.0,0.0,0.0,
2020-12-01,68.0,68.0,57.52000045776367,58.2400016784668,8692.0,0.0,0.0,
2020-12-02,58.5,59.18000030517578,57.5,58.4900016784668,1224.0,0.0,0.0,
2020-12-03,58.79999923706055,59.4900016784668,58.29999923706055,58.52000045776367,4076.0,0.0,0.0,
2020-12-04,58.5,60.0,58.11999893188477,59.86000061035156,24507.0,0.0,0.0,
2020-12-07,60.70000076293945,60.70000076293945,58.5,60.38000106811523,2955.0,0.0,0.0,
2020-12-08,60.9900016784668,62.0,59.56000137329102,61.09000015258789,2601.0,0.0,0.0,
2020-12-09,61.5,63.75,60.04999923706055,60.84000015258789,9184.0,0.0,0.0,
2020-12-10,61.0,62.90000152587891,59.20000076293945,62.4900016784668,11476.0,0.0,0.0,
2020-12-11,59.59999847412109,64.0,59.59999847412109,63.47999954223633,6386.0,0.0,0.0,
2020-12-14,65.30000305175781,65.30000305175781,62.0,63.93000030517578,3221.0,0.0,0.0,
2020-12-15,64.0,66.5,63.0,66.37000274658203,9018.0,0.0,0.0,
2020-12-16,68.0,68.0,62.84999847412109,63.43000030517578,12839.0,0.0,0.0,
2020-12-17,65.33000183105469,66.88999938964844,63.45000076293945,63.59999847412109,9206.0,0.0,0.0,
2020-12-18,64.43000030517578,64.47000122070312,63.06999969482422,63.61000061035156,2468.0,0.0,0.0,
2020-12-21,65.5,65.5,61.45000076293945,62.81999969482422,10652.0,0.0,0.0,
2020-12-22,63.79999923706055,64.45999908447266,60.5099983215332,64.37000274658203,11509.0,0.0,0.0,
2020-12-23,66.30000305175781,66.5,61.59999847412109,62.36999893188477,27339.0,0.0,0.0,
2020-12-24,62.59999847412109,65.0,62.36999893188477,62.75,12390.0,0.0,0.0,
2020-12-28,64.5,64.5,60.02999877929688,63.34000015258789,11090.0,0.0,0.0,
2020-12-29,63.93999862670898,64.0,62.61000061035156,63.13999938964844,121610.0,0.0,0.0,
2020-12-30,64.0,64.0,62.79999923706055,63.13999938964844,3370.0,0.0,0.0,
2020-12-31,63.97000122070312,64.5,63.02000045776367,63.61999893188477,45928.0,0.0,0.0,
2021-01-01,64.9800033569336,66.0,63.61000061035156,64.02999877929688,1913.0,0.0,0.0,
2021-01-04,65.94000244140625,65.94000244140625,62.09999847412109,64.20999908447266,2603.0,0.0,0.0,
2021-01-05,64.9800033569336,64.9800033569336,63.0,64.2699966430664,5241.0,0.0,0.0,
2021-01-06,65.87999725341797,65.87999725341797,64.0,64.66999816894531,3213.0,0.0,0.0,
2021-01-07,65.1500015258789,65.5,64.0199966430664,65.1500015258789,4454.0,0.0,0.0,
2021-01-08,65.9800033569336,66.0,64.05999755859375,65.8499984741211,3692.0,0.0,0.0,
2021-01-11,66.80000305175781,66.80000305175781,64.25,66.37000274658203,5139.0,0.0,0.0,
2021-01-12,66.37000274658203,66.98999786376953,65.5199966430664,66.19999694824219,3137.0,0.0,0.0,
2021-01-13,66.30000305175781,67.1500015258789,66.01000213623047,66.38999938964844,5101.0,0.0,0.0,
2021-01-14,66.94999694824219,67.19999694824219,66.0199966430664,66.62999725341797,2820.0,0.0,0.0,
2021-01-15,67.0,67.25,66.5,66.73999786376953,5271.0,0.0,0.0,
2021-01-18,62.70000076293945,67.97000122070312,62.15000152587891,64.9800033569336,10526.0,0.0,0.0,
2021-01-19,77.0,77.0,65.80000305175781,67.63999938964844,5440.0,0.0,0.0,
2021-01-20,66.94999694824219,67.63999938964844,65.0999984741211,66.29000091552734,12229.0,0.0,0.0,
2021-01-21,74.30000305175781,74.30000305175781,66.20999908447266,68.41999816894531,9805.0,0.0,0.0,
2021-01-22,66.69999694824219,69.87999725341797,65.1500015258789,67.02999877929688,10463.0,0.0,0.0,
2021-01-25,69.04000091552734,69.04000091552734,66.3499984741211,67.44999694824219,3475.0,0.0,0.0,
2021-01-27,71.5,71.5999984741211,64.22000122070312,65.19999694824219,15759.0,0.0,0.0,
2021-01-28,69.0999984741211,69.80000305175781,65.06999969482422,65.63999938964844,4705.0,0.0,0.0,
2021-01-29,68.9000015258789,68.9000015258789,63.11999893188477,63.68999862670898,32242.0,0.0,0.0,
2021-02-01,63.68999862670898,66.0999984741211,63.47000122070312,64.79000091552734,14319.0,0.0,0.0,
2021-02-02,68.69999694824219,69.80000305175781,65.0,66.44000244140625,9653.0,0.0,0.0,
2021-02-03,66.5,67.4000015258789,65.11000061035156,65.97000122070312,97639.0,0.0,0.0,
2021-02-04,65.97000122070312,67.0,64.5,66.05000305175781,4742.0,0.0,0.0,
2021-02-05,65.51000213623047,68.0,65.51000213623047,66.7300033569336,3213.0,0.0,0.0,
2021-02-08,69.80000305175781,69.80000305175781,65.51000213623047,67.86000061035156,18806.0,0.0,0.0,
2021-02-09,67.9800033569336,68.56999969482422,66.58999633789062,66.79000091552734,20042.0,0.0,0.0,
2021-02-10,66.79000091552734,68.5,65.9000015258789,66.80999755859375,4954.0,0.0,0.0,
2021-02-11,66.80999755859375,67.9000015258789,66.5,67.27999877929688,2998.0,0.0,0.0,
2021-02-12,67.27999877929688,67.5999984741211,66.5,67.26000213623047,3410.0,0.0,0.0,
2021-02-15,74.30000305175781,74.30000305175781,66.25,66.62000274658203,7970.0,0.0,0.0,
2021-02-16,66.2699966430664,67.80000305175781,66.2699966430664,67.44999694824219,2718.0,0.0,0.0,
2021-02-17,67.44999694824219,67.69999694824219,65.9000015258789,65.97000122070312,14467.0,0.0,0.0,
2021-02-18,65.75,67.66999816894531,65.69999694824219,66.63999938964844,2209.0,0.0,0.0,
2021-02-19,67.0,67.47000122070312,65.01000213623047,66.41000366210938,1811.0,0.0,0.0,
2021-02-22,67.30000305175781,68.0,64.05000305175781,64.38999938964844,26959.0,0.0,0.0,
2021-02-23,69.88999938964844,69.88999938964844,64.0,64.5,15247.0,0.0,0.0,
2021-02-24,64.5,65.87999725341797,64.0199966430664,65.30999755859375,9856.0,0.0,0.0,
2021-02-25,65.95999908447266,65.97000122070312,62.95000076293945,64.8499984741211,19153.0,0.0,0.0,
2021-02-26,63.5,65.48999786376953,63.0,64.11000061035156,14750.0,0.0,0.0,
2021-03-01,65.95999908447266,65.95999908447266,63.40000152587891,64.36000061035156,7149.0,0.0,0.0,
2021-03-02,65.95999908447266,68.0,64.0199966430664,66.22000122070312,11058.0,0.0,0.0,
2021-03-03,66.75,67.48999786376953,64.80000305175781,65.62000274658203,4929.0,0.0,0.0,
2021-03-04,65.4000015258789,66.87999725341797,65.0999984741211,65.52999877929688,5306.0,0.0,0.0,
2021-03-05,66.0999984741211,66.19999694824219,64.5,64.72000122070312,101629.0,0.0,0.0,
2021-03-08,67.05000305175781,68.9800033569336,64.0,64.63999938964844,7315.0,0.0,0.0,
2021-03-09,64.5999984741211,66.0,64.5,65.1500015258789,5144.0,0.0,0.0,
2021-03-10,65.19999694824219,65.88999938964844,64.80000305175781,65.41000366210938,1521.0,0.0,0.0,
2021-03-12,68.0,68.0,64.11000061035156,65.62000274658203,4869.0,0.0,0.0,
2021-03-15,65.94999694824219,65.94999694824219,64.25,65.19999694824219,3569.0,0.0,0.0,
2021-03-16,64.0,65.94999694824219,64.0,65.66999816894531,1442.0,0.0,0.0,
2021-03-17,66.19999694824219,66.19999694824219,63.52000045776367,63.79000091552734,21095.0,0.0,0.0,
2021-03-18,66.73999786376953,66.73999786376953,63.75,64.3499984741211,3456.0,0.0,0.0,
2021-03-19,65.19999694824219,65.66000366210938,63.5,64.06999969482422,2353.0,0.0,0.0,
2021-03-22,68.0,68.0,63.08000183105469,64.98999786376953,9482.0,0.0,0.0,
2021-03-23,65.4800033569336,65.4800033569336,64.25,64.48999786376953,2055.0,0.0,0.0,
2021-03-24,65.30000305175781,65.30000305175781,63.5,64.12000274658203,1960.0,0.0,0.0,
2021-03-25,64.12000274658203,64.81999969482422,63.0,63.68000030517578,6926.0,0.0,0.0,
2021-03-26,65.48999786376953,65.48999786376953,63.0,63.95999908447266,6410.0,0.0,0.0,
2021-03-30,64.0,65.80000305175781,63.5099983215332,64.68000030517578,4007.0,0.0,0.0,
2021-03-31,64.68000030517578,64.68000030517578,63.47000122070312,64.52999877929688,1114.0,0.0,0.0,
2021-04-01,64.0,66.18000030517578,64.0,65.41999816894531,3040.0,0.0,0.0,
2021-04-05,65.88999938964844,65.98999786376953,63.45000076293945,64.94999694824219,8603.0,0.0,0.0,
2021-04-06,65.94999694824219,65.94999694824219,64.05000305175781,64.19000244140625,1887.0,0.0,0.0,
2021-04-07,65.5,65.7300033569336,64.41000366210938,65.44999694824219,2395.0,0.0,0.0,
2021-04-08,65.98999786376953,67.0,64.05999755859375,66.29000091552734,18367.0,0.0,0.0,
2021-04-09,66.0,67.0999984741211,65.5,65.83000183105469,87284.0,0.0,0.0,
2021-04-12,65.98999786376953,67.0,63.75,65.01000213623047,16864.0,0.0,0.0,
2021-04-13,65.01000213623047,66.97000122070312,63.11000061035156,64.5,10269.0,0.0,0.0,
2021-04-15,68.0,68.0,63.04999923706055,64.77999877929688,3329.0,0.0,0.0,
2021-04-16,66.9800033569336,66.9800033569336,64.77999877929688,65.83999633789062,1586.0,0.0,0.0,
2021-04-19,65.98999786376953,65.98999786376953,63.31999969482422,64.13999938964844,4725.0,0.0,0.0,
2021-04-20,68.0,68.19999694824219,63.91999816894531,64.69999694824219,8449.0,0.0,0.0,
2021-04-22,65.98999786376953,65.98999786376953,63.5099983215332,64.05000305175781,5992.0,0.0,0.0,
2021-04-23,63.95000076293945,65.0,63.06000137329102,63.20000076293945,22373.0,0.0,0.0,
2021-04-26,64.9000015258789,64.9000015258789,63.06999969482422,63.20999908447266,101683.0,0.0,0.0,
2021-04-27,63.95000076293945,63.95000076293945,63.2599983215332,63.43999862670898,1901.0,0.0,0.0,
2021-04-28,63.95000076293945,64.4000015258789,63.15999984741211,64.08000183105469,8921.0,0.0,0.0,
2021-04-29,63.20000076293945,65.5,63.11999893188477,64.45999908447266,3675.0,0.0,0.0,
2021-04-30,64.45999908447266,64.86000061035156,63.0,63.25,11530.0,0.0,0.0,
2021-05-03,63.63999938964844,64.5,63.29999923706055,64.0199966430664,5277.0,0.0,0.0,
2021-05-04,65.0,65.0,63.20000076293945,63.29999923706055,3984.0,0.0,0.0,
2021-05-05,63.29999923706055,64.5,62.5,63.95000076293945,2680.0,0.0,0.0,
2021-05-06,64.30000305175781,64.4800033569336,62.65999984741211,64.08000183105469,4426.0,0.0,0.0,
2021-05-07,64.5,64.5,63.29999923706055,64.0,1171.0,0.0,0.0,
2021-05-10,65.9800033569336,65.9800033569336,60.36000061035156,63.66999816894531,12734.0,0.0,0.0,
2021-05-11,63.93999862670898,64.5,63.20999908447266,63.84999847412109,6212.0,0.0,0.0,
2021-05-12,64.5,64.5,63.5,63.7599983215332,2340.0,0.0,0.0,
2021-05-14,64.80000305175781,64.80000305175781,62.56000137329102,64.06999969482422,4567.0,0.0,0.0,
2021-05-17,64.5,64.80000305175781,64.0,64.38999938964844,3247.0,0.0,0.0,
2021-05-18,64.5,65.0,63.95000076293945,64.25,3918.0,0.0,0.0,
2021-05-19,64.4000015258789,65.0199966430664,64.4000015258789,64.94000244140625,12950.0,0.0,0.0,
2021-05-20,65.0,73.0999984741211,64.5,65.62999725341797,10352.0,0.0,0.0,
2021-05-21,65.80000305175781,66.0,64.5199966430664,65.30999755859375,10449.0,0.0,0.0,
2021-05-24,64.5199966430664,66.80000305175781,64.5199966430664,65.05999755859375,17091.0,0.0,0.0,
2021-05-25,66.7699966430664,66.7699966430664,64.25,65.11000061035156,8749.0,0.0,0.0,
2021-05-26,65.94999694824219,66.44999694824219,65.01000213623047,66.37999725341797,9274.0,0.0,0.0,
2021-05-27,67.9800033569336,67.9800033569336,65.75,65.87000274658203,3370.0,0.0,0.0,
2021-05-28,66.5,66.75,65.69999694824219,66.18000030517578,7894.0,0.0,0.0,
2021-05-31,66.9000015258789,66.9000015258789,65.5199966430664,66.33000183105469,3776.0,0.0,0.0,
2021-06-01,67.88999938964844,67.88999938964844,65.5,66.7699966430664,5193.0,0.0,0.0,
2021-06-02,67.88999938964844,67.88999938964844,65.5999984741211,66.26000213623047,4105.0,0.0,0.0,
2021-06-03,67.05000305175781,67.05000305175781,65.66000366210938,66.5,2237.0,0.0,0.0,
2021-06-04,65.62000274658203,67.80000305175781,65.62000274658203,66.58999633789062,21609.0,0.0,0.0,
2021-06-07,67.69999694824219,67.80000305175781,66.29000091552734,67.30000305175781,11028.0,0.0,0.0,
2021-06-08,67.4000015258789,67.75,66.80000305175781,67.4000015258789,6973.0,0.0,0.0,
2021-06-09,67.9800033569336,67.9800033569336,67.0,67.12000274658203,10979.0,0.0,0.0,
2021-06-10,68.4000015258789,72.69999694824219,67.48999786376953,68.04000091552734,10975.0,0.0,0.0,
2021-06-11,68.01000213623047,69.0999984741211,66.97000122070312,67.63999938964844,3979.0,0.0,0.0,
2021-06-14,68.9800033569336,68.9800033569336,65.62000274658203,67.86000061035156,2730.0,0.0,0.0,
2021-06-15,68.97000122070312,69.51000213623047,67.19999694824219,68.66999816894531,3719.0,0.0,0.0,
2021-06-16,69.51000213623047,69.51000213623047,67.2300033569336,68.19999694824219,5766.0,0.0,0.0,
2021-06-17,68.0,68.5,67.5,68.05000305175781,3862.0,0.0,0.0,
2021-06-18,68.97000122070312,68.97000122070312,67.25,68.75,4253.0,0.0,0.0,
2021-06-21,65.62000274658203,69.94000244140625,65.62000274658203,68.68000030517578,8492.0,0.0,0.0,
2021-06-22,67.01000213623047,70.0,67.01000213623047,69.69000244140625,6053.0,0.0,0.0,
2021-06-23,69.9800033569336,70.0,68.5199966430664,68.87000274658203,5115.0,0.0,0.0,
2021-06-24,69.9800033569336,69.9800033569336,67.88999938964844,68.63999938964844,4383.0,0.0,0.0,
2021-06-25,69.97000122070312,69.97000122070312,67.5,69.75,3096.0,0.0,0.0,
2021-06-28,69.30000305175781,70.8499984741211,68.80000305175781,68.98999786376953,11440.0,0.0,0.0,
2021-06-29,70.0,70.2300033569336,68.0999984741211,69.5999984741211,2246.0,0.0,0.0,
2021-06-30,70.5999984741211,70.5999984741211,68.44999694824219,68.87999725341797,10821.0,0.0,0.0,
2021-07-01,70.97000122070312,70.97000122070312,68.26000213623047,68.98999786376953,17291.0,0.0,0.0,
2021-07-02,70.97000122070312,70.97000122070312,67.94999694824219,68.61000061035156,15090.0,0.0,0.0,
2021-07-05,70.97000122070312,70.97000122070312,68.81999969482422,69.55000305175781,16871.0,0.0,0.0,
2021-07-06,70.5,70.5,69.44999694824219,69.58999633789062,4451.0,0.0,0.0,
2021-07-07,69.58999633789062,71.0,68.6500015258789,69.33999633789062,5259.0,0.0,0.0,
2021-07-08,74.75,74.75,68.69999694824219,69.44999694824219,12728.0,0.0,0.0,
2021-07-09,69.80000305175781,69.9000015258789,69.01000213623047,69.19000244140625,4032.0,0.0,0.0,
2021-07-12,74.4000015258789,74.4000015258789,69.02999877929688,69.4000015258789,5587.0,0.0,0.0,
2021-07-13,74.75,74.75,68.0999984741211,69.0999984741211,4132.0,0.0,0.0,
2021-07-14,68.75,70.19999694824219,68.75,69.0999984741211,3774.0,0.0,0.0,
2021-07-15,69.75,71.0,68.16000366210938,68.44000244140625,23141.0,0.0,0.0,
2021-07-16,69.75,70.0,68.5999984741211,69.29000091552734,2420.0,0.0,0.0,
2021-07-19,69.75,70.9000015258789,68.69999694824219,68.9800033569336,12684.0,0.0,0.0,
2021-07-20,69.30000305175781,69.97000122070312,68.0999984741211,68.75,4878.0,0.0,0.0,
2021-07-22,71.2699966430664,71.2699966430664,68.11000061035156,69.36000061035156,12204.0,0.0,0.0,
2021-07-23,69.69000244140625,70.6500015258789,69.5,69.79000091552734,16706.0,0.0,0.0,
2021-07-26,71.2699966430664,77.44999694824219,69.04000091552734,71.05000305175781,17662.0,0.0,0.0,
2021-07-27,69.04000091552734,71.25,69.04000091552734,69.77999877929688,7988.0,0.0,0.0,
2021-07-28,72.5,75.80000305175781,68.5999984741211,68.97000122070312,72235.0,0.0,0.0,
2021-07-29,65.58999633789062,69.69999694824219,65.58999633789062,68.80000305175781,12312.0,0.0,0.0,
2021-07-30,68.9000015258789,69.98999786376953,68.80000305175781,69.5,7889.0,0.0,0.0,
2021-08-02,72.16000366210938,72.16000366210938,69.1500015258789,69.4800033569336,4262.0,0.0,0.0,
2021-08-03,69.80000305175781,70.30000305175781,68.5199966430664,70.16000366210938,8441.0,0.0,0.0,
2021-08-04,71.22000122070312,71.22000122070312,69.08999633789062,69.45999908447266,8229.0,0.0,0.0,
2021-08-05,69.0,70.19999694824219,69.0,70.16999816894531,15049.0,0.0,0.0,
2021-08-06,71.22000122070312,71.22000122070312,68.81999969482422,70.69999694824219,5132.0,0.0,0.0,
2021-08-09,71.22000122070312,73.18000030517578,70.12999725341797,71.43000030517578,12971.0,0.0,0.0,
2021-08-10,71.22000122070312,71.79000091552734,70.4000015258789,70.54000091552734,15688.0,0.0,0.0,
2021-08-11,68.66000366210938,71.44999694824219,68.66000366210938,70.16999816894531,22213.0,0.0,0.0,
2021-08-12,70.0199966430664,70.69999694824219,69.05000305175781,70.22000122070312,11484.0,0.0,0.0,
2021-08-13,70.75,70.9000015258789,70.25,70.6500015258789,6578.0,0.0,0.0,
2021-08-16,71.9000015258789,71.9000015258789,70.01000213623047,70.69999694824219,3112.0,0.0,0.0,
2021-08-17,72.81999969482422,72.81999969482422,70.30000305175781,71.0999984741211,6603.0,0.0,0.0,
2021-08-18,72.9000015258789,72.9000015258789,69.0,70.55999755859375,16362.0,0.0,0.0,
2021-08-20,71.0,71.9000015258789,70.30999755859375,71.83999633789062,18840.0,0.0,0.0,
2021-08-23,72.52999877929688,76.0,71.5999984741211,72.70999908447266,34317.0,0.0,0.0,
2021-08-24,74.19999694824219,74.19999694824219,70.75,71.7300033569336,17450.0,0.0,0.0,
2021-08-25,72.0999984741211,72.98999786376953,71.6500015258789,72.05000305175781,9532.0,0.0,0.0,
2021-08-26,73.75,73.75,71.47000122070312,71.83999633789062,13242.0,0.0,0.0,
2021-08-27,71.8499984741211,78.0,71.0,72.87999725341797,18397.0,0.0,0.0,
2021-08-30,74.88999938964844,74.88999938964844,72.5,72.94999694824219,10196.0,0.0,0.0,
2021-08-31,74.80000305175781,74.80000305175781,72.5,73.7300033569336,10972.0,0.0,0.0,
2021-09-01,74.86000061035156,75.30000305175781,72.5,75.12999725341797,12799.0,0.0,0.0,
2021-09-02,75.0,76.9000015258789,75.0,75.79000091552734,17801.0,0.0,0.0,
2021-09-03,86.0,86.0,74.19999694824219,76.01000213623047,16915.0,0.0,0.0,
2021-09-06,77.9800033569336,86.0,74.94999694824219,76.45999908447266,10826.0,0.0,0.0,
2021-09-07,79.88999938964844,79.88999938964844,76.0,76.3499984741211,5643.0,0.0,0.0,
2021-09-08,77.88999938964844,77.88999938964844,75.25,76.25,6362.0,0.0,0.0,
2021-09-09,78.06999969482422,78.06999969482422,75.83999633789062,76.55999755859375,11614.0,0.0,0.0,
2021-09-13,77.88999938964844,77.88999938964844,75.4000015258789,77.0,7702.0,0.0,0.0,
2021-09-14,78.06999969482422,78.4800033569336,75.47000122070312,77.37999725341797,7654.0,0.0,0.0,
2021-09-15,78.87999725341797,78.87999725341797,77.30999755859375,77.88999938964844,6925.0,0.0,0.0,
2021-09-16,78.88999938964844,78.88999938964844,77.0,78.4800033569336,16178.0,0.0,0.0,
2021-09-17,79.87999725341797,82.30000305175781,77.81999969482422,78.83000183105469,25796.0,0.0,0.0,
2021-09-20,79.88999938964844,79.88999938964844,76.16000366210938,78.31999969482422,13454.0,0.0,0.0,
2021-09-21,79.8499984741211,79.8499984741211,78.19999694824219,79.16000366210938,9886.0,0.0,0.0,
2021-09-22,79.16000366210938,80.87000274658203,78.44999694824219,78.94000244140625,4990.0,0.0,0.0,
2021-09-23,80.88999938964844,80.88999938964844,79.16000366210938,79.55000305175781,12185.0,0.0,0.0,
2021-09-24,81.94000244140625,81.94000244140625,79.19999694824219,79.2699966430664,13111.0,0.0,0.0,
2021-09-27,81.5,81.5,79.01000213623047,79.23999786376953,9117.0,0.0,0.0,
2021-09-28,80.0,81.4800033569336,77.30999755859375,78.86000061035156,34208.0,0.0,0.0,
2021-09-29,78.01000213623047,79.97000122070312,77.4000015258789,78.44000244140625,11352.0,0.0,0.0,
2021-09-30,78.01000213623047,79.97000122070312,77.87999725341797,77.97000122070312,12275.0,0.0,0.0,
2021-10-01,79.87000274658203,79.87000274658203,76.80000305175781,77.69999694824219,12042.0,0.0,0.0,
2021-10-04,79.87999725341797,79.87999725341797,77.5,78.37999725341797,9935.0,0.0,0.0,
2021-10-05,79.9800033569336,79.9800033569336,77.7699966430664,78.33000183105469,10086.0,0.0,0.0,
2021-10-06,77.94000244140625,79.4000015258789,77.16000366210938,77.69999694824219,10016.0,0.0,0.0,
2021-10-07,78.19999694824219,79.0,77.69999694824219,78.77999877929688,10813.0,0.0,0.0,
2021-10-08,79.9800033569336,79.9800033569336,78.75,79.16000366210938,7970.0,0.0,0.0,
2021-10-11,80.88999938964844,80.88999938964844,78.54000091552734,79.31999969482422,6529.0,0.0,0.0,
2021-10-12,80.94999694824219,80.94999694824219,78.52999877929688,80.05999755859375,14838.0,0.0,0.0,
2021-10-13,81.88999938964844,81.88999938964844,80.0,80.66000366210938,13933.0,0.0,0.0,
2021-10-14,80.66000366210938,81.94000244140625,80.0199966430664,81.68000030517578,14237.0,0.0,0.0,
2021-10-18,81.94000244140625,83.88999938964844,81.01000213623047,81.41999816894531,34148.0,0.0,0.0,
2021-10-19,84.88999938964844,84.88999938964844,79.05000305175781,79.63999938964844,39558.0,0.0,0.0,
2021-10-20,80.0,81.23999786376953,78.5999984741211,79.08000183105469,17309.0,0.0,0.0,
2021-10-21,80.98999786376953,80.98999786376953,77.0199966430664,78.20999908447266,26090.0,0.0,0.0,
2021-10-22,80.48999786376953,80.48999786376953,77.0,77.25,23283.0,0.0,0.0,
2021-10-25,78.98999786376953,78.98999786376953,75.5,77.20999908447266,20987.0,0.0,0.0,
2021-10-26,78.0,78.98999786376953,75.5999984741211,76.37999725341797,21979.0,0.0,0.0,
2021-10-27,77.98999786376953,77.98999786376953,76.05999755859375,76.8499984741211,6814.0,0.0,0.0,
2021-10-28,76.8499984741211,85.0,76.01000213623047,76.33999633789062,110963.0,0.0,0.0,
2021-10-29,77.98999786376953,77.98999786376953,75.66000366210938,76.30000305175781,7652.0,0.0,0.0,
2021-11-01,78.19999694824219,78.19999694824219,76.0199966430664,76.9000015258789,10447.0,0.0,0.0,
2021-11-02,78.29000091552734,78.29000091552734,76.9000015258789,77.11000061035156,9467.0,0.0,0.0,
2021-11-03,77.9800033569336,77.9800033569336,75.4000015258789,76.33000183105469,22250.0,0.0,0.0,
2021-11-04,77.98999786376953,78.0,75.4000015258789,77.68000030517578,3584.0,0.0,0.0,
2021-11-08,78.29000091552734,78.29000091552734,77.29000091552734,77.83999633789062,7633.0,0.0,0.0,
2021-11-09,78.29000091552734,78.5,77.01000213623047,78.48999786376953,8385.0,0.0,0.0,
2021-11-10,76.0999984741211,78.5,76.0999984741211,78.4800033569336,2796.0,0.0,0.0,
2021-11-11,78.4800033569336,78.83999633789062,77.0,78.23999786376953,30543.0,0.0,0.0,
2021-11-12,79.48999786376953,79.48999786376953,78.05000305175781,78.94999694824219,4183.0,0.0,0.0,
2021-11-15,77.08999633789062,80.48999786376953,77.08999633789062,79.6500015258789,10278.0,0.0,0.0,
2021-11-16,79.01000213623047,79.9800033569336,78.8499984741211,79.72000122070312,8133.0,0.0,0.0,
2021-11-17,79.25,80.8499984741211,79.25,80.69000244140625,121317.0,0.0,0.0,
2021-11-18,81.0,81.11000061035156,79.08000183105469,79.61000061035156,14720.0,0.0,0.0,
2021-11-22,81.48999786376953,81.48999786376953,77.0999984741211,79.23999786376953,15961.0,0.0,0.0,
2021-11-23,79.97000122070312,79.97000122070312,78.29000091552734,78.66000366210938,10848.0,0.0,0.0,
2021-11-24,79.95999908447266,79.95999908447266,78.0,78.72000122070312,4451.0,0.0,0.0,
2021-11-25,78.25,79.94000244140625,77.69000244140625,78.08000183105469,22015.0,0.0,0.0,
2021-11-26,78.0,79.36000061035156,76.1500015258789,76.69000244140625,97459.0,0.0,0.0,
2021-11-29,75.80999755859375,76.95999908447266,66.69999694824219,76.08999633789062,26750.0,0.0,0.0,
2021-11-30,74.02999877929688,78.80000305175781,74.02999877929688,76.75,5153.0,0.0,0.0,
2021-12-01,78.80000305175781,78.80000305175781,76.0999984741211,76.45999908447266,12596.0,0.0,0.0,
2021-12-02,79.4000015258789,79.4000015258789,76.22000122070312,76.73999786376953,15808.0,0.0,0.0,
2021-12-03,75.16999816894531,78.80000305175781,75.16999816894531,76.63999938964844,6928.0,0.0,0.0,
2021-12-06,78.77999877929688,78.77999877929688,74.69999694824219,75.18000030517578,20572.0,0.0,0.0,
2021-12-07,76.5999984741211,76.5999984741211,75.0,75.11000061035156,7405.0,0.0,0.0,
2021-12-08,76.5,76.5,75.02999877929688,76.04000091552734,3501.0,0.0,0.0,
2021-12-09,74.0999984741211,77.41999816894531,74.0999984741211,76.58999633789062,11747.0,0.0,0.0,
2021-12-10,77.0,77.58999633789062,76.4000015258789,77.19000244140625,5674.0,0.0,0.0,
2021-12-13,77.19999694824219,78.22000122070312,76.5199966430664,76.69000244140625,26013.0,0.0,0.0,
2021-12-14,76.54000091552734,78.18000030517578,76.04000091552734,76.30000305175781,1606.0,0.0,0.0,
2021-12-15,76.30000305175781,76.80000305175781,75.75,75.9000015258789,2726.0,0.0,0.0,
2021-12-16,75.75,76.80000305175781,74.66000366210938,75.81999969482422,17460.0,0.0,0.0,
2021-12-17,77.9000015258789,77.9000015258789,74.23999786376953,74.5,11386.0,0.0,0.0,
2021-12-20,74.23999786376953,75.91999816894531,72.5,73.05999755859375,97336.0,0.0,0.0,
2021-12-21,75.91999816894531,75.91999816894531,72.62000274658203,73.98999786376953,7647.0,0.0,0.0,
2021-12-22,75.0,76.69999694824219,74.01000213623047,74.45999908447266,5055.0,0.0,0.0,
2021-12-23,74.45999908447266,75.9000015258789,74.45999908447266,74.7300033569336,7681.0,0.0,0.0,
2021-12-24,76.25,76.79000091552734,74.5199966430664,74.73999786376953,1265.0,0.0,0.0,
2021-12-27,76.88999938964844,76.88999938964844,74.0,74.4000015258789,4648.0,0.0,0.0,
2021-12-28,74.95999908447266,75.33999633789062,74.4000015258789,75.0999984741211,1955.0,0.0,0.0,
2021-12-29,80.12000274658203,80.12000274658203,73.55999755859375,75.55999755859375,10606.0,0.0,0.0,
2021-12-30,68.80000305175781,76.5,61.04999923706055,75.47000122070312,10123.0,0.0,0.0,
2021-12-31,80.12000274658203,80.12000274658203,75.5,76.38999938964844,8485.0,0.0,0.0,
2022-01-03,75.62999725341797,79.4800033569336,75.62999725341797,76.72000122070312,9876.0,0.0,0.0,
2022-01-04,77.16999816894531,77.16999816894531,76.33000183105469,76.94999694824219,3536.0,0.0,0.0,
2022-01-05,77.0999984741211,77.3499984741211,76.30000305175781,77.0199966430664,7115.0,0.0,0.0,
2022-01-06,77.0199966430664,77.31999969482422,76.25,77.16999816894531,11580.0,0.0,0.0,
2022-01-07,78.22000122070312,78.22000122070312,76.25,77.75,11691.0,0.0,0.0,
2022-01-10,84.69999694824219,84.69999694824219,77.75,78.4000015258789,8664.0,0.0,0.0,
2022-01-11,79.8499984741211,79.9000015258789,77.62000274658203,78.13999938964844,5254.0,0.0,0.0,
2022-01-12,77.62000274658203,78.98999786376953,77.62000274658203,78.02999877929688,4872.0,0.0,0.0,
2022-01-13,79.88999938964844,79.88999938964844,77.80000305175781,78.30000305175781,10622.0,0.0,0.0,
2022-01-14,79.5999984741211,79.5999984741211,77.63999938964844,78.0999984741211,6520.0,0.0,0.0,
2022-01-17,79.88999938964844,80.0,77.6500015258789,79.16999816894531,61715.0,0.0,0.0,
2022-01-18,78.7699966430664,79.98999786376953,77.30000305175781,77.93000030517578,34125.0,0.0,0.0,
2022-01-19,78.93000030517578,78.93000030517578,76.08000183105469,76.70999908447266,66954.0,0.0,0.0,
2022-01-20,79.62000274658203,79.62000274658203,76.01000213623047,76.41000366210938,13761.0,0.0,0.0,
2022-01-21,76.5,76.69000244140625,75.30999755859375,75.87000274658203,5666.0,0.0,0.0,
2022-01-24,77.44999694824219,77.44999694824219,72.91999816894531,73.75,21574.0,0.0,0.0,
2022-01-25,75.91999816894531,77.30000305175781,73.41000366210938,74.83000183105469,4582.0,0.0,0.0,
2022-01-27,77.0,77.0,73.0,73.4800033569336,23522.0,0.0,0.0,
2022-01-28,75.91999816894531,75.91999816894531,73.5,74.16000366210938,8462.0,0.0,0.0,
2022-01-31,77.30000305175781,77.30000305175781,73.30999755859375,75.02999877929688,5535.0,0.0,0.0,
2022-02-01,81.37999725341797,81.37999725341797,74.01000213623047,76.0199966430664,8311.0,0.0,0.0,
2022-02-02,76.30000305175781,77.23999786376953,74.5,76.5199966430664,5397.0,0.0,0.0,
2022-02-03,74.30000305175781,77.30000305175781,74.30000305175781,76.30000305175781,9087.0,0.0,0.0,
2022-02-04,77.30000305175781,77.83000183105469,74.69999694824219,75.77999877929688,3312.0,0.0,0.0,
2022-02-07,79.80000305175781,79.80000305175781,74.29000091552734,74.77999877929688,9054.0,0.0,0.0,
2022-02-08,76.1500015258789,76.1500015258789,74.19999694824219,74.77999877929688,2447.0,0.0,0.0,
2022-02-09,75.4000015258789,75.69000244140625,74.77999877929688,75.3499984741211,3665.0,0.0,0.0,
2022-02-10,75.3499984741211,75.93000030517578,74.7699966430664,75.91999816894531,12750.0,0.0,0.0,
2022-02-11,76.25,76.2699966430664,74.4000015258789,74.83999633789062,7772.0,0.0,0.0,
2022-02-15,76.94000244140625,76.94000244140625,72.81999969482422,75.16999816894531,7400.0,0.0,0.0,
2022-02-16,78.55000305175781,78.55000305175781,74.75,75.11000061035156,4561.0,0.0,0.0,
2022-02-17,75.5,75.9000015258789,73.80000305175781,75.4800033569336,12354.0,0.0,0.0,
2022-02-18,75.9000015258789,75.9000015258789,74.61000061035156,75.05000305175781,2286.0,0.0,0.0,
2022-02-21,73.55000305175781,75.47000122070312,73.55000305175781,74.5999984741211,4028.0,0.0,0.0,
2022-02-22,75.0,75.0,72.30000305175781,73.93000030517578,15412.0,0.0,0.0,
2022-02-23,75.9800033569336,75.9800033569336,74.05000305175781,74.30000305175781,1472.0,0.0,0.0,
2022-02-24,74.30000305175781,74.75,71.55000305175781,72.22000122070312,28848.0,0.0,0.0,
2022-02-25,75.0,75.0,72.44999694824219,73.25,13194.0,0.0,0.0,
2022-02-28,73.25,73.9000015258789,71.72000122070312,73.12999725341797,6467.0,0.0,0.0,
2022-03-02,76.94000244140625,76.94000244140625,72.02999877929688,72.56999969482422,6885.0,0.0,0.0,
2022-03-03,73.9000015258789,73.9000015258789,71.54000091552734,71.6500015258789,26113.0,0.0,0.0,
2022-03-04,72.80000305175781,72.80000305175781,69.25,69.75,25324.0,0.0,0.0,
2022-03-07,72.5,72.5,67.69999694824219,70.4800033569336,23382.0,0.0,0.0,
2022-03-08,70.4800033569336,70.80000305175781,67.19999694824219,68.44999694824219,29158.0,0.0,0.0,
2022-03-09,69.5999984741211,70.30000305175781,68.5,70.08999633789062,4046.0,0.0,0.0,
2022-03-10,74.93000030517578,74.93000030517578,70.30000305175781,71.63999938964844,20955.0,0.0,0.0,
2022-03-11,72.0,72.4000015258789,71.08999633789062,71.62000274658203,6724.0,0.0,0.0,
2022-03-14,73.0,73.94000244140625,71.0,72.05000305175781,4644.0,0.0,0.0,
2022-03-15,72.45999908447266,72.91999816894531,70.33000183105469,72.27999877929688,6359.0,0.0,0.0,
2022-03-16,73.5,73.5,71.80999755859375,73.13999938964844,4127.0,0.0,0.0,
2022-03-17,74.91999816894531,74.9800033569336,73.5,74.58999633789062,22583.0,0.0,0.0,
2022-03-21,74.87999725341797,75.01000213623047,73.76000213623047,73.8499984741211,11899.0,0.0,0.0,
2022-03-22,74.4000015258789,78.0,70.9000015258789,73.47000122070312,129477.0,0.0,0.0,
2022-03-23,75.0,75.0,73.0,73.06999969482422,29651.0,0.0,0.0,
2022-03-24,73.94000244140625,73.94000244140625,72.87999725341797,72.9800033569336,11190.0,0.0,0.0,
2022-03-25,72.8499984741211,73.80000305175781,72.41999816894531,72.56999969482422,5520.0,0.0,0.0,
2022-03-28,77.0,77.0,71.05999755859375,73.11000061035156,10178.0,0.0,0.0,
2022-03-29,75.91999816894531,75.91999816894531,71.5999984741211,73.77999877929688,179572.0,0.0,0.0,
2022-03-30,74.4000015258789,74.4000015258789,73.58000183105469,73.86000061035156,32846.0,0.0,0.0,
2022-03-31,75.9800033569336,75.9800033569336,72.5999984741211,73.97000122070312,30046.0,0.0,0.0,
2022-04-01,73.5,74.80000305175781,72.5999984741211,74.55999755859375,20839.0,0.0,0.0,
2022-04-04,76.05999755859375,76.05999755859375,74.0999984741211,75.73999786376953,10217.0,0.0,0.0,
2022-04-05,75.5199966430664,76.7300033569336,75.37000274658203,76.44999694824219,10903.0,0.0,0.0,
2022-04-06,76.44999694824219,76.79000091552734,76.02999877929688,76.58999633789062,5470.0,0.0,0.0,
2022-04-07,76.5199966430664,76.94999694824219,76.0,76.19999694824219,13797.0,0.0,0.0,
2022-04-08,76.19999694824219,77.61000061035156,75.83000183105469,77.3499984741211,8217.0,0.0,0.0,
2022-04-11,78.19999694824219,78.4000015258789,74.5,77.27999877929688,60792.0,0.0,0.0,
2022-04-12,77.98999786376953,77.98999786376953,76.01000213623047,76.48999786376953,5295.0,0.0,0.0,
2022-04-13,77.2699966430664,77.2699966430664,76.25,76.3499984741211,8323.0,0.0,0.0,
2022-04-18,77.25,77.25,74.20999908447266,76.45999908447266,10354.0,0.0,0.0,
2022-04-19,75.22000122070312,77.0,74.75,75.55000305175781,40324.0,0.0,0.0,
2022-04-20,76.94999694824219,76.94999694824219,75.5999984741211,76.08000183105469,2718.0,0.0,0.0,
2022-04-21,76.5999984741211,77.0999984741211,75.01000213623047,77.01000213623047,13597.0,0.0,0.0,
2022-04-22,77.02999877929688,77.02999877929688,76.52999877929688,76.94999694824219,2557.0,0.0,0.0,
2022-04-25,76.0,76.87999725341797,75.0,75.9000015258789,11714.0,0.0,0.0,
2022-04-26,75.04000091552734,77.0,75.04000091552734,76.86000061035156,7589.0,0.0,0.0,
2022-04-27,75.61000061035156,76.80000305175781,75.61000061035156,76.54000091552734,3818.0,0.0,0.0,
2022-04-28,77.02999877929688,77.79000091552734,76.70999908447266,77.43000030517578,27254.0,0.0,0.0,
2022-04-29,77.87000274658203,79.0,76.75,77.30999755859375,15951.0,0.0,0.0,
2022-05-04,78.77999877929688,78.77999877929688,74.04000091552734,74.7300033569336,15458.0,0.0,0.0,
2022-05-05,76.47000122070312,76.47000122070312,73.80000305175781,74.4000015258789,14859.0,0.0,0.0,
2022-05-06,74.94000244140625,74.94000244140625,73.08999633789062,73.2699966430664,14975.0,0.0,0.0,
2022-05-09,73.0999984741211,74.87999725341797,71.55999755859375,72.22000122070312,8963.0,0.0,0.0,
2022-05-10,72.04000091552734,73.58999633789062,72.04000091552734,72.18000030517578,2083.0,0.0,0.0,
2022-05-11,72.18000030517578,72.56999969482422,70.69999694824219,71.36000061035156,12512.0,0.0,0.0,
2022-05-12,73.48999786376953,73.48999786376953,69.52999877929688,70.44999694824219,18298.0,0.0,0.0,
2022-05-13,73.48999786376953,73.48999786376953,70.37999725341797,71.19000244140625,10289.0,0.0,0.0,
2022-05-16,77.5999984741211,78.69999694824219,71.0,71.54000091552734,5765.0,0.0,0.0,
2022-05-17,73.8499984741211,73.8499984741211,70.06999969482422,73.05999755859375,10533.0,0.0,0.0,
2022-05-18,73.2699966430664,73.88999938964844,73.2300033569336,73.41999816894531,5908.0,0.0,0.0,
2022-05-19,72.80000305175781,73.38999938964844,71.91000366210938,72.12999725341797,19075.0,0.0,0.0,
2022-05-20,72.1500015258789,74.43000030517578,72.1500015258789,73.6500015258789,2627.0,0.0,0.0,
2022-05-23,73.70999908447266,74.52999877929688,72.19999694824219,74.19999694824219,9872.0,0.0,0.0,
2022-05-24,75.47000122070312,75.47000122070312,73.01000213623047,73.30999755859375,3482.0,0.0,0.0,
2022-05-25,74.93000030517578,74.93000030517578,72.0999984741211,72.4000015258789,5620.0,0.0,0.0,
2022-05-26,71.20999908447266,75.95999908447266,71.20999908447266,72.33000183105469,10712.0,0.0,0.0,
2022-05-27,73.0,74.93000030517578,72.48999786376953,73.3499984741211,8205.0,0.0,0.0,
2022-05-30,75.0,75.41999816894531,73.2300033569336,74.76000213623047,10313.0,0.0,0.0,
2022-05-31,74.69000244140625,75.52999877929688,74.0,74.88999938964844,5479.0,0.0,0.0,
2022-06-01,73.4000015258789,76.0,73.4000015258789,74.58999633789062,4399.0,0.0,0.0,
2022-06-02,75.68000030517578,75.68000030517578,73.73999786376953,74.58999633789062,11468.0,0.0,0.0,
2022-06-03,74.58999633789062,75.25,73.58000183105469,73.80999755859375,2445.0,0.0,0.0,
2022-06-06,74.97000122070312,74.97000122070312,72.19999694824219,73.58000183105469,10060.0,0.0,0.0,
2022-06-07,81.30000305175781,81.30000305175781,72.01000213623047,72.80999755859375,10101.0,0.0,0.0,
2022-06-08,74.93000030517578,74.93000030517578,71.5999984741211,72.33000183105469,4459.0,0.0,0.0,
2022-06-09,72.69999694824219,72.98999786376953,71.80000305175781,72.87000274658203,13432.0,0.0,0.0,
2022-06-10,72.9000015258789,72.9000015258789,72.0,72.41000366210938,3335.0,0.0,0.0,
2022-06-13,71.0,72.47000122070312,71.0,71.66999816894531,7435.0,0.0,0.0,
2022-06-14,71.66999816894531,72.43000030517578,71.4000015258789,71.5999984741211,3249.0,0.0,0.0,
2022-06-15,81.0999984741211,81.0999984741211,71.02999877929688,71.69000244140625,4875.0,0.0,0.0,
2022-06-16,71.5,72.44999694824219,70.5999984741211,70.9000015258789,22449.0,0.0,0.0,
2022-06-17,71.7699966430664,71.7699966430664,69.3499984741211,69.61000061035156,10043.0,0.0,0.0,
2022-06-20,71.86000061035156,71.86000061035156,68.70999908447266,70.20999908447266,9725.0,0.0,0.0,
2022-06-21,71.86000061035156,71.86000061035156,69.55999755859375,71.38999938964844,12029.0,0.0,0.0,
2022-06-22,71.5,71.70999908447266,70.06999969482422,70.7699966430664,4169.0,0.0,0.0,
2022-06-23,72.63999938964844,72.63999938964844,70.9000015258789,71.91000366210938,16078.0,0.0,0.0,
2022-06-24,72.0,73.13999938964844,70.33000183105469,73.0199966430664,7408.0,0.0,0.0,
2022-06-27,73.04000091552734,74.48999786376953,73.04000091552734,73.44000244140625,33261.0,0.0,0.0,
2022-06-28,75.47000122070312,75.47000122070312,72.25,73.5199966430664,3786.0,0.0,0.0,
2022-06-29,73.94000244140625,73.94000244140625,72.5999984741211,73.41999816894531,2562.0,0.0,0.0,
2022-06-30,74.91000366210938,74.91000366210938,72.62999725341797,73.6500015258789,9462.0,0.0,0.0,
2022-07-01,75.88999938964844,75.88999938964844,72.54000091552734,74.12000274658203,10647.0,0.0,0.0,
2022-07-04,73.98999786376953,75.11000061035156,73.04000091552734,74.83000183105469,8346.0,0.0,0.0,
2022-07-05,74.83000183105469,75.5,74.80000305175781,74.91999816894531,9098.0,0.0,0.0,
2022-07-06,75.87999725341797,77.16999816894531,75.0,76.97000122070312,30931.0,0.0,0.0,
2022-07-07,77.16999816894531,77.9800033569336,75.56999969482422,77.20999908447266,20109.0,0.0,0.0,
2022-07-08,78.4800033569336,78.4800033569336,77.20999908447266,77.7699966430664,8596.0,0.0,0.0,
2022-07-11,78.7699966430664,78.7699966430664,76.11000061035156,78.04000091552734,10611.0,0.0,0.0,
2022-07-12,78.7699966430664,78.7699966430664,77.16000366210938,77.4800033569336,4497.0,0.0,0.0,
2022-07-13,78.88999938964844,78.88999938964844,76.55000305175781,77.56999969482422,3832.0,0.0,0.0,
2022-07-14,78.4800033569336,78.4800033569336,76.91000366210938,77.66999816894531,13916.0,0.0,0.0,
2022-07-15,78.91000366210938,78.95999908447266,77.66999816894531,78.86000061035156,13997.0,0.0,0.0,
2022-07-18,78.86000061035156,79.5,77.25,79.45999908447266,15802.0,0.0,0.0,
2022-07-19,78.66999816894531,79.95999908447266,77.83000183105469,79.66000366210938,17963.0,0.0,0.0,
2022-07-20,78.41000366210938,80.43000030517578,78.41000366210938,80.13999938964844,24371.0,0.0,0.0,
2022-07-21,80.0,81.13999938964844,79.06999969482422,80.66000366210938,45243.0,0.0,0.0,
2022-07-22,81.44000244140625,81.8499984741211,80.01000213623047,81.13999938964844,13194.0,0.0,0.0,
2022-07-25,81.0,81.5999984741211,80.48999786376953,80.86000061035156,10932.0,0.0,0.0,
2022-07-26,80.05000305175781,82.4000015258789,79.5999984741211,79.95999908447266,13143.0,0.0,0.0,
2022-07-27,80.0,80.5199966430664,79.0199966430664,80.33999633789062,6522.0,0.0,0.0,
2022-07-28,80.3499984741211,81.58000183105469,79.20999908447266,80.80999755859375,49495.0,0.0,0.0,
2022-07-29,81.52999877929688,82.23999786376953,80.5999984741211,81.95999908447266,23091.0,0.0,0.0,
2022-08-01,81.8499984741211,83.25,81.8499984741211,82.95999908447266,61325.0,0.0,0.0,
2022-08-02,81.05000305175781,83.91000366210938,81.05000305175781,83.55999755859375,24371.0,0.0,0.0,
2022-08-03,83.6500015258789,84.33999633789062,82.6500015258789,83.5199966430664,39841.0,0.0,0.0,
2022-08-04,84.33999633789062,84.81999969482422,82.04000091552734,83.94000244140625,26727.0,0.0,0.0,
2022-08-05,84.37999725341797,84.37999725341797,82.05000305175781,83.91999816894531,22609.0,0.0,0.0,
2022-08-08,84.91999816894531,84.91999816894531,83.75,84.19000244140625,19702.0,0.0,0.0,
2022-08-10,85.44000244140625,99.3000030517578,82.55999755859375,83.91999816894531,12706.0,0.0,0.0,
2022-08-11,85.44000244140625,85.44000244140625,83.55999755859375,83.87999725341797,16187.0,0.0,0.0,
2022-08-12,85.2699966430664,85.2699966430664,83.56999969482422,83.87000274658203,10124.0,0.0,0.0,
2022-08-16,83.87000274658203,85.4800033569336,83.04000091552734,84.87000274658203,52489.0,0.0,0.0,
2022-08-17,84.87000274658203,85.7699966430664,84.0199966430664,85.51000213623047,17737.0,0.0,0.0,
2022-08-18,86.83999633789062,86.83999633789062,85.44999694824219,86.16000366210938,26026.0,0.0,0.0,
2022-08-19,86.0,86.83999633789062,84.61000061035156,85.05999755859375,24265.0,0.0,0.0,
2022-08-22,86.37000274658203,86.37000274658203,83.75,84.16999816894531,13359.0,0.0,0.0,
2022-08-23,84.19999694824219,85.48999786376953,83.11000061035156,84.83000183105469,9784.0,0.0,0.0,
2022-08-24,85.1500015258789,85.9800033569336,83.66000366210938,84.81999969482422,11869.0,0.0,0.0,
2022-08-25,84.0199966430664,85.63999938964844,84.0199966430664,84.69000244140625,18295.0,0.0,0.0,
2022-08-26,84.69999694824219,86.44999694824219,83.30999755859375,84.75,5302.0,0.0,0.0,
2022-08-29,80.20999908447266,85.31999969482422,80.20999908447266,85.22000122070312,16444.0,0.0,0.0,
2022-08-30,84.11000061035156,86.98999786376953,84.11000061035156,86.87000274658203,14317.0,0.0,0.0,
2022-09-01,87.38999938964844,98.5999984741211,86.16000366210938,86.7699966430664,32586.0,0.0,0.0,
2022-09-02,86.0,88.31999969482422,86.0,86.63999938964844,12008.0,0.0,0.0,
2022-09-05,87.83999633789062,87.9800033569336,86.02999877929688,86.69999694824219,23636.0,0.0,0.0,
2022-09-06,88.4800033569336,88.4800033569336,86.51000213623047,86.83999633789062,8681.0,0.0,0.0,
2022-09-07,88.29000091552734,88.4800033569336,86.11000061035156,86.5199966430664,28995.0,0.0,0.0,
2022-09-08,87.9800033569336,87.9800033569336,86.16000366210938,86.66999816894531,24970.0,0.0,0.0,
2022-09-09,88.47000122070312,88.47000122070312,86.37999725341797,87.0,12131.0,0.0,0.0,
2022-09-12,88.43000030517578,88.43000030517578,86.51000213623047,87.41999816894531,11799.0,0.0,0.0,
2022-09-13,88.4800033569336,88.4800033569336,87.36000061035156,87.73999786376953,13239.0,0.0,0.0,
2022-09-14,87.73999786376953,88.06999969482422,87.0,87.68000030517578,14863.0,0.0,0.0,
2022-09-15,87.5,88.29000091552734,87.01000213623047,87.48999786376953,29615.0,0.0,0.0,
2022-09-16,87.76000213623047,87.86000061035156,85.5,86.08000183105469,45973.0,0.0,0.0,
2022-09-19,86.0,86.80000305175781,85.19999694824219,86.55999755859375,12057.0,0.0,0.0,
2022-09-20,87.30000305175781,88.7699966430664,86.0,87.5,26175.0,0.0,0.0,
2022-09-21,88.16000366210938,88.7699966430664,86.51000213623047,87.54000091552734,24729.0,0.0,0.0,
2022-09-22,87.5,88.72000122070312,87.31999969482422,88.43000030517578,22487.0,0.0,0.0,
2022-09-23,89.05000305175781,89.4800033569336,87.31999969482422,87.43000030517578,21494.0,0.0,0.0,
2022-09-26,87.31999969482422,87.31999969482422,85.0999984741211,85.6500015258789,32317.0,0.0,0.0,
2022-09-27,86.9800033569336,86.9800033569336,85.0199966430664,85.4800033569336,12015.0,0.0,0.0,
2022-09-28,86.2699966430664,86.2699966430664,84.02999877929688,85.69999694824219,14719.0,0.0,0.0,
2022-09-29,85.05999755859375,87.83999633789062,84.5,85.13999938964844,22136.0,0.0,0.0,
2022-09-30,85.01000213623047,86.66999816894531,84.4000015258789,86.19999694824219,5813.0,0.0,0.0,
2022-10-03,87.16000366210938,87.16000366210938,84.0199966430664,84.33000183105469,20027.0,0.0,0.0,
2022-10-04,86.4800033569336,86.4800033569336,84.38999938964844,85.73999786376953,6104.0,0.0,0.0,
2022-10-06,88.87999725341797,88.87999725341797,85.51000213623047,85.76000213623047,25647.0,0.0,0.0,
2022-10-07,87.83000183105469,87.83000183105469,85.02999877929688,85.7699966430664,8836.0,0.0,0.0,
2022-10-10,85.76000213623047,85.7699966430664,84.0199966430664,84.7300033569336,14988.0,0.0,0.0,
2022-10-11,85.3499984741211,85.3499984741211,83.30999755859375,83.56999969482422,22208.0,0.0,0.0,
2022-10-12,85.3499984741211,85.3499984741211,82.81999969482422,83.94999694824219,10191.0,0.0,0.0,
2022-10-13,90.58999633789062,90.58999633789062,83.3499984741211,83.5,18138.0,0.0,0.0,
2022-10-14,84.02999877929688,86.95999908447266,83.29000091552734,83.37000274658203,5449.0,0.0,0.0,
2022-10-17,84.91000366210938,84.91000366210938,82.75,83.51000213623047,38768.0,0.0,0.0,
2022-10-18,83.61000061035156,85.48999786376953,83.04000091552734,84.63999938964844,10097.0,0.0,0.0,
2022-10-19,84.73999786376953,85.20999908447266,84.41000366210938,84.69000244140625,7658.0,0.0,0.0,
2022-10-20,84.83000183105469,85.37000274658203,84.1500015258789,84.81999969482422,19940.0,0.0,0.0,
2022-10-21,85.56999969482422,85.56999969482422,84.5,84.97000122070312,9915.0,0.0,0.0,
2022-10-24,86.12999725341797,86.4000015258789,85.12999725341797,86.08000183105469,10177.0,0.0,0.0,
2022-10-25,86.98999786376953,87.19000244140625,84.69999694824219,84.86000061035156,17925.0,0.0,0.0,
2022-10-27,87.87000274658203,87.87000274658203,84.91000366210938,85.55999755859375,20189.0,0.0,0.0,
2022-10-28,86.55000305175781,86.55000305175781,85.31999969482422,85.73999786376953,9471.0,0.0,0.0,
2022-10-31,86.86000061035156,86.86000061035156,85.80999755859375,86.7699966430664,12199.0,0.0,0.0,
2022-11-01,87.16999816894531,87.43000030517578,86.75,87.08000183105469,15786.0,0.0,0.0,
2022-11-02,87.43000030517578,87.9000015258789,86.33000183105469,86.51000213623047,16279.0,0.0,0.0,
2022-11-03,86.8499984741211,86.8499984741211,86.1500015258789,86.58999633789062,21714.0,0.0,0.0,
2022-11-04,88.0,88.0,86.0999984741211,86.55000305175781,15726.0,0.0,0.0,
2022-11-07,86.7300033569336,86.75,85.56999969482422,86.68000030517578,14234.0,0.0,0.0,
2022-11-09,87.26000213623047,87.26000213623047,86.19999694824219,86.26000213623047,14531.0,0.0,0.0,
2022-11-10,86.55000305175781,86.7300033569336,85.41000366210938,85.69000244140625,20637.0,0.0,0.0,
2022-11-11,86.41000366210938,86.41999816894531,85.0,85.68000030517578,27560.0,0.0,0.0,
2022-11-14,87.18000030517578,87.18000030517578,85.12000274658203,85.31999969482422,25531.0,0.0,0.0,
2022-11-15,85.5,86.05000305175781,84.70999908447266,85.48999786376953,18699.0,0.0,0.0,
2022-11-16,86.05000305175781,86.05999755859375,85.0,85.3499984741211,11567.0,0.0,0.0,
2022-11-17,85.30000305175781,85.83999633789062,84.44000244140625,84.62000274658203,24344.0,0.0,0.0,
2022-11-18,86.05999755859375,86.9000015258789,83.69999694824219,84.22000122070312,25994.0,0.0,0.0,
2022-11-21,84.58000183105469,84.58999633789062,83.5999984741211,83.87999725341797,14880.0,0.0,0.0,
2022-11-22,84.0199966430664,84.3499984741211,83.69000244140625,83.97000122070312,12467.0,0.0,0.0,
2022-11-23,84.58000183105469,84.58999633789062,83.8499984741211,84.1500015258789,3560.0,0.0,0.0,
2022-11-24,83.91000366210938,84.76000213623047,83.91000366210938,84.56999969482422,21113.0,0.0,0.0,
2022-11-25,84.44999694824219,85.01000213623047,84.11000061035156,84.4000015258789,13592.0,0.0,0.0,
2022-11-28,83.26000213623047,85.87999725341797,83.26000213623047,84.6500015258789,13944.0,0.0,0.0,
2022-11-29,85.0199966430664,85.45999908447266,84.86000061035156,85.44999694824219,11923.0,0.0,0.0,
2022-11-30,85.87000274658203,86.72000122070312,85.3499984741211,86.2699966430664,19796.0,0.0,0.0,
2022-12-01,86.01000213623047,86.7300033569336,86.01000213623047,86.27999877929688,22559.0,0.0,0.0,
2022-12-02,86.7300033569336,86.7300033569336,85.16000366210938,85.62000274658203,37563.0,0.0,0.0,
2022-12-05,86.73999786376953,86.73999786376953,85.0,85.5199966430664,15355.0,0.0,0.0,
2022-12-06,87.77999877929688,87.77999877929688,85.11000061035156,85.51000213623047,9107.0,0.0,0.0,
2022-12-07,85.61000061035156,85.87000274658203,85.16000366210938,85.6500015258789,5979.0,0.0,0.0,
2022-12-08,85.87000274658203,86.0,85.36000061035156,85.55000305175781,18850.0,0.0,0.0,
2022-12-09,85.91000366210938,85.91000366210938,85.11000061035156,85.45999908447266,9211.0,0.0,0.0,
2022-12-12,85.0,85.87999725341797,84.88999938964844,85.62000274658203,10471.0,0.0,0.0,
2022-12-13,85.87999725341797,85.87999725341797,85.1500015258789,85.68000030517578,6802.0,0.0,0.0,
2022-12-14,85.1500015258789,85.87999725341797,85.05999755859375,85.6500015258789,6656.0,0.0,0.0,
2022-12-15,85.87000274658203,85.87000274658203,84.68000030517578,85.0,34368.0,0.0,0.0,
2022-12-16,85.44000244140625,85.44000244140625,83.8499984741211,83.93000030517578,34246.0,0.0,0.0,
2022-12-19,83.94000244140625,85.0199966430664,83.94000244140625,84.91999816894531,8278.0,0.0,0.0,
2022-12-20,85.0199966430664,85.0199966430664,83.8499984741211,84.48999786376953,14465.0,0.0,0.0,
2022-12-21,84.61000061035156,85.02999877929688,83.63999938964844,83.80000305175781,15087.0,0.0,0.0,
2022-12-22,84.23999786376953,84.23999786376953,83.05999755859375,83.0999984741211,30615.0,0.0,0.0,
2022-12-23,83.11000061035156,84.48999786376953,81.30000305175781,81.54000091552734,45243.0,0.0,0.0,
2022-12-26,83.19999694824219,83.19999694824219,81.55000305175781,82.4800033569336,10439.0,0.0,0.0,
2022-12-27,83.22000122070312,83.22000122070312,82.30000305175781,82.7699966430664,10206.0,0.0,0.0,
2022-12-28,82.76000213623047,83.33000183105469,82.69000244140625,83.04000091552734,6334.0,0.0,0.0,
2022-12-29,83.0,83.5,82.30000305175781,83.08999633789062,23490.0,0.0,0.0,
2022-12-30,83.9800033569336,83.9800033569336,82.20999908447266,82.62999725341797,15694.0,0.0,0.0,
2023-01-02,83.23999786376953,83.23999786376953,82.26000213623047,82.37000274658203,9061.0,0.0,0.0,
2023-01-03,81.5,83.77999877929688,81.5,82.52999877929688,10117.0,0.0,0.0,
2023-01-04,83.38999938964844,83.38999938964844,81.61000061035156,81.83999633789062,22970.0,0.0,0.0,
2023-01-05,82.2699966430664,82.58999633789062,81.79000091552734,82.44000244140625,26710.0,0.0,0.0,
2023-01-06,82.9800033569336,82.9800033569336,81.02999877929688,82.02999877929688,27628.0,0.0,0.0,
2023-01-09,82.48999786376953,82.88999938964844,82.20999908447266,82.76000213623047,20601.0,0.0,0.0,
2023-01-10,82.97000122070312,82.97000122070312,81.69000244140625,82.23999786376953,10078.0,0.0,0.0,
2023-01-11,82.97000122070312,82.97000122070312,81.19000244140625,81.30999755859375,22032.0,0.0,0.0,
2023-01-12,82.33999633789062,82.33999633789062,80.87999725341797,81.33000183105469,30115.0,0.0,0.0,
2023-01-13,81.01000213623047,82.23999786376953,80.9000015258789,81.54000091552734,11237.0,0.0,0.0,
2023-01-16,81.51000213623047,82.30000305175781,80.9000015258789,81.1500015258789,31938.0,0.0,0.0,
2023-01-17,81.19999694824219,82.33999633789062,81.1500015258789,81.5199966430664,11675.0,0.0,0.0,
2023-01-18,81.58999633789062,82.19000244140625,81.58999633789062,81.95999908447266,7559.0,0.0,0.0,
2023-01-19,82.33999633789062,82.33999633789062,81.19999694824219,81.38999938964844,24753.0,0.0,0.0,
2023-01-20,81.95999908447266,81.95999908447266,80.47000122070312,80.61000061035156,30615.0,0.0,0.0,
2023-01-23,80.70999908447266,81.88999938964844,80.62000274658203,81.1500015258789,21122.0,0.0,0.0,
2023-01-24,81.16000366210938,81.48999786376953,81.01000213623047,81.38999938964844,12482.0,0.0,0.0,
2023-01-25,82.13999938964844,82.13999938964844,80.37000274658203,80.91000366210938,37039.0,0.0,0.0,
2023-01-27,81.83999633789062,81.83999633789062,79.51000213623047,80.25,46349.0,0.0,0.0,
2023-01-30,79.31999969482422,82.13999938964844,79.01000213623047,80.56999969482422,37467.0,0.0,0.0,
2023-01-31,81.08999633789062,81.08999633789062,79.19000244140625,80.23999786376953,20836.0,0.0,0.0,
2023-02-01,81.8499984741211,81.8499984741211,79.25,80.13999938964844,34368.0,0.0,0.0,
2023-02-02,81.18000030517578,81.19999694824219,80.11000061035156,80.69000244140625,29962.0,0.0,0.0,
2023-02-03,80.69999694824219,81.79000091552734,80.12000274658203,81.05999755859375,22141.0,0.0,0.0,
2023-02-06,81.58000183105469,81.58000183105469,80.30999755859375,80.80999755859375,17246.0,0.0,0.0,
2023-02-07,80.94999694824219,81.38999938964844,80.4000015258789,80.63999938964844,9180.0,0.0,0.0,
2023-02-08,80.6500015258789,80.98999786376953,80.19000244140625,80.48999786376953,12713.0,0.0,0.0,
2023-02-09,81.08999633789062,81.08999633789062,80.11000061035156,80.43000030517578,32738.0,0.0,0.0,
2023-02-10,81.08999633789062,81.08999633789062,80.0,80.19000244140625,10221.0,0.0,0.0,
2023-02-13,80.88999938964844,80.9000015258789,79.61000061035156,80.1500015258789,9127.0,0.0,0.0,
2023-02-14,80.69000244140625,80.87000274658203,80.01000213623047,80.58000183105469,14099.0,0.0,0.0,
2023-02-15,80.88999938964844,80.88999938964844,79.9000015258789,80.18000030517578,13710.0,0.0,0.0,
2023-02-16,80.70999908447266,81.41000366210938,80.70999908447266,80.80000305175781,21735.0,0.0,0.0,
2023-02-17,81.87999725341797,81.87999725341797,79.91000366210938,80.73999786376953,16616.0,0.0,0.0,
2023-02-20,81.48999786376953,81.48999786376953,79.8499984741211,80.12000274658203,13526.0,0.0,0.0,
2023-02-21,80.12000274658203,80.75,79.9800033569336,79.98999786376953,10137.0,0.0,0.0,
2023-02-22,80.01000213623047,80.01000213623047,79.16000366210938,79.62000274658203,14173.0,0.0,0.0,
2023-02-23,79.62000274658203,80.56999969482422,78.81999969482422,79.05000305175781,39595.0,0.0,0.0,
2023-02-24,79.05999755859375,79.58999633789062,78.58999633789062,78.66000366210938,19486.0,0.0,0.0,
2023-02-27,78.66000366210938,78.66000366210938,77.30000305175781,78.08999633789062,28253.0,0.0,0.0,
2023-02-28,77.91999816894531,78.69000244140625,77.77999877929688,77.98999786376953,9250.0,0.0,0.0,
2023-03-01,79.88999938964844,79.88999938964844,77.3499984741211,78.48999786376953,12048.0,0.0,0.0,
2023-03-02,78.48999786376953,78.48999786376953,77.9000015258789,77.97000122070312,46318.0,0.0,0.0,
2023-03-03,80.0,80.0,78.0,78.55000305175781,16449.0,0.0,0.0,
2023-03-06,79.08999633789062,79.0999984741211,78.55999755859375,79.0,13815.0,0.0,0.0,
2023-03-08,79.01000213623047,79.5999984741211,78.19999694824219,78.9800033569336,11313.0,0.0,0.0,
2023-03-09,79.38999938964844,79.47000122070312,78.56999969482422,78.69000244140625,25092.0,0.0,0.0,
2023-03-10,78.6500015258789,79.0999984741211,78.3499984741211,78.7699966430664,9841.0,0.0,0.0,
2023-03-13,79.88999938964844,79.88999938964844,77.55000305175781,77.79000091552734,16086.0,0.0,0.0,
2023-03-14,77.98999786376953,78.11000061035156,77.04000091552734,77.36000061035156,22997.0,0.0,0.0,
2023-03-15,77.36000061035156,78.88999938964844,77.0,77.12000274658203,23893.0,0.0,0.0,
2023-03-16,77.12000274658203,78.16000366210938,76.97000122070312,78.0199966430664,409273.0,0.0,0.0,
2023-03-17,78.72000122070312,78.9000015258789,77.45999908447266,77.91999816894531,35826.0,0.0,0.0,
2023-03-20,78.88999938964844,78.88999938964844,77.0199966430664,78.0999984741211,511179.0,0.0,0.0,
2023-03-21,78.11000061035156,78.79000091552734,77.5999984741211,77.79000091552734,15483.0,0.0,0.0,
2023-03-22,77.81999969482422,78.77999877929688,77.80000305175781,78.0,9113.0,0.0,0.0,
2023-03-23,77.94000244140625,78.31999969482422,77.62999725341797,77.95999908447266,11327.0,0.0,0.0,
2023-03-24,79.77999877929688,79.77999877929688,77.73999786376953,77.81999969482422,30316.0,0.0,0.0,
2023-03-27,78.77999877929688,78.77999877929688,77.5,77.6500015258789,9769.0,0.0,0.0,
2023-03-28,77.91000366210938,77.91000366210938,77.01000213623047,77.11000061035156,20145.0,0.0,0.0,
2023-03-29,77.01000213623047,77.63999938964844,76.52999877929688,77.27999877929688,14666.0,0.0,0.0,
2023-03-31,77.30999755859375,78.69000244140625,76.55999755859375,78.25,23024.0,0.0,0.0,
2023-04-03,78.94000244140625,78.94000244140625,78.19999694824219,78.47000122070312,11147.0,0.0,0.0,
2023-04-05,79.87999725341797,79.87999725341797,78.4800033569336,78.97000122070312,18501.0,0.0,0.0,
2023-04-06,78.95999908447266,79.3499984741211,78.5199966430664,79.06999969482422,10045.0,0.0,0.0,
2023-04-10,79.88999938964844,79.88999938964844,78.54000091552734,79.22000122070312,23351.0,0.0,0.0,
2023-04-11,79.48999786376953,79.80000305175781,79.2699966430664,79.6500015258789,26758.0,0.0,0.0,
2023-04-12,80.87999725341797,80.87999725341797,79.58000183105469,79.88999938964844,14268.0,0.0,0.0,
2023-04-13,80.66999816894531,80.66999816894531,79.5,80.0199966430664,33340.0,0.0,0.0,
2023-04-17,80.0199966430664,80.87999725341797,79.20999908447266,80.2699966430664,30134.0,0.0,0.0,
2023-04-18,82.69999694824219,82.69999694824219,80.16000366210938,80.45999908447266,17178.0,0.0,0.0,
2023-04-19,81.87999725341797,81.87999725341797,79.77999877929688,80.1500015258789,14021.0,0.0,0.0,
2023-04-20,80.48999786376953,80.48999786376953,79.7300033569336,80.11000061035156,10210.0,0.0,0.0,
2023-04-21,80.36000061035156,80.48999786376953,79.94000244140625,80.2300033569336,6502.0,0.0,0.0,
2023-04-24,80.79000091552734,80.79000091552734,80.01000213623047,80.4000015258789,8600.0,0.0,0.0,
2023-04-25,80.41000366210938,80.80000305175781,80.27999877929688,80.66999816894531,24248.0,0.0,0.0,
2023-04-26,80.87999725341797,80.97000122070312,80.61000061035156,80.9000015258789,10559.0,0.0,0.0,
2023-04-27,81.08999633789062,81.2699966430664,81.08999633789062,81.19999694824219,17915.0,0.0,0.0,
2023-04-28,81.2699966430664,82.33999633789062,81.01000213623047,82.08999633789062,44743.0,0.0,0.0,
2023-05-02,81.98999786376953,82.38999938964844,81.06999969482422,82.22000122070312,41572.0,0.0,0.0,
2023-05-03,82.12999725341797,82.5999984741211,81.87999725341797,82.2300033569336,15209.0,0.0,0.0,
2023-05-04,82.26000213623047,82.73999786376953,82.08000183105469,82.56999969482422,32129.0,0.0,0.0,
2023-05-05,82.58999633789062,83.19999694824219,82.58999633789062,82.94999694824219,57731.0,0.0,0.0,
2023-05-08,83.16000366210938,83.5999984741211,82.95999908447266,83.58000183105469,37567.0,0.0,0.0,
2023-05-09,84.37999725341797,84.37999725341797,83.23999786376953,83.58999633789062,25083.0,0.0,0.0,
2023-05-10,84.04000091552734,84.04000091552734,83.2699966430664,83.63999938964844,21201.0,0.0,0.0,
2023-05-11,83.5999984741211,84.30000305175781,83.47000122070312,84.18000030517578,46355.0,0.0,0.0,
2023-05-12,84.29000091552734,84.98999786376953,83.97000122070312,84.72000122070312,28832.0,0.0,0.0,
2023-05-15,84.98999786376953,85.4800033569336,84.80999755859375,85.23999786376953,43152.0,0.0,0.0,
2023-05-16,85.05999755859375,85.48999786376953,84.55999755859375,84.81999969482422,29074.0,0.0,0.0,
2023-05-17,85.05999755859375,85.05999755859375,84.11000061035156,84.45999908447266,13824.0,0.0,0.0,
2023-05-19,84.33000183105469,84.36000061035156,83.30999755859375,83.91999816894531,24523.0,0.0,0.0,
2023-05-22,83.94000244140625,84.6500015258789,83.30999755859375,84.44999694824219,21615.0,0.0,0.0,
2023-05-23,85.29000091552734,85.29000091552734,84.2300033569336,84.55999755859375,20544.0,0.0,0.0,
2023-05-24,85.23999786376953,85.23999786376953,84.43000030517578,84.79000091552734,38831.0,0.0,0.0,
2023-05-25,85.23999786376953,85.52999877929688,84.69000244140625,85.25,73841.0,0.0,0.0,
2023-05-26,85.51000213623047,85.94000244140625,85.16000366210938,85.80000305175781,27778.0,0.0,0.0,
2023-05-30,86.80000305175781,86.9000015258789,86.5,86.80000305175781,22220.0,0.0,0.0,
2023-05-31,86.9000015258789,87.44999694824219,86.5999984741211,87.04000091552734,32457.0,0.0,0.0,
2023-06-01,87.05000305175781,87.69000244140625,87.04000091552734,87.33999633789062,17594.0,0.0,0.0,
2023-06-02,87.48999786376953,88.2300033569336,87.3499984741211,88.11000061035156,31916.0,0.0,0.0,
2023-06-05,88.19000244140625,88.5,88.05000305175781,88.30999755859375,27427.0,0.0,0.0,
2023-06-06,88.30999755859375,88.55000305175781,87.87000274658203,88.16999816894531,20509.0,0.0,0.0,
2023-06-07,88.25,89.16000366210938,88.25,89.05000305175781,21256.0,0.0,0.0,
2023-06-08,89.30000305175781,89.3499984741211,88.23999786376953,88.45999908447266,24639.0,0.0,0.0,
2023-06-09,88.94000244140625,88.94000244140625,87.63999938964844,88.01000213623047,23028.0,0.0,0.0,
2023-06-12,89.5,89.5,87.51000213623047,88.33000183105469,27464.0,0.0,0.0,
2023-06-13,88.33000183105469,89.26000213623047,88.31999969482422,89.13999938964844,27225.0,0.0,0.0,
2023-06-14,89.98999786376953,89.98999786376953,88.9800033569336,89.31999969482422,16512.0,0.0,0.0,
2023-06-15,89.97000122070312,89.9800033569336,89.19999694824219,89.70999908447266,21384.0,0.0,0.0,
2023-06-16,90.9000015258789,90.9000015258789,89.66000366210938,90.19000244140624,23808.0,0.0,0.0,
2023-06-19,90.88999938964844,90.88999938964844,89.66999816894531,89.97000122070312,32416.0,0.0,0.0,
2023-06-20,90.0,90.0,89.16999816894531,89.91000366210938,25149.0,0.0,0.0,
2023-06-21,90.48999786376952,90.48999786376952,89.2300033569336,89.54000091552734,19389.0,0.0,0.0,
2023-06-22,89.91000366210938,89.91000366210938,89.12000274658203,89.16000366210938,21894.0,0.0,0.0,
2023-06-23,89.31999969482422,89.31999969482422,88.4000015258789,88.77999877929688,36286.0,0.0,0.0,
2023-06-26,91.4499969482422,91.4499969482422,88.70999908447266,89.6500015258789,12056.0,0.0,0.0,
2023-06-27,90.86000061035156,90.86000061035156,89.33999633789062,89.51000213623047,16532.0,0.0,0.0,
2023-06-28,89.75,90.23999786376952,89.69999694824219,90.1500015258789,12048.0,0.0,0.0,
2023-06-30,90.48999786376952,90.98999786376952,89.20999908447266,90.87999725341795,42307.0,0.0,0.0,
2023-07-07,92.88999938964844,93.0,91.69000244140624,92.02999877929688,39341.0,0.0,0.0,
2023-07-10,92.45999908447266,93.69000244140624,91.20999908447266,91.48999786376952,18784.0,0.0,0.0,
2023-07-14,92.4800033569336,92.6500015258789,91.66999816894533,92.44000244140624,14208.0,0.0,0.0,
2023-07-17,93.87999725341795,93.87999725341795,92.3000030517578,92.54000091552734,29757.0,0.0,0.0,
2023-07-19,95.1500015258789,95.1500015258789,91.83999633789062,92.51000213623048,60095.0,0.0,0.0,
2023-07-20,92.61000061035156,93.1999969482422,92.11000061035156,93.0500030517578,28393.0,0.0,0.0,
2023-07-21,93.0500030517578,93.0500030517578,92.5,92.54000091552734,14619.0,0.0,0.0,
2023-07-24,92.7699966430664,93.0,91.73999786376952,92.02999877929688,26020.0,0.0,0.0,
2023-07-26,92.9800033569336,92.98999786376952,91.97000122070312,92.13999938964844,17776.0,0.0,0.0,
2023-07-28,91.8000030517578,92.3000030517578,91.5999984741211,92.18000030517578,19541.0,0.0,0.0,
2023-08-03,91.88999938964844,91.88999938964844,90.3000030517578,90.62999725341795,35738.0,0.0,0.0,
2023-08-04,92.4499969482422,92.45999908447266,90.54000091552734,90.79000091552734,30619.0,0.0,0.0,
2023-08-07,92.4499969482422,92.4499969482422,90.76000213623048,91.16000366210938,86366.0,0.0,0.0,
2023-08-08,91.48999786376952,91.5,90.61000061035156,91.05999755859376,93387.0,0.0,0.0,
2023-08-09,91.98999786376952,91.98999786376952,90.54000091552734,91.30999755859376,33050.0,0.0,0.0,
2023-08-10,90.98999786376952,91.98999786376952,90.41999816894533,90.73999786376952,20469.0,0.0,0.0,
2023-08-11,91.0,91.0,90.33999633789062,90.51000213623048,35320.0,0.0,0.0,
2023-08-14,90.63999938964844,91.48999786376952,89.43000030517578,90.16999816894533,48694.0,0.0,0.0,
2023-08-16,90.19000244140624,90.62999725341795,89.52999877929688,90.52999877929688,74723.0,0.0,0.0,
2023-08-17,90.48999786376952,90.56999969482422,89.93000030517578,90.33999633789062,10107.0,0.0,0.0,
2023-08-18,93.0500030517578,93.0500030517578,89.66999816894531,90.33999633789062,89527.0,0.0,0.0,
2023-08-21,90.4000015258789,90.9000015258789,90.12999725341795,90.69000244140624,9235.0,0.0,0.0,
2023-08-22,90.8000030517578,91.3000030517578,90.8000030517578,91.18000030517578,10042.0,0.0,0.0,
2023-08-23,91.18000030517578,91.41999816894533,91.01000213623048,91.22000122070312,32964.0,0.0,0.0,
2023-08-24,91.48999786376952,91.56999969482422,91.1500015258789,91.29000091552734,11396.0,0.0,0.0,
2023-08-25,91.27999877929688,91.75,90.6999969482422,90.83000183105467,31224.0,0.0,0.0,
2023-08-28,91.73999786376952,91.73999786376952,90.51000213623048,90.77999877929688,14780.0,0.0,0.0,
2023-08-29,90.8000030517578,90.93000030517578,90.41999816894533,90.73999786376952,17707.0,0.0,0.0,
2023-08-30,91.48999786376952,91.48999786376952,91.04000091552734,91.4000015258789,18143.0,0.0,0.0,
2023-08-31,91.41000366210938,91.63999938964844,90.87999725341795,91.05999755859376,14067.0,0.0,0.0,
2023-09-01,91.6500015258789,91.6500015258789,91.0999984741211,91.58000183105467,15107.0,0.0,0.0,
2023-09-04,91.58000183105467,91.6999969482422,91.08000183105467,91.55999755859376,28141.0,0.0,0.0,
2023-09-05,91.73999786376952,92.22000122070312,91.55999755859376,91.9800033569336,34414.0,0.0,0.0,
2023-09-06,92.48999786376952,92.75,91.83999633789062,92.44000244140624,47155.0,0.0,0.0,
2023-09-07,92.8000030517578,92.8000030517578,92.1999969482422,92.54000091552734,18250.0,0.0,0.0,
2023-09-08,92.5999984741211,92.98999786376952,92.5999984741211,92.73999786376952,48321.0,0.0,0.0,
2023-09-11,92.86000061035156,93.7300033569336,92.8499984741211,93.5999984741211,79868.0,0.0,0.0,
2023-09-12,93.79000091552734,93.79000091552734,92.58000183105467,93.13999938964844,41003.0,0.0,0.0,
2023-09-13,93.77999877929688,93.77999877929688,92.6999969482422,93.25,19414.0,0.0,0.0,
2023-09-14,93.25,93.72000122070312,93.08000183105467,93.54000091552734,34864.0,0.0,0.0,
2023-09-15,93.77999877929688,93.93000030517578,93.2300033569336,93.81999969482422,45923.0,0.0,0.0,
2023-09-18,93.93000030517578,94.5,93.75,94.27999877929688,88186.0,0.0,0.0,
2023-09-20,94.6500015258789,94.6500015258789,93.4800033569336,93.73999786376952,30458.0,0.0,0.0,
2023-09-21,93.73999786376952,93.93000030517578,92.72000122070312,93.0199966430664,19985.0,0.0,0.0,
2023-09-22,93.91000366210938,93.91000366210938,93.01000213623048,93.38999938964844,9755.0,0.0,0.0,
2023-09-25,93.48999786376952,93.6500015258789,93.0999984741211,93.36000061035156,21640.0,0.0,0.0,
2023-09-26,93.37000274658205,93.8499984741211,93.1999969482422,93.37000274658205,16574.0,0.0,0.0,
2023-09-27,93.66999816894533,93.8000030517578,93.25,93.68000030517578,9395.0,0.0,0.0,
2023-09-28,93.69000244140624,94.0,92.3499984741211,92.5500030517578,21559.0,0.0,0.0,
2023-09-29,94.48999786376952,94.48999786376952,92.3000030517578,92.83999633789062,17139.0,0.0,0.0,
2023-10-03,93.38999938964844,93.48999786376952,92.3000030517578,92.5999984741211,15073.0,0.0,0.0,
2023-10-04,92.5999984741211,92.5999984741211,91.8000030517578,92.05999755859376,1338776.0,0.0,0.0,
2023-10-05,92.06999969482422,92.79000091552734,91.98999786376952,92.66000366210938,12641.0,0.0,0.0,
2023-10-06,92.91999816894533,93.16999816894533,92.70999908447266,92.9800033569336,10386.0,0.0,0.0,
2023-10-09,93.7699966430664,93.7699966430664,92.04000091552734,92.43000030517578,8707.0,0.0,0.0,
2023-10-10,92.44000244140624,93.48999786376952,92.44000244140624,93.12999725341795,11068.0,0.0,0.0,
2023-10-11,93.31999969482422,93.9000015258789,93.31999969482422,93.8499984741211,27593.0,0.0,0.0,
2023-10-12,93.98999786376952,94.1500015258789,93.66999816894533,93.97000122070312,40146.0,0.0,0.0,
2023-10-13,93.97000122070312,94.23999786376952,93.54000091552734,94.12000274658205,18376.0,0.0,0.0,
2023-10-16,95.0500030517578,95.0500030517578,92.05999755859376,94.11000061035156,18453.0,0.0,0.0,
2023-10-17,94.4000015258789,94.58999633789062,94.12000274658205,94.20999908447266,27408.0,0.0,0.0,
2023-10-18,94.44000244140624,94.4499969482422,93.73999786376952,93.88999938964844,12470.0,0.0,0.0,
2023-10-19,94.44000244140624,94.5,93.48999786376952,94.18000030517578,10999.0,0.0,0.0,
2023-10-20,93.7699966430664,94.0500030517578,93.20999908447266,93.4800033569336,17606.0,0.0,0.0,
2023-10-23,94.08999633789062,94.08999633789062,92.02999877929688,92.38999938964844,33937.0,0.0,0.0,
2023-10-25,93.3000030517578,94.23999786376952,91.6500015258789,92.02999877929688,14080.0,0.0,0.0,
2023-10-26,92.0,92.0,90.33000183105467,90.72000122070312,36355.0,0.0,0.0,
2023-10-27,91.1999969482422,91.9000015258789,90.9800033569336,91.58000183105467,36156.0,0.0,0.0,
2023-10-30,91.5999984741211,92.0,90.61000061035156,91.5199966430664,16983.0,0.0,0.0,
2023-10-31,91.91999816894533,93.0,91.18000030517578,91.63999938964844,9261.0,0.0,0.0,
2023-11-01,92.44000244140624,92.44000244140624,91.0,91.0999984741211,13601.0,0.0,0.0,
2023-11-02,91.11000061035156,92.6999969482422,91.11000061035156,92.04000091552734,19566.0,0.0,0.0,
2023-11-03,92.48999786376952,92.86000061035156,92.0500030517578,92.76000213623048,15152.0,0.0,0.0,
2023-11-06,93.86000061035156,93.86000061035156,92.7699966430664,93.11000061035156,25493.0,0.0,0.0,
2023-11-07,93.38999938964844,93.5,92.91000366210938,93.37000274658205,12125.0,0.0,0.0,
2023-11-08,93.37000274658205,94.0,93.37000274658205,93.95999908447266,17726.0,0.0,0.0,
2023-11-09,94.38999938964844,94.38999938964844,93.91000366210938,94.0500030517578,11666.0,0.0,0.0,
2023-11-10,94.4000015258789,94.5999984741211,93.20999908447266,93.88999938964844,7937.0,0.0,0.0,
2023-11-13,94.1999969482422,94.23999786376952,93.83000183105467,94.04000091552734,10883.0,0.0,0.0,
2023-11-15,94.25,94.97000122070312,94.1999969482422,94.9000015258789,48028.0,0.0,0.0,
2023-11-16,94.9000015258789,95.6500015258789,94.7300033569336,95.33999633789062,63452.0,0.0,0.0,
2023-11-17,98.1999969482422,98.1999969482422,95.5500030517578,96.05999755859376,53353.0,0.0,0.0,
2023-11-20,96.38999938964844,96.38999938964844,95.8000030517578,95.95999908447266,38303.0,0.0,0.0,
2023-11-21,96.23999786376952,96.3000030517578,95.97000122070312,96.12000274658205,247769.0,0.0,0.0,
2023-11-22,96.12999725341795,96.5,95.77999877929688,96.38999938964844,20966.0,0.0,0.0,
2023-11-23,96.38999938964844,96.8499984741211,96.0,96.5999984741211,20957.0,0.0,0.0,
2023-11-24,97.36000061035156,97.36000061035156,96.01000213623048,96.38999938964844,22606.0,0.0,0.0,
2023-11-28,97.0,97.0,96.0999984741211,96.83999633789062,21350.0,0.0,0.0,
2023-11-29,96.83000183105467,97.8000030517578,96.83000183105467,97.58999633789062,39994.0,0.0,0.0,
2023-11-30,97.5999984741211,98.7699966430664,94.6500015258789,98.54000091552734,37813.0,0.0,0.0,
2023-12-01,99.01000213623048,99.69000244140624,98.61000061035156,99.08999633789062,38662.0,0.0,0.0,
2023-12-04,99.0999984741211,100.5800018310547,99.0999984741211,100.2600021362305,52753.0,0.0,0.0,
2023-12-05,101.1999969482422,101.1999969482422,100.0299987792969,100.7300033569336,33775.0,0.0,0.0,
2023-12-06,101.2600021362305,102.7399978637695,101.1399993896484,101.5199966430664,25464.0,0.0,0.0,
2023-12-07,102.3099975585938,102.3099975585938,101.0,101.2699966430664,25638.0,0.0,0.0,
2023-12-08,104.3000030517578,104.3000030517578,100.25,100.8000030517578,35273.0,0.0,0.0,
2023-12-11,101.6900024414062,101.6900024414062,100.2600021362305,100.8000030517578,18175.0,0.0,0.0,
2023-12-12,101.7900009155273,101.7900009155273,100.2099990844727,100.3199996948242,15951.0,0.0,0.0,
2023-12-13,100.379997253418,101.2099990844727,99.88999938964844,101.0800018310547,18594.0,0.0,0.0,
2023-12-14,102.5,102.5,100.0299987792969,101.9100036621094,59512.0,0.0,0.0,
2023-12-15,102.4899978637695,102.4899978637695,100.0299987792969,101.8300018310547,84834.0,0.0,0.0,
2023-12-18,102.1999969482422,102.9899978637695,101.3000030517578,101.7399978637695,44857.0,0.0,0.0,
2023-12-19,101.8000030517578,102.1999969482422,101.3899993896484,102.0400009155273,51373.0,0.0,0.0,
2023-12-20,102.6900024414062,102.9599990844727,100.0,100.6699981689453,64269.0,0.0,0.0,
2023-12-21,101.0,101.0999984741211,99.44000244140624,100.9499969482422,37574.0,0.0,0.0,
2023-12-22,101.9000015258789,102.0,101.0,101.9499969482422,35769.0,0.0,0.0,
2023-12-26,102.9400024414062,102.9400024414062,101.0899963378906,102.5899963378906,22159.0,0.0,0.0,
2023-12-27,103.0,103.9700012207031,102.5999984741211,103.6699981689453,58649.0,0.0,0.0,
2023-12-28,103.6699981689453,104.6900024414062,103.129997253418,104.5699996948242,81211.0,0.0,0.0,
2023-12-29,105.0,105.0,104.2200012207031,104.9199981689453,61187.0,0.0,0.0,
2024-01-01,105.5,107.0500030517578,104.5899963378906,104.879997253418,33003.0,0.0,0.0,
2024-01-02,105.4899978637695,105.4899978637695,103.5,104.5899963378906,36954.0,0.0,0.0,
2024-01-03,104.5800018310547,104.9700012207031,103.5299987792969,104.7699966430664,24688.0,0.0,0.0,
2024-01-04,105.8000030517578,105.8000030517578,104.75,105.2399978637695,32105.0,0.0,0.0,
2024-01-05,105.9499969482422,106.0,105.0899963378906,105.3600006103516,55223.0,0.0,0.0,
2024-01-08,105.3600006103516,106.379997253418,103.870002746582,104.3199996948242,30468.0,0.0,0.0,
2024-01-09,103.870002746582,105.2900009155273,103.870002746582,104.7399978637695,22788.0,0.0,0.0,
2024-01-10,105.2900009155273,105.2900009155273,104.1500015258789,104.7200012207031,11528.0,0.0,0.0,
2024-01-11,105.1600036621094,105.5899963378906,104.8899993896484,105.0,24727.0,0.0,0.0,
2024-01-12,105.7900009155273,105.879997253418,104.2300033569336,105.4100036621094,19164.0,0.0,0.0,
2024-01-15,105.9899978637695,106.0,105.0599975585938,105.9199981689453,18389.0,0.0,0.0,
2024-01-16,106.2200012207031,106.5,105.0299987792969,105.7600021362305,26306.0,0.0,0.0,
2024-01-17,105.5,105.9100036621094,105.0,105.1100006103516,21072.0,0.0,0.0,
2024-01-19,105.9499969482422,106.0699996948242,104.5899963378906,105.9499969482422,29930.0,0.0,0.0,
2024-01-23,105.1600036621094,105.8899993896484,103.5800018310547,104.1500015258789,67320.0,0.0,0.0,
2024-01-24,104.629997253418,105.4199981689453,103.1900024414062,105.2300033569336,18491.0,0.0,0.0,
2024-01-25,105.25,106.4700012207031,104.0,105.0,20997.0,0.0,0.0,
2024-01-29,105.9000015258789,105.9000015258789,104.5500030517578,105.4899978637695,23189.0,0.0,0.0,
2024-01-30,106.4700012207031,106.4700012207031,104.1600036621094,104.4899978637695,28246.0,0.0,0.0,
2024-01-31,106.0999984741211,106.0999984741211,104.4000015258789,105.5100021362305,18382.0,0.0,0.0,
2024-02-01,105.5100021362305,106.4800033569336,104.0299987792969,105.7699966430664,26437.0,0.0,0.0,
2024-02-02,105.7799987792969,107.0,105.5100021362305,106.6900024414062,48667.0,0.0,0.0,
2024-02-05,106.6900024414062,107.4899978637695,104.8000030517578,105.0699996948242,77572.0,0.0,0.0,
2024-02-06,106.1900024414062,106.3499984741211,104.5299987792969,105.620002746582,38710.0,0.0,0.0,
2024-02-07,106.4899978637695,107.0,104.4300003051758,106.7099990844727,39178.0,0.0,0.0,
2024-02-08,106.8499984741211,107.25,105.5500030517578,106.3499984741211,56241.0,0.0,0.0,
2024-02-09,106.5,106.5,105.4800033569336,106.2900009155273,17723.0,0.0,0.0,
2024-02-12,109.5,109.5,105.1699981689453,105.6699981689453,45950.0,0.0,0.0,
2024-02-13,106.0,106.1900024414062,105.0899963378906,105.7699966430664,18279.0,0.0,0.0,
2024-02-14,105.8600006103516,106.7699966430664,104.9899978637695,106.4300003051758,32576.0,0.0,0.0,
2024-02-15,109.5999984741211,109.5999984741211,105.4199981689453,106.870002746582,35083.0,0.0,0.0,
2024-02-16,107.0,107.9000015258789,105.5299987792969,107.6800003051758,53907.0,0.0,0.0,
2024-02-19,108.4499969482422,108.9100036621094,107.6800003051758,108.6100006103516,62340.0,0.0,0.0,
2024-02-20,109.1399993896484,109.1399993896484,107.0299987792969,108.370002746582,41051.0,0.0,0.0,
2024-02-21,108.379997253418,109.25,108.0599975585938,108.4100036621094,38648.0,0.0,0.0,
2024-02-22,108.379997253418,109.2399978637695,107.370002746582,107.9700012207031,9454.0,0.0,0.0,
2024-02-23,109.31999969482422,109.66000366210938,108.87000274658205,109.41000366210938,30761.0,0.0,0.0,
2024-02-26,109.5,109.5,108.16000366210938,108.73999786376952,33963.0,0.0,0.0,
2024-02-27,109.47000122070312,109.4800033569336,108.5500030517578,109.19000244140624,24550.0,0.0,0.0,
2024-02-28,109.1999969482422,109.5,107.5500030517578,108.0199966430664,27788.0,0.0,0.0,
2024-02-29,108.02999877929688,109.0999984741211,107.0,107.8000030517578,32052.0,0.0,0.0,
2024-03-01,109.73999786376952,109.73999786376952,107.80999755859376,108.75,20792.0,0.0,0.0,
2024-03-04,110.0,110.0,107.52999877929688,108.69000244140624,32132.0,0.0,0.0,
2024-03-05,110.5,110.5,107.02999877929688,108.19000244140624,31430.0,0.0,0.0,
2024-03-06,108.55999755859376,109.98999786376952,107.5,109.41999816894533,26850.0,0.0,0.0,
2024-03-07,109.43000030517578,110.0,108.9800033569336,109.73999786376952,33494.0,0.0,0.0,
2024-03-11,110.0,110.8499984741211,109.52999877929688,109.77999877929688,32938.0,0.0,0.0,
2024-03-12,110.1500015258789,110.1500015258789,108.87000274658205,109.18000030517578,27612.0,0.0,0.0,
2024-03-13,109.51000213623048,112.62999725341795,106.5999984741211,107.97000122070312,58556.0,0.0,0.0,
2024-03-14,107.97000122070312,127.0,106.01000213623048,109.97000122070312,37338.0,0.0,0.0,
2024-03-15,110.23999786376952,110.23999786376952,107.62999725341795,108.48999786376952,53064.0,0.0,0.0,
2024-03-18,108.48999786376952,109.2699966430664,107.72000122070312,108.6500015258789,20690.0,0.0,0.0,
2024-03-19,108.66000366210938,108.66000366210938,107.33999633789062,107.47000122070312,33984.0,0.0,0.0,
2024-03-20,107.4800033569336,111.4499969482422,107.23999786376952,107.75,19335.0,0.0,0.0,
2024-03-21,107.95999908447266,108.6999969482422,107.9499969482422,108.45999908447266,23195.0,0.0,0.0,
2024-03-22,110.6500015258789,110.6500015258789,108.12000274658205,109.4000015258789,42002.0,0.0,0.0,
2024-03-26,112.13999938964844,112.6999969482422,109.11000061035156,109.63999938964844,28838.0,0.0,0.0,
2024-03-27,109.63999938964844,110.48999786376952,109.41000366210938,109.88999938964844,15417.0,0.0,0.0,
2024-03-28,110.98999786376952,111.69000244140624,110.0,111.16000366210938,62136.0,0.0,0.0,
2024-04-01,114.5,114.5,111.27999877929688,111.51000213623048,67943.0,0.0,0.0,
2024-04-02,112.01000213623048,114.4499969482422,111.13999938964844,111.7300033569336,51991.0,0.0,0.0,
2024-04-03,115.0999984741211,115.0999984741211,110.83000183105467,111.4800033569336,54644.0,0.0,0.0,
2024-04-04,114.8000030517578,114.8000030517578,110.51000213623048,111.7699966430664,69530.0,0.0,0.0,
2024-04-05,111.77999877929688,112.08000183105467,110.8000030517578,111.6999969482422,34526.0,0.0,0.0,
2024-04-08,111.6999969482422,114.80999755859376,111.6999969482422,112.54000091552734,39695.0,0.0,0.0,
2024-04-09,112.88999938964844,112.98999786376952,112.01000213623048,112.45999908447266,38450.0,0.0,0.0,
2024-04-10,112.8000030517578,113.0999984741211,112.31999969482422,113.01000213623048,42817.0,0.0,0.0,
2024-04-12,114.80999755859376,114.80999755859376,112.3000030517578,112.44000244140624,52475.0,0.0,0.0,
2024-04-15,112.4000015258789,112.41999816894533,110.16999816894533,111.26000213623048,43231.0,0.0,0.0,
2024-04-16,111.26000213623048,111.52999877929688,110.5999984741211,111.2300033569336,37526.0,0.0,0.0,
2024-04-18,107.9000015258789,113.1999969482422,107.9000015258789,110.8000030517578,48029.0,0.0,0.0,
2024-04-19,110.0,111.87999725341795,109.0999984741211,111.6999969482422,25710.0,0.0,0.0,
2024-04-22,113.37000274658205,113.52999877929688,111.56999969482422,112.5,34375.0,0.0,0.0,
2024-04-23,113.47000122070312,113.4800033569336,112.58000183105467,113.0999984741211,39111.0,0.0,0.0,
2024-04-24,114.0,114.0,112.4800033569336,113.18000030517578,30763.0,0.0,0.0,
2024-04-25,113.18000030517578,114.1500015258789,112.26000213623048,113.55999755859376,33590.0,0.0,0.0,
2024-04-26,114.83000183105467,114.83000183105467,113.1999969482422,113.4499969482422,24889.0,0.0,0.0,
2024-04-29,114.98999786376952,114.98999786376952,112.87999725341795,113.66999816894533,23572.0,0.0,0.0,
2024-04-30,114.37000274658205,114.9499969482422,114.0,114.29000091552734,58606.0,0.0,0.0,
2024-05-02,114.9499969482422,115.0500030517578,113.11000061035156,114.9499969482422,41039.0,0.0,0.0,
2024-05-03,115.04000091552734,115.98999786376952,113.33000183105467,114.19000244140624,65011.0,0.0,0.0,
2024-05-06,114.19000244140624,115.48999786376952,113.29000091552734,114.06999969482422,39084.0,0.0,0.0,
2024-05-07,114.05999755859376,115.48999786376952,113.51000213623048,114.05999755859376,62319.0,0.0,0.0,
2024-05-08,114.18000030517578,115.38999938964844,113.51000213623048,114.37000274658205,20292.0,0.0,0.0,
2024-05-09,114.63999938964844,115.0,112.94000244140624,113.5199966430664,60326.0,0.0,0.0,
2024-05-10,113.01000213623048,115.47000122070312,113.0,114.4499969482422,39337.0,0.0,0.0,
2024-05-13,116.27999877929688,116.31999969482422,113.0,114.04000091552734,45029.0,0.0,0.0,
2024-05-14,114.45999908447266,115.48999786376952,113.9000015258789,114.7300033569336,23709.0,0.0,0.0,
2024-05-15,115.30999755859376,115.30999755859376,114.01000213623048,114.55999755859376,36801.0,0.0,0.0,
2024-05-16,115.37999725341795,115.87000274658205,114.0199966430664,115.36000061035156,49328.0,0.0,0.0,
2024-05-17,115.91000366210938,116.7699966430664,115.02999877929688,116.37000274658205,60741.0,0.0,0.0,
2024-05-18,116.22000122070312,117.22000122070312,115.9499969482422,117.0,15597.0,0.0,0.0,
2024-05-21,116.95999908447266,117.88999938964844,116.0500030517578,116.66999816894533,65674.0,0.0,0.0,
2024-05-22,118.52999877929688,118.52999877929688,116.0999984741211,117.0500030517578,35860.0,0.0,0.0,
2024-05-23,117.68000030517578,118.5,116.97000122070312,118.23999786376952,64605.0,0.0,0.0,
2024-05-24,118.3000030517578,119.98999786376952,117.7300033569336,118.1500015258789,53788.0,0.0,0.0,
2024-05-27,118.1500015258789,119.9800033569336,117.1999969482422,117.73999786376952,316545.0,0.0,0.0,
2024-05-28,118.12999725341795,119.9000015258789,117.11000061035156,117.27999877929688,178419.0,0.0,0.0,
2024-05-29,117.33999633789062,119.6500015258789,116.44000244140624,116.93000030517578,135375.0,0.0,0.0,
2024-05-30,120.4499969482422,120.4499969482422,115.11000061035156,116.0199966430664,131383.0,0.0,0.0,
2024-05-31,116.0199966430664,120.0,114.5,115.5500030517578,127322.0,0.0,0.0,
2024-06-03,119.0,120.5199966430664,116.2300033569336,116.93000030517578,110661.0,0.0,0.0,
2024-06-04,116.97000122070312,120.0,112.83999633789062,118.47000122070312,182618.0,0.0,0.0,
2024-06-05,118.16999816894533,120.3000030517578,115.5,119.7300033569336,406710.0,0.0,0.0,
2024-06-06,120.83999633789062,120.83999633789062,119.04000091552734,119.91000366210938,143220.0,0.0,0.0,
2024-06-07,119.98999786376952,122.4499969482422,119.69000244140624,122.0199966430664,157280.0,0.0,0.0,
2024-06-10,125.6999969482422,125.6999969482422,121.7300033569336,122.12999725341795,130603.0,0.0,0.0,
2024-06-11,123.04000091552734,123.12000274658205,122.0,122.30999755859376,87251.0,0.0,0.0,
2024-06-12,122.38999938964844,123.11000061035156,122.11000061035156,122.25,82550.0,0.0,0.0,
2024-06-13,122.31999969482422,122.88999938964844,121.9499969482422,122.55999755859376,55082.0,0.0,0.0,
2024-06-14,123.16000366210938,123.66000366210938,122.0199966430664,123.47000122070312,66173.0,0.0,0.0,
2024-06-18,123.66000366210938,125.87999725341795,123.5,124.01000213623048,199914.0,0.0,0.0,
2024-06-19,124.5,125.18000030517578,122.2300033569336,122.51000213623048,107501.0,0.0,0.0,
2024-06-20,122.83999633789062,124.4800033569336,121.6999969482422,122.25,173175.0,0.0,0.0,
2024-06-21,121.81999969482422,123.98999786376952,121.01000213623048,121.61000061035156,87128.0,0.0,0.0,
2024-06-24,121.62000274658205,122.70999908447266,121.0,122.62999725341795,562020.0,0.0,0.0,
2024-06-25,123.4800033569336,123.83999633789062,122.0,122.26000213623048,57581.0,0.0,0.0,
2024-06-26,122.37999725341795,123.08999633789062,121.51000213623048,122.22000122070312,49911.0,0.0,0.0,
2024-06-27,122.3000030517578,123.3000030517578,121.5199966430664,122.69000244140624,61151.0,0.0,0.0,
2024-06-28,123.01000213623048,124.5,122.12999725341795,122.80999755859376,61579.0,0.0,0.0,
2024-07-01,122.81999969482422,123.47000122070312,121.06999969482422,123.2300033569336,79866.0,0.0,0.0,
2024-07-02,123.7699966430664,123.8499984741211,122.12999725341795,122.94000244140624,99066.0,0.0,0.0,
2024-07-03,122.9499969482422,123.87999725341795,122.30999755859376,123.19000244140624,80166.0,0.0,0.0,
2024-07-04,123.19000244140624,124.23999786376952,122.61000061035156,123.1500015258789,116249.0,0.0,0.0,
2024-07-05,123.0999984741211,124.0,122.5999984741211,123.88999938964844,83129.0,0.0,0.0,
2024-07-08,122.0999984741211,124.69000244140624,122.0999984741211,124.3000030517578,124574.0,0.0,0.0,
2024-07-09,126.55999755859376,126.55999755859376,124.3000030517578,125.31999969482422,133820.0,0.0,0.0,
2024-07-10,125.58999633789062,125.58999633789062,123.43000030517578,125.0199966430664,186714.0,0.0,0.0,
2024-07-11,125.0199966430664,126.18000030517578,124.1999969482422,124.8499984741211,78647.0,0.0,0.0,
2024-07-12,124.8499984741211,125.5,124.44000244140624,125.13999938964844,78551.0,0.0,0.0,
2024-07-15,125.8499984741211,126.0,125.1999969482422,125.88999938964844,78479.0,0.0,0.0,
2024-07-16,126.5500030517578,126.0,125.1999969482422,126.44000244140624,110390.0,0.0,0.0,
2024-07-18,130.25,130.25,125.16999816894533,126.70999908447266,131395.0,0.0,0.0,
2024-07-19,126.70999908447266,126.7300033569336,125.4499969482422,125.73999786376952,83377.0,0.0,0.0,
2024-07-22,126.5500030517578,126.5999984741211,125.0,126.33000183105467,94480.0,0.0,0.0,
2024-07-23,126.8000030517578,127.79000091552734,124.1500015258789,127.43000030517578,205276.0,0.0,0.0,
2024-07-24,127.83000183105467,128.5399932861328,127.0,127.22000122070312,96552.0,0.0,0.0,
2024-07-25,127.0,127.70999908447266,126.58000183105467,127.1999969482422,40829.0,0.0,0.0,
2024-07-26,126.7300033569336,129.6699981689453,126.72000122070312,129.3300018310547,258168.0,0.0,0.0,
2024-07-29,129.49000549316406,130.14999389648438,129.0,129.57000732421875,97563.0,0.0,0.0,
2024-07-30,129.57000732421875,130.0,129.0,129.25,99909.0,0.0,0.0,
2024-07-31,129.88999938964844,130.14999389648438,129.10000610351562,130.11000061035156,72008.0,0.0,0.0,
2024-08-01,130.13999938964844,130.3699951171875,129.47999572753906,130.17999267578125,63240.0,0.0,0.0,
2024-08-02,129.99000549316406,130.5,126.52999877929688,128.42999267578125,103436.0,0.0,0.0,
2024-08-05,130.42999267578125,130.42999267578125,126.06999969482422,127.6500015258789,173304.0,0.0,0.0,
2024-08-06,128.8000030517578,129.19000244140625,126.0500030517578,126.48999786376952,72730.0,0.0,0.0,
2024-08-07,127.9499969482422,128.6999969482422,127.47000122070312,128.4600067138672,45349.0,0.0,0.0,
2024-08-08,128.7100067138672,128.9499969482422,127.75,127.91999816894533,43341.0,0.0,0.0,
2024-08-09,128.5,130.0,127.30999755859376,129.58999633789062,548134.0,0.0,0.0,
2024-08-12,129.58999633789062,130.3800048828125,128.02999877929688,128.97999572753906,80519.0,0.0,0.0,
2024-08-13,128.97999572753906,129.3000030517578,128.2899932861328,128.3000030517578,48634.0,0.0,0.0,
2024-08-14,128.75999450683594,129.0,127.47000122070312,128.47000122070312,37052.0,0.0,0.0,
2024-08-16,128.4600067138672,130.80999755859375,128.4600067138672,130.7100067138672,150488.0,0.0,0.0,
2024-08-19,132.5,132.5,130.25,130.44000244140625,143131.0,0.0,0.0,
2024-08-20,134.35000610351562,134.35000610351562,130.00999450683594,130.5500030517578,62632.0,0.0,0.0,
2024-08-21,130.49000549316406,131.75,130.3000030517578,131.41000366210938,106893.0,0.0,0.0,
2024-08-22,131.7100067138672,132.47000122070312,131.42999267578125,132.30999755859375,172026.0,0.0,0.0,
2024-08-23,133.17999267578125,133.17999267578125,131.8000030517578,132.5,54743.0,0.0,0.0,
2024-08-26,133.1699981689453,135.9199981689453,132.3000030517578,133.02999877929688,103530.0,0.0,0.0,
2024-08-27,133.02999877929688,133.22999572753906,132.0500030517578,132.44000244140625,169400.0,0.0,0.0,
2024-08-28,132.99000549316406,133.08999633789062,131.97999572753906,132.6999969482422,95753.0,0.0,0.0,
2024-08-29,135.80999755859375,135.80999755859375,131.4199981689453,132.77000427246094,92541.0,0.0,0.0,
2024-08-30,135.4499969482422,135.4499969482422,132.6999969482422,133.91000366210938,126705.0,0.0,0.0,
2024-09-02,133.89999389648438,135.0,133.30999755859375,133.75,101325.0,0.0,0.0,
2024-09-03,134.0800018310547,134.5399932861328,132.8699951171875,133.4600067138672,137715.0,0.0,0.0,
2024-09-04,133.4600067138672,133.82000732421875,132.50999450683594,133.7100067138672,92758.0,0.0,0.0,
2024-09-05,134.1300048828125,134.32000732421875,133.5,133.77999877929688,59694.0,0.0,0.0,
2024-09-06,133.50999450683594,134.4600067138672,132.75,133.2100067138672,64539.0,0.0,0.0,
2024-09-09,133.2100067138672,134.5,131.30999755859375,133.99000549316406,95584.0,0.0,0.0,
2024-09-10,134.92999267578125,135.5399932861328,133.4600067138672,135.1300048828125,96439.0,0.0,0.0,
2024-09-11,136.25,140.67999267578125,135.19000244140625,135.77000427246094,103875.0,0.0,0.0,
2024-09-12,136.66000366210938,138.39999389648438,136.0,138.13999938964844,170082.0,0.0,0.0,
2024-09-13,138.99000549316406,140.0,137.5,137.63999938964844,253240.0,0.0,0.0,
2024-09-16,137.64999389648438,138.57000732421875,137.07000732421875,137.55999755859375,110899.0,0.0,0.0,
2024-09-17,138.27999877929688,138.75,137.1199951171875,138.05999755859375,108143.0,0.0,0.0,
2024-09-18,139.5,139.5,136.88999938964844,137.77999877929688,67951.0,0.0,0.0,
2024-09-19,138.97999572753906,138.97999572753906,137.75,138.83999633789062,187010.0,0.0,0.0,
2024-09-20,138.83999633789062,142.39999389648438,138.50999450683594,141.2100067138672,304642.0,0.0,0.0,
2024-09-23,145.4499969482422,145.4499969482422,141.25,143.44000244140625,189762.0,0.0,0.0,
2024-09-24,144.5500030517578,144.5500030517578,142.85000610351562,143.02999877929688,161590.0,0.0,0.0,
2024-09-25,142.85000610351562,143.6199951171875,141.5,142.4600067138672,190281.0,0.0,0.0,
2024-09-26,142.4600067138672,144.1999969482422,142.13999938964844,143.97000122070312,205563.0,0.0,0.0,
2024-09-27,145.97000122070312,146.6999969482422,142.61000061035156,143.74000549316406,141184.0,0.0,0.0,
2024-09-30,143.5,148.0500030517578,141.55999755859375,141.80999755859375,306613.0,0.0,0.0,
2024-10-01,143.1999969482422,143.1999969482422,140.80999755859375,141.50999450683594,316561.0,0.0,0.0,
2024-10-03,141.5,141.5,138.0,139.0399932861328,326918.0,0.0,0.0,
2024-10-04,138.99000549316406,139.97000122070312,136.02999877929688,136.52000427246094,295340.0,0.0,0.0,
2024-10-07,136.50999450683594,137.49000549316406,134.17999267578125,135.3000030517578,276325.0,0.0,0.0,
2024-10-08,136.3000030517578,137.7899932861328,135.02000427246094,137.4600067138672,130270.0,0.0,0.0,
2024-10-09,138.05999755859375,138.85000610351562,137.3000030517578,137.6199951171875,100638.0,0.0,0.0,
2024-10-10,138.6699981689453,138.6699981689453,136.5399932861328,137.19000244140625,112618.0,0.0,0.0,
2024-10-11,138.0800018310547,138.0800018310547,136.52999877929688,137.19000244140625,57504.0,0.0,0.0,
2024-10-14,137.3000030517578,137.61000061035156,136.72000122070312,137.39999389648438,84931.0,0.0,0.0,
2024-10-15,138.02999877929688,138.55999755859375,136.5500030517578,137.5399932861328,123755.0,0.0,0.0,
2024-10-16,137.5500030517578,138.02999877929688,136.02999877929688,136.6300048828125,121291.0,0.0,0.0,
2024-10-17,136.5,136.77999877929688,133.1999969482422,133.3800048828125,313114.0,0.0,0.0,
2024-10-18,133.2100067138672,133.3800048828125,131.82000732421875,132.91000366210938,1028818.0,0.0,0.0,
2024-10-21,133.85000610351562,136.47999572753906,131.05999755859375,132.69000244140625,249844.0,0.0,0.0,
2024-10-22,135.0,135.0,130.10000610351562,130.5399932861328,202760.0,0.0,0.0,
2024-10-23,130.11000061035156,131.3699951171875,129.75,130.30999755859375,107464.0,0.0,0.0,
2024-10-24,134.1999969482422,134.1999969482422,128.3000030517578,128.7899932861328,256110.0,0.0,0.0,
2024-10-25,128.7899932861328,129.41000366210938,126.98999786376952,127.79000091552734,218555.0,0.0,0.0,
2024-10-28,128.8800048828125,128.88999938964844,126.5,128.00999450683594,113684.0,0.0,0.0,
2024-10-29,128.00999450683594,128.49000549316406,126.1999969482422,127.58999633789062,144850.0,0.0,0.0,
2024-10-30,127.58000183105467,128.3000030517578,126.9499969482422,127.52999877929688,121536.0,0.0,0.0,
2024-10-31,130.10000610351562,130.10000610351562,126.5999984741211,126.91999816894533,111923.0,0.0,0.0,
2024-11-01,128.9199981689453,129.89999389648438,127.30999755859376,128.47000122070312,44382.0,0.0,0.0,
2024-11-04,128.5,128.5399932861328,125.0,126.08999633789062,221071.0,0.0,0.0,
2024-11-05,126.0,126.72000122070312,125.04000091552734,126.3000030517578,95905.0,0.0,0.0,
2024-11-06,128.3000030517578,128.3000030517578,126.30999755859376,127.87999725341795,296290.0,0.0,0.0,
2024-11-07,128.02000427246094,128.89999389648438,126.25,126.38999938964844,135405.0,0.0,0.0,
2024-11-08,128.25,128.25,125.33999633789062,126.43000030517578,70071.0,0.0,0.0,
2024-11-11,126.18000030517578,126.5999984741211,125.16999816894533,125.61000061035156,89391.0,0.0,0.0,
2024-11-12,126.13999938964844,126.13999938964844,123.25,123.88999938964844,247784.0,0.0,0.0,
2024-11-13,123.9000015258789,124.22000122070312,122.0,122.7300033569336,146046.0,0.0,0.0,
2024-11-14,122.94000244140624,125.9800033569336,122.0999984741211,122.77999877929688,123000.0,0.0,0.0,
2024-11-18,123.9800033569336,125.0,122.06999969482422,122.7699966430664,129535.0,0.0,0.0,
2024-11-19,124.76000213623048,124.93000030517578,123.16999816894533,123.56999969482422,116971.0,0.0,0.0,
2024-11-21,123.66000366210938,123.66999816894533,120.77999877929688,122.12999725341795,345079.0,0.0,0.0,
2024-11-22,123.48999786376952,124.97000122070312,121.70999908447266,124.91000366210938,105372.0,0.0,0.0,
2024-11-25,126.33000183105467,127.33000183105467,125.2300033569336,125.91999816894533,95740.0,0.0,0.0,
2024-11-26,126.43000030517578,126.52999877929688,124.83999633789062,125.93000030517578,163061.0,0.0,0.0,
2024-11-27,127.93000030517578,127.93000030517578,125.4800033569336,126.7699966430664,75492.0,0.0,0.0,
2024-11-28,126.8000030517578,127.41000366210938,125.0,125.38999938964844,107251.0,0.0,0.0,
2024-11-29,126.62999725341795,127.5,125.0500030517578,126.45999908447266,73259.0,0.0,0.0,
2024-12-02,127.98999786376952,127.98999786376952,125.1999969482422,127.5500030517578,87631.0,0.0,0.0,
2024-12-03,128.75,128.75,126.80999755859376,127.58000183105467,129226.0,0.0,0.0,
2024-12-04,129.24000549316406,129.24000549316406,126.62000274658205,127.05999755859376,100132.0,0.0,0.0,
2024-12-05,129.60000610351562,129.60000610351562,126.72000122070312,128.2100067138672,132344.0,0.0,0.0,
2024-12-06,129.47000122070312,129.47000122070312,128.0,128.80999755859375,72660.0,0.0,0.0,
2024-12-09,130.0,130.0,127.1500015258789,127.63999938964844,142264.0,0.0,0.0,
2024-12-10,128.38999938964844,128.38999938964844,127.0,127.41000366210938,82273.0,0.0,0.0,
2024-12-11,127.41000366210938,127.9499969482422,127.01000213623048,127.86000061035156,85460.0,0.0,0.0,
2024-12-12,127.86000061035156,128.1300048828125,127.08000183105467,127.16999816894533,121107.0,0.0,0.0,
2024-12-13,127.16999816894533,128.89999389648438,125.56999969482422,128.5399932861328,120032.0,0.0,0.0,
2024-12-16,128.8300018310547,128.92999267578125,127.86000061035156,128.3699951171875,70527.0,0.0,0.0,
2024-12-17,128.5,128.5,127.11000061035156,127.33999633789062,72488.0,0.0,0.0,
2024-12-18,127.44000244140624,127.4499969482422,126.51000213623048,126.94000244140624,50068.0,0.0,0.0,
2024-12-19,126.08999633789062,126.5,125.5999984741211,126.2699966430664,71904.0,0.0,0.0,
2024-12-20,126.2699966430664,128.0,123.9000015258789,124.5,103626.0,0.0,0.0,
2024-12-23,124.5,125.6500015258789,124.02999877929688,124.56999969482422,75424.0,0.0,0.0,
2024-12-24,124.9800033569336,125.62999725341795,124.06999969482422,124.97000122070312,49552.0,0.0,0.0,
2024-12-26,124.97000122070312,125.58000183105467,124.62000274658205,125.26000213623048,58427.0,0.0,0.0,
2024-12-27,125.01000213623048,126.52999877929688,124.16000366210938,125.70999908447266,63681.0,0.0,0.0,
2024-12-30,125.9499969482422,125.95999908447266,124.62999725341795,125.2300033569336,57003.0,0.0,0.0,
2024-12-31,126.47000122070312,126.47000122070312,123.23999786376952,125.5199966430664,55445.0,0.0,0.0,
2025-01-01,125.5999984741211,126.5,125.26000213623048,126.3000030517578,74668.0,0.0,0.0,
2025-01-02,127.48999786376952,128.8000030517578,126.02999877929688,128.66000366210938,92479.0,0.0,0.0,
2025-01-03,128.8000030517578,129.25,128.10000610351562,128.72000122070312,88360.0,0.0,0.0,
2025-01-06,129.63999938964844,129.63999938964844,125.52999877929688,126.29000091552734,149458.0,0.0,0.0,
2025-01-07,125.1999969482422,126.7699966430664,125.08999633789062,125.8499984741211,345507.0,0.0,0.0,
2025-01-08,126.9800033569336,127.0,124.0999984741211,125.58000183105467,58340.0,0.0,0.0,
2025-01-09,125.5,126.27999877929688,124.6500015258789,125.63999938964844,61220.0,0.0,0.0,
2025-01-10,125.0,126.08999633789062,123.81999969482422,124.37999725341795,75209.0,0.0,0.0,
2025-01-13,122.8000030517578,123.4800033569336,120.5500030517578,121.0199966430664,201713.0,0.0,0.0,
2025-01-14,121.86000061035156,122.12999725341795,120.66000366210938,120.94000244140624,65190.0,0.0,0.0,
2025-01-15,121.80999755859376,121.83000183105467,120.9499969482422,121.41999816894533,7882.0,0.0,0.0,
2025-01-16,125.0,125.0,121.36000061035156,121.86000061035156,81972.0,0.0,0.0,
2025-01-17,121.86000061035156,122.54000091552734,121.02999877929688,122.36000061035156,51246.0,0.0,0.0,
2025-01-20,122.36000061035156,123.19000244140624,121.52999877929688,122.08000183105467,55261.0,0.0,0.0,
2025-01-21,122.33000183105467,122.41999816894533,119.6500015258789,119.93000030517578,152408.0,0.0,0.0,
2025-01-22,121.4800033569336,121.4800033569336,119.01000213623048,119.68000030517578,56922.0,0.0,0.0,
2025-01-23,119.66999816894533,121.0500030517578,118.8000030517578,120.88999938964844,41098.0,0.0,0.0,
2025-01-24,122.20999908447266,124.22000122070312,116.6999969482422,119.66999816894533,270614.0,0.0,0.0,
2025-01-27,119.66000366210938,119.76000213623048,118.44000244140624,118.66999816894533,76209.0,0.0,0.0,
2025-01-28,118.68000030517578,119.98999786376952,116.66999816894533,118.97000122070312,69966.0,0.0,0.0,
2025-01-29,120.69000244140624,121.1999969482422,118.47000122070312,120.04000091552734,63377.0,0.0,0.0,
2025-01-30,120.0500030517578,120.9499969482422,119.61000061035156,120.83000183105467,90092.0,0.0,0.0,
2025-01-31,122.0199966430664,123.0,119.80999755859376,122.80999755859376,167936.0,0.0,0.0,
2025-02-01,123.0,128.11000061035156,121.83999633789062,126.86000061035156,911458.0,0.0,0.0,
2025-02-03,127.0,127.83999633789062,125.4800033569336,126.55999755859376,878922.0,0.0,0.0,
2025-02-04,127.0,127.8000030517578,125.0,126.2699966430664,211218.0,0.0,0.0,
2025-02-05,126.2699966430664,126.83999633789062,124.97000122070312,125.23999786376952,311823.0,0.0,0.0,
2025-02-06,126.79000091552734,127.1999969482422,123.16000366210938,123.33999633789062,202206.0,0.0,0.0,
2025-02-07,124.26000213623048,124.5999984741211,123.04000091552734,123.9800033569336,160270.0,0.0,0.0,
2025-02-10,127.6999969482422,127.6999969482422,121.75,122.12000274658205,164955.0,0.0,0.0,
2025-02-11,123.6999969482422,123.6999969482422,119.3499984741211,119.93000030517578,305552.0,0.0,0.0,
2025-02-12,120.41999816894533,120.41999816894533,118.0,119.51000213623048,244617.0,0.0,0.0,
2025-02-13,120.20999908447266,120.94000244140624,119.0999984741211,119.33999633789062,89346.0,0.0,0.0,
2025-02-14,120.54000091552734,120.54000091552734,117.5199966430664,118.16000366210938,137580.0,0.0,0.0,
2025-02-17,118.16999816894533,118.16999816894533,116.2699966430664,117.27999877929688,198923.0,0.0,0.0,
2025-02-18,117.25,118.20999908447266,116.36000061035156,117.0500030517578,98756.0,0.0,0.0,
