Date,Open,High,Low,Close,Volume,Dividends,Stock Splits,Adj Close
2016-10-07,86.97599792480469,86.97599792480469,86.97599792480469,86.97599792480469,0.0,0.0,0.0,
2016-10-17,85.09339904785156,85.09339904785156,85.09339904785156,85.09339904785156,0.0,0.0,0.0,
2016-10-18,86.67109680175781,86.67109680175781,86.67109680175781,86.67109680175781,0.0,0.0,0.0,
2016-10-19,86.26000213623047,86.55000305175781,75.0199966430664,86.55000305175781,239.0,0.0,0.0,
2016-10-20,86.91000366210938,86.91000366210938,86.73999786376953,86.73999786376953,12.0,0.0,0.0,
2016-10-21,86.01000213623047,86.25,86.01000213623047,86.25,1880.0,0.0,0.0,
2016-10-24,86.4000015258789,86.5999984741211,86.4000015258789,86.5999984741211,1174.0,0.0,0.0,
2016-10-25,87.05000305175781,87.05000305175781,86.66999816894531,86.66999816894531,200.0,0.0,0.0,
2016-10-26,86.36000061035156,86.36000061035156,86.36000061035156,86.36000061035156,100.0,0.0,0.0,
2016-10-27,85.62999725341797,85.62999725341797,85.54000091552734,85.54000091552734,50.0,0.0,0.0,
2016-10-28,86.39800262451172,86.39800262451172,86.39800262451172,86.39800262451172,0.0,0.0,0.0,
2016-11-01,103.5500030517578,103.5500030517578,86.0,86.0,1810.0,0.0,0.0,
2016-11-02,85.13999938964844,85.13999938964844,85.13999938964844,85.13999938964844,3.0,0.0,0.0,
2016-11-03,84.87529754638672,84.87529754638672,84.87529754638672,84.87529754638672,0.0,0.0,0.0,
2016-11-04,84.51000213623047,84.51000213623047,84.4800033569336,84.4800033569336,200.0,0.0,0.0,
2016-11-07,84.38999938964844,84.91000366210938,84.38999938964844,84.91000366210938,5501.0,0.0,0.0,
2016-11-08,85.45809936523438,85.45809936523438,85.45809936523438,85.45809936523438,0.0,0.0,0.0,
2016-11-09,82.41999816894531,82.41999816894531,82.26000213623047,82.26000213623047,1600.0,0.0,0.0,
2016-11-10,85.94999694824219,85.94999694824219,85.94999694824219,85.94999694824219,10.0,0.0,0.0,
2016-11-11,83.05329895019531,83.05329895019531,83.05329895019531,83.05329895019531,0.0,0.0,0.0,
2016-11-15,81.69000244140625,102.379997253418,81.0,81.2699966430664,3949.0,0.0,0.0,
2016-11-16,81.36000061035156,81.55000305175781,81.36000061035156,81.52999877929688,52.0,0.0,0.0,
2016-11-17,81.05000305175781,81.05000305175781,81.05000305175781,81.05000305175781,10.0,0.0,0.0,
2016-11-18,81.05000305175781,81.05000305175781,80.93000030517578,80.94999694824219,1027.0,0.0,0.0,
2016-11-21,80.27999877929688,80.27999877929688,79.44999694824219,79.44999694824219,2134.0,0.0,0.0,
2016-11-22,79.9000015258789,79.9000015258789,79.80000305175781,79.80000305175781,351.0,0.0,0.0,
2016-11-23,80.40760040283203,80.40760040283203,80.40760040283203,80.40760040283203,0.0,0.0,0.0,
2016-11-24,79.80000305175781,79.80000305175781,79.80000305175781,79.80000305175781,100.0,0.0,0.0,
2016-11-25,79.94999694824219,80.19000244140625,79.94999694824219,80.19000244140625,13500.0,0.0,0.0,
2016-11-28,81.69000244140625,81.69999694824219,81.68000030517578,81.69999694824219,75.0,0.0,0.0,
2016-11-29,82.25,82.2699966430664,81.47000122070312,81.47000122070312,133.0,0.0,0.0,
2016-11-30,82.31400299072266,82.31400299072266,82.31400299072266,82.31400299072266,0.0,0.0,0.0,
2016-12-01,82.83000183105469,82.83000183105469,82.83000183105469,82.83000183105469,11.0,0.0,0.0,
2016-12-02,82.04000091552734,82.04000091552734,82.04000091552734,82.04000091552734,11.0,0.0,0.0,
2016-12-05,81.47000122070312,81.47000122070312,81.47000122070312,81.47000122070312,11.0,0.0,0.0,
2016-12-06,82.31999969482422,82.31999969482422,82.31999969482422,82.31999969482422,1.0,0.0,0.0,
2016-12-07,82.22000122070312,82.38999938964844,82.22000122070312,82.38999938964844,23.0,0.0,0.0,
2016-12-08,82.8499984741211,82.8499984741211,82.8499984741211,82.8499984741211,2.0,0.0,0.0,
2016-12-09,83.0999984741211,83.16000366210938,82.55999755859375,83.1500015258789,135.0,0.0,0.0,
2016-12-12,82.16999816894531,82.16999816894531,82.16999816894531,82.16999816894531,22.0,0.0,0.0,
2016-12-13,82.11000061035156,82.37000274658203,82.11000061035156,82.37000274658203,1220.0,0.0,0.0,
2016-12-14,82.26000213623047,82.26000213623047,82.26000213623047,82.26000213623047,5.0,0.0,0.0,
2016-12-15,82.5999984741211,82.5999984741211,81.55000305175781,81.61000061035156,17226.0,0.0,0.0,
2016-12-16,82.05000305175781,82.05000305175781,82.04000091552734,82.04000091552734,12.0,0.0,0.0,
2016-12-19,81.6500015258789,81.6500015258789,81.13999938964844,81.13999938964844,614.0,0.0,0.0,
2016-12-20,81.47000122070312,81.47000122070312,80.9000015258789,80.9000015258789,7551.0,0.0,0.0,
2016-12-21,80.65339660644531,80.65339660644531,80.65339660644531,80.65339660644531,0.0,0.0,0.0,
2016-12-22,80.43000030517578,80.43000030517578,80.3499984741211,80.3499984741211,200.0,0.0,0.0,
2016-12-23,79.76000213623047,79.87999725341797,79.68000030517578,79.87999725341797,71.0,0.0,0.0,
2016-12-26,79.0,79.4000015258789,79.0,79.30000305175781,107.0,0.0,0.0,
2016-12-27,79.25,79.37999725341797,79.25,79.37000274658203,160.0,0.0,0.0,
2016-12-28,80.52999877929688,80.79000091552734,80.2699966430664,80.79000091552734,17011.0,0.0,0.0,
2016-12-29,80.5999984741211,80.5999984741211,80.5999984741211,80.5999984741211,1.0,0.0,0.0,
2016-12-30,81.9000015258789,81.91999816894531,81.52999877929688,81.52999877929688,43.0,0.0,0.0,
2017-01-02,81.69999694824219,81.80999755859375,81.69999694824219,81.80999755859375,77.0,0.0,0.0,
2017-01-03,81.94000244140625,81.94000244140625,81.94000244140625,81.94000244140625,11.0,0.0,0.0,
2017-01-04,81.92269897460938,81.92269897460938,81.92269897460938,81.92269897460938,0.0,0.0,0.0,
2017-01-05,82.73999786376953,82.73999786376953,82.37999725341797,82.55000305175781,315.0,0.0,0.0,
2017-01-06,82.46420288085938,82.46420288085938,82.46420288085938,82.46420288085938,0.0,0.0,0.0,
2017-01-09,82.69000244140625,82.70999908447266,82.69000244140625,82.70999908447266,22.0,0.0,0.0,
2017-01-10,82.95999908447266,82.97000122070312,82.91999816894531,82.91999816894531,1015.0,0.0,0.0,
2017-01-11,83.62000274658203,83.8499984741211,83.58999633789062,83.8499984741211,244.0,0.0,0.0,
2017-01-12,84.05999755859375,84.05999755859375,83.75,83.75,82.0,0.0,0.0,
2017-01-13,84.02320098876953,84.02320098876953,84.02320098876953,84.02320098876953,0.0,0.0,0.0,
2017-01-16,83.72000122070312,84.2300033569336,83.72000122070312,84.2300033569336,51.0,0.0,0.0,
2017-01-17,83.99960327148438,83.99960327148438,83.99960327148438,83.99960327148438,0.0,0.0,0.0,
2017-01-18,84.75,84.75,84.0199966430664,84.02999877929688,25.0,0.0,0.0,
2017-01-19,83.95999908447266,84.5,83.95999908447266,84.5,43.0,0.0,0.0,
2017-01-20,83.94000244140625,83.94000244140625,83.94000244140625,83.94000244140625,1219.0,0.0,0.0,
2017-01-23,84.05999755859375,84.05999755859375,84.0,84.0,175.0,0.0,0.0,
2017-01-24,84.25,84.25,84.25,84.25,150.0,0.0,0.0,
2017-01-25,85.20999908447266,85.20999908447266,85.20999908447266,85.20999908447266,10.0,0.0,0.0,
2017-01-27,86.7300033569336,86.73999786376953,86.31999969482422,86.31999969482422,2120.0,0.0,0.0,
2017-01-30,86.55999755859375,86.58999633789062,86.27999877929688,86.27999877929688,1871.0,0.0,0.0,
2017-01-31,85.65979766845703,85.65979766845703,85.65979766845703,85.65979766845703,0.0,0.0,0.0,
2017-02-01,85.8499984741211,85.9800033569336,85.77999877929688,85.9800033569336,1325.0,0.0,0.0,
2017-02-02,87.2699966430664,87.2699966430664,87.26000213623047,87.26000213623047,15.0,0.0,0.0,
2017-02-03,87.08000183105469,87.08000183105469,87.08000183105469,87.08000183105469,300.0,0.0,0.0,
2017-02-06,88.12999725341797,88.13999938964844,88.12999725341797,88.13999938964844,21.0,0.0,0.0,
2017-02-07,87.97000122070312,88.4800033569336,87.5,87.5,12208.0,0.0,0.0,
2017-02-08,87.74590301513672,87.74590301513672,87.74590301513672,87.74590301513672,0.0,0.0,0.0,
2017-02-09,87.83419799804688,87.83419799804688,87.83419799804688,87.83419799804688,0.0,0.0,0.0,
2017-02-10,88.52999877929688,88.52999877929688,88.0,88.0,38.0,0.0,0.0,
2017-02-13,87.0,88.0,87.0,88.0,223.0,0.0,0.0,
2017-02-14,87.9397964477539,87.9397964477539,87.9397964477539,87.9397964477539,0.0,0.0,0.0,
2017-02-15,88.36000061035156,88.36000061035156,87.77999877929688,87.77999877929688,30.0,0.0,0.0,
2017-02-16,87.69999694824219,88.0,87.25,88.0,69.0,0.0,0.0,
2017-02-17,104.0,104.0,88.45999908447266,88.45999908447266,330.0,0.0,0.0,
2017-02-20,88.61000061035156,88.61000061035156,88.4000015258789,88.5999984741211,340.0,0.0,0.0,
2017-02-21,88.5999984741211,88.5999984741211,88.5999984741211,88.5999984741211,47.0,0.0,0.0,
2017-02-22,89.62000274658203,89.62000274658203,89.12999725341797,89.12999725341797,214.0,0.0,0.0,
2017-02-23,89.7300033569336,89.7300033569336,89.7300033569336,89.7300033569336,24.0,0.0,0.0,
2017-02-27,89.80999755859375,89.8499984741211,88.94999694824219,88.94999694824219,381.0,0.0,0.0,
2017-02-28,89.68000030517578,89.68000030517578,89.63999938964844,89.63999938964844,26.0,0.0,0.0,
2017-03-01,89.97000122070312,89.98999786376953,89.97000122070312,89.98999786376953,35.0,0.0,0.0,
2017-03-02,90.41999816894533,90.41999816894533,90.41999816894533,90.41999816894533,16.0,0.0,0.0,
2017-03-03,89.081298828125,89.081298828125,89.081298828125,89.081298828125,0.0,0.0,0.0,
2017-03-06,90.11000061035156,90.12000274658205,90.11000061035156,90.11000061035156,125.0,0.0,0.0,
2017-03-07,90.16000366210938,90.16999816894533,90.16000366210938,90.16999816894533,20.0,0.0,0.0,
2017-03-08,89.5999984741211,89.5999984741211,89.5999984741211,89.5999984741211,5.0,0.0,0.0,
2017-03-09,89.6500015258789,99.0,89.6500015258789,98.81999969482422,1052.0,0.0,0.0,
2017-03-10,90.3499984741211,98.8000030517578,90.3499984741211,98.8000030517578,30.0,0.0,0.0,
2017-03-14,91.8000030517578,91.8000030517578,90.4000015258789,90.4000015258789,2413.0,0.0,0.0,
2017-03-15,91.9499969482422,91.9499969482422,91.4499969482422,91.4499969482422,124.0,0.0,0.0,
2017-03-16,92.4499969482422,92.4499969482422,91.0,91.0,102.0,0.0,0.0,
2017-03-17,92.6500015258789,92.6500015258789,91.4000015258789,92.5,429.0,0.0,0.0,
2017-03-20,94.0,94.0,91.0,91.0,50.0,0.0,0.0,
2017-03-21,91.0,92.25,91.0,92.25,114.0,0.0,0.0,
2017-03-22,109.4000015258789,109.4899978637695,90.3000030517578,90.3000030517578,404.0,0.0,0.0,
2017-03-23,91.3499984741211,91.3499984741211,91.3499984741211,91.3499984741211,30.0,0.0,0.0,
2017-03-24,91.8000030517578,91.8000030517578,91.6999969482422,91.75,117.0,0.0,0.0,
2017-03-27,91.02999877929688,91.0500030517578,90.9000015258789,90.9000015258789,25.0,0.0,0.0,
2017-03-28,91.20230102539062,91.20230102539062,91.20230102539062,91.20230102539062,0.0,0.0,0.0,
2017-03-29,90.9000015258789,91.66000366210938,90.87999725341795,90.87999725341795,669.0,0.0,0.0,
2017-03-30,91.1999969482422,92.08000183105467,91.1999969482422,91.25,78.0,0.0,0.0,
2017-03-31,94.0,94.0,91.1999969482422,91.1999969482422,4.0,0.0,0.0,
2017-04-03,91.0,92.5500030517578,91.0,92.5500030517578,336.0,0.0,0.0,
2017-04-05,92.97000122070312,93.0,92.97000122070312,93.0,112.0,0.0,0.0,
2017-04-06,93.0,93.0,93.0,93.0,20.0,0.0,0.0,
2017-04-07,92.8499984741211,92.87000274658205,92.62999725341795,92.62999725341795,518.0,0.0,0.0,
2017-04-10,92.62999725341795,92.62999725341795,91.9499969482422,92.5,164.0,0.0,0.0,
2017-04-11,92.23999786376952,92.23999786376952,92.23999786376952,92.23999786376952,5.0,0.0,0.0,
2017-04-12,92.20999908447266,92.20999908447266,92.20999908447266,92.20999908447266,20.0,0.0,0.0,
2017-04-13,92.0,92.0,92.0,92.0,10.0,0.0,0.0,
2017-04-17,91.9499969482422,91.9499969482422,91.33000183105467,91.9499969482422,338.0,0.0,0.0,
2017-04-18,92.05999755859376,92.5,92.05999755859376,92.33000183105467,499.0,0.0,0.0,
2017-04-19,92.3000030517578,95.0,90.87999725341795,95.0,1016.0,0.0,0.0,
2017-04-20,91.51399993896484,91.51399993896484,91.51399993896484,91.51399993896484,0.0,0.0,0.0,
2017-04-21,91.34549713134766,91.34549713134766,91.34549713134766,91.34549713134766,0.0,0.0,0.0,
2017-04-24,92.02999877929688,92.02999877929688,92.01000213623048,92.01000213623048,142.0,0.0,0.0,
2017-04-25,93.1999969482422,93.1999969482422,93.1999969482422,93.1999969482422,0.0,0.0,0.0,
2017-04-26,93.7300033569336,93.7300033569336,93.16000366210938,93.16000366210938,77.0,0.0,0.0,
2017-04-27,95.4499969482422,95.4499969482422,95.4499969482422,95.4499969482422,9.0,0.0,0.0,
2017-04-28,92.93000030517578,92.93000030517578,92.93000030517578,92.93000030517578,20.0,0.0,0.0,
2017-05-02,93.98999786376952,93.98999786376952,93.0,93.0,181.0,0.0,0.0,
2017-05-03,93.81999969482422,94.0,93.81999969482422,94.0,40.0,0.0,0.0,
2017-05-04,93.72460174560548,93.72460174560548,93.72460174560548,93.72460174560548,0.0,0.0,0.0,
2017-05-05,93.8000030517578,93.8000030517578,92.75,93.25,2010.0,0.0,0.0,
2017-05-08,93.25,93.25,93.25,93.25,18.0,0.0,0.0,
2017-05-09,92.79000091552734,94.0500030517578,92.79000091552734,94.0500030517578,43736.0,0.0,0.0,
2017-05-10,93.0,94.4000015258789,93.0,94.4000015258789,36.0,0.0,0.0,
2017-05-11,94.33260345458984,94.33260345458984,94.33260345458984,94.33260345458984,0.0,0.0,0.0,
2017-05-12,94.4000015258789,94.4000015258789,93.5999984741211,93.5999984741211,69.0,0.0,0.0,
2017-05-15,95.0999984741211,95.0999984741211,95.0999984741211,95.0999984741211,13.0,0.0,0.0,
2017-05-16,95.3000030517578,95.3000030517578,95.3000030517578,95.3000030517578,10.0,0.0,0.0,
2017-05-17,95.3656005859375,95.3656005859375,95.3656005859375,95.3656005859375,0.0,0.0,0.0,
2017-05-18,95.3000030517578,95.3000030517578,95.3000030517578,95.3000030517578,27.0,0.0,0.0,
2017-05-19,95.3000030517578,95.3000030517578,95.3000030517578,95.3000030517578,14.0,0.0,0.0,
2017-05-22,95.1999969482422,95.1999969482422,95.1999969482422,95.1999969482422,209.0,0.0,0.0,
2017-05-23,94.9499969482422,94.9499969482422,94.9499969482422,94.9499969482422,68.0,0.0,0.0,
2017-05-24,94.5500030517578,94.5500030517578,94.5500030517578,94.5500030517578,14.0,0.0,0.0,
2017-05-25,94.5500030517578,94.5500030517578,94.5500030517578,94.5500030517578,150.0,0.0,0.0,
2017-05-26,111.6500015258789,111.6500015258789,94.75,94.75,418.0,0.0,0.0,
2017-05-29,96.5999984741211,96.5999984741211,96.0999984741211,96.0999984741211,149.0,0.0,0.0,
2017-05-30,96.5500030517578,96.5500030517578,96.5500030517578,96.5500030517578,23.0,0.0,0.0,
2017-05-31,95.5999984741211,95.5999984741211,95.5999984741211,95.5999984741211,1.0,0.0,0.0,
2017-06-01,96.8499984741211,96.8499984741211,96.8499984741211,96.8499984741211,15.0,0.0,0.0,
2017-06-02,115.25,115.25,99.0,100.9499969482422,1617.0,0.0,0.0,
2017-06-05,97.3000030517578,100.9499969482422,97.3000030517578,100.9499969482422,182.0,0.0,0.0,
2017-06-06,100.9000015258789,100.9000015258789,100.9000015258789,100.9000015258789,1.0,0.0,0.0,
2017-06-07,102.1999969482422,102.1999969482422,96.1500015258789,96.5999984741211,1694.0,0.0,0.0,
2017-06-08,96.5,97.0,96.25,96.25,414.0,0.0,0.0,
2017-06-09,99.0,99.0,99.0,99.0,4.0,0.0,0.0,
2017-06-12,99.0,99.0,95.5999984741211,96.94000244140624,21210.0,0.0,0.0,
2017-06-13,96.9000015258789,96.9000015258789,96.48999786376952,96.48999786376952,10457.0,0.0,0.0,
2017-06-14,96.0500030517578,96.0500030517578,96.0500030517578,96.0500030517578,5.0,0.0,0.0,
2017-06-15,96.69000244140624,96.69000244140624,96.20999908447266,96.20999908447266,79.0,0.0,0.0,
2017-06-16,96.5500030517578,96.56999969482422,96.44000244140624,96.44000244140624,20.0,0.0,0.0,
2017-06-19,96.83000183105467,97.0,96.83000183105467,96.91999816894533,334.0,0.0,0.0,
2017-06-20,96.79000091552734,96.79000091552734,96.79000091552734,96.79000091552734,10.0,0.0,0.0,
2017-06-21,96.65599822998048,96.65599822998048,96.65599822998048,96.65599822998048,0.0,0.0,0.0,
2017-06-22,97.1500015258789,97.1500015258789,96.9000015258789,96.9000015258789,209.0,0.0,0.0,
2017-06-23,96.38999938964844,96.38999938964844,96.37000274658205,96.37000274658205,67.0,0.0,0.0,
2017-06-27,95.98999786376952,96.01000213623048,94.91000366210938,95.0,1072.0,0.0,0.0,
2017-06-28,95.38999938964844,95.62999725341795,95.38999938964844,95.62999725341795,40078.0,0.0,0.0,
2017-06-29,95.75,96.16000366210938,95.75,96.16000366210938,7530.0,0.0,0.0,
2017-06-30,95.0999984741211,95.2300033569336,95.0999984741211,95.2300033569336,39.0,0.0,0.0,
2017-07-03,96.0999984741211,96.58999633789062,96.08999633789062,96.58999633789062,81.0,0.0,0.0,
2017-07-04,96.52999877929688,96.91999816894533,96.36000061035156,96.61000061035156,15010.0,0.0,0.0,
2017-07-05,96.73999786376952,96.93000030517578,96.5999984741211,96.93000030517578,15010.0,0.0,0.0,
2017-07-06,96.9000015258789,97.0500030517578,96.9000015258789,97.0500030517578,1107.0,0.0,0.0,
2017-07-07,96.98999786376952,97.01000213623048,96.98999786376952,97.01000213623048,22.0,0.0,0.0,
2017-07-10,98.4499969482422,98.4499969482422,98.0199966430664,98.0199966430664,45.0,0.0,0.0,
2017-07-11,97.80999755859376,98.4000015258789,97.80999755859376,98.01000213623048,22616.0,0.0,0.0,
2017-07-12,98.5,98.75,97.88999938964844,98.75,281.0,0.0,0.0,
2017-07-13,99.1999969482422,99.1999969482422,98.80999755859376,98.80999755859376,15000.0,0.0,0.0,
2017-07-14,99.4542007446289,99.4542007446289,99.4542007446289,99.4542007446289,0.0,0.0,0.0,
2017-07-17,99.75,99.8000030517578,99.1500015258789,99.8000030517578,568.0,0.0,0.0,
2017-07-18,99.43000030517578,99.43000030517578,98.6999969482422,99.1500015258789,101.0,0.0,0.0,
2017-07-19,98.80999755859376,99.5999984741211,98.80999755859376,99.5999984741211,7563.0,0.0,0.0,
2017-07-20,99.36080169677734,99.36080169677734,99.36080169677734,99.36080169677734,0.0,0.0,0.0,
2017-07-21,99.777099609375,99.777099609375,99.777099609375,99.777099609375,0.0,0.0,0.0,
2017-07-24,99.9000015258789,99.93000030517578,99.9000015258789,99.93000030517578,174.0,0.0,0.0,
2017-07-25,100.2810974121094,100.2810974121094,100.2810974121094,100.2810974121094,0.0,0.0,0.0,
2017-07-26,100.2600021362305,100.6500015258789,100.2600021362305,100.6500015258789,37522.0,0.0,0.0,
2017-07-27,101.2099990844727,101.75,101.2099990844727,101.75,3009.0,0.0,0.0,
2017-07-28,100.129997253418,100.8099975585938,100.0800018310547,100.1999969482422,20002.0,0.0,0.0,
2017-07-31,101.0599975585938,101.0699996948242,101.0599975585938,101.0699996948242,14.0,0.0,0.0,
2017-08-01,101.6999969482422,101.6999969482422,101.0500030517578,101.2799987792969,4000.0,0.0,0.0,
2017-08-02,101.8000030517578,101.8199996948242,101.0599975585938,101.0599975585938,10931.0,0.0,0.0,
2017-08-03,101.4000015258789,101.4000015258789,100.6600036621094,100.870002746582,195.0,0.0,0.0,
2017-08-04,100.5599975585938,100.5699996948242,100.5400009155273,100.5699996948242,144.0,0.0,0.0,
2017-08-07,101.0999984741211,101.1800003051758,100.879997253418,100.879997253418,38.0,0.0,0.0,
2017-08-08,100.879997253418,100.879997253418,100.879997253418,100.879997253418,0.0,0.0,0.0,
2017-08-09,100.879997253418,100.879997253418,100.879997253418,100.879997253418,0.0,0.0,0.0,
2017-08-10,98.83000183105467,98.87999725341795,98.7699966430664,98.7699966430664,6043.0,0.0,0.0,
2017-08-11,98.7699966430664,98.7699966430664,98.7699966430664,98.7699966430664,0.0,0.0,0.0,
2017-08-14,98.19000244140624,98.19000244140624,98.19000244140624,98.19000244140624,28.0,0.0,0.0,
2017-08-16,98.19000244140624,98.70999908447266,98.11000061035156,98.70999908447266,7514.0,0.0,0.0,
2017-08-17,99.0999984741211,99.0999984741211,99.0999984741211,99.0999984741211,28.0,0.0,0.0,
2017-08-18,98.83000183105467,104.0,98.48999786376952,99.3000030517578,15043.0,0.0,0.0,
2017-08-21,99.30999755859376,99.30999755859376,98.62999725341795,98.62999725341795,14.0,0.0,0.0,
2017-08-22,98.5500030517578,99.5500030517578,98.5500030517578,99.0,9009.0,0.0,0.0,
2017-08-23,99.4499969482422,99.4499969482422,99.4499969482422,99.4499969482422,65.0,0.0,0.0,
2017-08-24,99.8499984741211,99.8499984741211,99.8499984741211,99.8499984741211,28.0,0.0,0.0,
2017-08-28,100.120002746582,100.120002746582,100.0,100.0,19.0,0.0,0.0,
2017-08-29,99.45999908447266,99.45999908447266,98.98999786376952,98.98999786376952,9985.0,0.0,0.0,
2017-08-30,99.87000274658205,99.87000274658205,99.31999969482422,99.31999969482422,38.0,0.0,0.0,
2017-08-31,99.1999969482422,99.1999969482422,99.1999969482422,99.1999969482422,1.0,0.0,0.0,
2017-09-01,100.5500030517578,100.5500030517578,100.1699981689453,100.1699981689453,69.0,0.0,0.0,
2017-09-04,100.1699981689453,100.7300033569336,100.1100006103516,100.1100006103516,150.0,0.0,0.0,
2017-09-05,100.5299987792969,100.5299987792969,99.69000244140624,99.69000244140624,45.0,0.0,0.0,
2017-09-06,99.69000244140624,99.69000244140624,99.69000244140624,99.69000244140624,0.0,0.0,0.0,
2017-09-07,100.5699996948242,100.5699996948242,99.62999725341795,99.62999725341795,155.0,0.0,0.0,
2017-09-08,99.75,100.4300003051758,99.5199966430664,99.5199966430664,18.0,0.0,0.0,
2017-09-11,99.5199966430664,100.8899993896484,99.5199966430664,100.3899993896484,51.0,0.0,0.0,
2017-09-12,100.9000015258789,100.9000015258789,100.5500030517578,100.9000015258789,16072.0,0.0,0.0,
2017-09-13,101.0999984741211,101.0999984741211,101.0500030517578,101.0500030517578,7600.0,0.0,0.0,
2017-09-14,101.0100021362305,101.0100021362305,101.0100021362305,101.0100021362305,7500.0,0.0,0.0,
2017-09-15,100.4199981689453,100.75,100.4199981689453,100.75,154.0,0.0,0.0,
2017-09-18,101.2600021362305,101.7200012207031,101.2300033569336,101.2699966430664,6037.0,0.0,0.0,
2017-09-19,101.5,101.5,101.1100006103516,101.1999969482422,5594.0,0.0,0.0,
2017-09-20,101.129997253418,101.129997253418,101.129997253418,101.129997253418,4000.0,0.0,0.0,
2017-09-21,100.9100036621094,100.9100036621094,100.9100036621094,100.9100036621094,46.0,0.0,0.0,
2017-09-22,100.2399978637695,100.2699966430664,100.2399978637695,100.2699966430664,33.0,0.0,0.0,
2017-09-25,98.9499969482422,100.0,98.7699966430664,100.0,90.0,0.0,0.0,
2017-09-26,99.20999908447266,99.20999908447266,98.52999877929688,98.52999877929688,30.0,0.0,0.0,
2017-09-27,98.7300033569336,98.7300033569336,97.87000274658205,97.87000274658205,10000.0,0.0,0.0,
2017-09-28,96.5500030517578,96.5500030517578,96.5500030517578,96.5500030517578,90.0,0.0,0.0,
2017-09-29,99.0,99.0,99.0,99.0,10.0,0.0,0.0,
2017-10-03,98.9000015258789,99.0999984741211,98.77999877929688,98.9800033569336,100.0,0.0,0.0,
2017-10-04,99.26000213623048,100.0199966430664,99.26000213623048,100.0199966430664,97.0,0.0,0.0,
2017-10-05,100.3499984741211,100.3499984741211,100.0100021362305,100.0100021362305,20.0,0.0,0.0,
2017-10-06,100.0500030517578,100.0500030517578,100.0500030517578,100.0500030517578,500.0,0.0,0.0,
2017-10-09,100.0500030517578,101.0500030517578,100.0500030517578,100.8499984741211,24.0,0.0,0.0,
2017-10-10,100.3000030517578,100.3000030517578,100.2600021362305,100.2600021362305,37.0,0.0,0.0,
2017-10-11,101.0899963378906,101.0899963378906,101.0899963378906,101.0899963378906,2500.0,0.0,0.0,
2017-10-12,100.8000030517578,100.8000030517578,100.5999984741211,100.5999984741211,1027.0,0.0,0.0,
2017-10-13,101.9199981689453,101.9499969482422,101.8600006103516,101.8600006103516,598.0,0.0,0.0,
2017-10-16,102.9499969482422,102.9499969482422,102.6900024414062,102.6900024414062,5.0,0.0,0.0,
2017-10-17,101.9000015258789,101.9000015258789,101.9000015258789,101.9000015258789,4100.0,0.0,0.0,
2017-10-18,102.25,102.25,102.2099990844727,102.2099990844727,31.0,0.0,0.0,
2017-10-19,102.2099990844727,102.2099990844727,102.2099990844727,102.2099990844727,0.0,0.0,0.0,
2017-10-23,101.75,101.9599990844727,101.6800003051758,101.9599990844727,209.0,0.0,0.0,
2017-10-24,102.1900024414062,102.1900024414062,102.1900024414062,102.1900024414062,2500.0,0.0,0.0,
2017-10-25,102.1900024414062,102.1900024414062,102.1900024414062,102.1900024414062,0.0,0.0,0.0,
2017-10-26,103.4499969482422,103.5,103.2699966430664,103.5,2332.0,0.0,0.0,
2017-10-27,103.620002746582,103.620002746582,103.620002746582,103.620002746582,2500.0,0.0,0.0,
2017-10-30,103.8099975585938,104.1699981689453,103.8099975585938,103.8300018310547,1087.0,0.0,0.0,
2017-10-31,103.75,103.75,103.75,103.75,1000.0,0.0,0.0,
2017-11-01,104.5199966430664,104.7600021362305,104.5199966430664,104.7600021362305,2525.0,0.0,0.0,
2017-11-02,104.9199981689453,104.9199981689453,104.6399993896484,104.8199996948242,3307.0,0.0,0.0,
2017-11-03,104.5999984741211,105.1900024414062,104.5999984741211,104.8899993896484,915.0,0.0,0.0,
2017-11-06,104.8300018310547,105.0400009155273,104.8300018310547,105.0400009155273,2713.0,0.0,0.0,
2017-11-07,105.0400009155273,105.0400009155273,105.0400009155273,105.0400009155273,0.0,0.0,0.0,
2017-11-08,105.0400009155273,105.0400009155273,105.0400009155273,105.0400009155273,0.0,0.0,0.0,
2017-11-09,102.6500015258789,102.8499984741211,102.6500015258789,102.8499984741211,22500.0,0.0,0.0,
2017-11-10,103.3499984741211,103.3600006103516,102.5999984741211,102.5999984741211,7535.0,0.0,0.0,
2017-11-13,103.3000030517578,103.3000030517578,102.4199981689453,102.4199981689453,93.0,0.0,0.0,
2017-11-14,102.4199981689453,102.4199981689453,102.4199981689453,102.4199981689453,0.0,0.0,0.0,
2017-11-15,102.4199981689453,102.4199981689453,102.4199981689453,102.4199981689453,0.0,0.0,0.0,
2017-11-16,102.4199981689453,102.4199981689453,102.4199981689453,102.4199981689453,0.0,0.0,0.0,
2017-11-17,102.9800033569336,102.9800033569336,102.8099975585938,102.8099975585938,100.0,0.0,0.0,
2017-11-20,103.1800003051758,103.2699966430664,103.1800003051758,103.2699966430664,532.0,0.0,0.0,
2017-11-21,103.7399978637695,103.7399978637695,103.0800018310547,103.0800018310547,4050.0,0.0,0.0,
2017-11-22,103.7799987792969,103.7799987792969,103.25,103.25,11531.0,0.0,0.0,
2017-11-23,103.25,103.25,103.25,103.25,0.0,0.0,0.0,
2017-11-24,103.4700012207031,103.4700012207031,103.4700012207031,103.4700012207031,1000.0,0.0,0.0,
2017-11-27,104.1100006103516,104.1100006103516,103.0899963378906,103.5400009155273,7521.0,0.0,0.0,
2017-11-28,103.75,103.75,103.75,103.75,167.0,0.0,0.0,
2017-11-29,104.0100021362305,104.5500030517578,103.5,103.9199981689453,39701.0,0.0,0.0,
2017-11-30,103.0,103.370002746582,102.8000030517578,103.0500030517578,3145.0,0.0,0.0,
2017-12-01,103.7699966430664,103.8000030517578,102.0,102.0,7525.0,0.0,0.0,
2017-12-04,101.8600006103516,101.879997253418,101.8300018310547,101.879997253418,53.0,0.0,0.0,
2017-12-05,101.879997253418,101.879997253418,101.879997253418,101.879997253418,0.0,0.0,0.0,
2017-12-06,101.25,101.4000015258789,101.0999984741211,101.4000015258789,15011.0,0.0,0.0,
2017-12-07,101.3499984741211,102.4499969482422,101.3499984741211,102.4100036621094,71.0,0.0,0.0,
2017-12-08,102.4100036621094,102.4100036621094,102.4100036621094,102.4100036621094,0.0,0.0,0.0,
2017-12-11,103.9400024414062,103.9400024414062,103.25,103.25,535.0,0.0,0.0,
2017-12-12,104.0,104.0,102.1500015258789,102.1500015258789,7641.0,0.0,0.0,
2017-12-13,102.1500015258789,102.1500015258789,102.1500015258789,102.1500015258789,0.0,0.0,0.0,
2017-12-14,102.1500015258789,102.1500015258789,102.1500015258789,102.1500015258789,0.0,0.0,0.0,
2017-12-15,102.1500015258789,102.1500015258789,102.1500015258789,102.1500015258789,0.0,0.0,0.0,
2017-12-18,104.0999984741211,104.6500015258789,104.0999984741211,104.6500015258789,67.0,0.0,0.0,
2017-12-19,104.6500015258789,104.6500015258789,104.6500015258789,104.6500015258789,0.0,0.0,0.0,
2017-12-20,104.6500015258789,104.6500015258789,104.6500015258789,104.6500015258789,0.0,0.0,0.0,
2017-12-21,104.6500015258789,104.6500015258789,104.2099990844727,104.2099990844727,600.0,0.0,0.0,
2017-12-22,105.3199996948242,105.3199996948242,104.4499969482422,105.1399993896484,22542.0,0.0,0.0,
2017-12-26,105.0999984741211,105.1100006103516,104.4000015258789,104.4000015258789,84.0,0.0,0.0,
2017-12-27,105.5100021362305,105.5100021362305,104.7699966430664,104.7699966430664,21008.0,0.0,0.0,
2017-12-28,104.4000015258789,104.4000015258789,104.4000015258789,104.4000015258789,1.0,0.0,0.0,
2017-12-29,105.0199966430664,105.0199966430664,104.4400024414062,104.4400024414062,7501.0,0.0,0.0,
2018-01-01,105.5,105.5,104.8499984741211,105.370002746582,30577.0,0.0,0.0,
2018-01-02,104.8899993896484,104.8899993896484,104.7900009155273,104.7900009155273,21.0,0.0,0.0,
2018-01-03,105.7300033569336,105.7300033569336,104.5800018310547,104.5800018310547,137.0,0.0,0.0,
2018-01-04,104.5199966430664,105.0999984741211,104.5199966430664,105.0999984741211,7593.0,0.0,0.0,
2018-01-05,105.9800033569336,105.9800033569336,105.1999969482422,105.1999969482422,5514.0,0.0,0.0,
2018-01-08,105.1999969482422,105.1999969482422,105.1999969482422,105.1999969482422,0.0,0.0,0.0,
2018-01-09,106.6600036621094,106.6600036621094,105.9700012207031,105.9700012207031,70.0,0.0,0.0,
2018-01-10,105.9700012207031,105.9700012207031,105.9700012207031,105.9700012207031,0.0,0.0,0.0,
2018-01-11,105.9700012207031,105.9700012207031,105.9700012207031,105.9700012207031,0.0,0.0,0.0,
2018-01-12,107.1800003051758,107.1800003051758,106.5500030517578,106.5500030517578,6116.0,0.0,0.0,
2018-01-15,106.5500030517578,106.5500030517578,106.5500030517578,106.5500030517578,0.0,0.0,0.0,
2018-01-16,107.3499984741211,107.8300018310547,107.3499984741211,107.5500030517578,127.0,0.0,0.0,
2018-01-17,107.5100021362305,107.5100021362305,107.5,107.5,53.0,0.0,0.0,
2018-01-18,108.4499969482422,108.8000030517578,108.0999984741211,108.0999984741211,9528.0,0.0,0.0,
2018-01-19,108.9700012207031,109.0,108.1999969482422,108.5,2108.0,0.0,0.0,
2018-01-22,109.7799987792969,109.9400024414062,109.0,109.0,123.0,0.0,0.0,
2018-01-23,109.0,109.0,109.0,109.0,0.0,0.0,0.0,
2018-01-24,109.0,109.0,109.0,109.0,0.0,0.0,0.0,
2018-01-25,109.0,109.0,109.0,109.0,0.0,0.0,0.0,
2018-01-29,109.0,109.0,109.0,109.0,0.0,0.0,0.0,
2018-01-30,111.7200012207031,111.7200012207031,110.620002746582,110.620002746582,40.0,0.0,0.0,
2018-01-31,112.0,112.0,111.3499984741211,111.4199981689453,905.0,0.0,0.0,
2018-02-01,111.9199981689453,111.9400024414062,111.8300018310547,111.8300018310547,30.0,0.0,0.0,
2018-02-02,109.4000015258789,110.1600036621094,108.6500015258789,108.6500015258789,83.0,0.0,0.0,
2018-02-05,107.6699981689453,107.7099990844727,106.5100021362305,107.7099990844727,18385.0,0.0,0.0,
2018-02-06,107.7099990844727,107.7099990844727,107.7099990844727,107.7099990844727,0.0,0.0,0.0,
2018-02-07,105.9800033569336,105.9800033569336,105.1500015258789,105.1500015258789,7530.0,0.0,0.0,
2018-02-08,105.1500015258789,105.1500015258789,105.1500015258789,105.1500015258789,0.0,0.0,0.0,
2018-02-09,105.0999984741211,105.0999984741211,105.0,105.0,205.0,0.0,0.0,
2018-02-12,105.3899993896484,105.7399978637695,105.3499984741211,105.7399978637695,1053.0,0.0,0.0,
2018-02-14,105.0,106.3399963378906,105.0,105.3300018310547,17.0,0.0,0.0,
2018-02-15,105.9499969482422,107.3000030517578,105.9499969482422,107.0,7505.0,0.0,0.0,
2018-02-16,107.0299987792969,107.0299987792969,105.1999969482422,106.4300003051758,2003.0,0.0,0.0,
2018-02-19,103.9700012207031,105.5699996948242,103.9700012207031,105.5699996948242,68.0,0.0,0.0,
2018-02-20,104.7900009155273,104.7900009155273,104.4800033569336,104.4800033569336,13.0,0.0,0.0,
2018-02-21,104.4700012207031,104.4700012207031,104.4499969482422,104.4499969482422,50.0,0.0,0.0,
2018-02-22,104.4499969482422,104.4499969482422,104.4499969482422,104.4499969482422,0.0,0.0,0.0,
2018-02-23,104.3000030517578,104.9899978637695,104.3000030517578,104.9800033569336,100.0,0.0,0.0,
2018-02-26,104.9800033569336,104.9800033569336,104.9800033569336,104.9800033569336,0.0,0.0,0.0,
2018-02-27,104.9800033569336,104.9800033569336,104.9800033569336,104.9800033569336,0.0,0.0,0.0,
2018-02-28,105.5599975585938,105.7799987792969,105.5599975585938,105.7799987792969,58.0,0.0,0.0,
2018-03-01,105.6999969482422,105.7300033569336,104.5500030517578,104.5500030517578,1061.0,0.0,0.0,
2018-03-05,104.5500030517578,104.5500030517578,104.5500030517578,104.5500030517578,0.0,0.0,0.0,
2018-03-06,104.5500030517578,104.5500030517578,104.5500030517578,104.5500030517578,0.0,0.0,0.0,
2018-03-07,104.5500030517578,104.5500030517578,104.5500030517578,104.5500030517578,0.0,0.0,0.0,
2018-03-08,104.5500030517578,104.5500030517578,104.5500030517578,104.5500030517578,0.0,0.0,0.0,
2018-03-09,104.5500030517578,104.5500030517578,104.5500030517578,104.5500030517578,0.0,0.0,0.0,
2018-03-12,103.0,104.9499969482422,103.0,104.9499969482422,7610.0,0.0,0.0,
2018-03-13,105.0999984741211,106.1999969482422,104.9499969482422,105.629997253418,12810.0,0.0,0.0,
2018-03-14,103.75,103.75,103.75,103.75,1000.0,0.0,0.0,
2018-03-15,104.0500030517578,104.0500030517578,104.0500030517578,104.0500030517578,60.0,0.0,0.0,
2018-03-16,104.1100006103516,104.1100006103516,103.0299987792969,103.0299987792969,127.0,0.0,0.0,
2018-03-19,103.0299987792969,103.0299987792969,102.5,102.6800003051758,804.0,0.0,0.0,
2018-03-20,102.1699981689453,102.1699981689453,101.3000030517578,101.3000030517578,1200.0,0.0,0.0,
2018-03-21,103.2399978637695,103.2399978637695,103.2399978637695,103.2399978637695,46.0,0.0,0.0,
2018-03-22,102.9400024414062,102.9400024414062,102.3600006103516,102.3600006103516,131.0,0.0,0.0,
2018-03-23,100.8000030517578,100.8000030517578,100.5,100.6999969482422,8117.0,0.0,0.0,
2018-03-26,100.8300018310547,100.8300018310547,100.8099975585938,100.8099975585938,33.0,0.0,0.0,
2018-03-27,102.8199996948242,102.8199996948242,102.629997253418,102.629997253418,109.0,0.0,0.0,
2018-03-28,102.4000015258789,102.4000015258789,101.3000030517578,101.3000030517578,1001.0,0.0,0.0,
2018-04-02,102.6600036621094,102.6900024414062,102.5999984741211,102.6500015258789,97.0,0.0,0.0,
2018-04-03,103.4599990844727,103.4899978637695,102.1699981689453,102.1699981689453,287.0,0.0,0.0,
2018-04-04,102.1699981689453,102.1699981689453,102.1699981689453,102.1699981689453,0.0,0.0,0.0,
2018-04-05,103.9100036621094,104.4800033569336,103.9100036621094,104.4800033569336,3.0,0.0,0.0,
2018-04-06,104.4300003051758,104.4300003051758,104.2200012207031,104.2200012207031,102.0,0.0,0.0,
2018-04-09,104.8899993896484,105.0500030517578,104.8899993896484,104.9300003051758,18.0,0.0,0.0,
2018-04-10,105.2900009155273,105.2900009155273,105.2900009155273,105.2900009155273,30.0,0.0,0.0,
2018-04-11,103.379997253418,105.0,103.379997253418,105.0,13.0,0.0,0.0,
2018-04-12,105.2200012207031,105.6100006103516,105.2200012207031,105.6100006103516,27.0,0.0,0.0,
2018-04-13,105.7200012207031,105.9199981689453,105.7200012207031,105.9199981689453,18.0,0.0,0.0,
2018-04-16,105.7399978637695,105.75,105.7399978637695,105.75,2.0,0.0,0.0,
2018-04-17,104.9800033569336,106.3899993896484,104.9400024414062,104.9400024414062,128.0,0.0,0.0,
2018-04-18,106.5599975585938,106.5599975585938,106.5599975585938,106.5599975585938,24.0,0.0,0.0,
2018-04-19,107.1999969482422,107.1999969482422,107.1999969482422,107.1999969482422,25.0,0.0,0.0,
2018-04-20,106.4400024414062,106.4400024414062,105.5,105.5,11.0,0.0,0.0,
2018-04-23,106.629997253418,107.5299987792969,106.629997253418,107.5299987792969,163.0,0.0,0.0,
2018-04-24,107.2799987792969,107.2799987792969,106.0,106.0,222.0,0.0,0.0,
2018-04-25,105.9000015258789,106.0,105.5,105.5,152.0,0.0,0.0,
2018-04-26,104.4000015258789,107.25,104.4000015258789,106.0500030517578,305.0,0.0,0.0,
2018-04-27,108.75,108.75,107.3000030517578,107.3000030517578,150.0,0.0,0.0,
2018-04-30,108.9599990844727,109.0,108.9499969482422,109.0,54.0,0.0,0.0,
2018-05-02,109.120002746582,109.120002746582,107.6999969482422,108.0,401.0,0.0,0.0,
2018-05-03,108.4800033569336,108.5,108.4800033569336,108.5,34.0,0.0,0.0,
2018-05-04,106.6999969482422,107.8899993896484,106.6999969482422,107.8899993896484,8.0,0.0,0.0,
2018-05-07,107.8499984741211,108.75,107.8499984741211,108.75,50.0,0.0,0.0,
2018-05-08,107.4499969482422,107.4499969482422,107.4499969482422,107.4499969482422,22.0,0.0,0.0,
2018-05-09,107.4499969482422,107.4499969482422,107.4499969482422,107.4499969482422,0.0,0.0,0.0,
2018-05-10,109.129997253418,109.129997253418,107.6699981689453,107.6699981689453,50.0,0.0,0.0,
2018-05-11,107.6999969482422,108.2200012207031,107.6999969482422,108.2200012207031,145.0,0.0,0.0,
2018-05-14,108.1999969482422,109.879997253418,108.1999969482422,109.879997253418,53.0,0.0,0.0,
2018-05-15,110.5400009155273,110.5400009155273,110.5400009155273,110.5400009155273,4.0,0.0,0.0,
2018-05-16,108.7200012207031,108.7200012207031,108.7200012207031,108.7200012207031,1.0,0.0,0.0,
2018-05-17,108.7699966430664,108.7699966430664,108.6800003051758,108.6800003051758,49.0,0.0,0.0,
2018-05-18,107.9599990844727,107.9599990844727,107.6500015258789,107.6500015258789,48.0,0.0,0.0,
2018-05-21,107.4100036621094,107.4100036621094,107.3899993896484,107.3899993896484,68.0,0.0,0.0,
2018-05-22,107.0199966430664,107.0299987792969,107.0199966430664,107.0299987792969,30.0,0.0,0.0,
2018-05-23,106.4000015258789,106.4899978637695,106.4000015258789,106.4899978637695,97.0,0.0,0.0,
2018-05-24,105.5800018310547,106.0299987792969,105.5800018310547,106.0299987792969,23.0,0.0,0.0,
2018-05-25,106.0299987792969,106.0299987792969,106.0299987792969,106.0299987792969,0.0,0.0,0.0,
2018-05-28,107.9800033569336,108.0699996948242,107.9800033569336,108.0699996948242,18.0,0.0,0.0,
2018-05-29,108.0999984741211,108.0999984741211,108.0999984741211,108.0999984741211,1.0,0.0,0.0,
2018-05-30,107.1999969482422,107.1999969482422,106.9000015258789,106.9000015258789,17.0,0.0,0.0,
2018-05-31,107.6900024414062,107.6900024414062,107.6900024414062,107.6900024414062,26.0,0.0,0.0,
2018-06-01,109.2099990844727,109.2099990844727,108.6800003051758,108.6800003051758,15.0,0.0,0.0,
2018-06-04,108.1900024414062,108.1900024414062,106.7300033569336,106.7300033569336,58.0,0.0,0.0,
2018-06-05,107.7099990844727,107.7099990844727,106.1999969482422,106.1999969482422,238.0,0.0,0.0,
2018-06-06,106.1999969482422,106.1999969482422,106.1999969482422,106.1999969482422,0.0,0.0,0.0,
2018-06-07,109.1699981689453,109.1699981689453,109.1699981689453,109.1699981689453,8.0,0.0,0.0,
2018-06-08,107.1699981689453,108.9300003051758,107.1699981689453,108.9300003051758,217.0,0.0,0.0,
2018-06-11,109.9599990844727,109.9599990844727,109.9599990844727,109.9599990844727,34.0,0.0,0.0,
2018-06-12,107.9000015258789,109.0,107.9000015258789,108.1600036621094,72.0,0.0,0.0,
2018-06-13,110.3000030517578,110.3000030517578,110.0,110.0,19.0,0.0,0.0,
2018-06-14,110.0,110.0,110.0,110.0,0.0,0.0,0.0,
2018-06-15,108.1999969482422,109.4300003051758,108.1999969482422,109.4300003051758,161742.0,0.0,0.0,
2018-06-18,109.8600006103516,109.8600006103516,109.0,109.5,11661.0,0.0,0.0,
2018-06-19,108.2600021362305,109.4199981689453,108.2600021362305,109.4199981689453,291.0,0.0,0.0,
2018-06-20,108.6500015258789,109.0,108.6500015258789,109.0,2.0,0.0,0.0,
2018-06-21,109.8399963378906,109.8399963378906,109.8399963378906,109.8399963378906,43.0,0.0,0.0,
2018-06-22,109.3300018310547,109.3300018310547,108.2300033569336,109.0,151.0,0.0,0.0,
2018-06-25,110.1800003051758,110.1800003051758,108.8000030517578,108.8000030517578,95.0,0.0,0.0,
2018-06-26,109.5899963378906,109.5899963378906,109.5899963378906,109.5899963378906,1.0,0.0,0.0,
2018-06-27,108.3899993896484,109.5500030517578,108.3899993896484,109.3300018310547,28.0,0.0,0.0,
2018-06-28,109.3300018310547,109.3300018310547,109.3300018310547,109.3300018310547,0.0,0.0,0.0,
2018-06-29,108.4300003051758,108.8499984741211,108.4300003051758,108.8499984741211,3.0,0.0,0.0,
2018-07-02,108.5999984741211,108.5999984741211,108.5999984741211,108.5999984741211,64.0,0.0,0.0,
2018-07-03,107.2200012207031,109.1699981689453,107.2200012207031,109.1699981689453,41.0,0.0,0.0,
2018-07-04,109.8899993896484,109.8899993896484,108.4400024414062,108.4899978637695,7.0,0.0,0.0,
2018-07-05,110.2399978637695,110.2399978637695,110.2399978637695,110.2399978637695,2.0,0.0,0.0,
2018-07-06,110.2399978637695,110.2399978637695,110.2399978637695,110.2399978637695,0.0,0.0,0.0,
2018-07-09,109.75,109.75,109.5,109.6999969482422,162.0,0.0,0.0,
2018-07-10,109.75,111.6500015258789,109.75,110.1900024414062,249.0,0.0,0.0,
2018-07-11,110.1500015258789,110.1500015258789,110.1500015258789,110.1500015258789,6.0,0.0,0.0,
2018-07-12,112.5800018310547,112.5800018310547,112.5800018310547,112.5800018310547,25.0,0.0,0.0,
2018-07-13,113.0100021362305,113.0100021362305,111.0699996948242,112.5999984741211,297.0,0.0,0.0,
2018-07-16,112.5800018310547,112.5800018310547,112.5800018310547,112.5800018310547,3.0,0.0,0.0,
2018-07-17,112.4599990844727,112.4599990844727,110.7900009155273,111.2900009155273,1077.0,0.0,0.0,
2018-07-18,112.9499969482422,112.9499969482422,112.9499969482422,112.9499969482422,27.0,0.0,0.0,
2018-07-19,112.0199966430664,112.0199966430664,110.9100036621094,111.8000030517578,69.0,0.0,0.0,
2018-07-20,111.8000030517578,111.8000030517578,111.8000030517578,111.8000030517578,0.0,0.0,0.0,
2018-07-23,113.0299987792969,113.0299987792969,111.5800018310547,111.5800018310547,264.0,0.0,0.0,
2018-07-24,113.9599990844727,113.9599990844727,112.5500030517578,112.5500030517578,250.0,0.0,0.0,
2018-07-25,112.5500030517578,112.5500030517578,112.5500030517578,112.5500030517578,0.0,0.0,0.0,
2018-07-26,112.5500030517578,114.4100036621094,112.5500030517578,114.4100036621094,1329.0,0.0,0.0,
2018-07-27,114.4100036621094,114.4100036621094,114.4100036621094,114.4100036621094,8.0,0.0,0.0,
2018-07-30,115.75,115.75,115.5,115.5,35.0,0.0,0.0,
2018-07-31,115.6399993896484,115.6500015258789,115.6399993896484,115.6500015258789,55.0,0.0,0.0,
2018-08-01,115.6500015258789,115.6500015258789,115.6500015258789,115.6500015258789,0.0,0.0,0.0,
2018-08-02,115.6500015258789,115.6500015258789,113.6900024414062,114.1900024414062,343.0,0.0,0.0,
2018-08-03,115.9499969482422,115.9499969482422,115.9499969482422,115.9499969482422,27.0,0.0,0.0,
2018-08-06,115.0,116.5800018310547,114.9800033569336,114.9800033569336,110.0,0.0,0.0,
2018-08-07,116.3600006103516,116.3600006103516,115.0199966430664,115.0199966430664,10.0,0.0,0.0,
2018-08-08,115.0199966430664,115.0199966430664,115.0199966430664,115.0199966430664,0.0,0.0,0.0,
2018-08-09,116.0999984741211,116.0999984741211,116.0999984741211,116.0999984741211,50.0,0.0,0.0,
2018-08-10,117.4000015258789,117.4000015258789,115.2699966430664,115.2699966430664,82.0,0.0,0.0,
2018-08-13,115.0,116.0599975585938,115.0,116.0599975585938,40.0,0.0,0.0,
2018-08-14,117.2099990844727,117.2099990844727,117.2099990844727,117.2099990844727,20.0,0.0,0.0,
2018-08-16,116.6800003051758,116.6800003051758,116.6800003051758,116.6800003051758,10.0,0.0,0.0,
2018-08-17,117.0500030517578,117.2600021362305,115.6699981689453,115.6699981689453,130.0,0.0,0.0,
2018-08-20,118.370002746582,118.3899993896484,116.5999984741211,116.6100006103516,71.0,0.0,0.0,
2018-08-21,117.75,117.75,116.7099990844727,116.7099990844727,45.0,0.0,0.0,
2018-08-23,117.9000015258789,117.9000015258789,116.629997253418,116.629997253418,84.0,0.0,0.0,
2018-08-24,118.0100021362305,118.0100021362305,116.7699966430664,116.7699966430664,22.0,0.0,0.0,
2018-08-27,118.5800018310547,118.5800018310547,118.5800018310547,118.5800018310547,14.0,0.0,0.0,
2018-08-28,120.0899963378906,120.25,120.0899963378906,120.25,11.0,0.0,0.0,
2018-08-29,119.5500030517578,119.5500030517578,118.4000015258789,118.4499969482422,89.0,0.0,0.0,
2018-08-30,117.8499984741211,119.25,117.8499984741211,119.0,168.0,0.0,0.0,
2018-08-31,120.0599975585938,120.0599975585938,119.2200012207031,119.2200012207031,60.0,0.0,0.0,
2018-09-03,119.9000015258789,119.9000015258789,118.629997253418,118.629997253418,67.0,0.0,0.0,
2018-09-04,116.4000015258789,116.5,116.4000015258789,116.5,150.0,0.0,0.0,
2018-09-05,116.5,116.5,116.5,116.5,0.0,0.0,0.0,
2018-09-06,116.5,116.5,116.5,116.5,0.0,0.0,0.0,
2018-09-07,118.0199966430664,118.0199966430664,118.0199966430664,118.0199966430664,9.0,0.0,0.0,
2018-09-10,115.9400024414062,117.9599990844727,115.9400024414062,117.9599990844727,77.0,0.0,0.0,
2018-09-11,115.0599975585938,117.3199996948242,115.0199966430664,117.3199996948242,25.0,0.0,0.0,
2018-09-12,116.1900024414062,116.5299987792969,116.1900024414062,116.5299987792969,74.0,0.0,0.0,
2018-09-14,117.8099975585938,117.9400024414062,117.8099975585938,117.9400024414062,17.0,0.0,0.0,
2018-09-17,117.1999969482422,117.1999969482422,117.1999969482422,117.1999969482422,22.0,0.0,0.0,
2018-09-18,116.7699966430664,116.7699966430664,116.7699966430664,116.7699966430664,24.0,0.0,0.0,
2018-09-19,116.2300033569336,116.2300033569336,113.6999969482422,116.0299987792969,75.0,0.0,0.0,
2018-09-21,116.0299987792969,116.3399963378906,116.0,116.0,70.0,0.0,0.0,
2018-09-24,114.0800018310547,114.0800018310547,114.0800018310547,114.0800018310547,80.0,0.0,0.0,
2018-09-25,114.0800018310547,114.0800018310547,114.0800018310547,114.0800018310547,0.0,0.0,0.0,
2018-09-26,113.9000015258789,113.9000015258789,113.2600021362305,113.2600021362305,18.0,0.0,0.0,
2018-09-27,113.6399993896484,113.6399993896484,113.6399993896484,113.6399993896484,8.0,0.0,0.0,
2018-09-28,113.0599975585938,113.0599975585938,110.0,110.0,20.0,0.0,0.0,
2018-10-01,112.0500030517578,112.0800018310547,109.2600021362305,109.2600021362305,89.0,0.0,0.0,
2018-10-03,112.3600006103516,112.3600006103516,111.8600006103516,111.8600006103516,142.0,0.0,0.0,
2018-10-04,111.8600006103516,111.8600006103516,111.8600006103516,111.8600006103516,0.0,0.0,0.0,
2018-10-05,108.3399963378906,108.3399963378906,106.5,106.5,152.0,0.0,0.0,
2018-10-08,106.1800003051758,106.8000030517578,105.0800018310547,105.9499969482422,43.0,0.0,0.0,
2018-10-09,105.9499969482422,105.9499969482422,105.9499969482422,105.9499969482422,0.0,0.0,0.0,
2018-10-10,106.9899978637695,107.0699996948242,105.9499969482422,105.9499969482422,75.0,0.0,0.0,
2018-10-11,105.9499969482422,105.9499969482422,105.9499969482422,105.9499969482422,0.0,0.0,0.0,
2018-10-12,105.5,105.5,105.5,105.5,26.0,0.0,0.0,
2018-10-15,107.0500030517578,108.25,107.0500030517578,108.25,22.0,0.0,0.0,
2018-10-16,105.0199966430664,105.0199966430664,105.0199966430664,105.0199966430664,100.0,0.0,0.0,
2018-10-17,108.9000015258789,108.9000015258789,107.8000030517578,107.8000030517578,27.0,0.0,0.0,
2018-10-19,106.2399978637695,106.2699966430664,106.2300033569336,106.2699966430664,53.0,0.0,0.0,
2018-10-22,105.6999969482422,106.2099990844727,105.6999969482422,105.6999969482422,152.0,0.0,0.0,
2018-10-23,105.2799987792969,107.5999984741211,101.1999969482422,104.8300018310547,142.0,0.0,0.0,
2018-10-24,106.370002746582,106.370002746582,101.0,101.0,311.0,0.0,0.0,
2018-10-25,100.4400024414062,105.0,100.4400024414062,105.0,59.0,0.0,0.0,
2018-10-26,104.2200012207031,104.2200012207031,104.1999969482422,104.1999969482422,67.0,0.0,0.0,
2018-10-29,104.5400009155273,104.5400009155273,104.5400009155273,104.5400009155273,18.0,0.0,0.0,
2018-10-30,104.5400009155273,104.5400009155273,104.5400009155273,104.5400009155273,0.0,0.0,0.0,
2018-10-31,105.0,107.4700012207031,105.0,107.4700012207031,191.0,0.0,0.0,
2018-11-01,101.0,124.0,86.0,107.0699996948242,194.0,0.0,0.0,
2018-11-02,109.0800018310547,109.0800018310547,104.4499969482422,105.0,42.0,0.0,0.0,
2018-11-05,108.9899978637695,109.1999969482422,104.0,104.0,131.0,0.0,0.0,
2018-11-06,104.0,104.0,104.0,104.0,0.0,0.0,0.0,
2018-11-07,104.0,104.0,104.0,104.0,0.0,0.0,0.0,
2018-11-09,111.0,111.0,105.0,110.0,11.0,0.0,0.0,
2018-11-12,125.0,129.1999969482422,111.0400009155273,123.0,128.0,0.0,0.0,
2018-11-13,110.0,114.7900009155273,92.02999877929688,113.5500030517578,705.0,0.0,0.0,
2018-11-14,108.0,108.0,105.4400024414062,105.4400024414062,102.0,0.0,0.0,
2018-11-15,110.0,110.0,104.9400024414062,104.9800033569336,34.0,0.0,0.0,
2018-11-16,104.9800033569336,104.9800033569336,104.9800033569336,104.9800033569336,0.0,0.0,0.0,
2018-11-19,110.5,129.1999969482422,105.0,106.5800018310547,3974.0,0.0,0.0,
2018-11-20,107.5,107.5,105.5999984741211,105.5999984741211,220.0,0.0,0.0,
2018-11-21,105.5999984741211,110.9499969482422,105.5999984741211,107.9499969482422,159.0,0.0,0.0,
2018-11-22,107.0,107.0,105.6100006103516,105.6100006103516,23.0,0.0,0.0,
2018-11-26,110.0,110.5,103.9599990844727,106.9499969482422,163.0,0.0,0.0,
2018-11-27,109.9400024414062,109.9400024414062,104.9499969482422,104.9499969482422,14.0,0.0,0.0,
2018-11-28,109.8899993896484,109.8899993896484,106.0,106.0,21.0,0.0,0.0,
2018-11-29,106.6800003051758,109.8899993896484,106.6800003051758,109.8899993896484,26.0,0.0,0.0,
2018-11-30,109.8899993896484,109.8899993896484,109.8899993896484,109.8899993896484,0.0,0.0,0.0,
2018-12-03,109.0,110.5,107.0,107.0,45.0,0.0,0.0,
2018-12-04,106.7900009155273,106.8000030517578,106.7900009155273,106.8000030517578,232.0,0.0,0.0,
2018-12-05,109.9499969482422,109.9499969482422,106.2600021362305,108.9000015258789,34.0,0.0,0.0,
2018-12-06,108.9000015258789,108.9000015258789,108.9000015258789,108.9000015258789,0.0,0.0,0.0,
2018-12-07,108.7699966430664,108.7799987792969,106.0100021362305,106.0100021362305,1607.0,0.0,0.0,
2018-12-10,108.9899978637695,110.5,108.9899978637695,110.3000030517578,64.0,0.0,0.0,
2018-12-11,110.5,111.0,106.0,106.0500030517578,50.0,0.0,0.0,
2018-12-12,110.5,112.9499969482422,106.25,106.25,32.0,0.0,0.0,
2018-12-13,110.9000015258789,111.0199966430664,106.5199966430664,106.5500030517578,28.0,0.0,0.0,
2018-12-14,106.5500030517578,106.5500030517578,106.5500030517578,106.5500030517578,0.0,0.0,0.0,
2018-12-17,106.5500030517578,106.5500030517578,106.5500030517578,106.5500030517578,0.0,0.0,0.0,
2018-12-18,106.5500030517578,106.5500030517578,106.5500030517578,106.5500030517578,0.0,0.0,0.0,
2018-12-19,106.5500030517578,106.5500030517578,106.5500030517578,106.5500030517578,0.0,0.0,0.0,
2018-12-20,111.0,111.0,110.0,110.0,108.0,0.0,0.0,
2018-12-21,110.5,110.5,109.0,110.0,62.0,0.0,0.0,
2018-12-24,110.0,110.0,110.0,110.0,0.0,0.0,0.0,
2018-12-26,110.0,110.0,110.0,110.0,0.0,0.0,0.0,
2018-12-27,110.0,110.0,110.0,110.0,0.0,0.0,0.0,
2018-12-28,120.0,120.0,109.5,110.0,94.0,0.0,0.0,
2018-12-31,112.1399993896484,112.1399993896484,112.0999984741211,112.0999984741211,134.0,0.0,0.0,
2019-01-01,112.0999984741211,112.0999984741211,112.0999984741211,112.0999984741211,0.0,0.0,0.0,
2019-01-02,111.9700012207031,111.9700012207031,106.4700012207031,106.4700012207031,24.0,0.0,0.0,
2019-01-03,111.3000030517578,111.3000030517578,106.0999984741211,106.0999984741211,50.0,0.0,0.0,
2019-01-04,106.0999984741211,106.0999984741211,106.0999984741211,106.0999984741211,200.0,0.0,0.0,
2019-01-07,114.0,114.0,107.0,107.0500030517578,5.0,0.0,0.0,
2019-01-08,107.0500030517578,107.0500030517578,107.0500030517578,107.0500030517578,0.0,0.0,0.0,
2019-01-09,110.0,111.8300018310547,106.2399978637695,106.2399978637695,712.0,0.0,0.0,
2019-01-10,111.0,115.5,106.3399963378906,106.3399963378906,31.0,0.0,0.0,
2019-01-11,106.0699996948242,106.0699996948242,106.0699996948242,106.0699996948242,3.0,0.0,0.0,
2019-01-14,106.0699996948242,106.0699996948242,106.0699996948242,106.0699996948242,0.0,0.0,0.0,
2019-01-15,106.4300003051758,106.620002746582,106.4300003051758,106.620002746582,64.0,0.0,0.0,
2019-01-16,110.0,110.0,107.0599975585938,107.0599975585938,31.0,0.0,0.0,
2019-01-17,107.0599975585938,107.0599975585938,107.0599975585938,107.0599975585938,0.0,0.0,0.0,
2019-01-18,109.9400024414062,109.9400024414062,107.2099990844727,107.2099990844727,37.0,0.0,0.0,
2019-01-21,109.0,109.0,108.0199966430664,108.0199966430664,213.0,0.0,0.0,
2019-01-22,108.0,110.9000015258789,107.0,108.1900024414062,1473.0,0.0,0.0,
2019-01-23,110.4800033569336,110.4800033569336,107.0,107.0,91.0,0.0,0.0,
2019-01-24,109.9499969482422,109.9499969482422,106.7200012207031,107.0699996948242,206.0,0.0,0.0,
2019-01-25,110.9300003051758,110.9300003051758,106.1699981689453,106.1699981689453,51.0,0.0,0.0,
2019-01-28,110.8000030517578,110.8000030517578,106.0100021362305,106.0100021362305,13.0,0.0,0.0,
2019-01-29,107.0,107.0,105.5,105.5,70.0,0.0,0.0,
2019-01-30,105.5,105.5,105.5,105.5,0.0,0.0,0.0,
2019-01-31,109.9400024414062,109.9400024414062,107.5400009155273,109.0,710.0,0.0,0.0,
2019-02-01,109.3000030517578,109.4599990844727,109.3000030517578,109.3000030517578,83.0,0.0,0.0,
2019-02-04,109.3000030517578,109.3000030517578,109.3000030517578,109.3000030517578,0.0,0.0,0.0,
2019-02-05,109.3000030517578,109.3000030517578,109.3000030517578,109.3000030517578,0.0,0.0,0.0,
2019-02-06,110.9199981689453,110.9199981689453,110.9199981689453,110.9199981689453,2.0,0.0,0.0,
2019-02-07,110.9199981689453,110.9199981689453,110.9199981689453,110.9199981689453,0.0,0.0,0.0,
2019-02-08,113.0999984741211,113.0999984741211,113.0999984741211,113.0999984741211,100.0,0.0,0.0,
2019-02-11,109.0800018310547,111.9000015258789,109.0800018310547,109.5599975585938,222.0,0.0,0.0,
2019-02-12,112.129997253418,112.2900009155273,112.129997253418,112.2900009155273,26.0,0.0,0.0,
2019-02-14,113.0,116.0,106.3300018310547,106.3300018310547,553.0,0.0,0.0,
2019-02-15,106.3300018310547,106.3300018310547,106.3300018310547,106.3300018310547,1.0,0.0,0.0,
2019-02-18,105.0,113.0,103.9199981689453,103.9700012207031,473.0,0.0,0.0,
2019-02-19,110.0400009155273,110.1999969482422,104.7399978637695,104.7399978637695,36.0,0.0,0.0,
2019-02-20,110.1399993896484,110.1399993896484,105.6100006103516,105.6100006103516,68.0,0.0,0.0,
2019-02-21,110.5800018310547,110.5800018310547,106.0599975585938,106.3899993896484,194.0,0.0,0.0,
2019-02-22,106.6999969482422,106.6999969482422,106.6999969482422,106.6999969482422,1.0,0.0,0.0,
2019-02-25,113.0,130.0,106.0699996948242,111.0,1661.0,0.0,0.0,
2019-02-26,111.0,111.0,107.3499984741211,108.0,43.0,0.0,0.0,
2019-02-27,112.4000015258789,112.5100021362305,107.0,107.0,392.0,0.0,0.0,
2019-02-28,107.0,107.0,107.0,107.0,0.0,0.0,0.0,
2019-03-01,107.0,107.0,107.0,107.0,0.0,0.0,0.0,
2019-03-05,112.5,114.0199966430664,112.0500030517578,114.0199966430664,64.0,0.0,0.0,
2019-03-06,114.0199966430664,114.0199966430664,114.0199966430664,114.0199966430664,0.0,0.0,0.0,
2019-03-07,114.7399978637695,114.7399978637695,114.7399978637695,114.7399978637695,1.0,0.0,0.0,
2019-03-08,114.7399978637695,114.7399978637695,114.7399978637695,114.7399978637695,0.0,0.0,0.0,
2019-03-11,114.0,115.1999969482422,111.0100021362305,111.0100021362305,47.0,0.0,0.0,
2019-03-12,110.0,116.0,110.0,111.6500015258789,1022.0,0.0,0.0,
2019-03-13,113.0,119.0,113.0,115.0,118.0,0.0,0.0,
2019-03-14,113.0,114.9899978637695,112.6999969482422,114.9899978637695,45.0,0.0,0.0,
2019-03-15,113.0100021362305,116.9800033569336,113.0100021362305,116.9800033569336,1000.0,0.0,0.0,
2019-03-18,116.9899978637695,116.9899978637695,116.9899978637695,116.9899978637695,26.0,0.0,0.0,
2019-03-19,117.0,117.9899978637695,113.9300003051758,113.9300003051758,67.0,0.0,0.0,
2019-03-20,114.3499984741211,114.3499984741211,114.3499984741211,114.3499984741211,100.0,0.0,0.0,
2019-03-22,117.0,119.9899978637695,117.0,118.5199966430664,1044.0,0.0,0.0,
2019-03-25,116.9899978637695,117.0,116.9899978637695,117.0,149.0,0.0,0.0,
2019-03-26,117.0,117.7600021362305,117.0,117.4599990844727,104.0,0.0,0.0,
2019-03-27,117.4599990844727,117.4599990844727,117.4599990844727,117.4599990844727,0.0,0.0,0.0,
2019-03-28,119.0,123.0,119.0,123.0,15.0,0.0,0.0,
2019-04-01,124.9000015258789,128.0,120.1699981689453,126.0,47.0,0.0,0.0,
2019-04-02,127.9899978637695,130.0,120.1999969482422,122.1500015258789,31.0,0.0,0.0,
2019-04-03,121.8399963378906,121.8399963378906,121.8399963378906,121.8399963378906,134.0,0.0,0.0,
2019-04-04,119.8600006103516,119.8600006103516,119.8600006103516,119.8600006103516,5.0,0.0,0.0,
2019-04-05,124.9000015258789,124.9000015258789,114.0100021362305,115.9899978637695,156.0,0.0,0.0,
2019-04-08,116.0999984741211,120.0,116.0500030517578,117.7200012207031,2272.0,0.0,0.0,
2019-04-09,119.0,119.0,119.0,119.0,10.0,0.0,0.0,
2019-04-10,120.3000030517578,120.3000030517578,116.2200012207031,117.0,24.0,0.0,0.0,
2019-04-11,118.0,119.1500015258789,116.0100021362305,116.0100021362305,12.0,0.0,0.0,
2019-04-12,119.6500015258789,119.6500015258789,119.3899993896484,119.3899993896484,34.0,0.0,0.0,
2019-04-15,124.9899978637695,124.9899978637695,116.0100021362305,116.0100021362305,27.0,0.0,0.0,
2019-04-16,116.75,120.75,116.75,120.75,33.0,0.0,0.0,
2019-04-18,124.9899978637695,124.9899978637695,116.0999984741211,116.0999984741211,24.0,0.0,0.0,
2019-04-22,119.6500015258789,119.7399978637695,116.0100021362305,119.0100021362305,76.0,0.0,0.0,
2019-04-23,125.0,134.5,125.0,131.0599975585938,741.0,0.0,0.0,
2019-04-24,128.0,132.0,116.0999984741211,117.6100006103516,385.0,0.0,0.0,
2019-04-25,118.0,118.0,117.1999969482422,117.1999969482422,27.0,0.0,0.0,
2019-04-26,116.1999969482422,119.25,116.1999969482422,119.25,270.0,0.0,0.0,
2019-04-30,116.3000030517578,119.9899978637695,116.3000030517578,119.25,63.0,0.0,0.0,
2019-05-02,118.0500030517578,123.0,118.0500030517578,122.9800033569336,61.0,0.0,0.0,
2019-05-03,123.9000015258789,123.9000015258789,120.0,120.0,56.0,0.0,0.0,
2019-05-06,116.0,122.8499984741211,112.8000030517578,120.0,158.0,0.0,0.0,
2019-05-07,118.0,118.3899993896484,116.1999969482422,118.0199966430664,124.0,0.0,0.0,
2019-05-08,118.0199966430664,118.0199966430664,118.0199966430664,118.0199966430664,0.0,0.0,0.0,
2019-05-09,118.0199966430664,118.0199966430664,118.0199966430664,118.0199966430664,0.0,0.0,0.0,
2019-05-10,121.9000015258789,122.0,115.0,115.0,63.0,0.0,0.0,
2019-05-13,115.8000030517578,115.9800033569336,115.75,115.75,65.0,0.0,0.0,
2019-05-14,114.6900024414062,114.6999969482422,113.0100021362305,113.1999969482422,58.0,0.0,0.0,
2019-05-15,112.75,112.75,112.75,112.75,30.0,0.0,0.0,
2019-05-16,117.9899978637695,117.9899978637695,117.9899978637695,117.9899978637695,33.0,0.0,0.0,
2019-05-17,115.0,123.0,112.8000030517578,115.870002746582,207.0,0.0,0.0,
2019-05-20,115.0999984741211,119.9899978637695,115.0999984741211,115.1100006103516,89.0,0.0,0.0,
2019-05-21,115.0999984741211,119.9000015258789,115.0999984741211,116.3000030517578,813.0,0.0,0.0,
2019-05-22,118.9899978637695,119.9000015258789,115.0100021362305,115.0400009155273,245.0,0.0,0.0,
2019-05-23,115.0100021362305,119.0,115.0,118.7900009155273,1631.0,0.0,0.0,
2019-05-24,120.0,123.9899978637695,115.8499984741211,118.0699996948242,397.0,0.0,0.0,
2019-05-27,120.0,121.8000030517578,118.8499984741211,119.2799987792969,81.0,0.0,0.0,
2019-05-28,122.0,122.0,121.0,121.2300033569336,87.0,0.0,0.0,
2019-05-29,119.3499984741211,121.0,119.3499984741211,120.25,71.0,0.0,0.0,
2019-05-30,120.0,122.4499969482422,119.8499984741211,119.8499984741211,141.0,0.0,0.0,
2019-05-31,120.0,122.870002746582,119.0,119.0,54.0,0.0,0.0,
2019-06-03,122.9000015258789,122.9000015258789,118.0,118.0699996948242,390.0,0.0,0.0,
2019-06-04,118.0500030517578,121.5,117.9000015258789,117.9100036621094,136.0,0.0,0.0,
2019-06-06,121.8000030517578,121.8000030517578,117.1500015258789,117.3399963378906,221.0,0.0,0.0,
2019-06-07,117.8000030517578,117.8000030517578,117.8000030517578,117.8000030517578,50.0,0.0,0.0,
2019-06-10,119.8000030517578,122.9000015258789,117.0199966430664,119.0,49.0,0.0,0.0,
2019-06-11,119.75,122.75,119.75,122.4800033569336,359.0,0.0,0.0,
2019-06-12,120.0,123.1999969482422,120.0,123.1999969482422,59.0,0.0,0.0,
2019-06-13,122.7900009155273,123.2699966430664,122.0,123.0400009155273,67.0,0.0,0.0,
2019-06-14,122.0100021362305,122.0100021362305,122.0100021362305,122.0100021362305,20.0,0.0,0.0,
2019-06-17,118.6999969482422,120.5999984741211,118.5699996948242,118.5999984741211,26.0,0.0,0.0,
2019-06-18,120.3000030517578,120.3000030517578,120.0,120.0,6.0,0.0,0.0,
2019-06-19,120.0,120.0,120.0,120.0,0.0,0.0,0.0,
2019-06-20,120.0,120.0,120.0,120.0,0.0,0.0,0.0,
2019-06-21,121.0,121.0,121.0,121.0,3.0,0.0,0.0,
2019-06-24,121.0,121.0,121.0,121.0,0.0,0.0,0.0,
2019-06-25,119.9000015258789,121.2399978637695,119.9000015258789,121.2399978637695,97.0,0.0,0.0,
2019-06-26,121.2399978637695,121.2399978637695,121.2399978637695,121.2399978637695,0.0,0.0,0.0,
2019-06-27,121.2399978637695,121.2399978637695,121.2399978637695,121.2399978637695,0.0,0.0,0.0,
2019-06-28,124.0,132.0,124.0,130.2200012207031,40.0,0.0,0.0,
2019-07-01,124.0,132.0,124.0,131.9299926757812,126.0,0.0,0.0,
2019-07-02,124.0,130.9900054931641,124.0,130.9900054931641,39.0,0.0,0.0,
2019-07-03,124.0500030517578,126.0,121.6999969482422,121.6999969482422,1563.0,0.0,0.0,
2019-07-04,123.1999969482422,123.1999969482422,123.1999969482422,123.1999969482422,100.0,0.0,0.0,
2019-07-05,123.4499969482422,123.4499969482422,120.0299987792969,120.5800018310547,8.0,0.0,0.0,
2019-07-08,119.6999969482422,119.6999969482422,117.0100021362305,117.0100021362305,2.0,0.0,0.0,
2019-07-09,119.1800003051758,119.1800003051758,119.0,119.0,60.0,0.0,0.0,
2019-07-10,119.3499984741211,119.379997253418,118.0,118.5199966430664,96.0,0.0,0.0,
2019-07-11,118.5199966430664,118.5199966430664,118.5199966430664,118.5199966430664,0.0,0.0,0.0,
2019-07-12,119.0299987792969,119.5999984741211,117.5500030517578,119.0100021362305,83.0,0.0,0.0,
2019-07-15,120.0,123.0,119.120002746582,119.120002746582,19.0,0.0,0.0,
2019-07-16,119.6999969482422,119.6999969482422,119.6999969482422,119.6999969482422,1.0,0.0,0.0,
2019-07-17,120.0,120.25,120.0,120.25,21.0,0.0,0.0,
2019-07-18,120.0299987792969,120.0299987792969,120.0299987792969,120.0299987792969,4.0,0.0,0.0,
2019-07-19,118.6999969482422,118.8600006103516,116.6600036621094,116.6600036621094,7.0,0.0,0.0,
2019-07-22,116.6600036621094,116.6600036621094,116.6600036621094,116.6600036621094,0.0,0.0,0.0,
2019-07-23,115.7099990844727,115.7099990844727,115.0199966430664,115.3600006103516,3.0,0.0,0.0,
2019-07-24,115.3600006103516,115.3600006103516,115.3600006103516,115.3600006103516,0.0,0.0,0.0,
2019-07-25,118.0,130.0,114.8600006103516,124.620002746582,125.0,0.0,0.0,
2019-07-26,117.4000015258789,117.4000015258789,117.4000015258789,117.4000015258789,3.0,0.0,0.0,
2019-07-29,117.370002746582,117.370002746582,117.370002746582,117.370002746582,50.0,0.0,0.0,
2019-07-30,117.370002746582,117.370002746582,117.370002746582,117.370002746582,0.0,0.0,0.0,
2019-07-31,120.0,126.5,115.3399963378906,115.4000015258789,62.0,0.0,0.0,
2019-08-01,114.6999969482422,114.6999969482422,112.0,112.1999969482422,63.0,0.0,0.0,
2019-08-02,113.7699966430664,113.7699966430664,113.5,113.5,495.0,0.0,0.0,
2019-08-05,113.1500015258789,113.3000030517578,113.1500015258789,113.3000030517578,47.0,0.0,0.0,
2019-08-06,114.0400009155273,114.0400009155273,114.0400009155273,114.0400009155273,101.0,0.0,0.0,
2019-08-07,113.5,113.5,113.5,113.5,50.0,0.0,0.0,
2019-08-08,112.8000030517578,112.8000030517578,112.8000030517578,112.8000030517578,1.0,0.0,0.0,
2019-08-09,115.6500015258789,115.8000030517578,115.6500015258789,115.8000030517578,7.0,0.0,0.0,
2019-08-13,115.629997253418,115.629997253418,112.3000030517578,112.3099975585938,33.0,0.0,0.0,
2019-08-14,114.9000015258789,114.9000015258789,112.3499984741211,112.3499984741211,2.0,0.0,0.0,
2019-08-16,114.4800033569336,114.4800033569336,114.4800033569336,114.4800033569336,3.0,0.0,0.0,
2019-08-19,117.9000015258789,122.0,115.25,115.25,41.0,0.0,0.0,
2019-08-20,115.25,115.25,115.25,115.25,0.0,0.0,0.0,
2019-08-21,117.0,121.0,115.0,115.0,44.0,0.0,0.0,
2019-08-22,115.0,115.0,115.0,115.0,0.0,0.0,0.0,
2019-08-23,117.0,118.0,111.0,113.0,361.0,0.0,0.0,
2019-08-26,113.9899978637695,114.0,113.9899978637695,114.0,40.0,0.0,0.0,
2019-08-27,114.0,114.0,114.0,114.0,0.0,0.0,0.0,
2019-08-28,113.0100021362305,117.8899993896484,113.0100021362305,117.1800003051758,51.0,0.0,0.0,
2019-08-29,118.0,119.0,113.6999969482422,113.6999969482422,6.0,0.0,0.0,
2019-08-30,108.0100021362305,115.9899978637695,108.0100021362305,115.9899978637695,6.0,0.0,0.0,
2019-09-03,116.0,123.5,116.0,122.3099975585938,149.0,0.0,0.0,
2019-09-04,116.0,120.9899978637695,110.9000015258789,110.9000015258789,931.0,0.0,0.0,
2019-09-05,115.9800033569336,115.9800033569336,115.0,115.0,102.0,0.0,0.0,
2019-09-06,116.0,118.0,116.0,116.0,608.0,0.0,0.0,
2019-09-09,113.7099990844727,114.9000015258789,110.1100006103516,112.8499984741211,754.0,0.0,0.0,
2019-09-11,115.9899978637695,115.9899978637695,113.25,113.25,18.0,0.0,0.0,
2019-09-12,128.9900054931641,128.9900054931641,111.25,113.9899978637695,125.0,0.0,0.0,
2019-09-13,116.0,116.0,111.0,111.0199966430664,443.0,0.0,0.0,
2019-09-16,115.9899978637695,115.9899978637695,111.5,111.5599975585938,70.0,0.0,0.0,
2019-09-17,112.9800033569336,113.7200012207031,109.0100021362305,112.5199966430664,76.0,0.0,0.0,
2019-09-18,113.0,113.0,112.9899978637695,112.9899978637695,57.0,0.0,0.0,
2019-09-19,111.0100021362305,113.9899978637695,111.0,112.75,170.0,0.0,0.0,
2019-09-20,114.9899978637695,114.9899978637695,108.6999969482422,110.2099990844727,996.0,0.0,0.0,
2019-09-23,114.9499969482422,115.7799987792969,112.0999984741211,112.120002746582,235.0,0.0,0.0,
2019-09-24,112.9499969482422,120.9400024414062,112.9499969482422,117.0,374.0,0.0,0.0,
2019-09-25,115.6999969482422,115.6999969482422,115.0,115.0,196.0,0.0,0.0,
2019-09-26,115.0,115.0,115.0,115.0,0.0,0.0,0.0,
2019-09-27,115.0,121.0,115.0,115.0,41.0,0.0,0.0,
2019-09-30,115.0,121.9899978637695,115.0,119.0100021362305,214.0,0.0,0.0,
2019-10-01,119.0,121.9899978637695,119.0,119.0,50.0,0.0,0.0,
2019-10-03,115.6999969482422,125.5,115.0,118.0,46.0,0.0,0.0,
2019-10-04,118.0,123.9499969482422,113.0999984741211,115.1399993896484,271.0,0.0,0.0,
2019-10-07,130.0,130.0,113.0100021362305,113.0100021362305,39.0,0.0,0.0,
2019-10-09,113.0100021362305,113.0999984741211,113.0,113.0,201.0,0.0,0.0,
2019-10-10,112.6999969482422,112.6999969482422,111.0500030517578,111.25,7.0,0.0,0.0,
2019-10-11,115.0,115.0,111.620002746582,113.3499984741211,115.0,0.0,0.0,
2019-10-14,116.0,117.5,113.8499984741211,113.8499984741211,97.0,0.0,0.0,
2019-10-15,113.8499984741211,113.8499984741211,113.8499984741211,113.8499984741211,0.0,0.0,0.0,
2019-10-16,113.8499984741211,113.8499984741211,113.8499984741211,113.8499984741211,11.0,0.0,0.0,
2019-10-17,117.0,119.0,117.0,119.0,21.0,0.0,0.0,
2019-10-18,122.0,125.4100036621094,112.3499984741211,113.3899993896484,288.0,0.0,0.0,
2019-10-22,113.6999969482422,119.8499984741211,112.5999984741211,119.4499969482422,144.0,0.0,0.0,
2019-10-23,119.4499969482422,119.4499969482422,119.4499969482422,119.4499969482422,0.0,0.0,0.0,
2019-10-24,119.379997253418,119.379997253418,114.8499984741211,114.8499984741211,29.0,0.0,0.0,
2019-10-25,120.0,125.5,118.0,123.879997253418,79.0,0.0,0.0,
2019-10-27,120.0,123.879997253418,115.8499984741211,116.0,52.0,0.0,0.0,
2019-10-29,122.0,126.4800033569336,122.0,122.0,32.0,0.0,0.0,
2019-10-30,122.0,129.0,114.0500030517578,116.1500015258789,97.0,0.0,0.0,
2019-10-31,121.9899978637695,128.6999969482422,119.0,122.5,188.0,0.0,0.0,
2019-11-01,123.9899978637695,124.0,120.0,123.8199996948242,33.0,0.0,0.0,
2019-11-04,123.0,124.0,122.9899978637695,122.9899978637695,130.0,0.0,0.0,
2019-11-05,122.9899978637695,124.0,122.9899978637695,124.0,43.0,0.0,0.0,
2019-11-06,123.8899993896484,124.0,123.870002746582,123.9499969482422,12.0,0.0,0.0,
2019-11-07,123.9000015258789,123.9000015258789,118.0,122.8000030517578,68.0,0.0,0.0,
2019-11-08,122.9899978637695,123.0,120.0,122.9700012207031,36.0,0.0,0.0,
2019-11-11,122.8000030517578,122.8000030517578,116.1500015258789,120.3499984741211,5.0,0.0,0.0,
2019-11-13,122.8000030517578,124.6900024414062,118.75,122.6600036621094,42.0,0.0,0.0,
2019-11-14,124.9000015258789,124.9000015258789,123.9000015258789,123.9700012207031,14.0,0.0,0.0,
2019-11-15,123.9899978637695,123.9899978637695,123.0,123.0,6.0,0.0,0.0,
2019-11-18,123.0,124.2399978637695,120.0,120.0,50.0,0.0,0.0,
2019-11-19,118.0,118.0,117.6999969482422,117.6999969482422,140.0,0.0,0.0,
2019-11-20,113.0,122.0,113.0,122.0,26.0,0.0,0.0,
2019-11-21,118.6999969482422,121.5999984741211,116.6999969482422,116.6999969482422,82.0,0.0,0.0,
2019-11-22,121.4000015258789,121.4000015258789,120.5,120.8000030517578,14.0,0.0,0.0,
2019-11-25,122.9899978637695,122.9899978637695,116.0100021362305,122.9000015258789,105.0,0.0,0.0,
2019-11-26,122.9000015258789,122.9000015258789,122.9000015258789,122.9000015258789,0.0,0.0,0.0,
2019-11-27,118.6999969482422,118.6999969482422,116.0,118.0400009155273,100.0,0.0,0.0,
2019-11-28,122.4000015258789,122.4000015258789,118.0100021362305,118.0599975585938,66.0,0.0,0.0,
2019-11-29,122.0,122.7900009155273,121.0,121.5,185.0,0.0,0.0,
2019-12-02,121.4899978637695,122.8099975585938,117.129997253418,118.6699981689453,238.0,0.0,0.0,
2019-12-03,118.6699981689453,118.6699981689453,118.6699981689453,118.6699981689453,0.0,0.0,0.0,
2019-12-04,122.0,122.0,116.6900024414062,117.75,34.0,0.0,0.0,
2019-12-05,123.0,123.0,116.1699981689453,117.2399978637695,189.0,0.0,0.0,
2019-12-06,117.0,122.7900009155273,117.0,121.0,83.0,0.0,0.0,
2019-12-09,117.0100021362305,117.0100021362305,117.0100021362305,117.0100021362305,15.0,0.0,0.0,
2019-12-10,117.0100021362305,117.0100021362305,117.0100021362305,117.0100021362305,0.0,0.0,0.0,
2019-12-11,117.0100021362305,117.0100021362305,117.0100021362305,117.0100021362305,0.0,0.0,0.0,
2019-12-12,120.0,122.0,120.0,121.9300003051758,53.0,0.0,0.0,
2019-12-13,121.9000015258789,121.9000015258789,118.5100021362305,121.4899978637695,330.0,0.0,0.0,
2019-12-16,121.9000015258789,122.6500015258789,120.0,122.5100021362305,76.0,0.0,0.0,
2019-12-17,122.75,124.1999969482422,120.0,120.0899963378906,104.0,0.0,0.0,
2019-12-18,121.9499969482422,123.7799987792969,121.9499969482422,123.4400024414062,63.0,0.0,0.0,
2019-12-19,123.4499969482422,124.8600006103516,118.2099990844727,124.4499969482422,210.0,0.0,0.0,
2019-12-20,123.25,123.25,123.0,123.0,80.0,0.0,0.0,
2019-12-23,123.9899978637695,125.0,123.9499969482422,125.0,84.0,0.0,0.0,
2019-12-24,124.0,124.9700012207031,124.0,124.9700012207031,75.0,0.0,0.0,
2019-12-26,119.0,123.9899978637695,119.0,123.0,1634.0,0.0,0.0,
2019-12-27,123.8000030517578,124.0,123.8000030517578,123.9899978637695,9.0,0.0,0.0,
2019-12-30,124.0,124.4899978637695,118.0999984741211,120.2600021362305,644.0,0.0,0.0,
2019-12-31,122.25,123.0,122.25,123.0,56.0,0.0,0.0,
2020-01-01,122.8499984741211,122.879997253418,122.4899978637695,122.5999984741211,109.0,0.0,0.0,
2020-01-02,123.9800033569336,123.9800033569336,119.5,119.5599975585938,68.0,0.0,0.0,
2020-01-03,123.9899978637695,126.0,123.0,123.0,58.0,0.0,0.0,
2020-01-06,119.0,122.75,119.0,119.8300018310547,153.0,0.0,0.0,
2020-01-07,119.8300018310547,119.8300018310547,119.8300018310547,119.8300018310547,0.0,0.0,0.0,
2020-01-08,119.8300018310547,119.8300018310547,119.8300018310547,119.8300018310547,0.0,0.0,0.0,
2020-01-09,119.8300018310547,119.8300018310547,119.8300018310547,119.8300018310547,0.0,0.0,0.0,
2020-01-10,122.4499969482422,122.4499969482422,118.6100006103516,118.620002746582,145.0,0.0,0.0,
2020-01-13,119.9899978637695,123.9400024414062,119.9899978637695,123.8000030517578,72.0,0.0,0.0,
2020-01-14,123.6999969482422,123.6999969482422,122.9499969482422,123.6500015258789,132.0,0.0,0.0,
2020-01-15,124.0,126.0,120.5999984741211,125.4100036621094,89.0,0.0,0.0,
2020-01-16,125.9000015258789,125.9000015258789,125.5899963378906,125.5899963378906,84.0,0.0,0.0,
2020-01-17,124.0,126.8000030517578,121.25,126.6500015258789,93.0,0.0,0.0,
2020-01-20,126.8000030517578,126.8000030517578,121.1999969482422,123.8099975585938,115.0,0.0,0.0,
2020-01-21,123.0,125.8499984741211,123.0,125.0,215.0,0.0,0.0,
2020-01-22,124.0,124.9000015258789,123.75,123.75,112.0,0.0,0.0,
2020-01-23,125.0,126.9899978637695,123.0,126.1399993896484,219.0,0.0,0.0,
2020-01-24,126.0,126.0,122.4499969482422,125.5,52.0,0.0,0.0,
2020-01-27,127.0,127.0,122.5299987792969,125.8499984741211,217.0,0.0,0.0,
2020-01-28,127.0,128.5,123.5,128.5,138.0,0.0,0.0,
2020-01-29,128.9499969482422,129.0,122.0999984741211,129.0,61.0,0.0,0.0,
2020-01-30,129.0,129.0,129.0,129.0,63.0,0.0,0.0,
2020-01-31,125.0,129.0,119.0500030517578,127.0,180.0,0.0,0.0,
2020-02-03,125.0999984741211,129.75,115.0,115.7200012207031,1400.0,0.0,0.0,
2020-02-04,116.0999984741211,124.3499984741211,116.0999984741211,123.5899963378906,145.0,0.0,0.0,
2020-02-05,120.0,122.8000030517578,119.6999969482422,122.5199966430664,213.0,0.0,0.0,
2020-02-06,122.5199966430664,122.5199966430664,122.5199966430664,122.5199966430664,0.0,0.0,0.0,
2020-02-07,120.0,126.9899978637695,119.0,122.2799987792969,248.0,0.0,0.0,
2020-02-10,120.0,122.5,118.2099990844727,118.6800003051758,324.0,0.0,0.0,
2020-02-11,119.6999969482422,122.9899978637695,119.1600036621094,122.8499984741211,155.0,0.0,0.0,
2020-02-12,123.0,123.0,122.3000030517578,122.3000030517578,177.0,0.0,0.0,
2020-02-13,124.6999969482422,124.6999969482422,121.1500015258789,121.1500015258789,105.0,0.0,0.0,
2020-02-14,124.0,124.8000030517578,122.0,122.0,113.0,0.0,0.0,
2020-02-17,124.9899978637695,125.0,122.3000030517578,124.8499984741211,116.0,0.0,0.0,
2020-02-18,123.0,124.5,123.0,124.5,80.0,0.0,0.0,
2020-02-19,125.8899993896484,125.8899993896484,125.75,125.75,84.0,0.0,0.0,
2020-02-20,125.8000030517578,125.8000030517578,121.3499984741211,121.3499984741211,197.0,0.0,0.0,
2020-02-24,121.3499984741211,125.4800033569336,120.0,124.0,222.0,0.0,0.0,
2020-02-25,123.9899978637695,124.0,123.9499969482422,123.9700012207031,126.0,0.0,0.0,
2020-02-26,123.9700012207031,123.9700012207031,123.9700012207031,123.9700012207031,0.0,0.0,0.0,
2020-02-27,123.9700012207031,123.9700012207031,123.9700012207031,123.9700012207031,0.0,0.0,0.0,
2020-02-28,123.9700012207031,123.9700012207031,123.0,123.0,29.0,0.0,0.0,
2020-03-02,125.8000030517578,125.879997253418,123.9000015258789,123.9899978637695,132.0,0.0,0.0,
2020-03-03,122.9899978637695,122.9899978637695,119.0500030517578,119.0500030517578,17.0,0.0,0.0,
2020-03-04,119.25,119.25,119.25,119.25,1.0,0.0,0.0,
2020-03-05,118.25,122.9899978637695,118.2200012207031,118.3099975585938,152.0,0.0,0.0,
2020-03-06,117.1600036621094,124.9899978637695,116.2600021362305,117.1600036621094,285.0,0.0,0.0,
2020-03-09,117.25,117.25,116.2699966430664,116.2699966430664,381.0,0.0,0.0,
2020-03-11,116.2699966430664,116.2699966430664,113.0,113.25,164.0,0.0,0.0,
2020-03-12,113.25,125.4700012207031,109.1500015258789,125.4499969482422,1431.0,0.0,0.0,
2020-03-13,125.4700012207031,125.4700012207031,110.0,121.25,896.0,0.0,0.0,
2020-03-16,116.1800003051758,119.6699981689453,112.5,112.5500030517578,857.0,0.0,0.0,
2020-03-17,111.6999969482422,124.0500030517578,111.0500030517578,115.0,131.0,0.0,0.0,
2020-03-18,113.0500030517578,114.0,96.6999969482422,110.0,1242.0,0.0,0.0,
2020-03-19,94.6999969482422,111.8399963378906,94.6999969482422,111.8399963378906,103.0,0.0,0.0,
2020-03-20,111.8399963378906,111.8399963378906,111.8399963378906,111.8399963378906,0.0,0.0,0.0,
2020-03-23,111.8399963378906,111.8399963378906,111.8399963378906,111.8399963378906,0.0,0.0,0.0,
2020-03-24,111.8399963378906,111.8399963378906,111.8399963378906,111.8399963378906,0.0,0.0,0.0,
2020-03-25,111.8399963378906,111.8399963378906,111.8399963378906,111.8399963378906,0.0,0.0,0.0,
2020-03-26,111.8399963378906,111.8399963378906,111.8399963378906,111.8399963378906,0.0,0.0,0.0,
2020-03-27,111.8399963378906,111.8399963378906,111.8399963378906,111.8399963378906,0.0,0.0,0.0,
2020-03-30,100.0,100.0,86.0,94.94000244140624,1539.0,0.0,0.0,
2020-03-31,105.0,108.0,92.0999984741211,101.0,33.0,0.0,0.0,
2020-04-01,101.0,102.0,90.25,99.8000030517578,169.0,0.0,0.0,
2020-04-03,99.6999969482422,99.6999969482422,96.0,96.19000244140624,84.0,0.0,0.0,
2020-04-07,96.0,96.0,96.0,96.0,108.0,0.0,0.0,
2020-04-08,96.0,96.0,96.0,96.0,62.0,0.0,0.0,
2020-04-09,110.0,110.0,105.0,109.5,85.0,0.0,0.0,
2020-04-13,92.0,107.75,90.0999984741211,104.0,300.0,0.0,0.0,
2020-04-15,94.0,109.8000030517578,94.0,107.9899978637695,16.0,0.0,0.0,
2020-04-16,102.0,103.9499969482422,95.5,99.86000061035156,3324.0,0.0,0.0,
2020-04-17,105.0,111.0,94.01000213623048,97.95999908447266,3282.0,0.0,0.0,
2020-04-20,101.9899978637695,101.9899978637695,94.26000213623048,96.33000183105467,1096.0,0.0,0.0,
2020-04-21,108.0,108.0,96.3499984741211,97.7300033569336,1029.0,0.0,0.0,
2020-04-22,99.98999786376952,99.98999786376952,98.01000213623048,98.0199966430664,95.0,0.0,0.0,
2020-04-23,101.9499969482422,101.9499969482422,95.0999984741211,98.80999755859376,96.0,0.0,0.0,
2020-04-24,94.4000015258789,98.8000030517578,94.4000015258789,96.0,140.0,0.0,0.0,
2020-04-27,96.0,97.0,92.3000030517578,97.0,215.0,0.0,0.0,
2020-04-28,97.0,98.98999786376952,95.51000213623048,98.48999786376952,93.0,0.0,0.0,
2020-04-29,98.48999786376952,98.48999786376952,98.48999786376952,98.48999786376952,0.0,0.0,0.0,
2020-04-30,101.4899978637695,101.4899978637695,93.5,96.2699966430664,924.0,0.0,0.0,
2020-05-04,98.5,98.5,95.01000213623048,96.6999969482422,423.0,0.0,0.0,
2020-05-05,100.0,100.0,95.0,95.61000061035156,67.0,0.0,0.0,
2020-05-06,98.93000030517578,98.93000030517578,93.01000213623048,96.7300033569336,385.0,0.0,0.0,
2020-05-07,98.5,98.5,92.38999938964844,94.61000061035156,445.0,0.0,0.0,
2020-05-08,98.0,98.0,98.0,98.0,4.0,0.0,0.0,
2020-05-11,97.5,97.5,93.25,93.80999755859376,289.0,0.0,0.0,
2020-05-12,93.0500030517578,93.0500030517578,93.0500030517578,93.0500030517578,96.0,0.0,0.0,
2020-05-13,94.01000213623048,94.0500030517578,94.01000213623048,94.0500030517578,31.0,0.0,0.0,
2020-05-14,98.0,98.0,97.0,97.0,7.0,0.0,0.0,
2020-05-15,97.4499969482422,97.4499969482422,93.0999984741211,93.0999984741211,133.0,0.0,0.0,
2020-05-18,96.98999786376952,96.98999786376952,95.88999938964844,96.88999938964844,307.0,0.0,0.0,
2020-05-19,92.5,96.0,92.5,95.75,225.0,0.0,0.0,
2020-05-20,92.25,96.5,92.25,96.5,42.0,0.0,0.0,
2020-05-21,97.9499969482422,97.9499969482422,94.01000213623048,94.01000213623048,36.0,0.0,0.0,
2020-05-22,98.0,98.0,93.0,93.0,42.0,0.0,0.0,
2020-05-26,97.75,97.75,92.27999877929688,93.0199966430664,93.0,0.0,0.0,
2020-05-27,96.9000015258789,96.9000015258789,93.0999984741211,96.9000015258789,4.0,0.0,0.0,
2020-05-28,96.87999725341795,96.87999725341795,96.83000183105467,96.86000061035156,254.0,0.0,0.0,
2020-05-29,96.8000030517578,96.87000274658205,96.01000213623048,96.01000213623048,330.0,0.0,0.0,
2020-06-01,98.0,101.8499984741211,98.0,101.8499984741211,417.0,0.0,0.0,
2020-06-02,101.0,104.5,101.0,101.0,526.0,0.0,0.0,
2020-06-03,104.0,104.0,101.25,101.25,3.0,0.0,0.0,
2020-06-04,104.5,104.5,102.0,102.0,391.0,0.0,0.0,
2020-06-05,104.5,104.5,96.0999984741211,102.5,1017.0,0.0,0.0,
2020-06-08,102.5,104.9499969482422,102.5,104.3499984741211,413.0,0.0,0.0,
2020-06-09,104.5,104.5,103.0100021362305,103.0100021362305,155.0,0.0,0.0,
2020-06-10,104.5,104.5,103.0,104.4000015258789,10.0,0.0,0.0,
2020-06-11,104.9899978637695,104.9899978637695,104.9499969482422,104.9499969482422,2.0,0.0,0.0,
2020-06-12,102.4000015258789,102.9000015258789,102.4000015258789,102.9000015258789,35.0,0.0,0.0,
2020-06-15,103.5,103.5,101.5999984741211,103.4000015258789,4.0,0.0,0.0,
2020-06-16,104.75,104.75,100.0999984741211,103.5,234.0,0.0,0.0,
2020-06-17,99.3000030517578,102.9499969482422,99.3000030517578,102.8499984741211,75.0,0.0,0.0,
2020-06-18,102.5,103.0,102.0,103.0,552.0,0.0,0.0,
2020-06-19,104.0,104.0,102.0,102.0,262.0,0.0,0.0,
2020-06-22,103.9000015258789,107.4000015258789,103.9000015258789,107.1500015258789,1079.0,0.0,0.0,
2020-06-23,106.0,107.1399993896484,106.0,106.0299987792969,575.0,0.0,0.0,
2020-06-24,107.5500030517578,108.0,105.0999984741211,107.9899978637695,111.0,0.0,0.0,
2020-06-25,102.0,107.75,102.0,107.75,11.0,0.0,0.0,
2020-06-26,110.0,110.0,106.0999984741211,106.0999984741211,15.0,0.0,0.0,
2020-06-29,106.0999984741211,106.0999984741211,106.0999984741211,106.0999984741211,30.0,0.0,0.0,
2020-06-30,109.0,109.0,106.0,108.0,60.0,0.0,0.0,
2020-07-01,108.5,108.5,106.5,107.9899978637695,28.0,0.0,0.0,
2020-07-02,107.0,109.4000015258789,106.8099975585938,107.9100036621094,111.0,0.0,0.0,
2020-07-03,109.6999969482422,109.6999969482422,109.6999969482422,109.6999969482422,14.0,0.0,0.0,
2020-07-06,109.6999969482422,109.9899978637695,107.0100021362305,109.9899978637695,737.0,0.0,0.0,
2020-07-07,110.9800033569336,110.9800033569336,109.1600036621094,110.9499969482422,39.0,0.0,0.0,
2020-07-08,111.0,111.0,110.9899978637695,110.9899978637695,121.0,0.0,0.0,
2020-07-09,110.9899978637695,110.9899978637695,110.9899978637695,110.9899978637695,0.0,0.0,0.0,
2020-07-10,111.8000030517578,111.8000030517578,111.7900009155273,111.7900009155273,7.0,0.0,0.0,
2020-07-13,110.0100021362305,110.0299987792969,110.0100021362305,110.0199966430664,77.0,0.0,0.0,
2020-07-14,111.0,111.0,110.9899978637695,110.9899978637695,12.0,0.0,0.0,
2020-07-15,110.0100021362305,110.0100021362305,110.0100021362305,110.0100021362305,17.0,0.0,0.0,
2020-07-16,111.9000015258789,111.9000015258789,111.9000015258789,111.9000015258789,4.0,0.0,0.0,
2020-07-17,112.0,112.4000015258789,110.0100021362305,110.5,60.0,0.0,0.0,
2020-07-20,110.0,112.4899978637695,110.0,112.4800033569336,411.0,0.0,0.0,
2020-07-21,113.9800033569336,113.9800033569336,113.9800033569336,113.9800033569336,345.0,0.0,0.0,
2020-07-22,116.0,116.0,116.0,116.0,2.0,0.0,0.0,
2020-07-23,116.0,116.0,116.0,116.0,0.0,0.0,0.0,
2020-07-24,118.9899978637695,118.9899978637695,111.6600036621094,117.8099975585938,248.0,0.0,0.0,
2020-07-27,114.0,118.0,114.0,118.0,14.0,0.0,0.0,
2020-07-28,118.9899978637695,118.9899978637695,118.9899978637695,118.9899978637695,13.0,0.0,0.0,
2020-07-29,116.0,119.0,116.0,119.0,39.0,0.0,0.0,
2020-07-30,119.0,119.9700012207031,115.25,115.9700012207031,1121.0,0.0,0.0,
2020-07-31,115.9700012207031,115.9700012207031,110.3000030517578,112.4800033569336,1996.0,0.0,0.0,
2020-08-03,114.9899978637695,114.9899978637695,113.6999969482422,113.6999969482422,57.0,0.0,0.0,
2020-08-04,115.0,115.0,112.5999984741211,112.7600021362305,39.0,0.0,0.0,
2020-08-05,117.5,117.5,112.8600006103516,113.0899963378906,61.0,0.0,0.0,
2020-08-06,117.0,117.0,115.0,115.7099990844727,29.0,0.0,0.0,
2020-08-07,115.75,115.75,113.7200012207031,114.6999969482422,91.0,0.0,0.0,
2020-08-10,116.0,116.0,114.7600021362305,114.8600006103516,535.0,0.0,0.0,
2020-08-11,118.0999984741211,118.0999984741211,115.0100021362305,115.0100021362305,83.0,0.0,0.0,
2020-08-12,115.1100006103516,115.5999984741211,115.0999984741211,115.5999984741211,147.0,0.0,0.0,
2020-08-13,115.6999969482422,117.0,115.5599975585938,115.5999984741211,265.0,0.0,0.0,
2020-08-14,117.0,118.0,116.0,117.4000015258789,38.0,0.0,0.0,
2020-08-17,119.9899978637695,119.9899978637695,118.8899993896484,118.8899993896484,28.0,0.0,0.0,
2020-08-18,118.8899993896484,118.8899993896484,118.0,118.0,5.0,0.0,0.0,
2020-08-19,117.0,118.0999984741211,116.7600021362305,117.0,72.0,0.0,0.0,
2020-08-20,117.0,117.0,115.75,115.75,27.0,0.0,0.0,
2020-08-21,118.0,118.0,115.0,117.9499969482422,55.0,0.0,0.0,
2020-08-24,117.9000015258789,117.9000015258789,114.0999984741211,116.0999984741211,296.0,0.0,0.0,
2020-08-25,116.0899963378906,120.9899978637695,116.0899963378906,120.0,122.0,0.0,0.0,
2020-08-26,120.0,120.9800033569336,120.0,120.7900009155273,19.0,0.0,0.0,
2020-08-27,120.7900009155273,120.7900009155273,120.7900009155273,120.7900009155273,0.0,0.0,0.0,
2020-08-28,120.9800033569336,120.9800033569336,117.5999984741211,120.6999969482422,23.0,0.0,0.0,
2020-08-31,120.6500015258789,120.6999969482422,115.0,115.4000015258789,56.0,0.0,0.0,
2020-09-01,120.9899978637695,121.4899978637695,120.0,120.870002746582,148.0,0.0,0.0,
2020-09-02,120.870002746582,120.870002746582,115.0,115.8199996948242,644.0,0.0,0.0,
2020-09-03,121.0,121.0,120.8000030517578,120.8000030517578,10.0,0.0,0.0,
2020-09-04,119.9000015258789,119.9000015258789,119.7900009155273,119.7900009155273,8.0,0.0,0.0,
2020-09-07,116.6999969482422,116.6999969482422,115.6100006103516,115.6500015258789,32.0,0.0,0.0,
2020-09-08,114.6999969482422,118.9499969482422,114.6999969482422,114.6999969482422,5.0,0.0,0.0,
2020-09-09,114.6999969482422,114.6999969482422,114.6999969482422,114.6999969482422,0.0,0.0,0.0,
2020-09-10,119.0,119.0,119.0,119.0,17.0,0.0,0.0,
2020-09-11,118.9899978637695,118.9899978637695,115.1999969482422,118.9800033569336,22.0,0.0,0.0,
2020-09-14,119.9000015258789,119.9000015258789,116.6999969482422,116.6999969482422,3.0,0.0,0.0,
2020-09-15,119.0,119.0,119.0,119.0,1.0,0.0,0.0,
2020-09-16,120.0,120.0,119.9000015258789,119.9000015258789,4.0,0.0,0.0,
2020-09-17,119.5,121.0,119.0,121.0,327.0,0.0,0.0,
2020-09-18,121.0,121.8899993896484,121.0,121.2399978637695,1004.0,0.0,0.0,
2020-09-21,121.1999969482422,121.1999969482422,117.1100006103516,117.1399993896484,37.0,0.0,0.0,
2020-09-22,118.8899993896484,118.8899993896484,115.6999969482422,118.7099990844727,626.0,0.0,0.0,
2020-09-23,123.9899978637695,123.9899978637695,117.0,117.8899993896484,509.0,0.0,0.0,
2020-09-24,115.6999969482422,115.6999969482422,113.0100021362305,113.0100021362305,513.0,0.0,0.0,
2020-09-25,114.8899993896484,116.2399978637695,113.0999984741211,113.0999984741211,38.0,0.0,0.0,
2020-09-28,117.0,118.4899978637695,117.0,118.4899978637695,2.0,0.0,0.0,
2020-09-29,125.0,125.0,114.5,118.0,12.0,0.0,0.0,
2020-09-30,117.9000015258789,117.9000015258789,113.5999984741211,114.1100006103516,279.0,0.0,0.0,
2020-10-01,119.0,119.9899978637695,113.0500030517578,113.4000015258789,136.0,0.0,0.0,
2020-10-05,113.0100021362305,118.8000030517578,113.0100021362305,118.7900009155273,5.0,0.0,0.0,
2020-10-06,118.6500015258789,122.129997253418,113.6699981689453,120.9899978637695,1068.0,0.0,0.0,
2020-10-07,115.25,122.4899978637695,115.25,115.6999969482422,119.0,0.0,0.0,
2020-10-08,122.0,124.9800033569336,118.0,122.7900009155273,178.0,0.0,0.0,
2020-10-09,120.9899978637695,120.9899978637695,118.0,118.0,15.0,0.0,0.0,
2020-10-12,118.6999969482422,126.0,116.8499984741211,119.3199996948242,141.0,0.0,0.0,
2020-10-13,124.0,124.5500030517578,116.0,118.7799987792969,453.0,0.0,0.0,
2020-10-14,123.9899978637695,123.9899978637695,117.2900009155273,121.4300003051758,21.0,0.0,0.0,
2020-10-15,123.8499984741211,137.3200073242188,116.5999984741211,119.6999969482422,2922.0,0.0,0.0,
2020-10-16,123.9000015258789,123.9000015258789,118.9599990844727,121.9000015258789,21.0,0.0,0.0,
2020-10-19,118.7799987792969,123.8399963378906,118.0500030517578,122.1999969482422,136.0,0.0,0.0,
2020-10-20,118.6999969482422,123.8000030517578,118.6500015258789,119.0599975585938,116.0,0.0,0.0,
2020-10-21,120.0,123.8899993896484,119.0500030517578,120.0500030517578,294.0,0.0,0.0,
2020-10-22,122.9899978637695,123.0,120.0,122.5800018310547,201.0,0.0,0.0,
2020-10-23,123.7900009155273,123.7900009155273,120.0,120.879997253418,22.0,0.0,0.0,
2020-10-26,118.6999969482422,123.7699966430664,118.0,120.7900009155273,350.0,0.0,0.0,
2020-10-27,123.4899978637695,123.4899978637695,117.75,118.3099975585938,45.0,0.0,0.0,
2020-10-28,123.3899993896484,123.3899993896484,120.0100021362305,123.0,26.0,0.0,0.0,
2020-10-29,118.6999969482422,123.0,116.0999984741211,122.9199981689453,219.0,0.0,0.0,
2020-10-30,123.4899978637695,123.4899978637695,123.0,123.0,14.0,0.0,0.0,
2020-11-02,123.0,123.7699966430664,117.1999969482422,122.9899978637695,142.0,0.0,0.0,
2020-11-03,123.0,123.0,118.7600021362305,120.3899993896484,70.0,0.0,0.0,
2020-11-04,123.5,123.5,120.1999969482422,122.8600006103516,13.0,0.0,0.0,
2020-11-05,123.7600021362305,123.7600021362305,118.7200012207031,121.3499984741211,219.0,0.0,0.0,
2020-11-06,118.6999969482422,124.9899978637695,118.6999969482422,122.0,347.0,0.0,0.0,
2020-11-09,119.5999984741211,148.8999938964844,119.5,139.6699981689453,1775.0,0.0,0.0,
2020-11-10,152.6999969482422,152.6999969482422,138.0,149.6900024414062,758.0,0.0,0.0,
2020-11-11,140.0500030517578,143.9499969482422,134.0,135.25,1397.0,0.0,0.0,
2020-11-12,151.0,151.0,138.0,145.4400024414062,1023.0,0.0,0.0,
2020-11-13,148.0,148.0,138.0,145.0,1244.0,0.0,0.0,
2020-11-14,149.3399963378906,149.3399963378906,131.0,142.0800018310547,43.0,0.0,0.0,
2020-11-17,137.8200073242188,145.0,137.8200073242188,139.1999969482422,263.0,0.0,0.0,
2020-11-18,140.0,140.0,131.6000061035156,135.6699981689453,1337.0,0.0,0.0,
2020-11-19,138.6300048828125,142.0,133.0,135.1300048828125,389.0,0.0,0.0,
2020-11-20,142.0,142.0,134.1000061035156,134.4499969482422,116.0,0.0,0.0,
2020-11-23,142.0,158.3999938964844,122.5999984741211,151.4100036621094,4872.0,0.0,0.0,
2020-11-24,156.5099945068359,156.5099945068359,135.0,148.6199951171875,1195.0,0.0,0.0,
2020-11-25,137.0,156.0,136.0,141.0500030517578,4778.0,0.0,0.0,
2020-11-26,141.5,154.9900054931641,141.5,144.2899932861328,313.0,0.0,0.0,
2020-11-27,149.0,155.0,141.0500030517578,146.2700042724609,1453.0,0.0,0.0,
2020-12-01,149.2700042724609,154.0,146.5,147.5,615.0,0.0,0.0,
2020-12-02,140.0099945068359,149.9900054931641,138.1499938964844,142.7799987792969,1830.0,0.0,0.0,
2020-12-03,154.0,154.0,142.5,145.9299926757812,1076.0,0.0,0.0,
2020-12-04,147.0,147.0,142.5,144.75,317.0,0.0,0.0,
2020-12-07,145.0,145.0,142.6000061035156,145.0,80.0,0.0,0.0,
2020-12-08,144.9900054931641,151.0,141.25,147.1300048828125,854.0,0.0,0.0,
2020-12-09,151.0,151.0,144.2100067138672,146.8099975585938,150.0,0.0,0.0,
2020-12-10,144.3500061035156,148.0,144.3500061035156,147.9600067138672,55.0,0.0,0.0,
2020-12-11,151.3500061035156,151.3500061035156,138.0,145.7400054931641,292.0,0.0,0.0,
2020-12-14,145.7400054931641,149.0,140.6999969482422,143.2100067138672,1007.0,0.0,0.0,
2020-12-15,148.6000061035156,151.3500061035156,141.0,141.0800018310547,928.0,0.0,0.0,
2020-12-16,142.5,146.0,142.0,142.3600006103516,207.0,0.0,0.0,
2020-12-17,144.9499969482422,144.9499969482422,142.1499938964844,142.7599945068359,79.0,0.0,0.0,
2020-12-18,145.5,145.5,141.0599975585938,142.3999938964844,565.0,0.0,0.0,
2020-12-21,140.0,144.1999969482422,140.0,143.9400024414062,114.0,0.0,0.0,
2020-12-22,146.8500061035156,151.3500061035156,133.6100006103516,142.4499969482422,736.0,0.0,0.0,
2020-12-23,148.9700012207031,148.9799957275391,137.0,140.8099975585938,460.0,0.0,0.0,
2020-12-24,140.6999969482422,145.0,140.0099945068359,144.1300048828125,213.0,0.0,0.0,
2020-12-28,146.0,146.0,139.0599975585938,141.6399993896484,708.0,0.0,0.0,
2020-12-29,145.8800048828125,145.8800048828125,138.3300018310547,141.3300018310547,676.0,0.0,0.0,
2020-12-30,144.0,146.0,144.0,144.8300018310547,927.0,0.0,0.0,
2020-12-31,148.9799957275391,148.9799957275391,144.5200042724609,145.9199981689453,1323.0,0.0,0.0,
2021-01-01,150.0,150.9700012207031,139.5,145.9600067138672,502.0,0.0,0.0,
2021-01-04,146.5899963378906,147.3000030517578,145.5500030517578,146.5299987792969,317.0,0.0,0.0,
2021-01-05,149.5,169.0,142.1999969482422,148.0099945068359,252.0,0.0,0.0,
2021-01-06,151.0,159.0,143.6000061035156,147.2700042724609,2787.0,0.0,0.0,
2021-01-07,150.25,153.0,146.0299987792969,147.0800018310547,2229.0,0.0,0.0,
2021-01-08,148.0299987792969,149.2899932861328,148.0299987792969,149.0399932861328,242.0,0.0,0.0,
2021-01-11,153.0,153.0,148.1100006103516,150.3399963378906,179.0,0.0,0.0,
2021-01-12,153.0,153.0,150.0,151.4299926757812,250.0,0.0,0.0,
2021-01-13,153.0,153.0,151.4400024414062,152.0,507.0,0.0,0.0,
2021-01-14,151.5,152.4600067138672,150.9499969482422,152.2899932861328,310.0,0.0,0.0,
2021-01-15,151.0200042724609,151.7799987792969,150.1000061035156,150.1999969482422,295.0,0.0,0.0,
2021-01-18,153.1999969482422,153.1999969482422,146.6000061035156,149.3699951171875,117.0,0.0,0.0,
2021-01-19,150.8600006103516,151.2100067138672,150.0700073242188,150.2899932861328,10.0,0.0,0.0,
2021-01-20,152.0200042724609,152.0200042724609,151.2700042724609,152.0200042724609,424.0,0.0,0.0,
2021-01-21,155.0599975585938,155.0599975585938,152.0,152.0,154.0,0.0,0.0,
2021-01-22,155.0500030517578,155.0500030517578,149.8200073242188,149.8999938964844,43.0,0.0,0.0,
2021-01-25,153.4600067138672,153.4600067138672,148.6799926757812,148.9900054931641,366.0,0.0,0.0,
2021-01-27,149.9499969482422,149.9499969482422,145.1499938964844,145.3699951171875,165.0,0.0,0.0,
2021-01-28,145.0,145.0,143.4499969482422,144.3000030517578,289.0,0.0,0.0,
2021-01-29,148.0,153.4600067138672,143.3399963378906,153.2899932861328,2144.0,0.0,0.0,
2021-02-01,156.3999938964844,156.3999938964844,141.5,148.8399963378906,3001.0,0.0,0.0,
2021-02-02,149.0,165.0,149.0,152.8300018310547,797.0,0.0,0.0,
2021-02-03,164.0,164.0,151.0,154.0299987792969,892.0,0.0,0.0,
2021-02-04,151.0,157.1499938964844,151.0,154.5800018310547,704.0,0.0,0.0,
2021-02-05,157.5,157.5,154.1000061035156,155.7400054931641,314.0,0.0,0.0,
2021-02-08,153.1000061035156,157.9900054931641,153.1000061035156,157.0599975585938,179.0,0.0,0.0,
2021-02-09,160.1999969482422,160.1999969482422,156.9100036621094,157.0,238.0,0.0,0.0,
2021-02-10,150.0,157.8600006103516,145.1100006103516,156.9600067138672,234.0,0.0,0.0,
2021-02-11,159.0,159.0,157.3000030517578,158.4900054931641,278.0,0.0,0.0,
2021-02-12,167.6999969482422,167.6999969482422,157.5299987792969,158.1399993896484,127.0,0.0,0.0,
2021-02-15,145.6999969482422,160.1000061035156,145.6999969482422,159.3699951171875,60.0,0.0,0.0,
2021-02-16,164.1499938964844,164.1499938964844,158.5599975585938,159.9299926757812,88.0,0.0,0.0,
2021-02-17,158.2599945068359,159.6399993896484,158.2599945068359,158.8899993896484,59.0,0.0,0.0,
2021-02-18,160.0,161.0,157.6999969482422,157.8200073242188,117.0,0.0,0.0,
2021-02-19,169.5,169.5,152.6000061035156,156.75,89.0,0.0,0.0,
2021-02-22,156.9499969482422,156.9499969482422,153.1499938964844,153.4299926757812,154.0,0.0,0.0,
2021-02-23,164.0,164.0,153.1499938964844,153.9799957275391,1143.0,0.0,0.0,
2021-02-24,157.1000061035156,157.1000061035156,154.0200042724609,156.1600036621094,84.0,0.0,0.0,
2021-02-25,157.7899932861328,159.9499969482422,157.0,157.5599975585938,129.0,0.0,0.0,
2021-02-26,157.5599975585938,159.8999938964844,151.4499969482422,152.1999969482422,1446.0,0.0,0.0,
2021-03-01,156.7599945068359,157.8500061035156,153.5099945068359,154.7200012207031,170.0,0.0,0.0,
2021-03-02,150.0800018310547,157.0,150.0800018310547,155.4900054931641,51.0,0.0,0.0,
2021-03-03,160.1499938964844,160.1499938964844,154.0,158.5800018310547,893.0,0.0,0.0,
2021-03-04,156.9499969482422,158.5399932861328,154.0,157.7299957275391,130.0,0.0,0.0,
2021-03-05,156.9900054931641,157.5200042724609,155.0500030517578,155.9700012207031,117.0,0.0,0.0,
2021-03-08,158.0,159.1799926757812,155.3999938964844,156.0200042724609,744.0,0.0,0.0,
2021-03-09,157.5599975585938,157.5599975585938,156.1900024414062,156.1900024414062,20.0,0.0,0.0,
2021-03-10,151.5099945068359,158.6499938964844,151.5099945068359,158.4900054931641,72.0,0.0,0.0,
2021-03-12,161.6999969482422,161.6999969482422,152.1499938964844,156.75,2313.0,0.0,0.0,
2021-03-15,156.8000030517578,156.8000030517578,154.0,155.3899993896484,156.0,0.0,0.0,
2021-03-16,158.5,158.5,155.2700042724609,155.7100067138672,178.0,0.0,0.0,
2021-03-17,160.0,160.0,153.5,154.2299957275391,378.0,0.0,0.0,
2021-03-18,155.2299957275391,155.2299957275391,151.8999938964844,152.2799987792969,587.0,0.0,0.0,
2021-03-19,151.9499969482422,153.5700073242188,150.6799926757812,153.5700073242188,95.0,0.0,0.0,
2021-03-22,150.5,154.0700073242188,150.5,153.1000061035156,89.0,0.0,0.0,
2021-03-23,154.3000030517578,154.6799926757812,153.7599945068359,154.5399932861328,165.0,0.0,0.0,
2021-03-24,154.1000061035156,154.1000061035156,152.3099975585938,152.3099975585938,259.0,0.0,0.0,
2021-03-25,156.8699951171875,156.8699951171875,149.0500030517578,149.6699981689453,356.0,0.0,0.0,
2021-03-26,153.0,154.1600036621094,150.7899932861328,152.0299987792969,29.0,0.0,0.0,
2021-03-30,147.4700012207031,172.0,147.4700012207031,153.9499969482422,2153.0,0.0,0.0,
2021-03-31,152.5,157.0700073242188,152.0,154.0200042724609,77.0,0.0,0.0,
2021-04-01,155.0,158.0,154.6999969482422,156.1000061035156,94.0,0.0,0.0,
2021-04-05,151.4199981689453,159.0,151.1199951171875,153.4700012207031,371.0,0.0,0.0,
2021-04-06,154.1000061035156,154.1000061035156,152.0,153.7700042724609,26.0,0.0,0.0,
2021-04-07,154.0,155.9900054931641,148.9499969482422,154.1000061035156,566.0,0.0,0.0,
2021-04-08,155.1499938964844,156.5,154.7100067138672,154.7100067138672,112.0,0.0,0.0,
2021-04-09,157.8000030517578,157.8000030517578,154.8999938964844,155.3000030517578,72.0,0.0,0.0,
2021-04-12,155.3000030517578,155.3000030517578,149.0,150.2299957275391,1343.0,0.0,0.0,
2021-04-13,150.8200073242188,150.8200073242188,150.0200042724609,150.8000030517578,93.0,0.0,0.0,
2021-04-15,155.3200073242188,157.9799957275391,147.9499969482422,150.6199951171875,211.0,0.0,0.0,
2021-04-16,155.0,155.0,152.1199951171875,153.9499969482422,158.0,0.0,0.0,
2021-04-19,158.0,158.0,147.8999938964844,149.4299926757812,592.0,0.0,0.0,
2021-04-20,153.9100036621094,153.9100036621094,148.0099945068359,149.9499969482422,829.0,0.0,0.0,
2021-04-22,154.4400024414062,154.4400024414062,148.1000061035156,150.6600036621094,544.0,0.0,0.0,
2021-04-23,147.6499938964844,154.9900054931641,147.6499938964844,150.1999969482422,263.0,0.0,0.0,
2021-04-26,154.6999969482422,154.6999969482422,150.3999938964844,151.6499938964844,649.0,0.0,0.0,
2021-04-27,152.2299957275391,152.2299957275391,151.3600006103516,152.1300048828125,54.0,0.0,0.0,
2021-04-28,154.3200073242188,155.4499969482422,153.1199951171875,155.3399963378906,261.0,0.0,0.0,
2021-04-29,166.0,166.0,150.9499969482422,155.8399963378906,86.0,0.0,0.0,
2021-04-30,153.0,155.4700012207031,150.9499969482422,153.4199981689453,579.0,0.0,0.0,
2021-05-03,157.5,157.8800048828125,148.9499969482422,157.8800048828125,1512.0,0.0,0.0,
2021-05-04,161.0500030517578,161.0500030517578,149.1100006103516,152.0200042724609,631.0,0.0,0.0,
2021-05-05,157.0,157.0,152.2899932861328,153.4600067138672,172.0,0.0,0.0,
2021-05-06,156.3999938964844,156.3999938964844,151.0,154.0500030517578,215.0,0.0,0.0,
2021-05-07,157.0,157.0,154.3099975585938,154.6999969482422,126.0,0.0,0.0,
2021-05-10,157.0,157.0,154.8000030517578,156.0,3421.0,0.0,0.0,
2021-05-11,157.9499969482422,157.9499969482422,154.4100036621094,155.2599945068359,96.0,0.0,0.0,
2021-05-12,154.4299926757812,154.4299926757812,153.3500061035156,153.5,2097.0,0.0,0.0,
2021-05-14,152.9499969482422,153.6399993896484,152.9499969482422,153.1600036621094,663.0,0.0,0.0,
2021-05-17,150.1000061035156,155.7899932861328,150.1000061035156,155.0,832.0,0.0,0.0,
2021-05-18,155.1000061035156,157.5200042724609,155.1000061035156,157.1799926757812,882.0,0.0,0.0,
2021-05-19,160.3500061035156,160.3500061035156,154.0500030517578,156.4600067138672,1212.0,0.0,0.0,
2021-05-20,156.7700042724609,156.7700042724609,155.4400024414062,155.4600067138672,1369.0,0.0,0.0,
2021-05-21,158.6000061035156,158.6000061035156,156.1799926757812,158.1499938964844,222.0,0.0,0.0,
2021-05-24,161.3500061035156,161.3500061035156,154.1999969482422,158.3699951171875,510.0,0.0,0.0,
2021-05-25,168.3999938964844,168.3999938964844,154.2599945068359,157.8800048828125,246.0,0.0,0.0,
2021-05-26,160.0,160.0,158.3699951171875,159.4900054931641,78.0,0.0,0.0,
2021-05-27,159.5,160.0,159.4100036621094,159.9799957275391,225.0,0.0,0.0,
2021-05-28,164.7700042724609,164.7700042724609,160.4600067138672,161.0899963378906,3233.0,0.0,0.0,
2021-05-31,168.1999969482422,168.1999969482422,159.9499969482422,162.5700073242188,307.0,0.0,0.0,
2021-06-01,161.0,163.2799987792969,157.6999969482422,162.75,524.0,0.0,0.0,
2021-06-02,162.75,164.0,161.7400054931641,163.2700042724609,250.0,0.0,0.0,
2021-06-03,166.0,166.0,163.3200073242188,163.75,271.0,0.0,0.0,
2021-06-04,164.0,164.1199951171875,163.3899993896484,163.7100067138672,779.0,0.0,0.0,
2021-06-07,166.0,173.6699981689453,160.9499969482422,164.3800048828125,994.0,0.0,0.0,
2021-06-08,164.1699981689453,164.4299926757812,162.5,164.3099975585938,284.0,0.0,0.0,
2021-06-09,164.0,164.6900024414062,160.9499969482422,163.0,141.0,0.0,0.0,
2021-06-10,163.9900054931641,172.0,163.6900024414062,164.2899932861328,206.0,0.0,0.0,
2021-06-11,164.7799987792969,165.3200073242188,164.5800018310547,165.0299987792969,189.0,0.0,0.0,
2021-06-14,164.0,167.8999938964844,161.9499969482422,164.8999938964844,615.0,0.0,0.0,
2021-06-15,169.8399963378906,170.0,165.5700073242188,166.1199951171875,157.0,0.0,0.0,
2021-06-16,165.7700042724609,165.7899932861328,164.0,164.7100067138672,86.0,0.0,0.0,
2021-06-17,164.0399932861328,168.0,163.6300048828125,164.4600067138672,224.0,0.0,0.0,
2021-06-18,165.0899963378906,165.0899963378906,162.1999969482422,163.8899993896484,7248.0,0.0,0.0,
2021-06-21,168.8000030517578,168.8000030517578,155.0500030517578,164.4900054931641,332.0,0.0,0.0,
2021-06-22,164.4900054931641,165.9700012207031,164.4900054931641,164.9600067138672,41.0,0.0,0.0,
2021-06-23,173.3999938964844,173.3999938964844,164.4100036621094,164.4100036621094,45.0,0.0,0.0,
2021-06-24,164.5800018310547,165.5099945068359,164.5800018310547,165.5099945068359,227.0,0.0,0.0,
2021-06-25,165.2100067138672,165.8800048828125,165.2100067138672,165.8800048828125,19.0,0.0,0.0,
2021-06-28,165.9199981689453,166.2100067138672,165.3500061035156,165.3500061035156,52.0,0.0,0.0,
2021-06-29,170.3099975585938,170.3099975585938,164.75,164.8699951171875,110.0,0.0,0.0,
2021-06-30,165.1600036621094,165.7700042724609,164.6600036621094,164.6600036621094,57.0,0.0,0.0,
2021-07-01,167.9499969482422,169.8999938964844,164.3699951171875,165.9799957275391,107.0,0.0,0.0,
2021-07-02,164.9499969482422,164.9499969482422,164.0500030517578,164.7599945068359,72.0,0.0,0.0,
2021-07-05,174.1999969482422,178.0,164.0,165.4100036621094,355.0,0.0,0.0,
2021-07-06,165.7200012207031,176.8000030517578,165.6600036621094,166.1600036621094,485.0,0.0,0.0,
2021-07-07,171.1399993896484,171.1399993896484,165.4900054931641,166.1900024414062,312.0,0.0,0.0,
2021-07-08,166.2100067138672,166.2100067138672,164.6000061035156,165.0599975585938,233.0,0.0,0.0,
2021-07-09,164.9499969482422,166.0,164.7299957275391,164.8800048828125,203.0,0.0,0.0,
2021-07-12,161.6000061035156,177.6000061035156,161.6000061035156,167.6699981689453,2682.0,0.0,0.0,
2021-07-13,172.6999969482422,172.6999969482422,165.0099945068359,165.8699951171875,317.0,0.0,0.0,
2021-07-14,165.6999969482422,166.3399963378906,165.4100036621094,166.3399963378906,116.0,0.0,0.0,
2021-07-15,169.6999969482422,169.6999969482422,166.0200042724609,166.8800048828125,32.0,0.0,0.0,
2021-07-16,166.9900054931641,166.9900054931641,166.3399963378906,166.7799987792969,126.0,0.0,0.0,
2021-07-19,161.7799987792969,166.0800018310547,161.7799987792969,165.8500061035156,813.0,0.0,0.0,
2021-07-20,164.7200012207031,170.0,163.5899963378906,164.9199981689453,278.0,0.0,0.0,
2021-07-22,165.3500061035156,169.6999969482422,165.0399932861328,165.5399932861328,994.0,0.0,0.0,
2021-07-23,167.6699981689453,167.6699981689453,165.7899932861328,166.2200012207031,50.0,0.0,0.0,
2021-07-26,169.5,169.5,163.9499969482422,166.0,506.0,0.0,0.0,
2021-07-27,169.4700012207031,169.4700012207031,164.9499969482422,165.25,109.0,0.0,0.0,
2021-07-28,169.4700012207031,169.4700012207031,163.4499969482422,164.7899932861328,176.0,0.0,0.0,
2021-07-29,165.1900024414062,165.7799987792969,165.1900024414062,165.7799987792969,16.0,0.0,0.0,
2021-07-30,165.0,165.8699951171875,163.9499969482422,165.7599945068359,70.0,0.0,0.0,
2021-08-02,172.6999969482422,172.6999969482422,162.4499969482422,166.3300018310547,162.0,0.0,0.0,
2021-08-03,166.6999969482422,169.0,166.6999969482422,168.9799957275391,174.0,0.0,0.0,
2021-08-04,170.0,170.3200073242188,169.6900024414062,170.1799926757812,245.0,0.0,0.0,
2021-08-05,170.0,170.9900054931641,169.5299987792969,170.4900054931641,465.0,0.0,0.0,
2021-08-06,167.1000061035156,171.1199951171875,167.1000061035156,170.4299926757812,742.0,0.0,0.0,
2021-08-09,170.4299926757812,171.1900024414062,169.6499938964844,170.4900054931641,76.0,0.0,0.0,
2021-08-10,170.8399963378906,171.6300048828125,170.3899993896484,171.1000061035156,207.0,0.0,0.0,
2021-08-11,170.9299926757812,171.1600036621094,169.7100067138672,170.6199951171875,118.0,0.0,0.0,
2021-08-12,170.8699951171875,171.6000061035156,170.8699951171875,171.5899963378906,30.0,0.0,0.0,
2021-08-13,172.0,173.0,168.9499969482422,172.8500061035156,208.0,0.0,0.0,
2021-08-16,177.6999969482422,177.6999969482422,172.1699981689453,173.6300048828125,395.0,0.0,0.0,
2021-08-17,173.8999938964844,173.9700012207031,173.0,173.8500061035156,32.0,0.0,0.0,
2021-08-18,174.5099945068359,174.9900054931641,173.5700073242188,173.8200073242188,342.0,0.0,0.0,
2021-08-20,172.1799926757812,172.7799987792969,172.1799926757812,172.5200042724609,201.0,0.0,0.0,
2021-08-23,173.4900054931641,173.4900054931641,172.4100036621094,173.25,17.0,0.0,0.0,
2021-08-24,173.6499938964844,175.1100006103516,173.3399963378906,174.3500061035156,284.0,0.0,0.0,
2021-08-25,177.8399963378906,177.8399963378906,174.3500061035156,174.6799926757812,55.0,0.0,0.0,
2021-08-26,179.6999969482422,179.6999969482422,174.2100067138672,174.5599975585938,588.0,0.0,0.0,
2021-08-27,174.1300048828125,175.3699951171875,172.9499969482422,175.3699951171875,128.0,0.0,0.0,
2021-08-30,180.0,180.0,176.1399993896484,177.9100036621094,178.0,0.0,0.0,
2021-08-31,180.0,180.0,177.7599945068359,179.3999938964844,939.0,0.0,0.0,
2021-09-01,180.0,185.1300048828125,179.4299926757812,182.2599945068359,288.0,0.0,0.0,
2021-09-02,181.9499969482422,185.6399993896484,179.3699951171875,180.8099975585938,805.0,0.0,0.0,
2021-09-03,181.0299987792969,181.5099945068359,177.9499969482422,180.8099975585938,323.0,0.0,0.0,
2021-09-06,184.4499969482422,184.4499969482422,182.0,182.4900054931641,519.0,0.0,0.0,
2021-09-07,182.1399993896484,182.8099975585938,179.9499969482422,182.1399993896484,918.0,0.0,0.0,
2021-09-08,181.9499969482422,181.9499969482422,181.7400054931641,181.8999938964844,30.0,0.0,0.0,
2021-09-09,181.9900054931641,182.0200042724609,181.6000061035156,181.6000061035156,147.0,0.0,0.0,
2021-09-13,181.5599975585938,181.7899932861328,181.3099975585938,181.7899932861328,54.0,0.0,0.0,
2021-09-14,164.8000030517578,182.8099975585938,164.8000030517578,182.5500030517578,65.0,0.0,0.0,
2021-09-15,181.5,185.0,181.5,183.4299926757812,450.0,0.0,0.0,
2021-09-16,183.9499969482422,185.0700073242188,183.9499969482422,184.9199981689453,135.0,0.0,0.0,
2021-09-17,185.0,186.7700042724609,184.75,184.75,394.0,0.0,0.0,
2021-09-20,190.2899932861328,190.2899932861328,182.6100006103516,183.0700073242188,137.0,0.0,0.0,
2021-09-21,182.9499969482422,184.0700073242188,182.0599975585938,183.7599945068359,229.0,0.0,0.0,
2021-09-22,184.1699981689453,184.2799987792969,184.1699981689453,184.2799987792969,30.0,0.0,0.0,
2021-09-23,184.2799987792969,186.7899932861328,184.1999969482422,186.4299926757812,222.0,0.0,0.0,
2021-09-24,190.1999969482422,190.1999969482422,185.0,186.4499969482422,958.0,0.0,0.0,
2021-09-27,199.6000061035156,199.6000061035156,186.4499969482422,186.9299926757812,788.0,0.0,0.0,
2021-09-28,199.6000061035156,223.0,184.7899932861328,191.3399963378906,19265.0,0.0,0.0,
2021-09-29,184.9199981689453,189.0,184.1499938964844,185.5399932861328,7269.0,0.0,0.0,
2021-09-30,190.6000061035156,190.6000061035156,184.75,185.1900024414062,1589.0,0.0,0.0,
2021-10-01,184.1499938964844,184.9499969482422,183.1000061035156,183.5299987792969,1448.0,0.0,0.0,
2021-10-04,189.6999969482422,189.6999969482422,184.9799957275391,185.3399963378906,420.0,0.0,0.0,
2021-10-05,185.1000061035156,186.8999938964844,185.1000061035156,186.6600036621094,406.0,0.0,0.0,
2021-10-06,187.0800018310547,187.0800018310547,184.5200042724609,185.1799926757812,170.0,0.0,0.0,
2021-10-07,185.1799926757812,187.0,183.25,186.0,397.0,0.0,0.0,
2021-10-08,187.0,187.5200042724609,186.75,187.3300018310547,881.0,0.0,0.0,
2021-10-11,187.3099975585938,188.5299987792969,187.3099975585938,187.4700012207031,1135.0,0.0,0.0,
2021-10-12,187.4799957275391,187.6900024414062,187.0,187.6900024414062,45.0,0.0,0.0,
2021-10-13,187.75,190.3600006103516,187.75,190.1999969482422,377.0,0.0,0.0,
2021-10-14,195.8999938964844,195.8999938964844,187.9499969482422,191.4199981689453,1299.0,0.0,0.0,
2021-10-18,194.8500061035156,203.0,184.1100006103516,193.0299987792969,3256.0,0.0,0.0,
2021-10-19,193.6900024414062,194.4299926757812,192.3399963378906,192.8300018310547,185.0,0.0,0.0,
2021-10-20,216.3000030517578,216.3000030517578,190.6399993896484,191.2299957275391,1880.0,0.0,0.0,
2021-10-21,191.4499969482422,195.0,189.3500061035156,190.3500061035156,100.0,0.0,0.0,
2021-10-22,194.9900054931641,194.9900054931641,188.1000061035156,189.1000061035156,71.0,0.0,0.0,
2021-10-25,185.3500061035156,190.6999969482422,185.3500061035156,190.3300018310547,1071.0,0.0,0.0,
2021-10-26,184.6300048828125,192.0500030517578,184.6300048828125,192.0399932861328,305.0,0.0,0.0,
2021-10-27,191.9499969482422,191.9499969482422,190.6499938964844,190.8000030517578,102.0,0.0,0.0,
2021-10-28,190.9499969482422,190.9499969482422,187.4799957275391,188.7200012207031,421.0,0.0,0.0,
2021-10-29,183.0599975585938,192.5,183.0599975585938,185.8899993896484,188.0,0.0,0.0,
2021-11-01,186.5899963378906,188.5399932861328,186.5599975585938,188.5399932861328,269.0,0.0,0.0,
2021-11-02,197.6999969482422,197.6999969482422,185.9499969482422,187.2400054931641,110.0,0.0,0.0,
2021-11-03,188.6499938964844,188.6499938964844,186.8300018310547,186.8999938964844,166.0,0.0,0.0,
2021-11-04,188.2200012207031,188.3999938964844,187.8500061035156,187.8500061035156,679.0,0.0,0.0,
2021-11-08,190.0,197.6999969482422,186.6000061035156,189.5299987792969,561.0,0.0,0.0,
2021-11-09,189.5299987792969,189.6699981689453,189.1399993896484,189.4799957275391,2253.0,0.0,0.0,
2021-11-10,188.5,188.9499969482422,188.3899993896484,188.9499969482422,92.0,0.0,0.0,
2021-11-11,188.5299987792969,188.5299987792969,187.1499938964844,187.3899993896484,158.0,0.0,0.0,
2021-11-12,195.6999969482422,195.6999969482422,188.4199981689453,189.3000030517578,67.0,0.0,0.0,
2021-11-15,195.6999969482422,195.6999969482422,189.8000030517578,190.2200012207031,162.0,0.0,0.0,
2021-11-16,189.7899932861328,190.0,188.7599945068359,188.7899932861328,989.0,0.0,0.0,
2021-11-17,188.7299957275391,189.2799987792969,187.7700042724609,188.3000030517578,2463.0,0.0,0.0,
2021-11-18,187.9499969482422,193.0,186.0,187.0,1157.0,0.0,0.0,
2021-11-22,190.0,192.6000061035156,182.7100067138672,182.8300018310547,7650.0,0.0,0.0,
2021-11-23,181.8099975585938,184.5899963378906,181.8099975585938,184.5399932861328,234.0,0.0,0.0,
2021-11-24,184.3200073242188,193.6000061035156,183.0,183.2899932861328,284.0,0.0,0.0,
2021-11-25,182.9499969482422,184.3899993896484,182.9499969482422,184.3899993896484,461.0,0.0,0.0,
2021-11-26,184.3899993896484,184.3899993896484,178.6000061035156,178.9900054931641,2310.0,0.0,0.0,
2021-11-29,184.6999969482422,188.0,178.5599975585938,179.9299926757812,519.0,0.0,0.0,
2021-11-30,180.2200012207031,181.4600067138672,177.9299926757812,178.8000030517578,256.0,0.0,0.0,
2021-12-01,180.5299987792969,180.5299987792969,179.8000030517578,179.8000030517578,103.0,0.0,0.0,
2021-12-02,180.7899932861328,182.7700042724609,180.6100006103516,182.7700042724609,157.0,0.0,0.0,
2021-12-03,183.6000061035156,183.6000061035156,180.5800018310547,180.8000030517578,44.0,0.0,0.0,
2021-12-06,187.6999969482422,187.6999969482422,172.0,178.3999938964844,210.0,0.0,0.0,
2021-12-07,177.0,180.8600006103516,175.9499969482422,180.3699951171875,234.0,0.0,0.0,
2021-12-08,182.8000030517578,187.9900054931641,179.9499969482422,183.5,640.0,0.0,0.0,
2021-12-09,183.3899993896484,184.3600006103516,182.5200042724609,184.1300048828125,31.0,0.0,0.0,
2021-12-10,183.6399993896484,184.1499938964844,183.0099945068359,184.1499938964844,109.0,0.0,0.0,
2021-12-13,194.0,194.0,181.9499969482422,182.6300048828125,315.0,0.0,0.0,
2021-12-14,181.6199951171875,182.3000030517578,181.6199951171875,181.8500061035156,7.0,0.0,0.0,
2021-12-15,182.0,182.0200042724609,180.7700042724609,180.7700042724609,240.0,0.0,0.0,
2021-12-16,181.8600006103516,182.0399932861328,181.0,181.0,946.0,0.0,0.0,
2021-12-17,181.1300048828125,187.9799957275391,178.1999969482422,178.5899963378906,442.0,0.0,0.0,
2021-12-20,182.1999969482422,187.6600036621094,172.3600006103516,174.4900054931641,1023.0,0.0,0.0,
2021-12-21,176.4400024414062,177.9299926757812,175.4499969482422,176.4600067138672,82.0,0.0,0.0,
2021-12-22,178.0,178.2899932861328,177.0800018310547,178.2899932861328,185.0,0.0,0.0,
2021-12-23,178.9799957275391,179.3000030517578,178.9799957275391,179.1900024414062,139.0,0.0,0.0,
2021-12-24,179.5,179.5,177.6799926757812,178.2400054931641,222.0,0.0,0.0,
2021-12-27,177.0,179.2599945068359,177.0,179.2599945068359,24.0,0.0,0.0,
2021-12-28,180.2299957275391,180.8999938964844,180.1699981689453,180.8999938964844,138.0,0.0,0.0,
2021-12-29,180.8999938964844,181.4600067138672,180.8000030517578,180.9600067138672,1811.0,0.0,0.0,
2021-12-30,180.8600006103516,181.9499969482422,180.8600006103516,181.8600006103516,53.0,0.0,0.0,
2021-12-31,181.8600006103516,184.0,181.8600006103516,183.25,301.0,0.0,0.0,
2022-01-03,193.6999969482422,193.6999969482422,183.6100006103516,185.75,258.0,0.0,0.0,
2022-01-04,193.6999969482422,193.6999969482422,185.8200073242188,186.4799957275391,123.0,0.0,0.0,
2022-01-05,187.4499969482422,188.4900054931641,186.7299957275391,187.8999938964844,1136.0,0.0,0.0,
2022-01-06,186.9499969482422,186.9499969482422,185.3699951171875,186.4100036621094,3444.0,0.0,0.0,
2022-01-07,187.4100036621094,188.1399993896484,186.7299957275391,187.3099975585938,130.0,0.0,0.0,
2022-01-10,168.1100006103516,188.8399963378906,168.1100006103516,188.8099975585938,458.0,0.0,0.0,
2022-01-11,189.1399993896484,189.7599945068359,189.0700073242188,189.6199951171875,65.0,0.0,0.0,
2022-01-12,190.6000061035156,190.8600006103516,188.3800048828125,190.8600006103516,208.0,0.0,0.0,
2022-01-13,191.1100006103516,198.0,190.8899993896484,191.1999969482422,228.0,0.0,0.0,
2022-01-14,190.6399993896484,192.2599945068359,190.6399993896484,192.0099945068359,962.0,0.0,0.0,
2022-01-17,192.1699981689453,196.0,191.75,192.4199981689453,190.0,0.0,0.0,
2022-01-18,192.4199981689453,192.4199981689453,190.1999969482422,190.4100036621094,181.0,0.0,0.0,
2022-01-19,209.5,209.5,188.1600036621094,188.7299957275391,559.0,0.0,0.0,
2022-01-20,188.5299987792969,192.0,185.6999969482422,186.5200042724609,458.0,0.0,0.0,
2022-01-21,185.9499969482422,185.9499969482422,184.4100036621094,185.0099945068359,55.0,0.0,0.0,
2022-01-24,188.0,193.6999969482422,179.9499969482422,180.6499938964844,1534.0,0.0,0.0,
2022-01-25,180.0,181.6900024414062,178.3999938964844,181.6900024414062,394.0,0.0,0.0,
2022-01-27,178.1999969482422,187.4600067138672,177.4400024414062,180.9299926757812,799.0,0.0,0.0,
2022-01-28,181.6000061035156,185.0,179.7100067138672,179.8300018310547,130.0,0.0,0.0,
2022-01-31,179.8300018310547,182.5800018310547,179.5,182.5099945068359,95.0,0.0,0.0,
2022-02-01,184.0,189.0,180.0,186.2299957275391,177.0,0.0,0.0,
2022-02-02,180.6499938964844,187.1699981689453,180.6499938964844,186.7200012207031,510.0,0.0,0.0,
2022-02-03,186.25,186.25,184.7100067138672,184.8300018310547,68.0,0.0,0.0,
2022-02-04,185.0,185.0,183.9499969482422,184.6999969482422,221.0,0.0,0.0,
2022-02-07,193.6999969482422,193.6999969482422,180.4600067138672,181.0700073242188,360.0,0.0,0.0,
2022-02-08,181.0700073242188,181.5399932861328,179.5,181.3899993896484,128.0,0.0,0.0,
2022-02-09,183.1499938964844,183.8500061035156,182.8800048828125,183.7299957275391,215.0,0.0,0.0,
2022-02-10,168.1600036621094,185.0700073242188,168.1600036621094,184.9100036621094,103.0,0.0,0.0,
2022-02-11,185.1999969482422,185.1999969482422,181.9499969482422,182.4299926757812,743.0,0.0,0.0,
2022-02-14,178.9100036621094,179.7799987792969,176.5,176.9499969482422,897.0,0.0,0.0,
2022-02-15,182.25,185.6999969482422,177.6600036621094,181.4499969482422,179.0,0.0,0.0,
2022-02-16,182.4199981689453,182.5599975585938,182.3600006103516,182.5599975585938,581.0,0.0,0.0,
2022-02-17,187.6999969482422,187.6999969482422,180.9799957275391,182.0200042724609,80.0,0.0,0.0,
2022-02-18,182.25,182.25,180.6199951171875,180.6199951171875,50.0,0.0,0.0,
2022-02-21,180.1000061035156,186.0,179.5,180.1699981689453,257.0,0.0,0.0,
2022-02-22,185.6999969482422,185.6999969482422,177.7700042724609,177.8000030517578,397.0,0.0,0.0,
2022-02-23,181.0,181.3999938964844,180.0,181.2599945068359,54.0,0.0,0.0,
2022-02-24,181.2599945068359,187.0,168.1600036621094,173.3699951171875,5810.0,0.0,0.0,
2022-02-25,181.6999969482422,181.6999969482422,174.0,174.9199981689453,351.0,0.0,0.0,
2022-02-28,176.8000030517578,180.0,174.2200012207031,177.1000061035156,208.0,0.0,0.0,
2022-03-02,180.0,180.0,171.3099975585938,176.1799926757812,948.0,0.0,0.0,
2022-03-03,183.6999969482422,183.6999969482422,173.3500061035156,174.9600067138672,1057.0,0.0,0.0,
2022-03-04,174.9600067138672,180.0,171.1999969482422,172.2299957275391,1202.0,0.0,0.0,
2022-03-07,170.0,177.0,161.3000030517578,170.8800048828125,6199.0,0.0,0.0,
2022-03-08,177.6999969482422,177.6999969482422,161.3500061035156,169.1900024414062,10899.0,0.0,0.0,
2022-03-09,168.3000030517578,175.0,165.3000030517578,171.8600006103516,351.0,0.0,0.0,
2022-03-10,175.0,176.6100006103516,172.0,175.4100036621094,447.0,0.0,0.0,
2022-03-11,175.4100036621094,176.0,174.4100036621094,174.4100036621094,416.0,0.0,0.0,
2022-03-14,174.8000030517578,178.0899963378906,174.8000030517578,176.9199981689453,621.0,0.0,0.0,
2022-03-15,177.8500061035156,178.0,174.7700042724609,175.0299987792969,51.0,0.0,0.0,
2022-03-16,178.0,178.0,173.3200073242188,177.9900054931641,762.0,0.0,0.0,
2022-03-17,180.0,182.6799926757812,180.0,182.6100006103516,377.0,0.0,0.0,
2022-03-21,188.0800018310547,188.0800018310547,179.8699951171875,180.8899993896484,1385.0,0.0,0.0,
2022-03-22,184.5500030517578,184.5500030517578,178.8600006103516,182.6199951171875,462.0,0.0,0.0,
2022-03-23,179.0,184.0,179.0,180.8699951171875,327.0,0.0,0.0,
2022-03-24,180.5,182.2299957275391,180.5,180.5,1052.0,0.0,0.0,
2022-03-25,180.3000030517578,181.6900024414062,179.5099945068359,179.5099945068359,286.0,0.0,0.0,
2022-03-28,187.6999969482422,187.6999969482422,179.6699981689453,181.8099975585938,175.0,0.0,0.0,
2022-03-29,184.0,186.0,178.5,182.3399963378906,143.0,0.0,0.0,
2022-03-30,183.0,184.7899932861328,180.1999969482422,183.5399932861328,355.0,0.0,0.0,
2022-03-31,189.6999969482422,189.6999969482422,180.3899993896484,184.1499938964844,181.0,0.0,0.0,
2022-04-01,184.1499938964844,188.9900054931641,182.3000030517578,186.4600067138672,819.0,0.0,0.0,
2022-04-04,193.6999969482422,193.6999969482422,182.3300018310547,189.5899963378906,739.0,0.0,0.0,
2022-04-05,189.3000030517578,193.0,186.3999938964844,188.9299926757812,323.0,0.0,0.0,
2022-04-06,188.9299926757812,190.8000030517578,186.3000030517578,186.8200073242188,108.0,0.0,0.0,
2022-04-07,192.5,192.5,185.8899993896484,186.1000061035156,68.0,0.0,0.0,
2022-04-08,185.3600006103516,189.0200042724609,184.6900024414062,186.7599945068359,690.0,0.0,0.0,
2022-04-11,183.0500030517578,193.6999969482422,183.0500030517578,185.2599945068359,690.0,0.0,0.0,
2022-04-12,185.2599945068359,185.2599945068359,184.1999969482422,184.2899932861328,627.0,0.0,0.0,
2022-04-13,184.5700073242188,188.7700042724609,182.8200073242188,187.2700042724609,187.0,0.0,0.0,
2022-04-18,170.5599975585938,195.6999969482422,170.5599975585938,181.0800018310547,941.0,0.0,0.0,
2022-04-19,184.0,186.0,176.5500030517578,178.4100036621094,1198.0,0.0,0.0,
2022-04-20,180.0,180.5099945068359,179.1100006103516,179.3699951171875,5138.0,0.0,0.0,
2022-04-21,180.0,183.9900054931641,180.0,182.6000061035156,21.0,0.0,0.0,
2022-04-22,184.9799957275391,184.9799957275391,178.3399963378906,180.7100067138672,188.0,0.0,0.0,
2022-04-25,175.2899932861328,181.8999938964844,175.2899932861328,178.7899932861328,662.0,0.0,0.0,
2022-04-26,173.4299926757812,181.0,173.4299926757812,179.25,143.0,0.0,0.0,
2022-04-27,179.9499969482422,179.9499969482422,178.6100006103516,179.7700042724609,168.0,0.0,0.0,
2022-04-28,179.0,181.1999969482422,177.5200042724609,181.0899963378906,644.0,0.0,0.0,
2022-04-29,187.6999969482422,187.6999969482422,179.3300018310547,180.2599945068359,91.0,0.0,0.0,
2022-05-02,182.0,184.9799957275391,178.0,181.4700012207031,1062.0,0.0,0.0,
2022-05-04,180.3800048828125,180.3999938964844,175.0,175.8600006103516,786.0,0.0,0.0,
2022-05-05,183.1499938964844,183.1499938964844,175.5,175.5800018310547,263.0,0.0,0.0,
2022-05-06,180.8399963378906,180.8399963378906,172.1199951171875,172.6399993896484,1001.0,0.0,0.0,
2022-05-09,171.1999969482422,176.0,170.5,171.9700012207031,477.0,0.0,0.0,
2022-05-10,179.6999969482422,179.6999969482422,171.0,171.1699981689453,244.0,0.0,0.0,
2022-05-11,171.9299926757812,171.9299926757812,169.0,169.6900024414062,1466.0,0.0,0.0,
2022-05-12,171.0,172.9799957275391,165.5,166.4499969482422,3247.0,0.0,0.0,
2022-05-13,173.6999969482422,173.6999969482422,164.9900054931641,166.9799957275391,332.0,0.0,0.0,
2022-05-16,170.3500061035156,170.3500061035156,164.5,165.7599945068359,1684.0,0.0,0.0,
2022-05-17,168.0,172.6999969482422,168.0,171.6499938964844,74.0,0.0,0.0,
2022-05-18,176.7899932861328,176.7899932861328,168.5399932861328,171.7299957275391,644.0,0.0,0.0,
2022-05-19,176.8800048828125,176.8800048828125,166.5,167.0500030517578,1647.0,0.0,0.0,
2022-05-20,170.0,171.9499969482422,169.7899932861328,170.6600036621094,1717.0,0.0,0.0,
2022-05-23,175.0,175.0,170.1300048828125,170.6699981689453,1857.0,0.0,0.0,
2022-05-24,170.3899993896484,170.6199951171875,169.0299987792969,169.0299987792969,269.0,0.0,0.0,
2022-05-25,165.6499938964844,170.3699951171875,165.6499938964844,169.0599975585938,505.0,0.0,0.0,
2022-05-26,173.8999938964844,173.8999938964844,167.6000061035156,169.0299987792969,42.0,0.0,0.0,
2022-05-27,170.0,172.8800048828125,170.0,172.5899963378906,316.0,0.0,0.0,
2022-05-30,174.0,176.3500061035156,174.0,176.2200012207031,215.0,0.0,0.0,
2022-05-31,175.1999969482422,175.9900054931641,174.5,175.5700073242188,69.0,0.0,0.0,
2022-06-01,175.3000030517578,178.0,173.6100006103516,173.7400054931641,40.0,0.0,0.0,
2022-06-02,177.0,177.0,174.6300048828125,175.9900054931641,83.0,0.0,0.0,
2022-06-03,177.5700073242188,177.5700073242188,176.0500030517578,176.0500030517578,95.0,0.0,0.0,
2022-06-06,182.4900054931641,182.4900054931641,174.6000061035156,175.6699981689453,70.0,0.0,0.0,
2022-06-07,178.0,179.8800048828125,172.5599975585938,172.6100006103516,1212.0,0.0,0.0,
2022-06-08,173.7100067138672,175.0,173.1699981689453,173.1699981689453,90.0,0.0,0.0,
2022-06-09,172.0399932861328,173.4100036621094,172.0399932861328,173.0200042724609,154.0,0.0,0.0,
2022-06-10,174.0,174.0,171.1999969482422,171.9499969482422,56.0,0.0,0.0,
2022-06-13,171.1999969482422,171.1999969482422,165.5,166.0700073242188,5657.0,0.0,0.0,
2022-06-14,177.1999969482422,177.1999969482422,166.2799987792969,166.9199981689453,1582.0,0.0,0.0,
2022-06-15,168.0,168.8999938964844,165.2200012207031,166.3999938964844,262.0,0.0,0.0,
2022-06-16,164.5,167.6499938964844,162.0,162.8999938964844,1498.0,0.0,0.0,
2022-06-17,162.0,163.9299926757812,155.0,162.4400024414062,1736.0,0.0,0.0,
2022-06-20,167.3099975585938,168.8999938964844,157.5,168.8500061035156,270.0,0.0,0.0,
2022-06-21,165.0,168.8999938964844,165.0,168.75,195.0,0.0,0.0,
2022-06-22,168.6999969482422,168.6999969482422,162.1000061035156,162.5399932861328,162.0,0.0,0.0,
2022-06-23,167.4100036621094,168.75,167.4100036621094,168.7100067138672,308.0,0.0,0.0,
2022-06-24,168.7100067138672,182.4900054931641,168.7100067138672,176.8800048828125,238.0,0.0,0.0,
2022-06-27,177.6999969482422,177.6999969482422,166.5,168.9700012207031,3409.0,0.0,0.0,
2022-06-28,174.0299987792969,174.0299987792969,164.5200042724609,165.6999969482422,902.0,0.0,0.0,
2022-06-29,165.3000030517578,169.1499938964844,165.3000030517578,168.9499969482422,38.0,0.0,0.0,
2022-06-30,166.0,170.9799957275391,165.3000030517578,170.5399932861328,61.0,0.0,0.0,
2022-07-01,169.6999969482422,169.6999969482422,165.0,169.3699951171875,88.0,0.0,0.0,
2022-07-04,173.8699951171875,174.0,165.2599945068359,173.9900054931641,608.0,0.0,0.0,
2022-07-05,176.0,176.0,171.0,171.0,232.0,0.0,0.0,
2022-07-06,178.3000030517578,178.3000030517578,165.3200073242188,175.8999938964844,106.0,0.0,0.0,
2022-07-07,173.3000030517578,175.8999938964844,167.3500061035156,170.5599975585938,555.0,0.0,0.0,
2022-07-08,171.25,171.8099975585938,170.5500030517578,171.8099975585938,430.0,0.0,0.0,
2022-07-11,177.1799926757812,177.1799926757812,168.0,171.2299957275391,141.0,0.0,0.0,
2022-07-12,171.2299957275391,171.2299957275391,169.5700073242188,170.0899963378906,67.0,0.0,0.0,
2022-07-13,172.0,172.0,168.6300048828125,169.0599975585938,70.0,0.0,0.0,
2022-07-14,169.1100006103516,169.1100006103516,167.8999938964844,167.9600067138672,49.0,0.0,0.0,
2022-07-15,169.5399932861328,170.3300018310547,169.4700012207031,169.8899993896484,74.0,0.0,0.0,
2022-07-18,174.9799957275391,174.9799957275391,170.8300018310547,172.0500030517578,349.0,0.0,0.0,
2022-07-19,174.0,174.0,171.8699951171875,173.0399932861328,335.0,0.0,0.0,
2022-07-20,173.0,178.1900024414062,173.0,175.1799926757812,94.0,0.0,0.0,
2022-07-21,170.1600036621094,176.0099945068359,170.1600036621094,174.8300018310547,4681.0,0.0,0.0,
2022-07-22,178.3399963378906,178.3399963378906,172.9900054931641,177.0200042724609,704.0,0.0,0.0,
2022-07-25,171.7100067138672,177.0,171.7100067138672,176.0,600.0,0.0,0.0,
2022-07-26,175.5,175.6100006103516,174.3399963378906,174.6900024414062,151.0,0.0,0.0,
2022-07-27,177.4799957275391,178.3399963378906,174.3000030517578,176.0299987792969,785.0,0.0,0.0,
2022-07-28,178.0,179.1300048828125,178.0,178.6100006103516,171.0,0.0,0.0,
2022-07-29,178.6499938964844,181.8000030517578,178.6100006103516,181.5700073242188,2683.0,0.0,0.0,
2022-08-01,181.8000030517578,183.75,181.8000030517578,183.75,147.0,0.0,0.0,
2022-08-02,183.6999969482422,184.0,182.3800048828125,183.5599975585938,3632.0,0.0,0.0,
2022-08-03,188.0,188.0,182.5099945068359,184.5,66.0,0.0,0.0,
2022-08-04,185.0099945068359,185.3699951171875,181.9400024414062,183.0500030517578,150.0,0.0,0.0,
2022-08-05,184.0,185.3300018310547,184.0,185.1699981689453,182.0,0.0,0.0,
2022-08-08,193.8899993896484,209.5,184.3000030517578,186.0399932861328,5674.0,0.0,0.0,
2022-08-10,189.7599945068359,189.7599945068359,183.0500030517578,185.9199981689453,63.0,0.0,0.0,
2022-08-11,189.6499938964844,189.6499938964844,183.8099975585938,187.3399963378906,284.0,0.0,0.0,
2022-08-12,188.7100067138672,188.7100067138672,183.3099975585938,187.2299957275391,20234.0,0.0,0.0,
2022-08-16,188.7100067138672,192.9900054931641,185.3000030517578,189.3999938964844,1467.0,0.0,0.0,
2022-08-17,188.4499969482422,190.3399963378906,188.4499969482422,190.2100067138672,195.0,0.0,0.0,
2022-08-18,184.5099945068359,190.7400054931641,184.5099945068359,190.7400054931641,912.0,0.0,0.0,
2022-08-19,190.7400054931641,190.9400024414062,187.9299926757812,187.9299926757812,487.0,0.0,0.0,
2022-08-22,193.3999938964844,193.3999938964844,185.0899963378906,185.9900054931641,324.0,0.0,0.0,
2022-08-23,185.4799957275391,185.4799957275391,184.4700012207031,185.3099975585938,906.0,0.0,0.0,
2022-08-24,186.6000061035156,187.4299926757812,186.1799926757812,186.1799926757812,70.0,0.0,0.0,
2022-08-25,186.6000061035156,188.4299926757812,185.3699951171875,185.9499969482422,239.0,0.0,0.0,
2022-08-26,186.6000061035156,187.6000061035156,186.4199981689453,187.0800018310547,138.0,0.0,0.0,
2022-08-29,181.4700012207031,190.3800048828125,150.6600036621094,184.0,1437.0,0.0,0.0,
2022-08-30,184.6000061035156,189.1199951171875,184.6000061035156,188.6199951171875,89.0,0.0,0.0,
2022-09-01,193.3999938964844,193.3999938964844,185.5099945068359,186.8800048828125,357.0,0.0,0.0,
2022-09-02,186.3000030517578,187.1799926757812,185.5,185.5,23.0,0.0,0.0,
2022-09-05,186.0800018310547,187.8600006103516,186.0800018310547,187.8600006103516,298.0,0.0,0.0,
2022-09-06,187.8600006103516,188.4100036621094,186.8200073242188,187.6900024414062,444.0,0.0,0.0,
2022-09-07,182.0599975585938,186.9700012207031,182.0599975585938,186.6499938964844,154.0,0.0,0.0,
2022-09-08,188.0,189.4700012207031,187.5800018310547,188.4900054931641,62.0,0.0,0.0,
2022-09-09,190.0,191.4700012207031,187.0,189.3800048828125,635.0,0.0,0.0,
2022-09-12,184.1000061035156,191.1399993896484,184.1000061035156,190.0200042724609,566.0,0.0,0.0,
2022-09-13,188.0,194.3000030517578,188.0,192.3600006103516,899.0,0.0,0.0,
2022-09-14,190.5899963378906,191.6000061035156,189.5,190.2200012207031,1289.0,0.0,0.0,
2022-09-15,189.5099945068359,191.5899963378906,189.2700042724609,189.8099975585938,253.0,0.0,0.0,
2022-09-16,189.3000030517578,189.3000030517578,186.0,186.7599945068359,537.0,0.0,0.0,
2022-09-19,183.0200042724609,187.5,183.0200042724609,186.0500030517578,66.0,0.0,0.0,
2022-09-20,187.6000061035156,190.0299987792969,187.6000061035156,189.7299957275391,243.0,0.0,0.0,
2022-09-21,193.0,193.0,187.2100067138672,187.5,310.0,0.0,0.0,
2022-09-22,188.1699981689453,188.1699981689453,186.5,187.1900024414062,233.0,0.0,0.0,
2022-09-23,186.5,186.5,184.3000030517578,184.4400024414062,1332.0,0.0,0.0,
2022-09-26,185.0500030517578,186.5899963378906,180.1699981689453,180.7799987792969,1904.0,0.0,0.0,
2022-09-27,181.6000061035156,182.5899963378906,180.3099975585938,180.3500061035156,856.0,0.0,0.0,
2022-09-28,181.6000061035156,184.0,179.0,179.0,444.0,0.0,0.0,
2022-09-29,184.3699951171875,184.3699951171875,178.8600006103516,179.0099945068359,170.0,0.0,0.0,
2022-09-30,186.8899993896484,186.8899993896484,179.1000061035156,180.2400054931641,286.0,0.0,0.0,
2022-10-03,188.0,188.0,179.0,179.9799957275391,954.0,0.0,0.0,
2022-10-04,187.7899932861328,187.7899932861328,181.6000061035156,182.6000061035156,618.0,0.0,0.0,
2022-10-06,182.6000061035156,185.2200012207031,182.6000061035156,183.3300018310547,408.0,0.0,0.0,
2022-10-07,184.0,184.6300048828125,182.8000030517578,183.8500061035156,80.0,0.0,0.0,
2022-10-10,187.8899993896484,187.8899993896484,180.7400054931641,182.3800048828125,1244.0,0.0,0.0,
2022-10-11,182.3000030517578,182.6900024414062,179.6000061035156,180.2100067138672,326.0,0.0,0.0,
2022-10-12,181.5599975585938,181.5599975585938,180.6300048828125,181.4499969482422,202.0,0.0,0.0,
2022-10-13,186.8899993896484,186.8899993896484,180.5,181.1000061035156,181.0,0.0,0.0,
2022-10-14,184.0,184.1999969482422,181.9499969482422,182.1199951171875,167.0,0.0,0.0,
2022-10-17,182.9299926757812,183.9100036621094,182.1600036621094,183.8300018310547,471.0,0.0,0.0,
2022-10-18,188.5500030517578,188.5500030517578,178.3000030517578,185.3699951171875,158.0,0.0,0.0,
2022-10-19,186.0,187.1000061035156,185.8399963378906,185.8399963378906,281.0,0.0,0.0,
2022-10-20,185.6000061035156,186.4499969482422,184.4799957275391,186.1999969482422,302.0,0.0,0.0,
2022-10-21,186.6000061035156,187.7299957275391,186.6000061035156,187.0299987792969,230.0,0.0,0.0,
2022-10-24,182.0500030517578,199.6999969482422,182.0500030517578,186.9199981689453,1300.0,0.0,0.0,
2022-10-25,188.0,188.8999938964844,183.8000030517578,188.3999938964844,868.0,0.0,0.0,
2022-10-27,184.6499938964844,191.9499969482422,182.3000030517578,188.6999969482422,854.0,0.0,0.0,
2022-10-28,189.6000061035156,192.8699951171875,185.9499969482422,189.4499969482422,479.0,0.0,0.0,
2022-10-31,193.3999938964844,194.0,184.3000030517578,190.6799926757812,630.0,0.0,0.0,
2022-11-01,191.6000061035156,193.1999969482422,191.6000061035156,192.8399963378906,1009.0,0.0,0.0,
2022-11-02,198.3999938964844,198.3999938964844,187.0500030517578,192.6199951171875,332.0,0.0,0.0,
2022-11-03,194.9900054931641,194.9900054931641,191.0399932861328,191.0399932861328,670.0,0.0,0.0,
2022-11-04,192.1600036621094,192.3699951171875,191.2299957275391,192.0200042724609,83.0,0.0,0.0,
2022-11-07,188.1600036621094,193.5,188.1600036621094,193.4499969482422,105.0,0.0,0.0,
2022-11-09,188.6600036621094,196.9199981689453,188.6600036621094,193.8000030517578,462.0,0.0,0.0,
2022-11-10,194.0,198.3000030517578,188.75,192.1699981689453,319.0,0.0,0.0,
2022-11-11,194.0,195.5,193.7299957275391,195.5,1325.0,0.0,0.0,
2022-11-14,198.3000030517578,228.0,193.9700012207031,194.3300018310547,4278.0,0.0,0.0,
2022-11-15,208.4900054931641,208.4900054931641,194.3099975585938,195.9400024414062,1037.0,0.0,0.0,
2022-11-16,195.75,196.1799926757812,195.6900024414062,195.9799957275391,356.0,0.0,0.0,
2022-11-17,195.8399963378906,195.9499969482422,195.0800018310547,195.1399993896484,834.0,0.0,0.0,
2022-11-18,195.1399993896484,195.1399993896484,194.0,194.1000061035156,250.0,0.0,0.0,
2022-11-21,195.0,197.5700073242188,192.3000030517578,192.4600067138672,522.0,0.0,0.0,
2022-11-22,192.3000030517578,193.9799957275391,192.25,193.3200073242188,106.0,0.0,0.0,
2022-11-23,193.6000061035156,194.9299926757812,193.6000061035156,194.9299926757812,584.0,0.0,0.0,
2022-11-24,194.9700012207031,196.9499969482422,194.1399993896484,196.5800018310547,698.0,0.0,0.0,
2022-11-25,196.0,198.5,195.5,197.0599975585938,954.0,0.0,0.0,
2022-11-28,197.2799987792969,198.0,196.5700073242188,197.7599945068359,229.0,0.0,0.0,
2022-11-29,197.3500061035156,198.9499969482422,197.3500061035156,198.5700073242188,2177.0,0.0,0.0,
2022-11-30,204.5200042724609,204.5200042724609,197.5099945068359,200.2799987792969,1001.0,0.0,0.0,
2022-12-01,200.6000061035156,201.1900024414062,199.5500030517578,200.7400054931641,1040.0,0.0,0.0,
2022-12-02,201.4900054931641,201.4900054931641,197.8200073242188,198.9199981689453,612.0,0.0,0.0,
2022-12-05,204.8800048828125,204.8800048828125,197.6100006103516,197.7100067138672,552.0,0.0,0.0,
2022-12-06,207.6999969482422,207.6999969482422,197.0299987792969,198.5899963378906,1188.0,0.0,0.0,
2022-12-07,202.5599975585938,234.0,197.5099945068359,197.8000030517578,614.0,0.0,0.0,
2022-12-08,193.0,201.4900054931641,193.0,197.8099975585938,155.0,0.0,0.0,
2022-12-09,198.4700012207031,198.4700012207031,195.6000061035156,196.7599945068359,387.0,0.0,0.0,
2022-12-12,193.0200042724609,198.6000061035156,193.0200042724609,195.9900054931641,1407.0,0.0,0.0,
2022-12-13,209.6999969482422,209.6999969482422,196.3099975585938,197.0500030517578,654.0,0.0,0.0,
2022-12-14,198.6000061035156,198.9100036621094,197.4499969482422,198.6300048828125,244.0,0.0,0.0,
2022-12-15,198.3000030517578,198.3000030517578,195.0,195.9299926757812,1725.0,0.0,0.0,
2022-12-16,207.6999969482422,207.6999969482422,194.2799987792969,194.5599975585938,1312.0,0.0,0.0,
2022-12-19,194.5599975585938,196.3399963378906,194.5599975585938,195.9499969482422,526.0,0.0,0.0,
2022-12-20,195.3000030517578,195.6000061035156,193.0700073242188,195.6000061035156,1215.0,0.0,0.0,
2022-12-21,196.0,197.9199981689453,194.0,194.25,834.0,0.0,0.0,
2022-12-22,207.3999938964844,232.7599945068359,191.8899993896484,193.0299987792969,2677.0,0.0,0.0,
2022-12-23,193.0399932861328,193.0399932861328,189.3099975585938,189.7299957275391,2115.0,0.0,0.0,
2022-12-26,190.5899963378906,192.5099945068359,190.1399993896484,191.6600036621094,766.0,0.0,0.0,
2022-12-27,192.6000061035156,192.75,191.5099945068359,191.8099975585938,662.0,0.0,0.0,
2022-12-28,192.6000061035156,193.6000061035156,192.4499969482422,192.5099945068359,705.0,0.0,0.0,
2022-12-29,197.0,197.0,191.0700073242188,193.8000030517578,666.0,0.0,0.0,
2022-12-30,188.0500030517578,199.6999969482422,188.0500030517578,191.8999938964844,309.0,0.0,0.0,
2023-01-02,192.0,199.6999969482422,191.8699951171875,192.9100036621094,793.0,0.0,0.0,
2023-01-03,193.0,194.0899963378906,193.0,194.0,357.0,0.0,0.0,
2023-01-04,193.5800018310547,193.5800018310547,191.3300018310547,191.3999938964844,203.0,0.0,0.0,
2023-01-05,199.0,199.0,190.3099975585938,191.2200012207031,2830.0,0.0,0.0,
2023-01-06,191.7700042724609,191.7700042724609,189.3999938964844,189.6399993896484,421.0,0.0,0.0,
2023-01-09,191.0,193.0899963378906,191.0,191.6000061035156,436.0,0.0,0.0,
2023-01-10,191.3000030517578,191.6999969482422,190.3099975585938,190.4700012207031,369.0,0.0,0.0,
2023-01-11,190.0,191.6399993896484,190.0,190.6100006103516,1004.0,0.0,0.0,
2023-01-12,189.9600067138672,190.1399993896484,189.0,190.1199951171875,115.0,0.0,0.0,
2023-01-13,190.0,191.3500061035156,189.3099975585938,191.3500061035156,102.0,0.0,0.0,
2023-01-16,192.0,193.0,190.2299957275391,190.2299957275391,167.0,0.0,0.0,
2023-01-17,195.9299926757812,195.9299926757812,189.9900054931641,190.7899932861328,271.0,0.0,0.0,
2023-01-18,191.0,193.8000030517578,191.0,193.6799926757812,227.0,0.0,0.0,
2023-01-19,193.6799926757812,196.6000061035156,190.8000030517578,193.1199951171875,685.0,0.0,0.0,
2023-01-20,197.0,197.0,190.8000030517578,191.3600006103516,571.0,0.0,0.0,
2023-01-23,191.3600006103516,193.6499938964844,191.3600006103516,191.7599945068359,159.0,0.0,0.0,
2023-01-24,192.1699981689453,193.7899932861328,191.5,193.2100067138672,246.0,0.0,0.0,
2023-01-25,194.0,194.0,189.2200012207031,189.3399963378906,356.0,0.0,0.0,
2023-01-27,195.0200042724609,195.0200042724609,185.8000030517578,186.5899963378906,2237.0,0.0,0.0,
2023-01-30,186.3999938964844,199.6999969482422,186.3099975585938,192.4499969482422,1653.0,0.0,0.0,
2023-01-31,193.3399963378906,193.3500061035156,186.8000030517578,187.9199981689453,1851.0,0.0,0.0,
2023-02-01,188.0,191.5800018310547,183.3200073242188,184.7899932861328,7306.0,0.0,0.0,
2023-02-02,186.9900054931641,187.6499938964844,183.3000030517578,184.7799987792969,414.0,0.0,0.0,
2023-02-03,184.7799987792969,188.7899932861328,184.7799987792969,188.7899932861328,3228.0,0.0,0.0,
2023-02-06,184.0,189.4600067138672,183.1300048828125,189.2299957275391,3162.0,0.0,0.0,
2023-02-07,189.3000030517578,189.4100036621094,187.3099975585938,187.6399993896484,348.0,0.0,0.0,
2023-02-08,188.0,192.0,188.0,188.8399963378906,73.0,0.0,0.0,
2023-02-09,193.5599975585938,193.5599975585938,187.3000030517578,189.4499969482422,245.0,0.0,0.0,
2023-02-10,190.0,195.0,189.0200042724609,194.2100067138672,348.0,0.0,0.0,
2023-02-13,195.0,195.0,189.0899963378906,189.5099945068359,443.0,0.0,0.0,
2023-02-14,193.5,193.5,188.6799926757812,190.4499969482422,861.0,0.0,0.0,
2023-02-15,190.5700073242188,194.9900054931641,188.0,190.1199951171875,355.0,0.0,0.0,
2023-02-16,194.0,195.0,191.0,194.1799926757812,333.0,0.0,0.0,
2023-02-17,192.1300048828125,192.1300048828125,191.1399993896484,191.4600067138672,32.0,0.0,0.0,
2023-02-20,192.0,192.0,189.2200012207031,190.5599975585938,226.0,0.0,0.0,
2023-02-21,190.5,190.5,189.1199951171875,190.3099975585938,122.0,0.0,0.0,
2023-02-22,189.1999969482422,189.2599945068359,187.0,187.3999938964844,2592.0,0.0,0.0,
2023-02-23,192.0800018310547,192.0800018310547,186.3000030517578,186.3099975585938,705.0,0.0,0.0,
2023-02-24,187.0599975585938,187.0700073242188,186.0,187.0,347.0,0.0,0.0,
2023-02-27,187.0,187.0,184.0,184.9900054931641,448.0,0.0,0.0,
2023-02-28,189.6100006103516,189.6100006103516,184.0,184.6699981689453,1254.0,0.0,0.0,
2023-03-01,189.2799987792969,189.2799987792969,185.0099945068359,186.1699981689453,799.0,0.0,0.0,
2023-03-02,186.0,190.0,184.0,184.6399993896484,389.0,0.0,0.0,
2023-03-03,189.25,189.25,186.0,187.1000061035156,797.0,0.0,0.0,
2023-03-06,186.5,188.6000061035156,186.5,188.6000061035156,63.0,0.0,0.0,
2023-03-08,192.6999969482422,192.6999969482422,186.8000030517578,188.4400024414062,3340.0,0.0,0.0,
2023-03-09,188.4400024414062,188.4499969482422,185.8000030517578,186.0800018310547,659.0,0.0,0.0,
2023-03-10,186.3000030517578,186.3000030517578,184.2799987792969,185.3399963378906,255.0,0.0,0.0,
2023-03-13,185.5,185.9100036621094,181.6999969482422,181.9199981689453,1510.0,0.0,0.0,
2023-03-14,182.0,183.9900054931641,181.4600067138672,181.5,2142.0,0.0,0.0,
2023-03-15,182.0,182.9900054931641,181.0099945068359,181.3300018310547,624.0,0.0,0.0,
2023-03-16,181.0500030517578,181.2599945068359,179.8099975585938,181.0,1012.0,0.0,0.0,
2023-03-17,182.0,182.6900024414062,180.3899993896484,182.6900024414062,406.0,0.0,0.0,
2023-03-20,180.3000030517578,181.3000030517578,179.6000061035156,181.2799987792969,1702.0,0.0,0.0,
2023-03-21,182.0,182.6900024414062,182.0,182.6300048828125,3.0,0.0,0.0,
2023-03-22,186.3000030517578,186.3000030517578,180.8000030517578,182.7299957275391,150.0,0.0,0.0,
2023-03-23,182.0,184.8000030517578,181.6000061035156,182.1799926757812,1146.0,0.0,0.0,
2023-03-24,186.7299957275391,186.7299957275391,179.0,180.5899963378906,641.0,0.0,0.0,
2023-03-27,185.1000061035156,185.1000061035156,180.4700012207031,180.4799957275391,372.0,0.0,0.0,
2023-03-28,180.4799957275391,180.4799957275391,179.3999938964844,179.5200042724609,745.0,0.0,0.0,
2023-03-29,181.9499969482422,181.9499969482422,179.6999969482422,181.0299987792969,60.0,0.0,0.0,
2023-03-31,185.5500030517578,185.5500030517578,183.0,183.8099975585938,607.0,0.0,0.0,
2023-04-03,184.0,185.5500030517578,184.0,185.5500030517578,232.0,0.0,0.0,
2023-04-05,181.8500061035156,191.0,181.8500061035156,185.8999938964844,1859.0,0.0,0.0,
2023-04-06,186.0,187.9900054931641,185.9100036621094,187.2599945068359,370.0,0.0,0.0,
2023-04-10,187.0,190.3999938964844,186.8399963378906,187.2200012207031,468.0,0.0,0.0,
2023-04-11,188.0,189.1600036621094,187.5599975585938,187.8800048828125,274.0,0.0,0.0,
2023-04-12,188.0,189.8399963378906,188.0,189.6699981689453,1975.0,0.0,0.0,
2023-04-13,193.5,193.5,188.8300018310547,189.0099945068359,209.0,0.0,0.0,
2023-04-17,189.0,189.0,186.8000030517578,188.6900024414062,216.0,0.0,0.0,
2023-04-18,183.9799957275391,188.5800018310547,183.9799957275391,188.5800018310547,2236.0,0.0,0.0,
2023-04-19,188.3099975585938,188.3099975585938,186.6300048828125,186.6699981689453,300.0,0.0,0.0,
2023-04-20,187.3300018310547,188.1999969482422,187.0299987792969,187.9600067138672,48.0,0.0,0.0,
2023-04-21,187.7100067138672,187.9900054931641,186.6399993896484,187.9799957275391,33.0,0.0,0.0,
2023-04-24,182.3500061035156,188.5399932861328,182.3500061035156,187.3600006103516,310.0,0.0,0.0,
2023-04-25,187.3000030517578,189.4100036621094,186.0,188.7100067138672,837.0,0.0,0.0,
2023-04-26,188.2400054931641,189.6999969482422,188.2400054931641,188.5099945068359,226.0,0.0,0.0,
2023-04-27,188.9600067138672,190.3999938964844,188.9600067138672,190.0500030517578,459.0,0.0,0.0,
2023-04-28,190.0,191.5299987792969,189.7599945068359,190.3800048828125,163.0,0.0,0.0,
2023-05-02,185.6300048828125,193.8899993896484,185.6300048828125,191.5200042724609,2153.0,0.0,0.0,
2023-05-03,195.3500061035156,195.3500061035156,189.8000030517578,191.3399963378906,4525.0,0.0,0.0,
2023-05-04,192.0500030517578,193.0,190.5099945068359,191.8200073242188,858.0,0.0,0.0,
2023-05-05,192.0,194.0,189.8000030517578,190.3200073242188,237.0,0.0,0.0,
2023-05-08,194.1499938964844,195.0,190.4700012207031,194.5700073242188,423.0,0.0,0.0,
2023-05-09,194.0500030517578,195.6199951171875,194.0500030517578,195.25,243.0,0.0,0.0,
2023-05-10,191.3500061035156,196.0,191.3500061035156,194.3099975585938,145.0,0.0,0.0,
2023-05-11,194.3099975585938,195.5399932861328,194.2700042724609,194.4700012207031,1405.0,0.0,0.0,
2023-05-12,189.6000061035156,194.3099975585938,189.6000061035156,194.1100006103516,441.0,0.0,0.0,
2023-05-15,195.0,196.0,195.0,196.0,1293.0,0.0,0.0,
2023-05-16,195.7200012207031,196.0,194.5099945068359,195.8099975585938,102.0,0.0,0.0,
2023-05-17,195.3000030517578,195.3000030517578,193.0,193.8200073242188,218.0,0.0,0.0,
2023-05-18,193.8200073242188,194.8800048828125,193.7700042724609,194.4799957275391,203.0,0.0,0.0,
2023-05-19,193.5,193.9700012207031,192.5500030517578,192.7799987792969,2418.0,0.0,0.0,
2023-05-22,195.1900024414062,195.25,187.0500030517578,192.3999938964844,138.0,0.0,0.0,
2023-05-23,192.5,196.0,190.8000030517578,195.7599945068359,1021.0,0.0,0.0,
2023-05-24,195.5200042724609,195.7400054931641,194.2799987792969,194.3399963378906,112.0,0.0,0.0,
2023-05-25,192.0,195.0,192.0,194.7100067138672,162.0,0.0,0.0,
2023-05-26,195.0,197.5299987792969,195.0,196.4400024414062,923.0,0.0,0.0,
2023-05-29,191.5299987792969,199.0,191.5299987792969,197.9100036621094,341.0,0.0,0.0,
2023-05-30,197.9100036621094,197.9100036621094,197.9100036621094,197.9100036621094,0.0,0.0,0.0,
2023-05-31,194.0,198.3300018310547,194.0,197.8899993896484,72.0,0.0,0.0,
2023-06-01,197.5,198.3800048828125,197.2599945068359,197.2599945068359,731.0,0.0,0.0,
2023-06-02,200.0,200.0,196.0,197.9400024414062,100.0,0.0,0.0,
2023-06-05,198.6699981689453,199.3399963378906,198.0200042724609,198.1100006103516,126.0,0.0,0.0,
2023-06-06,199.0,199.0,197.3000030517578,197.5099945068359,1350.0,0.0,0.0,
2023-06-07,198.6699981689453,199.8000030517578,198.6300048828125,199.8000030517578,320.0,0.0,0.0,
2023-06-08,200.0,200.6999969482422,198.3800048828125,198.7599945068359,1194.0,0.0,0.0,
2023-06-09,199.1499938964844,199.3399963378906,190.0,196.7100067138672,23.0,0.0,0.0,
2023-06-12,198.8699951171875,199.25,197.9900054931641,198.2200012207031,461.0,0.0,0.0,
2023-06-13,198.2200012207031,200.2700042724609,198.2200012207031,199.3000030517578,828.0,0.0,0.0,
2023-06-14,199.3000030517578,200.6199951171875,199.3000030517578,199.6300048828125,833.0,0.0,0.0,
2023-06-15,200.5099945068359,200.6000061035156,198.9700012207031,198.9700012207031,54.0,0.0,0.0,
2023-06-16,199.8999938964844,201.8600006103516,199.8399963378906,201.8600006103516,217.0,0.0,0.0,
2023-06-19,200.3000030517578,201.1000061035156,199.8399963378906,201.1000061035156,933.0,0.0,0.0,
2023-06-20,200.8000030517578,201.1499938964844,199.7100067138672,201.1499938964844,34.0,0.0,0.0,
2023-06-21,201.6900024414062,201.9100036621094,200.5899963378906,201.8200073242188,338.0,0.0,0.0,
2023-06-22,201.9299926757812,201.9299926757812,200.8399963378906,200.8399963378906,1000.0,0.0,0.0,
2023-06-23,200.8099975585938,200.8099975585938,195.1000061035156,197.8099975585938,740.0,0.0,0.0,
2023-06-26,199.0,200.1499938964844,198.9600067138672,199.9400024414062,414.0,0.0,0.0,
2023-06-27,199.0,200.6000061035156,199.0,200.4700012207031,45.0,0.0,0.0,
2023-06-28,201.0,202.9799957275391,201.0,202.1499938964844,1524.0,0.0,0.0,
2023-06-30,205.0,205.0,202.0,204.6100006103516,526.0,0.0,0.0,
2023-07-03,207.6399993896484,207.6499938964844,197.5500030517578,200.8800048828125,904.0,0.0,0.0,
2023-07-04,204.0,206.9900054931641,204.0,206.4700012207031,595.0,0.0,0.0,
2023-07-05,206.5099945068359,207.5,206.3099975585938,206.3099975585938,1645.0,0.0,0.0,
2023-07-06,212.8899993896484,212.8899993896484,199.0500030517578,212.4299926757812,947.0,0.0,0.0,
2023-07-07,212.6999969482422,212.6999969482422,206.4700012207031,207.1000061035156,3297.0,0.0,0.0,
2023-07-10,207.1100006103516,208.0,206.9900054931641,206.9900054931641,207.0,0.0,0.0,
2023-07-11,206.9900054931641,208.7100067138672,206.9900054931641,207.2100067138672,505.0,0.0,0.0,
2023-07-12,207.0,208.4700012207031,207.0,207.6000061035156,132.0,0.0,0.0,
2023-07-13,212.7899932861328,212.7899932861328,205.3000030517578,208.0,129.0,0.0,0.0,
2023-07-14,208.0,208.5599975585938,207.0,208.5500030517578,1049.0,0.0,0.0,
2023-07-17,206.0,210.6699981689453,206.0,210.0299987792969,1368.0,0.0,0.0,
2023-07-18,215.2799987792969,215.2799987792969,205.3000030517578,205.3899993896484,509.0,0.0,0.0,
2023-07-19,205.3899993896484,212.3899993896484,205.3899993896484,211.2899932861328,1318.0,0.0,0.0,
2023-07-20,227.6999969482422,227.6999969482422,209.8099975585938,211.3099975585938,642.0,0.0,0.0,
2023-07-21,212.6000061035156,213.6999969482422,208.8000030517578,211.6100006103516,257.0,0.0,0.0,
2023-07-24,211.6100006103516,218.9900054931641,211.0700073242188,217.4600067138672,314.0,0.0,0.0,
2023-07-25,217.0,219.0,210.8000030517578,215.4299926757812,392.0,0.0,0.0,
2023-07-26,220.8099975585938,220.8099975585938,210.0,212.1499938964844,1032.0,0.0,0.0,
2023-07-27,212.1499938964844,215.9900054931641,210.1999969482422,211.0399932861328,687.0,0.0,0.0,
2023-07-28,206.8200073242188,217.0,206.8200073242188,210.3999938964844,332.0,0.0,0.0,
2023-07-31,206.1900024414062,216.9499969482422,206.1900024414062,209.4299926757812,900.0,0.0,0.0,
2023-08-01,211.3699951171875,211.6799926757812,210.3800048828125,210.6300048828125,901.0,0.0,0.0,
2023-08-02,215.8899993896484,219.6999969482422,207.3200073242188,208.0099945068359,858.0,0.0,0.0,
2023-08-03,210.0,219.6999969482422,206.5500030517578,207.6499938964844,620.0,0.0,0.0,
2023-08-04,211.8500061035156,211.8500061035156,208.1600036621094,208.5800018310547,162.0,0.0,0.0,
2023-08-07,214.8500061035156,217.6999969482422,208.6900024414062,209.1699981689453,642.0,0.0,0.0,
2023-08-08,206.0500030517578,214.0,206.0500030517578,209.6300048828125,953.0,0.0,0.0,
2023-08-09,209.6300048828125,209.6300048828125,208.3099975585938,209.2899932861328,954.0,0.0,0.0,
2023-08-10,209.2899932861328,210.5800018310547,207.3000030517578,209.8600006103516,358.0,0.0,0.0,
2023-08-11,205.6600036621094,216.9700012207031,205.6600036621094,208.8800048828125,658.0,0.0,0.0,
2023-08-14,208.8000030517578,211.0500030517578,205.25,207.2299957275391,263.0,0.0,0.0,
2023-08-16,206.8000030517578,210.9700012207031,205.3000030517578,208.5099945068359,554.0,0.0,0.0,
2023-08-17,209.5899963378906,209.5899963378906,207.3600006103516,207.9799957275391,1088.0,0.0,0.0,
2023-08-18,208.0099945068359,208.0099945068359,206.25,206.3399963378906,346.0,0.0,0.0,
2023-08-21,208.6000061035156,213.0,205.3000030517578,207.0599975585938,1609.0,0.0,0.0,
2023-08-22,207.0599975585938,208.5299987792969,206.5,207.2299957275391,67.0,0.0,0.0,
2023-08-23,207.2299957275391,208.9900054931641,207.2299957275391,208.8200073242188,176.0,0.0,0.0,
2023-08-24,209.6000061035156,209.6000061035156,207.9400024414062,208.3999938964844,26.0,0.0,0.0,
2023-08-25,207.3000030517578,207.3000030517578,206.3999938964844,206.3999938964844,42.0,0.0,0.0,
2023-08-28,208.0,208.0,206.5200042724609,206.6499938964844,211.0,0.0,0.0,
2023-08-29,207.4600067138672,207.4600067138672,207.3999938964844,207.3999938964844,73.0,0.0,0.0,
2023-08-30,209.6000061035156,209.6000061035156,206.7700042724609,206.9100036621094,217.0,0.0,0.0,
2023-08-31,207.7400054931641,207.7400054931641,206.3600006103516,207.3600006103516,230.0,0.0,0.0,
2023-09-01,207.3600006103516,208.3999938964844,202.1999969482422,208.3999938964844,493.0,0.0,0.0,
2023-09-04,208.4499969482422,209.8999938964844,208.3999938964844,209.8999938964844,178.0,0.0,0.0,
2023-09-05,209.8999938964844,210.3000030517578,209.3500061035156,209.4199981689453,379.0,0.0,0.0,
2023-09-06,209.7200012207031,210.3500061035156,209.6799926757812,209.6900024414062,255.0,0.0,0.0,
2023-09-07,210.0,211.6999969482422,209.5899963378906,211.6999969482422,108.0,0.0,0.0,
2023-09-08,210.6000061035156,212.8500061035156,210.6000061035156,212.8500061035156,42.0,0.0,0.0,
2023-09-11,207.5299987792969,218.0,207.5299987792969,214.4400024414062,552.0,0.0,0.0,
2023-09-12,214.3999938964844,214.3999938964844,213.8699951171875,214.3999938964844,120.0,0.0,0.0,
2023-09-13,214.5,214.5399932861328,213.9799957275391,214.5399932861328,1023.0,0.0,0.0,
2023-09-14,214.9900054931641,216.3099975585938,214.75,216.3099975585938,215.0,0.0,0.0,
2023-09-15,216.0,217.6000061035156,214.3000030517578,216.0,110.0,0.0,0.0,
2023-09-18,216.6199951171875,216.6199951171875,215.8999938964844,215.8999938964844,126.0,0.0,0.0,
2023-09-20,219.0,219.0,213.5800018310547,213.8200073242188,163.0,0.0,0.0,
2023-09-21,211.0,218.8399963378906,211.0,212.0899963378906,353.0,0.0,0.0,
2023-09-22,211.5,213.0,211.1300048828125,211.6399993896484,21.0,0.0,0.0,
2023-09-25,211.0,211.6999969482422,209.8699951171875,211.3200073242188,262.0,0.0,0.0,
2023-09-26,216.6000061035156,216.6000061035156,210.1100006103516,215.0,229.0,0.0,0.0,
2023-09-27,211.0,211.6699981689453,210.0,211.6699981689453,104.0,0.0,0.0,
2023-09-28,213.0,216.8899993896484,209.1600036621094,209.1600036621094,1293.0,0.0,0.0,
2023-09-29,212.9900054931641,212.9900054931641,210.0099945068359,210.0099945068359,32.0,0.0,0.0,
2023-10-03,212.8999938964844,217.6999969482422,208.7100067138672,208.8999938964844,638.0,0.0,0.0,
2023-10-04,209.0,209.0,207.5,208.2899932861328,387.0,0.0,0.0,
2023-10-05,209.3600006103516,210.2299957275391,208.8999938964844,208.8999938964844,583.0,0.0,0.0,
2023-10-06,211.0,211.1999969482422,209.7299957275391,211.1999969482422,27.0,0.0,0.0,
2023-10-09,216.4799957275391,216.4799957275391,208.7100067138672,209.8300018310547,624.0,0.0,0.0,
2023-10-10,211.0,214.9799957275391,210.4900054931641,210.5500030517578,210.0,0.0,0.0,
2023-10-11,211.8099975585938,212.7899932861328,211.8099975585938,211.8699951171875,26.0,0.0,0.0,
2023-10-12,211.75,212.8399963378906,211.5700073242188,212.6699981689453,73.0,0.0,0.0,
2023-10-13,212.0,212.1699981689453,210.0,211.2400054931641,151.0,0.0,0.0,
2023-10-16,212.1600036621094,212.2200012207031,211.0,211.0,316.0,0.0,0.0,
2023-10-17,212.0500030517578,212.7700042724609,211.8500061035156,212.6900024414062,98.0,0.0,0.0,
2023-10-18,212.6900024414062,212.6900024414062,211.0,211.3099975585938,151.0,0.0,0.0,
2023-10-19,211.3099975585938,211.3099975585938,210.0,210.6100006103516,156.0,0.0,0.0,
2023-10-20,210.0,210.3300018310547,209.1900024414062,209.9299926757812,256.0,0.0,0.0,
2023-10-23,210.0,210.0,207.1999969482422,207.2899932861328,287.0,0.0,0.0,
2023-10-25,212.4700012207031,212.4700012207031,204.5800018310547,204.6399993896484,829.0,0.0,0.0,
2023-10-26,204.6399993896484,204.6399993896484,202.0,202.9400024414062,526.0,0.0,0.0,
2023-10-27,207.0,207.0,203.3300018310547,204.8000030517578,1787.0,0.0,0.0,
2023-10-30,204.8099975585938,208.0,176.0,181.0700073242188,1608.0,0.0,0.0,
2023-10-31,204.8099975585938,245.0,203.0,204.75,9022.0,0.0,0.0,
2023-11-01,208.8500061035156,208.8500061035156,204.0,204.1000061035156,3278.0,0.0,0.0,
2023-11-02,206.9900054931641,206.9900054931641,204.4700012207031,205.3600006103516,535.0,0.0,0.0,
2023-11-03,206.0,207.1900024414062,205.8699951171875,205.8699951171875,797.0,0.0,0.0,
2023-11-06,206.0,208.1699981689453,205.9499969482422,207.6399993896484,309.0,0.0,0.0,
2023-11-07,207.0,207.6300048828125,206.8999938964844,207.5399932861328,109.0,0.0,0.0,
2023-11-08,208.0,209.1699981689453,207.5399932861328,207.8699951171875,312.0,0.0,0.0,
2023-11-09,202.6799926757812,209.1000061035156,202.6799926757812,208.8500061035156,71.0,0.0,0.0,
2023-11-10,208.0,208.5299987792969,207.6799926757812,208.0,115.0,0.0,0.0,
2023-11-13,207.8500061035156,221.0,205.3000030517578,208.5200042724609,221.0,0.0,0.0,
2023-11-15,208.5200042724609,211.1999969482422,205.8000030517578,211.0,1643.0,0.0,0.0,
2023-11-16,211.8500061035156,213.3099975585938,211.6900024414062,212.25,375.0,0.0,0.0,
2023-11-17,217.5500030517578,217.5500030517578,211.3000030517578,212.3300018310547,177.0,0.0,0.0,
2023-11-20,212.0,212.0,210.7100067138672,211.7400054931641,161.0,0.0,0.0,
2023-11-21,211.7400054931641,213.0299987792969,211.6399993896484,211.7200012207031,314.0,0.0,0.0,
2023-11-22,213.0,213.0,212.0,212.3800048828125,72.0,0.0,0.0,
2023-11-23,212.3800048828125,213.3800048828125,211.9499969482422,213.3000030517578,649.0,0.0,0.0,
2023-11-24,212.5,215.0,209.5,211.8699951171875,694.0,0.0,0.0,
2023-11-28,216.1100006103516,254.9600067138672,212.9600067138672,214.7799987792969,622.0,0.0,0.0,
2023-11-29,214.7799987792969,218.4499969482422,214.1499938964844,218.4499969482422,375.0,0.0,0.0,
2023-11-30,221.1999969482422,221.1999969482422,215.3200073242188,215.7100067138672,610.0,0.0,0.0,
2023-12-01,215.8200073242188,217.5,215.8200073242188,217.0700073242188,3058.0,0.0,0.0,
2023-12-04,218.0,223.9900054931641,216.4900054931641,217.9499969482422,4330.0,0.0,0.0,
2023-12-05,219.8600006103516,223.4900054931641,219.8600006103516,223.4600067138672,617.0,0.0,0.0,
2023-12-06,224.0,224.75,224.0,224.5599975585938,523.0,0.0,0.0,
2023-12-07,228.8999938964844,228.8999938964844,221.0899963378906,225.0500030517578,3019.0,0.0,0.0,
2023-12-08,225.0,225.4900054931641,223.5099945068359,225.4100036621094,234.0,0.0,0.0,
2023-12-11,219.7799987792969,227.75,219.7799987792969,227.7400054931641,661.0,0.0,0.0,
2023-12-12,226.0,226.0,224.8399963378906,225.0099945068359,194.0,0.0,0.0,
2023-12-13,225.0099945068359,225.0099945068359,222.5099945068359,223.1499938964844,104.0,0.0,0.0,
2023-12-14,228.6999969482422,229.0,223.0,228.1000061035156,275.0,0.0,0.0,
2023-12-15,227.5399932861328,230.0,227.5399932861328,227.9299926757812,415.0,0.0,0.0,
2023-12-18,230.0,230.7799987792969,229.2599945068359,230.3999938964844,624.0,0.0,0.0,
2023-12-19,229.8000030517578,230.3999938964844,228.7200012207031,230.3999938964844,315.0,0.0,0.0,
2023-12-20,231.0,235.0,227.6000061035156,228.7899932861328,762.0,0.0,0.0,
2023-12-21,234.5,234.5,224.0,228.5800018310547,325.0,0.0,0.0,
2023-12-22,234.2899932861328,235.3999938964844,227.6999969482422,229.4199981689453,650.0,0.0,0.0,
2023-12-26,229.4199981689453,235.0,225.8000030517578,234.7899932861328,467.0,0.0,0.0,
2023-12-27,234.6999969482422,235.0,230.6999969482422,232.4700012207031,528.0,0.0,0.0,
2023-12-28,232.0,233.5200042724609,232.0,233.5200042724609,290.0,0.0,0.0,
2023-12-29,233.3000030517578,234.0,229.8200073242188,233.6000061035156,261.0,0.0,0.0,
2024-01-01,227.7599945068359,234.5,227.7599945068359,233.6999969482422,593.0,0.0,0.0,
2024-01-02,232.0,235.1600036621094,228.3000030517578,231.5899963378906,463.0,0.0,0.0,
2024-01-03,232.0,236.0,232.0,232.0099945068359,508.0,0.0,0.0,
2024-01-04,232.0099945068359,236.9700012207031,230.0,232.9100036621094,528.0,0.0,0.0,
2024-01-05,237.1999969482422,244.9100036621094,230.7899932861328,235.2799987792969,2367.0,0.0,0.0,
2024-01-08,239.6999969482422,239.6999969482422,231.3500061035156,231.5700073242188,1928.0,0.0,0.0,
2024-01-09,231.6100006103516,234.0099945068359,230.5200042724609,230.6100006103516,1501.0,0.0,0.0,
2024-01-10,232.0099945068359,233.9900054931641,230.1900024414062,232.8899993896484,1074.0,0.0,0.0,
2024-01-11,232.9900054931641,236.0,231.5099945068359,233.9299926757812,257.0,0.0,0.0,
2024-01-12,224.0,235.3000030517578,222.0,233.7100067138672,449.0,0.0,0.0,
2024-01-15,236.0,238.0,233.7899932861328,237.1100006103516,275.0,0.0,0.0,
2024-01-16,233.5500030517578,240.0,233.5500030517578,237.0599975585938,216.0,0.0,0.0,
2024-01-17,237.0599975585938,241.0,232.0,235.1199951171875,544.0,0.0,0.0,
2024-01-18,235.1199951171875,239.6999969482422,230.0,231.1399993896484,1003.0,0.0,0.0,
2024-01-19,233.0899963378906,233.1100006103516,231.5099945068359,231.8300018310547,198.0,0.0,0.0,
2024-01-23,230.8999938964844,238.0,228.0,228.0,572.0,0.0,0.0,
2024-01-24,229.2599945068359,231.4600067138672,227.4600067138672,230.4499969482422,201.0,0.0,0.0,
2024-01-25,236.2100067138672,236.2100067138672,225.5500030517578,230.25,495.0,0.0,0.0,
2024-01-29,225.6499938964844,238.75,225.6499938964844,235.8000030517578,864.0,0.0,0.0,
2024-01-30,229.0,238.5,229.0,231.6000061035156,715.0,0.0,0.0,
2024-01-31,236.6999969482422,237.1000061035156,231.6600036621094,233.4400024414062,238.0,0.0,0.0,
2024-02-01,231.0,240.0,229.1000061035156,239.2400054931641,1035.0,0.0,0.0,
2024-02-02,234.3099975585938,240.0,234.3099975585938,235.5,2385.0,0.0,0.0,
2024-02-05,234.5099945068359,236.9900054931641,234.5,234.9700012207031,837.0,0.0,0.0,
2024-02-06,236.1000061035156,236.6000061035156,232.8000030517578,235.3600006103516,553.0,0.0,0.0,
2024-02-07,230.8999938964844,239.7200012207031,230.8999938964844,238.1000061035156,799.0,0.0,0.0,
2024-02-08,239.6999969482422,239.6999969482422,233.3000030517578,235.7299957275391,200.0,0.0,0.0,
2024-02-09,231.0200042724609,240.0,231.0200042724609,235.4499969482422,178.0,0.0,0.0,
2024-02-12,235.4499969482422,235.8999938964844,226.6699981689453,233.5500030517578,672.0,0.0,0.0,
2024-02-13,233.5500030517578,233.5500030517578,231.4199981689453,233.5500030517578,101.0,0.0,0.0,
2024-02-14,236.0,236.0,229.3000030517578,235.1399993896484,356.0,0.0,0.0,
2024-02-15,236.0,237.1000061035156,229.0,235.7400054931641,796.0,0.0,0.0,
2024-02-16,233.0,237.0,231.5,236.9400024414062,773.0,0.0,0.0,
2024-02-19,236.9400024414062,238.6000061035156,236.4100036621094,237.75,187.0,0.0,0.0,
2024-02-20,237.3000030517578,238.6699981689453,235.0,236.0,430.0,0.0,0.0,
2024-02-22,238.0,237.7299957275391,234.0,237.1000061035156,284.0,0.0,0.0,
2024-02-21,238.0,239.72000122070312,237.07000732421875,237.8500061035156,507.0,0.0,0.0,
2024-02-23,238.32000732421875,240.0,238.32000732421875,239.3999938964844,285.0,0.0,0.0,
2024-02-26,240.0,241.0,235.3099975585937,238.8600006103516,717.0,0.0,0.0,
2024-02-27,238.8600006103516,244.6999969482422,237.07000732421875,239.07000732421875,454.0,0.0,0.0,
2024-02-28,237.8000030517578,242.25,235.3000030517578,236.3500061035156,492.0,0.0,0.0,
2024-02-29,232.0,237.22999572753903,232.0,237.0200042724609,344.0,0.0,0.0,
2024-03-01,237.0200042724609,242.0,235.0,239.17999267578125,1760.0,0.0,0.0,
2024-03-04,242.0,242.0,239.9600067138672,241.3300018310547,598.0,0.0,0.0,
2024-03-05,235.3000030517578,243.6000061035156,235.3000030517578,239.3500061035156,438.0,0.0,0.0,
2024-03-06,240.6999969482422,242.3699951171875,238.5800018310547,242.3600006103516,507.0,0.0,0.0,
2024-03-07,238.1000061035156,242.4900054931641,238.0,240.6600036621093,605.0,0.0,0.0,
2024-03-11,245.5,245.5,240.6600036621093,240.6600036621093,586.0,0.0,0.0,
2024-03-12,238.0,241.8999938964844,237.0500030517578,241.1699981689453,378.0,0.0,0.0,
2024-03-13,241.0,255.0,236.009994506836,245.02999877929688,440.0,0.0,0.0,
2024-03-14,244.3999938964844,244.3999938964844,230.0,238.72999572753903,1674.0,0.0,0.0,
2024-03-15,243.5,243.5,235.52999877929688,237.8699951171875,319.0,0.0,0.0,
2024-03-18,237.8999938964844,237.8999938964844,234.8699951171875,237.5,235.0,0.0,0.0,
2024-03-19,235.6499938964844,235.8000030517578,233.9900054931641,234.7700042724609,169.0,0.0,0.0,
2024-03-20,233.9900054931641,235.7700042724609,233.9900054931641,233.9900054931641,160.0,0.0,0.0,
2024-03-21,236.9600067138672,237.44000244140625,235.5200042724609,237.07000732421875,501.0,0.0,0.0,
2024-03-22,234.0,238.0,234.0,238.0,229.0,0.0,0.0,
2024-03-26,238.0,240.9499969482422,234.67999267578125,237.2899932861328,704.0,0.0,0.0,
2024-03-27,234.0,238.5,233.8000030517578,237.77999877929688,433.0,0.0,0.0,
2024-03-28,240.97999572753903,248.4499969482422,235.94000244140625,241.0399932861328,297.0,0.0,0.0,
2024-04-01,247.0599975585937,247.0599975585937,237.1100006103516,240.7700042724609,434.0,0.0,0.0,
2024-04-02,237.8000030517578,244.3800048828125,237.3800048828125,241.3800048828125,503.0,0.0,0.0,
2024-04-03,241.3000030517578,242.2400054931641,240.8699951171875,241.3999938964844,202.0,0.0,0.0,
2024-04-04,238.8999938964844,244.94000244140625,238.3699951171875,241.4199981689453,399.0,0.0,0.0,
2024-04-05,241.4199981689453,242.6999969482422,241.009994506836,241.8999938964844,362.0,0.0,0.0,
2024-04-08,239.0,245.2100067138672,237.8999938964844,243.759994506836,2196.0,0.0,0.0,
2024-04-09,245.2700042724609,245.2700042724609,242.88999938964844,244.7100067138672,315.0,0.0,0.0,
2024-04-10,244.5,245.2100067138672,243.13999938964844,245.1999969482422,1431.0,0.0,0.0,
2024-04-12,245.2100067138672,245.2100067138672,241.8000030517578,242.7100067138672,730.0,0.0,0.0,
2024-04-15,247.5599975585937,247.5599975585937,236.63999938964844,241.13999938964844,1119.0,0.0,0.0,
2024-04-16,244.94000244140625,244.94000244140625,235.9900054931641,238.57000732421875,3443.0,0.0,0.0,
2024-04-18,239.5,240.5,236.17999267578125,236.17999267578125,316.0,0.0,0.0,
2024-04-19,234.1000061035156,238.27999877929688,231.7899932861328,238.19000244140625,336.0,0.0,0.0,
2024-04-22,238.19000244140625,240.33999633789065,238.19000244140625,240.3300018310547,1176.0,0.0,0.0,
2024-04-23,245.13999938964844,245.13999938964844,239.72000122070312,241.25,257.0,0.0,0.0,
2024-04-24,239.9199981689453,242.22000122070312,239.9199981689453,241.6000061035156,425.0,0.0,0.0,
2024-04-25,240.0,242.1100006103516,239.4900054931641,241.5,567.0,0.0,0.0,
2024-04-26,241.8800048828125,243.4100036621093,241.25,242.4100036621093,507.0,0.0,0.0,
2024-04-29,237.5599975585937,243.4900054931641,237.5599975585937,242.9600067138672,545.0,0.0,0.0,
2024-04-30,243.9499969482422,244.0,243.2899932861328,243.9900054931641,1300.0,0.0,0.0,
2024-05-02,240.22999572753903,246.22999572753903,239.9900054931641,244.1300048828125,402.0,0.0,0.0,
2024-05-03,244.1199951171875,244.7400054931641,241.6699981689453,242.67999267578125,731.0,0.0,0.0,
2024-05-06,237.8300018310547,254.0,237.8300018310547,241.8999938964844,3308.0,0.0,0.0,
2024-05-07,241.63999938964844,241.6499938964844,238.6499938964844,239.0399932861328,457.0,0.0,0.0,
2024-05-08,236.92999267578125,242.3300018310547,236.92999267578125,240.19000244140625,133.0,0.0,0.0,
2024-05-09,239.8000030517578,242.0,237.0599975585937,237.63999938964844,519.0,0.0,0.0,
2024-05-10,239.0,241.97000122070312,235.6499938964844,237.75,1822.0,0.0,0.0,
2024-05-13,239.8000030517578,241.8800048828125,234.9199981689453,238.92999267578125,344.0,0.0,0.0,
2024-05-14,237.27999877929688,240.4900054931641,237.27999877929688,240.19000244140625,127.0,0.0,0.0,
2024-05-15,240.0200042724609,240.0200042724609,238.0500030517578,239.0,623.0,0.0,0.0,
2024-05-16,238.8000030517578,241.8800048828125,236.57000732421875,240.02999877929688,709.0,0.0,0.0,
2024-05-17,240.4600067138672,242.0,240.3500061035156,241.8099975585937,405.0,0.0,0.0,
2024-05-18,242.0,242.0,237.7700042724609,242.0,71.0,0.0,0.0,
2024-05-21,242.0,244.9900054931641,237.5,238.5,7593.0,0.0,0.0,
2024-05-22,242.0,242.0,238.0,238.259994506836,1294.0,0.0,0.0,
2024-05-23,238.509994506836,241.0,238.5,240.8800048828125,1580.0,0.0,0.0,
2024-05-24,238.1300048828125,246.9900054931641,238.1199951171875,246.58999633789065,4328.0,0.0,0.0,
2024-05-27,249.8000030517578,249.8000030517578,242.1000061035156,246.1000061035156,1036.0,0.0,0.0,
2024-05-28,246.259994506836,247.9900054931641,241.08999633789065,242.08999633789065,5521.0,0.0,0.0,
2024-05-29,247.47999572753903,247.47999572753903,242.77999877929688,245.6999969482422,613.0,0.0,0.0,
2024-05-30,249.17999267578125,249.17999267578125,242.6300048828125,246.0,1134.0,0.0,0.0,
2024-05-31,246.0,247.0,243.57000732421875,244.22000122070312,4197.0,0.0,0.0,
2024-06-03,246.009994506836,250.6999969482422,245.1000061035156,246.67999267578125,1813.0,0.0,0.0,
2024-06-04,246.58999633789065,269.8999938964844,243.0,252.3099975585937,820.0,0.0,0.0,
2024-06-05,253.9900054931641,259.0,230.0,244.7400054931641,1288.0,0.0,0.0,
2024-06-06,244.72999572753903,252.7700042724609,244.72999572753903,245.92999267578125,405.0,0.0,0.0,
2024-06-07,245.92999267578125,249.5,240.3500061035156,246.0,782.0,0.0,0.0,
2024-06-10,254.92999267578125,254.92999267578125,245.13999938964844,251.97999572753903,2944.0,0.0,0.0,
2024-06-11,257.04998779296875,257.04998779296875,248.0,252.5,1386.0,0.0,0.0,
2024-06-12,256.2900085449219,256.2900085449219,248.7100067138672,252.63999938964844,343.0,0.0,0.0,
2024-06-13,250.0,253.4900054931641,250.0,252.83999633789065,380.0,0.0,0.0,
2024-06-14,257.8999938964844,257.8999938964844,249.67999267578125,253.7100067138672,302.0,0.0,0.0,
2024-06-18,251.83999633789065,256.0299987792969,249.7100067138672,254.94000244140625,1506.0,0.0,0.0,
2024-06-19,254.009994506836,255.9499969482422,253.17999267578125,254.9900054931641,137.0,0.0,0.0,
2024-06-20,251.8000030517578,256.0,251.1699981689453,255.3000030517578,2122.0,0.0,0.0,
2024-06-21,255.9100036621093,255.92999267578125,254.5,255.8300018310547,217.0,0.0,0.0,
2024-06-24,255.8300018310547,256.0,252.6300048828125,255.009994506836,1179.0,0.0,0.0,
2024-06-25,255.0200042724609,256.0,251.82000732421875,255.6100006103516,185.0,0.0,0.0,
2024-06-26,252.5,258.79998779296875,252.5,256.95001220703125,279.0,0.0,0.0,
2024-06-27,256.95001220703125,259.69000244140625,256.95001220703125,259.0799865722656,873.0,0.0,0.0,
2024-06-28,261.8699951171875,261.8699951171875,258.82000732421875,261.0,598.0,0.0,0.0,
2024-07-01,261.0,264.1099853515625,257.0799865722656,263.3299865722656,735.0,0.0,0.0,
2024-07-02,263.3399963378906,265.5,260.0,265.0400085449219,479.0,0.0,0.0,
2024-07-03,269.6000061035156,269.6000061035156,260.1499938964844,264.8500061035156,2283.0,0.0,0.0,
2024-07-04,268.8699951171875,269.0,261.0,262.6300048828125,2806.0,0.0,0.0,
2024-07-05,265.75,265.75,261.1199951171875,262.1300048828125,877.0,0.0,0.0,
2024-07-08,262.1300048828125,264.0,260.9800109863281,263.8599853515625,420.0,0.0,0.0,
2024-07-09,261.010009765625,265.54998779296875,261.0,264.5199890136719,346.0,0.0,0.0,
2024-07-10,264.5199890136719,264.5199890136719,261.57000732421875,262.6099853515625,431.0,0.0,0.0,
2024-07-11,269.6000061035156,269.6000061035156,261.1700134277344,263.94000244140625,628.0,0.0,0.0,
2024-07-12,264.989990234375,264.989990234375,261.0599975585937,264.1400146484375,847.0,0.0,0.0,
2024-07-15,262.010009765625,266.6000061035156,261.0,265.1000061035156,785.0,0.0,0.0,
2024-07-16,270.3999938964844,269.8699951171875,265.1000061035156,266.6000061035156,248.0,0.0,0.0,
2024-07-18,258.6000061035156,269.9599914550781,258.6000061035156,267.3399963378906,564.0,0.0,0.0,
2024-07-19,271.489990234375,271.5,264.8999938964844,267.29998779296875,578.0,0.0,0.0,
2024-07-22,272.6499938964844,272.6499938964844,257.0,265.7900085449219,585.0,0.0,0.0,
2024-07-23,265.7900085449219,265.8699951171875,259.9100036621094,265.4100036621094,928.0,0.0,0.0,
2024-07-24,261.44000244140625,268.7699890136719,261.0,264.2799987792969,1233.0,0.0,0.0,
2024-07-25,263.1400146484375,289.0,260.3299865722656,265.9700012207031,1002.0,0.0,0.0,
2024-07-26,260.0599975585937,269.9599914550781,259.989990234375,267.45001220703125,778.0,0.0,0.0,
2024-07-29,272.8099975585937,293.45001220703125,263.8099975585937,268.760009765625,31175.0,0.0,0.0,
2024-07-30,270.010009765625,272.6000061035156,267.0,268.6000061035156,3737.0,0.0,0.0,
2024-07-31,269.260009765625,273.989990234375,265.5,268.8699951171875,6387.0,0.0,0.0,
2024-08-01,269.010009765625,271.0,262.0,268.3900146484375,8474.0,0.0,0.0,
2024-08-02,268.3800048828125,270.0,266.0400085449219,267.989990234375,1002.0,0.0,0.0,
2024-08-05,268.0,268.0,255.0500030517578,259.0799865722656,3190.0,0.0,0.0,
2024-08-06,262.739990234375,262.75,258.57000732421875,260.04998779296875,1015.0,0.0,0.0,
2024-08-07,257.54998779296875,264.75,257.04998779296875,263.6199951171875,799.0,0.0,0.0,
2024-08-08,268.8900146484375,268.8900146484375,254.9600067138672,258.69000244140625,890.0,0.0,0.0,
2024-08-09,258.70001220703125,269.70001220703125,258.70001220703125,263.25,1754.0,0.0,0.0,
2024-08-12,263.010009765625,264.94000244140625,262.010009765625,263.760009765625,514.0,0.0,0.0,
2024-08-13,263.7699890136719,269.0599975585937,260.2699890136719,262.1700134277344,1285.0,0.0,0.0,
2024-08-14,265.0,265.0,260.3500061035156,262.3299865722656,286.0,0.0,0.0,
2024-08-16,260.0,267.6099853515625,260.0,266.3900146484375,1467.0,0.0,0.0,
2024-08-19,269.9599914550781,270.95001220703125,263.5,267.6499938964844,939.0,0.0,0.0,
2024-08-20,274.54998779296875,274.54998779296875,264.6499938964844,268.17999267578125,1880.0,0.0,0.0,
2024-08-21,268.19000244140625,273.5,266.44000244140625,269.7900085449219,730.0,0.0,0.0,
2024-08-22,269.19000244140625,269.67999267578125,267.0,269.6400146484375,557.0,0.0,0.0,
2024-08-23,267.5,274.6000061035156,267.3500061035156,270.2200012207031,219.0,0.0,0.0,
2024-08-26,275.6499938964844,275.6499938964844,268.0,269.7699890136719,1534.0,0.0,0.0,
2024-08-27,271.010009765625,271.010009765625,268.5,270.1199951171875,1724.0,0.0,0.0,
2024-08-28,269.8699951171875,272.2699890136719,269.8599853515625,270.0899963378906,1355.0,0.0,0.0,
2024-08-29,270.1000061035156,275.25,267.5,271.4700012207031,1578.0,0.0,0.0,
2024-08-30,271.0,275.45001220703125,267.0899963378906,272.6499938964844,5513.0,0.0,0.0,
2024-09-02,279.3699951171875,279.3699951171875,269.5,275.6600036621094,1632.0,0.0,0.0,
2024-09-03,272.9100036621094,278.6000061035156,272.4700012207031,274.7099914550781,1391.0,0.0,0.0,
2024-09-04,279.5,279.5,270.7200012207031,273.1099853515625,1357.0,0.0,0.0,
2024-09-05,273.1199951171875,276.82000732421875,270.5899963378906,274.8099975585937,332.0,0.0,0.0,
2024-09-06,274.8099975585937,276.9800109863281,268.3999938964844,270.260009765625,2727.0,0.0,0.0,
2024-09-09,275.0,275.0,266.45001220703125,269.8399963378906,427.0,0.0,0.0,
2024-09-10,269.82000732421875,272.6099853515625,268.6199951171875,270.2200012207031,2555.0,0.0,0.0,
2024-09-11,273.989990234375,274.0,267.79998779296875,273.54998779296875,1053.0,0.0,0.0,
2024-09-12,275.0,275.0,269.8099975585937,273.489990234375,872.0,0.0,0.0,
2024-09-13,273.489990234375,275.0,271.04998779296875,273.8699951171875,380.0,0.0,0.0,
2024-09-16,273.8699951171875,275.70001220703125,273.2699890136719,274.32000732421875,5934.0,0.0,0.0,
2024-09-17,279.5,279.5,275.7099914550781,276.2300109863281,2380.0,0.0,0.0,
2024-09-18,275.739990234375,280.75,273.29998779296875,278.3999938964844,682.0,0.0,0.0,
2024-09-19,278.3999938964844,278.3999938964844,274.4100036621094,276.6099853515625,805.0,0.0,0.0,
2024-09-20,277.010009765625,279.8500061035156,273.2900085449219,278.1000061035156,597.0,0.0,0.0,
2024-09-23,282.260009765625,282.2699890136719,274.4800109863281,281.1300048828125,1431.0,0.0,0.0,
2024-09-24,284.9200134277344,284.9200134277344,276.9100036621094,280.260009765625,866.0,0.0,0.0,
2024-09-25,276.0,284.8099975585937,276.0,280.239990234375,3178.0,0.0,0.0,
2024-09-26,281.0,283.3599853515625,278.3500061035156,280.6700134277344,633.0,0.0,0.0,
2024-09-27,279.6700134277344,285.3699951171875,278.3599853515625,283.4200134277344,1573.0,0.0,0.0,
2024-09-30,283.0299987792969,295.70001220703125,280.5,281.010009765625,1991.0,0.0,0.0,
2024-10-01,284.8800048828125,284.8800048828125,276.5,281.0400085449219,1945.0,0.0,0.0,
2024-10-03,281.0199890136719,298.8399963378906,277.25,292.1000061035156,1520.0,0.0,0.0,
2024-10-04,289.9700012207031,297.94000244140625,285.6300048828125,287.19000244140625,1869.0,0.0,0.0,
2024-10-07,287.20001220703125,287.20001220703125,268.8800048828125,275.25,6455.0,0.0,0.0,
2024-10-08,280.760009765625,283.9599914550781,270.20001220703125,275.6700134277344,7122.0,0.0,0.0,
2024-10-09,275.6700134277344,283.4599914550781,270.010009765625,271.8699951171875,6059.0,0.0,0.0,
2024-10-10,279.489990234375,279.489990234375,271.0,272.2699890136719,1751.0,0.0,0.0,
2024-10-11,272.0,274.82000732421875,268.3500061035156,271.1600036621094,1829.0,0.0,0.0,
2024-10-14,271.1600036621094,274.0,270.010009765625,272.7699890136719,1504.0,0.0,0.0,
2024-10-15,273.6000061035156,273.6000061035156,270.1099853515625,272.0,935.0,0.0,0.0,
2024-10-16,272.0,272.0,269.0,270.3099975585937,2351.0,0.0,0.0,
2024-10-17,271.2900085449219,271.2900085449219,269.0,269.510009765625,753.0,0.0,0.0,
2024-10-18,269.510009765625,273.54998779296875,265.4599914550781,270.0799865722656,1610.0,0.0,0.0,
2024-10-21,272.0,272.3299865722656,263.3800048828125,266.8699951171875,1656.0,0.0,0.0,
2024-10-22,269.3699951171875,269.3699951171875,263.010009765625,266.6199951171875,444.0,0.0,0.0,
2024-10-23,266.75,270.5,262.0400085449219,265.5599975585937,3949.0,0.0,0.0,
2024-10-24,268.9700012207031,268.9700012207031,263.0299987792969,264.04998779296875,613.0,0.0,0.0,
2024-10-25,260.0599975585937,267.2900085449219,260.0599975585937,261.7200012207031,289.0,0.0,0.0,
2024-10-28,266.95001220703125,266.95001220703125,263.0,264.9800109863281,1259.0,0.0,0.0,
2024-10-29,264.9800109863281,266.79998779296875,259.0199890136719,264.70001220703125,583.0,0.0,0.0,
2024-10-30,265.6400146484375,266.8699951171875,262.489990234375,266.8699951171875,240.0,0.0,0.0,
2024-10-31,269.70001220703125,269.70001220703125,261.7799987792969,262.1000061035156,5406.0,0.0,0.0,
2024-11-01,262.1000061035156,262.1000061035156,262.1000061035156,262.1000061035156,0.0,0.0,0.0,
2024-11-04,270.9700012207031,270.9700012207031,259.489990234375,261.1600036621094,4930.0,0.0,0.0,
2024-11-05,261.0,267.5899963378906,261.0,265.989990234375,655.0,0.0,0.0,
2024-11-06,265.989990234375,271.3099975585937,262.20001220703125,266.0899963378906,2846.0,0.0,0.0,
2024-11-07,266.0799865722656,269.8699951171875,262.1099853515625,263.3299865722656,603.0,0.0,0.0,
2024-11-08,267.79998779296875,267.79998779296875,260.3099975585937,262.57000732421875,1177.0,0.0,0.0,
2024-11-11,266.7900085449219,266.7900085449219,262.0,262.0,702.0,0.0,0.0,
2024-11-12,261.0,262.70001220703125,260.0,260.0599975585937,1332.0,0.0,0.0,
2024-11-13,259.010009765625,259.8999938964844,256.1000061035156,257.54998779296875,428.0,0.0,0.0,
2024-11-14,257.6000061035156,257.6000061035156,254.5599975585937,255.97000122070312,465.0,0.0,0.0,
2024-11-18,256.1000061035156,259.5199890136719,252.1300048828125,255.1699981689453,875.0,0.0,0.0,
2024-11-19,255.2700042724609,258.989990234375,255.009994506836,255.4199981689453,680.0,0.0,0.0,
2024-11-20,255.4199981689453,255.4199981689453,255.4199981689453,255.4199981689453,0.0,0.0,0.0,
2024-11-21,255.4499969482422,259.95001220703125,252.4100036621093,252.8000030517578,562.0,0.0,0.0,
2024-11-22,257.7799987792969,259.67999267578125,257.7799987792969,259.2200012207031,46.0,0.0,0.0,
2024-11-25,277.6099853515625,277.70001220703125,259.54998779296875,264.3999938964844,836.0,0.0,0.0,
2024-11-26,269.69000244140625,269.69000244140625,261.7099914550781,261.7300109863281,554.0,0.0,0.0,
2024-11-27,269.4700012207031,269.4700012207031,261.07000732421875,262.2300109863281,1274.0,0.0,0.0,
2024-11-28,264.260009765625,264.260009765625,258.4700012207031,258.7300109863281,430.0,0.0,0.0,
2024-11-29,264.8500061035156,264.8500061035156,259.8299865722656,262.8399963378906,350.0,0.0,0.0,
2024-12-02,268.1000061035156,268.1000061035156,260.3900146484375,261.95001220703125,598.0,0.0,0.0,
2024-12-03,267.19000244140625,267.19000244140625,260.239990234375,265.8699951171875,649.0,0.0,0.0,
2024-12-04,265.8800048828125,269.9599914550781,262.0400085449219,265.3999938964844,562.0,0.0,0.0,
2024-12-05,265.3999938964844,269.3999938964844,263.0299987792969,268.010009765625,1661.0,0.0,0.0,
2024-12-06,268.010009765625,269.0,266.2900085449219,267.42999267578125,1792.0,0.0,0.0,
2024-12-09,272.7799987792969,272.7799987792969,265.760009765625,267.510009765625,893.0,0.0,0.0,
2024-12-10,268.1400146484375,268.1400146484375,265.3699951171875,267.6400146484375,94.0,0.0,0.0,
2024-12-12,267.6000061035156,273.0,265.3099975585937,265.9200134277344,497.0,0.0,0.0,
2024-12-11,267.6400146484375,271.6700134277344,266.1099853515625,267.3900146484375,279.0,0.0,0.0,
2024-12-13,272.5599975585937,272.57000732421875,263.6199951171875,267.0899963378906,286.0,0.0,0.0,
2024-12-16,273.70001220703125,273.70001220703125,263.760009765625,267.510009765625,436.0,0.0,0.0,
2024-12-17,266.0,277.4200134277344,264.0,269.6199951171875,898.0,0.0,0.0,
2024-12-18,268.5899963378906,268.5899963378906,262.5,263.1499938964844,2543.0,0.0,0.0,
2024-12-19,264.8399963378906,264.8399963378906,260.32000732421875,260.8099975585937,1197.0,0.0,0.0,
2024-12-20,260.3299865722656,260.8699951171875,256.04998779296875,256.82000732421875,1080.0,0.0,0.0,
2024-12-23,258.5,259.5,257.4599914550781,258.1400146484375,79.0,0.0,0.0,
2024-12-24,254.8800048828125,259.70001220703125,254.8800048828125,258.20001220703125,251.0,0.0,0.0,
2024-12-26,261.8500061035156,261.8500061035156,256.3699951171875,258.3399963378906,236.0,0.0,0.0,
2024-12-27,259.760009765625,259.7699890136719,257.2200012207031,257.29998779296875,402.0,0.0,0.0,
2024-12-30,257.3099975585937,262.3900146484375,256.07000732421875,257.5599975585937,356.0,0.0,0.0,
2024-12-31,262.7099914550781,262.7099914550781,252.67999267578125,257.0299987792969,455.0,0.0,0.0,
2025-01-01,260.4100036621094,262.57000732421875,256.29998779296875,256.9800109863281,692.0,0.0,0.0,
2025-01-02,259.4599914550781,262.54998779296875,257.8500061035156,260.9800109863281,320.0,0.0,0.0,
2025-01-03,260.9800109863281,264.8900146484375,259.4200134277344,261.44000244140625,469.0,0.0,0.0,
2025-01-06,265.989990234375,273.0,260.1400146484375,263.5799865722656,986.0,0.0,0.0,
2025-01-07,268.8500061035156,268.8500061035156,253.8699951171875,265.6300048828125,938.0,0.0,0.0,
2025-01-08,261.57000732421875,261.57000732421875,254.92999267578125,257.5199890136719,2187.0,0.0,0.0,
2025-01-09,253.6600036621093,257.1000061035156,253.6600036621093,256.0199890136719,340.0,0.0,0.0,
2025-01-10,259.9100036621094,259.9800109863281,252.22999572753903,254.3999938964844,915.0,0.0,0.0,
2025-01-13,254.4100036621093,254.4100036621093,251.0,251.1999969482422,1236.0,0.0,0.0,
2025-01-15,257.6300048828125,257.6300048828125,250.97000122070312,252.6100006103516,447.0,0.0,0.0,
2025-01-14,251.259994506836,257.5400085449219,250.0,252.5800018310547,1279.0,0.0,0.0,
2025-01-16,253.6699981689453,254.1699981689453,252.0,253.47000122070312,718.0,0.0,0.0,
2025-01-17,253.47999572753903,257.20001220703125,250.009994506836,256.44000244140625,312.0,0.0,0.0,
2025-01-20,253.1600036621093,254.47000122070312,252.1999969482422,254.07000732421875,442.0,0.0,0.0,
2025-01-21,259.1499938964844,259.1499938964844,250.57000732421875,252.0,3152.0,0.0,0.0,
2025-01-22,257.0400085449219,257.0400085449219,250.0,251.22999572753903,642.0,0.0,0.0,
2025-01-23,255.0,257.0,251.25,252.77999877929688,205.0,0.0,0.0,
2025-01-24,252.77999877929688,254.0,250.3500061035156,251.42999267578125,446.0,0.0,0.0,
2025-01-27,251.42999267578125,257.1000061035156,247.1999969482422,248.58999633789065,2764.0,0.0,0.0,
2025-01-28,249.009994506836,261.2300109863281,247.0599975585937,250.0800018310547,1474.0,0.0,0.0,
2025-01-29,247.1100006103516,261.0,247.1100006103516,257.07000732421875,684.0,0.0,0.0,
2025-01-30,257.0,257.70001220703125,252.0,253.3099975585937,411.0,0.0,0.0,
2025-01-31,253.5399932861328,258.6000061035156,252.9499969482422,255.0,344.0,0.0,0.0,
2025-02-01,254.2899932861328,262.75,250.25,255.47999572753903,1047.0,0.0,0.0,
2025-02-03,259.9700012207031,259.9700012207031,250.3000030517578,254.1699981689453,397.0,0.0,0.0,
2025-02-04,254.8099975585937,257.510009765625,254.8099975585937,257.5,224.0,0.0,0.0,
2025-02-05,257.5,261.32000732421875,256.4599914550781,256.8800048828125,319.0,0.0,0.0,
2025-02-06,256.0,257.1099853515625,255.3500061035156,256.20001220703125,276.0,0.0,0.0,
2025-02-07,256.20001220703125,258.760009765625,251.7700042724609,256.32000732421875,462.0,0.0,0.0,
2025-02-10,252.509994506836,259.9599914550781,252.509994506836,253.7700042724609,433.0,0.0,0.0,
2025-02-11,254.72000122070312,254.72000122070312,249.72999572753903,251.259994506836,760.0,0.0,0.0,
2025-02-12,249.0,250.7899932861328,247.5399932861328,250.1699981689453,538.0,0.0,0.0,
2025-02-13,254.1100006103516,254.1100006103516,250.9199981689453,252.7899932861328,4114.0,0.0,0.0,
2025-02-14,252.0,252.0,247.72000122070312,249.47999572753903,1269.0,0.0,0.0,
2025-02-17,249.47999572753903,249.8099975585937,247.22999572753903,249.8099975585937,863.0,0.0,0.0,
2025-02-18,249.1199951171875,250.1100006103516,248.0200042724609,249.4600067138672,41.0,0.0,0.0,
