Date,Open,High,Low,Close,Volume,Dividends,Stock Splits,Adj Close
2014-02-24,2940.0,2940.0,2905.050048828125,2937.199951171875,0.0,0.0,0.0,
2014-02-25,2925.0,2930.0,2925.0,2930.0,0.0,0.0,0.0,
2014-02-26,2922.0,2935.0,2915.050048828125,2932.5,0.0,0.0,0.0,
2014-02-28,2902.050048828125,2930.0,2902.0,2922.800048828125,0.0,0.0,0.0,
2014-03-03,2926.60009765625,2955.0,2921.0,2932.35009765625,0.0,0.0,0.0,
2014-03-04,2955.0,2972.0,2935.050048828125,2936.60009765625,0.0,0.0,0.0,
2014-03-05,2920.0,2939.0,2913.0,2914.89990234375,0.0,0.0,0.0,
2014-03-06,2890.0,2907.0,2885.0,2892.949951171875,0.0,0.0,0.0,
2014-03-07,2930.0,2930.0,2895.0,2920.800048828125,0.0,0.0,0.0,
2014-03-10,2881.10009765625,2889.949951171875,2865.0,2872.449951171875,0.0,0.0,0.0,
2014-03-11,2866.5,2895.0,2866.5,2874.949951171875,0.0,0.0,0.0,
2014-03-12,2880.0,2910.0,2880.0,2892.5,0.0,0.0,0.0,
2014-03-13,2935.0,2935.0,2870.0,2882.5,0.0,0.0,0.0,
2014-03-14,2880.0,2904.0,2877.0,2890.0,0.0,0.0,0.0,
2014-03-18,2880.0,2894.0,2855.0,2880.0,0.0,0.0,0.0,
2014-03-19,2894.949951171875,2894.949951171875,2862.0,2862.0,0.0,0.0,0.0,
2014-03-20,2861.0,2861.0,2830.0,2835.0,0.0,0.0,0.0,
2014-03-21,2815.0,2840.0,2805.550048828125,2812.300048828125,0.0,0.0,0.0,
2014-03-24,2830.0,2842.0,2805.10009765625,2807.75,0.0,0.0,0.0,
2014-03-25,2839.949951171875,2839.949951171875,2790.25,2792.0,0.0,0.0,0.0,
2014-03-26,2770.0,2780.0,2761.050048828125,2764.949951171875,0.0,0.0,0.0,
2014-03-27,2852.0,2852.0,2725.0,2730.699951171875,0.0,0.0,0.0,
2014-03-28,2740.0,2759.89990234375,2725.0,2745.0,0.0,0.0,0.0,
2014-03-31,2765.0,2775.0,2762.0,2774.5,0.0,0.0,0.0,
2014-04-01,2775.0,2775.0,2744.0,2761.0,0.0,0.0,0.0,
2014-04-02,2757.0,2770.0,2711.0,2712.199951171875,0.0,0.0,0.0,
2014-04-03,2749.0,2765.0,2726.0,2733.85009765625,0.0,0.0,0.0,
2014-04-04,2774.0,2774.0,2725.10009765625,2744.0,0.0,0.0,0.0,
2014-04-07,2735.0,2749.949951171875,2720.0,2743.89990234375,0.0,0.0,0.0,
2014-04-09,2760.0,2760.0,2750.0,2759.0,0.0,0.0,0.0,
2014-04-10,2754.0,2785.0,2754.0,2785.0,0.0,0.0,0.0,
2014-04-11,2775.0,2790.050048828125,2756.050048828125,2772.449951171875,0.0,0.0,0.0,
2014-04-15,2800.0,2829.949951171875,2778.050048828125,2810.0,0.0,0.0,0.0,
2014-04-16,2810.0,2814.89990234375,2755.0,2813.449951171875,0.0,0.0,0.0,
2014-04-17,2814.0,2825.0,2812.0,2825.0,0.0,0.0,0.0,
2014-04-21,2810.0,2830.0,2777.0,2830.0,0.0,0.0,0.0,
2014-04-22,2838.64990234375,2850.0,2810.300048828125,2830.0,0.0,0.0,0.0,
2014-04-23,2833.0,2860.0,2833.0,2860.0,0.0,0.0,0.0,
2014-04-24,2860.0,2860.0,2860.0,2860.0,0.0,0.0,0.0,
2014-04-25,2860.0,2871.300048828125,2830.0,2867.449951171875,0.0,0.0,0.0,
2014-04-28,2875.0,2880.0,2860.0,2880.0,0.0,0.0,0.0,
2014-04-29,2884.0,2884.0,2850.0,2855.10009765625,0.0,0.0,0.0,
2014-04-30,2860.0,2860.0,2831.0,2860.0,0.0,0.0,0.0,
2014-05-02,2900.0,2900.0,2851.050048828125,2893.0,0.0,0.0,0.0,
2014-05-05,2900.0,2900.0,2850.0,2885.0,0.0,0.0,0.0,
2014-05-06,2840.0,2885.0,2840.0,2861.0,0.0,0.0,0.0,
2014-05-07,2840.0,2878.949951171875,2840.0,2865.0,0.0,0.0,0.0,
2014-05-08,2860.0,2874.89990234375,2830.050048828125,2874.89990234375,0.0,0.0,0.0,
2014-05-09,2835.0,2855.0,2820.0,2840.0,0.0,0.0,0.0,
2014-05-12,2782.0,2843.949951171875,2766.60009765625,2830.0,0.0,0.0,0.0,
2014-05-13,2805.0,2839.0,2785.050048828125,2791.35009765625,0.0,0.0,0.0,
2014-05-14,2815.0,2815.0,2772.0,2800.0,0.0,0.0,0.0,
2014-05-15,2740.0,2839.0,2740.0,2800.050048828125,0.0,0.0,0.0,
2014-05-16,2738.800048828125,2800.0,2738.800048828125,2750.60009765625,0.0,0.0,0.0,
2014-05-19,2740.10009765625,2789.85009765625,2725.0,2725.0,0.0,0.0,0.0,
2014-05-20,2749.0,2749.0,2666.60009765625,2728.449951171875,0.0,0.0,0.0,
2014-05-21,2672.0,2720.0,2672.0,2700.0,0.0,0.0,0.0,
2014-05-22,2667.0,2689.0,2608.10009765625,2614.0,0.0,0.0,0.0,
2014-05-23,2625.050048828125,2700.0,2576.0,2693.0,0.0,0.0,0.0,
2014-05-26,2689.85009765625,2693.0,2592.0,2600.050048828125,0.0,0.0,0.0,
2014-05-27,2605.550048828125,2667.64990234375,2575.050048828125,2578.89990234375,0.0,0.0,0.0,
2014-05-28,2580.0,2598.0,2570.0,2580.0,0.0,0.0,0.0,
2014-05-29,2571.10009765625,2572.0,2538.050048828125,2538.050048828125,0.0,0.0,0.0,
2014-05-30,2525.0,2571.050048828125,2435.550048828125,2531.800048828125,0.0,0.0,0.0,
2014-06-02,2531.0,2543.0,2500.0,2506.0,0.0,0.0,0.0,
2014-06-03,2456.0,2539.949951171875,2456.0,2515.050048828125,0.0,0.0,0.0,
2014-06-04,2515.0,2530.0,2500.0,2530.0,0.0,0.0,0.0,
2014-06-05,2530.0,2530.0,2500.0,2500.699951171875,0.0,0.0,0.0,
2014-06-06,2501.0,2520.0,2491.0,2492.60009765625,0.0,0.0,0.0,
2014-06-09,2500.0,2510.0,2471.550048828125,2496.0,0.0,0.0,0.0,
2014-06-10,2496.0,2549.5,2482.800048828125,2525.0,0.0,0.0,0.0,
2014-06-11,2525.0,2569.64990234375,2501.550048828125,2569.0,0.0,0.0,0.0,
2014-06-12,2567.949951171875,2568.0,2550.0,2565.300048828125,0.0,0.0,0.0,
2014-06-13,2580.0,2668.0,2526.800048828125,2635.0,0.0,0.0,0.0,
2014-06-16,2650.0,2700.0,2640.0,2691.64990234375,0.0,0.0,0.0,
2014-06-17,2723.0,2723.0,2606.0,2636.449951171875,0.0,0.0,0.0,
2014-06-18,2610.0,2619.800048828125,2586.25,2601.0,0.0,0.0,0.0,
2014-06-19,2610.0,2664.0,2610.0,2646.699951171875,0.0,0.0,0.0,
2014-06-20,2650.0,2690.0,2650.0,2674.449951171875,0.0,0.0,0.0,
2014-06-23,2666.0,2693.0,2656.5,2680.050048828125,0.0,0.0,0.0,
2014-06-24,2690.0,2770.0,2660.0,2689.35009765625,0.0,0.0,0.0,
2014-06-25,2650.0,2699.0,2650.0,2665.050048828125,0.0,0.0,0.0,
2014-06-26,2699.949951171875,2700.0,2661.199951171875,2698.0,0.0,0.0,0.0,
2014-06-27,2698.0,2699.0,2663.050048828125,2663.050048828125,0.0,0.0,0.0,
2014-06-30,2660.0,2682.0,2652.25,2675.0,0.0,0.0,0.0,
2014-07-01,2730.0,2739.0,2675.0,2682.85009765625,0.0,0.0,0.0,
2014-07-02,2769.0,2769.0,2660.0,2679.949951171875,0.0,0.0,0.0,
2014-07-03,2681.0,2745.0,2645.0,2663.5,0.0,0.0,0.0,
2014-07-04,2670.0,2670.0,2630.0,2641.699951171875,0.0,0.0,0.0,
2014-07-07,2660.0,2660.0,2612.0,2648.60009765625,0.0,0.0,0.0,
2014-07-08,2685.0,2700.0,2640.0,2679.64990234375,0.0,0.0,0.0,
2014-07-09,2675.0,2675.0,2632.0,2645.35009765625,0.0,0.0,0.0,
2014-07-10,2610.0,2725.0,2610.0,2705.75,0.0,0.0,0.0,
2014-07-11,2675.0,2719.0,2675.0,2691.60009765625,0.0,0.0,0.0,
2014-07-14,2699.5,2700.0,2670.14990234375,2670.14990234375,0.0,0.0,0.0,
2014-07-15,2680.0,2700.0,2650.10009765625,2658.550048828125,0.0,0.0,0.0,
2014-07-16,2670.0,2670.0,2670.0,2670.0,0.0,0.0,0.0,
2014-07-17,2669.89990234375,2670.0,2669.0,2670.0,0.0,0.0,0.0,
2014-07-18,2680.0,2714.0,2670.050048828125,2690.0,0.0,0.0,0.0,
2014-07-21,2671.550048828125,2700.0,2671.550048828125,2675.0,0.0,0.0,0.0,
2014-07-22,2719.0,2719.0,2665.10009765625,2695.0,0.0,0.0,0.0,
2014-07-23,2710.0,2710.0,2652.0,2653.35009765625,0.0,0.0,0.0,
2014-07-24,2690.0,2690.0,2690.0,2690.0,0.0,0.0,0.0,
2014-07-25,2625.0,2675.0,2620.0,2626.85009765625,0.0,0.0,0.0,
2014-07-28,2627.449951171875,2670.0,2627.449951171875,2636.64990234375,0.0,0.0,0.0,
2014-07-30,2650.0,2660.0,2610.0,2621.75,0.0,0.0,0.0,
2014-07-31,2621.75,2659.0,2620.0,2659.0,0.0,0.0,0.0,
2014-08-01,2623.0,2654.949951171875,2623.0,2632.0,0.0,0.0,0.0,
2014-08-04,2655.550048828125,2999.60009765625,2630.0,2769.75,0.0,0.0,0.0,
2014-08-05,2701.25,2701.25,2699.0,2700.0,0.0,0.0,0.0,
2014-08-06,2650.0,2699.89990234375,2650.0,2664.75,0.0,0.0,0.0,
2014-08-07,2675.0,2708.0,2675.0,2700.0,0.0,0.0,0.0,
2014-08-08,2711.449951171875,2740.0,2692.5,2702.89990234375,0.0,0.0,0.0,
2014-08-11,2750.0,2750.0,2660.0,2700.0,0.0,0.0,0.0,
2014-08-12,2730.0,2730.0,2681.050048828125,2695.050048828125,0.0,0.0,0.0,
2014-08-13,2705.0,2718.0,2680.0,2684.449951171875,0.0,0.0,0.0,
2014-08-14,2666.39990234375,2720.0,2666.25,2685.10009765625,0.0,0.0,0.0,
2014-08-18,2695.0,2699.949951171875,2661.0,2695.0,0.0,0.0,0.0,
2014-08-19,2719.89990234375,2719.89990234375,2681.050048828125,2681.050048828125,0.0,0.0,0.0,
2014-08-20,2661.550048828125,2710.0,2661.550048828125,2674.0,0.0,0.0,0.0,
2014-08-21,2660.050048828125,2685.0,2660.0,2660.0,0.0,0.0,0.0,
2014-08-22,2645.14990234375,2654.949951171875,2637.050048828125,2637.10009765625,0.0,0.0,0.0,
2014-08-25,2650.0,2650.0,2617.0,2625.0,0.0,0.0,0.0,
2014-08-26,2625.0,2665.0,2625.0,2663.75,0.0,0.0,0.0,
2014-08-27,2663.75,2663.75,2640.0,2640.0,0.0,0.0,0.0,
2014-08-28,2703.0,2703.0,2625.0,2629.64990234375,0.0,0.0,0.0,
2014-09-01,2625.0,2654.949951171875,2625.0,2654.949951171875,0.0,0.0,0.0,
2014-09-02,2669.949951171875,2669.949951171875,2625.0,2642.949951171875,0.0,0.0,0.0,
2014-09-03,2624.0,2630.0,2610.0,2625.0,0.0,0.0,0.0,
2014-09-04,2602.10009765625,2625.0,2602.0,2620.0,0.0,0.0,0.0,
2014-09-05,2603.0,2615.0,2585.0,2610.0,0.0,0.0,0.0,
2014-09-08,2630.0,2640.0,2601.0,2601.0,0.0,0.0,0.0,
2014-09-09,2601.0,2601.0,2590.0,2590.39990234375,0.0,0.0,0.0,
2014-09-10,2590.0,2625.0,2587.0,2587.0,0.0,0.0,0.0,
2014-09-11,2556.0,2590.0,2556.0,2580.0,0.0,0.0,0.0,
2014-09-12,2575.25,2575.25,2550.0,2565.35009765625,0.0,0.0,0.0,
2014-09-15,2570.0,2590.0,2560.0,2579.0,0.0,0.0,0.0,
2014-09-16,2579.0,2588.0,2560.0,2565.64990234375,0.0,0.0,0.0,
2014-09-17,2584.800048828125,2584.800048828125,2553.10009765625,2569.5,0.0,0.0,0.0,
2014-09-18,2568.949951171875,2568.949951171875,2525.0,2531.25,0.0,0.0,0.0,
2014-09-19,2555.0,2555.0,2532.0,2548.64990234375,0.0,0.0,0.0,
2014-09-22,2531.5,2550.0,2525.0,2545.0,0.0,0.0,0.0,
2014-09-23,2521.0,2580.0,2521.0,2560.85009765625,0.0,0.0,0.0,
2014-09-24,2561.0,2590.0,2545.0,2545.0,0.0,0.0,0.0,
2014-09-25,2530.0,2554.0,2520.0,2520.0,0.0,0.0,0.0,
2014-09-26,2584.0,2620.0,2526.35009765625,2570.949951171875,0.0,0.0,0.0,
2014-09-29,2550.0,2632.60009765625,2550.0,2599.0,0.0,0.0,0.0,
2014-09-30,2630.0,2630.0,2575.0,2589.0,0.0,0.0,0.0,
2014-10-01,2594.0,2594.0,2590.0,2590.0,0.0,0.0,0.0,
2014-10-07,2590.0,2615.0,2545.0,2548.5,0.0,0.0,0.0,
2014-10-08,2590.0,2590.0,2550.0,2560.35009765625,0.0,0.0,0.0,
2014-10-09,2550.0,2550.050048828125,2540.0,2550.0,0.0,0.0,0.0,
2014-10-10,2535.0,2560.0,2535.0,2560.0,0.0,0.0,0.0,
2014-10-13,2600.0,2604.89990234375,2556.25,2580.0,0.0,0.0,0.0,
2014-10-14,2565.0,2590.0,2560.0,2590.0,0.0,0.0,0.0,
2014-10-15,2590.0,2590.0,2590.0,2590.0,0.0,0.0,0.0,
2014-10-16,2781.0,2781.0,2580.0,2608.699951171875,0.0,0.0,0.0,
2014-10-17,2605.0,2605.0,2585.0,2600.0,0.0,0.0,0.0,
2014-10-20,2635.0,2635.0,2582.0,2582.0,0.0,0.0,0.0,
2014-10-21,2600.0,2650.0,2600.0,2644.050048828125,0.0,0.0,0.0,
2014-10-22,2600.0,2630.0,2581.0,2583.0,0.0,0.0,0.0,
2014-10-27,2589.949951171875,2589.949951171875,2575.0,2579.35009765625,0.0,0.0,0.0,
2014-10-28,2555.0,2590.0,2555.0,2561.0,0.0,0.0,0.0,
2014-10-29,2561.0,2583.0,2561.0,2565.0,0.0,0.0,0.0,
2014-10-30,2525.0,2550.0,2525.0,2534.64990234375,0.0,0.0,0.0,
2014-10-31,2526.0,2526.0,2492.0,2498.85009765625,0.0,0.0,0.0,
2014-11-03,2532.0,2546.0,2505.0,2510.0,0.0,0.0,0.0,
2014-11-05,2514.0,2515.0,2450.0,2455.449951171875,0.0,0.0,0.0,
2014-11-07,2500.0,2500.0,2434.10009765625,2454.800048828125,0.0,0.0,0.0,
2014-11-10,2416.0,2489.0,2416.0,2461.64990234375,0.0,0.0,0.0,
2014-11-11,2438.0,2489.949951171875,2430.0,2486.89990234375,0.0,0.0,0.0,
2014-11-12,2489.949951171875,2489.949951171875,2460.0,2460.0,0.0,0.0,0.0,
2014-11-13,2479.949951171875,2579.949951171875,2471.0,2485.550048828125,0.0,0.0,0.0,
2014-11-14,2480.0,2480.0,2430.0,2435.25,0.0,0.0,0.0,
2014-11-17,2500.0,2519.949951171875,2472.75,2500.0,0.0,0.0,0.0,
2014-11-18,2480.0,2509.89990234375,2479.85009765625,2509.89990234375,0.0,0.0,0.0,
2014-11-19,2495.0,2529.0,2480.0,2529.0,0.0,0.0,0.0,
2014-11-20,2475.0,2505.0,2475.0,2498.300048828125,0.0,0.0,0.0,
2014-11-21,2465.5,2500.0,2465.5,2485.0,0.0,0.0,0.0,
2014-11-24,2475.0,2519.949951171875,2470.0,2514.0,0.0,0.0,0.0,
2014-11-25,2481.199951171875,2513.949951171875,2480.0,2513.949951171875,0.0,0.0,0.0,
2014-11-26,2482.0,2510.0,2475.0,2510.0,0.0,0.0,0.0,
2014-11-27,2480.0,2515.0,2480.0,2515.0,0.0,0.0,0.0,
2014-11-28,2491.0,2514.0,2466.0,2510.0,0.0,0.0,0.0,
2014-12-01,2490.0,2490.0,2446.050048828125,2468.300048828125,0.0,0.0,0.0,
2014-12-02,2486.449951171875,2525.0,2460.0,2469.60009765625,0.0,0.0,0.0,
2014-12-03,2469.60009765625,2469.60009765625,2469.60009765625,2469.60009765625,0.0,0.0,0.0,
2014-12-04,2469.60009765625,2469.60009765625,2469.60009765625,2469.60009765625,0.0,0.0,0.0,
2014-12-05,2469.60009765625,2469.60009765625,2469.60009765625,2469.60009765625,0.0,0.0,0.0,
2014-12-08,2469.60009765625,2469.60009765625,2469.60009765625,2469.60009765625,0.0,0.0,0.0,
2014-12-09,2469.60009765625,2469.60009765625,2469.60009765625,2469.60009765625,0.0,0.0,0.0,
2014-12-10,2505.199951171875,2580.0,2505.199951171875,2560.0,0.0,0.0,0.0,
2014-12-11,2540.0,2540.0,2528.0,2528.0,0.0,0.0,0.0,
2014-12-12,2530.050048828125,2551.0,2530.050048828125,2551.0,0.0,0.0,0.0,
2014-12-15,2580.0,2580.0,2505.14990234375,2514.949951171875,0.0,0.0,0.0,
2014-12-16,2510.0,2545.0,2510.0,2540.0,0.0,0.0,0.0,
2014-12-17,2541.0,2565.0,2541.0,2545.0,0.0,0.0,0.0,
2014-12-18,2476.0,2585.0,2476.0,2574.39990234375,0.0,0.0,0.0,
2014-12-19,2511.0,2535.0,2511.0,2535.0,0.0,0.0,0.0,
2014-12-22,2521.0,2521.0,2517.0,2517.0,0.0,0.0,0.0,
2014-12-23,2514.550048828125,2520.0,2475.0,2515.0,0.0,0.0,0.0,
2014-12-24,2486.050048828125,2520.0,2481.0,2509.60009765625,0.0,0.0,0.0,
2014-12-26,2501.0,2534.050048828125,2501.0,2510.0,0.0,0.0,0.0,
2014-12-29,2539.0,2540.0,2510.199951171875,2510.199951171875,0.0,0.0,0.0,
2014-12-30,2510.0,2626.0,2502.0,2582.550048828125,0.0,0.0,0.0,
2014-12-31,2560.0,2580.0,2530.0,2530.0,0.0,0.0,0.0,
2015-01-01,2505.0,2550.0,2490.050048828125,2515.050048828125,0.0,0.0,0.0,
2015-01-02,2580.0,2580.0,2510.0,2530.0,0.0,0.0,0.0,
2015-01-05,2590.0,2590.0,2520.0,2545.0,0.0,0.0,0.0,
2015-01-06,2553.0,2575.0,2551.25,2555.0,0.0,0.0,0.0,
2015-01-07,2551.550048828125,2589.949951171875,2551.550048828125,2580.0,0.0,0.0,0.0,
2015-01-08,2579.0,2579.89990234375,2541.0,2541.0,0.0,0.0,0.0,
2015-01-09,2515.0,2580.0,2515.0,2550.0,0.0,0.0,0.0,
2015-01-12,2550.0,2550.0,2550.0,2550.0,0.0,0.0,0.0,
2015-01-13,2570.0,2570.0,2570.0,2570.0,0.0,0.0,0.0,
2015-01-14,2569.0,2569.0,2569.0,2569.0,0.0,0.0,0.0,
2015-01-15,2525.0,2589.89990234375,2515.14990234375,2542.5,0.0,0.0,0.0,
2015-01-16,2590.0,2615.0,2583.0,2614.0,0.0,0.0,0.0,
2015-01-19,2610.0,2650.0,2610.0,2630.0,0.0,0.0,0.0,
2015-01-20,2600.199951171875,2700.0,2600.199951171875,2650.0,0.0,0.0,0.0,
2015-01-21,2631.699951171875,2670.0,2631.699951171875,2670.0,0.0,0.0,0.0,
2015-01-22,2625.0,2670.0,2621.050048828125,2655.0,0.0,0.0,0.0,
2015-01-23,2627.35009765625,2675.0,2627.35009765625,2644.85009765625,0.0,0.0,0.0,
2015-01-27,2655.0,2655.0,2626.0,2626.0,0.0,0.0,0.0,
2015-01-28,2650.0,2660.0,2605.0,2655.75,0.0,0.0,0.0,
2015-01-29,2625.949951171875,2625.949951171875,2602.10009765625,2603.699951171875,0.0,0.0,0.0,
2015-01-30,2600.050048828125,2635.0,2600.0,2635.0,0.0,0.0,0.0,
2015-02-02,2640.0,2650.050048828125,2610.0,2615.699951171875,0.0,0.0,0.0,
2015-02-03,2639.949951171875,2689.75,2639.949951171875,2689.75,0.0,0.0,0.0,
2015-02-04,2585.550048828125,2669.0,2585.550048828125,2602.0,0.0,0.0,0.0,
2015-02-05,2595.0,2638.0,2595.0,2604.800048828125,0.0,0.0,0.0,
2015-02-06,2624.949951171875,2664.89990234375,2590.0,2664.89990234375,0.0,0.0,0.0,
2015-02-09,2541.0,2598.949951171875,2541.0,2562.449951171875,0.0,0.0,0.0,
2015-02-10,2556.0,2589.050048828125,2556.0,2575.949951171875,0.0,0.0,0.0,
2015-02-11,2561.0,2599.0,2561.0,2585.0,0.0,0.0,0.0,
2015-02-12,2530.0,2580.0,2530.0,2570.0,0.0,0.0,0.0,
2015-02-13,2633.10009765625,2633.10009765625,2540.0,2558.449951171875,0.0,0.0,0.0,
2015-02-16,2540.0,2589.64990234375,2540.0,2580.0,0.0,0.0,0.0,
2015-02-18,2550.0,2583.0,2510.0,2510.0,0.0,0.0,0.0,
2015-02-19,2516.050048828125,2574.949951171875,2516.0,2540.0,0.0,0.0,0.0,
2015-02-20,2511.25,2555.0,2511.25,2541.5,0.0,0.0,0.0,
2015-02-23,2510.0,2558.0,2510.0,2520.550048828125,0.0,0.0,0.0,
2015-02-24,2515.050048828125,2519.949951171875,2515.0,2515.0,0.0,0.0,0.0,
2015-02-25,2520.050048828125,2520.050048828125,2501.050048828125,2501.199951171875,0.0,0.0,0.0,
2015-02-26,2530.0,2530.0,2500.0,2524.949951171875,0.0,0.0,0.0,
2015-02-27,2490.050048828125,2520.0,2490.050048828125,2512.75,0.0,0.0,0.0,
2015-03-02,2492.0,2540.0,2491.550048828125,2540.0,0.0,0.0,0.0,
2015-03-03,2432.0,2520.0,2432.0,2492.5,0.0,0.0,0.0,
2015-03-04,2480.0,2505.0,2471.0,2505.0,0.0,0.0,0.0,
2015-03-05,2495.0,2500.0,2488.0,2500.0,0.0,0.0,0.0,
2015-03-09,2500.0,2550.0,2451.25,2475.0,0.0,0.0,0.0,
2015-03-10,2524.949951171875,2524.949951171875,2450.0,2490.0,0.0,0.0,0.0,
2015-03-11,2494.949951171875,2494.949951171875,2455.0,2455.0,0.0,0.0,0.0,
2015-03-12,2470.0,2475.0,2451.0,2460.0,0.0,0.0,0.0,
2015-03-13,2450.0,2459.949951171875,2440.0,2453.0,0.0,0.0,0.0,
2015-03-16,2489.949951171875,2489.949951171875,2445.0,2450.0,0.0,0.0,0.0,
2015-03-17,2478.949951171875,2478.949951171875,2430.0,2430.199951171875,0.0,0.0,0.0,
2015-03-18,2469.800048828125,2469.800048828125,2426.0,2458.0,0.0,0.0,0.0,
2015-03-19,2498.949951171875,2498.949951171875,2440.0,2440.35009765625,0.0,0.0,0.0,
2015-03-20,2505.0,2505.0,2440.0,2458.0,0.0,0.0,0.0,
2015-03-23,2500.0,2500.0,2433.0,2488.25,0.0,0.0,0.0,
2015-03-24,2451.050048828125,2496.0,2451.050048828125,2475.10009765625,0.0,0.0,0.0,
2015-03-25,2524.0,2524.0,2460.0,2477.5,0.0,0.0,0.0,
2015-03-26,2515.0,2599.0,2515.0,2578.89990234375,0.0,0.0,0.0,
2015-03-27,2576.0,2576.0,2490.0,2490.0,0.0,0.0,0.0,
2015-03-30,2500.0,2500.0,2460.0,2460.5,0.0,0.0,0.0,
2015-03-31,2499.0,2499.0,2445.0,2449.699951171875,0.0,0.0,0.0,
2015-04-01,2480.0,2497.0,2480.0,2497.0,0.0,0.0,0.0,
2015-04-06,2575.0,2575.0,2540.0,2540.0,0.0,0.0,0.0,
2015-04-07,2540.0,2540.0,2540.0,2540.0,0.0,0.0,0.0,
2015-04-08,2540.0,2550.0,2475.050048828125,2530.0,0.0,0.0,0.0,
2015-04-09,2482.199951171875,2504.949951171875,2465.199951171875,2500.10009765625,0.0,0.0,0.0,
2015-04-10,2568.0,2568.0,2480.35009765625,2500.0,0.0,0.0,0.0,
2015-04-13,2488.5,2489.050048828125,2478.0,2484.25,0.0,0.0,0.0,
2015-04-15,2528.949951171875,2529.0,2456.050048828125,2508.800048828125,0.0,0.0,0.0,
2015-04-16,2525.0,2532.0,2525.0,2532.0,0.0,0.0,0.0,
2015-04-17,2665.0,2665.0,2490.0,2500.0,0.0,0.0,0.0,
2015-04-20,2650.0,2650.0,2477.0,2535.0,0.0,0.0,0.0,
2015-04-21,2590.0,2640.0,2502.14990234375,2585.800048828125,0.0,0.0,0.0,
2015-04-22,2585.800048828125,2585.800048828125,2486.050048828125,2540.0,0.0,0.0,0.0,
2015-04-23,2540.0,2565.0,2505.0,2520.0,0.0,0.0,0.0,
2015-04-24,2507.300048828125,2550.0,2507.300048828125,2510.0,0.0,0.0,0.0,
2015-04-27,2551.0,2584.39990234375,2510.0,2515.550048828125,0.0,0.0,0.0,
2015-04-28,2521.75,2550.0,2521.75,2549.64990234375,0.0,0.0,0.0,
2015-04-29,2540.0,2550.0,2467.0,2491.10009765625,0.0,0.0,0.0,
2015-04-30,2525.0,2574.0,2525.0,2554.449951171875,0.0,0.0,0.0,
2015-05-04,2539.949951171875,2539.949951171875,2500.0,2534.0,0.0,0.0,0.0,
2015-05-05,2533.949951171875,2533.949951171875,2533.0,2533.0,0.0,0.0,0.0,
2015-05-06,2509.050048828125,2538.050048828125,2508.0,2530.0,0.0,0.0,0.0,
2015-05-07,2551.949951171875,2551.949951171875,2508.35009765625,2545.0,0.0,0.0,0.0,
2015-05-08,2511.050048828125,2550.0,2505.0,2545.0,0.0,0.0,0.0,
2015-05-11,2513.39990234375,2541.0,2513.39990234375,2540.0,0.0,0.0,0.0,
2015-05-12,2525.0,2585.050048828125,2523.0,2585.050048828125,0.0,0.0,0.0,
2015-05-13,2528.14990234375,2528.14990234375,2528.14990234375,2528.14990234375,0.0,0.0,0.0,
2015-05-14,2585.0,2595.0,2566.050048828125,2585.10009765625,0.0,0.0,0.0,
2015-05-15,2630.0,2635.949951171875,2598.0,2599.300048828125,0.0,0.0,0.0,
2015-05-18,2600.0,2600.0,2600.0,2600.0,0.0,0.0,0.0,
2015-05-19,2574.800048828125,2585.0,2563.550048828125,2585.0,0.0,0.0,0.0,
2015-05-20,2570.050048828125,2570.050048828125,2570.0,2570.0,0.0,0.0,0.0,
2015-05-21,2552.0,2579.0,2552.0,2572.10009765625,0.0,0.0,0.0,
2015-05-22,2572.10009765625,2572.10009765625,2550.050048828125,2550.75,0.0,0.0,0.0,
2015-05-25,2611.449951171875,2612.10009765625,2522.25,2531.89990234375,0.0,0.0,0.0,
2015-05-26,2533.550048828125,2567.75,2526.25,2528.449951171875,0.0,0.0,0.0,
2015-05-27,2568.0,2568.0,2568.0,2568.0,0.0,0.0,0.0,
2015-05-28,2531.0,2550.0,2512.050048828125,2514.050048828125,0.0,0.0,0.0,
2015-05-29,2525.0,2544.0,2525.0,2544.0,0.0,0.0,0.0,
2015-06-01,2555.89990234375,2555.89990234375,2555.89990234375,2555.89990234375,0.0,0.0,0.0,
2015-06-02,2553.949951171875,2553.949951171875,2553.949951171875,2553.949951171875,0.0,0.0,0.0,
2015-06-03,2555.0,2555.0,2518.199951171875,2518.199951171875,0.0,0.0,0.0,
2015-06-04,2502.0,2545.0,2502.0,2513.25,0.0,0.0,0.0,
2015-06-05,2500.050048828125,2500.050048828125,2500.0,2500.0,0.0,0.0,0.0,
2015-06-08,2551.949951171875,2551.949951171875,2490.0,2520.0,0.0,0.0,0.0,
2015-06-09,2481.0,2554.949951171875,2455.550048828125,2500.199951171875,0.0,0.0,0.0,
2015-06-10,2535.64990234375,2539.75,2493.449951171875,2519.949951171875,0.0,0.0,0.0,
2015-06-11,2520.0,2535.949951171875,2477.0,2498.39990234375,0.0,0.0,0.0,
2015-06-12,2501.0,2530.0,2482.75,2525.0,0.0,0.0,0.0,
2015-06-15,2525.0,2525.0,2492.25,2492.25,0.0,0.0,0.0,
2015-06-16,2495.10009765625,2535.89990234375,2495.10009765625,2511.050048828125,0.0,0.0,0.0,
2015-06-17,2537.5,2537.5,2537.5,2537.5,0.0,0.0,0.0,
2015-06-18,2500.0,2525.0,2498.60009765625,2504.60009765625,0.0,0.0,0.0,
2015-06-19,2525.0,2525.0,2525.0,2525.0,0.0,0.0,0.0,
2015-06-22,2534.949951171875,2534.949951171875,2490.0,2510.0,0.0,0.0,0.0,
2015-06-23,2510.0,2550.0,2477.10009765625,2546.85009765625,0.0,0.0,0.0,
2015-06-24,2548.0,2548.0,2475.0,2495.0,0.0,0.0,0.0,
2015-06-25,2471.39990234375,2535.0,2471.39990234375,2505.0,0.0,0.0,0.0,
2015-06-26,2470.60009765625,2490.0,2466.5,2471.300048828125,0.0,0.0,0.0,
2015-06-29,2520.0,2520.0,2520.0,2520.0,0.0,0.0,0.0,
2015-06-30,2519.0,2519.0,2482.39990234375,2500.0,0.0,0.0,0.0,
2015-07-01,2405.550048828125,2549.89990234375,2405.550048828125,2535.0,0.0,0.0,0.0,
2015-07-02,2534.10009765625,2534.10009765625,2465.050048828125,2465.050048828125,0.0,0.0,0.0,
2015-07-03,2465.050048828125,2499.75,2465.050048828125,2488.85009765625,0.0,0.0,0.0,
2015-07-06,2548.0,2548.0,2456.050048828125,2534.949951171875,0.0,0.0,0.0,
2015-07-07,2525.0,2534.0,2451.10009765625,2462.199951171875,0.0,0.0,0.0,
2015-07-08,2436.0,2450.0,2436.0,2450.0,0.0,0.0,0.0,
2015-07-09,2475.0,2491.14990234375,2475.0,2489.949951171875,0.0,0.0,0.0,
2015-07-10,2499.949951171875,2500.0,2455.14990234375,2456.550048828125,0.0,0.0,0.0,
2015-07-13,2499.75,2499.75,2445.0,2445.0,0.0,0.0,0.0,
2015-07-14,2441.199951171875,2470.0,2436.0,2436.0,0.0,0.0,0.0,
2015-07-15,2423.800048828125,2459.949951171875,2423.199951171875,2423.199951171875,0.0,0.0,0.0,
2015-07-16,2410.199951171875,2440.0,2410.0,2435.449951171875,0.0,0.0,0.0,
2015-07-17,2430.0,2450.0,2417.25,2450.0,0.0,0.0,0.0,
2015-07-20,2449.0,2450.0,2402.25,2420.0,0.0,0.0,0.0,
2015-07-21,2457.89990234375,2457.89990234375,2410.0,2425.0,0.0,0.0,0.0,
2015-07-22,2366.60009765625,2475.0,2366.60009765625,2449.449951171875,0.0,0.0,0.0,
2015-07-23,2401.5,2483.0,2386.5,2392.89990234375,0.0,0.0,0.0,
2015-07-24,2375.0,2399.0,2365.0,2384.89990234375,0.0,0.0,0.0,
2015-07-27,2375.0,2394.949951171875,2375.0,2376.10009765625,0.0,0.0,0.0,
2015-07-28,2400.0,2420.0,2385.39990234375,2399.699951171875,0.0,0.0,0.0,
2015-07-29,2357.550048828125,2380.0,2357.550048828125,2361.5,0.0,0.0,0.0,
2015-07-30,2360.0,2370.0,2338.050048828125,2347.5,0.0,0.0,0.0,
2015-07-31,2345.0,2355.0,2327.25,2354.949951171875,0.0,0.0,0.0,
2015-08-03,2354.0,2354.0,2342.0,2353.949951171875,0.0,0.0,0.0,
2015-08-04,2345.0,2345.0,2267.0,2344.89990234375,0.0,0.0,0.0,
2015-08-05,2340.0,2344.800048828125,2325.0,2344.800048828125,0.0,0.0,0.0,
2015-08-06,2311.14990234375,2330.0,2311.14990234375,2326.64990234375,0.0,0.0,0.0,
2015-08-07,2325.0,2345.0,2316.10009765625,2331.0,0.0,0.0,0.0,
2015-08-10,2345.0,2378.949951171875,2321.25,2378.949951171875,0.0,0.0,0.0,
2015-08-11,2353.199951171875,2398.0,2353.199951171875,2389.25,0.0,0.0,0.0,
2015-08-12,2354.0,2429.89990234375,2354.0,2425.0,0.0,0.0,0.0,
2015-08-13,2458.949951171875,2460.0,2440.0,2459.89990234375,0.0,0.0,0.0,
2015-08-14,2459.0,2459.0,2409.050048828125,2436.0,0.0,0.0,0.0,
2015-08-17,2458.0,2458.0,2432.0,2456.949951171875,0.0,0.0,0.0,
2015-08-18,2445.0,2445.0,2428.25,2428.449951171875,0.0,0.0,0.0,
2015-08-19,2440.0,2450.0,2430.0,2450.0,0.0,0.0,0.0,
2015-08-20,2451.0,2485.0,2451.0,2485.0,0.0,0.0,0.0,
2015-08-21,2500.050048828125,2545.0,2500.050048828125,2505.0,0.0,0.0,0.0,
2015-08-24,2516.0,2544.0,2505.5,2510.0,0.0,0.0,0.0,
2015-08-25,2416.0,2545.0,2416.0,2430.25,0.0,0.0,0.0,
2015-08-26,2426.0,2426.0,2426.0,2426.0,0.0,0.0,0.0,
2015-08-27,2459.449951171875,2459.449951171875,2417.550048828125,2417.550048828125,0.0,0.0,0.0,
2015-08-28,2415.25,2453.0,2415.25,2453.0,0.0,0.0,0.0,
2015-08-31,2441.0,2441.0,2441.0,2441.0,0.0,0.0,0.0,
2015-09-01,2476.0,2476.0,2447.25,2448.0,0.0,0.0,0.0,
2015-09-02,2494.5,2494.5,2448.0,2467.949951171875,0.0,0.0,0.0,
2015-09-03,2494.0,2494.0,2450.0,2450.800048828125,0.0,0.0,0.0,
2015-09-04,2379.0,2469.85009765625,2379.0,2455.0,0.0,0.0,0.0,
2015-09-07,2414.35009765625,2463.0,2414.35009765625,2416.050048828125,0.0,0.0,0.0,
2015-09-08,2475.0,2475.0,2411.0,2430.0,0.0,0.0,0.0,
2015-09-09,2494.949951171875,2494.949951171875,2449.75,2449.75,0.0,0.0,0.0,
2015-09-10,2439.0,2439.0,2400.0,2414.85009765625,0.0,0.0,0.0,
2015-09-11,2448.35009765625,2448.35009765625,2361.699951171875,2380.0,0.0,0.0,0.0,
2015-09-14,2445.0,2445.0,2359.0,2419.949951171875,0.0,0.0,0.0,
2015-09-15,2401.0,2401.0,2400.0,2400.199951171875,0.0,0.0,0.0,
2015-09-16,2438.699951171875,2438.699951171875,2400.0,2417.39990234375,0.0,0.0,0.0,
2015-09-18,2406.0,2448.949951171875,2406.0,2425.0,0.0,0.0,0.0,
2015-09-21,2488.89990234375,2488.89990234375,2413.050048828125,2414.550048828125,0.0,0.0,0.0,
2015-09-22,2464.85009765625,2464.85009765625,2464.85009765625,2464.85009765625,0.0,0.0,0.0,
2015-09-23,2449.60009765625,2449.800048828125,2405.75,2447.0,0.0,0.0,0.0,
2015-09-24,2479.0,2479.0,2413.10009765625,2429.10009765625,0.0,0.0,0.0,
2015-09-28,2466.949951171875,2467.0,2411.0,2422.449951171875,0.0,0.0,0.0,
2015-09-29,2444.949951171875,2444.949951171875,2380.0,2386.0,0.0,0.0,0.0,
2015-09-30,2386.0,2386.0,2386.0,2386.0,0.0,0.0,0.0,
2015-10-01,2386.0,2422.949951171875,2351.300048828125,2361.5,0.0,0.0,0.0,
2015-10-05,2419.949951171875,2419.949951171875,2351.0,2360.64990234375,0.0,0.0,0.0,
2015-10-06,2328.699951171875,2387.949951171875,2328.699951171875,2362.39990234375,0.0,0.0,0.0,
2015-10-07,2380.0,2404.949951171875,2336.0,2357.75,0.0,0.0,0.0,
2015-10-08,2330.0,2379.89990234375,2320.199951171875,2322.050048828125,0.0,0.0,0.0,
2015-10-09,2368.0,2368.0,2323.5,2355.64990234375,0.0,0.0,0.0,
2015-10-12,2335.10009765625,2338.0,2335.10009765625,2338.0,0.0,0.0,0.0,
2015-10-13,2311.449951171875,2315.0,2311.25,2315.0,0.0,0.0,0.0,
2015-10-14,2326.39990234375,2328.0,2310.0,2323.199951171875,0.0,0.0,0.0,
2015-10-15,2307.5,2307.5,2307.5,2307.5,0.0,0.0,0.0,
2015-10-16,2307.0,2315.199951171875,2307.0,2315.199951171875,0.0,0.0,0.0,
2015-10-19,2350.0,2370.0,2330.0,2360.0,0.0,0.0,0.0,
2015-10-20,2326.5,2390.0,2326.5,2390.0,0.0,0.0,0.0,
2015-10-21,2439.89990234375,2469.89990234375,2383.0,2400.0,0.0,0.0,0.0,
2015-10-23,2375.0,2439.89990234375,2375.0,2400.050048828125,0.0,0.0,0.0,
2015-10-26,2370.199951171875,2370.199951171875,2370.199951171875,2370.199951171875,0.0,0.0,0.0,
2015-10-27,2444.0,2447.0,2370.10009765625,2438.949951171875,0.0,0.0,0.0,
2015-10-28,2437.949951171875,2437.949951171875,2437.949951171875,2437.949951171875,0.0,0.0,0.0,
2015-10-29,2410.0,2410.0,2410.0,2410.0,0.0,0.0,0.0,
2015-10-30,2390.0,2390.0,2390.0,2390.0,0.0,0.0,0.0,
2015-11-02,2354.5,2360.199951171875,2354.5,2360.199951171875,0.0,0.0,0.0,
2015-11-03,2438.949951171875,2438.949951171875,2362.25,2390.550048828125,0.0,0.0,0.0,
2015-11-04,2429.949951171875,2429.949951171875,2337.0,2337.550048828125,0.0,0.0,0.0,
2015-11-05,2305.0,2322.14990234375,2305.0,2320.699951171875,0.0,0.0,0.0,
2015-11-06,2300.199951171875,2350.0,2300.199951171875,2350.0,0.0,0.0,0.0,
2015-11-09,2301.25,2400.0,2283.0,2344.75,0.0,0.0,0.0,
2015-11-10,2316.0,2350.050048828125,2316.0,2345.699951171875,0.0,0.0,0.0,
2015-11-13,2265.0,2300.0,2265.0,2300.0,0.0,0.0,0.0,
2015-11-16,2370.5,2370.5,2274.0,2275.64990234375,0.0,0.0,0.0,
2015-11-17,2251.199951171875,2251.199951171875,2251.199951171875,2251.199951171875,0.0,0.0,0.0,
2015-11-18,2252.199951171875,2289.5,2251.199951171875,2266.949951171875,0.0,0.0,0.0,
2015-11-19,2226.199951171875,2274.0,2216.199951171875,2236.050048828125,0.0,0.0,0.0,
2015-11-20,2231.300048828125,2236.0,2231.300048828125,2236.0,0.0,0.0,0.0,
2015-11-23,2273.89990234375,2273.89990234375,2262.949951171875,2262.949951171875,0.0,0.0,0.0,
2015-11-24,2226.050048828125,2245.0,2222.10009765625,2222.449951171875,0.0,0.0,0.0,
2015-11-26,2225.0,2230.0,2202.300048828125,2230.0,0.0,0.0,0.0,
2015-11-27,2249.0,2249.0,2201.0,2208.050048828125,0.0,0.0,0.0,
2015-11-30,2196.0,2223.0,2151.300048828125,2158.89990234375,0.0,0.0,0.0,
2015-12-01,2165.300048828125,2195.85009765625,2162.25,2195.85009765625,0.0,0.0,0.0,
2015-12-02,2191.89990234375,2195.0,2170.050048828125,2170.050048828125,0.0,0.0,0.0,
2015-12-03,2169.949951171875,2169.949951171875,2160.0,2168.0,0.0,0.0,0.0,
2015-12-04,2200.0,2200.0,2199.949951171875,2199.949951171875,0.0,0.0,0.0,
2015-12-07,2200.0,2200.0,2200.0,2200.0,0.0,0.0,0.0,
2015-12-08,2175.0,2186.0,2121.0,2186.0,0.0,0.0,0.0,
2015-12-09,2212.0,2212.0,2138.0,2146.300048828125,0.0,0.0,0.0,
2015-12-10,2217.0,2219.0,2136.199951171875,2195.0,0.0,0.0,0.0,
2015-12-11,2121.10009765625,2208.0,2121.050048828125,2140.0,0.0,0.0,0.0,
2015-12-14,2200.0,2200.0,2125.0,2125.0,0.0,0.0,0.0,
2015-12-15,2192.0,2192.0,2155.0,2155.0,0.0,0.0,0.0,
2015-12-16,2187.89990234375,2187.89990234375,2187.89990234375,2187.89990234375,0.0,0.0,0.0,
2015-12-17,2150.300048828125,2166.0,2150.300048828125,2155.5,0.0,0.0,0.0,
2015-12-18,2170.0,2170.0,2140.25,2167.199951171875,0.0,0.0,0.0,
2015-12-21,2215.949951171875,2215.949951171875,2131.050048828125,2139.699951171875,0.0,0.0,0.0,
2015-12-22,2051.0,2166.949951171875,2051.0,2166.949951171875,0.0,0.0,0.0,
2015-12-23,2199.0,2199.0,2170.85009765625,2170.89990234375,0.0,0.0,0.0,
2015-12-24,2198.0,2198.0,2158.0,2188.0,0.0,0.0,0.0,
2015-12-28,2187.949951171875,2187.949951171875,2134.10009765625,2134.10009765625,0.0,0.0,0.0,
2015-12-29,2122.60009765625,2135.050048828125,2122.60009765625,2132.25,0.0,0.0,0.0,
2015-12-30,2125.050048828125,2127.0,2125.050048828125,2127.0,0.0,0.0,0.0,
2015-12-31,2110.0,2174.60009765625,2110.0,2154.89990234375,0.0,0.0,0.0,
2016-01-01,2154.89990234375,2154.89990234375,2154.89990234375,2154.89990234375,0.0,0.0,0.0,
2016-01-04,2155.0,2155.0,2122.0,2136.949951171875,0.0,0.0,0.0,
2016-01-05,2131.199951171875,2175.0,2131.199951171875,2131.199951171875,0.0,0.0,0.0,
2016-01-06,2131.199951171875,2131.199951171875,2131.199951171875,2131.199951171875,0.0,0.0,0.0,
2016-01-07,2143.300048828125,2187.60009765625,2143.300048828125,2175.75,0.0,0.0,0.0,
2016-01-08,2184.0,2184.0,2155.199951171875,2160.0,0.0,0.0,0.0,
2016-01-11,2160.0,2160.0,2126.5,2150.0,0.0,0.0,0.0,
2016-01-12,2200.0,2200.0,2180.0,2180.0,0.0,0.0,0.0,
2016-01-13,2199.699951171875,2199.699951171875,2109.199951171875,2136.85009765625,0.0,0.0,0.0,
2016-01-14,2136.85009765625,2136.85009765625,2136.85009765625,2136.85009765625,0.0,0.0,0.0,
2016-01-15,2198.0,2198.0,2198.0,2198.0,0.0,0.0,0.0,
2016-01-18,2174.0,2174.0,2114.0,2114.25,0.0,0.0,0.0,
2016-01-19,2083.10009765625,2095.0,2050.0,2060.14990234375,0.0,0.0,0.0,
2016-01-20,2079.0,2079.0,2015.349975585938,2064.949951171875,0.0,0.0,0.0,
2016-01-21,2145.0,2145.0,2031.0,2074.0,0.0,0.0,0.0,
2016-01-22,2085.0,2085.10009765625,2049.0,2049.0,0.0,0.0,0.0,
2016-01-25,2144.949951171875,2200.0,2029.0,2115.35009765625,0.0,0.0,0.0,
2016-01-27,2100.199951171875,2170.0,2100.199951171875,2105.10009765625,0.0,0.0,0.0,
2016-01-28,2105.0,2105.0,2076.0,2076.0,0.0,0.0,0.0,
2016-01-29,2117.949951171875,2118.0,2056.10009765625,2071.050048828125,0.0,0.0,0.0,
2016-02-01,2070.0,2095.0,2070.0,2095.0,0.0,0.0,0.0,
2016-02-02,2194.800048828125,2194.800048828125,2090.050048828125,2090.050048828125,0.0,0.0,0.0,
2016-02-03,2192.85009765625,2258.0,2185.75,2222.39990234375,0.0,0.0,0.0,
2016-02-04,2222.5,2300.0,2222.0,2300.0,0.0,0.0,0.0,
2016-02-05,2187.10009765625,2400.0,2187.10009765625,2353.75,0.0,0.0,0.0,
2016-02-08,2354.949951171875,2444.949951171875,2354.949951171875,2444.949951171875,0.0,0.0,0.0,
2016-02-09,2380.050048828125,2469.699951171875,2345.050048828125,2345.050048828125,0.0,0.0,0.0,
2016-02-10,2345.0,2578.949951171875,2345.0,2521.199951171875,0.0,0.0,0.0,
2016-02-11,2426.050048828125,2609.0,2426.050048828125,2472.39990234375,0.0,0.0,0.0,
2016-02-12,2500.0,2611.0,2471.0,2546.050048828125,0.0,0.0,0.0,
2016-02-15,2420.050048828125,2500.0,2420.050048828125,2500.0,0.0,0.0,0.0,
2016-02-16,2558.25,2559.0,2414.449951171875,2550.14990234375,0.0,0.0,0.0,
2016-02-17,2550.0,2550.0,2445.050048828125,2549.0,0.0,0.0,0.0,
2016-02-18,2421.25,2599.0,2421.25,2550.0,0.0,0.0,0.0,
2016-02-19,2500.699951171875,2600.0,2500.699951171875,2594.10009765625,0.0,0.0,0.0,
2016-02-22,2600.0,2600.0,2520.199951171875,2600.0,0.0,0.0,0.0,
2016-02-23,2550.0,2589.0,2550.0,2589.0,0.0,0.0,0.0,
2016-02-24,2619.0,2630.0,2618.75,2626.0,0.0,0.0,0.0,
2016-02-25,2561.0,2600.050048828125,2561.0,2600.0,0.0,0.0,0.0,
2016-02-26,2580.0,2580.0,2570.0,2572.0,0.0,0.0,0.0,
2016-02-29,2603.949951171875,2734.60009765625,2575.0,2580.0,0.0,0.0,0.0,
2016-03-01,2581.0,2600.050048828125,2548.0,2600.0,0.0,0.0,0.0,
2016-03-02,2550.0,2600.0,2505.0,2599.0,0.0,0.0,0.0,
2016-03-03,2599.0,2606.0,2590.0,2600.0,0.0,0.0,0.0,
2016-03-04,2590.0,2680.0,2590.0,2644.35009765625,0.0,0.0,0.0,
2016-03-08,2610.0,2651.0,2585.10009765625,2651.0,0.0,0.0,0.0,
2016-03-09,2610.0,2610.0,2592.0,2597.0,0.0,0.0,0.0,
2016-03-10,2597.050048828125,2675.0,2597.0,2650.0,0.0,0.0,0.0,
2016-03-11,2611.10009765625,2724.699951171875,2611.10009765625,2700.699951171875,0.0,0.0,0.0,
2016-03-14,2609.39990234375,2690.0,2609.39990234375,2690.0,0.0,0.0,0.0,
2016-03-15,2630.050048828125,2694.949951171875,2630.050048828125,2651.949951171875,0.0,0.0,0.0,
2016-03-16,2640.050048828125,2659.0,2621.39990234375,2659.0,0.0,0.0,0.0,
2016-03-17,2689.949951171875,2689.949951171875,2625.35009765625,2643.199951171875,0.0,0.0,0.0,
2016-03-18,2694.949951171875,2710.0,2640.050048828125,2690.0,0.0,0.0,0.0,
2016-03-21,2683.800048828125,2699.949951171875,2630.0,2658.0,0.0,0.0,0.0,
2016-03-22,2615.25,2684.0,2615.25,2675.699951171875,0.0,0.0,0.0,
2016-03-23,2692.449951171875,2692.60009765625,2605.0,2640.0,0.0,0.0,0.0,
2016-03-28,2534.0,2638.0,2534.0,2600.0,0.0,0.0,0.0,
2016-03-29,2625.0,2630.0,2625.0,2625.0,0.0,0.0,0.0,
2016-03-30,2650.0,2650.0,2650.0,2650.0,0.0,0.0,0.0,
2016-03-31,2575.050048828125,2645.449951171875,2558.0,2561.5,0.0,0.0,0.0,
2016-04-01,2649.949951171875,2680.0,2578.35009765625,2669.64990234375,0.0,0.0,0.0,
2016-04-04,2601.0,2627.89990234375,2575.800048828125,2584.25,0.0,0.0,0.0,
2016-04-05,2565.0,2618.949951171875,2565.0,2610.0,0.0,0.0,0.0,
2016-04-06,2605.0,2649.0,2605.0,2649.0,0.0,0.0,0.0,
2016-04-07,2640.0,2688.0,2595.25,2688.0,0.0,0.0,0.0,
2016-04-08,2687.949951171875,2690.0,2686.0,2686.199951171875,0.0,0.0,0.0,
2016-04-11,2650.0,2710.0,2650.0,2710.0,0.0,0.0,0.0,
2016-04-12,2710.0,2740.0,2710.0,2740.0,0.0,0.0,0.0,
2016-04-13,2687.0,2729.949951171875,2687.0,2709.199951171875,0.0,0.0,0.0,
2016-04-18,2616.0,2750.0,2616.0,2709.199951171875,0.0,0.0,0.0,
2016-04-20,2735.0,2779.0,2735.0,2744.35009765625,0.0,0.0,0.0,
2016-04-21,2769.14990234375,2800.0,2759.75,2772.25,0.0,0.0,0.0,
2016-04-22,2732.0,2770.0,2720.0,2770.0,0.0,0.0,0.0,
2016-04-25,2786.0,2790.0,2775.449951171875,2784.35009765625,0.0,0.0,0.0,
2016-04-26,2730.0,2730.0,2725.550048828125,2725.550048828125,0.0,0.0,0.0,
2016-04-27,2774.949951171875,2775.0,2725.0,2729.0,0.0,0.0,0.0,
2016-04-28,2730.14990234375,2737.0,2730.0,2737.0,0.0,0.0,0.0,
2016-04-29,2774.949951171875,2827.550048828125,2774.949951171875,2805.75,0.0,0.0,0.0,
2016-05-02,2800.0,2843.0,2791.0,2840.550048828125,0.0,0.0,0.0,
2016-05-03,2800.0,2840.0,2800.0,2837.14990234375,0.0,0.0,0.0,
2016-05-04,2790.0,2790.0,2785.0,2787.0,0.0,0.0,0.0,
2016-05-05,2787.0,2806.0,2787.0,2788.0,0.0,0.0,0.0,
2016-05-06,2881.0,2881.0,2765.25,2810.10009765625,0.0,0.0,0.0,
2016-05-09,2860.0,2894.949951171875,2801.0,2850.0,0.0,0.0,0.0,
2016-05-10,2766.60009765625,2775.050048828125,2766.60009765625,2775.0,0.0,0.0,0.0,
2016-05-11,2775.050048828125,2785.0,2775.0,2775.0,0.0,0.0,0.0,
2016-05-12,2750.0,2785.050048828125,2731.0,2785.0,0.0,0.0,0.0,
2016-05-13,2837.5,2837.5,2737.050048828125,2801.0,0.0,0.0,0.0,
2016-05-16,2763.25,2800.0,2763.199951171875,2800.0,0.0,0.0,0.0,
2016-05-17,2774.39990234375,2836.800048828125,2747.25,2747.25,0.0,0.0,0.0,
2016-05-18,2747.25,2747.25,2747.25,2747.25,0.0,0.0,0.0,
2016-05-19,2730.0,2870.0,2719.0,2799.14990234375,0.0,0.0,0.0,
2016-05-20,2765.14990234375,2765.199951171875,2765.0,2765.0,0.0,0.0,0.0,
2016-05-23,2750.0,2868.0,2750.0,2769.25,0.0,0.0,0.0,
2016-05-24,2725.050048828125,2849.0,2725.050048828125,2772.60009765625,0.0,0.0,0.0,
2016-05-25,2750.050048828125,2750.050048828125,2685.0,2720.0,0.0,0.0,0.0,
2016-05-26,2746.0,2765.0,2666.050048828125,2720.0,0.0,0.0,0.0,
2016-05-27,2660.0,2727.0,2620.64990234375,2682.0,0.0,0.0,0.0,
2016-05-30,2779.0,2849.800048828125,2650.0,2650.0,0.0,0.0,0.0,
2016-05-31,2659.0,2659.0,2632.050048828125,2659.0,0.0,0.0,0.0,
2016-06-01,2745.0,2786.0,2653.0,2684.85009765625,0.0,0.0,0.0,
2016-06-02,2699.14990234375,2699.14990234375,2670.199951171875,2670.35009765625,0.0,0.0,0.0,
2016-06-03,2655.0,2809.89990234375,2650.0,2691.14990234375,0.0,0.0,0.0,
2016-06-06,2691.14990234375,2691.14990234375,2691.14990234375,2691.14990234375,0.0,0.0,0.0,
2016-06-07,2671.0,2796.5,2635.0,2650.0,0.0,0.0,0.0,
2016-06-08,2689.949951171875,2728.949951171875,2689.949951171875,2700.10009765625,0.0,0.0,0.0,
2016-06-09,2696.25,2727.85009765625,2696.25,2702.0,0.0,0.0,0.0,
2016-06-10,2759.949951171875,2760.0,2705.0,2710.89990234375,0.0,0.0,0.0,
2016-06-13,2800.0,2845.0,2720.0,2794.89990234375,0.0,0.0,0.0,
2016-06-14,2705.0,2790.0,2705.0,2790.0,0.0,0.0,0.0,
2016-06-15,2752.300048828125,2752.300048828125,2711.0,2712.35009765625,0.0,0.0,0.0,
2016-06-16,2715.0,2800.050048828125,2715.0,2800.050048828125,0.0,0.0,0.0,
2016-06-17,2750.050048828125,2750.050048828125,2731.0,2732.0,0.0,0.0,0.0,
2016-06-20,2800.0,2898.60009765625,2711.0,2800.0,0.0,0.0,0.0,
2016-06-21,2858.949951171875,2858.949951171875,2800.0,2800.0,0.0,0.0,0.0,
2016-06-22,2745.14990234375,2770.0,2745.0,2750.0,0.0,0.0,0.0,
2016-06-23,2850.0,2850.0,2850.0,2850.0,0.0,0.0,0.0,
2016-06-24,2850.0,2850.0,2780.25,2850.0,0.0,0.0,0.0,
2016-06-27,2850.0,2890.0,2850.0,2850.0,0.0,0.0,0.0,
2016-06-28,2850.0,2850.0,2805.0,2805.0,0.0,0.0,0.0,
2016-06-29,2816.0,2850.0,2816.0,2849.449951171875,0.0,0.0,0.0,
2016-06-30,2895.0,2895.0,2850.0,2850.0,0.0,0.0,0.0,
2016-07-01,2894.949951171875,2894.949951171875,2850.0,2870.0,0.0,0.0,0.0,
2016-07-04,2855.0,2899.0,2855.0,2890.0,0.0,0.0,0.0,
2016-07-05,2885.0,2885.0,2885.0,2885.0,0.0,0.0,0.0,
2016-07-07,2860.0,2900.0,2860.0,2900.0,0.0,0.0,0.0,
2016-07-08,2870.0,2870.0,2830.0,2841.85009765625,0.0,0.0,0.0,
2016-07-11,2845.050048828125,2893.0,2830.0,2893.0,0.0,0.0,0.0,
2016-07-12,2847.050048828125,2900.0,2847.050048828125,2860.0,0.0,0.0,0.0,
2016-07-13,2943.89990234375,2943.89990234375,2705.0,2900.0,0.0,0.0,0.0,
2016-07-14,2853.25,2890.0,2853.10009765625,2867.25,0.0,0.0,0.0,
2016-07-15,2890.949951171875,2890.949951171875,2848.10009765625,2848.10009765625,0.0,0.0,0.0,
2016-07-18,2831.0,2831.0,2829.0,2829.0,0.0,0.0,0.0,
2016-07-19,2856.0,2890.0,2856.0,2889.5,0.0,0.0,0.0,
2016-07-20,2856.0,2881.800048828125,2810.0,2810.0,0.0,0.0,0.0,
2016-07-21,2890.0,2890.0,2826.60009765625,2830.0,0.0,0.0,0.0,
2016-07-22,2830.0,2870.0,2830.0,2840.0,0.0,0.0,0.0,
2016-07-25,2830.0,2918.89990234375,2830.0,2865.0,0.0,0.0,0.0,
2016-07-26,2842.0,2843.0,2842.0,2843.0,0.0,0.0,0.0,
2016-07-27,2840.0,2870.0,2840.0,2855.199951171875,0.0,0.0,0.0,
2016-07-28,2862.64990234375,2900.10009765625,2862.60009765625,2900.0,0.0,0.0,0.0,
2016-07-29,2845.0,2880.0,2845.0,2880.0,0.0,0.0,0.0,
2016-08-01,2880.0,2919.0,2865.0,2908.0,0.0,0.0,0.0,
2016-08-02,2909.0,2929.0,2870.0,2880.0,0.0,0.0,0.0,
2016-08-03,2850.050048828125,2930.0,2850.050048828125,2930.0,0.0,0.0,0.0,
2016-08-04,2875.0,2940.0,2865.0,2911.0,0.0,0.0,0.0,
2016-08-05,2860.050048828125,2930.0,2860.050048828125,2920.0,0.0,0.0,0.0,
2016-08-08,2861.10009765625,2868.0,2860.050048828125,2868.0,0.0,0.0,0.0,
2016-08-09,2874.949951171875,2881.0,2874.949951171875,2881.0,0.0,0.0,0.0,
2016-08-10,2872.0,2925.0,2872.0,2925.0,0.0,0.0,0.0,
2016-08-11,2925.0,2925.0,2925.0,2925.0,0.0,0.0,0.0,
2016-08-12,2870.0,2871.0,2870.0,2871.0,0.0,0.0,0.0,
2016-08-16,2848.0,2930.0,2848.0,2930.0,0.0,0.0,0.0,
2016-08-17,2915.0,2930.0,2915.0,2930.0,0.0,0.0,0.0,
2016-08-18,2940.0,2940.0,2940.0,2940.0,0.0,0.0,0.0,
2016-08-19,2939.0,2945.0,2939.0,2940.0,0.0,0.0,0.0,
2016-08-22,2950.0,2950.0,2882.0,2882.0,0.0,0.0,0.0,
2016-08-23,2890.0,2935.0,2890.0,2930.0,0.0,0.0,0.0,
2016-08-24,2920.0,2950.0,2920.0,2950.0,0.0,0.0,0.0,
2016-08-25,2901.0,2910.0,2891.0,2910.0,0.0,0.0,0.0,
2016-08-26,2874.25,2901.0,2874.25,2901.0,0.0,0.0,0.0,
2016-08-29,2950.0,2950.0,2861.0,2861.0,0.0,0.0,0.0,
2016-08-30,2865.0,2900.0,2825.0,2900.0,0.0,0.0,0.0,
2016-08-31,2850.699951171875,2875.0,2850.699951171875,2856.0,0.0,0.0,0.0,
2016-09-01,2944.949951171875,2944.949951171875,2815.0,2864.25,0.0,0.0,0.0,
2016-09-02,2921.0,2921.0,2826.0,2865.0,0.0,0.0,0.0,
2016-09-06,2825.60009765625,2890.0,2825.60009765625,2887.5,0.0,0.0,0.0,
2016-09-07,2920.0,2923.0,2920.0,2923.0,0.0,0.0,0.0,
2016-09-08,2900.0,2918.0,2890.0,2918.0,0.0,0.0,0.0,
2016-09-09,2895.0,2895.0,2881.10009765625,2886.64990234375,0.0,0.0,0.0,
2016-09-12,2856.050048828125,2890.0,2856.050048828125,2890.0,0.0,0.0,0.0,
2016-09-14,2890.0,2890.0,2863.699951171875,2890.0,0.0,0.0,0.0,
2016-09-15,2890.0,2890.0,2890.0,2890.0,0.0,0.0,0.0,
2016-09-16,2870.60009765625,2870.60009765625,2870.5,2870.5,0.0,0.0,0.0,
2016-09-19,2875.050048828125,2875.050048828125,2875.0,2875.0,0.0,0.0,0.0,
2016-09-20,2890.0,2890.0,2889.0,2890.0,0.0,0.0,0.0,
2016-09-21,2943.949951171875,2943.949951171875,2857.39990234375,2900.0,0.0,0.0,0.0,
2016-09-22,2920.0,2930.0,2920.0,2930.0,0.0,0.0,0.0,
2016-09-23,2953.0,2953.0,2881.0,2898.14990234375,0.0,0.0,0.0,
2016-09-26,2888.35009765625,2925.0,2888.35009765625,2925.0,0.0,0.0,0.0,
2016-09-27,2863.300048828125,2974.0,2863.25,2900.0,0.0,0.0,0.0,
2016-09-28,2837.050048828125,2895.050048828125,2837.050048828125,2895.0,0.0,0.0,0.0,
2016-09-29,2872.300048828125,2873.0,2872.300048828125,2873.0,0.0,0.0,0.0,
2016-09-30,2858.050048828125,2896.0,2858.050048828125,2896.0,0.0,0.0,0.0,
2016-10-03,2944.89990234375,2944.89990234375,2936.0,2936.0,0.0,0.0,0.0,
2016-10-04,2936.0,2936.0,2936.0,2936.0,0.0,0.0,0.0,
2016-10-05,2830.050048828125,2831.0,2830.0,2831.0,0.0,0.0,0.0,
2016-10-06,2787.85009765625,2845.0,2787.85009765625,2815.0,0.0,0.0,0.0,
2016-10-07,2815.0,2815.0,2815.0,2815.0,0.0,0.0,0.0,
2016-10-10,2870.0,2870.0,2870.0,2870.0,0.0,0.0,0.0,
2016-10-13,2810.0,2810.0,2783.0,2799.64990234375,0.0,0.0,0.0,
2016-10-14,2799.64990234375,2799.64990234375,2799.64990234375,2799.64990234375,0.0,0.0,0.0,
2016-10-17,2759.550048828125,2762.25,2759.550048828125,2762.25,0.0,0.0,0.0,
2016-10-18,2771.25,2790.0,2753.60009765625,2778.699951171875,0.0,0.0,0.0,
2016-10-19,2720.800048828125,2761.25,2720.800048828125,2761.25,0.0,0.0,0.0,
2016-10-20,2847.89990234375,2945.0,2804.0,2804.0,0.0,0.0,0.0,
2016-10-21,2888.0,2888.0,2757.89990234375,2773.35009765625,0.0,0.0,0.0,
2016-10-24,2889.89990234375,2889.89990234375,2747.0,2758.800048828125,0.0,0.0,0.0,
2016-10-25,2741.10009765625,2790.0,2721.050048828125,2788.10009765625,0.0,0.0,0.0,
2016-10-26,2762.75,2763.35009765625,2762.75,2763.35009765625,0.0,0.0,0.0,
2016-10-27,2798.949951171875,2818.0,2757.60009765625,2757.60009765625,0.0,0.0,0.0,
2016-10-28,2917.300048828125,2945.0,2812.0,2812.0,0.0,0.0,0.0,
2016-11-01,2771.199951171875,2780.050048828125,2771.199951171875,2774.14990234375,0.0,0.0,0.0,
2016-11-02,2879.0,2879.0,2755.050048828125,2800.800048828125,0.0,0.0,0.0,
2016-11-03,2850.0,2850.0,2850.0,2850.0,0.0,0.0,0.0,
2016-11-04,2760.050048828125,2889.0,2760.050048828125,2874.75,0.0,0.0,0.0,
2016-11-07,2793.75,2794.0,2765.14990234375,2789.85009765625,0.0,0.0,0.0,
2016-11-08,2869.89990234375,2869.89990234375,2800.0,2800.0,0.0,0.0,0.0,
2016-11-09,2899.89990234375,2975.0,2822.60009765625,2839.64990234375,0.0,0.0,0.0,
2016-11-10,2775.0,2775.0,2775.0,2775.0,0.0,0.0,0.0,
2016-11-11,2778.0,2785.050048828125,2711.0,2773.10009765625,0.0,0.0,0.0,
2016-11-15,2720.0,2722.0,2710.0,2711.949951171875,0.0,0.0,0.0,
2016-11-16,2710.050048828125,2711.449951171875,2710.050048828125,2710.75,0.0,0.0,0.0,
2016-11-17,2710.75,2710.75,2710.75,2710.75,0.0,0.0,0.0,
2016-11-18,2721.050048828125,2721.050048828125,2710.0,2710.0,0.0,0.0,0.0,
2016-11-21,2955.0,2955.0,2710.0,2710.0,0.0,0.0,0.0,
2016-11-22,2710.0,2710.0,2710.0,2710.0,0.0,0.0,0.0,
2016-11-23,2885.85009765625,2885.89990234375,2618.550048828125,2650.050048828125,0.0,0.0,0.0,
2016-11-24,2660.0,2660.050048828125,2617.0,2660.0,0.0,0.0,0.0,
2016-11-25,2602.050048828125,2602.050048828125,2602.050048828125,2602.050048828125,0.0,0.0,0.0,
2016-11-28,2607.5,2719.0,2605.199951171875,2710.300048828125,0.0,0.0,0.0,
2016-11-29,2710.300048828125,2710.300048828125,2710.300048828125,2710.300048828125,0.0,0.0,0.0,
2016-11-30,2632.25,2656.050048828125,2632.25,2651.050048828125,0.0,0.0,0.0,
2016-12-01,2651.050048828125,2651.050048828125,2651.050048828125,2651.050048828125,0.0,0.0,0.0,
2016-12-02,2789.0,2789.0,2583.0,2626.75,0.0,0.0,0.0,
2016-12-05,2600.0,2689.949951171875,2600.0,2680.550048828125,0.0,0.0,0.0,
2016-12-06,2680.550048828125,2680.550048828125,2680.550048828125,2680.550048828125,0.0,0.0,0.0,
2016-12-07,2680.550048828125,2680.550048828125,2680.550048828125,2680.550048828125,0.0,0.0,0.0,
2016-12-08,2611.25,2627.0,2611.25,2627.0,0.0,0.0,0.0,
2016-12-09,2600.0,2600.0,2600.0,2600.0,0.0,0.0,0.0,
2016-12-12,2600.0,2600.0,2600.0,2600.0,0.0,0.0,0.0,
2016-12-13,2531.0,2531.0,2531.0,2531.0,0.0,0.0,0.0,
2016-12-14,2531.0,2531.0,2531.0,2531.0,0.0,0.0,0.0,
2016-12-15,2650.0,2650.0,2541.25,2541.25,0.0,0.0,0.0,
2016-12-16,2530.0,2530.0,2530.0,2530.0,0.0,0.0,0.0,
2016-12-19,2530.0,2530.0,2530.0,2530.0,0.0,0.0,0.0,
2016-12-20,2530.0,2577.949951171875,2530.0,2577.949951171875,0.0,0.0,0.0,
2016-12-21,2599.800048828125,2599.800048828125,2575.0,2575.0,0.0,0.0,0.0,
2016-12-22,2576.0,2576.0,2530.0,2530.0,0.0,0.0,0.0,
2016-12-23,2730.949951171875,2730.949951171875,2480.050048828125,2480.050048828125,0.0,0.0,0.0,
2016-12-26,2480.050048828125,2480.050048828125,2480.050048828125,2480.050048828125,0.0,0.0,0.0,
2016-12-27,2677.39990234375,2677.39990234375,2455.0,2639.0,0.0,0.0,0.0,
2016-12-28,2480.25,2599.0,2440.0,2594.050048828125,0.0,0.0,0.0,
2016-12-29,2699.89990234375,2699.89990234375,2594.050048828125,2594.050048828125,0.0,0.0,0.0,
2016-12-30,2594.050048828125,2594.050048828125,2594.050048828125,2594.050048828125,0.0,0.0,0.0,
2017-01-02,2522.10009765625,2522.10009765625,2522.10009765625,2522.10009765625,0.0,0.0,0.0,
2017-01-03,2790.0,2875.949951171875,2705.0,2727.449951171875,0.0,0.0,0.0,
2017-01-04,2601.949951171875,2635.0,2551.35009765625,2635.0,0.0,0.0,0.0,
2017-01-05,2650.0,2650.0,2650.0,2650.0,0.0,0.0,0.0,
2017-01-06,2650.0,2650.0,2650.0,2650.0,0.0,0.0,0.0,
2017-01-09,2650.0,2650.0,2650.0,2650.0,0.0,0.0,0.0,
2017-01-10,2562.10009765625,2685.0,2562.050048828125,2685.0,0.0,0.0,0.0,
2017-01-11,2685.0,2685.0,2685.0,2685.0,0.0,0.0,0.0,
2017-01-12,2685.0,2685.0,2685.0,2685.0,0.0,0.0,0.0,
2017-01-13,2685.0,2685.0,2685.0,2685.0,0.0,0.0,0.0,
2017-01-16,2725.0,2725.0,2725.0,2725.0,0.0,0.0,0.0,
2017-01-17,2526.0,2750.050048828125,2526.0,2750.0,0.0,0.0,0.0,
2017-01-18,2750.0,2752.199951171875,2749.949951171875,2750.0,0.0,0.0,0.0,
2017-01-19,2630.25,2730.0,2630.25,2730.0,0.0,0.0,0.0,
2017-01-20,2730.0,2741.800048828125,2730.0,2740.89990234375,0.0,0.0,0.0,
2017-01-23,2989.39990234375,2989.39990234375,2800.0,2800.0,0.0,0.0,0.0,
2017-01-24,2760.050048828125,2760.050048828125,2760.0,2760.0,0.0,0.0,0.0,
2017-01-25,2742.0,2742.0,2742.0,2742.0,0.0,0.0,0.0,
2017-01-27,2741.0,2741.0,2700.0,2700.0,0.0,0.0,0.0,
2017-01-30,2700.0,2701.0,2700.0,2701.0,0.0,0.0,0.0,
2017-01-31,2700.0,2700.0,2700.0,2700.0,0.0,0.0,0.0,
2017-02-01,2740.0,2740.0,2740.0,2740.0,0.0,0.0,0.0,
2017-02-02,2740.0,2740.0,2740.0,2740.0,0.0,0.0,0.0,
2017-02-03,2740.0,2740.0,2740.0,2740.0,0.0,0.0,0.0,
2017-02-06,2700.0,2799.949951171875,2621.199951171875,2799.949951171875,0.0,0.0,0.0,
2017-02-07,2799.949951171875,2799.949951171875,2799.949951171875,2799.949951171875,0.0,0.0,0.0,
2017-02-08,2651.050048828125,2651.050048828125,2651.050048828125,2651.050048828125,0.0,0.0,0.0,
2017-02-09,2795.0,2795.0,2795.0,2795.0,0.0,0.0,0.0,
2017-02-10,2700.0,2700.0,2700.0,2700.0,0.0,0.0,0.0,
2017-02-13,2700.0,2700.0,2700.0,2700.0,0.0,0.0,0.0,
2017-02-14,2671.0,2700.0,2671.0,2700.0,0.0,0.0,0.0,
2017-02-15,2700.0,2700.0,2700.0,2700.0,0.0,0.0,0.0,
2017-02-16,2754.0,2754.0,2754.0,2754.0,0.0,0.0,0.0,
2017-02-17,2754.0,2754.0,2754.0,2754.0,0.0,0.0,0.0,
2017-02-20,2750.0,2750.0,2750.0,2750.0,0.0,0.0,0.0,
2017-02-21,2800.0,2800.0,2755.0,2755.0,0.0,0.0,0.0,
2017-02-22,2682.050048828125,2796.89990234375,2682.050048828125,2796.89990234375,0.0,0.0,0.0,
2017-02-23,2779.949951171875,2799.949951171875,2626.10009765625,2740.0,0.0,0.0,0.0,
2017-02-27,2665.050048828125,2735.0,2665.050048828125,2735.0,0.0,0.0,0.0,
2017-02-28,2686.0,2775.0,2686.0,2775.0,0.0,0.0,0.0,
2017-03-01,2770.0,2796.0,2770.0,2779.35009765625,0.0,0.0,0.0,
2017-03-02,2702.10009765625,2705.10009765625,2702.10009765625,2705.10009765625,0.0,0.0,0.0,
2017-03-03,2799.949951171875,2799.949951171875,2668.0,2700.0,0.0,0.0,0.0,
2017-03-06,2779.949951171875,2779.949951171875,2681.050048828125,2710.050048828125,0.0,0.0,0.0,
2017-03-07,2675.050048828125,2675.10009765625,2675.050048828125,2675.10009765625,0.0,0.0,0.0,
2017-03-08,2633.300048828125,2650.0,2633.300048828125,2650.0,0.0,0.0,0.0,
2017-03-09,2699.949951171875,2700.050048828125,2610.0,2610.0,0.0,0.0,0.0,
2017-03-10,2744.39990234375,2744.39990234375,2744.39990234375,2744.39990234375,0.0,0.0,0.0,
2017-03-14,2650.0,2650.0,2650.0,2650.0,0.0,0.0,0.0,
2017-03-15,2650.0,2650.0,2650.0,2650.0,0.0,0.0,0.0,
2017-03-16,2676.0,2676.0,2616.60009765625,2626.25,0.0,0.0,0.0,
2017-03-17,2626.25,2626.25,2626.25,2626.25,0.0,0.0,0.0,
2017-03-20,2630.0,2650.0,2407.0,2564.10009765625,0.0,0.0,0.0,
2017-03-21,2742.949951171875,2742.949951171875,2701.949951171875,2701.949951171875,0.0,0.0,0.0,
2017-03-22,2640.050048828125,2700.0,2640.050048828125,2700.0,0.0,0.0,0.0,
2017-03-23,2700.0,2744.39990234375,2700.0,2744.39990234375,0.0,0.0,0.0,
2017-03-24,2521.0,2611.050048828125,2521.0,2611.050048828125,0.0,0.0,0.0,
2017-03-27,2615.0,2724.35009765625,2615.0,2724.0,0.0,0.0,0.0,
2017-03-28,2724.0,2739.0,2724.0,2739.0,0.0,0.0,0.0,
2017-03-29,2739.0,2739.0,2739.0,2739.0,0.0,0.0,0.0,
2017-03-30,2735.0,2735.0,2735.0,2735.0,0.0,0.0,0.0,
2017-03-31,2650.0,2650.0,2650.0,2650.0,0.0,0.0,0.0,
2017-04-03,2700.0,2730.0,2700.0,2730.0,0.0,0.0,0.0,
2017-04-05,2606.050048828125,2729.949951171875,2606.050048828125,2630.5,0.0,0.0,0.0,
2017-04-06,2636.0,2724.60009765625,2636.0,2724.60009765625,0.0,0.0,0.0,
2017-04-07,2710.0,2710.0,2710.0,2710.0,0.0,0.0,0.0,
2017-04-10,2734.949951171875,2735.0,2654.14990234375,2654.14990234375,0.0,0.0,0.0,
2017-04-11,2690.0,2710.0,2690.0,2700.0,0.0,0.0,0.0,
2017-04-12,2744.39990234375,2744.39990234375,2744.39990234375,2744.39990234375,0.0,0.0,0.0,
2017-04-13,2734.39990234375,2760.0,2734.39990234375,2755.699951171875,0.0,0.0,0.0,
2017-04-17,2765.0,2765.0,2765.0,2765.0,0.0,0.0,0.0,
2017-04-18,2703.0,2711.949951171875,2700.050048828125,2700.050048828125,0.0,0.0,0.0,
2017-04-19,2654.0,2770.0,2651.0,2761.64990234375,0.0,0.0,0.0,
2017-04-20,2681.60009765625,2700.050048828125,2681.60009765625,2700.050048828125,0.0,0.0,0.0,
2017-04-21,2700.0,2700.0,2700.0,2700.0,0.0,0.0,0.0,
2017-04-24,2799.0,2799.0,2700.0,2700.0,0.0,0.0,0.0,
2017-04-25,2700.0,2700.0,2700.0,2700.0,0.0,0.0,0.0,
2017-04-26,2664.0,2710.0,2664.0,2710.0,0.0,0.0,0.0,
2017-04-27,2768.0,2799.0,2701.0,2701.0,0.0,0.0,0.0,
2017-04-28,2701.0,2778.0,2701.0,2765.0,0.0,0.0,0.0,
2017-05-02,2690.0,2690.0,2652.0,2666.0,0.0,0.0,0.0,
2017-05-03,2666.0,2675.0,2666.0,2675.0,0.0,0.0,0.0,
2017-05-04,2641.0,2641.0,2622.0,2624.0,0.0,0.0,0.0,
2017-05-05,2624.0,2668.949951171875,2621.0,2668.949951171875,0.0,0.0,0.0,
2017-05-08,2660.0,2660.0,2606.300048828125,2624.0,0.0,0.0,0.0,
2017-05-09,2635.0,2635.0,2597.64990234375,2635.0,0.0,0.0,0.0,
2017-05-10,2692.0,2692.0,2651.0,2651.0,0.0,0.0,0.0,
2017-05-11,2620.0,2620.0,2610.0,2611.25,0.0,0.0,0.0,
2017-05-12,2611.25,2611.25,2611.25,2611.25,0.0,0.0,0.0,
2017-05-15,2583.0,2625.0,2583.0,2625.0,0.0,0.0,0.0,
2017-05-16,2690.0,2690.0,2685.0,2688.35009765625,0.0,0.0,0.0,
2017-05-17,2679.0,2679.0,2615.0,2615.0,0.0,0.0,0.0,
2017-05-18,2689.949951171875,2691.050048828125,2689.949951171875,2691.0,0.0,0.0,0.0,
2017-05-19,2627.60009765625,2725.0,2627.60009765625,2686.10009765625,0.0,0.0,0.0,
2017-05-22,2650.0,2769.949951171875,2641.0,2641.0,0.0,0.0,0.0,
2017-05-23,2756.0,2756.0,2661.0,2661.0,0.0,0.0,0.0,
2017-05-24,2631.0,2718.0,2631.0,2715.0,0.0,0.0,0.0,
2017-05-25,2699.0,2700.0,2699.0,2700.0,0.0,0.0,0.0,
2017-05-26,2700.0,2700.0,2700.0,2700.0,0.0,0.0,0.0,
2017-05-29,2681.0,2719.0,2681.0,2719.0,0.0,0.0,0.0,
2017-05-30,2705.0,2705.050048828125,2700.0,2700.0,0.0,0.0,0.0,
2017-05-31,2641.0,2656.050048828125,2641.0,2656.050048828125,0.0,0.0,0.0,
2017-06-01,2656.050048828125,2656.050048828125,2656.050048828125,2656.050048828125,0.0,0.0,0.0,
2017-06-02,2759.89990234375,2759.89990234375,2632.050048828125,2700.0,0.0,0.0,0.0,
2017-06-05,2671.0,2671.0,2671.0,2671.0,0.0,0.0,0.0,
2017-06-06,2671.0,2671.0,2671.0,2671.0,0.0,0.0,0.0,
2017-06-07,2689.0,2689.0,2645.0,2664.050048828125,0.0,0.0,0.0,
2017-06-08,2643.0,2688.0,2643.0,2656.89990234375,0.0,0.0,0.0,
2017-06-09,2656.89990234375,2656.89990234375,2656.89990234375,2656.89990234375,0.0,0.0,0.0,
2017-06-12,2660.0,2660.0,2650.0,2659.699951171875,0.0,0.0,0.0,
2017-06-13,2659.0,2659.0,2643.0,2659.0,0.0,0.0,0.0,
2017-06-14,2637.10009765625,2638.0,2637.10009765625,2638.0,0.0,0.0,0.0,
2017-06-15,2638.0,2638.0,2625.0,2638.0,0.0,0.0,0.0,
2017-06-16,2603.300048828125,2688.0,2603.300048828125,2688.0,0.0,0.0,0.0,
2017-06-19,2630.0,2630.0,2630.0,2630.0,0.0,0.0,0.0,
2017-06-20,2610.0,2641.0,2610.0,2639.35009765625,0.0,0.0,0.0,
2017-06-21,2611.0,2649.0,2611.0,2649.0,0.0,0.0,0.0,
2017-06-22,2649.0,2675.0,2649.0,2675.0,0.0,0.0,0.0,
2017-06-23,2756.60009765625,2759.949951171875,2616.0,2670.0,0.0,0.0,0.0,
2017-06-27,2668.949951171875,2670.0,2611.300048828125,2669.60009765625,0.0,0.0,0.0,
2017-06-28,2621.10009765625,2669.0,2621.10009765625,2645.0,0.0,0.0,0.0,
2017-06-29,2612.0,2612.0,2612.0,2612.0,0.0,0.0,0.0,
2017-06-30,2612.050048828125,2612.050048828125,2612.050048828125,2612.050048828125,0.0,0.0,0.0,
2017-07-03,2612.050048828125,2612.050048828125,2609.0,2609.10009765625,0.0,0.0,0.0,
2017-07-04,2609.10009765625,2609.10009765625,2609.10009765625,2609.10009765625,0.0,0.0,0.0,
2017-07-05,2571.0,2571.0,2571.0,2571.0,0.0,0.0,0.0,
2017-07-06,2629.0,2649.0,2571.050048828125,2575.0,0.0,0.0,0.0,
2017-07-07,2575.0,2575.0,2575.0,2575.0,0.0,0.0,0.0,
2017-07-10,2550.0,2574.0,2550.0,2574.0,0.0,0.0,0.0,
2017-07-11,2540.050048828125,2540.050048828125,2540.050048828125,2540.050048828125,0.0,0.0,0.0,
2017-07-12,2550.0,2598.0,2543.0,2550.0,0.0,0.0,0.0,
2017-07-13,2541.25,2550.0,2541.25,2550.0,0.0,0.0,0.0,
2017-07-14,2550.0,2550.0,2525.050048828125,2525.050048828125,0.0,0.0,0.0,
2017-07-17,2598.0,2598.0,2537.39990234375,2561.0,0.0,0.0,0.0,
2017-07-18,2530.300048828125,2549.0,2530.300048828125,2549.0,0.0,0.0,0.0,
2017-07-19,2527.14990234375,2540.0,2527.14990234375,2533.0,0.0,0.0,0.0,
2017-07-20,2594.0,2600.0,2594.0,2600.0,0.0,0.0,0.0,
2017-07-21,2620.0,2620.0,2620.0,2620.0,0.0,0.0,0.0,
2017-07-24,2735.0,2735.0,2635.14990234375,2635.14990234375,0.0,0.0,0.0,
2017-07-25,2650.0,2680.0,2592.0,2592.10009765625,0.0,0.0,0.0,
2017-07-26,2581.0,2600.0,2551.0,2600.0,0.0,0.0,0.0,
2017-07-27,2688.0,2688.0,2600.0,2632.64990234375,0.0,0.0,0.0,
2017-07-28,2630.0,2630.0,2630.0,2630.0,0.0,0.0,0.0,
2017-07-31,2601.0,2601.0,2592.0,2592.0,0.0,0.0,0.0,
2017-08-01,2576.0,2577.0,2576.0,2577.0,0.0,0.0,0.0,
2017-08-02,2577.0,2639.0,2563.0,2629.0,0.0,0.0,0.0,
2017-08-03,2629.0,2629.0,2629.0,2629.0,0.0,0.0,0.0,
2017-08-04,2620.0,2620.0,2620.0,2620.0,0.0,0.0,0.0,
2017-08-07,2601.0,2601.0,2601.0,2601.0,0.0,0.0,0.0,
2017-08-08,2669.0,2669.0,2576.0,2577.550048828125,0.0,0.0,0.0,
2017-08-09,2576.0,2639.0,2576.0,2630.0,0.0,0.0,0.0,
2017-08-10,2674.0,2674.0,2672.60009765625,2672.60009765625,0.0,0.0,0.0,
2017-08-11,2650.0,2674.0,2650.0,2674.0,0.0,0.0,0.0,
2017-08-14,2652.0,2667.0,2618.0,2667.0,0.0,0.0,0.0,
2017-08-16,2650.0,2650.0,2613.0,2613.0,0.0,0.0,0.0,
2017-08-17,2680.0,2680.0,2650.0,2650.0,0.0,0.0,0.0,
2017-08-18,2600.0,2642.050048828125,2600.0,2641.14990234375,0.0,0.0,0.0,
2017-08-21,2602.0,2665.0,2602.0,2660.0,0.0,0.0,0.0,
2017-08-22,2627.0,2688.949951171875,2625.0,2688.75,0.0,0.0,0.0,
2017-08-23,2678.0,2678.0,2660.0,2660.0,0.0,0.0,0.0,
2017-08-24,2660.0,2660.0,2660.0,2660.0,0.0,0.0,0.0,
2017-08-28,2660.0,2700.0,2656.0,2656.0,0.0,0.0,0.0,
2017-08-29,2695.0,2748.550048828125,2695.0,2746.699951171875,0.0,0.0,0.0,
2017-08-30,2746.699951171875,2746.699951171875,2746.699951171875,2746.699951171875,0.0,0.0,0.0,
2017-08-31,2746.699951171875,2746.699951171875,2746.699951171875,2746.699951171875,0.0,0.0,0.0,
2017-09-01,2750.0,2750.10009765625,2750.0,2750.10009765625,0.0,0.0,0.0,
2017-09-04,2839.0,2839.0,2819.0,2819.0,0.0,0.0,0.0,
2017-09-05,2817.89990234375,2819.0,2781.0,2800.050048828125,0.0,0.0,0.0,
2017-09-06,2742.0,2875.0,2722.050048828125,2853.14990234375,0.0,0.0,0.0,
2017-09-07,2781.199951171875,2800.0,2781.0,2800.0,0.0,0.0,0.0,
2017-09-08,2766.050048828125,2800.0,2765.0,2800.0,0.0,0.0,0.0,
2017-09-11,2752.050048828125,2848.0,2752.0,2775.0,0.0,0.0,0.0,
2017-09-12,2752.0,2756.0,2750.0,2756.0,0.0,0.0,0.0,
2017-09-13,2756.0,2756.0,2752.10009765625,2752.10009765625,0.0,0.0,0.0,
2017-09-14,2750.0,2753.0,2750.0,2752.0,0.0,0.0,0.0,
2017-09-15,2747.0,2747.0,2731.0,2739.75,0.0,0.0,0.0,
2017-09-18,2703.199951171875,2739.0,2703.199951171875,2734.0,0.0,0.0,0.0,
2017-09-19,2730.0,2748.0,2730.0,2740.0,0.0,0.0,0.0,
2017-09-20,2740.0,2740.0,2730.10009765625,2730.10009765625,0.0,0.0,0.0,
2017-09-21,2730.199951171875,2730.199951171875,2730.0,2730.0,0.0,0.0,0.0,
2017-09-22,2730.0,2730.0,2714.0,2729.949951171875,0.0,0.0,0.0,
2017-09-25,2779.0,2779.0,2730.0,2730.0,0.0,0.0,0.0,
2017-09-26,2731.0,2777.050048828125,2723.0,2775.35009765625,0.0,0.0,0.0,
2017-09-27,2722.0,2775.35009765625,2722.0,2748.85009765625,0.0,0.0,0.0,
2017-09-28,2748.85009765625,2748.85009765625,2748.85009765625,2748.85009765625,0.0,0.0,0.0,
2017-09-29,2748.85009765625,2748.85009765625,2748.85009765625,2748.85009765625,0.0,0.0,0.0,
2017-10-03,2769.0,2769.0,2732.0,2732.0,0.0,0.0,0.0,
2017-10-04,2701.0,2719.0,2701.0,2719.0,0.0,0.0,0.0,
2017-10-05,2774.0,2774.0,2710.0,2710.0,0.0,0.0,0.0,
2017-10-06,2710.0,2710.0,2710.0,2710.0,0.0,0.0,0.0,
2017-10-09,2711.0,2741.050048828125,2703.0,2703.0,0.0,0.0,0.0,
2017-10-10,2725.0,2774.0,2712.199951171875,2712.199951171875,0.0,0.0,0.0,
2017-10-11,2749.0,2749.0,2749.0,2749.0,0.0,0.0,0.0,
2017-10-12,2740.0,2740.0,2740.0,2740.0,0.0,0.0,0.0,
2017-10-13,2774.89990234375,2774.89990234375,2717.050048828125,2735.0,0.0,0.0,0.0,
2017-10-16,2735.0,2740.550048828125,2735.0,2740.5,0.0,0.0,0.0,
2017-10-17,2773.85009765625,2988.0,2773.85009765625,2910.0,0.0,0.0,0.0,
2017-10-18,2887.0,2989.0,2836.0,2850.89990234375,0.0,0.0,0.0,
2017-10-19,2977.0,3226.60009765625,2903.14990234375,3226.60009765625,0.0,0.0,0.0,
2017-10-23,2999.0,3010.0,2633.0,2718.199951171875,0.0,0.0,0.0,
2017-10-24,2736.0,2750.0,2714.0,2714.0,0.0,0.0,0.0,
2017-10-25,2789.0,2789.0,2714.0,2714.0,0.0,0.0,0.0,
2017-10-26,2704.0,2715.0,2701.0,2715.0,0.0,0.0,0.0,
2017-10-27,2750.0,2750.0,2689.0,2689.0,0.0,0.0,0.0,
2017-10-30,2700.050048828125,2700.050048828125,2674.050048828125,2692.35009765625,0.0,0.0,0.0,
2017-10-31,2697.050048828125,2697.050048828125,2693.300048828125,2693.300048828125,0.0,0.0,0.0,
2017-11-01,2700.050048828125,2700.10009765625,2700.0,2700.10009765625,0.0,0.0,0.0,
2017-11-02,2717.0,2717.050048828125,2717.0,2717.0,0.0,0.0,0.0,
2017-11-03,2717.050048828125,2717.050048828125,2717.0,2717.0,0.0,0.0,0.0,
2017-11-06,2717.050048828125,2745.949951171875,2717.0,2717.10009765625,0.0,0.0,0.0,
2017-11-07,2671.050048828125,2739.0,2671.050048828125,2700.0,0.0,0.0,0.0,
2017-11-08,2717.0,2717.050048828125,2717.0,2717.0,0.0,0.0,0.0,
2017-11-09,2750.050048828125,2750.050048828125,2700.050048828125,2706.75,0.0,0.0,0.0,
2017-11-10,2749.0,2749.0,2701.0,2702.5,0.0,0.0,0.0,
2017-11-13,2739.0,2739.0,2687.0,2719.89990234375,0.0,0.0,0.0,
2017-11-14,2719.0,2719.050048828125,2686.0,2686.0,0.0,0.0,0.0,
2017-11-15,2701.050048828125,2724.050048828125,2690.0,2723.0,0.0,0.0,0.0,
2017-11-16,2715.0,2715.0,2715.0,2715.0,0.0,0.0,0.0,
2017-11-17,2670.0,2749.0,2670.0,2717.0,0.0,0.0,0.0,
2017-11-20,2702.0,2730.0,2702.0,2730.0,0.0,0.0,0.0,
2017-11-21,2701.050048828125,2720.0,2681.0,2720.0,0.0,0.0,0.0,
2017-11-22,2705.0,2720.0,2705.0,2720.0,0.0,0.0,0.0,
2017-11-23,2720.0,2921.89990234375,2717.0,2717.0,0.0,0.0,0.0,
2017-11-24,2700.0,2718.050048828125,2700.0,2717.699951171875,0.0,0.0,0.0,
2017-11-27,2798.0,2798.0,2706.0,2739.0,0.0,0.0,0.0,
2017-11-28,2687.0,2716.0,2668.0,2709.0,0.0,0.0,0.0,
2017-11-29,2701.050048828125,2701.050048828125,2700.0,2700.0,0.0,0.0,0.0,
2017-11-30,2700.050048828125,2700.050048828125,2699.949951171875,2700.0,0.0,0.0,0.0,
2017-12-01,2682.0,2682.0,2657.0,2678.85009765625,0.0,0.0,0.0,
2017-12-04,2661.10009765625,2675.0,2660.0,2675.0,0.0,0.0,0.0,
2017-12-05,2660.0,2680.050048828125,2660.0,2680.0,0.0,0.0,0.0,
2017-12-06,2650.300048828125,2669.0,2650.0,2663.300048828125,0.0,0.0,0.0,
2017-12-07,2724.0,2724.0,2654.949951171875,2665.0,0.0,0.0,0.0,
2017-12-08,2665.0,2665.0,2611.0,2622.699951171875,0.0,0.0,0.0,
2017-12-11,2723.949951171875,2723.949951171875,2650.0,2650.0,0.0,0.0,0.0,
2017-12-12,2611.0,2611.0,2601.0,2601.0,0.0,0.0,0.0,
2017-12-13,2601.0,2649.0,2562.0,2613.89990234375,0.0,0.0,0.0,
2017-12-14,2623.0,2666.949951171875,2615.0,2635.0,0.0,0.0,0.0,
2017-12-15,2611.0,2611.0,2600.0,2600.0,0.0,0.0,0.0,
2017-12-18,2600.0,2630.0,2600.0,2630.0,0.0,0.0,0.0,
2017-12-19,2650.0,2650.0,2616.0,2618.14990234375,0.0,0.0,0.0,
2017-12-20,2604.0,2620.050048828125,2600.0,2609.5,0.0,0.0,0.0,
2017-12-21,2644.0,2644.0,2604.0,2604.0,0.0,0.0,0.0,
2017-12-22,2607.0,2607.0,2607.0,2607.0,0.0,0.0,0.0,
2017-12-26,2724.949951171875,2724.949951171875,2600.5,2600.5,0.0,0.0,0.0,
2017-12-27,2718.85009765625,2756.0,2642.0,2674.85009765625,0.0,0.0,0.0,
2017-12-28,2661.0,2725.0,2660.0,2705.699951171875,0.0,0.0,0.0,
2017-12-29,2672.0,2689.0,2660.949951171875,2689.0,0.0,0.0,0.0,
2018-01-01,2689.0,2689.0,2689.0,2689.0,0.0,0.0,0.0,
2018-01-02,2689.0,2689.0,2689.0,2689.0,0.0,0.0,0.0,
2018-01-03,2692.0,2692.0,2689.0,2689.0,0.0,0.0,0.0,
2018-01-04,2663.050048828125,2699.0,2663.050048828125,2699.0,0.0,0.0,0.0,
2018-01-05,2699.0,2711.0,2691.0,2711.0,0.0,0.0,0.0,
2018-01-08,2691.0,2691.0,2689.0,2689.0,0.0,0.0,0.0,
2018-01-09,2693.0,2719.0,2693.0,2719.0,0.0,0.0,0.0,
2018-01-10,2715.0,2719.0,2701.0,2710.0,0.0,0.0,0.0,
2018-01-11,2700.0,2730.0,2700.0,2730.0,0.0,0.0,0.0,
2018-01-12,2714.14990234375,2716.0,2692.0,2714.85009765625,0.0,0.0,0.0,
2018-01-15,2716.050048828125,2788.949951171875,2716.0,2788.949951171875,0.0,0.0,0.0,
2018-01-16,2740.0,2789.949951171875,2740.0,2782.25,0.0,0.0,0.0,
2018-01-17,2732.0,2800.0,2732.0,2775.0,0.0,0.0,0.0,
2018-01-18,2760.0,2760.0,2760.0,2760.0,0.0,0.0,0.0,
2018-01-19,2750.0,2750.0,2727.0,2750.0,0.0,0.0,0.0,
2018-01-22,2745.0,2750.0,2731.0,2731.050048828125,0.0,0.0,0.0,
2018-01-23,2769.0,2769.0,2737.0,2737.0,0.0,0.0,0.0,
2018-01-24,2741.0,2742.0,2741.0,2742.0,0.0,0.0,0.0,
2018-01-25,2751.0,2818.0,2751.0,2767.5,0.0,0.0,0.0,
2018-01-29,2789.0,2789.0,2731.0,2731.0,0.0,0.0,0.0,
2018-01-30,2731.0,2732.0,2731.0,2732.0,0.0,0.0,0.0,
2018-01-31,2708.0,2729.25,2700.0,2705.0,0.0,0.0,0.0,
2018-02-01,2705.0,2750.0,2705.0,2750.0,0.0,0.0,0.0,
2018-02-02,2731.0,2789.0,2717.0,2761.0,0.0,0.0,0.0,
2018-02-05,2715.0,2789.0,2702.0,2775.0,0.0,0.0,0.0,
2018-02-06,2726.0,2800.0,2722.0,2798.300048828125,0.0,0.0,0.0,
2018-02-07,2753.0,2780.0,2741.0,2770.0,0.0,0.0,0.0,
2018-02-08,2706.0,2715.10009765625,2706.0,2715.0,0.0,0.0,0.0,
2018-02-09,2728.0,2728.0,2728.0,2728.0,0.0,0.0,0.0,
2018-02-12,2729.0,2819.949951171875,2729.0,2750.0,0.0,0.0,0.0,
2018-02-14,2711.0,2789.0,2705.0,2765.0,0.0,0.0,0.0,
2018-02-15,2766.0,2820.0,2766.0,2820.0,0.0,0.0,0.0,
2018-02-16,2824.25,2830.0,2824.25,2830.0,0.0,0.0,0.0,
2018-02-19,2830.0,2830.0,2830.0,2830.0,0.0,0.0,0.0,
2018-02-20,2830.0,2830.0,2830.0,2830.0,0.0,0.0,0.0,
2018-02-21,2771.0,2790.0,2767.0,2777.0,0.0,0.0,0.0,
2018-02-22,2751.10009765625,2798.0,2751.050048828125,2777.60009765625,0.0,0.0,0.0,
2018-02-23,2814.0,2814.0,2777.0,2778.050048828125,0.0,0.0,0.0,
2018-02-26,2828.0,2828.0,2800.0,2800.0,0.0,0.0,0.0,
2018-02-27,2800.0,2830.0,2800.0,2800.0,0.0,0.0,0.0,
2018-02-28,2765.0,2776.0,2765.0,2776.0,0.0,0.0,0.0,
2018-03-01,2751.0,2768.0,2750.0,2768.0,0.0,0.0,0.0,
2018-03-05,2800.0,2814.0,2800.0,2814.0,0.0,0.0,0.0,
2018-03-06,2790.0,2800.0,2773.35009765625,2800.0,0.0,0.0,0.0,
2018-03-07,2791.0,2830.050048828125,2791.0,2830.0,0.0,0.0,0.0,
2018-03-08,2781.0,2802.050048828125,2775.0,2800.0,0.0,0.0,0.0,
2018-03-09,2772.0,2799.0,2771.050048828125,2799.0,0.0,0.0,0.0,
2018-03-12,2850.0,2850.0,2772.0,2798.0,0.0,0.0,0.0,
2018-03-13,2810.0,2819.0,2781.0,2786.0,0.0,0.0,0.0,
2018-03-14,2774.0,2810.0,2774.0,2805.0,0.0,0.0,0.0,
2018-03-15,2805.0,2805.0,2805.0,2805.0,0.0,0.0,0.0,
2018-03-16,2742.0,2777.0,2742.0,2777.0,0.0,0.0,0.0,
2018-03-19,2760.0,2760.050048828125,2760.0,2760.0,0.0,0.0,0.0,
2018-03-20,2785.0,2785.0,2785.0,2785.0,0.0,0.0,0.0,
2018-03-21,2752.199951171875,2770.0,2752.199951171875,2770.0,0.0,0.0,0.0,
2018-03-22,2800.0,2800.0,2800.0,2800.0,0.0,0.0,0.0,
2018-03-23,2850.0,2850.0,2800.0,2825.0,0.0,0.0,0.0,
2018-03-26,2827.949951171875,2830.050048828125,2827.949951171875,2830.0,0.0,0.0,0.0,
2018-03-27,2850.0,2850.0,2850.0,2850.0,0.0,0.0,0.0,
2018-03-28,2801.0,2810.0,2801.0,2810.0,0.0,0.0,0.0,
2018-04-02,2810.0,2810.0,2800.0,2810.0,0.0,0.0,0.0,
2018-04-03,2810.0,2830.0,2810.0,2827.949951171875,0.0,0.0,0.0,
2018-04-04,2820.0,2838.0,2820.0,2838.0,0.0,0.0,0.0,
2018-04-05,2810.0,2810.050048828125,2786.0,2800.39990234375,0.0,0.0,0.0,
2018-04-06,2801.0,2801.0,2781.0,2781.0,0.0,0.0,0.0,
2018-04-09,2790.0,2810.0,2778.10009765625,2800.0,0.0,0.0,0.0,
2018-04-10,2834.0,2834.0,2800.0,2820.0,0.0,0.0,0.0,
2018-04-11,2801.0,2840.050048828125,2801.0,2835.0,0.0,0.0,0.0,
2018-04-12,2844.050048828125,2860.050048828125,2844.050048828125,2860.0,0.0,0.0,0.0,
2018-04-13,2821.0,2870.0,2801.050048828125,2870.0,0.0,0.0,0.0,
2018-04-16,2869.14990234375,2869.14990234375,2837.0,2837.0,0.0,0.0,0.0,
2018-04-17,2868.0,2869.0,2868.0,2868.60009765625,0.0,0.0,0.0,
2018-04-18,2875.0,2900.0,2853.0,2882.85009765625,0.0,0.0,0.0,
2018-04-19,2867.050048828125,2880.0,2866.050048828125,2877.35009765625,0.0,0.0,0.0,
2018-04-20,2869.0,2882.0,2842.0,2864.550048828125,0.0,0.0,0.0,
2018-04-23,2880.0,2880.0,2865.0,2865.0,0.0,0.0,0.0,
2018-04-24,2831.0,2850.0,2831.0,2850.0,0.0,0.0,0.0,
2018-04-25,2880.0,2896.0,2878.949951171875,2880.0,0.0,0.0,0.0,
2018-04-26,2842.0,2888.0,2842.0,2888.0,0.0,0.0,0.0,
2018-04-27,2887.949951171875,2887.949951171875,2831.0,2831.0,0.0,0.0,0.0,
2018-04-30,2830.0,2830.0,2822.0,2822.0,0.0,0.0,0.0,
2018-05-02,2830.0,2834.949951171875,2830.0,2830.0,0.0,0.0,0.0,
2018-05-03,2830.0,2830.0,2830.0,2830.0,0.0,0.0,0.0,
2018-05-04,2840.0,2840.0,2840.0,2840.0,0.0,0.0,0.0,
2018-05-07,2803.0,2886.949951171875,2803.0,2886.949951171875,0.0,0.0,0.0,
2018-05-08,2822.0,2849.0,2822.0,2849.0,0.0,0.0,0.0,
2018-05-09,2849.0,2855.0,2849.0,2855.0,0.0,0.0,0.0,
2018-05-10,2880.0,2901.0,2837.0,2881.550048828125,0.0,0.0,0.0,
2018-05-11,2852.0,2890.0,2852.0,2883.39990234375,0.0,0.0,0.0,
2018-05-14,2843.0,2851.0,2843.0,2851.0,0.0,0.0,0.0,
2018-05-15,2879.0,2901.0,2879.0,2880.0,0.0,0.0,0.0,
2018-05-16,2880.0,2880.0,2880.0,2880.0,0.0,0.0,0.0,
2018-05-17,2792.0,2792.0,2792.0,2792.0,0.0,0.0,0.0,
2018-05-18,2792.0,2792.0,2792.0,2792.0,0.0,0.0,0.0,
2018-05-21,2792.0,2792.0,2792.0,2792.0,0.0,0.0,0.0,
2018-05-22,2790.0,2793.0,2790.0,2791.10009765625,0.0,0.0,0.0,
2018-05-23,2879.0,2879.0,2782.0,2850.0,0.0,0.0,0.0,
2018-05-24,2821.0,2850.0,2817.0,2828.0,0.0,0.0,0.0,
2018-05-25,2819.0,2869.0,2819.0,2868.0,0.0,0.0,0.0,
2018-05-28,2898.0,2898.0,2821.0,2821.0,0.0,0.0,0.0,
2018-05-29,2783.0,2889.0,2783.0,2869.0,0.0,0.0,0.0,
2018-05-30,2812.0,2812.0,2812.0,2812.0,0.0,0.0,0.0,
2018-05-31,2812.0,2889.0,2812.0,2824.0,0.0,0.0,0.0,
2018-06-01,2864.0,2864.0,2802.0,2802.0,0.0,0.0,0.0,
2018-06-04,2802.0,2802.0,2802.0,2802.0,0.0,0.0,0.0,
2018-06-05,2802.0,2802.0,2802.0,2802.0,0.0,0.0,0.0,
2018-06-06,2802.0,2802.0,2802.0,2802.0,0.0,0.0,0.0,
2018-06-07,2802.0,2802.0,2782.0,2782.0,0.0,0.0,0.0,
2018-06-08,2788.0,2830.050048828125,2788.0,2830.0,0.0,0.0,0.0,
2018-06-11,2858.0,2858.0,2791.0,2825.89990234375,0.0,0.0,0.0,
2018-06-12,2802.0,2828.050048828125,2802.0,2825.0,0.0,0.0,0.0,
2018-06-13,2807.0,2807.0,2807.0,2807.0,0.0,0.0,0.0,
2018-06-14,2809.0,2825.0,2809.0,2820.0,0.0,0.0,0.0,
2018-06-15,2847.0,2850.0,2845.0,2850.0,0.0,0.0,0.0,
2018-06-18,2789.0,2800.14990234375,2789.0,2800.14990234375,0.0,0.0,0.0,
2018-06-19,2801.0,2835.050048828125,2801.0,2835.0,0.0,0.0,0.0,
2018-06-20,2835.0,2835.0,2835.0,2835.0,0.0,0.0,0.0,
2018-06-21,2764.0,2775.0,2764.0,2775.0,0.0,0.0,0.0,
2018-06-22,2762.0,2800.050048828125,2762.0,2800.0,0.0,0.0,0.0,
2018-06-25,2816.5,2816.5,2784.0,2816.5,0.0,0.0,0.0,
2018-06-26,2816.5,2816.5,2816.5,2816.5,0.0,0.0,0.0,
2018-06-27,2882.14990234375,2882.14990234375,2786.0,2800.5,0.0,0.0,0.0,
2018-06-28,2781.050048828125,2899.0,2781.0,2863.300048828125,0.0,0.0,0.0,
2018-06-29,2770.0,2857.89990234375,2770.0,2776.64990234375,0.0,0.0,0.0,
2018-07-02,2777.0,2777.0,2777.0,2777.0,0.0,0.0,0.0,
2018-07-03,2755.0,2755.14990234375,2755.0,2755.10009765625,0.0,0.0,0.0,
2018-07-04,2770.0,2800.050048828125,2762.0,2800.0,0.0,0.0,0.0,
2018-07-05,2800.0,2800.0,2800.0,2800.0,0.0,0.0,0.0,
2018-07-06,2894.0,2894.0,2800.0,2800.0,0.0,0.0,0.0,
2018-07-09,2800.0,2809.0,2781.050048828125,2809.0,0.0,0.0,0.0,
2018-07-10,2948.0,2955.0,2948.0,2955.0,0.0,0.0,0.0,
2018-07-11,2900.0,2900.0,2900.0,2900.0,0.0,0.0,0.0,
2018-07-12,2900.0,2900.0,2900.0,2900.0,0.0,0.0,0.0,
2018-07-13,2899.0,2900.0,2899.0,2900.0,0.0,0.0,0.0,
2018-07-16,2899.0,2899.0,2850.0,2890.0,0.0,0.0,0.0,
2018-07-17,2890.0,2890.0,2890.0,2890.0,0.0,0.0,0.0,
2018-07-18,2890.0,2890.0,2890.0,2890.0,0.0,0.0,0.0,
2018-07-19,2725.300048828125,2740.0,2725.300048828125,2731.85009765625,0.0,0.0,0.0,
2018-07-20,2732.050048828125,2840.0,2732.050048828125,2840.0,0.0,0.0,0.0,
2018-07-23,2993.0,3014.0,2765.0,2765.0,0.0,0.0,0.0,
2018-07-24,2765.0,2765.0,2765.0,2765.0,0.0,0.0,0.0,
2018-07-25,2737.050048828125,2847.949951171875,2731.0,2847.949951171875,0.0,0.0,0.0,
2018-07-26,2731.0,2740.0,2723.300048828125,2740.0,0.0,0.0,0.0,
2018-07-27,2750.0,2848.0,2712.0,2731.0,0.0,0.0,0.0,
2018-07-30,2819.0,2819.0,2752.0,2752.0,0.0,0.0,0.0,
2018-07-31,2703.10009765625,2725.0,2703.10009765625,2725.0,0.0,0.0,0.0,
2018-08-01,2788.0,2788.0,2722.0,2722.0,0.0,0.0,0.0,
2018-08-02,2730.0,2779.0,2701.0,2755.0,0.0,0.0,0.0,
2018-08-03,2705.0,2710.0,2700.0,2710.0,0.0,0.0,0.0,
2018-08-06,2788.0,2788.0,2788.0,2788.0,0.0,0.0,0.0,
2018-08-07,2769.0,2769.0,2701.10009765625,2719.800048828125,0.0,0.0,0.0,
2018-08-08,2702.10009765625,2720.0,2702.0,2703.85009765625,0.0,0.0,0.0,
2018-08-09,2703.85009765625,2703.85009765625,2703.85009765625,2703.85009765625,0.0,0.0,0.0,
2018-08-10,2779.0,2899.0,2691.0,2713.35009765625,0.0,0.0,0.0,
2018-08-13,2788.0,2788.0,2665.0,2724.0,0.0,0.0,0.0,
2018-08-14,2705.0,2705.0,2705.0,2705.0,0.0,0.0,0.0,
2018-08-16,2764.0,2764.0,2749.0,2749.0,0.0,0.0,0.0,
2018-08-17,2744.0,2744.0,2744.0,2744.0,0.0,0.0,0.0,
2018-08-20,2672.0,2699.0,2672.0,2682.75,0.0,0.0,0.0,
2018-08-21,2718.0,2718.0,2668.25,2696.89990234375,0.0,0.0,0.0,
2018-08-23,2763.0,2763.0,2699.0,2710.0,0.0,0.0,0.0,
2018-08-24,2682.89990234375,2714.0,2682.89990234375,2714.0,0.0,0.0,0.0,
2018-08-27,2788.0,2788.0,2745.0,2745.0,0.0,0.0,0.0,
2018-08-28,2712.0,2801.89990234375,2712.0,2801.89990234375,0.0,0.0,0.0,
2018-08-29,2745.0,2750.0,2745.0,2750.0,0.0,0.0,0.0,
2018-08-30,2818.949951171875,2818.949951171875,2755.0,2775.0,0.0,0.0,0.0,
2018-08-31,2752.0,2779.0,2752.0,2774.0,0.0,0.0,0.0,
2018-09-03,2774.0,2774.0,2721.0,2721.0,0.0,0.0,0.0,
2018-09-04,2771.0,2771.0,2771.0,2771.0,0.0,0.0,0.0,
2018-09-05,2771.0,2784.0,2771.0,2784.0,0.0,0.0,0.0,
2018-09-06,2784.0,2784.0,2784.0,2784.0,0.0,0.0,0.0,
2018-09-07,2766.0,2795.0,2742.0,2795.0,0.0,0.0,0.0,
2018-09-10,2964.89990234375,2964.89990234375,2801.0,2820.0,0.0,0.0,0.0,
2018-09-11,2825.0,2825.0,2785.0,2785.0,0.0,0.0,0.0,
2018-09-12,2805.0,2805.0,2805.0,2805.0,0.0,0.0,0.0,
2018-09-14,2777.0,2844.0,2777.0,2789.25,0.0,0.0,0.0,
2018-09-17,2838.949951171875,2838.949951171875,2838.949951171875,2838.949951171875,0.0,0.0,0.0,
2018-09-18,2787.0,2810.0,2785.0,2810.0,0.0,0.0,0.0,
2018-09-19,2809.0,2820.0,2809.0,2820.0,0.0,0.0,0.0,
2018-09-21,2783.0,2783.0,2783.0,2783.0,0.0,0.0,0.0,
2018-09-24,2834.0,2834.0,2834.0,2834.0,0.0,0.0,0.0,
2018-09-25,2834.0,2834.0,2834.0,2834.0,0.0,0.0,0.0,
2018-09-26,2834.0,2834.0,2834.0,2834.0,0.0,0.0,0.0,
2018-09-27,2820.0,2820.0,2800.0,2800.0,0.0,0.0,0.0,
2018-09-28,2785.0,2820.0,2772.0,2820.0,0.0,0.0,0.0,
2018-10-01,2795.0,2899.0,2795.0,2899.0,0.0,0.0,0.0,
2018-10-03,2874.89990234375,2874.89990234375,2840.0,2840.0,0.0,0.0,0.0,
2018-10-04,2787.050048828125,2839.0,2787.050048828125,2839.0,0.0,0.0,0.0,
2018-10-05,2839.0,2839.0,2839.0,2839.0,0.0,0.0,0.0,
2018-10-08,2839.0,2839.0,2801.0,2805.5,0.0,0.0,0.0,
2018-10-09,2839.0,2850.0,2781.0,2781.0,0.0,0.0,0.0,
2018-10-10,2887.0,3090.0,2860.0,2965.0,0.0,0.0,0.0,
2018-10-11,2827.0,2860.0,2827.0,2860.0,0.0,0.0,0.0,
2018-10-12,2835.0,2900.0,2835.0,2900.0,0.0,0.0,0.0,
2018-10-15,2950.0,2950.0,2901.0,2920.0,0.0,0.0,0.0,
2018-10-16,2949.949951171875,2950.0,2949.949951171875,2950.0,0.0,0.0,0.0,
2018-10-17,2900.0,2900.0,2900.0,2900.0,0.0,0.0,0.0,
2018-10-19,2900.0,2950.0,2900.0,2950.0,0.0,0.0,0.0,
2018-10-22,2855.0,2855.0,2855.0,2855.0,0.0,0.0,0.0,
2018-10-23,2949.0,2949.0,2861.0,2861.0,0.0,0.0,0.0,
2018-10-24,2861.0,2861.0,2861.0,2861.0,0.0,0.0,0.0,
2018-10-25,2870.0,2870.0,2866.0,2866.0,0.0,0.0,0.0,
2018-10-26,2845.0,2920.0,2845.0,2920.0,0.0,0.0,0.0,
2018-10-29,2855.0,2910.0,2855.0,2875.5,0.0,0.0,0.0,
2018-10-30,2870.0,2905.0,2870.0,2905.0,0.0,0.0,0.0,
2018-10-31,2909.0,2915.0,2909.0,2915.0,0.0,0.0,0.0,
2018-11-01,2875.050048828125,2875.050048828125,2875.050048828125,2875.050048828125,0.0,0.0,0.0,
2018-11-02,2881.0,2882.0,2875.10009765625,2875.10009765625,0.0,0.0,0.0,
2018-11-05,2915.0,2915.10009765625,2877.0,2915.0,0.0,0.0,0.0,
2018-11-06,2915.0,2915.0,2915.0,2915.0,0.0,0.0,0.0,
2018-11-07,2915.0,2915.0,2855.0,2875.0,0.0,0.0,0.0,
2018-11-09,2875.0,2875.0,2875.0,2875.0,0.0,0.0,0.0,
2018-11-12,2910.0,2910.0,2830.050048828125,2834.0,0.0,0.0,0.0,
2018-11-13,2834.0,2834.0,2834.0,2834.0,0.0,0.0,0.0,
2018-11-14,2840.0,2840.0,2840.0,2840.0,0.0,0.0,0.0,
2018-11-15,2894.949951171875,2894.949951171875,2894.949951171875,2894.949951171875,0.0,0.0,0.0,
2018-11-16,2788.0,2815.0,2788.0,2815.0,0.0,0.0,0.0,
2018-11-19,2815.0,2815.0,2815.0,2815.0,0.0,0.0,0.0,
2018-11-20,2791.0,2791.0,2791.0,2791.0,0.0,0.0,0.0,
2018-11-21,2780.0,2820.0,2780.0,2820.0,0.0,0.0,0.0,
2018-11-22,2791.800048828125,2830.0,2791.800048828125,2830.0,0.0,0.0,0.0,
2018-11-26,2830.0,2830.0,2830.0,2830.0,0.0,0.0,0.0,
2018-11-27,2773.0,2898.0,2773.0,2810.0,0.0,0.0,0.0,
2018-11-28,2810.0,2810.0,2810.0,2810.0,0.0,0.0,0.0,
2018-11-29,2765.050048828125,2789.949951171875,2616.60009765625,2776.64990234375,0.0,0.0,0.0,
2018-11-30,2748.89990234375,2770.0,2748.89990234375,2770.0,0.0,0.0,0.0,
2018-12-03,2800.0,2800.0,2800.0,2800.0,0.0,0.0,0.0,
2018-12-04,2761.0,2839.0,2761.0,2839.0,0.0,0.0,0.0,
2018-12-05,2839.0,2839.0,2820.0,2820.0,0.0,0.0,0.0,
2018-12-06,2835.0,2835.0,2835.0,2835.0,0.0,0.0,0.0,
2018-12-07,2797.0,2835.0,2797.0,2835.0,0.0,0.0,0.0,
2018-12-10,2914.949951171875,2914.949951171875,2880.0,2880.0,0.0,0.0,0.0,
2018-12-11,2852.0,2900.0,2852.0,2900.0,0.0,0.0,0.0,
2018-12-12,2900.0,2900.0,2880.0,2880.0,0.0,0.0,0.0,
2018-12-13,2880.0,2880.0,2880.0,2880.0,0.0,0.0,0.0,
2018-12-14,2832.0,2868.0,2832.0,2865.0,0.0,0.0,0.0,
2018-12-17,2915.0,2915.0,2915.0,2915.0,0.0,0.0,0.0,
2018-12-18,2815.0,2830.0,2815.0,2830.0,0.0,0.0,0.0,
2018-12-19,2790.0,2830.0,2790.0,2830.0,0.0,0.0,0.0,
2018-12-20,2790.0,2830.0,2790.0,2827.0,0.0,0.0,0.0,
2018-12-21,2811.0,2860.0,2811.0,2860.0,0.0,0.0,0.0,
2018-12-24,2860.0,2860.0,2850.0,2850.0,0.0,0.0,0.0,
2018-12-26,2812.0,2875.0,2812.0,2875.0,0.0,0.0,0.0,
2018-12-27,2899.0,2899.0,2885.0,2885.0,0.0,0.0,0.0,
2018-12-28,2875.0,2890.0,2846.0,2890.0,0.0,0.0,0.0,
2018-12-31,2875.0,2875.0,2875.0,2875.0,0.0,0.0,0.0,
2019-01-01,2900.0,2900.0,2840.0,2880.0,0.0,0.0,0.0,
2019-01-02,2880.0,2910.0,2880.0,2900.0,0.0,0.0,0.0,
2019-01-03,2900.0,2925.0,2900.0,2925.0,0.0,0.0,0.0,
2019-01-04,2915.0,2915.0,2915.0,2915.0,0.0,0.0,0.0,
2019-01-07,2885.0,2900.0,2885.0,2897.949951171875,0.0,0.0,0.0,
2019-01-08,2900.0,2905.0,2900.0,2905.0,0.0,0.0,0.0,
2019-01-09,2900.0,2900.0,2900.0,2900.0,0.0,0.0,0.0,
2019-01-10,2910.0,2950.0,2910.0,2940.0,0.0,0.0,0.0,
2019-01-11,2893.0,2940.0,2893.0,2940.0,0.0,0.0,0.0,
2019-01-14,2914.0,2950.0,2882.0,2950.0,0.0,0.0,0.0,
2019-01-15,2950.0,2950.0,2950.0,2950.0,0.0,0.0,0.0,
2019-01-16,2920.0,2955.0,2920.0,2955.0,0.0,0.0,0.0,
2019-01-17,2960.0,2960.0,2960.0,2960.0,0.0,0.0,0.0,
2019-01-18,2960.0,2960.0,2950.0,2950.0,0.0,0.0,0.0,
2019-01-21,2920.0,2950.0,2881.0,2884.60009765625,0.0,0.0,0.0,
2019-01-22,2900.0,2954.949951171875,2900.0,2954.949951171875,0.0,0.0,0.0,
2019-01-23,2912.0,2912.0,2912.0,2912.0,0.0,0.0,0.0,
2019-01-24,2913.0,2939.0,2913.0,2939.0,0.0,0.0,0.0,
2019-01-25,2882.0,2949.0,2882.0,2949.0,0.0,0.0,0.0,
2019-01-28,2939.0,2974.0,2930.0,2935.0,0.0,0.0,0.0,
2019-01-29,2935.0,2968.0,2935.0,2968.0,0.0,0.0,0.0,
2019-01-30,2975.0,2975.0,2951.0,2951.0,0.0,0.0,0.0,
2019-01-31,2951.0,2951.0,2951.0,2951.0,0.0,0.0,0.0,
2019-02-01,2999.0,3000.0,2955.0,3000.0,0.0,0.0,0.0,
2019-02-04,3026.60009765625,3030.050048828125,3026.60009765625,3030.0,0.0,0.0,0.0,
2019-02-05,3030.0,3030.0,3030.0,3030.0,0.0,0.0,0.0,
2019-02-06,3030.0,3030.0,3030.0,3030.0,0.0,0.0,0.0,
2019-02-07,3030.0,3030.0,3030.0,3030.0,0.0,0.0,0.0,
2019-02-08,3030.0,3030.0,3030.0,3030.0,0.0,0.0,0.0,
2019-02-11,2945.0,3019.0,2945.0,3011.0,0.0,0.0,0.0,
2019-02-12,3011.0,3011.0,3011.0,3011.0,0.0,0.0,0.0,
2019-02-14,2980.0,2980.0,2980.0,2980.0,0.0,0.0,0.0,
2019-02-15,2972.0,3039.0,2972.0,3034.0,0.0,0.0,0.0,
2019-02-18,3045.0,3045.0,3045.0,3045.0,0.0,0.0,0.0,
2019-02-19,3055.0,3055.0,3055.0,3055.0,0.0,0.0,0.0,
2019-02-20,3051.0,3075.0,3051.0,3075.0,0.0,0.0,0.0,
2019-02-21,3005.0,3070.0,3005.0,3050.0,0.0,0.0,0.0,
2019-02-22,3005.050048828125,3045.0,3005.050048828125,3045.0,0.0,0.0,0.0,
2019-02-25,3015.0,3049.949951171875,3015.0,3042.0,0.0,0.0,0.0,
2019-02-26,3015.0,3017.0,3015.0,3017.0,0.0,0.0,0.0,
2019-02-27,3049.0,3050.0,3049.0,3050.0,0.0,0.0,0.0,
2019-02-28,3050.0,3050.0,3050.0,3050.0,0.0,0.0,0.0,
2019-03-01,2981.0,3000.0,2941.10009765625,3000.0,0.0,0.0,0.0,
2019-03-05,2950.0,2950.0,2950.0,2950.0,0.0,0.0,0.0,
2019-03-06,2938.0,2938.0,2938.0,2938.0,0.0,0.0,0.0,
2019-03-07,2935.0,2935.0,2880.0,2915.550048828125,0.0,0.0,0.0,
2019-03-08,2920.0,3150.0,2920.0,3116.0,0.0,0.0,0.0,
2019-03-11,3099.0,3116.0,2897.10009765625,2897.10009765625,0.0,0.0,0.0,
2019-03-12,2903.300048828125,2903.300048828125,2903.300048828125,2903.300048828125,0.0,0.0,0.0,
2019-03-13,2903.300048828125,2903.300048828125,2903.300048828125,2903.300048828125,0.0,0.0,0.0,
2019-03-14,2904.0,2910.0,2904.0,2910.0,0.0,0.0,0.0,
2019-03-15,2999.0,2999.0,2891.0,2891.0,0.0,0.0,0.0,
2019-03-18,2891.0,2910.0,2860.699951171875,2861.199951171875,0.0,0.0,0.0,
2019-03-19,2873.0,3039.0,2873.0,2875.0,0.0,0.0,0.0,
2019-03-20,2862.0,2888.0,2862.0,2888.0,0.0,0.0,0.0,
2019-03-22,2863.0,2915.0,2863.0,2915.0,0.0,0.0,0.0,
2019-03-25,2887.0,2920.0,2887.0,2920.0,0.0,0.0,0.0,
2019-03-26,2881.0,2920.0,2881.0,2920.0,0.0,0.0,0.0,
2019-03-27,3099.949951171875,3099.949951171875,2900.0,2900.0,0.0,0.0,0.0,
2019-03-28,2900.0,2900.0,2900.0,2900.0,0.0,0.0,0.0,
2019-04-01,2857.0,2890.0,2857.0,2890.0,0.0,0.0,0.0,
2019-04-02,2890.0,2890.0,2890.0,2890.0,0.0,0.0,0.0,
2019-04-03,2837.0,2884.0,2837.0,2884.0,0.0,0.0,0.0,
2019-04-04,2884.0,2884.0,2884.0,2884.0,0.0,0.0,0.0,
2019-04-05,2884.0,2884.0,2884.0,2884.0,0.0,0.0,0.0,
2019-04-08,2998.0,2998.0,2866.0,2905.0,0.0,0.0,0.0,
2019-04-09,2871.0,2997.0,2871.0,2921.60009765625,0.0,0.0,0.0,
2019-04-10,2990.0,2990.0,2990.0,2990.0,0.0,0.0,0.0,
2019-04-11,2990.0,2990.0,2990.0,2990.0,0.0,0.0,0.0,
2019-04-12,2841.25,2852.0,2841.25,2851.5,0.0,0.0,0.0,
2019-04-15,2851.0,2969.0,2851.0,2969.0,0.0,0.0,0.0,
2019-04-16,2875.0,2875.0,2848.0,2855.0,0.0,0.0,0.0,
2019-04-18,2955.0,2955.0,2955.0,2955.0,0.0,0.0,0.0,
2019-04-22,2841.0,2846.0,2841.0,2846.0,0.0,0.0,0.0,
2019-04-23,2846.0,2846.0,2846.0,2846.0,0.0,0.0,0.0,
2019-04-24,2846.0,2846.0,2846.0,2846.0,0.0,0.0,0.0,
2019-04-25,2977.0,2977.0,2861.0,2867.0,0.0,0.0,0.0,
2019-04-26,2969.0,2969.0,2861.0,2900.0,0.0,0.0,0.0,
2019-04-30,3045.0,3045.0,2811.25,2877.25,0.0,0.0,0.0,
2019-05-02,2839.0,2839.0,2800.0,2825.0,0.0,0.0,0.0,
2019-05-03,2826.0,2826.0,2826.0,2826.0,0.0,0.0,0.0,
2019-05-06,2841.0,2860.0,2825.0,2859.699951171875,0.0,0.0,0.0,
2019-05-07,2994.0,2994.0,2890.0,2898.35009765625,0.0,0.0,0.0,
2019-05-08,2900.0,2900.0,2900.0,2900.0,0.0,0.0,0.0,
2019-05-09,2900.0,2900.0,2900.0,2900.0,0.0,0.0,0.0,
2019-05-10,2924.949951171875,2924.949951171875,2850.0,2899.0,0.0,0.0,0.0,
2019-05-13,2852.0,2898.949951171875,2852.0,2898.949951171875,0.0,0.0,0.0,
2019-05-14,2920.0,2921.0,2920.0,2921.0,0.0,0.0,0.0,
2019-05-15,2974.0,2974.0,2880.0,2921.10009765625,0.0,0.0,0.0,
2019-05-16,2933.0,2934.050048828125,2933.0,2934.0,0.0,0.0,0.0,
2019-05-17,2955.0,2955.0,2955.0,2955.0,0.0,0.0,0.0,
2019-05-20,2954.0,2954.0,2852.0,2852.0,0.0,0.0,0.0,
2019-05-21,2852.0,2852.0,2852.0,2852.0,0.0,0.0,0.0,
2019-05-22,2855.050048828125,2855.050048828125,2852.0,2852.0,0.0,0.0,0.0,
2019-05-23,2974.0,2974.0,2852.0,2852.0,0.0,0.0,0.0,
2019-05-24,2857.0,2890.0,2857.0,2890.0,0.0,0.0,0.0,
2019-05-27,3069.0,3069.0,2872.0,2920.5,0.0,0.0,0.0,
2019-05-28,2893.0,2893.0,2893.0,2893.0,0.0,0.0,0.0,
2019-05-29,2895.0,2949.0,2895.0,2895.0,0.0,0.0,0.0,
2019-05-30,2855.0,2861.0,2855.0,2861.0,0.0,0.0,0.0,
2019-05-31,2910.0,2915.0,2900.0,2912.949951171875,0.0,0.0,0.0,
2019-06-03,2940.0,2940.0,2940.0,2940.0,0.0,0.0,0.0,
2019-06-04,2940.0,2940.0,2940.0,2940.0,0.0,0.0,0.0,
2019-06-06,2913.300048828125,3058.0,2913.0,2960.0,0.0,0.0,0.0,
2019-06-07,2960.0,2960.0,2960.0,2960.0,0.0,0.0,0.0,
2019-06-10,2960.0,3350.0,2955.050048828125,2979.949951171875,0.0,0.0,0.0,
2019-06-11,2912.89990234375,2940.0,2912.89990234375,2940.0,0.0,0.0,0.0,
2019-06-12,2875.050048828125,2960.0,2875.050048828125,2960.0,0.0,0.0,0.0,
2019-06-13,2960.0,2960.0,2960.0,2960.0,0.0,0.0,0.0,
2019-06-14,2960.0,3000.0,2960.0,2991.25,0.0,0.0,0.0,
2019-06-17,2933.10009765625,2991.25,2933.10009765625,2980.0,0.0,0.0,0.0,
2019-06-18,2990.0,2990.0,2971.10009765625,2976.5,0.0,0.0,0.0,
2019-06-19,2962.0,2975.0,2962.0,2975.0,0.0,0.0,0.0,
2019-06-20,3055.0,3055.0,3045.0,3045.0,0.0,0.0,0.0,
2019-06-21,3100.0,3100.0,3100.0,3100.0,0.0,0.0,0.0,
2019-06-24,3100.0,3100.0,3100.0,3100.0,0.0,0.0,0.0,
2019-06-25,3056.0,3120.0,3056.0,3072.0,0.0,0.0,0.0,
2019-06-26,3070.0,3070.0,3070.0,3070.0,0.0,0.0,0.0,
2019-06-27,3070.0,3139.0,3070.0,3070.0,0.0,0.0,0.0,
2019-06-28,3070.0,3070.0,3070.0,3070.0,0.0,0.0,0.0,
2019-07-01,2991.050048828125,3034.0,2991.050048828125,3034.0,0.0,0.0,0.0,
2019-07-02,2992.300048828125,3038.0,2992.300048828125,3038.0,0.0,0.0,0.0,
2019-07-03,3050.0,3199.949951171875,3050.0,3199.949951171875,0.0,0.0,0.0,
2019-07-04,3199.0,3199.0,3017.25,3100.0,0.0,0.0,0.0,
2019-07-05,3011.050048828125,3100.0,3011.050048828125,3100.0,0.0,0.0,0.0,
2019-07-08,3100.0,3100.0,3100.0,3100.0,0.0,0.0,0.0,
2019-07-09,3098.949951171875,3214.0,3098.949951171875,3213.0,0.0,0.0,0.0,
2019-07-10,3215.0,3215.0,3052.0,3084.699951171875,0.0,0.0,0.0,
2019-07-11,3087.050048828125,3140.0,3087.050048828125,3140.0,0.0,0.0,0.0,
2019-07-12,3140.0,3140.0,3140.0,3140.0,0.0,0.0,0.0,
2019-07-15,3160.0,3160.0,3092.10009765625,3092.10009765625,0.0,0.0,0.0,
2019-07-16,3055.050048828125,3160.0,3055.050048828125,3159.25,0.0,0.0,0.0,
2019-07-17,3159.25,3159.25,3159.25,3159.25,0.0,0.0,0.0,
2019-07-18,3165.0,3165.0,3165.0,3165.0,0.0,0.0,0.0,
2019-07-19,3200.0,3216.0,3157.0,3187.0,0.0,0.0,0.0,
2019-07-22,3199.949951171875,3200.0,3142.0,3142.0,0.0,0.0,0.0,
2019-07-23,3142.0,3151.0,3142.0,3151.0,0.0,0.0,0.0,
2019-07-24,3187.0,3187.0,3082.0,3160.0,0.0,0.0,0.0,
2019-07-25,3131.050048828125,3198.0,3130.0,3198.0,0.0,0.0,0.0,
2019-07-26,3126.0,3169.0,3100.0,3169.0,0.0,0.0,0.0,
2019-07-29,3250.0,3250.0,3200.0,3200.0,0.0,0.0,0.0,
2019-07-30,3116.10009765625,3121.050048828125,3116.10009765625,3121.050048828125,0.0,0.0,0.0,
2019-07-31,3095.0,3095.0,3095.0,3095.0,0.0,0.0,0.0,
2019-08-01,3095.0,3195.0,3083.050048828125,3130.0,0.0,0.0,0.0,
2019-08-02,3185.0,3250.0,3172.0,3178.0,0.0,0.0,0.0,
2019-08-05,3250.0,3479.949951171875,3227.050048828125,3260.0,0.0,0.0,0.0,
2019-08-06,3474.0,3474.0,3260.0,3280.0,0.0,0.0,0.0,
2019-08-07,3316.0,3340.0,3265.0,3315.39990234375,0.0,0.0,0.0,
2019-08-08,3422.0,3422.0,3292.0,3292.0,0.0,0.0,0.0,
2019-08-09,3290.0,3389.949951171875,3290.0,3313.39990234375,0.0,0.0,0.0,
2019-08-13,3400.0,3444.0,3400.0,3415.0,0.0,0.0,0.0,
2019-08-14,3302.0,3396.0,3262.0,3380.0,0.0,0.0,0.0,
2019-08-16,3450.0,3450.0,3366.0,3384.949951171875,0.0,0.0,0.0,
2019-08-19,3419.0,3419.0,3352.0,3405.0,0.0,0.0,0.0,
2019-08-20,3363.0,3430.0,3363.0,3430.0,0.0,0.0,0.0,
2019-08-21,3430.0,3450.0,3377.0,3410.0,0.0,0.0,0.0,
2019-08-22,3449.0,3449.0,3381.0,3381.0,0.0,0.0,0.0,
2019-08-23,3465.0,3465.0,3377.0,3387.10009765625,0.0,0.0,0.0,
2019-08-26,3470.0,3523.949951171875,3451.050048828125,3502.0,0.0,0.0,0.0,
2019-08-27,3500.0,3524.0,3434.0,3519.0,0.0,0.0,0.0,
2019-08-28,3457.0,3600.0,3457.0,3550.0,0.0,0.0,0.0,
2019-08-29,3549.0,3550.0,3477.050048828125,3492.0,0.0,0.0,0.0,
2019-08-30,3566.0,4193.2998046875,3442.0,3462.75,0.0,0.0,0.0,
2019-09-03,3588.0,3588.0,3461.0,3529.0,0.0,0.0,0.0,
2019-09-04,3550.10009765625,3550.10009765625,3522.0,3546.949951171875,0.0,0.0,0.0,
2019-09-05,3550.10009765625,3570.0,3550.0,3570.0,0.0,0.0,0.0,
2019-09-06,3550.0,3550.0,3450.10009765625,3475.0,0.0,0.0,0.0,
2019-09-09,3580.0,3580.0,3470.0,3470.0,0.0,0.0,0.0,
2019-09-11,3470.0,3593.949951171875,3426.050048828125,3468.0,0.0,0.0,0.0,
2019-09-12,3449.0,3449.0,3371.0,3394.300048828125,0.0,0.0,0.0,
2019-09-13,3380.0,3550.0,3362.0,3400.0,0.0,0.0,0.0,
2019-09-16,3403.0,3548.0,3403.0,3415.0,0.0,0.0,0.0,
2019-09-17,3449.0,3489.0,3412.0,3440.0,0.0,0.0,0.0,
2019-09-18,3393.0,3405.0,3371.0,3405.0,0.0,0.0,0.0,
2019-09-19,3405.0,3405.0,3405.0,3405.0,0.0,0.0,0.0,
2019-09-20,3366.0,3390.0,3366.0,3390.0,0.0,0.0,0.0,
2019-09-23,3375.0,3420.0,3375.0,3383.0,0.0,0.0,0.0,
2019-09-24,3410.0,3569.0,3410.0,3425.0,0.0,0.0,0.0,
2019-09-25,3412.0,3421.0,3412.0,3421.0,0.0,0.0,0.0,
2019-09-26,3361.10009765625,3415.0,3361.10009765625,3395.35009765625,0.0,0.0,0.0,
2019-09-27,3439.0,3439.0,3383.10009765625,3400.0,0.0,0.0,0.0,
2019-09-30,3400.0,3400.0,3400.0,3400.0,0.0,0.0,0.0,
2019-10-01,3350.0,3369.0,3322.0,3364.0,0.0,0.0,0.0,
2019-10-03,3401.0,3445.0,3401.0,3445.0,0.0,0.0,0.0,
2019-10-04,3416.0,3494.949951171875,3416.0,3445.0,0.0,0.0,0.0,
2019-10-07,3494.0,3494.0,3432.0,3483.699951171875,0.0,0.0,0.0,
2019-10-09,3518.0,3518.0,3447.0,3448.0,0.0,0.0,0.0,
2019-10-10,3518.0,3518.0,3455.0,3455.0,0.0,0.0,0.0,
2019-10-11,3494.949951171875,3494.949951171875,3494.949951171875,3494.949951171875,0.0,0.0,0.0,
2019-10-14,3494.0,3494.0,3455.0,3494.0,0.0,0.0,0.0,
2019-10-15,3538.0,3538.0,3538.0,3538.0,0.0,0.0,0.0,
2019-10-16,3480.0,3480.0,3480.0,3480.0,0.0,0.0,0.0,
2019-10-17,3462.0,3535.0,3462.0,3535.0,0.0,0.0,0.0,
2019-10-18,3461.0,3525.0,3461.0,3525.0,0.0,0.0,0.0,
2019-10-22,3452.0,3465.0,3437.0,3465.0,0.0,0.0,0.0,
2019-10-23,3460.0,3490.0,3460.0,3490.0,0.0,0.0,0.0,
2019-10-24,3410.0,3445.25,3410.0,3445.050048828125,0.0,0.0,0.0,
2019-10-25,3400.0,3545.0,3400.0,3512.25,0.0,0.0,0.0,
2019-10-27,3520.0,3569.0,3401.0,3444.39990234375,0.0,0.0,0.0,
2019-10-29,3445.0,3484.0,3445.0,3484.0,0.0,0.0,0.0,
2019-10-30,3441.0,3460.0,3441.0,3460.0,0.0,0.0,0.0,
2019-10-31,3484.0,3535.0,3450.0,3484.300048828125,0.0,0.0,0.0,
2019-11-01,3549.0,3549.0,3485.10009765625,3524.949951171875,0.0,0.0,0.0,
2019-11-04,3520.0,3520.0,3515.0,3515.0,0.0,0.0,0.0,
2019-11-05,3515.0,3515.0,3515.0,3515.0,0.0,0.0,0.0,
2019-11-06,3545.0,3545.0,3499.949951171875,3499.949951171875,0.0,0.0,0.0,
2019-11-07,3499.949951171875,3499.949951171875,3499.949951171875,3499.949951171875,0.0,0.0,0.0,
2019-11-08,3499.949951171875,3499.949951171875,3411.0,3445.14990234375,0.0,0.0,0.0,
2019-11-11,3495.0,3515.0,3428.0,3515.0,0.0,0.0,0.0,
2019-11-13,3431.0,3431.0,3431.0,3431.0,0.0,0.0,0.0,
2019-11-14,3431.0,3431.0,3431.0,3431.0,0.0,0.0,0.0,
2019-11-15,3539.0,3539.0,3478.0,3478.0,0.0,0.0,0.0,
2019-11-18,3430.0,3430.0,3430.0,3430.0,0.0,0.0,0.0,
2019-11-19,3452.0,3452.0,3445.0,3450.0,0.0,0.0,0.0,
2019-11-20,3460.0,3475.0,3460.0,3475.0,0.0,0.0,0.0,
2019-11-21,3436.60009765625,3470.0,3436.60009765625,3469.0,0.0,0.0,0.0,
2019-11-22,3469.0,3469.0,3469.0,3469.0,0.0,0.0,0.0,
2019-11-25,3416.0,3425.0,3416.0,3425.0,0.0,0.0,0.0,
2019-11-26,3409.39990234375,3421.0,3409.35009765625,3421.0,0.0,0.0,0.0,
2019-11-27,3421.0,3421.0,3421.0,3421.0,0.0,0.0,0.0,
2019-11-28,3448.0,3448.0,3411.0,3436.550048828125,0.0,0.0,0.0,
2019-11-29,3435.0,3435.0,3435.0,3435.0,0.0,0.0,0.0,
2019-12-02,3435.0,3435.0,3435.0,3435.0,0.0,0.0,0.0,
2019-12-03,3435.0,3435.0,3435.0,3435.0,0.0,0.0,0.0,
2019-12-04,3417.0,3500.0,3417.0,3500.0,0.0,0.0,0.0,
2019-12-05,3589.0,3589.0,3427.0,3461.800048828125,0.0,0.0,0.0,
2019-12-06,3461.800048828125,3461.800048828125,3461.800048828125,3461.800048828125,0.0,0.0,0.0,
2019-12-09,3450.0,3497.800048828125,3404.300048828125,3404.60009765625,0.0,0.0,0.0,
2019-12-10,3499.89990234375,3499.949951171875,3411.0,3411.0,0.0,0.0,0.0,
2019-12-11,3412.0,3412.0,3412.0,3412.0,0.0,0.0,0.0,
2019-12-12,3406.35009765625,3450.0,3406.35009765625,3450.0,0.0,0.0,0.0,
2019-12-13,3449.89990234375,3449.89990234375,3449.89990234375,3449.89990234375,0.0,0.0,0.0,
2019-12-16,3445.800048828125,3445.800048828125,3440.0,3440.0,0.0,0.0,0.0,
2019-12-17,3440.0,3450.0,3440.0,3450.0,0.0,0.0,0.0,
2019-12-18,3450.0,3450.0,3450.0,3450.0,0.0,0.0,0.0,
2019-12-19,3440.0,3440.0,3440.0,3440.0,0.0,0.0,0.0,
2019-12-20,3440.0,3440.0,3440.0,3440.0,0.0,0.0,0.0,
2019-12-23,3450.0,3450.0,3450.0,3450.0,0.0,0.0,0.0,
2019-12-24,3450.0,3450.0,3450.0,3450.0,0.0,0.0,0.0,
2019-12-26,3570.0,3570.0,3521.0,3568.5,0.0,0.0,0.0,
2019-12-27,3568.0,3568.5,3568.0,3568.35009765625,0.0,0.0,0.0,
2019-12-30,3568.35009765625,3568.35009765625,3568.35009765625,3568.35009765625,0.0,0.0,0.0,
2019-12-31,3505.0,3549.0,3505.0,3520.050048828125,0.0,0.0,0.0,
2020-01-01,3520.0,3520.0,3520.0,3520.0,0.0,0.0,0.0,
2020-01-02,3500.0,3541.0,3500.0,3541.0,0.0,0.0,0.0,
2020-01-03,3574.0,3645.0,3574.0,3616.0,0.0,0.0,0.0,
2020-01-06,3715.0,3763.949951171875,3715.0,3715.0,0.0,0.0,0.0,
2020-01-07,3674.0,3675.0,3674.0,3675.0,0.0,0.0,0.0,
2020-01-08,3756.0,3810.0,3709.0,3725.0,0.0,0.0,0.0,
2020-01-09,3665.0,3665.0,3665.0,3665.0,0.0,0.0,0.0,
2020-01-10,3795.0,3795.0,3624.949951171875,3624.949951171875,0.0,0.0,0.0,
2020-01-13,3600.0,3601.0,3600.0,3601.0,0.0,0.0,0.0,
2020-01-14,3540.0,3575.0,3540.0,3565.14990234375,0.0,0.0,0.0,
2020-01-15,3565.14990234375,3719.89990234375,3565.14990234375,3719.89990234375,0.0,0.0,0.0,
2020-01-16,3625.0,3625.0,3600.0,3600.0,0.0,0.0,0.0,
2020-01-17,3600.0,3600.0,3600.0,3600.0,0.0,0.0,0.0,
2020-01-20,3601.5,3700.0,3601.5,3700.0,0.0,0.0,0.0,
2020-01-21,3700.0,3700.0,3651.0,3665.0,0.0,0.0,0.0,
2020-01-22,3610.050048828125,3720.0,3610.050048828125,3720.0,0.0,0.0,0.0,
2020-01-23,3611.0,3717.0,3611.0,3717.0,0.0,0.0,0.0,
2020-01-24,3635.050048828125,3635.10009765625,3630.0,3632.800048828125,0.0,0.0,0.0,
2020-01-27,3720.0,3720.0,3714.949951171875,3714.949951171875,0.0,0.0,0.0,
2020-01-28,3714.949951171875,3714.949951171875,3714.949951171875,3714.949951171875,0.0,0.0,0.0,
2020-01-29,3714.949951171875,3714.949951171875,3714.949951171875,3714.949951171875,0.0,0.0,0.0,
2020-01-30,3714.0,3714.0,3680.0,3680.0,0.0,0.0,0.0,
2020-01-31,3680.0,3680.0,3680.0,3680.0,0.0,0.0,0.0,
2020-02-03,3661.0,3773.0,3661.0,3731.64990234375,0.0,0.0,0.0,
2020-02-04,3731.64990234375,3731.64990234375,3731.64990234375,3731.64990234375,0.0,0.0,0.0,
2020-02-05,3680.0,3680.0,3680.0,3680.0,0.0,0.0,0.0,
2020-02-06,3670.0,3690.0,3645.0,3645.0,0.0,0.0,0.0,
2020-02-07,3708.0,3708.0,3645.0,3645.0,0.0,0.0,0.0,
2020-02-10,3764.0,3764.0,3655.0,3655.0,0.0,0.0,0.0,
2020-02-11,3655.0,3655.0,3655.0,3655.0,0.0,0.0,0.0,
2020-02-12,3685.0,3685.0,3670.0,3670.0,0.0,0.0,0.0,
2020-02-13,3670.0,3700.0,3668.0,3678.0,0.0,0.0,0.0,
2020-02-14,3678.0,3690.0,3674.0,3680.0,0.0,0.0,0.0,
2020-02-17,3680.0,3749.0,3680.0,3709.949951171875,0.0,0.0,0.0,
2020-02-18,3710.0,3710.0,3710.0,3710.0,0.0,0.0,0.0,
2020-02-19,3769.0,3780.0,3769.0,3780.0,0.0,0.0,0.0,
2020-02-20,3780.0,3790.0,3705.0,3790.0,0.0,0.0,0.0,
2020-02-24,3802.0,4184.0,3802.0,4000.0,0.0,0.0,0.0,
2020-02-25,4000.0,4100.0,3850.0,4000.0,0.0,0.0,0.0,
2020-02-26,3861.0,4079.0,3802.0,3945.0,0.0,0.0,0.0,
2020-02-27,3867.0,3899.0,3867.0,3899.0,0.0,0.0,0.0,
2020-02-28,4100.0,4100.0,3850.0,3850.0,0.0,0.0,0.0,
2020-03-02,3948.0,3948.0,3815.0,3815.0,0.0,0.0,0.0,
2020-03-03,3900.0,3900.0,3825.0,3825.0,0.0,0.0,0.0,
2020-03-04,3900.0,3975.0,3850.0,3975.0,0.0,0.0,0.0,
2020-03-05,4075.0,4075.0,4059.949951171875,4059.949951171875,0.0,0.0,0.0,
2020-03-06,4125.0,4165.9501953125,3912.0,4047.550048828125,0.0,0.0,0.0,
2020-03-09,4100.0,4114.0,3901.0,3922.550048828125,0.0,0.0,0.0,
2020-03-11,4055.0,4065.949951171875,3905.0,3980.0,0.0,0.0,0.0,
2020-03-12,3980.0,4049.949951171875,3943.449951171875,4049.0,0.0,0.0,0.0,
2020-03-13,4049.0,4049.0,3765.0,4035.0,0.0,0.0,0.0,
2020-03-16,4065.0,4065.0,3900.64990234375,3901.0,0.0,0.0,0.0,
2020-03-17,3901.0,3978.0,3838.699951171875,3838.699951171875,0.0,0.0,0.0,
2020-03-18,3750.0,3750.0,3411.0,3610.0,0.0,0.0,0.0,
2020-03-19,3588.699951171875,3840.0,3501.050048828125,3745.0,0.0,0.0,0.0,
2020-03-20,3700.0,3739.0,3605.0,3739.0,0.0,0.0,0.0,
2020-03-23,3739.0,4300.0,3575.0,3700.0,0.0,0.0,0.0,
2020-03-24,3701.0,3789.0,3688.0,3789.0,0.0,0.0,0.0,
2020-03-25,3940.0,3940.0,3710.0,3726.449951171875,0.0,0.0,0.0,
2020-03-26,3831.0,3831.0,3775.0,3794.550048828125,0.0,0.0,0.0,
2020-03-27,3831.0,3999.0,3741.0,3885.60009765625,0.0,0.0,0.0,
2020-03-30,3915.949951171875,3998.0,3911.35009765625,3945.0,0.0,0.0,0.0,
2020-03-31,4000.0,4000.0,3900.0,3900.050048828125,0.0,0.0,0.0,
2020-04-01,3842.050048828125,3900.0,3807.0,3900.0,0.0,0.0,0.0,
2020-04-03,3949.0,3949.0,3949.0,3949.0,0.0,0.0,0.0,
2020-04-07,4011.0,4069.0,4000.0,4000.0,0.0,0.0,0.0,
2020-04-08,4018.0,4020.0,4000.0,4010.0,0.0,0.0,0.0,
2020-04-09,4040.0,4200.0,4040.0,4191.9501953125,0.0,0.0,0.0,
2020-04-13,4153.5498046875,4701.0,4033.0,4283.9501953125,0.0,0.0,0.0,
2020-04-15,4284.0,4488.0,4270.0,4327.64990234375,0.0,0.0,0.0,
2020-04-16,4500.0,4500.0,4305.0,4326.2998046875,0.0,0.0,0.0,
2020-04-17,4305.0,4334.9501953125,4235.0,4320.0,0.0,0.0,0.0,
2020-04-20,4320.0,4320.0,4202.0,4255.0,0.0,0.0,0.0,
2020-04-21,4233.0,4390.0,4200.0,4275.0,0.0,0.0,0.0,
2020-04-22,4275.0,4294.0,4230.0,4274.9501953125,0.0,0.0,0.0,
2020-04-23,4270.0,4330.0,4270.0,4313.75,0.0,0.0,0.0,
2020-04-24,4300.0,4321.0,4289.0,4321.0,0.0,0.0,0.0,
2020-04-27,4388.0,4388.0,4325.0,4345.0,0.0,0.0,0.0,
2020-04-28,4325.0,4442.0,4325.0,4348.25,0.0,0.0,0.0,
2020-04-29,4325.0,4540.0,4325.0,4386.64990234375,0.0,0.0,0.0,
2020-04-30,4386.0,4386.0,4350.0,4385.85009765625,0.0,0.0,0.0,
2020-05-04,4325.0498046875,4484.0,4325.0498046875,4395.0,0.0,0.0,0.0,
2020-05-05,4438.0,4438.0,4267.0,4307.39990234375,0.0,0.0,0.0,
2020-05-06,4479.0,4479.0,4280.0,4329.89990234375,0.0,0.0,0.0,
2020-05-07,4329.89990234375,4329.89990234375,4200.0,4263.35009765625,0.0,0.0,0.0,
2020-05-08,4580.0,4580.0,4222.0,4270.0,0.0,0.0,0.0,
2020-05-11,4117.0,4300.0,4117.0,4264.35009765625,0.0,0.0,0.0,
2020-05-12,4290.0,4290.0,4220.0,4290.0,0.0,0.0,0.0,
2020-05-13,4171.0,4290.0,4171.0,4270.0,0.0,0.0,0.0,
2020-05-14,4270.0,4429.0,4200.0498046875,4248.2001953125,0.0,0.0,0.0,
2020-05-15,4340.0,4340.0,4290.0,4290.0,0.0,0.0,0.0,
2020-05-18,4400.0,4400.0,4325.0,4328.10009765625,0.0,0.0,0.0,
2020-05-19,4330.0,4330.10009765625,4241.0,4330.0498046875,0.0,0.0,0.0,
2020-05-20,4330.0498046875,4330.0498046875,4330.0,4330.0,0.0,0.0,0.0,
2020-05-21,4224.0,4471.0,4224.0,4398.0,0.0,0.0,0.0,
2020-05-22,4345.39990234375,4345.39990234375,4332.7998046875,4332.7998046875,0.0,0.0,0.0,
2020-05-26,4332.7998046875,4375.0,4332.7998046875,4350.7998046875,0.0,0.0,0.0,
2020-05-27,4250.0,4250.0,4171.0498046875,4225.0,0.0,0.0,0.0,
2020-05-28,4187.0,4200.14990234375,4187.0,4200.0498046875,0.0,0.0,0.0,
2020-05-29,4201.0498046875,4300.89990234375,4200.0498046875,4288.2001953125,0.0,0.0,0.0,
2020-06-01,4286.0,4289.0,4216.0498046875,4284.0498046875,0.0,0.0,0.0,
2020-06-02,4284.0498046875,4325.0,4200.0498046875,4300.0,0.0,0.0,0.0,
2020-06-03,4205.0,4250.0,4205.0,4250.0,0.0,0.0,0.0,
2020-06-04,4201.0498046875,4379.0,4201.0,4251.64990234375,0.0,0.0,0.0,
2020-06-05,4251.64990234375,4351.0,4251.64990234375,4255.0,0.0,0.0,0.0,
2020-06-08,4200.0,4289.0,4150.0,4289.0,0.0,0.0,0.0,
2020-06-09,4211.0,4250.0,4211.0,4249.9501953125,0.0,0.0,0.0,
2020-06-10,4205.0,4285.0,4205.0,4285.0,0.0,0.0,0.0,
2020-06-11,4284.9501953125,4350.0,4284.9501953125,4349.9501953125,0.0,0.0,0.0,
2020-06-12,4400.0,4400.0,4330.0,4351.0,0.0,0.0,0.0,
2020-06-15,4300.0,4350.0,4300.0,4340.0,0.0,0.0,0.0,
2020-06-16,4450.0,4500.0,4212.0,4454.35009765625,0.0,0.0,0.0,
2020-06-17,4454.0,4500.0,4350.0,4450.0,0.0,0.0,0.0,
2020-06-18,4450.0,4500.0,4292.5,4486.7998046875,0.0,0.0,0.0,
2020-06-19,4351.0,4449.89990234375,4301.0,4440.0,0.0,0.0,0.0,
2020-06-22,4350.0,4400.0,4322.0,4389.0,0.0,0.0,0.0,
2020-06-23,4369.0,4398.0,4345.0,4350.10009765625,0.0,0.0,0.0,
2020-06-24,4355.0,4425.0,4327.0,4410.4501953125,0.0,0.0,0.0,
2020-06-25,4414.0,4416.0,4414.0,4415.35009765625,0.0,0.0,0.0,
2020-06-26,4500.0,4500.0,4362.0,4408.9501953125,0.0,0.0,0.0,
2020-06-29,4500.0,4500.0,4410.0,4412.10009765625,0.0,0.0,0.0,
2020-06-30,4499.0,4500.10009765625,4372.0,4390.0,0.0,0.0,0.0,
2020-07-01,4411.0,4450.0,4411.0,4450.0,0.0,0.0,0.0,
2020-07-02,4400.0,4450.0,4380.0,4400.0,0.0,0.0,0.0,
2020-07-03,4700.0,4700.0,4362.0,4425.0,0.0,0.0,0.0,
2020-07-06,4420.0,4420.0,4370.0,4400.0,0.0,0.0,0.0,
2020-07-07,4355.0,4400.0,4350.0,4394.0,0.0,0.0,0.0,
2020-07-08,4400.0,4438.0,4400.0,4424.0,0.0,0.0,0.0,
2020-07-09,4450.0,4489.9501953125,4450.0,4460.0,0.0,0.0,0.0,
2020-07-10,4450.0,4469.9501953125,4402.0,4435.0,0.0,0.0,0.0,
2020-07-13,4488.0,4499.9501953125,4435.0,4452.85009765625,0.0,0.0,0.0,
2020-07-14,4453.0,4474.9501953125,4450.0,4474.5,0.0,0.0,0.0,
2020-07-15,4403.0498046875,4490.0,4403.0498046875,4487.0,0.0,0.0,0.0,
2020-07-16,4589.9501953125,4589.9501953125,4417.0,4459.0498046875,0.0,0.0,0.0,
2020-07-17,4461.0,4461.0,4406.85009765625,4450.0,0.0,0.0,0.0,
2020-07-20,4451.0,4474.9501953125,4451.0,4474.9501953125,0.0,0.0,0.0,
2020-07-21,4474.9501953125,4495.0,4455.0498046875,4490.0,0.0,0.0,0.0,
2020-07-22,4500.0498046875,4590.0,4500.0498046875,4570.0,0.0,0.0,0.0,
2020-07-23,4570.0,4601.0,4570.0,4599.60009765625,0.0,0.0,0.0,
2020-07-24,4607.75,4650.0,4554.0,4632.64990234375,0.0,0.0,0.0,
2020-07-27,4518.0,4951.2998046875,4518.0,4779.7998046875,0.0,0.0,0.0,
2020-07-28,4850.0,5000.0,4742.2998046875,4799.2001953125,0.0,0.0,0.0,
2020-07-29,4988.0,4988.0,4800.0,4898.9501953125,0.0,0.0,0.0,
2020-07-30,5499.89990234375,5499.89990234375,4855.0,4905.5498046875,0.0,0.0,0.0,
2020-07-31,5599.89990234375,5599.89990234375,4850.0,4893.25,0.0,0.0,0.0,
2020-08-03,4985.0,5211.2998046875,4870.0,5145.4501953125,0.0,0.0,0.0,
2020-08-04,5145.4501953125,5145.4501953125,4890.0,4894.39990234375,0.0,0.0,0.0,
2020-08-05,5499.9501953125,5499.9501953125,4908.0,5046.7001953125,0.0,0.0,0.0,
2020-08-06,5245.0,5245.0,4987.0,5086.0,0.0,0.0,0.0,
2020-08-07,5185.0,5200.0,5051.0,5178.4501953125,0.0,0.0,0.0,
2020-08-10,5179.0,5400.0,5000.0,5087.75,0.0,0.0,0.0,
2020-08-11,5050.0,5446.0,4905.0498046875,4972.9501953125,0.0,0.0,0.0,
2020-08-12,4701.25,4880.0,4501.25,4804.4501953125,0.0,0.0,0.0,
2020-08-13,4850.0,4850.0,4765.0,4850.0,0.0,0.0,0.0,
2020-08-14,4838.7001953125,4838.7001953125,4800.0,4824.0,0.0,0.0,0.0,
2020-08-17,4800.0,4824.0,4780.0,4801.64990234375,0.0,0.0,0.0,
2020-08-18,4825.0,4946.9501953125,4823.0,4922.0,0.0,0.0,0.0,
2020-08-19,4802.0,4999.9501953125,4802.0,4889.0498046875,0.0,0.0,0.0,
2020-08-20,4839.0,4839.0,4756.0,4783.0,0.0,0.0,0.0,
2020-08-21,4783.10009765625,4864.9501953125,4740.0498046875,4746.0,0.0,0.0,0.0,
2020-08-24,4800.0,4800.0,4727.0498046875,4799.9501953125,0.0,0.0,0.0,
2020-08-25,4790.0,4799.9501953125,4680.0,4686.5498046875,0.0,0.0,0.0,
2020-08-26,4788.0,4788.0,4665.0,4674.60009765625,0.0,0.0,0.0,
2020-08-27,4700.0,4749.0,4655.0,4679.0,0.0,0.0,0.0,
2020-08-28,4645.0,4770.0,4635.0498046875,4750.0,0.0,0.0,0.0,
2020-08-31,4750.0,4750.0,4653.0,4710.4501953125,0.0,0.0,0.0,
2020-09-01,4800.0,4800.0,4700.0,4783.5498046875,0.0,0.0,0.0,
2020-09-02,4784.0,4833.0,4676.0,4701.14990234375,0.0,0.0,0.0,
2020-09-03,4650.0,4700.0,4625.25,4648.7998046875,0.0,0.0,0.0,
2020-09-04,4740.0,4740.0,4600.0,4654.7001953125,0.0,0.0,0.0,
2020-09-07,4700.89990234375,4700.89990234375,4620.0,4650.0,0.0,0.0,0.0,
2020-09-08,4702.0,4702.0,4611.0,4633.5,0.0,0.0,0.0,
2020-09-09,4633.5,4679.9501953125,4633.5,4672.5,0.0,0.0,0.0,
2020-09-10,4631.0,4700.0,4631.0,4688.2998046875,0.0,0.0,0.0,
2020-09-11,4686.0,4688.0,4651.0,4688.0,0.0,0.0,0.0,
2020-09-14,4688.0,4688.0,4670.0,4683.89990234375,0.0,0.0,0.0,
2020-09-15,4682.25,4733.0,4682.25,4732.60009765625,0.0,0.0,0.0,
2020-09-16,4732.60009765625,4732.60009765625,4700.0,4719.85009765625,0.0,0.0,0.0,
2020-09-17,4700.0,4700.0,4615.0,4677.85009765625,0.0,0.0,0.0,
2020-09-18,4602.0,4700.0,4602.0,4700.0,0.0,0.0,0.0,
2020-09-21,4650.0,4723.0,4650.0,4691.0498046875,0.0,0.0,0.0,
2020-09-22,4655.0,4655.0,4588.0498046875,4609.5498046875,0.0,0.0,0.0,
2020-09-23,4600.0,4600.0,4600.0,4600.0,0.0,0.0,0.0,
2020-09-24,4550.0,4598.0,4520.0,4520.0,0.0,0.0,0.0,
2020-09-25,4555.0,4570.0,4501.0,4563.64990234375,0.0,0.0,0.0,
2020-09-28,4599.0,4599.0,4509.0,4514.5498046875,0.0,0.0,0.0,
2020-09-29,4598.0,4600.0,4598.0,4599.35009765625,0.0,0.0,0.0,
2020-09-30,4575.0,4594.0,4556.0,4593.9501953125,0.0,0.0,0.0,
2020-10-01,4595.0,4595.0,4595.0,4595.0,0.0,0.0,0.0,
2020-10-05,4637.25,4637.25,4502.0,4590.0,0.0,0.0,0.0,
2020-10-06,4551.0,4614.9501953125,4551.0,4614.89990234375,0.0,0.0,0.0,
2020-10-07,4595.0,4637.25,4501.0,4635.0,0.0,0.0,0.0,
2020-10-08,4550.0,4589.0,4545.14990234375,4545.2001953125,0.0,0.0,0.0,
2020-10-09,4560.0,4630.0,4560.0,4620.0,0.0,0.0,0.0,
2020-10-12,4637.25,4650.0,4601.0,4645.0,0.0,0.0,0.0,
2020-10-13,4634.0,4644.0,4587.10009765625,4644.0,0.0,0.0,0.0,
2020-10-14,4644.0,4644.0,4557.0498046875,4600.0498046875,0.0,0.0,0.0,
2020-10-15,4600.0498046875,4600.0498046875,4600.0,4600.0,0.0,0.0,0.0,
2020-10-16,4565.0,4568.0,4565.0,4568.0,0.0,0.0,0.0,
2020-10-19,4634.0,4634.0,4600.0,4625.0,0.0,0.0,0.0,
2020-10-20,4625.0,4625.0,4590.0,4612.0,0.0,0.0,0.0,
2020-10-21,4567.0,4655.0,4567.0,4652.2001953125,0.0,0.0,0.0,
2020-10-22,4720.0,4720.0,4660.0,4660.0,0.0,0.0,0.0,
2020-10-23,4999.89990234375,4999.89990234375,4577.0,4625.0,0.0,0.0,0.0,
2020-10-26,4625.0,4625.0,4625.0,4625.0,0.0,0.0,0.0,
2020-10-27,4566.0,4650.0,4566.0,4630.0,0.0,0.0,0.0,
2020-10-28,4601.10009765625,4650.0,4601.10009765625,4647.2001953125,0.0,0.0,0.0,
2020-10-29,4652.25,4652.25,4566.0,4620.0,0.0,0.0,0.0,
2020-10-30,4551.0,4665.0,4551.0,4600.0,0.0,0.0,0.0,
2020-11-02,4600.0,4649.0,4600.0,4621.89990234375,0.0,0.0,0.0,
2020-11-03,4594.7001953125,4640.0,4580.0,4640.0,0.0,0.0,0.0,
2020-11-04,4800.0,4800.0,4571.0,4621.0498046875,0.0,0.0,0.0,
2020-11-05,4690.0,4695.0,4630.0,4695.0,0.0,0.0,0.0,
2020-11-06,4695.0,4695.0,4695.0,4695.0,0.0,0.0,0.0,
2020-11-09,4760.0,4760.0,4745.0,4750.0,0.0,0.0,0.0,
2020-11-10,4750.0,4750.0,4551.0,4598.0498046875,0.0,0.0,0.0,
2020-11-11,4601.0,4601.0,4593.0,4593.0,0.0,0.0,0.0,
2020-11-12,4593.0,4674.0,4581.0,4603.35009765625,0.0,0.0,0.0,
2020-11-13,4741.4501953125,4741.4501953125,4552.0,4701.2998046875,0.0,0.0,0.0,
2020-11-14,4760.0,4760.0,4621.0,4643.75,0.0,0.0,0.0,
2020-11-17,4602.0,4625.0,4600.0,4605.0,0.0,0.0,0.0,
2020-11-18,4605.0,4610.0,4585.0,4598.2001953125,0.0,0.0,0.0,
2020-11-19,4590.2001953125,4590.2001953125,4540.0,4550.0,0.0,0.0,0.0,
2020-11-20,4560.0,4560.0,4531.0,4560.0,0.0,0.0,0.0,
2020-11-23,4561.0,4561.0,4551.0,4551.0,0.0,0.0,0.0,
2020-11-24,4504.0,4504.0,4422.0,4472.85009765625,0.0,0.0,0.0,
2020-11-25,4450.0,4450.0,4404.2001953125,4444.0,0.0,0.0,0.0,
2020-11-26,4444.0,4518.0,4405.10009765625,4440.0498046875,0.0,0.0,0.0,
2020-11-27,4440.0,4464.35009765625,4420.0,4464.0,0.0,0.0,0.0,
2020-12-01,4400.0,4464.0,4357.0,4390.0,0.0,0.0,0.0,
2020-12-02,4388.7001953125,4497.0,4307.0,4425.0,0.0,0.0,0.0,
2020-12-03,4426.0,4494.4501953125,4426.0,4462.85009765625,0.0,0.0,0.0,
2020-12-04,4432.0,4495.0,4432.0,4450.0,0.0,0.0,0.0,
2020-12-07,4520.0,4520.0,4440.0,4499.2998046875,0.0,0.0,0.0,
2020-12-08,4590.0,4590.0,4519.10009765625,4550.0,0.0,0.0,0.0,
2020-12-09,4550.0,4594.0,4471.0,4497.14990234375,0.0,0.0,0.0,
2020-12-10,4559.0,4559.0,4435.0,4439.2998046875,0.0,0.0,0.0,
2020-12-11,4444.0,4540.0,4439.4501953125,4442.0,0.0,0.0,0.0,
2020-12-14,4411.0,4449.0,4401.0,4405.60009765625,0.0,0.0,0.0,
2020-12-15,4460.0,4460.0,4423.5,4452.39990234375,0.0,0.0,0.0,
2020-12-16,4452.0,4499.0,4427.0,4458.0,0.0,0.0,0.0,
2020-12-17,4514.0,4540.0,4461.0,4526.85009765625,0.0,0.0,0.0,
2020-12-18,4540.0,4540.0,4500.0,4538.39990234375,0.0,0.0,0.0,
2020-12-21,4540.0,4616.0,4540.0,4575.4501953125,0.0,0.0,0.0,
2020-12-22,4577.0,4600.0,4513.0,4542.75,0.0,0.0,0.0,
2020-12-23,4599.9501953125,5299.60009765625,4540.0,4540.0,0.0,0.0,0.0,
2020-12-24,4540.0,4590.0,4510.0,4580.25,0.0,0.0,0.0,
2020-12-28,4699.9501953125,4699.9501953125,4517.0,4552.10009765625,0.0,0.0,0.0,
2020-12-29,4645.0,4688.7001953125,4550.0,4585.0,0.0,0.0,0.0,
2020-12-30,4551.0,4551.0,4530.10009765625,4539.0,0.0,0.0,0.0,
2020-12-31,4599.0,4599.0,4543.7001953125,4543.7001953125,0.0,0.0,0.0,
2021-01-01,4598.0,4599.0,4540.0,4597.60009765625,0.0,0.0,0.0,
2021-01-04,4635.0,4650.0,4554.0,4633.89990234375,0.0,0.0,0.0,
2021-01-05,4644.0,4749.0,4611.0,4703.7998046875,0.0,0.0,0.0,
2021-01-06,4725.0,4725.0,4655.0,4699.75,0.0,0.0,0.0,
2021-01-07,4655.0,4670.35009765625,4620.0,4658.0,0.0,0.0,0.0,
2021-01-08,4620.0,4690.0,4580.0,4649.64990234375,0.0,0.0,0.0,
2021-01-11,4666.0,4695.0,4462.0498046875,4485.64990234375,0.0,0.0,0.0,
2021-01-12,4486.0,4534.0,4481.10009765625,4500.7998046875,0.0,0.0,0.0,
2021-01-13,4499.89990234375,4500.0,4459.0,4469.4501953125,0.0,0.0,0.0,
2021-01-14,4460.0,4554.0,4386.0498046875,4514.2998046875,0.0,0.0,0.0,
2021-01-15,4547.25,4547.25,4388.9501953125,4466.75,0.0,0.0,0.0,
2021-01-18,4438.9501953125,4524.0,4411.0,4459.0498046875,0.0,0.0,0.0,
2021-01-19,4438.9501953125,4454.0,4430.0,4450.0,0.0,0.0,0.0,
2021-01-20,4413.2001953125,4524.0,4413.2001953125,4518.64990234375,0.0,0.0,0.0,
2021-01-21,4431.0,4554.0,4431.0,4525.0,0.0,0.0,0.0,
2021-01-22,4488.9501953125,4488.9501953125,4450.0498046875,4475.0,0.0,0.0,0.0,
2021-01-25,4609.25,4609.25,4425.60009765625,4460.0,0.0,0.0,0.0,
2021-01-27,4460.0,4460.0,4430.0,4430.0,0.0,0.0,0.0,
2021-01-28,4452.2001953125,4452.2001953125,4420.0,4437.64990234375,0.0,0.0,0.0,
2021-01-29,4420.0,4493.0,4420.0,4493.0,0.0,0.0,0.0,
2021-02-01,4516.0,4516.0,4396.5498046875,4454.5498046875,0.0,0.0,0.0,
2021-02-02,4457.2001953125,4457.2001953125,4345.0,4368.10009765625,0.0,0.0,0.0,
2021-02-03,4373.0,4375.14990234375,4314.0,4330.0,0.0,0.0,0.0,
2021-02-04,4398.0,4398.0,4300.0,4301.35009765625,0.0,0.0,0.0,
2021-02-05,4302.14990234375,4305.14990234375,4250.0,4300.0498046875,0.0,0.0,0.0,
2021-02-08,4397.0,4397.0,4251.10009765625,4273.85009765625,0.0,0.0,0.0,
2021-02-09,4283.10009765625,4374.2998046875,4231.0,4359.14990234375,0.0,0.0,0.0,
2021-02-10,4353.75,4394.9501953125,4340.0,4359.10009765625,0.0,0.0,0.0,
2021-02-11,4339.0,4339.0,4336.85009765625,4339.0,0.0,0.0,0.0,
2021-02-12,4327.85009765625,4395.0,4282.85009765625,4392.25,0.0,0.0,0.0,
2021-02-15,4375.0,4390.0,4270.0,4283.64990234375,0.0,0.0,0.0,
2021-02-16,4284.0,4365.0,4272.0498046875,4351.5,0.0,0.0,0.0,
2021-02-17,4326.85009765625,4329.0,4218.0,4220.9501953125,0.0,0.0,0.0,
2021-02-18,4223.0498046875,4275.0,4198.0,4230.0,0.0,0.0,0.0,
2021-02-19,4190.2001953125,4193.10009765625,4180.0,4190.0,0.0,0.0,0.0,
2021-02-22,4259.9501953125,4288.0,4190.0498046875,4250.0,0.0,0.0,0.0,
2021-02-23,4316.0,4366.0,4109.89990234375,4223.60009765625,0.0,0.0,0.0,
2021-02-24,4294.0,4298.0,3610.0,4244.0,0.0,0.0,0.0,
2021-02-25,4218.0,4259.0,4200.0,4229.5,0.0,0.0,0.0,
2021-02-26,4200.0,4207.9501953125,4140.10009765625,4188.39990234375,0.0,0.0,0.0,
2021-03-01,4252.9501953125,4252.9501953125,4135.0,4188.0,0.0,0.0,0.0,
2021-03-02,4180.0,4227.9501953125,4097.9501953125,4114.64990234375,0.0,0.0,0.0,
2021-03-03,4122.14990234375,4122.14990234375,4095.0,4095.0,0.0,0.0,0.0,
2021-03-04,4090.0,4131.0,4029.35009765625,4050.0,0.0,0.0,0.0,
2021-03-05,4061.0,4099.0,4025.0,4048.0,0.0,0.0,0.0,
2021-03-08,4050.0,4119.14990234375,4048.0,4054.0,0.0,0.0,0.0,
2021-03-09,4038.0,4040.0,4025.0,4030.0,0.0,0.0,0.0,
2021-03-10,4053.0,4109.0,4040.0,4040.0,0.0,0.0,0.0,
2021-03-12,4100.0,4102.0,4020.0,4026.64990234375,0.0,0.0,0.0,
2021-03-15,4499.89990234375,4499.89990234375,4033.300048828125,4059.14990234375,0.0,0.0,0.0,
2021-03-16,4114.0,4114.0,4050.0,4063.0,0.0,0.0,0.0,
2021-03-17,4148.0,4148.0,4031.0,4086.550048828125,0.0,0.0,0.0,
2021-03-18,4245.0,4245.0,4051.0,4077.800048828125,0.0,0.0,0.0,
2021-03-19,4112.0,4114.0,4051.0,4080.64990234375,0.0,0.0,0.0,
2021-03-22,4080.64990234375,4080.64990234375,4021.0,4045.39990234375,0.0,0.0,0.0,
2021-03-23,4038.949951171875,4098.0,4033.39990234375,4061.39990234375,0.0,0.0,0.0,
2021-03-24,4105.4501953125,4105.4501953125,4050.0,4050.0,0.0,0.0,0.0,
2021-03-25,4089.89990234375,4138.14990234375,4020.39990234375,4086.0,0.0,0.0,0.0,
2021-03-26,4086.0,4086.0,4025.10009765625,4047.0,0.0,0.0,0.0,
2021-03-30,4098.0,4098.0,4000.0,4020.0,0.0,0.0,0.0,
2021-03-31,3997.0,4029.0,3972.25,3998.300048828125,0.0,0.0,0.0,
2021-04-01,4114.0498046875,4114.0498046875,4012.0,4077.75,0.0,0.0,0.0,
2021-04-05,4182.0,4184.0,4090.0,4097.5,0.0,0.0,0.0,
2021-04-06,4114.0,4116.0,4097.5,4109.0,0.0,0.0,0.0,
2021-04-07,4109.0,4172.0498046875,4109.0,4141.0,0.0,0.0,0.0,
2021-04-08,4135.0,4266.0,4135.0,4248.85009765625,0.0,0.0,0.0,
2021-04-09,4247.89990234375,4289.9501953125,4138.9501953125,4189.5,0.0,0.0,0.0,
2021-04-12,4222.89990234375,4410.2998046875,4180.0498046875,4289.0,0.0,0.0,0.0,
2021-04-13,4191.10009765625,4255.0,4168.14990234375,4250.89990234375,0.0,0.0,0.0,
2021-04-15,4195.10009765625,4299.0,4195.10009765625,4225.0,0.0,0.0,0.0,
2021-04-16,4313.89990234375,4338.0,4220.0,4225.0,0.0,0.0,0.0,
2021-04-19,4299.0,4315.7001953125,4251.0,4315.7001953125,0.0,0.0,0.0,
2021-04-20,4300.0,4300.0,4236.0,4263.85009765625,0.0,0.0,0.0,
2021-04-22,4391.7998046875,4391.7998046875,4253.35009765625,4320.4501953125,0.0,0.0,0.0,
2021-04-23,4320.4501953125,4378.39990234375,4267.5,4322.60009765625,0.0,0.0,0.0,
2021-04-26,4397.7998046875,4400.0,4261.0,4290.39990234375,0.0,0.0,0.0,
2021-04-27,4267.10009765625,4392.9501953125,4265.0,4292.4501953125,0.0,0.0,0.0,
2021-04-28,4262.10009765625,4598.60009765625,4224.10009765625,4235.75,0.0,0.0,0.0,
2021-04-29,4314.0,4359.0,4235.9501953125,4246.2001953125,0.0,0.0,0.0,
2021-04-30,4232.89990234375,4240.0,4210.0,4225.0,0.0,0.0,0.0,
2021-05-03,4265.0,4265.0,4202.0,4245.0,0.0,0.0,0.0,
2021-05-04,4245.0,4264.89990234375,4245.0,4245.0,0.0,0.0,0.0,
2021-05-05,4284.0,4284.0,4211.0,4236.60009765625,0.0,0.0,0.0,
2021-05-06,4284.0,4284.0,4232.0,4277.89990234375,0.0,0.0,0.0,
2021-05-07,4347.89990234375,4347.89990234375,4281.0,4304.25,0.0,0.0,0.0,
2021-05-10,4369.85009765625,4369.85009765625,4305.0,4319.39990234375,0.0,0.0,0.0,
2021-05-11,4366.0,4366.0,4302.0,4316.39990234375,0.0,0.0,0.0,
2021-05-12,4290.9501953125,4328.9501953125,4264.0,4299.89990234375,0.0,0.0,0.0,
2021-05-14,4307.14990234375,4364.0,4297.85009765625,4319.89990234375,0.0,0.0,0.0,
2021-05-17,4320.0,4360.0,4301.0,4349.14990234375,0.0,0.0,0.0,
2021-05-18,4387.85009765625,4387.85009765625,4355.0,4379.7998046875,0.0,0.0,0.0,
2021-05-19,4380.0,4380.0,4321.0,4369.2998046875,0.0,0.0,0.0,
2021-05-20,4369.2998046875,4400.0,4351.0,4384.0,0.0,0.0,0.0,
2021-05-21,4357.39990234375,4423.7998046875,4357.39990234375,4390.60009765625,0.0,0.0,0.0,
2021-05-24,4399.0,4399.9501953125,4380.0,4391.89990234375,0.0,0.0,0.0,
2021-05-25,4338.9501953125,4390.0,4338.9501953125,4390.0,0.0,0.0,0.0,
2021-05-26,4392.25,4430.0,4390.0,4429.0,0.0,0.0,0.0,
2021-05-27,4410.0,4415.0,4380.0498046875,4399.60009765625,0.0,0.0,0.0,
2021-05-28,4380.0498046875,4391.39990234375,4351.0498046875,4389.7001953125,0.0,0.0,0.0,
2021-05-31,4390.0,4440.0,4384.0498046875,4418.0,0.0,0.0,0.0,
2021-06-01,4440.0,4455.0,4440.0,4441.0,0.0,0.0,0.0,
2021-06-02,4440.0,4440.0,4329.9501953125,4429.7998046875,0.0,0.0,0.0,
2021-06-03,4394.2001953125,4454.0,4394.2001953125,4415.4501953125,0.0,0.0,0.0,
2021-06-04,4396.5,4396.5,4338.0,4379.9501953125,0.0,0.0,0.0,
2021-06-07,4381.14990234375,4419.64990234375,4381.0,4385.9501953125,0.0,0.0,0.0,
2021-06-08,4358.89990234375,4428.9501953125,4355.0,4419.64990234375,0.0,0.0,0.0,
2021-06-09,4445.7998046875,4448.0,4366.0,4407.5,0.0,0.0,0.0,
2021-06-10,4410.0,4410.0,4390.0,4408.39990234375,0.0,0.0,0.0,
2021-06-11,4410.0,4435.0,4410.0,4433.5,0.0,0.0,0.0,
2021-06-14,4391.14990234375,4435.0,4360.0,4374.35009765625,0.0,0.0,0.0,
2021-06-15,4384.4501953125,4384.4501953125,4370.0,4375.0,0.0,0.0,0.0,
2021-06-16,4414.0,4414.0,4361.0,4372.0,0.0,0.0,0.0,
2021-06-17,4338.9501953125,4338.9501953125,4282.0,4288.39990234375,0.0,0.0,0.0,
2021-06-18,4288.39990234375,4288.39990234375,4252.0,4281.4501953125,0.0,0.0,0.0,
2021-06-21,4297.89990234375,4297.89990234375,4211.2001953125,4236.9501953125,0.0,0.0,0.0,
2021-06-22,4269.0,4269.0,4258.9501953125,4259.0,0.0,0.0,0.0,
2021-06-23,4259.0,4259.0,4240.0,4258.60009765625,0.0,0.0,0.0,
2021-06-24,4258.60009765625,4258.60009765625,4225.10009765625,4250.0,0.0,0.0,0.0,
2021-06-25,4250.0,4288.0,4231.0,4277.75,0.0,0.0,0.0,
2021-06-28,4277.75,4363.14990234375,4240.14990234375,4248.4501953125,0.0,0.0,0.0,
2021-06-29,4248.4501953125,4250.4501953125,4222.10009765625,4248.89990234375,0.0,0.0,0.0,
2021-06-30,4225.0,4258.0,4202.0,4218.2001953125,0.0,0.0,0.0,
2021-07-01,4284.0,4338.0,4231.0,4259.7001953125,0.0,0.0,0.0,
2021-07-02,4258.0,4287.0,4258.0,4275.0,0.0,0.0,0.0,
2021-07-05,4310.0,4310.0,4260.0,4294.89990234375,0.0,0.0,0.0,
2021-07-06,4309.0,4365.0,4264.0,4365.0,0.0,0.0,0.0,
2021-07-07,4338.9501953125,4351.5498046875,4305.0,4325.0,0.0,0.0,0.0,
2021-07-08,4293.89990234375,4354.85009765625,4293.89990234375,4354.85009765625,0.0,0.0,0.0,
2021-07-09,4333.0,4362.0,4300.0,4324.64990234375,0.0,0.0,0.0,
2021-07-12,4324.64990234375,4324.64990234375,4297.39990234375,4324.0,0.0,0.0,0.0,
2021-07-13,4324.0,4324.0,4288.9501953125,4302.0,0.0,0.0,0.0,
2021-07-14,4303.14990234375,4311.0,4303.14990234375,4311.0,0.0,0.0,0.0,
2021-07-15,4315.0,4373.89990234375,4315.0,4356.0,0.0,0.0,0.0,
2021-07-16,4314.14990234375,4394.0,4314.14990234375,4339.0,0.0,0.0,0.0,
2021-07-19,4334.60009765625,4375.2001953125,4315.2998046875,4315.60009765625,0.0,0.0,0.0,
2021-07-20,4327.0498046875,4363.2001953125,4296.0,4296.0,0.0,0.0,0.0,
2021-07-22,4295.0,4324.89990234375,4270.0,4290.75,0.0,0.0,0.0,
2021-07-23,4337.0,4337.0,4281.0,4286.5,0.0,0.0,0.0,
2021-07-26,4286.5,4320.0,4286.5,4310.0,0.0,0.0,0.0,
2021-07-27,4348.0,4348.0,4266.60009765625,4266.60009765625,0.0,0.0,0.0,
2021-07-28,4347.2998046875,4347.2998046875,4265.0,4305.2001953125,0.0,0.0,0.0,
2021-07-29,4301.0,4330.0,4297.2001953125,4329.7998046875,0.0,0.0,0.0,
2021-07-30,4363.89990234375,4363.89990234375,4312.10009765625,4355.0,0.0,0.0,0.0,
2021-08-02,4354.2998046875,4379.0,4317.25,4327.0,0.0,0.0,0.0,
2021-08-03,4353.0498046875,4353.0498046875,4300.0,4300.75,0.0,0.0,0.0,
2021-08-04,4301.10009765625,4320.0,4301.10009765625,4320.0,0.0,0.0,0.0,
2021-08-05,4347.7998046875,4354.75,4320.2001953125,4320.2001953125,0.0,0.0,0.0,
2021-08-06,4320.0,4320.0,4290.0,4290.0498046875,0.0,0.0,0.0,
2021-08-09,4252.89990234375,4321.2998046875,4170.0,4195.2998046875,0.0,0.0,0.0,
2021-08-10,4213.9501953125,4264.0,4178.0,4183.2998046875,0.0,0.0,0.0,
2021-08-11,4195.89990234375,4225.0,4170.0,4199.0,0.0,0.0,0.0,
2021-08-12,4238.0,4238.0,4201.2998046875,4237.9501953125,0.0,0.0,0.0,
2021-08-13,4215.4501953125,4229.9501953125,4160.0,4189.25,0.0,0.0,0.0,
2021-08-16,4201.10009765625,4239.60009765625,4201.10009765625,4210.0,0.0,0.0,0.0,
2021-08-17,4249.85009765625,4350.0498046875,4231.2998046875,4284.64990234375,0.0,0.0,0.0,
2021-08-18,4251.14990234375,4299.39990234375,4250.0,4268.10009765625,0.0,0.0,0.0,
2021-08-20,4284.89990234375,4290.0,4240.0,4290.0,0.0,0.0,0.0,
2021-08-23,4289.9501953125,4289.9501953125,4225.5498046875,4238.2998046875,0.0,0.0,0.0,
2021-08-24,4281.10009765625,4281.10009765625,4260.2998046875,4275.85009765625,0.0,0.0,0.0,
2021-08-25,4205.0,4290.0,4205.0,4287.89990234375,0.0,0.0,0.0,
2021-08-26,4269.5498046875,4269.5498046875,4208.85009765625,4247.5498046875,0.0,0.0,0.0,
2021-08-27,4250.7001953125,4272.7998046875,4230.0498046875,4236.7998046875,0.0,0.0,0.0,
2021-08-30,4270.75,4288.9501953125,4239.0,4239.0,0.0,0.0,0.0,
2021-08-31,4298.9501953125,4298.9501953125,4249.4501953125,4273.9501953125,0.0,0.0,0.0,
2021-09-01,4297.35009765625,4297.35009765625,4255.0,4258.2998046875,0.0,0.0,0.0,
2021-09-02,4260.0498046875,4260.0498046875,4238.9501953125,4260.0,0.0,0.0,0.0,
2021-09-03,4309.9501953125,4309.9501953125,4213.7998046875,4247.10009765625,0.0,0.0,0.0,
2021-09-06,4270.10009765625,4290.0,4270.0498046875,4290.0,0.0,0.0,0.0,
2021-09-07,4261.0498046875,4264.0498046875,4250.0,4260.10009765625,0.0,0.0,0.0,
2021-09-08,4258.9501953125,4271.89990234375,4239.0,4252.0,0.0,0.0,0.0,
2021-09-09,4239.0,4265.0,4220.0,4229.35009765625,0.0,0.0,0.0,
2021-09-13,4248.2001953125,4254.9501953125,4222.0,4237.85009765625,0.0,0.0,0.0,
2021-09-14,4202.0498046875,4287.9501953125,4202.0498046875,4213.75,0.0,0.0,0.0,
2021-09-15,4218.85009765625,4273.89990234375,4215.0,4249.7001953125,0.0,0.0,0.0,
2021-09-16,4250.0,4250.0,4199.9501953125,4201.0,0.0,0.0,0.0,
2021-09-17,4180.0498046875,4197.9501953125,4147.7998046875,4175.0,0.0,0.0,0.0,
2021-09-20,4241.64990234375,4247.89990234375,4130.0,4231.60009765625,0.0,0.0,0.0,
2021-09-21,4265.9501953125,4265.9501953125,4154.10009765625,4184.39990234375,0.0,0.0,0.0,
2021-09-22,4265.89990234375,4265.89990234375,4172.0,4187.75,0.0,0.0,0.0,
2021-09-23,4187.75,4202.7001953125,4166.0498046875,4197.7998046875,0.0,0.0,0.0,
2021-09-24,4169.0,4170.0,4150.0498046875,4157.35009765625,0.0,0.0,0.0,
2021-09-27,4159.9501953125,4193.35009765625,4159.9501953125,4163.5,0.0,0.0,0.0,
2021-09-28,4157.9501953125,4165.64990234375,4150.0,4155.7998046875,0.0,0.0,0.0,
2021-09-29,4001.25,4187.89990234375,3400.25,4170.14990234375,0.0,0.0,0.0,
2021-09-30,4150.0498046875,4150.0498046875,4110.0,4121.0498046875,0.0,0.0,0.0,
2021-10-01,4193.9501953125,4193.9501953125,4155.0,4189.39990234375,0.0,0.0,0.0,
2021-10-04,4189.4501953125,4210.0,4173.0498046875,4198.7998046875,0.0,0.0,0.0,
2021-10-05,4208.14990234375,4208.14990234375,4174.0,4185.0,0.0,0.0,0.0,
2021-10-06,4185.10009765625,4201.9501953125,4160.0498046875,4181.0,0.0,0.0,0.0,
2021-10-07,4202.89990234375,4215.7998046875,4185.0498046875,4191.0,0.0,0.0,0.0,
2021-10-08,4228.35009765625,4228.35009765625,4172.35009765625,4194.9501953125,0.0,0.0,0.0,
2021-10-11,4227.7998046875,4230.0,4200.0,4217.0,0.0,0.0,0.0,
2021-10-12,4249.5498046875,4299.0,4234.10009765625,4277.35009765625,0.0,0.0,0.0,
2021-10-13,4239.0,4310.0,4235.14990234375,4267.5,0.0,0.0,0.0,
2021-10-14,4277.9501953125,4400.0,4277.9501953125,4316.2998046875,0.0,0.0,0.0,
2021-10-18,4291.35009765625,4291.35009765625,4251.0498046875,4258.5,0.0,0.0,0.0,
2021-10-19,4285.85009765625,4285.85009765625,4237.0,4268.9501953125,0.0,0.0,0.0,
2021-10-20,4261.89990234375,4264.0,4243.9501953125,4264.0,0.0,0.0,0.0,
2021-10-21,4265.0498046875,4294.0,4263.9501953125,4276.64990234375,0.0,0.0,0.0,
2021-10-22,4239.0,4314.0,4217.0,4283.64990234375,0.0,0.0,0.0,
2021-10-25,4300.0498046875,4328.85009765625,4280.0,4290.0498046875,0.0,0.0,0.0,
2021-10-26,4300.0,4333.25,4293.0,4322.89990234375,0.0,0.0,0.0,
2021-10-27,4358.25,4358.25,4260.0498046875,4329.9501953125,0.0,0.0,0.0,
2021-10-28,4350.4501953125,4350.4501953125,4275.10009765625,4288.0,0.0,0.0,0.0,
2021-10-29,4321.0498046875,4345.0,4272.5,4322.9501953125,0.0,0.0,0.0,
2021-11-01,4299.89990234375,4300.0498046875,4291.4501953125,4296.7001953125,0.0,0.0,0.0,
2021-11-02,4365.9501953125,4466.0,4300.0,4360.64990234375,0.0,0.0,0.0,
2021-11-03,4338.9501953125,4338.9501953125,4257.0,4262.64990234375,0.0,0.0,0.0,
2021-11-04,4321.0,4321.0498046875,4277.0,4299.60009765625,0.0,0.0,0.0,
2021-11-08,4300.10009765625,4319.9501953125,4262.0,4290.64990234375,0.0,0.0,0.0,
2021-11-09,4265.0498046875,4329.0,4265.0,4317.0498046875,0.0,0.0,0.0,
2021-11-10,4291.0498046875,4370.0,4291.0498046875,4348.39990234375,0.0,0.0,0.0,
2021-11-11,4365.14990234375,4420.0,4365.0,4405.64990234375,0.0,0.0,0.0,
2021-11-12,4375.10009765625,4418.0,4375.10009765625,4417.9501953125,0.0,0.0,0.0,
2021-11-15,4459.9501953125,4460.0,4389.64990234375,4419.7998046875,0.0,0.0,0.0,
2021-11-16,4419.9501953125,4479.0,4412.0,4455.25,0.0,0.0,0.0,
2021-11-17,4438.9501953125,4450.0,4361.0,4393.7998046875,0.0,0.0,0.0,
2021-11-18,4416.0,4417.14990234375,4391.10009765625,4396.0498046875,0.0,0.0,0.0,
2021-11-22,4390.0498046875,4410.9501953125,4385.0,4400.35009765625,0.0,0.0,0.0,
2021-11-23,4359.0,4359.0,4250.0,4296.85009765625,0.0,0.0,0.0,
2021-11-24,4299.9501953125,4350.0,4280.0,4298.10009765625,0.0,0.0,0.0,
2021-11-25,4295.0,4310.5498046875,4292.0,4310.5,0.0,0.0,0.0,
2021-11-26,4363.75,4363.75,4291.14990234375,4291.14990234375,0.0,0.0,0.0,
2021-11-29,4290.9501953125,4334.9501953125,4277.14990234375,4310.5,0.0,0.0,0.0,
2021-11-30,4301.0498046875,4342.0,4280.0,4317.2998046875,0.0,0.0,0.0,
2021-12-01,4291.2001953125,4291.2001953125,4260.2998046875,4279.85009765625,0.0,0.0,0.0,
2021-12-02,4279.89990234375,4296.9501953125,4262.64990234375,4265.39990234375,0.0,0.0,0.0,
2021-12-03,4267.4501953125,4280.0,4256.35009765625,4280.0,0.0,0.0,0.0,
2021-12-06,4315.4501953125,4315.4501953125,4281.0,4300.0,0.0,0.0,0.0,
2021-12-07,4300.75,4313.75,4300.0,4308.14990234375,0.0,0.0,0.0,
2021-12-08,4300.0498046875,4329.9501953125,4300.0498046875,4329.0,0.0,0.0,0.0,
2021-12-09,4357.75,4357.75,4320.0,4324.7998046875,0.0,0.0,0.0,
2021-12-10,4391.0,4391.0,4305.0,4309.9501953125,0.0,0.0,0.0,
2021-12-13,4326.64990234375,4346.9501953125,4285.0,4336.9501953125,0.0,0.0,0.0,
2021-12-14,4354.85009765625,4354.85009765625,4272.0,4300.0498046875,0.0,0.0,0.0,
2021-12-15,4261.0498046875,4335.39990234375,4261.0,4320.0,0.0,0.0,0.0,
2021-12-16,4499.89990234375,4499.89990234375,4315.0498046875,4353.0,0.0,0.0,0.0,
2021-12-17,4362.64990234375,4400.0498046875,4314.25,4398.2001953125,0.0,0.0,0.0,
2021-12-20,4397.9501953125,4408.60009765625,4312.25,4345.75,0.0,0.0,0.0,
2021-12-21,4345.7998046875,4345.7998046875,4320.0,4341.75,0.0,0.0,0.0,
2021-12-22,4310.0498046875,4399.0,4310.0,4330.60009765625,0.0,0.0,0.0,
2021-12-23,4335.0498046875,4337.2998046875,4255.0,4297.75,0.0,0.0,0.0,
2021-12-24,4319.85009765625,4320.0,4311.0,4314.0498046875,0.0,0.0,0.0,
2021-12-27,4310.0,4354.89990234375,4309.10009765625,4340.0,0.0,0.0,0.0,
2021-12-28,4315.0498046875,4348.0,4305.0,4348.0,0.0,0.0,0.0,
2021-12-29,4313.35009765625,4339.9501953125,4313.35009765625,4325.0,0.0,0.0,0.0,
2021-12-30,4329.14990234375,4329.14990234375,4295.0,4298.60009765625,0.0,0.0,0.0,
2021-12-31,4362.9501953125,4362.9501953125,4308.85009765625,4308.85009765625,0.0,0.0,0.0,
2022-01-03,4301.0498046875,4363.9501953125,4301.0498046875,4350.64990234375,0.0,0.0,0.0,
2022-01-04,4313.25,4364.0,4297.7998046875,4315.85009765625,0.0,0.0,0.0,
2022-01-05,4362.9501953125,4390.0,4301.0,4350.75,0.0,0.0,0.0,
2022-01-06,4341.2001953125,4341.2001953125,4262.0,4299.14990234375,0.0,0.0,0.0,
2022-01-07,4292.9501953125,4341.0,4250.0,4339.60009765625,0.0,0.0,0.0,
2022-01-10,4300.0498046875,4300.0498046875,4254.9501953125,4283.2998046875,0.0,0.0,0.0,
2022-01-11,4264.0498046875,4288.0,4264.0,4270.0,0.0,0.0,0.0,
2022-01-12,4272.9501953125,4309.89990234375,4272.89990234375,4309.60009765625,0.0,0.0,0.0,
2022-01-13,4289.10009765625,4328.0,4262.0,4305.0,0.0,0.0,0.0,
2022-01-14,4333.9501953125,4349.9501953125,4333.9501953125,4349.9501953125,0.0,0.0,0.0,
2022-01-17,4395.0,4395.0,4308.39990234375,4330.0,0.0,0.0,0.0,
2022-01-18,4325.0,4327.5498046875,4315.0,4324.35009765625,0.0,0.0,0.0,
2022-01-19,4319.9501953125,4335.0,4302.7998046875,4335.0,0.0,0.0,0.0,
2022-01-20,4361.39990234375,4400.0,4361.0,4381.39990234375,0.0,0.0,0.0,
2022-01-21,4347.60009765625,4377.14990234375,4301.2998046875,4369.9501953125,0.0,0.0,0.0,
2022-01-24,4599.89990234375,5199.60009765625,4252.0,4365.5498046875,0.0,0.0,0.0,
2022-01-25,4339.0,4389.9501953125,4339.0,4388.0498046875,0.0,0.0,0.0,
2022-01-27,4475.85009765625,4475.85009765625,4327.14990234375,4354.2001953125,0.0,0.0,0.0,
2022-01-28,4338.9501953125,4338.9501953125,4289.39990234375,4293.0,0.0,0.0,0.0,
2022-01-31,4258.5,4360.0,4252.25,4257.4501953125,0.0,0.0,0.0,
2022-02-01,4261.0498046875,4348.7001953125,4261.0,4348.39990234375,0.0,0.0,0.0,
2022-02-02,4344.9501953125,4344.9501953125,4290.0,4300.0498046875,0.0,0.0,0.0,
2022-02-03,4300.0498046875,4300.0498046875,4300.0498046875,4300.0498046875,0.0,0.0,0.0,
2022-02-04,4306.2998046875,4310.0,4271.0,4293.14990234375,0.0,0.0,0.0,
2022-02-07,4365.9501953125,4372.7998046875,4302.0,4360.9501953125,0.0,0.0,0.0,
2022-02-08,4349.9501953125,4349.9501953125,4320.0,4334.25,0.0,0.0,0.0,
2022-02-09,4345.0498046875,4363.7001953125,4345.0,4359.7998046875,0.0,0.0,0.0,
2022-02-10,4370.0,4389.2998046875,4321.35009765625,4339.4501953125,0.0,0.0,0.0,
2022-02-11,4366.64990234375,4389.7001953125,4339.9501953125,4389.7001953125,0.0,0.0,0.0,
2022-02-14,4392.89990234375,4495.7001953125,4389.7001953125,4408.9501953125,0.0,0.0,0.0,
2022-02-15,4454.7001953125,4530.0,4419.0,4438.4501953125,0.0,0.0,0.0,
2022-02-16,4305.25,4445.0,4305.25,4443.7001953125,0.0,0.0,0.0,
2022-02-17,4443.64990234375,4525.0,4443.64990234375,4514.25,0.0,0.0,0.0,
2022-02-18,4510.0,4510.0498046875,4475.0,4502.7001953125,0.0,0.0,0.0,
2022-02-21,4489.0,4500.0,4442.2001953125,4496.35009765625,0.0,0.0,0.0,
2022-02-22,4499.64990234375,4590.2998046875,4452.0,4520.0,0.0,0.0,0.0,
2022-02-23,4520.0498046875,4520.0498046875,4451.39990234375,4498.9501953125,0.0,0.0,0.0,
2022-02-24,4634.0,5050.0,4526.2998046875,4744.35009765625,0.0,0.0,0.0,
2022-02-25,4668.9501953125,5299.7998046875,4529.9501953125,4586.5,0.0,0.0,0.0,
2022-02-28,5499.89990234375,5499.89990234375,4502.0,4543.9501953125,0.0,0.0,0.0,
2022-03-02,4577.14990234375,4650.0,4572.7998046875,4644.75,0.0,0.0,0.0,
2022-03-03,4612.75,4673.89990234375,4502.0,4557.4501953125,0.0,0.0,0.0,
2022-03-04,4706.25,4706.25,4590.2998046875,4660.10009765625,0.0,0.0,0.0,
2022-03-07,5068.2998046875,5579.89990234375,4700.0,4849.0498046875,0.0,0.0,0.0,
2022-03-08,4946.0498046875,4946.0498046875,4732.0,4852.89990234375,0.0,0.0,0.0,
2022-03-09,4858.9501953125,4924.0,4702.2998046875,4827.60009765625,0.0,0.0,0.0,
2022-03-10,4522.0498046875,4798.9501953125,4522.0498046875,4679.64990234375,0.0,0.0,0.0,
2022-03-11,4794.25,4799.0,4673.14990234375,4738.0,0.0,0.0,0.0,
2022-03-14,4790.9501953125,4790.9501953125,4649.9501953125,4681.7998046875,0.0,0.0,0.0,
2022-03-15,4639.0,4648.85009765625,4575.10009765625,4617.25,0.0,0.0,0.0,
2022-03-16,4617.0,4618.0498046875,4570.10009765625,4615.7998046875,0.0,0.0,0.0,
2022-03-17,4553.0498046875,4665.9501953125,4553.0498046875,4628.0,0.0,0.0,0.0,
2022-03-21,4665.9501953125,4665.9501953125,4562.0,4621.0498046875,0.0,0.0,0.0,
2022-03-22,4692.35009765625,4692.35009765625,4591.0498046875,4614.0,0.0,0.0,0.0,
2022-03-23,4615.0,4615.0,4538.9501953125,4609.14990234375,0.0,0.0,0.0,
2022-03-24,4615.0498046875,4635.0,4601.0,4630.0,0.0,0.0,0.0,
2022-03-25,4635.0,4665.0,4626.60009765625,4663.7998046875,0.0,0.0,0.0,
2022-03-28,4663.9501953125,4695.5498046875,4610.0498046875,4635.14990234375,0.0,0.0,0.0,
2022-03-29,4656.7998046875,4656.7998046875,4561.0,4597.0,0.0,0.0,0.0,
2022-03-30,4584.10009765625,4593.9501953125,4521.9501953125,4560.0,0.0,0.0,0.0,
2022-03-31,4598.9501953125,4615.0,4506.39990234375,4553.5,0.0,0.0,0.0,
2022-04-01,4599.9501953125,4632.25,4590.0,4619.0498046875,0.0,0.0,0.0,
2022-04-04,4786.0,4786.0,4588.60009765625,4620.85009765625,0.0,0.0,0.0,
2022-04-05,4620.75,4627.0498046875,4601.0498046875,4626.85009765625,0.0,0.0,0.0,
2022-04-06,4643.9501953125,4650.0498046875,4591.0498046875,4643.14990234375,0.0,0.0,0.0,
2022-04-07,4689.0,4689.0,4629.0,4657.7001953125,0.0,0.0,0.0,
2022-04-08,4592.85009765625,4998.0,4592.85009765625,4709.14990234375,0.0,0.0,0.0,
2022-04-11,4706.7001953125,4850.0,4632.0,4684.0498046875,0.0,0.0,0.0,
2022-04-12,4726.39990234375,4750.0498046875,4675.75,4733.0498046875,0.0,0.0,0.0,
2022-04-13,4827.75,4827.75,4747.75,4767.0,0.0,0.0,0.0,
2022-04-18,4769.89990234375,4800.0,4769.89990234375,4787.0498046875,0.0,0.0,0.0,
2022-04-19,4780.7001953125,4800.0498046875,4745.2001953125,4798.35009765625,0.0,0.0,0.0,
2022-04-20,4781.75,4781.75,4678.7001953125,4719.39990234375,0.0,0.0,0.0,
2022-04-21,4768.9501953125,4768.9501953125,4691.0,4709.10009765625,0.0,0.0,0.0,
2022-04-22,4711.0498046875,4740.0,4691.2998046875,4700.0,0.0,0.0,0.0,
2022-04-25,4700.0498046875,4718.60009765625,4655.0,4698.85009765625,0.0,0.0,0.0,
2022-04-26,4665.0498046875,4665.0498046875,4630.60009765625,4664.7998046875,0.0,0.0,0.0,
2022-04-27,4659.35009765625,4659.35009765625,4626.0,4646.0,0.0,0.0,0.0,
2022-04-28,4630.0,4645.0,4566.64990234375,4627.0,0.0,0.0,0.0,
2022-04-29,4679.85009765625,4848.0,4622.10009765625,4686.5498046875,0.0,0.0,0.0,
2022-05-02,4639.0,4671.60009765625,4593.0,4599.75,0.0,0.0,0.0,
2022-05-04,4699.0,4699.9501953125,4565.0498046875,4566.25,0.0,0.0,0.0,
2022-05-05,4616.0,4665.9501953125,4600.0498046875,4620.10009765625,0.0,0.0,0.0,
2022-05-06,4631.2998046875,4768.9501953125,4612.89990234375,4686.25,0.0,0.0,0.0,
2022-05-09,4644.75,4698.0,4630.0,4642.4501953125,0.0,0.0,0.0,
2022-05-10,4630.0498046875,4630.0498046875,4591.10009765625,4629.85009765625,0.0,0.0,0.0,
2022-05-11,4550.2001953125,4629.0,4550.2001953125,4608.60009765625,0.0,0.0,0.0,
2022-05-12,4624.9501953125,4664.0,4552.0,4608.85009765625,0.0,0.0,0.0,
2022-05-13,4597.9501953125,4597.9501953125,4535.0498046875,4535.0498046875,0.0,0.0,0.0,
2022-05-16,4522.75,4588.0,4491.0,4524.14990234375,0.0,0.0,0.0,
2022-05-17,4547.9501953125,4589.0,4525.0498046875,4586.89990234375,0.0,0.0,0.0,
2022-05-18,4530.0498046875,4536.5498046875,4491.0,4501.2998046875,0.0,0.0,0.0,
2022-05-19,4591.39990234375,4591.39990234375,4471.0,4484.25,0.0,0.0,0.0,
2022-05-20,4530.0498046875,4573.75,4530.0498046875,4573.75,0.0,0.0,0.0,
2022-05-23,4600.0,4716.0,4600.0,4614.5498046875,0.0,0.0,0.0,
2022-05-24,4639.9501953125,4639.9501953125,4570.85009765625,4601.9501953125,0.0,0.0,0.0,
2022-05-25,4634.9501953125,4635.0,4558.0,4583.64990234375,0.0,0.0,0.0,
2022-05-26,4521.0,4570.0,4521.0,4542.0,0.0,0.0,0.0,
2022-05-27,4608.9501953125,4608.9501953125,4574.7001953125,4608.0,0.0,0.0,0.0,
2022-05-30,4608.0,4648.0,4561.0498046875,4577.0,0.0,0.0,0.0,
2022-05-31,4588.39990234375,4600.0,4587.9501953125,4595.0,0.0,0.0,0.0,
2022-06-01,4559.85009765625,4570.0,4503.0,4523.9501953125,0.0,0.0,0.0,
2022-06-02,4570.0,4590.0,4550.0,4578.75,0.0,0.0,0.0,
2022-06-03,4684.0,4684.0,4578.75,4654.39990234375,0.0,0.0,0.0,
2022-06-06,4689.0,4689.0,4595.2001953125,4603.5,0.0,0.0,0.0,
2022-06-07,4589.0,4590.0,4561.0,4589.35009765625,0.0,0.0,0.0,
2022-06-08,4588.9501953125,4598.9501953125,4562.0498046875,4589.60009765625,0.0,0.0,0.0,
2022-06-09,4641.0,4641.0,4575.0498046875,4590.75,0.0,0.0,0.0,
2022-06-10,4640.9501953125,4640.9501953125,4562.85009765625,4579.75,0.0,0.0,0.0,
2022-06-13,4629.2001953125,4690.0,4601.0,4640.25,0.0,0.0,0.0,
2022-06-14,4595.39990234375,4595.39990234375,4535.0,4544.7001953125,0.0,0.0,0.0,
2022-06-15,4539.0,4555.0,4522.10009765625,4554.89990234375,0.0,0.0,0.0,
2022-06-16,4544.9501953125,4570.0,4538.7001953125,4568.39990234375,0.0,0.0,0.0,
2022-06-17,4564.35009765625,4614.9501953125,4564.35009765625,4614.9501953125,0.0,0.0,0.0,
2022-06-20,4579.9501953125,4584.89990234375,4505.0,4531.75,0.0,0.0,0.0,
2022-06-21,4559.9501953125,4578.4501953125,4506.0,4530.75,0.0,0.0,0.0,
2022-06-22,4526.10009765625,4541.0,4471.2998046875,4501.0498046875,0.0,0.0,0.0,
2022-06-23,4545.0498046875,4580.0498046875,4545.0,4580.0,0.0,0.0,0.0,
2022-06-24,4530.0498046875,4590.0,4502.0,4588.75,0.0,0.0,0.0,
2022-06-27,4588.0,4607.10009765625,4560.0,4599.0,0.0,0.0,0.0,
2022-06-28,4598.9501953125,4614.7001953125,4541.2001953125,4613.39990234375,0.0,0.0,0.0,
2022-06-29,4641.0,4641.0,4538.9501953125,4572.7998046875,0.0,0.0,0.0,
2022-06-30,4636.0498046875,4660.0,4551.0,4573.85009765625,0.0,0.0,0.0,
2022-07-01,4615.9501953125,4698.0,4580.0498046875,4688.9501953125,0.0,0.0,0.0,
2022-07-04,4773.9501953125,4791.0,4685.14990234375,4709.0,0.0,0.0,0.0,
2022-07-05,4704.9501953125,4704.9501953125,4684.9501953125,4685.0,0.0,0.0,0.0,
2022-07-06,4639.0,4639.0,4568.4501953125,4600.0,0.0,0.0,0.0,
2022-07-07,4537.0498046875,4559.9501953125,4521.0,4538.5498046875,0.0,0.0,0.0,
2022-07-08,4579.9501953125,4594.0,4540.0,4566.2998046875,0.0,0.0,0.0,
2022-07-11,4638.0,4638.0,4511.2001953125,4575.0,0.0,0.0,0.0,
2022-07-12,4545.2001953125,4599.9501953125,4545.2001953125,4575.0,0.0,0.0,0.0,
2022-07-13,4539.0,4560.0498046875,4522.0,4555.89990234375,0.0,0.0,0.0,
2022-07-14,4544.2001953125,4544.2001953125,4510.0498046875,4530.60009765625,0.0,0.0,0.0,
2022-07-15,4534.9501953125,4534.9501953125,4485.10009765625,4515.5,0.0,0.0,0.0,
2022-07-18,4498.2998046875,4557.2001953125,4490.0,4555.10009765625,0.0,0.0,0.0,
2022-07-19,4539.5498046875,4540.0,4506.60009765625,4539.0,0.0,0.0,0.0,
2022-07-20,4526.2998046875,4588.9501953125,4511.0,4539.85009765625,0.0,0.0,0.0,
2022-07-21,4544.9501953125,4589.0,4515.14990234375,4547.7998046875,0.0,0.0,0.0,
2022-07-22,4592.9501953125,4592.9501953125,4525.0,4577.85009765625,0.0,0.0,0.0,
2022-07-25,4551.0498046875,4638.0,4551.0498046875,4613.7998046875,0.0,0.0,0.0,
2022-07-26,4612.5,4613.0,4612.5,4612.9501953125,0.0,0.0,0.0,
2022-07-27,4550.0498046875,4618.7998046875,4517.0,4562.0,0.0,0.0,0.0,
2022-07-28,4638.0,4638.0,4557.39990234375,4599.7001953125,0.0,0.0,0.0,
2022-07-29,4590.0498046875,4638.0,4590.0498046875,4638.0,0.0,0.0,0.0,
2022-08-01,4619.9501953125,4645.0,4600.0498046875,4639.39990234375,0.0,0.0,0.0,
2022-08-02,4665.14990234375,4665.14990234375,4556.0,4587.9501953125,0.0,0.0,0.0,
2022-08-03,4608.9501953125,4620.0,4607.9501953125,4619.9501953125,0.0,0.0,0.0,
2022-08-04,4619.89990234375,4646.0,4589.0,4635.0,0.0,0.0,0.0,
2022-08-05,4693.9501953125,4696.0,4639.35009765625,4669.39990234375,0.0,0.0,0.0,
2022-08-08,4600.0,4763.9501953125,4562.0,4628.9501953125,0.0,0.0,0.0,
2022-08-10,4632.10009765625,4664.0,4600.0498046875,4659.0,0.0,0.0,0.0,
2022-08-11,4659.0,4659.0,4659.0,4659.0,0.0,0.0,0.0,
2022-08-12,4678.25,4700.0498046875,4660.0,4698.89990234375,0.0,0.0,0.0,
2022-08-16,4698.85009765625,4698.85009765625,4650.0,4655.0,0.0,0.0,0.0,
2022-08-17,4655.0,4669.5,4655.0,4669.5,0.0,0.0,0.0,
2022-08-18,4612.10009765625,4688.0,4605.0,4667.0,0.0,0.0,0.0,
2022-08-19,4640.85009765625,4640.85009765625,4624.9501953125,4631.5,0.0,0.0,0.0,
2022-08-22,4644.0,4644.0,4552.25,4582.2998046875,0.0,0.0,0.0,
2022-08-23,4592.0498046875,4608.9501953125,4555.0,4590.0,0.0,0.0,0.0,
2022-08-24,4559.85009765625,4729.9501953125,4529.9501953125,4710.0,0.0,0.0,0.0,
2022-08-25,4514.25,4646.2001953125,4512.0,4630.14990234375,0.0,0.0,0.0,
2022-08-26,4638.7998046875,4638.7998046875,4609.0,4609.0,0.0,0.0,0.0,
2022-08-29,4606.60009765625,4609.9501953125,4577.9501953125,4578.35009765625,0.0,0.0,0.0,
2022-08-30,4516.0,4684.0,4516.0,4579.14990234375,0.0,0.0,0.0,
2022-09-01,4559.9501953125,4562.2001953125,4522.5,4530.0,0.0,0.0,0.0,
2022-09-02,4530.0,4530.0,4514.0,4528.7998046875,0.0,0.0,0.0,
2022-09-05,4578.9501953125,4579.0,4566.75,4568.0,0.0,0.0,0.0,
2022-09-06,4564.25,4570.0,4526.0,4546.7998046875,0.0,0.0,0.0,
2022-09-07,4542.9501953125,4560.0,4501.35009765625,4541.2998046875,0.0,0.0,0.0,
2022-09-08,4560.0498046875,4560.0498046875,4531.0,4544.64990234375,0.0,0.0,0.0,
2022-09-09,4587.10009765625,4595.0,4555.0,4555.0,0.0,0.0,0.0,
2022-09-12,4558.5,4558.5,4532.0,4538.25,0.0,0.0,0.0,
2022-09-13,4538.25,4559.89990234375,4503.0498046875,4552.39990234375,0.0,0.0,0.0,
2022-09-14,4510.0,4537.0,4501.10009765625,4537.0,0.0,0.0,0.0,
2022-09-15,4470.4501953125,4520.0,4470.4501953125,4479.35009765625,0.0,0.0,0.0,
2022-09-16,4465.7001953125,4477.0,4414.9501953125,4421.35009765625,0.0,0.0,0.0,
2022-09-19,4448.0498046875,4448.0498046875,4405.0,4405.0,0.0,0.0,0.0,
2022-09-20,4477.9501953125,4477.9501953125,4435.0,4443.25,0.0,0.0,0.0,
2022-09-21,4428.10009765625,4499.0,4428.10009765625,4474.64990234375,0.0,0.0,0.0,
2022-09-22,4400.0498046875,4547.9501953125,4400.0498046875,4542.9501953125,0.0,0.0,0.0,
2022-09-23,4488.5,4488.5,4441.0,4456.14990234375,0.0,0.0,0.0,
2022-09-26,4450.0498046875,4454.9501953125,4402.0,4413.25,0.0,0.0,0.0,
2022-09-27,4442.2001953125,4449.0,4424.89990234375,4424.89990234375,0.0,0.0,0.0,
2022-09-28,4424.89990234375,4424.89990234375,4424.89990234375,4424.89990234375,0.0,0.0,0.0,
2022-09-29,4466.5498046875,4477.0498046875,4451.0,4462.5,0.0,0.0,0.0,
2022-09-30,4504.7998046875,4520.0498046875,4490.0,4519.89990234375,0.0,0.0,0.0,
2022-10-03,4568.0,4568.0,4500.0498046875,4510.0,0.0,0.0,0.0,
2022-10-04,4565.9501953125,4580.0,4500.0,4577.2998046875,0.0,0.0,0.0,
2022-10-06,4714.64990234375,4714.64990234375,4562.0,4682.10009765625,0.0,0.0,0.0,
2022-10-07,4662.10009765625,4662.10009765625,4602.0498046875,4640.35009765625,0.0,0.0,0.0,
2022-10-10,4680.9501953125,4680.9501953125,4550.0,4568.9501953125,0.0,0.0,0.0,
2022-10-11,4555.39990234375,4555.39990234375,4512.0,4524.5,0.0,0.0,0.0,
2022-10-12,4550.0,4550.0,4513.0,4513.0,0.0,0.0,0.0,
2022-10-13,4555.89990234375,4561.0,4555.89990234375,4560.0498046875,0.0,0.0,0.0,
2022-10-14,4605.7998046875,4608.7998046875,4512.0,4514.85009765625,0.0,0.0,0.0,
2022-10-17,4591.0,4591.0,4510.25,4515.0,0.0,0.0,0.0,
2022-10-18,4522.64990234375,4586.89990234375,4500.0,4532.60009765625,0.0,0.0,0.0,
2022-10-19,4510.35009765625,4510.35009765625,4480.0,4482.5498046875,0.0,0.0,0.0,
2022-10-20,4524.0,4565.0,4473.0,4488.4501953125,0.0,0.0,0.0,
2022-10-21,4494.2001953125,4500.89990234375,4451.35009765625,4451.35009765625,0.0,0.0,0.0,
2022-10-24,4569.0,4598.0,4495.0,4552.2001953125,0.0,0.0,0.0,
2022-10-25,4548.2001953125,4562.9501953125,4535.0,4535.0,0.0,0.0,0.0,
2022-10-27,4522.10009765625,4560.0,4515.0,4544.0498046875,0.0,0.0,0.0,
2022-10-28,4565.2998046875,4565.2998046875,4502.0,4520.0,0.0,0.0,0.0,
2022-10-31,4529.7998046875,4529.7998046875,4501.9501953125,4509.2001953125,0.0,0.0,0.0,
2022-11-01,4556.5498046875,4556.5498046875,4472.0,4495.39990234375,0.0,0.0,0.0,
2022-11-02,4524.9501953125,4535.0498046875,4524.9501953125,4530.0498046875,0.0,0.0,0.0,
2022-11-03,4547.89990234375,4549.0,4480.60009765625,4481.4501953125,0.0,0.0,0.0,
2022-11-04,4480.35009765625,4520.9501953125,4480.35009765625,4510.25,0.0,0.0,0.0,
2022-11-07,4587.9501953125,4627.9501953125,4517.10009765625,4567.0,0.0,0.0,0.0,
2022-11-09,4619.9501953125,4620.0,4561.0,4599.9501953125,0.0,0.0,0.0,
2022-11-10,4595.64990234375,4646.60009765625,4572.0,4605.89990234375,0.0,0.0,0.0,
2022-11-11,4671.5,4695.0,4622.0,4678.25,0.0,0.0,0.0,
2022-11-14,4740.9501953125,4741.0,4606.0,4681.0,0.0,0.0,0.0,
2022-11-15,4681.0,4713.10009765625,4681.0,4711.0,0.0,0.0,0.0,
2022-11-16,4682.0498046875,4724.0,4682.0,4719.10009765625,0.0,0.0,0.0,
2022-11-17,4731.89990234375,4735.0,4700.0,4730.89990234375,0.0,0.0,0.0,
2022-11-18,4727.9501953125,4779.0,4710.10009765625,4726.0,0.0,0.0,0.0,
2022-11-21,4704.9501953125,4725.0,4668.2001953125,4689.9501953125,0.0,0.0,0.0,
2022-11-22,4697.89990234375,4697.89990234375,4670.0,4670.0498046875,0.0,0.0,0.0,
2022-11-23,4697.89990234375,4697.89990234375,4650.0,4662.85009765625,0.0,0.0,0.0,
2022-11-24,4660.35009765625,4716.85009765625,4660.2998046875,4701.0498046875,0.0,0.0,0.0,
2022-11-25,4691.0498046875,4708.9501953125,4675.0,4675.0,0.0,0.0,0.0,
2022-11-28,4706.5498046875,4775.0,4706.5498046875,4744.7998046875,0.0,0.0,0.0,
2022-11-29,4710.7001953125,4725.0,4700.0,4717.35009765625,0.0,0.0,0.0,
2022-11-30,4717.7001953125,4725.0,4704.10009765625,4724.9501953125,0.0,0.0,0.0,
2022-12-01,4799.0,4799.0,4722.25,4739.9501953125,0.0,0.0,0.0,
2022-12-02,4739.0,4779.0,4739.0,4770.10009765625,0.0,0.0,0.0,
2022-12-05,4865.5,4865.5,4790.0,4790.0,0.0,0.0,0.0,
2022-12-06,4800.0498046875,4800.0498046875,4740.10009765625,4794.89990234375,0.0,0.0,0.0,
2022-12-07,4751.35009765625,4797.0,4751.35009765625,4796.9501953125,0.0,0.0,0.0,
2022-12-08,4771.10009765625,4819.0,4771.0,4771.2998046875,0.0,0.0,0.0,
2022-12-09,4809.7001953125,4810.0,4809.7001953125,4810.0,0.0,0.0,0.0,
2022-12-12,4810.0,4827.0,4791.0498046875,4824.39990234375,0.0,0.0,0.0,
2022-12-13,4824.7001953125,4824.7001953125,4808.0,4810.0,0.0,0.0,0.0,
2022-12-14,4824.0498046875,4854.85009765625,4824.0498046875,4840.0,0.0,0.0,0.0,
2022-12-15,4794.5,4850.9501953125,4790.10009765625,4795.85009765625,0.0,0.0,0.0,
2022-12-16,4788.10009765625,4820.0,4788.10009765625,4817.60009765625,0.0,0.0,0.0,
2022-12-19,4847.89990234375,4847.9501953125,4824.10009765625,4847.9501953125,0.0,0.0,0.0,
2022-12-20,4847.89990234375,4920.0498046875,4822.39990234375,4907.64990234375,0.0,0.0,0.0,
2022-12-21,4897.9501953125,4900.0,4881.0,4889.2001953125,0.0,0.0,0.0,
2022-12-22,4889.39990234375,4889.39990234375,4880.10009765625,4880.10009765625,0.0,0.0,0.0,
2022-12-23,4880.14990234375,4880.14990234375,4879.0,4879.0,0.0,0.0,0.0,
2022-12-26,4879.9501953125,4900.0,4865.5,4880.60009765625,0.0,0.0,0.0,
2022-12-27,4899.39990234375,4931.89990234375,4848.10009765625,4887.7998046875,0.0,0.0,0.0,
2022-12-28,4940.9501953125,4940.9501953125,4852.0498046875,4855.7001953125,0.0,0.0,0.0,
2022-12-29,4852.0,4861.0,4852.0,4855.0,0.0,0.0,0.0,
2022-12-30,4894.5498046875,4894.60009765625,4875.0,4875.9501953125,0.0,0.0,0.0,
2023-01-02,4969.0,4969.0,4894.5498046875,4922.39990234375,0.0,0.0,0.0,
2023-01-03,4922.35009765625,5001.0498046875,4922.35009765625,4985.5498046875,0.0,0.0,0.0,
2023-01-04,4998.25,5050.0,4961.0498046875,5038.2001953125,0.0,0.0,0.0,
2023-01-05,5022.60009765625,5022.60009765625,4961.0,4968.60009765625,0.0,0.0,0.0,
2023-01-06,4960.35009765625,4960.35009765625,4902.0,4945.7998046875,0.0,0.0,0.0,
2023-01-09,4962.0498046875,5071.35009765625,4962.0,5027.5,0.0,0.0,0.0,
2023-01-10,5087.9501953125,5540.10009765625,4966.0,5004.0498046875,0.0,0.0,0.0,
2023-01-11,5012.89990234375,5015.0,4986.0498046875,5014.5,0.0,0.0,0.0,
2023-01-12,5030.0,5030.0,4990.2998046875,5024.7998046875,0.0,0.0,0.0,
2023-01-13,5091.0,5091.0,5001.0,5013.4501953125,0.0,0.0,0.0,
2023-01-16,5046.60009765625,5100.0498046875,5046.60009765625,5096.25,0.0,0.0,0.0,
2023-01-17,5080.35009765625,5091.89990234375,5031.0,5045.0,0.0,0.0,0.0,
2023-01-18,5020.35009765625,5063.85009765625,5020.35009765625,5051.39990234375,0.0,0.0,0.0,
2023-01-19,5051.39990234375,5099.9501953125,5011.0,5081.89990234375,0.0,0.0,0.0,
2023-01-20,5089.85009765625,5089.89990234375,5063.0,5072.85009765625,0.0,0.0,0.0,
2023-01-23,5071.9501953125,5125.0,5060.10009765625,5114.60009765625,0.0,0.0,0.0,
2023-01-24,5268.0498046875,5268.0498046875,5081.35009765625,5087.14990234375,0.0,0.0,0.0,
2023-01-25,5081.2998046875,5115.0498046875,5066.0498046875,5104.2001953125,0.0,0.0,0.0,
2023-01-27,5104.2001953125,5104.2001953125,5022.0498046875,5042.0,0.0,0.0,0.0,
2023-01-30,5046.0498046875,5099.9501953125,5046.0498046875,5090.0,0.0,0.0,0.0,
2023-01-31,5067.85009765625,5106.60009765625,5050.64990234375,5093.9501953125,0.0,0.0,0.0,
2023-02-01,5090.7001953125,5150.0,5071.0498046875,5136.4501953125,0.0,0.0,0.0,
2023-02-02,5151.35009765625,5238.7001953125,5151.35009765625,5238.7001953125,0.0,0.0,0.0,
2023-02-03,5252.39990234375,5252.39990234375,5140.35009765625,5149.75,0.0,0.0,0.0,
2023-02-06,5144.9501953125,5146.0,5082.0498046875,5125.0,0.0,0.0,0.0,
2023-02-07,5111.60009765625,5128.0498046875,5110.5,5110.5,0.0,0.0,0.0,
2023-02-08,5120.4501953125,5120.5,5110.9501953125,5112.0498046875,0.0,0.0,0.0,
2023-02-09,5129.10009765625,5146.85009765625,5115.0498046875,5139.7001953125,0.0,0.0,0.0,
2023-02-10,5090.0498046875,5114.5498046875,5050.0,5051.75,0.0,0.0,0.0,
2023-02-13,5051.75,5100.0,5051.75,5063.75,0.0,0.0,0.0,
2023-02-14,5050.35009765625,5075.39990234375,5029.5498046875,5064.10009765625,0.0,0.0,0.0,
2023-02-15,5050.2998046875,5050.2998046875,5001.35009765625,5013.10009765625,0.0,0.0,0.0,
2023-02-16,5011.0498046875,5039.89990234375,4996.0,5025.0,0.0,0.0,0.0,
2023-02-17,5008.60009765625,5040.0,4990.0498046875,5002.0,0.0,0.0,0.0,
2023-02-20,5021.39990234375,5059.75,5021.39990234375,5051.35009765625,0.0,0.0,0.0,
2023-02-21,5051.2998046875,5051.2998046875,5018.0,5019.14990234375,0.0,0.0,0.0,
2023-02-22,5012.10009765625,5030.0,5005.0,5030.0,0.0,0.0,0.0,
2023-02-23,5099.89990234375,5099.9501953125,4982.39990234375,4995.60009765625,0.0,0.0,0.0,
2023-02-24,5015.9501953125,5016.0,5015.9501953125,5015.9501953125,0.0,0.0,0.0,
2023-02-27,4911.0,4990.2998046875,4905.0,4966.64990234375,0.0,0.0,0.0,
2023-02-28,4962.0498046875,4978.0,4906.0498046875,4957.14990234375,0.0,0.0,0.0,
2023-03-01,4980.0498046875,5010.0,4980.0498046875,5008.7001953125,0.0,0.0,0.0,
2023-03-02,5005.10009765625,5005.10009765625,4975.14990234375,4993.85009765625,0.0,0.0,0.0,
2023-03-03,4993.85009765625,4993.85009765625,4993.85009765625,4993.85009765625,0.0,0.0,0.0,
2023-03-06,5046.5498046875,5046.5498046875,4988.5498046875,5000.0,0.0,0.0,0.0,
2023-03-08,4988.0,4988.0,4906.14990234375,4929.35009765625,0.0,0.0,0.0,
2023-03-09,4944.75,4944.75,4883.0,4883.10009765625,0.0,0.0,0.0,
2023-03-10,4926.60009765625,4990.4501953125,4926.60009765625,4985.5,0.0,0.0,0.0,
2023-03-13,5076.0,5076.60009765625,5017.5498046875,5046.64990234375,0.0,0.0,0.0,
2023-03-14,5080.7001953125,5086.64990234375,5051.0,5076.9501953125,0.0,0.0,0.0,
2023-03-15,5052.0498046875,5146.60009765625,5052.0498046875,5110.35009765625,0.0,0.0,0.0,
2023-03-16,5164.85009765625,5264.39990234375,5141.0,5170.5,0.0,0.0,0.0,
2023-03-17,5170.4501953125,5200.0498046875,5158.2998046875,5196.7001953125,0.0,0.0,0.0,
2023-03-20,5255.89990234375,5370.0,5255.89990234375,5337.39990234375,0.0,0.0,0.0,
2023-03-21,5317.39990234375,5320.0,5233.0,5238.7001953125,0.0,0.0,0.0,
2023-03-22,5219.89990234375,5250.0,5200.4501953125,5229.4501953125,0.0,0.0,0.0,
2023-03-23,5244.10009765625,5275.2998046875,5202.25,5223.0,0.0,0.0,0.0,
2023-03-24,5256.5498046875,5349.0,5256.5498046875,5328.75,0.0,0.0,0.0,
2023-03-27,5300.0,5300.0,5245.0,5265.0,0.0,0.0,0.0,
2023-03-28,5281.9501953125,5281.9501953125,5230.2998046875,5231.7001953125,0.0,0.0,0.0,
2023-03-29,5260.0498046875,5324.0,5220.7001953125,5285.85009765625,0.0,0.0,0.0,
2023-03-31,5303.75,5349.89990234375,5290.0498046875,5339.75,0.0,0.0,0.0,
2023-04-03,5328.7001953125,5328.7001953125,5274.9501953125,5299.75,0.0,0.0,0.0,
2023-04-05,5375.64990234375,5449.9501953125,5375.64990234375,5434.7998046875,0.0,0.0,0.0,
2023-04-06,5413.14990234375,5413.14990234375,5355.10009765625,5408.25,0.0,0.0,0.0,
2023-04-10,5399.9501953125,5399.9501953125,5319.0498046875,5359.2998046875,0.0,0.0,0.0,
2023-04-11,5393.89990234375,5393.89990234375,5350.7998046875,5360.14990234375,0.0,0.0,0.0,
2023-04-12,5490.9501953125,5490.9501953125,5362.25,5415.89990234375,0.0,0.0,0.0,
2023-04-13,5415.9501953125,5558.35009765625,5380.4501953125,5435.14990234375,0.0,0.0,0.0,
2023-04-17,5404.5498046875,5411.9501953125,5399.0,5402.25,0.0,0.0,0.0,
2023-04-18,5389.9501953125,5393.89990234375,5378.9501953125,5390.0,0.0,0.0,0.0,
2023-04-19,5389.9501953125,5390.0,5291.2998046875,5321.10009765625,0.0,0.0,0.0,
2023-04-20,5366.5,5403.75,5366.5,5390.0,0.0,0.0,0.0,
2023-04-21,5375.0498046875,5379.89990234375,5350.0,5350.14990234375,0.0,0.0,0.0,
2023-04-24,5383.9501953125,5383.9501953125,5314.0,5358.7998046875,0.0,0.0,0.0,
2023-04-25,5352.10009765625,5390.0,5321.0,5373.85009765625,0.0,0.0,0.0,
2023-04-26,5389.0,5393.9501953125,5350.10009765625,5384.39990234375,0.0,0.0,0.0,
2023-04-27,5376.10009765625,5380.0,5374.0,5379.2998046875,0.0,0.0,0.0,
2023-04-28,5302.25,5400.0,5272.25,5352.7001953125,0.0,0.0,0.0,
2023-05-02,5361.64990234375,5368.9501953125,5319.0498046875,5359.7001953125,0.0,0.0,0.0,
2023-05-03,5401.5498046875,5460.60009765625,5363.0,5441.39990234375,0.0,0.0,0.0,
2023-05-04,5466.5498046875,5496.0,5466.0,5495.0,0.0,0.0,0.0,
2023-05-05,5494.9501953125,5499.89990234375,5494.9501953125,5499.89990234375,0.0,0.0,0.0,
2023-05-08,5499.89990234375,5499.89990234375,5420.14990234375,5452.9501953125,0.0,0.0,0.0,
2023-05-09,5499.85009765625,5499.85009765625,5426.0498046875,5475.0,0.0,0.0,0.0,
2023-05-10,5523.89990234375,5523.89990234375,5452.2998046875,5484.9501953125,0.0,0.0,0.0,
2023-05-11,5483.9501953125,5484.0,5466.60009765625,5470.0,0.0,0.0,0.0,
2023-05-12,5459.39990234375,5459.39990234375,5352.0,5386.35009765625,0.0,0.0,0.0,
2023-05-15,5422.89990234375,5477.0498046875,5422.89990234375,5477.0,0.0,0.0,0.0,
2023-05-16,5473.89990234375,5473.89990234375,5421.0,5450.0,0.0,0.0,0.0,
2023-05-17,5418.5498046875,5418.5498046875,5380.0,5380.75,0.0,0.0,0.0,
2023-05-18,5399.9501953125,5404.0498046875,5399.9501953125,5403.7998046875,0.0,0.0,0.0,
2023-05-19,5352.10009765625,5399.89990234375,5343.2001953125,5379.0,0.0,0.0,0.0,
2023-05-22,5406.5498046875,5445.0,5406.5498046875,5445.0,0.0,0.0,0.0,
2023-05-23,5390.0498046875,5390.0498046875,5351.39990234375,5378.85009765625,0.0,0.0,0.0,
2023-05-24,5389.89990234375,5429.0,5389.89990234375,5410.0,223.0,0.0,0.0,
2023-05-25,5314.2001953125,5389.0498046875,5314.2001953125,5365.0,265.0,0.0,0.0,
2023-05-26,5346.10009765625,5390.0,5335.0498046875,5361.64990234375,55.0,0.0,0.0,
2023-05-29,5350.35009765625,5554.0,5302.35009765625,5397.5,198.0,0.0,0.0,
2023-05-30,5358.10009765625,5361.0,5330.10009765625,5361.0,60.0,0.0,0.0,
2023-05-31,5395.75,5464.89990234375,5320.2998046875,5379.5,613.0,0.0,0.0,
2023-06-01,5359.10009765625,5361.0,5335.5498046875,5340.0,195.0,0.0,0.0,
2023-06-02,5373.7998046875,5379.0,5344.0,5375.0,98.0,0.0,0.0,
2023-06-05,5330.10009765625,5330.10009765625,5288.4501953125,5293.85009765625,183.0,0.0,0.0,
2023-06-06,5330.0,5346.5498046875,5329.0,5329.89990234375,98.0,0.0,0.0,
2023-06-07,5320.10009765625,5346.5498046875,5320.10009765625,5342.2998046875,25.0,0.0,0.0,
2023-06-08,5262.35009765625,5307.64990234375,5262.2998046875,5276.39990234375,29.0,0.0,0.0,
2023-06-09,5323.14990234375,5338.0498046875,5320.0,5323.60009765625,68.0,0.0,0.0,
2023-06-12,5313.10009765625,5346.85009765625,5313.10009765625,5335.0,31.0,0.0,0.0,
2023-06-13,5304.9501953125,5329.9501953125,5304.9501953125,5313.10009765625,6.0,0.0,0.0,
2023-06-14,5313.10009765625,5313.10009765625,5250.0,5257.35009765625,75.0,0.0,0.0,
2023-06-15,5333.9501953125,5333.9501953125,5225.2998046875,5240.9501953125,30.0,0.0,0.0,
2023-06-16,5291.85009765625,5294.85009765625,5275.0,5279.0,812.0,0.0,0.0,
2023-06-19,5316.5498046875,5341.0,5230.2998046875,5262.0498046875,334.0,0.0,0.0,
2023-06-20,5262.0498046875,5280.0,5262.0498046875,5277.10009765625,9.0,0.0,0.0,
2023-06-21,5244.0498046875,5249.89990234375,5215.10009765625,5215.35009765625,173.0,0.0,0.0,
2023-06-22,5218.60009765625,5244.35009765625,5188.9501953125,5189.85009765625,221.0,0.0,0.0,
2023-06-23,5189.85009765625,5189.85009765625,5170.0,5181.5,57.0,0.0,0.0,
2023-06-26,5194.14990234375,5211.85009765625,5182.0,5187.60009765625,49.0,0.0,0.0,
2023-06-27,5187.60009765625,5187.60009765625,5187.60009765625,5187.60009765625,0.0,0.0,0.0,
2023-06-28,5161.10009765625,5198.35009765625,5151.39990234375,5187.0498046875,222.0,0.0,0.0,
2023-06-30,5189.60009765625,5189.60009765625,5140.35009765625,5150.25,32.0,0.0,0.0,
2023-07-03,5218.0,5218.0,5141.0,5159.35009765625,169.0,0.0,0.0,
2023-07-04,5213.9501953125,5220.0,5161.0498046875,5195.0498046875,554.0,0.0,0.0,
2023-07-05,5199.9501953125,5210.0498046875,5195.0,5197.5,416.0,0.0,0.0,
2023-07-06,5226.39990234375,5226.39990234375,5215.0,5218.35009765625,4.0,0.0,0.0,
2023-07-07,5201.7001953125,5219.39990234375,5187.60009765625,5219.39990234375,17.0,0.0,0.0,
2023-07-10,5269.0,5269.0,5202.0,5239.75,78.0,0.0,0.0,
2023-07-11,5274.85009765625,5300.0,5224.0498046875,5256.60009765625,52.0,0.0,0.0,
2023-07-12,5226.89990234375,5258.89990234375,5226.89990234375,5243.35009765625,54.0,0.0,0.0,
2023-07-13,5263.14990234375,5297.0,5231.2998046875,5284.60009765625,152.0,0.0,0.0,
2023-07-14,5285.0498046875,5299.0,5285.0,5285.0,260.0,0.0,0.0,
2023-07-17,5334.0,5334.0,5237.0,5262.0,333.0,0.0,0.0,
2023-07-18,5289.9501953125,5290.0,5260.2998046875,5285.0,180.0,0.0,0.0,
2023-07-19,5333.7001953125,5339.85009765625,5297.10009765625,5330.0498046875,194.0,0.0,0.0,
2023-07-20,5331.0498046875,5340.7001953125,5325.0,5331.35009765625,84.0,0.0,0.0,
2023-07-21,5319.25,5319.25,5280.0498046875,5281.0,28.0,0.0,0.0,
2023-07-24,5333.9501953125,5333.9501953125,5251.0,5271.25,36.0,0.0,0.0,
2023-07-25,5341.0,5341.0,5255.64990234375,5270.14990234375,16.0,0.0,0.0,
2023-07-26,5299.9501953125,5320.0,5290.0,5299.4501953125,9.0,0.0,0.0,
2023-07-27,5289.9501953125,5320.0498046875,5289.9501953125,5310.0,67.0,0.0,0.0,
2023-07-28,5290.2998046875,5290.9501953125,5260.35009765625,5279.60009765625,129.0,0.0,0.0,
2023-07-31,5315.7001953125,5332.75,5280.0498046875,5288.0,35.0,0.0,0.0,
2023-08-01,5294.5,5300.0,5294.5,5297.0,7.0,0.0,0.0,
2023-08-02,5340.39990234375,5340.39990234375,5270.10009765625,5301.9501953125,57.0,0.0,0.0,
2023-08-03,5290.35009765625,5290.35009765625,5272.0,5272.0498046875,24.0,0.0,0.0,
2023-08-04,5276.39990234375,5276.39990234375,5211.0,5261.64990234375,93.0,0.0,0.0,
2023-08-07,5270.0498046875,5285.85009765625,5260.0498046875,5267.5,31.0,0.0,0.0,
2023-08-08,5267.5,5279.9501953125,5267.5,5279.9501953125,13.0,0.0,0.0,
2023-08-09,5250.2001953125,5274.0,5250.10009765625,5274.0,13.0,0.0,0.0,
2023-08-10,5260.2998046875,5260.2998046875,5230.39990234375,5249.9501953125,12.0,0.0,0.0,
2023-08-11,5231.0498046875,5244.0,5219.9501953125,5244.0,42.0,0.0,0.0,
2023-08-14,5295.0,5295.0,5229.0498046875,5246.64990234375,19.0,0.0,0.0,
2023-08-16,5273.10009765625,5274.0,5210.14990234375,5210.14990234375,17.0,0.0,0.0,
2023-08-17,5200.35009765625,5210.0,5197.7001953125,5210.0,11.0,0.0,0.0,
2023-08-18,5200.2998046875,5216.4501953125,5170.35009765625,5200.0,37.0,0.0,0.0,
2023-08-21,5190.0,5200.0,5178.0,5200.0,11.0,0.0,0.0,
2023-08-22,5200.0498046875,5218.0498046875,5200.0498046875,5218.0,64.0,0.0,0.0,
2023-08-23,5225.9501953125,5225.9501953125,5190.35009765625,5212.7998046875,23.0,0.0,0.0,
2023-08-24,5212.0498046875,5212.0498046875,5211.9501953125,5212.0,186.0,0.0,0.0,
2023-08-25,5196.60009765625,5225.0,5196.60009765625,5216.0498046875,19.0,0.0,0.0,
2023-08-28,5216.0498046875,5216.9501953125,5216.0,5216.9501953125,31.0,0.0,0.0,
2023-08-29,5227.64990234375,5245.60009765625,5172.2001953125,5225.60009765625,61.0,0.0,0.0,
2023-08-30,5224.64990234375,5250.75,5182.2998046875,5241.64990234375,79.0,0.0,0.0,
2023-08-31,5245.64990234375,5275.39990234375,5245.64990234375,5255.0498046875,44.0,0.0,0.0,
2023-09-01,5245.9501953125,5263.35009765625,5245.9501953125,5252.0498046875,21.0,0.0,0.0,
2023-09-04,5263.64990234375,5299.89990234375,5263.64990234375,5299.5,40.0,0.0,0.0,
2023-09-05,5286.85009765625,5307.0,5262.0,5263.9501953125,211.0,0.0,0.0,
2023-09-06,5246.75,5268.0,5246.75,5250.0,206.0,0.0,0.0,
2023-09-07,5245.0498046875,5249.89990234375,5225.0,5226.85009765625,1375.0,0.0,0.0,
2023-09-08,5239.4501953125,5259.4501953125,5239.4501953125,5240.7001953125,32.0,0.0,0.0,
2023-09-11,5240.7001953125,5264.9501953125,5220.0,5226.0498046875,123.0,0.0,0.0,
2023-09-12,5225.5,5230.4501953125,5177.5498046875,5211.64990234375,104.0,0.0,0.0,
2023-09-13,5209.7998046875,5224.0,5196.60009765625,5223.9501953125,29.0,0.0,0.0,
2023-09-14,5224.5498046875,5231.9501953125,5181.39990234375,5195.39990234375,13.0,0.0,0.0,
2023-09-15,5228.5498046875,5228.60009765625,5215.0,5215.0,17.0,0.0,0.0,
2023-09-18,5212.89990234375,5259.2998046875,5198.10009765625,5240.10009765625,864.0,0.0,0.0,
2023-09-20,5232.39990234375,5268.7998046875,5232.35009765625,5267.9501953125,49.0,0.0,0.0,
2023-09-21,5201.5498046875,5251.64990234375,5162.60009765625,5240.0,338.0,0.0,0.0,
2023-09-22,5236.89990234375,5248.9501953125,5223.75,5232.0498046875,597.0,0.0,0.0,
2023-09-25,5224.7001953125,5268.0,5224.7001953125,5253.85009765625,312.0,0.0,0.0,
2023-09-26,5258.75,5268.2998046875,5212.75,5217.4501953125,256.0,0.0,0.0,
2023-09-27,5241.0,5241.0,5190.0,5190.0,134.0,0.0,0.0,
2023-09-28,5241.0,5241.0,5143.5498046875,5155.0,52.0,0.0,0.0,
2023-09-29,5122.2998046875,5150.0,5101.0498046875,5149.9501953125,55.0,0.0,0.0,
2023-10-03,5116.5498046875,5118.0,5051.0498046875,5067.9501953125,78.0,0.0,0.0,
2023-10-04,5063.14990234375,5063.14990234375,5005.0,5023.4501953125,40.0,0.0,0.0,
2023-10-05,5059.39990234375,5071.0,5040.25,5056.7998046875,81.0,0.0,0.0,
2023-10-06,5050.35009765625,5099.0,5036.0,5049.0498046875,144.0,0.0,0.0,
2023-10-09,5162.39990234375,5234.0,5117.35009765625,5140.0,76.0,0.0,0.0,
2023-10-10,5184.60009765625,5184.60009765625,5115.0,5132.5498046875,68.0,0.0,0.0,
2023-10-11,5147.39990234375,5158.89990234375,5090.0,5140.0,240.0,0.0,0.0,
2023-10-12,5137.2001953125,5178.0,5136.5498046875,5178.0,84.0,0.0,0.0,
2023-10-13,5178.0498046875,5185.0,5153.85009765625,5185.0,31.0,0.0,0.0,
2023-10-16,5249.85009765625,5263.89990234375,5221.0,5221.14990234375,80.0,0.0,0.0,
2023-10-17,5215.4501953125,5255.0,5215.4501953125,5239.89990234375,153.0,0.0,0.0,
2023-10-18,5271.85009765625,5316.60009765625,5253.7001953125,5297.7001953125,205.0,0.0,0.0,
2023-10-19,5295.10009765625,5337.0,5295.10009765625,5333.75,448.0,0.0,0.0,
2023-10-20,5362.0498046875,5369.9501953125,5350.0,5369.89990234375,243.0,0.0,0.0,
2023-10-23,5362.4501953125,5419.9501953125,5358.5,5414.5,89.0,0.0,0.0,
2023-10-25,5477.4501953125,5477.4501953125,5360.0,5368.0498046875,46.0,0.0,0.0,
2023-10-26,5399.75,5444.89990234375,5385.0,5402.0,27.0,0.0,0.0,
2023-10-27,5399.9501953125,5401.9501953125,5390.2998046875,5391.14990234375,16.0,0.0,0.0,
2023-10-30,5406.85009765625,5439.14990234375,5406.0,5407.4501953125,54.0,0.0,0.0,
2023-10-31,5388.0,5430.60009765625,5388.0,5419.25,19.0,0.0,0.0,
2023-11-01,5404.9501953125,5408.0,5402.60009765625,5405.14990234375,21.0,0.0,0.0,
2023-11-02,5491.0,5491.0,5390.0,5390.0,914.0,0.0,0.0,
2023-11-03,5399.60009765625,5434.0,5390.0,5392.2001953125,22.0,0.0,0.0,
2023-11-06,5500.0,5500.0,5380.35009765625,5401.9501953125,44.0,0.0,0.0,
2023-11-07,5370.14990234375,5386.39990234375,5361.39990234375,5361.39990234375,27.0,0.0,0.0,
2023-11-08,5362.7998046875,5376.5498046875,5302.25,5355.10009765625,23.0,0.0,0.0,
2023-11-09,5338.35009765625,5349.9501953125,5322.0,5325.0498046875,21.0,0.0,0.0,
2023-11-10,5360.0498046875,5368.0,5360.0,5367.9501953125,69.0,0.0,0.0,
2023-11-13,5348.9501953125,5424.2998046875,5348.9501953125,5407.14990234375,55.0,0.0,0.0,
2023-11-15,5498.14990234375,5498.14990234375,5370.0498046875,5390.5498046875,89.0,0.0,0.0,
2023-11-16,5380.35009765625,5406.0,5335.9501953125,5398.9501953125,136.0,0.0,0.0,
2023-11-17,5395.0,5434.0,5363.0,5417.89990234375,112.0,0.0,0.0,
2023-11-20,5461.0,5461.0,5399.75,5411.0,81.0,0.0,0.0,
2023-11-21,5427.5498046875,5460.0,5427.5498046875,5442.5498046875,1136.0,0.0,0.0,
2023-11-22,5427.39990234375,5552.89990234375,5427.39990234375,5497.0498046875,595.0,0.0,0.0,
2023-11-23,5490.0,5490.0,5430.14990234375,5430.2998046875,50.0,0.0,0.0,
2023-11-24,5432.64990234375,5451.7001953125,5423.10009765625,5432.5,499.0,0.0,0.0,
2023-11-28,5573.5498046875,5573.5498046875,5412.5,5418.2001953125,18.0,0.0,0.0,
2023-11-29,5538.0,5569.7001953125,5535.0,5535.0,75.0,0.0,0.0,
2023-11-30,5535.0,5558.7001953125,5535.0,5545.0,113.0,0.0,0.0,
2023-12-01,5571.5498046875,5648.0,5484.0,5574.5,285.0,0.0,0.0,
2023-12-04,5581.5,5689.75,5561.75,5570.64990234375,43.0,0.0,0.0,
2023-12-05,5510.0498046875,5544.9501953125,5510.0498046875,5544.9501953125,33.0,0.0,0.0,
2023-12-06,5530.35009765625,5530.35009765625,5482.0,5505.0498046875,46.0,0.0,0.0,
2023-12-07,5531.7001953125,5537.5,5500.0,5520.0,27.0,0.0,0.0,
2023-12-08,5533.7998046875,5533.7998046875,5500.35009765625,5515.2001953125,31.0,0.0,0.0,
2023-12-11,5497.7001953125,5497.7001953125,5416.0498046875,5433.0,114.0,0.0,0.0,
2023-12-12,5412.85009765625,5441.9501953125,5381.5498046875,5410.14990234375,284.0,0.0,0.0,
2023-12-13,5415.0,5416.35009765625,5405.7998046875,5406.14990234375,15.0,0.0,0.0,
2023-12-14,5538.25,5538.25,5482.75,5520.85009765625,87.0,0.0,0.0,
2023-12-15,5505.0498046875,5547.89990234375,5505.0,5505.5,111.0,0.0,0.0,
2023-12-18,5517.89990234375,5517.89990234375,5473.60009765625,5489.7001953125,87.0,0.0,0.0,
2023-12-19,5499.60009765625,5505.0,5454.9501953125,5504.64990234375,73.0,0.0,0.0,
2023-12-20,5521.10009765625,5544.9501953125,5521.10009765625,5539.2998046875,166.0,0.0,0.0,
2023-12-21,5539.0498046875,5539.0498046875,5518.0,5536.2001953125,75.0,0.0,0.0,
2023-12-22,5545.14990234375,5570.9501953125,5541.0,5565.35009765625,164.0,0.0,0.0,
2023-12-26,5567.0498046875,5605.14990234375,5567.0498046875,5600.60009765625,33.0,0.0,0.0,
2023-12-27,5712.5,5714.5,5558.0,5579.4501953125,40.0,0.0,0.0,
2023-12-28,5629.9501953125,5664.89990234375,5625.0,5643.85009765625,26.0,0.0,0.0,
2023-12-29,5620.35009765625,5620.35009765625,5594.5,5610.60009765625,11.0,0.0,0.0,
2024-01-01,5661.0,5661.0,5611.0,5625.0,34.0,0.0,0.0,
2024-01-02,5625.0,5648.9501953125,5625.0,5625.10009765625,23.0,0.0,0.0,
2024-01-03,5611.0,5611.0,5610.0,5610.0,6.0,0.0,0.0,
2024-01-04,5641.0,5641.0,5558.7998046875,5569.35009765625,57.0,0.0,0.0,
2024-01-05,5568.89990234375,5577.10009765625,5524.60009765625,5529.5,140.0,0.0,0.0,
2024-01-08,5550.4501953125,5550.4501953125,5512.85009765625,5520.0,89.0,0.0,0.0,
2024-01-09,5517.60009765625,5525.0,5510.0,5525.0,66.0,0.0,0.0,
2024-01-10,5520.39990234375,5578.0,5502.60009765625,5537.2998046875,32.0,0.0,0.0,
2024-01-11,5514.2001953125,5527.4501953125,5410.0498046875,5522.7998046875,90.0,0.0,0.0,
2024-01-12,5526.9501953125,5545.0,5501.0,5527.2001953125,74.0,0.0,0.0,
2024-01-15,5534.9501953125,5577.89990234375,5534.9501953125,5567.5,50.0,0.0,0.0,
2024-01-16,5550.0,5569.35009765625,5512.2001953125,5536.39990234375,26.0,0.0,0.0,
2024-01-17,5511.2998046875,5563.0,5507.0,5512.0,61.0,0.0,0.0,
2024-01-18,5401.7998046875,5536.9501953125,5401.7998046875,5495.0,15.0,0.0,0.0,
2024-01-19,5534.0498046875,5538.2998046875,5534.0498046875,5535.0498046875,19.0,0.0,0.0,
2024-01-23,5557.7001953125,5559.9501953125,5501.0498046875,5525.0498046875,84.0,0.0,0.0,
2024-01-24,5510.2001953125,5541.9501953125,5510.2001953125,5527.2998046875,38.0,0.0,0.0,
2024-01-25,5518.4501953125,5525.9501953125,5500.10009765625,5509.0,51.0,0.0,0.0,
2024-01-29,5509.0,5557.2998046875,5509.0,5541.35009765625,61.0,0.0,0.0,
2024-01-30,5568.0498046875,5568.0498046875,5516.7998046875,5568.0,35.0,0.0,0.0,
2024-01-31,5559.0,5568.0498046875,5502.2001953125,5545.25,67.0,0.0,0.0,
2024-02-01,5545.25,5570.0,5545.25,5550.0,20.0,0.0,0.0,
2024-02-02,5590.2998046875,5590.2998046875,5551.2998046875,5580.0498046875,58.0,0.0,0.0,
2024-02-05,5580.10009765625,5590.9501953125,5517.0,5537.35009765625,71.0,0.0,0.0,
2024-02-06,5530.39990234375,5540.0,5526.0,5531.35009765625,25.0,0.0,0.0,
2024-02-07,5544.85009765625,5574.9501953125,5544.85009765625,5554.7001953125,55.0,0.0,0.0,
2024-02-08,5553.4501953125,5566.9501953125,5553.4501953125,5564.89990234375,16.0,0.0,0.0,
2024-02-09,5564.89990234375,5564.89990234375,5564.89990234375,5564.89990234375,0.0,0.0,0.0,
2024-02-12,5537.14990234375,5537.14990234375,5510.0498046875,5520.9501953125,41.0,0.0,0.0,
2024-02-13,5515.64990234375,5534.9501953125,5515.64990234375,5530.0,16.0,0.0,0.0,
2024-02-14,5463.7998046875,5463.7998046875,5435.0,5440.4501953125,45.0,0.0,0.0,
2024-02-15,5444.9501953125,5445.0,5381.2998046875,5435.2001953125,60.0,0.0,0.0,
2024-02-16,5451.5498046875,5486.60009765625,5431.14990234375,5477.0,54.0,0.0,0.0,
2024-02-19,5482.64990234375,5498.0,5482.64990234375,5491.14990234375,41.0,0.0,0.0,
2024-02-20,5538.0,5538.0,5455.10009765625,5498.10009765625,160.0,0.0,0.0,
2024-02-22,5538.0,5502.14990234375,5496.2998046875,5502.0,6.0,0.0,0.0,
2024-02-21,5538.0,5538.0,5500.0498046875,5518.0,79.0,0.0,0.0,
2024-02-23,5506.0498046875,5506.0498046875,5494.89990234375,5494.89990234375,16.0,0.0,0.0,
2024-02-26,5505.89990234375,5576.60009765625,5494.89990234375,5531.25,148.0,0.0,0.0,
2024-02-27,5512.5,5520.0,5502.0,5505.0498046875,79.0,0.0,0.0,
2024-02-28,5508.64990234375,5518.4501953125,5486.0,5486.0,56.0,0.0,0.0,
2024-02-29,5527.64990234375,5527.64990234375,5500.0,5507.85009765625,42.0,0.0,0.0,
2024-03-01,5530.0498046875,5549.9501953125,5530.0498046875,5544.9501953125,25.0,0.0,0.0,
2024-03-04,5545.0,5650.0,5544.89990234375,5642.7998046875,168.0,0.0,0.0,
2024-03-05,5674.14990234375,5710.2998046875,5674.14990234375,5704.7998046875,109.0,0.0,0.0,
2024-03-06,5725.2001953125,5734.75,5665.9501953125,5723.2998046875,52.0,0.0,0.0,
2024-03-07,5750.0,5802.60009765625,5750.0,5790.25,87.0,0.0,0.0,
2024-03-11,5906.0,5906.0,5814.75,5840.5,73.0,0.0,0.0,
2024-03-12,5830.7001953125,5835.5498046875,5825.0,5825.0,37.0,0.0,0.0,
2024-03-13,5817.2998046875,5820.0,5806.14990234375,5815.0,28.0,0.0,0.0,
2024-03-14,5821.5,5850.0,5806.7998046875,5832.2998046875,27.0,0.0,0.0,
2024-03-15,5811.60009765625,5834.0,5810.39990234375,5825.0,32.0,0.0,0.0,
2024-03-18,5798.89990234375,5798.89990234375,5736.64990234375,5776.64990234375,187.0,0.0,0.0,
2024-03-19,5799.9501953125,5820.0,5796.2998046875,5811.0,53.0,0.0,0.0,
2024-03-20,5824.7001953125,5832.0498046875,5820.0,5820.0,15.0,0.0,0.0,
2024-03-21,5831.0,5960.0,5831.0,5958.5,198.0,0.0,0.0,
2024-03-22,5936.9501953125,5936.9501953125,5830.0498046875,5854.2001953125,107.0,0.0,0.0,
2024-03-26,5935.25,5935.25,5837.2998046875,5872.2001953125,81.0,0.0,0.0,
2024-03-27,5823.9501953125,5890.39990234375,5822.2001953125,5884.0498046875,58.0,0.0,0.0,
2024-03-28,5922.39990234375,5931.0,5903.7998046875,5929.9501953125,330.0,0.0,0.0,
2024-04-01,6100.0,6149.0,6080.0498046875,6128.25,88.0,0.0,0.0,
2024-04-02,6130.4501953125,6191.0,6112.10009765625,6121.9501953125,49.0,0.0,0.0,
2024-04-03,6185.9501953125,6185.9501953125,6136.0498046875,6150.0,11.0,0.0,0.0,
2024-04-04,6391.0,6391.0,6189.89990234375,6191.85009765625,331.0,0.0,0.0,
2024-04-05,6160.64990234375,6175.0,6116.0498046875,6156.0,44.0,0.0,0.0,
2024-04-08,6249.10009765625,6325.0,6249.10009765625,6309.75,175.0,0.0,0.0,
2024-04-09,6309.7998046875,6350.10009765625,6309.7998046875,6350.10009765625,63.0,0.0,0.0,
2024-04-10,6350.0498046875,6375.0,6345.0,6349.89990234375,265.0,0.0,0.0,
2024-04-12,6445.5,6500.0498046875,6420.0,6497.60009765625,387.0,0.0,0.0,
2024-04-15,6503.0,6510.75,6380.5,6410.0,219.0,0.0,0.0,
2024-04-16,6461.4501953125,6565.0,6461.4501953125,6527.64990234375,538.0,0.0,0.0,
2024-04-18,6591.0,6591.0,6466.0,6500.0,260.0,0.0,0.0,
2024-04-19,6507.4501953125,6591.39990234375,6488.10009765625,6513.0,87.0,0.0,0.0,
2024-04-22,6541.0,6541.0,6440.0,6464.9501953125,250.0,0.0,0.0,
2024-04-23,6465.0,6465.0,6289.0498046875,6314.85009765625,462.0,0.0,0.0,
2024-04-24,6350.2001953125,6389.9501953125,6350.2001953125,6360.14990234375,34.0,0.0,0.0,
2024-04-25,6323.25,6430.0,6311.0498046875,6350.10009765625,103.0,0.0,0.0,
2024-04-26,6352.5,6430.0,6352.5,6430.0,88.0,0.0,0.0,
2024-04-29,6392.7001953125,6440.0,6388.7001953125,6430.75,112.0,0.0,0.0,
2024-04-30,6440.0498046875,6440.0498046875,6360.0498046875,6374.89990234375,229.0,0.0,0.0,
2024-05-02,6336.5498046875,6425.0,6326.0,6357.0498046875,296.0,0.0,0.0,
2024-05-03,6406.25,6431.60009765625,6310.0,6326.89990234375,55.0,0.0,0.0,
2024-05-06,6385.2998046875,6385.2998046875,6326.9501953125,6360.5,99.0,0.0,0.0,
2024-05-07,6355.0,6370.89990234375,6342.0,6343.7998046875,32.0,0.0,0.0,
2024-05-08,6343.85009765625,6343.85009765625,6320.2001953125,6322.4501953125,29.0,0.0,0.0,
2024-05-09,6319.9501953125,6358.89990234375,6308.85009765625,6331.7998046875,172.0,0.0,0.0,
2024-05-10,6363.60009765625,6490.0,6363.60009765625,6490.0,337.0,0.0,0.0,
2024-05-13,6541.0,6541.0,6350.0,6381.85009765625,412.0,0.0,0.0,
2024-05-14,6379.0498046875,6400.0,6351.0,6392.5498046875,104.0,0.0,0.0,
2024-05-15,6414.89990234375,6470.0,6414.89990234375,6469.35009765625,164.0,0.0,0.0,
2024-05-16,6591.0,6591.0,6469.4501953125,6502.4501953125,69.0,0.0,0.0,
2024-05-17,6541.0,6635.75,6433.0498046875,6489.35009765625,383.0,0.0,0.0,
2024-05-21,6641.0,6641.0,6507.0,6569.9501953125,99.0,0.0,0.0,
2024-05-22,6546.9501953125,6580.0,6530.0,6567.9501953125,94.0,0.0,0.0,
2024-05-23,6470.0498046875,6470.0498046875,6411.4501953125,6433.0,389.0,0.0,0.0,
2024-05-24,6449.89990234375,6449.89990234375,6330.0,6350.35009765625,441.0,0.0,0.0,
2024-05-27,6312.2001953125,6389.0,6312.2001953125,6374.9501953125,384.0,0.0,0.0,
2024-05-28,6415.0,6415.0,6360.0,6380.35009765625,61.0,0.0,0.0,
2024-05-29,6418.9501953125,6418.9501953125,6371.0,6377.0,27.0,0.0,0.0,
2024-05-30,6418.0,6418.0,6351.0498046875,6394.89990234375,50.0,0.0,0.0,
2024-05-31,6419.4501953125,6419.4501953125,6372.0,6378.64990234375,31.0,0.0,0.0,
2024-06-03,6336.64990234375,6370.0,6306.60009765625,6350.0,248.0,0.0,0.0,
2024-06-04,6380.0498046875,6417.9501953125,6350.0,6350.0,120.0,0.0,0.0,
2024-06-05,6349.9501953125,6385.0,6349.9501953125,6355.7998046875,74.0,0.0,0.0,
2024-06-06,6435.0498046875,6455.0,6405.0,6405.0,125.0,0.0,0.0,
2024-06-07,6455.0,6464.9501953125,6390.0,6390.4501953125,364.0,0.0,0.0,
2024-06-10,6348.0,6348.0,6267.2998046875,6284.0498046875,212.0,0.0,0.0,
2024-06-11,6302.0498046875,6340.0,6302.0498046875,6331.5,85.0,0.0,0.0,
2024-06-12,6331.0,6349.0,6303.0498046875,6330.0,149.0,0.0,0.0,
2024-06-13,6330.0,6357.14990234375,6311.0,6349.7998046875,72.0,0.0,0.0,
2024-06-14,6319.85009765625,6340.0,6300.0498046875,6339.2001953125,61.0,0.0,0.0,
2024-06-18,6338.9501953125,6388.0,6315.0,6322.5,242.0,0.0,0.0,
2024-06-19,6322.5,6369.89990234375,6322.5,6340.0,18.0,0.0,0.0,
2024-06-20,6335.0498046875,6409.9501953125,6335.0498046875,6409.9501953125,76.0,0.0,0.0,
2024-06-21,6488.0,6488.0,6382.2001953125,6463.5498046875,154.0,0.0,0.0,
2024-06-24,6383.0,6383.0,6347.4501953125,6346.2001953125,205.0,0.0,0.0,
2024-06-25,6350.0,6355.0,6321.2998046875,6348.0498046875,63.0,0.0,0.0,
2024-06-26,6348.0,6348.0,6320.0,6335.0,48.0,0.0,0.0,
2024-06-27,6309.9501953125,6320.0,6281.0,6320.0,111.0,0.0,0.0,
2024-06-28,6345.0,6404.0,6345.0,6380.0,191.0,0.0,0.0,
2024-07-01,6380.0498046875,6380.0498046875,6340.0498046875,6373.7998046875,106.0,0.0,0.0,
2024-07-02,6341.0498046875,6374.9501953125,6341.0498046875,6362.7001953125,321.0,0.0,0.0,
2024-07-03,6362.75,6419.0,6331.0,6412.35009765625,16.0,0.0,0.0,
2024-07-04,6412.39990234375,6434.0,6380.0498046875,6415.60009765625,132.0,0.0,0.0,
2024-07-05,6447.9501953125,6451.0,6420.0498046875,6425.39990234375,299.0,0.0,0.0,
2024-07-08,6445.0,6510.0,6440.0,6465.0,429.0,0.0,0.0,
2024-07-09,6465.0498046875,6465.0498046875,6401.0,6409.5498046875,159.0,0.0,0.0,
2024-07-10,6421.0,6448.0,6408.9501953125,6448.0,29.0,0.0,0.0,
2024-07-11,6447.9501953125,6448.0,6439.0,6448.0,5.0,0.0,0.0,
2024-07-12,6464.9501953125,6499.85009765625,6441.0,6474.4501953125,272.0,0.0,0.0,
2024-07-15,6474.9501953125,6533.0,6474.5,6502.2998046875,302.0,0.0,0.0,
2024-07-16,6528.9501953125,6550.0,6490.0,6550.0,51.0,0.0,0.0,
2024-07-18,6551.0,6609.9501953125,6551.0,6570.0,142.0,0.0,0.0,
2024-07-19,6503.0498046875,6530.0,6495.0498046875,6514.2998046875,40.0,0.0,0.0,
2024-07-22,6543.0,6561.0,6495.0,6496.0,52.0,0.0,0.0,
2024-07-23,6533.9501953125,6533.9501953125,6290.0,6305.25,394.0,0.0,0.0,
2024-07-24,6332.9501953125,6362.0,6223.0,6259.35009765625,150.0,0.0,0.0,
2024-07-25,6221.0,6288.0,6107.0,6139.9501953125,380.0,0.0,0.0,
2024-07-26,6197.7001953125,6238.7998046875,6122.0498046875,6159.89990234375,358.0,0.0,0.0,
2024-07-29,6209.9501953125,6268.7998046875,6161.0,6186.25,83.0,0.0,0.0,
2024-07-30,6186.10009765625,6186.10009765625,6080.0,6100.10009765625,525.0,0.0,0.0,
2024-07-31,6129.9501953125,6160.0,6092.0,6157.0498046875,195.0,0.0,0.0,
2024-08-01,6157.0498046875,6194.89990234375,6157.0498046875,6175.7001953125,607.0,0.0,0.0,
2024-08-02,6198.9501953125,6232.0,6186.0,6225.25,141.0,0.0,0.0,
2024-08-05,6215.25,6215.25,6135.0,6139.0,126.0,0.0,0.0,
2024-08-06,6111.0498046875,6111.0498046875,6062.0,6104.0,50.0,0.0,0.0,
2024-08-07,6132.9501953125,6132.9501953125,6070.0,6078.64990234375,40.0,0.0,0.0,
2024-08-08,6099.9501953125,6116.9501953125,6060.25,6075.10009765625,156.0,0.0,0.0,
2024-08-09,6149.9501953125,6149.9501953125,6149.9501953125,6149.9501953125,1.0,0.0,0.0,
2024-08-12,6149.9501953125,6200.0,6122.0,6167.89990234375,128.0,0.0,0.0,
2024-08-13,6191.0,6240.0,6176.0,6209.0,110.0,0.0,0.0,
2024-08-14,6199.75,6250.0,6195.0498046875,6205.25,353.0,0.0,0.0,
2024-08-16,6205.25,6229.9501953125,6175.10009765625,6203.4501953125,125.0,0.0,0.0,
2024-08-19,6231.35009765625,6339.0,6231.35009765625,6335.0,488.0,0.0,0.0,
2024-08-20,6391.0,6391.0,6300.60009765625,6358.0,149.0,0.0,0.0,
2024-08-21,6358.0498046875,6358.0498046875,6312.35009765625,6315.2998046875,153.0,0.0,0.0,
2024-08-22,6342.9501953125,6361.0,6312.5498046875,6325.0,67.0,0.0,0.0,
2024-08-23,6341.0,6341.0,6251.0,6265.39990234375,161.0,0.0,0.0,
2024-08-26,6309.89990234375,6400.0,6305.0498046875,6387.9501953125,140.0,0.0,0.0,
2024-08-27,6340.0498046875,6350.0,6311.0,6338.7001953125,120.0,0.0,0.0,
2024-08-28,6340.0,6340.10009765625,6316.10009765625,6339.2998046875,67.0,0.0,0.0,
2024-08-29,6339.25,6360.0,6339.25,6354.35009765625,32.0,0.0,0.0,
2024-08-30,6354.35009765625,6365.0,6316.0498046875,6363.10009765625,81.0,0.0,0.0,
2024-09-02,6391.0,6391.0,6272.2001953125,6311.7998046875,125.0,0.0,0.0,
2024-09-03,6295.14990234375,6325.0,6290.0,6325.0,407.0,0.0,0.0,
2024-09-04,6324.85009765625,6324.85009765625,6245.0,6246.4501953125,250.0,0.0,0.0,
2024-09-05,6299.9501953125,6364.0,6274.0498046875,6351.64990234375,323.0,0.0,0.0,
2024-09-06,6351.64990234375,6363.9501953125,6301.14990234375,6339.14990234375,75.0,0.0,0.0,
2024-09-09,6325.0,6325.0,6170.0,6252.60009765625,1501.0,0.0,0.0,
2024-09-10,6279.9501953125,6349.0,6279.9501953125,6334.35009765625,129.0,0.0,0.0,
2024-09-11,6350.0,6360.0,6331.0,6351.75,17.0,0.0,0.0,
2024-09-12,6391.0,6391.0,6310.60009765625,6342.39990234375,118.0,0.0,0.0,
2024-09-13,6399.9501953125,6470.0,6399.9501953125,6426.89990234375,175.0,0.0,0.0,
2024-09-16,6431.2998046875,6500.0,6431.2998046875,6500.0,156.0,0.0,0.0,
2024-09-17,6527.9501953125,6527.9501953125,6411.35009765625,6436.39990234375,291.0,0.0,0.0,
2024-09-18,6449.0,6470.0,6445.0,6465.0,32.0,0.0,0.0,
2024-09-19,6465.0,6494.0,6421.0,6494.0,192.0,0.0,0.0,
2024-09-20,6431.35009765625,6560.0,6431.35009765625,6550.0,859.0,0.0,0.0,
2024-09-23,6637.64990234375,6637.64990234375,6540.0498046875,6585.4501953125,171.0,0.0,0.0,
2024-09-24,6589.9501953125,6625.0,6586.0498046875,6621.25,89.0,0.0,0.0,
2024-09-25,6625.0,6679.89990234375,6625.0,6673.75,176.0,0.0,0.0,
2024-09-26,6666.0,6695.0,6633.0498046875,6689.7001953125,166.0,0.0,0.0,
2024-09-27,6733.0,6932.64990234375,6651.60009765625,6734.7001953125,770.0,0.0,0.0,
2024-09-30,6734.75,6734.9501953125,6646.0498046875,6670.75,177.0,0.0,0.0,
2024-10-01,6699.9501953125,6699.9501953125,6623.0,6654.75,353.0,0.0,0.0,
2024-10-03,6676.0498046875,6791.0,6633.0,6668.35009765625,276.0,0.0,0.0,
2024-10-04,6652.2998046875,6668.39990234375,6652.2998046875,6723.0,1012.0,0.0,0.0,
2024-10-07,6722.9501953125,6748.9501953125,6603.2998046875,6685.0,881.0,0.0,0.0,
2024-10-08,6685.0,6685.0,6630.0498046875,6669.89990234375,1505.0,0.0,0.0,
2024-10-09,6601.0,6620.0,6550.0,6597.4501953125,660.0,0.0,0.0,
2024-10-10,6747.9501953125,6747.9501953125,6570.0498046875,6602.0,34.0,0.0,0.0,
2024-10-11,6625.0498046875,6797.0,6625.0498046875,6679.25,759.0,0.0,0.0,
2024-10-14,6787.9501953125,6787.9501953125,6680.0498046875,6722.0498046875,331.0,0.0,0.0,
2024-10-15,6685.0498046875,6774.0,6616.0,6700.0,1062.0,0.0,0.0,
2024-10-16,6734.0,6759.9501953125,6700.14990234375,6720.14990234375,50.0,0.0,0.0,
2024-10-17,6720.14990234375,6770.0,6720.14990234375,6762.10009765625,866.0,0.0,0.0,
2024-10-18,6800.0,6844.9501953125,6800.0,6821.10009765625,60.0,0.0,0.0,
2024-10-21,6957.60009765625,7070.0,6803.2998046875,6900.0,1396.0,0.0,0.0,
2024-10-22,6912.0,6938.0498046875,6851.14990234375,6897.9501953125,619.0,0.0,0.0,
2024-10-23,6895.0498046875,6955.0498046875,6895.0,6941.64990234375,805.0,0.0,0.0,
2024-10-24,6931.0,7050.0,6832.2001953125,6883.10009765625,334.0,0.0,0.0,
2024-10-25,6941.0,6941.0,6716.0,6857.5498046875,1136.0,0.0,0.0,
2024-10-28,6910.0,6930.0,6880.0,6926.35009765625,293.0,0.0,0.0,
2024-10-29,7091.0,7091.0,6902.2001953125,6980.2001953125,780.0,0.0,0.0,
2024-10-30,7000.0,7200.0,7000.0,7039.10009765625,837.0,0.0,0.0,
2024-10-31,7039.0498046875,7168.0,7002.0,7019.89990234375,158.0,0.0,0.0,
2024-11-01,7019.89990234375,7019.89990234375,7019.89990234375,7019.89990234375,0.0,0.0,0.0,
2024-11-04,7041.0,7041.0,6853.0498046875,6893.9501953125,1231.0,0.0,0.0,
2024-11-05,6949.9501953125,6949.9501953125,6895.0,6920.35009765625,1330.0,0.0,0.0,
2024-11-06,6987.9501953125,6987.9501953125,6840.75,6885.89990234375,1124.0,0.0,0.0,
2024-11-07,6862.9501953125,6862.9501953125,6711.0,6743.0,1566.0,0.0,0.0,
2024-11-08,6891.0,6891.0,6810.25,6830.0,92.0,0.0,0.0,
2024-11-11,6833.0,6833.0,6733.2998046875,6773.7998046875,382.0,0.0,0.0,
2024-11-12,6661.0498046875,6661.0498046875,6570.0,6598.14990234375,1378.0,0.0,0.0,
2024-11-13,6620.0,6660.0,6600.0498046875,6649.5,128.0,0.0,0.0,
2024-11-14,6641.0,6641.0,6460.0,6476.85009765625,361.0,0.0,0.0,
2024-11-18,6500.0,6637.0,6476.85009765625,6601.0,348.0,0.0,0.0,
2024-11-19,6674.9501953125,6689.89990234375,6670.0,6679.9501953125,1110.0,0.0,0.0,
2024-11-20,6679.9501953125,6679.9501953125,6679.9501953125,6679.9501953125,0.0,0.0,0.0,
2024-11-21,6743.9501953125,6760.0,6715.14990234375,6755.7001953125,2875.0,0.0,0.0,
2024-11-22,6780.14990234375,6849.89990234375,6780.0,6834.0,399.0,0.0,0.0,
2024-11-25,6850.0,6850.0,6732.0,6745.25,200.0,0.0,0.0,
2024-11-26,6675.0,6675.0,6605.0,6633.0,612.0,0.0,0.0,
2024-11-27,6660.0498046875,6730.0,6643.0,6724.2998046875,1114.0,0.0,0.0,
2024-11-28,6682.9501953125,6704.39990234375,6601.2001953125,6690.0,104.0,0.0,0.0,
2024-11-29,6823.7998046875,6823.7998046875,6725.10009765625,6734.7001953125,52.0,0.0,0.0,
2024-12-02,6710.9501953125,6715.0,6660.10009765625,6706.2001953125,160.0,0.0,0.0,
2024-12-03,6706.25,6730.0,6685.0,6717.0,538.0,0.0,0.0,
2024-12-04,6730.0,6735.0,6690.0,6700.10009765625,754.0,0.0,0.0,
2024-12-05,6739.9501953125,6749.9501953125,6705.0,6712.5,80.0,0.0,0.0,
2024-12-06,6712.5498046875,6740.0,6685.0,6720.35009765625,1250.0,0.0,0.0,
2024-12-09,6663.0,6755.0,6663.0,6730.0498046875,104.0,0.0,0.0,
2024-12-10,6780.0,6815.0,6779.9501953125,6789.9501953125,1621.0,0.0,0.0,
2024-12-12,6911.9501953125,6912.0,6850.0,6875.14990234375,100.0,0.0,0.0,
2024-12-11,6844.0,6899.89990234375,6811.0498046875,6850.0498046875,1154.0,0.0,0.0,
2024-12-13,6894.9501953125,6894.9501953125,6736.60009765625,6758.64990234375,433.0,0.0,0.0,
2024-12-16,6750.0498046875,6765.0,6711.0498046875,6759.7998046875,707.0,0.0,0.0,
2024-12-17,6760.0,6765.0498046875,6724.9501953125,6724.9501953125,10060.0,0.0,0.0,
2024-12-18,6730.0,6765.0,6725.0498046875,6741.9501953125,15096.0,0.0,0.0,
2024-12-19,6718.75,6718.7998046875,6612.35009765625,6676.5498046875,20147.0,0.0,0.0,
2024-12-20,6663.0,6663.0,6610.10009765625,6641.75,15149.0,0.0,0.0,
2024-12-23,6681.0498046875,6735.0,6622.2001953125,6729.0498046875,1637.0,0.0,0.0,
2024-12-24,6680.0,6703.0,6655.14990234375,6660.10009765625,1553.0,0.0,0.0,
2024-12-26,6690.0498046875,6729.9501953125,6690.0498046875,6708.14990234375,73.0,0.0,0.0,
2024-12-27,6743.7998046875,6749.9501953125,6711.10009765625,6727.0,110.0,0.0,0.0,
2024-12-30,6724.9501953125,6725.0498046875,6668.0,6672.60009765625,2091.0,0.0,0.0,
2024-12-31,6697.0,6700.0498046875,6677.14990234375,6699.9501953125,15333.0,0.0,0.0,
2025-01-01,6700.14990234375,6759.9501953125,6700.14990234375,6734.35009765625,51.0,0.0,0.0,
2025-01-02,6774.9501953125,6790.0,6745.0,6756.64990234375,74.0,0.0,0.0,
2025-01-03,6805.0,6839.9501953125,6782.0,6827.0,65.0,0.0,0.0,
2025-01-06,6833.0,6833.0,6735.0,6748.35009765625,3178.0,0.0,0.0,
2025-01-07,6750.0498046875,6805.89990234375,6750.0498046875,6798.0,88.0,0.0,0.0,
2025-01-08,6802.0,6830.0,6770.0,6784.0498046875,83.0,0.0,0.0,
2025-01-09,6823.0498046875,6839.0,6810.0,6824.0,44.0,0.0,0.0,
2025-01-10,6824.0,6877.7001953125,6820.0,6840.0,79.0,0.0,0.0,
2025-01-13,6879.9501953125,6939.9501953125,6879.9501953125,6909.2001953125,161.0,0.0,0.0,
2025-01-14,6803.0,6933.0,6803.0,6870.0,201.0,0.0,0.0,
2025-01-15,6900.0,6930.0,6873.0498046875,6930.0,53.0,0.0,0.0,
2025-01-16,6975.0,6975.0,6890.0,6900.89990234375,192.0,0.0,0.0,
2025-01-17,6949.9501953125,6997.85009765625,6864.2001953125,6957.75,287.0,0.0,0.0,
2025-01-20,6989.9501953125,7000.0498046875,6935.0,6960.64990234375,192.0,0.0,0.0,
2025-01-21,6998.75,6998.75,6950.2998046875,6950.4501953125,55.0,0.0,0.0,
2025-01-22,6999.9501953125,7099.9501953125,6981.0,7090.7998046875,154.0,0.0,0.0,
2025-01-23,7003.0,7129.0,7003.0,7062.2998046875,287.0,0.0,0.0,
2025-01-24,7130.0,7130.0,7071.0,7126.9501953125,121.0,0.0,0.0,
2025-01-27,7121.0,7264.0,7032.39990234375,7091.0,297.0,0.0,0.0,
2025-01-28,7091.0498046875,7169.9501953125,7003.0,7084.75,214.0,0.0,0.0,
2025-01-29,7101.39990234375,7137.39990234375,7090.0498046875,7100.0,224.0,0.0,0.0,
2025-01-30,7099.9501953125,7150.0,7085.0,7118.9501953125,4128.0,0.0,0.0,
2025-01-31,7149.9501953125,7279.39990234375,7149.39990234375,7202.7998046875,291.0,0.0,0.0,
2025-02-01,7202.7998046875,7250.0,7202.5,7250.0,35.0,0.0,0.0,
2025-02-03,7255.0498046875,7699.89990234375,7202.0498046875,7348.64990234375,286.0,0.0,0.0,
2025-02-04,7348.0498046875,7536.64990234375,7290.39990234375,7355.85009765625,113.0,0.0,0.0,
2025-02-05,7429.0,7486.9501953125,7391.0,7460.2998046875,4187.0,0.0,0.0,
2025-02-06,7526.9501953125,7526.9501953125,7301.89990234375,7430.0,542.0,0.0,0.0,
2025-02-07,7430.0,7504.9501953125,7430.0,7490.0,193.0,0.0,0.0,
2025-02-10,7475.0498046875,7602.0,7475.0498046875,7580.5,143.0,0.0,0.0,
2025-02-11,7580.5,7610.0,7535.0,7547.2001953125,522.0,0.0,0.0,
2025-02-12,7579.35009765625,7700.0,7425.0,7445.60009765625,1068.0,0.0,0.0,
2025-02-13,7445.60009765625,7598.9501953125,7445.60009765625,7537.5498046875,120.0,0.0,0.0,
2025-02-14,7540.14990234375,7608.0,7540.0,7561.0,307.0,0.0,0.0,
2025-02-17,7499.39990234375,7524.9501953125,7460.39990234375,7514.7001953125,211.0,0.0,0.0,
2025-02-18,7639.5,7690.0,7506.39990234375,7555.14990234375,232.0,0.0,0.0,
