Date,Open,High,Low,Close,Volume,Dividends,Stock Splits,Adj Close
2014-02-24,592.2000122070312,592.2000122070312,592.2000122070312,592.2000122070312,0.0,0.0,0.0,
2014-02-25,592.2000122070312,592.2000122070312,592.2000122070312,592.2000122070312,0.0,0.0,0.0,
2014-02-26,592.2000122070312,592.2000122070312,592.2000122070312,592.2000122070312,0.0,0.0,0.0,
2014-02-28,601.2000122070312,601.2000122070312,582.2000122070312,582.2000122070312,0.0,0.0,0.0,
2014-03-03,600.0,600.0,600.0,600.0,0.0,0.0,0.0,
2014-03-04,600.0,619.9000244140625,600.0,615.2100219726562,0.0,0.0,0.0,
2014-03-05,615.2100219726562,615.2100219726562,615.2100219726562,615.2100219726562,0.0,0.0,0.0,
2014-03-06,615.2100219726562,615.2100219726562,615.2100219726562,615.2100219726562,0.0,0.0,0.0,
2014-03-07,603.22998046875,629.9000244140625,603.22998046875,626.47998046875,0.0,0.0,0.0,
2014-03-10,610.0,612.0,610.0,610.3099975585938,0.0,0.0,0.0,
2014-03-11,620.0,620.0,610.0,610.0,0.0,0.0,0.0,
2014-03-12,611.0,620.0,611.0,619.5700073242188,0.0,0.0,0.0,
2014-03-13,612.0,621.0,612.0,620.0,0.0,0.0,0.0,
2014-03-14,620.0,625.0,620.0,625.0,0.0,0.0,0.0,
2014-03-18,620.0,623.0,620.0,623.0,0.0,0.0,0.0,
2014-03-19,623.0,623.0,623.0,623.0,0.0,0.0,0.0,
2014-03-20,620.0,620.0,620.0,620.0,0.0,0.0,0.0,
2014-03-21,620.0,620.0,620.0,620.0,0.0,0.0,0.0,
2014-03-24,620.0,620.0,620.0,620.0,0.0,0.0,0.0,
2014-03-25,620.0,620.0,620.0,620.0,0.0,0.0,0.0,
2014-03-26,639.9000244140625,649.9000244140625,635.0,640.0,0.0,0.0,0.0,
2014-03-27,620.0,630.0,620.0,625.0,0.0,0.0,0.0,
2014-03-28,626.0999755859375,640.0,626.0,640.0,0.0,0.0,0.0,
2014-03-31,640.0,640.0,640.0,640.0,0.0,0.0,0.0,
2014-04-01,650.0,655.0,640.0,653.0,0.0,0.0,0.0,
2014-04-02,655.0,659.7999877929688,653.0,659.7999877929688,0.0,0.0,0.0,
2014-04-03,669.0,670.0,669.0,670.0,0.0,0.0,0.0,
2014-04-04,670.6500244140625,670.6500244140625,670.6500244140625,670.6500244140625,0.0,0.0,0.0,
2014-04-07,670.6500244140625,670.6500244140625,670.6500244140625,670.6500244140625,0.0,0.0,0.0,
2014-04-09,675.0,679.9000244140625,675.0,679.9000244140625,0.0,0.0,0.0,
2014-04-10,675.0,675.0,670.0,675.0,0.0,0.0,0.0,
2014-04-11,675.0,679.7999877929688,675.0,679.7999877929688,0.0,0.0,0.0,
2014-04-15,681.0,681.0,681.0,681.0,0.0,0.0,0.0,
2014-04-16,681.0,681.0,681.0,681.0,0.0,0.0,0.0,
2014-04-17,650.0,650.0,650.0,650.0,0.0,0.0,0.0,
2014-04-21,685.0,685.0,655.0,655.0,0.0,0.0,0.0,
2014-04-22,655.0,655.0,655.0,655.0,0.0,0.0,0.0,
2014-04-23,655.0,680.0,655.0,660.0,0.0,0.0,0.0,
2014-04-24,660.0,660.0,660.0,660.0,0.0,0.0,0.0,
2014-04-25,657.0,657.0,657.0,657.0,0.0,0.0,0.0,
2014-04-28,689.0,689.0,670.0,670.0,0.0,0.0,0.0,
2014-04-29,670.0,670.0,670.0,670.0,0.0,0.0,0.0,
2014-04-30,690.0,690.0,690.0,690.0,0.0,0.0,0.0,
2014-05-02,689.7999877929688,700.0,689.7999877929688,700.0,0.0,0.0,0.0,
2014-05-05,710.0,725.0,710.0,713.5499877929688,0.0,0.0,0.0,
2014-05-06,719.7999877929688,735.0,719.7999877929688,735.0,0.0,0.0,0.0,
2014-05-07,692.2000122070312,741.9000244140625,692.2000122070312,741.9000244140625,0.0,0.0,0.0,
2014-05-08,692.2000122070312,692.2000122070312,650.0,656.8900146484375,0.0,0.0,0.0,
2014-05-09,651.0,651.0,651.0,651.0,0.0,0.0,0.0,
2014-05-12,651.0,675.0,645.0,659.219970703125,0.0,0.0,0.0,
2014-05-13,688.0,688.0,672.0,673.7000122070312,0.0,0.0,0.0,
2014-05-14,665.0999755859375,685.0,665.0,665.02001953125,0.0,0.0,0.0,
2014-05-15,670.010009765625,670.010009765625,670.010009765625,670.010009765625,0.0,0.0,0.0,
2014-05-16,729.0,729.0,672.2000122070312,673.0,0.0,0.0,0.0,
2014-05-19,680.5,715.0,680.5,715.0,0.0,0.0,0.0,
2014-05-20,774.2000122070312,774.2000122070312,711.9000244140625,711.9000244140625,0.0,0.0,0.0,
2014-05-21,711.0,711.0,685.0,705.0,0.0,0.0,0.0,
2014-05-22,705.0,705.0,705.0,705.0,0.0,0.0,0.0,
2014-05-23,685.0,710.0,685.0,710.0,0.0,0.0,0.0,
2014-05-26,710.0,710.0,710.0,710.0,0.0,0.0,0.0,
2014-05-27,710.0,710.0,710.0,710.0,0.0,0.0,0.0,
2014-05-28,708.0,708.0,708.0,708.0,0.0,0.0,0.0,
2014-05-29,708.0,708.0,708.0,708.0,0.0,0.0,0.0,
2014-05-30,708.0,708.0,708.0,708.0,0.0,0.0,0.0,
2014-06-02,708.0,708.0,708.0,708.0,0.0,0.0,0.0,
2014-06-03,708.0,708.0,708.0,708.0,0.0,0.0,0.0,
2014-06-04,700.0,700.0,700.0,700.0,0.0,0.0,0.0,
2014-06-05,695.0,719.9000244140625,692.2000122070312,693.0,0.0,0.0,0.0,
2014-06-06,711.0,719.9500122070312,709.0,713.969970703125,0.0,0.0,0.0,
2014-06-09,705.0499877929688,705.0499877929688,695.0,695.0,0.0,0.0,0.0,
2014-06-10,695.0,695.0,695.0,695.0,0.0,0.0,0.0,
2014-06-11,695.0,695.0,695.0,695.0,0.0,0.0,0.0,
2014-06-12,695.0,695.0,695.0,695.0,0.0,0.0,0.0,
2014-06-13,695.0,695.0,695.0,695.0,0.0,0.0,0.0,
2014-06-16,705.0,705.0,705.0,705.0,0.0,0.0,0.0,
2014-06-17,706.0,706.0,706.0,706.0,0.0,0.0,0.0,
2014-06-18,706.0,706.0,706.0,706.0,0.0,0.0,0.0,
2014-06-19,708.0,708.0,708.0,708.0,0.0,0.0,0.0,
2014-06-20,707.0,707.0,706.0499877929688,706.0499877929688,0.0,0.0,0.0,
2014-06-23,706.0499877929688,706.0499877929688,706.0499877929688,706.0499877929688,0.0,0.0,0.0,
2014-06-24,708.8499755859375,708.8499755859375,708.8499755859375,708.8499755859375,0.0,0.0,0.0,
2014-06-25,708.8499755859375,708.8499755859375,708.8499755859375,708.8499755859375,0.0,0.0,0.0,
2014-06-26,708.8499755859375,708.8499755859375,708.8499755859375,708.8499755859375,0.0,0.0,0.0,
2014-06-27,711.8499755859375,711.8499755859375,702.0,705.0,0.0,0.0,0.0,
2014-06-30,705.0,705.0,705.0,705.0,0.0,0.0,0.0,
2014-07-01,705.0,705.0,705.0,705.0,0.0,0.0,0.0,
2014-07-02,705.0,705.0,705.0,705.0,0.0,0.0,0.0,
2014-07-03,715.0,715.0,708.010009765625,709.0,0.0,0.0,0.0,
2014-07-04,712.0399780273438,714.0,712.0,714.0,0.0,0.0,0.0,
2014-07-07,850.0,850.0,720.0,730.0,0.0,0.0,0.0,
2014-07-08,730.0,730.0,730.0,730.0,0.0,0.0,0.0,
2014-07-09,749.0,749.989990234375,740.0,749.2999877929688,0.0,0.0,0.0,
2014-07-10,749.2999877929688,749.2999877929688,749.2999877929688,749.2999877929688,0.0,0.0,0.0,
2014-07-11,703.0,703.0,703.0,703.0,0.0,0.0,0.0,
2014-07-14,740.0,749.989990234375,710.0,715.0,0.0,0.0,0.0,
2014-07-15,712.0,712.0,712.0,712.0,0.0,0.0,0.0,
2014-07-16,720.0,725.0,710.010009765625,725.0,0.0,0.0,0.0,
2014-07-17,725.0,725.0,725.0,725.0,0.0,0.0,0.0,
2014-07-18,725.0,725.0,725.0,725.0,0.0,0.0,0.0,
2014-07-21,730.0,900.0,713.2000122070312,714.2899780273438,0.0,0.0,0.0,
2014-07-22,715.0,724.0999755859375,715.0,720.0,0.0,0.0,0.0,
2014-07-23,722.0,722.0,722.0,722.0,0.0,0.0,0.0,
2014-07-24,722.0,722.0,722.0,722.0,0.0,0.0,0.0,
2014-07-25,718.9600219726562,725.0,718.9600219726562,724.0,0.0,0.0,0.0,
2014-07-28,718.0,723.0,718.0,723.0,0.0,0.0,0.0,
2014-07-30,723.0,723.0,723.0,723.0,0.0,0.0,0.0,
2014-07-31,723.0,723.0,723.0,723.0,0.0,0.0,0.0,
2014-08-01,723.0,723.0,723.0,723.0,0.0,0.0,0.0,
2014-08-04,723.0,723.0,723.0,723.0,0.0,0.0,0.0,
2014-08-05,726.0,726.0,726.0,726.0,0.0,0.0,0.0,
2014-08-06,721.0,721.0,721.0,721.0,0.0,0.0,0.0,
2014-08-07,721.0,721.0,721.0,721.0,0.0,0.0,0.0,
2014-08-08,719.1500244140625,762.0,719.1500244140625,762.0,0.0,0.0,0.0,
2014-08-11,727.5,727.5,727.5,727.5,0.0,0.0,0.0,
2014-08-12,727.5,727.5,727.5,727.5,0.0,0.0,0.0,
2014-08-13,727.5,727.5,727.5,727.5,0.0,0.0,0.0,
2014-08-14,730.0,740.0,730.0,740.0,0.0,0.0,0.0,
2014-08-18,717.010009765625,717.010009765625,717.010009765625,717.010009765625,0.0,0.0,0.0,
2014-08-19,739.9000244140625,740.0,727.0999755859375,727.0999755859375,0.0,0.0,0.0,
2014-08-20,737.010009765625,745.0,737.010009765625,742.0,0.0,0.0,0.0,
2014-08-21,742.0,742.0,742.0,742.0,0.0,0.0,0.0,
2014-08-22,750.0,768.0,738.0,738.0,0.0,0.0,0.0,
2014-08-25,738.0,738.0,738.0,738.0,0.0,0.0,0.0,
2014-08-26,738.0,738.0,738.0,738.0,0.0,0.0,0.0,
2014-08-27,736.0,736.0,736.0,736.0,0.0,0.0,0.0,
2014-08-28,736.0,736.0,736.0,736.0,0.0,0.0,0.0,
2014-09-01,745.0,745.0,745.0,745.0,0.0,0.0,0.0,
2014-09-02,769.4000244140625,770.0,765.0,770.0,0.0,0.0,0.0,
2014-09-03,754.0,769.989990234375,752.0,769.989990234375,0.0,0.0,0.0,
2014-09-04,769.9000244140625,775.0,769.9000244140625,772.0,0.0,0.0,0.0,
2014-09-05,772.0,772.0,772.0,772.0,0.0,0.0,0.0,
2014-09-08,750.0,810.0,750.0,809.5999755859375,0.0,0.0,0.0,
2014-09-09,784.0,784.0,770.0,772.0,0.0,0.0,0.0,
2014-09-10,775.0,775.0,767.0499877929688,767.0499877929688,0.0,0.0,0.0,
2014-09-11,786.0,786.0,755.0,755.0,0.0,0.0,0.0,
2014-09-12,762.5,787.9500122070312,762.0,762.0,0.0,0.0,0.0,
2014-09-15,762.0,762.0,762.0,762.0,0.0,0.0,0.0,
2014-09-16,775.0,775.0,762.2000122070312,762.2000122070312,0.0,0.0,0.0,
2014-09-17,755.0,758.0,755.0,758.0,0.0,0.0,0.0,
2014-09-18,752.2000122070312,752.2000122070312,752.2000122070312,752.2000122070312,0.0,0.0,0.0,
2014-09-19,768.0,768.0,767.0,767.0,0.0,0.0,0.0,
2014-09-22,767.010009765625,767.010009765625,767.010009765625,767.010009765625,0.0,0.0,0.0,
2014-09-23,760.0,760.0,760.0,760.0,0.0,0.0,0.0,
2014-09-24,790.0,790.0,760.010009765625,760.010009765625,0.0,0.0,0.0,
2014-09-25,790.0,790.0,756.010009765625,757.2000122070312,0.0,0.0,0.0,
2014-09-26,757.2000122070312,757.2000122070312,757.2000122070312,757.2000122070312,0.0,0.0,0.0,
2014-09-29,757.2000122070312,757.2000122070312,757.2000122070312,757.2000122070312,0.0,0.0,0.0,
2014-09-30,799.9000244140625,799.9000244140625,799.9000244140625,799.9000244140625,0.0,0.0,0.0,
2014-10-01,799.9000244140625,799.9000244140625,799.9000244140625,799.9000244140625,0.0,0.0,0.0,
2014-10-07,799.9000244140625,799.9000244140625,799.9000244140625,799.9000244140625,0.0,0.0,0.0,
2014-10-08,799.9000244140625,799.9000244140625,799.9000244140625,799.9000244140625,0.0,0.0,0.0,
2014-10-09,799.9000244140625,799.9000244140625,799.9000244140625,799.9000244140625,0.0,0.0,0.0,
2014-10-10,752.2000122070312,752.2000122070312,752.2000122070312,752.2000122070312,0.0,0.0,0.0,
2014-10-13,752.2000122070312,752.2000122070312,752.2000122070312,752.2000122070312,0.0,0.0,0.0,
2014-10-14,752.2000122070312,752.2000122070312,752.2000122070312,752.2000122070312,0.0,0.0,0.0,
2014-10-15,752.2000122070312,752.2000122070312,752.2000122070312,752.2000122070312,0.0,0.0,0.0,
2014-10-16,752.2000122070312,752.2000122070312,752.2000122070312,752.2000122070312,0.0,0.0,0.0,
2014-10-17,752.2000122070312,752.2000122070312,752.2000122070312,752.2000122070312,0.0,0.0,0.0,
2014-10-20,800.0,800.0,745.0,752.2000122070312,0.0,0.0,0.0,
2014-10-21,752.2000122070312,752.2000122070312,752.2000122070312,752.2000122070312,0.0,0.0,0.0,
2014-10-22,774.0,774.0,774.0,774.0,0.0,0.0,0.0,
2014-10-27,787.9000244140625,787.9000244140625,787.9000244140625,787.9000244140625,0.0,0.0,0.0,
2014-10-28,787.9000244140625,787.9000244140625,787.9000244140625,787.9000244140625,0.0,0.0,0.0,
2014-10-29,755.0,755.0,755.0,755.0,0.0,0.0,0.0,
2014-10-30,755.2000122070312,765.0,755.2000122070312,765.0,0.0,0.0,0.0,
2014-10-31,766.0,769.3499755859375,766.0,769.3499755859375,0.0,0.0,0.0,
2014-11-03,775.0,785.010009765625,775.0,785.010009765625,0.0,0.0,0.0,
2014-11-05,800.0,889.989990234375,800.0,847.0,0.0,0.0,0.0,
2014-11-07,825.0,825.0,825.0,825.0,0.0,0.0,0.0,
2014-11-10,790.0,790.0,790.0,790.0,0.0,0.0,0.0,
2014-11-11,794.0,794.0499877929688,794.0,794.0499877929688,0.0,0.0,0.0,
2014-11-12,794.0499877929688,794.0499877929688,794.0499877929688,794.0499877929688,0.0,0.0,0.0,
2014-11-13,794.0499877929688,794.0499877929688,794.0499877929688,794.0499877929688,0.0,0.0,0.0,
2014-11-14,796.0,796.0,796.0,796.0,0.0,0.0,0.0,
2014-11-17,800.0499877929688,800.0499877929688,800.0499877929688,800.0499877929688,0.0,0.0,0.0,
2014-11-18,801.0,802.0499877929688,801.0,802.0,0.0,0.0,0.0,
2014-11-19,802.4500122070312,802.4500122070312,802.4500122070312,802.4500122070312,0.0,0.0,0.0,
2014-11-20,804.0,807.0,804.0,807.0,0.0,0.0,0.0,
2014-11-21,800.010009765625,808.0,800.010009765625,807.0599975585938,0.0,0.0,0.0,
2014-11-24,805.010009765625,808.0,805.010009765625,808.0,0.0,0.0,0.0,
2014-11-25,805.010009765625,805.010009765625,801.0,801.0,0.0,0.0,0.0,
2014-11-26,801.0,801.0,801.0,801.0,0.0,0.0,0.0,
2014-11-27,801.0,801.0,801.0,801.0,0.0,0.0,0.0,
2014-11-28,815.0,820.0,806.0999755859375,806.0999755859375,0.0,0.0,0.0,
2014-12-01,806.0999755859375,806.0999755859375,806.0999755859375,806.0999755859375,0.0,0.0,0.0,
2014-12-02,806.0999755859375,806.0999755859375,806.0999755859375,806.0999755859375,0.0,0.0,0.0,
2014-12-03,806.0999755859375,806.0999755859375,806.0999755859375,806.0999755859375,0.0,0.0,0.0,
2014-12-04,806.0999755859375,806.0999755859375,806.0999755859375,806.0999755859375,0.0,0.0,0.0,
2014-12-05,806.0999755859375,806.0999755859375,806.0999755859375,806.0999755859375,0.0,0.0,0.0,
2014-12-08,806.0999755859375,806.0999755859375,806.0999755859375,806.0999755859375,0.0,0.0,0.0,
2014-12-09,806.0999755859375,806.0999755859375,806.0999755859375,806.0999755859375,0.0,0.0,0.0,
2014-12-10,806.0999755859375,806.0999755859375,806.0999755859375,806.0999755859375,0.0,0.0,0.0,
2014-12-11,806.0999755859375,806.0999755859375,806.0999755859375,806.0999755859375,0.0,0.0,0.0,
2014-12-12,806.0999755859375,806.0999755859375,806.0999755859375,806.0999755859375,0.0,0.0,0.0,
2014-12-15,806.0999755859375,806.0999755859375,806.0999755859375,806.0999755859375,0.0,0.0,0.0,
2014-12-16,808.5499877929688,808.5499877929688,794.2000122070312,794.2000122070312,0.0,0.0,0.0,
2014-12-17,791.5499877929688,791.5499877929688,762.2000122070312,762.2000122070312,0.0,0.0,0.0,
2014-12-18,780.0,780.0,778.0499877929688,778.0499877929688,0.0,0.0,0.0,
2014-12-19,778.0499877929688,778.0499877929688,778.0499877929688,778.0499877929688,0.0,0.0,0.0,
2014-12-22,785.0,785.0,778.0,778.0,0.0,0.0,0.0,
2014-12-23,778.0,778.0,778.0,778.0,0.0,0.0,0.0,
2014-12-24,778.0,778.0,778.0,778.0,0.0,0.0,0.0,
2014-12-26,780.0,780.0,775.0,775.0,0.0,0.0,0.0,
2014-12-29,790.0,790.0,790.0,790.0,0.0,0.0,0.0,
2014-12-30,789.0,789.0,789.0,789.0,0.0,0.0,0.0,
2014-12-31,789.0,789.0,789.0,789.0,0.0,0.0,0.0,
2015-01-01,789.0,789.0,789.0,789.0,0.0,0.0,0.0,
2015-01-02,809.0,809.9000244140625,795.5,795.5,0.0,0.0,0.0,
2015-01-05,795.5,795.5,795.5,795.5,0.0,0.0,0.0,
2015-01-06,789.4500122070312,795.0,789.4500122070312,789.4500122070312,0.0,0.0,0.0,
2015-01-07,819.0,819.0,789.0,789.0,0.0,0.0,0.0,
2015-01-08,809.9000244140625,809.9000244140625,809.9000244140625,809.9000244140625,0.0,0.0,0.0,
2015-01-09,809.9000244140625,809.9000244140625,809.9000244140625,809.9000244140625,0.0,0.0,0.0,
2015-01-12,804.0,804.0,804.0,804.0,0.0,0.0,0.0,
2015-01-13,805.0,805.0,787.4500122070312,787.4500122070312,0.0,0.0,0.0,
2015-01-14,795.0,795.0,779.4500122070312,783.9299926757812,0.0,0.0,0.0,
2015-01-15,825.0,825.0,800.0,800.0,0.0,0.0,0.0,
2015-01-16,800.0,800.0,800.0,800.0,0.0,0.0,0.0,
2015-01-19,775.0399780273438,795.0,775.0399780273438,795.0,0.0,0.0,0.0,
2015-01-20,794.0,800.0,787.0,800.0,0.0,0.0,0.0,
2015-01-21,800.0,800.0,800.0,800.0,0.0,0.0,0.0,
2015-01-22,805.0,805.0,805.0,805.0,0.0,0.0,0.0,
2015-01-23,805.0,805.0,805.0,805.0,0.0,0.0,0.0,
2015-01-27,805.0,805.0,805.0,805.0,0.0,0.0,0.0,
2015-01-28,805.0,805.0,805.0,805.0,0.0,0.0,0.0,
2015-01-29,812.4500122070312,812.4500122070312,792.2000122070312,809.9000244140625,0.0,0.0,0.0,
2015-01-30,804.4500122070312,804.4500122070312,804.4500122070312,804.4500122070312,0.0,0.0,0.0,
2015-02-02,804.4500122070312,804.4500122070312,804.4500122070312,804.4500122070312,0.0,0.0,0.0,
2015-02-03,749.9000244140625,815.0,749.9000244140625,810.0,0.0,0.0,0.0,
2015-02-04,810.0,810.0,810.0,810.0,0.0,0.0,0.0,
2015-02-05,810.0,810.0,810.0,810.0,0.0,0.0,0.0,
2015-02-06,810.0,810.0,810.0,810.0,0.0,0.0,0.0,
2015-02-09,810.0,810.0,810.0,810.0,0.0,0.0,0.0,
2015-02-10,792.5499877929688,792.5499877929688,792.5499877929688,792.5499877929688,0.0,0.0,0.0,
2015-02-11,792.5499877929688,792.5499877929688,792.5499877929688,792.5499877929688,0.0,0.0,0.0,
2015-02-12,792.5499877929688,792.5499877929688,792.5499877929688,792.5499877929688,0.0,0.0,0.0,
2015-02-13,792.5499877929688,792.5499877929688,792.5499877929688,792.5499877929688,0.0,0.0,0.0,
2015-02-16,810.0,825.0,810.0,825.0,0.0,0.0,0.0,
2015-02-18,825.0,825.0,825.0,825.0,0.0,0.0,0.0,
2015-02-19,800.0599975585938,824.989990234375,800.0,802.780029296875,0.0,0.0,0.0,
2015-02-20,802.780029296875,802.780029296875,802.780029296875,802.780029296875,0.0,0.0,0.0,
2015-02-23,860.0,860.0,860.0,860.0,0.0,0.0,0.0,
2015-02-24,860.0,860.0,860.0,860.0,0.0,0.0,0.0,
2015-02-25,800.0,815.0,800.0,815.0,0.0,0.0,0.0,
2015-02-26,815.0,815.0,815.0,815.0,0.0,0.0,0.0,
2015-02-27,815.0,815.0,815.0,815.0,0.0,0.0,0.0,
2015-03-02,807.0,807.0,807.0,807.0,0.0,0.0,0.0,
2015-03-03,807.0,807.0,807.0,807.0,0.0,0.0,0.0,
2015-03-04,811.0,811.0,811.0,811.0,0.0,0.0,0.0,
2015-03-05,811.0,811.0,811.0,811.0,0.0,0.0,0.0,
2015-03-09,811.0,811.0,811.0,811.0,0.0,0.0,0.0,
2015-03-10,801.0,801.0,801.0,801.0,0.0,0.0,0.0,
2015-03-11,801.0,801.0,801.0,801.0,0.0,0.0,0.0,
2015-03-12,810.0,815.0,760.0,812.0,0.0,0.0,0.0,
2015-03-13,812.0,812.0,812.0,812.0,0.0,0.0,0.0,
2015-03-16,812.0,812.0,812.0,812.0,0.0,0.0,0.0,
2015-03-17,812.0,812.0,812.0,812.0,0.0,0.0,0.0,
2015-03-18,812.0,812.0,812.0,812.0,0.0,0.0,0.0,
2015-03-19,800.0599975585938,817.0,800.0599975585938,811.4500122070312,0.0,0.0,0.0,
2015-03-20,899.0,899.0,899.0,899.0,0.0,0.0,0.0,
2015-03-23,899.0,899.0,899.0,899.0,0.0,0.0,0.0,
2015-03-24,899.0,899.0,899.0,899.0,0.0,0.0,0.0,
2015-03-25,850.0,850.0,840.0,840.0,0.0,0.0,0.0,
2015-03-26,840.0,840.0,840.0,840.0,0.0,0.0,0.0,
2015-03-27,840.0,840.0,840.0,840.0,0.0,0.0,0.0,
2015-03-30,840.0,840.0,840.0,840.0,0.0,0.0,0.0,
2015-03-31,840.0,840.0,840.0,840.0,0.0,0.0,0.0,
2015-04-01,876.5499877929688,876.5499877929688,850.0,850.0,0.0,0.0,0.0,
2015-04-06,850.0,850.0,850.0,850.0,0.0,0.0,0.0,
2015-04-07,850.0,850.0,850.0,850.0,0.0,0.0,0.0,
2015-04-08,850.0,850.0,850.0,850.0,0.0,0.0,0.0,
2015-04-09,840.0,840.0,840.0,840.0,0.0,0.0,0.0,
2015-04-10,845.0,850.0,845.0,845.0,0.0,0.0,0.0,
2015-04-13,845.0,845.0,845.0,845.0,0.0,0.0,0.0,
2015-04-15,810.0,855.0,810.0,833.0,0.0,0.0,0.0,
2015-04-16,869.0,869.0,808.75,832.5499877929688,0.0,0.0,0.0,
2015-04-17,832.5499877929688,832.5499877929688,832.5499877929688,832.5499877929688,0.0,0.0,0.0,
2015-04-20,832.5499877929688,832.5499877929688,832.5499877929688,832.5499877929688,0.0,0.0,0.0,
2015-04-21,840.0,859.9000244140625,820.0,826.5999755859375,0.0,0.0,0.0,
2015-04-22,840.0,840.0,840.0,840.0,0.0,0.0,0.0,
2015-04-23,840.0,840.0,840.0,840.0,0.0,0.0,0.0,
2015-04-24,780.0800170898438,781.0,780.0800170898438,781.0,0.0,0.0,0.0,
2015-04-27,781.0,781.0,781.0,781.0,0.0,0.0,0.0,
2015-04-28,781.0,781.0,781.0,781.0,0.0,0.0,0.0,
2015-04-29,781.0,781.0,781.0,781.0,0.0,0.0,0.0,
2015-04-30,795.2000122070312,795.2000122070312,793.0,793.0,0.0,0.0,0.0,
2015-05-04,802.2000122070312,810.0,802.2000122070312,810.0,0.0,0.0,0.0,
2015-05-05,808.0,808.0,802.0499877929688,802.0499877929688,0.0,0.0,0.0,
2015-05-06,800.0,800.0,800.0,800.0,0.0,0.0,0.0,
2015-05-07,800.0,800.0,800.0,800.0,0.0,0.0,0.0,
2015-05-08,800.0,800.0,800.0,800.0,0.0,0.0,0.0,
2015-05-11,800.0,800.0,800.0,800.0,0.0,0.0,0.0,
2015-05-12,800.0,800.0,800.0,800.0,0.0,0.0,0.0,
2015-05-13,800.0,800.0,800.0,800.0,0.0,0.0,0.0,
2015-05-14,800.0,800.0,800.0,800.0,0.0,0.0,0.0,
2015-05-15,800.0,800.0,800.0,800.0,0.0,0.0,0.0,
2015-05-18,796.0,810.0,796.0,810.0,0.0,0.0,0.0,
2015-05-19,810.0,810.0,810.0,810.0,0.0,0.0,0.0,
2015-05-20,810.0,810.0,810.0,810.0,0.0,0.0,0.0,
2015-05-21,810.0,810.0,810.0,810.0,0.0,0.0,0.0,
2015-05-22,810.0,810.0,810.0,810.0,0.0,0.0,0.0,
2015-05-25,810.0,810.0,810.0,810.0,0.0,0.0,0.0,
2015-05-26,810.0,810.0,810.0,810.0,0.0,0.0,0.0,
2015-05-27,803.2000122070312,803.2000122070312,803.2000122070312,803.2000122070312,0.0,0.0,0.0,
2015-05-28,803.2000122070312,803.2000122070312,803.2000122070312,803.2000122070312,0.0,0.0,0.0,
2015-05-29,803.2000122070312,803.2000122070312,803.2000122070312,803.2000122070312,0.0,0.0,0.0,
2015-06-01,803.2000122070312,803.2000122070312,803.2000122070312,803.2000122070312,0.0,0.0,0.0,
2015-06-02,803.2000122070312,803.2000122070312,803.2000122070312,803.2000122070312,0.0,0.0,0.0,
2015-06-03,792.2000122070312,802.0,790.0,790.0,0.0,0.0,0.0,
2015-06-04,819.9000244140625,819.9000244140625,802.0,802.0,0.0,0.0,0.0,
2015-06-05,802.0,802.0,802.0,802.0,0.0,0.0,0.0,
2015-06-08,802.0,802.0,802.0,802.0,0.0,0.0,0.0,
2015-06-09,802.0,802.0,802.0,802.0,0.0,0.0,0.0,
2015-06-10,802.0,802.0,802.0,802.0,0.0,0.0,0.0,
2015-06-11,802.0,802.0,802.0,802.0,0.0,0.0,0.0,
2015-06-12,809.9000244140625,809.9000244140625,809.9000244140625,809.9000244140625,0.0,0.0,0.0,
2015-06-15,809.9000244140625,809.9000244140625,809.9000244140625,809.9000244140625,0.0,0.0,0.0,
2015-06-16,809.9000244140625,809.9000244140625,809.9000244140625,809.9000244140625,0.0,0.0,0.0,
2015-06-17,773.0,799.0,772.2000122070312,799.0,0.0,0.0,0.0,
2015-06-18,805.0,809.9000244140625,805.0,809.9000244140625,0.0,0.0,0.0,
2015-06-19,809.9000244140625,809.9000244140625,809.9000244140625,809.9000244140625,0.0,0.0,0.0,
2015-06-22,805.0,805.0,800.0,800.0,0.0,0.0,0.0,
2015-06-23,774.0,774.0,774.0,774.0,0.0,0.0,0.0,
2015-06-24,774.0,774.0,774.0,774.0,0.0,0.0,0.0,
2015-06-25,774.0,774.0,774.0,774.0,0.0,0.0,0.0,
2015-06-26,774.0,774.0,774.0,774.0,0.0,0.0,0.0,
2015-06-29,774.0,774.0,774.0,774.0,0.0,0.0,0.0,
2015-06-30,774.0,774.0,774.0,774.0,0.0,0.0,0.0,
2015-07-01,774.0,774.0,774.0,774.0,0.0,0.0,0.0,
2015-07-02,815.0,815.0,815.0,815.0,0.0,0.0,0.0,
2015-07-03,815.0,815.0,815.0,815.0,0.0,0.0,0.0,
2015-07-06,809.9000244140625,815.0,809.9000244140625,815.0,0.0,0.0,0.0,
2015-07-07,819.0,819.0,819.0,819.0,0.0,0.0,0.0,
2015-07-08,809.9000244140625,809.9000244140625,809.9000244140625,809.9000244140625,0.0,0.0,0.0,
2015-07-09,790.0999755859375,790.0999755859375,790.0,790.0,0.0,0.0,0.0,
2015-07-10,790.0,790.0,790.0,790.0,0.0,0.0,0.0,
2015-07-13,790.0,790.0,790.0,790.0,0.0,0.0,0.0,
2015-07-14,816.989990234375,816.989990234375,816.989990234375,816.989990234375,0.0,0.0,0.0,
2015-07-15,816.989990234375,816.989990234375,816.989990234375,816.989990234375,0.0,0.0,0.0,
2015-07-16,815.0,815.0,815.0,815.0,0.0,0.0,0.0,
2015-07-17,811.0,811.0,811.0,811.0,0.0,0.0,0.0,
2015-07-20,823.989990234375,823.989990234375,823.989990234375,823.989990234375,0.0,0.0,0.0,
2015-07-21,823.989990234375,823.989990234375,823.989990234375,823.989990234375,0.0,0.0,0.0,
2015-07-22,823.989990234375,823.989990234375,823.989990234375,823.989990234375,0.0,0.0,0.0,
2015-07-23,823.989990234375,823.989990234375,823.989990234375,823.989990234375,0.0,0.0,0.0,
2015-07-24,823.989990234375,823.989990234375,823.989990234375,823.989990234375,0.0,0.0,0.0,
2015-07-27,823.989990234375,823.989990234375,823.989990234375,823.989990234375,0.0,0.0,0.0,
2015-07-28,823.989990234375,823.989990234375,823.989990234375,823.989990234375,0.0,0.0,0.0,
2015-07-29,823.989990234375,823.989990234375,823.989990234375,823.989990234375,0.0,0.0,0.0,
2015-07-30,823.989990234375,823.989990234375,823.989990234375,823.989990234375,0.0,0.0,0.0,
2015-07-31,805.0999755859375,805.0999755859375,805.0999755859375,805.0999755859375,0.0,0.0,0.0,
2015-08-03,805.0,819.0,805.0,810.5599975585938,0.0,0.0,0.0,
2015-08-04,810.0,810.0,810.0,810.0,0.0,0.0,0.0,
2015-08-05,810.0,810.0,810.0,810.0,0.0,0.0,0.0,
2015-08-06,805.0,805.0,801.0,801.0,0.0,0.0,0.0,
2015-08-07,810.0,810.0,810.0,810.0,0.0,0.0,0.0,
2015-08-10,810.0,810.0,810.0,810.0,0.0,0.0,0.0,
2015-08-11,800.0,800.0,800.0,800.0,0.0,0.0,0.0,
2015-08-12,819.9000244140625,819.9000244140625,795.0,795.0,0.0,0.0,0.0,
2015-08-13,819.9000244140625,819.9000244140625,795.0,795.0,0.0,0.0,0.0,
2015-08-14,795.0,795.0,795.0,795.0,0.0,0.0,0.0,
2015-08-17,806.0,806.0999755859375,806.0,806.0999755859375,0.0,0.0,0.0,
2015-08-18,806.0999755859375,806.0999755859375,806.0999755859375,806.0999755859375,0.0,0.0,0.0,
2015-08-19,806.0999755859375,806.0999755859375,806.0999755859375,806.0999755859375,0.0,0.0,0.0,
2015-08-20,806.0999755859375,806.0999755859375,806.0999755859375,806.0999755859375,0.0,0.0,0.0,
2015-08-21,806.0999755859375,806.0999755859375,806.0999755859375,806.0999755859375,0.0,0.0,0.0,
2015-08-24,775.0,775.0,752.2000122070312,752.2000122070312,0.0,0.0,0.0,
2015-08-25,779.7999877929688,779.7999877929688,774.9500122070312,774.9500122070312,0.0,0.0,0.0,
2015-08-26,755.0,755.0,755.0,755.0,0.0,0.0,0.0,
2015-08-27,755.0,755.0,755.0,755.0,0.0,0.0,0.0,
2015-08-28,755.0,755.0,755.0,755.0,0.0,0.0,0.0,
2015-08-31,778.9000244140625,778.9000244140625,778.9000244140625,778.9000244140625,0.0,0.0,0.0,
2015-09-01,778.9000244140625,778.9000244140625,778.9000244140625,778.9000244140625,0.0,0.0,0.0,
2015-09-02,778.9000244140625,778.9000244140625,778.9000244140625,778.9000244140625,0.0,0.0,0.0,
2015-09-03,778.9000244140625,778.9000244140625,778.9000244140625,778.9000244140625,0.0,0.0,0.0,
2015-09-04,721.0,745.0,692.5,745.0,0.0,0.0,0.0,
2015-09-07,745.0,745.0,745.0,745.0,0.0,0.0,0.0,
2015-09-08,744.9000244140625,769.0,744.9000244140625,761.8699951171875,0.0,0.0,0.0,
2015-09-09,779.989990234375,779.989990234375,779.989990234375,779.989990234375,0.0,0.0,0.0,
2015-09-10,779.989990234375,779.989990234375,779.989990234375,779.989990234375,0.0,0.0,0.0,
2015-09-11,775.0,775.0,775.0,775.0,0.0,0.0,0.0,
2015-09-14,775.0,775.0,775.0,775.0,0.0,0.0,0.0,
2015-09-15,775.0,775.0,775.0,775.0,0.0,0.0,0.0,
2015-09-16,775.0,775.0,775.0,775.0,0.0,0.0,0.0,
2015-09-18,789.2000122070312,789.2000122070312,702.0,750.0,0.0,0.0,0.0,
2015-09-21,745.0,760.0,745.0,760.0,0.0,0.0,0.0,
2015-09-22,760.0,760.0,760.0,760.0,0.0,0.0,0.0,
2015-09-23,760.0,760.0,760.0,760.0,0.0,0.0,0.0,
2015-09-24,760.0,760.0,760.0,760.0,0.0,0.0,0.0,
2015-09-28,778.0,778.9000244140625,778.0,778.9000244140625,0.0,0.0,0.0,
2015-09-29,762.0,762.0,761.0,761.0,0.0,0.0,0.0,
2015-09-30,777.0,778.9000244140625,777.0,778.9000244140625,0.0,0.0,0.0,
2015-10-01,778.9000244140625,778.9000244140625,778.9000244140625,778.9000244140625,0.0,0.0,0.0,
2015-10-05,779.7999877929688,779.7999877929688,779.7999877929688,779.7999877929688,0.0,0.0,0.0,
2015-10-06,791.0,791.0,791.0,791.0,0.0,0.0,0.0,
2015-10-07,761.0,779.989990234375,730.2999877929688,777.0,0.0,0.0,0.0,
2015-10-08,777.0,777.0,777.0,777.0,0.0,0.0,0.0,
2015-10-09,777.0,777.0,777.0,777.0,0.0,0.0,0.0,
2015-10-12,777.0,777.0,777.0,777.0,0.0,0.0,0.0,
2015-10-13,793.0,793.0,793.0,793.0,0.0,0.0,0.0,
2015-10-14,793.0,793.0,793.0,793.0,0.0,0.0,0.0,
2015-10-15,793.5,793.7000122070312,793.5,793.7000122070312,0.0,0.0,0.0,
2015-10-16,793.7000122070312,793.7000122070312,793.7000122070312,793.7000122070312,0.0,0.0,0.0,
2015-10-19,793.7000122070312,793.7000122070312,793.7000122070312,793.7000122070312,0.0,0.0,0.0,
2015-10-20,793.7000122070312,795.3499755859375,793.7000122070312,795.3499755859375,0.0,0.0,0.0,
2015-10-21,795.4000244140625,800.0,795.4000244140625,800.0,0.0,0.0,0.0,
2015-10-23,790.0,790.0,790.0,790.0,0.0,0.0,0.0,
2015-10-26,771.0,789.989990234375,770.0,789.5700073242188,0.0,0.0,0.0,
2015-10-27,790.0,790.0,790.0,790.0,0.0,0.0,0.0,
2015-10-28,790.0,790.0,790.0,790.0,0.0,0.0,0.0,
2015-10-29,775.0,775.0,775.0,775.0,0.0,0.0,0.0,
2015-10-30,775.0,775.0,775.0,775.0,0.0,0.0,0.0,
2015-11-02,776.0,776.0,775.0,775.0,0.0,0.0,0.0,
2015-11-03,775.0,779.989990234375,751.0,765.0,0.0,0.0,0.0,
2015-11-04,765.0,765.0,765.0,765.0,0.0,0.0,0.0,
2015-11-05,760.0,760.0,760.0,760.0,0.0,0.0,0.0,
2015-11-06,750.0,750.0999755859375,750.0,750.0999755859375,0.0,0.0,0.0,
2015-11-09,750.0999755859375,750.0999755859375,750.0999755859375,750.0999755859375,0.0,0.0,0.0,
2015-11-10,750.0,767.0,750.0,767.0,0.0,0.0,0.0,
2015-11-13,785.0,785.0,785.0,785.0,0.0,0.0,0.0,
2015-11-16,785.0,785.0,785.0,785.0,0.0,0.0,0.0,
2015-11-17,785.0,785.0,785.0,785.0,0.0,0.0,0.0,
2015-11-18,785.0,785.0,785.0,785.0,0.0,0.0,0.0,
2015-11-19,785.0,785.0,785.0,785.0,0.0,0.0,0.0,
2015-11-20,785.0,785.0,785.0,785.0,0.0,0.0,0.0,
2015-11-23,775.0,775.0,775.0,775.0,0.0,0.0,0.0,
2015-11-24,770.0,770.0,770.0,770.0,0.0,0.0,0.0,
2015-11-26,789.0,789.0,789.0,789.0,0.0,0.0,0.0,
2015-11-27,789.0,789.0,789.0,789.0,0.0,0.0,0.0,
2015-11-30,789.0,789.0,789.0,789.0,0.0,0.0,0.0,
2015-12-01,789.0,789.0,789.0,789.0,0.0,0.0,0.0,
2015-12-02,799.0,799.0,799.0,799.0,0.0,0.0,0.0,
2015-12-03,799.0,799.0,799.0,799.0,0.0,0.0,0.0,
2015-12-04,799.0,799.0,799.0,799.0,0.0,0.0,0.0,
2015-12-07,720.0,720.0,720.0,720.0,0.0,0.0,0.0,
2015-12-08,720.0,720.0,720.0,720.0,0.0,0.0,0.0,
2015-12-09,860.0,860.0,710.0,755.0,0.0,0.0,0.0,
2015-12-10,755.0,755.0,755.0,755.0,0.0,0.0,0.0,
2015-12-11,755.0,755.0,755.0,755.0,0.0,0.0,0.0,
2015-12-14,910.0,910.0,731.5,769.989990234375,0.0,0.0,0.0,
2015-12-15,769.989990234375,769.989990234375,769.989990234375,769.989990234375,0.0,0.0,0.0,
2015-12-16,720.0,759.9199829101562,645.0,745.0,0.0,0.0,0.0,
2015-12-17,741.1099853515625,755.0,735.0999755859375,755.0,0.0,0.0,0.0,
2015-12-18,750.0,751.0,750.0,751.0,0.0,0.0,0.0,
2015-12-21,755.0,759.5499877929688,752.0,758.030029296875,0.0,0.0,0.0,
2015-12-22,758.030029296875,758.030029296875,758.030029296875,758.030029296875,0.0,0.0,0.0,
2015-12-23,770.0,770.0,770.0,770.0,0.0,0.0,0.0,
2015-12-24,770.0,770.0,770.0,770.0,0.0,0.0,0.0,
2015-12-28,775.0,775.0,767.0,767.0,0.0,0.0,0.0,
2015-12-29,767.0,767.0,767.0,767.0,0.0,0.0,0.0,
2015-12-30,763.0,763.0,740.0,740.0,0.0,0.0,0.0,
2015-12-31,740.0,740.0,740.0,740.0,0.0,0.0,0.0,
2016-01-01,740.0,740.0,740.0,740.0,0.0,0.0,0.0,
2016-01-04,740.0,740.0,740.0,740.0,0.0,0.0,0.0,
2016-01-05,760.0,760.0,752.0,752.0,0.0,0.0,0.0,
2016-01-06,752.0,752.0,752.0,752.0,0.0,0.0,0.0,
2016-01-07,752.0,752.0,752.0,752.0,0.0,0.0,0.0,
2016-01-08,740.0,740.0,705.0,722.3200073242188,0.0,0.0,0.0,
2016-01-11,741.0,741.0,741.0,741.0,0.0,0.0,0.0,
2016-01-12,741.0,741.0,741.0,741.0,0.0,0.0,0.0,
2016-01-13,759.0,759.0,759.0,759.0,0.0,0.0,0.0,
2016-01-14,730.0,730.0,725.0,725.0,0.0,0.0,0.0,
2016-01-15,740.0,740.0,735.0,735.0,0.0,0.0,0.0,
2016-01-18,735.0,735.0,735.0,735.0,0.0,0.0,0.0,
2016-01-19,735.0,735.0,735.0,735.0,0.0,0.0,0.0,
2016-01-20,730.0,730.0,720.0,720.0,0.0,0.0,0.0,
2016-01-21,710.0,710.0,680.0,695.0,0.0,0.0,0.0,
2016-01-22,695.0,695.0,695.0,695.0,0.0,0.0,0.0,
2016-01-25,715.0,721.0,715.0,721.0,0.0,0.0,0.0,
2016-01-27,721.0,721.0,721.0,721.0,0.0,0.0,0.0,
2016-01-28,721.0,721.0,721.0,721.0,0.0,0.0,0.0,
2016-01-29,721.0,721.0,721.0,721.0,0.0,0.0,0.0,
2016-02-01,721.0,721.0,721.0,721.0,0.0,0.0,0.0,
2016-02-02,721.0,721.0,721.0,721.0,0.0,0.0,0.0,
2016-02-03,721.0,721.0,721.0,721.0,0.0,0.0,0.0,
2016-02-04,721.0,721.0,721.0,721.0,0.0,0.0,0.0,
2016-02-05,721.0,721.0,721.0,721.0,0.0,0.0,0.0,
2016-02-08,721.0,721.0,721.0,721.0,0.0,0.0,0.0,
2016-02-09,721.0,721.0,721.0,721.0,0.0,0.0,0.0,
2016-02-10,721.0,721.0,721.0,721.0,0.0,0.0,0.0,
2016-02-11,700.0,700.0,612.9000244140625,685.0,0.0,0.0,0.0,
2016-02-12,685.0,685.0,685.0,685.0,0.0,0.0,0.0,
2016-02-15,829.4000244140625,829.4000244140625,700.0,700.0,0.0,0.0,0.0,
2016-02-16,700.0,700.0,700.0,700.0,0.0,0.0,0.0,
2016-02-17,709.989990234375,709.989990234375,680.0,680.0,0.0,0.0,0.0,
2016-02-18,700.0,709.989990234375,695.0,704.989990234375,0.0,0.0,0.0,
2016-02-19,704.989990234375,704.989990234375,704.989990234375,704.989990234375,0.0,0.0,0.0,
2016-02-22,704.989990234375,704.989990234375,704.989990234375,704.989990234375,0.0,0.0,0.0,
2016-02-23,709.989990234375,709.989990234375,709.989990234375,709.989990234375,0.0,0.0,0.0,
2016-02-24,840.0,840.0,690.0,690.0,0.0,0.0,0.0,
2016-02-25,810.0,810.0,675.0,682.8499755859375,0.0,0.0,0.0,
2016-02-26,682.8499755859375,682.8499755859375,682.8499755859375,682.8499755859375,0.0,0.0,0.0,
2016-02-29,682.8499755859375,682.8499755859375,682.8499755859375,682.8499755859375,0.0,0.0,0.0,
2016-03-01,729.989990234375,729.989990234375,729.989990234375,729.989990234375,0.0,0.0,0.0,
2016-03-02,705.0,705.0,705.0,705.0,0.0,0.0,0.0,
2016-03-03,705.0,705.0,705.0,705.0,0.0,0.0,0.0,
2016-03-04,705.0,705.0,705.0,705.0,0.0,0.0,0.0,
2016-03-08,686.0,686.0,685.0,685.8300170898438,0.0,0.0,0.0,
2016-03-09,685.8300170898438,685.8300170898438,685.8300170898438,685.8300170898438,0.0,0.0,0.0,
2016-03-10,685.8300170898438,685.8300170898438,685.8300170898438,685.8300170898438,0.0,0.0,0.0,
2016-03-11,840.0,840.0,670.010009765625,700.0,0.0,0.0,0.0,
2016-03-14,822.2000122070312,822.2000122070312,701.0,769.7000122070312,0.0,0.0,0.0,
2016-03-15,769.7000122070312,769.7000122070312,769.7000122070312,769.7000122070312,0.0,0.0,0.0,
2016-03-16,703.0,703.0,703.0,703.0,0.0,0.0,0.0,
2016-03-17,710.0,720.0,700.0700073242188,700.0700073242188,0.0,0.0,0.0,
2016-03-18,700.0700073242188,700.0700073242188,700.0700073242188,700.0700073242188,0.0,0.0,0.0,
2016-03-21,700.0700073242188,700.0700073242188,700.0700073242188,700.0700073242188,0.0,0.0,0.0,
2016-03-22,700.0700073242188,700.0700073242188,700.0700073242188,700.0700073242188,0.0,0.0,0.0,
2016-03-23,700.0700073242188,700.0700073242188,700.0700073242188,700.0700073242188,0.0,0.0,0.0,
2016-03-28,700.0,700.0,700.0,700.0,0.0,0.0,0.0,
2016-03-29,699.0,699.0,699.0,699.0,0.0,0.0,0.0,
2016-03-30,655.0,759.0,655.0,759.0,0.0,0.0,0.0,
2016-03-31,756.9000244140625,756.9000244140625,682.0,682.0,0.0,0.0,0.0,
2016-04-01,789.0,789.0,682.0,701.0,0.0,0.0,0.0,
2016-04-04,701.0,701.0,701.0,701.0,0.0,0.0,0.0,
2016-04-05,700.0,700.0,700.0,700.0,0.0,0.0,0.0,
2016-04-06,700.0,700.0,700.0,700.0,0.0,0.0,0.0,
2016-04-07,700.0,700.0,700.0,700.0,0.0,0.0,0.0,
2016-04-08,700.0,700.0,700.0,700.0,0.0,0.0,0.0,
2016-04-11,700.0,700.0,700.0,700.0,0.0,0.0,0.0,
2016-04-12,702.0999755859375,702.0999755859375,702.0999755859375,702.0999755859375,0.0,0.0,0.0,
2016-04-13,750.0,750.0,750.0,750.0,0.0,0.0,0.0,
2016-04-18,750.0,750.0,750.0,750.0,0.0,0.0,0.0,
2016-04-20,744.0,744.0,736.0,739.0,0.0,0.0,0.0,
2016-04-21,739.0,739.0,739.0,739.0,0.0,0.0,0.0,
2016-04-22,739.0,739.0,739.0,739.0,0.0,0.0,0.0,
2016-04-25,739.0,739.0,739.0,739.0,0.0,0.0,0.0,
2016-04-26,740.0999755859375,790.0,740.0999755859375,790.0,0.0,0.0,0.0,
2016-04-27,790.0,790.0,790.0,790.0,0.0,0.0,0.0,
2016-04-28,790.0,790.0,790.0,790.0,0.0,0.0,0.0,
2016-04-29,790.0,790.0,790.0,790.0,0.0,0.0,0.0,
2016-05-02,785.0,785.0,785.0,785.0,0.0,0.0,0.0,
2016-05-03,785.0,785.0,785.0,785.0,0.0,0.0,0.0,
2016-05-04,799.0,799.0,799.0,799.0,0.0,0.0,0.0,
2016-05-05,799.0,799.0,799.0,799.0,0.0,0.0,0.0,
2016-05-06,780.0,780.0,750.0,750.0,0.0,0.0,0.0,
2016-05-09,750.0,750.0,750.0,750.0,0.0,0.0,0.0,
2016-05-10,788.7999877929688,788.7999877929688,735.2000122070312,779.0,0.0,0.0,0.0,
2016-05-11,779.0,779.0,779.0,779.0,0.0,0.0,0.0,
2016-05-12,779.0,779.0,779.0,779.0,0.0,0.0,0.0,
2016-05-13,777.0,777.0,777.0,777.0,0.0,0.0,0.0,
2016-05-16,777.0,777.0,777.0,777.0,0.0,0.0,0.0,
2016-05-17,777.0,777.0,777.0,777.0,0.0,0.0,0.0,
2016-05-18,777.0,777.0,777.0,777.0,0.0,0.0,0.0,
2016-05-19,777.0,777.0,777.0,777.0,0.0,0.0,0.0,
2016-05-20,777.0,777.0,777.0,777.0,0.0,0.0,0.0,
2016-05-23,777.0,777.0,777.0,777.0,0.0,0.0,0.0,
2016-05-24,740.0,740.0,740.0,740.0,0.0,0.0,0.0,
2016-05-25,740.0,740.0,740.0,740.0,0.0,0.0,0.0,
2016-05-26,740.0,740.0,740.0,740.0,0.0,0.0,0.0,
2016-05-27,765.0,788.0,765.0,788.0,0.0,0.0,0.0,
2016-05-30,765.010009765625,765.010009765625,765.010009765625,765.010009765625,0.0,0.0,0.0,
2016-05-31,765.010009765625,765.010009765625,765.010009765625,765.010009765625,0.0,0.0,0.0,
2016-06-01,809.989990234375,809.989990234375,800.0,800.0,0.0,0.0,0.0,
2016-06-02,800.0,800.0,800.0,800.0,0.0,0.0,0.0,
2016-06-03,800.0,800.0,800.0,800.0,0.0,0.0,0.0,
2016-06-06,808.0,808.0,808.0,808.0,0.0,0.0,0.0,
2016-06-07,808.0,808.0,808.0,808.0,0.0,0.0,0.0,
2016-06-08,795.0,795.0,795.0,795.0,0.0,0.0,0.0,
2016-06-09,782.0,782.0,781.25,781.25,0.0,0.0,0.0,
2016-06-10,790.0,790.0,785.0,785.0,0.0,0.0,0.0,
2016-06-13,799.989990234375,799.989990234375,799.989990234375,799.989990234375,0.0,0.0,0.0,
2016-06-14,799.989990234375,799.989990234375,799.989990234375,799.989990234375,0.0,0.0,0.0,
2016-06-15,770.010009765625,770.010009765625,770.0,770.0,0.0,0.0,0.0,
2016-06-16,770.0,770.0,770.0,770.0,0.0,0.0,0.0,
2016-06-17,770.0,770.0,770.0,770.0,0.0,0.0,0.0,
2016-06-20,770.0,770.0,770.0,770.0,0.0,0.0,0.0,
2016-06-21,780.0,780.0,775.0,775.0,0.0,0.0,0.0,
2016-06-22,775.0,775.0,767.0999755859375,767.0999755859375,0.0,0.0,0.0,
2016-06-23,765.0,765.0,765.0,765.0,0.0,0.0,0.0,
2016-06-24,765.010009765625,765.010009765625,765.010009765625,765.010009765625,0.0,0.0,0.0,
2016-06-27,751.0,751.0,751.0,751.0,0.0,0.0,0.0,
2016-06-28,840.0,840.0,840.0,840.0,0.0,0.0,0.0,
2016-06-29,840.0,840.0,840.0,840.0,0.0,0.0,0.0,
2016-06-30,840.0,840.0,840.0,840.0,0.0,0.0,0.0,
2016-07-01,800.0,849.0,800.0,807.0,0.0,0.0,0.0,
2016-07-04,807.0,807.0,807.0,807.0,0.0,0.0,0.0,
2016-07-05,849.0,849.0,840.0,840.0,0.0,0.0,0.0,
2016-07-07,819.989990234375,819.989990234375,819.989990234375,819.989990234375,0.0,0.0,0.0,
2016-07-08,793.0,793.0,793.0,793.0,0.0,0.0,0.0,
2016-07-11,790.25,819.989990234375,790.25,819.989990234375,0.0,0.0,0.0,
2016-07-12,819.989990234375,819.989990234375,819.989990234375,819.989990234375,0.0,0.0,0.0,
2016-07-13,819.989990234375,824.0,800.010009765625,806.6099853515625,0.0,0.0,0.0,
2016-07-14,806.6099853515625,806.6099853515625,806.6099853515625,806.6099853515625,0.0,0.0,0.0,
2016-07-15,806.6099853515625,806.6099853515625,806.6099853515625,806.6099853515625,0.0,0.0,0.0,
2016-07-18,806.6099853515625,806.6099853515625,806.6099853515625,806.6099853515625,0.0,0.0,0.0,
2016-07-19,806.6099853515625,806.6099853515625,806.6099853515625,806.6099853515625,0.0,0.0,0.0,
2016-07-20,806.6099853515625,806.6099853515625,806.6099853515625,806.6099853515625,0.0,0.0,0.0,
2016-07-21,806.6099853515625,806.6099853515625,806.6099853515625,806.6099853515625,0.0,0.0,0.0,
2016-07-22,795.010009765625,795.010009765625,795.0,795.0,0.0,0.0,0.0,
2016-07-25,795.0,795.0,795.0,795.0,0.0,0.0,0.0,
2016-07-26,795.0,795.0,795.0,795.0,0.0,0.0,0.0,
2016-07-27,795.0,795.0,795.0,795.0,0.0,0.0,0.0,
2016-07-28,795.0,795.0,795.0,795.0,0.0,0.0,0.0,
2016-07-29,800.0,800.0,800.0,800.0,0.0,0.0,0.0,
2016-08-01,839.0,839.0,811.0,811.0,0.0,0.0,0.0,
2016-08-02,811.0,811.0,811.0,811.0,0.0,0.0,0.0,
2016-08-03,814.0,820.0,814.0,816.6599731445312,0.0,0.0,0.0,
2016-08-04,816.6599731445312,816.6599731445312,816.6599731445312,816.6599731445312,0.0,0.0,0.0,
2016-08-05,816.6599731445312,816.6599731445312,816.6599731445312,816.6599731445312,0.0,0.0,0.0,
2016-08-08,930.0,930.0,848.0,848.0,0.0,0.0,0.0,
2016-08-09,825.0,829.989990234375,824.0,829.989990234375,0.0,0.0,0.0,
2016-08-10,824.0,824.0,818.5499877929688,820.0,0.0,0.0,0.0,
2016-08-11,820.0,820.0,820.0,820.0,0.0,0.0,0.0,
2016-08-12,829.989990234375,829.989990234375,828.5,828.5,0.0,0.0,0.0,
2016-08-16,860.0,860.0,782.0,809.7100219726562,0.0,0.0,0.0,
2016-08-17,809.7100219726562,809.7100219726562,809.7100219726562,809.7100219726562,0.0,0.0,0.0,
2016-08-18,809.7100219726562,809.7100219726562,809.7100219726562,809.7100219726562,0.0,0.0,0.0,
2016-08-19,805.0,805.0,805.0,805.0,0.0,0.0,0.0,
2016-08-22,805.0,805.0,805.0,805.0,0.0,0.0,0.0,
2016-08-23,805.0,805.0,805.0,805.0,0.0,0.0,0.0,
2016-08-24,805.0,805.0,805.0,805.0,0.0,0.0,0.0,
2016-08-25,815.010009765625,815.0499877929688,815.0,815.0499877929688,0.0,0.0,0.0,
2016-08-26,808.3499755859375,808.3499755859375,808.3499755859375,808.3499755859375,0.0,0.0,0.0,
2016-08-29,812.3499755859375,812.3499755859375,808.0,808.0,0.0,0.0,0.0,
2016-08-30,808.0,808.0,808.0,808.0,0.0,0.0,0.0,
2016-08-31,808.0,808.0,808.0,808.0,0.0,0.0,0.0,
2016-09-01,898.0,898.0,821.0,840.0,0.0,0.0,0.0,
2016-09-02,840.0,840.0,840.0,840.0,0.0,0.0,0.0,
2016-09-06,869.0,895.0,869.0,895.0,0.0,0.0,0.0,
2016-09-07,811.0,811.0,811.0,811.0,0.0,0.0,0.0,
2016-09-08,860.0,860.0,860.0,860.0,0.0,0.0,0.0,
2016-09-09,824.010009765625,838.0,800.0,807.0599975585938,0.0,0.0,0.0,
2016-09-12,840.0,840.0,840.0,840.0,0.0,0.0,0.0,
2016-09-14,831.9199829101562,831.9199829101562,825.0,825.0,0.0,0.0,0.0,
2016-09-15,825.0,825.0,825.0,825.0,0.0,0.0,0.0,
2016-09-16,835.0,835.0,835.0,835.0,0.0,0.0,0.0,
2016-09-19,821.0,821.0,821.0,821.0,0.0,0.0,0.0,
2016-09-20,821.0,821.0,821.0,821.0,0.0,0.0,0.0,
2016-09-21,821.0,821.0,811.0,811.0,0.0,0.0,0.0,
2016-09-22,821.0,830.0,821.0,830.0,0.0,0.0,0.0,
2016-09-23,830.0,830.0,830.0,830.0,0.0,0.0,0.0,
2016-09-26,830.0,830.0,830.0,830.0,0.0,0.0,0.0,
2016-09-27,830.0,830.0,830.0,830.0,0.0,0.0,0.0,
2016-09-28,830.0,830.0,830.0,830.0,0.0,0.0,0.0,
2016-09-29,830.0,830.0,830.0,830.0,0.0,0.0,0.0,
2016-09-30,830.0,830.0,830.0,830.0,0.0,0.0,0.0,
2016-10-03,830.0,831.0,830.0,831.0,0.0,0.0,0.0,
2016-10-04,821.0,828.9000244140625,821.0,828.9000244140625,0.0,0.0,0.0,
2016-10-05,839.0,844.989990234375,821.0,821.0,0.0,0.0,0.0,
2016-10-06,869.0,1044.0,821.0,821.0,0.0,0.0,0.0,
2016-10-07,821.0,825.0,821.0,822.010009765625,0.0,0.0,0.0,
2016-10-10,822.010009765625,822.010009765625,822.010009765625,822.010009765625,0.0,0.0,0.0,
2016-10-13,894.0,894.0,849.0,849.0,0.0,0.0,0.0,
2016-10-14,849.0,849.0,849.0,849.0,0.0,0.0,0.0,
2016-10-17,818.0,818.0,818.0,818.0,0.0,0.0,0.0,
2016-10-18,818.0,821.0,818.0,821.0,0.0,0.0,0.0,
2016-10-19,825.0,825.0,815.0,818.1199951171875,0.0,0.0,0.0,
2016-10-20,818.1199951171875,818.1199951171875,818.1199951171875,818.1199951171875,0.0,0.0,0.0,
2016-10-21,818.1199951171875,818.1199951171875,818.1199951171875,818.1199951171875,0.0,0.0,0.0,
2016-10-24,818.1199951171875,818.1199951171875,818.1199951171875,818.1199951171875,0.0,0.0,0.0,
2016-10-25,818.1199951171875,818.1199951171875,818.1199951171875,818.1199951171875,0.0,0.0,0.0,
2016-10-26,890.0,893.0,890.0,893.0,0.0,0.0,0.0,
2016-10-27,893.0,893.0,893.0,893.0,0.0,0.0,0.0,
2016-10-28,895.0,895.0,895.0,895.0,0.0,0.0,0.0,
2016-11-01,894.0,894.0,849.989990234375,849.989990234375,0.0,0.0,0.0,
2016-11-02,892.0,892.0,849.989990234375,849.989990234375,0.0,0.0,0.0,
2016-11-03,892.0,892.0,849.989990234375,849.989990234375,0.0,0.0,0.0,
2016-11-04,849.989990234375,849.989990234375,849.989990234375,849.989990234375,0.0,0.0,0.0,
2016-11-07,849.989990234375,849.989990234375,849.989990234375,849.989990234375,0.0,0.0,0.0,
2016-11-08,849.989990234375,849.989990234375,849.989990234375,849.989990234375,0.0,0.0,0.0,
2016-11-09,892.6500244140625,892.6500244140625,892.6500244140625,892.6500244140625,0.0,0.0,0.0,
2016-11-10,892.6500244140625,892.6500244140625,892.6500244140625,892.6500244140625,0.0,0.0,0.0,
2016-11-11,892.6500244140625,892.6500244140625,892.6500244140625,892.6500244140625,0.0,0.0,0.0,
2016-11-15,875.0,875.0,865.0,865.0,0.0,0.0,0.0,
2016-11-16,865.0,865.0,865.0,865.0,0.0,0.0,0.0,
2016-11-17,860.0,860.0,860.0,860.0,0.0,0.0,0.0,
2016-11-18,860.0,860.0,860.0,860.0,0.0,0.0,0.0,
2016-11-21,800.0,800.0,800.0,800.0,0.0,0.0,0.0,
2016-11-22,800.0,800.0,790.0,790.0,0.0,0.0,0.0,
2016-11-23,790.0,790.0,790.0,790.0,0.0,0.0,0.0,
2016-11-24,790.0,790.0,790.0,790.0,0.0,0.0,0.0,
2016-11-25,824.0,991.9000244140624,824.0,855.0,0.0,0.0,0.0,
2016-11-28,885.0,885.0,885.0,885.0,0.0,0.0,0.0,
2016-11-29,812.0,812.0,812.0,812.0,0.0,0.0,0.0,
2016-11-30,812.0,812.0,812.0,812.0,0.0,0.0,0.0,
2016-12-01,884.9500122070312,884.9500122070312,805.0,864.9000244140625,0.0,0.0,0.0,
2016-12-02,864.9000244140625,864.9000244140625,864.9000244140625,864.9000244140625,0.0,0.0,0.0,
2016-12-05,864.9000244140625,864.9000244140625,801.0,801.0,0.0,0.0,0.0,
2016-12-06,864.9000244140625,865.0,815.0,815.0,0.0,0.0,0.0,
2016-12-07,815.0,815.0,815.0,815.0,0.0,0.0,0.0,
2016-12-08,815.0,815.0,815.0,815.0,0.0,0.0,0.0,
2016-12-09,815.0,815.0,815.0,815.0,0.0,0.0,0.0,
2016-12-12,815.0,815.0,815.0,815.0,0.0,0.0,0.0,
2016-12-13,864.9000244140625,865.0,792.0,792.0,0.0,0.0,0.0,
2016-12-14,844.9000244140625,844.9000244140625,844.9000244140625,844.9000244140625,0.0,0.0,0.0,
2016-12-15,844.9000244140625,844.9000244140625,844.9000244140625,844.9000244140625,0.0,0.0,0.0,
2016-12-16,844.9000244140625,844.9000244140625,844.9000244140625,844.9000244140625,0.0,0.0,0.0,
2016-12-19,844.9000244140625,844.9000244140625,844.9000244140625,844.9000244140625,0.0,0.0,0.0,
2016-12-20,844.9000244140625,844.9000244140625,844.9000244140625,844.9000244140625,0.0,0.0,0.0,
2016-12-21,844.9000244140625,844.9000244140625,844.9000244140625,844.9000244140625,0.0,0.0,0.0,
2016-12-22,844.9000244140625,844.9000244140625,844.9000244140625,844.9000244140625,0.0,0.0,0.0,
2016-12-23,844.9000244140625,844.9000244140625,844.9000244140625,844.9000244140625,0.0,0.0,0.0,
2016-12-26,844.9000244140625,844.9000244140625,844.9000244140625,844.9000244140625,0.0,0.0,0.0,
2016-12-27,844.9000244140625,844.9000244140625,844.9000244140625,844.9000244140625,0.0,0.0,0.0,
2016-12-28,845.0,845.0,845.0,845.0,0.0,0.0,0.0,
2016-12-29,845.0,845.0,845.0,845.0,0.0,0.0,0.0,
2016-12-30,845.0,845.0,845.0,845.0,0.0,0.0,0.0,
2017-01-02,864.9000244140625,864.9000244140625,864.9000244140625,864.9000244140625,0.0,0.0,0.0,
2017-01-03,864.9000244140625,864.9000244140625,864.9000244140625,864.9000244140625,0.0,0.0,0.0,
2017-01-04,864.9000244140625,864.9000244140625,864.9000244140625,864.9000244140625,0.0,0.0,0.0,
2017-01-05,864.9000244140625,864.9000244140625,864.9000244140625,864.9000244140625,0.0,0.0,0.0,
2017-01-06,865.0,865.0,865.0,865.0,0.0,0.0,0.0,
2017-01-09,865.0,865.0,865.0,865.0,0.0,0.0,0.0,
2017-01-10,865.0,865.0,865.0,865.0,0.0,0.0,0.0,
2017-01-11,865.0,865.0,865.0,865.0,0.0,0.0,0.0,
2017-01-12,865.0,865.0,865.0,865.0,0.0,0.0,0.0,
2017-01-13,864.9000244140625,864.9000244140625,864.9000244140625,864.9000244140625,0.0,0.0,0.0,
2017-01-16,864.9000244140625,865.0,864.9000244140625,865.0,0.0,0.0,0.0,
2017-01-17,865.0,865.0,865.0,865.0,0.0,0.0,0.0,
2017-01-18,865.0,865.0,865.0,865.0,0.0,0.0,0.0,
2017-01-19,865.0,865.0,865.0,865.0,0.0,0.0,0.0,
2017-01-20,865.0,865.0,865.0,865.0,0.0,0.0,0.0,
2017-01-23,865.0,865.0,865.0,865.0,0.0,0.0,0.0,
2017-01-24,865.0,865.0,865.0,865.0,0.0,0.0,0.0,
2017-01-25,865.0,865.0,865.0,865.0,0.0,0.0,0.0,
2017-01-27,865.0,865.0,865.0,865.0,0.0,0.0,0.0,
2017-01-30,899.0,899.0,899.0,899.0,0.0,0.0,0.0,
2017-01-31,899.0,899.0,899.0,899.0,0.0,0.0,0.0,
2017-02-01,899.0,899.0,899.0,899.0,0.0,0.0,0.0,
2017-02-02,899.0,899.0,899.0,899.0,0.0,0.0,0.0,
2017-02-03,899.0,899.0,899.0,899.0,0.0,0.0,0.0,
2017-02-06,899.0,899.0,899.0,899.0,0.0,0.0,0.0,
2017-02-07,899.0,899.0,801.2000122070312,898.9500122070312,0.0,0.0,0.0,
2017-02-08,898.9500122070312,898.9500122070312,898.9500122070312,898.9500122070312,0.0,0.0,0.0,
2017-02-09,898.9500122070312,898.9500122070312,898.9500122070312,898.9500122070312,0.0,0.0,0.0,
2017-02-10,898.9500122070312,898.9500122070312,898.9500122070312,898.9500122070312,0.0,0.0,0.0,
2017-02-13,897.0,897.0,897.0,897.0,0.0,0.0,0.0,
2017-02-14,898.9000244140625,898.9000244140625,898.9000244140625,898.9000244140625,0.0,0.0,0.0,
2017-02-15,898.9000244140625,898.9000244140625,898.9000244140625,898.9000244140625,0.0,0.0,0.0,
2017-02-16,898.9000244140625,898.9000244140625,898.9000244140625,898.9000244140625,0.0,0.0,0.0,
2017-02-17,898.9000244140625,898.9000244140625,898.9000244140625,898.9000244140625,0.0,0.0,0.0,
2017-02-20,898.9000244140625,898.9000244140625,898.9000244140625,898.9000244140625,0.0,0.0,0.0,
2017-02-21,898.9000244140625,898.9000244140625,898.9000244140625,898.9000244140625,0.0,0.0,0.0,
2017-02-22,850.0,850.0,850.0,850.0,0.0,0.0,0.0,
2017-02-23,850.0,850.0,850.0,850.0,0.0,0.0,0.0,
2017-02-27,850.0,850.0,850.0,850.0,0.0,0.0,0.0,
2017-02-28,898.0,898.0,898.0,898.0,0.0,0.0,0.0,
2017-03-01,898.0,899.0,861.0,880.0,0.0,0.0,0.0,
2017-03-02,880.0,880.0,880.0,880.0,0.0,0.0,0.0,
2017-03-03,830.0,890.0,815.0,841.0,0.0,0.0,0.0,
2017-03-06,890.0,890.0,807.0,889.5,0.0,0.0,0.0,
2017-03-07,790.0,895.0,790.0,894.0,0.0,0.0,0.0,
2017-03-08,894.0,894.0,894.0,894.0,0.0,0.0,0.0,
2017-03-09,834.0,880.0,833.0,870.0,0.0,0.0,0.0,
2017-03-10,837.0,860.0,836.010009765625,856.25,0.0,0.0,0.0,
2017-03-14,887.0,887.0,872.0,872.0,0.0,0.0,0.0,
2017-03-15,890.0,890.0,890.0,890.0,0.0,0.0,0.0,
2017-03-16,890.0,890.0,890.0,890.0,0.0,0.0,0.0,
2017-03-17,890.0,890.0,890.0,890.0,0.0,0.0,0.0,
2017-03-20,889.9500122070312,889.9500122070312,889.9500122070312,889.9500122070312,0.0,0.0,0.0,
2017-03-21,889.9500122070312,889.9500122070312,889.9500122070312,889.9500122070312,0.0,0.0,0.0,
2017-03-22,890.0,890.0,890.0,890.0,0.0,0.0,0.0,
2017-03-23,890.0,890.0,890.0,890.0,0.0,0.0,0.0,
2017-03-24,890.0,890.0,890.0,890.0,0.0,0.0,0.0,
2017-03-27,890.0,890.0,890.0,890.0,0.0,0.0,0.0,
2017-03-28,889.9500122070312,894.0,889.9500122070312,894.0,0.0,0.0,0.0,
2017-03-29,894.0,894.0,894.0,894.0,0.0,0.0,0.0,
2017-03-30,894.0,894.0,894.0,894.0,0.0,0.0,0.0,
2017-03-31,894.0,894.0,894.0,894.0,0.0,0.0,0.0,
2017-04-03,895.0,895.0,894.0,894.9600219726562,0.0,0.0,0.0,
2017-04-05,894.9600219726562,894.9600219726562,894.9600219726562,894.9600219726562,0.0,0.0,0.0,
2017-04-06,899.0,899.0,899.0,899.0,0.0,0.0,0.0,
2017-04-07,899.0,899.0,899.0,899.0,0.0,0.0,0.0,
2017-04-10,899.0,899.0,899.0,899.0,0.0,0.0,0.0,
2017-04-11,899.0,899.0,899.0,899.0,0.0,0.0,0.0,
2017-04-12,890.0,890.0,890.0,890.0,0.0,0.0,0.0,
2017-04-13,940.0,940.0,940.0,940.0,0.0,0.0,0.0,
2017-04-17,930.0,930.0,900.0,900.0,0.0,0.0,0.0,
2017-04-18,900.0,900.010009765625,838.0,871.0,0.0,0.0,0.0,
2017-04-19,871.0,871.0,871.0,871.0,0.0,0.0,0.0,
2017-04-20,871.0,871.0,871.0,871.0,0.0,0.0,0.0,
2017-04-21,872.0,872.0,871.0,871.0,0.0,0.0,0.0,
2017-04-24,895.0,895.0,895.0,895.0,0.0,0.0,0.0,
2017-04-25,890.0,899.0,890.0,899.0,0.0,0.0,0.0,
2017-04-26,899.0,899.0,899.0,899.0,0.0,0.0,0.0,
2017-04-27,899.0,899.0,899.0,899.0,0.0,0.0,0.0,
2017-04-28,925.0,925.0,925.0,925.0,0.0,0.0,0.0,
2017-05-02,955.0,955.0,955.0,955.0,0.0,0.0,0.0,
2017-05-03,955.0,955.0,955.0,955.0,0.0,0.0,0.0,
2017-05-04,955.0,955.0,955.0,955.0,0.0,0.0,0.0,
2017-05-05,955.0,955.0,955.0,955.0,0.0,0.0,0.0,
2017-05-08,954.0,955.0,852.0999755859375,896.6599731445312,0.0,0.0,0.0,
2017-05-09,896.6599731445312,896.6599731445312,896.6599731445312,896.6599731445312,0.0,0.0,0.0,
2017-05-10,896.6599731445312,896.6599731445312,896.6599731445312,896.6599731445312,0.0,0.0,0.0,
2017-05-11,870.5,900.0,870.0,881.0,0.0,0.0,0.0,
2017-05-12,881.0,881.0,881.0,881.0,0.0,0.0,0.0,
2017-05-15,954.9500122070312,954.9500122070312,951.97998046875,951.97998046875,0.0,0.0,0.0,
2017-05-16,951.97998046875,951.97998046875,951.97998046875,951.97998046875,0.0,0.0,0.0,
2017-05-17,885.0,900.0,880.0,900.0,0.0,0.0,0.0,
2017-05-18,870.0,870.0,841.3699951171875,870.0,0.0,0.0,0.0,
2017-05-19,925.0,945.0,877.0,891.0,0.0,0.0,0.0,
2017-05-22,940.0,940.0,920.0,920.0,0.0,0.0,0.0,
2017-05-23,920.0,920.0,920.0,920.0,0.0,0.0,0.0,
2017-05-24,920.0,920.0,920.0,920.0,0.0,0.0,0.0,
2017-05-25,920.0,920.0,920.0,920.0,0.0,0.0,0.0,
2017-05-26,920.0,920.0,920.0,920.0,0.0,0.0,0.0,
2017-05-29,948.0,948.0,900.0,900.0499877929688,0.0,0.0,0.0,
2017-05-30,904.0,904.0,890.0,890.0,0.0,0.0,0.0,
2017-05-31,890.0,890.0,890.0,890.0,0.0,0.0,0.0,
2017-06-01,940.0,940.0,940.0,940.0,0.0,0.0,0.0,
2017-06-02,940.0,940.0,940.0,940.0,0.0,0.0,0.0,
2017-06-05,940.0,940.0,940.0,940.0,0.0,0.0,0.0,
2017-06-06,968.0,968.0,968.0,968.0,0.0,0.0,0.0,
2017-06-07,968.0,968.0,968.0,968.0,0.0,0.0,0.0,
2017-06-08,967.9099731445312,968.0,885.0999755859375,912.1599731445312,0.0,0.0,0.0,
2017-06-09,901.0,901.0,901.0,901.0,0.0,0.0,0.0,
2017-06-12,875.0,890.0,875.0,890.0,0.0,0.0,0.0,
2017-06-13,949.9099731445312,949.9099731445312,901.0,919.989990234375,0.0,0.0,0.0,
2017-06-14,900.0,958.9099731445312,900.0,958.9099731445312,0.0,0.0,0.0,
2017-06-15,949.0,949.0,885.0599975585938,885.0599975585938,0.0,0.0,0.0,
2017-06-16,885.0599975585938,885.0599975585938,885.0599975585938,885.0599975585938,0.0,0.0,0.0,
2017-06-19,885.0599975585938,885.0599975585938,885.0599975585938,885.0599975585938,0.0,0.0,0.0,
2017-06-20,905.0,905.0,905.0,905.0,0.0,0.0,0.0,
2017-06-21,905.0,905.0,905.0,905.0,0.0,0.0,0.0,
2017-06-22,930.0,930.0,930.0,930.0,0.0,0.0,0.0,
2017-06-23,930.0,930.0,930.0,930.0,0.0,0.0,0.0,
2017-06-27,959.0,984.0499877929688,959.0,982.0999755859376,0.0,0.0,0.0,
2017-06-28,1000.25,1000.25,979.7999877929688,979.7999877929688,0.0,0.0,0.0,
2017-06-29,991.25,991.25,988.9500122070312,988.9500122070312,0.0,0.0,0.0,
2017-06-30,980.8499755859376,980.8499755859376,980.8499755859376,980.8499755859376,0.0,0.0,0.0,
2017-07-03,993.25,993.25,993.25,993.25,0.0,0.0,0.0,
2017-07-04,994.25,994.25,994.25,994.25,0.0,0.0,0.0,
2017-07-05,980.0,995.0,980.0,995.0,0.0,0.0,0.0,
2017-07-06,1005.0,1005.0,1000.0,1000.0,0.0,0.0,0.0,
2017-07-07,1000.0,1009.599975585938,1000.0,1009.599975585938,0.0,0.0,0.0,
2017-07-10,1005.0,1005.0,1005.0,1005.0,0.0,0.0,0.0,
2017-07-11,1000.0,1013.299987792969,1000.0,1013.299987792969,0.0,0.0,0.0,
2017-07-12,1013.299987792969,1013.299987792969,1013.299987792969,1013.299987792969,0.0,0.0,0.0,
2017-07-13,1005.650024414062,1016.5,1005.650024414062,1016.5,0.0,0.0,0.0,
2017-07-14,1025.0,1025.0,1022.0,1022.0,0.0,0.0,0.0,
2017-07-17,1025.0,1050.0,1025.0,1026.849975585938,0.0,0.0,0.0,
2017-07-18,1022.5,1022.5,1022.5,1022.5,0.0,0.0,0.0,
2017-07-19,1022.5,1022.5,1022.5,1022.5,0.0,0.0,0.0,
2017-07-20,1027.5,1027.5,1027.5,1027.5,0.0,0.0,0.0,
2017-07-21,1027.5,1027.5,1027.5,1027.5,0.0,0.0,0.0,
2017-07-24,1027.5,1027.5,1027.5,1027.5,0.0,0.0,0.0,
2017-07-25,1032.349975585938,1035.0,1032.349975585938,1035.0,0.0,0.0,0.0,
2017-07-26,1035.0,1035.0,1035.0,1035.0,0.0,0.0,0.0,
2017-07-27,1044.349975585938,1044.349975585938,1043.699951171875,1043.699951171875,0.0,0.0,0.0,
2017-07-28,1045.0,1045.0,1045.0,1045.0,0.0,0.0,0.0,
2017-07-31,1040.5,1040.5,1040.5,1040.5,0.0,0.0,0.0,
2017-08-01,1045.0,1057.0,1045.0,1045.5,0.0,0.0,0.0,
2017-08-02,1045.5,1045.5,1045.5,1045.5,0.0,0.0,0.0,
2017-08-03,1047.449951171875,1047.449951171875,1043.0,1043.0,0.0,0.0,0.0,
2017-08-04,1043.0,1043.0,1043.0,1043.0,0.0,0.0,0.0,
2017-08-07,1048.449951171875,1051.449951171875,1044.699951171875,1051.449951171875,0.0,0.0,0.0,
2017-08-08,1051.449951171875,1051.449951171875,1051.449951171875,1051.449951171875,0.0,0.0,0.0,
2017-08-09,1040.0,1040.0,1040.0,1040.0,0.0,0.0,0.0,
2017-08-10,1021.25,1023.0,1021.25,1021.25,0.0,0.0,0.0,
2017-08-11,1008.0,1008.0,1008.0,1008.0,0.0,0.0,0.0,
2017-08-14,1021.450012207031,1021.450012207031,1014.0,1021.450012207031,0.0,0.0,0.0,
2017-08-16,1021.450012207031,1030.199951171875,1021.450012207031,1030.199951171875,0.0,0.0,0.0,
2017-08-17,1030.199951171875,1030.199951171875,1030.199951171875,1030.199951171875,0.0,0.0,0.0,
2017-08-18,1030.199951171875,1030.199951171875,1030.199951171875,1030.199951171875,0.0,0.0,0.0,
2017-08-21,1030.199951171875,1030.199951171875,1030.199951171875,1030.199951171875,0.0,0.0,0.0,
2017-08-22,1030.199951171875,1030.199951171875,1030.199951171875,1030.199951171875,0.0,0.0,0.0,
2017-08-23,1030.199951171875,1030.199951171875,1030.199951171875,1030.199951171875,0.0,0.0,0.0,
2017-08-24,1030.199951171875,1030.199951171875,1030.199951171875,1030.199951171875,0.0,0.0,0.0,
2017-08-28,1037.150024414062,1037.150024414062,1037.150024414062,1037.150024414062,0.0,0.0,0.0,
2017-08-29,1037.150024414062,1037.150024414062,1037.150024414062,1037.150024414062,0.0,0.0,0.0,
2017-08-30,1037.150024414062,1037.150024414062,1037.150024414062,1037.150024414062,0.0,0.0,0.0,
2017-08-31,1037.150024414062,1037.150024414062,1037.150024414062,1037.150024414062,0.0,0.0,0.0,
2017-09-01,1039.150024414062,1039.150024414062,1039.150024414062,1039.150024414062,0.0,0.0,0.0,
2017-09-04,1039.150024414062,1039.150024414062,1039.150024414062,1039.150024414062,0.0,0.0,0.0,
2017-09-05,1042.0,1042.0,1042.0,1042.0,0.0,0.0,0.0,
2017-09-06,1038.900024414062,1038.900024414062,1038.900024414062,1038.900024414062,0.0,0.0,0.0,
2017-09-07,1038.900024414062,1038.900024414062,1038.900024414062,1038.900024414062,0.0,0.0,0.0,
2017-09-08,1032.25,1032.25,1032.25,1032.25,0.0,0.0,0.0,
2017-09-11,1032.25,1032.25,1032.25,1032.25,0.0,0.0,0.0,
2017-09-12,1041.0,1041.0,1041.0,1041.0,0.0,0.0,0.0,
2017-09-13,1059.0,1059.0,1046.0,1046.0,0.0,0.0,0.0,
2017-09-14,1060.0,1060.0,1060.0,1060.0,0.0,0.0,0.0,
2017-09-15,1057.0,1057.0,1044.0,1044.0,0.0,0.0,0.0,
2017-09-18,1044.0,1044.0,1044.0,1044.0,0.0,0.0,0.0,
2017-09-19,1044.0,1064.349975585938,1044.0,1064.349975585938,0.0,0.0,0.0,
2017-09-20,1052.0,1052.0,1052.0,1052.0,0.0,0.0,0.0,
2017-09-21,1052.0,1052.0,1052.0,1052.0,0.0,0.0,0.0,
2017-09-22,1052.0,1052.0,1052.0,1052.0,0.0,0.0,0.0,
2017-09-25,1035.0,1035.0,1035.0,1035.0,0.0,0.0,0.0,
2017-09-26,1014.0,1014.0,1014.0,1014.0,0.0,0.0,0.0,
2017-09-27,1016.25,1016.25,1016.25,1016.25,0.0,0.0,0.0,
2017-09-28,1023.5,1023.5,1023.5,1023.5,0.0,0.0,0.0,
2017-09-29,1023.5,1023.5,1023.5,1023.5,0.0,0.0,0.0,
2017-10-03,1030.0,1030.0,1019.0,1020.0,0.0,0.0,0.0,
2017-10-04,1020.0,1020.0,1020.0,1020.0,0.0,0.0,0.0,
2017-10-05,1030.0,1030.0,1026.0,1030.0,0.0,0.0,0.0,
2017-10-06,1047.5,1047.5,1047.5,1047.5,0.0,0.0,0.0,
2017-10-09,1026.0,1026.0,1026.0,1026.0,0.0,0.0,0.0,
2017-10-10,1026.0,1026.0,1026.0,1026.0,0.0,0.0,0.0,
2017-10-11,1026.0,1033.0,1026.0,1033.0,0.0,0.0,0.0,
2017-10-12,1033.0,1033.0,1033.0,1033.0,0.0,0.0,0.0,
2017-10-13,1033.0,1033.0,1033.0,1033.0,0.0,0.0,0.0,
2017-10-16,1072.0,1072.0,1072.0,1072.0,0.0,0.0,0.0,
2017-10-17,1072.0,1072.0,1072.0,1072.0,0.0,0.0,0.0,
2017-10-18,1072.0,1072.0,1072.0,1072.0,0.0,0.0,0.0,
2017-10-19,1072.0,1072.0,1072.0,1072.0,0.0,0.0,0.0,
2017-10-23,1046.0,1046.0,1046.0,1046.0,0.0,0.0,0.0,
2017-10-24,1046.0,1070.650024414062,1046.0,1070.650024414062,0.0,0.0,0.0,
2017-10-25,1069.650024414062,1069.650024414062,1069.650024414062,1069.650024414062,0.0,0.0,0.0,
2017-10-26,1069.650024414062,1069.650024414062,1069.650024414062,1069.650024414062,0.0,0.0,0.0,
2017-10-27,1069.650024414062,1069.650024414062,1069.650024414062,1069.650024414062,0.0,0.0,0.0,
2017-10-30,1065.0,1070.650024414062,1065.0,1065.0,0.0,0.0,0.0,
2017-10-31,1065.0,1065.0,1065.0,1065.0,0.0,0.0,0.0,
2017-11-01,1085.0,1085.0,1085.0,1085.0,0.0,0.0,0.0,
2017-11-02,1085.0,1085.0,1085.0,1085.0,0.0,0.0,0.0,
2017-11-03,1074.0,1074.0,1074.0,1074.0,0.0,0.0,0.0,
2017-11-06,1095.349975585938,1095.349975585938,1095.349975585938,1095.349975585938,0.0,0.0,0.0,
2017-11-07,1095.349975585938,1095.349975585938,1095.349975585938,1095.349975585938,0.0,0.0,0.0,
2017-11-08,1095.349975585938,1095.349975585938,1095.349975585938,1095.349975585938,0.0,0.0,0.0,
2017-11-09,1065.0,1065.0,1065.0,1065.0,0.0,0.0,0.0,
2017-11-10,1065.0,1065.0,1065.0,1065.0,0.0,0.0,0.0,
2017-11-13,1060.0,1060.0,1060.0,1060.0,0.0,0.0,0.0,
2017-11-14,1082.0,1082.0,1082.0,1082.0,0.0,0.0,0.0,
2017-11-15,1072.0,1072.0,1072.0,1072.0,0.0,0.0,0.0,
2017-11-16,1072.0,1072.0,1072.0,1072.0,0.0,0.0,0.0,
2017-11-17,1068.0,1068.0,1068.0,1068.0,0.0,0.0,0.0,
2017-11-20,1085.0,1085.0,1085.0,1085.0,0.0,0.0,0.0,
2017-11-21,1064.0,1064.0,1064.0,1064.0,0.0,0.0,0.0,
2017-11-22,1064.0,1064.0,1064.0,1064.0,0.0,0.0,0.0,
2017-11-23,1060.0,1062.0,1060.0,1062.0,0.0,0.0,0.0,
2017-11-24,1062.0,1062.0,1062.0,1062.0,0.0,0.0,0.0,
2017-11-27,1095.0,1095.0,1095.0,1095.0,0.0,0.0,0.0,
2017-11-28,1090.0,1090.0,1090.0,1090.0,0.0,0.0,0.0,
2017-11-29,1070.0,1070.0,1070.0,1070.0,0.0,0.0,0.0,
2017-11-30,1093.0,1093.0,1066.0,1066.0,0.0,0.0,0.0,
2017-12-01,1082.0,1082.0,1055.0,1055.0,0.0,0.0,0.0,
2017-12-04,1055.0,1055.0,1055.0,1055.0,0.0,0.0,0.0,
2017-12-05,1066.0,1066.0,1066.0,1066.0,0.0,0.0,0.0,
2017-12-06,1068.0,1068.0,1068.0,1068.0,0.0,0.0,0.0,
2017-12-07,1068.0,1068.0,1068.0,1068.0,0.0,0.0,0.0,
2017-12-08,1068.0,1068.0,1068.0,1068.0,0.0,0.0,0.0,
2017-12-11,1084.0,1095.0,1058.0,1058.0,0.0,0.0,0.0,
2017-12-12,1058.0,1058.0,1058.0,1058.0,0.0,0.0,0.0,
2017-12-13,1058.0,1058.0,1058.0,1058.0,0.0,0.0,0.0,
2017-12-14,1058.0,1058.0,1058.0,1058.0,0.0,0.0,0.0,
2017-12-15,1091.0,1091.0,1065.0,1065.0,0.0,0.0,0.0,
2017-12-18,1062.0,1062.0,1062.0,1062.0,0.0,0.0,0.0,
2017-12-19,1075.0,1075.0,1075.0,1075.0,0.0,0.0,0.0,
2017-12-20,1075.0,1075.0,1075.0,1075.0,0.0,0.0,0.0,
2017-12-21,1075.0,1075.0,1075.0,1075.0,0.0,0.0,0.0,
2017-12-22,1075.0,1075.0,1075.0,1075.0,0.0,0.0,0.0,
2017-12-26,1107.0,1107.0,1081.0,1081.0,0.0,0.0,0.0,
2017-12-27,1083.0,1083.0,1083.0,1083.0,0.0,0.0,0.0,
2017-12-28,1083.0,1083.0,1083.0,1083.0,0.0,0.0,0.0,
2017-12-29,1001.0,1084.0,1000.0,1084.0,0.0,0.0,0.0,
2018-01-01,1100.849975585938,1100.849975585938,1100.849975585938,1100.849975585938,0.0,0.0,0.0,
2018-01-02,1078.0,1078.0,1078.0,1078.0,0.0,0.0,0.0,
2018-01-03,1078.0,1078.0,1078.0,1078.0,0.0,0.0,0.0,
2018-01-04,1078.0,1078.0,1078.0,1078.0,0.0,0.0,0.0,
2018-01-05,1101.0,1101.0,1101.0,1101.0,0.0,0.0,0.0,
2018-01-08,1101.0,1101.0,1092.0,1092.0,0.0,0.0,0.0,
2018-01-09,1092.0,1092.0,1092.0,1092.0,0.0,0.0,0.0,
2018-01-10,1092.0,1092.0,1092.0,1092.0,0.0,0.0,0.0,
2018-01-11,1092.0,1092.0,1092.0,1092.0,0.0,0.0,0.0,
2018-01-12,1099.0,1099.0,1099.0,1099.0,0.0,0.0,0.0,
2018-01-15,1101.0,1101.0,1101.0,1101.0,0.0,0.0,0.0,
2018-01-16,1101.0,1101.0,1101.0,1101.0,0.0,0.0,0.0,
2018-01-17,1104.0,1105.0,1104.0,1105.0,0.0,0.0,0.0,
2018-01-18,1145.0,1145.0,1145.0,1145.0,0.0,0.0,0.0,
2018-01-19,1114.0,1114.0,1114.0,1114.0,0.0,0.0,0.0,
2018-01-22,1122.0,1122.0,1122.0,1122.0,0.0,0.0,0.0,
2018-01-23,1135.0,1135.0,1135.0,1135.0,0.0,0.0,0.0,
2018-01-24,1135.0,1135.0,1135.0,1135.0,0.0,0.0,0.0,
2018-01-25,1168.0,1168.0,1139.0,1139.0,0.0,0.0,0.0,
2018-01-29,1139.0,1139.0,1139.0,1139.0,0.0,0.0,0.0,
2018-01-30,1139.0,1139.0,1139.0,1139.0,0.0,0.0,0.0,
2018-01-31,1137.0,1137.0,1137.0,1137.0,0.0,0.0,0.0,
2018-02-01,1199.949951171875,1250.0,1139.0,1139.0,0.0,0.0,0.0,
2018-02-02,1152.0,1152.0,1124.0,1152.0,0.0,0.0,0.0,
2018-02-05,1175.0,1374.0,1124.0,1124.0,0.0,0.0,0.0,
2018-02-06,1224.969970703125,1224.969970703125,1062.0,1105.93994140625,0.0,0.0,0.0,
2018-02-07,1088.0,1122.0,1088.0,1122.0,0.0,0.0,0.0,
2018-02-08,1080.099975585938,1093.0,1080.099975585938,1093.0,0.0,0.0,0.0,
2018-02-09,1005.02001953125,1099.97998046875,1005.02001953125,1099.97998046875,0.0,0.0,0.0,
2018-02-12,1079.0,1079.0,1079.0,1079.0,0.0,0.0,0.0,
2018-02-14,1086.0,1086.0,1086.0,1086.0,0.0,0.0,0.0,
2018-02-15,1115.0,1115.0,1086.0,1086.0,0.0,0.0,0.0,
2018-02-16,1086.0,1086.0,1086.0,1086.0,0.0,0.0,0.0,
2018-02-19,1100.97998046875,1100.97998046875,1086.0,1086.0,0.0,0.0,0.0,
2018-02-20,1086.0,1086.0,1086.0,1086.0,0.0,0.0,0.0,
2018-02-21,1086.0,1086.0,1086.0,1086.0,0.0,0.0,0.0,
2018-02-22,1086.0,1086.0,1086.0,1086.0,0.0,0.0,0.0,
2018-02-23,1086.0,1086.0,1086.0,1086.0,0.0,0.0,0.0,
2018-02-26,1086.0,1086.0,1086.0,1086.0,0.0,0.0,0.0,
2018-02-27,1086.0,1086.0,1086.0,1086.0,0.0,0.0,0.0,
2018-02-28,1107.9599609375,1108.0,1107.9599609375,1108.0,0.0,0.0,0.0,
2018-03-01,1112.0,1112.0,1112.0,1112.0,0.0,0.0,0.0,
2018-03-05,1097.0,1097.0,1097.0,1097.0,0.0,0.0,0.0,
2018-03-06,1097.0,1097.0,1097.0,1097.0,0.0,0.0,0.0,
2018-03-07,1097.0,1097.0,1097.0,1097.0,0.0,0.0,0.0,
2018-03-08,1097.0,1097.0,1097.0,1097.0,0.0,0.0,0.0,
2018-03-09,1086.0,1086.0,1086.0,1086.0,0.0,0.0,0.0,
2018-03-12,1086.0,1086.0,1086.0,1086.0,0.0,0.0,0.0,
2018-03-13,1001.0,1076.0,1001.0,1076.0,0.0,0.0,0.0,
2018-03-14,1072.0,1072.0,1072.0,1072.0,0.0,0.0,0.0,
2018-03-15,1096.0,1096.0,1096.0,1096.0,0.0,0.0,0.0,
2018-03-16,1096.0,1096.0,1096.0,1096.0,0.0,0.0,0.0,
2018-03-19,1096.0,1096.0,1096.0,1096.0,0.0,0.0,0.0,
2018-03-20,1096.0,1096.0,1096.0,1096.0,0.0,0.0,0.0,
2018-03-21,1096.0,1096.0,1096.0,1096.0,0.0,0.0,0.0,
2018-03-22,1096.0,1096.0,1096.0,1096.0,0.0,0.0,0.0,
2018-03-23,1033.0,1059.0,1033.0,1053.800048828125,0.0,0.0,0.0,
2018-03-26,1000.099975585938,1059.0,944.0,1031.0,0.0,0.0,0.0,
2018-03-27,1049.0,1049.0,1049.0,1049.0,0.0,0.0,0.0,
2018-03-28,1049.0,1049.0,1049.0,1049.0,0.0,0.0,0.0,
2018-04-02,1110.0,1110.0,1110.0,1110.0,0.0,0.0,0.0,
2018-04-03,1054.0,1054.0,1054.0,1054.0,0.0,0.0,0.0,
2018-04-04,1054.0,1054.0,1054.0,1054.0,0.0,0.0,0.0,
2018-04-05,1087.0,1087.0,1087.0,1087.0,0.0,0.0,0.0,
2018-04-06,1092.0,1092.0,1092.0,1092.0,0.0,0.0,0.0,
2018-04-09,1094.0,1094.0,1094.0,1094.0,0.0,0.0,0.0,
2018-04-10,1094.0,1094.0,1094.0,1094.0,0.0,0.0,0.0,
2018-04-11,1094.0,1094.0,1094.0,1094.0,0.0,0.0,0.0,
2018-04-12,1094.0,1094.0,1094.0,1094.0,0.0,0.0,0.0,
2018-04-13,1082.0,1082.0,1082.0,1082.0,0.0,0.0,0.0,
2018-04-16,1108.0,1108.0,1108.0,1108.0,0.0,0.0,0.0,
2018-04-17,1108.0,1108.0,1108.0,1108.0,0.0,0.0,0.0,
2018-04-18,1108.0,1108.0,1108.0,1108.0,0.0,0.0,0.0,
2018-04-19,1108.0,1108.0,1108.0,1108.0,0.0,0.0,0.0,
2018-04-20,1108.0,1108.0,1108.0,1108.0,0.0,0.0,0.0,
2018-04-23,1108.0,1108.0,1108.0,1108.0,0.0,0.0,0.0,
2018-04-24,1108.0,1108.0,1108.0,1108.0,0.0,0.0,0.0,
2018-04-25,1108.0,1108.0,1108.0,1108.0,0.0,0.0,0.0,
2018-04-26,1092.0,1092.0,1092.0,1092.0,0.0,0.0,0.0,
2018-04-27,1092.0,1092.0,1092.0,1092.0,0.0,0.0,0.0,
2018-04-30,1109.0,1109.0,1109.0,1109.0,0.0,0.0,0.0,
2018-05-02,1138.0,1138.0,1138.0,1138.0,0.0,0.0,0.0,
2018-05-03,1138.0,1138.0,1138.0,1138.0,0.0,0.0,0.0,
2018-05-04,1138.0,1138.0,1138.0,1138.0,0.0,0.0,0.0,
2018-05-07,1129.0,1129.0,1129.0,1129.0,0.0,0.0,0.0,
2018-05-08,1109.0,1109.0,1109.0,1109.0,0.0,0.0,0.0,
2018-05-09,1105.0,1105.0,1105.0,1105.0,0.0,0.0,0.0,
2018-05-10,1105.0,1105.0,1105.0,1105.0,0.0,0.0,0.0,
2018-05-11,1105.0,1105.0,1105.0,1105.0,0.0,0.0,0.0,
2018-05-14,1105.0,1105.0,1105.0,1105.0,0.0,0.0,0.0,
2018-05-15,1144.0,1144.0,1144.0,1144.0,0.0,0.0,0.0,
2018-05-16,1120.0,1120.0,1120.0,1120.0,0.0,0.0,0.0,
2018-05-17,1138.0,1138.0,1138.0,1138.0,0.0,0.0,0.0,
2018-05-18,1138.0,1138.0,1138.0,1138.0,0.0,0.0,0.0,
2018-05-21,1138.0,1138.0,1138.0,1138.0,0.0,0.0,0.0,
2018-05-22,1138.0,1138.0,1138.0,1138.0,0.0,0.0,0.0,
2018-05-23,1138.0,1138.0,1138.0,1138.0,0.0,0.0,0.0,
2018-05-24,1138.0,1138.0,1138.0,1138.0,0.0,0.0,0.0,
2018-05-25,1117.0,1117.0,1117.0,1117.0,0.0,0.0,0.0,
2018-05-28,1117.0,1117.0,1117.0,1117.0,0.0,0.0,0.0,
2018-05-29,1102.0,1102.0,1102.0,1102.0,0.0,0.0,0.0,
2018-05-30,1121.0,1121.0,1121.0,1121.0,0.0,0.0,0.0,
2018-05-31,1121.0,1121.0,1121.0,1121.0,0.0,0.0,0.0,
2018-06-01,1336.0,1336.0,1012.0,1140.0,0.0,0.0,0.0,
2018-06-04,1140.0,1140.0,1140.0,1140.0,0.0,0.0,0.0,
2018-06-05,1129.0,1129.0,1129.0,1129.0,0.0,0.0,0.0,
2018-06-06,1129.0,1129.0,1129.0,1129.0,0.0,0.0,0.0,
2018-06-07,1102.0,1102.0,1102.0,1102.0,0.0,0.0,0.0,
2018-06-08,1109.0,1109.0,1109.0,1109.0,0.0,0.0,0.0,
2018-06-11,1109.0,1109.0,1109.0,1109.0,0.0,0.0,0.0,
2018-06-12,1116.0,1116.0,1116.0,1116.0,0.0,0.0,0.0,
2018-06-13,1116.0,1116.0,1116.0,1116.0,0.0,0.0,0.0,
2018-06-14,1116.0,1116.0,1116.0,1116.0,0.0,0.0,0.0,
2018-06-15,1150.0,1150.0,1150.0,1150.0,0.0,0.0,0.0,
2018-06-18,1150.0,1150.0,1150.0,1150.0,0.0,0.0,0.0,
2018-06-19,1150.0,1150.0,1150.0,1150.0,0.0,0.0,0.0,
2018-06-20,1150.0,1150.0,1150.0,1150.0,0.0,0.0,0.0,
2018-06-21,1120.0,1120.0,1120.0,1120.0,0.0,0.0,0.0,
2018-06-22,1120.0,1120.0,1120.0,1120.0,0.0,0.0,0.0,
2018-06-25,1120.0,1120.0,1120.0,1120.0,0.0,0.0,0.0,
2018-06-26,1143.0,1143.0,1113.0,1113.0,0.0,0.0,0.0,
2018-06-27,1144.0,1144.0,1144.0,1144.0,0.0,0.0,0.0,
2018-06-28,1131.0,1135.0,1131.0,1135.0,0.0,0.0,0.0,
2018-06-29,1135.0,1135.0,1135.0,1135.0,0.0,0.0,0.0,
2018-07-02,1135.0,1135.0,1070.0,1070.0,0.0,0.0,0.0,
2018-07-03,1106.0,1106.0,1106.0,1106.0,0.0,0.0,0.0,
2018-07-04,1106.0,1106.0,1106.0,1106.0,0.0,0.0,0.0,
2018-07-05,1145.0,1145.0,1145.0,1145.0,0.0,0.0,0.0,
2018-07-06,1115.0,1115.0,1115.0,1115.0,0.0,0.0,0.0,
2018-07-09,1152.0,1152.0,1152.0,1152.0,0.0,0.0,0.0,
2018-07-10,1160.0,1160.0,1160.0,1160.0,0.0,0.0,0.0,
2018-07-11,1133.0,1133.0,1133.0,1133.0,0.0,0.0,0.0,
2018-07-12,1141.0,1141.0,1141.0,1141.0,0.0,0.0,0.0,
2018-07-13,1175.0,1175.0,1146.0,1146.0,0.0,0.0,0.0,
2018-07-16,1169.0,1169.0,1133.0,1169.0,0.0,0.0,0.0,
2018-07-17,1138.0,1138.0,1138.0,1138.0,0.0,0.0,0.0,
2018-07-18,1174.0,1174.0,1144.0,1144.0,0.0,0.0,0.0,
2018-07-19,1144.0,1144.0,1144.0,1144.0,0.0,0.0,0.0,
2018-07-20,1144.0,1144.0,1144.0,1144.0,0.0,0.0,0.0,
2018-07-23,1145.0,1145.0,1145.0,1145.0,0.0,0.0,0.0,
2018-07-24,1179.0,1179.0,1179.0,1179.0,0.0,0.0,0.0,
2018-07-25,1156.0,1156.0,1156.0,1156.0,0.0,0.0,0.0,
2018-07-26,1156.0,1156.0,1156.0,1156.0,0.0,0.0,0.0,
2018-07-27,1156.0,1156.0,1156.0,1156.0,0.0,0.0,0.0,
2018-07-30,1173.0,1173.0,1173.0,1173.0,0.0,0.0,0.0,
2018-07-31,1198.0,1198.0,1198.0,1198.0,0.0,0.0,0.0,
2018-08-01,1250.0,1250.0,1179.0,1179.0,0.0,0.0,0.0,
2018-08-02,1179.0,1179.0,1179.0,1179.0,0.0,0.0,0.0,
2018-08-03,1201.400024414062,1201.400024414062,1201.400024414062,1201.400024414062,0.0,0.0,0.0,
2018-08-06,1245.0,1265.0,1183.0,1183.0,0.0,0.0,0.0,
2018-08-07,1193.0,1193.0,1183.0,1183.0,0.0,0.0,0.0,
2018-08-08,1183.0,1183.0,1183.0,1183.0,0.0,0.0,0.0,
2018-08-09,1191.0,1221.400024414062,1191.0,1221.400024414062,0.0,0.0,0.0,
2018-08-10,1220.0,1220.0,1188.0,1188.0,0.0,0.0,0.0,
2018-08-13,1210.0,1210.0,1180.010009765625,1180.010009765625,0.0,0.0,0.0,
2018-08-14,1182.010009765625,1182.010009765625,1182.010009765625,1182.010009765625,0.0,0.0,0.0,
2018-08-16,1218.0,1218.0,1184.0,1184.0,0.0,0.0,0.0,
2018-08-17,1209.0,1209.0,1209.0,1209.0,0.0,0.0,0.0,
2018-08-20,1197.0,1197.0,1197.0,1197.0,0.0,0.0,0.0,
2018-08-21,1229.0,1229.0,1229.0,1229.0,0.0,0.0,0.0,
2018-08-23,1205.0,1205.0,1205.0,1205.0,0.0,0.0,0.0,
2018-08-24,1205.0,1225.0,1204.0,1225.0,0.0,0.0,0.0,
2018-08-27,1245.0,1245.0,1212.0,1245.0,0.0,0.0,0.0,
2018-08-28,1245.0,1245.0,1245.0,1245.0,0.0,0.0,0.0,
2018-08-29,1245.0,1245.0,1245.0,1245.0,0.0,0.0,0.0,
2018-08-30,1245.0,1245.0,1245.0,1245.0,0.0,0.0,0.0,
2018-08-31,1245.0,1245.0,1245.0,1245.0,0.0,0.0,0.0,
2018-09-03,1248.0,1248.0,1248.0,1248.0,0.0,0.0,0.0,
2018-09-04,1248.0,1248.0,1248.0,1248.0,0.0,0.0,0.0,
2018-09-05,1230.0,1230.0,1230.0,1230.0,0.0,0.0,0.0,
2018-09-06,1225.0,1225.0,1225.0,1225.0,0.0,0.0,0.0,
2018-09-07,1225.0,1225.0,1225.0,1225.0,0.0,0.0,0.0,
2018-09-10,1232.0,1232.0,1232.0,1232.0,0.0,0.0,0.0,
2018-09-11,1232.0,1232.0,1232.0,1232.0,0.0,0.0,0.0,
2018-09-12,1225.0,1225.0,1225.0,1225.0,0.0,0.0,0.0,
2018-09-14,1190.0,1225.0,1190.0,1190.0,0.0,0.0,0.0,
2018-09-17,1190.0,1441.0,1144.0,1144.0,0.0,0.0,0.0,
2018-09-18,1144.0,1144.0,1144.0,1144.0,0.0,0.0,0.0,
2018-09-19,1175.0,1175.0,1175.0,1175.0,0.0,0.0,0.0,
2018-09-21,1178.0,1178.0,1178.0,1178.0,0.0,0.0,0.0,
2018-09-24,1178.0,1178.0,1178.0,1178.0,0.0,0.0,0.0,
2018-09-25,1409.0,1409.0,1111.280029296875,1111.280029296875,0.0,0.0,0.0,
2018-09-26,1154.0,1154.0,1154.0,1154.0,0.0,0.0,0.0,
2018-09-27,1154.0,1154.0,1154.0,1154.0,0.0,0.0,0.0,
2018-09-28,1105.0,1105.0,1103.099975585938,1103.099975585938,0.0,0.0,0.0,
2018-10-01,1163.0,1163.0,1132.0,1132.0,0.0,0.0,0.0,
2018-10-03,1132.0,1132.0,1132.0,1132.0,0.0,0.0,0.0,
2018-10-04,1132.0,1132.0,1132.0,1132.0,0.0,0.0,0.0,
2018-10-05,1353.0,1353.0,1125.0,1125.0,0.0,0.0,0.0,
2018-10-08,1246.0,1328.0,1073.0,1073.0,0.0,0.0,0.0,
2018-10-09,1073.0,1073.0,1073.0,1073.0,0.0,0.0,0.0,
2018-10-10,1110.0,1110.0,1110.0,1110.0,0.0,0.0,0.0,
2018-10-11,1110.0,1110.0,1110.0,1110.0,0.0,0.0,0.0,
2018-10-12,1110.0,1110.0,1110.0,1110.0,0.0,0.0,0.0,
2018-10-15,1116.989990234375,1117.0,1116.989990234375,1117.0,0.0,0.0,0.0,
2018-10-16,1100.050048828125,1100.050048828125,1100.050048828125,1100.050048828125,0.0,0.0,0.0,
2018-10-17,1100.050048828125,1100.050048828125,1100.050048828125,1100.050048828125,0.0,0.0,0.0,
2018-10-19,1100.050048828125,1100.050048828125,1100.050048828125,1100.050048828125,0.0,0.0,0.0,
2018-10-22,1100.050048828125,1100.050048828125,1100.050048828125,1100.050048828125,0.0,0.0,0.0,
2018-10-23,1100.050048828125,1100.050048828125,1100.050048828125,1100.050048828125,0.0,0.0,0.0,
2018-10-24,1100.050048828125,1100.050048828125,1100.050048828125,1100.050048828125,0.0,0.0,0.0,
2018-10-25,1087.0,1087.0,1087.0,1087.0,0.0,0.0,0.0,
2018-10-26,1001.049987792969,1001.049987792969,1001.049987792969,1001.049987792969,0.0,0.0,0.0,
2018-10-29,1077.0,1077.0,1077.0,1077.0,0.0,0.0,0.0,
2018-10-30,1077.0,1077.0,1077.0,1077.0,0.0,0.0,0.0,
2018-10-31,1065.0,1065.0,1065.0,1065.0,0.0,0.0,0.0,
2018-11-01,1108.0,1108.0,1108.0,1108.0,0.0,0.0,0.0,
2018-11-02,1093.0,1093.0,1093.0,1093.0,0.0,0.0,0.0,
2018-11-05,1289.0,1317.680053710938,1150.0,1317.680053710938,0.0,0.0,0.0,
2018-11-06,1244.300048828125,1244.300048828125,1100.0,1102.68994140625,0.0,0.0,0.0,
2018-11-07,1130.0,1130.0,1130.0,1130.0,0.0,0.0,0.0,
2018-11-09,1102.25,1102.25,1101.0,1101.0,0.0,0.0,0.0,
2018-11-12,1119.989990234375,1134.0,1119.989990234375,1134.0,0.0,0.0,0.0,
2018-11-13,1100.0,1115.0,1100.0,1115.0,0.0,0.0,0.0,
2018-11-14,1125.0,1125.0,1108.0,1108.0,0.0,0.0,0.0,
2018-11-15,1108.0,1131.949951171875,1103.050048828125,1103.050048828125,0.0,0.0,0.0,
2018-11-16,1109.010009765625,1109.010009765625,1109.0,1109.0,0.0,0.0,0.0,
2018-11-19,1109.0,1109.0,1109.0,1109.0,0.0,0.0,0.0,
2018-11-20,1118.849975585938,1118.849975585938,1118.849975585938,1118.849975585938,0.0,0.0,0.0,
2018-11-21,1104.0,1104.0,1104.0,1104.0,0.0,0.0,0.0,
2018-11-22,1104.0,1104.0,1104.0,1104.0,0.0,0.0,0.0,
2018-11-26,1104.0,1104.0,1104.0,1104.0,0.0,0.0,0.0,
2018-11-27,1104.0,1104.0,1104.0,1104.0,0.0,0.0,0.0,
2018-11-28,1117.0,1117.0,1117.0,1117.0,0.0,0.0,0.0,
2018-11-29,1154.989990234375,1154.989990234375,1125.0,1125.0,0.0,0.0,0.0,
2018-11-30,1136.0,1136.0,1136.0,1136.0,0.0,0.0,0.0,
2018-12-03,1166.0,1166.0,1166.0,1166.0,0.0,0.0,0.0,
2018-12-04,1166.0,1166.0,1166.0,1166.0,0.0,0.0,0.0,
2018-12-05,1154.989990234375,1155.0,1145.0,1145.0,0.0,0.0,0.0,
2018-12-06,1130.0,1130.0,1110.0,1110.0,0.0,0.0,0.0,
2018-12-07,1120.0,1120.0,1070.5,1070.5,0.0,0.0,0.0,
2018-12-10,1070.5,1070.5,1070.5,1070.5,0.0,0.0,0.0,
2018-12-11,1299.0,1299.0,1080.0,1105.079956054688,0.0,0.0,0.0,
2018-12-12,1106.0,1106.0,1106.0,1106.0,0.0,0.0,0.0,
2018-12-13,1106.0,1106.0,1106.0,1106.0,0.0,0.0,0.0,
2018-12-14,1150.0,1150.0,1113.050048828125,1113.050048828125,0.0,0.0,0.0,
2018-12-17,1159.949951171875,1160.0,1159.699951171875,1159.699951171875,0.0,0.0,0.0,
2018-12-18,1125.010009765625,1125.010009765625,1125.010009765625,1125.010009765625,0.0,0.0,0.0,
2018-12-19,1112.0,1139.949951171875,1111.0,1139.949951171875,0.0,0.0,0.0,
2018-12-20,1140.0,1150.0,1140.0,1150.0,0.0,0.0,0.0,
2018-12-21,1136.050048828125,1136.050048828125,1136.0,1136.0,0.0,0.0,0.0,
2018-12-24,1136.0,1136.0,1136.0,1136.0,0.0,0.0,0.0,
2018-12-26,952.2000122070312,1298.0,952.2000122070312,1106.0,0.0,0.0,0.0,
2018-12-27,1106.0,1106.0,1106.0,1106.0,0.0,0.0,0.0,
2018-12-28,1106.0,1106.0,1106.0,1106.0,0.0,0.0,0.0,
2018-12-31,1275.0,1289.0,1140.0,1140.0,0.0,0.0,0.0,
2019-01-01,1285.0,1285.0,1285.0,1285.0,0.0,0.0,0.0,
2019-01-02,1285.0,1285.0,1285.0,1285.0,0.0,0.0,0.0,
2019-01-03,1285.0,1285.0,1285.0,1285.0,0.0,0.0,0.0,
2019-01-04,1280.0,1280.0,1280.0,1280.0,0.0,0.0,0.0,
2019-01-07,1279.949951171875,1355.0,1215.050048828125,1250.0,0.0,0.0,0.0,
2019-01-08,1250.400024414062,1359.5,1160.0,1348.0,0.0,0.0,0.0,
2019-01-09,1348.0,1348.0,1348.0,1348.0,0.0,0.0,0.0,
2019-01-10,1335.0,1335.0,1112.0,1144.300048828125,0.0,0.0,0.0,
2019-01-11,1174.949951171875,1174.949951171875,1129.0,1129.5,0.0,0.0,0.0,
2019-01-14,1142.900024414062,1142.900024414062,1128.0,1128.0,0.0,0.0,0.0,
2019-01-15,1134.0,1134.0,1134.0,1134.0,0.0,0.0,0.0,
2019-01-16,1143.0,1143.0,1143.0,1143.0,0.0,0.0,0.0,
2019-01-17,1128.0,1143.75,1100.0,1143.75,0.0,0.0,0.0,
2019-01-18,1143.75,1143.75,1143.75,1143.75,0.0,0.0,0.0,
2019-01-21,1164.0,1164.0,1145.849975585938,1145.849975585938,0.0,0.0,0.0,
2019-01-22,1128.0,1154.0,1098.0,1139.849975585938,0.0,0.0,0.0,
2019-01-23,1143.0,1143.0,1143.0,1143.0,0.0,0.0,0.0,
2019-01-24,1136.599975585938,1136.599975585938,1136.599975585938,1136.599975585938,0.0,0.0,0.0,
2019-01-25,1136.599975585938,1136.599975585938,1136.599975585938,1136.599975585938,0.0,0.0,0.0,
2019-01-28,1136.599975585938,1136.599975585938,1136.599975585938,1136.599975585938,0.0,0.0,0.0,
2019-01-29,1134.800048828125,1134.800048828125,1134.800048828125,1134.800048828125,0.0,0.0,0.0,
2019-01-30,1111.650024414062,1111.650024414062,1111.650024414062,1111.650024414062,0.0,0.0,0.0,
2019-01-31,1139.050048828125,1139.050048828125,1126.949951171875,1126.949951171875,0.0,0.0,0.0,
2019-02-01,1126.900024414062,1156.400024414062,1126.900024414062,1146.150024414062,0.0,0.0,0.0,
2019-02-04,1146.150024414062,1146.150024414062,1146.150024414062,1146.150024414062,0.0,0.0,0.0,
2019-02-05,1159.699951171875,1160.849975585938,1159.699951171875,1160.849975585938,0.0,0.0,0.0,
2019-02-06,1160.849975585938,1160.849975585938,1160.849975585938,1160.849975585938,0.0,0.0,0.0,
2019-02-07,1160.849975585938,1160.849975585938,1160.849975585938,1160.849975585938,0.0,0.0,0.0,
2019-02-08,1160.849975585938,1160.849975585938,1160.849975585938,1160.849975585938,0.0,0.0,0.0,
2019-02-11,1160.849975585938,1160.849975585938,1160.849975585938,1160.849975585938,0.0,0.0,0.0,
2019-02-12,1160.849975585938,1160.849975585938,1160.849975585938,1160.849975585938,0.0,0.0,0.0,
2019-02-14,1160.849975585938,1160.849975585938,1160.849975585938,1160.849975585938,0.0,0.0,0.0,
2019-02-15,1160.849975585938,1160.849975585938,1160.849975585938,1160.849975585938,0.0,0.0,0.0,
2019-02-18,1160.849975585938,1160.849975585938,1160.849975585938,1160.849975585938,0.0,0.0,0.0,
2019-02-19,1160.849975585938,1160.849975585938,1160.849975585938,1160.849975585938,0.0,0.0,0.0,
2019-02-20,1160.849975585938,1160.849975585938,1160.849975585938,1160.849975585938,0.0,0.0,0.0,
2019-02-21,1160.849975585938,1160.849975585938,1160.849975585938,1160.849975585938,0.0,0.0,0.0,
2019-02-22,1160.849975585938,1160.849975585938,1160.849975585938,1160.849975585938,0.0,0.0,0.0,
2019-02-25,1175.0,1175.0,1150.199951171875,1150.199951171875,0.0,0.0,0.0,
2019-02-26,1150.199951171875,1150.199951171875,1150.199951171875,1150.199951171875,0.0,0.0,0.0,
2019-02-27,1108.0,1129.900024414062,1098.0,1129.900024414062,0.0,0.0,0.0,
2019-02-28,1129.900024414062,1129.900024414062,1129.900024414062,1129.900024414062,0.0,0.0,0.0,
2019-03-01,1129.900024414062,1129.900024414062,1129.900024414062,1129.900024414062,0.0,0.0,0.0,
2019-03-05,1129.900024414062,1129.900024414062,1129.900024414062,1129.900024414062,0.0,0.0,0.0,
2019-03-06,1129.900024414062,1129.900024414062,1129.900024414062,1129.900024414062,0.0,0.0,0.0,
2019-03-07,1129.900024414062,1129.900024414062,1129.900024414062,1129.900024414062,0.0,0.0,0.0,
2019-03-08,1154.199951171875,1154.199951171875,1154.199951171875,1154.199951171875,0.0,0.0,0.0,
2019-03-11,1176.0,1185.150024414062,1164.75,1185.150024414062,0.0,0.0,0.0,
2019-03-12,1176.0,1200.099975585938,1176.0,1200.099975585938,0.0,0.0,0.0,
2019-03-13,1200.099975585938,1200.099975585938,1200.099975585938,1200.099975585938,0.0,0.0,0.0,
2019-03-14,1206.0,1209.599975585938,1205.0,1209.050048828125,0.0,0.0,0.0,
2019-03-15,1209.050048828125,1209.050048828125,1209.050048828125,1209.050048828125,0.0,0.0,0.0,
2019-03-18,1209.050048828125,1209.050048828125,1209.050048828125,1209.050048828125,0.0,0.0,0.0,
2019-03-19,1198.5,1198.5,1198.5,1198.5,0.0,0.0,0.0,
2019-03-20,1225.0,1225.0,1225.0,1225.0,0.0,0.0,0.0,
2019-03-22,1225.0,1225.0,1225.0,1225.0,0.0,0.0,0.0,
2019-03-25,1225.0,1225.0,1225.0,1225.0,0.0,0.0,0.0,
2019-03-26,1225.0,1225.0,1225.0,1225.0,0.0,0.0,0.0,
2019-03-27,1225.0,1225.0,1225.0,1225.0,0.0,0.0,0.0,
2019-03-28,1207.599975585938,1214.75,1207.599975585938,1214.75,0.0,0.0,0.0,
2019-04-01,1226.0,1235.989990234375,1226.0,1226.0,0.0,0.0,0.0,
2019-04-02,1226.0,1226.0,1226.0,1226.0,0.0,0.0,0.0,
2019-04-03,1230.0,1230.0,1230.0,1230.0,0.0,0.0,0.0,
2019-04-04,1230.0,1230.0,1230.0,1230.0,0.0,0.0,0.0,
2019-04-05,1229.989990234375,1229.989990234375,1229.989990234375,1229.989990234375,0.0,0.0,0.0,
2019-04-08,1243.239990234375,1243.239990234375,1235.0,1237.02001953125,0.0,0.0,0.0,
2019-04-09,1237.02001953125,1237.02001953125,1237.02001953125,1237.02001953125,0.0,0.0,0.0,
2019-04-10,1241.900024414062,1241.900024414062,1215.0,1220.0,0.0,0.0,0.0,
2019-04-11,1220.0,1220.0,1220.0,1220.0,0.0,0.0,0.0,
2019-04-12,1220.0,1220.0,1220.0,1220.0,0.0,0.0,0.0,
2019-04-15,1234.989990234375,1234.989990234375,1230.0,1230.0,0.0,0.0,0.0,
2019-04-16,1231.199951171875,1231.199951171875,1231.199951171875,1231.199951171875,0.0,0.0,0.0,
2019-04-18,1226.900024414062,1226.900024414062,1226.900024414062,1226.900024414062,0.0,0.0,0.0,
2019-04-22,1242.989990234375,1242.989990234375,1242.989990234375,1242.989990234375,0.0,0.0,0.0,
2019-04-23,1242.989990234375,1242.989990234375,1242.989990234375,1242.989990234375,0.0,0.0,0.0,
2019-04-24,1211.0,1211.0,1211.0,1211.0,0.0,0.0,0.0,
2019-04-25,1236.199951171875,1236.199951171875,1235.050048828125,1235.050048828125,0.0,0.0,0.0,
2019-04-26,1224.599975585938,1231.0,1224.599975585938,1231.0,0.0,0.0,0.0,
2019-04-30,1250.0,1250.0,1229.25,1229.25,0.0,0.0,0.0,
2019-05-02,1256.0,1256.0,1256.0,1256.0,0.0,0.0,0.0,
2019-05-03,1228.5,1229.449951171875,1228.5,1229.449951171875,0.0,0.0,0.0,
2019-05-06,1244.150024414062,1244.150024414062,1244.150024414062,1244.150024414062,0.0,0.0,0.0,
2019-05-07,1244.150024414062,1244.150024414062,1244.150024414062,1244.150024414062,0.0,0.0,0.0,
2019-05-08,1218.0,1218.0,1200.0,1200.0,0.0,0.0,0.0,
2019-05-09,1200.0,1200.0,1182.199951171875,1183.400024414062,0.0,0.0,0.0,
2019-05-10,1183.5,1183.5,1183.5,1183.5,0.0,0.0,0.0,
2019-05-13,1183.5,1183.5,1183.5,1183.5,0.0,0.0,0.0,
2019-05-14,1186.849975585938,1186.849975585938,1186.849975585938,1186.849975585938,0.0,0.0,0.0,
2019-05-15,1186.849975585938,1186.849975585938,1186.849975585938,1186.849975585938,0.0,0.0,0.0,
2019-05-16,1186.849975585938,1186.849975585938,1186.849975585938,1186.849975585938,0.0,0.0,0.0,
2019-05-17,1186.849975585938,1186.849975585938,1186.849975585938,1186.849975585938,0.0,0.0,0.0,
2019-05-20,1200.0,1263.449951171875,1200.0,1263.449951171875,0.0,0.0,0.0,
2019-05-21,1216.0,1248.75,1216.0,1248.75,0.0,0.0,0.0,
2019-05-22,1224.900024414062,1224.900024414062,1224.900024414062,1224.900024414062,0.0,0.0,0.0,
2019-05-23,1231.150024414062,1231.150024414062,1231.150024414062,1231.150024414062,0.0,0.0,0.0,
2019-05-24,1231.150024414062,1231.150024414062,1231.150024414062,1231.150024414062,0.0,0.0,0.0,
2019-05-27,1231.150024414062,1231.150024414062,1231.150024414062,1231.150024414062,0.0,0.0,0.0,
2019-05-28,1241.449951171875,1268.349975585938,1241.0,1265.0,0.0,0.0,0.0,
2019-05-29,1256.449951171875,1272.849975585938,1256.449951171875,1272.849975585938,0.0,0.0,0.0,
2019-05-30,1274.099975585938,1274.099975585938,1274.099975585938,1274.099975585938,0.0,0.0,0.0,
2019-05-31,1279.400024414062,1279.400024414062,1279.400024414062,1279.400024414062,0.0,0.0,0.0,
2019-06-03,1277.25,1277.25,1277.25,1277.25,0.0,0.0,0.0,
2019-06-04,1273.199951171875,1273.199951171875,1273.199951171875,1273.199951171875,0.0,0.0,0.0,
2019-06-06,1279.050048828125,1279.050048828125,1279.050048828125,1279.050048828125,0.0,0.0,0.0,
2019-06-07,1279.050048828125,1279.050048828125,1279.050048828125,1279.050048828125,0.0,0.0,0.0,
2019-06-10,1278.599975585938,1278.599975585938,1278.599975585938,1278.599975585938,0.0,0.0,0.0,
2019-06-11,1278.599975585938,1278.599975585938,1278.599975585938,1278.599975585938,0.0,0.0,0.0,
2019-06-12,1278.599975585938,1278.599975585938,1278.599975585938,1278.599975585938,0.0,0.0,0.0,
2019-06-13,1278.599975585938,1278.599975585938,1278.599975585938,1278.599975585938,0.0,0.0,0.0,
2019-06-14,1268.949951171875,1268.949951171875,1268.949951171875,1268.949951171875,0.0,0.0,0.0,
2019-06-17,1268.949951171875,1268.949951171875,1268.949951171875,1268.949951171875,0.0,0.0,0.0,
2019-06-18,1237.150024414062,1237.150024414062,1237.150024414062,1237.150024414062,0.0,0.0,0.0,
2019-06-19,1244.550048828125,1244.550048828125,1244.550048828125,1244.550048828125,0.0,0.0,0.0,
2019-06-20,1252.199951171875,1254.449951171875,1235.699951171875,1254.449951171875,0.0,0.0,0.0,
2019-06-21,1254.449951171875,1254.449951171875,1254.449951171875,1254.449951171875,0.0,0.0,0.0,
2019-06-24,1254.449951171875,1254.449951171875,1254.449951171875,1254.449951171875,0.0,0.0,0.0,
2019-06-25,1254.449951171875,1254.449951171875,1254.449951171875,1254.449951171875,0.0,0.0,0.0,
2019-06-26,1254.449951171875,1254.449951171875,1254.449951171875,1254.449951171875,0.0,0.0,0.0,
2019-06-27,1256.0,1272.099975585938,1254.349975585938,1254.349975585938,0.0,0.0,0.0,
2019-06-28,1248.199951171875,1248.199951171875,1248.199951171875,1248.199951171875,0.0,0.0,0.0,
2019-07-01,1288.400024414062,1330.0,1262.0,1262.0,0.0,0.0,0.0,
2019-07-02,1262.0,1262.0,1262.0,1262.0,0.0,0.0,0.0,
2019-07-03,1262.0,1262.0,1262.0,1262.0,0.0,0.0,0.0,
2019-07-04,1262.0,1262.0,1262.0,1262.0,0.0,0.0,0.0,
2019-07-05,1277.199951171875,1277.199951171875,1277.199951171875,1277.199951171875,0.0,0.0,0.0,
2019-07-08,1258.699951171875,1258.699951171875,1219.150024414062,1219.150024414062,0.0,0.0,0.0,
2019-07-09,1190.010009765625,1190.010009765625,1190.010009765625,1190.010009765625,0.0,0.0,0.0,
2019-07-10,1238.0,1239.550048828125,1237.25,1237.25,0.0,0.0,0.0,
2019-07-11,1237.25,1237.25,1237.25,1237.25,0.0,0.0,0.0,
2019-07-12,1237.25,1237.25,1237.25,1237.25,0.0,0.0,0.0,
2019-07-15,1240.150024414062,1240.150024414062,1239.050048828125,1239.050048828125,0.0,0.0,0.0,
2019-07-16,1239.050048828125,1239.050048828125,1239.050048828125,1239.050048828125,0.0,0.0,0.0,
2019-07-17,1239.050048828125,1239.050048828125,1239.050048828125,1239.050048828125,0.0,0.0,0.0,
2019-07-18,1239.050048828125,1239.050048828125,1239.050048828125,1239.050048828125,0.0,0.0,0.0,
2019-07-19,1239.050048828125,1239.050048828125,1239.050048828125,1239.050048828125,0.0,0.0,0.0,
2019-07-22,1217.0,1217.0,1215.400024414062,1215.400024414062,0.0,0.0,0.0,
2019-07-23,1215.400024414062,1215.400024414062,1215.400024414062,1215.400024414062,0.0,0.0,0.0,
2019-07-24,1215.400024414062,1215.400024414062,1215.400024414062,1215.400024414062,0.0,0.0,0.0,
2019-07-25,1215.0,1215.0,1215.0,1215.0,0.0,0.0,0.0,
2019-07-26,1215.0,1215.0,1215.0,1215.0,0.0,0.0,0.0,
2019-07-29,1206.0,1206.0,1204.900024414062,1204.900024414062,0.0,0.0,0.0,
2019-07-30,1204.900024414062,1204.900024414062,1204.900024414062,1204.900024414062,0.0,0.0,0.0,
2019-07-31,1299.0,1299.0,1174.300048828125,1174.300048828125,0.0,0.0,0.0,
2019-08-01,1182.75,1182.75,1182.75,1182.75,0.0,0.0,0.0,
2019-08-02,1171.0,1171.0,1171.0,1171.0,0.0,0.0,0.0,
2019-08-05,1171.0,1171.0,1162.0,1162.0,0.0,0.0,0.0,
2019-08-06,1162.0,1162.0,1162.0,1162.0,0.0,0.0,0.0,
2019-08-07,1162.0,1162.0,1162.0,1162.0,0.0,0.0,0.0,
2019-08-08,1170.0,1170.0,1170.0,1170.0,0.0,0.0,0.0,
2019-08-09,1170.0,1170.0,1170.0,1170.0,0.0,0.0,0.0,
2019-08-13,1193.800048828125,1193.800048828125,1193.800048828125,1193.800048828125,0.0,0.0,0.0,
2019-08-14,1178.75,1178.75,1178.75,1178.75,0.0,0.0,0.0,
2019-08-16,1178.75,1178.75,1178.75,1178.75,0.0,0.0,0.0,
2019-08-19,1178.75,1178.75,1178.75,1178.75,0.0,0.0,0.0,
2019-08-20,1185.599975585938,1185.599975585938,1185.599975585938,1185.599975585938,0.0,0.0,0.0,
2019-08-21,1185.599975585938,1185.599975585938,1185.599975585938,1185.599975585938,0.0,0.0,0.0,
2019-08-22,1168.699951171875,1168.699951171875,1152.800048828125,1152.800048828125,0.0,0.0,0.0,
2019-08-23,1152.800048828125,1152.800048828125,1146.400024414062,1146.400024414062,0.0,0.0,0.0,
2019-08-26,1146.400024414062,1146.400024414062,1146.400024414062,1146.400024414062,0.0,0.0,0.0,
2019-08-27,1146.400024414062,1146.400024414062,1146.400024414062,1146.400024414062,0.0,0.0,0.0,
2019-08-28,1146.400024414062,1146.400024414062,1146.400024414062,1146.400024414062,0.0,0.0,0.0,
2019-08-29,1184.599975585938,1184.599975585938,1184.0,1184.0,0.0,0.0,0.0,
2019-08-30,1184.0,1184.0,1184.0,1184.0,0.0,0.0,0.0,
2019-09-03,1177.599975585938,1178.150024414062,1174.650024414062,1174.650024414062,0.0,0.0,0.0,
2019-09-04,1142.050048828125,1142.050048828125,1142.050048828125,1142.050048828125,0.0,0.0,0.0,
2019-09-05,1173.199951171875,1173.800048828125,1149.099975585938,1149.099975585938,0.0,0.0,0.0,
2019-09-06,1149.099975585938,1149.099975585938,1149.099975585938,1149.099975585938,0.0,0.0,0.0,
2019-09-09,1178.25,1178.25,1178.25,1178.25,0.0,0.0,0.0,
2019-09-11,1187.75,1187.75,1187.75,1187.75,0.0,0.0,0.0,
2019-09-12,1187.75,1187.75,1187.75,1187.75,0.0,0.0,0.0,
2019-09-13,1187.75,1187.75,1187.75,1187.75,0.0,0.0,0.0,
2019-09-16,1185.199951171875,1185.199951171875,1185.199951171875,1185.199951171875,0.0,0.0,0.0,
2019-09-17,1185.199951171875,1185.199951171875,1185.199951171875,1185.199951171875,0.0,0.0,0.0,
2019-09-18,1185.199951171875,1185.199951171875,1185.199951171875,1185.199951171875,0.0,0.0,0.0,
2019-09-19,1185.199951171875,1185.199951171875,1185.199951171875,1185.199951171875,0.0,0.0,0.0,
2019-09-20,1154.699951171875,1214.199951171875,1154.699951171875,1214.199951171875,0.0,0.0,0.0,
2019-09-23,1213.550048828125,1253.949951171875,1212.599975585938,1253.949951171875,0.0,0.0,0.0,
2019-09-24,1253.949951171875,1253.949951171875,1253.949951171875,1253.949951171875,0.0,0.0,0.0,
2019-09-25,1253.949951171875,1253.949951171875,1253.949951171875,1253.949951171875,0.0,0.0,0.0,
2019-09-26,1244.199951171875,1244.199951171875,1244.199951171875,1244.199951171875,0.0,0.0,0.0,
2019-09-27,1244.199951171875,1244.199951171875,1244.199951171875,1244.199951171875,0.0,0.0,0.0,
2019-09-30,1296.0,1340.0,1245.0,1245.0,0.0,0.0,0.0,
2019-10-01,1296.0,1296.0,1207.449951171875,1207.449951171875,0.0,0.0,0.0,
2019-10-03,1207.449951171875,1207.449951171875,1207.449951171875,1207.449951171875,0.0,0.0,0.0,
2019-10-04,1225.300048828125,1225.300048828125,1225.300048828125,1225.300048828125,0.0,0.0,0.0,
2019-10-07,1207.099975585938,1207.099975585938,1190.0,1190.0,0.0,0.0,0.0,
2019-10-09,1250.0,1250.0,1250.0,1250.0,0.0,0.0,0.0,
2019-10-10,1260.0,1260.0,1260.0,1260.0,0.0,0.0,0.0,
2019-10-11,1208.699951171875,1208.699951171875,1199.0,1199.0,0.0,0.0,0.0,
2019-10-14,1199.0,1221.25,1199.0,1221.25,0.0,0.0,0.0,
2019-10-15,1221.25,1221.25,1221.25,1221.25,0.0,0.0,0.0,
2019-10-16,1221.25,1221.25,1221.25,1221.25,0.0,0.0,0.0,
2019-10-17,1225.75,1225.75,1225.75,1225.75,0.0,0.0,0.0,
2019-10-18,1225.75,1225.75,1225.75,1225.75,0.0,0.0,0.0,
2019-10-22,1225.0,1255.0,1225.0,1240.5,0.0,0.0,0.0,
2019-10-23,1235.0,1235.0,1235.0,1235.0,0.0,0.0,0.0,
2019-10-24,1235.0,1235.0,1235.0,1235.0,0.0,0.0,0.0,
2019-10-25,1235.0,1235.0,1235.0,1235.0,0.0,0.0,0.0,
2019-10-29,1246.0,1266.0,1246.0,1256.0,0.0,0.0,0.0,
2019-10-30,1246.0,1272.0,1246.0,1272.0,0.0,0.0,0.0,
2019-10-31,1270.0,1284.0,1270.0,1270.449951171875,0.0,0.0,0.0,
2019-11-01,1282.25,1282.25,1282.25,1282.25,0.0,0.0,0.0,
2019-11-04,1289.0,1290.449951171875,1289.0,1289.0,0.0,0.0,0.0,
2019-11-05,1287.099975585938,1288.199951171875,1268.5,1268.5,0.0,0.0,0.0,
2019-11-06,1268.5,1268.5,1268.5,1268.5,0.0,0.0,0.0,
2019-11-07,1268.5,1268.5,1268.5,1268.5,0.0,0.0,0.0,
2019-11-08,1292.199951171875,1292.199951171875,1289.900024414062,1290.699951171875,0.0,0.0,0.0,
2019-11-11,1290.699951171875,1290.699951171875,1290.699951171875,1290.699951171875,0.0,0.0,0.0,
2019-11-13,1290.699951171875,1290.699951171875,1290.699951171875,1290.699951171875,0.0,0.0,0.0,
2019-11-14,1290.699951171875,1290.699951171875,1290.699951171875,1290.699951171875,0.0,0.0,0.0,
2019-11-15,1271.650024414062,1271.650024414062,1270.400024414062,1270.400024414062,0.0,0.0,0.0,
2019-11-18,1264.300048828125,1264.300048828125,1264.300048828125,1264.300048828125,0.0,0.0,0.0,
2019-11-19,1264.300048828125,1264.300048828125,1264.300048828125,1264.300048828125,0.0,0.0,0.0,
2019-11-20,1264.300048828125,1264.300048828125,1264.300048828125,1264.300048828125,0.0,0.0,0.0,
2019-11-21,1264.300048828125,1264.300048828125,1264.300048828125,1264.300048828125,0.0,0.0,0.0,
2019-11-22,1264.300048828125,1264.300048828125,1264.300048828125,1264.300048828125,0.0,0.0,0.0,
2019-11-25,1264.300048828125,1264.300048828125,1264.300048828125,1264.300048828125,0.0,0.0,0.0,
2019-11-26,1264.300048828125,1264.300048828125,1264.300048828125,1264.300048828125,0.0,0.0,0.0,
2019-11-27,1291.400024414062,1299.400024414062,1291.400024414062,1295.400024414062,0.0,0.0,0.0,
2019-11-28,1287.300048828125,1305.400024414062,1287.300048828125,1305.400024414062,0.0,0.0,0.0,
2019-11-29,1296.0,1311.400024414062,1296.0,1299.5,0.0,0.0,0.0,
2019-12-02,1296.0,1306.0,1296.0,1302.349975585938,0.0,0.0,0.0,
2019-12-03,1302.349975585938,1302.349975585938,1302.349975585938,1302.349975585938,0.0,0.0,0.0,
2019-12-04,1302.349975585938,1302.349975585938,1302.349975585938,1302.349975585938,0.0,0.0,0.0,
2019-12-05,1302.349975585938,1302.349975585938,1302.349975585938,1302.349975585938,0.0,0.0,0.0,
2019-12-06,1279.449951171875,1279.449951171875,1279.449951171875,1279.449951171875,0.0,0.0,0.0,
2019-12-09,1282.699951171875,1282.699951171875,1282.699951171875,1282.699951171875,0.0,0.0,0.0,
2019-12-10,1282.699951171875,1282.699951171875,1282.699951171875,1282.699951171875,0.0,0.0,0.0,
2019-12-11,1264.0,1264.5,1264.0,1264.5,0.0,0.0,0.0,
2019-12-12,1264.5,1264.5,1264.5,1264.5,0.0,0.0,0.0,
2019-12-13,1286.650024414062,1286.650024414062,1286.650024414062,1286.650024414062,0.0,0.0,0.0,
2019-12-16,1300.0,1301.949951171875,1285.0,1285.0,0.0,0.0,0.0,
2019-12-17,1285.0,1285.0,1285.0,1285.0,0.0,0.0,0.0,
2019-12-18,1297.349975585938,1297.349975585938,1297.349975585938,1297.349975585938,0.0,0.0,0.0,
2019-12-19,1310.400024414062,1310.400024414062,1310.400024414062,1310.400024414062,0.0,0.0,0.0,
2019-12-20,1310.400024414062,1310.400024414062,1310.400024414062,1310.400024414062,0.0,0.0,0.0,
2019-12-23,1324.150024414062,1324.150024414062,1324.150024414062,1324.150024414062,0.0,0.0,0.0,
2019-12-24,1324.150024414062,1324.150024414062,1324.150024414062,1324.150024414062,0.0,0.0,0.0,
2019-12-26,1324.150024414062,1324.150024414062,1324.150024414062,1324.150024414062,0.0,0.0,0.0,
2019-12-27,1324.150024414062,1324.150024414062,1324.150024414062,1324.150024414062,0.0,0.0,0.0,
2019-12-30,1324.150024414062,1324.150024414062,1324.150024414062,1324.150024414062,0.0,0.0,0.0,
2019-12-31,1319.050048828125,1319.050048828125,1269.0,1269.0,0.0,0.0,0.0,
2020-01-01,1294.349975585938,1310.0,1293.150024414062,1294.25,0.0,0.0,0.0,
2020-01-02,1294.25,1294.25,1294.25,1294.25,0.0,0.0,0.0,
2020-01-03,1294.25,1294.25,1294.25,1294.25,0.0,0.0,0.0,
2020-01-06,1294.25,1294.25,1294.25,1294.25,0.0,0.0,0.0,
2020-01-07,1294.25,1294.25,1294.25,1294.25,0.0,0.0,0.0,
2020-01-08,1294.25,1294.25,1294.25,1294.25,0.0,0.0,0.0,
2020-01-09,1294.25,1294.25,1294.25,1294.25,0.0,0.0,0.0,
2020-01-10,1322.25,1322.800048828125,1322.25,1322.800048828125,0.0,0.0,0.0,
2020-01-13,1305.550048828125,1305.550048828125,1305.550048828125,1305.550048828125,0.0,0.0,0.0,
2020-01-14,1326.199951171875,1326.199951171875,1305.300048828125,1305.300048828125,0.0,0.0,0.0,
2020-01-15,1305.900024414062,1305.900024414062,1305.900024414062,1305.900024414062,0.0,0.0,0.0,
2020-01-16,1305.400024414062,1305.400024414062,1305.400024414062,1305.400024414062,0.0,0.0,0.0,
2020-01-17,1328.150024414062,1329.849975585938,1328.150024414062,1329.849975585938,0.0,0.0,0.0,
2020-01-20,1324.150024414062,1324.150024414062,1300.5,1300.5,0.0,0.0,0.0,
2020-01-21,1290.949951171875,1291.75,1290.949951171875,1291.75,0.0,0.0,0.0,
2020-01-22,1291.75,1291.75,1291.75,1291.75,0.0,0.0,0.0,
2020-01-23,1311.449951171875,1311.449951171875,1311.449951171875,1311.449951171875,0.0,0.0,0.0,
2020-01-24,1311.449951171875,1311.449951171875,1311.449951171875,1311.449951171875,0.0,0.0,0.0,
2020-01-27,1311.449951171875,1311.449951171875,1311.449951171875,1311.449951171875,0.0,0.0,0.0,
2020-01-28,1311.449951171875,1311.449951171875,1311.449951171875,1311.449951171875,0.0,0.0,0.0,
2020-01-29,1311.449951171875,1311.449951171875,1311.449951171875,1311.449951171875,0.0,0.0,0.0,
2020-01-30,1303.449951171875,1303.449951171875,1275.449951171875,1275.449951171875,0.0,0.0,0.0,
2020-01-31,1275.449951171875,1275.449951171875,1275.449951171875,1275.449951171875,0.0,0.0,0.0,
2020-02-03,1288.699951171875,1288.699951171875,1245.0,1250.0,0.0,0.0,0.0,
2020-02-04,1280.0,1280.0,1266.199951171875,1266.199951171875,0.0,0.0,0.0,
2020-02-05,1296.449951171875,1296.449951171875,1272.150024414062,1272.150024414062,0.0,0.0,0.0,
2020-02-06,1272.150024414062,1272.150024414062,1272.150024414062,1272.150024414062,0.0,0.0,0.0,
2020-02-07,1278.800048828125,1278.800048828125,1278.0,1278.0,0.0,0.0,0.0,
2020-02-10,1295.449951171875,1299.5,1295.449951171875,1299.5,0.0,0.0,0.0,
2020-02-11,1299.5,1299.5,1299.5,1299.5,0.0,0.0,0.0,
2020-02-12,1299.5,1299.5,1299.5,1299.5,0.0,0.0,0.0,
2020-02-13,1299.5,1299.5,1299.5,1299.5,0.0,0.0,0.0,
2020-02-14,1317.75,1317.75,1284.599975585938,1284.599975585938,0.0,0.0,0.0,
2020-02-17,1284.599975585938,1284.599975585938,1284.599975585938,1284.599975585938,0.0,0.0,0.0,
2020-02-18,1284.599975585938,1284.599975585938,1284.599975585938,1284.599975585938,0.0,0.0,0.0,
2020-02-19,1280.599975585938,1281.0,1275.550048828125,1275.550048828125,0.0,0.0,0.0,
2020-02-20,1307.599975585938,1307.599975585938,1280.699951171875,1280.699951171875,0.0,0.0,0.0,
2020-02-24,1280.699951171875,1280.699951171875,1280.699951171875,1280.699951171875,0.0,0.0,0.0,
2020-02-25,1280.699951171875,1280.699951171875,1280.699951171875,1280.699951171875,0.0,0.0,0.0,
2020-02-26,1280.699951171875,1280.699951171875,1280.699951171875,1280.699951171875,0.0,0.0,0.0,
2020-02-27,1259.699951171875,1259.699951171875,1232.699951171875,1232.699951171875,0.0,0.0,0.0,
2020-02-28,1232.699951171875,1232.699951171875,1232.699951171875,1232.699951171875,0.0,0.0,0.0,
2020-03-02,1237.449951171875,1238.0,1237.449951171875,1237.449951171875,0.0,0.0,0.0,
2020-03-03,1237.449951171875,1237.449951171875,1237.449951171875,1237.449951171875,0.0,0.0,0.0,
2020-03-04,1218.900024414062,1218.900024414062,1218.900024414062,1218.900024414062,0.0,0.0,0.0,
2020-03-05,1222.449951171875,1222.449951171875,1222.349975585938,1222.349975585938,0.0,0.0,0.0,
2020-03-06,1222.349975585938,1222.349975585938,1222.349975585938,1222.349975585938,0.0,0.0,0.0,
2020-03-09,1300.0,1300.0,1190.0,1190.0,0.0,0.0,0.0,
2020-03-11,1168.699951171875,1168.699951171875,1114.650024414062,1114.9599609375,0.0,0.0,0.0,
2020-03-12,1114.9599609375,1114.9599609375,1114.9599609375,1114.9599609375,0.0,0.0,0.0,
2020-03-13,1114.9599609375,1114.9599609375,1114.9599609375,1114.9599609375,0.0,0.0,0.0,
2020-03-16,1114.9599609375,1114.9599609375,1114.9599609375,1114.9599609375,0.0,0.0,0.0,
2020-03-17,1050.0,1050.0,988.4500122070312,988.4500122070312,0.0,0.0,0.0,
2020-03-18,910.0,950.0,905.0,905.0,0.0,0.0,0.0,
2020-03-19,909.9000244140624,919.9000244140624,909.9000244140624,919.9000244140624,0.0,0.0,0.0,
2020-03-20,949.9000244140624,989.9000244140624,949.9000244140624,980.5,0.0,0.0,0.0,
2020-03-23,1049.900024414062,1049.900024414062,778.0,837.22998046875,0.0,0.0,0.0,
2020-03-24,837.2000122070312,837.2000122070312,837.2000122070312,837.2000122070312,0.0,0.0,0.0,
2020-03-25,863.0,917.0,863.0,917.0,0.0,0.0,0.0,
2020-03-26,997.8499755859376,997.8499755859376,945.5499877929688,945.5499877929688,0.0,0.0,0.0,
2020-03-27,945.5499877929688,945.5499877929688,945.5499877929688,945.5499877929688,0.0,0.0,0.0,
2020-03-30,945.0,945.0,940.0,940.0,0.0,0.0,0.0,
2020-03-31,940.0,940.0,890.0,890.0,0.0,0.0,0.0,
2020-04-01,887.0,887.0,887.0,887.0,0.0,0.0,0.0,
2020-04-03,880.0,899.0,859.0,859.0,0.0,0.0,0.0,
2020-04-07,1059.0,1059.0,886.0,932.2999877929688,0.0,0.0,0.0,
2020-04-08,1018.380004882812,1018.380004882812,922.0,947.0,0.0,0.0,0.0,
2020-04-09,979.0,984.0999755859376,979.0,984.0999755859376,0.0,0.0,0.0,
2020-04-13,990.0,1039.0,990.0,1039.0,0.0,0.0,0.0,
2020-04-15,998.989990234375,998.989990234375,975.2000122070312,975.2000122070312,0.0,0.0,0.0,
2020-04-16,977.0,977.0,977.0,977.0,0.0,0.0,0.0,
2020-04-17,977.0,977.0,977.0,977.0,0.0,0.0,0.0,
2020-04-20,1011.799987792969,1011.799987792969,999.0,1009.0,0.0,0.0,0.0,
2020-04-21,986.9000244140624,986.9000244140624,980.1500244140624,980.1500244140624,0.0,0.0,0.0,
2020-04-22,984.0,984.0,984.0,984.0,0.0,0.0,0.0,
2020-04-23,1000.0,1000.0,984.0,991.969970703125,0.0,0.0,0.0,
2020-04-24,991.969970703125,991.969970703125,991.969970703125,991.969970703125,0.0,0.0,0.0,
2020-04-27,1095.0,1095.0,1012.0,1018.200012207031,0.0,0.0,0.0,
2020-04-28,1018.200012207031,1018.200012207031,1018.200012207031,1018.200012207031,0.0,0.0,0.0,
2020-04-29,1027.989990234375,1039.599975585938,1027.800048828125,1039.599975585938,0.0,0.0,0.0,
2020-04-30,1140.0,1140.0,1037.0,1041.0,0.0,0.0,0.0,
2020-05-04,1050.0,1050.0,1026.349975585938,1026.349975585938,0.0,0.0,0.0,
2020-05-05,1135.0,1259.0,1027.25,1029.449951171875,0.0,0.0,0.0,
2020-05-06,977.0999755859376,1012.450012207031,977.0999755859376,1012.450012207031,0.0,0.0,0.0,
2020-05-07,1012.450012207031,1012.450012207031,1012.450012207031,1012.450012207031,0.0,0.0,0.0,
2020-05-08,1020.799987792969,1020.799987792969,980.0999755859376,980.0999755859376,0.0,0.0,0.0,
2020-05-11,1020.0,1129.0,994.9500122070312,994.9500122070312,0.0,0.0,0.0,
2020-05-12,994.9500122070312,994.9500122070312,994.9500122070312,994.9500122070312,0.0,0.0,0.0,
2020-05-13,1034.25,1034.25,1034.25,1034.25,0.0,0.0,0.0,
2020-05-14,1034.25,1034.25,1007.0,1007.0,0.0,0.0,0.0,
2020-05-15,1007.0,1007.0,1007.0,1007.0,0.0,0.0,0.0,
2020-05-18,978.5999755859376,978.5999755859376,940.75,940.75,0.0,0.0,0.0,
2020-05-19,940.75,940.75,940.75,940.75,0.0,0.0,0.0,
2020-05-20,978.2999877929688,978.2999877929688,978.2999877929688,978.2999877929688,0.0,0.0,0.0,
2020-05-21,966.5999755859376,991.5,966.5999755859376,991.5,0.0,0.0,0.0,
2020-05-22,960.2000122070312,960.2000122070312,960.2000122070312,960.2000122070312,0.0,0.0,0.0,
2020-05-26,969.6500244140624,987.4500122070312,969.6500244140624,987.4500122070312,0.0,0.0,0.0,
2020-05-27,967.9000244140624,967.9000244140624,967.9000244140624,967.9000244140624,0.0,0.0,0.0,
2020-05-28,967.9000244140624,967.9000244140624,967.9000244140624,967.9000244140624,0.0,0.0,0.0,
2020-05-29,1019.0,1030.699951171875,1019.0,1030.699951171875,0.0,0.0,0.0,
2020-06-01,1064.099975585938,1064.650024414062,1052.25,1052.25,0.0,0.0,0.0,
2020-06-02,1052.0,1052.0,1052.0,1052.0,0.0,0.0,0.0,
2020-06-03,998.7000122070312,1075.900024414062,988.7000122070312,1075.900024414062,0.0,0.0,0.0,
2020-06-04,1067.949951171875,1067.949951171875,1067.949951171875,1067.949951171875,0.0,0.0,0.0,
2020-06-05,875.9000244140625,1259.390014648438,875.9000244140625,1099.900024414062,0.0,0.0,0.0,
2020-06-08,1112.349975585938,1113.0,1082.300048828125,1082.300048828125,0.0,0.0,0.0,
2020-06-09,1082.31005859375,1082.31005859375,1082.31005859375,1082.31005859375,0.0,0.0,0.0,
2020-06-10,1083.550048828125,1087.699951171875,1071.800048828125,1077.050048828125,0.0,0.0,0.0,
2020-06-11,1055.349975585938,1055.349975585938,1055.349975585938,1055.349975585938,0.0,0.0,0.0,
2020-06-12,1055.349975585938,1055.349975585938,1055.349975585938,1055.349975585938,0.0,0.0,0.0,
2020-06-15,1060.400024414062,1060.400024414062,1048.699951171875,1048.699951171875,0.0,0.0,0.0,
2020-06-16,1059.199951171875,1059.199951171875,1056.849975585938,1056.849975585938,0.0,0.0,0.0,
2020-06-17,1064.099975585938,1064.099975585938,1064.099975585938,1064.099975585938,0.0,0.0,0.0,
2020-06-18,1071.849975585938,1071.849975585938,1071.849975585938,1071.849975585938,0.0,0.0,0.0,
2020-06-19,1071.849975585938,1071.849975585938,1071.849975585938,1071.849975585938,0.0,0.0,0.0,
2020-06-22,1038.699951171875,1290.0,995.8400268554688,1100.449951171875,0.0,0.0,0.0,
2020-06-23,1104.0,1106.599975585938,1104.0,1106.599975585938,0.0,0.0,0.0,
2020-06-24,1006.0,1170.0,1006.0,1120.0,0.0,0.0,0.0,
2020-06-25,1120.0,1120.0,1120.0,1120.0,0.0,0.0,0.0,
2020-06-26,1120.0,1120.0,1120.0,1120.0,0.0,0.0,0.0,
2020-06-29,1106.300048828125,1106.300048828125,1100.400024414062,1100.400024414062,0.0,0.0,0.0,
2020-06-30,1099.199951171875,1099.199951171875,1095.400024414062,1095.400024414062,0.0,0.0,0.0,
2020-07-01,1118.550048828125,1119.800048828125,1115.800048828125,1115.800048828125,0.0,0.0,0.0,
2020-07-02,1090.010009765625,1090.010009765625,1090.010009765625,1090.010009765625,0.0,0.0,0.0,
2020-07-03,1090.010009765625,1090.010009765625,1090.010009765625,1090.010009765625,0.0,0.0,0.0,
2020-07-06,1157.900024414062,1157.900024414062,1155.0,1155.0,0.0,0.0,0.0,
2020-07-07,1150.0,1150.0,1150.0,1150.0,0.0,0.0,0.0,
2020-07-08,1166.5,1168.699951171875,1154.949951171875,1154.949951171875,0.0,0.0,0.0,
2020-07-09,1075.5,1162.75,1075.5,1162.75,0.0,0.0,0.0,
2020-07-10,1161.0,1161.0,1148.599975585938,1160.300048828125,0.0,0.0,0.0,
2020-07-13,1160.300048828125,1160.300048828125,1160.300048828125,1160.300048828125,0.0,0.0,0.0,
2020-07-14,1158.099975585938,1158.099975585938,1158.099975585938,1158.099975585938,0.0,0.0,0.0,
2020-07-15,1158.099975585938,1158.099975585938,1158.099975585938,1158.099975585938,0.0,0.0,0.0,
2020-07-16,1150.199951171875,1150.199951171875,1150.199951171875,1150.199951171875,0.0,0.0,0.0,
2020-07-17,1150.199951171875,1150.199951171875,1150.199951171875,1150.199951171875,0.0,0.0,0.0,
2020-07-20,1184.800048828125,1184.800048828125,1184.800048828125,1184.800048828125,0.0,0.0,0.0,
2020-07-21,1198.0,1198.0,1197.400024414062,1197.400024414062,0.0,0.0,0.0,
2020-07-22,1183.599975585938,1183.599975585938,1183.599975585938,1183.599975585938,0.0,0.0,0.0,
2020-07-23,1199.25,1200.550048828125,1199.25,1200.550048828125,0.0,0.0,0.0,
2020-07-24,1200.550048828125,1200.550048828125,1200.550048828125,1200.550048828125,0.0,0.0,0.0,
2020-07-27,1200.550048828125,1200.550048828125,1200.550048828125,1200.550048828125,0.0,0.0,0.0,
2020-07-28,1200.0,1210.25,1200.0,1210.25,0.0,0.0,0.0,
2020-07-29,1220.5,1221.050048828125,1220.5,1221.050048828125,0.0,0.0,0.0,
2020-07-30,1221.050048828125,1221.050048828125,1221.050048828125,1221.050048828125,0.0,0.0,0.0,
2020-07-31,1203.599975585938,1203.599975585938,1183.25,1183.25,0.0,0.0,0.0,
2020-08-03,1188.599975585938,1188.599975585938,1188.599975585938,1188.599975585938,0.0,0.0,0.0,
2020-08-04,1188.599975585938,1188.599975585938,1188.599975585938,1188.599975585938,0.0,0.0,0.0,
2020-08-05,1188.599975585938,1188.599975585938,1188.599975585938,1188.599975585938,0.0,0.0,0.0,
2020-08-06,1188.599975585938,1188.599975585938,1188.599975585938,1188.599975585938,0.0,0.0,0.0,
2020-08-07,1197.599975585938,1197.599975585938,1197.599975585938,1197.599975585938,0.0,0.0,0.0,
2020-08-10,1223.349975585938,1223.349975585938,1221.949951171875,1221.949951171875,0.0,0.0,0.0,
2020-08-11,1221.949951171875,1221.949951171875,1221.949951171875,1221.949951171875,0.0,0.0,0.0,
2020-08-12,1221.949951171875,1221.949951171875,1221.949951171875,1221.949951171875,0.0,0.0,0.0,
2020-08-13,1221.949951171875,1221.949951171875,1221.949951171875,1221.949951171875,0.0,0.0,0.0,
2020-08-14,1227.199951171875,1227.199951171875,1208.75,1208.75,0.0,0.0,0.0,
2020-08-17,1208.75,1208.75,1208.75,1208.75,0.0,0.0,0.0,
2020-08-18,1208.75,1208.75,1208.75,1208.75,0.0,0.0,0.0,
2020-08-19,1208.75,1208.75,1208.75,1208.75,0.0,0.0,0.0,
2020-08-20,1224.0,1224.0,1224.0,1224.0,0.0,0.0,0.0,
2020-08-21,1231.349975585938,1231.349975585938,1231.349975585938,1231.349975585938,0.0,0.0,0.0,
2020-08-24,1231.349975585938,1231.349975585938,1231.349975585938,1231.349975585938,0.0,0.0,0.0,
2020-08-25,1231.400024414062,1231.400024414062,1231.400024414062,1231.400024414062,0.0,0.0,0.0,
2020-08-26,1241.550048828125,1241.550048828125,1241.550048828125,1241.550048828125,0.0,0.0,0.0,
2020-08-27,1241.550048828125,1241.550048828125,1241.550048828125,1241.550048828125,0.0,0.0,0.0,
2020-08-28,1241.550048828125,1241.550048828125,1241.550048828125,1241.550048828125,0.0,0.0,0.0,
2020-08-31,1269.099975585938,1269.099975585938,1220.0,1228.27001953125,0.0,0.0,0.0,
2020-09-01,1449.0,1449.0,1208.699951171875,1226.199951171875,0.0,0.0,0.0,
2020-09-02,1226.199951171875,1226.199951171875,1226.199951171875,1226.199951171875,0.0,0.0,0.0,
2020-09-03,1226.199951171875,1226.199951171875,1226.199951171875,1226.199951171875,0.0,0.0,0.0,
2020-09-04,1226.199951171875,1226.199951171875,1226.199951171875,1226.199951171875,0.0,0.0,0.0,
2020-09-07,1226.199951171875,1226.199951171875,1226.199951171875,1226.199951171875,0.0,0.0,0.0,
2020-09-08,1230.150024414062,1230.150024414062,1218.199951171875,1218.199951171875,0.0,0.0,0.0,
2020-09-09,1218.199951171875,1218.199951171875,1218.199951171875,1218.199951171875,0.0,0.0,0.0,
2020-09-10,1349.0,1349.0,1216.0,1237.949951171875,0.0,0.0,0.0,
2020-09-11,1237.949951171875,1237.949951171875,1237.949951171875,1237.949951171875,0.0,0.0,0.0,
2020-09-14,1249.150024414062,1250.800048828125,1237.949951171875,1248.900024414062,0.0,0.0,0.0,
2020-09-15,1244.900024414062,1244.900024414062,1244.900024414062,1244.900024414062,0.0,0.0,0.0,
2020-09-16,1236.949951171875,1250.400024414062,1236.949951171875,1247.369995117188,0.0,0.0,0.0,
2020-09-17,1244.349975585938,1244.349975585938,1234.449951171875,1234.449951171875,0.0,0.0,0.0,
2020-09-18,1238.75,1238.75,1238.75,1238.75,0.0,0.0,0.0,
2020-09-21,1247.099975585938,1247.099975585938,1210.050048828125,1210.050048828125,0.0,0.0,0.0,
2020-09-22,1210.050048828125,1210.050048828125,1210.050048828125,1210.050048828125,0.0,0.0,0.0,
2020-09-23,1200.25,1200.25,1200.25,1200.25,0.0,0.0,0.0,
2020-09-24,1178.699951171875,1178.699951171875,1161.050048828125,1169.869995117188,0.0,0.0,0.0,
2020-09-25,1169.869995117188,1169.869995117188,1169.869995117188,1169.869995117188,0.0,0.0,0.0,
2020-09-28,1192.150024414062,1217.75,1192.150024414062,1217.75,0.0,0.0,0.0,
2020-09-29,1202.550048828125,1219.099975585938,1202.550048828125,1204.27001953125,0.0,0.0,0.0,
2020-09-30,1218.150024414062,1222.050048828125,1199.800048828125,1222.050048828125,0.0,0.0,0.0,
2020-10-01,1234.949951171875,1239.449951171875,1220.050048828125,1239.449951171875,0.0,0.0,0.0,
2020-10-05,1232.699951171875,1232.699951171875,1232.699951171875,1232.699951171875,0.0,0.0,0.0,
2020-10-06,1232.699951171875,1232.699951171875,1232.699951171875,1232.699951171875,0.0,0.0,0.0,
2020-10-07,1232.699951171875,1232.699951171875,1232.699951171875,1232.699951171875,0.0,0.0,0.0,
2020-10-08,1281.400024414062,1284.0,1261.349975585938,1272.910034179688,0.0,0.0,0.0,
2020-10-09,1272.910034179688,1272.910034179688,1272.910034179688,1272.910034179688,0.0,0.0,0.0,
2020-10-12,1277.199951171875,1293.150024414062,1277.199951171875,1293.150024414062,0.0,0.0,0.0,
2020-10-13,1293.150024414062,1293.150024414062,1293.150024414062,1293.150024414062,0.0,0.0,0.0,
2020-10-14,1532.0,1541.550048828125,1243.329956054688,1289.18994140625,0.0,0.0,0.0,
2020-10-15,1278.599975585938,1478.989990234375,1246.160034179688,1307.319946289062,0.0,0.0,0.0,
2020-10-16,1300.0,1300.0,1256.599975585938,1258.699951171875,0.0,0.0,0.0,
2020-10-19,1275.0,1276.0,1218.699951171875,1270.800048828125,0.0,0.0,0.0,
2020-10-20,1250.0,1282.0,1219.0,1271.77001953125,0.0,0.0,0.0,
2020-10-21,1296.300048828125,1296.300048828125,1268.699951171875,1283.219970703125,0.0,0.0,0.0,
2020-10-22,1278.699951171875,1278.699951171875,1277.0,1277.0,0.0,0.0,0.0,
2020-10-23,1284.0,1293.150024414062,1278.5,1293.150024414062,0.0,0.0,0.0,
2020-10-26,1278.699951171875,1278.699951171875,1261.0,1266.72998046875,0.0,0.0,0.0,
2020-10-27,1280.349975585938,1280.349975585938,1280.349975585938,1280.349975585938,0.0,0.0,0.0,
2020-10-28,1270.0,1270.0,1259.0,1259.27001953125,0.0,0.0,0.0,
2020-10-29,1264.099975585938,1264.099975585938,1247.849975585938,1247.849975585938,0.0,0.0,0.0,
2020-10-30,1255.900024414062,1255.900024414062,1255.900024414062,1255.900024414062,0.0,0.0,0.0,
2020-11-02,1254.900024414062,1254.900024414062,1254.5,1254.5,0.0,0.0,0.0,
2020-11-03,1274.949951171875,1274.949951171875,1264.0,1264.0,0.0,0.0,0.0,
2020-11-04,1264.0,1264.0,1264.0,1264.0,0.0,0.0,0.0,
2020-11-05,1289.599975585938,1306.0,1289.599975585938,1306.0,0.0,0.0,0.0,
2020-11-06,1309.150024414062,1309.800048828125,1258.699951171875,1309.800048828125,0.0,0.0,0.0,
2020-11-09,1400.0,1400.0,1333.400024414062,1343.75,0.0,0.0,0.0,
2020-11-10,1359.489990234375,1369.400024414062,1359.489990234375,1368.900024414062,0.0,0.0,0.0,
2020-11-11,1369.0,1369.0,1369.0,1369.0,0.0,0.0,0.0,
2020-11-12,1369.0,1369.0,1369.0,1369.0,0.0,0.0,0.0,
2020-11-13,1368.5,1368.5,1368.5,1368.5,0.0,0.0,0.0,
2020-11-14,1450.0,1450.0,1400.0,1400.0,0.0,0.0,0.0,
2020-11-17,1416.0,1416.0,1416.0,1416.0,0.0,0.0,0.0,
2020-11-18,1235.550048828125,1545.800048828125,1235.550048828125,1398.150024414062,0.0,0.0,0.0,
2020-11-19,1394.050048828125,1394.050048828125,1394.050048828125,1394.050048828125,0.0,0.0,0.0,
2020-11-20,1394.050048828125,1394.050048828125,1394.050048828125,1394.050048828125,0.0,0.0,0.0,
2020-11-23,1384.599975585938,1390.0,1380.0,1390.0,0.0,0.0,0.0,
2020-11-24,1393.449951171875,1405.800048828125,1393.449951171875,1405.0,0.0,0.0,0.0,
2020-11-25,1648.0,1648.0,1378.25,1381.839965820312,0.0,0.0,0.0,
2020-11-26,1381.839965820312,1381.839965820312,1381.839965820312,1381.839965820312,0.0,0.0,0.0,
2020-11-27,1500.0,1580.0,1395.449951171875,1400.0,0.0,0.0,0.0,
2020-12-01,1589.0,1670.0,1349.0,1417.5,0.0,0.0,0.0,
2020-12-02,1417.5,1417.5,1417.5,1417.5,0.0,0.0,0.0,
2020-12-03,1411.650024414062,1411.75,1411.050048828125,1411.75,0.0,0.0,0.0,
2020-12-04,1429.800048828125,1429.800048828125,1419.449951171875,1419.449951171875,0.0,0.0,0.0,
2020-12-07,1462.030029296875,1500.0,1430.420043945312,1430.420043945312,0.0,0.0,0.0,
2020-12-08,1449.300048828125,1449.300048828125,1432.0,1442.0,0.0,0.0,0.0,
2020-12-09,1485.260009765625,1485.260009765625,1443.900024414062,1450.849975585938,0.0,0.0,0.0,
2020-12-10,1440.0,1451.699951171875,1437.599975585938,1450.199951171875,0.0,0.0,0.0,
2020-12-11,1462.800048828125,1462.800048828125,1444.75,1444.75,0.0,0.0,0.0,
2020-12-14,1450.400024414062,1462.099975585938,1450.400024414062,1461.800048828125,0.0,0.0,0.0,
2020-12-15,1442.75,1454.25,1441.030029296875,1451.25,0.0,0.0,0.0,
2020-12-16,1462.75,1462.75,1462.75,1462.75,0.0,0.0,0.0,
2020-12-17,1462.75,1462.75,1462.75,1462.75,0.0,0.0,0.0,
2020-12-18,1476.050048828125,1477.800048828125,1464.599975585938,1468.5,0.0,0.0,0.0,
2020-12-21,1481.599975585938,1481.599975585938,1424.0,1431.869995117188,0.0,0.0,0.0,
2020-12-22,1418.699951171875,1439.699951171875,1417.349975585938,1439.699951171875,0.0,0.0,0.0,
2020-12-23,1450.699951171875,1450.699951171875,1450.699951171875,1450.699951171875,0.0,0.0,0.0,
2020-12-24,1450.699951171875,1450.699951171875,1450.699951171875,1450.699951171875,0.0,0.0,0.0,
2020-12-28,1479.949951171875,1506.5,1479.949951171875,1485.0,0.0,0.0,0.0,
2020-12-29,1500.0,1500.0,1486.550048828125,1487.199951171875,0.0,0.0,0.0,
2020-12-30,1489.150024414062,1579.0,1489.150024414062,1512.75,0.0,0.0,0.0,
2020-12-31,1558.130004882812,1558.130004882812,1468.699951171875,1496.56005859375,0.0,0.0,0.0,
2021-01-01,1490.0,1599.989990234375,1478.699951171875,1508.349975585938,0.0,0.0,0.0,
2021-01-04,1511.0,1527.0,1511.0,1527.0,0.0,0.0,0.0,
2021-01-05,1527.0,1527.0,1527.0,1527.0,0.0,0.0,0.0,
2021-01-06,1537.0,1537.0,1528.550048828125,1534.349975585938,0.0,0.0,0.0,
2021-01-07,1537.900024414062,1539.550048828125,1522.849975585938,1522.849975585938,0.0,0.0,0.0,
2021-01-08,1522.849975585938,1522.849975585938,1522.849975585938,1522.849975585938,0.0,0.0,0.0,
2021-01-11,1563.550048828125,1563.550048828125,1559.699951171875,1559.699951171875,0.0,0.0,0.0,
2021-01-12,1557.900024414062,1569.300048828125,1557.900024414062,1563.050048828125,0.0,0.0,0.0,
2021-01-13,1576.300048828125,1576.300048828125,1576.300048828125,1576.300048828125,0.0,0.0,0.0,
2021-01-14,1600.0,1869.0,1557.349975585938,1569.52001953125,0.0,0.0,0.0,
2021-01-15,1558.949951171875,1558.949951171875,1553.849975585938,1554.400024414062,0.0,0.0,0.0,
2021-01-18,1585.489990234375,1585.489990234375,1552.300048828125,1552.300048828125,0.0,0.0,0.0,
2021-01-19,1549.5,1567.75,1549.5,1565.349975585938,0.0,0.0,0.0,
2021-01-20,1579.75,1579.75,1579.75,1579.75,0.0,0.0,0.0,
2021-01-21,1583.849975585938,1594.300048828125,1567.449951171875,1576.199951171875,0.0,0.0,0.0,
2021-01-22,1558.949951171875,1560.25,1550.150024414062,1556.449951171875,0.0,0.0,0.0,
2021-01-25,1546.349975585938,1559.349975585938,1546.349975585938,1559.349975585938,0.0,0.0,0.0,
2021-01-27,1559.400024414062,1559.400024414062,1506.199951171875,1507.589965820312,0.0,0.0,0.0,
2021-01-28,1507.589965820312,1507.589965820312,1507.589965820312,1507.589965820312,0.0,0.0,0.0,
2021-01-29,1499.699951171875,1499.699951171875,1441.150024414062,1473.609985351562,0.0,0.0,0.0,
2021-02-01,1487.650024414062,1560.0,1487.099975585938,1519.0,0.0,0.0,0.0,
2021-02-02,1519.0,1580.5,1508.949951171875,1578.050048828125,0.0,0.0,0.0,
2021-02-03,1625.390014648438,1625.390014648438,1548.949951171875,1600.75,0.0,0.0,0.0,
2021-02-04,1608.5,1610.300048828125,1608.5,1610.300048828125,0.0,0.0,0.0,
2021-02-05,1610.300048828125,1610.300048828125,1610.300048828125,1610.300048828125,0.0,0.0,0.0,
2021-02-08,1636.150024414062,1640.25,1626.300048828125,1630.400024414062,0.0,0.0,0.0,
2021-02-09,1641.949951171875,1647.599975585938,1641.949951171875,1645.800048828125,0.0,0.0,0.0,
2021-02-10,1628.949951171875,1630.449951171875,1624.300048828125,1624.300048828125,0.0,0.0,0.0,
2021-02-11,1637.0,1641.050048828125,1628.449951171875,1641.050048828125,0.0,0.0,0.0,
2021-02-12,1641.050048828125,1641.050048828125,1641.050048828125,1641.050048828125,0.0,0.0,0.0,
2021-02-15,1654.699951171875,1654.699951171875,1649.349975585938,1649.349975585938,0.0,0.0,0.0,
2021-02-16,1949.0,1949.0,1655.099975585938,1661.349975585938,0.0,0.0,0.0,
2021-02-17,1647.0,1653.800048828125,1637.199951171875,1637.199951171875,0.0,0.0,0.0,
2021-02-18,1660.0,1660.0,1639.599975585938,1639.599975585938,0.0,0.0,0.0,
2021-02-19,1630.0,1630.0,1617.699951171875,1617.699951171875,0.0,0.0,0.0,
2021-02-22,1619.0,1619.0,1581.099975585938,1582.9599609375,0.0,0.0,0.0,
2021-02-23,1550.0,1639.0,1550.0,1588.579956054688,0.0,0.0,0.0,
2021-02-24,1894.0,1894.0,1894.0,1894.0,0.0,0.0,0.0,
2021-02-25,1894.0,1894.0,1629.900024414062,1637.06005859375,0.0,0.0,0.0,
2021-02-26,1686.170043945312,1710.0,1571.609985351562,1573.069946289062,0.0,0.0,0.0,
2021-03-01,1659.900024414062,1659.989990234375,1550.099975585938,1572.31005859375,0.0,0.0,0.0,
2021-03-02,1619.469970703125,1620.0,1553.93994140625,1613.329956054688,0.0,0.0,0.0,
2021-03-03,1710.0,1710.0,1549.0,1620.839965820312,0.0,0.0,0.0,
2021-03-04,1620.839965820312,1632.5,1616.099975585938,1631.199951171875,0.0,0.0,0.0,
2021-03-05,1631.199951171875,1649.800048828125,1614.800048828125,1620.0,0.0,0.0,0.0,
2021-03-08,1679.599975585938,1679.599975585938,1618.949951171875,1622.75,0.0,0.0,0.0,
2021-03-09,1623.699951171875,1631.400024414062,1621.699951171875,1625.0,0.0,0.0,0.0,
2021-03-10,1634.449951171875,1643.349975585938,1630.300048828125,1635.030029296875,0.0,0.0,0.0,
2021-03-12,1602.5,1650.579956054688,1602.5,1638.550048828125,0.0,0.0,0.0,
2021-03-15,1618.949951171875,1618.949951171875,1600.0,1610.25,0.0,0.0,0.0,
2021-03-16,1610.25,1610.25,1610.25,1610.25,0.0,0.0,0.0,
2021-03-17,1608.949951171875,1609.0,1587.650024414062,1587.650024414062,0.0,0.0,0.0,
2021-03-18,1591.599975585938,1591.599975585938,1590.0,1590.0,0.0,0.0,0.0,
2021-03-19,1542.300048828125,1588.949951171875,1542.300048828125,1587.949951171875,0.0,0.0,0.0,
2021-03-22,1556.199951171875,1597.099975585938,1556.199951171875,1581.0,0.0,0.0,0.0,
2021-03-23,1599.849975585938,1599.849975585938,1599.849975585938,1599.849975585938,0.0,0.0,0.0,
2021-03-24,1640.0,1640.0,1569.050048828125,1579.27001953125,0.0,0.0,0.0,
2021-03-25,1568.949951171875,1568.949951171875,1544.900024414062,1547.510009765625,0.0,0.0,0.0,
2021-03-26,1576.400024414062,1576.400024414062,1566.25,1575.0,0.0,0.0,0.0,
2021-03-30,1700.0,1700.0,1569.050048828125,1610.349975585938,0.0,0.0,0.0,
2021-03-31,1648.5,1648.5,1580.550048828125,1584.75,0.0,0.0,0.0,
2021-04-01,1640.0,1640.0,1600.900024414062,1617.0,0.0,0.0,0.0,
2021-04-05,1620.0,1620.0,1571.699951171875,1579.02001953125,0.0,0.0,0.0,
2021-04-06,1626.390014648438,1626.390014648438,1576.099975585938,1579.5,0.0,0.0,0.0,
2021-04-07,1629.989990234375,1629.989990234375,1581.099975585938,1595.599975585938,0.0,0.0,0.0,
2021-04-08,1547.739990234375,1630.0,1547.739990234375,1609.0,0.0,0.0,0.0,
2021-04-09,1650.0,1650.0,1594.25,1594.25,0.0,0.0,0.0,
2021-04-12,1588.949951171875,1699.989990234375,1521.300048828125,1549.920043945312,0.0,0.0,0.0,
2021-04-13,1547.449951171875,1573.550048828125,1547.449951171875,1573.550048828125,0.0,0.0,0.0,
2021-04-15,1568.949951171875,1568.949951171875,1550.0,1564.699951171875,0.0,0.0,0.0,
2021-04-16,1589.300048828125,1591.75,1576.349975585938,1580.050048828125,0.0,0.0,0.0,
2021-04-19,1570.0,1570.0,1534.199951171875,1556.599975585938,0.0,0.0,0.0,
2021-04-20,1549.0,1549.0,1537.300048828125,1537.300048828125,0.0,0.0,0.0,
2021-04-22,1583.410034179688,1583.410034179688,1544.25,1547.550048828125,0.0,0.0,0.0,
2021-04-23,1559.550048828125,1559.550048828125,1559.550048828125,1559.550048828125,0.0,0.0,0.0,
2021-04-26,1565.0,1565.0,1565.0,1565.0,0.0,0.0,0.0,
2021-04-27,1588.300048828125,1588.300048828125,1588.300048828125,1588.300048828125,0.0,0.0,0.0,
2021-04-28,1588.300048828125,1588.300048828125,1588.300048828125,1588.300048828125,0.0,0.0,0.0,
2021-04-29,1588.300048828125,1588.300048828125,1588.300048828125,1588.300048828125,0.0,0.0,0.0,
2021-04-30,1606.099975585938,1610.300048828125,1576.349975585938,1577.650024414062,0.0,0.0,0.0,
2021-05-03,1563.699951171875,1584.400024414062,1563.699951171875,1584.400024414062,0.0,0.0,0.0,
2021-05-04,1584.400024414062,1584.400024414062,1584.400024414062,1584.400024414062,0.0,0.0,0.0,
2021-05-05,1568.949951171875,1584.400024414062,1568.0,1584.400024414062,0.0,0.0,0.0,
2021-05-06,1584.400024414062,1584.400024414062,1584.400024414062,1584.400024414062,0.0,0.0,0.0,
2021-05-07,1608.25,1608.25,1592.25,1592.599975585938,0.0,0.0,0.0,
2021-05-10,1621.349975585938,1621.349975585938,1605.400024414062,1605.599975585938,0.0,0.0,0.0,
2021-05-11,1590.0,1602.050048828125,1559.0,1593.5,0.0,0.0,0.0,
2021-05-12,1583.800048828125,1583.800048828125,1583.800048828125,1583.800048828125,0.0,0.0,0.0,
2021-05-14,1598.0,1598.0,1572.900024414062,1572.900024414062,0.0,0.0,0.0,
2021-05-17,1578.5,1614.400024414062,1578.5,1596.849975585938,0.0,0.0,0.0,
2021-05-18,1630.0,1635.0,1625.199951171875,1625.25,0.0,0.0,0.0,
2021-05-19,1625.25,1625.25,1625.25,1625.25,0.0,0.0,0.0,
2021-05-20,1628.849975585938,1628.849975585938,1604.050048828125,1605.099975585938,0.0,0.0,0.0,
2021-05-21,1636.400024414062,1640.550048828125,1621.449951171875,1640.550048828125,0.0,0.0,0.0,
2021-05-24,1591.339965820312,1650.0,1591.339965820312,1638.199951171875,0.0,0.0,0.0,
2021-05-25,1638.0,1639.900024414062,1638.0,1639.900024414062,0.0,0.0,0.0,
2021-05-26,1645.0,1645.0,1644.800048828125,1644.839965820312,0.0,0.0,0.0,
2021-05-27,1694.180053710938,1694.180053710938,1643.359985351562,1664.589965820312,0.0,0.0,0.0,
2021-05-28,1659.550048828125,1659.550048828125,1658.5,1658.75,0.0,0.0,0.0,
2021-05-31,1615.599975585938,1690.0,1615.599975585938,1671.949951171875,0.0,0.0,0.0,
2021-06-01,1684.400024414062,1695.0,1683.300048828125,1690.0,0.0,0.0,0.0,
2021-06-02,1690.0,1696.5,1680.099975585938,1682.18994140625,0.0,0.0,0.0,
2021-06-03,1682.0,1689.5,1682.0,1689.5,0.0,0.0,0.0,
2021-06-04,1720.0,1720.0,1680.0,1690.199951171875,0.0,0.0,0.0,
2021-06-07,1693.099975585938,1695.400024414062,1693.099975585938,1695.349975585938,0.0,0.0,0.0,
2021-06-08,1711.449951171875,1712.5,1711.449951171875,1712.5,0.0,0.0,0.0,
2021-06-09,1653.599975585938,1720.0,1653.599975585938,1699.550048828125,0.0,0.0,0.0,
2021-06-10,1720.0,1720.0,1698.949951171875,1699.0,0.0,0.0,0.0,
2021-06-11,1704.800048828125,1704.800048828125,1703.75,1703.75,0.0,0.0,0.0,
2021-06-14,1687.0,1722.900024414062,1687.0,1722.900024414062,0.0,0.0,0.0,
2021-06-15,1671.219970703125,1731.0,1671.219970703125,1713.849975585938,0.0,0.0,0.0,
2021-06-16,1713.849975585938,1713.849975585938,1713.849975585938,1713.849975585938,0.0,0.0,0.0,
2021-06-17,1703.099975585938,1712.599975585938,1701.099975585938,1712.599975585938,0.0,0.0,0.0,
2021-06-18,1698.949951171875,1698.949951171875,1674.099975585938,1696.449951171875,0.0,0.0,0.0,
2021-06-21,1688.949951171875,1700.050048828125,1680.849975585938,1700.050048828125,0.0,0.0,0.0,
2021-06-22,1653.599975585938,1709.900024414062,1653.599975585938,1709.900024414062,0.0,0.0,0.0,
2021-06-23,1719.25,1719.25,1701.150024414062,1701.150024414062,0.0,0.0,0.0,
2021-06-24,1705.349975585938,1705.349975585938,1705.349975585938,1705.349975585938,0.0,0.0,0.0,
2021-06-25,1723.900024414062,1723.900024414062,1723.900024414062,1723.900024414062,0.0,0.0,0.0,
2021-06-28,1726.900024414062,1726.900024414062,1725.800048828125,1725.800048828125,0.0,0.0,0.0,
2021-06-29,1718.550048828125,1718.550048828125,1709.0,1709.0,0.0,0.0,0.0,
2021-06-30,1780.0,1995.0,1710.0,1710.0,0.0,0.0,0.0,
2021-07-01,1750.0,1780.0,1715.349975585938,1716.400024414062,0.0,0.0,0.0,
2021-07-02,1708.949951171875,1708.949951171875,1693.849975585938,1693.849975585938,0.0,0.0,0.0,
2021-07-05,1724.900024414062,1725.949951171875,1706.0,1706.0,0.0,0.0,0.0,
2021-07-06,1712.800048828125,1735.5,1712.800048828125,1735.5,0.0,0.0,0.0,
2021-07-07,1735.5,1735.5,1735.5,1735.5,0.0,0.0,0.0,
2021-07-08,1729.400024414062,1729.400024414062,1710.400024414062,1717.400024414062,0.0,0.0,0.0,
2021-07-09,1708.949951171875,1708.949951171875,1698.449951171875,1698.449951171875,0.0,0.0,0.0,
2021-07-12,1721.349975585938,1721.349975585938,1714.0,1714.0,0.0,0.0,0.0,
2021-07-13,1704.199951171875,1708.449951171875,1704.199951171875,1708.449951171875,0.0,0.0,0.0,
2021-07-14,1720.849975585938,1720.849975585938,1711.599975585938,1711.599975585938,0.0,0.0,0.0,
2021-07-15,1711.599975585938,1711.599975585938,1711.599975585938,1711.599975585938,0.0,0.0,0.0,
2021-07-16,1740.650024414062,1740.650024414062,1721.25,1721.25,0.0,0.0,0.0,
2021-07-19,1711.099975585938,1711.099975585938,1710.25,1710.25,0.0,0.0,0.0,
2021-07-20,1665.599975585938,1701.099975585938,1665.599975585938,1700.0,0.0,0.0,0.0,
2021-07-22,1700.0,1724.699951171875,1654.699951171875,1708.650024414062,0.0,0.0,0.0,
2021-07-23,1708.650024414062,1708.650024414062,1708.650024414062,1708.650024414062,0.0,0.0,0.0,
2021-07-26,1708.650024414062,1708.650024414062,1708.650024414062,1708.650024414062,0.0,0.0,0.0,
2021-07-27,1708.650024414062,1708.650024414062,1708.650024414062,1708.650024414062,0.0,0.0,0.0,
2021-07-28,1708.650024414062,1708.650024414062,1698.099975585938,1700.0,0.0,0.0,0.0,
2021-07-29,1700.0,1700.0,1700.0,1700.0,0.0,0.0,0.0,
2021-07-30,1708.849975585938,1709.900024414062,1708.849975585938,1709.900024414062,0.0,0.0,0.0,
2021-08-02,1716.400024414062,1734.099975585938,1716.400024414062,1719.550048828125,0.0,0.0,0.0,
2021-08-03,1740.0,1761.699951171875,1740.0,1760.849975585938,0.0,0.0,0.0,
2021-08-04,1775.5,1775.5,1755.449951171875,1755.449951171875,0.0,0.0,0.0,
2021-08-05,1756.400024414062,1767.0,1756.400024414062,1767.0,0.0,0.0,0.0,
2021-08-06,1988.0,1988.0,1725.0,1768.5,0.0,0.0,0.0,
2021-08-09,1762.849975585938,1780.0,1762.849975585938,1776.650024414062,0.0,0.0,0.0,
2021-08-10,1779.900024414062,1779.900024414062,1768.25,1768.25,0.0,0.0,0.0,
2021-08-11,1777.349975585938,1777.349975585938,1760.0,1760.0,0.0,0.0,0.0,
2021-08-12,1770.0,1770.0,1769.25,1769.25,0.0,0.0,0.0,
2021-08-13,1780.0,1799.0,1780.0,1799.0,0.0,0.0,0.0,
2021-08-16,1807.150024414062,1812.25,1807.150024414062,1812.25,0.0,0.0,0.0,
2021-08-17,1763.599975585938,1816.400024414062,1763.599975585938,1816.400024414062,0.0,0.0,0.0,
2021-08-18,1810.0,1815.099975585938,1792.300048828125,1815.099975585938,0.0,0.0,0.0,
2021-08-20,1806.099975585938,1806.099975585938,1789.0,1796.900024414062,0.0,0.0,0.0,
2021-08-23,1803.849975585938,1804.949951171875,1783.25,1783.25,0.0,0.0,0.0,
2021-08-24,1808.0,1808.0,1788.949951171875,1797.349975585938,0.0,0.0,0.0,
2021-08-25,1797.349975585938,1823.0,1797.349975585938,1820.349975585938,0.0,0.0,0.0,
2021-08-26,1817.150024414062,1817.150024414062,1817.150024414062,1817.150024414062,0.0,0.0,0.0,
2021-08-27,1816.0,1816.0,1816.0,1816.0,0.0,0.0,0.0,
2021-08-30,1847.400024414062,1847.400024414062,1847.400024414062,1847.400024414062,0.0,0.0,0.0,
2021-08-31,1840.0,1870.5,1840.0,1870.5,0.0,0.0,0.0,
2021-09-01,1877.0,1877.0,1869.449951171875,1870.849975585938,0.0,0.0,0.0,
2021-09-02,1847.0,1867.0,1847.0,1867.0,0.0,0.0,0.0,
2021-09-03,1904.349975585938,1904.349975585938,1880.0,1889.650024414062,0.0,0.0,0.0,
2021-09-06,1889.650024414062,1889.650024414062,1878.5,1888.619995117188,0.0,0.0,0.0,
2021-09-07,1895.849975585938,1897.800048828125,1895.849975585938,1896.819946289062,0.0,0.0,0.0,
2021-09-08,1895.75,1895.75,1892.0,1892.0,0.0,0.0,0.0,
2021-09-09,1878.949951171875,1898.300048828125,1878.099975585938,1897.150024414062,0.0,0.0,0.0,
2021-09-13,1889.0,1899.0,1889.0,1898.5,0.0,0.0,0.0,
2021-09-14,1885.550048828125,1903.550048828125,1885.550048828125,1903.550048828125,0.0,0.0,0.0,
2021-09-15,1903.550048828125,1903.550048828125,1903.550048828125,1903.550048828125,0.0,0.0,0.0,
2021-09-16,1902.0,1919.0,1902.0,1907.43994140625,0.0,0.0,0.0,
2021-09-17,1920.0,1929.949951171875,1920.0,1929.949951171875,0.0,0.0,0.0,
2021-09-20,1987.839965820312,1987.839965820312,1883.050048828125,1898.349975585938,0.0,0.0,0.0,
2021-09-21,1903.550048828125,1919.949951171875,1901.300048828125,1919.949951171875,0.0,0.0,0.0,
2021-09-22,1922.949951171875,1922.949951171875,1922.949951171875,1922.949951171875,0.0,0.0,0.0,
2021-09-23,1930.0,1947.849975585938,1930.0,1947.849975585938,0.0,0.0,0.0,
2021-09-24,1938.099975585938,1952.400024414062,1929.0,1952.400024414062,0.0,0.0,0.0,
2021-09-27,1958.449951171875,1960.5,1938.949951171875,1953.2099609375,0.0,0.0,0.0,
2021-09-28,1943.099975585938,1999.900024414062,1934.949951171875,1999.900024414062,0.0,0.0,0.0,
2021-09-29,1895.599975585938,1938.949951171875,1895.599975585938,1916.819946289062,0.0,0.0,0.0,
2021-09-30,1930.0,1935.849975585938,1918.300048828125,1924.550048828125,0.0,0.0,0.0,
2021-10-01,1915.099975585938,1915.099975585938,1905.099975585938,1913.25,0.0,0.0,0.0,
2021-10-04,1913.25,1935.699951171875,1913.25,1932.300048828125,0.0,0.0,0.0,
2021-10-05,1970.949951171875,1970.949951171875,1918.650024414062,1933.050048828125,0.0,0.0,0.0,
2021-10-06,1935.849975585938,1942.25,1935.849975585938,1942.25,0.0,0.0,0.0,
2021-10-07,1921.0,1949.0,1921.0,1931.0,0.0,0.0,0.0,
2021-10-08,1954.550048828125,1956.050048828125,1954.449951171875,1956.050048828125,0.0,0.0,0.0,
2021-10-11,1962.199951171875,1962.199951171875,1962.199951171875,1962.199951171875,0.0,0.0,0.0,
2021-10-12,1962.199951171875,1964.900024414062,1940.849975585938,1964.900024414062,0.0,0.0,0.0,
2021-10-13,2004.199951171875,2004.199951171875,1967.599975585938,1967.599975585938,0.0,0.0,0.0,
2021-10-14,2000.0,2000.0,1981.0,1984.199951171875,0.0,0.0,0.0,
2021-10-18,2008.650024414062,2018.449951171875,2007.0,2007.0,0.0,0.0,0.0,
2021-10-19,2007.0,2020.0,2000.400024414062,2000.400024414062,0.0,0.0,0.0,
2021-10-20,2000.449951171875,2000.449951171875,1996.949951171875,1996.949951171875,0.0,0.0,0.0,
2021-10-21,1997.5,1997.5,1969.099975585938,1983.699951171875,0.0,0.0,0.0,
2021-10-22,1985.099975585938,1985.099975585938,1971.550048828125,1980.150024414062,0.0,0.0,0.0,
2021-10-25,2039.550048828125,2039.550048828125,1963.099975585938,1979.050048828125,0.0,0.0,0.0,
2021-10-26,2020.0,2291.0,1975.0,1981.27001953125,0.0,0.0,0.0,
2021-10-27,1982.300048828125,2000.849975585938,1978.199951171875,1978.199951171875,0.0,0.0,0.0,
2021-10-28,1969.400024414062,1969.400024414062,1945.25,1945.25,0.0,0.0,0.0,
2021-10-29,1896.0,1938.949951171875,1896.0,1929.329956054688,0.0,0.0,0.0,
2021-11-01,1941.099975585938,1941.099975585938,1941.099975585938,1941.099975585938,0.0,0.0,0.0,
2021-11-02,1941.099975585938,1941.099975585938,1941.099975585938,1941.099975585938,0.0,0.0,0.0,
2021-11-03,1951.449951171875,1951.449951171875,1951.449951171875,1951.449951171875,0.0,0.0,0.0,
2021-11-04,1959.099975585938,1959.099975585938,1959.099975585938,1959.099975585938,0.0,0.0,0.0,
2021-11-08,1952.449951171875,1953.300048828125,1950.0,1953.300048828125,0.0,0.0,0.0,
2021-11-09,1953.300048828125,1953.300048828125,1953.300048828125,1953.300048828125,0.0,0.0,0.0,
2021-11-10,1960.0,1961.25,1947.949951171875,1947.949951171875,0.0,0.0,0.0,
2021-11-11,1999.900024414062,1999.900024414062,1947.0,1948.75,0.0,0.0,0.0,
2021-11-12,1960.0,1971.949951171875,1960.0,1971.949951171875,0.0,0.0,0.0,
2021-11-15,2017.0,2017.0,1972.0,1982.050048828125,0.0,0.0,0.0,
2021-11-16,1982.050048828125,1982.050048828125,1955.75,1955.75,0.0,0.0,0.0,
2021-11-17,1955.75,1955.75,1955.75,1955.75,0.0,0.0,0.0,
2021-11-18,2019.930053710938,2019.930053710938,1931.0,1944.0,0.0,0.0,0.0,
2021-11-22,1944.0,1944.0,1900.449951171875,1908.0,0.0,0.0,0.0,
2021-11-23,1908.0,1908.0,1908.0,1908.0,0.0,0.0,0.0,
2021-11-24,1931.099975585938,1931.099975585938,1931.099975585938,1931.099975585938,0.0,0.0,0.0,
2021-11-25,1931.099975585938,1931.099975585938,1896.550048828125,1921.300048828125,0.0,0.0,0.0,
2021-11-26,1898.949951171875,1898.949951171875,1850.449951171875,1852.869995117188,0.0,0.0,0.0,
2021-11-29,2195.0,2246.0,1800.0,1867.400024414062,0.0,0.0,0.0,
2021-11-30,1871.650024414062,1891.800048828125,1857.25,1860.0,0.0,0.0,0.0,
2021-12-01,1860.0,1860.0,1860.0,1860.0,0.0,0.0,0.0,
2021-12-02,1873.599975585938,1898.449951171875,1873.599975585938,1886.849975585938,0.0,0.0,0.0,
2021-12-03,1886.300048828125,1886.300048828125,1886.0,1886.0,0.0,0.0,0.0,
2021-12-06,1878.949951171875,1878.949951171875,1836.25,1846.75,0.0,0.0,0.0,
2021-12-07,1900.0,1930.0,1869.050048828125,1869.050048828125,0.0,0.0,0.0,
2021-12-08,1900.0,1904.300048828125,1886.699951171875,1886.699951171875,0.0,0.0,0.0,
2021-12-09,1913.599975585938,1913.599975585938,1896.349975585938,1896.349975585938,0.0,0.0,0.0,
2021-12-10,1900.0,1909.0,1890.650024414062,1890.650024414062,0.0,0.0,0.0,
2021-12-13,1947.359985351562,1947.359985351562,1906.0,1906.0,0.0,0.0,0.0,
2021-12-14,1852.0,1920.0,1852.0,1879.849975585938,0.0,0.0,0.0,
2021-12-15,1887.349975585938,1887.349975585938,1887.349975585938,1887.349975585938,0.0,0.0,0.0,
2021-12-16,1891.699951171875,1891.699951171875,1877.449951171875,1891.550048828125,0.0,0.0,0.0,
2021-12-17,1882.099975585938,1882.099975585938,1851.5,1856.050048828125,0.0,0.0,0.0,
2021-12-20,1911.72998046875,1911.72998046875,1800.300048828125,1811.43994140625,0.0,0.0,0.0,
2021-12-21,1840.0,1845.199951171875,1840.0,1845.199951171875,0.0,0.0,0.0,
2021-12-22,1845.199951171875,1845.199951171875,1845.199951171875,1845.199951171875,0.0,0.0,0.0,
2021-12-23,1849.75,1849.75,1849.75,1849.75,0.0,0.0,0.0,
2021-12-24,1849.75,1849.75,1849.75,1849.75,0.0,0.0,0.0,
2021-12-27,1916.949951171875,1916.949951171875,1841.0,1847.0,0.0,0.0,0.0,
2021-12-28,1860.0,1885.800048828125,1857.900024414062,1866.140014648438,0.0,0.0,0.0,
2021-12-29,1870.0,1894.150024414062,1870.0,1888.949951171875,0.0,0.0,0.0,
2021-12-30,1888.900024414062,1888.900024414062,1888.900024414062,1888.900024414062,0.0,0.0,0.0,
2021-12-31,1888.900024414062,1888.900024414062,1888.900024414062,1888.900024414062,0.0,0.0,0.0,
2022-01-03,1906.050048828125,1912.550048828125,1906.050048828125,1912.550048828125,0.0,0.0,0.0,
2022-01-04,1912.550048828125,1929.989990234375,1912.550048828125,1928.099975585938,0.0,0.0,0.0,
2022-01-05,1940.0,1964.400024414062,1940.0,1946.089965820312,0.0,0.0,0.0,
2022-01-06,1946.089965820312,1946.089965820312,1946.089965820312,1946.089965820312,0.0,0.0,0.0,
2022-01-07,1941.0,1946.849975585938,1941.0,1946.849975585938,0.0,0.0,0.0,
2022-01-10,1960.0,1967.75,1945.25,1950.0,0.0,0.0,0.0,
2022-01-11,1911.0,1977.550048828125,1911.0,1959.099975585938,0.0,0.0,0.0,
2022-01-12,1970.849975585938,1990.449951171875,1970.849975585938,1972.5,0.0,0.0,0.0,
2022-01-13,1996.75,1996.75,1995.75,1995.75,0.0,0.0,0.0,
2022-01-14,1993.199951171875,1993.449951171875,1970.5,1993.449951171875,0.0,0.0,0.0,
2022-01-17,2002.599975585938,2003.75,2002.599975585938,2003.75,0.0,0.0,0.0,
2022-01-18,2007.300048828125,2007.300048828125,1977.5,1981.699951171875,0.0,0.0,0.0,
2022-01-19,1971.099975585938,1971.099975585938,1950.849975585938,1970.25,0.0,0.0,0.0,
2022-01-20,1805.0,2319.0,1805.0,1944.68994140625,0.0,0.0,0.0,
2022-01-21,2280.0,2280.0,1852.0,1911.050048828125,0.0,0.0,0.0,
2022-01-24,1985.0,2000.0,1856.0,1878.569946289062,0.0,0.0,0.0,
2022-01-25,1865.0,1885.099975585938,1853.550048828125,1872.75,0.0,0.0,0.0,
2022-01-27,1848.900024414062,1850.0,1848.900024414062,1850.0,0.0,0.0,0.0,
2022-01-28,1880.0,1890.0,1880.0,1890.0,0.0,0.0,0.0,
2022-01-31,1920.0,1920.0,1888.349975585938,1899.300048828125,0.0,0.0,0.0,
2022-02-01,1920.0,1930.0,1920.0,1930.0,0.0,0.0,0.0,
2022-02-02,1930.0,1930.0,1930.0,1930.0,0.0,0.0,0.0,
2022-02-03,1932.099975585938,1932.099975585938,1902.5,1918.449951171875,0.0,0.0,0.0,
2022-02-04,1924.349975585938,1924.349975585938,1904.550048828125,1922.099975585938,0.0,0.0,0.0,
2022-02-07,1908.800048828125,1908.800048828125,1869.0,1874.0,0.0,0.0,0.0,
2022-02-08,1874.0,1874.0,1874.0,1874.0,0.0,0.0,0.0,
2022-02-09,1886.75,1889.0,1886.75,1887.849975585938,0.0,0.0,0.0,
2022-02-10,1913.400024414062,1915.0,1912.25,1912.25,0.0,0.0,0.0,
2022-02-11,1912.25,1912.25,1912.25,1912.25,0.0,0.0,0.0,
2022-02-14,1800.0,1928.989990234375,1800.0,1837.550048828125,0.0,0.0,0.0,
2022-02-15,1892.670043945312,1930.0,1850.5,1899.849975585938,0.0,0.0,0.0,
2022-02-16,1890.0,1909.550048828125,1885.0,1892.569946289062,0.0,0.0,0.0,
2022-02-17,1892.569946289062,1892.569946289062,1892.569946289062,1892.569946289062,0.0,0.0,0.0,
2022-02-18,1878.949951171875,1878.949951171875,1877.550048828125,1877.569946289062,0.0,0.0,0.0,
2022-02-21,2179.0,2179.0,1705.0,1880.0,0.0,0.0,0.0,
2022-02-22,2169.0,2255.0,1855.0,1855.0,0.0,0.0,0.0,
2022-02-23,1900.0,1900.0,1867.75,1872.400024414062,0.0,0.0,0.0,
2022-02-24,1792.400024414062,1792.400024414062,1781.300048828125,1788.089965820312,0.0,0.0,0.0,
2022-02-25,1825.75,1830.25,1810.449951171875,1825.550048828125,0.0,0.0,0.0,
2022-02-28,1808.300048828125,1808.300048828125,1798.300048828125,1803.300048828125,0.0,0.0,0.0,
2022-03-02,2154.0,2154.0,1795.900024414062,1811.400024414062,0.0,0.0,0.0,
2022-03-03,1810.0,1810.0,1800.150024414062,1800.150024414062,0.0,0.0,0.0,
2022-03-04,1639.0,1855.0,1639.0,1783.300048828125,0.0,0.0,0.0,
2022-03-07,1845.0,1845.0,1842.0,1843.97998046875,0.0,0.0,0.0,
2022-03-08,1773.099975585938,1797.699951171875,1711.199951171875,1757.829956054688,0.0,0.0,0.0,
2022-03-09,1800.0,1810.0,1770.0,1800.0,0.0,0.0,0.0,
2022-03-10,1788.300048828125,1829.199951171875,1778.300048828125,1820.150024414062,0.0,0.0,0.0,
2022-03-11,1820.150024414062,1820.150024414062,1820.150024414062,1820.150024414062,0.0,0.0,0.0,
2022-03-14,1877.0,1877.0,1808.300048828125,1833.650024414062,0.0,0.0,0.0,
2022-03-15,1833.650024414062,1846.800048828125,1812.75,1812.75,0.0,0.0,0.0,
2022-03-16,1860.0,1940.0,1846.599975585938,1846.599975585938,0.0,0.0,0.0,
2022-03-17,1874.849975585938,1896.849975585938,1874.849975585938,1896.849975585938,0.0,0.0,0.0,
2022-03-21,1920.0,2000.0,1878.300048828125,1878.300048828125,0.0,0.0,0.0,
2022-03-22,1821.9599609375,1880.650024414062,1821.9599609375,1880.650024414062,0.0,0.0,0.0,
2022-03-23,1888.400024414062,1893.0,1888.400024414062,1893.0,0.0,0.0,0.0,
2022-03-24,1880.0,1891.050048828125,1875.75,1882.849975585938,0.0,0.0,0.0,
2022-03-25,1882.849975585938,1882.849975585938,1882.849975585938,1882.849975585938,0.0,0.0,0.0,
2022-03-28,1873.099975585938,1880.400024414062,1860.550048828125,1871.349975585938,0.0,0.0,0.0,
2022-03-29,1807.0,1894.900024414062,1807.0,1881.0,0.0,0.0,0.0,
2022-03-30,1881.0,1902.5,1881.0,1900.5,0.0,0.0,0.0,
2022-03-31,1920.0,1923.0,1904.150024414062,1915.699951171875,0.0,0.0,0.0,
2022-04-01,1930.0,1930.0,1921.0,1922.800048828125,0.0,0.0,0.0,
2022-04-04,1940.0,1981.0,1940.0,1981.0,0.0,0.0,0.0,
2022-04-05,1971.199951171875,1975.650024414062,1959.800048828125,1975.650024414062,0.0,0.0,0.0,
2022-04-06,1961.449951171875,1961.449951171875,1940.699951171875,1940.699951171875,0.0,0.0,0.0,
2022-04-07,1942.650024414062,1942.650024414062,1938.300048828125,1938.300048828125,0.0,0.0,0.0,
2022-04-08,1933.099975585938,1947.099975585938,1930.550048828125,1947.099975585938,0.0,0.0,0.0,
2022-04-11,1933.099975585938,1941.849975585938,1925.449951171875,1940.800048828125,0.0,0.0,0.0,
2022-04-12,1933.099975585938,1933.099975585938,1912.199951171875,1912.199951171875,0.0,0.0,0.0,
2022-04-13,1953.0,1953.0,1917.550048828125,1917.550048828125,0.0,0.0,0.0,
2022-04-18,1908.300048828125,1908.300048828125,1864.150024414062,1874.0,0.0,0.0,0.0,
2022-04-19,1874.0,1874.0,1846.199951171875,1847.219970703125,0.0,0.0,0.0,
2022-04-20,1875.5,1883.599975585938,1864.75,1864.75,0.0,0.0,0.0,
2022-04-21,1880.0,1891.900024414062,1880.0,1887.650024414062,0.0,0.0,0.0,
2022-04-22,1889.300048828125,1889.300048828125,1889.300048828125,1889.300048828125,0.0,0.0,0.0,
2022-04-25,1868.400024414062,1930.0,1856.949951171875,1856.949951171875,0.0,0.0,0.0,
2022-04-26,1900.0,1900.0,1800.0,1882.75,0.0,0.0,0.0,
2022-04-27,1873.099975585938,1873.099975585938,1860.0,1860.0,0.0,0.0,0.0,
2022-04-28,1870.099975585938,1870.099975585938,1870.099975585938,1870.099975585938,0.0,0.0,0.0,
2022-04-29,1889.650024414062,1889.650024414062,1870.099975585938,1876.739990234375,0.0,0.0,0.0,
2022-05-02,1863.099975585938,1863.099975585938,1852.699951171875,1852.699951171875,0.0,0.0,0.0,
2022-05-04,1867.099975585938,1867.099975585938,1819.25,1819.9599609375,0.0,0.0,0.0,
2022-05-05,1800.0,1847.150024414062,1765.369995117188,1832.449951171875,0.0,0.0,0.0,
2022-05-06,1800.0,1800.349975585938,1749.0,1790.150024414062,0.0,0.0,0.0,
2022-05-09,1788.0,1788.0,1780.0,1780.0,0.0,0.0,0.0,
2022-05-10,1785.25,1794.900024414062,1785.25,1794.900024414062,0.0,0.0,0.0,
2022-05-11,1773.099975585938,1773.099975585938,1760.050048828125,1764.900024414062,0.0,0.0,0.0,
2022-05-12,2093.0,2093.0,1723.050048828125,1773.260009765625,0.0,0.0,0.0,
2022-05-13,1770.0,1770.0,1731.650024414062,1731.650024414062,0.0,0.0,0.0,
2022-05-16,1752.5,1752.5,1730.599975585938,1743.0,0.0,0.0,0.0,
2022-05-17,1754.849975585938,1776.449951171875,1744.449951171875,1776.449951171875,0.0,0.0,0.0,
2022-05-18,1800.0,1820.0,1770.75,1771.839965820312,0.0,0.0,0.0,
2022-05-19,1768.300048828125,1768.300048828125,1735.0,1735.0,0.0,0.0,0.0,
2022-05-20,1760.0,1779.400024414062,1759.900024414062,1779.400024414062,0.0,0.0,0.0,
2022-05-23,1790.599975585938,1790.800048828125,1784.25,1784.25,0.0,0.0,0.0,
2022-05-24,1773.099975585938,1775.5,1756.449951171875,1758.02001953125,0.0,0.0,0.0,
2022-05-25,1758.02001953125,1758.02001953125,1758.02001953125,1758.02001953125,0.0,0.0,0.0,
2022-05-26,1752.0,1776.050048828125,1750.0,1769.0400390625,0.0,0.0,0.0,
2022-05-27,1789.900024414062,1791.449951171875,1774.900024414062,1791.449951171875,0.0,0.0,0.0,
2022-05-30,1800.0,1830.650024414062,1800.0,1830.650024414062,0.0,0.0,0.0,
2022-05-31,1821.25,1821.25,1810.400024414062,1816.849975585938,0.0,0.0,0.0,
2022-06-01,1816.849975585938,1816.849975585938,1816.849975585938,1816.849975585938,0.0,0.0,0.0,
2022-06-02,1822.900024414062,1822.900024414062,1822.900024414062,1822.900024414062,0.0,0.0,0.0,
2022-06-03,1847.0,1847.0,1840.400024414062,1840.400024414062,0.0,0.0,0.0,
2022-06-06,1819.300048828125,1819.300048828125,1804.449951171875,1814.25,0.0,0.0,0.0,
2022-06-07,1808.300048828125,1808.300048828125,1793.0,1808.150024414062,0.0,0.0,0.0,
2022-06-08,1799.5,1799.5,1799.349975585938,1799.349975585938,0.0,0.0,0.0,
2022-06-09,1808.800048828125,1808.800048828125,1808.800048828125,1808.800048828125,0.0,0.0,0.0,
2022-06-10,1793.099975585938,1794.5,1778.0,1789.050048828125,0.0,0.0,0.0,
2022-06-13,2139.0,2139.0,1723.199951171875,1728.199951171875,0.0,0.0,0.0,
2022-06-14,1733.0,1738.300048828125,1733.0,1738.300048828125,0.0,0.0,0.0,
2022-06-15,1734.25,1734.25,1734.25,1734.25,0.0,0.0,0.0,
2022-06-16,1723.099975585938,1723.099975585938,1682.75,1692.180053710938,0.0,0.0,0.0,
2022-06-17,1688.300048828125,1693.449951171875,1674.900024414062,1693.449951171875,0.0,0.0,0.0,
2022-06-20,1685.599975585938,1685.599975585938,1685.599975585938,1685.599975585938,0.0,0.0,0.0,
2022-06-21,1713.449951171875,1713.449951171875,1713.449951171875,1713.449951171875,0.0,0.0,0.0,
2022-06-22,1638.0,1703.099975585938,1638.0,1697.550048828125,0.0,0.0,0.0,
2022-06-23,1638.0,1719.089965820312,1382.780029296875,1714.06005859375,0.0,0.0,0.0,
2022-06-24,1727.050048828125,1728.25,1725.0,1725.0,0.0,0.0,0.0,
2022-06-27,1731.800048828125,1739.199951171875,1731.800048828125,1739.199951171875,0.0,0.0,0.0,
2022-06-28,1731.0,1732.300048828125,1729.949951171875,1729.949951171875,0.0,0.0,0.0,
2022-06-29,1735.449951171875,1735.449951171875,1735.449951171875,1735.449951171875,0.0,0.0,0.0,
2022-06-30,1735.449951171875,1735.449951171875,1735.449951171875,1735.449951171875,0.0,0.0,0.0,
2022-07-01,1728.300048828125,1729.199951171875,1712.300048828125,1729.199951171875,0.0,0.0,0.0,
2022-07-04,1726.0,1726.0,1724.5,1724.5,0.0,0.0,0.0,
2022-07-05,2040.0,2040.0,1731.400024414062,1734.93994140625,0.0,0.0,0.0,
2022-07-06,1760.0,1760.0,1745.0,1748.349975585938,0.0,0.0,0.0,
2022-07-07,1695.900024414062,1766.25,1695.900024414062,1766.25,0.0,0.0,0.0,
2022-07-08,1783.300048828125,1784.400024414062,1783.0,1783.0,0.0,0.0,0.0,
2022-07-11,1778.5,1783.650024414062,1768.349975585938,1775.949951171875,0.0,0.0,0.0,
2022-07-12,1770.550048828125,1778.349975585938,1762.0,1765.150024414062,0.0,0.0,0.0,
2022-07-13,1800.0,1800.0,1751.800048828125,1755.050048828125,0.0,0.0,0.0,
2022-07-14,1769.300048828125,1769.300048828125,1743.5,1751.47998046875,0.0,0.0,0.0,
2022-07-15,1760.75,1768.5,1760.0,1768.5,0.0,0.0,0.0,
2022-07-18,1704.0,1786.900024414062,1704.0,1786.900024414062,0.0,0.0,0.0,
2022-07-19,1607.0,1800.0,1607.0,1789.050048828125,0.0,0.0,0.0,
2022-07-20,1800.0,1822.300048828125,1800.0,1822.300048828125,0.0,0.0,0.0,
2022-07-21,1840.0,1840.0,1816.199951171875,1823.800048828125,0.0,0.0,0.0,
2022-07-22,1835.75,1844.199951171875,1835.5,1844.199951171875,0.0,0.0,0.0,
2022-07-25,1838.300048828125,1838.300048828125,1820.400024414062,1830.25,0.0,0.0,0.0,
2022-07-26,1823.5,1823.5,1814.25,1814.400024414062,0.0,0.0,0.0,
2022-07-27,1822.0,1828.0,1822.0,1828.0,0.0,0.0,0.0,
2022-07-28,1818.300048828125,1857.050048828125,1818.300048828125,1853.949951171875,0.0,0.0,0.0,
2022-07-29,1880.0,1889.199951171875,1875.349975585938,1887.0,0.0,0.0,0.0,
2022-08-01,1902.449951171875,1905.969970703125,1902.199951171875,1903.099975585938,0.0,0.0,0.0,
2022-08-02,1898.300048828125,1911.349975585938,1893.199951171875,1911.349975585938,0.0,0.0,0.0,
2022-08-03,1911.349975585938,1911.349975585938,1911.349975585938,1911.349975585938,0.0,0.0,0.0,
2022-08-04,1920.0,1925.900024414062,1899.550048828125,1918.550048828125,0.0,0.0,0.0,
2022-08-05,1940.0,1950.0,1909.300048828125,1914.650024414062,0.0,0.0,0.0,
2022-08-08,1900.0,1930.0,1890.0,1930.0,0.0,0.0,0.0,
2022-08-10,1918.300048828125,1930.550048828125,1900.010009765625,1930.550048828125,0.0,0.0,0.0,
2022-08-11,1928.300048828125,1942.349975585938,1928.300048828125,1942.349975585938,0.0,0.0,0.0,
2022-08-12,1942.349975585938,1953.599975585938,1942.349975585938,1952.349975585938,0.0,0.0,0.0,
2022-08-16,1960.0,2000.0,1923.0,1965.900024414062,0.0,0.0,0.0,
2022-08-17,1965.849975585938,1981.550048828125,1965.849975585938,1977.97998046875,0.0,0.0,0.0,
2022-08-18,1999.989990234375,1999.989990234375,1941.010009765625,1977.5,0.0,0.0,0.0,
2022-08-19,1973.050048828125,1983.099975585938,1956.449951171875,1956.449951171875,0.0,0.0,0.0,
2022-08-22,1948.300048828125,1948.300048828125,1922.699951171875,1922.699951171875,0.0,0.0,0.0,
2022-08-23,1943.400024414062,1943.400024414062,1943.400024414062,1943.400024414062,0.0,0.0,0.0,
2022-08-24,1938.300048828125,1938.300048828125,1933.0,1933.0,0.0,0.0,0.0,
2022-08-25,1943.150024414062,1950.550048828125,1934.0,1934.7099609375,0.0,0.0,0.0,
2022-08-26,1945.650024414062,1945.650024414062,1945.650024414062,1945.650024414062,0.0,0.0,0.0,
2022-08-29,1945.0,1980.0,1903.0,1912.0,0.0,0.0,0.0,
2022-08-30,1929.650024414062,1962.0,1929.650024414062,1962.0,0.0,0.0,0.0,
2022-09-01,1962.25,1962.25,1921.900024414062,1941.099975585938,0.0,0.0,0.0,
2022-09-02,1938.300048828125,1945.849975585938,1938.300048828125,1945.849975585938,0.0,0.0,0.0,
2022-09-05,1949.449951171875,1949.449951171875,1940.900024414062,1940.900024414062,0.0,0.0,0.0,
2022-09-06,1939.599975585938,1946.050048828125,1939.599975585938,1946.050048828125,0.0,0.0,0.0,
2022-09-07,1900.010009765625,1938.699951171875,1900.010009765625,1938.699951171875,0.0,0.0,0.0,
2022-09-08,1980.0,1980.0,1946.650024414062,1957.650024414062,0.0,0.0,0.0,
2022-09-09,1979.349975585938,1979.349975585938,1963.349975585938,1971.900024414062,0.0,0.0,0.0,
2022-09-12,1971.900024414062,1974.199951171875,1970.849975585938,1974.150024414062,0.0,0.0,0.0,
2022-09-13,1974.150024414062,1974.150024414062,1974.150024414062,1974.150024414062,0.0,0.0,0.0,
2022-09-14,1974.150024414062,1974.150024414062,1974.150024414062,1974.150024414062,0.0,0.0,0.0,
2022-09-15,2000.0,2020.0,1979.150024414062,1979.150024414062,0.0,0.0,0.0,
2022-09-16,1968.300048828125,1968.300048828125,1928.800048828125,1928.800048828125,0.0,0.0,0.0,
2022-09-19,1980.0,1980.0,1946.599975585938,1946.599975585938,0.0,0.0,0.0,
2022-09-20,1960.0,1974.949951171875,1960.0,1967.099975585938,0.0,0.0,0.0,
2022-09-21,1967.099975585938,1967.099975585938,1967.099975585938,1967.099975585938,0.0,0.0,0.0,
2022-09-22,1940.0,1940.0,1940.0,1940.0,0.0,0.0,0.0,
2022-09-23,1933.5,1933.5,1906.849975585938,1907.569946289062,0.0,0.0,0.0,
2022-09-26,1891.989990234375,1891.989990234375,1880.0,1880.390014648438,0.0,0.0,0.0,
2022-09-27,1880.390014648438,1880.390014648438,1869.099975585938,1869.099975585938,0.0,0.0,0.0,
2022-09-28,1869.099975585938,1869.099975585938,1869.099975585938,1869.099975585938,0.0,0.0,0.0,
2022-09-29,1900.0,1900.0,1846.900024414062,1861.650024414062,0.0,0.0,0.0,
2022-09-30,1860.599975585938,1888.900024414062,1860.599975585938,1888.900024414062,0.0,0.0,0.0,
2022-10-03,1888.900024414062,1899.900024414062,1862.949951171875,1868.31005859375,0.0,0.0,0.0,
2022-10-04,1890.199951171875,1900.0,1890.199951171875,1894.550048828125,0.0,0.0,0.0,
2022-10-06,1906.849975585938,1920.449951171875,1906.849975585938,1920.449951171875,0.0,0.0,0.0,
2022-10-07,1908.300048828125,1908.31005859375,1904.099975585938,1904.099975585938,0.0,0.0,0.0,
2022-10-10,1888.300048828125,1888.800048828125,1878.449951171875,1888.31005859375,0.0,0.0,0.0,
2022-10-11,1888.0,1888.0,1844.0,1878.069946289062,0.0,0.0,0.0,
2022-10-12,1887.599975585938,1887.599975585938,1880.0,1880.0,0.0,0.0,0.0,
2022-10-13,1880.0,1880.0,1880.0,1880.0,0.0,0.0,0.0,
2022-10-14,1900.0,1914.550048828125,1900.0,1900.0,0.0,0.0,0.0,
2022-10-17,1894.349975585938,1911.949951171875,1882.949951171875,1911.949951171875,0.0,0.0,0.0,
2022-10-18,1924.0,1934.349975585938,1924.0,1934.349975585938,0.0,0.0,0.0,
2022-10-19,1940.099975585938,1940.099975585938,1935.449951171875,1935.449951171875,0.0,0.0,0.0,
2022-10-20,1928.300048828125,1931.449951171875,1928.300048828125,1931.449951171875,0.0,0.0,0.0,
2022-10-21,1936.550048828125,1952.5,1936.550048828125,1952.5,0.0,0.0,0.0,
2022-10-24,1953.0,1953.0,1953.0,1953.0,0.0,0.0,0.0,
2022-10-25,1948.300048828125,1950.0,1924.0,1940.550048828125,0.0,0.0,0.0,
2022-10-27,1945.0,1945.0,1945.0,1945.0,0.0,0.0,0.0,
2022-10-28,1980.0,1980.0,1953.449951171875,1953.449951171875,0.0,0.0,0.0,
2022-10-31,1975.5,1989.650024414062,1975.5,1989.650024414062,0.0,0.0,0.0,
2022-11-01,1992.900024414062,2000.0,1992.900024414062,1997.449951171875,0.0,0.0,0.0,
2022-11-02,1997.449951171875,1997.449951171875,1986.800048828125,1986.800048828125,0.0,0.0,0.0,
2022-11-03,1986.800048828125,1986.800048828125,1986.800048828125,1986.800048828125,0.0,0.0,0.0,
2022-11-04,1980.0,2006.349975585938,1978.300048828125,2004.77001953125,0.0,0.0,0.0,
2022-11-07,2004.77001953125,2004.77001953125,2004.77001953125,2004.77001953125,0.0,0.0,0.0,
2022-11-09,2017.699951171875,2017.699951171875,2001.650024414062,2005.0,0.0,0.0,0.0,
2022-11-10,1998.300048828125,1998.300048828125,1978.849975585938,1983.199951171875,0.0,0.0,0.0,
2022-11-11,2020.0,2020.0,2018.0,2018.0,0.0,0.0,0.0,
2022-11-14,2040.0,2058.39990234375,2019.550048828125,2020.0,0.0,0.0,0.0,
2022-11-15,2028.150024414062,2028.150024414062,2028.150024414062,2028.150024414062,0.0,0.0,0.0,
2022-11-16,2025.68994140625,2025.68994140625,2025.68994140625,2025.68994140625,0.0,0.0,0.0,
2022-11-17,2025.68994140625,2025.68994140625,2025.68994140625,2025.68994140625,0.0,0.0,0.0,
2022-11-18,1970.089965820312,2025.300048828125,1970.089965820312,2025.300048828125,0.0,0.0,0.0,
2022-11-21,2012.849975585938,2012.849975585938,1996.699951171875,2004.369995117188,0.0,0.0,0.0,
2022-11-22,2004.369995117188,2004.369995117188,2004.369995117188,2004.369995117188,0.0,0.0,0.0,
2022-11-23,2039.900024414062,2039.900024414062,2022.199951171875,2022.300048828125,0.0,0.0,0.0,
2022-11-24,1942.0,2034.75,1942.0,2034.369995117188,0.0,0.0,0.0,
2022-11-25,2030.0,2046.25,2030.0,2046.25,0.0,0.0,0.0,
2022-11-28,2060.0,2100.0,2042.949951171875,2055.550048828125,0.0,0.0,0.0,
2022-11-29,2060.0,2063.800048828125,2048.35009765625,2063.800048828125,0.0,0.0,0.0,
2022-11-30,2063.800048828125,2063.800048828125,2051.800048828125,2063.800048828125,0.0,0.0,0.0,
2022-12-01,2073.5,2073.5,2073.5,2073.5,0.0,0.0,0.0,
2022-12-02,2068.300048828125,2068.300048828125,2052.10009765625,2052.10009765625,0.0,0.0,0.0,
2022-12-05,2059.449951171875,2059.449951171875,2050.14990234375,2055.800048828125,0.0,0.0,0.0,
2022-12-06,2055.800048828125,2055.800048828125,2055.800048828125,2055.800048828125,0.0,0.0,0.0,
2022-12-07,2066.0,2066.0,2045.5,2045.5,0.0,0.0,0.0,
2022-12-08,2061.60009765625,2061.60009765625,2045.650024414062,2045.650024414062,0.0,0.0,0.0,
2022-12-09,2057.199951171875,2057.199951171875,2047.300048828125,2047.300048828125,0.0,0.0,0.0,
2022-12-12,2038.300048828125,2047.25,2032.949951171875,2047.25,0.0,0.0,0.0,
2022-12-13,2056.89990234375,2056.89990234375,2056.89990234375,2056.89990234375,0.0,0.0,0.0,
2022-12-14,2066.0,2066.0,2066.0,2066.0,0.0,0.0,0.0,
2022-12-15,2058.300048828125,2058.300048828125,2024.349975585938,2024.349975585938,0.0,0.0,0.0,
2022-12-16,2024.349975585938,2024.349975585938,2024.349975585938,2024.349975585938,0.0,0.0,0.0,
2022-12-19,2020.0,2035.199951171875,2010.5,2024.949951171875,0.0,0.0,0.0,
2022-12-20,2024.949951171875,2024.949951171875,2024.949951171875,2024.949951171875,0.0,0.0,0.0,
2022-12-21,2024.949951171875,2024.949951171875,2024.949951171875,2024.949951171875,0.0,0.0,0.0,
2022-12-22,2008.300048828125,2010.550048828125,1991.050048828125,2010.550048828125,0.0,0.0,0.0,
2022-12-23,1998.300048828125,1998.300048828125,1960.349975585938,1970.0,0.0,0.0,0.0,
2022-12-26,1970.0,1970.0,1970.0,1970.0,0.0,0.0,0.0,
2022-12-27,1985.199951171875,1985.199951171875,1985.199951171875,1985.199951171875,0.0,0.0,0.0,
2022-12-28,1985.199951171875,1985.199951171875,1985.199951171875,1985.199951171875,0.0,0.0,0.0,
2022-12-29,1985.199951171875,1985.199951171875,1985.199951171875,1985.199951171875,0.0,0.0,0.0,
2022-12-30,2000.0,2019.650024414062,2000.0,2014.0,0.0,0.0,0.0,
2023-01-02,2013.050048828125,2013.050048828125,1998.300048828125,1998.300048828125,0.0,0.0,0.0,
2023-01-03,2012.25,2012.25,2012.25,2012.25,0.0,0.0,0.0,
2023-01-04,2012.25,2012.25,2012.25,2012.25,0.0,0.0,0.0,
2023-01-05,1993.5,1993.5,1971.099975585938,1971.099975585938,0.0,0.0,0.0,
2023-01-06,1970.550048828125,1976.349975585938,1970.550048828125,1976.349975585938,0.0,0.0,0.0,
2023-01-09,2002.699951171875,2002.699951171875,1989.599975585938,1989.599975585938,0.0,0.0,0.0,
2023-01-10,1989.599975585938,1989.599975585938,1989.599975585938,1989.599975585938,0.0,0.0,0.0,
2023-01-11,1978.300048828125,1978.300048828125,1970.099975585938,1970.099975585938,0.0,0.0,0.0,
2023-01-12,1970.099975585938,1970.099975585938,1970.099975585938,1970.099975585938,0.0,0.0,0.0,
2023-01-13,1970.099975585938,1970.099975585938,1970.099975585938,1970.099975585938,0.0,0.0,0.0,
2023-01-16,1970.099975585938,1970.099975585938,1970.099975585938,1970.099975585938,0.0,0.0,0.0,
2023-01-17,1970.099975585938,1970.099975585938,1970.099975585938,1970.099975585938,0.0,0.0,0.0,
2023-01-18,1970.099975585938,1970.099975585938,1970.099975585938,1970.099975585938,0.0,0.0,0.0,
2023-01-19,1970.099975585938,1970.099975585938,1970.099975585938,1970.099975585938,0.0,0.0,0.0,
2023-01-20,2006.0,2006.0,2006.0,2006.0,0.0,0.0,0.0,
2023-01-23,2006.0,2006.0,2006.0,2006.0,0.0,0.0,0.0,
2023-01-24,2006.0,2006.0,2006.0,2006.0,0.0,0.0,0.0,
2023-01-25,1993.5,1993.5,1963.920043945312,1982.599975585938,0.0,0.0,0.0,
2023-01-27,1943.5,1943.699951171875,1929.050048828125,1941.4599609375,0.0,0.0,0.0,
2023-01-30,1941.4599609375,1941.4599609375,1941.4599609375,1941.4599609375,0.0,0.0,0.0,
2023-01-31,1941.4599609375,1941.4599609375,1941.4599609375,1941.4599609375,0.0,0.0,0.0,
2023-02-01,1941.4599609375,1941.4599609375,1941.4599609375,1941.4599609375,0.0,0.0,0.0,
2023-02-02,1945.400024414062,1945.400024414062,1933.599975585938,1938.75,0.0,0.0,0.0,
2023-02-03,1938.75,1938.75,1938.75,1938.75,0.0,0.0,0.0,
2023-02-06,1938.75,1938.75,1938.75,1938.75,0.0,0.0,0.0,
2023-02-07,1938.75,1938.75,1938.75,1938.75,0.0,0.0,0.0,
2023-02-08,1938.75,1938.75,1938.75,1938.75,0.0,0.0,0.0,
2023-02-09,1964.349975585938,1980.0,1964.349975585938,1980.0,0.0,0.0,0.0,
2023-02-10,1980.0,1980.0,1980.0,1980.0,0.0,0.0,0.0,
2023-02-13,1980.0,1980.0,1980.0,1980.0,0.0,0.0,0.0,
2023-02-14,1969.0,1969.75,1969.0,1969.75,0.0,0.0,0.0,
2023-02-15,1969.75,1969.75,1969.75,1969.75,0.0,0.0,0.0,
2023-02-16,1980.0,2002.75,1980.0,2001.150024414062,0.0,0.0,0.0,
2023-02-17,2001.150024414062,2001.150024414062,2001.150024414062,2001.150024414062,0.0,0.0,0.0,
2023-02-20,1986.400024414062,1993.650024414062,1973.849975585938,1986.050048828125,0.0,0.0,0.0,
2023-02-21,1978.0,1978.0,1978.0,1978.0,0.0,0.0,0.0,
2023-02-22,1968.300048828125,1968.300048828125,1931.349975585938,1932.760009765625,0.0,0.0,0.0,
2023-02-23,1932.760009765625,1932.760009765625,1932.760009765625,1932.760009765625,0.0,0.0,0.0,
2023-02-24,1932.760009765625,1932.760009765625,1932.760009765625,1932.760009765625,0.0,0.0,0.0,
2023-02-27,1926.4599609375,1926.4599609375,1909.349975585938,1910.400024414062,0.0,0.0,0.0,
2023-02-28,1958.160034179688,1958.160034179688,1920.0,1921.150024414062,0.0,0.0,0.0,
2023-03-01,1915.050048828125,1934.449951171875,1915.050048828125,1934.449951171875,0.0,0.0,0.0,
2023-03-02,1934.449951171875,1934.449951171875,1934.449951171875,1934.449951171875,0.0,0.0,0.0,
2023-03-03,1934.449951171875,1934.449951171875,1934.449951171875,1934.449951171875,0.0,0.0,0.0,
2023-03-06,1934.449951171875,1934.449951171875,1934.449951171875,1934.449951171875,0.0,0.0,0.0,
2023-03-08,1903.489990234375,1966.0,1903.489990234375,1966.0,0.0,0.0,0.0,
2023-03-09,1955.949951171875,1955.949951171875,1955.949951171875,1955.949951171875,0.0,0.0,0.0,
2023-03-10,1929.260009765625,1929.260009765625,1913.400024414062,1913.630004882812,0.0,0.0,0.0,
2023-03-13,1904.5,1904.650024414062,1884.550048828125,1886.069946289062,0.0,0.0,0.0,
2023-03-14,1933.219970703125,1933.219970703125,1886.489990234375,1889.849975585938,0.0,0.0,0.0,
2023-03-15,1937.099975585938,1937.099975585938,1883.819946289062,1883.910034179688,0.0,0.0,0.0,
2023-03-16,1880.0,1881.900024414062,1871.0,1881.900024414062,0.0,0.0,0.0,
2023-03-17,1881.900024414062,1881.900024414062,1881.900024414062,1881.900024414062,0.0,0.0,0.0,
2023-03-20,1881.900024414062,1881.900024414062,1860.949951171875,1860.949951171875,0.0,0.0,0.0,
2023-03-21,1899.900024414062,1900.0,1890.0,1896.25,0.0,0.0,0.0,
2023-03-22,1896.25,1896.25,1896.25,1896.25,0.0,0.0,0.0,
2023-03-23,1898.699951171875,1898.699951171875,1875.099975585938,1876.699951171875,0.0,0.0,0.0,
2023-03-24,1891.300048828125,1891.300048828125,1888.900024414062,1888.900024414062,0.0,0.0,0.0,
2023-03-27,1888.900024414062,1888.900024414062,1888.900024414062,1888.900024414062,0.0,0.0,0.0,
2023-03-28,1888.900024414062,1888.900024414062,1888.900024414062,1888.900024414062,0.0,0.0,0.0,
2023-03-29,1920.0,1920.0,1887.5,1888.949951171875,0.0,0.0,0.0,
2023-03-31,1888.0,1907.75,1888.0,1907.75,0.0,0.0,0.0,
2023-04-03,1932.619995117188,1932.619995117188,1910.900024414062,1912.550048828125,0.0,0.0,0.0,
2023-04-05,1928.900024414062,1928.900024414062,1928.900024414062,1928.900024414062,0.0,0.0,0.0,
2023-04-06,1951.050048828125,1952.150024414062,1944.699951171875,1944.699951171875,0.0,0.0,0.0,
2023-04-10,1943.400024414062,1943.400024414062,1943.400024414062,1943.400024414062,0.0,0.0,0.0,
2023-04-11,1943.400024414062,1943.400024414062,1943.400024414062,1943.400024414062,0.0,0.0,0.0,
2023-04-12,1955.699951171875,1971.400024414062,1955.699951171875,1957.949951171875,0.0,0.0,0.0,
2023-04-13,1957.949951171875,1957.949951171875,1957.949951171875,1957.949951171875,0.0,0.0,0.0,
2023-04-17,1957.300048828125,1957.300048828125,1957.300048828125,1957.300048828125,0.0,0.0,0.0,
2023-04-18,1957.300048828125,1957.300048828125,1955.0,1955.0,0.0,0.0,0.0,
2023-04-19,1950.5,1950.5,1950.5,1950.5,0.0,0.0,0.0,
2023-04-20,1950.5,1950.5,1950.5,1950.5,0.0,0.0,0.0,
2023-04-21,1948.75,1948.900024414062,1948.75,1948.900024414062,0.0,0.0,0.0,
2023-04-24,1948.300048828125,1951.449951171875,1940.81005859375,1951.449951171875,0.0,0.0,0.0,
2023-04-25,1951.449951171875,1951.449951171875,1951.449951171875,1951.449951171875,0.0,0.0,0.0,
2023-04-26,1957.099975585938,1968.849975585938,1957.050048828125,1957.050048828125,0.0,0.0,0.0,
2023-04-27,1957.050048828125,1957.050048828125,1957.050048828125,1957.050048828125,0.0,0.0,0.0,
2023-04-28,1971.150024414062,1984.599975585938,1970.050048828125,1983.449951171875,0.0,0.0,0.0,
2023-05-02,2000.0,2001.0,2000.0,2001.0,0.0,0.0,0.0,
2023-05-03,2001.0,2001.0,2001.0,2001.0,0.0,0.0,0.0,
2023-05-04,2001.0,2001.0,2001.0,2001.0,0.0,0.0,0.0,
2023-05-05,2001.0,2001.0,2001.0,2001.0,0.0,0.0,0.0,
2023-05-08,2001.0,2001.0,2001.0,2001.0,0.0,0.0,0.0,
2023-05-09,2017.550048828125,2022.0,2017.550048828125,2022.0,0.0,0.0,0.0,
2023-05-10,2022.0,2022.0,2022.0,2022.0,0.0,0.0,0.0,
2023-05-11,2022.0,2022.0,2022.0,2022.0,0.0,0.0,0.0,
2023-05-12,2016.800048828125,2027.199951171875,2016.800048828125,2027.199951171875,0.0,0.0,0.0,
2023-05-15,2030.75,2030.75,2030.75,2030.75,0.0,0.0,0.0,
2023-05-16,2025.0,2025.0,2018.599975585938,2018.599975585938,0.0,0.0,0.0,
2023-05-17,2008.300048828125,2008.31005859375,2008.300048828125,2008.31005859375,0.0,0.0,0.0,
2023-05-18,2009.099975585938,2015.900024414062,2009.099975585938,2015.900024414062,0.0,0.0,0.0,
2023-05-19,2015.900024414062,2015.900024414062,2015.900024414062,2015.900024414062,0.0,0.0,0.0,
2023-05-22,2020.0,2020.0,2020.0,2020.0,0.0,0.0,0.0,
2023-05-23,2020.0,2020.0,2020.0,2020.0,0.0,0.0,0.0,
2023-05-24,2020.0,2020.0,2020.0,2020.0,42.0,0.0,0.0,
2023-05-25,2020.0,2020.0,2020.0,2020.0,0.0,0.0,0.0,
2023-05-26,2040.0,2048.699951171875,2040.0,2048.699951171875,2.0,0.0,0.0,
2023-05-29,2053.449951171875,2053.449951171875,2053.449951171875,2053.449951171875,1.0,0.0,0.0,
2023-05-30,2053.449951171875,2053.449951171875,2053.449951171875,2053.449951171875,0.0,0.0,0.0,
2023-05-31,2053.449951171875,2053.449951171875,2053.449951171875,2053.449951171875,0.0,0.0,0.0,
2023-06-01,2053.449951171875,2053.449951171875,2053.449951171875,2053.449951171875,0.0,0.0,0.0,
2023-06-02,2044.5,2057.10009765625,2040.900024414062,2045.0,58.0,0.0,0.0,
2023-06-05,2045.0,2045.0,2045.0,2045.0,0.0,0.0,0.0,
2023-06-06,2045.0,2045.0,2045.0,2045.0,0.0,0.0,0.0,
2023-06-07,2045.0,2045.0,2045.0,2045.0,0.0,0.0,0.0,
2023-06-08,2080.0,2083.85009765625,2064.14990234375,2064.14990234375,55.0,0.0,0.0,
2023-06-09,2078.6298828125,2078.6298828125,2063.050048828125,2064.14990234375,3.0,0.0,0.0,
2023-06-12,2064.14990234375,2064.14990234375,2064.14990234375,2064.14990234375,0.0,0.0,0.0,
2023-06-13,2064.14990234375,2064.14990234375,2064.14990234375,2064.14990234375,0.0,0.0,0.0,
2023-06-14,2064.14990234375,2064.14990234375,2064.14990234375,2064.14990234375,0.0,0.0,0.0,
2023-06-15,2076.659912109375,2077.39990234375,2068.5,2068.5,20.0,0.0,0.0,
2023-06-16,2081.35009765625,2081.35009765625,2081.35009765625,2081.35009765625,10.0,0.0,0.0,
2023-06-19,2081.35009765625,2081.35009765625,2081.35009765625,2081.35009765625,0.0,0.0,0.0,
2023-06-20,2074.5,2074.5,2074.449951171875,2074.449951171875,2.0,0.0,0.0,
2023-06-21,2074.449951171875,2074.449951171875,2074.449951171875,2074.449951171875,0.0,0.0,0.0,
2023-06-22,2077.7099609375,2086.5,2077.7099609375,2086.35009765625,12.0,0.0,0.0,
2023-06-23,2078.300048828125,2078.300048828125,2065.75,2073.0,53.0,0.0,0.0,
2023-06-26,2073.0,2073.0,2073.0,2073.0,0.0,0.0,0.0,
2023-06-27,2076.60009765625,2076.60009765625,2076.60009765625,2076.60009765625,4.0,0.0,0.0,
2023-06-28,2099.0,2105.7900390625,2099.0,2099.050048828125,18.0,0.0,0.0,
2023-06-30,2105.659912109375,2121.0,2105.659912109375,2121.0,51.0,0.0,0.0,
2023-07-03,2122.0,2143.93994140625,2122.0,2143.93994140625,7.0,0.0,0.0,
2023-07-04,2143.93994140625,2143.93994140625,2143.93994140625,2143.93994140625,0.0,0.0,0.0,
2023-07-05,2143.93994140625,2143.93994140625,2143.93994140625,2143.93994140625,0.0,0.0,0.0,
2023-07-06,2143.93994140625,2143.93994140625,2143.93994140625,2143.93994140625,0.0,0.0,0.0,
2023-07-07,2160.070068359375,2160.070068359375,2147.75,2147.75,4.0,0.0,0.0,
2023-07-10,2145.050048828125,2145.050048828125,2145.050048828125,2145.050048828125,1.0,0.0,0.0,
2023-07-11,2153.64990234375,2153.64990234375,2153.64990234375,2153.64990234375,1.0,0.0,0.0,
2023-07-12,2153.64990234375,2153.64990234375,2153.64990234375,2153.64990234375,0.0,0.0,0.0,
2023-07-13,2160.0,2160.0,2159.449951171875,2159.449951171875,2.0,0.0,0.0,
2023-07-14,2165.0,2165.0,2165.0,2165.0,1.0,0.0,0.0,
2023-07-17,2175.5,2188.0,2175.5,2184.0,4.0,0.0,0.0,
2023-07-18,2200.0,2200.0,2160.0,2190.0,20.0,0.0,0.0,
2023-07-19,2190.0,2190.0,2189.0,2189.0,23.0,0.0,0.0,
2023-07-20,2178.300048828125,2178.300048828125,2175.0,2175.0,2.0,0.0,0.0,
2023-07-21,2175.0,2175.0,2175.0,2175.0,1.0,0.0,0.0,
2023-07-24,2175.0,2175.0,2175.0,2175.0,0.0,0.0,0.0,
2023-07-25,2175.0,2175.0,2175.0,2175.0,0.0,0.0,0.0,
2023-07-26,2175.0,2175.0,2175.0,2175.0,0.0,0.0,0.0,
2023-07-27,2175.0,2175.0,2175.0,2175.0,0.0,0.0,0.0,
2023-07-28,2175.0,2175.0,2175.0,2175.0,0.0,0.0,0.0,
2023-07-31,2175.0,2180.0,2175.0,2180.0,100.0,0.0,0.0,
2023-08-01,2184.81005859375,2184.81005859375,2093.60009765625,2093.60009765625,47.0,0.0,0.0,
2023-08-02,2168.300048828125,2278.0,2138.5,2163.35009765625,112.0,0.0,0.0,
2023-08-03,2158.300048828125,2158.300048828125,2073.60009765625,2109.340087890625,30.0,0.0,0.0,
2023-08-04,2150.0,2179.300048828125,2149.0,2171.050048828125,20.0,0.0,0.0,
2023-08-07,2179.75,2179.75,2172.0,2172.0,5.0,0.0,0.0,
2023-08-08,2172.0,2172.0,2172.0,2172.0,0.0,0.0,0.0,
2023-08-09,2168.300048828125,2174.300048828125,2159.449951171875,2174.300048828125,4.0,0.0,0.0,
2023-08-10,2174.300048828125,2174.300048828125,2174.300048828125,2174.300048828125,1.0,0.0,0.0,
2023-08-11,2174.300048828125,2174.300048828125,2174.300048828125,2174.300048828125,0.0,0.0,0.0,
2023-08-14,2158.300048828125,2158.300048828125,2138.35009765625,2152.60009765625,64.0,0.0,0.0,
2023-08-16,2152.60009765625,2152.60009765625,2152.60009765625,2152.60009765625,0.0,0.0,0.0,
2023-08-17,2152.60009765625,2152.60009765625,2152.60009765625,2152.60009765625,0.0,0.0,0.0,
2023-08-18,2148.300048828125,2148.300048828125,2142.050048828125,2142.050048828125,4.0,0.0,0.0,
2023-08-21,2142.050048828125,2142.050048828125,2142.050048828125,2142.050048828125,0.0,0.0,0.0,
2023-08-22,2142.050048828125,2142.050048828125,2142.050048828125,2142.050048828125,0.0,0.0,0.0,
2023-08-23,2142.050048828125,2142.050048828125,2142.050048828125,2142.050048828125,0.0,0.0,0.0,
2023-08-24,2162.1201171875,2162.1201171875,2162.1201171875,2162.1201171875,1.0,0.0,0.0,
2023-08-25,2162.1201171875,2162.1201171875,2162.1201171875,2162.1201171875,0.0,0.0,0.0,
2023-08-28,2162.1201171875,2162.1201171875,2162.1201171875,2162.1201171875,0.0,0.0,0.0,
2023-08-29,2162.1201171875,2162.1201171875,2162.1201171875,2162.1201171875,0.0,0.0,0.0,
2023-08-30,2162.1201171875,2162.1201171875,2162.1201171875,2162.1201171875,0.0,0.0,0.0,
2023-08-31,2162.1201171875,2162.1201171875,2162.1201171875,2162.1201171875,0.0,0.0,0.0,
2023-09-01,2162.1201171875,2162.1201171875,2162.1201171875,2162.1201171875,0.0,0.0,0.0,
2023-09-04,2158.300048828125,2173.820068359375,2157.0,2164.75,30.0,0.0,0.0,
2023-09-05,2170.0,2170.0,2170.0,2170.0,3.0,0.0,0.0,
2023-09-06,2170.0,2170.0,2170.0,2170.0,0.0,0.0,0.0,
2023-09-07,2170.0,2170.0,2170.0,2170.0,0.0,0.0,0.0,
2023-09-08,2200.0,2210.14990234375,2196.949951171875,2196.949951171875,4.0,0.0,0.0,
2023-09-11,2203.320068359375,2215.97998046875,2203.320068359375,2215.97998046875,17.0,0.0,0.0,
2023-09-12,2231.050048828125,2231.050048828125,2215.550048828125,2215.550048828125,228.0,0.0,0.0,
2023-09-13,2215.550048828125,2227.550048828125,2215.550048828125,2227.550048828125,6.0,0.0,0.0,
2023-09-14,2237.97998046875,2237.97998046875,2237.97998046875,2237.97998046875,4.0,0.0,0.0,
2023-09-15,2237.97998046875,2237.97998046875,2237.97998046875,2237.97998046875,0.0,0.0,0.0,
2023-09-18,2237.97998046875,2237.97998046875,2237.97998046875,2237.97998046875,0.0,0.0,0.0,
2023-09-20,2215.64990234375,2215.64990234375,2215.64990234375,2215.64990234375,30.0,0.0,0.0,
2023-09-21,2215.64990234375,2215.64990234375,2191.409912109375,2191.409912109375,16.0,0.0,0.0,
2023-09-22,2188.300048828125,2188.300048828125,2187.0,2188.300048828125,11.0,0.0,0.0,
2023-09-25,2188.300048828125,2188.300048828125,2188.300048828125,2188.300048828125,0.0,0.0,0.0,
2023-09-26,2192.0400390625,2192.0400390625,2192.0400390625,2192.0400390625,1.0,0.0,0.0,
2023-09-27,2192.0400390625,2192.0400390625,2192.0400390625,2192.0400390625,0.0,0.0,0.0,
2023-09-28,2191.14990234375,2191.14990234375,2191.14990234375,2191.14990234375,1.0,0.0,0.0,
2023-09-29,2196.75,2198.39990234375,2196.75,2198.39990234375,21.0,0.0,0.0,
2023-10-03,2188.300048828125,2188.300048828125,2163.969970703125,2169.8798828125,6.0,0.0,0.0,
2023-10-04,2224.1201171875,2224.1201171875,2150.010009765625,2150.010009765625,33.0,0.0,0.0,
2023-10-05,2150.010009765625,2150.010009765625,2150.010009765625,2150.010009765625,0.0,0.0,0.0,
2023-10-06,2176.60009765625,2176.60009765625,2176.60009765625,2176.60009765625,1.0,0.0,0.0,
2023-10-09,2231.010009765625,2231.010009765625,2164.25,2181.68994140625,8.0,0.0,0.0,
2023-10-10,2184.72998046875,2184.72998046875,2184.72998046875,2184.72998046875,8.0,0.0,0.0,
2023-10-11,2200.0,2200.0,2198.75,2200.0,16.0,0.0,0.0,
2023-10-12,2198.300048828125,2208.6201171875,2198.300048828125,2205.280029296875,5.0,0.0,0.0,
2023-10-13,2197.0,2197.0,2180.080078125,2180.080078125,22.0,0.0,0.0,
2023-10-16,2180.080078125,2180.080078125,2180.080078125,2180.080078125,0.0,0.0,0.0,
2023-10-17,2180.080078125,2180.080078125,2180.080078125,2180.080078125,0.0,0.0,0.0,
2023-10-18,2195.85009765625,2195.85009765625,2195.85009765625,2195.85009765625,11.0,0.0,0.0,
2023-10-19,2181.300048828125,2190.3798828125,2167.72998046875,2175.8798828125,35.0,0.0,0.0,
2023-10-20,2175.8798828125,2175.8798828125,2175.8798828125,2175.8798828125,0.0,0.0,0.0,
2023-10-23,2175.0,2175.0,2158.300048828125,2158.300048828125,16.0,0.0,0.0,
2023-10-25,2157.0,2157.0,2121.300048828125,2121.300048828125,157.0,0.0,0.0,
2023-10-26,2159.989990234375,2159.989990234375,2159.989990234375,2159.989990234375,1.0,0.0,0.0,
2023-10-27,2122.570068359375,2128.64990234375,2110.0,2125.919921875,14.0,0.0,0.0,
2023-10-30,2125.919921875,2132.64990234375,2125.919921875,2132.64990234375,2.0,0.0,0.0,
2023-10-31,2125.300048828125,2137.949951171875,2121.89990234375,2134.820068359375,503.0,0.0,0.0,
2023-11-01,2124.5,2127.14990234375,2120.010009765625,2120.010009765625,503.0,0.0,0.0,
2023-11-02,2136.699951171875,2139.699951171875,2136.699951171875,2139.699951171875,11.0,0.0,0.0,
2023-11-03,2148.10009765625,2148.10009765625,2148.10009765625,2148.10009765625,26.0,0.0,0.0,
2023-11-06,2148.10009765625,2148.10009765625,2148.10009765625,2148.10009765625,0.0,0.0,0.0,
2023-11-07,2148.10009765625,2148.10009765625,2148.10009765625,2148.10009765625,0.0,0.0,0.0,
2023-11-08,2156.93994140625,2160.0,2156.02001953125,2156.02001953125,5.0,0.0,0.0,
2023-11-09,2156.02001953125,2156.02001953125,2156.02001953125,2156.02001953125,0.0,0.0,0.0,
2023-11-10,2156.02001953125,2156.02001953125,2156.02001953125,2156.02001953125,3.0,0.0,0.0,
2023-11-13,2163.93994140625,2163.93994140625,2163.93994140625,2163.93994140625,0.0,0.0,0.0,
2023-11-15,2180.0,2193.169921875,2180.0,2193.169921875,4.0,0.0,0.0,
2023-11-16,2200.0,2210.330078125,2200.0,2210.330078125,12.0,0.0,0.0,
2023-11-17,2207.5400390625,2207.5400390625,2205.139892578125,2205.139892578125,2.0,0.0,0.0,
2023-11-20,2188.300048828125,2188.300048828125,2187.85009765625,2187.8701171875,16.0,0.0,0.0,
2023-11-21,2195.300048828125,2195.300048828125,2195.300048828125,2195.300048828125,5.0,0.0,0.0,
2023-11-22,2195.300048828125,2195.300048828125,2195.300048828125,2195.300048828125,0.0,0.0,0.0,
2023-11-23,2195.300048828125,2195.300048828125,2195.300048828125,2195.300048828125,0.0,0.0,0.0,
2023-11-24,2208.239990234375,2208.239990234375,2197.550048828125,2197.550048828125,6.0,0.0,0.0,
2023-11-28,2197.550048828125,2197.550048828125,2197.550048828125,2197.550048828125,0.0,0.0,0.0,
2023-11-29,2217.679931640625,2233.4599609375,2217.679931640625,2225.489990234375,10.0,0.0,0.0,
2023-11-30,2231.43994140625,2235.0,2231.43994140625,2234.7099609375,9.0,0.0,0.0,
2023-12-01,2241.989990234375,2280.0,2241.989990234375,2261.31005859375,7.0,0.0,0.0,
2023-12-04,2280.2099609375,2320.0,2279.18994140625,2308.1201171875,8.0,0.0,0.0,
2023-12-05,2324.090087890625,2324.090087890625,2324.090087890625,2324.090087890625,3.0,0.0,0.0,
2023-12-06,2324.469970703125,2324.889892578125,2324.469970703125,2324.889892578125,8.0,0.0,0.0,
2023-12-07,2324.889892578125,2324.889892578125,2324.889892578125,2324.889892578125,0.0,0.0,0.0,
2023-12-08,2324.889892578125,2324.889892578125,2324.889892578125,2324.889892578125,0.0,0.0,0.0,
2023-12-11,2333.199951171875,2333.199951171875,2333.199951171875,2333.199951171875,5.0,0.0,0.0,
2023-12-12,2341.0,2341.0,2341.0,2341.0,504.0,0.0,0.0,
2023-12-13,2328.300048828125,2328.300048828125,2321.64990234375,2321.64990234375,3.0,0.0,0.0,
2023-12-14,2367.800048828125,2367.800048828125,2355.0,2355.0,5.0,0.0,0.0,
2023-12-15,2379.39990234375,2379.39990234375,2379.39990234375,2379.39990234375,1.0,0.0,0.0,
2023-12-18,2379.39990234375,2379.39990234375,2379.39990234375,2379.39990234375,0.0,0.0,0.0,
2023-12-19,2371.830078125,2399.75,2371.830078125,2399.75,6.0,0.0,0.0,
2023-12-20,2399.75,2399.75,2386.449951171875,2386.5,25.0,0.0,0.0,
2023-12-21,2386.5,2386.5,2386.5,2386.5,0.0,0.0,0.0,
2023-12-22,2378.300048828125,2386.85009765625,2368.300048828125,2371.550048828125,12.0,0.0,0.0,
2023-12-26,2369.489990234375,2395.56005859375,2369.489990234375,2380.300048828125,5.0,0.0,0.0,
2023-12-27,2380.300048828125,2380.300048828125,2380.300048828125,2380.300048828125,0.0,0.0,0.0,
2023-12-28,2380.300048828125,2380.300048828125,2380.300048828125,2380.300048828125,0.0,0.0,0.0,
2023-12-29,2380.300048828125,2380.300048828125,2380.300048828125,2380.300048828125,0.0,0.0,0.0,
2024-01-01,2413.10009765625,2416.14990234375,2410.949951171875,2410.949951171875,5.0,0.0,0.0,
2024-01-02,2410.949951171875,2410.949951171875,2410.949951171875,2410.949951171875,0.0,0.0,0.0,
2024-01-03,2408.300048828125,2440.0,2390.0,2411.760009765625,5.0,0.0,0.0,
2024-01-04,2412.0,2412.10009765625,2397.280029296875,2402.330078125,42.0,0.0,0.0,
2024-01-05,2425.489990234375,2425.489990234375,2425.489990234375,2425.489990234375,3.0,0.0,0.0,
2024-01-08,2419.0,2419.0,2404.969970703125,2408.10009765625,30.0,0.0,0.0,
2024-01-09,2408.10009765625,2430.0,2397.8701171875,2421.949951171875,27.0,0.0,0.0,
2024-01-10,2402.590087890625,2402.590087890625,2387.89990234375,2393.949951171875,90.0,0.0,0.0,
2024-01-11,2404.360107421875,2404.360107421875,2401.56005859375,2401.56005859375,70.0,0.0,0.0,
2024-01-12,2401.56005859375,2401.56005859375,2401.56005859375,2401.56005859375,0.0,0.0,0.0,
2024-01-15,2446.260009765625,2465.179931640625,2446.260009765625,2465.14990234375,9.0,0.0,0.0,
2024-01-16,2461.72998046875,2461.72998046875,2461.409912109375,2461.409912109375,9.0,0.0,0.0,
2024-01-17,2422.050048828125,2422.050048828125,2422.050048828125,2422.050048828125,2.0,0.0,0.0,
2024-01-18,2405.199951171875,2405.199951171875,2387.800048828125,2387.800048828125,34.0,0.0,0.0,
2024-01-19,2402.110107421875,2420.0,2398.0,2398.0,23.0,0.0,0.0,
2024-01-23,2389.340087890625,2389.340087890625,2358.5,2359.25,4.0,0.0,0.0,
2024-01-24,2359.25,2359.25,2359.25,2359.25,0.0,0.0,0.0,
2024-01-25,2365.050048828125,2365.050048828125,2365.050048828125,2365.050048828125,1.0,0.0,0.0,
2024-01-29,2415.93994140625,2415.93994140625,2415.93994140625,2415.93994140625,10.0,0.0,0.0,
2024-01-30,2415.93994140625,2415.93994140625,2415.93994140625,2415.93994140625,0.0,0.0,0.0,
2024-01-31,2415.93994140625,2415.93994140625,2415.93994140625,2415.93994140625,0.0,0.0,0.0,
2024-02-01,2425.0,2425.0,2425.0,2425.0,3.0,0.0,0.0,
2024-02-02,2425.0,2425.0,2425.0,2425.0,0.0,0.0,0.0,
2024-02-05,2439.969970703125,2454.5,2434.800048828125,2437.5,25.0,0.0,0.0,
2024-02-06,2437.5,2437.5,2437.5,2437.5,0.0,0.0,0.0,
2024-02-07,2440.0,2447.419921875,2440.0,2447.419921875,2.0,0.0,0.0,
2024-02-08,2447.419921875,2447.419921875,2447.419921875,2447.419921875,0.0,0.0,0.0,
2024-02-09,2460.0,2460.0,2447.419921875,2447.419921875,5.0,0.0,0.0,
2024-02-12,2447.419921875,2447.419921875,2447.419921875,2447.419921875,0.0,0.0,0.0,
2024-02-13,2447.419921875,2447.419921875,2447.419921875,2447.419921875,1.0,0.0,0.0,
2024-02-14,2447.419921875,2447.419921875,2423.699951171875,2423.699951171875,25.0,0.0,0.0,
2024-02-15,2423.699951171875,2423.699951171875,2423.699951171875,2423.699951171875,0.0,0.0,0.0,
2024-02-16,2423.699951171875,2463.199951171875,2423.699951171875,2447.820068359375,1508.0,0.0,0.0,
2024-02-19,2460.0,2848.0,2460.0,2848.0,20.0,0.0,0.0,
2024-02-20,2647.0,2848.0,2455.64990234375,2471.489990234375,6597.0,0.0,0.0,
2024-02-22,2501.989990234375,2464.0,2450.0,2438.800048828125,14.0,0.0,0.0,
2024-02-21,2501.989990234375,2501.989990234375,2464.0,2464.0,242.0,0.0,0.0,
2024-02-23,2489.010009765625,2500.0,2467.93994140625,2469.090087890625,119.0,0.0,0.0,
2024-02-26,2469.090087890625,2469.659912109375,2459.300048828125,2468.989990234375,16.0,0.0,0.0,
2024-02-27,2468.300048828125,2470.0,2455.02001953125,2466.300048828125,25.0,0.0,0.0,
2024-02-28,2467.81005859375,2467.81005859375,2450.570068359375,2459.860107421875,18.0,0.0,0.0,
2024-02-29,2458.300048828125,2458.300048828125,2445.10009765625,2445.10009765625,2.0,0.0,0.0,
2024-03-01,2465.5,2491.89990234375,2465.5,2481.679931640625,170.0,0.0,0.0,
2024-03-04,2488.81005859375,2499.989990234375,2488.81005859375,2489.610107421875,19.0,0.0,0.0,
2024-03-05,2483.199951171875,2489.0,2481.949951171875,2486.75,26.0,0.0,0.0,
2024-03-06,2479.320068359375,2498.06005859375,2476.14990234375,2497.800048828125,68.0,0.0,0.0,
2024-03-07,2519.56005859375,2519.56005859375,2496.909912109375,2500.2099609375,8.0,0.0,0.0,
2024-03-11,2500.2099609375,2510.10009765625,2493.60009765625,2510.10009765625,26.0,0.0,0.0,
2024-03-12,2494.25,2510.0,2487.0,2487.0,83.0,0.0,0.0,
2024-03-13,2490.0,2490.0,2443.64990234375,2447.330078125,23.0,0.0,0.0,
2024-03-14,2464.68994140625,2467.330078125,2458.830078125,2458.830078125,23.0,0.0,0.0,
2024-03-15,2480.0,2480.0,2444.199951171875,2444.199951171875,5.0,0.0,0.0,
2024-03-18,2430.300048828125,2470.25,2430.300048828125,2453.14990234375,5.0,0.0,0.0,
2024-03-19,2453.14990234375,2453.14990234375,2453.14990234375,2453.14990234375,0.0,0.0,0.0,
2024-03-20,2440.0,2445.75,2440.0,2445.75,2.0,0.0,0.0,
2024-03-21,2450.89990234375,2464.85009765625,2450.89990234375,2464.85009765625,3.0,0.0,0.0,
2024-03-22,2464.0,2479.0,2453.0,2459.659912109375,36.0,0.0,0.0,
2024-03-26,2450.0,2469.35009765625,2449.75,2469.35009765625,33.0,0.0,0.0,
2024-03-27,2446.590087890625,2457.0,2446.590087890625,2457.0,3.0,0.0,0.0,
2024-03-28,2476.219970703125,2497.760009765625,2476.219970703125,2478.010009765625,17.0,0.0,0.0,
2024-04-01,2501.39990234375,2517.699951171875,2498.75,2499.75,12.0,0.0,0.0,
2024-04-02,2498.5,2511.820068359375,2498.5,2510.5,5.0,0.0,0.0,
2024-04-03,2500.0,2512.0,2486.139892578125,2493.949951171875,526.0,0.0,0.0,
2024-04-04,2498.300048828125,2502.760009765625,2498.300048828125,2502.760009765625,3.0,0.0,0.0,
2024-04-05,2502.760009765625,2517.0,2501.64990234375,2501.64990234375,57.0,0.0,0.0,
2024-04-08,2515.0,2535.300048828125,2515.0,2519.35009765625,17.0,0.0,0.0,
2024-04-09,2529.050048828125,2534.0,2529.050048828125,2534.0,6.0,0.0,0.0,
2024-04-10,2521.300048828125,2555.0,2521.300048828125,2528.81005859375,35.0,0.0,0.0,
2024-04-12,2534.14990234375,2534.14990234375,2501.820068359375,2517.830078125,19.0,0.0,0.0,
2024-04-15,2500.10009765625,2580.0,2500.10009765625,2580.0,11.0,0.0,0.0,
2024-04-16,2570.0,2570.0,2467.550048828125,2479.260009765625,98.0,0.0,0.0,
2024-04-18,2477.81005859375,2493.35009765625,2462.550048828125,2465.0,9.0,0.0,0.0,
2024-04-19,2425.64990234375,2470.5,2425.64990234375,2470.5,28.0,0.0,0.0,
2024-04-22,2475.110107421875,2488.419921875,2475.110107421875,2476.60009765625,25.0,0.0,0.0,
2024-04-23,2488.89990234375,2506.8701171875,2488.89990234375,2505.0,48.0,0.0,0.0,
2024-04-24,2505.0,2505.0,2492.429931640625,2505.0,17.0,0.0,0.0,
2024-04-25,2488.0,2531.52001953125,2488.0,2515.0,13.0,0.0,0.0,
2024-04-26,2567.6201171875,2567.6201171875,2499.429931640625,2543.0,31.0,0.0,0.0,
2024-04-29,2519.89990234375,2529.449951171875,2503.449951171875,2529.35009765625,31.0,0.0,0.0,
2024-04-30,2529.35009765625,2540.0,2506.429931640625,2509.35009765625,36.0,0.0,0.0,
2024-05-02,2519.25,2537.550048828125,2519.25,2537.550048828125,46.0,0.0,0.0,
2024-05-03,2523.340087890625,2523.340087890625,2504.0,2504.0,38.0,0.0,0.0,
2024-05-06,2453.919921875,2516.280029296875,2453.919921875,2499.8701171875,20.0,0.0,0.0,
2024-05-07,2485.409912109375,2498.0,2485.0,2498.0,4.0,0.0,0.0,
2024-05-08,2483.0,2565.0,2483.0,2508.570068359375,24.0,0.0,0.0,
2024-05-09,2508.570068359375,2538.0,2444.090087890625,2475.14990234375,544.0,0.0,0.0,
2024-05-10,2462.93994140625,2537.89990234375,2404.090087890625,2458.570068359375,17.0,0.0,0.0,
2024-05-13,2458.570068359375,2458.570068359375,2458.570068359375,2458.570068359375,5.0,0.0,0.0,
2024-05-14,2458.570068359375,2458.570068359375,2458.570068359375,2458.570068359375,0.0,0.0,0.0,
2024-05-15,2491.800048828125,2491.800048828125,2491.0,2491.0,102.0,0.0,0.0,
2024-05-16,2480.969970703125,2491.02001953125,2478.47998046875,2491.0,9.0,0.0,0.0,
2024-05-17,2491.669921875,2522.72998046875,2491.669921875,2506.0,31.0,0.0,0.0,
2024-05-18,2555.0,2555.0,2500.449951171875,2501.820068359375,12.0,0.0,0.0,
2024-05-21,2501.219970703125,2501.219970703125,2501.219970703125,2501.219970703125,0.0,0.0,0.0,
2024-05-22,2507.510009765625,2533.199951171875,2507.510009765625,2509.949951171875,12.0,0.0,0.0,
2024-05-23,2530.0,2555.0,2530.0,2553.6298828125,147.0,0.0,0.0,
2024-05-24,2555.179931640625,2560.0,2555.0,2555.739990234375,22.0,0.0,0.0,
2024-05-27,2558.590087890625,2595.3701171875,2552.179931640625,2552.179931640625,32.0,0.0,0.0,
2024-05-28,2551.4599609375,2551.4599609375,2550.72998046875,2550.89990234375,21.0,0.0,0.0,
2024-05-29,2534.050048828125,2534.050048828125,2534.050048828125,2534.050048828125,5.0,0.0,0.0,
2024-05-30,2520.0,2550.0,2520.0,2550.0,7.0,0.0,0.0,
2024-05-31,2550.0,2550.0,2507.5,2532.449951171875,125.0,0.0,0.0,
2024-06-03,2595.77001953125,2670.320068359375,2575.7099609375,2587.35009765625,55.0,0.0,0.0,
2024-06-04,2550.85009765625,2575.39990234375,2450.0,2500.0,23.0,0.0,0.0,
2024-06-05,2500.0,2500.0,2500.0,2500.0,16.0,0.0,0.0,
2024-06-06,2541.85009765625,2570.85009765625,2541.85009765625,2570.85009765625,2.0,0.0,0.0,
2024-06-07,2570.85009765625,2622.909912109375,2570.85009765625,2594.530029296875,14.0,0.0,0.0,
2024-06-10,2599.14990234375,2624.85009765625,2592.760009765625,2595.340087890625,31.0,0.0,0.0,
2024-06-12,2595.340087890625,2595.340087890625,2595.0,2595.0,2.0,0.0,0.0,
2024-06-11,2595.340087890625,2595.340087890625,2595.340087890625,2595.340087890625,0.0,0.0,0.0,
2024-06-13,2646.89990234375,2646.89990234375,2607.159912109375,2607.159912109375,8.0,0.0,0.0,
2024-06-14,2613.3798828125,2638.139892578125,2611.5,2637.0,77.0,0.0,0.0,
2024-06-18,2630.0,2653.669921875,2523.60009765625,2600.18994140625,113.0,0.0,0.0,
2024-06-19,2624.530029296875,2649.719970703125,2620.35009765625,2621.139892578125,10.0,0.0,0.0,
2024-06-20,2621.0,2652.510009765625,2621.0,2626.9599609375,62.0,0.0,0.0,
2024-06-21,2635.030029296875,2635.030029296875,2617.050048828125,2617.050048828125,229.0,0.0,0.0,
2024-06-24,2624.81005859375,2625.590087890625,2624.25,2624.800048828125,22.0,0.0,0.0,
2024-06-25,2635.14990234375,2661.14990234375,2635.14990234375,2646.199951171875,3.0,0.0,0.0,
2024-06-26,2661.6298828125,2661.6298828125,2661.6298828125,2661.6298828125,1.0,0.0,0.0,
2024-06-27,2675.429931640625,2698.659912109375,2670.840087890625,2670.840087890625,20.0,0.0,0.0,
2024-06-28,2691.64990234375,2692.050048828125,2679.199951171875,2686.0400390625,9.0,0.0,0.0,
2024-07-01,2691.7099609375,2691.7099609375,2691.699951171875,2691.699951171875,6.0,0.0,0.0,
2024-07-02,2705.0,2713.739990234375,2689.050048828125,2692.110107421875,36.0,0.0,0.0,
2024-07-03,2710.389892578125,2710.389892578125,2710.389892578125,2710.389892578125,2.0,0.0,0.0,
2024-07-04,2715.610107421875,2715.610107421875,2710.8798828125,2710.8798828125,4.0,0.0,0.0,
2024-07-05,2710.8798828125,2711.5,2710.8798828125,2711.010009765625,21.0,0.0,0.0,
2024-07-08,2711.0,2738.550048828125,2710.81005859375,2734.989990234375,17.0,0.0,0.0,
2024-07-09,2734.989990234375,2734.989990234375,2734.989990234375,2734.989990234375,0.0,0.0,0.0,
2024-07-10,2729.550048828125,2740.419921875,2729.550048828125,2740.419921875,3.0,0.0,0.0,
2024-07-11,2740.419921875,2740.419921875,2740.419921875,2740.419921875,0.0,0.0,0.0,
2024-07-12,2740.419921875,2740.419921875,2732.330078125,2740.419921875,52.0,0.0,0.0,
2024-07-15,2795.22998046875,2795.22998046875,2766.449951171875,2769.889892578125,26.0,0.0,0.0,
2024-07-16,2731.110107421875,2777.5,2731.110107421875,2745.080078125,88.0,0.0,0.0,
2024-07-18,2745.080078125,2792.929931640625,2745.080078125,2792.929931640625,17.0,0.0,0.0,
2024-07-19,2792.800048828125,2792.800048828125,2792.800048828125,2792.800048828125,1.0,0.0,0.0,
2024-07-22,2792.800048828125,2792.800048828125,2734.719970703125,2749.60009765625,47.0,0.0,0.0,
2024-07-23,2757.0,2762.949951171875,2715.889892578125,2755.68994140625,16.0,0.0,0.0,
2024-07-24,2754.449951171875,2755.5400390625,2754.449951171875,2755.5400390625,3.0,0.0,0.0,
2024-07-25,2738.780029296875,2743.35009765625,2738.780029296875,2743.35009765625,4.0,0.0,0.0,
2024-07-26,2688.47998046875,2796.43994140625,2688.47998046875,2796.43994140625,42.0,0.0,0.0,
2024-07-29,2796.43994140625,2796.43994140625,2796.43994140625,2796.43994140625,0.0,0.0,0.0,
2024-07-30,2796.43994140625,2796.43994140625,2796.43994140625,2796.43994140625,0.0,0.0,0.0,
2024-07-31,2796.0,2807.64990234375,2796.0,2807.199951171875,14.0,0.0,0.0,
2024-08-01,2807.199951171875,2807.199951171875,2807.199951171875,2807.199951171875,0.0,0.0,0.0,
2024-08-02,2807.199951171875,2807.199951171875,2807.199951171875,2807.199951171875,0.0,0.0,0.0,
2024-08-05,2754.72998046875,2780.0,2670.0,2736.139892578125,69.0,0.0,0.0,
2024-08-06,2736.139892578125,2736.139892578125,2707.35009765625,2707.35009765625,9.0,0.0,0.0,
2024-08-07,2710.0,2710.0,2710.0,2710.0,2.0,0.0,0.0,
2024-08-08,2710.0,2710.0,2710.0,2710.0,0.0,0.0,0.0,
2024-08-09,2706.2099609375,2744.60009765625,2706.2099609375,2725.60009765625,6.0,0.0,0.0,
2024-08-12,2725.60009765625,2725.60009765625,2725.60009765625,2725.60009765625,0.0,0.0,0.0,
2024-08-13,2703.5,2724.590087890625,2703.5,2706.860107421875,13.0,0.0,0.0,
2024-08-14,2706.860107421875,2706.860107421875,2706.860107421875,2706.860107421875,0.0,0.0,0.0,
2024-08-16,2706.860107421875,2706.860107421875,2706.860107421875,2706.860107421875,0.0,0.0,0.0,
2024-08-19,2730.0,2772.64990234375,2730.0,2769.550048828125,44.0,0.0,0.0,
2024-08-21,2767.0,2770.9599609375,2767.0,2769.89990234375,27.0,0.0,0.0,
2024-08-20,2769.550048828125,2769.550048828125,2769.550048828125,2769.550048828125,0.0,0.0,0.0,
2024-08-22,2769.89990234375,2769.89990234375,2769.89990234375,2769.89990234375,0.0,0.0,0.0,
2024-08-23,2767.0,2770.9599609375,2767.0,2777.14990234375,5.0,0.0,0.0,
2024-08-26,2796.199951171875,2799.699951171875,2796.199951171875,2799.699951171875,12.0,0.0,0.0,
2024-08-27,2799.699951171875,2799.699951171875,2799.699951171875,2799.699951171875,0.0,0.0,0.0,
2024-08-28,2799.68994140625,2860.0,2795.52001953125,2808.469970703125,57.0,0.0,0.0,
2024-08-29,2808.469970703125,2834.85009765625,2808.469970703125,2834.85009765625,6.0,0.0,0.0,
2024-08-30,2834.85009765625,2834.85009765625,2834.85009765625,2834.85009765625,0.0,0.0,0.0,
2024-09-02,2834.85009765625,2850.75,2827.31005859375,2850.739990234375,13.0,0.0,0.0,
2024-09-03,2843.0,2850.0,2843.0,2850.0,16.0,0.0,0.0,
2024-09-04,2840.179931640625,2840.179931640625,2810.909912109375,2838.409912109375,18.0,0.0,0.0,
2024-09-05,2838.39990234375,2843.280029296875,2838.39990234375,2841.139892578125,13.0,0.0,0.0,
2024-09-06,2850.0,2850.0,2780.56005859375,2813.929931640625,12.0,0.0,0.0,
2024-09-09,2789.14990234375,2789.14990234375,2789.14990234375,2789.14990234375,3.0,0.0,0.0,
2024-09-10,2823.0,2823.0,2823.0,2823.0,2.0,0.0,0.0,
2024-09-11,2823.989990234375,3100.0,2790.080078125,2890.830078125,711.0,0.0,0.0,
2024-09-12,2890.830078125,2890.830078125,2813.6201171875,2848.97998046875,256.0,0.0,0.0,
2024-09-13,2836.909912109375,2862.75,2836.909912109375,2860.75,142.0,0.0,0.0,
2024-09-16,2917.969970703125,2917.969970703125,2838.419921875,2843.469970703125,22.0,0.0,0.0,
2024-09-17,2845.0,2864.89990234375,2839.780029296875,2843.1298828125,17.0,0.0,0.0,
2024-09-18,2843.1298828125,2843.1298828125,2843.1298828125,2843.1298828125,0.0,0.0,0.0,
2024-09-19,2863.139892578125,2875.10009765625,2842.080078125,2869.199951171875,31.0,0.0,0.0,
2024-09-20,2868.0,2899.949951171875,2868.0,2875.199951171875,38.0,0.0,0.0,
2024-09-23,2897.989990234375,2918.64990234375,2896.60009765625,2906.320068359375,102.0,0.0,0.0,
2024-09-24,2926.340087890625,2930.5400390625,2906.330078125,2930.5400390625,46.0,0.0,0.0,
2024-09-25,2930.5400390625,2930.5400390625,2899.909912109375,2924.64990234375,22.0,0.0,0.0,
2024-09-26,2924.64990234375,2928.10009765625,2924.64990234375,2928.10009765625,5.0,0.0,0.0,
2024-09-27,2823.60009765625,3000.0,2823.60009765625,3000.0,63.0,0.0,0.0,
2024-09-30,3000.0,3015.0,2900.0,2912.510009765625,769.0,0.0,0.0,
2024-10-01,2970.60009765625,2990.0,2860.02001953125,2953.070068359375,201.0,0.0,0.0,
2024-10-03,2886.139892578125,2940.0,2855.0,2857.679931640625,883.0,0.0,0.0,
2024-10-04,2861.0,2862.5,2820.830078125,2825.219970703125,232.0,0.0,0.0,
2024-10-07,2861.0,2823.590087890625,2782.5,2803.52001953125,125.0,0.0,0.0,
2024-10-08,2803.52001953125,2803.52001953125,2803.52001953125,2803.52001953125,0.0,0.0,0.0,
2024-10-09,2787.31005859375,2847.97998046875,2787.31005859375,2827.679931640625,92.0,0.0,0.0,
2024-10-10,2807.030029296875,2826.590087890625,2796.5,2819.330078125,31.0,0.0,0.0,
2024-10-11,2819.330078125,2825.93994140625,2790.530029296875,2819.64990234375,38.0,0.0,0.0,
2024-10-14,2834.1201171875,2834.27001953125,2819.64990234375,2832.31005859375,14.0,0.0,0.0,
2024-10-15,2840.0,2840.0,2810.719970703125,2820.60009765625,24.0,0.0,0.0,
2024-10-16,2820.699951171875,2823.31005859375,2796.72998046875,2812.0,256.0,0.0,0.0,
2024-10-17,2868.239990234375,2868.239990234375,2780.0,2781.929931640625,465.0,0.0,0.0,
2024-10-18,2781.929931640625,2801.02001953125,2757.610107421875,2779.449951171875,58.0,0.0,0.0,
2024-10-21,2800.550048828125,2800.550048828125,2796.949951171875,2796.949951171875,16.0,0.0,0.0,
2024-10-22,2796.0,2796.0,2752.89990234375,2759.669921875,107.0,0.0,0.0,
2024-10-23,2747.530029296875,2755.449951171875,2745.0,2749.3701171875,28.0,0.0,0.0,
2024-10-24,2729.449951171875,2729.449951171875,2729.449951171875,2729.449951171875,1.0,0.0,0.0,
2024-10-25,2718.47998046875,2739.159912109375,2701.929931640625,2720.860107421875,563.0,0.0,0.0,
2024-10-28,2788.89990234375,2788.89990234375,2720.860107421875,2702.010009765625,24.0,0.0,0.0,
2024-10-29,2731.570068359375,2775.0,2731.570068359375,2759.02001953125,105.0,0.0,0.0,
2024-10-30,2759.02001953125,2762.60009765625,2724.419921875,2724.419921875,106.0,0.0,0.0,
2024-10-31,2724.419921875,2724.419921875,2724.419921875,2724.419921875,0.0,0.0,0.0,
2024-11-01,2724.419921875,2724.419921875,2724.419921875,2724.419921875,0.0,0.0,0.0,
2024-11-04,2797.699951171875,2797.699951171875,2695.0,2710.919921875,322.0,0.0,0.0,
2024-11-05,2797.699951171875,2797.699951171875,2669.1201171875,2728.75,250.0,0.0,0.0,
2024-11-06,2767.43994140625,2767.449951171875,2761.64990234375,2761.679931640625,42.0,0.0,0.0,
2024-11-07,2714.60009765625,2736.050048828125,2711.050048828125,2734.199951171875,63.0,0.0,0.0,
2024-11-08,2734.199951171875,2734.199951171875,2706.89990234375,2726.25,11.0,0.0,0.0,
2024-11-11,2724.580078125,2737.25,2704.0,2731.89990234375,13.0,0.0,0.0,
2024-11-12,2715.280029296875,2715.280029296875,2701.10009765625,2701.10009765625,65.0,0.0,0.0,
2024-11-13,2680.0,2701.10009765625,2670.0,2701.10009765625,123.0,0.0,0.0,
2024-11-14,2665.39990234375,2665.39990234375,2658.0,2659.85009765625,68.0,0.0,0.0,
2024-11-18,2646.5400390625,2653.050048828125,2629.0,2640.080078125,45.0,0.0,0.0,
2024-11-19,2653.1298828125,2675.60009765625,2653.1298828125,2675.60009765625,103.0,0.0,0.0,
2024-11-20,2675.60009765625,2675.60009765625,2675.60009765625,2675.60009765625,0.0,0.0,0.0,
2024-11-21,2650.010009765625,2650.010009765625,2637.360107421875,2638.919921875,17.0,0.0,0.0,
2024-11-22,2650.489990234375,2688.0,2650.489990234375,2688.0,10.0,0.0,0.0,
2024-11-25,2712.0,2752.60009765625,2712.0,2730.889892578125,3425.0,0.0,0.0,
2024-11-26,2739.409912109375,2739.409912109375,2708.510009765625,2717.2099609375,34.0,0.0,0.0,
2024-11-27,2785.14990234375,2785.14990234375,2732.449951171875,2732.89990234375,27.0,0.0,0.0,
2024-11-28,2745.280029296875,2745.280029296875,2690.0,2698.719970703125,23.0,0.0,0.0,
2024-11-29,2717.22998046875,2727.469970703125,2696.219970703125,2726.169921875,79.0,0.0,0.0,
2024-12-02,2726.169921875,2742.06005859375,2716.090087890625,2741.3701171875,32.0,0.0,0.0,
2024-12-03,2741.3701171875,2741.3701171875,2741.3701171875,2741.3701171875,0.0,0.0,0.0,
2024-12-04,2742.550048828125,2764.080078125,2742.550048828125,2762.8701171875,45.0,0.0,0.0,
2024-12-05,2761.52001953125,2794.6298828125,2751.800048828125,2794.6298828125,39.0,0.0,0.0,
2024-12-06,2793.3798828125,2795.699951171875,2768.949951171875,2789.050048828125,505.0,0.0,0.0,
2024-12-09,2788.159912109375,2788.159912109375,2778.0,2782.93994140625,20.0,0.0,0.0,
2024-12-10,2782.0,2782.93994140625,2759.85009765625,2774.0,366.0,0.0,0.0,
2024-12-12,2800.0,2800.0,2754.550048828125,2767.949951171875,89.0,0.0,0.0,
2024-12-11,2774.0,2849.0,2759.010009765625,2789.0,104.0,0.0,0.0,
2024-12-13,2732.0,2799.0,2732.0,2794.5,38.0,0.0,0.0,
2024-12-16,2771.360107421875,2803.0,2763.159912109375,2787.239990234375,82.0,0.0,0.0,
2024-12-17,2758.489990234375,2800.0,2740.0,2755.280029296875,57.0,0.0,0.0,
2024-12-18,2740.68994140625,2740.68994140625,2731.85009765625,2731.85009765625,29.0,0.0,0.0,
2024-12-19,2731.85009765625,2731.85009765625,2661.760009765625,2706.889892578125,28.0,0.0,0.0,
2024-12-20,2698.159912109375,2702.7900390625,2664.10009765625,2664.10009765625,46.0,0.0,0.0,
2024-12-23,2685.0400390625,2685.0400390625,2667.199951171875,2685.0400390625,32.0,0.0,0.0,
2024-12-24,2684.989990234375,2684.989990234375,2665.050048828125,2665.050048828125,501.0,0.0,0.0,
2024-12-26,2678.3798828125,2698.0,2678.3798828125,2694.5400390625,27.0,0.0,0.0,
2024-12-27,2694.530029296875,2700.0,2630.0,2671.080078125,41.0,0.0,0.0,
2024-12-30,2670.010009765625,2675.39990234375,2610.0,2616.5400390625,118.0,0.0,0.0,
2024-12-31,2659.989990234375,2660.0,2658.0,2658.0,18.0,0.0,0.0,
2025-01-01,2665.489990234375,2685.0,2665.489990234375,2682.18994140625,14.0,0.0,0.0,
2025-01-02,2684.4599609375,2722.449951171875,2684.4599609375,2722.449951171875,49.0,0.0,0.0,
2025-01-03,2720.830078125,2720.830078125,2694.10009765625,2709.050048828125,219.0,0.0,0.0,
2025-01-06,2695.510009765625,2750.0,2620.0,2640.0,21.0,0.0,0.0,
2025-01-07,2706.0,2706.0,2656.6201171875,2656.6201171875,8.0,0.0,0.0,
2025-01-08,2656.6201171875,2672.949951171875,2580.889892578125,2672.949951171875,24.0,0.0,0.0,
2025-01-09,2664.199951171875,2664.199951171875,2644.10009765625,2659.0,19.0,0.0,0.0,
2025-01-10,2642.5400390625,2645.0,2633.1298828125,2645.0,16.0,0.0,0.0,
2025-01-13,2623.0,2625.1298828125,2584.110107421875,2614.0,21.0,0.0,0.0,
2025-01-14,2614.0,2619.39990234375,2614.0,2614.0,44.0,0.0,0.0,
2025-01-15,2614.0,2614.0,2614.0,2614.0,0.0,0.0,0.0,
2025-01-16,2614.0,2614.0,2614.0,2614.0,0.0,0.0,0.0,
2025-01-17,2614.0,2634.820068359375,2614.0,2634.419921875,36.0,0.0,0.0,
2025-01-20,2634.419921875,2637.5,2620.85009765625,2637.5,51.0,0.0,0.0,
2025-01-21,2627.5,2627.5,2600.0,2602.47998046875,51.0,0.0,0.0,
2025-01-22,2599.85009765625,2610.0,2599.0,2599.169921875,378.0,0.0,0.0,
2025-01-23,2599.169921875,2599.169921875,2599.169921875,2599.169921875,0.0,0.0,0.0,
2025-01-24,2618.14990234375,2618.14990234375,2609.949951171875,2610.080078125,9.0,0.0,0.0,
2025-01-27,2675.340087890625,2675.340087890625,2581.800048828125,2582.010009765625,57.0,0.0,0.0,
2025-01-28,2585.10009765625,2585.10009765625,2585.10009765625,2585.10009765625,18.0,0.0,0.0,
2025-01-29,2598.02001953125,2622.860107421875,2594.0400390625,2597.260009765625,33.0,0.0,0.0,
2025-01-30,2633.5,2633.5,2633.5,2633.5,1.0,0.0,0.0,
2025-01-31,2633.5,2698.0,2623.81005859375,2698.0,19.0,0.0,0.0,
2025-02-01,2666.659912109375,2669.77001953125,2629.340087890625,2660.199951171875,17.0,0.0,0.0,
2025-02-03,2645.93994140625,2772.0,2634.6298828125,2772.0,13.0,0.0,0.0,
2025-02-04,2700.0,2747.0,2635.47998046875,2690.669921875,207.0,0.0,0.0,
2025-02-05,2690.669921875,2690.669921875,2662.31005859375,2677.800048828125,213.0,0.0,0.0,
2025-02-06,2677.610107421875,2704.0,2655.050048828125,2704.0,96.0,0.0,0.0,
2025-02-07,2670.199951171875,2671.43994140625,2655.25,2660.10009765625,63.0,0.0,0.0,
2025-02-10,2660.10009765625,2660.10009765625,2620.949951171875,2645.800048828125,94.0,0.0,0.0,
2025-02-11,2648.719970703125,2648.719970703125,2610.429931640625,2617.35009765625,59.0,0.0,0.0,
2025-02-12,2587.889892578125,2607.949951171875,2584.300048828125,2596.85009765625,34.0,0.0,0.0,
2025-02-13,2592.300048828125,2619.39990234375,2592.300048828125,2610.39990234375,9.0,0.0,0.0,
2025-02-14,2586.5,2595.300048828125,2568.64990234375,2593.35009765625,49.0,0.0,0.0,
2025-02-17,2572.75,2590.050048828125,2572.75,2590.050048828125,23.0,0.0,0.0,
2025-02-18,2575.0,2590.449951171875,2572.050048828125,2588.9599609375,71.0,0.0,0.0,
