Date,Open,High,Low,Close,Volume,Dividends,Stock Splits,Adj Close
2014-02-24,60.90676912311745,61.41110992431641,60.90676912311745,61.41110992431641,5850.0,0.0,0.0,
2014-02-25,61.31222154241969,61.57428124059276,61.31222154241969,61.5594482421875,15640.0,0.0,0.0,
2014-02-26,49.50467694869611,61.85612106323242,49.50467694869611,61.85612106323242,7040.0,0.0,0.0,
2014-02-28,61.95501180649137,62.32585185216698,61.95501180649137,62.30310440063477,2140.0,0.0,0.0,
2014-03-03,62.30112795878892,62.30112795878892,61.73250579833984,61.73250579833984,5910.0,0.0,0.0,
2014-03-04,61.83140106321414,62.42474365234376,61.83140106321414,62.42474365234375,18140.0,0.0,0.0,
2014-03-05,62.64724270116684,62.77085604806921,62.35057142307716,62.75701141357422,13590.0,0.0,0.0,
2014-03-06,62.94391904206663,63.48781325273159,62.94391904206663,63.46309661865234,13150.0,0.0,0.0,
2014-03-07,63.98226862111786,64.82284545898438,63.88337944747484,64.82284545898438,38630.0,0.0,0.0,
2014-03-10,64.77339227076082,65.14423230284532,64.62505474897506,65.1373062133789,73000.0,0.0,0.0,
2014-03-11,65.04534989910037,65.07007407942845,64.6853893731766,64.69923400878906,14790.0,0.0,0.0,
2014-03-12,64.74866790189239,64.92172960092493,64.60033038054446,64.8475570678711,30690.0,0.0,0.0,
2014-03-13,65.02061907025352,65.52496362728556,64.99688325598477,65.12643432617188,20550.0,0.0,0.0,
2014-03-14,64.27894521423268,64.77834045709102,64.15533185805147,64.77537536621094,2100.0,0.0,0.0,
2014-03-18,65.26785086495536,65.29257504468961,64.89701080322266,64.89701080322266,4630.0,0.0,0.0,
2014-03-19,64.94645726114702,65.02062225341797,64.89700890312629,65.02062225341797,9370.0,0.0,0.0,
2014-03-20,64.72394526349541,64.74866944176802,64.62604445871499,64.6497802734375,2650.0,0.0,0.0,
2014-03-21,64.87228174255759,64.87228174255759,64.55089006447461,64.56671142578125,1360.0,0.0,0.0,
2014-03-24,65.26784819559045,65.76230159101158,65.02062149787987,65.36673736572266,12390.0,0.0,0.0,
2014-03-25,65.4656269734837,65.49035115237204,65.2431244530088,65.44091033935547,16670.0,0.0,0.0,
2014-03-26,65.76230543174957,65.8859187878243,65.53980289976718,65.61396789550781,16500.0,0.0,0.0,
2014-03-27,65.68813742063277,66.05897747183373,65.68813742063277,66.00952911376953,2490.0,0.0,0.0,
2014-03-28,66.1825873559331,66.55342738771137,66.1825873559331,66.52474975585938,13890.0,0.0,0.0,
2014-03-31,66.85009461011633,66.87481878775137,66.35761796350383,66.75120544433594,8240.0,0.0,0.0,
2014-04-01,66.75121084822408,66.80065920749728,66.50398414137881,66.78977966308594,12450.0,0.0,0.0,
2014-04-02,67.04788356284725,67.07260019685665,66.75219687070371,67.02217102050781,18440.0,0.0,0.0,
2014-04-03,67.24566152696127,67.24566152696127,66.65231896361657,66.77593231201172,1230.0,0.0,0.0,
2014-04-04,66.7512095976371,66.7512095976371,66.5781478881836,66.5781478881836,7500.0,0.0,0.0,
2014-04-07,66.75120541678578,66.75120541678578,66.3556412090677,66.42882537841797,6530.0,0.0,0.0,
2014-04-09,66.62759264652976,67.44343770184865,66.62759264652976,67.2980728149414,16760.0,0.0,0.0,
2014-04-10,67.74011818436065,67.74011818436065,67.54233983530317,67.65902709960938,15580.0,0.0,0.0,
2014-04-11,67.24566156354301,67.34455073336092,67.22093738489853,67.2703857421875,3620.0,0.0,0.0,
2014-04-15,67.27038354875695,67.27038354875695,66.72648181535295,66.96481323242188,21210.0,0.0,0.0,
2014-04-16,66.9489838859363,66.9489838859363,66.55342722216454,66.55738067626953,3130.0,0.0,0.0,
2014-04-17,66.57814603026864,67.85581341057932,66.5534293965452,67.19621276855469,30260.0,0.0,0.0,
2014-04-21,67.24566116480852,67.74011455572624,67.24566116480852,67.69066619873047,8500.0,0.0,0.0,
2014-04-22,67.78956664154116,67.88845581621219,67.71539410196759,67.7984619140625,8010.0,0.0,0.0,
2014-04-23,67.93789747062499,68.03679419127842,67.83900829473207,67.92504119873047,10270.0,0.0,0.0,
2014-04-25,67.76483722732465,67.93789138344161,67.34454883648662,67.39399719238281,8790.0,0.0,0.0,
2014-04-28,67.36927795410156,67.39400213386247,67.17149960553495,67.36927795410156,13440.0,0.0,0.0,
2014-04-29,67.34454839967779,67.34454839967779,66.65330505371094,66.65330505371094,32100.0,0.0,0.0,
2014-04-30,67.1467749471711,67.39400165349737,66.30620565461379,66.81153106689453,62420.0,0.0,0.0,
2014-05-02,66.89954302140158,68.06051556009832,66.72648132257117,66.91239929199219,613200.0,0.0,0.0,
2014-05-05,66.85009499445903,67.19621084906024,66.52870331763499,66.99744415283203,366680.0,0.0,0.0,
2014-05-06,66.94898457330625,67.44343795285728,66.70175788353073,66.89954376220703,182380.0,0.0,0.0,
2014-05-07,53.52457865064646,67.24566001374521,53.52457865064646,66.29631042480469,162570.0,0.0,0.0,
2014-05-08,53.5245814782729,66.5781484467559,53.5245814782729,66.45849609375,149810.0,0.0,0.0,
2014-05-09,61.80667683167503,68.91691934871425,61.80667683167503,68.2405014038086,309870.0,0.0,0.0,
2014-05-12,76.14582387252214,76.14582387252214,68.43234778701193,69.18095397949219,310400.0,0.0,0.0,
2014-05-13,64.78328746212988,70.85517469317776,64.78328746212988,70.33995056152344,244180.0,0.0,0.0,
2014-05-14,70.31127051145448,70.45960803732716,69.22347456298809,70.42202758789062,166890.0,0.0,0.0,
2014-05-15,66.2567556198275,70.65738786324036,66.2567556198275,70.39631652832031,49020.0,0.0,0.0,
2014-05-16,71.69574386594472,84.05707901524553,70.90956476119165,71.211181640625,345650.0,0.0,0.0,
2014-05-19,70.75628475903628,71.99241826255012,70.72661121735342,71.69673156738281,753330.0,0.0,0.0,
2014-05-20,71.89351857885127,71.94296693485477,71.30017603060855,71.4148941040039,241290.0,0.0,0.0,
2014-05-21,70.8551724424897,71.79463086752864,70.8551724424897,71.55036926269531,313300.0,0.0,0.0,
2014-05-22,71.50784800623704,71.94296941081122,71.42379183394613,71.64431762695312,1730720.0,0.0,0.0,
2014-05-23,71.69574041613298,73.17910056267365,71.69574041613298,72.88737487792969,193150.0,0.0,0.0,
2014-05-26,73.47577982684349,73.87133651948177,71.97263723368098,72.70343780517578,83170.0,0.0,0.0,
2014-05-27,72.23964617381566,72.58576205164756,72.09130864195618,72.57488250732422,52530.0,0.0,0.0,
2014-05-28,72.48687233288311,72.58576150512476,72.33853480214052,72.54422760009766,29000.0,0.0,0.0,
2014-05-29,62.8499743874235,72.3879775197143,62.8499743874235,71.74320983886719,40240.0,0.0,0.0,
2014-05-30,71.794632272733,72.1140472381268,71.54740557238284,71.55729675292969,12400.0,0.0,0.0,
2014-06-02,71.54740491193853,72.93187593007157,71.54740491193853,72.88143920898438,71330.0,0.0,0.0,
2014-06-03,62.84997140147632,73.57367839306897,62.84997140147632,73.2473373413086,47310.0,0.0,0.0,
2014-06-04,72.64706836282546,73.57367806582829,72.64706836282546,73.16229248046875,23260.0,0.0,0.0,
2014-06-05,74.66246183007952,74.66246183007952,72.93187496646841,73.97023010253906,47180.0,0.0,0.0,
2014-06-06,74.3163485459213,75.15691782847189,74.29162436663094,75.01649475097656,79260.0,0.0,0.0,
2014-06-09,77.62918694126122,77.62918694126122,75.3546981913201,75.84915161132812,63700.0,0.0,0.0,
2014-06-10,75.65137052465529,76.04693475530487,75.1074687644171,75.84618377685547,104500.0,0.0,0.0,
2014-06-11,75.99748674196388,76.34360261606741,75.4041441656778,75.59796905517578,88270.0,0.0,0.0,
2014-06-12,72.73904357706428,76.24471654588598,72.73904357706428,75.8580551147461,354510.0,0.0,0.0,
2014-06-13,76.14582438787437,76.51172262377393,74.98385586794753,75.0817642211914,51140.0,0.0,0.0,
2014-06-16,75.15691496743534,75.20636332413369,74.66246157949169,75.02439880371094,40680.0,0.0,0.0,
2014-06-17,75.05802653801446,75.94804415403044,74.77124266481152,75.85013580322266,26920.0,0.0,0.0,
2014-06-18,69.91570500766399,76.34359895626642,69.91570500766399,75.81256103515625,78880.0,0.0,0.0,
2014-06-19,76.14582096950959,76.14582096950959,74.66344918429603,74.71487426757812,63880.0,0.0,0.0,
2014-06-20,74.90968751221234,74.95913586840818,74.5635716531211,74.71487426757812,19140.0,0.0,0.0,
2014-06-23,74.56357488161984,74.8355257629523,74.16801064920537,74.77025604248047,19080.0,0.0,0.0,
2014-06-24,75.15691608517871,75.5524803103685,75.15691608517871,75.25778198242188,65170.0,0.0,0.0,
2014-06-25,75.30525207519531,75.35469288685955,75.20636290710692,75.30525207519531,3160.0,0.0,0.0,
2014-06-26,75.64148060175967,75.64148060175967,74.71191332075158,74.72476959228516,13260.0,0.0,0.0,
2014-06-27,75.15691996192864,75.15691996192864,74.8355282563114,74.83849334716797,16810.0,0.0,0.0,
2014-06-30,75.20636788229804,75.79971047484018,75.20636788229804,75.76410675048828,6810.0,0.0,0.0,
2014-07-01,76.09637457491351,76.09637457491351,75.92332041328686,75.92430877685547,14320.0,0.0,0.0,
2014-07-02,76.14582145487883,77.11495341127166,76.14582145487883,76.78861236572266,31660.0,0.0,0.0,
2014-07-03,76.64027987004737,77.23362246331502,76.64027987004737,76.90332794189453,37890.0,0.0,0.0,
2014-07-04,76.93694862599675,76.96166525908612,76.46721188114208,76.75993347167969,43410.0,0.0,0.0,
2014-07-07,77.40668485481129,77.9505790930808,77.28307149910087,77.91201782226562,340810.0,0.0,0.0,
2014-07-08,77.82696385920492,77.91596939644393,75.6612630498596,76.19725036621094,62350.0,0.0,0.0,
2014-07-09,76.34359945485294,76.34359945485294,75.4535893996572,75.68202209472656,57410.0,0.0,0.0,
2014-07-10,75.7502618916813,77.54513020772983,75.05803012655096,75.4961166381836,384630.0,0.0,0.0,
2014-07-11,75.55248466139591,75.75026301300073,74.51412945356938,74.7297134399414,25220.0,0.0,0.0,
2014-07-14,74.56357606486164,74.60313324320683,74.11856346704842,74.32624053955078,61700.0,0.0,0.0,
2014-07-15,74.8355263268839,75.11736084619936,74.46468627084336,74.97298431396484,105030.0,0.0,0.0,
2014-07-16,75.32997777162197,76.14582285574377,75.15691606540943,75.77399444580078,110420.0,0.0,0.0,
2014-07-17,76.14582744882408,76.34360580091682,75.94804909673134,76.1804428100586,52230.0,0.0,0.0,
2014-07-18,75.1569203329546,76.59083224245546,74.66246690971147,76.3960189819336,112350.0,0.0,0.0,
2014-07-21,76.9369543223592,76.96167095727856,76.68972761508267,76.72235870361328,32900.0,0.0,0.0,
2014-07-22,76.93695538164225,77.62918715364317,76.93695538164225,77.47195434570312,41270.0,0.0,0.0,
2014-07-23,77.87641369196207,77.90113787192747,77.57973862189803,77.82696533203125,21550.0,0.0,0.0,
2014-07-24,78.01485810138308,78.22252762734716,77.77752257810417,78.1444091796875,43730.0,0.0,0.0,
2014-07-25,78.12363700680726,78.12363700680726,77.33349691443442,77.97628784179688,432440.0,0.0,0.0,
2014-07-28,77.13473081497062,78.60819984236478,76.73916658389054,77.32954406738281,31970.0,0.0,0.0,
2014-07-30,77.33251042618278,78.1236389013154,77.33251042618278,78.03562927246094,29230.0,0.0,0.0,
2014-07-31,78.00002110562903,78.3708611425813,77.39184555756006,77.9298095703125,216000.0,0.0,0.0,
2014-08-01,76.93695518140092,77.29296224743496,76.3436050415039,76.3436050415039,37190.0,0.0,0.0,
2014-08-04,76.59082732836642,77.13472907694116,76.4672139804867,76.91519165039062,54780.0,0.0,0.0,
2014-08-05,77.11000874412562,77.48084880625969,76.5413903334242,77.3344955444336,103220.0,0.0,0.0,
2014-08-06,77.13472684901409,77.38195353763271,76.14582009453954,76.43754577636719,117360.0,0.0,0.0,
2014-08-07,76.44249566396027,76.64027399831004,75.87386974937498,76.14582061767578,170550.0,0.0,0.0,
2014-08-08,75.601923474679,75.601923474679,75.40414512831214,75.53072357177734,75690.0,0.0,0.0,
2014-08-11,75.55248015995612,76.46721441257887,75.55248015995612,76.30107879638672,113820.0,0.0,0.0,
2014-08-12,76.59082985552375,77.38195832596165,76.49194068290907,77.14462280273438,65380.0,0.0,0.0,
2014-08-13,77.13472887188935,77.33250721006712,76.93695053371157,77.29196166992188,131070.0,0.0,0.0,
2014-08-14,77.33250967353317,77.97530061022734,77.33250967353317,77.87641143798828,27220.0,0.0,0.0,
2014-08-18,78.12363652070204,78.51920074621457,77.87640982285171,78.42920684814453,54900.0,0.0,0.0,
2014-08-19,78.81587062565178,79.0136565167327,78.74170563197163,78.87422180175781,60990.0,0.0,0.0,
2014-08-20,78.81587033043479,78.91476704798495,78.64281616424252,78.7782974243164,39220.0,0.0,0.0,
2014-08-21,78.6180923783114,79.21143496278056,78.13847196588175,79.01365661621094,187310.0,0.0,0.0,
2014-08-22,78.3708662693845,79.5872249898531,78.32141790998548,79.02255249023438,69650.0,0.0,0.0,
2014-08-25,79.46855328750276,79.7553371729429,79.16199458520069,79.41020965576172,182750.0,0.0,0.0,
2014-08-26,79.01365644838212,79.60699903159099,78.86531891638982,79.0462875366211,127630.0,0.0,0.0,
2014-08-27,79.50810700399708,79.55754781637928,79.31032112018822,79.40921783447266,11700.0,0.0,0.0,
2014-08-28,79.60699482216587,79.68115981186021,79.45865729801731,79.56348419189453,25920.0,0.0,0.0,
2014-09-01,79.50810498755052,80.48217874942011,79.50810498755052,80.39317321777344,57110.0,0.0,0.0,
2014-09-02,80.44756921900169,80.7442442863021,80.39812840429187,80.6562271118164,155940.0,0.0,0.0,
2014-09-03,80.8431323698369,81.18924824717772,80.74424319699098,80.91729736328125,690060.0,0.0,0.0,
2014-09-04,81.28813684329232,81.28813684329232,80.30912121297135,80.89752197265625,69170.0,0.0,0.0,
2014-09-05,80.8935671266625,80.99146793353435,80.39911372968703,80.74028778076172,88260.0,0.0,0.0,
2014-09-08,81.18924462702738,81.48591967709693,81.09035545859084,81.45426940917969,48520.0,0.0,0.0,
2014-09-09,81.33758522642214,81.4859227570637,81.18924769578057,81.39197540283203,49610.0,0.0,0.0,
2014-09-10,81.09035791310066,81.18924708453046,80.89257957024107,81.0280532836914,11710.0,0.0,0.0,
2014-09-11,81.09036051923614,81.1892496938441,80.59590710143591,81.08541870117188,40680.0,0.0,0.0,
2014-09-12,81.09036128935101,81.13980964950481,80.59590786685497,81.06168365478516,34340.0,0.0,0.0,
2014-09-15,80.99146545726997,80.99146545726997,80.3981229079925,80.47821807861328,19060.0,0.0,0.0,
2014-09-16,80.39812308667457,80.49701225431394,79.55754629984017,79.59611511230469,35470.0,0.0,0.0,
2014-09-17,79.87894946606556,80.0520036317813,79.60699858307196,79.98278045654297,30120.0,0.0,0.0,
2014-09-18,79.79983430543224,81.48493385464752,79.79983430543224,81.1783676147461,48150.0,0.0,0.0,
2014-09-19,81.18924614078898,81.83203706475112,81.0063007985324,81.26737213134766,32960.0,0.0,0.0,
2014-09-22,81.04090899177632,81.53536239024906,80.84313065029127,81.33065795898438,19040.0,0.0,0.0,
2014-09-23,81.4859216266614,81.58481079746387,80.15089895892764,80.33087921142578,30030.0,0.0,0.0,
2014-09-24,80.29922831123764,80.69479253609674,79.94322126334043,80.30021667480469,38010.0,0.0,0.0,
2014-09-25,80.29923217989489,80.29923217989489,79.24110216565519,79.386474609375,24990.0,0.0,0.0,
2014-09-26,79.38646905428226,80.53656961752972,78.91476312124242,80.06881713867188,34410.0,0.0,0.0,
2014-09-29,80.00256478139664,80.27748076191335,79.40922218696842,79.51502990722656,38600.0,0.0,0.0,
2014-09-30,79.70588617509951,80.49701462907353,79.3597703057709,79.86905670166016,206320.0,0.0,0.0,
2014-10-01,79.80477383727708,79.95311136268852,79.661385674394,79.90564727783203,7520.0,0.0,0.0,
2014-10-07,79.60699958000872,80.59590640708957,78.5735937564517,78.75456237792969,39720.0,0.0,0.0,
2014-10-08,78.61809119866756,78.81092772434559,78.37086449678496,78.62995910644531,49430.0,0.0,0.0,
2014-10-09,79.31032160358066,79.7058858288493,79.31032160358066,79.6119384765625,35520.0,0.0,0.0,
2014-10-10,79.06309713497441,79.65644726198622,78.71698125739104,78.91773223876953,134990.0,0.0,0.0,
2014-10-13,78.61809024714805,79.31032198613713,78.42031190593976,79.01958465576172,105300.0,0.0,0.0,
2014-10-14,79.1076034628029,79.11254528076927,78.3411991714434,78.78916931152344,71330.0,0.0,0.0,
2014-10-16,78.61809379412702,79.01365803915019,77.82696530408069,77.83784484863281,87240.0,0.0,0.0,
2014-10-17,77.82695989646912,78.51919916335126,77.82695989646912,77.98222351074219,98350.0,0.0,0.0,
2014-10-20,78.1236392584065,79.24802734571932,78.1236392584065,79.10958099365234,477280.0,0.0,0.0,
2014-10-21,79.21143617906851,80.8925823297654,79.11254700426527,79.88092803955078,883760.0,0.0,0.0,
2014-10-22,80.39812675216871,80.49701592431663,80.10145169096475,80.3921890258789,243370.0,0.0,0.0,
2014-10-27,80.79367968986813,80.98751211557233,80.29922630732362,80.46734619140625,205070.0,0.0,0.0,
2014-10-28,80.69479438752214,80.79368355981578,80.39812687064124,80.70369720458984,145100.0,0.0,0.0,
2014-10-29,81.03596898634699,81.28813750909443,80.6206299330829,81.23968505859375,1343030.0,0.0,0.0,
2014-10-30,81.19419828939374,82.00015222235487,81.09530157095995,81.75391387939453,143710.0,0.0,0.0,
2014-10-31,82.07926796002486,87.02380217448419,82.07926796002486,84.08279418945312,376970.0,0.0,0.0,
2014-11-03,83.24617783990554,83.71096526045417,83.24617783990554,83.53592681884766,41290.0,0.0,0.0,
2014-11-05,84.19552791891614,84.19552791891614,83.51812914651279,83.76040649414062,57510.0,0.0,0.0,
2014-11-07,84.55152983756314,84.55152983756314,83.0681696649743,83.66744995117188,30620.0,0.0,0.0,
2014-11-10,83.61207598677764,83.8593026957335,83.26595255843111,83.7188720703125,138340.0,0.0,0.0,
2014-11-11,81.58481387389298,83.90874342680331,81.58481387389298,83.75151062011719,118550.0,0.0,0.0,
2014-11-12,84.0570785325255,84.35375359230906,83.76040347274191,83.83358764648438,34770.0,0.0,0.0,
2014-11-13,84.40319742217072,84.40319742217072,83.47363012149764,83.77128601074219,96100.0,0.0,0.0,
2014-11-14,83.98291240784371,84.05707739940975,83.66646253589516,83.93346405029297,67440.0,0.0,0.0,
2014-11-17,85.31793607754963,85.31793607754963,83.61701516644148,84.36067199707031,126530.0,0.0,0.0,
2014-11-18,85.31793948951606,85.31793948951606,84.07092638971048,84.39430236816406,12620.0,0.0,0.0,
2014-11-19,84.50703083195548,84.50703083195548,83.57745604293284,84.0007095336914,16720.0,0.0,0.0,
2014-11-20,84.00762953415479,84.0570778919953,83.56756631051063,83.98587799072266,23690.0,0.0,0.0,
2014-11-21,83.96313314405383,85.04104551138816,83.96313314405383,84.68800354003906,92250.0,0.0,0.0,
2014-11-24,85.5999984741211,85.5999984741211,83.99500274658203,84.99099731445312,1612300.0,0.95,0.0,
2014-11-25,85.01000213623047,85.09500122070312,84.19999694824219,84.3270034790039,149460.0,0.0,0.0,
2014-11-26,84.50499725341797,84.83999633789062,84.19999694824219,84.38899993896484,248810.0,0.0,0.0,
2014-11-27,84.5,84.97000122070312,84.05999755859375,84.73300170898438,188070.0,0.0,0.0,
2014-11-28,85.25,85.95999908447266,85.19999694824219,85.49800109863281,275630.0,0.0,0.0,
2014-12-01,84.63999938964844,85.7699966430664,84.63999938964844,85.23799896240234,162190.0,0.0,0.0,
2014-12-02,85.01000213623047,85.18000030517578,84.24199676513672,85.06999969482422,117140.0,0.0,0.0,
2014-12-03,85.0,85.19999694824219,84.70500183105469,85.03099822998047,85680.0,0.0,0.0,
2014-12-04,85.5,85.5999984741211,84.80500030517578,85.40799713134766,104720.0,0.0,0.0,
2014-12-05,85.5,85.80000305175781,85.31500244140625,85.62300109863281,152590.0,0.0,0.0,
2014-12-08,85.80000305175781,85.80000305175781,84.5999984741211,84.61699676513672,35290.0,0.0,0.0,
2014-12-09,84.6050033569336,84.6050033569336,83.5,83.70700073242188,39740.0,0.0,0.0,
2014-12-10,83.69499969482422,83.9990005493164,83.51000213623047,83.7040023803711,39470.0,0.0,0.0,
2014-12-11,83.4000015258789,83.4000015258789,82.5999984741211,82.76899719238281,18780.0,0.0,0.0,
2014-12-12,82.9000015258789,83.19499969482422,82.4000015258789,82.53500366210938,21330.0,0.0,0.0,
2014-12-15,82.0,82.59500122070312,82.0,82.41400146484375,35210.0,0.0,0.0,
2014-12-16,82.5,82.5,81.00499725341797,81.35399627685547,117020.0,0.0,0.0,
2014-12-17,80.80000305175781,81.00499725341797,80.19999694824219,80.43199920654297,47440.0,0.0,0.0,
2014-12-18,81.30000305175781,81.56500244140625,81.0,81.40699768066406,61810.0,0.0,0.0,
2014-12-19,81.4000015258789,82.59500122070312,81.4000015258789,82.26699829101562,47740.0,0.0,0.0,
2014-12-22,82.5,83.4000015258789,82.20500183105469,83.28399658203125,60030.0,0.0,0.0,
2014-12-23,83.4000015258789,83.5999984741211,82.5999984741211,82.69200134277344,45170.0,0.0,0.0,
2014-12-24,82.69999694824219,82.8949966430664,81.7699966430664,82.1709976196289,20170.0,0.0,0.0,
2014-12-26,82.19999694824219,82.30000305175781,81.5,81.84100341796875,73660.0,0.0,0.0,
2014-12-29,82.69499969482422,82.9000015258789,82.40499877929688,82.81800079345703,40580.0,0.0,0.0,
2014-12-30,82.05500030517578,83.0,82.05500030517578,82.6500015258789,7410.0,0.0,0.0,
2014-12-31,82.83499908447266,83.0,82.6500015258789,82.7959976196289,48120.0,0.0,0.0,
2015-01-01,82.80500030517578,83.0999984741211,82.6050033569336,82.95700073242188,12620.0,0.0,0.0,
2015-01-02,83.30000305175781,84.0,83.30000305175781,83.8489990234375,29320.0,0.0,0.0,
2015-01-05,84.0,84.4000015258789,83.4000015258789,83.71099853515625,53420.0,0.0,0.0,
2015-01-06,83.4000015258789,83.4000015258789,81.53500366210938,81.85900115966797,112510.0,0.0,0.0,
2015-01-07,81.84200286865234,82.0,81.0,81.40799713134766,132590.0,0.0,0.0,
2015-01-08,81.83000183105469,82.30000305175781,81.66000366210938,82.2490005493164,56790.0,0.0,0.0,
2015-01-09,82.5,82.8499984741211,82.0,82.73400115966797,37360.0,0.0,0.0,
2015-01-12,82.9000015258789,83.5,82.5999984741211,83.44499969482422,54100.0,0.0,0.0,
2015-01-13,83.4000015258789,83.76000213623047,82.80999755859375,83.46600341796875,137050.0,0.0,0.0,
2015-01-14,83.76499938964844,83.76499938964844,82.4000015258789,82.96499633789062,286400.0,0.0,0.0,
2015-01-15,83.02999877929688,85.09500122070312,83.02999877929688,85.0,526190.0,0.0,0.0,
2015-01-16,84.5,85.4000015258789,84.5,85.24700164794922,41600.0,0.0,0.0,
2015-01-19,85.30000305175781,85.80000305175781,85.1050033569336,85.73300170898438,18290.0,0.0,0.0,
2015-01-20,85.98999786376953,86.87999725341797,85.79499816894531,86.71600341796875,73830.0,0.0,0.0,
2015-01-21,86.80000305175781,87.5,86.70500183105469,87.22799682617188,143780.0,0.0,0.0,
2015-01-22,87.5999984741211,87.88999938964844,87.11499786376953,87.54100036621094,113040.0,0.0,0.0,
2015-01-23,87.80000305175781,88.5999984741211,87.80000305175781,88.11900329589844,33690.0,0.0,0.0,
2015-01-27,88.80000305175781,88.9000015258789,88.0,88.63800048828125,101830.0,0.0,0.0,
2015-01-28,88.69999694824219,89.66500091552734,88.62000274658203,89.30000305175781,280620.0,0.0,0.0,
2015-01-29,88.9000015258789,89.4000015258789,88.70500183105469,89.16600036621094,16500.0,0.0,0.0,
2015-01-30,96.3000030517578,96.3000030517578,88.06999969482422,88.50700378417969,36170.0,0.0,0.0,
2015-02-02,88.1050033569336,88.4000015258789,87.5999984741211,87.93399810791016,129610.0,0.0,0.0,
2015-02-03,89.0999984741211,89.0999984741211,87.5999984741211,88.2490005493164,100750.0,0.0,0.0,
2015-02-04,88.0999984741211,88.0999984741211,87.0,87.29199981689453,191390.0,0.0,0.0,
2015-02-05,87.4000015258789,88.48999786376953,87.30000305175781,87.38700103759766,60540.0,0.0,0.0,
2015-02-06,87.30000305175781,87.3949966430664,86.73999786376953,86.88300323486328,28880.0,0.0,0.0,
2015-02-09,81.66999816894531,86.5,81.66999816894531,85.59700012207031,37240.0,0.0,0.0,
2015-02-10,85.09500122070312,86.0,84.69999694824219,85.51000213623047,586320.0,0.0,0.0,
2015-02-11,86.19499969482422,86.4000015258789,85.9000015258789,86.14399719238281,86720.0,0.0,0.0,
2015-02-12,86.19999694824219,87.38600158691406,86.00499725341797,86.98400115966797,383240.0,0.0,0.0,
2015-02-13,87.5,88.2699966430664,87.30000305175781,88.05400085449219,113980.0,0.0,0.0,
2015-02-16,88.30000305175781,88.79499816894531,87.80500030517578,88.3280029296875,43640.0,0.0,0.0,
2015-02-18,88.30000305175781,89.0,88.0999984741211,88.6729965209961,118520.0,0.0,0.0,
2015-02-19,88.69999694824219,89.05599975585938,88.30000305175781,88.9489974975586,27500.0,0.0,0.0,
2015-02-20,88.77999877929688,88.99400329589844,88.20500183105469,88.43699645996094,29770.0,0.0,0.0,
2015-02-23,88.5,88.80000305175781,87.5,87.62799835205078,23780.0,0.0,0.0,
2015-02-24,88.0,88.19999694824219,87.5,87.6989974975586,36100.0,0.0,0.0,
2015-02-25,88.0999984741211,88.59500122070312,87.9000015258789,88.12799835205078,18570.0,0.0,0.0,
2015-02-26,88.0,88.0,87.0999984741211,87.26200103759766,21110.0,0.0,0.0,
2015-02-27,87.5999984741211,88.8479995727539,87.2249984741211,88.5469970703125,51470.0,0.0,0.0,
2015-03-02,89.69999694824219,89.87000274658203,89.19999694824219,89.64299774169922,32880.0,0.0,0.0,
2015-03-03,89.5,90.19499969482422,89.4010009765625,90.01499938964844,26260.0,0.0,0.0,
2015-03-04,90.5999984741211,90.9000015258789,89.0250015258789,89.7509994506836,55280.0,0.0,0.0,
2015-03-05,89.9000015258789,89.9000015258789,89.22000122070312,89.56500244140625,26820.0,0.0,0.0,
2015-03-09,88.9000015258789,89.0999984741211,87.6500015258789,88.0469970703125,188410.0,0.0,0.0,
2015-03-10,88.5,88.5,87.00499725341797,87.5,209210.0,0.0,0.0,
2015-03-11,87.4000015258789,87.9000015258789,87.21499633789062,87.48200225830078,40480.0,0.0,0.0,
2015-03-12,87.69999694824219,88.18000030517578,87.69999694824219,87.9530029296875,29420.0,0.0,0.0,
2015-03-13,88.30000305175781,88.6500015258789,86.55000305175781,87.16999816894531,72170.0,0.0,0.0,
2015-03-16,87.33999633789062,87.33999633789062,86.51499938964844,86.64399719238281,18170.0,0.0,0.0,
2015-03-17,86.69999694824219,87.58000183105469,86.32499694824219,87.38600158691406,155630.0,0.0,0.0,
2015-03-18,87.5999984741211,87.73999786376953,86.82499694824219,86.98100280761719,25340.0,0.0,0.0,
2015-03-19,87.0999984741211,88.08999633789062,86.30000305175781,86.4739990234375,107880.0,0.0,0.0,
2015-03-20,86.30000305175781,86.80000305175781,85.82499694824219,85.9990005493164,158230.0,0.0,0.0,
2015-03-23,86.66500091552734,86.66500091552734,85.67500305175781,85.73200225830078,33640.0,0.0,0.0,
2015-03-24,86.04000091552734,86.48999786376953,85.5,85.89700317382812,106410.0,0.0,0.0,
2015-03-25,85.69999694824219,85.79499816894531,85.125,85.30000305175781,56500.0,0.0,0.0,
2015-03-26,85.0999984741211,85.30000305175781,83.9000015258789,84.08999633789062,98160.0,0.0,0.0,
2015-03-27,84.63999938964844,84.63999938964844,83.4000015258789,83.81300354003906,98270.0,0.0,0.0,
2015-03-30,84.0,84.9000015258789,84.0,84.77999877929688,102380.0,0.0,0.0,
2015-03-31,85.30000305175781,85.5999984741211,84.73999786376953,85.21700286865234,108150.0,0.0,0.0,
2015-04-01,85.30000305175781,86.27799987792969,84.86499786376953,86.10399627685547,224810.0,0.0,0.0,
2015-04-06,87.41999816894531,87.41999816894531,85.71099853515625,86.95899963378906,199300.0,0.0,0.0,
2015-04-07,87.0999984741211,87.20500183105469,86.16999816894531,86.82099914550781,689200.0,0.0,0.0,
2015-04-08,87.0,87.66999816894531,86.9000015258789,87.21600341796875,131210.0,0.0,0.0,
2015-04-09,87.40499877929688,87.77999877929688,87.0999984741211,87.52899932861328,178360.0,0.0,0.0,
2015-04-10,87.0999984741211,87.8499984741211,87.0999984741211,87.59300231933594,13470.0,0.0,0.0,
2015-04-13,87.8550033569336,88.42500305175781,87.69999694824219,88.3489990234375,35410.0,0.0,0.0,
2015-04-15,88.30000305175781,88.68499755859375,87.55000305175781,87.89700317382812,1510080.0,0.0,0.0,
2015-04-16,87.69999694824219,87.69999694824219,86.5250015258789,87.0,426280.0,0.0,0.0,
2015-04-17,87.05000305175781,87.0999984741211,86.16000366210938,86.33300018310547,254800.0,0.0,0.0,
2015-04-20,86.30000305175781,86.30000305175781,85.01499938964844,85.39600372314453,138730.0,0.0,0.0,
2015-04-21,85.01499938964844,85.58000183105469,84.30000305175781,84.87000274658203,892870.0,0.0,0.0,
2015-04-22,85.01499938964844,85.1500015258789,84.0199966430664,84.81400299072266,446500.0,0.0,0.0,
2015-04-23,84.33499908447266,85.94000244140625,84.20500183105469,84.63700103759766,243380.0,0.0,0.0,
2015-04-24,84.49500274658203,84.5999984741211,82.8949966430664,83.16100311279297,842350.0,0.0,0.0,
2015-04-27,83.5999984741211,83.5999984741211,82.30000305175781,82.41999816894531,480560.0,0.0,0.0,
2015-04-28,82.69999694824219,83.44999694824219,82.26000213623047,83.302001953125,426440.0,0.0,0.0,
2015-04-29,83.302001953125,83.69999694824219,82.84500122070312,83.25800323486328,371180.0,0.0,0.0,
2015-04-30,82.5,83.19999694824219,82.19999694824219,82.42400360107422,447210.0,0.0,0.0,
2015-05-04,82.87000274658203,83.72000122070312,82.4000015258789,83.50299835205078,67390.0,0.0,0.0,
2015-05-05,85.0,85.0,83.0999984741211,83.55799865722656,111370.0,0.0,0.0,
2015-05-06,83.30000305175781,83.30000305175781,81.5,81.68800354003906,93660.0,0.0,0.0,
2015-05-07,81.84500122070312,82.0,80.80000305175781,81.02899932861328,218680.0,0.0,0.0,
2015-05-08,81.69999694824219,82.55000305175781,81.69999694824219,82.27999877929688,103220.0,0.0,0.0,
2015-05-11,82.5,83.5999984741211,82.5,83.38400268554688,35890.0,0.0,0.0,
2015-05-12,83.19999694824219,83.4800033569336,81.81500244140625,82.01100158691406,189200.0,0.0,0.0,
2015-05-13,82.92500305175781,83.19999694824219,81.69999694824219,82.76699829101562,435080.0,0.0,0.0,
2015-05-14,82.4000015258789,82.86499786376953,82.0,82.72000122070312,527800.0,0.0,0.0,
2015-05-15,83.0,83.5,82.5,83.08200073242188,308830.0,0.0,0.0,
2015-05-18,83.01000213623047,84.1989974975586,83.00499725341797,83.99600219726562,122450.0,0.0,0.0,
2015-05-19,83.5999984741211,84.4990005493164,83.33999633789062,83.94599914550781,363430.0,0.0,0.0,
2015-05-20,84.00499725341797,84.68000030517578,84.0,84.31999969482422,348860.0,0.0,0.0,
2015-05-21,84.625,84.7490005493164,83.93499755859375,84.5739974975586,235660.0,0.0,0.0,
2015-05-22,84.6500015258789,84.99800109863281,84.4010009765625,84.65699768066406,127130.0,0.0,0.0,
2015-05-25,84.5,84.5999984741211,83.93000030517578,84.18599700927734,166530.0,0.0,0.0,
2015-05-26,84.30000305175781,84.30000305175781,83.32499694824219,83.71700286865234,187400.0,0.0,0.0,
2015-05-27,83.30000305175781,83.7750015258789,83.04000091552734,83.57099914550781,281520.0,0.0,0.0,
2015-05-28,83.80000305175781,83.9800033569336,83.2750015258789,83.50299835205078,276660.0,0.0,0.0,
2015-05-29,83.69999694824219,84.66999816894531,83.61000061035156,84.31099700927734,562060.0,0.0,0.0,
2015-06-01,84.31099700927734,85.12999725341797,84.31099700927734,84.76799774169922,432730.0,0.0,0.0,
2015-06-02,84.9800033569336,84.9800033569336,82.61599731445312,82.93699645996094,204570.0,0.0,0.0,
2015-06-03,83.61000061035156,83.61000061035156,81.36000061035156,81.7969970703125,919550.0,0.0,0.0,
2015-06-04,82.0999984741211,82.16000366210938,81.0250015258789,81.61499786376953,720130.0,0.0,0.0,
2015-06-05,81.5,82.45999908447266,81.31500244140625,81.6520004272461,650310.0,0.0,0.0,
2015-06-08,81.5999984741211,81.69999694824219,80.70099639892578,80.98699951171875,200350.0,0.0,0.0,
2015-06-09,80.9000015258789,81.23999786376953,80.40499877929688,80.73100280761719,368610.0,0.0,0.0,
2015-06-10,80.70999908447266,82.30000305175781,80.70999908447266,81.62799835205078,245800.0,0.0,0.0,
2015-06-11,82.30000305175781,82.30000305175781,80.55599975585938,81.12799835205078,489100.0,0.0,0.0,
2015-06-12,80.3010025024414,80.5999984741211,79.80599975585938,80.11100006103516,418740.0,0.0,0.0,
2015-06-15,80.12000274658203,80.98999786376953,79.30000305175781,80.48600006103516,190340.0,0.0,0.0,
2015-06-16,80.48600006103516,81.0,80.0999984741211,80.677001953125,389750.0,0.0,0.0,
2015-06-17,80.91899871826172,81.5999984741211,80.822998046875,81.23400115966797,49020.0,0.0,0.0,
2015-06-18,81.4000015258789,82.69999694824219,81.2249984741211,82.22100067138672,330540.0,0.0,0.0,
2015-06-19,82.19999694824219,82.9000015258789,82.19999694824219,82.80000305175781,43810.0,0.0,0.0,
2015-06-22,82.80000305175781,84.16899871826172,82.80000305175781,83.9489974975586,652750.0,0.0,0.0,
2015-06-23,83.9010009765625,84.38999938964844,83.70500183105469,84.18299865722656,307400.0,0.0,0.0,
2015-06-24,84.4000015258789,84.68000030517578,83.5999984741211,83.94599914550781,300210.0,0.0,0.0,
2015-06-25,84.20099639892578,84.5999984741211,83.8010025024414,84.44999694824219,89020.0,0.0,0.0,
2015-06-26,84.30999755859375,84.44999694824219,83.73400115966797,84.2040023803711,104570.0,0.0,0.0,
2015-06-29,82.69999694824219,83.75,82.55000305175781,83.60800170898438,569140.0,0.0,0.0,
2015-06-30,83.94999694824219,84.25,83.4489974975586,84.16899871826172,251480.0,0.0,0.0,
2015-07-01,83.0,85.16899871826172,83.0,84.73500061035156,208800.0,0.0,0.0,
2015-07-02,84.80000305175781,85.0999984741211,84.6510009765625,84.85199737548828,59980.0,0.0,0.0,
2015-07-03,84.87999725341797,85.30000305175781,84.8270034790039,85.13600158691406,236240.0,0.0,0.0,
2015-07-06,84.4000015258789,85.69000244140625,84.22200012207031,85.5250015258789,200850.0,0.0,0.0,
2015-07-07,85.5999984741211,85.98799896240234,85.30000305175781,85.48799896240234,278690.0,0.0,0.0,
2015-07-08,85.0,85.13999938964844,84.0999984741211,84.20999908447266,1014620.0,0.0,0.0,
2015-07-09,84.5999984741211,84.79000091552734,83.69999694824219,83.8740005493164,225650.0,0.0,0.0,
2015-07-10,84.0999984741211,84.36900329589844,83.66000366210938,84.13200378417969,296320.0,0.0,0.0,
2015-07-13,84.25,85.21499633789062,84.0009994506836,85.0999984741211,387460.0,0.0,0.0,
2015-07-14,85.0,85.44400024414062,84.70700073242188,85.01399993896484,430340.0,0.0,0.0,
2015-07-15,85.30000305175781,85.79499816894531,85.30000305175781,85.625,250410.0,0.0,0.0,
2015-07-16,85.80000305175781,86.5,85.80000305175781,86.38899993896484,269880.0,0.0,0.0,
2015-07-17,86.41000366210938,86.79499816894531,86.4000015258789,86.52100372314453,393870.0,0.0,0.0,
2015-07-20,86.5999984741211,86.80000305175781,86.1500015258789,86.7020034790039,82930.0,0.0,0.0,
2015-07-21,86.5250015258789,86.7969970703125,85.61299896240234,85.72599792480469,160000.0,0.0,0.0,
2015-07-22,85.69999694824219,86.74500274658203,85.5199966430664,86.67400360107422,221580.0,0.0,0.0,
2015-07-23,87.0,87.0,86.19999694824219,86.37300109863281,318180.0,0.0,0.0,
2015-07-24,86.4000015258789,86.4800033569336,85.5270004272461,85.66200256347656,109270.0,0.0,0.0,
2015-07-27,85.4010009765625,85.4010009765625,84.4000015258789,84.48999786376953,18170.0,0.0,0.0,
2015-07-28,84.55000305175781,84.83799743652344,84.0,84.1729965209961,75730.0,0.0,0.0,
2015-07-29,84.39900207519531,84.43399810791016,83.9209976196289,84.23300170898438,46080.0,0.0,0.0,
2015-07-30,84.60099792480469,85.18800354003906,84.54000091552734,84.79499816894531,14320.0,0.0,0.0,
2015-07-31,84.69999694824219,86.08999633789062,84.69999694824219,85.83100128173828,266220.0,0.0,0.0,
2015-08-03,86.29900360107422,86.29900360107422,85.72000122070312,85.84300231933594,97460.0,0.0,0.0,
2015-08-04,86.0,86.08000183105469,85.19999694824219,85.8290023803711,124450.0,0.0,0.0,
2015-08-05,88.0,88.0,86.02100372314453,86.16799926757812,37580.0,0.0,0.0,
2015-08-06,86.10099792480469,86.5999984741211,86.01399993896484,86.32099914550781,86550.0,0.0,0.0,
2015-08-07,86.36000061035156,86.5790023803711,86.1500015258789,86.28700256347656,108740.0,0.0,0.0,
2015-08-10,86.30000305175781,86.80000305175781,85.5999984741211,85.79000091552734,141170.0,0.0,0.0,
2015-08-11,85.7699966430664,86.02100372314453,85.22200012207031,85.43199920654297,44750.0,0.0,0.0,
2015-08-12,84.9010009765625,85.2239990234375,84.51399993896484,84.62999725341797,25930.0,0.0,0.0,
2015-08-13,85.59600067138672,85.59600067138672,84.35900115966797,84.41999816894531,133430.0,0.0,0.0,
2015-08-14,84.9000015258789,85.87999725341797,84.75,85.7750015258789,130340.0,0.0,0.0,
2015-08-17,85.88999938964844,85.88999938964844,84.94999694824219,85.34400177001953,101740.0,0.0,0.0,
2015-08-18,85.73999786376953,85.80000305175781,84.91000366210938,85.1969985961914,186070.0,0.0,0.0,
2015-08-19,85.0,85.69999694824219,85.0,85.51599884033203,344620.0,0.0,0.0,
2015-08-20,85.4000015258789,85.5,84.21499633789062,84.5199966430664,78250.0,0.0,0.0,
2015-08-21,84.4000015258789,84.5,83.4000015258789,83.80400085449219,79620.0,0.0,0.0,
2015-08-24,81.5999984741211,82.19999694824219,79.26499938964844,79.94999694824219,168930.0,0.0,0.0,
2015-08-25,80.30999755859375,87.1500015258789,78.16100311279297,79.54499816894531,137900.0,0.0,0.0,
2015-08-26,79.5,80.02999877929688,78.81999969482422,79.01000213623047,254650.0,0.0,0.0,
2015-08-27,79.80000305175781,81.66000366210938,79.75,80.4000015258789,72400.0,0.0,0.0,
2015-08-28,81.11000061035156,81.63999938964844,80.6500015258789,80.86000061035156,60310.0,0.0,0.0,
2015-08-31,80.8499984741211,81.44000244140625,80.25299835205078,80.5510025024414,113430.0,0.0,0.0,
2015-09-01,79.69999694824219,80.30000305175781,79.20999908447266,79.48999786376953,86350.0,0.0,0.0,
2015-09-02,79.55999755859375,79.9000015258789,78.15499877929688,78.3010025024414,91290.0,0.0,0.0,
2015-09-03,78.80000305175781,79.43499755859375,78.51000213623047,79.00499725341797,102270.0,0.0,0.0,
2015-09-04,78.5,78.5,77.5999984741211,78.1969985961914,161020.0,0.0,0.0,
2015-09-07,78.0,78.29900360107422,76.56700134277344,76.74299621582031,35560.0,0.0,0.0,
2015-09-08,76.69999694824219,78.27999877929688,76.30500030517578,77.98899841308594,96880.0,0.0,0.0,
2015-09-09,78.5,79.66899871826172,78.5,79.11399841308594,194370.0,0.0,0.0,
2015-09-10,78.30000305175781,79.0,78.00499725341797,78.66899871826172,278380.0,0.0,0.0,
2015-09-11,79.0250015258789,79.79900360107422,78.54100036621094,78.95700073242188,162980.0,0.0,0.0,
2015-09-14,78.95700073242188,79.5,78.52200317382812,79.4229965209961,294480.0,0.0,0.0,
2015-09-15,79.36499786376953,79.4530029296875,78.88700103759766,79.0510025024414,38250.0,0.0,0.0,
2015-09-16,79.55500030517578,79.78099822998047,79.0199966430664,79.69100189208984,222840.0,0.0,0.0,
2015-09-18,80.01000213623047,81.19999694824219,80.01000213623047,80.50499725341797,299880.0,0.0,0.0,
2015-09-21,79.5999984741211,80.5999984741211,79.5999984741211,80.48699951171875,103460.0,0.0,0.0,
2015-09-22,80.69999694824219,81.27999877929688,78.59100341796875,78.69999694824219,138270.0,0.0,0.0,
2015-09-23,78.7030029296875,79.78199768066406,78.4000015258789,79.39299774169922,90270.0,0.0,0.0,
2015-09-24,79.33899688720703,79.87999725341797,78.90499877929688,79.72899627685547,7010.0,0.0,0.0,
2015-09-28,79.5,79.69999694824219,78.9000015258789,79.00399780273438,30720.0,0.0,0.0,
2015-09-29,78.0,80.0999984741211,77.72699737548828,79.22100067138672,76840.0,0.0,0.0,
2015-09-30,79.30000305175781,80.18000030517578,79.30000305175781,80.0739974975586,11050.0,0.0,0.0,
2015-10-01,80.7969970703125,80.8219985961914,80.0999984741211,80.25199890136719,3580.0,0.0,0.0,
2015-10-05,81.40799713134766,82.0,80.8219985961914,81.73999786376953,106580.0,0.0,0.0,
2015-10-06,82.0999984741211,82.5999984741211,81.88500213623047,82.41600036621094,68330.0,0.0,0.0,
2015-10-07,83.03299713134766,83.03299713134766,82.14199829101562,82.43199920654297,46220.0,0.0,0.0,
2015-10-08,82.5999984741211,82.5999984741211,82.08999633789062,82.47699737548828,36060.0,0.0,0.0,
2015-10-09,83.08000183105469,83.08000183105469,82.00599670410156,82.49400329589844,30430.0,0.0,0.0,
2015-10-12,83.0,83.0999984741211,82.19999694824219,82.19999694824219,11550.0,0.0,0.0,
2015-10-13,82.19999694824219,82.19999694824219,81.69999694824219,82.09200286865234,13350.0,0.0,0.0,
2015-10-14,82.05000305175781,82.19999694824219,81.9000015258789,81.91000366210938,11290.0,0.0,0.0,
2015-10-15,82.30000305175781,82.5999984741211,82.22699737548828,82.4990005493164,41020.0,0.0,0.0,
2015-10-16,82.4000015258789,83.33499908447266,82.01499938964844,83.14800262451172,119230.0,0.0,0.0,
2015-10-19,83.55000305175781,83.69999694824219,83.1500015258789,83.5009994506836,14170.0,0.0,0.0,
2015-10-20,83.70899963378906,83.70899963378906,83.5,83.5999984741211,12500.0,0.0,0.0,
2015-10-21,84.0,84.0999984741211,83.3499984741211,83.5999984741211,17020.0,0.0,0.0,
2015-10-23,84.10099792480469,84.10099792480469,83.69999694824219,83.93099975585938,43320.0,0.0,0.0,
2015-10-26,84.30000305175781,84.30000305175781,83.5270004272461,83.74299621582031,20160.0,0.0,0.0,
2015-10-27,83.65399932861328,83.65399932861328,83.01000213623047,83.08699798583984,75020.0,0.0,0.0,
2015-10-28,83.0999984741211,83.0999984741211,82.4000015258789,82.73200225830078,57260.0,0.0,0.0,
2015-10-29,82.76000213623047,82.76000213623047,82.30000305175781,82.42500305175781,4410.0,0.0,0.0,
2015-10-30,82.4000015258789,82.5,81.44200134277344,81.88700103759766,87700.0,0.0,0.0,
2015-11-02,81.5009994506836,81.79399871826172,81.29000091552734,81.50900268554688,12170.0,0.0,0.0,
2015-11-03,81.9990005493164,82.05000305175781,81.50900268554688,81.7239990234375,13120.0,0.0,0.0,
2015-11-04,82.01100158691406,82.28900146484375,81.41999816894531,81.66100311279297,11080.0,0.0,0.0,
2015-11-05,81.4000015258789,81.4000015258789,80.69999694824219,80.78800201416016,43340.0,0.0,0.0,
2015-11-06,80.9990005493164,84.0,80.5,80.78700256347656,2788330.0,0.0,0.0,
2015-11-09,80.4000015258789,80.65499877929688,79.20500183105469,80.31300354003906,248600.0,0.0,0.0,
2015-11-10,79.97000122070312,79.97000122070312,79.09100341796875,79.12799835205078,90440.0,0.0,0.0,
2015-11-13,79.5,79.5,78.69999694824219,78.76399993896484,85490.0,0.0,0.0,
2015-11-16,78.66000366210938,79.54900360107422,78.4000015258789,79.34300231933594,113120.0,0.0,0.0,
2015-11-17,79.30000305175781,79.80000305175781,79.0999984741211,79.43399810791016,45490.0,0.0,0.0,
2015-11-18,79.10700225830078,79.44999694824219,78.34300231933594,78.46700286865234,53940.0,0.0,0.0,
2015-11-19,81.5,81.5,79.0,79.73799896240234,83000.0,0.0,0.0,
2015-11-20,79.27799987792969,80.1050033569336,79.11000061035156,79.49600219726562,47500.0,0.0,0.0,
2015-11-23,79.5999984741211,79.80000305175781,79.4000015258789,79.49199676513672,17730.0,0.0,0.0,
2015-11-24,79.19999694824219,79.69999694824219,79.09500122070312,79.15699768066406,8470.0,0.0,0.0,
2015-11-26,79.5,79.9990005493164,79.44999694824219,79.9000015258789,11740.0,0.0,0.0,
2015-11-27,79.69999694824219,80.41400146484375,79.69999694824219,80.10900115966797,16190.0,0.0,0.0,
2015-11-30,80.10299682617188,80.63800048828125,80.10299682617188,80.4020004272461,9730.0,0.0,0.0,
2015-12-01,80.89900207519531,80.89900207519531,80.19999694824219,80.45899963378906,21840.0,0.0,0.0,
2015-12-02,80.38999938964844,80.66999816894531,80.0,80.1989974975586,29230.0,0.0,0.0,
2015-12-03,80.00199890136719,80.04000091552734,79.31800079345703,79.49299621582031,12500.0,0.0,0.0,
2015-12-04,79.39900207519531,79.55000305175781,78.8010025024414,79.10099792480469,51850.0,0.0,0.0,
2015-12-07,79.3499984741211,79.4000015258789,78.6050033569336,78.69999694824219,117300.0,0.0,0.0,
2015-12-08,78.70899963378906,78.80000305175781,77.80999755859375,78.04299926757812,73010.0,0.0,0.0,
2015-12-09,78.04299926757812,78.08899688720703,77.0999984741211,77.45999908447266,19810.0,0.0,0.0,
2015-12-10,77.5,77.89900207519531,77.1050033569336,77.80000305175781,16190.0,0.0,0.0,
2015-12-11,77.80000305175781,78.08999633789062,76.81800079345703,77.12300109863281,43520.0,0.0,0.0,
2015-12-14,76.69999694824219,77.447998046875,76.51000213623047,77.19100189208984,96380.0,0.0,0.0,
2015-12-15,77.19999694824219,78.0,77.0,77.96700286865234,60840.0,0.0,0.0,
2015-12-16,78.0999984741211,78.6989974975586,78.0999984741211,78.44499969482422,10550.0,0.0,0.0,
2015-12-17,78.52300262451172,79.38400268554688,78.45600128173828,79.1449966430664,5400.0,0.0,0.0,
2015-12-18,79.0510025024414,79.1709976196289,78.5,78.59700012207031,15300.0,0.0,0.0,
2015-12-21,78.69999694824219,79.27999877929688,78.69999694824219,79.08799743652344,14340.0,0.0,0.0,
2015-12-22,79.1729965209961,79.697998046875,78.98899841308594,79.14099884033203,35560.0,0.0,0.0,
2015-12-23,79.30699920654297,80.09700012207031,79.20099639892578,79.52100372314453,32230.0,0.0,0.0,
2015-12-24,79.5999984741211,79.80899810791016,79.4489974975586,79.4800033569336,9640.0,0.0,0.0,
2015-12-28,79.80000305175781,80.29900360107422,79.69999694824219,79.87300109863281,3800.0,0.0,0.0,
2015-12-29,80.10099792480469,80.4000015258789,80.0,80.30000305175781,1510.0,0.0,0.0,
2015-12-30,80.20099639892578,80.42900085449219,80.0,80.0,2060.0,0.0,0.0,
2015-12-31,80.02799987792969,80.36100006103516,79.9990005493164,80.30500030517578,8890.0,0.0,0.0,
2016-01-01,80.3499984741211,80.80000305175781,80.09400177001953,80.50599670410156,19010.0,0.0,0.0,
2016-01-04,80.68900299072266,80.68900299072266,79.0,79.2959976196289,28590.0,0.0,0.0,
2016-01-05,79.5999984741211,79.5999984741211,78.85199737548828,78.85700225830078,17910.0,0.0,0.0,
2016-01-06,78.5,79.19000244140625,78.30000305175781,78.677001953125,6750.0,0.0,0.0,
2016-01-07,79.0,79.58499908447266,77.0,77.27999877929688,39420.0,0.0,0.0,
2016-01-08,77.61000061035156,78.0,77.05799865722656,77.55699920654297,15600.0,0.0,0.0,
2016-01-11,76.63400268554688,77.0999984741211,76.44200134277344,76.72699737548828,19420.0,0.0,0.0,
2016-01-12,76.80000305175781,76.80000305175781,76.0999984741211,76.29499816894531,32080.0,0.0,0.0,
2016-01-13,76.68800354003906,76.8030014038086,75.30000305175781,76.48100280761719,256750.0,0.0,0.0,
2016-01-14,75.50499725341797,76.98899841308594,75.37999725341797,76.23500061035156,31890.0,0.0,0.0,
2016-01-15,75.91300201416016,76.27799987792969,75.38500213623047,75.56600189208984,55160.0,0.0,0.0,
2016-01-18,75.4000015258789,75.5,74.54499816894531,74.72200012207031,56520.0,0.0,0.0,
2016-01-19,73.2300033569336,75.4000015258789,71.7300033569336,75.11799621582031,96440.0,0.0,0.0,
2016-01-20,74.5,74.5,73.5009994506836,74.06700134277344,66790.0,0.0,0.0,
2016-01-21,74.5999984741211,74.9000015258789,73.69999694824219,74.04000091552734,155570.0,0.0,0.0,
2016-01-22,74.4749984741211,75.27999877929688,74.29900360107422,75.16300201416016,42150.0,0.0,0.0,
2016-01-25,75.5,75.80000305175781,75.197998046875,75.26000213623047,28380.0,0.0,0.0,
2016-01-27,75.80000305175781,75.80000305175781,75.19999694824219,75.33200073242188,15420.0,0.0,0.0,
2016-01-28,75.4000015258789,75.7699966430664,75.18900299072266,75.40899658203125,11100.0,0.0,0.0,
2016-01-29,75.5,76.48200225830078,75.30000305175781,76.44599914550781,26110.0,0.0,0.0,
2016-02-01,76.48200225830078,76.9000015258789,76.30500030517578,76.4219970703125,8250.0,0.0,0.0,
2016-02-02,76.5,76.79900360107422,75.5,75.70899963378906,490720.0,0.0,0.0,
2016-02-03,74.75,75.2760009765625,74.38099670410156,74.54900360107422,43760.0,0.0,0.0,
2016-02-04,75.19999694824219,75.32499694824219,74.80000305175781,75.0,56860.0,0.0,0.0,
2016-02-05,75.30000305175781,76.5,75.16600036621094,76.0989990234375,499780.0,0.0,0.0,
2016-02-08,76.0,76.19999694824219,75.30000305175781,75.48400115966797,6020.0,0.0,0.0,
2016-02-09,74.32099914550781,74.3499984741211,73.9000015258789,74.03399658203125,169580.0,0.0,0.0,
2016-02-10,73.80000305175781,73.80000305175781,73.0,73.0790023803711,63320.0,0.0,0.0,
2016-02-11,73.0,73.0,70.40499877929688,70.65299987792969,246720.0,0.0,0.0,
2016-02-12,71.24800109863281,71.24800109863281,70.0,70.47699737548828,680770.0,0.0,0.0,
2016-02-15,71.0,72.60199737548828,71.0,72.47899627685547,113530.0,0.0,0.0,
2016-02-16,72.927001953125,72.927001953125,71.0999984741211,71.47100067138672,69550.0,0.0,0.0,
2016-02-17,71.69000244140625,72.0,70.80000305175781,71.93900299072266,117650.0,0.0,0.0,
2016-02-18,72.5,73.125,72.19999694824219,73.11199951171875,55280.0,0.0,0.0,
2016-02-19,72.59300231933594,73.16000366210938,72.54499816894531,73.0,687070.0,0.0,0.0,
2016-02-22,74.45999908447266,75.91999816894531,73.10700225830078,73.3499984741211,6970.0,0.0,0.0,
2016-02-23,73.05000305175781,73.05000305175781,72.00599670410156,72.1989974975586,25390.0,0.0,0.0,
2016-02-24,72.0,72.19999694824219,71.00199890136719,71.19100189208984,83350.0,0.0,0.0,
2016-02-25,71.35800170898438,71.39299774169922,70.55000305175781,70.7040023803711,115400.0,0.0,0.0,
2016-02-26,71.30000305175781,71.39700317382812,70.89700317382812,71.29499816894531,29030.0,0.0,0.0,
2016-02-29,71.4000015258789,72.0,69.41000366210938,71.02100372314453,63810.0,0.0,0.0,
2016-03-01,71.5,72.9990005493164,71.5,72.79199981689453,8340.0,0.0,0.0,
2016-03-02,75.69999694824219,75.69999694824219,73.93000030517578,74.60399627685547,42920.0,0.0,0.0,
2016-03-03,75.0999984741211,75.6719970703125,74.9020004272461,75.5270004272461,43080.0,0.0,0.0,
2016-03-04,75.64600372314453,76.36599731445312,75.26100158691406,75.7030029296875,80650.0,0.0,0.0,
2016-03-08,75.80000305175781,76.30000305175781,75.5999984741211,76.1709976196289,13640.0,0.0,0.0,
2016-03-09,75.69999694824219,76.4000015258789,75.30000305175781,76.08999633789062,59300.0,0.0,0.0,
2016-03-10,76.37799835205078,76.37799835205078,75.2750015258789,75.697998046875,24250.0,0.0,0.0,
2016-03-11,76.0,76.4000015258789,75.45600128173828,76.33000183105469,62450.0,0.0,0.0,
2016-03-14,76.70099639892578,76.9000015258789,76.0999984741211,76.35800170898438,11980.0,0.0,0.0,
2016-03-15,76.19999694824219,76.19999694824219,75.56500244140625,75.5780029296875,17550.0,0.0,0.0,
2016-03-16,75.69999694824219,76.13800048828125,75.23999786376953,75.99199676513672,20700.0,0.0,0.0,
2016-03-17,76.5999984741211,77.38899993896484,75.8010025024414,76.04000091552734,101760.0,0.0,0.0,
2016-03-18,76.4000015258789,76.81300354003906,76.19999694824219,76.73100280761719,24710.0,0.0,0.0,
2016-03-21,77.19999694824219,78.2699966430664,77.0,78.00199890136719,92130.0,0.0,0.0,
2016-03-22,78.0,78.5999984741211,77.5999984741211,78.37300109863281,8190.0,0.0,0.0,
2016-03-23,78.47000122070312,79.02799987792969,77.91600036621094,78.7490005493164,82570.0,0.0,0.0,
2016-03-28,78.7490005493164,78.7490005493164,77.48999786376953,77.697998046875,16290.0,0.0,0.0,
2016-03-29,77.30000305175781,77.81999969482422,77.19999694824219,77.42500305175781,63980.0,0.0,0.0,
2016-03-30,78.09700012207031,80.19999694824219,77.69999694824219,79.11000061035156,16000.0,0.0,0.0,
2016-03-31,78.80000305175781,79.5,78.5,78.63200378417969,11580.0,0.0,0.0,
2016-04-01,78.81999969482422,79.0,78.19999694824219,78.80000305175781,14660.0,0.0,0.0,
2016-04-04,78.9000015258789,79.0999984741211,78.5999984741211,79.0999984741211,1990.0,0.0,0.0,
2016-04-05,78.74199676513672,78.74199676513672,77.4000015258789,77.50299835205078,26510.0,0.0,0.0,
2016-04-06,77.62300109863281,77.62300109863281,77.25,77.4000015258789,1910.0,0.0,0.0,
2016-04-07,77.54900360107422,77.54900360107422,76.69999694824219,76.7490005493164,6940.0,0.0,0.0,
2016-04-08,76.69999694824219,77.0999984741211,76.69999694824219,77.02799987792969,3030.0,0.0,0.0,
2016-04-11,77.1989974975586,77.9000015258789,76.62999725341797,77.87200164794922,13210.0,0.0,0.0,
2016-04-12,78.0999984741211,78.88500213623047,78.01200103759766,78.14199829101562,10850.0,0.0,0.0,
2016-04-13,78.65499877929688,80.0,78.65499877929688,79.46099853515625,61750.0,0.0,0.0,
2016-04-18,79.39900207519531,80.30000305175781,79.39900207519531,80.05699920654297,15810.0,0.0,0.0,
2016-04-20,80.20099639892578,80.80000305175781,80.0999984741211,80.29199981689453,33260.0,0.0,0.0,
2016-04-21,80.45500183105469,80.98999786376953,79.80999755859375,80.1709976196289,96200.0,0.0,0.0,
2016-04-22,79.83799743652344,80.59400177001953,79.82499694824219,80.0999984741211,13360.0,0.0,0.0,
2016-04-25,80.27799987792969,80.27799987792969,79.44000244140625,79.80599975585938,37610.0,0.0,0.0,
2016-04-26,79.80599975585938,81.0,79.30000305175781,80.86199951171875,74190.0,0.0,0.0,
2016-04-27,81.0,81.1989974975586,80.7760009765625,80.91100311279297,20200.0,0.0,0.0,
2016-04-28,81.16999816894531,81.19999694824219,79.80000305175781,80.46600341796875,42900.0,0.0,0.0,
2016-04-29,79.79499816894531,80.19999694824219,79.0,79.677001953125,15230.0,0.0,0.0,
2016-05-02,79.62999725341797,79.6780014038086,79.0510025024414,79.5,20300.0,0.0,0.0,
2016-05-03,76.31999969482422,80.29000091552734,74.7300033569336,79.60800170898438,76890.0,0.0,0.0,
2016-05-04,78.80000305175781,78.80000305175781,78.20099639892578,78.70600128173828,56780.0,0.0,0.0,
2016-05-05,78.0,78.01000213623047,77.30000305175781,77.7030029296875,365420.0,0.0,0.0,
2016-05-06,77.5,78.0,77.0,77.52799987792969,283920.0,0.0,0.0,
2016-05-09,77.75499725341797,79.1510009765625,77.75499725341797,78.86799621582031,841780.0,0.0,0.0,
2016-05-10,78.80000305175781,79.30000305175781,78.69999694824219,79.22000122070312,345890.0,0.0,0.0,
2016-05-11,78.29000091552734,79.18000030517578,78.29000091552734,78.875,230420.0,0.0,0.0,
2016-05-12,79.2699966430664,79.5,78.80000305175781,79.36000061035156,154480.0,0.0,0.0,
2016-05-13,79.0999984741211,79.19999694824219,78.31999969482422,78.5790023803711,158880.0,0.0,0.0,
2016-05-16,78.54100036621094,79.0999984741211,78.00499725341797,79.01100158691406,312020.0,0.0,0.0,
2016-05-17,79.4000015258789,79.70500183105469,79.0199966430664,79.30400085449219,125100.0,0.0,0.0,
2016-05-18,78.69999694824219,79.0999984741211,78.30000305175781,79.00399780273438,66900.0,0.0,0.0,
2016-05-19,78.41100311279297,78.96900177001953,77.9000015258789,78.19000244140625,67880.0,0.0,0.0,
2016-05-20,78.30000305175781,78.4000015258789,77.63200378417969,77.94100189208984,24710.0,0.0,0.0,
2016-05-23,78.26399993896484,78.26399993896484,77.5719985961914,77.73100280761719,30420.0,0.0,0.0,
2016-05-24,77.63600158691406,77.99800109863281,77.4000015258789,77.94999694824219,206940.0,0.0,0.0,
2016-05-25,78.5,79.53299713134766,78.5,79.41400146484375,62890.0,0.0,0.0,
2016-05-26,79.98999786376953,80.85099792480469,79.69999694824219,80.5199966430664,47660.0,0.0,0.0,
2016-05-27,81.0,81.78900146484375,81.0,81.77799987792969,58140.0,0.0,0.0,
2016-05-30,81.85399627685547,82.1989974975586,81.52999877929688,81.6050033569336,16810.0,0.0,0.0,
2016-05-31,82.0,82.0,81.5479965209961,81.80000305175781,41870.0,0.0,0.0,
2016-06-01,81.9000015258789,82.25,81.71600341796875,81.99299621582031,108360.0,0.0,0.0,
2016-06-02,82.08899688720703,82.30000305175781,81.64399719238281,82.19100189208984,57880.0,0.0,0.0,
2016-06-03,82.5,82.76699829101562,82.30000305175781,82.5009994506836,96520.0,0.0,0.0,
2016-06-06,82.55000305175781,82.69000244140625,82.19999694824219,82.3010025024414,176070.0,0.0,0.0,
2016-06-07,82.5999984741211,83.19999694824219,82.5999984741211,82.80000305175781,357320.0,0.0,0.0,
2016-06-08,83.0,83.33699798583984,82.80000305175781,82.9000015258789,254350.0,0.0,0.0,
2016-06-09,83.09400177001953,83.09400177001953,82.25800323486328,82.46299743652344,64450.0,0.0,0.0,
2016-06-10,82.4000015258789,82.80000305175781,81.75,82.07599639892578,236890.0,0.0,0.0,
2016-06-13,81.20099639892578,81.5999984741211,81.19999694824219,81.39800262451172,71750.0,0.0,0.0,
2016-06-14,81.48899841308594,81.5999984741211,81.19999694824219,81.48999786376953,41350.0,0.0,0.0,
2016-06-15,81.98300170898438,82.44599914550781,81.3740005493164,82.2969970703125,186970.0,0.0,0.0,
2016-06-16,81.97000122070312,81.97000122070312,81.1780014038086,81.80899810791016,180090.0,0.0,0.0,
2016-06-17,82.0,82.29900360107422,81.68399810791016,81.927001953125,153480.0,0.0,0.0,
2016-06-20,81.43000030517578,82.69999694824219,81.23500061035156,82.61100006103516,710380.0,0.0,0.0,
2016-06-21,82.4000015258789,82.70099639892578,82.19999694824219,82.5989990234375,266310.0,0.0,0.0,
2016-06-22,82.55000305175781,82.85900115966797,82.19999694824219,82.75,48370.0,0.0,0.0,
2016-06-23,82.68900299072266,83.4000015258789,82.5,83.06999969482422,135090.0,0.0,0.0,
2016-06-24,80.83899688720703,81.9260025024414,80.37100219726562,81.61299896240234,216100.0,0.0,0.0,
2016-06-27,81.30000305175781,81.69999694824219,81.12200164794922,81.40299987792969,14070.0,0.0,0.0,
2016-06-28,81.5009994506836,82.15599822998047,81.5,81.93800354003906,39440.0,0.0,0.0,
2016-06-29,82.41999816894531,82.48300170898438,81.9010009765625,82.29100036621094,7880.0,0.0,0.0,
2016-06-30,83.0,83.30699920654297,82.75399780273438,83.24400329589844,93450.0,0.0,0.0,
2016-07-01,83.5,83.9489974975586,83.47100067138672,83.5999984741211,231370.0,0.0,0.0,
2016-07-04,84.0,84.44499969482422,84.0,84.10099792480469,141900.0,0.0,0.0,
2016-07-05,84.22100067138672,84.22899627685547,83.66200256347656,83.74099731445312,59410.0,0.0,0.0,
2016-07-07,83.74099731445312,84.0999984741211,83.74099731445312,83.8489990234375,98710.0,0.0,0.0,
2016-07-08,83.87000274658203,83.87000274658203,83.4749984741211,83.62300109863281,66760.0,0.0,0.0,
2016-07-11,84.5,85.93000030517578,84.5,85.05500030517578,77860.0,0.0,0.0,
2016-07-12,85.1449966430664,85.58999633789062,85.06099700927734,85.44599914550781,55980.0,0.0,0.0,
2016-07-13,85.33899688720703,86.36900329589844,83.8949966430664,85.47599792480469,128410.0,0.0,0.0,
2016-07-14,85.5,86.2750015258789,85.4000015258789,86.06999969482422,104330.0,0.0,0.0,
2016-07-15,86.0999984741211,86.78099822998047,85.5479965209961,85.89199829101562,24720.0,0.0,0.0,
2016-07-18,86.19999694824219,86.31300354003906,85.4000015258789,85.55799865722656,250570.0,0.0,0.0,
2016-07-19,85.5999984741211,86.4000015258789,85.29100036621094,85.64800262451172,179340.0,0.0,0.0,
2016-07-20,86.0,86.5,85.88099670410156,86.08200073242188,27280.0,0.0,0.0,
2016-07-21,86.30400085449219,86.35800170898438,85.4209976196289,85.64199829101562,7880.0,0.0,0.0,
2016-07-22,85.69999694824219,85.98899841308594,85.5,85.84400177001953,152850.0,0.0,0.0,
2016-07-25,85.89900207519531,86.9000015258789,85.89900207519531,86.73699951171875,31110.0,0.0,0.0,
2016-07-26,86.9000015258789,86.95999908447266,86.13600158691406,86.29399871826172,49360.0,0.0,0.0,
2016-07-27,86.71700286865234,87.39900207519531,86.5,86.78700256347656,75590.0,0.0,0.0,
2016-07-28,87.05000305175781,87.28900146484375,86.91500091552734,87.15899658203125,57970.0,0.0,0.0,
2016-07-29,88.9000015258789,90.35099792480467,86.9219970703125,87.11100006103516,40350.0,0.0,0.0,
2016-08-01,87.78800201416016,87.79900360107422,86.69999694824219,87.05400085449219,179570.0,0.0,0.0,
2016-08-02,86.86299896240234,87.5,86.62699890136719,86.8499984741211,36130.0,0.0,0.0,
2016-08-03,86.9000015258789,86.9000015258789,86.19999694824219,86.375,72010.0,0.0,0.0,
2016-08-04,86.83100128173828,86.83100128173828,85.9000015258789,86.23699951171875,137520.0,0.0,0.0,
2016-08-05,86.5,87.5,86.5,87.24199676513672,81560.0,0.0,0.0,
2016-08-08,82.93499755859375,88.5,82.93499755859375,88.02999877929688,175820.0,0.0,0.0,
2016-08-09,88.19999694824219,88.5,87.4000015258789,87.73600006103516,48410.0,0.0,0.0,
2016-08-10,87.7979965209961,87.80000305175781,86.30000305175781,86.43000030517578,25990.0,0.0,0.0,
2016-08-11,86.69999694824219,86.8499984741211,86.00499725341797,86.37999725341797,273150.0,0.0,0.0,
2016-08-12,86.6050033569336,87.9990005493164,86.6050033569336,87.28500366210938,175250.0,0.0,0.0,
2016-08-16,87.30000305175781,87.4540023803711,86.5,87.03500366210938,69070.0,0.0,0.0,
2016-08-17,86.97000122070312,87.30000305175781,86.65499877929688,86.76699829101562,79400.0,0.0,0.0,
2016-08-18,87.0999984741211,88.0999984741211,87.08000183105469,87.20999908447266,117710.0,0.0,0.0,
2016-08-19,87.19999694824219,87.53199768066406,86.9800033569336,87.14399719238281,85220.0,0.0,0.0,
2016-08-22,87.0999984741211,87.5999984741211,86.69999694824219,86.75499725341797,31820.0,0.0,0.0,
2016-08-23,86.80000305175781,87.0,86.5,86.97699737548828,62540.0,0.0,0.0,
2016-08-24,87.08300018310547,87.1500015258789,86.80000305175781,87.08599853515625,26070.0,0.0,0.0,
2016-08-25,87.5,87.5,86.4729995727539,86.73899841308594,24020.0,0.0,0.0,
2016-08-26,86.80000305175781,86.80000305175781,86.27300262451172,86.38899993896484,5030.0,0.0,0.0,
2016-08-29,86.5979995727539,86.96900177001953,86.21499633789062,86.71800231933594,16810.0,0.0,0.0,
2016-08-30,87.16600036621094,88.0999984741211,86.927001953125,87.95999908447266,66610.0,0.0,0.0,
2016-08-31,88.05000305175781,88.9000015258789,88.05000305175781,88.6500015258789,86420.0,0.0,0.0,
2016-09-01,88.5999984741211,88.80000305175781,88.19999694824219,88.39600372314453,63080.0,0.0,0.0,
2016-09-02,88.5999984741211,88.87999725341797,88.4000015258789,88.66600036621094,34960.0,0.0,0.0,
2016-09-06,88.9000015258789,90.12200164794922,88.9000015258789,89.9729995727539,59450.0,0.0,0.0,
2016-09-07,90.0,90.1999969482422,89.9000015258789,90.04499816894531,40020.0,0.0,0.0,
2016-09-08,90.0999984741211,90.5999984741211,89.90499877929688,90.4219970703125,118690.0,0.0,0.0,
2016-09-09,90.0,90.0,89.5,89.68000030517578,7930.0,0.0,0.0,
2016-09-12,87.88999938964844,88.4530029296875,87.80000305175781,87.94599914550781,122210.0,0.0,0.0,
2016-09-14,88.20999908447266,88.9000015258789,88.0999984741211,88.3740005493164,176700.0,0.0,0.0,
2016-09-15,90.13999938964844,91.91000366210938,88.20999908447266,88.45700073242188,82320.0,0.0,0.0,
2016-09-16,88.8010025024414,89.19499969482422,88.30000305175781,88.58599853515625,296290.0,0.0,0.0,
2016-09-19,88.50900268554688,89.07099914550781,88.41100311279297,88.7959976196289,119310.0,0.0,0.0,
2016-09-20,88.8280029296875,88.89900207519531,88.39700317382812,88.65899658203125,141960.0,0.0,0.0,
2016-09-21,88.6050033569336,89.19300079345703,88.5999984741211,88.69999694824219,37280.0,0.0,0.0,
2016-09-22,89.552001953125,89.6520004272461,89.19999694824219,89.40699768066406,38130.0,0.0,0.0,
2016-09-23,89.5,89.6500015258789,89.30000305175781,89.30000305175781,18660.0,0.0,0.0,
2016-09-26,88.86299896240234,89.1989974975586,88.19999694824219,88.47699737548828,66670.0,0.0,0.0,
2016-09-27,88.4000015258789,88.63500213623047,87.677001953125,87.97100067138672,22500.0,0.0,0.0,
2016-09-28,87.83300018310547,88.5989990234375,87.8290023803711,88.36100006103516,31190.0,0.0,0.0,
2016-09-29,88.91600036621094,88.91600036621094,86.80000305175781,87.2509994506836,70360.0,0.0,0.0,
2016-09-30,87.2509994506836,87.4000015258789,86.51499938964844,86.82099914550781,35260.0,0.0,0.0,
2016-10-03,87.30000305175781,88.88800048828125,87.19999694824219,88.48999786376953,69370.0,0.0,0.0,
2016-10-04,88.48699951171875,88.7300033569336,88.31500244140625,88.58100128173828,157110.0,0.0,0.0,
2016-10-05,88.87200164794922,89.39099884033203,88.38899993896484,88.4010009765625,119960.0,0.0,0.0,
2016-10-06,88.69999694824219,88.89099884033203,87.72899627685547,88.0459976196289,143470.0,0.0,0.0,
2016-10-07,88.24199676513672,88.24400329589844,87.57499694824219,87.99700164794922,64120.0,0.0,0.0,
2016-10-10,88.4229965209961,88.5,88.0999984741211,88.18699645996094,98210.0,0.0,0.0,
2016-10-13,87.58000183105469,87.98999786376953,86.70500183105469,87.1969985961914,112030.0,0.0,0.0,
2016-10-14,87.0,87.19999694824219,86.5999984741211,86.99099731445312,114810.0,0.0,0.0,
2016-10-17,86.9000015258789,86.9489974975586,86.30000305175781,86.79900360107422,242470.0,0.0,0.0,
2016-10-18,86.80000305175781,87.89900207519531,86.71499633789062,87.7979965209961,102960.0,0.0,0.0,
2016-10-19,87.69999694824219,88.0,87.49199676513672,87.55699920654297,31560.0,0.0,0.0,
2016-10-20,88.06999969482422,88.30000305175781,87.81999969482422,87.90599822998047,48240.0,0.0,0.0,
2016-10-21,87.9000015258789,87.94999694824219,87.5,87.94300079345703,31140.0,0.0,0.0,
2016-10-24,88.0999984741211,88.5999984741211,87.9000015258789,88.13400268554688,67750.0,0.0,0.0,
2016-10-25,88.30000305175781,88.30000305175781,87.80000305175781,88.18499755859375,37690.0,0.0,0.0,
2016-10-26,87.68900299072266,87.68900299072266,87.10099792480469,87.27899932861328,34900.0,0.0,0.0,
2016-10-27,86.80000305175781,87.29900360107422,86.7300033569336,87.18900299072266,64240.0,0.0,0.0,
2016-10-28,87.1240005493164,87.5999984741211,86.9209976196289,87.49199676513672,53680.0,0.0,0.0,
2016-11-01,87.5,87.9000015258789,87.30000305175781,87.4000015258789,43570.0,0.0,0.0,
2016-11-02,86.44000244140625,86.6500015258789,86.22000122070312,86.33899688720703,44680.0,0.0,0.0,
2016-11-03,86.30000305175781,86.59400177001953,85.90499877929688,86.02899932861328,32310.0,0.0,0.0,
2016-11-04,86.0,86.19999694824219,85.12000274658203,85.49800109863281,121380.0,0.0,0.0,
2016-11-07,85.77999877929688,86.4990005493164,85.77999877929688,86.28500366210938,43360.0,0.0,0.0,
2016-11-08,86.52400207519531,86.75,86.25,86.46900177001953,101260.0,0.0,0.0,
2016-11-09,84.0,85.69999694824219,82.322998046875,85.58100128173828,177310.0,0.0,0.0,
2016-11-10,86.06199645996094,86.94999694824219,86.05599975585938,86.43399810791016,147020.0,0.0,0.0,
2016-11-11,85.38800048828125,85.47200012207031,84.0999984741211,84.3290023803711,249320.0,0.0,0.0,
2016-11-15,83.9020004272461,84.25,82.19999694824219,82.38300323486328,187620.0,0.0,0.0,
2016-11-16,83.0999984741211,83.1780014038086,81.80000305175781,82.01000213623047,300050.0,0.0,0.0,
2016-11-17,81.99500274658203,82.4739990234375,81.55000305175781,81.73100280761719,218660.0,0.0,0.0,
2016-11-18,82.01699829101562,82.35299682617188,81.5999984741211,81.72000122070312,195630.0,0.0,0.0,
2016-11-21,81.75,81.75,80.302001953125,80.44999694824219,247670.0,0.0,0.0,
2016-11-22,80.9000015258789,81.19999694824219,80.5,81.02300262451172,452410.0,0.0,0.0,
2016-11-23,82.63999938964844,84.26000213623047,80.82499694824219,81.38500213623047,438700.0,0.0,0.0,
2016-11-24,81.03900146484375,81.2979965209961,80.69999694824219,80.87200164794922,171150.0,0.0,0.0,
2016-11-25,80.71499633789062,82.13200378417969,80.71499633789062,82.01300048828125,299080.0,0.0,0.0,
2016-11-28,81.8499984741211,82.44300079345703,81.8499984741211,82.19999694824219,314720.0,0.0,0.0,
2016-11-29,82.4280014038086,82.9000015258789,82.32599639892578,82.42500305175781,771890.0,0.0,0.0,
2016-11-30,82.5,83.34100341796875,82.31500244140625,83.21499633789062,75720.0,0.0,0.0,
2016-12-01,83.19999694824219,83.37999725341797,82.69999694824219,82.7760009765625,453270.0,0.0,0.0,
2016-12-02,82.39900207519531,82.69999694824219,81.6050033569336,81.76899719238281,377710.0,0.0,0.0,
2016-12-05,81.99600219726562,82.4749984741211,81.5,82.35700225830078,380550.0,0.0,0.0,
2016-12-06,82.5,82.70099639892578,82.30000305175781,82.31300354003906,100590.0,0.0,0.0,
2016-12-07,82.5999984741211,82.80400085449219,81.69999694824219,81.71600341796875,231880.0,0.0,0.0,
2016-12-08,82.5999984741211,83.39399719238281,82.5999984741211,83.23999786376953,367460.0,0.0,0.0,
2016-12-09,83.4000015258789,83.64800262451172,83.31500244140625,83.33100128173828,35710.0,0.0,0.0,
2016-12-12,83.2490005493164,83.4000015258789,82.56600189208984,83.20899963378906,59060.0,0.0,0.0,
2016-12-13,82.80000305175781,83.19999694824219,82.60099792480469,83.17500305175781,53580.0,0.0,0.0,
2016-12-14,83.13600158691406,83.13600158691406,82.69999694824219,82.73200225830078,32330.0,0.0,0.0,
2016-12-15,82.69999694824219,83.41999816894531,82.06900024414062,82.69999694824219,19820.0,0.0,0.0,
2016-12-16,82.5999984741211,82.7300033569336,82.37999725341797,82.59300231933594,60290.0,0.0,0.0,
2016-12-19,85.5,85.5,82.0999984741211,82.14700317382812,94400.0,0.0,0.0,
2016-12-20,82.22000122070312,82.39399719238281,81.70099639892578,82.00199890136719,80650.0,0.0,0.0,
2016-12-21,82.0999984741211,82.0999984741211,81.53500366210938,81.75,71690.0,0.0,0.0,
2016-12-22,81.63999938964844,81.63999938964844,80.80000305175781,80.80500030517578,62470.0,0.0,0.0,
2016-12-23,80.7239990234375,81.12999725341797,80.5,80.71199798583984,28800.0,0.0,0.0,
2016-12-26,80.62799835205078,80.70999908447266,80.0999984741211,80.14800262451172,118370.0,0.0,0.0,
2016-12-27,80.30000305175781,81.75,80.16999816894531,81.19200134277344,56060.0,0.0,0.0,
2016-12-28,81.5,82.0,81.37999725341797,81.55899810791016,53840.0,0.0,0.0,
2016-12-29,81.15599822998047,82.19999694824219,81.15599822998047,81.90399932861328,100590.0,0.0,0.0,
2016-12-30,82.13500213623047,82.80999755859375,82.13500213623047,82.55999755859375,24200.0,0.0,0.0,
2017-01-02,83.19999694824219,83.19999694824219,82.23500061035156,82.76000213623047,202850.0,0.0,0.0,
2017-01-03,82.80000305175781,83.09600067138672,82.41999816894531,82.80000305175781,97760.0,0.0,0.0,
2017-01-04,83.0,83.14900207519531,82.81800079345703,82.89700317382812,71660.0,0.0,0.0,
2017-01-05,83.44999694824219,83.7490005493164,83.26699829101562,83.7020034790039,170600.0,0.0,0.0,
2017-01-06,83.87999725341797,84.0479965209961,83.30000305175781,83.40799713134766,110180.0,0.0,0.0,
2017-01-09,83.48400115966797,83.55599975585938,83.21199798583984,83.23699951171875,55800.0,0.0,0.0,
2017-01-10,83.5999984741211,83.83899688720703,83.53500366210938,83.60199737548828,40600.0,0.0,0.0,
2017-01-11,84.06800079345703,84.75,84.00499725341797,84.57099914550781,67940.0,0.0,0.0,
2017-01-12,84.8499984741211,85.0999984741211,84.69999694824219,84.87799835205078,6990.0,0.0,0.0,
2017-01-13,85.1259994506836,85.2979965209961,84.5999984741211,84.93199920654297,52990.0,0.0,0.0,
2017-01-16,85.0,85.28800201416016,84.80000305175781,85.14399719238281,61710.0,0.0,0.0,
2017-01-17,85.25900268554688,85.302001953125,84.69999694824219,84.99700164794922,54370.0,0.0,0.0,
2017-01-18,85.28199768066406,85.48999786376953,84.8219985961914,84.9990005493164,62770.0,0.0,0.0,
2017-01-19,85.0790023803711,85.33000183105469,85.0,85.2750015258789,16420.0,0.0,0.0,
2017-01-20,85.01399993896484,85.15399932861328,84.44999694824219,84.81199645996094,152480.0,0.0,0.0,
2017-01-23,84.5,85.30000305175781,84.5,85.10800170898438,35240.0,0.0,0.0,
2017-01-24,85.11799621582031,85.80000305175781,85.11599731445312,85.72599792480469,35140.0,0.0,0.0,
2017-01-25,85.5999984741211,87.4800033569336,85.5999984741211,86.60800170898438,214910.0,0.0,0.0,
2017-01-27,86.91100311279297,87.56400299072266,86.91100311279297,87.23999786376953,82030.0,0.0,0.0,
2017-01-30,87.0009994506836,87.69999694824219,86.9000015258789,87.63200378417969,206680.0,0.0,0.0,
2017-01-31,87.30000305175781,87.30000305175781,86.80000305175781,86.9520034790039,134100.0,0.0,0.0,
2017-02-01,87.0,88.4000015258789,86.5999984741211,88.34200286865234,274180.0,0.0,0.0,
2017-02-02,88.16799926757812,88.54100036621094,87.9990005493164,88.2760009765625,254260.0,0.0,0.0,
2017-02-03,88.1709976196289,88.4990005493164,87.83100128173828,88.11399841308594,141590.0,0.0,0.0,
2017-02-06,87.7969970703125,88.91699981689453,87.7969970703125,88.77799987792969,154040.0,0.0,0.0,
2017-02-07,89.0,89.0,88.43299865722656,88.6520004272461,158920.0,0.0,0.0,
2017-02-08,88.69999694824219,88.87899780273438,88.30000305175781,88.54900360107422,17120.0,0.0,0.0,
2017-02-09,89.125,89.125,88.22000122070312,88.7300033569336,170890.0,0.0,0.0,
2017-02-10,89.06300354003906,89.0999984741211,88.69999694824219,88.72599792480469,23230.0,0.0,0.0,
2017-02-13,89.0739974975586,89.12799835205078,88.41500091552734,88.875,87120.0,0.0,0.0,
2017-02-14,88.80000305175781,89.0,88.68000030517578,88.91400146484375,52750.0,0.0,0.0,
2017-02-15,88.91400146484375,88.93499755859375,88.01000213623047,88.15899658203125,230150.0,0.0,0.0,
2017-02-16,88.37999725341797,88.63099670410156,88.0,88.55799865722656,81630.0,0.0,0.0,
2017-02-17,89.25499725341797,89.35299682617188,88.9020004272461,89.08000183105469,243280.0,0.0,0.0,
2017-02-20,89.0,89.75,89.0,89.5989990234375,244980.0,0.0,0.0,
2017-02-21,89.54900360107422,90.08000183105467,89.4000015258789,89.93399810791016,255020.0,0.0,0.0,
2017-02-22,90.0,90.9280014038086,89.83999633789062,90.43000030517578,720470.0,0.0,0.0,
2017-02-23,90.6999969482422,90.6999969482422,90.2239990234375,90.3939971923828,325970.0,0.0,0.0,
2017-02-27,90.18000030517578,90.48799896240234,90.00199890136719,90.24400329589844,72160.0,0.0,0.0,
2017-02-28,90.1989974975586,90.27999877929688,89.7040023803711,89.84700012207031,151130.0,0.0,0.0,
2017-03-01,89.96700286865234,90.63800048828124,89.96700286865234,90.36900329589844,67660.0,0.0,0.0,
2017-03-02,90.5999984741211,91.0,89.7699966430664,90.02899932861328,98920.0,0.0,0.0,
2017-03-03,89.80000305175781,90.00800323486328,89.51100158691406,89.93000030517578,32180.0,0.0,0.0,
2017-03-06,90.0009994506836,90.94400024414062,90.0,90.5250015258789,50850.0,0.0,0.0,
2017-03-07,90.50900268554688,90.94000244140624,90.31600189208984,90.83999633789062,166010.0,0.0,0.0,
2017-03-08,90.60099792480467,90.94499969482422,89.88300323486328,90.12999725341795,382230.0,0.0,0.0,
2017-03-09,89.4000015258789,89.5999984741211,89.12300109863281,89.47100067138672,203970.0,0.0,0.0,
2017-03-10,89.69000244140625,89.75700378417969,89.26000213623047,89.57599639892578,158250.0,0.0,0.0,
2017-03-14,92.3499984741211,92.37100219726562,90.6999969482422,90.8769989013672,354700.0,0.0,0.0,
2017-03-15,91.0989990234375,91.14900207519533,90.86699676513672,90.99600219726562,64000.0,0.0,0.0,
2017-03-16,91.9000015258789,91.9000015258789,91.30999755859376,91.47899627685548,131990.0,0.0,0.0,
2017-03-17,92.34400177001952,92.34400177001952,91.26499938964844,91.45700073242188,25810.0,0.0,0.0,
2017-03-20,91.46900177001952,91.4990005493164,91.125,91.20099639892578,2553730.0,0.0,0.0,
2017-03-21,91.4000015258789,91.4990005493164,90.9499969482422,91.20099639892578,134190.0,0.0,0.0,
2017-03-22,90.51499938964844,90.97000122070312,90.4000015258789,90.52200317382812,196400.0,0.0,0.0,
2017-03-23,90.70099639892578,91.0,90.625,90.88700103759766,50520.0,0.0,0.0,
2017-03-24,91.0999984741211,91.3489990234375,90.95700073242188,91.1259994506836,86230.0,0.0,0.0,
2017-03-27,90.99600219726562,91.06900024414062,90.37200164794922,90.66000366210938,32450.0,0.0,0.0,
2017-03-28,91.0019989013672,91.28399658203124,90.85099792480467,91.04499816894533,42630.0,0.0,0.0,
2017-03-29,91.21499633789062,91.6989974975586,91.1999969482422,91.58300018310548,48660.0,0.0,0.0,
2017-03-30,91.66899871826172,92.5,91.44100189208984,92.05599975585938,108810.0,0.0,0.0,
2017-03-31,92.0,92.29399871826172,91.56099700927734,91.56300354003906,42790.0,0.0,0.0,
2017-04-03,92.0,92.47799682617188,91.9499969482422,92.35099792480467,111130.0,0.0,0.0,
2017-04-05,92.3499984741211,92.69499969482422,92.3270034790039,92.63999938964844,68200.0,0.0,0.0,
2017-04-06,90.79000091552734,92.5,88.93000030517578,92.44200134277344,14930.0,0.0,0.0,
2017-04-07,92.1999969482422,92.5989990234375,91.90599822998048,92.10900115966795,80960.0,0.0,0.0,
2017-04-10,92.25,92.5979995727539,91.9280014038086,92.14900207519533,111670.0,0.0,0.0,
2017-04-11,92.0,92.62000274658205,92.0,92.56999969482422,22830.0,0.0,0.0,
2017-04-12,92.5,92.6999969482422,91.8000030517578,92.04399871826172,55960.0,0.0,0.0,
2017-04-13,91.81500244140624,92.17400360107422,91.8010025024414,91.91699981689452,30570.0,0.0,0.0,
2017-04-17,91.8000030517578,91.8000030517578,91.31099700927734,91.66200256347656,45590.0,0.0,0.0,
2017-04-18,92.0,92.3000030517578,91.31600189208984,91.41799926757812,289600.0,0.0,0.0,
2017-04-19,91.2490005493164,91.4000015258789,91.0009994506836,91.27899932861328,40080.0,0.0,0.0,
2017-04-20,91.302001953125,91.9800033569336,91.1989974975586,91.49700164794922,87310.0,0.0,0.0,
2017-04-21,91.70099639892578,91.70099639892578,90.90499877929688,91.36100006103516,65830.0,0.0,0.0,
2017-04-24,91.4260025024414,92.37999725341795,91.4260025024414,92.1989974975586,51850.0,0.0,0.0,
2017-04-25,92.5,93.0999984741211,92.4530029296875,93.08200073242188,42850.0,0.0,0.0,
2017-04-26,93.2519989013672,93.9280014038086,93.2519989013672,93.46299743652344,168220.0,0.0,0.0,
2017-04-27,93.66600036621094,93.86900329589844,93.28299713134766,93.74600219726562,164470.0,0.0,0.0,
2017-04-28,93.3000030517578,93.71700286865234,93.22799682617188,93.39900207519533,137770.0,0.0,0.0,
2017-05-02,93.6989974975586,93.875,93.04399871826172,93.73400115966795,114860.0,0.0,0.0,
2017-05-03,93.6500015258789,93.84400177001952,93.3000030517578,93.447998046875,104590.0,0.0,0.0,
2017-05-04,93.6999969482422,94.1050033569336,93.5999984741211,93.84600067138672,285250.0,0.0,0.0,
2017-05-05,93.5999984741211,93.62999725341795,92.68000030517578,92.91300201416016,205490.0,0.0,0.0,
2017-05-08,93.38600158691406,93.52999877929688,93.01000213623048,93.2249984741211,117240.0,0.0,0.0,
2017-05-09,93.25,93.5999984741211,93.12000274658205,93.2979965209961,41050.0,0.0,0.0,
2017-05-10,93.6989974975586,94.5,93.54199981689452,94.1449966430664,201820.0,0.0,0.0,
2017-05-11,94.59700012207033,94.59700012207033,94.10099792480467,94.14700317382812,63140.0,0.0,0.0,
2017-05-12,94.0270004272461,94.48799896240234,93.77999877929688,94.1729965209961,78580.0,0.0,0.0,
2017-05-15,94.43000030517578,94.5469970703125,94.22599792480467,94.41200256347656,145550.0,0.0,0.0,
2017-05-16,94.6999969482422,95.20600128173828,94.6999969482422,95.20600128173828,29230.0,0.0,0.0,
2017-05-17,95.20600128173828,95.39800262451172,94.9499969482422,95.36399841308594,159250.0,0.0,0.0,
2017-05-18,93.45999908447266,95.06700134277344,91.5500030517578,94.56700134277344,47080.0,0.0,0.0,
2017-05-19,94.95600128173828,95.25,94.06700134277344,94.34600067138672,30420.0,0.0,0.0,
2017-05-22,94.86499786376952,95.0,94.4000015258789,94.66500091552734,20780.0,0.0,0.0,
2017-05-23,94.51499938964844,94.51499938964844,93.8000030517578,94.0719985961914,91000.0,0.0,0.0,
2017-05-24,94.29199981689452,94.55699920654295,93.51699829101562,93.58100128173828,135440.0,0.0,0.0,
2017-05-25,94.0,95.3030014038086,93.9000015258789,95.0459976196289,191130.0,0.0,0.0,
2017-05-26,95.38400268554688,95.87999725341795,95.01699829101562,95.7689971923828,87350.0,0.0,0.0,
2017-05-29,95.79900360107422,96.3249969482422,95.66999816894533,96.0979995727539,340000.0,0.0,0.0,
2017-05-30,95.95800018310548,96.3499984741211,95.9250030517578,96.28700256347656,153950.0,0.0,0.0,
2017-05-31,96.18900299072266,96.75,96.18900299072266,96.70800018310548,130400.0,0.0,0.0,
2017-06-01,96.60900115966795,96.6999969482422,96.4000015258789,96.4980010986328,133670.0,0.0,0.0,
2017-06-02,96.77799987792967,96.96900177001952,96.58200073242188,96.71700286865234,147460.0,0.0,0.0,
2017-06-05,96.78299713134766,97.2020034790039,96.71700286865234,97.06400299072266,170180.0,0.0,0.0,
2017-06-06,97.3290023803711,97.3290023803711,96.76100158691406,96.96499633789062,237000.0,0.0,0.0,
2017-06-07,97.0,97.38700103759766,96.8040008544922,96.99600219726562,12800.0,0.0,0.0,
2017-06-08,97.26000213623048,97.3209991455078,97.0,97.08499908447266,40020.0,0.0,0.0,
2017-06-09,97.0,97.15799713134766,96.5,97.0999984741211,90680.0,0.0,0.0,
2017-06-12,96.7300033569336,96.97000122070312,96.3000030517578,96.6959991455078,121500.0,0.0,0.0,
2017-06-13,97.01300048828124,97.13800048828124,96.56999969482422,96.69100189208984,238900.0,0.0,0.0,
2017-06-14,96.76399993896484,96.9000015258789,96.43299865722656,96.6989974975586,16100.0,0.0,0.0,
2017-06-15,96.6989974975586,96.8759994506836,96.41999816894533,96.5530014038086,168940.0,0.0,0.0,
2017-06-16,96.4219970703125,96.9000015258789,96.3000030517578,96.3550033569336,33550.0,0.0,0.0,
2017-06-19,96.87999725341795,97.13500213623048,96.73600006103516,96.95899963378906,110810.0,0.0,0.0,
2017-06-20,97.4000015258789,97.4000015258789,96.80999755859376,96.94000244140624,7260.0,0.0,0.0,
2017-06-21,96.7699966430664,97.04900360107422,96.70099639892578,96.7979965209961,266930.0,0.0,0.0,
2017-06-22,96.98600006103516,97.4000015258789,96.59100341796876,96.74299621582033,191450.0,0.0,0.0,
2017-06-23,96.8499984741211,96.8759994506836,96.13999938964844,96.22799682617188,136820.0,0.0,0.0,
2017-06-27,96.65399932861328,96.7020034790039,95.45500183105467,95.56400299072266,233920.0,0.0,0.0,
2017-06-28,95.4499969482422,95.8000030517578,95.21099853515624,95.38899993896484,350560.0,0.0,0.0,
2017-06-29,95.6999969482422,96.4499969482422,95.5999984741211,96.0709991455078,247020.0,0.0,0.0,
2017-06-30,95.11000061035156,96.08000183105467,94.91400146484376,95.81999969482422,231000.0,0.0,0.0,
2017-07-03,96.0,96.822998046875,96.0,96.59600067138672,113380.0,0.0,0.0,
2017-07-04,96.76000213623048,97.19400024414062,96.60099792480467,96.74199676513672,237320.0,0.0,0.0,
2017-07-05,96.68499755859376,96.9489974975586,96.61000061035156,96.77300262451172,563060.0,0.0,0.0,
2017-07-06,96.9459991455078,97.3489990234375,96.9000015258789,97.02100372314452,147530.0,0.0,0.0,
2017-07-07,97.13999938964844,97.62999725341795,96.822998046875,97.08399963378906,185420.0,0.0,0.0,
2017-07-10,97.5999984741211,98.3499984741211,97.5500030517578,98.11499786376952,53030.0,0.0,0.0,
2017-07-11,98.5,98.9499969482422,98.26100158691406,98.52799987792967,194030.0,0.0,0.0,
2017-07-12,98.5999984741211,99.0,98.5,98.59600067138672,292870.0,0.0,0.0,
2017-07-13,98.99500274658205,99.3000030517578,98.8769989013672,99.15299987792967,273410.0,0.0,0.0,
2017-07-14,99.20099639892578,99.4749984741211,99.1750030517578,99.43199920654295,123350.0,0.0,0.0,
2017-07-17,99.63099670410156,100.1669998168945,99.61000061035156,99.83200073242188,68520.0,0.0,0.0,
2017-07-18,99.61000061035156,99.71499633789062,98.98999786376952,99.4459991455078,102840.0,0.0,0.0,
2017-07-19,99.5999984741211,100.1900024414062,99.4000015258789,100.0329971313477,24900.0,0.0,0.0,
2017-07-20,100.1389999389648,100.1389999389648,99.5009994506836,99.9280014038086,182550.0,0.0,0.0,
2017-07-21,99.88999938964844,100.0609970092773,99.1999969482422,99.84200286865234,117780.0,0.0,0.0,
2017-07-24,100.0,101.1890029907227,100.0,100.5849990844727,345950.0,0.0,0.0,
2017-07-25,101.3880004882812,101.3880004882812,100.25,100.3960037231445,426020.0,0.0,0.0,
2017-07-26,100.4919967651367,101.1999969482422,100.4000015258789,100.9899978637695,359640.0,0.0,0.0,
2017-07-27,109.5,115.5,101.0,101.1800003051758,20790100.0,0.0,0.0,
2017-07-28,101.5,101.5,100.5999984741211,100.6999969482422,127504.0,0.0,0.0,
2017-07-31,101.0899963378906,102.129997253418,100.8000030517578,101.8499984741211,316508.0,0.0,0.0,
2017-08-01,101.8099975585938,102.1999969482422,101.6500015258789,102.0699996948242,184231.0,0.0,0.0,
2017-08-02,102.3399963378906,102.3399963378906,101.7200012207031,101.8000030517578,173666.0,0.0,0.0,
2017-08-03,101.6999969482422,101.8399963378906,100.7699966430664,101.3399963378906,224858.0,0.0,0.0,
2017-08-04,101.3499984741211,101.7699966430664,101.0299987792969,101.6999969482422,88833.0,0.0,0.0,
2017-08-07,101.0,101.9000015258789,97.5999984741211,101.5,98642.0,0.0,0.0,
2017-08-08,101.4499969482422,101.6900024414062,100.2799987792969,100.5899963378906,126641.0,0.0,0.0,
2017-08-09,100.0899963378906,100.5999984741211,99.8000030517578,99.9800033569336,35752.0,0.0,0.0,
2017-08-10,99.73999786376952,100.0,99.01000213623048,99.47000122070312,442971.0,0.0,0.0,
2017-08-11,98.0,98.62000274658205,97.8499984741211,98.06999969482422,451907.0,0.0,0.0,
2017-08-14,98.73999786376952,98.73999786376952,98.22000122070312,98.54000091552734,334955.0,0.0,0.0,
2017-08-16,98.0,100.2699966430664,98.0,99.87000274658205,203247.0,0.0,0.0,
2017-08-17,100.0,100.629997253418,99.73999786376952,100.2600021362305,48000.0,0.0,0.0,
2017-08-18,99.7300033569336,99.8000030517578,99.0,99.62000274658205,34461.0,0.0,0.0,
2017-08-21,99.6500015258789,99.80999755859376,98.63999938964844,98.6999969482422,142227.0,0.0,0.0,
2017-08-22,99.37000274658205,99.38999938964844,98.5,98.98999786376952,233446.0,0.0,0.0,
2017-08-23,99.1500015258789,99.51000213623048,98.75,99.37999725341795,245316.0,0.0,0.0,
2017-08-24,99.33999633789062,99.8000030517578,99.31999969482422,99.69000244140624,272481.0,0.0,0.0,
2017-08-28,97.6999969482422,100.0999984741211,95.6999969482422,99.93000030517578,269955.0,0.0,0.0,
2017-08-29,99.47000122070312,99.6500015258789,99.0,99.16000366210938,102604.0,0.0,0.0,
2017-08-30,99.47000122070312,99.81999969482422,99.4000015258789,99.5999984741211,235418.0,0.0,0.0,
2017-08-31,99.72000122070312,100.0899963378906,99.4000015258789,99.83000183105467,196345.0,0.0,0.0,
2017-09-01,100.0,100.9100036621094,99.8499984741211,100.620002746582,169699.0,0.0,0.0,
2017-09-04,100.5899963378906,100.75,99.5999984741211,99.98999786376952,231715.0,0.0,0.0,
2017-09-05,100.4000015258789,100.6500015258789,99.91999816894533,100.5699996948242,125890.0,0.0,0.0,
2017-09-06,100.129997253418,100.3399963378906,99.8000030517578,100.1399993896484,80399.0,0.0,0.0,
2017-09-07,100.4000015258789,100.6999969482422,100.2799987792969,100.379997253418,47409.0,0.0,0.0,
2017-09-08,100.6999969482422,100.6999969482422,100.1999969482422,100.5500030517578,24036.0,0.0,0.0,
2017-09-11,100.9100036621094,101.1900024414062,100.6999969482422,101.1100006103516,232750.0,0.0,0.0,
2017-09-12,101.1800003051758,101.9300003051758,101.1800003051758,101.870002746582,38790.0,0.0,0.0,
2017-09-13,101.8499984741211,102.4000015258789,101.6100006103516,102.0599975585938,75318.0,0.0,0.0,
2017-09-14,102.1500015258789,102.3600006103516,101.7600021362305,102.129997253418,164944.0,0.0,0.0,
2017-09-15,101.9000015258789,102.0,101.4700012207031,101.6800003051758,51017.0,0.0,0.0,
2017-09-18,102.1900024414062,102.7200012207031,102.1900024414062,102.4800033569336,12423.0,0.0,0.0,
2017-09-19,102.8000030517578,102.8000030517578,102.4000015258789,102.5,38919.0,0.0,0.0,
2017-09-20,102.8199996948242,102.8199996948242,102.2699966430664,102.4300003051758,39591.0,0.0,0.0,
2017-09-21,103.1999969482422,106.5,101.6999969482422,102.2799987792969,34429.0,0.0,0.0,
2017-09-22,101.7399978637695,102.0,100.8199996948242,100.9100036621094,60537.0,0.0,0.0,
2017-09-25,100.620002746582,100.6999969482422,99.5,99.76000213623048,96251.0,0.0,0.0,
2017-09-26,99.7300033569336,99.86000061035156,99.27999877929688,99.4499969482422,87211.0,0.0,0.0,
2017-09-27,99.66999816894533,99.80999755859376,98.4499969482422,98.55999755859376,283633.0,0.0,0.0,
2017-09-28,98.38999938964844,98.9000015258789,98.0,98.62999725341795,115352.0,0.0,0.0,
2017-09-29,100.0,100.0,98.5999984741211,98.80999755859376,96700.0,0.0,0.0,
2017-10-03,100.0,100.7900009155273,99.16999816894533,99.62000274658205,90931.0,0.0,0.0,
2017-10-04,101.5999984741211,103.5999984741211,99.4499969482422,99.9000015258789,172360.0,0.0,0.0,
2017-10-05,100.1500015258789,100.4400024414062,99.77999877929688,99.95999908447266,94029.0,0.0,0.0,
2017-10-06,100.3300018310547,100.9700012207031,100.2699966430664,100.8000030517578,139760.0,0.0,0.0,
2017-10-09,100.8000030517578,101.2600021362305,100.6100006103516,101.0599975585938,23973.0,0.0,0.0,
2017-10-10,101.0,101.5,101.0,101.2200012207031,71830.0,0.0,0.0,
2017-10-11,101.5,101.6800003051758,100.5599975585938,100.7200012207031,128829.0,0.0,0.0,
2017-10-12,101.1399993896484,102.0,100.9700012207031,101.8399963378906,4624.0,0.0,0.0,
2017-10-13,102.4000015258789,103.1999969482422,102.1600036621094,102.9100036621094,365715.0,0.0,0.0,
2017-10-16,103.4000015258789,103.6800003051758,102.9000015258789,103.3399963378906,117802.0,0.0,0.0,
2017-10-17,103.2600021362305,103.9000015258789,103.0599975585938,103.3499984741211,65371.0,0.0,0.0,
2017-10-18,103.4000015258789,103.5,102.8300018310547,103.3399963378906,30013.0,0.0,0.0,
2017-10-19,102.9700012207031,102.9700012207031,102.0,102.4800033569336,29543.0,0.0,0.0,
2017-10-23,102.4899978637695,103.0,102.0,102.4499969482422,21550.0,0.0,0.0,
2017-10-24,102.9300003051758,103.2399978637695,102.75,103.0,4205.0,0.0,0.0,
2017-10-25,104.0999984741211,104.0999984741211,103.25,103.7399978637695,71023.0,0.0,0.0,
2017-10-26,103.3199996948242,104.1900024414062,103.3199996948242,104.0299987792969,77795.0,0.0,0.0,
2017-10-27,104.0,104.5,104.0,104.0500030517578,60788.0,0.0,0.0,
2017-10-30,104.0500030517578,105.0999984741211,104.0500030517578,104.6900024414062,51319.0,0.0,0.0,
2017-10-31,104.5800018310547,104.7300033569336,104.1500015258789,104.2799987792969,13872.0,0.0,0.0,
2017-11-01,104.8000030517578,105.6500015258789,104.8000030517578,105.4000015258789,19609.0,0.0,0.0,
2017-11-02,105.379997253418,105.6900024414062,105.0,105.3499984741211,50842.0,0.0,0.0,
2017-11-03,105.7300033569336,107.5,105.0500030517578,105.9899978637695,25766.0,0.0,0.0,
2017-11-06,105.6399993896484,106.2399978637695,105.5,105.6399993896484,51670.0,0.0,0.0,
2017-11-07,105.8899993896484,106.2799987792969,105.0,105.120002746582,165495.0,0.0,0.0,
2017-11-08,105.3099975585938,105.3099975585938,104.0500030517578,104.0800018310547,33740.0,0.0,0.0,
2017-11-09,104.8000030517578,104.8000030517578,104.0,104.4000015258789,37872.0,0.0,0.0,
2017-11-10,104.2300033569336,104.6900024414062,104.0,104.2200012207031,123536.0,0.0,0.0,
2017-11-13,104.25,104.5100021362305,103.6999969482422,103.7399978637695,168468.0,0.0,0.0,
2017-11-14,103.6999969482422,103.879997253418,103.0,103.0800018310547,7118.0,0.0,0.0,
2017-11-15,103.0999984741211,103.1500015258789,102.4000015258789,102.5599975585938,184173.0,0.0,0.0,
2017-11-16,102.8199996948242,103.5999984741211,102.4599990844727,103.2900009155273,58086.0,0.0,0.0,
2017-11-17,102.1999969482422,104.8199996948242,99.1999969482422,103.879997253418,14783.0,0.0,0.0,
2017-11-20,104.0699996948242,104.4400024414062,103.9599990844727,104.1699981689453,238006.0,0.0,0.0,
2017-11-21,104.6999969482422,105.0,104.2200012207031,104.3399963378906,20164.0,0.0,0.0,
2017-11-22,105.0,105.0500030517578,104.4499969482422,104.6500015258789,222956.0,0.0,0.0,
2017-11-23,104.8399963378906,106.0,104.379997253418,105.1999969482422,19181.0,0.0,0.0,
2017-11-24,105.0,105.5199966430664,104.7300033569336,104.9800033569336,45029.0,0.0,0.0,
2017-11-27,104.9800033569336,105.3899993896484,104.4700012207031,105.0400009155273,13520.0,0.0,0.0,
2017-11-28,105.4000015258789,105.4499969482422,104.6999969482422,105.0,12396.0,0.0,0.0,
2017-11-29,105.0,105.5,104.75,105.0,62896.0,0.0,0.0,
2017-11-30,104.4599990844727,104.5899963378906,103.5599975585938,104.0500030517578,109787.0,0.0,0.0,
2017-12-01,104.1399993896484,104.2200012207031,102.5,102.5299987792969,215853.0,0.0,0.0,
2017-12-04,102.8899993896484,103.0100021362305,102.2399978637695,102.5400009155273,32076.0,0.0,0.0,
2017-12-05,102.4000015258789,102.6900024414062,102.0,102.4300003051758,90812.0,0.0,0.0,
2017-12-06,102.1800003051758,102.2900009155273,101.4499969482422,101.5599975585938,32351.0,0.0,0.0,
2017-12-07,102.0,103.1600036621094,101.9000015258789,103.1100006103516,36188.0,0.0,0.0,
2017-12-08,103.5,104.0,103.0199966430664,103.9000015258789,23954.0,0.0,0.0,
2017-12-11,104.3600006103516,104.75,103.9599990844727,104.6399993896484,30946.0,0.0,0.0,
2017-12-12,104.379997253418,104.379997253418,103.75,103.8499984741211,20146.0,0.0,0.0,
2017-12-13,103.5599975585938,104.3499984741211,103.0,103.129997253418,95544.0,0.0,0.0,
2017-12-14,103.75,103.8000030517578,102.6100006103516,103.5400009155273,135067.0,0.0,0.0,
2017-12-15,105.1999969482422,107.6999969482422,104.4000015258789,104.5199966430664,12932.0,0.0,0.0,
2017-12-18,106.5999984741211,113.9000015258789,102.0,105.0999984741211,101352.0,0.0,0.0,
2017-12-19,105.2099990844727,105.9899978637695,105.0699996948242,105.6699981689453,191242.0,0.0,0.0,
2017-12-20,105.8300018310547,106.1900024414062,105.5,105.5500030517578,120997.0,0.0,0.0,
2017-12-21,105.9000015258789,107.0,105.5999984741211,105.7799987792969,64334.0,0.0,0.0,
2017-12-22,105.8000030517578,106.25,105.6600036621094,105.9899978637695,37627.0,0.0,0.0,
2017-12-26,106.1699981689453,106.2900009155273,105.8600006103516,106.2399978637695,27978.0,0.0,0.0,
2017-12-27,106.0199966430664,106.7399978637695,105.6800003051758,106.120002746582,35329.0,0.0,0.0,
2017-12-28,104.0,106.5,101.9000015258789,105.6699981689453,29195.0,0.0,0.0,
2017-12-29,106.4300003051758,106.5,106.0,106.2799987792969,15414.0,0.0,0.0,
2018-01-01,106.5,106.8000030517578,105.0,106.1600036621094,21740.0,0.0,0.0,
2018-01-02,106.3199996948242,106.3199996948242,105.4000015258789,105.5400009155273,120841.0,0.0,0.0,
2018-01-03,106.0800018310547,106.4000015258789,105.5,105.6800003051758,42445.0,0.0,0.0,
2018-01-04,106.0,107.0,105.620002746582,106.1999969482422,115037.0,0.0,0.0,
2018-01-05,106.3899993896484,106.7799987792969,106.2300033569336,106.6900024414062,30478.0,0.0,0.0,
2018-01-08,107.0100021362305,107.4199981689453,107.0100021362305,107.25,98253.0,0.0,0.0,
2018-01-09,107.25,107.8000030517578,107.1999969482422,107.3600006103516,90251.0,0.0,0.0,
2018-01-10,107.5,107.5899963378906,107.0400009155273,107.25,26825.0,0.0,0.0,
2018-01-11,107.3600006103516,107.8000030517578,107.129997253418,107.4700012207031,8564.0,0.0,0.0,
2018-01-12,107.9700012207031,108.0100021362305,107.4000015258789,107.9000015258789,6710.0,0.0,0.0,
2018-01-15,108.5400009155273,109.0,108.2600021362305,108.7099990844727,9743.0,0.0,0.0,
2018-01-16,108.75,108.9899978637695,108.25,108.4100036621094,14368.0,0.0,0.0,
2018-01-17,108.25,109.2900009155273,107.9400024414062,109.1500015258789,65473.0,0.0,0.0,
2018-01-18,110.0,110.0,108.6600036621094,109.0400009155273,71943.0,0.0,0.0,
2018-01-19,109.0,110.1699981689453,108.879997253418,109.9199981689453,158124.0,0.0,0.0,
2018-01-22,109.8899993896484,110.8000030517578,109.8199996948242,110.620002746582,70831.0,0.0,0.0,
2018-01-23,111.2600021362305,112.1100006103516,110.8499984741211,111.7399978637695,16843.0,0.0,0.0,
2018-01-24,111.9000015258789,112.1999969482422,111.5,111.9800033569336,21956.0,0.0,0.0,
2018-01-25,112.5999984741211,113.0,111.0,111.5299987792969,27133.0,0.0,0.0,
2018-01-29,111.9700012207031,113.0,111.6100006103516,112.4400024414062,12953.0,0.0,0.0,
2018-01-30,112.4000015258789,112.4000015258789,111.5,111.7200012207031,214674.0,0.0,0.0,
2018-01-31,111.7900009155273,111.8000030517578,111.0899963378906,111.5100021362305,43507.0,0.0,0.0,
2018-02-01,111.9000015258789,112.5599975585938,110.4000015258789,111.9100036621094,263757.0,0.0,0.0,
2018-02-02,110.8600006103516,110.9800033569336,109.1600036621094,109.3300018310547,191379.0,0.0,0.0,
2018-02-05,109.0,109.0,107.0299987792969,107.9199981689453,155322.0,0.0,0.0,
2018-02-06,107.5,107.5,104.5,106.2399978637695,269020.0,0.0,0.0,
2018-02-07,107.1699981689453,110.5,105.8000030517578,106.7900009155273,71134.0,0.0,0.0,
2018-02-08,106.0,107.5,106.0,106.629997253418,109239.0,0.0,0.0,
2018-02-09,106.0,106.4000015258789,105.0,106.120002746582,146653.0,0.0,0.0,
2018-02-12,106.5999984741211,107.1900024414062,106.2799987792969,107.0199966430664,150576.0,0.0,0.0,
2018-02-14,107.2600021362305,107.370002746582,106.1999969482422,106.9499969482422,151867.0,0.0,0.0,
2018-02-15,106.3199996948242,107.3899993896484,106.3000030517578,106.7799987792969,2058019.0,0.0,0.0,
2018-02-16,110.0,110.0,105.3600006103516,105.9100036621094,19680.0,0.0,0.0,
2018-02-19,105.6900024414062,106.0100021362305,104.5500030517578,105.0999984741211,71550.0,0.0,0.0,
2018-02-20,105.1600036621094,105.5,104.8000030517578,104.870002746582,14106.0,0.0,0.0,
2018-02-21,105.4300003051758,105.4800033569336,104.75,105.25,11740.0,0.0,0.0,
2018-02-22,106.0,106.0,104.6999969482422,104.870002746582,10466.0,0.0,0.0,
2018-02-23,105.5,106.4100036621094,105.1999969482422,106.1699981689453,5113.0,0.0,0.0,
2018-02-26,106.4700012207031,107.3399963378906,106.4700012207031,107.1999969482422,5780.0,0.0,0.0,
2018-02-27,108.8000030517578,108.8000030517578,106.5899963378906,107.0,16987.0,0.0,0.0,
2018-02-28,106.2799987792969,106.7399978637695,105.9100036621094,106.4599990844727,5686.0,0.0,0.0,
2018-03-01,106.620002746582,106.620002746582,105.9100036621094,106.0699996948242,8226.0,0.0,0.0,
2018-03-05,105.3300018310547,105.4800033569336,104.8600006103516,105.2300033569336,97484.0,0.0,0.0,
2018-03-06,105.75,105.8600006103516,103.9000015258789,104.0899963378906,77100.0,0.0,0.0,
2018-03-07,103.8099975585938,108.3000030517578,103.0,103.3399963378906,46781.0,0.0,0.0,
2018-03-08,103.870002746582,104.0599975585938,103.0400009155273,103.8499984741211,100049.0,0.0,0.0,
2018-03-09,104.0400009155273,104.1999969482422,103.5,103.7699966430664,315825.0,0.0,0.0,
2018-03-12,104.8199996948242,105.7399978637695,104.1500015258789,105.4599990844727,59127.0,0.0,0.0,
2018-03-13,105.6600036621094,106.25,105.1500015258789,105.6699981689453,113993.0,0.0,0.0,
2018-03-14,106.0,106.5,104.9000015258789,105.1800003051758,249899.0,0.0,0.0,
2018-03-15,105.4199981689453,105.620002746582,104.9400024414062,105.1100006103516,46663.0,0.0,0.0,
2018-03-16,104.870002746582,104.9300003051758,103.4599990844727,103.7200012207031,129969.0,0.0,0.0,
2018-03-19,103.6999969482422,103.75,102.5999984741211,102.7699966430664,136160.0,0.0,0.0,
2018-03-20,102.4400024414062,103.5,102.0999984741211,102.8899993896484,79438.0,0.0,0.0,
2018-03-21,103.7799987792969,104.0699996948242,102.75,103.0,171750.0,0.0,0.0,
2018-03-22,103.0,103.8300018310547,102.5999984741211,102.8899993896484,205278.0,0.0,0.0,
2018-03-23,101.5,101.9899978637695,101.0,101.4499969482422,49727.0,0.0,0.0,
2018-03-26,101.5,103.0,100.9899978637695,102.7200012207031,17445.0,0.0,0.0,
2018-03-27,103.0,103.5999984741211,102.4800033569336,103.3300018310547,23086.0,0.0,0.0,
2018-03-28,102.7399978637695,103.2399978637695,102.1800003051758,102.8000030517578,31576.0,0.0,0.0,
2018-04-02,102.8000030517578,103.75,102.8000030517578,103.7099990844727,63864.0,0.0,0.0,
2018-04-03,103.5,104.2200012207031,103.5,103.8399963378906,105068.0,0.0,0.0,
2018-04-04,104.1500015258789,104.4800033569336,102.6999969482422,102.7300033569336,112437.0,0.0,0.0,
2018-04-05,103.879997253418,105.0,103.8600006103516,104.7200012207031,39882.0,0.0,0.0,
2018-04-06,104.3899993896484,105.3399963378906,104.3399963378906,104.7300033569336,20990.0,0.0,0.0,
2018-04-09,105.25,105.6999969482422,105.0,105.5800018310547,11226.0,0.0,0.0,
2018-04-10,105.5800018310547,105.9700012207031,105.3600006103516,105.6999969482422,14460.0,0.0,0.0,
2018-04-11,105.5999984741211,105.8600006103516,105.0500030517578,105.5100021362305,35989.0,0.0,0.0,
2018-04-12,105.620002746582,106.1999969482422,105.620002746582,105.9199981689453,99874.0,0.0,0.0,
2018-04-13,106.1999969482422,107.0,106.1900024414062,106.2699966430664,81436.0,0.0,0.0,
2018-04-16,105.8000030517578,107.2200012207031,105.6800003051758,107.0500030517578,69981.0,0.0,0.0,
2018-04-17,107.1500015258789,107.4100036621094,106.5999984741211,107.2399978637695,318879.0,0.0,0.0,
2018-04-18,107.3899993896484,107.75,106.9100036621094,107.1900024414062,396757.0,0.0,0.0,
2018-04-19,107.0,107.6999969482422,106.6999969482422,107.5299987792969,63467.0,0.0,0.0,
2018-04-20,107.2300033569336,107.6999969482422,106.7399978637695,107.6100006103516,43697.0,0.0,0.0,
2018-04-23,107.4899978637695,107.9300003051758,105.4499969482422,107.5699996948242,149069.0,0.0,0.0,
2018-04-24,107.6500015258789,107.75,107.1100006103516,107.6999969482422,37841.0,0.0,0.0,
2018-04-25,107.4300003051758,107.5199966430664,106.5699996948242,107.2799987792969,7855.0,0.0,0.0,
2018-04-26,107.3499984741211,107.6999969482422,107.0,107.4700012207031,11566.0,0.0,0.0,
2018-04-27,108.0,108.75,108.0,108.2900009155273,15907.0,0.0,0.0,
2018-04-30,108.5800018310547,109.4400024414062,108.5800018310547,109.0699996948242,55263.0,0.0,0.0,
2018-05-02,109.3499984741211,109.3499984741211,108.3099975585938,108.870002746582,41495.0,0.0,0.0,
2018-05-03,108.8499984741211,108.8499984741211,107.9499969482422,108.2699966430664,54274.0,0.0,0.0,
2018-05-04,108.3499984741211,108.4000015258789,107.7200012207031,107.75,167687.0,0.0,0.0,
2018-05-07,110.5999984741211,110.5999984741211,104.5,108.4599990844727,54559.0,0.0,0.0,
2018-05-08,108.870002746582,108.8899993896484,108.0999984741211,108.5699996948242,14567.0,0.0,0.0,
2018-05-09,106.0,109.1399993896484,106.0,108.9499969482422,7953.0,0.0,0.0,
2018-05-10,108.9499969482422,109.379997253418,108.7099990844727,108.9199981689453,43468.0,0.0,0.0,
2018-05-11,109.3000030517578,109.5,108.8600006103516,109.4300003051758,34585.0,0.0,0.0,
2018-05-14,109.7699966430664,110.0,109.1699981689453,109.5400009155273,23925.0,0.0,0.0,
2018-05-15,121.0,121.0,109.4599990844727,109.5199966430664,14436.0,0.0,0.0,
2018-05-16,121.0,121.0,108.6999969482422,108.9499969482422,12717.0,0.0,0.0,
2018-05-17,109.379997253418,109.379997253418,108.0599975585938,108.5400009155273,42992.0,0.0,0.0,
2018-05-18,108.3000030517578,108.3000030517578,107.620002746582,107.8099975585938,47992.0,0.0,0.0,
2018-05-21,107.8099975585938,107.9700012207031,106.620002746582,107.0199966430664,27018.0,0.0,0.0,
2018-05-22,107.0,107.4100036621094,106.5500030517578,107.2600021362305,33802.0,0.0,0.0,
2018-05-23,107.1999969482422,107.1999969482422,105.9499969482422,106.0899963378906,15411.0,0.0,0.0,
2018-05-24,106.3399963378906,106.8499984741211,105.6999969482422,106.0800018310547,39498.0,0.0,0.0,
2018-05-25,106.6600036621094,107.8899993896484,105.5,107.4400024414062,25753.0,0.0,0.0,
2018-05-28,108.0,108.5999984741211,107.9000015258789,108.1500015258789,28323.0,0.0,0.0,
2018-05-29,108.1900024414062,108.5999984741211,107.5999984741211,107.620002746582,37135.0,0.0,0.0,
2018-05-30,107.5,107.879997253418,106.9000015258789,107.5999984741211,15466.0,0.0,0.0,
2018-05-31,107.9400024414062,108.9000015258789,107.6399993896484,108.370002746582,26586.0,0.0,0.0,
2018-06-01,108.5,109.1600036621094,108.3499984741211,108.6699981689453,75967.0,0.0,0.0,
2018-06-04,108.5999984741211,109.0199966430664,108.0,108.120002746582,49148.0,0.0,0.0,
2018-06-05,107.5699996948242,108.3600006103516,107.5400009155273,107.8099975585938,13591.0,0.0,0.0,
2018-06-06,108.0,108.8899993896484,107.6800003051758,108.5,33949.0,0.0,0.0,
2018-06-07,109.3300018310547,109.7900009155273,109.0100021362305,109.2300033569336,33333.0,0.0,0.0,
2018-06-08,108.8000030517578,109.879997253418,108.75,109.6699981689453,219398.0,0.0,0.0,
2018-06-11,109.4000015258789,110.1999969482422,109.4000015258789,109.7099990844727,153676.0,0.0,0.0,
2018-06-12,110.0,111.0,109.6399993896484,110.5199966430664,158084.0,0.0,0.0,
2018-06-13,110.370002746582,110.8000030517578,110.3000030517578,110.4499969482422,22890.0,0.0,0.0,
2018-06-14,110.0599975585938,110.4000015258789,109.5500030517578,109.9100036621094,170652.0,0.0,0.0,
2018-06-15,109.5599975585938,110.3000030517578,109.5100021362305,109.9000015258789,54891.0,0.0,0.0,
2018-06-18,109.9700012207031,110.3499984741211,109.6900024414062,110.0199966430664,30453.0,0.0,0.0,
2018-06-19,109.7900009155273,109.7900009155273,108.8300018310547,109.0199966430664,63540.0,0.0,0.0,
2018-06-20,109.3899993896484,109.8000030517578,109.3099975585938,109.4700012207031,149216.0,0.0,0.0,
2018-06-21,109.0,109.8000030517578,109.0,109.1500015258789,96325.0,0.0,0.0,
2018-06-22,109.0999984741211,110.0,108.8899993896484,109.8600006103516,228688.0,0.0,0.0,
2018-06-25,109.8300018310547,111.0,109.2799987792969,109.3399963378906,134651.0,0.0,0.0,
2018-06-26,109.5999984741211,109.9899978637695,109.4899978637695,109.6399993896484,70569.0,0.0,0.0,
2018-06-27,110.5999984741211,111.0,108.25,108.4199981689453,33251.0,0.0,0.0,
2018-06-28,108.8899993896484,108.9499969482422,107.5400009155273,107.8000030517578,13987.0,0.0,0.0,
2018-06-29,108.3000030517578,109.2099990844727,108.2200012207031,108.8899993896484,56145.0,0.0,0.0,
2018-07-02,108.9499969482422,109.2799987792969,108.0,108.870002746582,22933.0,0.0,0.0,
2018-07-03,108.8099975585938,109.4499969482422,108.6900024414062,109.2900009155273,9689.0,0.0,0.0,
2018-07-04,109.2399978637695,109.7799987792969,108.9000015258789,109.5599975585938,16672.0,0.0,0.0,
2018-07-05,109.9000015258789,110.0500030517578,109.3499984741211,109.8099975585938,12574.0,0.0,0.0,
2018-07-06,109.5,110.4000015258789,109.1999969482422,109.8300018310547,5526.0,0.0,0.0,
2018-07-09,110.0,110.6999969482422,110.0,110.4700012207031,16308.0,0.0,0.0,
2018-07-10,111.4000015258789,111.8399963378906,111.0,111.5599975585938,46773.0,0.0,0.0,
2018-07-11,112.0,112.0,111.1600036621094,111.3499984741211,29031.0,0.0,0.0,
2018-07-12,111.870002746582,112.7699966430664,111.870002746582,112.3499984741211,25235.0,0.0,0.0,
2018-07-13,112.3499984741211,112.9499969482422,112.120002746582,112.3000030517578,10727.0,0.0,0.0,
2018-07-16,112.9499969482422,112.9499969482422,111.620002746582,111.6699981689453,22204.0,0.0,0.0,
2018-07-17,111.879997253418,112.379997253418,111.5299987792969,112.0699996948242,17229.0,0.0,0.0,
2018-07-18,112.5299987792969,112.8399963378906,111.5199966430664,111.7799987792969,25739.0,0.0,0.0,
2018-07-19,112.0,112.4100036621094,111.5599975585938,112.2099990844727,61003.0,0.0,0.0,
2018-07-20,112.0,112.6500015258789,111.5,112.2099990844727,11562.0,0.0,0.0,
2018-07-23,112.6500015258789,119.0,111.3499984741211,113.0899963378906,25860.0,0.0,0.0,
2018-07-24,113.4300003051758,113.6999969482422,113.1600036621094,113.3600006103516,14833.0,0.0,0.0,
2018-07-25,113.6999969482422,114.3000030517578,113.1800003051758,113.6399993896484,12001.0,0.0,0.0,
2018-07-26,113.8600006103516,114.0199966430664,113.4300003051758,113.6399993896484,100199.0,0.0,0.0,
2018-07-27,113.9100036621094,115.0,113.8399963378906,114.7600021362305,28944.0,0.0,0.0,
2018-07-30,116.0,116.0,114.5,115.129997253418,57238.0,0.0,0.0,
2018-07-31,115.1999969482422,115.9000015258789,114.9000015258789,115.6999969482422,23064.0,0.0,0.0,
2018-08-01,116.0,116.1600036621094,115.5,115.8099975585938,14066.0,0.0,0.0,
2018-08-02,115.0,115.8000030517578,114.879997253418,115.0,40344.0,0.0,0.0,
2018-08-03,115.0,116.1600036621094,115.0,115.9300003051758,19451.0,0.0,0.0,
2018-08-06,116.0299987792969,116.9800033569336,115.25,116.1999969482422,17827.0,0.0,0.0,
2018-08-07,116.7200012207031,116.7200012207031,116.0100021362305,116.4599990844727,35075.0,0.0,0.0,
2018-08-08,116.4599990844727,117.0899963378906,116.0500030517578,116.9499969482422,13027.0,0.0,0.0,
2018-08-09,117.0,117.5299987792969,116.9700012207031,117.1500015258789,18162.0,0.0,0.0,
2018-08-10,117.0,117.3600006103516,116.7099990844727,117.0400009155273,21378.0,0.0,0.0,
2018-08-13,117.1999969482422,117.1999969482422,115.9100036621094,116.2799987792969,38218.0,0.0,0.0,
2018-08-14,116.6100006103516,117.25,116.3499984741211,117.0199966430664,16174.0,0.0,0.0,
2018-08-16,117.0,117.1399993896484,116.2300033569336,116.4499969482422,26918.0,0.0,0.0,
2018-08-17,116.0,117.8000030517578,116.0,117.4199981689453,10751.0,0.0,0.0,
2018-08-20,117.5,118.9899978637695,117.5,118.2799987792969,98324.0,0.0,0.0,
2018-08-21,118.3600006103516,118.4199981689453,117.9000015258789,118.0599975585938,3872.0,0.0,0.0,
2018-08-23,119.0999984741211,119.0999984741211,118.0,118.1800003051758,39367.0,0.0,0.0,
2018-08-24,118.1600036621094,120.5,117.6500015258789,118.4100036621094,56036.0,0.0,0.0,
2018-08-27,118.4199981689453,119.6999969482422,118.4199981689453,119.4199981689453,9241.0,0.0,0.0,
2018-08-28,119.9899978637695,120.2200012207031,119.5299987792969,119.870002746582,17508.0,0.0,0.0,
2018-08-29,119.5999984741211,120.2699966430664,119.4000015258789,120.1100006103516,121310.0,0.0,0.0,
2018-08-30,119.7399978637695,120.0,119.0699996948242,119.6699981689453,18021.0,0.0,0.0,
2018-08-31,119.4300003051758,120.0899963378906,119.0100021362305,119.5699996948242,31312.0,0.0,0.0,
2018-09-03,119.5999984741211,119.9499969482422,118.1800003051758,118.3600006103516,23760.0,0.0,0.0,
2018-09-04,118.620002746582,118.8000030517578,117.5100021362305,117.9400024414062,28464.0,0.0,0.0,
2018-09-05,118.0,118.1100006103516,116.8499984741211,117.5100021362305,129779.0,0.0,0.0,
2018-09-06,118.0,118.9000015258789,117.0,118.0500030517578,52088.0,0.0,0.0,
2018-09-07,117.3300018310547,118.9899978637695,117.3300018310547,118.4700012207031,24605.0,0.0,0.0,
2018-09-10,118.3399963378906,118.4000015258789,117.3000030517578,117.3600006103516,31611.0,0.0,0.0,
2018-09-11,117.5800018310547,117.5800018310547,115.5400009155273,115.7300033569336,117398.0,0.0,0.0,
2018-09-12,115.620002746582,116.4400024414062,115.0,116.3000030517578,320304.0,0.0,0.0,
2018-09-14,117.0,117.9000015258789,116.8600006103516,117.6900024414062,18955.0,0.0,0.0,
2018-09-17,116.6100006103516,117.0100021362305,116.25,116.4800033569336,46744.0,0.0,0.0,
2018-09-18,116.379997253418,116.879997253418,115.129997253418,115.5400009155273,102773.0,0.0,0.0,
2018-09-19,115.879997253418,116.1399993896484,114.9499969482422,115.3300018310547,23747.0,0.0,0.0,
2018-09-21,116.0199966430664,116.0699996948242,112.6600036621094,114.0599975585938,50440.0,0.0,0.0,
2018-09-24,114.0500030517578,114.0500030517578,112.0,112.4700012207031,65238.0,0.0,0.0,
2018-09-25,112.5,113.9000015258789,111.2600021362305,112.9300003051758,100858.0,0.0,0.0,
2018-09-26,113.6999969482422,113.8099975585938,112.3000030517578,112.5800018310547,98925.0,0.0,0.0,
2018-09-27,112.5,113.5899963378906,112.1999969482422,112.5899963378906,68814.0,0.0,0.0,
2018-09-28,112.879997253418,113.0800018310547,111.5,112.120002746582,185047.0,0.0,0.0,
2018-10-01,113.0,115.0,110.7600021362305,112.2600021362305,98558.0,0.0,0.0,
2018-10-03,112.2600021362305,113.0999984741211,111.0,111.0,50112.0,0.0,0.0,
2018-10-04,111.0,111.0,108.4000015258789,108.9100036621094,133007.0,0.0,0.0,
2018-10-05,108.1399993896484,108.3499984741211,105.3099975585938,106.5699996948242,120445.0,0.0,0.0,
2018-10-08,105.7300033569336,106.8000030517578,104.75,105.9199981689453,387300.0,0.0,0.0,
2018-10-09,106.2300033569336,106.5899963378906,105.5,105.7699966430664,149690.0,0.0,0.0,
2018-10-10,106.0100021362305,107.4499969482422,105.8499984741211,107.2399978637695,39647.0,0.0,0.0,
2018-10-11,105.0,105.6500015258789,104.0,104.5100021362305,532453.0,0.0,0.0,
2018-10-12,106.0100021362305,107.5999984741211,105.4300003051758,107.1800003051758,366819.0,0.0,0.0,
2018-10-15,108.0,108.0,106.370002746582,107.4800033569336,72850.0,0.0,0.0,
2018-10-16,107.9300003051758,108.5999984741211,107.6999969482422,108.3000030517578,27634.0,0.0,0.0,
2018-10-17,109.5999984741211,109.5999984741211,106.870002746582,107.0899963378906,254801.0,0.0,0.0,
2018-10-19,106.9000015258789,106.9000015258789,105.3099975585938,105.6800003051758,104788.0,0.0,0.0,
2018-10-22,106.0699996948242,106.3000030517578,105.0999984741211,105.2600021362305,111770.0,0.0,0.0,
2018-10-23,105.0,105.0,103.5100021362305,104.1699981689453,240428.0,0.0,0.0,
2018-10-24,105.3899993896484,105.4100036621094,103.4000015258789,104.3499984741211,57521.0,0.0,0.0,
2018-10-25,103.5,104.379997253418,103.4000015258789,103.9800033569336,27093.0,0.0,0.0,
2018-10-26,103.3099975585938,103.9800033569336,102.75,102.879997253418,103434.0,0.0,0.0,
2018-10-29,104.0,104.9300003051758,102.7300033569336,104.5800018310547,127671.0,0.0,0.0,
2018-10-30,106.0,106.0,104.0,104.2600021362305,232516.0,0.0,0.0,
2018-10-31,104.5,106.1800003051758,103.2600021362305,105.870002746582,171825.0,0.0,0.0,
2018-11-01,105.0,106.379997253418,105.0,106.0599975585938,283552.0,0.0,0.0,
2018-11-02,106.9899978637695,108.4000015258789,106.8099975585938,107.870002746582,34435.0,0.0,0.0,
2018-11-05,107.7799987792969,108.0100021362305,107.2200012207031,107.9300003051758,29802.0,0.0,0.0,
2018-11-06,108.3000030517578,108.5999984741211,107.6600036621094,107.8000030517578,17074.0,0.0,0.0,
2018-11-07,108.0,109.5,108.0,108.75,13688.0,0.0,0.0,
2018-11-09,108.5699996948242,109.0699996948242,108.0500030517578,108.620002746582,31836.0,0.0,0.0,
2018-11-12,108.0,109.1999969482422,107.5,107.75,38020.0,0.0,0.0,
2018-11-13,107.4499969482422,108.5999984741211,107.0400009155273,108.5199966430664,31132.0,0.0,0.0,
2018-11-14,108.620002746582,108.9599990844727,108.0,108.2399978637695,56058.0,0.0,0.0,
2018-11-15,108.6100006103516,109.0,108.0100021362305,108.7200012207031,15094.0,0.0,0.0,
2018-11-16,108.5999984741211,109.4000015258789,108.5800018310547,108.9700012207031,32701.0,0.0,0.0,
2018-11-19,109.0,110.4000015258789,108.0,110.0100021362305,95365.0,0.0,0.0,
2018-11-20,109.4499969482422,110.3399963378906,108.6800003051758,109.25,64173.0,0.0,0.0,
2018-11-21,109.5,109.5,108.3000030517578,108.6399993896484,66398.0,0.0,0.0,
2018-11-22,108.6399993896484,108.8899993896484,107.8000030517578,108.0,18727.0,0.0,0.0,
2018-11-26,108.0999984741211,108.9899978637695,107.1999969482422,108.5100021362305,45279.0,0.0,0.0,
2018-11-27,108.75,109.2399978637695,108.0500030517578,109.120002746582,29846.0,0.0,0.0,
2018-11-28,109.2399978637695,109.8399963378906,109.2399978637695,109.4100036621094,40078.0,0.0,0.0,
2018-11-29,110.1100006103516,111.0,110.0100021362305,110.629997253418,43423.0,0.0,0.0,
2018-11-30,112.8000030517578,115.0999984741211,110.5500030517578,111.0100021362305,40741.0,0.0,0.0,
2018-12-03,111.0100021362305,111.9800033569336,110.9599990844727,111.5,261793.0,0.0,0.0,
2018-12-04,111.4899978637695,111.7600021362305,111.1100006103516,111.5699996948242,453643.0,0.0,0.0,
2018-12-05,111.4499969482422,111.5,110.2399978637695,110.7399978637695,46049.0,0.0,0.0,
2018-12-06,110.0,111.0,108.4000015258789,108.8399963378906,227398.0,0.0,0.0,
2018-12-07,108.8300018310547,109.7699966430664,108.6100006103516,109.4300003051758,71515.0,0.0,0.0,
2018-12-10,109.1500015258789,109.1500015258789,105.0999984741211,107.5899963378906,244639.0,0.0,0.0,
2018-12-11,106.3000030517578,111.9000015258789,105.9000015258789,108.9599990844727,122697.0,0.0,0.0,
2018-12-12,108.5500030517578,109.8899993896484,107.5500030517578,109.6699981689453,124800.0,0.0,0.0,
2018-12-13,110.1500015258789,110.6600036621094,109.6999969482422,110.3000030517578,197533.0,0.0,0.0,
2018-12-14,110.0,110.9899978637695,109.0100021362305,110.0899963378906,6957.0,0.0,0.0,
2018-12-17,110.0,111.1999969482422,110.0,111.0400009155273,68993.0,0.0,0.0,
2018-12-18,110.9800033569336,111.5400009155273,110.5899963378906,111.3600006103516,37836.0,0.0,0.0,
2018-12-19,111.620002746582,112.1900024414062,111.620002746582,112.0,42626.0,0.0,0.0,
2018-12-20,111.4700012207031,112.0,111.129997253418,111.8000030517578,12534.0,0.0,0.0,
2018-12-21,113.0,113.0,110.1999969482422,110.3499984741211,32724.0,0.0,0.0,
2018-12-24,110.3899993896484,110.4899978637695,109.0500030517578,109.3399963378906,26124.0,0.0,0.0,
2018-12-26,108.9000015258789,109.9000015258789,108.0,109.75,127657.0,0.0,0.0,
2018-12-27,111.8499984741211,111.8499984741211,110.0,110.3199996948242,28966.0,0.0,0.0,
2018-12-28,111.0,111.4800033569336,110.629997253418,110.8399963378906,61690.0,0.0,0.0,
2018-12-31,111.2300033569336,111.7099990844727,111.0500030517578,111.2900009155273,17645.0,0.0,0.0,
2019-01-01,111.2399978637695,111.7799987792969,110.4300003051758,111.5899963378906,17472.0,0.0,0.0,
2019-01-02,111.4400024414062,111.4899978637695,109.8499984741211,110.629997253418,15344.0,0.0,0.0,
2019-01-03,109.0,110.8499984741211,109.0,109.5199966430664,18719.0,0.0,0.0,
2019-01-04,109.9599990844727,110.1999969482422,109.0,109.7900009155273,37292.0,0.0,0.0,
2019-01-07,111.0,111.3399963378906,109.9000015258789,110.4100036621094,25631.0,0.0,0.0,
2019-01-08,110.4100036621094,111.0299987792969,110.0,110.8099975585938,17883.0,0.0,0.0,
2019-01-09,111.0999984741211,111.4000015258789,110.0,111.1100006103516,53612.0,0.0,0.0,
2019-01-10,111.0500030517578,111.4899978637695,110.7099990844727,111.129997253418,65633.0,0.0,0.0,
2019-01-11,110.9599990844727,111.5,110.1699981689453,110.5699996948242,16660.0,0.0,0.0,
2019-01-14,110.0400009155273,110.4400024414062,109.6999969482422,110.1600036621094,19561.0,0.0,0.0,
2019-01-15,110.2699966430664,111.75,110.2699966430664,111.5199966430664,32883.0,0.0,0.0,
2019-01-16,111.9599990844727,112.120002746582,111.5,111.7399978637695,39333.0,0.0,0.0,
2019-01-17,111.7399978637695,112.0500030517578,110.7200012207031,111.4300003051758,41512.0,0.0,0.0,
2019-01-18,111.6900024414062,111.9300003051758,111.0500030517578,111.4899978637695,19731.0,0.0,0.0,
2019-01-21,111.4800033569336,112.6999969482422,111.1800003051758,112.3000030517578,192799.0,0.0,0.0,
2019-01-22,112.1800003051758,112.1800003051758,111.5299987792969,111.8099975585938,45406.0,0.0,0.0,
2019-01-23,111.8000030517578,112.1500015258789,110.5800018310547,111.0500030517578,275615.0,0.0,0.0,
2019-01-24,111.0,111.2900009155273,110.5999984741211,111.120002746582,48378.0,0.0,0.0,
2019-01-25,111.5400009155273,111.9100036621094,110.0899963378906,110.5599975585938,262197.0,0.0,0.0,
2019-01-28,110.1800003051758,110.6100006103516,109.120002746582,109.620002746582,145842.0,0.0,0.0,
2019-01-29,109.5299987792969,109.5500030517578,108.5100021362305,109.2399978637695,57952.0,0.0,0.0,
2019-01-30,108.25,109.5,108.25,109.129997253418,44597.0,0.0,0.0,
2019-01-31,109.7900009155273,110.9899978637695,109.25,110.7799987792969,19063.0,0.0,0.0,
2019-02-01,111.25,112.5999984741211,110.9899978637695,111.2600021362305,52680.0,0.0,0.0,
2019-02-04,111.3000030517578,112.0,110.8000030517578,111.8300018310547,17362.0,0.0,0.0,
2019-02-05,111.7399978637695,112.2200012207031,111.0100021362305,111.8000030517578,30165.0,0.0,0.0,
2019-02-06,112.4800033569336,113.1999969482422,112.1999969482422,113.120002746582,31672.0,0.0,0.0,
2019-02-07,113.1999969482422,113.6999969482422,112.9599990844727,113.2300033569336,12962.0,0.0,0.0,
2019-02-08,113.0,113.0299987792969,111.75,111.9499969482422,108438.0,0.0,0.0,
2019-02-11,114.1999969482422,116.4000015258789,111.0500030517578,111.5599975585938,36155.0,0.0,0.0,
2019-02-12,111.4599990844727,112.0,111.1999969482422,111.5599975585938,22780.0,0.0,0.0,
2019-02-14,110.9899978637695,110.9899978637695,110.0,110.1900024414062,49611.0,0.0,0.0,
2019-02-15,110.1999969482422,110.3000030517578,109.1600036621094,110.1500015258789,74138.0,0.0,0.0,
2019-02-18,110.3899993896484,110.3899993896484,109.0,109.1900024414062,32823.0,0.0,0.0,
2019-02-19,109.370002746582,110.0,108.5100021362305,108.9100036621094,48590.0,0.0,0.0,
2019-02-20,109.5100021362305,110.6100006103516,109.3000030517578,110.2799987792969,29481.0,0.0,0.0,
2019-02-21,110.0,110.9199981689453,109.7699966430664,110.8199996948242,23262.0,0.0,0.0,
2019-02-22,111.0,111.0,110.0,110.8899993896484,41268.0,0.0,0.0,
2019-02-25,111.5,115.3000030517578,110.5699996948242,111.7099990844727,29486.0,0.0,0.0,
2019-02-26,110.5500030517578,111.5800018310547,110.0999984741211,110.7799987792969,88200.0,0.0,0.0,
2019-02-27,111.5,112.0,110.3000030517578,110.5299987792969,59297.0,0.0,0.0,
2019-02-28,111.0,111.1999969482422,110.5,110.6500015258789,27742.0,0.0,0.0,
2019-03-01,111.25,111.4000015258789,111.0100021362305,111.0800018310547,34891.0,0.0,0.0,
2019-03-05,111.1999969482422,112.9100036621094,110.6999969482422,112.6600036621094,189069.0,0.0,0.0,
2019-03-06,112.6500015258789,113.25,112.6500015258789,113.1399993896484,28121.0,0.0,0.0,
2019-03-07,112.25,117.6999969482422,112.25,113.2200012207031,21852.0,0.0,0.0,
2019-03-08,112.9000015258789,113.1699981689453,112.5299987792969,113.0999984741211,39266.0,0.0,0.0,
2019-03-11,115.4000015258789,117.5999984741211,113.1100006103516,114.2799987792969,32330.0,0.0,0.0,
2019-03-12,115.0,115.9199981689453,114.8600006103516,115.7900009155273,44813.0,0.0,0.0,
2019-03-13,115.6500015258789,116.3899993896484,115.0,116.0800018310547,54670.0,0.0,0.0,
2019-03-14,116.1999969482422,116.9000015258789,116.1399993896484,116.2399978637695,76788.0,0.0,0.0,
2019-03-15,116.8899993896484,117.8000030517578,116.620002746582,117.2799987792969,52298.0,0.0,0.0,
2019-03-18,119.5999984741211,122.0,117.0100021362305,117.5500030517578,17624.0,0.0,0.0,
2019-03-19,117.0500030517578,118.5100021362305,117.0500030517578,118.1699981689453,50491.0,0.0,0.0,
2019-03-20,117.9199981689453,118.6800003051758,117.8099975585938,118.3499984741211,61629.0,0.0,0.0,
2019-03-22,118.3000030517578,118.7900009155273,117.1999969482422,117.370002746582,20473.0,0.0,0.0,
2019-03-25,117.120002746582,117.1699981689453,116.0899963378906,116.1900024414062,94071.0,0.0,0.0,
2019-03-26,116.25,117.9000015258789,116.25,117.6800003051758,147805.0,0.0,0.0,
2019-03-27,117.9499969482422,118.6999969482422,117.0,117.4100036621094,31194.0,0.0,0.0,
2019-03-28,117.0500030517578,118.9899978637695,117.0500030517578,118.6100006103516,22528.0,0.0,0.0,
2019-04-01,119.3000030517578,120.4400024414062,119.25,119.4499969482422,56525.0,0.0,0.0,
2019-04-02,119.6900024414062,120.25,119.0,119.5299987792969,160346.0,0.0,0.0,
2019-04-03,120.0,120.2799987792969,119.0,119.3300018310547,74944.0,0.0,0.0,
2019-04-04,119.5,119.7600021362305,118.629997253418,119.370002746582,45820.0,0.0,0.0,
2019-04-05,119.75,119.9499969482422,119.0,119.5599975585938,45407.0,0.0,0.0,
2019-04-08,119.5599975585938,119.9000015258789,118.4000015258789,118.5199966430664,372443.0,0.0,0.0,
2019-04-09,120.5,120.5,118.4499969482422,119.5,14323.0,0.0,0.0,
2019-04-10,119.5,120.0,118.8099975585938,119.0699996948242,151301.0,0.0,0.0,
2019-04-11,119.25,119.3499984741211,118.5,118.9899978637695,22796.0,0.0,0.0,
2019-04-12,119.2200012207031,119.6500015258789,118.8000030517578,119.3899993896484,18694.0,0.0,0.0,
2019-04-15,119.6100006103516,120.0,119.4199981689453,119.9499969482422,11868.0,0.0,0.0,
2019-04-16,120.4000015258789,121.3000030517578,120.3499984741211,121.1600036621094,32514.0,0.0,0.0,
2019-04-18,121.0,121.2699966430664,120.4499969482422,120.9000015258789,131296.0,0.0,0.0,
2019-04-22,120.5,120.5,119.3000030517578,119.5500030517578,25900.0,0.0,0.0,
2019-04-23,119.0,119.6999969482422,118.9499969482422,119.0999984741211,24375.0,0.0,0.0,
2019-04-24,119.2099990844727,120.3600006103516,118.8000030517578,120.2200012207031,52559.0,0.0,0.0,
2019-04-25,120.2099990844727,120.879997253418,119.2399978637695,119.9499969482422,130196.0,0.0,0.0,
2019-04-26,120.129997253418,120.6999969482422,119.7300033569336,120.4400024414062,68375.0,0.0,0.0,
2019-04-30,120.5999984741211,121.0,119.5199966430664,120.9000015258789,30757.0,0.0,0.0,
2019-05-02,121.0,123.0,120.0199966430664,120.3600006103516,44181.0,0.0,0.0,
2019-05-03,120.620002746582,121.0,120.1800003051758,120.2399978637695,28652.0,0.0,0.0,
2019-05-06,119.5,120.0,118.8399963378906,119.6399993896484,79758.0,0.0,0.0,
2019-05-07,119.5,119.5,117.9400024414062,118.120002746582,34977.0,0.0,0.0,
2019-05-08,116.25,118.0,116.25,117.379997253418,28582.0,0.0,0.0,
2019-05-09,118.0,118.0,115.9000015258789,116.0699996948242,102318.0,0.0,0.0,
2019-05-10,116.5500030517578,116.8899993896484,115.6999969482422,116.0899963378906,40973.0,0.0,0.0,
2019-05-13,115.7699966430664,116.4000015258789,114.6500015258789,115.0800018310547,78726.0,0.0,0.0,
2019-05-14,114.9400024414062,116.0,114.1500015258789,115.1699981689453,112760.0,0.0,0.0,
2019-05-15,115.6399993896484,116.0899963378906,114.6100006103516,114.870002746582,49677.0,0.0,0.0,
2019-05-16,114.8000030517578,116.2399978637695,114.5,115.9300003051758,17045.0,0.0,0.0,
2019-05-17,115.9000015258789,117.4000015258789,115.7600021362305,117.1800003051758,39838.0,0.0,0.0,
2019-05-20,119.9700012207031,121.370002746582,119.0,121.1699981689453,194960.0,0.0,0.0,
2019-05-21,121.9499969482422,122.0,119.8899993896484,120.129997253418,335524.0,0.0,0.0,
2019-05-22,121.0,121.4599990844727,119.870002746582,121.1100006103516,66053.0,0.0,0.0,
2019-05-23,122.0,123.2900009155273,119.0,119.5999984741211,222364.0,0.0,0.0,
2019-05-24,120.0100021362305,121.4000015258789,119.5,121.1100006103516,77585.0,0.0,0.0,
2019-05-27,123.1999969482422,123.4000015258789,120.9800033569336,122.0400009155273,106969.0,0.0,0.0,
2019-05-28,124.5,124.5,121.5699996948242,122.25,53681.0,0.0,0.0,
2019-05-29,122.0,122.4100036621094,121.4000015258789,121.620002746582,26257.0,0.0,0.0,
2019-05-30,121.7799987792969,122.7900009155273,121.7799987792969,122.620002746582,55592.0,0.0,0.0,
2019-05-31,122.9300003051758,123.3899993896484,121.0899963378906,122.0400009155273,71281.0,0.0,0.0,
2019-06-03,122.2799987792969,124.1999969482422,122.129997253418,123.9300003051758,131866.0,0.0,0.0,
2019-06-04,126.4000015258789,128.8999938964844,123.2799987792969,123.4800033569336,171697.0,0.0,0.0,
2019-06-06,124.0,125.0,121.5100021362305,121.8099975585938,43370.0,0.0,0.0,
2019-06-07,121.7399978637695,122.4800033569336,120.870002746582,122.1800003051758,42334.0,0.0,0.0,
2019-06-10,122.9599990844727,123.3600006103516,122.3499984741211,123.1399993896484,24095.0,0.0,0.0,
2019-06-11,123.6100006103516,123.6100006103516,122.5999984741211,123.0500030517578,24603.0,0.0,0.0,
2019-06-12,122.879997253418,122.9599990844727,122.0,122.1399993896484,27227.0,0.0,0.0,
2019-06-13,122.1399993896484,122.4000015258789,121.5100021362305,122.1399993896484,7346.0,0.0,0.0,
2019-06-14,122.4000015258789,122.4599990844727,121.5999984741211,121.9000015258789,7495.0,0.0,0.0,
2019-06-17,130.3999938964844,132.8999938964844,120.4000015258789,120.5800018310547,91492.0,0.0,0.0,
2019-06-18,120.5800018310547,121.1699981689453,120.2799987792969,120.6500015258789,61001.0,0.0,0.0,
2019-06-19,121.2799987792969,121.4800033569336,120.1999969482422,120.5899963378906,272322.0,0.0,0.0,
2019-06-20,120.870002746582,122.0999984741211,119.75,121.879997253418,15103.0,0.0,0.0,
2019-06-21,121.6600036621094,121.6999969482422,120.5699996948242,120.7099990844727,21507.0,0.0,0.0,
2019-06-24,120.5,121.370002746582,120.25,120.6100006103516,21829.0,0.0,0.0,
2019-06-25,120.4400024414062,121.75,120.3899993896484,121.620002746582,18921.0,0.0,0.0,
2019-06-26,121.9000015258789,122.75,121.5500030517578,122.1399993896484,47235.0,0.0,0.0,
2019-06-27,122.1999969482422,123.0,122.1399993896484,122.6399993896484,45771.0,0.0,0.0,
2019-06-28,123.6999969482422,123.6999969482422,121.7399978637695,121.7600021362305,5471.0,0.0,0.0,
2019-07-01,121.5,122.8199996948242,121.0,122.5299987792969,41138.0,0.0,0.0,
2019-07-02,122.6900024414062,122.9000015258789,121.8399963378906,122.5699996948242,28031.0,0.0,0.0,
2019-07-03,122.9899978637695,123.0,122.5,122.620002746582,17401.0,0.0,0.0,
2019-07-04,122.620002746582,123.2799987792969,122.620002746582,122.9100036621094,11032.0,0.0,0.0,
2019-07-05,123.4800033569336,123.4899978637695,122.0,122.120002746582,110669.0,0.0,0.0,
2019-07-08,123.0,123.9499969482422,119.5199966430664,120.120002746582,279280.0,0.0,0.0,
2019-07-09,117.0,119.75,117.0,119.3899993896484,329024.0,0.0,0.0,
2019-07-10,119.3899993896484,119.8300018310547,118.5,119.0,82060.0,0.0,0.0,
2019-07-11,120.5999984741211,120.5999984741211,119.0,119.3899993896484,17820.0,0.0,0.0,
2019-07-12,119.5,119.9000015258789,118.9000015258789,119.0599975585938,16681.0,0.0,0.0,
2019-07-15,122.0,122.0,118.7600021362305,119.5400009155273,55070.0,0.0,0.0,
2019-07-16,121.9000015258789,124.3000030517578,119.0800018310547,119.9300003051758,36224.0,0.0,0.0,
2019-07-17,119.9300003051758,120.879997253418,119.8199996948242,120.8300018310547,161855.0,0.0,0.0,
2019-07-18,120.0,120.8499984741211,119.9499969482422,120.370002746582,100264.0,0.0,0.0,
2019-07-19,120.4199981689453,120.4800033569336,118.1100006103516,118.1699981689453,108217.0,0.0,0.0,
2019-07-22,117.9400024414062,119.9000015258789,116.6699981689453,117.129997253418,234375.0,0.0,0.0,
2019-07-23,117.5500030517578,117.8099975585938,116.6100006103516,116.8300018310547,38436.0,0.0,0.0,
2019-07-24,117.0,117.120002746582,116.1999969482422,116.7300033569336,38374.0,0.0,0.0,
2019-07-25,116.3499984741211,117.6800003051758,116.3499984741211,116.7399978637695,44798.0,0.0,0.0,
2019-07-26,116.620002746582,117.0,116.0999984741211,116.8899993896484,12863.0,0.0,0.0,
2019-07-29,116.8099975585938,116.879997253418,115.5800018310547,116.1800003051758,68870.0,0.0,0.0,
2019-07-30,116.0999984741211,116.4599990844727,114.8000030517578,114.9300003051758,128343.0,0.0,0.0,
2019-07-31,115.0,115.1399993896484,114.0,114.6999969482422,128413.0,0.0,0.0,
2019-08-01,114.25,114.5,112.7799987792969,113.8600006103516,128857.0,0.0,0.0,
2019-08-02,113.6999969482422,114.9000015258789,112.3899993896484,113.9199981689453,180378.0,0.0,0.0,
2019-08-05,113.9199981689453,113.9199981689453,111.8000030517578,112.75,179461.0,0.0,0.0,
2019-08-06,112.75,113.9800033569336,112.3499984741211,113.2099990844727,52532.0,0.0,0.0,
2019-08-07,113.0,113.5,109.0,112.6800003051758,53493.0,0.0,0.0,
2019-08-08,113.2699966430664,114.4499969482422,112.4700012207031,114.1100006103516,27673.0,0.0,0.0,
2019-08-09,113.0,115.4800033569336,113.0,115.0599975585938,128758.0,0.0,0.0,
2019-08-13,115.0,115.5,110.5,113.2900009155273,90460.0,0.0,0.0,
2019-08-14,113.4000015258789,114.8300018310547,112.9899978637695,114.1699981689453,44719.0,0.0,0.0,
2019-08-16,114.0,114.5,113.0100021362305,114.4000015258789,28435.0,0.0,0.0,
2019-08-19,113.25,115.1900024414062,113.25,113.8899993896484,33660.0,0.0,0.0,
2019-08-20,114.3000030517578,114.5,113.6500015258789,114.0,61428.0,0.0,0.0,
2019-08-21,114.0,114.25,113.0999984741211,113.3499984741211,20412.0,0.0,0.0,
2019-08-22,113.0899963378906,113.0899963378906,111.3300018310547,111.5299987792969,52832.0,0.0,0.0,
2019-08-23,111.1399993896484,113.0,110.5,112.7600021362305,88813.0,0.0,0.0,
2019-08-26,115.0,117.3000030517578,111.6399993896484,114.4199981689453,59798.0,0.0,0.0,
2019-08-27,114.1900024414062,115.379997253418,114.0500030517578,114.879997253418,44244.0,0.0,0.0,
2019-08-28,114.6999969482422,115.0999984741211,113.75,114.1500015258789,99815.0,0.0,0.0,
2019-08-29,115.0,115.0,113.4000015258789,113.9800033569336,21489.0,0.0,0.0,
2019-08-30,113.9499969482422,114.4000015258789,112.75,113.5800018310547,97606.0,0.0,0.0,
2019-09-03,111.3000030517578,113.4199981689453,111.0,111.8199996948242,53518.0,0.0,0.0,
2019-09-04,112.0,112.8099975585938,111.6800003051758,112.5,25504.0,0.0,0.0,
2019-09-05,112.8099975585938,113.3000030517578,111.9800033569336,112.4100036621094,30043.0,0.0,0.0,
2019-09-06,112.5,113.3499984741211,112.0999984741211,112.9000015258789,21233.0,0.0,0.0,
2019-09-09,113.0,114.1900024414062,112.4000015258789,113.5199966430664,30125.0,0.0,0.0,
2019-09-11,114.0500030517578,114.4499969482422,113.5,114.2200012207031,54802.0,0.0,0.0,
2019-09-12,114.0,114.9000015258789,113.6999969482422,113.7200012207031,18568.0,0.0,0.0,
2019-09-13,113.7200012207031,114.5,113.0500030517578,114.3300018310547,16719.0,0.0,0.0,
2019-09-16,114.2699966430664,114.4899978637695,113.4599990844727,113.9499969482422,21880.0,0.0,0.0,
2019-09-17,113.5,113.8600006103516,111.8499984741211,112.1500015258789,86088.0,0.0,0.0,
2019-09-18,112.6999969482422,112.8499984741211,111.9000015258789,112.2600021362305,21246.0,0.0,0.0,
2019-09-19,112.3499984741211,112.4000015258789,110.9400024414062,111.0699996948242,65129.0,0.0,0.0,
2019-09-20,113.0,117.4000015258789,110.8000030517578,116.370002746582,350719.0,0.0,0.0,
2019-09-23,120.0,125.0,118.0,120.5899963378906,2042742.0,0.0,0.0,
2019-09-24,120.5899963378906,123.0,119.3099975585938,119.9300003051758,799721.0,0.0,0.0,
2019-09-25,118.5500030517578,119.9499969482422,118.5500030517578,118.879997253418,84181.0,0.0,0.0,
2019-09-26,119.1999969482422,120.25,119.1999969482422,119.620002746582,471543.0,0.0,0.0,
2019-09-27,120.0,120.1500015258789,119.3000030517578,119.5199966430664,423411.0,0.0,0.0,
2019-09-30,119.5599975585938,119.6999969482422,118.2300033569336,119.4599990844727,487481.0,0.0,0.0,
2019-10-01,119.5100021362305,120.0,117.0,117.4899978637695,220359.0,0.0,0.0,
2019-10-03,117.0100021362305,117.7900009155273,116.5,117.0800018310547,34831.0,0.0,0.0,
2019-10-04,117.4000015258789,117.9000015258789,115.9499969482422,116.0299987792969,96496.0,0.0,0.0,
2019-10-07,116.1500015258789,116.6999969482422,115.3600006103516,115.8199996948242,196701.0,0.0,0.0,
2019-10-09,118.0999984741211,128.6000061035156,115.25,116.9700012207031,55017.0,0.0,0.0,
2019-10-10,116.8199996948242,117.0800018310547,116.0599975585938,116.4499969482422,18463.0,0.0,0.0,
2019-10-11,116.6900024414062,117.4700012207031,115.8099975585938,116.6999969482422,27325.0,0.0,0.0,
2019-10-14,117.0,117.9000015258789,116.8000030517578,117.3099975585938,58123.0,0.0,0.0,
2019-10-15,117.5999984741211,118.4000015258789,117.3000030517578,118.0,65235.0,0.0,0.0,
2019-10-16,115.5999984741211,118.6999969482422,105.0,118.1800003051758,84462.0,0.0,0.0,
2019-10-17,118.0199966430664,119.6399993896484,118.0199966430664,119.4899978637695,29533.0,0.0,0.0,
2019-10-18,118.9499969482422,121.0,118.9499969482422,120.3600006103516,102418.0,0.0,0.0,
2019-10-22,120.6100006103516,121.0,119.75,119.9800033569336,69537.0,0.0,0.0,
2019-10-23,120.0,120.5,119.5,119.5999984741211,31506.0,0.0,0.0,
2019-10-24,120.0599975585938,120.7799987792969,119.5,119.9100036621094,49399.0,0.0,0.0,
2019-10-25,119.9899978637695,120.5999984741211,119.5,120.3399963378906,142949.0,0.0,0.0,
2019-10-27,121.1100006103516,121.1100006103516,119.9100036621094,120.2900009155273,13589.0,0.0,0.0,
2019-10-29,120.1600036621094,122.0,120.120002746582,121.7399978637695,63187.0,0.0,0.0,
2019-10-30,121.6999969482422,122.6800003051758,121.6999969482422,122.120002746582,56824.0,0.0,0.0,
2019-10-31,122.3899993896484,123.1999969482422,122.1999969482422,122.5199966430664,44133.0,0.0,0.0,
2019-11-01,122.5,123.6800003051758,122.2600021362305,122.8399963378906,1083750.0,0.0,0.0,
2019-11-04,123.1699981689453,123.8899993896484,122.4899978637695,123.2799987792969,101711.0,0.0,0.0,
2019-11-05,123.0999984741211,123.5500030517578,122.5999984741211,123.2200012207031,25714.0,0.0,0.0,
2019-11-06,123.0,124.0,122.5599975585938,123.5899963378906,41912.0,0.0,0.0,
2019-11-07,123.5999984741211,124.3000030517578,123.5,124.0,603936.0,0.0,0.0,
2019-11-08,123.8000030517578,124.6500015258789,123.0,123.2699966430664,125395.0,0.0,0.0,
2019-11-11,123.1100006103516,123.7200012207031,122.4700012207031,123.1900024414062,41667.0,0.0,0.0,
2019-11-13,123.3899993896484,123.5500030517578,122.1699981689453,122.3399963378906,24139.0,0.0,0.0,
2019-11-14,122.6800003051758,123.0,121.9000015258789,122.4800033569336,1377969.0,0.0,0.0,
2019-11-15,124.9000015258789,125.0,122.5199966430664,123.0899963378906,896449.0,0.0,0.0,
2019-11-18,123.3099975585938,123.3199996948242,122.7399978637695,122.7699966430664,94057.0,0.0,0.0,
2019-11-19,123.3000030517578,123.5,122.5500030517578,123.3600006103516,56442.0,0.0,0.0,
2019-11-20,120.9000015258789,125.8000030517578,109.8000030517578,123.7799987792969,90583.0,0.0,0.0,
2019-11-21,124.0,124.4000015258789,122.1500015258789,123.9000015258789,43621.0,0.0,0.0,
2019-11-22,123.9000015258789,123.9000015258789,122.9000015258789,122.9899978637695,16117.0,0.0,0.0,
2019-11-25,123.2300033569336,124.620002746582,122.9199981689453,124.5699996948242,170112.0,0.0,0.0,
2019-11-26,124.6500015258789,124.9499969482422,124.0400009155273,124.7399978637695,322450.0,0.0,0.0,
2019-11-27,124.620002746582,124.9700012207031,124.5999984741211,124.8600006103516,28778.0,0.0,0.0,
2019-11-28,124.7399978637695,126.4499969482422,124.7399978637695,126.3000030517578,948845.0,0.0,0.0,
2019-11-29,126.2200012207031,126.2200012207031,124.8000030517578,125.3399963378906,19046.0,0.0,0.0,
2019-12-02,124.8099975585938,125.5599975585938,123.75,125.0100021362305,258119.0,0.0,0.0,
2019-12-03,125.0500030517578,125.0500030517578,123.6699981689453,124.1900024414062,24672.0,0.0,0.0,
2019-12-04,126.6999969482422,129.1999969482422,123.6999969482422,124.75,14780.0,0.0,0.0,
2019-12-05,125.9899978637695,125.9899978637695,124.0199966430664,124.2799987792969,20471.0,0.0,0.0,
2019-12-06,124.7699966430664,124.8000030517578,123.6500015258789,124.25,76675.0,0.0,0.0,
2019-12-09,126.6999969482422,129.1999969482422,123.5,123.9400024414062,16500.0,0.0,0.0,
2019-12-10,125.9000015258789,125.9000015258789,122.5800018310547,123.2099990844727,137867.0,0.0,0.0,
2019-12-11,124.0,124.0,122.8000030517578,123.1100006103516,12334.0,0.0,0.0,
2019-12-12,123.1100006103516,124.5699996948242,123.1100006103516,123.9499969482422,175310.0,0.0,0.0,
2019-12-13,124.2399978637695,125.4499969482422,124.2099990844727,125.120002746582,33313.0,0.0,0.0,
2019-12-16,125.0,125.4800033569336,124.5999984741211,124.7699966430664,24588.0,0.0,0.0,
2019-12-17,124.8000030517578,125.8600006103516,124.8000030517578,125.7300033569336,164826.0,0.0,0.0,
2019-12-18,125.9499969482422,126.3000030517578,125.5599975585938,126.1500015258789,115913.0,0.0,0.0,
2019-12-19,126.3499984741211,126.5,125.7200012207031,126.3899993896484,45280.0,0.0,0.0,
2019-12-20,126.3899993896484,126.7799987792969,126.3899993896484,126.4899978637695,29008.0,0.0,0.0,
2019-12-23,140.3999938964844,149.3000030517578,126.0999984741211,126.4400024414062,29439.0,0.0,0.0,
2019-12-24,126.4000015258789,126.9700012207031,126.0999984741211,126.370002746582,18244.0,0.0,0.0,
2019-12-26,127.3899993896484,127.3899993896484,125.0500030517578,125.4000015258789,26252.0,0.0,0.0,
2019-12-27,125.5,127.0,125.1999969482422,126.5599975585938,33245.0,0.0,0.0,
2019-12-30,129.1000061035156,130.0,126.4899978637695,127.4599990844727,3079677.0,0.0,0.0,
2019-12-31,126.5999984741211,127.4599990844727,126.25,126.8199996948242,35911.0,0.0,0.0,
2020-01-01,127.7900009155273,130.0,125.8899993896484,126.4700012207031,10187.0,0.0,0.0,
2020-01-02,135.3000030517578,135.3000030517578,126.4100036621094,127.0100021362305,11268.0,0.0,0.0,
2020-01-03,127.0100021362305,132.4600067138672,126.1399993896484,126.3300018310547,160741.0,0.0,0.0,
2020-01-06,126.0,126.379997253418,124.4499969482422,124.6500015258789,37628.0,0.0,0.0,
2020-01-07,124.7099990844727,126.3000030517578,124.7099990844727,125.2399978637695,24864.0,0.0,0.0,
2020-01-08,125.2399978637695,125.2399978637695,123.9100036621094,124.8199996948242,27818.0,0.0,0.0,
2020-01-09,125.5899963378906,126.7399978637695,125.5500030517578,126.4700012207031,20451.0,0.0,0.0,
2020-01-10,127.0500030517578,127.5,126.4499969482422,126.7200012207031,13884.0,0.0,0.0,
2020-01-13,127.1399993896484,127.6900024414062,127.1399993896484,127.5,89117.0,0.0,0.0,
2020-01-14,128.5,128.5,127.2799987792969,127.870002746582,15692.0,0.0,0.0,
2020-01-15,127.6999969482422,128.0,127.1999969482422,127.9800033569336,12698.0,0.0,0.0,
2020-01-16,136.8999938964844,139.5,116.5,127.8399963378906,27445.0,0.0,0.0,
2020-01-17,127.8399963378906,128.3399963378906,127.4800033569336,128.0899963378906,6392.0,0.0,0.0,
2020-01-20,128.0899963378906,128.0899963378906,126.9100036621094,127.0199966430664,18762.0,0.0,0.0,
2020-01-21,127.0199966430664,127.0699996948242,126.0500030517578,126.25,13467.0,0.0,0.0,
2020-01-22,126.9499969482422,126.9499969482422,125.5,125.7399978637695,24401.0,0.0,0.0,
2020-01-23,125.9499969482422,126.6100006103516,125.4000015258789,126.3499984741211,8159.0,0.0,0.0,
2020-01-24,126.0699996948242,127.4000015258789,125.7900009155273,127.3300018310547,29014.0,0.0,0.0,
2020-01-27,126.5299987792969,126.9499969482422,125.6500015258789,126.0899963378906,64413.0,0.0,0.0,
2020-01-28,127.379997253418,127.379997253418,125.0,125.2699966430664,62334.0,0.0,0.0,
2020-01-29,125.9000015258789,126.2900009155273,125.0199966430664,125.6800003051758,91743.0,0.0,0.0,
2020-01-30,125.4000015258789,125.6500015258789,124.5999984741211,125.3600006103516,67068.0,0.0,0.0,
2020-01-31,125.5,125.5400009155273,123.9899978637695,124.0,117186.0,0.0,0.0,
2020-02-03,121.6399993896484,122.1800003051758,121.0999984741211,121.3300018310547,74014.0,0.0,0.0,
2020-02-04,123.4800033569336,124.5,122.0,124.379997253418,864690.0,0.0,0.0,
2020-02-05,124.4000015258789,125.5,124.0,125.25,14760.0,0.0,0.0,
2020-02-06,125.3099975585938,125.9499969482422,125.1399993896484,125.5999984741211,169954.0,0.0,0.0,
2020-02-07,125.120002746582,125.9499969482422,125.0100021362305,125.4400024414062,42155.0,0.0,0.0,
2020-02-10,125.4400024414062,125.4400024414062,124.1600036621094,124.6900024414062,26420.0,0.0,0.0,
2020-02-11,124.8899993896484,126.1500015258789,124.8899993896484,125.4800033569336,34459.0,0.0,0.0,
2020-02-12,126.0,128.6999969482422,125.9000015258789,126.5999984741211,169018.0,0.0,0.0,
2020-02-13,126.5500030517578,126.5500030517578,125.7200012207031,126.0100021362305,17162.0,0.0,0.0,
2020-02-14,126.9000015258789,126.9000015258789,125.0999984741211,125.2900009155273,16246.0,0.0,0.0,
2020-02-17,131.8000030517578,131.8000030517578,124.7300033569336,125.1999969482422,20226.0,0.0,0.0,
2020-02-18,124.6999969482422,124.7900009155273,123.7699966430664,124.4100036621094,44508.0,0.0,0.0,
2020-02-19,125.3499984741211,125.7399978637695,124.7600021362305,125.6900024414062,49123.0,0.0,0.0,
2020-02-20,125.6900024414062,125.75,125.0400009155273,125.4400024414062,33902.0,0.0,0.0,
2020-02-24,127.9000015258789,130.5,122.75,123.0899963378906,60991.0,0.0,0.0,
2020-02-25,123.0999984741211,123.5,122.4800033569336,122.5599975585938,46669.0,0.0,0.0,
2020-02-26,122.0,122.3000030517578,120.7699966430664,121.3899993896484,39079.0,0.0,0.0,
2020-02-27,121.1999969482422,121.1999969482422,120.1500015258789,120.5500030517578,57298.0,0.0,0.0,
2020-02-28,119.5,119.5,116.1500015258789,116.7799987792969,204946.0,0.0,0.0,
2020-03-02,118.2799987792969,118.5899963378906,116.2300033569336,116.7900009155273,117149.0,0.0,0.0,
2020-03-03,119.0999984741211,121.5,116.1500015258789,117.4300003051758,56436.0,0.0,0.0,
2020-03-04,117.3399963378906,117.7799987792969,115.5,116.870002746582,56076.0,0.0,0.0,
2020-03-05,119.1999969482422,119.1999969482422,116.9300003051758,117.129997253418,32413.0,0.0,0.0,
2020-03-06,119.5,121.8000030517578,112.5999984741211,114.8300018310547,215819.0,0.0,0.0,
2020-03-09,117.0999984741211,119.4000015258789,108.0999984741211,109.9499969482422,714802.0,0.0,0.0,
2020-03-11,109.9499969482422,109.9499969482422,107.9599990844727,109.1600036621094,178701.0,0.0,0.0,
2020-03-12,109.1600036621094,109.1600036621094,100.1999969482422,101.8300018310547,795380.0,0.0,0.0,
2020-03-13,110.0,110.0,93.0999984741211,104.7300033569336,455916.0,0.0,0.0,
2020-03-16,104.7300033569336,104.7300033569336,95.9000015258789,96.58000183105467,3004265.0,0.0,0.0,
2020-03-17,123.9599990844727,123.9599990844727,94.0,95.29000091552734,368348.0,0.0,0.0,
2020-03-18,97.0,97.0,89.94999694824219,90.4499969482422,855965.0,0.0,0.0,
2020-03-19,90.4499969482422,91.97000122070312,85.1500015258789,86.26000213623047,1173490.0,0.0,0.0,
2020-03-20,88.48999786376953,91.41000366210938,85.25,89.95999908447266,691456.0,0.0,0.0,
2020-03-23,85.0,87.0,81.01000213623047,82.08999633789062,744160.0,0.0,0.0,
2020-03-24,88.0,101.0,81.94999694824219,84.04000091552734,273654.0,0.0,0.0,
2020-03-25,84.0999984741211,87.0,82.19999694824219,86.22000122070312,539564.0,0.0,0.0,
2020-03-26,86.22000122070312,90.9000015258789,85.5,89.38999938964844,505788.0,0.0,0.0,
2020-03-27,89.4000015258789,94.5,88.5,90.01000213623047,241027.0,0.0,0.0,
2020-03-30,88.19999694824219,89.0,86.1500015258789,86.62000274658203,557168.0,0.0,0.0,
2020-03-31,87.98999786376953,89.75,87.0,88.52999877929688,238707.0,0.0,0.0,
2020-04-01,88.5,90.0,86.19999694824219,86.72000122070312,157742.0,0.0,0.0,
2020-04-03,86.72000122070312,87.44000244140625,84.0,84.58000183105469,452238.0,0.0,0.0,
2020-04-07,87.98999786376953,90.9499969482422,86.0,90.66000366210938,322728.0,0.0,0.0,
2020-04-08,90.5,94.37999725341795,88.80999755859375,91.0199966430664,826442.0,0.0,0.0,
2020-04-09,93.8000030517578,94.1999969482422,91.5,93.58000183105467,216267.0,0.0,0.0,
2020-04-13,93.98999786376952,94.25,92.12999725341795,93.66999816894533,687525.0,0.0,0.0,
2020-04-15,95.48999786376952,96.0,92.5,93.2300033569336,1046384.0,0.0,0.0,
2020-04-16,92.94000244140624,94.23999786376952,91.70999908447266,93.8499984741211,706948.0,0.0,0.0,
2020-04-17,97.5999984741211,97.5999984741211,93.66999816894533,95.20999908447266,355211.0,0.0,0.0,
2020-04-20,96.58999633789062,96.6500015258789,95.3499984741211,96.12000274658205,257099.0,0.0,0.0,
2020-04-21,96.0,96.0,92.87999725341795,93.38999938964844,474605.0,0.0,0.0,
2020-04-22,93.4000015258789,95.4499969482422,92.8000030517578,95.0500030517578,184104.0,0.0,0.0,
2020-04-23,95.4499969482422,96.9499969482422,94.8000030517578,96.30999755859376,245429.0,0.0,0.0,
2020-04-24,96.5,96.5,94.72000122070312,94.9800033569336,116008.0,0.0,0.0,
2020-04-27,96.0999984741211,96.9800033569336,95.86000061035156,96.41999816894533,82729.0,0.0,0.0,
2020-04-28,97.0,97.38999938964844,95.9499969482422,96.91000366210938,366038.0,0.0,0.0,
2020-04-29,97.61000061035156,99.5999984741211,97.05999755859376,99.23999786376952,403378.0,0.0,0.0,
2020-04-30,103.1999969482422,108.1999969482422,99.5,101.379997253418,250846.0,0.0,0.0,
2020-05-04,98.87999725341795,98.87999725341795,96.0,96.55999755859376,807681.0,0.0,0.0,
2020-05-05,99.5,102.4000015258789,95.5,95.77999877929688,101797.0,0.0,0.0,
2020-05-06,95.77999877929688,96.75,94.75,95.9000015258789,108612.0,0.0,0.0,
2020-05-07,95.3000030517578,96.0,94.66999816894533,95.41000366210938,255772.0,0.0,0.0,
2020-05-08,96.6999969482422,97.0199966430664,95.58999633789062,95.91000366210938,130466.0,0.0,0.0,
2020-05-11,95.91000366210938,97.75,95.5,95.7699966430664,70615.0,0.0,0.0,
2020-05-12,95.3000030517578,96.0999984741211,94.0,95.62000274658205,66482.0,0.0,0.0,
2020-05-13,99.0,99.41000366210938,97.20999908447266,97.5,109188.0,0.0,0.0,
2020-05-14,96.5999984741211,96.5999984741211,95.05999755859376,95.58000183105467,108978.0,0.0,0.0,
2020-05-15,96.0,96.0,94.0,94.95999908447266,216693.0,0.0,0.0,
2020-05-18,95.0,95.0,91.7300033569336,91.9000015258789,153624.0,0.0,0.0,
2020-05-19,93.0,93.95999908447266,92.1999969482422,92.58000183105467,93810.0,0.0,0.0,
2020-05-20,92.58000183105467,94.5999984741211,92.5,94.1500015258789,38748.0,0.0,0.0,
2020-05-21,94.4499969482422,95.1500015258789,94.0500030517578,94.55999755859376,39142.0,0.0,0.0,
2020-05-22,94.01000213623048,95.0,93.5,93.86000061035156,42377.0,0.0,0.0,
2020-05-26,94.9000015258789,95.1999969482422,93.6999969482422,94.08000183105467,39015.0,0.0,0.0,
2020-05-27,94.9000015258789,96.5,93.6999969482422,96.22000122070312,50367.0,0.0,0.0,
2020-05-28,96.0,98.0,96.0,97.8499984741211,94642.0,0.0,0.0,
2020-05-29,97.5,99.5,97.0,99.12999725341795,353588.0,0.0,0.0,
2020-06-01,99.5999984741211,102.7900009155273,99.5999984741211,101.6100006103516,422087.0,0.0,0.0,
2020-06-02,102.0,103.4000015258789,101.5199966430664,103.1800003051758,98080.0,0.0,0.0,
2020-06-03,103.5,107.0,103.5,104.0299987792969,447843.0,0.0,0.0,
2020-06-04,104.3499984741211,105.0,102.9000015258789,103.8000030517578,128135.0,0.0,0.0,
2020-06-05,104.0899963378906,105.6500015258789,104.0299987792969,105.0199966430664,50729.0,0.0,0.0,
2020-06-08,106.620002746582,106.8000030517578,105.0,105.2900009155273,137091.0,0.0,0.0,
2020-06-09,105.3000030517578,106.9000015258789,99.0,104.0999984741211,99802.0,0.0,0.0,
2020-06-10,104.4499969482422,105.6100006103516,104.3300018310547,104.9400024414062,66893.0,0.0,0.0,
2020-06-11,104.9400024414062,113.9000015258789,102.9700012207031,103.2799987792969,384668.0,0.0,0.0,
2020-06-12,101.9800033569336,103.9400024414062,100.0,103.5599975585938,66278.0,0.0,0.0,
2020-06-15,103.2200012207031,103.25,101.0199966430664,102.129997253418,56910.0,0.0,0.0,
2020-06-16,106.1999969482422,108.9199981689453,101.0,102.7399978637695,44670.0,0.0,0.0,
2020-06-17,103.0,103.7200012207031,102.1999969482422,102.5599975585938,28066.0,0.0,0.0,
2020-06-18,102.8899993896484,104.9000015258789,102.0500030517578,104.370002746582,50003.0,0.0,0.0,
2020-06-19,104.9000015258789,106.4199981689453,104.4899978637695,105.879997253418,365304.0,0.0,0.0,
2020-06-22,105.879997253418,107.3899993896484,105.879997253418,106.5899963378906,73537.0,0.0,0.0,
2020-06-23,106.5400009155273,108.5,106.5400009155273,108.1999969482422,68913.0,0.0,0.0,
2020-06-24,108.1999969482422,109.2099990844727,106.1100006103516,106.3000030517578,169123.0,0.0,0.0,
2020-06-25,105.9899978637695,107.2699966430664,105.5999984741211,106.0500030517578,118955.0,0.0,0.0,
2020-06-26,106.4499969482422,108.0699996948242,106.4100036621094,107.4199981689453,92511.0,0.0,0.0,
2020-06-29,107.0400009155273,107.4000015258789,105.7900009155273,106.6699981689453,128909.0,0.0,0.0,
2020-06-30,107.0,107.8600006103516,106.3499984741211,106.9199981689453,82786.0,0.0,0.0,
2020-07-01,106.6699981689453,108.5,106.0,108.4000015258789,160900.0,0.0,0.0,
2020-07-02,109.0,109.5999984741211,107.9300003051758,109.3000030517578,501155.0,0.0,0.0,
2020-07-03,109.3899993896484,110.1900024414062,109.3899993896484,109.9000015258789,72673.0,0.0,0.0,
2020-07-06,110.3300018310547,111.7799987792969,110.3300018310547,111.1500015258789,561598.0,0.0,0.0,
2020-07-07,112.25,112.3199996948242,110.9499969482422,111.9899978637695,350450.0,0.0,0.0,
2020-07-08,111.9899978637695,112.8000030517578,110.9000015258789,111.1999969482422,364728.0,0.0,0.0,
2020-07-09,111.2900009155273,112.5,111.2900009155273,112.0599975585938,409771.0,0.0,0.0,
2020-07-10,111.5999984741211,112.0,111.0800018310547,111.5699996948242,94023.0,0.0,0.0,
2020-07-13,112.1999969482422,112.8600006103516,111.5,112.5500030517578,211306.0,0.0,0.0,
2020-07-14,112.4300003051758,112.4300003051758,109.8600006103516,110.1800003051758,123810.0,0.0,0.0,
2020-07-15,110.8899993896484,112.1699981689453,109.9000015258789,110.4300003051758,511601.0,0.0,0.0,
2020-07-16,113.6999969482422,115.9800033569336,109.9000015258789,111.2900009155273,63063.0,0.0,0.0,
2020-07-17,112.0,113.0999984741211,111.6900024414062,112.629997253418,576525.0,0.0,0.0,
2020-07-20,113.0,114.4000015258789,113.0,114.2900009155273,389081.0,0.0,0.0,
2020-07-21,114.1999969482422,116.25,114.1999969482422,116.0299987792969,229551.0,0.0,0.0,
2020-07-22,115.9499969482422,116.2399978637695,114.6100006103516,115.2900009155273,46153.0,0.0,0.0,
2020-07-23,115.9499969482422,116.4599990844727,115.6600036621094,116.1600036621094,87009.0,0.0,0.0,
2020-07-24,116.1600036621094,119.4000015258789,111.3499984741211,115.9599990844727,109719.0,0.0,0.0,
2020-07-27,133.3999938964844,133.3999938964844,114.9000015258789,115.3099975585938,418763.0,0.0,0.0,
2020-07-28,115.0,117.5100021362305,111.0,117.2699966430664,37840.0,0.0,0.0,
2020-07-29,117.1999969482422,117.6800003051758,115.9899978637695,116.2200012207031,302340.0,0.0,0.0,
2020-07-30,117.0,117.1999969482422,115.0500030517578,115.3499984741211,72119.0,0.0,0.0,
2020-07-31,115.6999969482422,115.879997253418,115.0,115.3499984741211,20795.0,0.0,0.0,
2020-08-03,115.870002746582,115.870002746582,113.2200012207031,113.4100036621094,680605.0,0.0,0.0,
2020-08-04,114.0,115.6500015258789,113.5,115.379997253418,238826.0,0.0,0.0,
2020-08-05,115.9000015258789,116.5,115.1500015258789,115.7200012207031,20041.0,0.0,0.0,
2020-08-06,116.0,116.8000030517578,115.4100036621094,116.0599975585938,123191.0,0.0,0.0,
2020-08-07,116.0100021362305,116.7300033569336,115.8199996948242,116.5500030517578,28265.0,0.0,0.0,
2020-08-10,116.6100006103516,117.5,116.6100006103516,116.9700012207031,72623.0,0.0,0.0,
2020-08-11,119.0,119.0,117.2900009155273,117.9800033569336,228598.0,0.0,0.0,
2020-08-12,118.0,118.0,116.3199996948242,117.4800033569336,27448.0,0.0,0.0,
2020-08-13,117.8600006103516,118.0199966430664,117.2600021362305,117.4000015258789,22967.0,0.0,0.0,
2020-08-14,117.5599975585938,118.25,115.8000030517578,116.3099975585938,55327.0,0.0,0.0,
2020-08-17,116.3099975585938,117.5,116.0,116.7600021362305,36567.0,0.0,0.0,
2020-08-18,117.0,118.4400024414062,117.0,118.129997253418,55257.0,0.0,0.0,
2020-08-19,118.5,119.3000030517578,118.5,118.9000015258789,130251.0,0.0,0.0,
2020-08-20,118.9000015258789,118.9000015258789,117.2099990844727,117.8099975585938,61383.0,0.0,0.0,
2020-08-21,118.8000030517578,119.0,117.9700012207031,118.0999984741211,24196.0,0.0,0.0,
2020-08-24,119.0800018310547,119.25,118.4100036621094,118.9899978637695,119993.0,0.0,0.0,
2020-08-25,119.25,119.5800018310547,118.7900009155273,119.120002746582,79790.0,0.0,0.0,
2020-08-26,119.5500030517578,120.0,119.0199966430664,119.9800033569336,68363.0,0.0,0.0,
2020-08-27,120.0400009155273,120.5999984741211,120.0100021362305,120.0999984741211,56726.0,0.0,0.0,
2020-08-28,120.3300018310547,121.1399993896484,120.3300018310547,120.870002746582,283043.0,0.0,0.0,
2020-08-31,121.0199966430664,122.2099990844727,117.7200012207031,118.1399993896484,734371.0,0.0,0.0,
2020-09-01,125.1999969482422,125.1999969482422,117.75,119.1800003051758,128318.0,0.0,0.0,
2020-09-02,119.879997253418,119.9899978637695,118.8000030517578,119.870002746582,33763.0,0.0,0.0,
2020-09-03,115.0,120.4000015258789,115.0,119.7399978637695,133156.0,0.0,0.0,
2020-09-04,118.1699981689453,118.9800033569336,118.0,118.1600036621094,145029.0,0.0,0.0,
2020-09-07,123.0,123.0,117.3000030517578,117.8099975585938,62079.0,0.0,0.0,
2020-09-08,135.5,135.5,117.6500015258789,117.8499984741211,22800.0,0.0,0.0,
2020-09-09,116.5,118.6500015258789,114.3300018310547,117.4199981689453,149790.0,0.0,0.0,
2020-09-10,117.5599975585938,119.3499984741211,117.5599975585938,118.9800033569336,25721.0,0.0,0.0,
2020-09-11,118.5599975585938,119.4899978637695,118.5500030517578,119.0100021362305,32929.0,0.0,0.0,
2020-09-14,119.4499969482422,120.2200012207031,118.4700012207031,119.4700012207031,1426961.0,0.0,0.0,
2020-09-15,119.5999984741211,120.3099975585938,119.3199996948242,120.0199966430664,17103.0,0.0,0.0,
2020-09-16,120.4400024414062,120.7399978637695,119.9100036621094,120.5699996948242,33147.0,0.0,0.0,
2020-09-17,120.379997253418,120.5199966430664,119.5899963378906,119.8899993896484,226089.0,0.0,0.0,
2020-09-18,123.5,127.0999984741211,119.3300018310547,119.5800018310547,152316.0,0.0,0.0,
2020-09-21,123.1999969482422,126.8000030517578,116.5999984741211,116.9199981689453,597649.0,0.0,0.0,
2020-09-22,118.9000015258789,118.9000015258789,115.379997253418,116.0899963378906,55135.0,0.0,0.0,
2020-09-23,117.5,117.5,115.0999984741211,115.8899993896484,125179.0,0.0,0.0,
2020-09-24,115.0,115.0500030517578,112.8000030517578,113.3099975585938,70249.0,0.0,0.0,
2020-09-25,114.0,115.1500015258789,112.9400024414062,115.0100021362305,36156.0,0.0,0.0,
2020-09-28,116.0899963378906,117.25,115.5,117.1699981689453,26791.0,0.0,0.0,
2020-09-29,117.5,117.8899993896484,116.2799987792969,116.9300003051758,64995.0,0.0,0.0,
2020-09-30,117.0199966430664,117.3000030517578,116.5999984741211,117.0100021362305,21245.0,0.0,0.0,
2020-10-01,117.9000015258789,119.1999969482422,117.8499984741211,118.870002746582,48766.0,0.0,0.0,
2020-10-05,119.9899978637695,120.1900024414062,119.1100006103516,119.8300018310547,112652.0,0.0,0.0,
2020-10-06,120.2900009155273,121.3000030517578,120.0999984741211,121.120002746582,32386.0,0.0,0.0,
2020-10-07,121.0999984741211,122.1999969482422,120.8600006103516,121.9400024414062,25235.0,0.0,0.0,
2020-10-08,122.5400009155273,123.620002746582,122.5100021362305,122.9899978637695,114128.0,0.0,0.0,
2020-10-09,119.3000030517578,124.0,115.5999984741211,123.6999969482422,39164.0,0.0,0.0,
2020-10-12,124.3099975585938,124.8199996948242,123.3399963378906,123.8000030517578,236694.0,0.0,0.0,
2020-10-13,139.8999938964844,139.8999938964844,123.3600006103516,124.370002746582,139721.0,0.0,0.0,
2020-10-14,124.0699996948242,124.6500015258789,122.7399978637695,124.4000015258789,549743.0,0.0,0.0,
2020-10-15,124.6500015258789,124.7799987792969,121.6600036621094,121.75,124447.0,0.0,0.0,
2020-10-16,122.5899963378906,122.9000015258789,121.6500015258789,122.5500030517578,32916.0,0.0,0.0,
2020-10-19,123.5,123.879997253418,122.7799987792969,123.8600006103516,121784.0,0.0,0.0,
2020-10-20,123.4300003051758,124.1399993896484,123.4300003051758,123.620002746582,27597.0,0.0,0.0,
2020-10-21,123.3000030517578,124.8899993896484,122.6699981689453,124.1800003051758,192527.0,0.0,0.0,
2020-10-22,124.1100006103516,124.3899993896484,123.0999984741211,123.6100006103516,21966.0,0.0,0.0,
2020-10-23,123.8099975585938,124.8000030517578,123.8000030517578,124.0199966430664,9541.0,0.0,0.0,
2020-10-26,124.0,124.6699981689453,122.25,122.6999969482422,43489.0,0.0,0.0,
2020-10-27,117.8000030517578,123.9700012207031,117.8000030517578,123.8099975585938,25018.0,0.0,0.0,
2020-10-28,123.5,124.1600036621094,122.1699981689453,122.629997253418,182447.0,0.0,0.0,
2020-10-29,122.6999969482422,122.6999969482422,121.3300018310547,121.620002746582,21942.0,0.0,0.0,
2020-10-30,121.620002746582,122.5,120.5999984741211,121.370002746582,22267.0,0.0,0.0,
2020-11-02,121.370002746582,122.3499984741211,120.8499984741211,121.5199966430664,26955.0,0.0,0.0,
2020-11-03,122.1800003051758,123.1999969482422,121.8399963378906,122.9800033569336,20422.0,0.0,0.0,
2020-11-04,123.0999984741211,124.1100006103516,122.7200012207031,123.9499969482422,60000.0,0.0,0.0,
2020-11-05,125.2399978637695,126.25,125.0500030517578,126.0699996948242,297532.0,0.0,0.0,
2020-11-06,125.8499984741211,127.9899978637695,125.8499984741211,127.7300033569336,49677.0,0.0,0.0,
2020-11-09,139.1999969482422,139.1999969482422,128.3500061035156,129.7599945068359,161122.0,0.0,0.0,
2020-11-10,141.3999938964844,141.3999938964844,129.0500030517578,131.8399963378906,172552.0,0.0,0.0,
2020-11-11,143.6999969482422,143.6999969482422,130.7700042724609,132.6199951171875,77739.0,0.0,0.0,
2020-11-12,131.7599945068359,132.9400024414062,131.0500030517578,131.9499969482422,41804.0,0.0,0.0,
2020-11-13,131.9499969482422,132.8999938964844,131.2400054931641,132.6100006103516,27173.0,0.0,0.0,
2020-11-14,133.0,133.4900054931641,132.8999938964844,133.1600036621094,10219.0,0.0,0.0,
2020-11-17,134.5,134.5,133.1600036621094,133.9799957275391,51529.0,0.0,0.0,
2020-11-18,134.0,135.3999938964844,133.5,134.9600067138672,456894.0,0.0,0.0,
2020-11-19,135.7400054931641,135.7400054931641,132.8099975585938,133.4700012207031,56843.0,0.0,0.0,
2020-11-20,133.6600036621094,134.4600067138672,132.8000030517578,133.7599945068359,86973.0,0.0,0.0,
2020-11-23,135.2899932861328,135.2899932861328,134.0200042724609,134.5500030517578,32485.0,0.0,0.0,
2020-11-24,135.5500030517578,136.1799926757812,134.8200073242188,135.7799987792969,63999.0,0.0,0.0,
2020-11-25,136.1000061035156,136.8500061035156,133.6999969482422,134.0299987792969,30049.0,0.0,0.0,
2020-11-26,135.1999969482422,136.4900054931641,133.6000061035156,135.2899932861328,39913.0,0.0,0.0,
2020-11-27,135.9400024414062,135.9900054931641,134.6900024414062,135.1999969482422,42417.0,0.0,0.0,
2020-12-01,135.1999969482422,137.0,135.0299987792969,136.4700012207031,48344.0,0.0,0.0,
2020-12-02,136.6000061035156,137.0,135.6900024414062,136.6300048828125,29397.0,0.0,0.0,
2020-12-03,137.5899963378906,138.0,136.8500061035156,137.1699981689453,75624.0,0.0,0.0,
2020-12-04,140.8999938964844,140.8999938964844,137.0099945068359,137.9799957275391,30304.0,0.0,0.0,
2020-12-07,138.4400024414062,139.1999969482422,137.9299926757812,139.0399932861328,47383.0,0.0,0.0,
2020-12-08,139.8699951171875,139.8999938964844,138.75,139.5099945068359,29985.0,0.0,0.0,
2020-12-09,140.5899963378906,141.0,139.3099975585938,140.8099975585938,38481.0,0.0,0.0,
2020-12-10,140.6399993896484,140.6999969482422,139.5,140.3000030517578,96531.0,0.0,0.0,
2020-12-11,143.8999938964844,143.8999938964844,139.5299987792969,140.6199951171875,73665.0,0.0,0.0,
2020-12-14,140.6600036621094,141.5,140.6600036621094,141.3399963378906,20795.0,0.0,0.0,
2020-12-15,140.0,141.6000061035156,140.0,141.25,34329.0,0.0,0.0,
2020-12-16,142.4700012207031,142.6499938964844,141.6100006103516,142.3200073242188,86772.0,0.0,0.0,
2020-12-17,142.9199981689453,143.2299957275391,142.4600067138672,143.0,182534.0,0.0,0.0,
2020-12-18,142.8000030517578,143.4900054931641,142.1799926757812,143.2599945068359,51295.0,0.0,0.0,
2020-12-21,143.75,143.8999938964844,137.0599975585938,139.1399993896484,87965.0,0.0,0.0,
2020-12-22,139.1399993896484,140.9499969482422,137.3399963378906,140.6000061035156,99448.0,0.0,0.0,
2020-12-23,143.8999938964844,143.8999938964844,140.0099945068359,141.8300018310547,12625.0,0.0,0.0,
2020-12-24,142.0,143.6600036621094,142.0,143.4199981689453,27106.0,0.0,0.0,
2020-12-28,143.25,145.0,143.0,144.4299926757812,113262.0,0.0,0.0,
2020-12-29,144.8999938964844,146.0500030517578,144.3300018310547,144.9100036621094,85076.0,0.0,0.0,
2020-12-30,145.9900054931641,146.0,144.3600006103516,145.5899963378906,62498.0,0.0,0.0,
2020-12-31,145.0299987792969,146.0,145.0299987792969,145.6499938964844,15235.0,0.0,0.0,
2021-01-01,146.5800018310547,146.6000061035156,145.6499938964844,146.1999969482422,24868.0,0.0,0.0,
2021-01-04,146.6999969482422,147.6999969482422,145.6000061035156,147.1999969482422,54676.0,0.0,0.0,
2021-01-05,147.3699951171875,148.0,146.6999969482422,147.8200073242188,17555.0,0.0,0.0,
2021-01-06,147.8200073242188,148.5899963378906,146.8999938964844,147.5,143047.0,0.0,0.0,
2021-01-07,151.1499938964844,151.1499938964844,147.2599945068359,147.7400054931641,13229.0,0.0,0.0,
2021-01-08,148.7299957275391,149.5700073242188,148.1000061035156,149.1999969482422,30260.0,0.0,0.0,
2021-01-11,149.6499938964844,150.8800048828125,149.5,150.6699981689453,36651.0,0.0,0.0,
2021-01-12,150.5399932861328,151.7899932861328,150.0,151.6499938964844,43777.0,0.0,0.0,
2021-01-13,152.0,152.9900054931641,150.5,151.7899932861328,93079.0,0.0,0.0,
2021-01-14,160.8999938964844,160.8999938964844,150.8000030517578,151.9499969482422,90241.0,0.0,0.0,
2021-01-15,151.8600006103516,152.0500030517578,150.0,150.1300048828125,56076.0,0.0,0.0,
2021-01-18,150.1300048828125,154.9700012207031,148.6499938964844,149.3399963378906,28143.0,0.0,0.0,
2021-01-19,154.8899993896484,156.3000030517578,149.1999969482422,151.2899932861328,25682.0,0.0,0.0,
2021-01-20,151.9900054931641,152.9799957275391,151.1999969482422,152.4900054931641,23632.0,0.0,0.0,
2021-01-21,152.5399932861328,154.0399932861328,151.2200012207031,151.8500061035156,49950.0,0.0,0.0,
2021-01-22,152.8000030517578,152.9499969482422,150.25,150.5700073242188,21971.0,0.0,0.0,
2021-01-25,151.25,151.4100036621094,148.6499938964844,149.0500030517578,40017.0,0.0,0.0,
2021-01-27,149.0500030517578,162.5,145.6000061035156,145.8600006103516,143270.0,0.0,0.0,
2021-01-28,144.8300018310547,145.5099945068359,143.3200073242188,144.3399963378906,390312.0,0.0,0.0,
2021-01-29,144.6000061035156,153.0,142.1699981689453,142.7400054931641,213904.0,0.0,0.0,
2021-02-01,145.0299987792969,149.0,142.7200012207031,148.3999938964844,1502194.0,0.0,0.0,
2021-02-02,150.0,153.25,149.4299926757812,152.1900024414062,186781.0,0.0,0.0,
2021-02-03,152.3600006103516,154.5,151.8300018310547,153.7400054931641,157644.0,0.0,0.0,
2021-02-04,153.3500061035156,155.0,152.9299926757812,154.7299957275391,62184.0,0.0,0.0,
2021-02-05,154.7299957275391,156.4900054931641,152.0,155.1699981689453,60961.0,0.0,0.0,
2021-02-08,169.1000061035156,169.1000061035156,155.5,156.8899993896484,1158399.0,0.0,0.0,
2021-02-09,157.4400024414062,158.4400024414062,156.4400024414062,156.9299926757812,160716.0,0.0,0.0,
2021-02-10,161.6000061035156,161.9700012207031,156.0,157.4700012207031,162410.0,0.0,0.0,
2021-02-11,162.1999969482422,166.8999938964844,156.5099945068359,158.2400054931641,23285.0,0.0,0.0,
2021-02-12,172.5,172.5,157.1600036621094,158.4199981689453,17241.0,0.0,0.0,
2021-02-15,172.6999969482422,172.6999969482422,157.9600067138672,159.7400054931641,90547.0,0.0,0.0,
2021-02-16,161.6699981689453,161.6699981689453,159.1100006103516,159.6499938964844,44609.0,0.0,0.0,
2021-02-17,159.7299957275391,159.7299957275391,158.1199951171875,158.5,10386.0,0.0,0.0,
2021-02-18,159.2700042724609,159.3500061035156,157.1799926757812,157.7899932861328,29488.0,0.0,0.0,
2021-02-19,157.3600006103516,158.3899993896484,156.0,156.4900054931641,233814.0,0.0,0.0,
2021-02-22,160.6999969482422,160.6999969482422,153.0,153.3899993896484,109920.0,0.0,0.0,
2021-02-23,153.6999969482422,155.6999969482422,153.0,153.8699951171875,39428.0,0.0,0.0,
2021-02-24,154.4600067138672,160.0,153.8000030517578,156.5299987792969,18049.0,0.0,0.0,
2021-02-25,159.6999969482422,159.6999969482422,157.2700042724609,157.9799957275391,62591.0,0.0,0.0,
2021-02-26,153.0,158.0,143.8000030517578,152.2200012207031,202995.0,0.0,0.0,
2021-03-01,165.8999938964844,165.8999938964844,152.9700012207031,154.4600067138672,72431.0,0.0,0.0,
2021-03-02,150.0,156.7799987792969,150.0,155.9799957275391,36517.0,0.0,0.0,
2021-03-03,157.2599945068359,159.5500030517578,156.6300048828125,159.2599945068359,62852.0,0.0,0.0,
2021-03-04,157.3399963378906,158.75,156.1000061035156,157.6499938964844,22729.0,0.0,0.0,
2021-03-05,156.3300018310547,157.6999969482422,154.5,156.3200073242188,34089.0,0.0,0.0,
2021-03-08,160.0,160.0,155.9499969482422,156.5099945068359,26996.0,0.0,0.0,
2021-03-09,157.8999938964844,158.25,156.0599975585938,157.9700012207031,173337.0,0.0,0.0,
2021-03-10,162.9600067138672,162.9600067138672,157.6999969482422,158.5200042724609,52656.0,0.0,0.0,
2021-03-12,160.3999938964844,160.3999938964844,156.3999938964844,156.7200012207031,39976.0,0.0,0.0,
2021-03-15,161.8699951171875,161.8699951171875,154.6000061035156,156.2400054931641,113793.0,0.0,0.0,
2021-03-16,156.9499969482422,157.5899963378906,155.7100067138672,156.0,15025.0,0.0,0.0,
2021-03-17,157.4400024414062,157.4400024414062,153.5500030517578,153.9100036621094,182100.0,0.0,0.0,
2021-03-18,150.1999969482422,158.5,150.1600036621094,152.2400054931641,57827.0,0.0,0.0,
2021-03-19,156.8699951171875,156.8699951171875,150.1000061035156,154.4400024414062,57700.0,0.0,0.0,
2021-03-22,155.4900054931641,155.4900054931641,152.75,153.8699951171875,34287.0,0.0,0.0,
2021-03-23,158.0,158.7700042724609,153.8800048828125,154.5399932861328,24585.0,0.0,0.0,
2021-03-24,153.8800048828125,154.4400024414062,151.8800048828125,152.2100067138672,37043.0,0.0,0.0,
2021-03-25,151.6100006103516,152.3000030517578,149.7899932861328,150.3800048828125,48024.0,0.0,0.0,
2021-03-26,151.9499969482422,152.6999969482422,151.1300048828125,151.8000030517578,15197.0,0.0,0.0,
2021-03-30,156.8600006103516,156.8600006103516,152.6600036621094,154.9100036621094,117356.0,0.0,0.0,
2021-03-31,154.5299987792969,154.5500030517578,152.8800048828125,152.9700012207031,25387.0,0.0,0.0,
2021-04-01,152.9700012207031,155.3099975585938,152.9700012207031,155.1000061035156,37533.0,0.0,0.0,
2021-04-05,159.9700012207031,159.9700012207031,151.5099945068359,153.3200073242188,207804.0,0.0,0.0,
2021-04-06,154.7400054931641,154.8600006103516,152.3500061035156,153.9499969482422,185021.0,0.0,0.0,
2021-04-07,149.3000030517578,156.8999938964844,149.3000030517578,155.0399932861328,221291.0,0.0,0.0,
2021-04-08,158.0,158.0,154.8800048828125,155.5099945068359,199017.0,0.0,0.0,
2021-04-09,155.5399932861328,155.7400054931641,154.3300018310547,154.9100036621094,135391.0,0.0,0.0,
2021-04-12,154.9100036621094,154.9100036621094,150.1000061035156,151.7400054931641,223880.0,0.0,0.0,
2021-04-13,147.1999969482422,152.1699981689453,147.1199951171875,151.9100036621094,99488.0,0.0,0.0,
2021-04-15,155.8699951171875,155.8699951171875,150.3200073242188,152.3200073242188,30774.0,0.0,0.0,
2021-04-16,152.0,153.5200042724609,152.0,152.6399993896484,33775.0,0.0,0.0,
2021-04-19,150.0,150.6600036621094,148.6399993896484,150.4499969482422,123006.0,0.0,0.0,
2021-04-20,152.3999938964844,152.3999938964844,149.0299987792969,149.7100067138672,61561.0,0.0,0.0,
2021-04-22,149.2100067138672,150.9299926757812,148.4199981689453,150.8500061035156,144588.0,0.0,0.0,
2021-04-23,150.3200073242188,151.6399993896484,149.6000061035156,150.1300048828125,109359.0,0.0,0.0,
2021-04-26,151.3000030517578,152.1000061035156,150.7799987792969,151.5500030517578,29585.0,0.0,0.0,
2021-04-27,151.5,153.1799926757812,151.5,153.0700073242188,48143.0,0.0,0.0,
2021-04-28,153.1499938964844,155.3200073242188,153.1499938964844,155.1000061035156,37387.0,0.0,0.0,
2021-04-29,156.4400024414062,156.9900054931641,154.8000030517578,155.2899932861328,19842.0,0.0,0.0,
2021-04-30,155.0,155.1799926757812,152.5,153.3500061035156,69122.0,0.0,0.0,
2021-05-03,153.0,153.6999969482422,151.0,153.1900024414062,23578.0,0.0,0.0,
2021-05-04,155.3999938964844,155.3999938964844,151.5,151.8500061035156,20155.0,0.0,0.0,
2021-05-05,153.0899963378906,153.3000030517578,151.9499969482422,153.0099945068359,29212.0,0.0,0.0,
2021-05-06,153.8899993896484,154.1699981689453,153.0,154.0099945068359,9081.0,0.0,0.0,
2021-05-07,154.7899932861328,155.5200042724609,154.3000030517578,154.7700042724609,33331.0,0.0,0.0,
2021-05-10,168.6999969482422,168.6999969482422,155.3800048828125,155.8099975585938,34079.0,0.0,0.0,
2021-05-11,153.3000030517578,161.8999938964844,153.3000030517578,155.0899963378906,253474.0,0.0,0.0,
2021-05-12,155.0800018310547,155.0800018310547,153.3500061035156,153.8300018310547,59191.0,0.0,0.0,
2021-05-14,154.0,154.1900024414062,152.8999938964844,153.7599945068359,42025.0,0.0,0.0,
2021-05-17,154.5099945068359,155.8999938964844,153.9600067138672,155.6799926757812,126441.0,0.0,0.0,
2021-05-18,156.8999938964844,157.8500061035156,156.8999938964844,157.5500030517578,30533.0,0.0,0.0,
2021-05-19,152.5200042724609,157.8500061035156,152.5200042724609,156.9499969482422,113733.0,0.0,0.0,
2021-05-20,150.6999969482422,157.4199981689453,150.6999969482422,155.9299926757812,165044.0,0.0,0.0,
2021-05-21,158.0,158.3999938964844,156.1399993896484,158.2299957275391,44565.0,0.0,0.0,
2021-05-24,163.0,163.0,157.5500030517578,158.6799926757812,31416.0,0.0,0.0,
2021-05-25,155.0,160.0,155.0,158.7700042724609,32334.0,0.0,0.0,
2021-05-26,160.0,160.0,158.6199951171875,159.5399932861328,41793.0,0.0,0.0,
2021-05-27,159.3200073242188,160.6999969482422,159.3099975585938,160.1999969482422,27805.0,0.0,0.0,
2021-05-28,160.3000030517578,161.9499969482422,160.3000030517578,161.0899963378906,51399.0,0.0,0.0,
2021-05-31,185.3000030517578,185.3000030517578,160.4499969482422,162.7700042724609,33504.0,0.0,0.0,
2021-06-01,162.3999938964844,163.5599975585938,162.3899993896484,163.0099945068359,47287.0,0.0,0.0,
2021-06-02,162.7400054931641,163.5899963378906,162.0299987792969,163.3899993896484,20715.0,0.0,0.0,
2021-06-03,163.6000061035156,164.4100036621094,163.0899963378906,164.0800018310547,151530.0,0.0,0.0,
2021-06-04,188.6999969482422,188.6999969482422,163.6000061035156,164.0500030517578,16759.0,0.0,0.0,
2021-06-07,178.8000030517578,178.8000030517578,164.0500030517578,164.6900024414062,28867.0,0.0,0.0,
2021-06-08,168.8600006103516,168.8600006103516,164.0,164.5800018310547,31793.0,0.0,0.0,
2021-06-09,153.1000061035156,165.1000061035156,149.8000030517578,163.6999969482422,45679.0,0.0,0.0,
2021-06-10,178.3999938964844,178.3999938964844,152.1999969482422,164.5899963378906,75301.0,0.0,0.0,
2021-06-11,165.3899993896484,165.8699951171875,165.0,165.4199981689453,19444.0,0.0,0.0,
2021-06-14,169.75,169.75,163.6100006103516,165.6100006103516,83599.0,0.0,0.0,
2021-06-15,166.4100036621094,166.4900054931641,165.3800048828125,166.25,23586.0,0.0,0.0,
2021-06-16,166.25,166.4700012207031,165.2400054931641,165.5399932861328,177776.0,0.0,0.0,
2021-06-17,175.5,175.5,164.1499938964844,164.8600006103516,50932.0,0.0,0.0,
2021-06-18,150.0,165.5800018310547,150.0,164.8300018310547,20483.0,0.0,0.0,
2021-06-21,164.0,165.3699951171875,162.8899993896484,165.2400054931641,29303.0,0.0,0.0,
2021-06-22,166.3000030517578,166.5,165.1000061035156,165.2899932861328,109242.0,0.0,0.0,
2021-06-23,175.1999969482422,175.1999969482422,164.5899963378906,164.7400054931641,17233.0,0.0,0.0,
2021-06-24,165.1699981689453,165.9199981689453,164.9700012207031,165.75,13666.0,0.0,0.0,
2021-06-25,180.6999969482422,180.6999969482422,165.4499969482422,166.3600006103516,90099.0,0.0,0.0,
2021-06-28,166.0,167.1100006103516,165.7200012207031,165.9700012207031,23046.0,0.0,0.0,
2021-06-29,165.0800018310547,166.2100067138672,165.0,165.2200012207031,14677.0,0.0,0.0,
2021-06-30,165.9700012207031,166.1999969482422,165.1000061035156,165.1399993896484,11196.0,0.0,0.0,
2021-07-01,165.1399993896484,165.3899993896484,164.5,164.7799987792969,14999.0,0.0,0.0,
2021-07-02,165.0899963378906,165.4199981689453,164.0,164.8999938964844,117388.0,0.0,0.0,
2021-07-05,167.0,174.8099975585938,164.5500030517578,166.0200042724609,87903.0,0.0,0.0,
2021-07-06,166.1300048828125,167.0,165.9799957275391,166.1000061035156,93853.0,0.0,0.0,
2021-07-07,166.5,166.7599945068359,165.8999938964844,166.6600036621094,42542.0,0.0,0.0,
2021-07-08,167.4100036621094,167.4199981689453,164.8999938964844,165.4299926757812,285152.0,0.0,0.0,
2021-07-09,170.3999938964844,170.3999938964844,164.1600036621094,165.1100006103516,19010.0,0.0,0.0,
2021-07-12,165.25,166.1699981689453,164.5,165.0700073242188,22240.0,0.0,0.0,
2021-07-13,165.3500061035156,166.8500061035156,165.3500061035156,166.0099945068359,18736.0,0.0,0.0,
2021-07-14,165.3999938964844,166.8800048828125,165.3999938964844,166.5500030517578,7517.0,0.0,0.0,
2021-07-15,166.6600036621094,168.3999938964844,166.0899963378906,167.1999969482422,68930.0,0.0,0.0,
2021-07-16,168.8999938964844,168.8999938964844,166.25,167.3800048828125,23015.0,0.0,0.0,
2021-07-19,165.9100036621094,166.5,165.1000061035156,165.6499938964844,94533.0,0.0,0.0,
2021-07-20,165.0,165.2400054931641,163.9600067138672,164.6399993896484,496518.0,0.0,0.0,
2021-07-22,165.0,166.3500061035156,165.0,166.1799926757812,88069.0,0.0,0.0,
2021-07-23,165.3600006103516,166.9900054931641,165.3600006103516,166.5399932861328,17113.0,0.0,0.0,
2021-07-26,166.8000030517578,168.0,165.9100036621094,166.2200012207031,114267.0,0.0,0.0,
2021-07-27,166.0,167.0,165.3000030517578,165.5500030517578,92703.0,0.0,0.0,
2021-07-28,165.1100006103516,165.6000061035156,163.4400024414062,165.4499969482422,15371.0,0.0,0.0,
2021-07-29,166.1000061035156,166.9400024414062,165.5,165.9600067138672,16441.0,0.0,0.0,
2021-07-30,166.3999938964844,166.6000061035156,165.3999938964844,165.9499969482422,55019.0,0.0,0.0,
2021-08-02,166.75,167.0,166.1999969482422,166.8300018310547,17371.0,0.0,0.0,
2021-08-03,166.1499938964844,169.3500061035156,166.1499938964844,169.1300048828125,24222.0,0.0,0.0,
2021-08-04,169.8000030517578,170.8999938964844,169.5,170.6300048828125,114188.0,0.0,0.0,
2021-08-05,171.5,171.5,168.6799926757812,171.1000061035156,83376.0,0.0,0.0,
2021-08-06,172.9799957275391,172.9799957275391,170.5599975585938,170.6199951171875,9576.0,0.0,0.0,
2021-08-09,169.5500030517578,171.8000030517578,169.5500030517578,171.1900024414062,97712.0,0.0,0.0,
2021-08-10,171.25,172.1999969482422,170.6999969482422,171.2899932861328,85615.0,0.0,0.0,
2021-08-11,171.8999938964844,171.8999938964844,170.1199951171875,171.25,47088.0,0.0,0.0,
2021-08-12,172.0,172.1600036621094,171.25,172.0099945068359,9456.0,0.0,0.0,
2021-08-13,174.0,174.0,172.4100036621094,173.5599975585938,60395.0,0.0,0.0,
2021-08-16,174.0,174.4900054931641,172.0,174.3300018310547,11781.0,0.0,0.0,
2021-08-17,174.8000030517578,174.9199981689453,173.6199951171875,174.6799926757812,90920.0,0.0,0.0,
2021-08-18,176.3999938964844,176.3999938964844,173.6000061035156,174.5,60920.0,0.0,0.0,
2021-08-20,176.0,176.0,172.0500030517578,173.1799926757812,689107.0,0.0,0.0,
2021-08-23,175.3999938964844,175.3999938964844,172.0500030517578,173.6499938964844,23678.0,0.0,0.0,
2021-08-24,175.4799957275391,175.4799957275391,173.4600067138672,175.1000061035156,68145.0,0.0,0.0,
2021-08-25,179.8300018310547,179.8300018310547,174.9400024414062,175.1399993896484,15147.0,0.0,0.0,
2021-08-26,174.5500030517578,176.3999938964844,174.5500030517578,175.25,45937.0,0.0,0.0,
2021-08-27,176.9799957275391,176.9799957275391,174.4799957275391,175.9400024414062,49973.0,0.0,0.0,
2021-08-30,176.8000030517578,178.4499969482422,175.0,178.1100006103516,61361.0,0.0,0.0,
2021-08-31,177.6000061035156,180.4400024414062,177.6000061035156,180.2200012207031,15336.0,0.0,0.0,
2021-09-01,180.8999938964844,181.3099975585938,179.8000030517578,179.9600067138672,58403.0,0.0,0.0,
2021-09-02,184.3999938964844,184.3999938964844,179.5,181.3000030517578,108421.0,0.0,0.0,
2021-09-03,190.0,192.1999969482422,179.3300018310547,182.2700042724609,59872.0,0.0,0.0,
2021-09-06,186.7700042724609,186.7700042724609,180.9299926757812,183.0399932861328,37650.0,0.0,0.0,
2021-09-07,183.3999938964844,183.4299926757812,182.0299987792969,182.6000061035156,42057.0,0.0,0.0,
2021-09-08,187.6999969482422,187.6999969482422,181.7899932861328,182.8000030517578,90509.0,0.0,0.0,
2021-09-09,183.3999938964844,183.3999938964844,181.0,182.5899963378906,10881.0,0.0,0.0,
2021-09-13,183.6900024414062,183.6900024414062,181.4199981689453,182.8800048828125,31554.0,0.0,0.0,
2021-09-14,187.8200073242188,187.8200073242188,182.7799987792969,182.9299926757812,112676.0,0.0,0.0,
2021-09-15,184.75,184.8000030517578,182.9499969482422,184.5899963378906,172602.0,0.0,0.0,
2021-09-16,185.8000030517578,186.3999938964844,182.6799926757812,185.6199951171875,38326.0,0.0,0.0,
2021-09-17,187.3899993896484,187.3899993896484,185.0,185.3600006103516,75705.0,0.0,0.0,
2021-09-20,187.3999938964844,187.3999938964844,183.0,183.4499969482422,27202.0,0.0,0.0,
2021-09-21,184.0,185.1600036621094,181.5500030517578,184.9199981689453,23866.0,0.0,0.0,
2021-09-22,183.0,187.3500061035156,183.0,185.0399932861328,27482.0,0.0,0.0,
2021-09-23,186.9799957275391,187.75,185.1000061035156,187.5599975585938,158551.0,0.0,0.0,
2021-09-24,192.7799987792969,192.7799987792969,187.2599945068359,187.7700042724609,24810.0,0.0,0.0,
2021-09-27,204.6999969482422,204.6999969482422,187.4199981689453,187.5599975585938,18096.0,0.0,0.0,
2021-09-28,189.1600036621094,189.1600036621094,184.8600006103516,186.8000030517578,35690.0,0.0,0.0,
2021-09-29,186.9799957275391,187.1900024414062,185.25,186.3600006103516,32512.0,0.0,0.0,
2021-09-30,186.0299987792969,188.1999969482422,185.3000030517578,185.8099975585938,31117.0,0.0,0.0,
2021-10-01,187.5,187.5,183.8000030517578,184.75,51316.0,0.0,0.0,
2021-10-04,185.3000030517578,186.9900054931641,185.0,186.5599975585938,15379.0,0.0,0.0,
2021-10-05,187.1000061035156,187.9499969482422,185.7599945068359,187.8200073242188,12214.0,0.0,0.0,
2021-10-06,186.6000061035156,189.3000030517578,185.5,185.7200012207031,42636.0,0.0,0.0,
2021-10-07,188.3999938964844,188.3999938964844,185.8300018310547,186.9700012207031,45487.0,0.0,0.0,
2021-10-08,187.4900054931641,188.4799957275391,187.3000030517578,187.8899993896484,17806.0,0.0,0.0,
2021-10-11,192.0,192.0,187.8699951171875,188.4100036621094,47275.0,0.0,0.0,
2021-10-12,186.5299987792969,189.8999938964844,186.5299987792969,189.0299987792969,83756.0,0.0,0.0,
2021-10-13,191.3999938964844,192.0,189.8099975585938,191.5299987792969,734861.0,0.0,0.0,
2021-10-14,191.5299987792969,192.5899963378906,191.5200042724609,192.4199981689453,42473.0,0.0,0.0,
2021-10-18,194.0,195.1999969482422,192.75,194.2700042724609,124153.0,0.0,0.0,
2021-10-19,196.2799987792969,196.2799987792969,193.1100006103516,193.6399993896484,23304.0,0.0,0.0,
2021-10-20,194.9900054931641,194.9900054931641,191.7799987792969,192.3999938964844,57477.0,0.0,0.0,
2021-10-21,194.0,194.0,189.8999938964844,191.4100036621094,86961.0,0.0,0.0,
2021-10-22,193.0800018310547,193.4499969482422,190.1300048828125,190.8600006103516,78058.0,0.0,0.0,
2021-10-25,194.8300018310547,194.8300018310547,189.5,191.1199951171875,40473.0,0.0,0.0,
2021-10-26,193.1799926757812,193.1799926757812,190.0,192.0700073242188,19500.0,0.0,0.0,
2021-10-27,193.6199951171875,193.6199951171875,191.5,191.7599945068359,11282.0,0.0,0.0,
2021-10-28,193.1199951171875,193.1199951171875,187.9499969482422,188.3300018310547,218679.0,0.0,0.0,
2021-10-29,188.0,189.8500061035156,185.5399932861328,186.6000061035156,89137.0,0.0,0.0,
2021-11-01,189.8999938964844,189.8999938964844,186.7400054931641,189.2200012207031,39122.0,0.0,0.0,
2021-11-02,189.2200012207031,192.0,188.2899932861328,188.8099975585938,45271.0,0.0,0.0,
2021-11-03,192.6000061035156,192.6000061035156,184.4499969482422,188.0299987792969,131168.0,0.0,0.0,
2021-11-04,189.9299926757812,189.9299926757812,188.5,188.7599945068359,27269.0,0.0,0.0,
2021-11-08,193.8500061035156,193.8500061035156,188.3999938964844,190.4799957275391,65009.0,0.0,0.0,
2021-11-09,193.8999938964844,193.8999938964844,189.6100006103516,190.2599945068359,17407.0,0.0,0.0,
2021-11-10,190.2599945068359,190.3399963378906,189.0,189.9199981689453,22042.0,0.0,0.0,
2021-11-11,191.2200012207031,191.2200012207031,187.8000030517578,188.3999938964844,42533.0,0.0,0.0,
2021-11-12,189.8300018310547,191.0,187.5899963378906,190.8600006103516,13569.0,0.0,0.0,
2021-11-15,192.8800048828125,192.8800048828125,188.8800048828125,190.8099975585938,28926.0,0.0,0.0,
2021-11-16,191.5,191.5,189.3399963378906,189.75,24192.0,0.0,0.0,
2021-11-17,188.9100036621094,190.9799957275391,188.6499938964844,188.9100036621094,15053.0,0.0,0.0,
2021-11-18,189.9799957275391,190.0899963378906,186.6000061035156,187.5700073242188,219675.0,0.0,0.0,
2021-11-22,187.5700073242188,190.0,182.5299987792969,184.0099945068359,138280.0,0.0,0.0,
2021-11-23,188.8099975585938,188.8099975585938,182.1100006103516,184.6799926757812,40379.0,0.0,0.0,
2021-11-24,184.0,186.0099945068359,183.2599945068359,184.0399932861328,31133.0,0.0,0.0,
2021-11-25,184.0399932861328,185.1999969482422,183.0099945068359,184.9600067138672,14410.0,0.0,0.0,
2021-11-26,188.0,188.0,179.4600067138672,179.8200073242188,175625.0,0.0,0.0,
2021-11-29,184.8600006103516,184.8600006103516,178.0,180.1199951171875,52201.0,0.0,0.0,
2021-11-30,180.3800048828125,182.7299957275391,178.5700073242188,179.1000061035156,36339.0,0.0,0.0,
2021-12-01,183.8300018310547,183.8300018310547,180.0,181.0899963378906,33396.0,0.0,0.0,
2021-12-02,181.5,183.9100036621094,181.0,183.8399963378906,361021.0,0.0,0.0,
2021-12-03,188.8500061035156,188.8500061035156,181.2200012207031,181.6499938964844,130899.0,0.0,0.0,
2021-12-06,186.8399963378906,186.8399963378906,178.4100036621094,178.6300048828125,52100.0,0.0,0.0,
2021-12-07,183.8699951171875,183.8699951171875,178.6300048828125,181.3000030517578,22089.0,0.0,0.0,
2021-12-08,204.8999938964844,204.8999938964844,181.3000030517578,183.9700012207031,33005.0,0.0,0.0,
2021-12-09,185.8000030517578,185.8000030517578,182.5500030517578,184.75,18041.0,0.0,0.0,
2021-12-10,185.0,185.0,183.25,184.5899963378906,11918.0,0.0,0.0,
2021-12-13,186.6799926757812,186.6799926757812,183.0500030517578,183.4600067138672,14730.0,0.0,0.0,
2021-12-14,182.0,184.4799957275391,181.5,182.9199981689453,32616.0,0.0,0.0,
2021-12-15,183.0,187.8999938964844,181.4499969482422,181.8200073242188,48920.0,0.0,0.0,
2021-12-16,186.8300018310547,186.8300018310547,181.4900054931641,182.1199951171875,11136.0,0.0,0.0,
2021-12-17,182.5700073242188,184.3999938964844,179.0700073242188,179.3800048828125,42665.0,0.0,0.0,
2021-12-20,179.3800048828125,181.0,173.1699981689453,175.5599975585938,161358.0,0.0,0.0,
2021-12-21,178.0,178.6799926757812,176.1000061035156,177.0200042724609,42377.0,0.0,0.0,
2021-12-22,200.0,200.0,177.5,179.0399932861328,12356.0,0.0,0.0,
2021-12-23,182.5,182.5,178.9100036621094,179.8000030517578,12776.0,0.0,0.0,
2021-12-24,180.5,180.5,178.1999969482422,179.0299987792969,30452.0,0.0,0.0,
2021-12-27,179.0299987792969,180.5,177.4499969482422,180.0899963378906,19995.0,0.0,0.0,
2021-12-28,180.8500061035156,181.8800048828125,180.6399993896484,181.4799957275391,11832.0,0.0,0.0,
2021-12-29,182.0899963378906,184.0,181.1999969482422,181.8399963378906,21464.0,0.0,0.0,
2021-12-30,182.9900054931641,182.9900054931641,181.3000030517578,181.7700042724609,33974.0,0.0,0.0,
2021-12-31,182.0,184.0,181.3099975585938,183.0299987792969,24645.0,0.0,0.0,
2022-01-03,187.8999938964844,187.8999938964844,183.0299987792969,186.1900024414062,312565.0,0.0,0.0,
2022-01-04,186.7899932861328,190.0,185.6199951171875,187.8200073242188,341653.0,0.0,0.0,
2022-01-05,187.3999938964844,189.1000061035156,187.25,188.6699981689453,17801.0,0.0,0.0,
2022-01-06,188.0500030517578,188.2599945068359,186.1000061035156,187.25,26456.0,0.0,0.0,
2022-01-07,188.0200042724609,188.8300018310547,186.6900024414062,187.9400024414062,200562.0,0.0,0.0,
2022-01-10,191.5500030517578,191.5500030517578,188.5299987792969,189.7299957275391,21480.0,0.0,0.0,
2022-01-11,191.0,191.0,189.2599945068359,190.0399932861328,220810.0,0.0,0.0,
2022-01-12,191.4199981689453,191.6999969482422,190.8099975585938,191.5399932861328,23340.0,0.0,0.0,
2022-01-13,197.8699951171875,197.8699951171875,191.0,192.2299957275391,26838.0,0.0,0.0,
2022-01-14,188.3999938964844,192.8000030517578,188.3999938964844,192.4600067138672,18467.0,0.0,0.0,
2022-01-17,196.8899993896484,196.8899993896484,189.6000061035156,193.0299987792969,17884.0,0.0,0.0,
2022-01-18,197.8399963378906,197.8399963378906,190.8200073242188,191.1199951171875,32560.0,0.0,0.0,
2022-01-19,195.8899993896484,195.8899993896484,188.7899932861328,189.3399963378906,28952.0,0.0,0.0,
2022-01-20,185.5500030517578,190.5,185.5500030517578,187.4900054931641,91905.0,0.0,0.0,
2022-01-21,187.3000030517578,188.0,184.75,186.1399993896484,71382.0,0.0,0.0,
2022-01-24,185.0,186.1999969482422,179.6399993896484,181.1900024414062,231163.0,0.0,0.0,
2022-01-25,181.1900024414062,184.8099975585938,177.8200073242188,182.5,205061.0,0.0,0.0,
2022-01-27,182.0,182.0,178.3000030517578,180.8300018310547,72031.0,0.0,0.0,
2022-01-28,184.0,184.4499969482422,180.5,180.6900024414062,43532.0,0.0,0.0,
2022-01-31,183.3000030517578,183.8800048828125,182.2599945068359,183.0299987792969,74258.0,0.0,0.0,
2022-02-01,184.8000030517578,185.8999938964844,182.4499969482422,185.3899993896484,38734.0,0.0,0.0,
2022-02-02,188.0,188.0,186.1100006103516,187.4700012207031,32546.0,0.0,0.0,
2022-02-03,189.8999938964844,189.8999938964844,184.8999938964844,185.4799957275391,38672.0,0.0,0.0,
2022-02-04,185.4799957275391,187.0,184.3800048828125,185.0299987792969,12697.0,0.0,0.0,
2022-02-07,185.0299987792969,186.9799957275391,180.8600006103516,181.9299926757812,52311.0,0.0,0.0,
2022-02-08,184.1000061035156,186.8000030517578,180.0099945068359,182.3699951171875,48293.0,0.0,0.0,
2022-02-09,185.0,185.0,182.7299957275391,184.4799957275391,17488.0,0.0,0.0,
2022-02-10,184.4700012207031,186.3999938964844,184.0099945068359,185.5299987792969,24567.0,0.0,0.0,
2022-02-11,184.1000061035156,184.2799987792969,182.4900054931641,183.3899993896484,33007.0,0.0,0.0,
2022-02-14,179.8000030517578,182.5,177.5500030517578,177.9700012207031,132294.0,0.0,0.0,
2022-02-15,181.0,183.3200073242188,177.6300048828125,183.0099945068359,52128.0,0.0,0.0,
2022-02-16,184.8999938964844,184.8999938964844,181.5,182.5200042724609,28244.0,0.0,0.0,
2022-02-17,183.0,184.8999938964844,180.5299987792969,182.3300018310547,25560.0,0.0,0.0,
2022-02-18,186.0,186.0,180.0500030517578,182.1000061035156,18470.0,0.0,0.0,
2022-02-21,181.3999938964844,183.1199951171875,179.25,181.5399932861328,22060.0,0.0,0.0,
2022-02-22,180.5,181.2400054931641,178.1000061035156,180.6100006103516,43097.0,0.0,0.0,
2022-02-23,181.9199981689453,181.9499969482422,180.1199951171875,180.3200073242188,123765.0,0.0,0.0,
2022-02-24,180.0,180.0,171.7299957275391,174.0,373596.0,0.0,0.0,
2022-02-25,174.25,179.4499969482422,174.25,176.1199951171875,108150.0,0.0,0.0,
2022-02-28,175.1999969482422,177.6900024414062,173.1300048828125,177.4400024414062,49662.0,0.0,0.0,
2022-03-02,176.8999938964844,176.8999938964844,174.3999938964844,175.6600036621094,61639.0,0.0,0.0,
2022-03-03,178.6999969482422,178.6999969482422,174.0099945068359,174.3699951171875,53976.0,0.0,0.0,
2022-03-04,174.0,174.3800048828125,170.7899932861328,171.9700012207031,703295.0,0.0,0.0,
2022-03-07,170.3099975585938,171.0,167.0099945068359,168.2899932861328,257358.0,0.0,0.0,
2022-03-08,168.0,170.4799957275391,166.2299957275391,169.9199981689453,88651.0,0.0,0.0,
2022-03-09,172.4499969482422,173.0899963378906,170.0200042724609,172.7400054931641,26776.0,0.0,0.0,
2022-03-10,176.8000030517578,176.8600006103516,173.7799987792969,175.3099975585938,89466.0,0.0,0.0,
2022-03-11,175.1000061035156,176.1499938964844,174.0800018310547,175.6900024414062,18476.0,0.0,0.0,
2022-03-14,179.8999938964844,179.8999938964844,173.5500030517578,178.0399932861328,90280.0,0.0,0.0,
2022-03-15,178.0399932861328,178.9700012207031,174.5,176.1000061035156,39807.0,0.0,0.0,
2022-03-16,183.8300018310547,183.8300018310547,177.8999938964844,179.2100067138672,23602.0,0.0,0.0,
2022-03-17,181.3099975585938,182.8000030517578,180.9499969482422,182.1600036621094,21437.0,0.0,0.0,
2022-03-21,184.1000061035156,184.1000061035156,180.6499938964844,180.9499969482422,62163.0,0.0,0.0,
2022-03-22,181.0,183.0,179.7799987792969,182.8300018310547,52729.0,0.0,0.0,
2022-03-23,183.6699981689453,184.1199951171875,181.3300018310547,181.8200073242188,99000.0,0.0,0.0,
2022-03-24,180.6199951171875,182.3999938964844,180.3800048828125,181.6300048828125,206359.0,0.0,0.0,
2022-03-25,176.1999969482422,186.8899993896484,176.1000061035156,180.9700012207031,101578.0,0.0,0.0,
2022-03-28,184.6999969482422,184.6999969482422,175.5500030517578,181.9400024414062,36066.0,0.0,0.0,
2022-03-29,183.9400024414062,183.9400024414062,181.6900024414062,182.6499938964844,21878.0,0.0,0.0,
2022-03-30,183.8500061035156,184.6100006103516,181.1000061035156,184.3899993896484,28391.0,0.0,0.0,
2022-03-31,186.8000030517578,186.8000030517578,182.5099945068359,184.2799987792969,17746.0,0.0,0.0,
2022-04-01,185.8000030517578,186.3999938964844,182.5200042724609,185.8000030517578,83465.0,0.0,0.0,
2022-04-04,210.0,210.0,183.0500030517578,190.3200073242188,159698.0,0.0,0.0,
2022-04-05,191.9900054931641,191.9900054931641,188.0099945068359,189.8800048828125,36700.0,0.0,0.0,
2022-04-06,191.0,191.0,187.9299926757812,188.3200073242188,24776.0,0.0,0.0,
2022-04-07,187.6000061035156,188.0399932861328,186.5,186.6999969482422,33696.0,0.0,0.0,
2022-04-08,186.7100067138672,188.6999969482422,186.1000061035156,188.1399993896484,137778.0,0.0,0.0,
2022-04-11,186.1499938964844,187.8999938964844,186.1499938964844,186.9299926757812,23152.0,0.0,0.0,
2022-04-12,185.8500061035156,186.4900054931641,184.5,185.6999969482422,31486.0,0.0,0.0,
2022-04-13,191.8099975585938,191.8099975585938,185.0,186.3399963378906,22143.0,0.0,0.0,
2022-04-18,185.5,185.5,180.1499938964844,181.7700042724609,84406.0,0.0,0.0,
2022-04-19,186.8699951171875,186.8699951171875,177.9499969482422,179.3500061035156,46733.0,0.0,0.0,
2022-04-20,179.0,181.9400024414062,179.0,181.3800048828125,34200.0,0.0,0.0,
2022-04-21,187.7400054931641,187.7400054931641,181.8500061035156,183.6600036621094,27519.0,0.0,0.0,
2022-04-22,181.1100006103516,183.5,180.6399993896484,180.9400024414062,22213.0,0.0,0.0,
2022-04-25,197.1999969482422,197.1999969482422,178.0200042724609,179.3000030517578,47224.0,0.0,0.0,
2022-04-26,180.9799957275391,181.9799957275391,180.6000061035156,181.1699981689453,19756.0,0.0,0.0,
2022-04-27,180.5,180.8899993896484,179.5,180.4100036621094,19483.0,0.0,0.0,
2022-04-28,182.0,182.2200012207031,180.1600036621094,181.6600036621094,33984.0,0.0,0.0,
2022-04-29,183.9499969482422,183.9499969482422,180.1300048828125,180.7100067138672,15647.0,0.0,0.0,
2022-05-02,180.5,180.5,178.8300018310547,180.1199951171875,49934.0,0.0,0.0,
2022-05-04,184.8399963378906,184.8399963378906,176.5,177.2299957275391,71096.0,0.0,0.0,
2022-05-05,183.8600006103516,193.1999969482422,176.0,177.0,67617.0,0.0,0.0,
2022-05-06,174.7899932861328,175.2400054931641,173.3099975585938,173.9499969482422,99065.0,0.0,0.0,
2022-05-09,173.0,178.9900054931641,171.5099945068359,177.1100006103516,39835.0,0.0,0.0,
2022-05-10,176.9900054931641,176.9900054931641,171.5399932861328,172.0800018310547,142089.0,0.0,0.0,
2022-05-11,174.3999938964844,174.3999938964844,169.6100006103516,171.6199951171875,210069.0,0.0,0.0,
2022-05-12,171.5,171.5,167.0,167.8000030517578,238469.0,0.0,0.0,
2022-05-13,168.4700012207031,171.4900054931641,167.2599945068359,167.6900024414062,68490.0,0.0,0.0,
2022-05-16,165.0,169.4299926757812,165.0,168.3500061035156,39941.0,0.0,0.0,
2022-05-17,169.0,174.6999969482422,168.3500061035156,172.2299957275391,68877.0,0.0,0.0,
2022-05-18,172.75,172.9900054931641,171.0099945068359,171.5200042724609,58972.0,0.0,0.0,
2022-05-19,171.4900054931641,171.4900054931641,166.9499969482422,167.1399993896484,74424.0,0.0,0.0,
2022-05-20,177.1999969482422,177.1999969482422,169.0,171.75,33171.0,0.0,0.0,
2022-05-23,174.75,174.75,170.0399932861328,171.0599975585938,81996.0,0.0,0.0,
2022-05-24,171.9499969482422,172.0,169.1000061035156,170.4199981689453,74061.0,0.0,0.0,
2022-05-25,171.6000061035156,171.75,169.5,169.9700012207031,28236.0,0.0,0.0,
2022-05-26,171.0,171.3999938964844,168.3500061035156,171.0200042724609,41594.0,0.0,0.0,
2022-05-27,170.4100036621094,174.4900054931641,170.4100036621094,172.5399932861328,19106.0,0.0,0.0,
2022-05-30,172.8000030517578,175.6999969482422,172.8000030517578,175.1499938964844,111370.0,0.0,0.0,
2022-05-31,176.8899993896484,176.8899993896484,174.2799987792969,175.1100006103516,46958.0,0.0,0.0,
2022-06-01,177.1799926757812,177.1799926757812,173.8999938964844,174.8500061035156,72766.0,0.0,0.0,
2022-06-02,171.3500061035156,175.8800048828125,171.3500061035156,175.4199981689453,8231.0,0.0,0.0,
2022-06-03,177.9499969482422,178.25,175.0200042724609,175.4600067138672,31338.0,0.0,0.0,
2022-06-06,177.8999938964844,179.0099945068359,174.0099945068359,175.6300048828125,17465.0,0.0,0.0,
2022-06-07,178.5,178.5,173.3099975585938,174.3999938964844,19752.0,0.0,0.0,
2022-06-08,179.6999969482422,179.6999969482422,173.1000061035156,173.2299957275391,28822.0,0.0,0.0,
2022-06-09,188.8000030517578,188.8000030517578,172.5099945068359,174.3200073242188,7037.0,0.0,0.0,
2022-06-10,174.2899932861328,174.2899932861328,172.0,172.3500061035156,33593.0,0.0,0.0,
2022-06-13,171.0,171.2799987792969,167.0,168.5200042724609,122864.0,0.0,0.0,
2022-06-14,169.7799987792969,169.7799987792969,167.0,167.4900054931641,77589.0,0.0,0.0,
2022-06-15,165.0,169.4799957275391,165.0,167.4400024414062,16359.0,0.0,0.0,
2022-06-16,169.9799957275391,169.9799957275391,163.0099945068359,163.6300048828125,695853.0,0.0,0.0,
2022-06-17,163.0,164.3000030517578,161.6300048828125,163.3999938964844,60465.0,0.0,0.0,
2022-06-20,164.3999938964844,164.9799957275391,162.0899963378906,163.6300048828125,31729.0,0.0,0.0,
2022-06-21,165.0,167.1000061035156,163.8500061035156,166.4400024414062,12668.0,0.0,0.0,
2022-06-22,166.5299987792969,166.5299987792969,163.8099975585938,164.3600006103516,37887.0,0.0,0.0,
2022-06-23,164.3500061035156,166.2299957275391,163.0,165.2700042724609,31755.0,0.0,0.0,
2022-06-24,164.5500030517578,167.3000030517578,164.5500030517578,166.9400024414062,23295.0,0.0,0.0,
2022-06-27,169.6000061035156,169.6000061035156,167.0099945068359,168.1100006103516,20272.0,0.0,0.0,
2022-06-28,167.6999969482422,168.5500030517578,167.0,167.8699951171875,28396.0,0.0,0.0,
2022-06-29,167.7899932861328,168.1999969482422,166.1100006103516,167.5099945068359,18879.0,0.0,0.0,
2022-06-30,166.9499969482422,170.0,166.9499969482422,167.5399932861328,24840.0,0.0,0.0,
2022-07-01,168.6000061035156,168.6000061035156,165.0500030517578,168.0,25963.0,0.0,0.0,
2022-07-04,183.1000061035156,183.1000061035156,165.0,168.1600036621094,31165.0,0.0,0.0,
2022-07-05,168.5200042724609,170.1999969482422,167.7100067138672,168.0700073242188,38182.0,0.0,0.0,
2022-07-06,172.8999938964844,172.8999938964844,167.6499938964844,169.6499938964844,22904.0,0.0,0.0,
2022-07-07,170.6799926757812,171.6199951171875,169.8200073242188,171.2599945068359,155110.0,0.0,0.0,
2022-07-08,196.8999938964844,196.8999938964844,171.0,171.8500061035156,14926.0,0.0,0.0,
2022-07-11,171.0,172.1999969482422,168.4499969482422,171.6600036621094,36731.0,0.0,0.0,
2022-07-12,171.3000030517578,171.6100006103516,170.0,170.6399993896484,17477.0,0.0,0.0,
2022-07-13,170.9499969482422,171.25,169.3500061035156,169.8999938964844,7142.0,0.0,0.0,
2022-07-14,170.1699981689453,170.8899993896484,168.6000061035156,169.1499938964844,27840.0,0.0,0.0,
2022-07-15,168.9499969482422,171.0,168.9499969482422,170.4199981689453,15747.0,0.0,0.0,
2022-07-18,172.0,173.3099975585938,171.1699981689453,173.1900024414062,83619.0,0.0,0.0,
2022-07-19,173.3000030517578,175.0,171.6600036621094,173.5700073242188,16170.0,0.0,0.0,
2022-07-20,174.9499969482422,176.4400024414062,174.6499938964844,174.8399963378906,35492.0,0.0,0.0,
2022-07-21,175.75,177.8999938964844,173.7100067138672,175.9600067138672,51955.0,0.0,0.0,
2022-07-22,176.5,177.5,176.2200012207031,177.1199951171875,70918.0,0.0,0.0,
2022-07-25,177.1199951171875,177.8000030517578,175.0,176.2599945068359,79161.0,0.0,0.0,
2022-07-26,176.25,176.3600006103516,174.75,175.6199951171875,59159.0,0.0,0.0,
2022-07-27,175.5599975585938,176.6499938964844,174.6100006103516,176.3099975585938,12143.0,0.0,0.0,
2022-07-28,177.8999938964844,180.5599975585938,177.3399963378906,179.6799926757812,84466.0,0.0,0.0,
2022-07-29,179.5899963378906,182.5,179.5899963378906,181.7700042724609,81455.0,0.0,0.0,
2022-08-01,182.6999969482422,183.8000030517578,180.6799926757812,183.6699981689453,29884.0,0.0,0.0,
2022-08-02,184.9499969482422,188.8500061035156,182.0099945068359,183.8699951171875,73641.0,0.0,0.0,
2022-08-03,184.9499969482422,184.9499969482422,182.5,183.9199981689453,33912.0,0.0,0.0,
2022-08-04,184.5200042724609,185.0,181.7400054931641,183.8200073242188,118534.0,0.0,0.0,
2022-08-05,183.8200073242188,185.0,183.7299957275391,184.2299957275391,31404.0,0.0,0.0,
2022-08-08,184.8500061035156,185.9900054931641,183.0899963378906,185.5399932861328,72335.0,0.0,0.0,
2022-08-10,183.5800018310547,187.6799926757812,183.5800018310547,185.7299957275391,44122.0,0.0,0.0,
2022-08-11,187.0899963378906,188.25,186.25,187.5299987792969,69531.0,0.0,0.0,
2022-08-12,187.5299987792969,189.6300048828125,185.6499938964844,187.1499938964844,35532.0,0.0,0.0,
2022-08-16,187.1499938964844,190.8999938964844,187.1499938964844,189.25,59346.0,0.0,0.0,
2022-08-17,189.1900024414062,190.6000061035156,189.1900024414062,190.4600067138672,68642.0,0.0,0.0,
2022-08-18,190.8999938964844,190.9799957275391,189.3800048828125,190.5899963378906,25056.0,0.0,0.0,
2022-08-19,189.0500030517578,191.3000030517578,187.6699981689453,188.5,1828142.0,0.0,0.0,
2022-08-22,189.4499969482422,189.4499969482422,185.5,185.9100036621094,1087695.0,0.0,0.0,
2022-08-23,185.9600067138672,187.4199981689453,184.5200042724609,186.7200012207031,196835.0,0.0,0.0,
2022-08-24,185.1999969482422,187.8500061035156,184.7299957275391,187.0399932861328,16032.0,0.0,0.0,
2022-08-25,188.0,189.1999969482422,186.0,186.8500061035156,12788.0,0.0,0.0,
2022-08-26,187.1999969482422,188.4199981689453,186.6100006103516,187.2799987792969,10366.0,0.0,0.0,
2022-08-29,185.0,186.0,183.1999969482422,184.7200012207031,38977.0,0.0,0.0,
2022-08-30,185.0,190.5,185.0,190.0500030517578,470392.0,0.0,0.0,
2022-09-01,188.8000030517578,189.6900024414062,185.0,186.6300048828125,263589.0,0.0,0.0,
2022-09-02,187.8899993896484,188.1999969482422,186.0,186.6600036621094,17302.0,0.0,0.0,
2022-09-05,187.1999969482422,187.9900054931641,186.7100067138672,187.8999938964844,17250.0,0.0,0.0,
2022-09-06,188.3000030517578,188.7700042724609,186.9100036621094,187.9199981689453,247259.0,0.0,0.0,
2022-09-07,186.9900054931641,187.8899993896484,186.5,187.4299926757812,49646.0,0.0,0.0,
2022-09-08,192.9100036621094,192.9100036621094,187.4600067138672,189.3000030517578,36593.0,0.0,0.0,
2022-09-09,193.8000030517578,193.8000030517578,188.9900054931641,189.6900024414062,17634.0,0.0,0.0,
2022-09-12,190.8899993896484,191.25,189.7200012207031,190.8200073242188,17146.0,0.0,0.0,
2022-09-13,190.8600006103516,192.1999969482422,190.8600006103516,192.0,40357.0,0.0,0.0,
2022-09-14,190.4900054931641,192.3000030517578,189.6900024414062,191.1499938964844,53681.0,0.0,0.0,
2022-09-15,193.8999938964844,193.8999938964844,190.1100006103516,190.4199981689453,18029.0,0.0,0.0,
2022-09-16,190.0,190.5,186.75,187.1000061035156,79772.0,0.0,0.0,
2022-09-19,187.3899993896484,188.3099975585938,186.0,187.8300018310547,23098.0,0.0,0.0,
2022-09-20,190.9900054931641,192.0,188.7700042724609,189.6199951171875,29351.0,0.0,0.0,
2022-09-21,187.5099945068359,190.0200042724609,187.5099945068359,188.8800048828125,22918.0,0.0,0.0,
2022-09-22,187.7899932861328,189.0,187.1300048828125,188.1699981689453,15952.0,0.0,0.0,
2022-09-23,188.1699981689453,188.1699981689453,184.0,184.7299957275391,78802.0,0.0,0.0,
2022-09-26,184.6600036621094,184.6600036621094,181.4100036621094,181.9600067138672,82317.0,0.0,0.0,
2022-09-27,185.5899963378906,185.5899963378906,181.0200042724609,181.75,157370.0,0.0,0.0,
2022-09-28,181.6399993896484,182.3000030517578,179.6499938964844,180.1100006103516,45657.0,0.0,0.0,
2022-09-29,185.6000061035156,195.3899993896484,179.0500030517578,181.1999969482422,55894.0,0.0,0.0,
2022-09-30,181.6000061035156,183.4100036621094,178.8000030517578,182.4700012207031,124049.0,0.0,0.0,
2022-10-03,186.0,193.3999938964844,179.7100067138672,180.3500061035156,97312.0,0.0,0.0,
2022-10-04,184.8999938964844,184.8999938964844,182.1399993896484,183.3399963378906,42786.0,0.0,0.0,
2022-10-06,187.7899932861328,187.7899932861328,183.3999938964844,184.1100006103516,18643.0,0.0,0.0,
2022-10-07,183.5700073242188,184.75,183.3399963378906,183.9199981689453,26163.0,0.0,0.0,
2022-10-10,183.0899963378906,184.0800018310547,181.6000061035156,183.6499938964844,18965.0,0.0,0.0,
2022-10-11,183.6499938964844,183.6499938964844,181.0599975585938,181.4199981689453,55307.0,0.0,0.0,
2022-10-12,192.3000030517578,192.3000030517578,180.5899963378906,182.0299987792969,75781.0,0.0,0.0,
2022-10-13,182.0299987792969,182.4499969482422,180.25,181.6100006103516,39871.0,0.0,0.0,
2022-10-14,183.0099945068359,184.9400024414062,182.75,183.0899963378906,53893.0,0.0,0.0,
2022-10-17,183.8399963378906,184.5099945068359,182.2100067138672,183.8099975585938,48131.0,0.0,0.0,
2022-10-18,187.0,194.1799926757812,184.1300048828125,186.4600067138672,126765.0,0.0,0.0,
2022-10-19,193.6900024414062,193.6900024414062,186.1000061035156,186.3000030517578,12078.0,0.0,0.0,
2022-10-20,186.4499969482422,187.0,185.2899932861328,186.7200012207031,12046.0,0.0,0.0,
2022-10-21,187.6900024414062,188.2100067138672,186.8300018310547,187.2799987792969,53998.0,0.0,0.0,
2022-10-24,194.1799926757812,194.1799926757812,187.2799987792969,189.1000061035156,15473.0,0.0,0.0,
2022-10-25,189.5,189.9499969482422,187.8600006103516,188.9499969482422,30036.0,0.0,0.0,
2022-10-27,189.5599975585938,189.8899993896484,188.5,188.8099975585938,19773.0,0.0,0.0,
2022-10-28,194.1799926757812,194.1799926757812,188.5099945068359,189.1300048828125,29529.0,0.0,0.0,
2022-10-31,192.4799957275391,192.4799957275391,190.0200042724609,191.3099975585938,85723.0,0.0,0.0,
2022-11-01,191.9900054931641,193.3899993896484,191.7299957275391,193.0299987792969,153555.0,0.0,0.0,
2022-11-02,193.0299987792969,193.2899932861328,191.9600067138672,192.3399963378906,14493.0,0.0,0.0,
2022-11-03,192.3399963378906,192.6900024414062,191.5099945068359,192.25,11847.0,0.0,0.0,
2022-11-04,192.2599945068359,192.9900054931641,191.7100067138672,192.5099945068359,25538.0,0.0,0.0,
2022-11-07,192.5099945068359,193.9700012207031,192.3600006103516,193.6900024414062,64505.0,0.0,0.0,
2022-11-09,194.6699981689453,212.1000061035156,192.9900054931641,193.2299957275391,34251.0,0.0,0.0,
2022-11-10,210.6000061035156,210.6000061035156,191.4100036621094,191.8699951171875,28630.0,0.0,0.0,
2022-11-11,193.1100006103516,195.3399963378906,193.1100006103516,195.25,26294.0,0.0,0.0,
2022-11-14,212.8000030517578,212.8000030517578,194.9100036621094,195.0700073242188,38659.0,0.0,0.0,
2022-11-15,195.4900054931641,196.0,194.5700073242188,195.7100067138672,51222.0,0.0,0.0,
2022-11-16,195.7200012207031,196.5500030517578,195.1100006103516,195.9700012207031,30977.0,0.0,0.0,
2022-11-17,195.8000030517578,196.1300048828125,194.8000030517578,195.3000030517578,18255.0,0.0,0.0,
2022-11-18,196.9900054931641,196.9900054931641,193.9100036621094,194.6699981689453,14372.0,0.0,0.0,
2022-11-21,212.1999969482422,212.1999969482422,193.0,193.3500061035156,19449.0,0.0,0.0,
2022-11-22,194.9400024414062,194.9400024414062,193.2700042724609,194.1600036621094,6592.0,0.0,0.0,
2022-11-23,194.5099945068359,195.0800018310547,194.1999969482422,194.3399963378906,12359.0,0.0,0.0,
2022-11-24,204.2700042724609,204.2700042724609,194.6100006103516,196.3999938964844,42021.0,0.0,0.0,
2022-11-25,196.7700042724609,197.4799957275391,196.2100067138672,196.9700012207031,46019.0,0.0,0.0,
2022-11-28,195.0099945068359,198.0,195.0099945068359,197.7200012207031,37372.0,0.0,0.0,
2022-11-29,198.4299926757812,198.7700042724609,197.6999969482422,198.2400054931641,19630.0,0.0,0.0,
2022-11-30,198.9799957275391,200.1999969482422,198.1300048828125,199.5899963378906,85086.0,0.0,0.0,
2022-12-01,202.9900054931641,202.9900054931641,199.7599945068359,200.1000061035156,88974.0,0.0,0.0,
2022-12-02,202.4400024414062,202.4400024414062,198.5200042724609,198.8600006103516,23126.0,0.0,0.0,
2022-12-05,198.1300048828125,199.5,181.0,198.9799957275391,38873.0,0.0,0.0,
2022-12-06,199.5,199.5,197.8000030517578,198.5899963378906,12857.0,0.0,0.0,
2022-12-07,180.6999969482422,199.0200042724609,180.6999969482422,197.6799926757812,16312.0,0.0,0.0,
2022-12-08,196.9900054931641,199.0,196.9900054931641,198.5899963378906,52306.0,0.0,0.0,
2022-12-09,199.8899993896484,199.8899993896484,196.5,197.1000061035156,29072.0,0.0,0.0,
2022-12-12,197.1100006103516,197.9199981689453,196.0,197.6100006103516,21401.0,0.0,0.0,
2022-12-13,197.6900024414062,198.6000061035156,197.2100067138672,198.0399932861328,7797.0,0.0,0.0,
2022-12-14,198.1999969482422,199.4400024414062,198.1999969482422,198.3600006103516,8573.0,0.0,0.0,
2022-12-15,200.1499938964844,200.1499938964844,196.3999938964844,196.7200012207031,50952.0,0.0,0.0,
2022-12-16,200.1600036621094,200.1600036621094,194.5,194.6999969482422,69738.0,0.0,0.0,
2022-12-19,205.3300018310547,205.3300018310547,194.2700042724609,196.1199951171875,23648.0,0.0,0.0,
2022-12-20,213.8000030517578,213.8000030517578,194.0,195.8600006103516,30065.0,0.0,0.0,
2022-12-21,200.1499938964844,200.1499938964844,193.5099945068359,194.1399993896484,50793.0,0.0,0.0,
2022-12-22,195.4700012207031,195.9900054931641,192.25,192.8999938964844,474402.0,0.0,0.0,
2022-12-23,192.8899993896484,192.9100036621094,189.3600006103516,189.9499969482422,43778.0,0.0,0.0,
2022-12-26,189.9400024414062,192.3899993896484,189.0099945068359,191.6399993896484,40123.0,0.0,0.0,
2022-12-27,198.0700073242188,198.0700073242188,191.2799987792969,192.7799987792969,28120.0,0.0,0.0,
2022-12-28,206.4100036621094,206.4100036621094,192.5299987792969,192.9199981689453,6919.0,0.0,0.0,
2022-12-29,192.8300018310547,193.9100036621094,191.5399932861328,193.5399932861328,13702.0,0.0,0.0,
2022-12-30,194.1399993896484,194.8500061035156,192.4799957275391,193.3399963378906,10021.0,0.0,0.0,
2023-01-02,197.75,197.75,192.8099975585938,193.6399993896484,29030.0,0.0,0.0,
2023-01-03,195.0,195.0,192.9799957275391,194.0700073242188,20122.0,0.0,0.0,
2023-01-04,205.4600067138672,205.4600067138672,191.9600067138672,192.3300018310547,67986.0,0.0,0.0,
2023-01-05,193.3099975585938,193.3200073242188,191.0099945068359,191.5500030517578,23638.0,0.0,0.0,
2023-01-06,192.1999969482422,192.1999969482422,190.0,190.9299926757812,27268.0,0.0,0.0,
2023-01-09,193.9900054931641,193.9900054931641,191.2100067138672,192.6199951171875,23962.0,0.0,0.0,
2023-01-10,192.6000061035156,192.6000061035156,190.5,191.2299957275391,26218.0,0.0,0.0,
2023-01-11,191.2400054931641,192.0,190.1100006103516,191.1399993896484,24695.0,0.0,0.0,
2023-01-12,197.0,197.0,189.6100006103516,190.1900024414062,15604.0,0.0,0.0,
2023-01-13,190.9400024414062,191.9299926757812,189.2799987792969,191.1699981689453,12666.0,0.0,0.0,
2023-01-16,191.8999938964844,192.25,190.3200073242188,191.0599975585938,41840.0,0.0,0.0,
2023-01-17,191.1900024414062,192.5399932861328,190.9499969482422,191.9799957275391,56319.0,0.0,0.0,
2023-01-18,192.1999969482422,193.4199981689453,192.0800018310547,193.1399993896484,20149.0,0.0,0.0,
2023-01-19,192.9799957275391,193.1199951171875,192.3999938964844,192.6499938964844,17148.0,0.0,0.0,
2023-01-20,193.2899932861328,193.2899932861328,191.7599945068359,191.9400024414062,8622.0,0.0,0.0,
2023-01-23,192.1100006103516,193.6600036621094,192.1100006103516,193.1499938964844,25581.0,0.0,0.0,
2023-01-24,193.1999969482422,193.6900024414062,192.5099945068359,193.0399932861328,18594.0,0.0,0.0,
2023-01-25,192.9100036621094,192.9100036621094,190.6100006103516,191.2299957275391,47955.0,0.0,0.0,
2023-01-27,192.0,192.0,186.75,187.3899993896484,143106.0,0.0,0.0,
2023-01-30,187.3899993896484,190.6000061035156,186.0,188.3200073242188,31898.0,0.0,0.0,
2023-01-31,190.0,190.0,187.1100006103516,188.7899932861328,22688.0,0.0,0.0,
2023-02-01,188.8899993896484,191.6300048828125,186.0500030517578,187.7100067138672,34806.0,0.0,0.0,
2023-02-02,187.7100067138672,188.3000030517578,186.3800048828125,187.7599945068359,24848.0,0.0,0.0,
2023-02-03,188.1199951171875,190.4400024414062,187.3099975585938,189.8600006103516,54439.0,0.0,0.0,
2023-02-06,189.8600006103516,190.7599945068359,188.5099945068359,189.1799926757812,28667.0,0.0,0.0,
2023-02-07,189.6900024414062,189.8999938964844,188.1100006103516,188.8300018310547,20833.0,0.0,0.0,
2023-02-08,194.5,194.5,189.1999969482422,190.4900054931641,57843.0,0.0,0.0,
2023-02-09,190.3000030517578,191.0399932861328,189.3600006103516,190.4600067138672,12154.0,0.0,0.0,
2023-02-10,191.1199951171875,191.1199951171875,189.5099945068359,190.1699981689453,15133.0,0.0,0.0,
2023-02-13,190.5200042724609,190.75,189.0,189.8399963378906,39938.0,0.0,0.0,
2023-02-14,190.0099945068359,192.1999969482422,189.6100006103516,191.7400054931641,559407.0,0.0,0.0,
2023-02-15,191.7100067138672,192.25,190.75,192.0700073242188,50832.0,0.0,0.0,
2023-02-16,192.0700073242188,193.5,192.0599975585938,192.3500061035156,19232.0,0.0,0.0,
2023-02-17,192.1300048828125,192.5500030517578,190.9400024414062,191.3999938964844,23378.0,0.0,0.0,
2023-02-20,193.0,193.0,190.4100036621094,190.7899932861328,14829.0,0.0,0.0,
2023-02-21,190.9499969482422,191.4199981689453,190.1199951171875,190.6499938964844,22563.0,0.0,0.0,
2023-02-22,190.1399993896484,190.1399993896484,187.4900054931641,188.3600006103516,41286.0,0.0,0.0,
2023-02-23,188.1000061035156,188.3999938964844,186.6999969482422,187.1799926757812,19578.0,0.0,0.0,
2023-02-24,188.0,188.0,186.0,186.5899963378906,31024.0,0.0,0.0,
2023-02-27,186.1999969482422,186.5,185.0,185.9199981689453,35264.0,0.0,0.0,
2023-02-28,189.0,189.6399993896484,184.2400054931641,185.0200042724609,22495.0,0.0,0.0,
2023-03-01,185.8899993896484,186.5,185.3999938964844,186.4499969482422,14416.0,0.0,0.0,
2023-03-02,186.4400024414062,186.4400024414062,184.8200073242188,185.2200012207031,54238.0,0.0,0.0,
2023-03-03,185.6600036621094,187.9799957275391,185.6600036621094,187.8600006103516,35927.0,0.0,0.0,
2023-03-06,189.4400024414062,189.6900024414062,188.0,188.6499938964844,19063.0,0.0,0.0,
2023-03-08,188.0899963378906,189.2799987792969,187.6799926757812,189.0399932861328,16377.0,0.0,0.0,
2023-03-09,189.1999969482422,189.3000030517578,187.5800018310547,187.8000030517578,11935.0,0.0,0.0,
2023-03-10,187.9499969482422,187.9499969482422,185.0399932861328,186.1499938964844,34726.0,0.0,0.0,
2023-03-13,188.0,188.0,183.0099945068359,183.6499938964844,78634.0,0.0,0.0,
2023-03-14,186.0099945068359,186.0099945068359,181.6699981689453,182.2599945068359,71865.0,0.0,0.0,
2023-03-15,182.9799957275391,183.9400024414062,181.0,181.5,27818.0,0.0,0.0,
2023-03-16,183.4900054931641,183.4900054931641,180.0,181.6199951171875,40067.0,0.0,0.0,
2023-03-17,182.7100067138672,183.2100067138672,181.25,182.7700042724609,16648.0,0.0,0.0,
2023-03-20,181.7599945068359,184.6000061035156,180.0,181.5599975585938,49902.0,0.0,0.0,
2023-03-21,182.0,182.6499938964844,181.5599975585938,182.5800018310547,20888.0,0.0,0.0,
2023-03-22,183.9900054931641,186.9299926757812,179.6000061035156,183.0800018310547,45064.0,0.0,0.0,
2023-03-23,182.5399932861328,183.6999969482422,182.0,182.3200073242188,31401.0,0.0,0.0,
2023-03-24,182.6499938964844,182.7700042724609,180.8000030517578,181.1399993896484,30561.0,0.0,0.0,
2023-03-27,183.1399993896484,184.0,180.1399993896484,181.25,44160.0,0.0,0.0,
2023-03-28,182.1999969482422,182.1999969482422,180.3800048828125,181.2200012207031,19420.0,0.0,0.0,
2023-03-29,181.3000030517578,183.1399993896484,180.6499938964844,182.0800018310547,24800.0,0.0,0.0,
2023-03-31,184.4400024414062,185.0800018310547,183.1399993896484,184.8899993896484,81271.0,0.0,0.0,
2023-04-03,184.8899993896484,187.6000061035156,184.4199981689453,185.5800018310547,58658.0,0.0,0.0,
2023-04-05,185.5800018310547,187.1000061035156,185.5800018310547,186.9700012207031,23340.0,0.0,0.0,
2023-04-06,186.9600067138672,188.0,186.1999969482422,187.3899993896484,32121.0,0.0,0.0,
2023-04-10,187.0,188.6999969482422,185.75,187.8899993896484,25911.0,0.0,0.0,
2023-04-11,187.8899993896484,189.1900024414062,187.8899993896484,188.7899932861328,21454.0,0.0,0.0,
2023-04-12,189.5899963378906,189.8000030517578,188.7899932861328,189.6100006103516,30272.0,0.0,0.0,
2023-04-13,189.9400024414062,189.9499969482422,188.8300018310547,189.8699951171875,34378.0,0.0,0.0,
2023-04-17,190.8899993896484,190.8899993896484,187.6000061035156,188.8999938964844,70917.0,0.0,0.0,
2023-04-18,189.2599945068359,189.3999938964844,187.6499938964844,188.2299957275391,40135.0,0.0,0.0,
2023-04-19,188.2299957275391,189.0899963378906,187.3200073242188,187.8500061035156,24456.0,0.0,0.0,
2023-04-20,187.6799926757812,188.6900024414062,187.3300018310547,187.9600067138672,12276.0,0.0,0.0,
2023-04-21,188.4400024414062,188.6300048828125,187.5299987792969,188.2100067138672,8069.0,0.0,0.0,
2023-04-24,189.7899932861328,189.7899932861328,187.6399993896484,189.1100006103516,14694.0,0.0,0.0,
2023-04-25,188.9900054931641,189.75,188.8000030517578,189.4199981689453,9762.0,0.0,0.0,
2023-04-26,189.3300018310547,189.8500061035156,188.9100036621094,189.7200012207031,9837.0,0.0,0.0,
2023-04-27,189.7299957275391,191.1999969482422,189.5800018310547,190.9400024414062,27709.0,0.0,0.0,
2023-04-28,191.5899963378906,193.0599975585938,190.4900054931641,192.3999938964844,28062.0,0.0,0.0,
2023-05-02,194.0399932861328,194.0399932861328,192.5,193.4400024414062,35330.0,0.0,0.0,
2023-05-03,193.5099945068359,193.5099945068359,192.3500061035156,192.9799957275391,19184.0,0.0,0.0,
2023-05-04,193.4900054931641,194.5899963378906,192.6000061035156,194.4299926757812,68190.0,0.0,0.0,
2023-05-05,195.9900054931641,195.9900054931641,192.4199981689453,192.6499938964844,35273.0,0.0,0.0,
2023-05-08,192.6499938964844,194.8800048828125,192.0,194.5399932861328,15992.0,0.0,0.0,
2023-05-09,194.9900054931641,195.4299926757812,194.1799926757812,195.3899993896484,550577.0,0.0,0.0,
2023-05-10,196.5899963378906,196.5899963378906,194.2799987792969,195.0299987792969,12183.0,0.0,0.0,
2023-05-11,196.4799957275391,196.4799957275391,194.7899932861328,194.9900054931641,61732.0,0.0,0.0,
2023-05-12,194.9900054931641,195.5500030517578,193.8300018310547,195.1499938964844,21680.0,0.0,0.0,
2023-05-15,196.4499969482422,196.5599975585938,194.9900054931641,195.8899993896484,36319.0,0.0,0.0,
2023-05-16,196.2899932861328,196.7299957275391,194.6100006103516,195.0,48181.0,0.0,0.0,
2023-05-17,195.0700073242188,195.3000030517578,193.6600036621094,194.1199951171875,53234.0,0.0,0.0,
2023-05-18,195.3399963378906,195.4900054931641,193.4799957275391,193.9700012207031,5319.0,0.0,0.0,
2023-05-19,194.5700073242188,194.5700073242188,193.3999938964844,194.4900054931641,16285.0,0.0,0.0,
2023-05-22,196.25,196.25,193.0,195.4700012207031,14733.0,0.0,0.0,
2023-05-23,196.75,196.75,195.6900024414062,196.0899963378906,32680.0,0.0,0.0,
2023-05-24,195.7200012207031,196.3999938964844,195.0,195.3800048828125,12518.0,0.0,0.0,
2023-05-25,195.3800048828125,196.7599945068359,194.4100036621094,195.5200042724609,7951.0,0.0,0.0,
2023-05-26,196.2400054931641,197.5800018310547,195.8699951171875,197.4799957275391,61706.0,0.0,0.0,
2023-05-29,197.7599945068359,199.0,197.7599945068359,198.3800048828125,41331.0,0.0,0.0,
2023-05-30,199.1399993896484,199.1499938964844,198.1399993896484,199.0,15769.0,0.0,0.0,
2023-05-31,198.9600067138672,198.9600067138672,197.6199951171875,198.3099975585938,18270.0,0.0,0.0,
2023-06-01,199.0200042724609,199.0200042724609,197.1300048828125,197.3000030517578,14238.0,0.0,0.0,
2023-06-02,198.8899993896484,198.8899993896484,197.4199981689453,197.9799957275391,12500.0,0.0,0.0,
2023-06-05,199.1399993896484,199.3999938964844,198.5099945068359,198.7100067138672,26864.0,0.0,0.0,
2023-06-06,199.3000030517578,199.3000030517578,198.0800018310547,198.7899932861328,12736.0,0.0,0.0,
2023-06-07,198.8000030517578,200.4600067138672,198.8000030517578,200.3000030517578,269058.0,0.0,0.0,
2023-06-08,200.7200012207031,201.0200042724609,199.0,199.25,538153.0,0.0,0.0,
2023-06-09,199.1999969482422,200.9900054931641,198.3099975585938,198.5299987792969,19469.0,0.0,0.0,
2023-06-12,200.8899993896484,200.8899993896484,198.3999938964844,198.8099975585938,15783.0,0.0,0.0,
2023-06-13,199.3200073242188,200.1000061035156,199.3200073242188,200.0200042724609,33539.0,0.0,0.0,
2023-06-14,200.0200042724609,201.5,199.7599945068359,200.3600006103516,12987.0,0.0,0.0,
2023-06-15,200.3699951171875,201.0,199.6900024414062,199.8899993896484,15687.0,0.0,0.0,
2023-06-16,199.9900054931641,201.7400054931641,199.9900054931641,201.1799926757812,36029.0,0.0,0.0,
2023-06-19,201.1799926757812,202.0,200.1100006103516,200.5399932861328,30337.0,0.0,0.0,
2023-06-20,200.4499969482422,201.7299957275391,199.5800018310547,201.5599975585938,27309.0,0.0,0.0,
2023-06-21,201.8999938964844,202.1199951171875,201.1399993896484,201.5800018310547,13628.0,0.0,0.0,
2023-06-22,202.1999969482422,202.1999969482422,200.7700042724609,200.8500061035156,21865.0,0.0,0.0,
2023-06-23,201.1600036621094,201.1600036621094,199.6999969482422,199.9400024414062,8916.0,0.0,0.0,
2023-06-26,199.9400024414062,201.75,199.6699981689453,200.0,9993.0,0.0,0.0,
2023-06-27,200.0,201.3000030517578,200.0,201.1699981689453,22738.0,0.0,0.0,
2023-06-28,201.1699981689453,203.0899963378906,201.1499938964844,202.4400024414062,33423.0,0.0,0.0,
2023-06-30,202.4400024414062,205.25,202.4400024414062,205.0899963378906,89698.0,0.0,0.0,
2023-07-03,207.8000030517578,211.25,205.0899963378906,206.4100036621094,51010.0,0.0,0.0,
2023-07-04,206.6399993896484,208.1399993896484,206.2799987792969,207.1100006103516,36843.0,0.0,0.0,
2023-07-05,207.1100006103516,208.1999969482422,206.8999938964844,207.1300048828125,66613.0,0.0,0.0,
2023-07-06,207.5200042724609,208.5899963378906,207.1799926757812,208.3899993896484,25608.0,0.0,0.0,
2023-07-07,208.3800048828125,208.9900054931641,206.4199981689453,206.5899963378906,750468.0,0.0,0.0,
2023-07-10,207.9900054931641,207.9900054931641,206.0099945068359,207.0899963378906,51927.0,0.0,0.0,
2023-07-11,211.2299957275391,211.2299957275391,206.5500030517578,208.0099945068359,53059.0,0.0,0.0,
2023-07-12,208.7700042724609,208.7899932861328,207.4199981689453,207.6199951171875,21979.0,0.0,0.0,
2023-07-13,208.6499938964844,209.4400024414062,207.25,207.7200012207031,28864.0,0.0,0.0,
2023-07-14,207.3999938964844,209.5500030517578,207.3999938964844,209.1199951171875,33930.0,0.0,0.0,
2023-07-17,210.0,211.8999938964844,209.0099945068359,210.6600036621094,45282.0,0.0,0.0,
2023-07-18,210.3999938964844,212.3000030517578,210.3999938964844,211.3399963378906,47275.0,0.0,0.0,
2023-07-19,211.0099945068359,212.3000030517578,211.0099945068359,211.9199981689453,38494.0,0.0,0.0,
2023-07-20,213.75,213.75,210.25,212.5899963378906,22187.0,0.0,0.0,
2023-07-21,212.5899963378906,212.8500061035156,211.0,211.8999938964844,26007.0,0.0,0.0,
2023-07-24,218.25,218.25,209.5099945068359,210.5700073242188,500367.0,0.0,0.0,
2023-07-25,212.0,212.0599975585938,209.8800048828125,210.2400054931641,12789.0,0.0,0.0,
2023-07-26,210.25,212.0,210.25,211.5099945068359,67185.0,0.0,0.0,
2023-07-27,211.5099945068359,213.4499969482422,210.1000061035156,210.4199981689453,16577.0,0.0,0.0,
2023-07-28,210.5899963378906,210.6100006103516,209.4199981689453,210.3399963378906,21679.0,0.0,0.0,
2023-07-31,212.25,212.25,208.3300018310547,211.1600036621094,10670.0,0.0,0.0,
2023-08-01,211.1100006103516,212.9900054931641,210.8800048828125,211.2400054931641,28522.0,0.0,0.0,
2023-08-02,212.8999938964844,212.8999938964844,209.1300048828125,209.7100067138672,52085.0,0.0,0.0,
2023-08-03,211.4499969482422,211.4499969482422,207.3999938964844,208.1100006103516,47858.0,0.0,0.0,
2023-08-04,209.8899993896484,209.8899993896484,208.1000061035156,209.5800018310547,19137.0,0.0,0.0,
2023-08-07,209.5800018310547,210.4799957275391,208.9799957275391,209.8999938964844,17207.0,0.0,0.0,
2023-08-08,210.4199981689453,210.5,209.2200012207031,209.8600006103516,5253.0,0.0,0.0,
2023-08-09,210.0,211.7899932861328,208.3600006103516,210.0800018310547,22218.0,0.0,0.0,
2023-08-10,211.75,211.75,208.6600036621094,209.9700012207031,13130.0,0.0,0.0,
2023-08-11,211.3500061035156,211.3500061035156,208.6699981689453,208.8899993896484,15222.0,0.0,0.0,
2023-08-14,208.3200073242188,209.0399932861328,206.7100067138672,208.7899932861328,22351.0,0.0,0.0,
2023-08-16,208.0,209.3200073242188,207.5,209.1000061035156,19402.0,0.0,0.0,
2023-08-17,209.1000061035156,209.1000061035156,207.8000030517578,208.4100036621094,23579.0,0.0,0.0,
2023-08-18,208.4100036621094,208.4100036621094,206.7100067138672,207.6199951171875,59160.0,0.0,0.0,
2023-08-21,207.6199951171875,209.6799926757812,207.4799957275391,208.1999969482422,24387.0,0.0,0.0,
2023-08-22,208.1999969482422,208.8899993896484,207.5,207.75,4912.0,0.0,0.0,
2023-08-23,209.6999969482422,209.6999969482422,207.7100067138672,208.6399993896484,3928.0,0.0,0.0,
2023-08-24,208.6399993896484,210.4400024414062,207.8600006103516,208.0500030517578,122788.0,0.0,0.0,
2023-08-25,209.75,209.75,206.3600006103516,207.1000061035156,20978.0,0.0,0.0,
2023-08-28,209.0,209.0,206.3999938964844,207.2100067138672,17783.0,0.0,0.0,
2023-08-29,207.2100067138672,208.75,207.1399993896484,207.5399932861328,18455.0,0.0,0.0,
2023-08-30,209.5,209.5,207.5500030517578,207.8500061035156,10036.0,0.0,0.0,
2023-08-31,208.0,208.1999969482422,206.6999969482422,207.0899963378906,19479.0,0.0,0.0,
2023-09-01,207.0800018310547,208.6900024414062,205.5599975585938,208.5399932861328,13786.0,0.0,0.0,
2023-09-04,208.5399932861328,209.5,208.2799987792969,209.3399963378906,11096.0,0.0,0.0,
2023-09-05,210.1999969482422,210.1999969482422,209.3500061035156,209.7200012207031,13739.0,0.0,0.0,
2023-09-06,210.75,210.7700042724609,208.6600036621094,210.1799926757812,20038.0,0.0,0.0,
2023-09-07,210.1799926757812,212.1799926757812,209.6000061035156,211.2299957275391,35164.0,0.0,0.0,
2023-09-08,213.25,213.25,211.2299957275391,212.4600067138672,28092.0,0.0,0.0,
2023-09-11,212.4600067138672,214.4900054931641,212.4600067138672,214.2700042724609,34964.0,0.0,0.0,
2023-09-12,215.9900054931641,215.9900054931641,213.3000030517578,214.0200042724609,62378.0,0.0,0.0,
2023-09-13,214.1000061035156,215.4900054931641,213.9499969482422,214.9799957275391,26538.0,0.0,0.0,
2023-09-14,214.9799957275391,216.25,214.6100006103516,215.2799987792969,42365.0,0.0,0.0,
2023-09-15,216.0800018310547,216.6000061035156,215.8200073242188,216.4400024414062,26938.0,0.0,0.0,
2023-09-18,216.4400024414062,218.3999938964844,215.8500061035156,216.1900024414062,57547.0,0.0,0.0,
2023-09-20,216.1799926757812,216.1799926757812,213.5399932861328,214.1699981689453,19060.0,0.0,0.0,
2023-09-21,213.6699981689453,213.6699981689453,212.0,212.5399932861328,40068.0,0.0,0.0,
2023-09-22,212.5399932861328,214.4400024414062,211.2299957275391,211.6300048828125,27445.0,0.0,0.0,
2023-09-25,213.6699981689453,213.6699981689453,210.6000061035156,211.0500030517578,14975.0,0.0,0.0,
2023-09-26,211.6499938964844,211.9100036621094,211.0099945068359,211.5200042724609,17833.0,0.0,0.0,
2023-09-27,213.2400054931641,213.2400054931641,210.1100006103516,211.7899932861328,53693.0,0.0,0.0,
2023-09-28,213.4400024414062,213.4400024414062,209.6000061035156,209.8999938964844,13599.0,0.0,0.0,
2023-09-29,209.8999938964844,215.0,209.7700042724609,211.5099945068359,9898.0,0.0,0.0,
2023-10-03,211.5,211.5,209.0800018310547,209.9100036621094,31448.0,0.0,0.0,
2023-10-04,209.0,211.3999938964844,208.0,209.0299987792969,41842.0,0.0,0.0,
2023-10-05,211.0,211.0,209.3300018310547,210.0,37966.0,0.0,0.0,
2023-10-06,210.0099945068359,211.2799987792969,210.0099945068359,211.0399932861328,20815.0,0.0,0.0,
2023-10-09,212.3899993896484,213.0,209.0,210.5899963378906,51137.0,0.0,0.0,
2023-10-10,210.5800018310547,212.6999969482422,210.25,211.8099975585938,10929.0,0.0,0.0,
2023-10-11,213.8000030517578,214.25,210.25,213.4600067138672,31859.0,0.0,0.0,
2023-10-12,216.25,216.25,212.5099945068359,212.9799957275391,20166.0,0.0,0.0,
2023-10-13,211.8300018310547,213.0,211.2299957275391,212.2700042724609,15186.0,0.0,0.0,
2023-10-16,212.2700042724609,214.0,211.6499938964844,211.9600067138672,30886.0,0.0,0.0,
2023-10-17,213.7400054931641,213.75,211.9700012207031,212.4199981689453,11266.0,0.0,0.0,
2023-10-18,212.1499938964844,213.1000061035156,211.0,211.3000030517578,36101.0,0.0,0.0,
2023-10-19,211.0,211.1000061035156,209.6100006103516,210.75,10390.0,0.0,0.0,
2023-10-20,210.0099945068359,210.2200012207031,209.3899993896484,209.7799987792969,14619.0,0.0,0.0,
2023-10-23,209.7700042724609,210.0,207.0899963378906,207.5299987792969,31683.0,0.0,0.0,
2023-10-25,209.4400024414062,209.6000061035156,205.4100036621094,206.4400024414062,156593.0,0.0,0.0,
2023-10-26,205.9100036621094,205.9100036621094,202.8899993896484,203.25,90122.0,0.0,0.0,
2023-10-27,205.3999938964844,205.6999969482422,203.2599945068359,205.1399993896484,22038.0,0.0,0.0,
2023-10-30,205.1399993896484,207.4499969482422,204.1000061035156,205.8099975585938,36666.0,0.0,0.0,
2023-10-31,206.9900054931641,206.9900054931641,205.0399932861328,205.3399963378906,22314.0,0.0,0.0,
2023-11-01,205.6100006103516,206.25,204.2799987792969,204.4700012207031,22049.0,0.0,0.0,
2023-11-02,204.4600067138672,206.8000030517578,204.4600067138672,206.4199981689453,15257.0,0.0,0.0,
2023-11-03,207.0399932861328,207.8300018310547,206.6499938964844,206.9400024414062,11212.0,0.0,0.0,
2023-11-06,206.9400024414062,209.3699951171875,206.9400024414062,209.0299987792969,18237.0,0.0,0.0,
2023-11-07,208.6499938964844,209.3200073242188,208.25,209.1499938964844,22014.0,0.0,0.0,
2023-11-08,209.0,209.6399993896484,208.6100006103516,209.0599975585938,11539.0,0.0,0.0,
2023-11-09,210.7400054931641,210.7400054931641,207.3399963378906,208.8099975585938,7131.0,0.0,0.0,
2023-11-10,208.9600067138672,209.5399932861328,207.5599975585938,209.2700042724609,8403.0,0.0,0.0,
2023-11-13,210.0599975585938,210.0599975585938,208.7799987792969,209.6699981689453,13652.0,0.0,0.0,
2023-11-15,211.8899993896484,211.8899993896484,210.0,211.2299957275391,67500.0,0.0,0.0,
2023-11-16,211.3000030517578,213.4900054931641,211.0,212.7700042724609,74666.0,0.0,0.0,
2023-11-17,214.3999938964844,214.3999938964844,211.7400054931641,212.2200012207031,12228.0,0.0,0.0,
2023-11-20,212.2100067138672,212.4799957275391,211.25,212.1499938964844,13706.0,0.0,0.0,
2023-11-21,212.0,213.4900054931641,212.0,212.5700073242188,8032.0,0.0,0.0,
2023-11-22,212.5700073242188,213.3999938964844,211.9400024414062,212.9700012207031,7041.0,0.0,0.0,
2023-11-23,212.9700012207031,214.75,212.5500030517578,212.8099975585938,6237.0,0.0,0.0,
2023-11-24,212.7400054931641,213.5299987792969,212.3099975585938,212.8699951171875,52681.0,0.0,0.0,
2023-11-28,212.8699951171875,213.9900054931641,212.5200042724609,213.5299987792969,61005.0,0.0,0.0,
2023-11-29,213.5299987792969,216.0,213.5299987792969,215.6699981689453,39592.0,0.0,0.0,
2023-11-30,215.6699981689453,216.5899963378906,215.1100006103516,216.1499938964844,13695.0,0.0,0.0,
2023-12-01,218.5,218.5,214.1000061035156,217.5399932861328,30411.0,0.0,0.0,
2023-12-04,218.1000061035156,222.4499969482422,218.1000061035156,221.9900054931641,42654.0,0.0,0.0,
2023-12-05,224.0,224.0,222.0099945068359,223.7700042724609,28004.0,0.0,0.0,
2023-12-06,225.5,226.4499969482422,223.75,224.4299926757812,20058.0,0.0,0.0,
2023-12-07,224.4299926757812,225.0,224.0299987792969,224.8399963378906,16740.0,0.0,0.0,
2023-12-08,224.8399963378906,226.4900054931641,223.5599975585938,225.7700042724609,17021.0,0.0,0.0,
2023-12-11,225.6900024414062,226.6799926757812,224.0399932861328,225.4199981689453,37245.0,0.0,0.0,
2023-12-12,225.8699951171875,226.3699951171875,224.1100006103516,224.7700042724609,15948.0,0.0,0.0,
2023-12-13,224.7700042724609,225.1900024414062,223.1199951171875,224.4900054931641,17359.0,0.0,0.0,
2023-12-14,224.5500030517578,227.9799957275391,224.5500030517578,227.5299987792969,23617.0,0.0,0.0,
2023-12-15,227.5299987792969,231.2100067138672,227.5299987792969,230.2799987792969,25741.0,0.0,0.0,
2023-12-18,230.2799987792969,231.1399993896484,229.4600067138672,230.6000061035156,36757.0,0.0,0.0,
2023-12-19,230.6000061035156,231.5500030517578,229.2899932861328,230.6199951171875,9733.0,0.0,0.0,
2023-12-20,230.6199951171875,232.4100036621094,227.1999969482422,227.5700073242188,31802.0,0.0,0.0,
2023-12-21,229.6000061035156,229.6000061035156,225.0,228.4100036621094,28509.0,0.0,0.0,
2023-12-22,230.4499969482422,230.4499969482422,228.1399993896484,229.1699981689453,19031.0,0.0,0.0,
2023-12-26,231.0,231.0,229.1699981689453,230.3300018310547,24411.0,0.0,0.0,
2023-12-27,230.3200073242188,232.6999969482422,229.5599975585938,232.3600006103516,48081.0,0.0,0.0,
2023-12-28,234.3999938964844,234.3999938964844,232.7700042724609,233.7200012207031,20545.0,0.0,0.0,
2023-12-29,233.0,234.25,232.0,233.5500030517578,34844.0,0.0,0.0,
2024-01-01,233.5500030517578,235.2899932861328,232.7299957275391,233.7700042724609,21007.0,0.0,0.0,
2024-01-02,233.7700042724609,233.7700042724609,231.3000030517578,232.7700042724609,47285.0,0.0,0.0,
2024-01-03,232.7700042724609,232.7700042724609,230.0,231.5599975585938,16058.0,0.0,0.0,
2024-01-04,231.5599975585938,233.5,230.0,232.75,23171.0,0.0,0.0,
2024-01-05,232.75,233.9400024414062,232.3000030517578,233.4400024414062,8217.0,0.0,0.0,
2024-01-08,235.3699951171875,235.3699951171875,231.0800018310547,231.4299926757812,28662.0,0.0,0.0,
2024-01-09,231.4299926757812,233.4900054931641,231.3000030517578,231.6600036621094,20070.0,0.0,0.0,
2024-01-10,223.4499969482422,232.6900024414062,223.4499969482422,232.3399963378906,79464.0,0.0,0.0,
2024-01-11,233.2299957275391,233.5,232.2200012207031,232.4799957275391,18179.0,0.0,0.0,
2024-01-12,233.9900054931641,235.5,232.4900054931641,235.0200042724609,23726.0,0.0,0.0,
2024-01-15,234.5,237.6300048828125,233.5500030517578,237.3500061035156,25977.0,0.0,0.0,
2024-01-16,239.8000030517578,239.8000030517578,236.0200042724609,236.75,8179.0,0.0,0.0,
2024-01-17,235.1300048828125,235.5399932861328,231.7299957275391,232.1000061035156,79474.0,0.0,0.0,
2024-01-18,233.75,234.8999938964844,229.2599945068359,231.5700073242188,54094.0,0.0,0.0,
2024-01-19,231.5700073242188,233.3399963378906,231.5700073242188,232.7700042724609,8110.0,0.0,0.0,
2024-01-23,232.5800018310547,235.0,227.7400054931641,228.9600067138672,74218.0,0.0,0.0,
2024-01-24,228.9600067138672,232.8999938964844,228.0,231.1399993896484,17940.0,0.0,0.0,
2024-01-25,231.1499938964844,231.1499938964844,228.8000030517578,230.2899932861328,22971.0,0.0,0.0,
2024-01-29,230.2899932861328,234.2799987792969,230.2899932861328,233.4900054931641,24159.0,0.0,0.0,
2024-01-30,233.4900054931641,235.9799957275391,231.5,231.9400024414062,7817.0,0.0,0.0,
2024-01-31,231.9400024414062,234.1799926757812,231.1300048828125,233.6600036621094,19471.0,0.0,0.0,
2024-02-01,233.6100006103516,234.8999938964844,233.2100067138672,233.6399993896484,38541.0,0.0,0.0,
2024-02-02,233.6399993896484,237.6999969482422,233.6399993896484,235.0200042724609,22978.0,0.0,0.0,
2024-02-05,235.0200042724609,236.6000061035156,233.5399932861328,234.0899963378906,19090.0,0.0,0.0,
2024-02-06,234.2599945068359,236.3000030517578,234.0099945068359,235.6999969482422,11615.0,0.0,0.0,
2024-02-07,238.8000030517578,239.6000061035156,235.2599945068359,236.2700042724609,16560.0,0.0,0.0,
2024-02-08,236.2700042724609,237.4199981689453,233.5800018310547,234.4700012207031,42311.0,0.0,0.0,
2024-02-09,234.4700012207031,235.0,232.0299987792969,234.7599945068359,12910.0,0.0,0.0,
2024-02-12,234.7599945068359,235.1900024414062,232.6100006103516,233.2100067138672,59660.0,0.0,0.0,
2024-02-13,233.1999969482422,234.9700012207031,231.5599975585938,234.3099975585938,12352.0,0.0,0.0,
2024-02-14,233.5,235.8099975585938,232.3899993896484,235.3899993896484,30504.0,0.0,0.0,
2024-02-15,235.3899993896484,237.3899993896484,234.9299926757812,236.0099945068359,19748.0,0.0,0.0,
2024-02-16,236.0099945068359,238.0,235.0299987792969,237.1600036621094,34097.0,0.0,0.0,
2024-02-19,237.1600036621094,239.6300048828125,236.7700042724609,238.6399993896484,47671.0,0.0,0.0,
2024-02-20,240.3899993896484,240.3999938964844,237.3699951171875,239.0299987792969,14894.0,0.0,0.0,
2024-02-22,239.0299987792969,237.9900054931641,236.2200012207031,236.6000061035156,33687.0,0.0,0.0,
2024-02-21,239.02999877929688,239.6499938964844,237.0,237.5,38196.0,0.0,0.0,
2024-02-23,239.08999633789065,240.25,238.72000122070312,239.0500030517578,5596.0,0.0,0.0,
2024-02-26,239.0500030517578,239.0500030517578,237.8000030517578,238.52999877929688,21048.0,0.0,0.0,
2024-02-27,238.4100036621093,239.2700042724609,238.0,238.9199981689453,7292.0,0.0,0.0,
2024-02-28,239.3699951171875,239.3699951171875,236.07000732421875,236.47999572753903,19495.0,0.0,0.0,
2024-02-29,236.0399932861328,237.88999938964844,235.5,236.9199981689453,25347.0,0.0,0.0,
2024-03-01,244.0500030517578,244.0500030517578,236.9199981689453,240.17999267578125,19397.0,0.0,0.0,
2024-03-04,240.5200042724609,241.5800018310547,240.5200042724609,241.0800018310547,20831.0,0.0,0.0,
2024-03-05,241.0800018310547,241.3600006103516,240.009994506836,240.69000244140625,10854.0,0.0,0.0,
2024-03-06,240.5800018310547,242.259994506836,239.5200042724609,242.1100006103516,13703.0,0.0,0.0,
2024-03-07,242.1100006103516,242.6600036621093,241.42999267578125,242.0,20185.0,0.0,0.0,
2024-03-11,242.1499938964844,244.75,240.1699981689453,240.5800018310547,11864.0,0.0,0.0,
2024-03-12,240.77999877929688,242.1600036621093,239.97000122070312,240.4900054931641,18817.0,0.0,0.0,
2024-03-13,240.4900054931641,242.25,236.259994506836,237.0200042724609,164666.0,0.0,0.0,
2024-03-14,237.0,239.4499969482422,236.47999572753903,238.67999267578125,27469.0,0.0,0.0,
2024-03-15,238.67999267578125,238.67999267578125,236.0599975585937,237.4499969482422,31917.0,0.0,0.0,
2024-03-18,237.4499969482422,238.44000244140625,236.5,237.3800048828125,23305.0,0.0,0.0,
2024-03-19,237.3800048828125,241.1000061035156,235.0,235.17999267578125,32634.0,0.0,0.0,
2024-03-20,239.1999969482422,239.1999969482422,234.0800018310547,235.0500030517578,15947.0,0.0,0.0,
2024-03-21,235.25,240.0,235.25,237.3600006103516,70994.0,0.0,0.0,
2024-03-22,236.3800048828125,238.9900054931641,235.8800048828125,238.1000061035156,15074.0,0.0,0.0,
2024-03-26,237.47000122070312,238.1000061035156,236.8999938964844,237.1600036621093,16694.0,0.0,0.0,
2024-03-27,237.6499938964844,239.08999633789065,237.009994506836,238.52999877929688,36687.0,0.0,0.0,
2024-03-28,238.52999877929688,242.0,238.52999877929688,240.5599975585937,22784.0,0.0,0.0,
2024-04-01,240.5599975585937,242.3999938964844,240.5599975585937,241.75,20744.0,0.0,0.0,
2024-04-02,241.75,243.6199951171875,241.2700042724609,242.52999877929688,376364.0,0.0,0.0,
2024-04-03,242.5200042724609,245.9499969482422,241.08999633789065,243.1000061035156,886491.0,0.0,0.0,
2024-04-04,243.5200042724609,244.13999938964844,240.9499969482422,243.08999633789065,30303.0,0.0,0.0,
2024-04-05,242.83999633789065,244.0,242.1100006103516,243.0500030517578,10588.0,0.0,0.0,
2024-04-08,243.0200042724609,245.1000061035156,242.8600006103516,244.32000732421875,23244.0,0.0,0.0,
2024-04-09,247.1000061035156,247.1000061035156,244.25,244.3300018310547,23105.0,0.0,0.0,
2024-04-10,244.3300018310547,246.3999938964844,243.9499969482422,244.6699981689453,140741.0,0.0,0.0,
2024-04-12,244.6699981689453,247.0,242.75,243.0200042724609,72613.0,0.0,0.0,
2024-04-15,242.009994506836,243.75,240.1499938964844,240.259994506836,208753.0,0.0,0.0,
2024-04-16,244.25,244.25,238.0599975585937,238.8000030517578,31580.0,0.0,0.0,
2024-04-18,239.0,240.5500030517578,237.02999877929688,237.42999267578125,96199.0,0.0,0.0,
2024-04-19,235.6000061035156,239.2400054931641,235.259994506836,238.759994506836,70496.0,0.0,0.0,
2024-04-22,238.759994506836,241.6000061035156,238.759994506836,240.8300018310547,51147.0,0.0,0.0,
2024-04-23,240.8300018310547,242.009994506836,240.8099975585937,241.259994506836,106335.0,0.0,0.0,
2024-04-24,241.44000244140625,242.38999938964844,241.0,241.3000030517578,14033.0,0.0,0.0,
2024-04-25,241.0,243.6699981689453,239.3300018310547,243.0800018310547,34153.0,0.0,0.0,
2024-04-26,243.3099975585937,243.3300018310547,241.6300048828125,242.1199951171875,112716.0,0.0,0.0,
2024-04-29,242.1199951171875,247.1000061035156,241.82000732421875,244.8600006103516,240954.0,0.0,0.0,
2024-04-30,246.9900054931641,251.5500030517578,243.6199951171875,245.1100006103516,234763.0,0.0,0.0,
2024-05-02,245.1100006103516,248.1000061035156,244.19000244140625,244.82000732421875,35676.0,0.0,0.0,
2024-05-03,245.0200042724609,247.0,241.1600036621093,242.67999267578125,66220.0,0.0,0.0,
2024-05-06,249.9499969482422,249.9499969482422,241.4900054931641,242.0800018310547,173386.0,0.0,0.0,
2024-05-07,242.0800018310547,242.759994506836,239.6300048828125,240.6000061035156,173979.0,0.0,0.0,
2024-05-08,240.3099975585937,241.4900054931641,239.5,240.5800018310547,168718.0,0.0,0.0,
2024-05-09,240.57000732421875,240.8300018310547,236.88999938964844,237.17999267578125,199885.0,0.0,0.0,
2024-05-10,237.009994506836,239.0,237.0,237.97999572753903,502186.0,0.0,0.0,
2024-05-13,237.97999572753903,239.3000030517578,235.9499969482422,238.8800048828125,210723.0,0.0,0.0,
2024-05-14,238.8699951171875,240.67999267578125,238.509994506836,240.19000244140625,283358.0,0.0,0.0,
2024-05-15,240.8300018310547,241.0,239.38999938964844,240.0599975585937,307802.0,0.0,0.0,
2024-05-16,240.57000732421875,246.0,238.5200042724609,242.08999633789065,270562.0,0.0,0.0,
2024-05-17,242.08999633789065,243.6999969482422,241.07000732421875,242.9100036621093,209717.0,0.0,0.0,
