Date,Open,High,Low,Close,Volume,Dividends,Stock Splits,Adj Close
2014-12-04,188.0697021484375,188.0697021484375,188.0697021484375,188.0697021484375,0.0,0.0,0.0,
2014-12-10,184.7149963378906,184.7149963378906,184.7149963378906,184.7149963378906,0.0,0.0,0.0,
2014-12-11,184.0809020996094,184.0809020996094,184.0809020996094,184.0809020996094,0.0,0.0,0.0,
2014-12-12,183.0290069580078,183.0290069580078,183.0290069580078,183.0290069580078,0.0,0.0,0.0,
2014-12-15,183.25,184.5,183.25,184.0,1845.0,0.0,0.0,
2014-12-16,184.0,184.0,178.5,179.5800018310547,2659.0,0.0,0.0,
2014-12-17,180.0,181.0,175.0500030517578,179.0,921.0,0.0,0.0,
2014-12-18,182.0,182.4900054931641,181.75,182.0,991.0,0.0,0.0,
2014-12-19,184.8000030517578,186.0,184.0,184.6000061035156,11189.0,0.0,0.0,
2014-12-22,185.0,187.0,184.5,187.0,801.0,0.0,0.0,
2014-12-23,188.5,188.5,186.0,187.5,565.0,0.0,0.0,
2014-12-24,186.0,187.0,186.0,186.25,545.0,0.0,0.0,
2014-12-26,186.5,187.0,185.0,185.8899993896484,1714.0,0.0,0.0,
2014-12-29,187.0,187.0,186.1000061035156,186.8399963378906,1064.0,0.0,0.0,
2014-12-30,187.0,187.0,185.8000030517578,186.5,3900.0,0.0,0.0,
2014-12-31,187.0,187.75,187.0,187.0,1500.0,0.0,0.0,
2015-01-01,187.0,187.5,186.5,186.8999938964844,231.0,0.0,0.0,
2015-01-02,189.25,191.0,189.0,190.8000030517578,1132.0,0.0,0.0,
2015-01-05,192.0,193.0,190.0,191.0,857.0,0.0,0.0,
2015-01-06,188.0,188.5,186.5,187.5,1102.0,0.0,0.0,
2015-01-07,184.0,185.0,183.8000030517578,184.5,625.0,0.0,0.0,
2015-01-08,186.5,188.0,186.5,187.0,516.0,0.0,0.0,
2015-01-09,189.0,189.0,186.0,186.5,321.0,0.0,0.0,
2015-01-12,185.5,188.0,185.5,188.0,626.0,0.0,0.0,
2015-01-13,189.0,189.0,189.0,189.0,90.0,0.0,0.0,
2015-01-14,188.0,188.0,188.0,188.0,10.0,0.0,0.0,
2015-01-15,190.5,191.0,189.0,189.1300048828125,647.0,0.0,0.0,
2015-01-16,192.0,192.0,190.0,190.9400024414062,260.0,0.0,0.0,
2015-01-19,192.5,193.0,192.0,193.0,525.0,0.0,0.0,
2015-01-20,194.5,198.0,194.5,198.0,493.0,0.0,0.0,
2015-01-21,205.0,205.0,187.25,197.8800048828125,1562.0,0.0,0.0,
2015-01-22,198.0,199.0,198.0,199.0,256.0,0.0,0.0,
2015-01-23,202.0,207.0,201.0,201.0,927.0,0.0,0.0,
2015-01-27,206.9900054931641,206.9900054931641,194.7299957275391,204.9400024414062,15601.0,0.0,0.0,
2015-01-28,204.8999938964844,206.0,204.8999938964844,205.1600036621094,561.0,0.0,0.0,
2015-01-29,204.5,206.0,204.0,204.5,1523.0,0.0,0.0,
2015-01-30,204.0,204.0,196.0500030517578,200.0,1135.0,0.0,0.0,
2015-02-02,197.75,199.0,197.0,198.9499969482422,702.0,0.0,0.0,
2015-02-03,200.0,201.0,195.0500030517578,197.0,987.0,0.0,0.0,
2015-02-04,195.0,196.0,192.5,193.2400054931641,1217.0,0.0,0.0,
2015-02-05,191.0,195.0,191.0,191.0500030517578,18826.0,0.0,0.0,
2015-02-06,190.0,192.0,187.0500030517578,189.8099975585938,814.0,0.0,0.0,
2015-02-09,185.0599975585938,188.0,185.0599975585938,185.5,324.0,0.0,0.0,
2015-02-10,185.0099945068359,187.0,185.0,186.0,491.0,0.0,0.0,
2015-02-11,189.0,191.0,189.0,191.0,436.0,0.0,0.0,
2015-02-12,189.5,192.0,188.0,191.1799926757812,783.0,0.0,0.0,
2015-02-13,191.0,192.0,191.0,192.0,200.0,0.0,0.0,
2015-02-16,195.5,197.0,193.0,193.2200012207031,1241.0,0.0,0.0,
2015-02-18,193.0,193.1000061035156,193.0,193.1000061035156,250.0,0.0,0.0,
2015-02-19,193.0,194.0,191.0,193.0,330.0,0.0,0.0,
2015-02-20,193.0,195.0,192.0,192.5,355.0,0.0,0.0,
2015-02-23,193.0,193.0,190.0,190.1999969482422,455.0,0.0,0.0,
2015-02-24,189.0,190.0,176.5,183.6999969482422,3924.0,0.0,0.0,
2015-02-25,190.0,190.0,188.0,189.0,457.0,0.0,0.0,
2015-02-26,187.0200042724609,187.0200042724609,184.5,184.8699951171875,304.0,0.0,0.0,
2015-02-27,187.0,189.0,186.0099945068359,188.0899963378906,335.0,0.0,0.0,
2015-03-02,199.0,200.0,195.0,198.0,1926.0,0.0,0.0,
2015-03-03,198.25,200.0,198.0,199.0,856.0,0.0,0.0,
2015-03-04,201.0,202.0,195.2599945068359,196.0,2538.0,0.0,0.0,
2015-03-05,197.0,199.0,195.5500030517578,197.9299926757812,4298.0,0.0,0.0,
2015-03-09,195.0,195.0,192.0,192.0099945068359,2234.0,0.0,0.0,
2015-03-10,193.0,193.0,190.0,191.0,1901.0,0.0,0.0,
2015-03-11,193.0,194.0,191.5,193.4900054931641,460.0,0.0,0.0,
2015-03-12,193.0,193.9900054931641,193.0,193.9900054931641,20.0,0.0,0.0,
2015-03-13,194.0,194.0,188.1999969482422,188.8699951171875,602.0,0.0,0.0,
2015-03-16,188.25,190.0,186.0,189.1000061035156,1834.0,0.0,0.0,
2015-03-17,190.0,190.0,188.0,190.0,201.0,0.0,0.0,
2015-03-18,191.0,191.0,189.0,189.0,46.0,0.0,0.0,
2015-03-19,192.0,195.0,184.5,187.5500030517578,3242.0,0.0,0.0,
2015-03-20,188.0,189.0,188.0,188.25,36.0,0.0,0.0,
2015-03-23,187.0,189.0,185.0,187.25,576.0,0.0,0.0,
2015-03-24,184.5,187.0,184.5,186.0,1894.0,0.0,0.0,
2015-03-25,184.0,185.0,183.1300048828125,183.3699951171875,281.0,0.0,0.0,
2015-03-26,183.0,183.0,178.75,178.9600067138672,2808.0,0.0,0.0,
2015-03-27,180.0,180.0,178.0,179.8000030517578,1362.0,0.0,0.0,
2015-03-30,183.0,184.0,180.5500030517578,182.0,937.0,0.0,0.0,
2015-03-31,182.0,184.9900054931641,180.0,180.4100036621094,3288.0,0.0,0.0,
2015-04-01,182.5,186.0,175.6000061035156,184.5200042724609,6173.0,0.0,0.0,
2015-04-06,186.5,186.5,185.1000061035156,185.1000061035156,55.0,0.0,0.0,
2015-04-07,186.0,186.3999938964844,183.0200042724609,184.0200042724609,726.0,0.0,0.0,
2015-04-08,185.5,187.0,184.5,185.9700012207031,1217.0,0.0,0.0,
2015-04-09,186.0,190.0,185.5399932861328,189.3699951171875,437.0,0.0,0.0,
2015-04-10,190.8999938964844,192.0,187.0099945068359,187.6199951171875,13049.0,0.0,0.0,
2015-04-13,187.0,188.0,186.0,187.0200042724609,2290.0,0.0,0.0,
2015-04-15,188.0,192.0,188.0,189.0,136.0,0.0,0.0,
2015-04-16,186.5,187.0,186.0,186.0,299.0,0.0,0.0,
2015-04-17,186.0,186.0,183.0,183.0099945068359,3462.0,0.0,0.0,
2015-04-20,185.0,195.0,182.1000061035156,183.0,18308.0,0.0,0.0,
2015-04-21,184.0,186.8000030517578,182.0,185.4900054931641,29166.0,0.0,0.0,
2015-04-22,185.0,187.3000030517578,180.0,182.8800048828125,40133.0,0.0,0.0,
2015-04-23,184.0,186.0,182.5,184.3200073242188,11621.0,0.0,0.0,
2015-04-24,182.1000061035156,182.5,180.5099945068359,181.4900054931641,10852.0,0.0,0.0,
2015-04-27,182.0,182.5,180.0,180.0,17521.0,0.0,0.0,
2015-04-28,180.75,183.6999969482422,180.1600036621094,183.1900024414062,12922.0,0.0,0.0,
2015-04-29,185.3999938964844,185.5,183.0,184.7299957275391,5527.0,0.0,0.0,
2015-04-30,190.0,190.0,184.0,187.7700042724609,54415.0,0.0,0.0,
2015-05-04,188.0,188.8999938964844,186.5,186.9299926757812,2970.0,0.0,0.0,
2015-05-05,187.0,188.0,186.75,187.7899932861328,3070.0,0.0,0.0,
2015-05-06,198.9499969482422,198.9499969482422,181.1300048828125,181.8600006103516,6587.0,0.0,0.0,
2015-05-07,178.5,187.9600067138672,174.5,174.8999938964844,16117.0,0.0,0.0,
2015-05-08,185.0,185.0,178.0,179.4700012207031,10516.0,0.0,0.0,
2015-05-11,179.5,181.0,179.5,180.0,1052.0,0.0,0.0,
2015-05-12,180.5,180.5,177.0,177.0,559.0,0.0,0.0,
2015-05-13,179.0,180.4299926757812,178.0099945068359,179.3399963378906,865.0,0.0,0.0,
2015-05-14,180.0,180.9900054931641,180.0,180.9900054931641,136.0,0.0,0.0,
2015-05-15,181.0,183.0,181.0,182.25,6542.0,0.0,0.0,
2015-05-18,189.4299926757812,189.4299926757812,182.0,182.8999938964844,713.0,0.0,0.0,
2015-05-19,183.0,184.4900054931641,182.75,184.4400024414062,3355.0,0.0,0.0,
2015-05-20,184.0,188.8000030517578,184.0,185.5899963378906,3377.0,0.0,0.0,
2015-05-21,188.8999938964844,188.8999938964844,184.6499938964844,185.5,1554.0,0.0,0.0,
2015-05-22,185.0,186.9799957275391,183.0,184.0099945068359,1566.0,0.0,0.0,
2015-05-25,184.0,185.0,183.0,183.5800018310547,4915.0,0.0,0.0,
2015-05-26,184.0,184.0,182.0,183.0,2893.0,0.0,0.0,
2015-05-27,183.0,185.0,182.0,184.9100036621094,1895.0,0.0,0.0,
2015-05-28,188.9900054931641,188.9900054931641,184.5,184.5,456.0,0.0,0.0,
2015-05-29,185.0,186.4799957275391,185.0,186.4499969482422,416.0,0.0,0.0,
2015-06-01,188.25,188.25,186.0,186.0,162.0,0.0,0.0,
2015-06-02,187.0,187.7700042724609,180.0200042724609,181.0,1302.0,0.0,0.0,
2015-06-03,179.5,180.9299926757812,176.0,178.8600006103516,4554.0,0.0,0.0,
2015-06-04,178.0,178.9900054931641,175.0,178.9900054931641,387.0,0.0,0.0,
2015-06-05,177.0,179.8999938964844,176.5099945068359,179.2899932861328,1179.0,0.0,0.0,
2015-06-08,177.0,178.0,175.0,175.0,3202.0,0.0,0.0,
2015-06-09,176.0,178.0,175.5,178.0,212.0,0.0,0.0,
2015-06-10,178.0,179.0,175.0,178.0,902.0,0.0,0.0,
2015-06-11,178.0,178.0,173.0,173.0,1058.0,0.0,0.0,
2015-06-12,174.0,175.0,172.0299987792969,175.0,554.0,0.0,0.0,
2015-06-15,184.9900054931641,184.9900054931641,173.0,175.9900054931641,10955.0,0.0,0.0,
2015-06-16,175.0,177.0,174.0,177.0,453.0,0.0,0.0,
2015-06-17,178.0,178.0,178.0,178.0,102.0,0.0,0.0,
2015-06-18,187.5099945068359,187.9799957275391,176.0,176.3899993896484,3472.0,0.0,0.0,
2015-06-19,181.8000030517578,182.9900054931641,175.1100006103516,181.9700012207031,368.0,0.0,0.0,
2015-06-22,182.0,184.5,181.8999938964844,183.0,6876.0,0.0,0.0,
2015-06-23,184.0,186.8000030517578,180.0,184.8300018310547,40643.0,0.0,0.0,
2015-06-24,184.0,185.0,183.0,184.1300048828125,7370.0,0.0,0.0,
2015-06-25,184.0,185.5,183.0,184.2799987792969,7201.0,0.0,0.0,
2015-06-26,185.0,185.0,183.0,183.5099945068359,1863.0,0.0,0.0,
2015-06-29,180.0099945068359,183.3999938964844,179.0200042724609,181.7599945068359,48284.0,0.0,0.0,
2015-06-30,184.0,184.0,181.5,183.2700042724609,29392.0,0.0,0.0,
2015-07-01,183.5,186.8000030517578,182.0099945068359,185.7200012207031,54054.0,0.0,0.0,
2015-07-02,185.0,191.0,185.0,187.0299987792969,120131.0,0.0,0.0,
2015-07-03,188.8500061035156,188.8500061035156,187.0,187.6900024414062,6215.0,0.0,0.0,
2015-07-06,183.0,193.3000030517578,183.0,189.1399993896484,86016.0,0.0,0.0,
2015-07-07,189.0,194.8000030517578,188.1000061035156,189.0,63329.0,0.0,0.0,
2015-07-08,186.1000061035156,189.8000030517578,186.0,187.0,726.0,0.0,0.0,
2015-07-09,186.0,189.5,185.5,186.1000061035156,7968.0,0.0,0.0,
2015-07-10,187.0,189.5,186.1600036621094,189.4799957275391,232.0,0.0,0.0,
2015-07-13,189.0,190.0,187.2599945068359,189.0,3600.0,0.0,0.0,
2015-07-14,189.0,193.0,188.5,192.6799926757812,27435.0,0.0,0.0,
2015-07-15,189.5,192.8000030517578,189.0299987792969,190.1000061035156,47254.0,0.0,0.0,
2015-07-16,191.0,193.0,191.0,192.9199981689453,90680.0,0.0,0.0,
2015-07-17,193.0,195.8999938964844,191.5599975585938,192.4499969482422,34280.0,0.0,0.0,
2015-07-20,192.0,194.7599945068359,190.0299987792969,192.0899963378906,43572.0,0.0,0.0,
2015-07-21,191.0599975585938,193.0,189.0099945068359,192.7799987792969,45685.0,0.0,0.0,
2015-07-22,190.0,191.5,187.1999969482422,191.3000030517578,163399.0,0.0,0.0,
2015-07-23,189.0500030517578,192.0,189.0500030517578,189.9499969482422,1078.0,0.0,0.0,
2015-07-24,188.0,189.8999938964844,188.0,188.1399993896484,46062.0,0.0,0.0,
2015-07-27,191.0,191.0,184.3999938964844,184.6399993896484,54892.0,0.0,0.0,
2015-07-28,183.5,185.5,183.5,183.6100006103516,346.0,0.0,0.0,
2015-07-29,184.5,185.8699951171875,184.0099945068359,184.3099975585938,615.0,0.0,0.0,
2015-07-30,189.0,189.0,185.0099945068359,186.8000030517578,77945.0,0.0,0.0,
2015-07-31,185.0,189.5,185.0,188.7899932861328,102357.0,0.0,0.0,
2015-08-03,189.1000061035156,190.7799987792969,189.1000061035156,190.4700012207031,35513.0,0.0,0.0,
2015-08-04,189.25,191.6999969482422,189.0,191.0299987792969,35650.0,0.0,0.0,
2015-08-05,192.0,192.25,189.8600006103516,191.0,95371.0,0.0,0.0,
2015-08-06,190.0,192.1000061035156,189.5599975585938,191.6399993896484,32033.0,0.0,0.0,
2015-08-07,191.6999969482422,194.3999938964844,190.0500030517578,192.8999938964844,93142.0,0.0,0.0,
2015-08-10,192.8999938964844,193.8000030517578,190.0,190.5500030517578,41775.0,0.0,0.0,
2015-08-11,190.0,191.0,187.3899993896484,188.5899963378906,40186.0,0.0,0.0,
2015-08-12,186.5,187.1199951171875,183.0,184.0099945068359,25710.0,0.0,0.0,
2015-08-13,185.9299926757812,186.0,183.0,183.1999969482422,566.0,0.0,0.0,
2015-08-14,185.0,188.8200073242188,184.5,188.8200073242188,32972.0,0.0,0.0,
2015-08-17,187.6000061035156,189.5,187.6000061035156,189.0599975585938,2777.0,0.0,0.0,
2015-08-18,189.9400024414062,190.0,187.6000061035156,189.2100067138672,2790.0,0.0,0.0,
2015-08-19,189.0,191.25,188.1000061035156,189.5299987792969,44757.0,0.0,0.0,
2015-08-20,186.5,188.0,184.5099945068359,186.8899993896484,2210.0,0.0,0.0,
2015-08-21,182.0099945068359,184.0,180.0,183.0299987792969,2020.0,0.0,0.0,
2015-08-24,175.0,177.3000030517578,170.0,171.6499938964844,12918.0,0.0,0.0,
2015-08-25,173.0,177.0,169.8999938964844,172.9400024414062,3318.0,0.0,0.0,
2015-08-26,172.0,172.5,172.0,172.0,311.0,0.0,0.0,
2015-08-27,173.0,174.6999969482422,172.1000061035156,174.0,2060.0,0.0,0.0,
2015-08-28,176.75,177.25,174.5,174.5,6270.0,0.0,0.0,
2015-08-31,175.4199981689453,175.8999938964844,173.1100006103516,174.3500061035156,101585.0,0.0,0.0,
2015-09-01,171.0,171.0,167.0,168.5,14468.0,0.0,0.0,
2015-09-02,169.0,171.4400024414062,164.4299926757812,165.5800018310547,119885.0,0.0,0.0,
2015-09-03,165.8500061035156,167.6000061035156,164.6499938964844,166.1699981689453,22861.0,0.0,0.0,
2015-09-04,164.1199951171875,164.1199951171875,161.25,162.6799926757812,37659.0,0.0,0.0,
2015-09-07,163.5,164.5,159.5,160.6799926757812,38552.0,0.0,0.0,
2015-09-08,160.5,165.9799957275391,160.5,164.5399932861328,18835.0,0.0,0.0,
2015-09-09,165.5,168.4900054931641,165.5,167.5,7981.0,0.0,0.0,
2015-09-10,163.5500030517578,168.8000030517578,163.5500030517578,168.0299987792969,18402.0,0.0,0.0,
2015-09-11,168.5,168.9900054931641,167.0,167.8200073242188,8982.0,0.0,0.0,
2015-09-14,168.0,170.0,168.0,170.0,1578.0,0.0,0.0,
2015-09-15,170.0,170.0,168.6000061035156,169.0,4444.0,0.0,0.0,
2015-09-16,171.1199951171875,171.1199951171875,169.7700042724609,169.8200073242188,3813.0,0.0,0.0,
2015-09-18,174.8999938964844,177.4900054931641,174.0,175.0099945068359,12633.0,0.0,0.0,
2015-09-21,174.5,176.5,174.5,176.5,5565.0,0.0,0.0,
2015-09-22,178.4900054931641,178.4900054931641,171.0,171.0,9454.0,0.0,0.0,
2015-09-23,170.9799957275391,174.0,170.9799957275391,174.0,3045.0,0.0,0.0,
2015-09-24,175.0099945068359,175.1000061035156,173.0,174.0500030517578,2039.0,0.0,0.0,
2015-09-28,174.0,176.0,172.7100067138672,173.0,15726.0,0.0,0.0,
2015-09-29,170.1199951171875,176.4499969482422,168.5,175.0,98254.0,0.0,0.0,
2015-09-30,175.0200042724609,175.0200042724609,173.2100067138672,174.2700042724609,3349.0,0.0,0.0,
2015-10-01,173.1600036621094,174.1000061035156,173.0,173.1999969482422,355.0,0.0,0.0,
2015-10-05,176.0,177.5,175.75,177.4499969482422,1601.0,0.0,0.0,
2015-10-06,180.4600067138672,180.4600067138672,177.0,177.5500030517578,8717.0,0.0,0.0,
2015-10-07,177.0,178.7799987792969,177.0,178.0500030517578,1065.0,0.0,0.0,
2015-10-08,178.8000030517578,178.8000030517578,176.0099945068359,177.2299957275391,6164.0,0.0,0.0,
2015-10-09,179.1399993896484,179.1399993896484,177.1999969482422,177.1999969482422,911.0,0.0,0.0,
2015-10-12,176.5200042724609,178.5,176.5200042724609,178.0,391.0,0.0,0.0,
2015-10-13,177.0099945068359,177.0099945068359,176.5200042724609,176.5200042724609,403.0,0.0,0.0,
2015-10-14,177.0,177.0,176.1799926757812,176.1799926757812,66.0,0.0,0.0,
2015-10-15,177.5,178.6000061035156,177.4299926757812,178.0,33107.0,0.0,0.0,
2015-10-16,178.0,180.3800048828125,177.0,180.1000061035156,27273.0,0.0,0.0,
2015-10-19,179.8999938964844,180.1300048828125,179.0,179.5,9017.0,0.0,0.0,
2015-10-20,179.5,180.0,178.75,179.0,14464.0,0.0,0.0,
2015-10-21,179.75,179.75,176.1999969482422,177.8800048828125,16189.0,0.0,0.0,
2015-10-23,179.3699951171875,180.5,179.3600006103516,180.5,227.0,0.0,0.0,
2015-10-26,181.5,181.5,179.0099945068359,179.0099945068359,27826.0,0.0,0.0,
2015-10-27,179.0,179.25,178.5500030517578,179.25,6300.0,0.0,0.0,
2015-10-28,178.0,178.5,175.0200042724609,175.8999938964844,3344.0,0.0,0.0,
2015-10-29,176.3999938964844,176.3999938964844,173.7799987792969,173.8200073242188,12476.0,0.0,0.0,
2015-10-30,175.8800048828125,175.8800048828125,174.0,174.6999969482422,16095.0,0.0,0.0,
2015-11-02,174.2100067138672,175.9900054931641,173.1100006103516,175.4900054931641,34715.0,0.0,0.0,
2015-11-03,175.3000030517578,176.1499938964844,174.1600036621094,174.5800018310547,37414.0,0.0,0.0,
2015-11-04,176.0,176.0,173.6100006103516,174.2599945068359,63595.0,0.0,0.0,
2015-11-05,174.0,174.0,171.2400054931641,171.8800048828125,86944.0,0.0,0.0,
2015-11-06,171.0,172.8999938964844,171.0,172.4799957275391,37823.0,0.0,0.0,
2015-11-09,172.0,172.3699951171875,166.0299987792969,171.4499969482422,176903.0,0.0,0.0,
2015-11-10,170.7100067138672,171.8000030517578,169.8000030517578,170.0099945068359,167485.0,0.0,0.0,
2015-11-13,170.0,171.5,170.0,170.6900024414062,13474.0,0.0,0.0,
2015-11-16,170.75,173.4900054931641,170.75,173.1499938964844,11633.0,0.0,0.0,
2015-11-17,173.0,174.0,171.75,173.0,6455.0,0.0,0.0,
2015-11-18,173.5,173.5,169.2100067138672,170.0,17540.0,0.0,0.0,
2015-11-19,170.5,172.0,170.5,171.8800048828125,14747.0,0.0,0.0,
2015-11-20,171.3999938964844,173.8000030517578,171.3999938964844,172.6799926757812,2908.0,0.0,0.0,
2015-11-23,171.8999938964844,173.4400024414062,171.3699951171875,172.8300018310547,52362.0,0.0,0.0,
2015-11-24,171.5299987792969,174.0,171.5299987792969,172.0800018310547,50081.0,0.0,0.0,
2015-11-26,172.2200012207031,172.7100067138672,171.5500030517578,171.7100067138672,22614.0,0.0,0.0,
2015-11-27,172.0,175.6499938964844,172.0,174.9199981689453,99092.0,0.0,0.0,
2015-11-30,174.75,176.0,174.75,175.3000030517578,1368.0,0.0,0.0,
2015-12-01,175.5,175.9600067138672,172.8099975585938,175.4900054931641,175.0,0.0,0.0,
2015-12-02,175.5,175.8000030517578,174.0,174.0,102140.0,0.0,0.0,
2015-12-03,174.0,174.0,173.0,173.1699981689453,104641.0,0.0,0.0,
2015-12-04,172.0,172.0,170.5500030517578,170.6499938964844,287.0,0.0,0.0,
2015-12-07,171.0,172.0,170.8000030517578,171.0,10780.0,0.0,0.0,
2015-12-08,170.75,171.0,169.25,169.6499938964844,1480.0,0.0,0.0,
2015-12-09,169.6499938964844,170.8500061035156,168.1100006103516,168.6000061035156,31948.0,0.0,0.0,
2015-12-10,169.0,169.3500061035156,167.6000061035156,168.6900024414062,92022.0,0.0,0.0,
2015-12-11,168.1999969482422,168.6000061035156,164.7599945068359,165.1799926757812,115673.0,0.0,0.0,
2015-12-14,163.1100006103516,166.3999938964844,163.1100006103516,164.8999938964844,61642.0,0.0,0.0,
2015-12-15,164.8999938964844,165.1300048828125,163.0399932861328,164.9499969482422,24626.0,0.0,0.0,
2015-12-16,165.6900024414062,167.3899993896484,165.6900024414062,166.1199951171875,530.0,0.0,0.0,
2015-12-17,167.0700073242188,169.5,167.0700073242188,169.5,123.0,0.0,0.0,
2015-12-18,168.5,168.6499938964844,167.5,167.75,5579.0,0.0,0.0,
2015-12-21,167.75,169.0,167.75,169.0,1792.0,0.0,0.0,
2015-12-22,168.5,170.3999938964844,167.8000030517578,167.8999938964844,45609.0,0.0,0.0,
2015-12-23,169.5,170.0,169.2100067138672,169.25,15260.0,0.0,0.0,
2015-12-24,169.1300048828125,169.4900054931641,168.6000061035156,169.1100006103516,20173.0,0.0,0.0,
2015-12-28,170.25,172.0,169.6999969482422,171.0,55845.0,0.0,0.0,
2015-12-29,170.5,172.75,170.5,171.75,23050.0,0.0,0.0,
2015-12-30,171.5,171.75,170.7100067138672,171.4900054931641,60901.0,0.0,0.0,
2015-12-31,170.5,171.0,170.3200073242188,170.4199981689453,73.0,0.0,0.0,
2016-01-01,170.4199981689453,172.4900054931641,170.0,172.0,419.0,0.0,0.0,
2016-01-04,171.25,171.25,168.0,168.3899993896484,58832.0,0.0,0.0,
2016-01-05,168.3899993896484,168.3899993896484,166.6000061035156,167.5,69489.0,0.0,0.0,
2016-01-06,166.9400024414062,167.9400024414062,166.1199951171875,166.4900054931641,20661.0,0.0,0.0,
2016-01-07,166.4900054931641,171.5,162.0,163.1399993896484,70915.0,0.0,0.0,
2016-01-08,165.0599975585938,168.0,163.4499969482422,166.9700012207031,103.0,0.0,0.0,
2016-01-11,164.0,164.0,160.25,161.9299926757812,3671.0,0.0,0.0,
2016-01-12,161.5,161.5,160.0,160.9900054931641,4761.0,0.0,0.0,
2016-01-13,159.5,161.0,157.8099975585938,160.5200042724609,20518.0,0.0,0.0,
2016-01-14,158.0,160.0,157.1000061035156,158.0,1296.0,0.0,0.0,
2016-01-15,158.0,161.9900054931641,153.5500030517578,153.9100036621094,125325.0,0.0,0.0,
2016-01-18,153.4900054931641,155.0899963378906,151.1999969482422,152.3399963378906,53080.0,0.0,0.0,
2016-01-19,153.9499969482422,154.8399963378906,153.4499969482422,153.6999969482422,7548.0,0.0,0.0,
2016-01-20,151.0,151.1499938964844,148.6999969482422,150.6900024414062,16661.0,0.0,0.0,
2016-01-21,153.0,154.5,150.9100036621094,152.5099945068359,201756.0,0.0,0.0,
2016-01-22,153.5,156.9600067138672,153.5,155.6499938964844,149959.0,0.0,0.0,
2016-01-25,157.0,157.9600067138672,156.3200073242188,157.9600067138672,416941.0,0.0,0.0,
2016-01-27,158.25,158.8899993896484,155.7599945068359,157.6699981689453,350080.0,0.0,0.0,
2016-01-28,156.0099945068359,157.5,155.3000030517578,155.9799957275391,340594.0,0.0,0.0,
2016-01-29,155.5500030517578,157.3999938964844,154.0,157.1699981689453,407123.0,0.0,0.0,
2016-02-01,157.0,157.0,154.6999969482422,154.6999969482422,193395.0,0.0,0.0,
2016-02-02,154.3999938964844,156.8999938964844,152.0,152.0099945068359,405843.0,0.0,0.0,
2016-02-03,149.8500061035156,151.3399963378906,149.5,150.2899932861328,9512.0,0.0,0.0,
2016-02-04,150.8699951171875,151.6000061035156,149.5,150.3399963378906,32619.0,0.0,0.0,
2016-02-05,151.4400024414062,153.0,151.3999938964844,153.0,26909.0,0.0,0.0,
2016-02-08,153.5,154.9799957275391,152.0,152.1900024414062,3654.0,0.0,0.0,
2016-02-09,150.6999969482422,151.0,150.1999969482422,150.75,430.0,0.0,0.0,
2016-02-10,149.0,149.0,146.75,147.0,12908.0,0.0,0.0,
2016-02-11,147.0,147.0,140.2700042724609,141.0800018310547,19118.0,0.0,0.0,
2016-02-12,140.75,141.4299926757812,138.5500030517578,140.0,28847.0,0.0,0.0,
2016-02-15,141.5700073242188,145.7799987792969,141.5700073242188,145.2899932861328,3222.0,0.0,0.0,
2016-02-16,145.0,145.0,142.0,142.0,36220.0,0.0,0.0,
2016-02-17,142.0,143.3999938964844,139.5500030517578,142.25,9823.0,0.0,0.0,
2016-02-18,144.0,144.5,143.0,143.9100036621094,10367.0,0.0,0.0,
2016-02-19,143.25,144.3999938964844,143.25,144.3800048828125,13889.0,0.0,0.0,
2016-02-22,145.3699951171875,145.5899963378906,144.5,145.0,88.0,0.0,0.0,
2016-02-23,143.6499938964844,143.6499938964844,141.0,141.4600067138672,5901.0,0.0,0.0,
2016-02-24,138.9900054931641,140.2299957275391,138.9900054931641,139.3500061035156,5880.0,0.0,0.0,
2016-02-25,139.5,139.5299987792969,137.0,137.7899932861328,3574.0,0.0,0.0,
2016-02-26,137.1999969482422,140.5500030517578,137.0,139.5200042724609,6886.0,0.0,0.0,
2016-02-29,140.0,142.2700042724609,136.0,140.3099975585938,14918.0,0.0,0.0,
2016-03-01,142.5,145.4499969482422,142.5,144.3000030517578,309.0,0.0,0.0,
2016-03-02,149.8999938964844,152.6000061035156,149.0,151.4600067138672,46335.0,0.0,0.0,
2016-03-03,153.0,153.0,150.7200012207031,152.8899993896484,4679.0,0.0,0.0,
2016-03-04,151.8899993896484,155.0200042724609,151.3699951171875,154.8399963378906,117942.0,0.0,0.0,
2016-03-08,154.75,155.2200012207031,152.1999969482422,153.1300048828125,10117.0,0.0,0.0,
2016-03-09,152.0099945068359,154.1499938964844,151.1699981689453,153.4400024414062,112027.0,0.0,0.0,
2016-03-10,154.3000030517578,154.3000030517578,152.1499938964844,153.25,37123.0,0.0,0.0,
2016-03-11,152.5,154.25,152.0099945068359,153.1100006103516,32289.0,0.0,0.0,
2016-03-14,154.4299926757812,155.2899932861328,154.1100006103516,154.4499969482422,1435.0,0.0,0.0,
2016-03-15,154.3000030517578,154.8999938964844,154.0,154.7599945068359,645.0,0.0,0.0,
2016-03-16,154.1600036621094,155.7299957275391,153.0,155.6000061035156,6101.0,0.0,0.0,
2016-03-17,157.0,157.5,154.8000030517578,155.1999969482422,4983.0,0.0,0.0,
2016-03-18,156.1100006103516,157.6000061035156,155.5800018310547,157.2299957275391,123228.0,0.0,0.0,
2016-03-21,158.5,160.0,158.4700012207031,160.0,3789.0,0.0,0.0,
2016-03-22,159.1600036621094,160.3699951171875,158.6600036621094,160.1900024414062,1470.0,0.0,0.0,
2016-03-23,159.1300048828125,160.25,158.8500061035156,160.0800018310547,2386.0,0.0,0.0,
2016-03-28,158.9400024414062,159.9100036621094,156.6799926757812,156.9400024414062,545.0,0.0,0.0,
2016-03-29,157.8999938964844,158.6000061035156,157.8999938964844,158.6000061035156,101.0,0.0,0.0,
2016-03-30,158.5,162.0,158.5,161.5700073242188,593.0,0.0,0.0,
2016-03-31,162.0,163.0,162.0,162.8999938964844,387.0,0.0,0.0,
2016-04-01,162.6799926757812,163.9100036621094,162.0,163.4400024414062,2085.0,0.0,0.0,
2016-04-04,164.0,164.0,162.0,162.8000030517578,2382.0,0.0,0.0,
2016-04-05,162.5500030517578,163.0,159.1000061035156,159.4100036621094,9761.0,0.0,0.0,
2016-04-06,159.2400054931641,159.2400054931641,158.1000061035156,158.4499969482422,330.0,0.0,0.0,
2016-04-07,157.2899932861328,158.0200042724609,156.1999969482422,156.7799987792969,5887.0,0.0,0.0,
2016-04-08,157.0,157.5,156.8999938964844,156.8999938964844,158.0,0.0,0.0,
2016-04-11,156.8999938964844,159.3000030517578,156.0,159.3000030517578,343.0,0.0,0.0,
2016-04-12,158.8500061035156,159.75,158.8500061035156,159.3999938964844,15163.0,0.0,0.0,
2016-04-13,162.3699951171875,163.6999969482422,162.2100067138672,163.6199951171875,245.0,0.0,0.0,
2016-04-18,150.0,171.0,140.0,163.0,2085.0,0.0,0.0,
2016-04-20,163.0,164.5200042724609,163.0,163.25,4250.0,0.0,0.0,
2016-04-21,165.75,168.3899993896484,165.75,167.0399932861328,485.0,0.0,0.0,
2016-04-22,166.8399963378906,166.8399963378906,166.8399963378906,166.8399963378906,37.0,0.0,0.0,
2016-04-25,168.1799926757812,168.1799926757812,166.7299957275391,167.6000061035156,2821.0,0.0,0.0,
2016-04-26,167.1100006103516,171.3999938964844,167.0899963378906,171.1999969482422,14741.0,0.0,0.0,
2016-04-27,171.3099975585938,171.3099975585938,170.0,170.0,328.0,0.0,0.0,
2016-04-28,171.0,171.0,167.75,167.7700042724609,3949.0,0.0,0.0,
2016-04-29,168.1699981689453,173.0,167.5,170.6000061035156,4823.0,0.0,0.0,
2016-05-02,168.5700073242188,168.75,167.0,167.2400054931641,12250.0,0.0,0.0,
2016-05-03,167.0,168.6799926757812,166.1000061035156,166.7299957275391,33273.0,0.0,0.0,
2016-05-04,165.4900054931641,166.0,164.0,164.4900054931641,37137.0,0.0,0.0,
2016-05-05,164.6000061035156,165.4299926757812,163.8000030517578,164.0,27341.0,0.0,0.0,
2016-05-06,163.7700042724609,165.0700073242188,163.5,164.25,26553.0,0.0,0.0,
2016-05-09,165.1900024414062,168.7299957275391,165.1900024414062,168.5099945068359,58850.0,0.0,0.0,
2016-05-10,168.4600067138672,169.6999969482422,167.6699981689453,169.2899932861328,15306.0,0.0,0.0,
2016-05-11,167.5,171.0,167.5,170.1799926757812,31204.0,0.0,0.0,
2016-05-12,170.4100036621094,171.2899932861328,169.5,171.0,19546.0,0.0,0.0,
2016-05-13,169.5200042724609,174.5,168.0200042724609,169.0800018310547,29060.0,0.0,0.0,
2016-05-16,169.0,169.6999969482422,167.0,168.8999938964844,35414.0,0.0,0.0,
2016-05-17,169.8999938964844,170.1000061035156,168.5500030517578,168.9400024414062,8741.0,0.0,0.0,
2016-05-18,167.6000061035156,169.9799957275391,167.0,168.7899932861328,30178.0,0.0,0.0,
2016-05-19,167.0,168.1100006103516,166.6999969482422,166.6999969482422,9688.0,0.0,0.0,
2016-05-20,167.0700073242188,167.7799987792969,166.0,166.2200012207031,3342.0,0.0,0.0,
2016-05-23,167.0,167.1699981689453,165.6499938964844,165.7100067138672,6939.0,0.0,0.0,
2016-05-24,165.5,166.4900054931641,165.1000061035156,165.2400054931641,30054.0,0.0,0.0,
2016-05-25,168.1699981689453,171.1900024414062,167.0700073242188,170.8600006103516,15113.0,0.0,0.0,
2016-05-26,171.1199951171875,175.0,170.7599945068359,173.6300048828125,20590.0,0.0,0.0,
2016-05-27,175.0,176.2700042724609,174.8699951171875,175.7200012207031,6749.0,0.0,0.0,
2016-05-30,176.6699981689453,177.6900024414062,175.75,176.6300048828125,1261.0,0.0,0.0,
2016-05-31,176.9900054931641,177.6300048828125,176.0,177.0,2200.0,0.0,0.0,
2016-06-01,177.1399993896484,177.3699951171875,174.6900024414062,174.6900024414062,177102.0,0.0,0.0,
2016-06-02,175.2700042724609,177.0,175.1999969482422,176.8999938964844,23240.0,0.0,0.0,
2016-06-03,178.3300018310547,178.3300018310547,177.1000061035156,177.1000061035156,278.0,0.0,0.0,
2016-06-06,178.25,178.75,177.5,177.5,2195.0,0.0,0.0,
2016-06-07,179.0,183.3999938964844,178.5,180.7599945068359,14021.0,0.0,0.0,
2016-06-08,181.0,183.4499969482422,180.5,181.6999969482422,3158.0,0.0,0.0,
2016-06-09,182.2299957275391,182.3999938964844,179.0,181.4100036621094,130112.0,0.0,0.0,
2016-06-10,178.5,181.8500061035156,178.5,180.25,112415.0,0.0,0.0,
2016-06-13,177.6999969482422,178.8999938964844,177.5,178.0,8685.0,0.0,0.0,
2016-06-14,179.3600006103516,179.7400054931641,178.1000061035156,179.1199951171875,828.0,0.0,0.0,
2016-06-15,179.7599945068359,181.7299957275391,177.8999938964844,180.0,5685.0,0.0,0.0,
2016-06-16,180.5,180.5,177.6699981689453,178.25,59.0,0.0,0.0,
2016-06-17,181.3999938964844,181.3999938964844,178.25,178.25,4920.0,0.0,0.0,
2016-06-20,177.0,179.6000061035156,177.0,178.9600067138672,19354.0,0.0,0.0,
2016-06-21,178.0,179.3200073242188,177.3200073242188,177.8800048828125,21626.0,0.0,0.0,
2016-06-22,178.5,180.5,177.6999969482422,177.7200012207031,1958.0,0.0,0.0,
2016-06-23,179.7799987792969,182.0,178.3000030517578,182.0,10166.0,0.0,0.0,
2016-06-24,175.2100067138672,177.1600036621094,172.75,175.9799957275391,26931.0,0.0,0.0,
2016-06-27,177.0,178.1499938964844,176.3300018310547,177.3999938964844,22782.0,0.0,0.0,
2016-06-28,178.0,180.0899963378906,177.7200012207031,177.7200012207031,3514.0,0.0,0.0,
2016-06-29,179.0,179.5,177.8500061035156,178.8999938964844,7718.0,0.0,0.0,
2016-06-30,181.0,181.6699981689453,180.0200042724609,181.1499938964844,4179.0,0.0,0.0,
2016-07-01,183.4100036621094,183.4100036621094,182.0,182.2899932861328,11544.0,0.0,0.0,
2016-07-04,183.5,184.0,182.6000061035156,183.0,6611.0,0.0,0.0,
2016-07-05,183.6100006103516,184.9199981689453,183.3000030517578,184.0,10297.0,0.0,0.0,
2016-07-07,184.0,184.0,183.25,183.8099975585938,8222.0,0.0,0.0,
2016-07-08,181.5700073242188,183.7100067138672,181.5700073242188,182.1499938964844,4311.0,0.0,0.0,
2016-07-11,184.1199951171875,187.75,184.1199951171875,186.2799987792969,14037.0,0.0,0.0,
2016-07-12,187.7700042724609,189.0,187.0,188.6100006103516,6170.0,0.0,0.0,
2016-07-13,188.5,189.6999969482422,187.6999969482422,188.8999938964844,21077.0,0.0,0.0,
2016-07-14,188.8999938964844,191.8300018310547,188.6000061035156,191.0700073242188,6363.0,0.0,0.0,
2016-07-15,191.0700073242188,192.0,189.7299957275391,190.8800048828125,6999.0,0.0,0.0,
2016-07-18,192.8500061035156,194.0,192.25,192.4900054931641,33078.0,0.0,0.0,
2016-07-19,192.4400024414062,192.5099945068359,190.6000061035156,191.8099975585938,15276.0,0.0,0.0,
2016-07-20,193.1300048828125,193.2299957275391,191.7200012207031,192.25,127342.0,0.0,0.0,
2016-07-21,192.1999969482422,192.8000030517578,189.0,189.4600067138672,20053.0,0.0,0.0,
2016-07-22,189.3999938964844,203.0,188.8999938964844,195.6000061035156,12242.0,0.0,0.0,
2016-07-25,189.6000061035156,192.75,189.5,192.2700042724609,3442.0,0.0,0.0,
2016-07-26,193.5399932861328,201.6499938964844,190.9299926757812,193.2200012207031,5200.0,0.0,0.0,
2016-07-27,193.4299926757812,195.0,192.1300048828125,192.1300048828125,1239.0,0.0,0.0,
2016-07-28,199.8000030517578,199.8000030517578,192.9499969482422,193.0200042724609,3496.0,0.0,0.0,
2016-07-29,193.7100067138672,193.7100067138672,191.9499969482422,191.9499969482422,264.0,0.0,0.0,
2016-08-01,194.0200042724609,194.0200042724609,189.5,189.9600067138672,9459.0,0.0,0.0,
2016-08-02,191.3300018310547,191.75,189.3800048828125,190.0299987792969,4946.0,0.0,0.0,
2016-08-03,190.3600006103516,190.5,188.6499938964844,188.7799987792969,2035.0,0.0,0.0,
2016-08-04,190.1999969482422,190.1999969482422,189.0,189.0,4.0,0.0,0.0,
2016-08-05,190.3999938964844,192.2299957275391,190.3999938964844,191.5,3371.0,0.0,0.0,
2016-08-08,193.3200073242188,193.3200073242188,192.1000061035156,192.4700012207031,1073.0,0.0,0.0,
2016-08-09,192.8500061035156,194.3999938964844,192.0500030517578,192.5,4662.0,0.0,0.0,
2016-08-10,193.0,193.0,190.0099945068359,190.0099945068359,771.0,0.0,0.0,
2016-08-11,190.5599975585938,190.5599975585938,188.0299987792969,188.5500030517578,8660.0,0.0,0.0,
2016-08-12,189.5,192.5200042724609,189.5,192.5200042724609,16289.0,0.0,0.0,
2016-08-16,193.4900054931641,193.4900054931641,191.0899963378906,192.1100006103516,779.0,0.0,0.0,
2016-08-17,193.1499938964844,193.6499938964844,192.5,193.3999938964844,254.0,0.0,0.0,
2016-08-18,194.4400024414062,196.1499938964844,194.3500061035156,196.1000061035156,3243.0,0.0,0.0,
2016-08-19,196.5700073242188,197.0,195.5500030517578,195.8500061035156,992.0,0.0,0.0,
2016-08-22,196.5399932861328,197.5,196.0,196.25,7806.0,0.0,0.0,
2016-08-23,196.5,196.5,194.8999938964844,196.0,4459.0,0.0,0.0,
2016-08-24,195.0700073242188,196.4600067138672,194.8800048828125,196.4600067138672,7137.0,0.0,0.0,
2016-08-25,196.8399963378906,197.0,195.1499938964844,195.6300048828125,868.0,0.0,0.0,
2016-08-26,195.8500061035156,195.8500061035156,194.1000061035156,194.25,32.0,0.0,0.0,
2016-08-29,194.6000061035156,195.3699951171875,194.0,194.4700012207031,1151.0,0.0,0.0,
2016-08-30,196.2799987792969,198.0,196.2100067138672,198.0,75.0,0.0,0.0,
2016-08-31,198.6000061035156,202.0,198.6000061035156,201.4900054931641,449064.0,0.0,0.0,
2016-09-01,202.2799987792969,202.2799987792969,201.5,201.9900054931641,112197.0,0.0,0.0,
2016-09-02,206.0,206.0,200.0,201.1100006103516,1244.0,0.0,0.0,
2016-09-06,203.5,206.6999969482422,203.5,206.6199951171875,2728.0,0.0,0.0,
2016-09-07,208.6000061035156,208.8000030517578,206.1900024414062,207.0500030517578,814.0,0.0,0.0,
2016-09-08,207.9100036621094,208.1100006103516,207.0,207.5,504.0,0.0,0.0,
2016-09-09,206.7100067138672,206.7100067138672,204.1999969482422,206.5099945068359,989.0,0.0,0.0,
2016-09-12,201.6399993896484,204.8000030517578,201.0,202.2599945068359,5350.0,0.0,0.0,
2016-09-14,202.8699951171875,202.8699951171875,200.8000030517578,202.1699981689453,11097.0,0.0,0.0,
2016-09-15,202.8000030517578,202.8000030517578,201.1300048828125,202.1999969482422,4040.0,0.0,0.0,
2016-09-16,204.0,205.6900024414062,201.3000030517578,203.0,10376.0,0.0,0.0,
2016-09-19,203.7299957275391,204.0599975585938,202.0599975585938,202.25,2918.0,0.0,0.0,
2016-09-20,202.6699981689453,202.6699981689453,201.0,202.0,289.0,0.0,0.0,
2016-09-21,202.0,202.6000061035156,201.8800048828125,202.0,773.0,0.0,0.0,
2016-09-22,206.3899993896484,206.3899993896484,202.6799926757812,203.9600067138672,11446.0,0.0,0.0,
2016-09-23,204.2700042724609,204.2700042724609,202.1000061035156,203.5,2535.0,0.0,0.0,
2016-09-26,201.6699981689453,201.75,199.0,199.6399993896484,9427.0,0.0,0.0,
2016-09-27,200.5899963378906,200.5899963378906,198.3500061035156,198.6900024414062,4190.0,0.0,0.0,
2016-09-28,199.6699981689453,200.5800018310547,199.2899932861328,199.8999938964844,774.0,0.0,0.0,
2016-09-29,201.3300018310547,201.3300018310547,194.0099945068359,194.5599975585938,110246.0,0.0,0.0,
2016-09-30,195.1499938964844,196.3399963378906,194.3999938964844,196.0,6354.0,0.0,0.0,
2016-10-03,197.5,199.8999938964844,196.3200073242188,199.4499969482422,4670.0,0.0,0.0,
2016-10-04,199.5399932861328,200.3000030517578,199.0800018310547,200.2700042724609,124429.0,0.0,0.0,
2016-10-05,201.3399963378906,201.3899993896484,199.0,199.0200042724609,50578.0,0.0,0.0,
2016-10-06,198.8000030517578,199.3999938964844,195.7299957275391,196.6499938964844,9563.0,0.0,0.0,
2016-10-07,197.7100067138672,197.8300018310547,192.6999969482422,196.5599975585938,12136.0,0.0,0.0,
2016-10-10,197.5,197.6000061035156,196.6000061035156,196.8699951171875,1076.0,0.0,0.0,
2016-10-13,195.6100006103516,195.6100006103516,192.5,193.3000030517578,23955.0,0.0,0.0,
2016-10-14,193.9100036621094,193.9100036621094,193.0,193.5,20498.0,0.0,0.0,
2016-10-17,194.2700042724609,195.3899993896484,192.8000030517578,193.6000061035156,1903.0,0.0,0.0,
2016-10-18,194.7100067138672,198.0399932861328,194.5500030517578,197.9199981689453,2098.0,0.0,0.0,
2016-10-19,196.9799957275391,197.6600036621094,196.3300018310547,196.3300018310547,2026.0,0.0,0.0,
2016-10-20,198.0500030517578,199.9700012207031,198.0500030517578,198.6900024414062,3269.0,0.0,0.0,
2016-10-21,198.3999938964844,209.6900024414062,198.1999969482422,200.1399993896484,4770.0,0.0,0.0,
2016-10-24,201.0,205.0,200.75,202.8800048828125,13949.0,0.0,0.0,
2016-10-25,201.7599945068359,202.0,200.0,200.9799957275391,1356655.0,0.0,0.0,
2016-10-26,198.3999938964844,199.1600036621094,196.6900024414062,197.3999938964844,80769.0,0.0,0.0,
2016-10-27,196.1000061035156,197.8000030517578,195.1499938964844,197.7299957275391,14375.0,0.0,0.0,
2016-10-28,197.3000030517578,198.6100006103516,196.9900054931641,198.4199981689453,79280.0,0.0,0.0,
2016-11-01,198.0,198.8000030517578,197.1999969482422,197.2799987792969,6525.0,0.0,0.0,
2016-11-02,195.8899993896484,195.8899993896484,194.4799957275391,195.1600036621094,15081.0,0.0,0.0,
2016-11-03,195.1499938964844,195.8099975585938,194.4499969482422,194.6000061035156,2049.0,0.0,0.0,
2016-11-04,194.5,194.8500061035156,193.0,193.1600036621094,51279.0,0.0,0.0,
2016-11-07,195.5599975585938,197.0,195.0,196.0099945068359,275929.0,0.0,0.0,
2016-11-08,196.9299926757812,198.2700042724609,196.0,197.7299957275391,42960.0,0.0,0.0,
2016-11-09,190.0,198.9799957275391,185.5,198.6900024414062,78742.0,0.0,0.0,
2016-11-10,201.25,205.5399932861328,201.0,204.2400054931641,13890.0,0.0,0.0,
2016-11-11,204.1000061035156,204.1000061035156,200.1999969482422,202.25,40133.0,0.0,0.0,
2016-11-15,201.4799957275391,201.5099945068359,195.8800048828125,196.0099945068359,16372.0,0.0,0.0,
2016-11-16,197.7400054931641,197.7400054931641,194.1000061035156,194.8099975585938,39052.0,0.0,0.0,
2016-11-17,196.4299926757812,197.3300018310547,192.0899963378906,193.6399993896484,310171.0,0.0,0.0,
2016-11-18,192.75,194.7400054931641,192.0200042724609,192.1799926757812,34881.0,0.0,0.0,
2016-11-21,193.0,193.0,187.3099975585938,187.8000030517578,559618.0,0.0,0.0,
2016-11-22,188.1499938964844,189.0,186.0899963378906,188.4100036621094,5635.0,0.0,0.0,
2016-11-23,188.0,189.3899993896484,187.6000061035156,189.0,14936.0,0.0,0.0,
2016-11-24,186.6199951171875,188.0599975585938,185.8999938964844,186.3600006103516,2810586.0,0.0,0.0,
2016-11-25,187.5599975585938,189.4400024414062,186.3999938964844,189.0099945068359,33718.0,0.0,0.0,
2016-11-28,185.7400054931641,188.1000061035156,185.6199951171875,187.3999938964844,26448.0,0.0,0.0,
2016-11-29,186.5200042724609,188.0099945068359,186.0,186.6999969482422,33363.0,0.0,0.0,
2016-11-30,186.0,189.3999938964844,185.6999969482422,189.0,63177.0,0.0,0.0,
2016-12-01,189.3000030517578,189.3000030517578,187.8999938964844,188.0,20006.0,0.0,0.0,
2016-12-02,185.6399993896484,187.0,185.0500030517578,185.0500030517578,49889.0,0.0,0.0,
2016-12-05,185.3000030517578,187.3999938964844,185.1699981689453,187.1100006103516,3074.0,0.0,0.0,
2016-12-06,187.1999969482422,187.75,186.8500061035156,187.0500030517578,3137.0,0.0,0.0,
2016-12-07,188.4400024414062,188.7299957275391,183.9900054931641,185.7400054931641,5170.0,0.0,0.0,
2016-12-08,186.8099975585938,188.3999938964844,186.8099975585938,188.0700073242188,34500.0,0.0,0.0,
2016-12-09,188.0,190.5700073242188,188.0,190.1000061035156,6197.0,0.0,0.0,
2016-12-12,188.0599975585938,189.0299987792969,187.3000030517578,187.3000030517578,5348.0,0.0,0.0,
2016-12-13,187.3000030517578,187.7799987792969,186.3000030517578,186.8999938964844,14165.0,0.0,0.0,
2016-12-14,186.9299926757812,187.4100036621094,186.6499938964844,186.8500061035156,693.0,0.0,0.0,
2016-12-15,185.0,188.2599945068359,185.0,185.8699951171875,21192.0,0.0,0.0,
2016-12-16,188.0,193.3000030517578,185.1199951171875,185.4400024414062,82723.0,0.0,0.0,
2016-12-19,185.4400024414062,186.0800018310547,185.4299926757812,185.7200012207031,4584.0,0.0,0.0,
2016-12-20,185.7299957275391,185.7299957275391,183.2299957275391,183.3600006103516,70103.0,0.0,0.0,
2016-12-21,183.9299926757812,184.2299957275391,183.2100067138672,183.5200042724609,24401.0,0.0,0.0,
2016-12-22,182.5099945068359,182.5099945068359,181.0,181.3200073242188,6966.0,0.0,0.0,
2016-12-23,180.8099975585938,181.8500061035156,180.6100006103516,180.8899993896484,3514.0,0.0,0.0,
2016-12-26,180.5700073242188,180.5700073242188,178.6900024414062,179.1499938964844,47752.0,0.0,0.0,
2016-12-27,179.6000061035156,181.0700073242188,179.1499938964844,181.0200042724609,32077.0,0.0,0.0,
2016-12-28,181.3999938964844,182.7400054931641,180.5800018310547,181.3399963378906,2896.0,0.0,0.0,
2016-12-29,181.8699951171875,182.3999938964844,181.2200012207031,182.1300048828125,727.0,0.0,0.0,
2016-12-30,183.8000030517578,185.0,183.8000030517578,185.0,989.0,0.0,0.0,
2017-01-02,184.8000030517578,184.8000030517578,181.75,182.9199981689453,27139.0,0.0,0.0,
2017-01-03,181.9199981689453,184.75,181.4100036621094,183.5700073242188,178052.0,0.0,0.0,
2017-01-04,183.5700073242188,184.0800018310547,182.1699981689453,182.1900024414062,165766.0,0.0,0.0,
2017-01-05,183.9400024414062,186.8999938964844,183.3000030517578,184.4499969482422,212213.0,0.0,0.0,
2017-01-06,185.7299957275391,186.5599975585938,185.5500030517578,185.8500061035156,173.0,0.0,0.0,
2017-01-09,185.8500061035156,186.6300048828125,185.8500061035156,186.2200012207031,865.0,0.0,0.0,
2017-01-10,187.0099945068359,187.0099945068359,185.7599945068359,186.1999969482422,29291.0,0.0,0.0,
2017-01-11,188.0,191.1499938964844,188.0,190.6699981689453,2094.0,0.0,0.0,
2017-01-12,191.9700012207031,192.3600006103516,190.5599975585938,191.4499969482422,520.0,0.0,0.0,
2017-01-13,191.6600036621094,192.4900054931641,190.5800018310547,192.0500030517578,808.0,0.0,0.0,
2017-01-16,192.0,194.1499938964844,192.0,194.1499938964844,1951.0,0.0,0.0,
2017-01-17,194.7899932861328,194.8000030517578,193.1499938964844,194.0099945068359,2804.0,0.0,0.0,
2017-01-18,194.4900054931641,196.3099975585938,194.1300048828125,194.3300018310547,11160.0,0.0,0.0,
2017-01-19,194.0099945068359,194.8000030517578,193.2700042724609,193.7700042724609,6155.0,0.0,0.0,
2017-01-20,192.8000030517578,193.6999969482422,191.0899963378906,192.0,1806330.0,0.0,0.0,
2017-01-23,191.8500061035156,192.5,190.7100067138672,192.1300048828125,4932548.0,0.0,0.0,
2017-01-24,192.8999938964844,193.0,192.5,192.5500030517578,3151.0,0.0,0.0,
2017-01-25,195.0,197.5,194.5,197.3200073242188,5119518.0,0.0,0.0,
2017-01-27,198.9900054931641,200.7299957275391,198.8999938964844,200.1999969482422,3975.0,0.0,0.0,
2017-01-30,221.1999969482422,221.1999969482422,198.6999969482422,199.0200042724609,55531.0,0.0,0.0,
2017-01-31,198.6999969482422,199.5399932861328,196.8600006103516,197.6399993896484,13896.0,0.0,0.0,
2017-02-01,199.0,204.0,198.3000030517578,203.6000061035156,169358.0,0.0,0.0,
2017-02-02,203.8800048828125,204.5500030517578,203.0,203.9499969482422,18539.0,0.0,0.0,
2017-02-03,203.9900054931641,204.8600006103516,203.5399932861328,204.7599945068359,23926.0,0.0,0.0,
2017-02-06,205.4600067138672,207.7299957275391,205.4600067138672,207.4299926757812,308574.0,0.0,0.0,
2017-02-07,207.3000030517578,207.3000030517578,205.7700042724609,206.0,64972.0,0.0,0.0,
2017-02-08,206.5,206.5,204.3099975585938,206.2400054931641,2985.0,0.0,0.0,
2017-02-09,206.9199981689453,207.1000061035156,203.0299987792969,204.8600006103516,30403.0,0.0,0.0,
2017-02-10,205.3600006103516,206.0899963378906,204.6600036621094,204.8699951171875,6950.0,0.0,0.0,
2017-02-13,205.3999938964844,205.5,204.0,205.2899932861328,30660.0,0.0,0.0,
2017-02-14,205.3000030517578,205.5399932861328,204.3000030517578,205.1199951171875,4867.0,0.0,0.0,
2017-02-15,205.8500061035156,206.2799987792969,204.0,204.5899963378906,14087.0,0.0,0.0,
2017-02-16,204.6000061035156,205.7400054931641,204.2299957275391,205.1999969482422,51606.0,0.0,0.0,
2017-02-17,209.3000030517578,210.3699951171875,207.3000030517578,208.5399932861328,64370.0,0.0,0.0,
2017-02-20,207.5200042724609,209.1999969482422,207.1000061035156,208.9900054931641,36396.0,0.0,0.0,
2017-02-21,209.0,211.0,209.0,211.0,23348.0,0.0,0.0,
2017-02-22,211.9799957275391,211.9799957275391,210.6000061035156,210.6100006103516,10163.0,0.0,0.0,
2017-02-23,211.6900024414062,212.3999938964844,210.6000061035156,210.6000061035156,18475.0,0.0,0.0,
2017-02-27,211.0500030517578,211.4199981689453,208.6499938964844,208.8099975585938,108803.0,0.0,0.0,
2017-02-28,209.4900054931641,209.6000061035156,208.5500030517578,208.5500030517578,142249.0,0.0,0.0,
2017-03-01,209.4600067138672,211.0200042724609,209.4600067138672,210.6100006103516,4703.0,0.0,0.0,
2017-03-02,211.3000030517578,211.6999969482422,207.8399963378906,208.7799987792969,2192.0,0.0,0.0,
2017-03-03,208.1000061035156,208.1000061035156,207.1999969482422,208.0,4809.0,0.0,0.0,
2017-03-06,209.6000061035156,209.9499969482422,209.6000061035156,209.8999938964844,1295.0,0.0,0.0,
2017-03-07,210.0,210.0,208.5700073242188,209.3500061035156,729.0,0.0,0.0,
2017-03-08,210.1199951171875,210.1199951171875,207.9299926757812,209.3600006103516,8089.0,0.0,0.0,
2017-03-09,209.8899993896484,210.4100036621094,209.5500030517578,210.3999938964844,1157.0,0.0,0.0,
2017-03-10,210.5099945068359,211.75,209.5,211.0200042724609,2230132.0,0.0,0.0,
2017-03-14,215.0,215.0,212.5599975585938,213.9900054931641,9384.0,0.0,0.0,
2017-03-15,213.6499938964844,214.9900054931641,213.6499938964844,214.0,23906.0,0.0,0.0,
2017-03-16,215.2200012207031,215.4900054931641,214.4100036621094,215.0500030517578,310215.0,0.0,0.0,
2017-03-17,214.8999938964844,215.1799926757812,213.25,214.1199951171875,439100.0,0.0,0.0,
2017-03-20,213.8000030517578,214.6399993896484,213.0899963378906,213.6199951171875,352179.0,0.0,0.0,
2017-03-21,213.8899993896484,213.8899993896484,212.1999969482422,212.8000030517578,23418.0,0.0,0.0,
2017-03-22,211.1999969482422,211.4499969482422,210.6000061035156,210.6799926757812,4789.0,0.0,0.0,
2017-03-23,210.4499969482422,211.4499969482422,210.2899932861328,211.4499969482422,51355.0,0.0,0.0,
2017-03-24,211.3999938964844,215.6999969482422,211.3999938964844,214.9900054931641,1470762.0,0.0,0.0,
2017-03-27,214.9799957275391,214.9799957275391,213.5,213.8699951171875,797.0,0.0,0.0,
2017-03-28,215.6000061035156,215.6000061035156,214.1199951171875,215.2700042724609,831.0,0.0,0.0,
2017-03-29,215.1199951171875,216.3600006103516,214.8600006103516,216.1000061035156,120140.0,0.0,0.0,
2017-03-30,216.5099945068359,234.8500061035156,216.2599945068359,225.7700042724609,925335.0,0.0,0.0,
2017-03-31,221.3000030517578,221.3000030517578,217.0,217.8399963378906,3636.0,0.0,0.0,
2017-04-03,217.9499969482422,218.0200042724609,216.0,216.8200073242188,165665.0,0.0,0.0,
2017-04-05,217.0,219.7400054931641,217.0,219.6799926757812,7062.0,0.0,0.0,
2017-04-06,218.4900054931641,220.5,218.4900054931641,220.0500030517578,60950.0,0.0,0.0,
2017-04-07,218.0200042724609,219.9499969482422,217.9700012207031,218.0,186088.0,0.0,0.0,
2017-04-10,218.0,218.9900054931641,217.2799987792969,218.3600006103516,7885.0,0.0,0.0,
2017-04-11,219.1699981689453,221.5,218.75,221.3399963378906,1250523.0,0.0,0.0,
2017-04-12,221.4799957275391,221.5800018310547,218.25,219.8300018310547,686.0,0.0,0.0,
2017-04-13,221.3600006103516,221.3699951171875,220.1000061035156,220.5,251.0,0.0,0.0,
2017-04-17,220.3999938964844,221.2299957275391,219.3800048828125,220.0,2240.0,0.0,0.0,
2017-04-18,222.0,222.5700073242188,219.8999938964844,219.8999938964844,5708.0,0.0,0.0,
2017-04-19,220.0,220.0,218.75,218.75,11505.0,0.0,0.0,
2017-04-20,218.1399993896484,220.1399993896484,217.4600067138672,218.8999938964844,4631.0,0.0,0.0,
2017-04-21,219.6499938964844,219.6999969482422,217.5700073242188,218.1799926757812,31110.0,0.0,0.0,
2017-04-24,219.3399963378906,222.6900024414062,219.3399963378906,222.0599975585938,83597.0,0.0,0.0,
2017-04-25,222.8500061035156,223.1799926757812,222.6900024414062,223.0700073242188,759.0,0.0,0.0,
2017-04-26,224.9199981689453,226.4499969482422,223.9199981689453,225.5,15655.0,0.0,0.0,
2017-04-27,225.25,227.3600006103516,224.4199981689453,226.7200012207031,17761.0,0.0,0.0,
2017-04-28,226.6000061035156,227.5399932861328,225.0500030517578,226.7100067138672,71561.0,0.0,0.0,
2017-05-02,228.0700073242188,228.3200073242188,225.5,226.7100067138672,55719.0,0.0,0.0,
2017-05-03,226.8000030517578,227.1799926757812,225.8000030517578,226.3600006103516,14482.0,0.0,0.0,
2017-05-04,228.0,230.4199981689453,227.3999938964844,230.1000061035156,15524.0,0.0,0.0,
2017-05-05,230.0,230.6300048828125,228.0299987792969,228.0800018310547,11530.0,0.0,0.0,
2017-05-08,230.0,230.7299957275391,230.0,230.2799987792969,1406.0,0.0,0.0,
2017-05-09,230.0,230.5899963378906,229.5,230.0,14089.0,0.0,0.0,
2017-05-10,231.0,231.6199951171875,230.0,230.9400024414062,27474.0,0.0,0.0,
2017-05-11,231.9400024414062,232.1799926757812,230.1999969482422,231.0,39278.0,0.0,0.0,
2017-05-12,231.5500030517578,231.5500030517578,229.5299987792969,229.7599945068359,7093.0,0.0,0.0,
2017-05-15,230.9900054931641,231.4600067138672,230.0899963378906,230.6199951171875,5113.0,0.0,0.0,
2017-05-16,231.3399963378906,232.2700042724609,230.3099975585938,232.2400054931641,76681.0,0.0,0.0,
2017-05-17,231.9400024414062,232.5299987792969,231.5099945068359,232.5099945068359,276.0,0.0,0.0,
2017-05-18,231.1100006103516,232.1699981689453,230.4499969482422,230.6999969482422,4187.0,0.0,0.0,
2017-05-19,231.3999938964844,232.1799926757812,229.3500061035156,230.5800018310547,12819.0,0.0,0.0,
2017-05-22,232.6000061035156,232.6000061035156,229.2100067138672,229.5899963378906,99708.0,0.0,0.0,
2017-05-23,229.0200042724609,229.6999969482422,227.6999969482422,228.5800018310547,38148.0,0.0,0.0,
2017-05-24,229.0800018310547,230.1699981689453,227.5500030517578,227.7200012207031,9350.0,0.0,0.0,
2017-05-25,229.5099945068359,235.0,229.0,233.5700073242188,10673.0,0.0,0.0,
2017-05-26,235.3600006103516,236.4600067138672,232.5500030517578,236.4600067138672,141563.0,0.0,0.0,
2017-05-29,237.0,237.5,236.25,236.25,28954.0,0.0,0.0,
2017-05-30,236.1999969482422,237.5800018310547,235.5,236.2400054931641,9270.0,0.0,0.0,
2017-05-31,236.8600006103516,237.3500061035156,235.8000030517578,237.2899932861328,41683.0,0.0,0.0,
2017-06-01,236.8899993896484,237.8000030517578,236.25,236.5299987792969,2554.0,0.0,0.0,
2017-06-02,238.5,238.5700073242188,236.4600067138672,236.4600067138672,360.0,0.0,0.0,
2017-06-05,236.2400054931641,237.8699951171875,236.0,237.6999969482422,10550.0,0.0,0.0,
2017-06-06,237.5099945068359,237.7899932861328,237.1000061035156,237.5,1485.0,0.0,0.0,
2017-06-07,238.0,239.0,238.0,239.0,351.0,0.0,0.0,
2017-06-08,239.6199951171875,239.9100036621094,238.8200073242188,239.5700073242188,272890.0,0.0,0.0,
2017-06-09,239.8699951171875,241.6300048828125,238.1600036621094,241.4199981689453,2268356.0,0.0,0.0,
2017-06-12,240.3200073242188,240.3200073242188,238.75,239.2400054931641,438.0,0.0,0.0,
2017-06-13,239.7100067138672,240.0700073242188,238.8800048828125,238.8800048828125,7925.0,0.0,0.0,
2017-06-14,239.1000061035156,239.1000061035156,237.3200073242188,239.0,239.0,0.0,0.0,
2017-06-15,238.8899993896484,239.8999938964844,237.1999969482422,239.4900054931641,2950.0,0.0,0.0,
2017-06-16,238.1300048828125,239.0,238.0599975585938,238.9100036621094,164319.0,0.0,0.0,
2017-06-19,239.8200073242188,241.25,238.8000030517578,240.3500061035156,2225.0,0.0,0.0,
2017-06-20,241.5,241.7100067138672,240.0,241.4499969482422,133.0,0.0,0.0,
2017-06-21,239.4100036621094,241.1900024414062,239.4100036621094,240.0299987792969,13584.0,0.0,0.0,
2017-06-22,242.2299957275391,243.3699951171875,240.0,240.9499969482422,13398.0,0.0,0.0,
2017-06-23,240.2599945068359,240.8899993896484,238.5299987792969,238.5299987792969,11704.0,0.0,0.0,
2017-06-27,239.0099945068359,239.3899993896484,234.3099975585938,236.1999969482422,29631.0,0.0,0.0,
2017-06-28,236.3099975585938,237.5299987792969,235.0099945068359,236.0,24573.0,0.0,0.0,
2017-06-29,237.6199951171875,238.3300018310547,235.1900024414062,237.0,18264.0,0.0,0.0,
2017-06-30,234.6000061035156,237.2200012207031,234.2100067138672,236.0800018310547,14227.0,0.0,0.0,
2017-07-03,236.0,237.8300018310547,235.3999938964844,236.5099945068359,8163.0,0.0,0.0,
2017-07-04,236.6399993896484,237.5,236.0,236.75,23916.0,0.0,0.0,
2017-07-05,236.5500030517578,238.5399932861328,235.9600067138672,237.8200073242188,691.0,0.0,0.0,
2017-07-06,238.1300048828125,240.4299926757812,238.1300048828125,240.0899963378906,85781.0,0.0,0.0,
2017-07-07,239.8300018310547,239.8300018310547,238.4100036621094,238.7899932861328,419.0,0.0,0.0,
2017-07-10,238.5,242.8999938964844,238.5,241.0,301.0,0.0,0.0,
2017-07-11,241.0,242.5,240.8000030517578,241.9799957275391,21851.0,0.0,0.0,
2017-07-12,241.7200012207031,243.0700073242188,240.3999938964844,242.7100067138672,91720.0,0.0,0.0,
2017-07-13,244.2100067138672,244.6100006103516,242.9900054931641,244.0500030517578,23368.0,0.0,0.0,
2017-07-14,244.1799926757812,245.1000061035156,241.9499969482422,245.0700073242188,152851.0,0.0,0.0,
2017-07-17,245.5399932861328,245.6100006103516,244.0,244.4199981689453,627293.0,0.0,0.0,
2017-07-18,244.5399932861328,245.9199981689453,244.2299957275391,244.3000030517578,1149.0,0.0,0.0,
2017-07-19,245.6999969482422,246.25,245.3300018310547,246.25,18344.0,0.0,0.0,
2017-07-20,246.0,248.0800018310547,246.0,247.9900054931641,117445.0,0.0,0.0,
2017-07-21,247.7299957275391,248.1199951171875,246.5,248.0,1312.0,0.0,0.0,
2017-07-24,248.1999969482422,249.5500030517578,248.1999969482422,248.9499969482422,8707.0,0.0,0.0,
2017-07-25,250.75,254.0,249.6900024414062,249.9799957275391,7914.0,0.0,0.0,
2017-07-26,249.75,252.5899963378906,249.75,251.5200042724609,274.0,0.0,0.0,
2017-07-27,254.5,255.3899993896484,252.0,254.8399963378906,4936.0,0.0,0.0,
2017-07-28,253.8899993896484,254.4100036621094,252.7100067138672,253.8899993896484,680.0,0.0,0.0,
2017-07-31,254.4299926757812,255.9299926757812,253.5200042724609,255.0,381.0,0.0,0.0,
2017-08-01,256.6499938964844,256.8099975585938,255.5500030517578,256.4299926757812,849.0,0.0,0.0,
2017-08-02,256.7900085449219,257.3599853515625,255.7700042724609,256.0700073242188,8559.0,0.0,0.0,
2017-08-03,254.4600067138672,254.4600067138672,252.8699951171875,253.1000061035156,17058.0,0.0,0.0,
2017-08-04,252.0,254.7799987792969,252.0,254.5299987792969,8445.0,0.0,0.0,
2017-08-07,254.3999938964844,255.3500061035156,253.5599975585938,254.2200012207031,19761.0,0.0,0.0,
2017-08-08,253.0599975585938,253.0599975585938,250.4600067138672,251.0800018310547,24519.0,0.0,0.0,
2017-08-09,250.0,251.0,249.1000061035156,249.9400024414062,13703.0,0.0,0.0,
2017-08-10,249.1000061035156,249.1000061035156,246.3999938964844,247.6199951171875,8045.0,0.0,0.0,
2017-08-11,245.2700042724609,246.7599945068359,244.5,244.6300048828125,9284.0,0.0,0.0,
2017-08-14,245.6600036621094,247.3999938964844,245.6600036621094,247.0,48295.0,0.0,0.0,
2017-08-16,246.0,250.2299957275391,245.1999969482422,250.1399993896484,225792.0,0.0,0.0,
2017-08-17,250.0,250.0399932861328,245.1000061035156,248.2200012207031,460.0,0.0,0.0,
2017-08-18,245.3899993896484,246.9299926757812,244.8800048828125,246.6999969482422,100138.0,0.0,0.0,
2017-08-21,247.0099945068359,248.2799987792969,245.0200042724609,245.9900054931641,88520.0,0.0,0.0,
2017-08-22,246.0,247.0599975585938,244.0,245.8699951171875,47448.0,0.0,0.0,
2017-08-23,246.5,249.2299957275391,246.0099945068359,247.7299957275391,4628.0,0.0,0.0,
2017-08-24,248.0700073242188,249.0,232.8999938964844,248.3000030517578,9902.0,0.0,0.0,
2017-08-28,249.0,249.4499969482422,248.3200073242188,249.1600036621094,4654.0,0.0,0.0,
2017-08-29,248.0299987792969,248.3399963378906,246.4700012207031,246.5700073242188,32457.0,0.0,0.0,
2017-08-30,248.5099945068359,249.2599945068359,247.0,247.6499938964844,8219.0,0.0,0.0,
2017-08-31,247.6499938964844,248.5099945068359,247.2899932861328,248.3999938964844,17369.0,0.0,0.0,
2017-09-01,248.3999938964844,250.2100067138672,248.1100006103516,248.5299987792969,21365.0,0.0,0.0,
2017-09-04,248.0299987792969,248.4100036621094,246.1600036621094,246.6900024414062,16312.0,0.0,0.0,
2017-09-05,246.8999938964844,248.6100006103516,246.8899993896484,247.5899963378906,4867.0,0.0,0.0,
2017-09-06,246.3500061035156,248.5,246.1999969482422,247.8399963378906,16108.0,0.0,0.0,
2017-09-07,249.6000061035156,249.7200012207031,247.2200012207031,247.8899993896484,12247.0,0.0,0.0,
2017-09-08,248.6000061035156,248.6199951171875,247.2799987792969,248.0,9519.0,0.0,0.0,
2017-09-11,249.8399963378906,252.7100067138672,248.6199951171875,252.4600067138672,169430.0,0.0,0.0,
2017-09-12,252.0,252.9199981689453,251.3899993896484,252.8600006103516,113280.0,0.0,0.0,
2017-09-13,253.6699981689453,254.0399932861328,252.3300018310547,252.3300018310547,43402.0,0.0,0.0,
2017-09-14,253.0700073242188,256.4700012207031,253.0,254.2299957275391,20853.0,0.0,0.0,
2017-09-15,254.1000061035156,254.1000061035156,252.5500030517578,252.9700012207031,84756.0,0.0,0.0,
2017-09-18,254.0899963378906,258.0,254.0899963378906,254.6300048828125,5717.0,0.0,0.0,
2017-09-19,255.0,255.5099945068359,254.4700012207031,255.5099945068359,12815.0,0.0,0.0,
2017-09-20,255.1300048828125,255.3000030517578,250.3999938964844,254.1499938964844,4587.0,0.0,0.0,
2017-09-21,253.7400054931641,253.7400054931641,252.2200012207031,253.2899932861328,8018.0,0.0,0.0,
2017-09-22,249.7799987792969,251.2899932861328,248.2400054931641,248.8800048828125,12901.0,0.0,0.0,
2017-09-25,247.3300018310547,247.5,245.3600006103516,246.9900054931641,378359.0,0.0,0.0,
2017-09-26,246.5299987792969,248.1300048828125,245.8699951171875,246.2400054931641,2990.0,0.0,0.0,
2017-09-27,248.0,248.0,243.8500061035156,245.2200012207031,86870.0,0.0,0.0,
2017-09-28,243.6199951171875,249.8000030517578,241.6000061035156,245.9799957275391,189102.0,0.0,0.0,
2017-09-29,246.75,250.5800018310547,245.5,245.9600067138672,43600.0,0.0,0.0,
2017-10-03,247.0700073242188,247.8500061035156,245.0,246.5899963378906,14872.0,0.0,0.0,
2017-10-04,246.5800018310547,247.3500061035156,245.5899963378906,246.5099945068359,4536.0,0.0,0.0,
2017-10-05,246.0,247.5700073242188,245.3000030517578,246.3800048828125,555.0,0.0,0.0,
2017-10-06,250.0,250.0,246.3800048828125,247.4900054931641,241269.0,0.0,0.0,
2017-10-09,247.9700012207031,248.9499969482422,247.9600067138672,248.5200042724609,5370.0,0.0,0.0,
2017-10-10,248.8899993896484,248.9799957275391,247.5,248.1499938964844,45181.0,0.0,0.0,
2017-10-11,249.0,249.3099975585938,244.75,245.2599945068359,20624.0,0.0,0.0,
2017-10-12,246.0,249.7599945068359,242.8000030517578,249.4700012207031,78197.0,0.0,0.0,
2017-10-13,249.3699951171875,252.2799987792969,248.9799957275391,251.3300018310547,33498.0,0.0,0.0,
2017-10-16,252.7700042724609,252.9100036621094,251.0,251.8000030517578,7096.0,0.0,0.0,
2017-10-17,251.8000030517578,253.1999969482422,249.8300018310547,250.6799926757812,12692.0,0.0,0.0,
2017-10-18,249.0899963378906,249.7400054931641,247.3399963378906,248.8399963378906,13370.0,0.0,0.0,
2017-10-19,248.3999938964844,248.3999938964844,244.25,245.3800048828125,4678.0,0.0,0.0,
2017-10-23,245.0,246.6799926757812,244.4100036621094,246.0899963378906,8139.0,0.0,0.0,
2017-10-24,246.0,247.8300018310547,245.7299957275391,246.6600036621094,1085.0,0.0,0.0,
2017-10-25,253.3000030517578,255.9199981689453,250.9100036621094,255.5200042724609,9615.0,0.0,0.0,
2017-10-26,256.0,256.0,253.7100067138672,255.5,15237.0,0.0,0.0,
2017-10-27,254.5,255.25,254.25,254.4600067138672,268.0,0.0,0.0,
2017-10-30,255.5099945068359,256.5,254.4700012207031,256.5,56020.0,0.0,0.0,
2017-10-31,255.0,256.3999938964844,255.0,256.0,15074.0,0.0,0.0,
2017-11-01,258.8399963378906,271.3999938964844,257.6600036621094,259.1400146484375,151222.0,0.0,0.0,
2017-11-02,259.0,260.1400146484375,258.7799987792969,258.8200073242188,44137.0,0.0,0.0,
2017-11-03,258.8200073242188,263.0,258.4800109863281,262.5499877929688,12378.0,0.0,0.0,
2017-11-06,262.0299987792969,262.8299865722656,260.1799926757812,261.8099975585938,20047.0,0.0,0.0,
2017-11-07,262.4500122070312,262.4500122070312,258.3999938964844,259.3900146484375,224276.0,0.0,0.0,
2017-11-08,259.7999877929688,259.7999877929688,256.8200073242188,256.8200073242188,1836.0,0.0,0.0,
2017-11-09,258.3200073242188,260.0,257.0,258.2999877929688,887.0,0.0,0.0,
2017-11-10,259.1300048828125,260.9299926757812,259.1300048828125,260.010009765625,4653.0,0.0,0.0,
2017-11-13,260.2999877929688,261.6600036621094,258.4299926757812,258.4599914550781,1614.0,0.0,0.0,
2017-11-14,258.0,260.1000061035156,257.5,257.6000061035156,24341.0,0.0,0.0,
2017-11-15,257.5,258.739990234375,256.3599853515625,257.7999877929688,627.0,0.0,0.0,
2017-11-16,257.7999877929688,260.7999877929688,257.5,260.0199890136719,87732.0,0.0,0.0,
2017-11-17,263.6000061035156,265.2300109863281,262.75,263.7099914550781,5646.0,0.0,0.0,
2017-11-20,262.2000122070312,263.9100036621094,262.0499877929688,263.5899963378906,360.0,0.0,0.0,
2017-11-21,263.0599975585938,264.3999938964844,262.7099914550781,263.3599853515625,4685.0,0.0,0.0,
2017-11-22,263.5899963378906,263.5899963378906,261.1700134277344,263.2200012207031,1103.0,0.0,0.0,
2017-11-23,263.2200012207031,263.7799987792969,260.739990234375,261.7099914550781,215329.0,0.0,0.0,
2017-11-24,262.989990234375,263.7999877929688,262.1700134277344,263.7999877929688,3929.0,0.0,0.0,
2017-11-27,262.3800048828125,263.75,261.4599914550781,263.2799987792969,6502.0,0.0,0.0,
2017-11-28,264.0,264.0899963378906,262.5,263.2000122070312,96542.0,0.0,0.0,
2017-11-29,263.2200012207031,264.3999938964844,262.1700134277344,263.0599975585938,24210.0,0.0,0.0,
2017-11-30,261.5,261.5899963378906,259.5499877929688,260.5,81202.0,0.0,0.0,
2017-12-01,260.5,260.5,256.0,256.1199951171875,43083.0,0.0,0.0,
2017-12-04,256.010009765625,257.1600036621094,254.4199981689453,255.7899932861328,14769.0,0.0,0.0,
2017-12-05,255.1999969482422,257.5599975585938,254.0,257.3599853515625,49514.0,0.0,0.0,
2017-12-06,256.75,259.8200073242188,254.3000030517578,254.8899993896484,261647.0,0.0,0.0,
2017-12-07,255.5800018310547,257.2300109863281,255.1000061035156,255.6000061035156,11782.0,0.0,0.0,
2017-12-08,258.0,259.0,256.510009765625,257.2900085449219,36699.0,0.0,0.0,
2017-12-11,259.0400085449219,259.8999938964844,258.25,258.3399963378906,4199.0,0.0,0.0,
2017-12-12,258.1499938964844,258.1499938964844,256.0599975585938,256.5,16600.0,0.0,0.0,
2017-12-13,255.75,257.9400024414062,254.75,255.4700012207031,9117.0,0.0,0.0,
2017-12-14,255.7400054931641,257.0,253.4499969482422,256.4100036621094,12785.0,0.0,0.0,
2017-12-15,259.5,261.3200073242188,258.8999938964844,260.6799926757812,192530.0,0.0,0.0,
2017-12-18,255.5,263.1400146484375,252.8999938964844,261.6900024414062,896.0,0.0,0.0,
2017-12-19,261.6499938964844,262.2099914550781,260.0,261.1600036621094,60628.0,0.0,0.0,
2017-12-20,260.8900146484375,265.0,260.8900146484375,262.5400085449219,137035.0,0.0,0.0,
2017-12-21,261.0,262.5,260.5,260.8699951171875,259.0,0.0,0.0,
2017-12-22,260.4500122070312,263.0499877929688,260.4500122070312,262.5400085449219,1390.0,0.0,0.0,
2017-12-26,261.6600036621094,261.9599914550781,260.1000061035156,260.4700012207031,997.0,0.0,0.0,
2017-12-27,260.0,262.9299926757812,259.8999938964844,259.9599914550781,4607.0,0.0,0.0,
2017-12-28,260.6799926757812,260.7300109863281,259.0,259.0199890136719,4669.0,0.0,0.0,
2017-12-29,260.0,260.3200073242188,259.25,260.0,186.0,0.0,0.0,
2018-01-01,260.0,265.0,259.75,259.9400024414062,577.0,0.0,0.0,
2018-01-02,259.75,259.75,257.6000061035156,258.0,1507.0,0.0,0.0,
2018-01-03,259.0,275.0,259.0,262.75,41931.0,0.0,0.0,
2018-01-04,259.3500061035156,261.0,258.0,261.0,46336.0,0.0,0.0,
2018-01-05,259.8699951171875,266.2000122070312,259.8699951171875,263.3099975585938,45782.0,0.0,0.0,
2018-01-08,263.1499938964844,263.3099975585938,262.010009765625,263.010009765625,3979.0,0.0,0.0,
2018-01-09,262.5,263.0199890136719,262.2000122070312,262.6799926757812,1312.0,0.0,0.0,
2018-01-10,262.6799926757812,262.6799926757812,260.3099975585938,260.6199951171875,71870.0,0.0,0.0,
2018-01-11,261.2999877929688,262.2799987792969,261.2999877929688,262.2300109863281,1812.0,0.0,0.0,
2018-01-12,262.5,262.8699951171875,261.0,262.489990234375,4491.0,0.0,0.0,
2018-01-15,263.8099975585938,265.5199890136719,263.25,264.7999877929688,1352.0,0.0,0.0,
2018-01-16,266.0,266.0,264.2300109863281,264.25,615.0,0.0,0.0,
2018-01-17,265.0,268.5400085449219,265.0,268.3800048828125,1338.0,0.0,0.0,
2018-01-18,268.5,273.0,268.5,270.1000061035156,1193.0,0.0,0.0,
2018-01-19,270.7000122070312,274.0,269.1900024414062,273.2799987792969,12039.0,0.0,0.0,
2018-01-22,273.75,275.6799926757812,273.0899963378906,274.010009765625,14026.0,0.0,0.0,
2018-01-23,275.6499938964844,278.75,274.5599975585938,278.6700134277344,53167.0,0.0,0.0,
2018-01-24,278.3399963378906,280.0,277.0,277.9100036621094,91753.0,0.0,0.0,
2018-01-25,278.3200073242188,279.5,276.2699890136719,278.0899963378906,15104.0,0.0,0.0,
2018-01-29,279.8800048828125,281.0700073242188,279.0,279.75,92357.0,0.0,0.0,
2018-01-30,309.1000061035156,309.1000061035156,274.2000122070312,277.739990234375,3461.0,0.0,0.0,
2018-01-31,279.5,280.8099975585938,277.2000122070312,279.0700073242188,88947.0,0.0,0.0,
2018-02-01,280.5,280.8999938964844,276.0,276.510009765625,1373.0,0.0,0.0,
2018-02-02,274.9599914550781,274.9599914550781,268.3800048828125,269.9700012207031,164158.0,0.0,0.0,
2018-02-05,264.6000061035156,268.4800109863281,264.5199890136719,267.7799987792969,142989.0,0.0,0.0,
2018-02-06,260.0,268.5,255.5099945068359,266.239990234375,114736.0,0.0,0.0,
2018-02-07,265.4299926757812,265.4299926757812,261.7699890136719,263.6400146484375,57521.0,0.0,0.0,
2018-02-08,261.3099975585938,269.739990234375,261.3099975585938,264.989990234375,87166.0,0.0,0.0,
2018-02-09,260.9299926757812,261.5,259.4299926757812,260.6300048828125,51292.0,0.0,0.0,
2018-02-12,262.4800109863281,263.9299926757812,261.0,263.3299865722656,64695.0,0.0,0.0,
2018-02-14,263.2999877929688,263.4299926757812,257.0,257.4700012207031,162803.0,0.0,0.0,
2018-02-15,258.0,260.239990234375,257.5,257.8800048828125,29584.0,0.0,0.0,
2018-02-16,252.6999969482422,260.8999938964844,247.6000061035156,256.0700073242188,7922.0,0.0,0.0,
2018-02-19,256.8200073242188,257.1400146484375,252.9900054931641,255.6699981689453,5648.0,0.0,0.0,
2018-02-20,255.6499938964844,257.0,253.6999969482422,253.9199981689453,16395.0,0.0,0.0,
2018-02-21,254.6999969482422,254.6999969482422,252.0,253.1699981689453,21449.0,0.0,0.0,
2018-02-22,253.3300018310547,254.2100067138672,252.5,253.6600036621094,629.0,0.0,0.0,
2018-02-23,255.0,258.75,255.0,257.75,19514.0,0.0,0.0,
2018-02-26,257.0,262.1900024414062,257.0,261.760009765625,16155.0,0.0,0.0,
2018-02-27,262.0,262.239990234375,259.0,259.7000122070312,60592.0,0.0,0.0,
2018-02-28,258.0,258.0,254.5,255.8999938964844,1630.0,0.0,0.0,
2018-03-01,256.3599853515625,257.510009765625,253.3300018310547,253.7899932861328,705.0,0.0,0.0,
2018-03-05,253.0,254.4400024414062,252.1900024414062,253.9400024414062,9191.0,0.0,0.0,
2018-03-06,255.0099945068359,256.1799926757812,250.0,250.2700042724609,85653.0,0.0,0.0,
2018-03-07,251.0,251.0,245.8000030517578,246.1999969482422,3066.0,0.0,0.0,
2018-03-08,248.5,250.6300048828125,246.0,249.6100006103516,12636.0,0.0,0.0,
2018-03-09,251.0500030517578,251.0500030517578,247.0,247.0899963378906,879486.0,0.0,0.0,
2018-03-12,248.0,251.9799957275391,247.9900054931641,251.0899963378906,126458.0,0.0,0.0,
2018-03-13,251.3899993896484,255.5099945068359,251.25,252.3999938964844,106402.0,0.0,0.0,
2018-03-14,251.8699951171875,253.9199981689453,250.0,252.5,111579.0,0.0,0.0,
2018-03-15,253.0,254.0,252.0,253.4600067138672,136.0,0.0,0.0,
2018-03-16,251.8399963378906,252.1999969482422,249.1300048828125,249.5,167221.0,0.0,0.0,
2018-03-19,249.8500061035156,249.8500061035156,246.5,246.5700073242188,31934.0,0.0,0.0,
2018-03-20,246.0,249.5500030517578,245.5,245.9199981689453,3371.0,0.0,0.0,
2018-03-21,247.1000061035156,249.1900024414062,245.8999938964844,246.8300018310547,908.0,0.0,0.0,
2018-03-22,246.7599945068359,248.8000030517578,245.5,245.6000061035156,104419.0,0.0,0.0,
2018-03-23,242.0,242.7100067138672,239.0,242.0500030517578,3509.0,0.0,0.0,
2018-03-26,242.0500030517578,248.3999938964844,241.0,247.8200073242188,103246.0,0.0,0.0,
2018-03-27,249.5099945068359,250.2400054931641,247.8200073242188,248.8800048828125,1485.0,0.0,0.0,
2018-03-28,249.0,251.4600067138672,246.1000061035156,247.7299957275391,21040.0,0.0,0.0,
2018-04-02,273.7000122070312,273.7000122070312,246.0099945068359,248.7400054931641,366866.0,0.0,0.0,
2018-04-03,248.3099975585938,251.25,248.3099975585938,250.5299987792969,145055.0,0.0,0.0,
2018-04-04,250.5,251.2200012207031,246.1999969482422,246.6900024414062,45556.0,0.0,0.0,
2018-04-05,250.1100006103516,253.1600036621094,249.1499938964844,252.3200073242188,943.0,0.0,0.0,
2018-04-06,251.3399963378906,254.2799987792969,251.0,253.6300048828125,1391.0,0.0,0.0,
2018-04-09,254.0,256.3699951171875,254.0,255.6999969482422,1747.0,0.0,0.0,
2018-04-10,256.8999938964844,257.2000122070312,255.25,255.9199981689453,157432.0,0.0,0.0,
2018-04-11,255.9600067138672,255.9700012207031,253.9400024414062,255.4199981689453,15445.0,0.0,0.0,
2018-04-12,255.5,257.5700073242188,254.1999969482422,256.9500122070312,15044.0,0.0,0.0,
2018-04-13,258.6499938964844,258.7000122070312,256.5400085449219,257.7799987792969,61979.0,0.0,0.0,
2018-04-16,255.2700042724609,260.0,255.2700042724609,259.0400085449219,5100.0,0.0,0.0,
2018-04-17,258.9700012207031,259.3999938964844,258.3500061035156,259.2000122070312,5443.0,0.0,0.0,
2018-04-18,258.0,259.2999877929688,255.0500030517578,256.5599975585938,63108.0,0.0,0.0,
2018-04-19,256.8999938964844,257.0199890136719,255.3000030517578,256.1099853515625,14394.0,0.0,0.0,
2018-04-20,254.0299987792969,255.6799926757812,252.6799926757812,254.3600006103516,587389.0,0.0,0.0,
2018-04-23,252.9900054931641,264.5,251.3999938964844,254.4700012207031,7077.0,0.0,0.0,
2018-04-24,255.0,256.0,253.5,254.5299987792969,16750.0,0.0,0.0,
2018-04-25,254.5099945068359,254.5099945068359,252.0,252.7400054931641,1236.0,0.0,0.0,
2018-04-26,252.7200012207031,255.1300048828125,251.7400054931641,254.8500061035156,2609.0,0.0,0.0,
2018-04-27,255.6499938964844,258.5,255.6499938964844,258.5,1218.0,0.0,0.0,
2018-04-30,259.7000122070312,261.260009765625,259.7000122070312,260.5,2343.0,0.0,0.0,
2018-05-02,260.1499938964844,262.4299926757812,260.0199890136719,261.1300048828125,54024.0,0.0,0.0,
2018-05-03,261.0499877929688,262.5,259.3699951171875,261.7699890136719,6978.0,0.0,0.0,
2018-05-04,261.5,262.0,261.0799865722656,261.7799987792969,231.0,0.0,0.0,
2018-05-07,262.2300109863281,264.0400085449219,262.2300109863281,263.7000122070312,4989.0,0.0,0.0,
2018-05-08,265.0,266.4400024414062,264.4700012207031,265.7799987792969,1269.0,0.0,0.0,
2018-05-09,264.3399963378906,266.25,264.3399963378906,266.2000122070312,275873.0,0.0,0.0,
2018-05-10,266.7900085449219,266.7900085449219,264.6499938964844,265.510009765625,48563.0,0.0,0.0,
2018-05-11,265.0,268.510009765625,265.0,268.010009765625,36692.0,0.0,0.0,
2018-05-14,269.0,270.1499938964844,264.0,269.5,2716.0,0.0,0.0,
2018-05-15,269.5,274.4500122070312,269.0599975585938,269.0599975585938,3464.0,0.0,0.0,
2018-05-16,268.8399963378906,268.8900146484375,266.2000122070312,267.25,1009.0,0.0,0.0,
2018-05-17,267.5700073242188,267.5700073242188,265.4299926757812,265.9299926757812,10242.0,0.0,0.0,
2018-05-18,265.1000061035156,265.3099975585938,262.7000122070312,263.0499877929688,1566.0,0.0,0.0,
2018-05-21,265.1099853515625,265.1099853515625,261.2099914550781,262.3500061035156,718.0,0.0,0.0,
2018-05-22,263.5,264.7200012207031,261.6000061035156,263.7999877929688,9247.0,0.0,0.0,
2018-05-23,263.5299987792969,263.760009765625,260.2200012207031,261.3900146484375,23805.0,0.0,0.0,
2018-05-24,262.760009765625,264.8500061035156,261.5,264.6499938964844,1300.0,0.0,0.0,
2018-05-25,266.0,268.1700134277344,265.4700012207031,267.9400024414062,10419.0,0.0,0.0,
2018-05-28,269.1099853515625,271.0,268.6000061035156,270.0799865722656,30250.0,0.0,0.0,
2018-05-29,269.3299865722656,269.5,266.0899963378906,267.3500061035156,32614.0,0.0,0.0,
2018-05-30,265.4100036621094,267.75,262.0,266.6499938964844,33125.0,0.0,0.0,
2018-05-31,270.1000061035156,273.3900146484375,267.510009765625,271.7900085449219,46240.0,0.0,0.0,
2018-06-01,271.75,274.5400085449219,270.6799926757812,272.75,103620.0,0.0,0.0,
2018-06-04,272.0,274.0,265.9400024414062,266.989990234375,6449.0,0.0,0.0,
2018-06-05,267.8999938964844,268.3500061035156,266.0,267.8900146484375,13623.0,0.0,0.0,
2018-06-06,267.8999938964844,269.489990234375,266.2000122070312,268.5299987792969,74313.0,0.0,0.0,
2018-06-07,269.9500122070312,272.6000061035156,269.3500061035156,270.1499938964844,9999.0,0.0,0.0,
2018-06-08,268.3099975585938,270.1499938964844,267.7999877929688,269.0499877929688,15103.0,0.0,0.0,
2018-06-11,271.1400146484375,273.0,269.3599853515625,271.3099975585938,40571.0,0.0,0.0,
2018-06-12,271.0,272.1000061035156,269.4200134277344,270.6799926757812,870.0,0.0,0.0,
2018-06-13,271.4599914550781,272.8599853515625,270.9100036621094,271.1099853515625,9978.0,0.0,0.0,
2018-06-14,272.2300109863281,272.3399963378906,270.3900146484375,271.489990234375,347.0,0.0,0.0,
2018-06-15,271.9400024414062,272.3099975585938,269.5,269.5,430.0,0.0,0.0,
2018-06-18,269.5,270.8699951171875,268.6300048828125,270.6700134277344,2927.0,0.0,0.0,
2018-06-19,270.0,270.0,268.0,268.2799987792969,772.0,0.0,0.0,
2018-06-20,270.3200073242188,271.239990234375,268.0,270.1300048828125,31983.0,0.0,0.0,
2018-06-21,271.7999877929688,271.7999877929688,270.0,270.0,2363.0,0.0,0.0,
2018-06-22,269.4700012207031,272.7999877929688,267.9400024414062,272.5599975585938,25285.0,0.0,0.0,
2018-06-25,269.5,273.0,252.1000061035156,271.489990234375,14922.0,0.0,0.0,
2018-06-26,270.5,274.0,269.3999938964844,270.7999877929688,1400.0,0.0,0.0,
2018-06-27,271.1600036621094,271.75,269.0599975585938,270.5,111734.0,0.0,0.0,
2018-06-28,270.0,270.8599853515625,267.5,268.9100036621094,4796.0,0.0,0.0,
2018-06-29,270.1499938964844,270.8500061035156,268.4500122070312,268.8599853515625,1026359.0,0.0,0.0,
2018-07-02,268.6700134277344,268.7099914550781,265.5,266.9500122070312,46880.0,0.0,0.0,
2018-07-03,266.9400024414062,268.5,266.9400024414062,268.260009765625,641.0,0.0,0.0,
2018-07-04,267.7999877929688,270.5899963378906,267.7699890136719,269.0199890136719,3801.0,0.0,0.0,
2018-07-05,269.2300109863281,271.3500061035156,269.2300109863281,269.4100036621094,18819.0,0.0,0.0,
2018-07-06,270.0,271.989990234375,269.5,269.5,11386.0,0.0,0.0,
2018-07-09,269.0,272.9500122070312,269.0,271.8399963378906,5981.0,0.0,0.0,
2018-07-10,272.7699890136719,275.0,272.7699890136719,273.6600036621094,6217.0,0.0,0.0,
2018-07-11,274.0,274.6000061035156,272.5700073242188,272.8900146484375,1980.0,0.0,0.0,
2018-07-12,274.2999877929688,277.6099853515625,274.2999877929688,275.0799865722656,5357.0,0.0,0.0,
2018-07-13,276.4500122070312,276.4500122070312,274.0899963378906,274.3699951171875,1392.0,0.0,0.0,
2018-07-16,274.5,275.0,272.010009765625,273.0299987792969,2212.0,0.0,0.0,
2018-07-17,273.8500061035156,275.7200012207031,272.4500122070312,275.2000122070312,106839.0,0.0,0.0,
2018-07-18,277.0199890136719,277.2999877929688,273.989990234375,274.3699951171875,4336.0,0.0,0.0,
2018-07-19,274.2099914550781,276.5799865722656,273.0,273.9400024414062,26284.0,0.0,0.0,
2018-07-20,273.6700134277344,274.7300109863281,272.8999938964844,274.0,767.0,0.0,0.0,
2018-07-23,274.0,275.0,272.0,275.0,1341.0,0.0,0.0,
2018-07-24,275.5599975585938,277.1199951171875,273.7200012207031,276.9299926757812,30413.0,0.0,0.0,
2018-07-25,276.8999938964844,277.0,274.75,275.3900146484375,15512.0,0.0,0.0,
2018-07-26,275.3999938964844,281.5400085449219,275.0,281.4299926757812,235906.0,0.0,0.0,
2018-07-27,280.0,283.0,279.0,282.3599853515625,31565.0,0.0,0.0,
2018-07-30,283.6199951171875,285.0,280.9599914550781,283.1900024414062,8890.0,0.0,0.0,
2018-07-31,283.489990234375,283.8599853515625,282.3200073242188,282.8500061035156,33531.0,0.0,0.0,
2018-08-01,284.0,286.0,279.9599914550781,281.3399963378906,849712.0,0.0,0.0,
2018-08-02,280.0,281.0,278.0,279.3599853515625,71730.0,0.0,0.0,
2018-08-03,282.260009765625,284.8999938964844,280.8999938964844,282.2699890136719,35078.0,0.0,0.0,
2018-08-06,284.0,287.0,282.0,285.3900146484375,14443.0,0.0,0.0,
2018-08-07,285.8599853515625,286.25,284.0,284.3500061035156,561.0,0.0,0.0,
2018-08-08,286.010009765625,287.8399963378906,285.0,287.5,1398.0,0.0,0.0,
2018-08-09,287.0,290.0,287.0,288.1199951171875,16900.0,0.0,0.0,
2018-08-10,288.0,289.6099853515625,287.1499938964844,287.9400024414062,40002.0,0.0,0.0,
2018-08-13,287.0,287.0,284.0,285.3500061035156,857.0,0.0,0.0,
2018-08-14,286.4500122070312,287.0,285.7000122070312,286.5199890136719,913.0,0.0,0.0,
2018-08-16,285.8999938964844,287.0,284.0,285.3800048828125,183596.0,0.0,0.0,
2018-08-17,286.8900146484375,288.9500122070312,286.0,286.3299865722656,6077.0,0.0,0.0,
2018-08-20,284.0,289.8800048828125,284.0,289.2000122070312,12395.0,0.0,0.0,
2018-08-21,289.0,289.6799926757812,286.0,287.0499877929688,3371.0,0.0,0.0,
2018-08-23,289.5,289.5,285.2099914550781,286.489990234375,1396.0,0.0,0.0,
2018-08-24,285.75,287.75,283.1700134277344,287.2099914550781,352.0,0.0,0.0,
2018-08-27,285.3900146484375,290.0,285.3900146484375,288.25,996.0,0.0,0.0,
2018-08-28,289.0,289.7099914550781,287.0,289.7000122070312,480.0,0.0,0.0,
2018-08-29,289.0,291.0,287.7900085449219,290.0799865722656,596.0,0.0,0.0,
2018-08-30,288.5899963378906,297.2999877929688,286.7999877929688,287.9200134277344,8515.0,0.0,0.0,
2018-08-31,287.0700073242188,288.2799987792969,284.3699951171875,287.260009765625,9867.0,0.0,0.0,
2018-09-03,290.0,290.0,285.0,285.989990234375,1133.0,0.0,0.0,
2018-09-04,285.0,285.0,280.0,281.5599975585938,8903.0,0.0,0.0,
2018-09-05,281.6000061035156,281.7200012207031,278.0,280.260009765625,4735.0,0.0,0.0,
2018-09-06,280.8200073242188,281.2999877929688,280.0,281.1900024414062,298.0,0.0,0.0,
2018-09-07,279.9700012207031,285.0,278.0,281.5,76864.0,0.0,0.0,
2018-09-10,280.5,281.0,278.0,278.6300048828125,900.0,0.0,0.0,
2018-09-11,287.0,300.0,274.8500061035156,275.1199951171875,152072.0,0.0,0.0,
2018-09-12,274.0,275.0,272.1499938964844,275.0,4290.0,0.0,0.0,
2018-09-14,277.1400146484375,278.0,276.2999877929688,278.0,6245.0,0.0,0.0,
2018-09-17,277.3999938964844,281.8800048828125,274.0,276.9200134277344,2129.0,0.0,0.0,
2018-09-18,274.8800048828125,275.1900024414062,270.2000122070312,271.1700134277344,27094.0,0.0,0.0,
2018-09-19,271.1700134277344,272.5,268.0899963378906,268.8500061035156,8553.0,0.0,0.0,
2018-09-21,269.2999877929688,271.0,260.0,261.4700012207031,69644.0,0.0,0.0,
2018-09-24,261.0,261.0,255.0,256.1600036621094,53502.0,0.0,0.0,
2018-09-25,255.0899963378906,265.8999938964844,252.3999938964844,261.7000122070312,271964.0,0.0,0.0,
2018-09-26,261.7300109863281,265.0,257.4400024414062,261.4400024414062,887708.0,0.0,0.0,
2018-09-27,260.2300109863281,269.25,256.0,262.5700073242188,73731.0,0.0,0.0,
2018-09-28,259.7099914550781,260.7200012207031,255.1100006103516,258.7099914550781,15176.0,0.0,0.0,
2018-10-01,256.0,262.0,253.4499969482422,259.3299865722656,12480.0,0.0,0.0,
2018-10-03,258.9599914550781,260.2999877929688,255.0,255.8999938964844,73704.0,0.0,0.0,
2018-10-04,256.0,256.0,251.0500030517578,253.1100006103516,27016.0,0.0,0.0,
2018-10-05,251.9100036621094,255.0,248.1000061035156,250.3999938964844,44333.0,0.0,0.0,
2018-10-08,249.9400024414062,253.0,248.1999969482422,251.6399993896484,42760.0,0.0,0.0,
2018-10-09,250.7700042724609,253.4400024414062,250.0,251.1199951171875,28325.0,0.0,0.0,
2018-10-10,252.0,263.3999938964844,251.2299957275391,260.1799926757812,476767.0,0.0,0.0,
2018-10-11,245.0,255.8200073242188,240.0,255.5299987792969,36455.0,0.0,0.0,
2018-10-12,259.3399963378906,261.0,257.1000061035156,259.7000122070312,45154.0,0.0,0.0,
2018-10-15,259.3800048828125,260.239990234375,257.010009765625,258.8999938964844,7687.0,0.0,0.0,
2018-10-16,259.8500061035156,262.9200134277344,258.2900085449219,261.75,534.0,0.0,0.0,
2018-10-17,265.0,265.0,258.0,258.25,33082.0,0.0,0.0,
2018-10-19,257.0,258.6900024414062,254.3000030517578,257.4100036621094,9029.0,0.0,0.0,
2018-10-22,275.3999938964844,275.3999938964844,256.0,259.2699890136719,4554.0,0.0,0.0,
2018-10-23,256.2999877929688,257.6700134277344,253.0,253.4100036621094,199817.0,0.0,0.0,
2018-10-24,257.7000122070312,257.7000122070312,253.75,256.2900085449219,22519.0,0.0,0.0,
2018-10-25,254.0,256.8999938964844,252.0,253.3899993896484,17158.0,0.0,0.0,
2018-10-26,253.6000061035156,253.6000061035156,248.6699981689453,249.8099975585938,38357.0,0.0,0.0,
2018-10-29,250.0,255.3500061035156,249.8999938964844,254.2700042724609,11050.0,0.0,0.0,
2018-10-30,254.7899932861328,256.3099975585938,252.2100067138672,253.2700042724609,9622.0,0.0,0.0,
2018-10-31,253.0500030517578,258.1499938964844,250.8699951171875,258.0,47160.0,0.0,0.0,
2018-11-01,258.0,260.1099853515625,257.0,260.010009765625,1472.0,0.0,0.0,
2018-11-02,261.7699890136719,264.5400085449219,261.0,263.5700073242188,12442.0,0.0,0.0,
2018-11-05,268.7999877929688,274.1000061035156,261.7000122070312,263.4400024414062,3222.0,0.0,0.0,
2018-11-06,264.9400024414062,265.0599975585938,261.2999877929688,261.6499938964844,6023.0,0.0,0.0,
2018-11-07,261.6499938964844,269.0,261.6499938964844,263.8500061035156,891.0,0.0,0.0,
2018-11-09,263.3099975585938,266.0,263.0,264.5799865722656,234539.0,0.0,0.0,
2018-11-12,269.8999938964844,269.8999938964844,260.1000061035156,260.2200012207031,2812.0,0.0,0.0,
2018-11-13,261.3900146484375,264.0700073242188,259.1300048828125,263.2900085449219,24223.0,0.0,0.0,
2018-11-14,264.1199951171875,265.9500122070312,262.7999877929688,264.2300109863281,29259.0,0.0,0.0,
2018-11-15,265.3200073242188,268.0,264.0299987792969,267.6400146484375,44568.0,0.0,0.0,
2018-11-16,266.2000122070312,269.1400146484375,265.760009765625,267.760009765625,51164.0,0.0,0.0,
2018-11-19,266.9299926757812,269.2799987792969,266.6799926757812,268.010009765625,30814.0,0.0,0.0,
2018-11-20,267.6000061035156,268.5799865722656,265.9800109863281,266.489990234375,10867.0,0.0,0.0,
2018-11-21,266.9800109863281,269.25,265.25,267.489990234375,33846.0,0.0,0.0,
2018-11-22,268.1099853515625,268.25,263.8200073242188,264.75,48175.0,0.0,0.0,
2018-11-26,266.0,269.2999877929688,266.0,268.8299865722656,1393.0,0.0,0.0,
2018-11-27,269.0,270.5,268.1300048828125,269.2099914550781,4298.0,0.0,0.0,
2018-11-28,270.8900146484375,273.1000061035156,269.1700134277344,272.1700134277344,50126.0,0.0,0.0,
2018-11-29,272.7000122070312,276.0,270.4200134277344,275.1900024414062,39565.0,0.0,0.0,
2018-11-30,275.0,276.0799865722656,273.260009765625,274.2099914550781,40524.0,0.0,0.0,
2018-12-03,276.5199890136719,276.6499938964844,274.0400085449219,275.0799865722656,20316.0,0.0,0.0,
2018-12-04,274.8200073242188,275.0,270.0,273.3399963378906,4911.0,0.0,0.0,
2018-12-05,279.2999877929688,279.2999877929688,270.0,270.3900146484375,30131.0,0.0,0.0,
2018-12-06,269.5899963378906,269.7200012207031,266.8800048828125,267.75,60005.0,0.0,0.0,
2018-12-07,273.1000061035156,278.5,267.739990234375,271.4200134277344,18665.0,0.0,0.0,
2018-12-10,268.0,268.9700012207031,266.4100036621094,266.4700012207031,26806.0,0.0,0.0,
2018-12-11,263.0,268.0299987792969,261.7000122070312,267.510009765625,3083.0,0.0,0.0,
2018-12-12,268.510009765625,273.510009765625,265.0,272.3200073242188,6205.0,0.0,0.0,
2018-12-13,274.6000061035156,276.0,273.0599975585938,274.4200134277344,6459.0,0.0,0.0,
2018-12-14,274.75,279.0,272.0,274.0,8169.0,0.0,0.0,
2018-12-17,276.6600036621094,276.6900024414062,275.0,275.5199890136719,1296.0,0.0,0.0,
2018-12-18,275.3500061035156,279.1799926757812,270.25,277.25,2209.0,0.0,0.0,
2018-12-19,278.8299865722656,279.0,278.0599975585938,278.5199890136719,3574.0,0.0,0.0,
2018-12-20,277.260009765625,278.5,276.7999877929688,278.0299987792969,813.0,0.0,0.0,
2018-12-21,278.0,279.2999877929688,274.2999877929688,275.3900146484375,11979.0,0.0,0.0,
2018-12-24,274.0,275.8299865722656,272.510009765625,273.2999877929688,5762.0,0.0,0.0,
2018-12-26,272.7900085449219,275.989990234375,270.0499877929688,275.489990234375,25889.0,0.0,0.0,
2018-12-27,277.5,278.1099853515625,274.4500122070312,274.5199890136719,9492.0,0.0,0.0,
2018-12-28,276.0,280.1300048828125,276.0,279.3900146484375,56580.0,0.0,0.0,
2018-12-31,279.9800109863281,279.9800109863281,276.6499938964844,277.6900024414062,140942.0,0.0,0.0,
2019-01-01,277.5299987792969,279.9299926757812,276.1499938964844,278.7300109863281,3366.0,0.0,0.0,
2019-01-02,278.739990234375,279.9400024414062,275.9200134277344,277.6799926757812,726.0,0.0,0.0,
2019-01-03,277.9400024414062,277.9400024414062,274.5,275.7699890136719,49847.0,0.0,0.0,
2019-01-04,277.510009765625,279.3200073242188,275.0,278.3800048828125,9723.0,0.0,0.0,
2019-01-07,280.0,281.1900024414062,278.7999877929688,278.9599914550781,1456.0,0.0,0.0,
2019-01-08,278.9100036621094,281.0,277.3399963378906,280.7200012207031,24116.0,0.0,0.0,
2019-01-09,281.0,283.4100036621094,280.0,282.2699890136719,95750.0,0.0,0.0,
2019-01-10,282.2000122070312,282.3099975585938,280.3900146484375,281.3800048828125,7258.0,0.0,0.0,
2019-01-11,282.0899963378906,282.1199951171875,279.4299926757812,280.2699890136719,5013.0,0.0,0.0,
2019-01-14,280.2999877929688,280.2999877929688,278.5,279.1199951171875,10157.0,0.0,0.0,
2019-01-15,278.8299865722656,281.0299987792969,278.8299865722656,279.489990234375,7342.0,0.0,0.0,
2019-01-16,280.5799865722656,283.7999877929688,280.1600036621094,281.1600036621094,486675.0,0.0,0.0,
2019-01-17,283.8999938964844,283.8999938964844,279.0,282.0899963378906,7519.0,0.0,0.0,
2019-01-18,283.1300048828125,283.1300048828125,280.0,281.2699890136719,633181.0,0.0,0.0,
2019-01-21,286.8999938964844,286.8999938964844,280.0,282.3999938964844,186535.0,0.0,0.0,
2019-01-22,281.7000122070312,282.0,280.0,281.7000122070312,358249.0,0.0,0.0,
2019-01-23,276.1000061035156,283.7000122070312,270.3999938964844,279.5199890136719,380377.0,0.0,0.0,
2019-01-24,279.5799865722656,280.0899963378906,277.5299987792969,279.0599975585938,162916.0,0.0,0.0,
2019-01-25,280.2999877929688,281.1300048828125,277.0,277.8200073242188,12462.0,0.0,0.0,
2019-01-28,277.0599975585938,278.0,271.7900085449219,272.8099975585938,26453.0,0.0,0.0,
2019-01-29,271.25,273.5599975585938,271.25,272.1300048828125,4028420.0,0.0,0.0,
2019-01-30,277.6000061035156,279.0,270.0,274.5400085449219,829440.0,0.0,0.0,
2019-01-31,275.9400024414062,279.6499938964844,275.3999938964844,279.5499877929688,40675.0,0.0,0.0,
2019-02-01,278.0,280.7999877929688,275.0,276.3900146484375,25164.0,0.0,0.0,
2019-02-04,276.3999938964844,279.0,273.6000061035156,278.5299987792969,32237.0,0.0,0.0,
2019-02-05,278.9599914550781,280.2000122070312,277.0,279.5899963378906,183405.0,0.0,0.0,
2019-02-06,279.9700012207031,280.7300109863281,279.0,279.1499938964844,687291.0,0.0,0.0,
2019-02-07,280.0599975585938,281.2900085449219,278.4100036621094,280.6499938964844,172172.0,0.0,0.0,
2019-02-08,279.7900085449219,282.3999938964844,278.0,281.0499877929688,7372161.0,0.0,0.0,
2019-02-11,286.3399963378906,286.3500061035156,277.0599975585938,278.8200073242188,40257.0,0.0,0.0,
2019-02-12,279.6099853515625,279.7799987792969,275.8599853515625,276.0299987792969,439882.0,0.0,0.0,
2019-02-14,274.5799865722656,276.0899963378906,273.9500122070312,275.6099853515625,15541.0,0.0,0.0,
2019-02-15,275.0799865722656,275.3500061035156,273.0,274.0599975585938,31773.0,0.0,0.0,
2019-02-18,275.1600036621094,275.1600036621094,272.5,272.9500122070312,14803.0,0.0,0.0,
2019-02-19,273.6300048828125,276.3999938964844,272.7000122070312,273.2900085449219,11351.0,0.0,0.0,
2019-02-20,274.3099975585938,276.5199890136719,273.5599975585938,275.0599975585938,45134.0,0.0,0.0,
2019-02-21,276.239990234375,276.6000061035156,275.4700012207031,276.3399963378906,5319.0,0.0,0.0,
2019-02-22,276.7999877929688,287.0,274.2000122070312,274.7000122070312,18811.0,0.0,0.0,
2019-02-25,275.2999877929688,278.0,274.8399963378906,277.8800048828125,17314.0,0.0,0.0,
2019-02-26,276.9500122070312,278.2999877929688,274.0,276.8900146484375,363732.0,0.0,0.0,
2019-02-27,278.0,279.010009765625,274.2000122070312,274.4800109863281,925025.0,0.0,0.0,
2019-02-28,276.1300048828125,276.1300048828125,274.25,275.0,143713.0,0.0,0.0,
2019-03-01,276.8999938964844,281.3999938964844,275.7099914550781,277.8999938964844,1566041.0,0.0,0.0,
2019-03-05,277.9500122070312,282.3200073242188,276.7999877929688,281.8099975585938,12080.0,0.0,0.0,
2019-03-06,282.3999938964844,283.6199951171875,281.8099975585938,282.8399963378906,1082750.0,0.0,0.0,
2019-03-07,282.8699951171875,285.4599914550781,281.5599975585938,284.2799987792969,1048394.0,0.0,0.0,
2019-03-08,284.0199890136719,285.1600036621094,282.6499938964844,283.8699951171875,818.0,0.0,0.0,
2019-03-11,289.1499938964844,309.3999938964844,284.3599853515625,286.4299926757812,1748.0,0.0,0.0,
2019-03-12,287.1900024414062,291.9299926757812,287.0499877929688,291.4400024414062,445837.0,0.0,0.0,
2019-03-13,291.1300048828125,295.0,288.0,294.8999938964844,52706.0,0.0,0.0,
2019-03-14,295.2000122070312,297.2999877929688,294.7999877929688,295.7900085449219,286847.0,0.0,0.0,
2019-03-15,297.2999877929688,301.0,297.0,299.25,37790.0,0.0,0.0,
2019-03-18,293.2999877929688,303.8699951171875,293.2999877929688,302.0599975585938,106883.0,0.0,0.0,
2019-03-19,308.0,308.0,301.2099914550781,304.6499938964844,32178.0,0.0,0.0,
2019-03-20,304.5,306.0,302.6000061035156,305.6499938964844,12942.0,0.0,0.0,
2019-03-22,306.6400146484375,306.75,301.5400085449219,302.2000122070312,4159.0,0.0,0.0,
2019-03-25,300.2999877929688,300.2999877929688,297.8900146484375,299.5400085449219,162507.0,0.0,0.0,
2019-03-26,300.7699890136719,307.510009765625,298.8999938964844,306.3500061035156,26337.0,0.0,0.0,
2019-03-27,306.3500061035156,310.0,303.3999938964844,307.510009765625,1822423.0,0.0,0.0,
2019-03-28,306.2000122070312,311.7000122070312,306.1499938964844,310.6300048828125,132244.0,0.0,0.0,
2019-04-01,328.0,328.0,307.0,308.9400024414062,579520.0,0.0,0.0,
2019-04-02,310.0499877929688,312.0,307.010009765625,309.9599914550781,267940.0,0.0,0.0,
2019-04-03,312.6000061035156,313.3999938964844,306.2000122070312,306.2699890136719,564695.0,0.0,0.0,
2019-04-04,306.2999877929688,308.989990234375,304.7200012207031,306.4700012207031,223823.0,0.0,0.0,
2019-04-05,307.5,308.5,304.3099975585938,305.6900024414062,457025.0,0.0,0.0,
2019-04-08,307.7000122070312,308.8399963378906,305.0,305.5499877929688,125541.0,0.0,0.0,
2019-04-09,306.0,309.1900024414062,303.0,307.2799987792969,353192.0,0.0,0.0,
2019-04-10,306.2000122070312,309.0,305.0299987792969,305.25,31806.0,0.0,0.0,
2019-04-11,305.8999938964844,306.0,303.0,303.8800048828125,47161.0,0.0,0.0,
2019-04-12,304.760009765625,306.0,303.8500061035156,305.8099975585938,40136.0,0.0,0.0,
2019-04-15,306.0,308.9700012207031,305.0,308.3699951171875,60593.0,0.0,0.0,
2019-04-16,308.5,312.2699890136719,308.5,311.5299987792969,7973.0,0.0,0.0,
2019-04-18,316.7000122070312,316.7000122070312,309.0,309.0700073242188,29238.0,0.0,0.0,
2019-04-22,308.3500061035156,308.3500061035156,302.2000122070312,302.7099914550781,1072668.0,0.0,0.0,
2019-04-23,302.7999877929688,304.2999877929688,300.1600036621094,300.489990234375,32992.0,0.0,0.0,
2019-04-24,301.2799987792969,304.7999877929688,300.0,303.8299865722656,54937.0,0.0,0.0,
2019-04-25,304.760009765625,306.7999877929688,301.1099853515625,301.7699890136719,44512.0,0.0,0.0,
2019-04-26,304.5499877929688,307.4700012207031,302.0,306.760009765625,146619.0,0.0,0.0,
2019-04-30,306.760009765625,306.760009765625,301.5,303.0599975585938,614287.0,0.0,0.0,
2019-05-02,302.4400024414062,304.5,301.3299865722656,302.010009765625,88377.0,0.0,0.0,
2019-05-03,303.489990234375,306.5,302.8999938964844,305.0799865722656,5932.0,0.0,0.0,
2019-05-06,303.0,303.7999877929688,301.5,302.7200012207031,34996.0,0.0,0.0,
2019-05-07,303.760009765625,304.0,298.0,298.7099914550781,29356.0,0.0,0.0,
2019-05-08,298.3999938964844,298.3999938964844,295.25,295.489990234375,26958.0,0.0,0.0,
2019-05-09,295.0,296.7000122070312,294.0,294.3800048828125,38573.0,0.0,0.0,
2019-05-10,294.9100036621094,297.0,294.9100036621094,295.8200073242188,50722.0,0.0,0.0,
2019-05-13,295.8099975585938,296.6499938964844,293.0,293.6799926757812,11422.0,0.0,0.0,
2019-05-14,293.8099975585938,296.6000061035156,290.0,294.1799926757812,31667.0,0.0,0.0,
2019-05-15,298.0899963378906,298.0899963378906,292.010009765625,293.0199890136719,8596.0,0.0,0.0,
2019-05-16,293.1000061035156,297.0,292.0,294.9599914550781,23230.0,0.0,0.0,
2019-05-17,296.1300048828125,302.4800109863281,294.5,301.2900085449219,60174.0,0.0,0.0,
2019-05-20,302.0499877929688,314.9299926757812,302.0499877929688,314.4700012207031,21370.0,0.0,0.0,
2019-05-21,314.0,315.6499938964844,308.4500122070312,308.9599914550781,62757.0,0.0,0.0,
2019-05-22,310.0,312.6000061035156,308.8299865722656,311.8299865722656,99532.0,0.0,0.0,
2019-05-23,317.3599853515625,323.0299987792969,309.6000061035156,311.3800048828125,113403.0,0.0,0.0,
2019-05-24,307.0,319.9800109863281,307.0,319.2099914550781,261798.0,0.0,0.0,
2019-05-27,312.7999877929688,324.1000061035156,312.7999877929688,323.1700134277344,202097.0,0.0,0.0,
2019-05-28,325.0,330.0,320.6199951171875,323.0199890136719,14714.0,0.0,0.0,
2019-05-29,323.239990234375,323.239990234375,319.0,320.8299865722656,7331.0,0.0,0.0,
2019-05-30,320.0,323.75,319.1499938964844,323.2799987792969,149325.0,0.0,0.0,
2019-05-31,327.5,327.5,320.5,321.760009765625,150773.0,0.0,0.0,
2019-06-03,321.0599975585938,325.1000061035156,320.0,324.6000061035156,439137.0,0.0,0.0,
2019-06-04,331.1000061035156,331.1000061035156,322.1000061035156,324.0599975585938,389225.0,0.0,0.0,
2019-06-06,323.75,324.1000061035156,314.5499877929688,317.010009765625,316800.0,0.0,0.0,
2019-06-07,317.1600036621094,318.7000122070312,314.0,317.9599914550781,6162.0,0.0,0.0,
2019-06-10,340.2000122070312,359.2999877929688,316.1600036621094,317.2300109863281,61163.0,0.0,0.0,
2019-06-11,319.4400024414062,320.7999877929688,316.7000122070312,319.8099975585938,106566.0,0.0,0.0,
2019-06-12,319.2900085449219,319.2900085449219,316.7999877929688,317.75,48751.0,0.0,0.0,
2019-06-13,316.6900024414062,318.5700073242188,313.25,317.7799987792969,9361.0,0.0,0.0,
2019-06-14,317.510009765625,317.9100036621094,312.0,312.6799926757812,45263.0,0.0,0.0,
2019-06-17,311.0,318.8999938964844,309.8999938964844,310.3599853515625,77875.0,0.0,0.0,
2019-06-18,311.2099914550781,312.5,309.0199890136719,310.1400146484375,104569.0,0.0,0.0,
2019-06-19,312.9500122070312,313.7999877929688,310.2999877929688,311.4400024414062,149076.0,0.0,0.0,
2019-06-20,312.0,314.3999938964844,309.5,313.4599914550781,32381.0,0.0,0.0,
2019-06-21,314.9400024414062,314.9400024414062,312.0,313.3500061035156,15194.0,0.0,0.0,
2019-06-24,314.0499877929688,315.0,312.1300048828125,312.8299865722656,18913.0,0.0,0.0,
2019-06-25,313.0,316.5400085449219,312.0,315.8599853515625,6192.0,0.0,0.0,
2019-06-26,316.0,319.3999938964844,313.7200012207031,319.0899963378906,163836.0,0.0,0.0,
2019-06-27,312.7000122070312,322.4299926757812,310.0,321.0499877929688,7081.0,0.0,0.0,
2019-06-28,322.75,322.75,318.0199890136719,319.6000061035156,575724.0,0.0,0.0,
2019-07-01,320.7799987792969,322.5,319.25,321.1700134277344,62479.0,0.0,0.0,
2019-07-02,322.5199890136719,322.5199890136719,319.5899963378906,321.3599853515625,24966.0,0.0,0.0,
2019-07-03,321.9800109863281,323.2300109863281,320.6400146484375,321.9100036621094,12192.0,0.0,0.0,
2019-07-04,328.2999877929688,328.2999877929688,322.3299865722656,323.0799865722656,425630.0,0.0,0.0,
2019-07-05,323.3500061035156,324.0,321.0,321.5400085449219,81016.0,0.0,0.0,
2019-07-08,321.3500061035156,321.3500061035156,313.2999877929688,314.5199890136719,83741.0,0.0,0.0,
2019-07-09,314.5700073242188,314.5700073242188,311.0,312.9800109863281,30078.0,0.0,0.0,
2019-07-10,313.2200012207031,314.6000061035156,311.5700073242188,312.1900024414062,37178.0,0.0,0.0,
2019-07-11,318.3999938964844,324.7000122070312,309.8999938964844,313.9700012207031,143849.0,0.0,0.0,
2019-07-12,315.6799926757812,316.7999877929688,312.5499877929688,314.0400085449219,245889.0,0.0,0.0,
2019-07-15,318.0,318.0,311.0,311.989990234375,26159.0,0.0,0.0,
2019-07-16,311.0899963378906,314.6400146484375,311.0,312.8800048828125,2997.0,0.0,0.0,
2019-07-17,316.0,316.0,312.2000122070312,315.5799865722656,4738.0,0.0,0.0,
2019-07-18,315.0,315.0,312.2000122070312,312.9599914550781,345911.0,0.0,0.0,
2019-07-19,313.3200073242188,314.5199890136719,305.2999877929688,305.8200073242188,26947.0,0.0,0.0,
2019-07-22,308.0,308.0,299.8999938964844,301.0499877929688,18734.0,0.0,0.0,
2019-07-23,301.989990234375,302.1499938964844,297.5599975585938,300.4800109863281,119549.0,0.0,0.0,
2019-07-24,299.9200134277344,301.0700073242188,296.510009765625,297.6400146484375,103800.0,0.0,0.0,
2019-07-25,298.2099914550781,301.0,295.7099914550781,298.5599975585938,100906.0,0.0,0.0,
2019-07-26,297.4700012207031,301.8500061035156,297.4700012207031,301.4400024414062,13794.0,0.0,0.0,
2019-07-29,302.0,302.1700134277344,299.0799865722656,300.0599975585938,43277.0,0.0,0.0,
2019-07-30,302.2900085449219,303.5,295.3999938964844,296.1199951171875,41673.0,0.0,0.0,
2019-07-31,296.2000122070312,296.5,293.0599975585938,295.260009765625,72707.0,0.0,0.0,
2019-08-01,295.0,295.6099853515625,287.6000061035156,291.260009765625,65608.0,0.0,0.0,
2019-08-02,290.5400085449219,291.9599914550781,286.0,288.3599853515625,135632.0,0.0,0.0,
2019-08-05,290.0,290.0,280.2999877929688,282.7900085449219,715914.0,0.0,0.0,
2019-08-06,284.0,288.2999877929688,283.3999938964844,286.6099853515625,23908.0,0.0,0.0,
2019-08-07,286.6600036621094,288.489990234375,284.0,284.3500061035156,69756.0,0.0,0.0,
2019-08-08,284.0,290.0,282.0,288.1499938964844,54777.0,0.0,0.0,
2019-08-09,283.0499877929688,293.6600036621094,283.0499877929688,292.8099975585938,8338.0,0.0,0.0,
2019-08-13,290.6900024414062,290.6900024414062,284.0,284.9700012207031,28944.0,0.0,0.0,
2019-08-14,286.0,291.7200012207031,284.8999938964844,285.3800048828125,993742.0,0.0,0.0,
2019-08-16,285.0499877929688,288.5799865722656,283.1000061035156,287.8599853515625,14050.0,0.0,0.0,
2019-08-19,289.5499877929688,291.0,287.8299865722656,287.9299926757812,24451.0,0.0,0.0,
2019-08-20,291.0,291.0,285.1499938964844,286.1900024414062,23018.0,0.0,0.0,
2019-08-21,287.7000122070312,288.1000061035156,283.3500061035156,284.0499877929688,44155.0,0.0,0.0,
2019-08-22,284.1000061035156,284.1000061035156,277.1000061035156,278.0400085449219,83624.0,0.0,0.0,
2019-08-23,278.1000061035156,279.8800048828125,273.0,277.7900085449219,2521035.0,0.0,0.0,
2019-08-26,272.2000122070312,289.4200134277344,266.7000122070312,287.989990234375,3107112.0,0.0,0.0,
2019-08-27,288.739990234375,291.4800109863281,286.5700073242188,289.0199890136719,840213.0,0.0,0.0,
2019-08-28,289.0,289.0,284.5499877929688,286.4100036621094,47680.0,0.0,0.0,
2019-08-29,285.8699951171875,285.8699951171875,280.7999877929688,281.5799865722656,62472.0,0.0,0.0,
2019-08-30,282.0,285.0,278.25,280.4100036621094,50613.0,0.0,0.0,
2019-09-03,286.0,291.6000061035156,275.25,276.2999877929688,24851.0,0.0,0.0,
2019-09-04,277.0499877929688,281.2300109863281,272.9100036621094,278.8999938964844,155352.0,0.0,0.0,
2019-09-05,279.5700073242188,280.0,275.2099914550781,276.6799926757812,84518.0,0.0,0.0,
2019-09-06,278.4299926757812,280.4400024414062,277.0,278.9400024414062,72269.0,0.0,0.0,
2019-09-09,277.4700012207031,281.989990234375,276.8500061035156,281.1099853515625,6758.0,0.0,0.0,
2019-09-11,280.7999877929688,285.0,280.7999877929688,284.3800048828125,91831.0,0.0,0.0,
2019-09-12,288.0,288.0,284.0,285.6199951171875,32464.0,0.0,0.0,
2019-09-13,285.0,287.6900024414062,283.0,287.2200012207031,48424.0,0.0,0.0,
2019-09-16,288.0,288.0,284.75,285.8500061035156,78384.0,0.0,0.0,
2019-09-17,285.0,286.3800048828125,278.5,279.0299987792969,51080.0,0.0,0.0,
2019-09-18,278.0,281.4500122070312,278.0,278.8800048828125,55982.0,0.0,0.0,
2019-09-19,278.3299865722656,278.3900146484375,273.8999938964844,274.6900024414062,10226.0,0.0,0.0,
2019-09-20,275.0,301.9500122070312,274.6300048828125,297.8800048828125,212529.0,0.0,0.0,
2019-09-23,309.0,315.7200012207031,297.5,313.6400146484375,491547.0,0.0,0.0,
2019-09-24,316.0,316.0,307.5,308.010009765625,350085.0,0.0,0.0,
2019-09-25,314.2000122070312,317.0,302.1000061035156,303.2099914550781,53030.0,0.0,0.0,
2019-09-26,303.1499938964844,314.0,303.1499938964844,307.9200134277344,20171.0,0.0,0.0,
2019-09-27,303.5,310.0,303.5,307.6099853515625,119619.0,0.0,0.0,
2019-09-30,306.8099975585938,307.0599975585938,297.7000122070312,304.9800109863281,1831571.0,0.0,0.0,
2019-10-01,304.260009765625,305.0400085449219,291.0,295.7000122070312,420270.0,0.0,0.0,
2019-10-03,294.9500122070312,296.1900024414062,291.0,292.3800048828125,242993.0,0.0,0.0,
2019-10-04,298.2000122070312,298.2000122070312,283.7099914550781,284.4500122070312,558660.0,0.0,0.0,
2019-10-07,286.8999938964844,289.5,283.2999877929688,286.1499938964844,284688.0,0.0,0.0,
2019-10-09,291.8999938964844,295.25,284.0499877929688,293.5199890136719,1316954.0,0.0,0.0,
2019-10-10,293.1000061035156,293.1000061035156,286.2000122070312,287.0199890136719,457234.0,0.0,0.0,
2019-10-11,289.7900085449219,293.0,284.0,287.1600036621094,146926.0,0.0,0.0,
2019-10-14,287.7000122070312,292.3999938964844,286.3099975585938,290.25,1086837.0,0.0,0.0,
2019-10-15,290.489990234375,293.7999877929688,289.6499938964844,291.8900146484375,28638.0,0.0,0.0,
2019-10-16,294.7200012207031,295.6900024414062,291.0,294.0899963378906,192176.0,0.0,0.0,
2019-10-17,294.3500061035156,298.0,292.0,297.3200073242188,239135.0,0.0,0.0,
2019-10-18,295.2000122070312,299.2999877929688,295.2000122070312,297.6799926757812,41605.0,0.0,0.0,
2019-10-22,298.2999877929688,305.4400024414062,298.1000061035156,302.7200012207031,367588.0,0.0,0.0,
2019-10-23,302.7999877929688,304.0,300.010009765625,302.3699951171875,157765.0,0.0,0.0,
2019-10-24,304.0,305.0,299.0,300.260009765625,281103.0,0.0,0.0,
2019-10-25,298.0,302.0,298.0,301.9200134277344,234863.0,0.0,0.0,
2019-10-27,304.239990234375,304.239990234375,297.0,302.7300109863281,4079.0,0.0,0.0,
2019-10-29,303.5199890136719,307.0,298.7000122070312,305.6900024414062,901567.0,0.0,0.0,
2019-10-30,306.1099853515625,308.0,304.0,306.1300048828125,87988.0,0.0,0.0,
2019-10-31,308.489990234375,310.7999877929688,306.2999877929688,307.4700012207031,105523.0,0.0,0.0,
2019-11-01,306.3999938964844,311.2000122070312,306.3999938964844,310.3099975585938,74645.0,0.0,0.0,
2019-11-04,312.489990234375,313.4800109863281,309.010009765625,310.5199890136719,437712.0,0.0,0.0,
2019-11-05,311.5299987792969,311.7000122070312,308.3999938964844,309.4500122070312,64629.0,0.0,0.0,
2019-11-06,309.0,314.2799987792969,307.0700073242188,313.5499877929688,28848.0,0.0,0.0,
2019-11-07,314.9800109863281,315.0,311.5,313.9200134277344,316029.0,0.0,0.0,
2019-11-08,314.0,317.8999938964844,311.5,313.7699890136719,68969.0,0.0,0.0,
2019-11-11,314.8500061035156,318.3599853515625,313.5,317.6099853515625,134252.0,0.0,0.0,
2019-11-13,318.0,319.0,312.0700073242188,313.2300109863281,28745.0,0.0,0.0,
2019-11-14,312.9299926757812,315.3500061035156,310.25,314.2099914550781,401205.0,0.0,0.0,
2019-11-15,320.5,344.0,314.6499938964844,317.3800048828125,670470.0,0.0,0.0,
2019-11-18,323.7000122070312,338.0,316.2000122070312,316.6900024414062,73890.0,0.0,0.0,
2019-11-19,319.0,320.0,316.7000122070312,319.2900085449219,50947.0,0.0,0.0,
2019-11-20,312.8999938964844,322.5799865722656,296.8999938964844,321.8099975585938,227119.0,0.0,0.0,
2019-11-21,328.2000122070312,328.2000122070312,319.260009765625,320.3200073242188,81786.0,0.0,0.0,
2019-11-22,322.0,322.0,317.5,317.9299926757812,28683.0,0.0,0.0,
2019-11-25,319.0,323.0,318.5,322.7200012207031,6486.0,0.0,0.0,
2019-11-26,323.7999877929688,325.1799926757812,321.5899963378906,323.7999877929688,12037.0,0.0,0.0,
2019-11-27,324.0,327.8800048828125,324.0,326.739990234375,36355.0,0.0,0.0,
2019-11-28,327.0,330.5799865722656,326.0,330.3099975585938,416159.0,0.0,0.0,
2019-11-29,323.7000122070312,329.5,317.1000061035156,326.8900146484375,167230.0,0.0,0.0,
2019-12-02,326.8900146484375,327.8200073242188,324.4599914550781,326.4100036621094,38909.0,0.0,0.0,
2019-12-03,325.8999938964844,325.8999938964844,322.8500061035156,323.8200073242188,50165.0,0.0,0.0,
2019-12-04,326.9500122070312,329.7000122070312,322.1499938964844,329.010009765625,45650.0,0.0,0.0,
2019-12-05,328.7000122070312,329.5400085449219,324.5499877929688,325.0499877929688,4227.0,0.0,0.0,
2019-12-06,326.9599914550781,326.9599914550781,319.8500061035156,321.6099853515625,25355.0,0.0,0.0,
2019-12-09,321.6000061035156,323.4700012207031,318.8699951171875,320.6300048828125,5411.0,0.0,0.0,
2019-12-10,321.9299926757812,322.3500061035156,319.0700073242188,320.6799926757812,38939.0,0.0,0.0,
2019-12-11,327.0499877929688,327.0499877929688,318.6900024414062,321.7099914550781,13376.0,0.0,0.0,
2019-12-12,325.0,325.5799865722656,322.0,324.8699951171875,19722.0,0.0,0.0,
2019-12-13,326.0,329.7000122070312,326.0,328.9599914550781,46079.0,0.0,0.0,
2019-12-16,329.739990234375,330.0,326.8399963378906,327.7799987792969,3178.0,0.0,0.0,
2019-12-17,328.7900085449219,330.8200073242188,327.6600036621094,329.4500122070312,11092.0,0.0,0.0,
2019-12-18,329.3900146484375,330.0,327.7099914550781,329.7999877929688,42894.0,0.0,0.0,
2019-12-19,329.2300109863281,331.8399963378906,328.1400146484375,330.5199890136719,136446.0,0.0,0.0,
2019-12-20,331.1600036621094,332.6499938964844,330.1499938964844,330.6300048828125,3291.0,0.0,0.0,
2019-12-23,332.1099853515625,332.260009765625,329.4500122070312,331.1900024414062,36414.0,0.0,0.0,
2019-12-24,331.3399963378906,332.0,329.5899963378906,330.3900146484375,13383.0,0.0,0.0,
2019-12-26,330.7900085449219,331.239990234375,329.0499877929688,329.0499877929688,15591.0,0.0,0.0,
2019-12-27,330.2699890136719,334.0,329.1000061035156,333.1900024414062,193953.0,0.0,0.0,
2019-12-30,333.989990234375,335.0899963378906,331.0,332.5799865722656,242492.0,0.0,0.0,
2019-12-31,335.0,335.0,330.1499938964844,331.0799865722656,30720.0,0.0,0.0,
2020-01-01,333.8900146484375,337.7000122070312,329.0499877929688,329.5,22840.0,0.0,0.0,
2020-01-02,365.7000122070312,365.7000122070312,329.6600036621094,334.0299987792969,106145.0,0.0,0.0,
2020-01-03,336.0,336.0,326.8200073242188,329.0299987792969,45352.0,0.0,0.0,
2020-01-06,329.0299987792969,329.0299987792969,320.1000061035156,321.1799926757812,181211.0,0.0,0.0,
2020-01-07,324.0199890136719,327.0,320.2000122070312,322.9800109863281,114335.0,0.0,0.0,
2020-01-08,322.9800109863281,322.9800109863281,318.5,322.0299987792969,148912.0,0.0,0.0,
2020-01-09,325.5899963378906,330.1099853515625,325.1000061035156,329.8099975585938,35223.0,0.0,0.0,
2020-01-10,330.75,331.6000061035156,327.2200012207031,329.3800048828125,22751.0,0.0,0.0,
2020-01-13,330.0,332.1000061035156,329.0,329.7799987792969,14615.0,0.0,0.0,
2020-01-14,330.0299987792969,330.3500061035156,328.5599975585938,329.0299987792969,233452.0,0.0,0.0,
2020-01-15,328.9500122070312,328.9500122070312,324.510009765625,326.4200134277344,75753.0,0.0,0.0,
2020-01-16,331.5,331.5,324.9400024414062,326.6700134277344,78373.0,0.0,0.0,
2020-01-17,326.6700134277344,331.5,323.4500122070312,324.3099975585938,228915.0,0.0,0.0,
2020-01-20,325.1300048828125,325.7099914550781,319.2999877929688,319.6700134277344,72147.0,0.0,0.0,
2020-01-21,319.6700134277344,320.1099853515625,317.1499938964844,317.7300109863281,197393.0,0.0,0.0,
2020-01-22,320.2999877929688,320.2999877929688,314.7000122070312,315.0,380634.0,0.0,0.0,
2020-01-23,315.0,318.75,314.5599975585938,318.3500061035156,72075.0,0.0,0.0,
2020-01-24,318.6000061035156,321.8099975585938,316.0,321.0700073242188,63510.0,0.0,0.0,
2020-01-27,318.3500061035156,320.3999938964844,316.5,316.8599853515625,51270.0,0.0,0.0,
2020-01-28,316.2000122070312,318.2999877929688,315.1099853515625,315.7999877929688,129435.0,0.0,0.0,
2020-01-29,321.0,321.0,316.25,316.6300048828125,37727.0,0.0,0.0,
2020-01-30,320.0,320.0,313.6000061035156,315.2099914550781,12539.0,0.0,0.0,
2020-01-31,321.2999877929688,321.2999877929688,315.0,317.489990234375,276342.0,0.0,0.0,
2020-02-03,308.75,309.3999938964844,305.0199890136719,308.6199951171875,107343.0,0.0,0.0,
2020-02-04,310.2000122070312,317.2000122070312,310.1499938964844,315.2000122070312,373725.0,0.0,0.0,
2020-02-05,315.9700012207031,318.4500122070312,314.6499938964844,318.0400085449219,34913.0,0.0,0.0,
2020-02-06,318.8999938964844,323.0,317.0,321.1400146484375,75669.0,0.0,0.0,
2020-02-07,320.9599914550781,321.6900024414062,318.7999877929688,320.3900146484375,13398.0,0.0,0.0,
2020-02-10,320.3900146484375,320.6000061035156,318.0,318.8999938964844,7840.0,0.0,0.0,
2020-02-11,320.1000061035156,322.7099914550781,320.1000061035156,321.6000061035156,24667.0,0.0,0.0,
2020-02-12,323.0,323.8200073242188,322.3099975585938,323.0,7108.0,0.0,0.0,
2020-02-13,323.0,323.0,319.7000122070312,320.4500122070312,9435.0,0.0,0.0,
2020-02-14,321.4400024414062,321.989990234375,315.7799987792969,316.3599853515625,57438.0,0.0,0.0,
2020-02-17,316.9100036621094,317.9200134277344,314.0,314.5199890136719,136671.0,0.0,0.0,
2020-02-18,314.5199890136719,314.5199890136719,310.5,312.5299987792969,218586.0,0.0,0.0,
2020-02-19,316.5799865722656,316.8900146484375,313.510009765625,315.9100036621094,137668.0,0.0,0.0,
2020-02-20,318.8999938964844,319.4100036621094,315.0,316.3599853515625,780645.0,0.0,0.0,
2020-02-24,310.0,314.5,310.0,312.2300109863281,70965.0,0.0,0.0,
2020-02-25,313.7000122070312,314.7999877929688,311.9500122070312,312.8200073242188,35553.0,0.0,0.0,
2020-02-26,311.0,313.2799987792969,309.3200073242188,311.2000122070312,42151.0,0.0,0.0,
2020-02-27,313.5,313.5,307.25,309.3900146484375,41339.0,0.0,0.0,
2020-02-28,308.4200134277344,308.4200134277344,298.0,299.5,104514.0,0.0,0.0,
2020-03-02,330.0,330.0,296.5899963378906,299.5299987792969,40384.0,0.0,0.0,
2020-03-03,299.8900146484375,301.6400146484375,296.0400085449219,300.5199890136719,70913.0,0.0,0.0,
2020-03-04,306.5,312.5,290.0499877929688,294.510009765625,118024.0,0.0,0.0,
2020-03-05,299.0,299.0,293.4599914550781,295.8399963378906,98030.0,0.0,0.0,
2020-03-06,291.7000122070312,291.7000122070312,281.0,286.3500061035156,213296.0,0.0,0.0,
2020-03-09,284.6000061035156,284.6000061035156,268.8699951171875,273.8900146484375,373607.0,0.0,0.0,
2020-03-11,273.0,276.2099914550781,269.0599975585938,271.9100036621094,57908.0,0.0,0.0,
2020-03-12,271.9100036621094,271.9100036621094,243.0,245.6699981689453,302500.0,0.0,0.0,
2020-03-13,239.4499969482422,263.9299926757812,217.1999969482422,257.9700012207031,158053.0,0.0,0.0,
2020-03-16,248.0,260.0,238.1000061035156,238.9400024414062,442413.0,0.0,0.0,
2020-03-17,238.0,250.0,225.5,227.2400054931641,219478.0,0.0,0.0,
2020-03-18,230.0,230.0,207.25,209.6999969482422,269275.0,0.0,0.0,
2020-03-19,210.0,215.0,194.0,206.2100067138672,235255.0,0.0,0.0,
2020-03-20,206.2200012207031,212.0,198.0,204.5399932861328,333775.0,0.0,0.0,
2020-03-23,197.0,230.0,167.3999938964844,173.5899963378906,239199.0,0.0,0.0,
2020-03-24,179.0,182.9600067138672,167.0,174.2200012207031,125692.0,0.0,0.0,
2020-03-25,179.9900054931641,189.7100067138672,171.0,184.8699951171875,1206752.0,0.0,0.0,
2020-03-26,182.25,205.6100006103516,182.25,199.1999969482422,188834.0,0.0,0.0,
2020-03-27,203.1999969482422,216.0,198.3000030517578,202.9100036621094,81452.0,0.0,0.0,
2020-03-30,198.8999938964844,199.8000030517578,188.5399932861328,190.1199951171875,133790.0,0.0,0.0,
2020-03-31,194.4299926757812,197.0,191.0,193.4600067138672,166025.0,0.0,0.0,
2020-04-01,192.3099975585938,192.3800048828125,184.1999969482422,185.3399963378906,51015.0,0.0,0.0,
2020-04-03,186.1199951171875,187.3300018310547,171.6999969482422,172.3800048828125,412417.0,0.0,0.0,
2020-04-07,179.5,193.8999938964844,179.5,192.3300018310547,164333.0,0.0,0.0,
2020-04-08,190.6499938964844,205.0,187.5399932861328,190.8399963378906,183748.0,0.0,0.0,
2020-04-09,198.0,200.0,193.8000030517578,199.3899993896484,117808.0,0.0,0.0,
2020-04-13,199.0399932861328,211.3999938964844,194.2599945068359,196.6999969482422,198226.0,0.0,0.0,
2020-04-15,201.5,203.5299987792969,190.1999969482422,193.1799926757812,111308.0,0.0,0.0,
2020-04-16,191.5800018310547,197.4799957275391,189.1999969482422,195.8800048828125,210417.0,0.0,0.0,
2020-04-17,203.6999969482422,212.0,198.5399932861328,210.3600006103516,728862.0,0.0,0.0,
2020-04-20,210.0,213.3200073242188,207.3099975585938,208.2200012207031,87299.0,0.0,0.0,
2020-04-21,205.0,205.0,195.3999938964844,199.4199981689453,249466.0,0.0,0.0,
2020-04-22,202.2100067138672,202.2100067138672,193.0,200.6799926757812,262563.0,0.0,0.0,
2020-04-23,200.0299987792969,204.8999938964844,199.0,203.5399932861328,373594.0,0.0,0.0,
2020-04-24,207.0,207.0,196.1999969482422,197.6000061035156,192250.0,0.0,0.0,
2020-04-27,202.0,203.8899993896484,200.3000030517578,202.4900054931641,36285.0,0.0,0.0,
2020-04-28,206.0,208.5,203.7100067138672,207.7100067138672,440570.0,0.0,0.0,
2020-04-29,207.0,214.25,206.3999938964844,212.9299926757812,379974.0,0.0,0.0,
2020-04-30,215.2200012207031,221.0,215.0,216.0399932861328,267291.0,0.0,0.0,
2020-05-04,210.5,213.6999969482422,197.8200073242188,198.5299987792969,340887.0,0.0,0.0,
2020-05-05,201.8800048828125,203.8000030517578,195.0899963378906,195.5700073242188,252721.0,0.0,0.0,
2020-05-06,196.0,202.5,191.9900054931641,201.2299957275391,963681.0,0.0,0.0,
2020-05-07,197.5,201.8800048828125,197.0,198.3800048828125,29854.0,0.0,0.0,
2020-05-08,201.0,201.8999938964844,194.25,194.9900054931641,236299.0,0.0,0.0,
2020-05-11,198.5899963378906,199.4900054931641,191.5,192.2899932861328,97361.0,0.0,0.0,
2020-05-12,190.0,193.0,184.7200012207031,191.1799926757812,83502.0,0.0,0.0,
2020-05-13,198.8000030517578,208.3999938964844,196.0,197.7899932861328,251963.0,0.0,0.0,
2020-05-14,194.0,195.5899963378906,192.1000061035156,192.6300048828125,83228.0,0.0,0.0,
2020-05-15,191.5800018310547,191.9600067138672,188.3800048828125,189.7899932861328,161670.0,0.0,0.0,
2020-05-18,189.7899932861328,206.8999938964844,176.5899963378906,177.0399932861328,280378.0,0.0,0.0,
2020-05-19,180.5,182.9799957275391,174.5099945068359,175.5700073242188,1426843.0,0.0,0.0,
2020-05-20,179.7799987792969,181.5,174.7299957275391,179.5899963378906,145232.0,0.0,0.0,
2020-05-21,180.0,183.2400054931641,177.3399963378906,178.0299987792969,281094.0,0.0,0.0,
2020-05-22,178.5,180.3000030517578,171.6600036621094,173.7799987792969,1107821.0,0.0,0.0,
2020-05-26,177.0,178.0,174.6399993896484,176.6799926757812,183400.0,0.0,0.0,
2020-05-27,177.4700012207031,190.0,176.8399963378906,188.0,362617.0,0.0,0.0,
2020-05-28,190.0,194.8699951171875,189.5,193.0299987792969,3485641.0,0.0,0.0,
2020-05-29,190.1100006103516,193.8000030517578,188.5,193.1199951171875,5084423.0,0.0,0.0,
2020-06-01,200.8000030517578,204.8000030517578,197.0,202.8600006103516,1428565.0,0.0,0.0,
2020-06-02,208.8999938964844,215.0,199.9499969482422,208.0500030517578,375657.0,0.0,0.0,
2020-06-03,211.9299926757812,217.9499969482422,210.0,211.0200042724609,105711.0,0.0,0.0,
2020-06-04,217.0,217.0,206.5,208.0299987792969,1907448.0,0.0,0.0,
2020-06-05,209.8699951171875,214.5,207.3000030517578,212.3899993896484,240859.0,0.0,0.0,
2020-06-08,212.3899993896484,220.8000030517578,212.0,215.3399963378906,178221.0,0.0,0.0,
2020-06-09,216.6999969482422,218.5,208.1100006103516,209.3899993896484,961915.0,0.0,0.0,
2020-06-10,210.6600036621094,215.6000061035156,209.1999969482422,213.3600006103516,150242.0,0.0,0.0,
2020-06-11,212.3200073242188,214.8800048828125,207.3500061035156,208.1900024414062,165511.0,0.0,0.0,
2020-06-12,200.0,209.1900024414062,199.7599945068359,208.5700073242188,640037.0,0.0,0.0,
2020-06-15,206.3699951171875,206.6000061035156,199.1999969482422,201.8399963378906,129234.0,0.0,0.0,
2020-06-16,204.25,208.9400024414062,197.0,204.1600036621094,105745.0,0.0,0.0,
2020-06-17,202.5299987792969,208.0899963378906,201.5700073242188,203.8600006103516,67652.0,0.0,0.0,
2020-06-18,202.9700012207031,212.0,202.3000030517578,211.0399932861328,80882.0,0.0,0.0,
2020-06-19,212.25,216.6000061035156,210.3600006103516,215.2700042724609,54312.0,0.0,0.0,
2020-06-22,217.0,222.8500061035156,216.2799987792969,219.2700042724609,91075.0,0.0,0.0,
2020-06-23,220.1600036621094,225.8999938964844,218.6000061035156,224.8099975585938,100267.0,0.0,0.0,
2020-06-24,218.1000061035156,226.1000061035156,211.3000030517578,215.9499969482422,124369.0,0.0,0.0,
2020-06-25,213.8899993896484,218.0,211.4499969482422,217.0,85478.0,0.0,0.0,
2020-06-26,218.8999938964844,219.3999938964844,215.0500030517578,218.7400054931641,100352.0,0.0,0.0,
2020-06-29,215.6799926757812,216.9799957275391,212.9199981689453,216.2400054931641,39960.0,0.0,0.0,
2020-06-30,217.6600036621094,218.5,214.3600006103516,215.7100067138672,77761.0,0.0,0.0,
2020-07-01,215.5500030517578,222.7299957275391,215.3999938964844,221.9600067138672,488252.0,0.0,0.0,
2020-07-02,222.8999938964844,225.0,220.8000030517578,222.2700042724609,79667.0,0.0,0.0,
2020-07-03,222.2700042724609,223.1600036621094,219.7700042724609,220.3200073242188,83828.0,0.0,0.0,
2020-07-06,224.5,226.1199951171875,223.7799987792969,224.3399963378906,153752.0,0.0,0.0,
2020-07-07,226.25,228.5800018310547,222.4499969482422,228.0899963378906,82664.0,0.0,0.0,
2020-07-08,228.0,233.4799957275391,228.0,229.1600036621094,333500.0,0.0,0.0,
2020-07-09,230.0,232.4499969482422,229.5500030517578,231.9700012207031,187689.0,0.0,0.0,
2020-07-10,230.0,230.9199981689453,226.1000061035156,226.8000030517578,381557.0,0.0,0.0,
2020-07-13,230.1300048828125,230.1799926757812,222.3000030517578,222.5599975585938,1010189.0,0.0,0.0,
2020-07-14,222.0500030517578,222.0500030517578,214.3200073242188,215.5399932861328,144976.0,0.0,0.0,
2020-07-15,218.5,221.4900054931641,213.8300018310547,214.9400024414062,119040.0,0.0,0.0,
2020-07-16,214.5899963378906,218.25,212.1999969482422,217.3699951171875,212134.0,0.0,0.0,
2020-07-17,217.2299957275391,222.0,217.0,221.0700073242188,71793.0,0.0,0.0,
2020-07-20,221.0,226.6799926757812,221.0,224.9700012207031,132417.0,0.0,0.0,
2020-07-21,224.9700012207031,230.7799987792969,224.9700012207031,230.0800018310547,84723.0,0.0,0.0,
2020-07-22,234.6799926757812,234.6799926757812,228.6499938964844,230.4499969482422,205683.0,0.0,0.0,
2020-07-23,230.4499969482422,232.9799957275391,230.4400024414062,232.3000030517578,185187.0,0.0,0.0,
2020-07-24,231.9799957275391,232.0700073242188,225.7700042724609,228.1300048828125,89746.0,0.0,0.0,
2020-07-27,241.8000030517578,241.8000030517578,220.0700073242188,220.7400054931641,86041.0,0.0,0.0,
2020-07-28,221.2700042724609,224.6799926757812,218.3500061035156,223.9299926757812,45623.0,0.0,0.0,
2020-07-29,223.5,226.0599975585938,221.0500030517578,223.6600036621094,62123.0,0.0,0.0,
2020-07-30,224.0,224.6399993896484,219.5200042724609,220.3399963378906,3153787.0,0.0,0.0,
2020-07-31,221.0,221.0,216.1699981689453,219.0599975585938,142138.0,0.0,0.0,
2020-08-03,218.3099975585938,218.5,213.0,213.1300048828125,85829.0,0.0,0.0,
2020-08-04,214.1100006103516,217.8999938964844,213.0,216.8500061035156,260720.0,0.0,0.0,
2020-08-05,218.5899963378906,221.3500061035156,216.3999938964844,217.1799926757812,149956.0,0.0,0.0,
2020-08-06,218.1799926757812,220.6799926757812,215.6999969482422,217.9400024414062,103878.0,0.0,0.0,
2020-08-07,216.7799987792969,219.5899963378906,216.4600067138672,218.7700042724609,67719.0,0.0,0.0,
2020-08-10,219.8699951171875,222.3000030517578,219.5700073242188,220.5299987792969,79330.0,0.0,0.0,
2020-08-11,221.0,225.2400054931641,221.0,225.0800018310547,1065258.0,0.0,0.0,
2020-08-12,223.8600006103516,225.6399993896484,221.8300018310547,225.3099975585938,303095.0,0.0,0.0,
2020-08-13,225.25,226.4700012207031,223.5700073242188,223.9299926757812,122496.0,0.0,0.0,
2020-08-14,225.0,225.0,217.4900054931641,219.4700012207031,26774.0,0.0,0.0,
2020-08-17,222.0,222.0,216.5,219.3500061035156,36604.0,0.0,0.0,
2020-08-18,219.7200012207031,224.4900054931641,218.1100006103516,224.1799926757812,479300.0,0.0,0.0,
2020-08-19,225.1100006103516,226.9499969482422,224.6699981689453,225.2899932861328,69038.0,0.0,0.0,
2020-08-20,225.7700042724609,225.7700042724609,221.6799926757812,222.5899963378906,31225.0,0.0,0.0,
2020-08-21,224.0,225.0800018310547,223.5,224.3999938964844,229892.0,0.0,0.0,
2020-08-24,223.1100006103516,230.4499969482422,223.1100006103516,229.9900054931641,126402.0,0.0,0.0,
2020-08-25,236.0,236.0,230.3099975585938,233.0800018310547,1627819.0,0.0,0.0,
2020-08-26,233.5,237.0,233.5,236.1600036621094,2800432.0,0.0,0.0,
2020-08-27,237.0,239.0,237.0,238.3600006103516,210966.0,0.0,0.0,
2020-08-28,239.0,249.1100006103516,239.0,247.4199981689453,157515.0,0.0,0.0,
2020-08-31,254.8000030517578,256.8800048828125,236.0,239.4299926757812,118801.0,0.0,0.0,
2020-09-01,240.8300018310547,243.9400024414062,237.6999969482422,241.1499938964844,306100.0,0.0,0.0,
2020-09-02,241.1999969482422,241.7899932861328,237.7799987792969,241.4299926757812,353735.0,0.0,0.0,
2020-09-03,242.0299987792969,242.7400054931641,237.0,238.0299987792969,120134.0,0.0,0.0,
2020-09-04,232.8999938964844,236.4600067138672,231.0,233.1900024414062,41848.0,0.0,0.0,
2020-09-07,236.0,236.0,229.6999969482422,231.3600006103516,280091.0,0.0,0.0,
2020-09-08,231.3099975585938,232.8999938964844,228.5,229.2200012207031,1269362.0,0.0,0.0,
2020-09-09,226.5,229.2200012207031,223.6100006103516,224.6900024414062,110598.0,0.0,0.0,
2020-09-10,224.0,229.0,224.0,226.3300018310547,73919.0,0.0,0.0,
2020-09-11,226.6499938964844,228.8200073242188,224.4799957275391,226.7799987792969,38388.0,0.0,0.0,
2020-09-14,230.9400024414062,230.9400024414062,222.4700012207031,223.3600006103516,1192487.0,0.0,0.0,
2020-09-15,224.9499969482422,227.3000030517578,222.9499969482422,226.8300018310547,472697.0,0.0,0.0,
2020-09-16,240.3999938964844,240.3999938964844,224.5,227.9100036621094,433499.0,0.0,0.0,
2020-09-17,221.1000061035156,227.0,221.1000061035156,225.75,19777.0,0.0,0.0,
2020-09-18,225.75,226.7700042724609,220.1499938964844,221.9600067138672,106912.0,0.0,0.0,
2020-09-21,223.6999969482422,223.6999969482422,214.3099975585938,215.5,65853.0,0.0,0.0,
2020-09-22,215.5,216.7400054931641,212.2100067138672,213.3200073242188,617715.0,0.0,0.0,
2020-09-23,215.5399932861328,215.5399932861328,210.8000030517578,214.2200012207031,44745.0,0.0,0.0,
2020-09-24,211.8000030517578,211.8000030517578,206.5099945068359,207.5500030517578,96985.0,0.0,0.0,
2020-09-25,208.1600036621094,212.5800018310547,206.8000030517578,212.1300048828125,48177.0,0.0,0.0,
2020-09-28,213.0500030517578,219.1799926757812,213.0,218.8500061035156,50450.0,0.0,0.0,
2020-09-29,220.0,220.0,215.0399932861328,215.7100067138672,530443.0,0.0,0.0,
2020-09-30,222.1999969482422,222.1999969482422,213.0500030517578,216.25,69232.0,0.0,0.0,
2020-10-01,218.8899993896484,224.7400054931641,218.8899993896484,224.2400054931641,83350.0,0.0,0.0,
2020-10-05,226.0,229.25,224.3399963378906,225.7100067138672,182079.0,0.0,0.0,
2020-10-06,229.0,230.5,226.9400024414062,229.9799957275391,127465.0,0.0,0.0,
2020-10-07,228.7100067138672,232.0,227.9799957275391,231.5,191148.0,0.0,0.0,
2020-10-08,233.0399932861328,236.3300018310547,232.2700042724609,233.5299987792969,343800.0,0.0,0.0,
2020-10-09,234.8999938964844,241.0,233.1900024414062,240.1799926757812,158127.0,0.0,0.0,
2020-10-12,241.6499938964844,243.3099975585938,237.1100006103516,238.7200012207031,160168.0,0.0,0.0,
2020-10-13,237.0299987792969,239.7599945068359,236.2799987792969,236.7400054931641,68671.0,0.0,0.0,
2020-10-14,234.8300018310547,241.5,233.5500030517578,240.4600067138672,74396.0,0.0,0.0,
2020-10-15,240.0399932861328,242.5,231.7299957275391,232.5,91892.0,0.0,0.0,
2020-10-16,234.3099975585938,238.2299957275391,233.5,237.0200042724609,57483.0,0.0,0.0,
2020-10-19,245.0,245.0099945068359,239.25,244.4400024414062,141528.0,0.0,0.0,
2020-10-20,243.0800018310547,246.0,242.7899932861328,245.6300048828125,161118.0,0.0,0.0,
2020-10-21,247.6799926757812,250.9900054931641,243.7599945068359,248.9299926757812,437789.0,0.0,0.0,
2020-10-22,248.1199951171875,249.5,245.6000061035156,247.75,390385.0,0.0,0.0,
2020-10-23,249.9499969482422,250.2899932861328,246.0,247.9400024414062,524426.0,0.0,0.0,
2020-10-26,247.9400024414062,247.9400024414062,241.2700042724609,243.3600006103516,63299.0,0.0,0.0,
2020-10-27,242.9499969482422,250.3000030517578,241.3399963378906,249.5099945068359,54756.0,0.0,0.0,
2020-10-28,248.3699951171875,249.9199981689453,243.1499938964844,244.5500030517578,58037.0,0.0,0.0,
2020-10-29,242.6000061035156,245.0899963378906,240.3000030517578,242.7200012207031,678896.0,0.0,0.0,
2020-10-30,250.0,250.0,238.1999969482422,240.8000030517578,50068.0,0.0,0.0,
2020-11-02,245.0,253.0,243.0,251.2700042724609,140899.0,0.0,0.0,
2020-11-03,251.2700042724609,259.7999877929688,251.2700042724609,259.4400024414062,542760.0,0.0,0.0,
2020-11-04,259.0,261.5799865722656,254.3999938964844,260.2900085449219,104239.0,0.0,0.0,
2020-11-05,264.0,265.4400024414062,262.1499938964844,264.8500061035156,40326.0,0.0,0.0,
2020-11-06,263.8500061035156,270.9599914550781,263.8500061035156,270.5299987792969,70959.0,0.0,0.0,
2020-11-09,275.0,294.8999938964844,272.5,277.9599914550781,45172.0,0.0,0.0,
2020-11-10,278.5499877929688,291.0,278.5499877929688,289.1499938964844,668721.0,0.0,0.0,
2020-11-11,288.8500061035156,293.2000122070312,284.3999938964844,290.3599853515625,189624.0,0.0,0.0,
2020-11-12,289.8599853515625,289.8599853515625,284.0,285.0599975585938,121237.0,0.0,0.0,
2020-11-13,299.0,299.0,268.0,286.9400024414062,77263.0,0.0,0.0,
2020-11-14,299.0,312.7999877929688,287.25,288.4500122070312,11850.0,0.0,0.0,
2020-11-17,290.0,294.8999938964844,288.989990234375,293.5299987792969,493987.0,0.0,0.0,
2020-11-18,293.5299987792969,301.1000061035156,293.3599853515625,300.7200012207031,292589.0,0.0,0.0,
2020-11-19,300.7200012207031,300.7200012207031,290.2699890136719,291.1499938964844,495888.0,0.0,0.0,
2020-11-20,308.6000061035156,308.6000061035156,288.3299865722656,294.3200073242188,83485.0,0.0,0.0,
2020-11-23,295.3900146484375,296.5,291.0,293.5400085449219,330776.0,0.0,0.0,
2020-11-24,294.25,300.0,294.25,299.4200134277344,39696.0,0.0,0.0,
2020-11-25,300.0,304.0,294.010009765625,294.4599914550781,42267.0,0.0,0.0,
2020-11-26,297.510009765625,299.0,292.1099853515625,298.3500061035156,64956.0,0.0,0.0,
2020-11-27,316.2999877929688,316.2999877929688,296.3999938964844,298.6400146484375,17521.0,0.0,0.0,
2020-12-01,298.6400146484375,302.5,297.6000061035156,300.9500122070312,101198.0,0.0,0.0,
2020-12-02,302.0,302.0,294.3800048828125,297.9599914550781,233587.0,0.0,0.0,
2020-12-03,298.9200134277344,300.5599975585938,296.5,297.3399963378906,16306.0,0.0,0.0,
2020-12-04,297.3399963378906,304.1000061035156,297.3399963378906,303.4400024414062,86480.0,0.0,0.0,
2020-12-07,303.2900085449219,306.3399963378906,301.7999877929688,304.7799987792969,108442.0,0.0,0.0,
2020-12-08,304.7799987792969,306.0,302.6700134277344,304.2200012207031,109221.0,0.0,0.0,
2020-12-09,306.3399963378906,310.0,305.5400085449219,309.0499877929688,27886.0,0.0,0.0,
2020-12-10,336.8999938964844,336.8999938964844,304.510009765625,307.4100036621094,58438.0,0.0,0.0,
2020-12-11,325.8999938964844,325.8999938964844,305.2300109863281,307.75,361583.0,0.0,0.0,
2020-12-14,309.0,311.0799865722656,308.9700012207031,309.739990234375,11637.0,0.0,0.0,
2020-12-15,309.739990234375,310.0,305.5299987792969,308.8399963378906,12439.0,0.0,0.0,
2020-12-16,311.0,311.989990234375,308.489990234375,309.1600036621094,90423.0,0.0,0.0,
2020-12-17,309.5,311.5,308.4800109863281,310.5899963378906,212558.0,0.0,0.0,
2020-12-18,309.5899963378906,310.9800109863281,306.5199890136719,310.3200073242188,103564.0,0.0,0.0,
2020-12-21,319.6000061035156,328.8999938964844,294.510009765625,295.8399963378906,164615.0,0.0,0.0,
2020-12-22,297.9299926757812,300.0,292.9500122070312,299.1799926757812,25016.0,0.0,0.0,
2020-12-23,298.4500122070312,301.6199951171875,296.5499877929688,300.9800109863281,14315.0,0.0,0.0,
2020-12-24,302.5,307.75,302.5,306.9100036621094,22804.0,0.0,0.0,
2020-12-28,334.5,334.5,308.75,311.2900085449219,78402.0,0.0,0.0,
2020-12-29,313.7999877929688,315.6799926757812,312.75,315.3900146484375,40096.0,0.0,0.0,
2020-12-30,316.4500122070312,316.4500122070312,312.1799926757812,314.7999877929688,77003.0,0.0,0.0,
2020-12-31,313.1400146484375,316.6400146484375,313.1000061035156,314.4700012207031,559692.0,0.0,0.0,
2021-01-01,315.0799865722656,316.2000122070312,314.3599853515625,314.8200073242188,11286.0,0.0,0.0,
2021-01-04,327.3999938964844,327.6000061035156,311.5199890136719,314.7099914550781,73972.0,0.0,0.0,
2021-01-05,314.5,320.4299926757812,312.010009765625,319.9599914550781,197640.0,0.0,0.0,
2021-01-06,320.5199890136719,322.8900146484375,318.1300048828125,321.4700012207031,20425.0,0.0,0.0,
2021-01-07,328.3999938964844,328.3999938964844,321.9400024414062,322.1000061035156,15738.0,0.0,0.0,
2021-01-08,322.5599975585938,324.8200073242188,322.0299987792969,322.3399963378906,202015.0,0.0,0.0,
2021-01-11,332.0,332.0,320.510009765625,323.8200073242188,814826.0,0.0,0.0,
2021-01-12,320.2999877929688,326.7099914550781,320.2999877929688,326.2699890136719,9144.0,0.0,0.0,
2021-01-13,355.6000061035156,355.6000061035156,320.0,328.7099914550781,147032.0,0.0,0.0,
2021-01-14,328.7099914550781,330.2000122070312,326.9500122070312,328.7900085449219,28381.0,0.0,0.0,
2021-01-15,329.4200134277344,329.4200134277344,324.1499938964844,325.8999938964844,67957.0,0.0,0.0,
2021-01-18,325.2099914550781,326.75,320.0,320.7200012207031,19767.0,0.0,0.0,
2021-01-19,323.6700134277344,327.739990234375,321.6499938964844,327.239990234375,48523.0,0.0,0.0,
2021-01-20,317.3999938964844,328.5,307.6000061035156,327.4200134277344,22873.0,0.0,0.0,
2021-01-21,329.2900085449219,330.6199951171875,323.2000122070312,324.6600036621094,108403.0,0.0,0.0,
2021-01-22,322.3500061035156,323.010009765625,314.6499938964844,315.4700012207031,116414.0,0.0,0.0,
2021-01-25,334.3999938964844,334.3999938964844,313.0499877929688,314.8500061035156,33555.0,0.0,0.0,
2021-01-27,314.7999877929688,319.3200073242188,305.1700134277344,306.0599975585938,51623.0,0.0,0.0,
2021-01-28,306.0,306.9700012207031,300.5,303.4200134277344,331355.0,0.0,0.0,
2021-01-29,309.3500061035156,313.6099853515625,304.739990234375,308.7099914550781,58993.0,0.0,0.0,
2021-02-01,312.3500061035156,335.6199951171875,311.1000061035156,333.5499877929688,1076166.0,0.0,0.0,
2021-02-02,339.0199890136719,348.5,333.5499877929688,344.8399963378906,1328182.0,0.0,0.0,
2021-02-03,346.3200073242188,351.2999877929688,342.5,349.989990234375,221477.0,0.0,0.0,
2021-02-04,348.989990234375,357.0,345.2200012207031,356.2999877929688,166608.0,0.0,0.0,
2021-02-05,324.2000122070312,370.0,324.2000122070312,360.75,790246.0,0.0,0.0,
2021-02-08,364.2999877929688,367.1000061035156,361.0899963378906,363.6700134277344,23601.0,0.0,0.0,
2021-02-09,396.3999938964844,396.3999938964844,358.6799926757812,364.7699890136719,1149189.0,0.0,0.0,
2021-02-10,376.0,376.0,357.5499877929688,360.4500122070312,81133.0,0.0,0.0,
2021-02-11,360.3900146484375,362.9599914550781,359.3699951171875,360.260009765625,10560.0,0.0,0.0,
2021-02-12,361.2900085449219,365.6000061035156,359.9500122070312,364.1799926757812,19115.0,0.0,0.0,
2021-02-15,397.0,397.0,363.25,375.1700134277344,95530.0,0.0,0.0,
2021-02-16,378.9800109863281,380.0,371.2000122070312,373.8800048828125,42049.0,0.0,0.0,
2021-02-17,371.8500061035156,376.0,370.5499877929688,371.4500122070312,244246.0,0.0,0.0,
2021-02-18,372.3699951171875,372.4599914550781,365.5199890136719,368.0400085449219,58853.0,0.0,0.0,
2021-02-19,365.5199890136719,368.7699890136719,358.0499877929688,360.9299926757812,174487.0,0.0,0.0,
2021-02-22,350.1000061035156,382.6000061035156,339.2999877929688,354.7200012207031,71743.0,0.0,0.0,
2021-02-23,376.0,376.0,352.1600036621094,353.9700012207031,22941.0,0.0,0.0,
2021-02-24,353.3299865722656,368.4599914550781,353.3299865722656,367.010009765625,537332.0,0.0,0.0,
2021-02-25,414.7000122070312,414.7000122070312,368.3999938964844,368.8900146484375,54548.0,0.0,0.0,
2021-02-26,391.0,391.0,350.25,352.2699890136719,111696.0,0.0,0.0,
2021-03-01,384.0,384.0,353.0,355.239990234375,149907.0,0.0,0.0,
2021-03-02,370.0,370.0,352.6199951171875,357.1300048828125,427318.0,0.0,0.0,
2021-03-03,361.3900146484375,367.8399963378906,359.489990234375,366.9299926757812,151591.0,0.0,0.0,
2021-03-04,359.489990234375,366.5299987792969,356.0199890136719,361.6199951171875,240746.0,0.0,0.0,
2021-03-05,370.0,370.0,351.8699951171875,353.2900085449219,191426.0,0.0,0.0,
2021-03-08,357.3800048828125,361.5,354.1099853515625,356.6400146484375,220953.0,0.0,0.0,
2021-03-09,361.0,363.6000061035156,358.7200012207031,361.7099914550781,36388.0,0.0,0.0,
2021-03-10,370.0,370.0,361.1000061035156,363.4299926757812,129885.0,0.0,0.0,
2021-03-12,374.2999877929688,385.2000122070312,355.0,358.4299926757812,66859.0,0.0,0.0,
2021-03-15,355.7799987792969,357.5599975585938,348.2999877929688,355.3999938964844,210804.0,0.0,0.0,
2021-03-16,376.7000122070312,376.7000122070312,348.3900146484375,351.3500061035156,259791.0,0.0,0.0,
2021-03-17,357.0,357.0,343.7999877929688,344.7200012207031,550617.0,0.0,0.0,
2021-03-18,365.3999938964844,365.3999938964844,338.1499938964844,340.7799987792969,589898.0,0.0,0.0,
2021-03-19,337.0,345.5,335.1900024414062,342.0299987792969,130297.0,0.0,0.0,
2021-03-22,342.0299987792969,347.0,336.5,339.0799865722656,104837.0,0.0,0.0,
2021-03-23,359.3999938964844,359.3999938964844,338.8299865722656,344.8999938964844,156277.0,0.0,0.0,
2021-03-24,342.2000122070312,342.2999877929688,334.7300109863281,335.4100036621094,1154906.0,0.0,0.0,
2021-03-25,334.8200073242188,339.0,328.2999877929688,333.8299865722656,1589078.0,0.0,0.0,
2021-03-26,340.0,340.0,335.2000122070312,336.8500061035156,51400.0,0.0,0.0,
2021-03-30,341.0,343.2200012207031,336.8500061035156,340.7999877929688,138237.0,0.0,0.0,
2021-03-31,340.3399963378906,340.3399963378906,335.0,339.1000061035156,331360.0,0.0,0.0,
2021-04-01,342.9800109863281,347.9599914550781,337.0,344.8399963378906,221502.0,0.0,0.0,
2021-04-05,334.5,343.1700134277344,324.1000061035156,330.3299865722656,258356.0,0.0,0.0,
2021-04-06,333.9500122070312,333.9500122070312,325.9500122070312,328.2799987792969,330498.0,0.0,0.0,
2021-04-07,328.2799987792969,334.5199890136719,326.0,332.6700134277344,208318.0,0.0,0.0,
2021-04-08,334.0,335.5,330.2000122070312,330.9800109863281,305355.0,0.0,0.0,
2021-04-09,336.1499938964844,336.1499938964844,326.4500122070312,327.5899963378906,159103.0,0.0,0.0,
2021-04-12,324.3099975585938,324.3099975585938,307.8999938964844,311.2699890136719,305014.0,0.0,0.0,
2021-04-13,314.7000122070312,321.6000061035156,310.6900024414062,320.6300048828125,48923.0,0.0,0.0,
2021-04-15,311.0,324.9700012207031,301.3999938964844,324.3699951171875,1000514.0,0.0,0.0,
2021-04-16,324.0400085449219,326.9100036621094,322.0499877929688,323.0299987792969,35173.0,0.0,0.0,
2021-04-19,325.6000061035156,325.6000061035156,307.7200012207031,315.1400146484375,77826.0,0.0,0.0,
2021-04-20,320.2799987792969,320.2799987792969,312.1600036621094,314.1700134277344,85366.0,0.0,0.0,
2021-04-22,310.0,320.8900146484375,308.3900146484375,320.3900146484375,126285.0,0.0,0.0,
2021-04-23,324.25,324.25,316.5,320.260009765625,270009.0,0.0,0.0,
2021-04-26,329.8999938964844,339.5,324.0,325.4100036621094,459171.0,0.0,0.0,
2021-04-27,336.0,336.0,324.7300109863281,329.5799865722656,140086.0,0.0,0.0,
2021-04-28,330.5599975585938,340.0,330.5599975585938,339.4800109863281,96010.0,0.0,0.0,
2021-04-29,341.2900085449219,344.6600036621094,334.989990234375,339.1799926757812,196814.0,0.0,0.0,
2021-04-30,333.25,336.6400146484375,328.3999938964844,329.4700012207031,486559.0,0.0,0.0,
2021-05-03,329.4700012207031,339.3500061035156,321.0,327.0199890136719,165216.0,0.0,0.0,
2021-05-04,317.2000122070312,332.5,313.8999938964844,324.989990234375,55889.0,0.0,0.0,
2021-05-05,328.1700134277344,331.3200073242188,323.9500122070312,330.6600036621094,31307.0,0.0,0.0,
2021-05-06,331.4599914550781,331.4700012207031,328.0,330.0199890136719,48509.0,0.0,0.0,
2021-05-07,332.8900146484375,334.1799926757812,329.739990234375,330.8599853515625,68949.0,0.0,0.0,
2021-05-10,350.7000122070312,350.7000122070312,332.3900146484375,333.2900085449219,45424.0,0.0,0.0,
2021-05-11,332.5,333.25,328.2900085449219,330.260009765625,83515.0,0.0,0.0,
2021-05-12,326.8999938964844,329.1300048828125,321.5,326.4599914550781,208890.0,0.0,0.0,
2021-05-14,326.5400085449219,328.1600036621094,323.5,323.9100036621094,83614.0,0.0,0.0,
2021-05-17,304.5,336.7099914550781,304.5,336.5499877929688,85393.0,0.0,0.0,
2021-05-18,338.0,343.2999877929688,338.0,341.5499877929688,197979.0,0.0,0.0,
2021-05-19,339.7099914550781,341.8200073242188,338.239990234375,339.2000122070312,116561.0,0.0,0.0,
2021-05-20,340.0,340.3999938964844,335.5,336.25,38910.0,0.0,0.0,
2021-05-21,316.1000061035156,349.3099975585938,316.1000061035156,348.1099853515625,82997.0,0.0,0.0,
2021-05-24,351.2699890136719,354.6199951171875,347.0,351.7099914550781,210369.0,0.0,0.0,
2021-05-25,351.7099914550781,357.5,347.0799865722656,350.0499877929688,272766.0,0.0,0.0,
2021-05-26,356.0,356.0,347.8800048828125,350.1499938964844,54034.0,0.0,0.0,
2021-05-27,350.7300109863281,354.9500122070312,348.2999877929688,353.5499877929688,389424.0,0.0,0.0,
2021-05-28,357.8200073242188,357.8200073242188,353.0,354.6900024414062,133282.0,0.0,0.0,
2021-05-31,376.0,376.0,352.4800109863281,356.8800048828125,106740.0,0.0,0.0,
2021-06-01,357.989990234375,359.4700012207031,355.0,356.0199890136719,45701.0,0.0,0.0,
2021-06-02,354.7200012207031,357.0,353.5199890136719,356.6799926757812,44368.0,0.0,0.0,
2021-06-03,357.0,359.8999938964844,357.0,358.7900085449219,69988.0,0.0,0.0,
2021-06-04,359.0,360.5,355.1000061035156,355.6499938964844,416786.0,0.0,0.0,
2021-06-07,357.2999877929688,358.010009765625,356.010009765625,357.0499877929688,69306.0,0.0,0.0,
2021-06-08,356.0,356.4700012207031,352.3999938964844,353.3500061035156,155673.0,0.0,0.0,
2021-06-09,353.0899963378906,356.2300109863281,349.239990234375,350.1700134277344,273615.0,0.0,0.0,
2021-06-10,351.0,354.260009765625,349.9500122070312,353.4700012207031,66125.0,0.0,0.0,
2021-06-11,354.5400085449219,355.510009765625,351.5899963378906,352.5,85088.0,0.0,0.0,
2021-06-14,351.9299926757812,352.2000122070312,346.1499938964844,351.9700012207031,153793.0,0.0,0.0,
2021-06-15,352.0499877929688,355.2999877929688,352.0499877929688,354.489990234375,399486.0,0.0,0.0,
2021-06-16,371.1700134277344,371.1700134277344,351.9500122070312,352.4599914550781,68837.0,0.0,0.0,
2021-06-17,351.0,351.0,346.75,348.5599975585938,459902.0,0.0,0.0,
2021-06-18,350.0899963378906,350.0899963378906,341.8999938964844,348.3800048828125,54881.0,0.0,0.0,
2021-06-21,345.8299865722656,351.7699890136719,342.1000061035156,351.4200134277344,44172.0,0.0,0.0,
2021-06-22,353.9599914550781,355.0,349.2699890136719,350.0,164608.0,0.0,0.0,
2021-06-23,352.1300048828125,352.1300048828125,348.5,349.0299987792969,192628.0,0.0,0.0,
2021-06-24,348.5,352.6099853515625,348.5,351.3500061035156,130877.0,0.0,0.0,
2021-06-25,353.1300048828125,357.6099853515625,352.0,355.8500061035156,486691.0,0.0,0.0,
2021-06-28,357.6799926757812,357.9800109863281,355.0,356.3999938964844,125425.0,0.0,0.0,
2021-06-29,355.0,355.8500061035156,352.6499938964844,353.8099975585938,85246.0,0.0,0.0,
2021-06-30,353.0,355.8299865722656,351.4800109863281,351.7000122070312,326190.0,0.0,0.0,
2021-07-01,350.8399963378906,352.5,350.3999938964844,350.4800109863281,155793.0,0.0,0.0,
2021-07-02,351.7099914550781,352.3999938964844,350.25,351.6099853515625,115686.0,0.0,0.0,
2021-07-05,330.5,355.4299926757812,330.5,355.2099914550781,93877.0,0.0,0.0,
2021-07-06,355.2099914550781,360.6700134277344,354.5,358.2999877929688,278545.0,0.0,0.0,
2021-07-07,358.2999877929688,360.7999877929688,356.7200012207031,360.1400146484375,81564.0,0.0,0.0,
2021-07-08,381.7000122070312,381.7000122070312,355.1499938964844,356.5199890136719,183742.0,0.0,0.0,
2021-07-09,335.1000061035156,361.5499877929688,335.1000061035156,354.6199951171875,198353.0,0.0,0.0,
2021-07-12,355.4299926757812,357.6499938964844,354.1000061035156,355.2999877929688,69333.0,0.0,0.0,
2021-07-13,357.0,359.9500122070312,356.9200134277344,359.4100036621094,72214.0,0.0,0.0,
2021-07-14,361.5499877929688,361.5499877929688,357.9500122070312,359.9100036621094,115840.0,0.0,0.0,
2021-07-15,354.0,362.8500061035156,354.0,362.3500061035156,72213.0,0.0,0.0,
2021-07-16,365.8999938964844,365.8999938964844,359.7900085449219,361.0899963378906,88625.0,0.0,0.0,
2021-07-19,358.0,358.0,352.9500122070312,354.3900146484375,231428.0,0.0,0.0,
2021-07-20,365.0,365.0,347.4299926757812,347.8599853515625,75111.0,0.0,0.0,
2021-07-22,351.0,353.2200012207031,348.8900146484375,350.4100036621094,445111.0,0.0,0.0,
2021-07-23,350.4100036621094,353.9500122070312,346.25,353.3999938964844,418488.0,0.0,0.0,
2021-07-26,399.2999877929688,399.2999877929688,350.5,352.3599853515625,120531.0,0.0,0.0,
2021-07-27,355.0499877929688,355.8999938964844,350.7000122070312,351.0700073242188,172542.0,0.0,0.0,
2021-07-28,351.75,351.7699890136719,345.1000061035156,349.0799865722656,87155.0,0.0,0.0,
2021-07-29,352.4800109863281,352.4800109863281,349.0,349.9400024414062,43092.0,0.0,0.0,
2021-07-30,352.0,352.0,347.2999877929688,349.2799987792969,32550.0,0.0,0.0,
2021-08-02,352.0,352.0,349.4599914550781,350.2900085449219,70854.0,0.0,0.0,
2021-08-03,353.9500122070312,355.4100036621094,350.260009765625,355.0799865722656,88222.0,0.0,0.0,
2021-08-04,357.0,365.0,355.8999938964844,363.1300048828125,249786.0,0.0,0.0,
2021-08-05,363.1300048828125,364.010009765625,360.0,361.9500122070312,164618.0,0.0,0.0,
2021-08-06,365.0,365.0,358.0,362.0400085449219,1252010.0,0.0,0.0,
2021-08-09,368.9800109863281,368.9800109863281,361.3699951171875,363.5799865722656,117636.0,0.0,0.0,
2021-08-10,368.0,368.0,362.6099853515625,363.5599975585938,45031.0,0.0,0.0,
2021-08-11,352.7000122070312,366.0,341.7000122070312,361.9400024414062,135247.0,0.0,0.0,
2021-08-12,364.3999938964844,364.3999938964844,360.6700134277344,363.2300109863281,86383.0,0.0,0.0,
2021-08-13,365.989990234375,365.989990234375,362.5,365.0400085449219,143437.0,0.0,0.0,
2021-08-16,376.0,376.0,360.0,364.2300109863281,55293.0,0.0,0.0,
2021-08-17,364.0,364.0,360.1799926757812,362.5599975585938,97228.0,0.0,0.0,
2021-08-18,366.0,366.0,358.1000061035156,359.3900146484375,146630.0,0.0,0.0,
2021-08-20,359.3900146484375,359.3900146484375,353.3999938964844,354.0,130337.0,0.0,0.0,
2021-08-23,361.0,361.0,352.1700134277344,354.9200134277344,149278.0,0.0,0.0,
2021-08-24,360.0,361.3599853515625,353.0499877929688,360.010009765625,49086.0,0.0,0.0,
2021-08-25,363.0,363.0,359.1400146484375,359.5400085449219,97342.0,0.0,0.0,
2021-08-26,360.0,361.4700012207031,357.8699951171875,359.9500122070312,101332.0,0.0,0.0,
2021-08-27,359.0899963378906,362.7000122070312,357.9500122070312,361.8399963378906,1857949.0,0.0,0.0,
2021-08-30,363.0,368.010009765625,361.8500061035156,367.5299987792969,131815.0,0.0,0.0,
2021-08-31,367.5499877929688,369.5,366.489990234375,368.4100036621094,136136.0,0.0,0.0,
2021-09-01,370.5,373.5,368.0,369.7799987792969,363704.0,0.0,0.0,
2021-09-02,392.0,392.0,358.75,372.4400024414062,174219.0,0.0,0.0,
2021-09-03,372.4400024414062,383.2900085449219,370.3200073242188,372.5499877929688,336553.0,0.0,0.0,
2021-09-06,375.0,375.0,365.5299987792969,370.7300109863281,320717.0,0.0,0.0,
2021-09-07,365.0499877929688,373.6900024414062,364.7999877929688,367.9400024414062,1825772.0,0.0,0.0,
2021-09-08,373.5,373.5,365.1499938964844,371.1400146484375,172101.0,0.0,0.0,
2021-09-09,372.0,372.0,368.8299865722656,369.8299865722656,247459.0,0.0,0.0,
2021-09-13,376.8800048828125,376.8800048828125,366.7000122070312,368.1099853515625,186734.0,0.0,0.0,
2021-09-14,390.2000122070312,390.2000122070312,367.989990234375,369.8699951171875,216570.0,0.0,0.0,
2021-09-15,369.8699951171875,373.0199890136719,368.7300109863281,371.989990234375,193653.0,0.0,0.0,
2021-09-16,376.0,380.9400024414062,372.0,380.3299865722656,291148.0,0.0,0.0,
2021-09-17,381.5,384.3299865722656,298.8999938964844,380.2099914550781,1128591.0,0.0,0.0,
2021-09-20,403.0,403.0,374.5799865722656,375.6799926757812,976935.0,0.0,0.0,
2021-09-21,373.5,377.0400085449219,369.5,375.8200073242188,133144.0,0.0,0.0,
2021-09-22,380.0,380.0,372.9800109863281,373.5199890136719,17517.0,0.0,0.0,
2021-09-23,380.0,381.6000061035156,373.5700073242188,381.3599853515625,64270.0,0.0,0.0,
2021-09-24,381.3599853515625,384.989990234375,380.2200012207031,381.5,96874.0,0.0,0.0,
2021-09-27,385.0,391.0,381.5,385.3599853515625,83145.0,0.0,0.0,
2021-09-28,391.0,391.0,376.7699890136719,383.4700012207031,424657.0,0.0,0.0,
2021-09-29,385.0,385.0,377.5,381.6000061035156,63274.0,0.0,0.0,
2021-09-30,381.6000061035156,385.0499877929688,378.2000122070312,378.9299926757812,49403.0,0.0,0.0,
2021-10-01,379.0,379.0,373.9599914550781,376.4200134277344,46388.0,0.0,0.0,
2021-10-04,380.0,383.4800109863281,376.0,380.4200134277344,143830.0,0.0,0.0,
2021-10-05,381.0,381.9400024414062,378.1900024414062,381.5299987792969,41874.0,0.0,0.0,
2021-10-06,378.0,384.7999877929688,378.0,378.760009765625,348910.0,0.0,0.0,
2021-10-07,375.0,384.9500122070312,375.0,381.1700134277344,21630.0,0.0,0.0,
2021-10-08,385.0,388.1799926757812,380.3500061035156,381.2000122070312,22224.0,0.0,0.0,
2021-10-11,387.7000122070312,388.0,382.2200012207031,386.1300048828125,104424.0,0.0,0.0,
2021-10-12,387.0,389.1900024414062,385.1000061035156,388.2000122070312,28781.0,0.0,0.0,
2021-10-13,394.9299926757812,394.9299926757812,388.2200012207031,389.4200134277344,152060.0,0.0,0.0,
2021-10-14,390.0,396.9700012207031,390.0,396.489990234375,72738.0,0.0,0.0,
2021-10-18,396.489990234375,403.1300048828125,396.489990234375,401.0299987792969,136207.0,0.0,0.0,
2021-10-19,425.1000061035156,425.1000061035156,398.2099914550781,400.1700134277344,239594.0,0.0,0.0,
2021-10-20,400.1700134277344,401.989990234375,396.989990234375,399.8299865722656,236261.0,0.0,0.0,
2021-10-21,404.0,406.7000122070312,399.0,404.8900146484375,1133921.0,0.0,0.0,
2021-10-22,417.0,420.0499877929688,405.3599853515625,413.760009765625,431865.0,0.0,0.0,
2021-10-25,429.7000122070312,429.7000122070312,388.8999938964844,415.9599914550781,295110.0,0.0,0.0,
2021-10-26,415.9599914550781,418.0,412.4400024414062,415.9200134277344,562700.0,0.0,0.0,
2021-10-27,419.6000061035156,419.6000061035156,412.5,414.1799926757812,207044.0,0.0,0.0,
2021-10-28,426.6000061035156,426.6000061035156,398.25,399.8999938964844,141859.0,0.0,0.0,
2021-10-29,406.6000061035156,406.6000061035156,389.5400085449219,395.6400146484375,330600.0,0.0,0.0,
2021-11-01,419.3999938964844,419.3999938964844,395.489990234375,402.8500061035156,92357.0,0.0,0.0,
2021-11-02,394.7999877929688,410.0,394.7999877929688,403.3800048828125,213744.0,0.0,0.0,
2021-11-03,410.0,410.0,397.2000122070312,397.6199951171875,106683.0,0.0,0.0,
2021-11-04,400.0,400.4200134277344,398.2699890136719,398.9700012207031,3272.0,0.0,0.0,
2021-11-08,405.9800109863281,405.9800109863281,393.6199951171875,398.6400146484375,111671.0,0.0,0.0,
2021-11-09,399.0,399.3599853515625,396.4500122070312,397.9400024414062,36137.0,0.0,0.0,
2021-11-10,397.9400024414062,404.9800109863281,392.5,393.2900085449219,52693.0,0.0,0.0,
2021-11-11,392.0,392.0,388.010009765625,389.6700134277344,91388.0,0.0,0.0,
2021-11-12,396.6799926757812,396.6799926757812,389.1300048828125,391.2699890136719,31979.0,0.0,0.0,
2021-11-15,398.2799987792969,398.2799987792969,389.7699890136719,390.9700012207031,282757.0,0.0,0.0,
2021-11-16,391.2099914550781,391.2099914550781,385.75,386.9200134277344,45511.0,0.0,0.0,
2021-11-17,385.2000122070312,388.5299987792969,383.6199951171875,384.3699951171875,73921.0,0.0,0.0,
2021-11-18,395.8999938964844,395.8999938964844,377.3800048828125,382.9500122070312,304759.0,0.0,0.0,
2021-11-22,394.3999938964844,398.25,370.6000061035156,375.489990234375,107558.0,0.0,0.0,
2021-11-23,375.489990234375,377.2699890136719,370.7300109863281,375.5599975585938,971506.0,0.0,0.0,
2021-11-24,386.7999877929688,398.1000061035156,375.1000061035156,377.2300109863281,76191.0,0.0,0.0,
2021-11-25,376.4500122070312,378.7099914550781,374.7999877929688,376.8800048828125,91853.0,0.0,0.0,
2021-11-26,375.2000122070312,375.2000122070312,363.3299865722656,364.4800109863281,127242.0,0.0,0.0,
2021-11-29,365.0,371.4800109863281,357.5499877929688,363.8299865722656,128801.0,0.0,0.0,
2021-11-30,363.9400024414062,371.2099914550781,359.0,360.4599914550781,121901.0,0.0,0.0,
2021-12-01,362.8099975585938,367.9700012207031,362.1900024414062,367.6600036621094,29626.0,0.0,0.0,
2021-12-02,367.1099853515625,369.6000061035156,366.2099914550781,369.2000122070312,32201.0,0.0,0.0,
2021-12-03,369.2000122070312,374.0,365.0,366.3900146484375,844297.0,0.0,0.0,
2021-12-06,388.3999938964844,388.3999938964844,361.489990234375,361.7699890136719,35701.0,0.0,0.0,
2021-12-07,365.0599975585938,372.5899963378906,363.7099914550781,370.5899963378906,138433.0,0.0,0.0,
2021-12-08,373.0,378.6799926757812,372.3399963378906,376.5599975585938,3178730.0,0.0,0.0,
2021-12-09,383.4800109863281,383.4800109863281,373.6000061035156,375.3999938964844,178113.0,0.0,0.0,
2021-12-10,378.3999938964844,378.3999938964844,371.2999877929688,375.5,61851.0,0.0,0.0,
2021-12-13,386.7999877929688,392.0,373.1799926757812,374.3800048828125,79798.0,0.0,0.0,
2021-12-14,382.25,382.25,369.6600036621094,373.0199890136719,186777.0,0.0,0.0,
2021-12-15,373.8200073242188,374.7799987792969,371.8299865722656,371.9500122070312,50128.0,0.0,0.0,
2021-12-16,394.2999877929688,394.2999877929688,368.5,369.2999877929688,168440.0,0.0,0.0,
2021-12-17,368.2699890136719,368.2699890136719,359.2999877929688,360.2000122070312,159575.0,0.0,0.0,
2021-12-20,371.0,381.7999877929688,344.1900024414062,348.1400146484375,375858.0,0.0,0.0,
2021-12-21,355.2300109863281,355.2300109863281,347.5499877929688,349.510009765625,478755.0,0.0,0.0,
2021-12-22,351.9700012207031,356.6799926757812,350.7300109863281,353.8999938964844,29983.0,0.0,0.0,
2021-12-23,359.0,359.0,353.510009765625,355.4200134277344,461464.0,0.0,0.0,
2021-12-24,355.4200134277344,356.1400146484375,349.25,350.8699951171875,704494.0,0.0,0.0,
2021-12-27,358.3999938964844,358.3999938964844,345.2900085449219,353.4400024414062,298932.0,0.0,0.0,
2021-12-28,356.1600036621094,356.3699951171875,353.5,354.8900146484375,98723.0,0.0,0.0,
2021-12-29,354.1600036621094,357.0,352.3299865722656,354.7000122070312,304982.0,0.0,0.0,
2021-12-30,352.8599853515625,355.0,351.3800048828125,353.7699890136719,293853.0,0.0,0.0,
2021-12-31,355.0,360.0,354.3099975585938,358.7300109863281,476690.0,0.0,0.0,
2022-01-03,369.5,369.5,359.0,368.3999938964844,455817.0,0.0,0.0,
2022-01-04,375.4299926757812,375.4800109863281,367.6499938964844,372.5499877929688,350775.0,0.0,0.0,
2022-01-05,372.5499877929688,382.4299926757812,367.0,380.5700073242188,385938.0,0.0,0.0,
2022-01-06,382.0,382.0,374.1199951171875,378.7200012207031,77750.0,0.0,0.0,
2022-01-07,380.6400146484375,385.0,378.1700134277344,381.6900024414062,106675.0,0.0,0.0,
2022-01-10,388.6799926757812,388.6799926757812,383.3900146484375,387.2699890136719,39001.0,0.0,0.0,
2022-01-11,410.5,410.5,384.5799865722656,387.7099914550781,14636.0,0.0,0.0,
2022-01-12,389.8399963378906,391.7300109863281,389.3200073242188,390.4299926757812,21358.0,0.0,0.0,
2022-01-13,389.0,390.0299987792969,387.5,388.4100036621094,231274.0,0.0,0.0,
2022-01-14,386.8599853515625,388.4700012207031,384.1099853515625,387.6300048828125,36526.0,0.0,0.0,
2022-01-17,388.5,390.0,385.6300048828125,386.3399963378906,69657.0,0.0,0.0,
2022-01-18,387.1199951171875,392.6300048828125,384.7200012207031,386.3599853515625,200620.0,0.0,0.0,
2022-01-19,409.5,409.5,381.7999877929688,384.4800109863281,53383.0,0.0,0.0,
2022-01-20,384.8999938964844,385.3900146484375,380.25,382.6000061035156,120824.0,0.0,0.0,
2022-01-21,405.6000061035156,405.6000061035156,376.1000061035156,378.7300109863281,96970.0,0.0,0.0,
2022-01-24,385.6799926757812,385.6799926757812,368.0,372.4100036621094,287888.0,0.0,0.0,
2022-01-25,369.7200012207031,382.010009765625,368.2000122070312,381.6199951171875,57603.0,0.0,0.0,
2022-01-27,381.6199951171875,387.0,370.2000122070312,383.8399963378906,271917.0,0.0,0.0,
2022-01-28,387.0,388.0199890136719,376.8299865722656,380.9500122070312,128130.0,0.0,0.0,
2022-01-31,392.0,392.0,380.6199951171875,384.3399963378906,17734.0,0.0,0.0,
2022-02-01,387.6300048828125,391.739990234375,379.9200134277344,388.8500061035156,122541.0,0.0,0.0,
2022-02-02,412.2000122070312,412.2000122070312,388.8500061035156,396.7799987792969,299538.0,0.0,0.0,
2022-02-03,396.7799987792969,400.0,392.5,393.8699951171875,98490.0,0.0,0.0,
2022-02-04,393.8699951171875,396.5899963378906,390.0,392.3200073242188,30647.0,0.0,0.0,
2022-02-07,415.8999938964844,415.8999938964844,382.5,384.3800048828125,132172.0,0.0,0.0,
2022-02-08,394.0,394.0,377.5,384.4800109863281,529554.0,0.0,0.0,
2022-02-09,389.0,390.8900146484375,382.0,390.3800048828125,328271.0,0.0,0.0,
2022-02-10,392.5,395.8200073242188,389.6799926757812,394.0299987792969,425298.0,0.0,0.0,
2022-02-11,390.0499877929688,391.6700134277344,387.1700134277344,388.8299865722656,128494.0,0.0,0.0,
2022-02-14,388.8299865722656,396.0,372.4400024414062,373.7699890136719,133965.0,0.0,0.0,
2022-02-15,351.2999877929688,385.989990234375,351.2999877929688,385.2300109863281,59045.0,0.0,0.0,
2022-02-16,386.0,387.5799865722656,381.7099914550781,382.8299865722656,30348.0,0.0,0.0,
2022-02-17,387.0,387.0,378.1600036621094,378.8099975585938,62662.0,0.0,0.0,
2022-02-18,380.0,382.1199951171875,375.8999938964844,379.6000061035156,20469.0,0.0,0.0,
2022-02-21,383.0,384.6000061035156,375.510009765625,380.6000061035156,55153.0,0.0,0.0,
2022-02-22,382.6000061035156,382.6000061035156,373.75,377.25,26672.0,0.0,0.0,
2022-02-23,384.0,384.0,377.5299987792969,377.9400024414062,32980.0,0.0,0.0,
2022-02-24,376.3999938964844,376.3999938964844,354.1300048828125,356.2799987792969,773470.0,0.0,0.0,
2022-02-25,367.0,370.9599914550781,363.489990234375,368.1000061035156,37675.0,0.0,0.0,
2022-02-28,370.3999938964844,370.3999938964844,360.3800048828125,365.9800109863281,42372.0,0.0,0.0,
2022-03-02,365.9800109863281,365.9800109863281,352.7300109863281,357.7900085449219,289534.0,0.0,0.0,
2022-03-03,379.2999877929688,379.2999877929688,350.2900085449219,351.7000122070312,915570.0,0.0,0.0,
2022-03-04,371.0,371.0,344.0199890136719,346.9599914550781,176146.0,0.0,0.0,
2022-03-07,340.0499877929688,344.8800048828125,328.2000122070312,332.6600036621094,250177.0,0.0,0.0,
2022-03-08,333.6300048828125,335.8999938964844,324.5,335.1000061035156,604297.0,0.0,0.0,
2022-03-09,336.5400085449219,342.8200073242188,333.3299865722656,341.4299926757812,66667.0,0.0,0.0,
2022-03-10,361.8999938964844,361.8999938964844,345.2999877929688,348.2300109863281,61223.0,0.0,0.0,
2022-03-11,346.25,351.7000122070312,344.7999877929688,349.0400085449219,29316.0,0.0,0.0,
2022-03-14,354.7000122070312,357.3999938964844,349.0400085449219,355.5199890136719,50973.0,0.0,0.0,
2022-03-15,359.0,359.25,350.1099853515625,353.0,60256.0,0.0,0.0,
2022-03-16,358.3699951171875,361.3599853515625,358.1499938964844,360.1300048828125,226877.0,0.0,0.0,
2022-03-17,366.7699890136719,368.9200134277344,366.0400085449219,367.1799926757812,176261.0,0.0,0.0,
2022-03-21,368.9700012207031,368.9700012207031,363.010009765625,364.010009765625,114465.0,0.0,0.0,
2022-03-22,362.6400146484375,368.5199890136719,357.4400024414062,366.7699890136719,126727.0,0.0,0.0,
2022-03-23,388.7999877929688,388.7999877929688,363.7799987792969,364.239990234375,216914.0,0.0,0.0,
2022-03-24,360.6000061035156,363.0,357.8999938964844,358.7999877929688,193380.0,0.0,0.0,
2022-03-25,359.8599853515625,359.8599853515625,355.3999938964844,357.2099914550781,194417.0,0.0,0.0,
2022-03-28,335.7999877929688,364.0,335.7999877929688,361.2200012207031,45914.0,0.0,0.0,
2022-03-29,362.9500122070312,363.1300048828125,358.7000122070312,362.1900024414062,48013.0,0.0,0.0,
2022-03-30,367.2099914550781,374.7000122070312,362.5,366.239990234375,113279.0,0.0,0.0,
2022-03-31,367.2699890136719,368.3099975585938,365.7999877929688,366.8500061035156,155302.0,0.0,0.0,
2022-04-01,369.4500122070312,374.4400024414062,360.0299987792969,373.9700012207031,157004.0,0.0,0.0,
2022-04-04,378.4299926757812,389.6099853515625,375.0,388.8800048828125,181609.0,0.0,0.0,
2022-04-05,412.2000122070312,412.2000122070312,381.8299865722656,384.9599914550781,114206.0,0.0,0.0,
2022-04-06,395.6499938964844,395.6499938964844,377.8299865722656,380.260009765625,166862.0,0.0,0.0,
2022-04-07,384.0,384.0,377.7999877929688,379.4700012207031,72513.0,0.0,0.0,
2022-04-08,390.8999938964844,391.760009765625,371.8999938964844,381.3800048828125,152459.0,0.0,0.0,
2022-04-11,380.8500061035156,382.8299865722656,378.8699951171875,379.4200134277344,12604.0,0.0,0.0,
2022-04-12,377.75,381.8099975585938,376.4299926757812,380.8900146484375,9824.0,0.0,0.0,
2022-04-13,380.8900146484375,385.0,377.1000061035156,378.4599914550781,11220.0,0.0,0.0,
2022-04-18,378.4599914550781,378.4599914550781,368.1300048828125,371.1700134277344,63884.0,0.0,0.0,
2022-04-19,371.1700134277344,378.1799926757812,362.6499938964844,366.4200134277344,29158.0,0.0,0.0,
2022-04-20,369.2300109863281,373.8800048828125,364.8200073242188,366.5899963378906,27822.0,0.0,0.0,
2022-04-21,371.6000061035156,373.0,367.3200073242188,370.2900085449219,32867.0,0.0,0.0,
2022-04-22,370.2900085449219,370.2900085449219,363.0,363.25,58412.0,0.0,0.0,
2022-04-25,361.989990234375,364.7999877929688,357.9200134277344,363.3999938964844,77302.0,0.0,0.0,
2022-04-26,370.989990234375,379.7099914550781,363.2099914550781,366.7099914550781,54521.0,0.0,0.0,
2022-04-27,364.8999938964844,364.8999938964844,360.239990234375,363.3200073242188,50917.0,0.0,0.0,
2022-04-28,356.7999877929688,366.7000122070312,356.7999877929688,365.4500122070312,89849.0,0.0,0.0,
2022-04-29,374.3999938964844,374.3999938964844,361.3200073242188,362.3699951171875,32208.0,0.0,0.0,
2022-05-02,362.3699951171875,366.989990234375,359.6000061035156,364.0400085449219,139491.0,0.0,0.0,
2022-05-04,360.2099914550781,366.0,353.3999938964844,355.0,192948.0,0.0,0.0,
2022-05-05,376.2999877929688,376.2999877929688,353.0,355.9299926757812,14939.0,0.0,0.0,
2022-05-06,352.989990234375,352.989990234375,347.3699951171875,350.8500061035156,105685.0,0.0,0.0,
2022-05-09,350.0,351.8500061035156,340.6300048828125,348.9800109863281,36148.0,0.0,0.0,
2022-05-10,352.0,352.0,345.0,348.4100036621094,26900.0,0.0,0.0,
2022-05-11,348.0,352.9700012207031,345.3800048828125,350.1000061035156,331544.0,0.0,0.0,
2022-05-12,354.3999938964844,354.3999938964844,336.5,337.0,517265.0,0.0,0.0,
2022-05-13,344.739990234375,344.739990234375,332.7000122070312,333.6300048828125,307416.0,0.0,0.0,
2022-05-16,336.8500061035156,340.6799926757812,333.6300048828125,338.8800048828125,33588.0,0.0,0.0,
2022-05-17,359.2000122070312,359.2000122070312,339.9599914550781,345.3900146484375,22550.0,0.0,0.0,
2022-05-18,348.0,348.7099914550781,343.7699890136719,344.0199890136719,81402.0,0.0,0.0,
2022-05-19,339.8399963378906,340.8299865722656,333.7000122070312,339.5899963378906,188107.0,0.0,0.0,
2022-05-20,339.5899963378906,346.6499938964844,339.5899963378906,346.2099914550781,22718.0,0.0,0.0,
2022-05-23,370.8900146484375,370.8900146484375,340.0299987792969,345.4800109863281,34986.0,0.0,0.0,
2022-05-24,340.2099914550781,352.4800109863281,340.2099914550781,346.9700012207031,304782.0,0.0,0.0,
2022-05-25,348.5,349.989990234375,345.6199951171875,346.5400085449219,7150.0,0.0,0.0,
2022-05-26,353.5,354.7000122070312,347.5199890136719,354.1000061035156,226162.0,0.0,0.0,
2022-05-27,354.7000122070312,359.7000122070312,354.7000122070312,357.4200134277344,97383.0,0.0,0.0,
2022-05-30,358.0,364.6799926757812,358.0,362.1199951171875,532372.0,0.0,0.0,
2022-05-31,370.8900146484375,370.8900146484375,355.25,358.9500122070312,70267.0,0.0,0.0,
2022-06-01,358.9500122070312,364.2999877929688,356.6099853515625,361.6000061035156,61297.0,0.0,0.0,
2022-06-02,368.6799926757812,368.6799926757812,359.0499877929688,360.3999938964844,17884.0,0.0,0.0,
2022-06-03,361.3500061035156,365.0,356.2099914550781,356.9599914550781,92281.0,0.0,0.0,
2022-06-06,356.9599914550781,359.7000122070312,355.1000061035156,358.1900024414062,47738.0,0.0,0.0,
2022-06-07,375.5400085449219,379.7000122070312,353.2999877929688,355.3699951171875,34013.0,0.0,0.0,
2022-06-08,351.6499938964844,360.7900085449219,351.6499938964844,353.760009765625,20543.0,0.0,0.0,
2022-06-09,353.760009765625,356.3999938964844,350.0,355.5700073242188,5632.0,0.0,0.0,
2022-06-10,355.5700073242188,355.5700073242188,347.5,348.6099853515625,123840.0,0.0,0.0,
2022-06-13,347.989990234375,347.989990234375,336.0499877929688,337.8699951171875,135738.0,0.0,0.0,
2022-06-14,338.7999877929688,340.9500122070312,335.1900024414062,337.739990234375,63037.0,0.0,0.0,
2022-06-15,337.3599853515625,339.0499877929688,336.25,336.5199890136719,1454687.0,0.0,0.0,
2022-06-16,343.6799926757812,343.6799926757812,328.3099975585938,329.0299987792969,179523.0,0.0,0.0,
2022-06-17,328.3099975585938,334.9700012207031,322.0299987792969,330.9299926757812,896907.0,0.0,0.0,
2022-06-20,337.8800048828125,337.8800048828125,326.1499938964844,330.25,122035.0,0.0,0.0,
2022-06-21,337.0,339.0,331.2000122070312,335.9800109863281,198925.0,0.0,0.0,
2022-06-22,342.9800109863281,342.9800109863281,329.2000122070312,331.1900024414062,147588.0,0.0,0.0,
2022-06-23,338.1799926757812,338.8399963378906,331.6600036621094,335.0700073242188,224418.0,0.0,0.0,
2022-06-24,341.0,342.0,337.0,340.9700012207031,29401.0,0.0,0.0,
2022-06-27,341.2099914550781,344.4500122070312,341.2099914550781,342.239990234375,222843.0,0.0,0.0,
2022-06-28,349.2799987792969,349.2799987792969,338.6900024414062,340.3200073242188,891576.0,0.0,0.0,
2022-06-29,333.5499877929688,339.3999938964844,333.5499877929688,336.7200012207031,67940.0,0.0,0.0,
2022-06-30,337.6300048828125,339.7099914550781,336.5700073242188,337.8299865722656,246097.0,0.0,0.0,
2022-07-01,330.6300048828125,341.5899963378906,330.6300048828125,339.0899963378906,31286.0,0.0,0.0,
2022-07-04,359.3999938964844,359.3999938964844,339.989990234375,343.2300109863281,57764.0,0.0,0.0,
2022-07-05,349.3999938964844,349.3999938964844,341.239990234375,342.989990234375,172791.0,0.0,0.0,
2022-07-06,349.0,349.6300048828125,343.2999877929688,348.760009765625,48002.0,0.0,0.0,
2022-07-07,351.25,354.0,350.1700134277344,353.3200073242188,42940.0,0.0,0.0,
2022-07-08,367.5799865722656,367.5799865722656,353.8200073242188,355.8699951171875,483597.0,0.0,0.0,
2022-07-11,355.0,359.2799987792969,354.9100036621094,358.4800109863281,118876.0,0.0,0.0,
2022-07-12,363.0,363.0,354.3399963378906,355.5700073242188,517563.0,0.0,0.0,
2022-07-13,362.7000122070312,362.7000122070312,351.2200012207031,352.3599853515625,441312.0,0.0,0.0,
2022-07-14,357.3999938964844,357.3999938964844,350.0,350.8999938964844,410926.0,0.0,0.0,
2022-07-15,357.3999938964844,357.3999938964844,349.2000122070312,351.2999877929688,241565.0,0.0,0.0,
2022-07-18,372.3999938964844,372.3999938964844,350.0,357.760009765625,68135.0,0.0,0.0,
2022-07-19,361.989990234375,361.989990234375,356.4500122070312,361.0499877929688,48008.0,0.0,0.0,
2022-07-20,361.7999877929688,366.4200134277344,361.7999877929688,363.760009765625,107564.0,0.0,0.0,
2022-07-21,383.5,385.6000061035156,363.1000061035156,365.8800048828125,40599.0,0.0,0.0,
2022-07-22,365.8800048828125,371.7999877929688,365.8800048828125,371.1099853515625,27349.0,0.0,0.0,
2022-07-25,376.6000061035156,376.6000061035156,368.4200134277344,370.989990234375,326162.0,0.0,0.0,
2022-07-26,371.0,373.7900085449219,367.8699951171875,370.3299865722656,510385.0,0.0,0.0,
2022-07-27,370.4700012207031,375.8399963378906,367.4299926757812,373.8900146484375,388071.0,0.0,0.0,
2022-07-28,371.8299865722656,380.4100036621094,371.8299865722656,378.760009765625,325597.0,0.0,0.0,
2022-07-29,380.0,382.75,378.0,379.489990234375,187150.0,0.0,0.0,
2022-08-01,382.0,383.5499877929688,378.6600036621094,383.2799987792969,94711.0,0.0,0.0,
2022-08-02,389.2999877929688,389.2999877929688,381.0,384.3699951171875,58841.0,0.0,0.0,
2022-08-03,384.260009765625,385.8800048828125,381.3800048828125,385.0400085449219,50210.0,0.0,0.0,
2022-08-04,386.0,387.1499938964844,377.9800109863281,382.7699890136719,104470.0,0.0,0.0,
2022-08-05,384.0,387.1400146484375,382.239990234375,383.9700012207031,357981.0,0.0,0.0,
2022-08-08,385.5,387.5,382.2000122070312,387.010009765625,959915.0,0.0,0.0,
2022-08-10,388.5,389.7900085449219,386.5,388.6000061035156,387182.0,0.0,0.0,
2022-08-11,390.0,394.0,390.0,393.2799987792969,358363.0,0.0,0.0,
2022-08-12,393.2799987792969,395.5,386.5299987792969,395.0899963378906,557037.0,0.0,0.0,
2022-08-16,418.7999877929688,418.7999877929688,396.0,397.8999938964844,281719.0,0.0,0.0,
2022-08-17,397.8999938964844,400.2000122070312,396.7799987792969,399.7000122070312,94370.0,0.0,0.0,
2022-08-18,405.0,405.0,398.2999877929688,401.8500061035156,137881.0,0.0,0.0,
2022-08-19,405.0,405.0,391.5499877929688,394.8200073242188,255707.0,0.0,0.0,
2022-08-22,399.2999877929688,399.2999877929688,386.2999877929688,387.7999877929688,292071.0,0.0,0.0,
2022-08-23,411.1000061035156,411.1000061035156,385.4400024414062,391.6499938964844,481489.0,0.0,0.0,
2022-08-24,384.6300048828125,397.0,384.6300048828125,395.9700012207031,317331.0,0.0,0.0,
2022-08-25,391.0299987792969,400.6199951171875,391.0299987792969,396.6400146484375,57217.0,0.0,0.0,
2022-08-26,408.5,409.1799926757812,395.0,396.7300109863281,163862.0,0.0,0.0,
2022-08-29,401.2300109863281,401.2300109863281,386.5,389.010009765625,61645.0,0.0,0.0,
2022-08-30,391.7900085449219,402.7200012207031,391.7900085449219,401.5599975585938,100481.0,0.0,0.0,
2022-09-01,398.3999938964844,402.6600036621094,396.2099914550781,398.5899963378906,213859.0,0.0,0.0,
2022-09-02,405.0,405.0,397.8800048828125,399.9100036621094,141491.0,0.0,0.0,
2022-09-05,402.9500122070312,405.5,399.9100036621094,405.4299926757812,222571.0,0.0,0.0,
2022-09-06,404.989990234375,407.0,401.5199890136719,403.3399963378906,236054.0,0.0,0.0,
2022-09-07,405.0,405.0,399.2900085449219,400.6400146484375,17016.0,0.0,0.0,
2022-09-08,408.6700134277344,408.6700134277344,400.8099975585938,407.9200134277344,142090.0,0.0,0.0,
2022-09-09,409.0,412.3900146484375,408.989990234375,410.8599853515625,163794.0,0.0,0.0,
2022-09-12,413.2900085449219,413.2900085449219,410.5,411.739990234375,211280.0,0.0,0.0,
2022-09-13,415.9400024414062,415.9400024414062,412.3500061035156,415.5899963378906,95725.0,0.0,0.0,
2022-09-14,413.6900024414062,422.5,410.7099914550781,421.1600036621094,176893.0,0.0,0.0,
2022-09-15,420.989990234375,423.989990234375,417.4500122070312,418.2300109863281,165910.0,0.0,0.0,
2022-09-16,419.989990234375,419.989990234375,411.3099975585938,414.2799987792969,82701.0,0.0,0.0,
2022-09-19,421.2699890136719,421.2699890136719,412.0299987792969,415.2200012207031,113883.0,0.0,0.0,
2022-09-20,418.8200073242188,422.7000122070312,418.8200073242188,421.0199890136719,198102.0,0.0,0.0,
2022-09-21,421.0199890136719,421.989990234375,414.760009765625,418.0199890136719,140663.0,0.0,0.0,
2022-09-22,417.0,417.7999877929688,410.9100036621094,412.239990234375,150488.0,0.0,0.0,
2022-09-23,411.8900146484375,411.8900146484375,401.510009765625,402.6799926757812,99648.0,0.0,0.0,
2022-09-26,404.8699951171875,404.8699951171875,391.9700012207031,392.6000061035156,197668.0,0.0,0.0,
2022-09-27,393.2200012207031,396.5899963378906,389.3999938964844,391.4500122070312,208057.0,0.0,0.0,
2022-09-28,390.9700012207031,390.9700012207031,383.2799987792969,384.3299865722656,149213.0,0.0,0.0,
2022-09-29,388.8900146484375,389.4599914550781,381.2999877929688,383.0199890136719,93322.0,0.0,0.0,
2022-09-30,399.6900024414062,399.6900024414062,380.3099975585938,393.0,39241.0,0.0,0.0,
2022-10-03,399.989990234375,399.989990234375,386.0,387.3999938964844,124691.0,0.0,0.0,
2022-10-04,393.7300109863281,398.3599853515625,393.7300109863281,398.1600036621094,82203.0,0.0,0.0,
2022-10-06,398.4100036621094,404.989990234375,398.4100036621094,400.2900085449219,49010.0,0.0,0.0,
2022-10-07,424.2900085449219,424.2900085449219,393.6000061035156,397.0199890136719,19788.0,0.0,0.0,
2022-10-10,394.9700012207031,410.0,392.510009765625,400.1300048828125,162987.0,0.0,0.0,
2022-10-11,417.1900024414062,417.1900024414062,393.1000061035156,393.9500122070312,50663.0,0.0,0.0,
2022-10-12,398.989990234375,398.989990234375,393.3099975585938,397.4500122070312,24483.0,0.0,0.0,
2022-10-13,398.989990234375,398.989990234375,391.8299865722656,393.3500061035156,156518.0,0.0,0.0,
2022-10-14,400.7099914550781,402.1300048828125,398.010009765625,399.5700073242188,78322.0,0.0,0.0,
2022-10-17,404.6700134277344,407.8200073242188,398.1199951171875,406.5700073242188,154285.0,0.0,0.0,
2022-10-18,418.2000122070312,418.2000122070312,408.510009765625,410.1099853515625,212509.0,0.0,0.0,
2022-10-19,411.010009765625,413.2699890136719,409.2900085449219,410.1799926757812,59934.0,0.0,0.0,
2022-10-20,398.0199890136719,409.1300048828125,398.0199890136719,407.8200073242188,81531.0,0.0,0.0,
2022-10-21,407.8200073242188,417.1600036621094,407.8200073242188,416.2099914550781,73750.0,0.0,0.0,
2022-10-24,416.5,419.989990234375,416.5,418.9500122070312,5132.0,0.0,0.0,
2022-10-25,420.0,420.1499938964844,415.7699890136719,417.1099853515625,108661.0,0.0,0.0,
2022-10-27,420.0,420.5400085449219,418.239990234375,418.6700134277344,55005.0,0.0,0.0,
2022-10-28,418.7000122070312,421.9299926757812,414.7099914550781,415.7200012207031,29744.0,0.0,0.0,
2022-10-31,422.9700012207031,422.9700012207031,417.3099975585938,418.6499938964844,171086.0,0.0,0.0,
2022-11-01,425.6700134277344,425.6700134277344,418.1400146484375,419.1199951171875,341214.0,0.0,0.0,
2022-11-02,437.6900024414062,437.6900024414062,416.6499938964844,417.1900024414062,22833.0,0.0,0.0,
2022-11-03,416.6600036621094,420.0,415.5599975585938,418.9400024414062,238408.0,0.0,0.0,
2022-11-04,418.9500122070312,420.2999877929688,416.3500061035156,417.5,69070.0,0.0,0.0,
2022-11-07,428.989990234375,428.989990234375,419.2999877929688,422.2900085449219,192375.0,0.0,0.0,
2022-11-09,423.489990234375,426.010009765625,422.7999877929688,423.5,164850.0,0.0,0.0,
2022-11-10,423.0,423.0,418.5599975585938,421.4400024414062,565598.0,0.0,0.0,
2022-11-11,441.1700134277344,441.1700134277344,424.0899963378906,427.3299865722656,126862.0,0.0,0.0,
2022-11-14,429.1900024414062,429.1900024414062,425.3500061035156,426.5400085449219,9820.0,0.0,0.0,
2022-11-15,429.9599914550781,430.2699890136719,427.0499877929688,429.4299926757812,41498.0,0.0,0.0,
2022-11-16,433.989990234375,433.989990234375,429.0,431.7300109863281,72654.0,0.0,0.0,
2022-11-17,431.7200012207031,433.0,430.010009765625,431.2300109863281,8287.0,0.0,0.0,
2022-11-18,430.9599914550781,431.3500061035156,429.0,429.75,31797.0,0.0,0.0,
2022-11-21,436.989990234375,436.989990234375,427.8299865722656,428.8099975585938,20302.0,0.0,0.0,
2022-11-22,433.989990234375,433.989990234375,429.4100036621094,430.2699890136719,4027.0,0.0,0.0,
2022-11-23,434.989990234375,434.989990234375,431.5899963378906,433.3699951171875,41135.0,0.0,0.0,
2022-11-24,434.5,437.5,433.6099853515625,436.0599975585938,61289.0,0.0,0.0,
2022-11-25,438.989990234375,439.5499877929688,435.0400085449219,436.7300109863281,40432.0,0.0,0.0,
2022-11-28,440.989990234375,440.989990234375,434.5499877929688,435.9800109863281,178342.0,0.0,0.0,
2022-11-29,437.7900085449219,438.5,435.6799926757812,436.0,174316.0,0.0,0.0,
2022-11-30,438.5799865722656,438.9700012207031,434.9200134277344,438.4700012207031,456150.0,0.0,0.0,
2022-12-01,434.9299926757812,440.6700134277344,434.9299926757812,437.8699951171875,62188.0,0.0,0.0,
2022-12-02,464.0899963378906,464.0899963378906,435.3099975585938,436.9800109863281,36450.0,0.0,0.0,
2022-12-05,448.7999877929688,448.7999877929688,434.0,438.9599914550781,39961.0,0.0,0.0,
2022-12-06,443.989990234375,443.989990234375,437.2799987792969,437.9500122070312,58737.0,0.0,0.0,
2022-12-07,437.0599975585938,439.1900024414062,435.510009765625,436.6700134277344,61370.0,0.0,0.0,
2022-12-08,437.5,442.1700134277344,436.3699951171875,440.6499938964844,100414.0,0.0,0.0,
2022-12-09,440.010009765625,444.9100036621094,439.3099975585938,441.3299865722656,7488.0,0.0,0.0,
2022-12-12,445.0,445.0,439.75,443.010009765625,6743.0,0.0,0.0,
2022-12-13,443.6799926757812,447.3999938964844,443.4599914550781,446.989990234375,71943.0,0.0,0.0,
2022-12-14,450.5,450.5,445.3099975585938,446.6799926757812,3797.0,0.0,0.0,
2022-12-15,447.1900024414062,448.0,440.0,441.260009765625,372563.0,0.0,0.0,
2022-12-16,440.8900146484375,442.0899963378906,436.760009765625,439.5899963378906,61468.0,0.0,0.0,
2022-12-19,439.5799865722656,441.3500061035156,438.0,439.9400024414062,311288.0,0.0,0.0,
2022-12-20,439.9400024414062,440.2999877929688,436.0,439.2300109863281,237274.0,0.0,0.0,
2022-12-21,440.9200134277344,441.8999938964844,430.4400024414062,432.5400085449219,256507.0,0.0,0.0,
2022-12-22,433.9700012207031,435.0299987792969,428.260009765625,430.0199890136719,343961.0,0.0,0.0,
2022-12-23,432.9400024414062,432.9400024414062,421.3900146484375,422.1700134277344,340448.0,0.0,0.0,
2022-12-26,427.989990234375,434.0899963378906,418.010009765625,432.1199951171875,269192.0,0.0,0.0,
2022-12-27,440.0,440.0,430.0,434.6300048828125,152759.0,0.0,0.0,
2022-12-28,436.8900146484375,436.8900146484375,433.3099975585938,435.9599914550781,148036.0,0.0,0.0,
2022-12-29,409.7999877929688,439.75,409.7999877929688,437.4100036621094,39434.0,0.0,0.0,
2022-12-30,443.989990234375,443.989990234375,432.0,436.2699890136719,83536.0,0.0,0.0,
2023-01-02,439.5400085449219,440.0,436.2699890136719,437.8699951171875,13014.0,0.0,0.0,
2023-01-03,444.9700012207031,444.9700012207031,437.9400024414062,441.0899963378906,30890.0,0.0,0.0,
2023-01-04,441.0199890136719,442.3999938964844,435.1000061035156,436.6199951171875,21679.0,0.0,0.0,
2023-01-05,437.9500122070312,437.9500122070312,428.6499938964844,431.3500061035156,1118072.0,0.0,0.0,
2023-01-06,432.989990234375,432.989990234375,424.2300109863281,427.010009765625,1322656.0,0.0,0.0,
2023-01-09,434.9700012207031,434.9700012207031,427.2999877929688,430.9700012207031,1219039.0,0.0,0.0,
2023-01-10,448.9500122070312,450.3800048828125,423.9400024414062,425.5899963378906,217616.0,0.0,0.0,
2023-01-11,426.7000122070312,428.6199951171875,422.7799987792969,427.8999938964844,57389.0,0.0,0.0,
2023-01-12,436.5,436.5,423.0499877929688,426.0299987792969,159820.0,0.0,0.0,
2023-01-13,434.5499877929688,434.5499877929688,423.0599975585938,428.6700134277344,35511.0,0.0,0.0,
2023-01-16,429.989990234375,431.6499938964844,426.2799987792969,426.7099914550781,99067.0,0.0,0.0,
2023-01-17,426.2999877929688,429.4599914550781,424.2999877929688,428.0199890136719,104289.0,0.0,0.0,
2023-01-18,427.6000061035156,430.6300048828125,426.8599853515625,429.7000122070312,56535.0,0.0,0.0,
2023-01-19,431.4299926757812,431.4299926757812,427.6900024414062,428.1300048828125,91158.0,0.0,0.0,
2023-01-20,428.1300048828125,432.5799865722656,428.1300048828125,430.25,68751.0,0.0,0.0,
2023-01-23,435.0,435.4500122070312,432.760009765625,433.9100036621094,69386.0,0.0,0.0,
2023-01-24,434.7900085449219,436.0799865722656,431.6400146484375,432.3800048828125,100067.0,0.0,0.0,
2023-01-25,431.7900085449219,432.1799926757812,421.4299926757812,422.8299865722656,82950.0,0.0,0.0,
2023-01-27,429.9700012207031,429.9700012207031,408.2999877929688,409.7200012207031,151136.0,0.0,0.0,
2023-01-30,422.0,422.0,401.6400146484375,410.5899963378906,172851.0,0.0,0.0,
2023-01-31,410.5799865722656,415.1499938964844,408.7999877929688,414.4500122070312,48395.0,0.0,0.0,
2023-02-01,416.989990234375,425.9100036621094,401.0299987792969,410.1499938964844,60110.0,0.0,0.0,
2023-02-02,407.8800048828125,413.2699890136719,404.0299987792969,412.1300048828125,81590.0,0.0,0.0,
2023-02-03,416.7900085449219,420.4599914550781,411.5,420.2000122070312,56533.0,0.0,0.0,
2023-02-06,425.0,425.0,418.2000122070312,419.3399963378906,88731.0,0.0,0.0,
2023-02-07,421.4500122070312,421.7000122070312,416.5799865722656,420.4700012207031,40110.0,0.0,0.0,
2023-02-08,421.5599975585938,422.7099914550781,419.7699890136719,421.4100036621094,29110.0,0.0,0.0,
2023-02-09,421.1000061035156,423.0400085449219,418.9500122070312,421.8699951171875,65409.0,0.0,0.0,
2023-02-10,422.3699951171875,422.489990234375,419.4100036621094,422.0,28931.0,0.0,0.0,
2023-02-13,428.9800109863281,428.9800109863281,416.9200134277344,418.2900085449219,44330.0,0.0,0.0,
2023-02-14,420.989990234375,422.7999877929688,417.8200073242188,422.5799865722656,21323.0,0.0,0.0,
2023-02-15,423.489990234375,423.489990234375,419.7300109863281,421.9200134277344,39085.0,0.0,0.0,
2023-02-16,423.1700134277344,425.0,421.2699890136719,421.9200134277344,8086.0,0.0,0.0,
2023-02-17,425.2699890136719,425.2699890136719,414.7900085449219,416.3299865722656,24753.0,0.0,0.0,
2023-02-20,416.0599975585938,420.1300048828125,412.1400146484375,413.6300048828125,27135.0,0.0,0.0,
2023-02-21,414.0899963378906,414.3999938964844,411.0,411.7900085449219,150859.0,0.0,0.0,
2023-02-22,410.4200134277344,410.6099853515625,405.0,406.6000061035156,38605.0,0.0,0.0,
2023-02-23,406.6000061035156,407.6199951171875,402.75,406.6600036621094,28434.0,0.0,0.0,
2023-02-24,408.0,409.3999938964844,404.6600036621094,404.9100036621094,14254.0,0.0,0.0,
2023-02-27,404.8999938964844,410.5,404.1499938964844,409.7000122070312,33770.0,0.0,0.0,
2023-02-28,417.8999938964844,417.8999938964844,407.3099975585938,408.6600036621094,56859.0,0.0,0.0,
2023-03-01,415.9700012207031,415.9700012207031,409.9800109863281,412.739990234375,11991.0,0.0,0.0,
2023-03-02,413.6600036621094,413.9599914550781,409.739990234375,410.1499938964844,22704.0,0.0,0.0,
2023-03-03,410.1499938964844,419.0,410.1499938964844,417.6400146484375,28681.0,0.0,0.0,
2023-03-06,422.0,422.0,417.5899963378906,418.9500122070312,36338.0,0.0,0.0,
2023-03-08,431.5199890136719,431.5199890136719,417.1099853515625,421.1799926757812,8663.0,0.0,0.0,
2023-03-09,425.989990234375,425.989990234375,418.0400085449219,418.510009765625,2091.0,0.0,0.0,
2023-03-10,414.510009765625,414.510009765625,409.75,411.1199951171875,31216.0,0.0,0.0,
2023-03-13,419.3500061035156,419.3500061035156,401.0,402.5,48285.0,0.0,0.0,
2023-03-14,404.489990234375,404.489990234375,397.6799926757812,400.8500061035156,49058.0,0.0,0.0,
2023-03-15,403.6300048828125,404.6000061035156,394.0199890136719,395.6900024414062,87755.0,0.0,0.0,
2023-03-16,399.5299987792969,399.5299987792969,392.3200073242188,396.8900146484375,117018.0,0.0,0.0,
2023-03-17,401.989990234375,401.989990234375,395.2900085449219,401.0299987792969,75356.0,0.0,0.0,
2023-03-20,401.989990234375,401.989990234375,394.4100036621094,399.1099853515625,117639.0,0.0,0.0,
2023-03-21,399.4299926757812,405.3299865722656,399.2200012207031,403.5899963378906,124439.0,0.0,0.0,
2023-03-22,403.5799865722656,405.6300048828125,403.5700073242188,404.5199890136719,41404.0,0.0,0.0,
2023-03-23,404.489990234375,407.9100036621094,400.6700134277344,402.2200012207031,94607.0,0.0,0.0,
2023-03-24,404.5,404.5,397.7000122070312,399.1799926757812,54390.0,0.0,0.0,
2023-03-27,399.3099975585938,401.989990234375,398.0,399.4100036621094,30740.0,0.0,0.0,
2023-03-28,399.4700012207031,402.5,398.5199890136719,401.0400085449219,37713.0,0.0,0.0,
2023-03-29,401.3599853515625,405.5,401.3599853515625,404.9599914550781,148958.0,0.0,0.0,
2023-03-31,409.9599914550781,412.7900085449219,407.1799926757812,411.2799987792969,55630.0,0.0,0.0,
2023-04-03,413.6000061035156,413.6099853515625,410.5199890136719,413.1099853515625,13090.0,0.0,0.0,
2023-04-05,425.5,425.5,411.0299987792969,415.0400085449219,18891.0,0.0,0.0,
2023-04-06,417.2000122070312,418.1799926757812,413.4400024414062,416.5899963378906,81724.0,0.0,0.0,
2023-04-10,419.989990234375,419.989990234375,412.5199890136719,414.0599975585938,8979.0,0.0,0.0,
2023-04-11,414.3299865722656,419.7999877929688,414.3299865722656,418.9400024414062,31873.0,0.0,0.0,
2023-04-12,419.0299987792969,420.8599853515625,418.6600036621094,420.1600036621094,218293.0,0.0,0.0,
2023-04-13,421.010009765625,427.0,420.5599975585938,426.4500122070312,29455.0,0.0,0.0,
2023-04-17,439.25,439.25,421.9500122070312,427.6400146484375,14507.0,0.0,0.0,
2023-04-18,427.989990234375,430.5,426.6799926757812,428.0700073242188,8260.0,0.0,0.0,
2023-04-19,428.1799926757812,428.6900024414062,426.0700073242188,426.9100036621094,28455.0,0.0,0.0,
2023-04-20,427.4800109863281,429.2099914550781,426.739990234375,428.4200134277344,7804.0,0.0,0.0,
2023-04-21,428.489990234375,428.989990234375,425.6900024414062,426.4700012207031,33578.0,0.0,0.0,
2023-04-24,426.4800109863281,432.7799987792969,426.4800109863281,432.0,270382.0,0.0,0.0,
2023-04-25,432.8900146484375,434.5,431.7099914550781,432.0299987792969,10454.0,0.0,0.0,
2023-04-26,432.0400085449219,434.5700073242188,429.7900085449219,433.5499877929688,28059.0,0.0,0.0,
2023-04-27,433.3599853515625,436.989990234375,433.1600036621094,436.2799987792969,16206.0,0.0,0.0,
2023-04-28,440.0,440.0,434.3099975585938,437.5899963378906,7127.0,0.0,0.0,
2023-05-02,446.3500061035156,446.3500061035156,437.3099975585938,440.8599853515625,57539.0,0.0,0.0,
2023-05-03,440.8599853515625,441.6700134277344,435.010009765625,440.0299987792969,15918.0,0.0,0.0,
2023-05-04,439.9400024414062,443.0,438.0599975585938,442.3800048828125,28323.0,0.0,0.0,
2023-05-05,443.739990234375,443.739990234375,432.4200134277344,433.3500061035156,64806.0,0.0,0.0,
2023-05-08,439.8500061035156,439.9599914550781,434.3599853515625,438.1300048828125,61718.0,0.0,0.0,
2023-05-09,440.489990234375,440.9100036621094,436.8399963378906,437.6000061035156,5346.0,0.0,0.0,
2023-05-10,450.75,450.75,434.010009765625,439.2000122070312,2252.0,0.0,0.0,
2023-05-11,440.1099853515625,441.75,439.2200012207031,440.760009765625,12478.0,0.0,0.0,
2023-05-12,443.5799865722656,444.3999938964844,438.8299865722656,443.3200073242188,18367.0,0.0,0.0,
2023-05-15,430.0,463.2799987792969,430.0,445.8599853515625,24052.0,0.0,0.0,
2023-05-16,454.7799987792969,454.7799987792969,444.010009765625,444.7000122070312,40424.0,0.0,0.0,
2023-05-17,444.7099914550781,446.5899963378906,441.510009765625,442.8999938964844,50946.0,0.0,0.0,
2023-05-18,444.7099914550781,447.239990234375,444.2000122070312,444.4599914550781,3891.0,0.0,0.0,
2023-05-19,444.4599914550781,446.739990234375,441.8800048828125,446.1600036621094,14237.0,0.0,0.0,
2023-05-22,446.1600036621094,447.6400146484375,444.8900146484375,445.8399963378906,4941.0,0.0,0.0,
2023-05-23,445.3099975585938,447.739990234375,445.0,445.4800109863281,4195.0,0.0,0.0,
2023-05-24,448.5,448.5,443.0,443.9200134277344,14922.0,0.0,0.0,
2023-05-25,443.9200134277344,443.9200134277344,440.1400146484375,443.6199951171875,23035.0,0.0,0.0,
2023-05-26,442.9100036621094,450.0,442.739990234375,448.9599914550781,293582.0,0.0,0.0,
2023-05-29,449.5,454.3500061035156,448.9599914550781,450.7300109863281,41698.0,0.0,0.0,
2023-05-30,437.2000122070312,452.8399963378906,437.2000122070312,451.6000061035156,8998.0,0.0,0.0,
2023-05-31,454.4599914550781,454.5499877929688,447.3099975585938,449.5899963378906,39074.0,0.0,0.0,
2023-06-01,449.2999877929688,450.0199890136719,445.3099975585938,445.75,39263.0,0.0,0.0,
2023-06-02,450.5,450.5,447.0,448.0299987792969,409146.0,0.0,0.0,
2023-06-05,453.5400085449219,453.5400085449219,448.9100036621094,450.2300109863281,6434.0,0.0,0.0,
2023-06-06,450.6900024414062,450.989990234375,448.5799865722656,450.2099914550781,394251.0,0.0,0.0,
2023-06-07,454.0,454.0,450.1099853515625,451.0899963378906,6791.0,0.0,0.0,
2023-06-08,450.8999938964844,454.3599853515625,446.8599853515625,447.3099975585938,385713.0,0.0,0.0,
2023-06-09,449.989990234375,450.1600036621094,445.2699890136719,447.9200134277344,5240.0,0.0,0.0,
2023-06-12,452.6600036621094,452.6600036621094,446.5499877929688,447.5499877929688,12797.0,0.0,0.0,
2023-06-13,447.5499877929688,451.989990234375,440.239990234375,448.5400085449219,47868.0,0.0,0.0,
2023-06-14,450.2099914550781,450.2099914550781,447.3099975585938,447.6000061035156,7576.0,0.0,0.0,
2023-06-15,448.989990234375,448.989990234375,442.0,442.6199951171875,98318.0,0.0,0.0,
2023-06-16,447.5599975585938,448.9400024414062,443.0199890136719,446.6600036621094,20630.0,0.0,0.0,
2023-06-19,450.989990234375,450.989990234375,442.3999938964844,443.8299865722656,54664.0,0.0,0.0,
2023-06-20,443.7999877929688,447.989990234375,441.5,445.2999877929688,158019.0,0.0,0.0,
2023-06-21,445.3099975585938,447.1900024414062,444.8599853515625,446.7900085449219,69926.0,0.0,0.0,
2023-06-22,450.3500061035156,450.3500061035156,444.2900085449219,444.7999877929688,5037.0,0.0,0.0,
2023-06-23,449.8200073242188,449.8200073242188,443.0,443.8800048828125,3426.0,0.0,0.0,
2023-06-26,442.7999877929688,447.8299865722656,442.7999877929688,444.0,13374.0,0.0,0.0,
2023-06-27,447.25,449.8999938964844,445.0,448.7200012207031,7658.0,0.0,0.0,
2023-06-28,449.1600036621094,452.5,448.2900085449219,451.4599914550781,17250.0,0.0,0.0,
2023-06-30,454.6499938964844,456.5,451.8099975585938,455.1600036621094,7177.0,0.0,0.0,
2023-07-03,455.1600036621094,461.6000061035156,453.4599914550781,459.8500061035156,22687.0,0.0,0.0,
2023-07-04,463.989990234375,464.8999938964844,458.0599975585938,462.0,24570.0,0.0,0.0,
2023-07-05,462.0,462.510009765625,458.9700012207031,459.6400146484375,34291.0,0.0,0.0,
2023-07-06,461.8099975585938,463.7200012207031,458.6799926757812,462.1799926757812,763901.0,0.0,0.0,
2023-07-07,462.4100036621094,462.4100036621094,457.2699890136719,459.4299926757812,37198.0,0.0,0.0,
2023-07-10,463.8599853515625,463.8599853515625,456.25,457.8500061035156,7582.0,0.0,0.0,
2023-07-11,463.7999877929688,463.7999877929688,455.5799865722656,457.0199890136719,180042.0,0.0,0.0,
2023-07-12,461.4400024414062,461.4400024414062,454.1499938964844,454.6900024414062,102244.0,0.0,0.0,
2023-07-13,456.010009765625,458.989990234375,454.1000061035156,454.7200012207031,196849.0,0.0,0.0,
2023-07-14,455.0,458.8900146484375,454.0299987792969,456.8399963378906,6439.0,0.0,0.0,
2023-07-17,463.8999938964844,463.8999938964844,454.1300048828125,462.8999938964844,284627.0,0.0,0.0,
2023-07-18,462.8900146484375,467.0,461.3299865722656,462.2000122070312,23920.0,0.0,0.0,
2023-07-19,466.0,471.4400024414062,462.010009765625,464.3299865722656,8756.0,0.0,0.0,
2023-07-20,464.3299865722656,470.9400024414062,462.010009765625,469.5899963378906,29883.0,0.0,0.0,
2023-07-21,469.9800109863281,472.1000061035156,462.239990234375,469.1799926757812,4602.0,0.0,0.0,
2023-07-24,471.010009765625,475.9800109863281,466.4500122070312,467.3299865722656,7556.0,0.0,0.0,
2023-07-25,467.5199890136719,469.0199890136719,464.6600036621094,467.6099853515625,17502.0,0.0,0.0,
2023-07-26,463.4100036621094,469.3500061035156,460.4100036621094,468.2699890136719,7973.0,0.0,0.0,
2023-07-27,469.3900146484375,471.0899963378906,463.75,465.2999877929688,56624.0,0.0,0.0,
2023-07-28,465.0,465.0,460.5299987792969,462.6600036621094,46046.0,0.0,0.0,
2023-07-31,462.6600036621094,468.8999938964844,461.7999877929688,464.489990234375,6401.0,0.0,0.0,
2023-08-01,465.4200134277344,465.5299987792969,463.0,464.739990234375,26656.0,0.0,0.0,
2023-08-02,468.8900146484375,468.8900146484375,455.5899963378906,458.3500061035156,197923.0,0.0,0.0,
2023-08-03,458.3599853515625,458.5599975585938,451.6600036621094,454.1600036621094,467433.0,0.0,0.0,
2023-08-04,455.5899963378906,458.9599914550781,453.0700073242188,456.7799987792969,6064.0,0.0,0.0,
2023-08-07,459.3200073242188,459.3200073242188,455.9400024414062,457.510009765625,30568.0,0.0,0.0,
2023-08-08,460.5,460.510009765625,457.0299987792969,459.2900085449219,213201.0,0.0,0.0,
2023-08-09,463.6400146484375,463.6400146484375,454.7900085449219,457.9100036621094,55946.0,0.0,0.0,
2023-08-10,457.2999877929688,459.7000122070312,454.0,455.1000061035156,25626.0,0.0,0.0,
2023-08-11,456.0299987792969,456.0299987792969,450.5499877929688,451.4400024414062,15542.0,0.0,0.0,
2023-08-14,453.1000061035156,453.1000061035156,446.6900024414062,449.8900146484375,115239.0,0.0,0.0,
2023-08-16,449.8900146484375,450.0,445.6000061035156,448.5499877929688,180917.0,0.0,0.0,
2023-08-17,449.5799865722656,451.5,446.510009765625,448.3900146484375,233254.0,0.0,0.0,
2023-08-18,451.3399963378906,451.3399963378906,445.0,447.489990234375,136423.0,0.0,0.0,
2023-08-21,447.5,449.75,447.3299865722656,449.1099853515625,2815.0,0.0,0.0,
2023-08-22,451.8900146484375,451.8900146484375,446.2699890136719,447.4100036621094,49121.0,0.0,0.0,
2023-08-23,448.3399963378906,454.1099853515625,448.0199890136719,453.7900085449219,35128.0,0.0,0.0,
2023-08-24,456.7900085449219,459.7000122070312,453.4200134277344,455.8699951171875,297038.0,0.0,0.0,
2023-08-25,455.2999877929688,455.2999877929688,449.7999877929688,452.5499877929688,3651.0,0.0,0.0,
2023-08-28,453.6000061035156,457.5400085449219,451.3099975585938,454.4599914550781,21030.0,0.0,0.0,
2023-08-29,452.2099914550781,456.989990234375,452.2099914550781,454.1499938964844,12434.0,0.0,0.0,
2023-08-30,454.3500061035156,457.5899963378906,450.2300109863281,452.0400085449219,146496.0,0.0,0.0,
2023-08-31,452.0400085449219,453.3200073242188,447.9700012207031,449.989990234375,20185.0,0.0,0.0,
2023-09-01,452.489990234375,456.9800109863281,448.0,452.5299987792969,50497.0,0.0,0.0,
2023-09-04,447.1099853515625,455.2300109863281,447.1099853515625,454.8800048828125,90215.0,0.0,0.0,
2023-09-05,454.8699951171875,456.1000061035156,453.7000122070312,455.5899963378906,30511.0,0.0,0.0,
2023-09-06,458.6000061035156,458.6000061035156,451.6300048828125,453.8500061035156,7754.0,0.0,0.0,
2023-09-07,455.9400024414062,458.1000061035156,450.1099853515625,457.7099914550781,14911.0,0.0,0.0,
2023-09-08,460.989990234375,462.8999938964844,454.010009765625,460.8200073242188,110981.0,0.0,0.0,
2023-09-11,464.989990234375,465.25,460.010009765625,464.6799926757812,12290.0,0.0,0.0,
2023-09-12,466.989990234375,467.3999938964844,461.5199890136719,464.1000061035156,39728.0,0.0,0.0,
2023-09-13,469.6199951171875,469.6199951171875,462.2699890136719,467.8900146484375,35340.0,0.0,0.0,
2023-09-14,467.8900146484375,471.8999938964844,467.2799987792969,468.9800109863281,943045.0,0.0,0.0,
2023-09-15,473.0,473.0,463.5,469.5799865722656,941928.0,0.0,0.0,
2023-09-18,464.1499938964844,471.4599914550781,464.1499938964844,468.8699951171875,136465.0,0.0,0.0,
2023-09-20,467.989990234375,468.0,460.0199890136719,463.6199951171875,14671.0,0.0,0.0,
2023-09-21,465.489990234375,465.5,453.8399963378906,454.3699951171875,1096885.0,0.0,0.0,
2023-09-22,457.5,458.6499938964844,451.3099975585938,455.1799926757812,236669.0,0.0,0.0,
2023-09-25,457.489990234375,458.9700012207031,454.0700073242188,457.6499938964844,6332.0,0.0,0.0,
2023-09-26,459.6900024414062,459.6900024414062,453.9500122070312,456.3399963378906,3116.0,0.0,0.0,
2023-09-27,454.6300048828125,456.3099975585938,451.6700134277344,456.0299987792969,3405.0,0.0,0.0,
2023-09-28,460.489990234375,460.489990234375,451.510009765625,454.3800048828125,153040.0,0.0,0.0,
2023-09-29,457.8999938964844,457.8999938964844,453.3099975585938,456.0299987792969,30552.0,0.0,0.0,
2023-10-03,460.5,460.5,448.1000061035156,452.3200073242188,36570.0,0.0,0.0,
2023-10-04,454.8999938964844,454.8999938964844,447.5,449.3699951171875,337261.0,0.0,0.0,
2023-10-05,449.510009765625,452.989990234375,449.510009765625,451.4500122070312,191924.0,0.0,0.0,
2023-10-06,456.489990234375,456.489990234375,451.3099975585938,452.4299926757812,26764.0,0.0,0.0,
2023-10-09,451.7900085449219,456.6000061035156,446.7099914550781,449.6099853515625,386359.0,0.0,0.0,
2023-10-10,448.010009765625,456.3900146484375,448.010009765625,454.260009765625,303247.0,0.0,0.0,
2023-10-11,451.5,457.989990234375,451.5,455.489990234375,321049.0,0.0,0.0,
2023-10-12,455.2999877929688,455.489990234375,454.3500061035156,454.6300048828125,15714.0,0.0,0.0,
2023-10-13,452.8299865722656,455.5899963378906,451.239990234375,452.6900024414062,146841.0,0.0,0.0,
2023-10-16,450.010009765625,452.7699890136719,450.010009765625,452.2300109863281,9677.0,0.0,0.0,
2023-10-17,453.1499938964844,455.989990234375,452.1799926757812,453.1300048828125,10477.0,0.0,0.0,
2023-10-18,452.989990234375,453.5899963378906,447.2000122070312,447.6000061035156,306511.0,0.0,0.0,
2023-10-19,447.2099914550781,448.8399963378906,445.1400146484375,446.4700012207031,74190.0,0.0,0.0,
2023-10-20,445.010009765625,447.4500122070312,444.8299865722656,445.75,13219.0,0.0,0.0,
2023-10-23,445.739990234375,448.0700073242188,438.6000061035156,440.1199951171875,23756.0,0.0,0.0,
2023-10-25,444.1900024414062,444.1900024414062,436.8299865722656,437.8500061035156,134194.0,0.0,0.0,
2023-10-26,443.6000061035156,443.6000061035156,429.1300048828125,432.3399963378906,51907.0,0.0,0.0,
2023-10-27,437.0,437.0,432.3299865722656,436.3500061035156,189621.0,0.0,0.0,
2023-10-30,442.1000061035156,442.1000061035156,432.8699951171875,439.6400146484375,107126.0,0.0,0.0,
2023-10-31,439.6499938964844,440.7999877929688,436.760009765625,437.4599914550781,30214.0,0.0,0.0,
2023-11-01,440.5899963378906,440.5899963378906,435.2300109863281,436.9200134277344,89056.0,0.0,0.0,
2023-11-02,443.5899963378906,443.5899963378906,436.5499877929688,440.2200012207031,8902.0,0.0,0.0,
2023-11-03,442.989990234375,442.989990234375,437.010009765625,442.4400024414062,4003.0,0.0,0.0,
2023-11-06,436.5,446.260009765625,436.5,445.7799987792969,10130.0,0.0,0.0,
2023-11-07,448.8900146484375,448.8900146484375,441.4200134277344,445.6499938964844,73365.0,0.0,0.0,
2023-11-08,449.7999877929688,449.7999877929688,444.1900024414062,445.4800109863281,41737.0,0.0,0.0,
2023-11-09,445.0,447.8800048828125,444.1099853515625,445.7099914550781,40208.0,0.0,0.0,
2023-11-10,444.7099914550781,447.6700134277344,443.8399963378906,446.5,10129.0,0.0,0.0,
2023-11-13,447.2999877929688,448.5400085449219,445.5599975585938,447.4599914550781,23543.0,0.0,0.0,
2023-11-15,449.8900146484375,452.9599914550781,449.8900146484375,451.1499938964844,25366.0,0.0,0.0,
2023-11-16,452.510009765625,453.5400085449219,449.8399963378906,451.5599975585938,27043.0,0.0,0.0,
2023-11-17,446.3399963378906,449.3399963378906,443.010009765625,443.7799987792969,62879.0,0.0,0.0,
2023-11-20,443.7799987792969,448.489990234375,443.0899963378906,445.1300048828125,81505.0,0.0,0.0,
2023-11-21,449.0,449.0,444.5,446.489990234375,22352.0,0.0,0.0,
2023-11-22,445.6600036621094,445.6600036621094,440.7799987792969,443.7999877929688,134793.0,0.0,0.0,
2023-11-23,440.8099975585938,445.0,440.8099975585938,444.760009765625,7552.0,0.0,0.0,
2023-11-24,444.7699890136719,446.7799987792969,444.510009765625,446.3999938964844,19298.0,0.0,0.0,
2023-11-28,450.7999877929688,450.7999877929688,445.0400085449219,448.5400085449219,44782.0,0.0,0.0,
2023-11-29,449.5799865722656,456.2099914550781,448.6199951171875,454.989990234375,20236.0,0.0,0.0,
2023-11-30,450.3099975585938,467.0,450.3099975585938,461.1900024414062,575091.0,0.0,0.0,
2023-12-01,460.9800109863281,460.9800109863281,451.7099914550781,458.4100036621094,27194.0,0.0,0.0,
2023-12-04,463.1900024414062,474.4400024414062,462.4100036621094,473.4400024414062,727566.0,0.0,0.0,
2023-12-05,475.0,482.9100036621094,475.0,479.8800048828125,131747.0,0.0,0.0,
2023-12-06,479.8800048828125,484.8900146484375,477.010009765625,478.5400085449219,8454.0,0.0,0.0,
2023-12-07,476.6600036621094,479.6900024414062,475.1099853515625,478.239990234375,11521.0,0.0,0.0,
2023-12-08,475.510009765625,483.0,475.510009765625,481.8800048828125,7007.0,0.0,0.0,
2023-12-11,483.989990234375,485.7999877929688,481.010009765625,482.989990234375,339421.0,0.0,0.0,
2023-12-12,483.0,483.7000122070312,480.510009765625,481.6700134277344,9542.0,0.0,0.0,
2023-12-13,481.7900085449219,482.8999938964844,478.7900085449219,481.6900024414062,9202.0,0.0,0.0,
2023-12-14,482.5,489.989990234375,482.5,487.3900146484375,8797.0,0.0,0.0,
2023-12-15,483.6600036621094,492.3599853515625,483.6600036621094,491.3699951171875,14166.0,0.0,0.0,
2023-12-18,496.489990234375,496.489990234375,487.3099975585938,489.4800109863281,85066.0,0.0,0.0,
2023-12-19,488.989990234375,490.489990234375,485.6199951171875,489.8500061035156,9527.0,0.0,0.0,
2023-12-20,490.0,491.989990234375,481.0,483.6799926757812,6795.0,0.0,0.0,
2023-12-21,482.510009765625,490.3999938964844,479.3999938964844,489.8699951171875,111483.0,0.0,0.0,
2023-12-22,489.989990234375,490.5899963378906,483.7999877929688,484.760009765625,12836.0,0.0,0.0,
2023-12-26,486.4599914550781,489.0899963378906,483.8900146484375,486.0,334787.0,0.0,0.0,
2023-12-27,487.6799926757812,493.489990234375,487.2900085449219,493.1900024414062,20422.0,0.0,0.0,
2023-12-28,494.0,496.5,492.0,494.6300048828125,50621.0,0.0,0.0,
2023-12-29,494.989990234375,495.0,491.4500122070312,493.2900085449219,9182.0,0.0,0.0,
2024-01-01,493.2900085449219,497.2900085449219,491.510009765625,493.4800109863281,4713.0,0.0,0.0,
2024-01-02,498.2999877929688,498.2999877929688,486.0,487.1600036621094,208140.0,0.0,0.0,
2024-01-03,492.989990234375,494.9800109863281,484.8399963378906,485.9500122070312,236624.0,0.0,0.0,
2024-01-04,493.5,493.5,487.1600036621094,491.8099975585938,113377.0,0.0,0.0,
2024-01-05,494.1900024414062,494.239990234375,487.9599914550781,490.8800048828125,9439.0,0.0,0.0,
2024-01-08,490.8999938964844,490.989990234375,483.3800048828125,484.5599975585938,574402.0,0.0,0.0,
2024-01-09,485.0,490.2900085449219,481.1900024414062,482.0700073242188,358600.0,0.0,0.0,
2024-01-10,482.0700073242188,484.2099914550781,480.5,483.5799865722656,466979.0,0.0,0.0,
2024-01-11,483.5799865722656,485.6700134277344,482.5,483.4700012207031,562588.0,0.0,0.0,
2024-01-12,484.1900024414062,488.2900085449219,483.7799987792969,486.7000122070312,45254.0,0.0,0.0,
2024-01-15,480.3099975585938,492.2900085449219,480.3099975585938,491.0700073242188,13112.0,0.0,0.0,
2024-01-16,494.0,494.0,482.239990234375,490.3200073242188,523075.0,0.0,0.0,
2024-01-17,489.2999877929688,489.2999877929688,467.0499877929688,472.2099914550781,328833.0,0.0,0.0,
2024-01-18,471.989990234375,472.2000122070312,463.6300048828125,467.6600036621094,278765.0,0.0,0.0,
2024-01-19,474.989990234375,474.989990234375,466.5,467.1000061035156,124294.0,0.0,0.0,
2024-01-23,477.489990234375,477.489990234375,461.0700073242188,463.8900146484375,3038301.0,0.0,0.0,
2024-01-24,461.989990234375,468.6499938964844,455.7900085449219,463.9700012207031,3898154.0,0.0,0.0,
2024-01-25,464.010009765625,464.010009765625,454.3999938964844,456.8999938964844,251176.0,0.0,0.0,
2024-01-29,465.1099853515625,465.9100036621094,460.010009765625,462.7799987792969,186122.0,0.0,0.0,
2024-01-30,466.9800109863281,466.9800109863281,461.1099853515625,463.1099853515625,24201.0,0.0,0.0,
2024-01-31,468.2999877929688,470.3999938964844,460.2900085449219,469.510009765625,27285.0,0.0,0.0,
2024-02-01,464.6099853515625,475.6000061035156,464.6099853515625,469.9599914550781,90215.0,0.0,0.0,
2024-02-02,478.989990234375,478.989990234375,467.7900085449219,468.1600036621094,40565.0,0.0,0.0,
2024-02-05,472.2900085449219,472.2900085449219,465.5400085449219,466.5700073242188,32143.0,0.0,0.0,
2024-02-06,467.0,470.489990234375,464.5299987792969,466.5599975585938,6831.0,0.0,0.0,
2024-02-07,466.5499877929688,469.9500122070312,465.6499938964844,467.6199951171875,41526.0,0.0,0.0,
2024-02-08,468.4800109863281,470.9100036621094,458.010009765625,459.5899963378906,42621.0,0.0,0.0,
2024-02-09,464.489990234375,467.2999877929688,458.9100036621094,466.1199951171875,15941.0,0.0,0.0,
2024-02-12,471.989990234375,472.9800109863281,456.3599853515625,457.8500061035156,54623.0,0.0,0.0,
2024-02-13,460.489990234375,466.2099914550781,455.010009765625,464.0899963378906,100820.0,0.0,0.0,
2024-02-14,463.4400024414062,470.8399963378906,457.760009765625,467.5199890136719,43310.0,0.0,0.0,
2024-02-15,471.989990234375,471.989990234375,464.8299865722656,470.5599975585938,184401.0,0.0,0.0,
2024-02-16,466.510009765625,476.010009765625,466.510009765625,472.6300048828125,34818.0,0.0,0.0,
2024-02-19,478.2900085449219,478.2999877929688,472.2900085449219,473.8900146484375,16352.0,0.0,0.0,
2024-02-20,477.9200134277344,480.0,472.7999877929688,479.7699890136719,30195.0,0.0,0.0,
2024-02-22,480.3399963378906,479.3299865722656,474.3299865722656,475.0,4696.0,0.0,0.0,
2024-02-21,480.3399963378906,482.5299987792969,477.010009765625,479.1900024414063,140063.0,0.0,0.0,
2024-02-23,479.260009765625,481.0,476.0299987792969,476.6000061035156,137960.0,0.0,0.0,
2024-02-26,476.2099914550781,477.6799926757813,473.5,474.3900146484375,186455.0,0.0,0.0,
2024-02-27,474.3999938964844,475.8999938964844,472.0,474.5899963378906,32763.0,0.0,0.0,
2024-02-28,474.1000061035156,476.2099914550781,468.0,468.80999755859375,55286.0,0.0,0.0,
2024-02-29,468.4400024414063,472.5,466.2000122070313,469.7999877929688,36055.0,0.0,0.0,
2024-03-01,483.8999938964844,483.8999938964844,473.4299926757813,481.7000122070313,18708.0,0.0,0.0,
2024-03-04,483.0,484.2999877929688,480.760009765625,483.9299926757813,33654.0,0.0,0.0,
2024-03-05,482.8299865722656,486.5400085449219,480.7699890136719,485.0,33262.0,0.0,0.0,
2024-03-06,484.489990234375,490.5,483.6799926757813,488.9100036621094,147170.0,0.0,0.0,
2024-03-07,488.9299926757813,489.5,487.010009765625,487.4599914550781,17278.0,0.0,0.0,
2024-03-11,492.8599853515625,492.8699951171875,482.3699951171875,482.9599914550781,60782.0,0.0,0.0,
2024-03-12,482.9599914550781,487.9700012207031,479.2200012207031,482.0700073242188,33693.0,0.0,0.0,
2024-03-13,483.4299926757813,484.0299987792969,477.010009765625,478.2799987792969,16127.0,0.0,0.0,
2024-03-14,480.9700012207031,481.0,475.2900085449219,476.4200134277344,9612.0,0.0,0.0,
2024-03-15,470.010009765625,481.2999877929688,470.010009765625,475.0499877929688,6290.0,0.0,0.0,
2024-03-18,468.510009765625,481.5,468.510009765625,475.30999755859375,18506.0,0.0,0.0,
2024-03-19,473.5400085449219,474.75,471.8200073242188,472.260009765625,28555.0,0.0,0.0,
2024-03-20,473.3200073242188,475.3500061035156,468.0,472.0799865722656,12585.0,0.0,0.0,
2024-03-21,475.260009765625,480.0,474.739990234375,478.3200073242188,160603.0,0.0,0.0,
2024-03-22,475.1099853515625,479.989990234375,474.9100036621094,479.239990234375,4166.0,0.0,0.0,
2024-03-26,483.9700012207031,484.2999877929688,475.510009765625,477.4800109863281,9030.0,0.0,0.0,
2024-03-27,482.9700012207031,483.9800109863281,476.6799926757813,478.2799987792969,11577.0,0.0,0.0,
2024-03-28,479.30999755859375,483.9700012207031,479.30999755859375,481.9800109863281,13343.0,0.0,0.0,
2024-04-01,487.9700012207031,487.9700012207031,483.5700073242188,485.0199890136719,16057.0,0.0,0.0,
2024-04-02,485.2799987792969,487.5,483.5,485.6199951171875,424824.0,0.0,0.0,
2024-04-03,485.260009765625,487.5499877929688,483.010009765625,486.9800109863281,346318.0,0.0,0.0,
2024-04-04,490.0,491.6600036621094,486.9100036621094,490.9100036621094,144088.0,0.0,0.0,
2024-04-05,490.0,496.0499877929688,488.2099914550781,494.1499938964844,299362.0,0.0,0.0,
2024-04-08,494.2000122070313,498.260009765625,493.5700073242188,496.2900085449219,253110.0,0.0,0.0,
2024-04-09,496.2900085449219,499.0400085449219,495.1300048828125,497.9800109863281,259957.0,0.0,0.0,
2024-04-10,497.3900146484375,501.4100036621094,496.25,500.4400024414063,136647.0,0.0,0.0,
2024-04-12,499.489990234375,499.5,495.8999938964844,496.3699951171875,16110.0,0.0,0.0,
2024-04-15,496.0899963378906,496.1000061035156,487.4100036621094,488.239990234375,35567.0,0.0,0.0,
2024-04-16,487.2999877929688,487.2999877929688,483.489990234375,484.5299987792969,130819.0,0.0,0.0,
2024-04-18,486.2799987792969,487.8999938964844,479.9800109863281,480.7200012207031,40759.0,0.0,0.0,
2024-04-19,477.25,486.0899963378906,474.5899963378906,485.0499877929688,27417.0,0.0,0.0,
2024-04-22,493.2900085449219,493.2999877929688,486.0899963378906,488.7699890136719,359866.0,0.0,0.0,
2024-04-23,489.8299865722656,490.4800109863281,488.2999877929688,489.1499938964844,9333.0,0.0,0.0,
2024-04-24,490.0,491.8800048828125,489.3299865722656,491.25,5197.0,0.0,0.0,
2024-04-25,491.239990234375,495.0899963378906,488.2300109863281,493.6199951171875,253364.0,0.0,0.0,
2024-04-26,495.7200012207031,495.7200012207031,490.1700134277344,491.9200134277344,12559.0,0.0,0.0,
2024-04-29,491.0,503.8500061035156,489.010009765625,503.25,44275.0,0.0,0.0,
2024-04-30,503.239990234375,509.1400146484375,502.1400146484375,502.8399963378906,82506.0,0.0,0.0,
2024-05-02,501.0499877929688,504.9800109863281,500.6099853515625,501.8800048828125,104854.0,0.0,0.0,
2024-05-03,504.3500061035156,505.25,496.7000122070313,498.9500122070313,13649.0,0.0,0.0,
2024-05-06,501.6199951171875,502.2000122070313,497.2999877929688,497.75,153499.0,0.0,0.0,
2024-05-07,499.2099914550781,499.3500061035156,491.0299987792969,491.8399963378906,38434.0,0.0,0.0,
2024-05-08,490.8500061035156,492.0799865722656,488.0,489.8200073242188,39802.0,0.0,0.0,
2024-05-09,490.6700134277344,491.9200134277344,483.739990234375,484.5,17884.0,0.0,0.0,
2024-05-10,489.489990234375,489.7099914550781,484.0,485.6700134277344,36282.0,0.0,0.0,
2024-05-13,485.7099914550781,490.0,481.2099914550781,488.989990234375,50331.0,0.0,0.0,
2024-05-14,488.989990234375,490.9599914550781,487.6300048828125,489.7099914550781,80871.0,0.0,0.0,
2024-05-15,491.0199890136719,491.2900085449219,486.5,488.1499938964844,133570.0,0.0,0.0,
2024-05-16,491.0700073242188,491.510009765625,484.3800048828125,489.8999938964844,133263.0,0.0,0.0,
2024-05-17,504.6000061035156,504.6000061035156,488.3699951171875,491.8500061035156,13754.0,0.0,0.0,
2024-05-21,485.0,501.9100036621094,485.0,491.6300048828125,12484.0,0.0,0.0,
2024-05-22,491.2300109863281,491.7200012207031,486.2099914550781,489.260009765625,12693.0,0.0,0.0,
2024-05-23,489.3699951171875,500.0,489.3699951171875,499.4500122070313,40065.0,0.0,0.0,
2024-05-24,492.2200012207031,504.9700012207031,492.2099914550781,501.5,24062.0,0.0,0.0,
2024-05-27,516.5499877929688,516.5499877929688,500.80999755859375,505.0,23002.0,0.0,0.0,
2024-05-28,510.0899963378906,510.0899963378906,502.5400085449219,503.3599853515625,27986.0,0.0,0.0,
2024-05-29,503.010009765625,503.010009765625,496.0,497.1000061035156,48310.0,0.0,0.0,
2024-05-30,498.6499938964844,502.8699951171875,497.239990234375,499.3900146484375,30392.0,0.0,0.0,
2024-05-31,499.3900146484375,504.4700012207031,497.9500122070313,501.8399963378906,49171.0,0.0,0.0,
2024-06-03,505.30999755859375,529.5900268554688,505.30999755859375,520.6900024414062,339878.0,0.0,0.0,
2024-06-04,523.010009765625,523.010009765625,474.5,494.1099853515625,666538.0,0.0,0.0,
2024-06-05,490.2999877929688,514.97998046875,480.0799865722656,501.9800109863281,194509.0,0.0,0.0,
2024-06-06,504.5299987792969,508.2699890136719,500.5,503.010009765625,193243.0,0.0,0.0,
2024-06-07,512.2899780273438,512.2899780273438,498.010009765625,508.6199951171875,28403.0,0.0,0.0,
2024-06-10,508.8399963378906,514.5999755859375,507.5,508.8200073242188,165271.0,0.0,0.0,
2024-06-11,508.8200073242188,514.469970703125,507.1600036621094,508.80999755859375,19685.0,0.0,0.0,
2024-06-12,508.989990234375,514.25,508.6300048828125,511.6900024414063,138456.0,0.0,0.0,
2024-06-13,512.1799926757812,514.780029296875,509.6600036621094,511.5400085449219,29319.0,0.0,0.0,
2024-06-14,526.9000244140625,526.9000244140625,508.5499877929688,512.489990234375,34335.0,0.0,0.0,
2024-06-18,512.5,517.5800170898438,511.4500122070313,514.6400146484375,318748.0,0.0,0.0,
2024-06-19,518.5,532.9000244140625,514.4099731445312,528.3699951171875,414969.0,0.0,0.0,
2024-06-20,528.6900024414062,532.0499877929688,526.52001953125,531.1699829101562,994874.0,0.0,0.0,
2024-06-21,531.1599731445312,531.4000244140625,525.8800048828125,529.22998046875,25965.0,0.0,0.0,
2024-06-24,513.3499755859375,530.989990234375,513.3499755859375,528.6400146484375,229438.0,0.0,0.0,
2024-06-25,532.760009765625,539.6300048828125,530.0,538.510009765625,32016.0,0.0,0.0,
2024-06-26,535.6500244140625,543.0999755859375,533.1300048828125,541.97998046875,32056.0,0.0,0.0,
2024-06-27,541.4600219726562,545.489990234375,538.7999877929688,541.4099731445312,37201.0,0.0,0.0,
2024-06-28,546.6900024414062,546.7000122070312,535.9600219726562,538.7000122070312,139969.0,0.0,0.0,
2024-07-01,548.0,548.0,536.5,538.969970703125,59147.0,0.0,0.0,
2024-07-02,541.739990234375,541.739990234375,534.52001953125,536.8300170898438,32848.0,0.0,0.0,
2024-07-03,539.9199829101562,546.3499755859375,537.760009765625,545.780029296875,205327.0,0.0,0.0,
2024-07-04,545.780029296875,547.1799926757812,541.7999877929688,545.530029296875,28190.0,0.0,0.0,
2024-07-05,544.989990234375,545.0,536.4099731445312,541.2100219726562,27839.0,0.0,0.0,
2024-07-08,544.989990234375,545.0,536.219970703125,537.9299926757812,16767.0,0.0,0.0,
2024-07-09,539.989990234375,540.6900024414062,537.9299926757812,539.3200073242188,23287.0,0.0,0.0,
2024-07-10,538.7000122070312,538.7000122070312,534.5999755859375,535.1500244140625,51695.0,0.0,0.0,
2024-07-11,535.1599731445312,538.0,531.3200073242188,536.1500244140625,161441.0,0.0,0.0,
2024-07-12,536.1500244140625,540.1099853515625,535.0,536.2899780273438,77367.0,0.0,0.0,
2024-07-15,552.4000244140625,552.4000244140625,534.4000244140625,539.1099853515625,30867.0,0.0,0.0,
2024-07-16,538.6599731445312,539.8300170898438,537.280029296875,538.2999877929688,29649.0,0.0,0.0,
2024-07-18,537.1699829101562,540.7000122070312,535.8400268554688,539.5,146322.0,0.0,0.0,
2024-07-19,539.9500122070312,539.9500122070312,535.0,535.989990234375,91185.0,0.0,0.0,
2024-07-22,535.989990234375,539.9500122070312,531.0800170898438,535.4299926757812,195241.0,0.0,0.0,
2024-07-23,535.4199829101562,538.0900268554688,527.6400146484375,533.030029296875,75629.0,0.0,0.0,
2024-07-24,530.010009765625,532.3499755859375,523.0,526.8699951171875,141995.0,0.0,0.0,
2024-07-25,525.489990234375,525.489990234375,519.739990234375,521.969970703125,325713.0,0.0,0.0,
2024-07-26,521.489990234375,526.97998046875,519.47998046875,526.02001953125,107143.0,0.0,0.0,
2024-07-29,530.0,536.0,525.2000122070312,526.719970703125,78595.0,0.0,0.0,
2024-07-30,531.9600219726562,532.5700073242188,521.4600219726562,528.4299926757812,48586.0,0.0,0.0,
2024-07-31,528.4199829101562,548.6500244140625,526.02001953125,530.9199829101562,187081.0,0.0,0.0,
2024-08-01,532.739990234375,535.1599731445312,528.25,529.2999877929688,49421.0,0.0,0.0,
2024-08-02,528.2999877929688,530.0900268554688,514.5,526.3699951171875,207133.0,0.0,0.0,
2024-08-05,524.2999877929688,524.2999877929688,511.0,513.97998046875,90791.0,0.0,0.0,
2024-08-06,513.97998046875,519.6900024414062,509.55999755859375,510.75,47262.0,0.0,0.0,
2024-08-07,515.0,515.9400024414062,511.3599853515625,514.3300170898438,41418.0,0.0,0.0,
2024-08-08,515.2000122070312,517.1900024414062,511.8599853515625,514.8300170898438,73076.0,0.0,0.0,
2024-08-09,519.3800048828125,522.27001953125,517.0999755859375,517.6900024414062,153762.0,0.0,0.0,
2024-08-12,517.7000122070312,522.5599975585938,515.3099975585938,519.6900024414062,19751.0,0.0,0.0,
2024-08-13,523.0,523.0,511.9400024414063,513.4600219726562,13125.0,0.0,0.0,
2024-08-14,513.4600219726562,514.1799926757812,510.3900146484375,512.4299926757812,16392.0,0.0,0.0,
2024-08-16,517.72998046875,520.0,512.77001953125,518.5599975585938,49198.0,0.0,0.0,
2024-08-19,521.97998046875,521.97998046875,516.97998046875,517.6500244140625,30236.0,0.0,0.0,
2024-08-20,522.2899780273438,524.4000244140625,513.6599731445312,521.7899780273438,76626.0,0.0,0.0,
2024-08-21,521.7100219726562,523.0499877929688,518.0,521.4400024414062,14257.0,0.0,0.0,
2024-08-22,522.989990234375,525.2000122070312,522.010009765625,523.75,17890.0,0.0,0.0,
2024-08-23,525.1199951171875,525.1400146484375,522.0900268554688,523.2899780273438,30107.0,0.0,0.0,
2024-08-26,524.260009765625,527.010009765625,524.25,525.0499877929688,1747012.0,0.0,0.0,
2024-08-27,533.780029296875,534.2999877929688,522.6599731445312,526.1199951171875,11595.0,0.0,0.0,
2024-08-28,525.9500122070312,526.5,524.2999877929688,524.6900024414062,57571.0,0.0,0.0,
2024-08-29,524.5,527.5,523.0499877929688,524.52001953125,1507069.0,0.0,0.0,
2024-08-30,529.8900146484375,529.9000244140625,523.0499877929688,527.2000122070312,102204.0,0.0,0.0,
2024-09-02,535.5,535.5,526.5,527.8900146484375,284350.0,0.0,0.0,
2024-09-03,527.0,531.0,526.3699951171875,529.9500122070312,188528.0,0.0,0.0,
2024-09-04,528.5900268554688,529.2100219726562,526.3699951171875,527.52001953125,44154.0,0.0,0.0,
2024-09-05,529.72998046875,529.72998046875,527.52001953125,528.2899780273438,19351.0,0.0,0.0,
2024-09-06,528.2899780273438,528.2899780273438,518.47998046875,519.5800170898438,22881.0,0.0,0.0,
2024-09-09,519.5800170898438,525.8099975585938,516.7999877929688,525.3400268554688,415263.0,0.0,0.0,
2024-09-10,525.3499755859375,527.5900268554688,523.4500122070312,526.719970703125,10352.0,0.0,0.0,
2024-09-11,526.72998046875,528.0,521.6900024414062,523.7000122070312,33208.0,0.0,0.0,
2024-09-12,527.5,532.7999877929688,524.7999877929688,530.6400146484375,164840.0,0.0,0.0,
2024-09-13,530.6300048828125,533.6500244140625,529.8300170898438,532.8400268554688,15459.0,0.0,0.0,
2024-09-16,548.8499755859375,548.8499755859375,532.8400268554688,535.8499755859375,59646.0,0.0,0.0,
2024-09-17,530.489990234375,537.239990234375,530.489990234375,535.8300170898438,54375.0,0.0,0.0,
2024-09-18,535.8200073242188,543.4500122070312,535.7999877929688,540.260009765625,89083.0,0.0,0.0,
2024-09-19,540.260009765625,547.0499877929688,540.260009765625,544.7899780273438,52156.0,0.0,0.0,
2024-09-20,546.780029296875,553.6400146484375,543.7899780273438,551.0499877929688,124927.0,0.0,0.0,
2024-09-23,551.0499877929688,557.010009765625,550.260009765625,555.3800048828125,51428.0,0.0,0.0,
2024-09-24,550.3400268554688,558.7899780273438,550.3400268554688,555.9400024414062,368310.0,0.0,0.0,
2024-09-25,557.0,558.9400024414062,553.77001953125,556.3499755859375,10223.0,0.0,0.0,
2024-09-26,553.0,560.2899780273438,545.5,559.1500244140625,13652.0,0.0,0.0,
2024-09-27,556.6099853515625,558.72998046875,553.3499755859375,554.5499877929688,57547.0,0.0,0.0,
2024-09-30,554.5499877929688,560.969970703125,544.9500122070312,545.8300170898438,97315.0,0.0,0.0,
2024-10-01,550.0,550.0,540.3400268554688,545.8300170898438,8597.0,0.0,0.0,
2024-10-03,540.010009765625,545.0,534.6099853515625,538.0499877929688,34156.0,0.0,0.0,
2024-10-04,538.0499877929688,541.969970703125,530.5499877929688,531.97998046875,108496.0,0.0,0.0,
2024-10-07,547.9500122070312,547.9500122070312,518.3499755859375,522.260009765625,73248.0,0.0,0.0,
2024-10-08,527.969970703125,527.97998046875,520.7000122070312,525.510009765625,31323.0,0.0,0.0,
2024-10-09,530.969970703125,532.4400024414062,521.010009765625,525.760009765625,51473.0,0.0,0.0,
2024-10-10,527.4000244140625,532.030029296875,525.8800048828125,530.489990234375,14709.0,0.0,0.0,
2024-10-11,525.1900024414062,535.969970703125,522.3699951171875,526.6300048828125,17550.0,0.0,0.0,
2024-10-14,531.969970703125,533.6199951171875,527.5,532.510009765625,78134.0,0.0,0.0,
2024-10-15,533.219970703125,535.2000122070312,531.0999755859375,533.77001953125,10316.0,0.0,0.0,
2024-10-16,530.010009765625,537.969970703125,530.010009765625,532.1199951171875,16676.0,0.0,0.0,
2024-10-17,532.1300048828125,532.2899780273438,525.52001953125,526.72998046875,155922.0,0.0,0.0,
2024-10-18,521.77001953125,539.280029296875,521.77001953125,537.6400146484375,886001.0,0.0,0.0,
2024-10-21,538.25,539.75,532.260009765625,533.4400024414062,21596.0,0.0,0.0,
2024-10-22,528.5599975585938,537.4099731445312,526.3699951171875,527.3599853515625,151598.0,0.0,0.0,
2024-10-23,526.989990234375,529.77001953125,524.8699951171875,526.4299926757812,42817.0,0.0,0.0,
2024-10-24,531.969970703125,531.969970703125,526.0999755859375,528.9099731445312,580577.0,0.0,0.0,
2024-10-25,529.010009765625,531.6300048828125,518.0399780273438,520.8400268554688,402775.0,0.0,0.0,
2024-10-28,526.469970703125,529.0499877929688,521.0999755859375,525.4199829101562,653247.0,0.0,0.0,
2024-10-29,529.260009765625,537.0,525.4400024414062,536.4000244140625,103471.0,0.0,0.0,
2024-10-30,535.97998046875,536.1500244140625,531.0700073242188,532.4400024414062,51857.0,0.0,0.0,
2024-10-31,537.5700073242188,537.5700073242188,526.4299926757812,529.489990234375,156568.0,0.0,0.0,
2024-11-01,529.489990234375,529.489990234375,529.489990234375,529.489990234375,0.0,0.0,0.0,
2024-11-04,529.27001953125,533.989990234375,524.0599975585938,525.3400268554688,116237.0,0.0,0.0,
2024-11-05,529.52001953125,536.1599731445312,521.5700073242188,535.3699951171875,63084.0,0.0,0.0,
2024-11-06,537.5700073242188,539.280029296875,535.030029296875,538.3300170898438,123589.0,0.0,0.0,
2024-11-07,538.3300170898438,539.0399780273438,532.5,533.8800048828125,40611.0,0.0,0.0,
2024-11-08,533.8800048828125,535.6699829101562,529.0900268554688,530.280029296875,31666.0,0.0,0.0,
2024-11-11,535.969970703125,536.97998046875,527.7100219726562,532.75,24062.0,0.0,0.0,
2024-11-12,535.1300048828125,535.530029296875,525.1599731445312,525.7999877929688,22696.0,0.0,0.0,
2024-11-13,541.5499877929688,541.5499877929688,514.0,515.77001953125,16775.0,0.0,0.0,
2024-11-14,522.9600219726562,522.9600219726562,510.9299926757813,515.1799926757812,160647.0,0.0,0.0,
2024-11-18,515.0,519.97998046875,514.030029296875,517.52001953125,20041.0,0.0,0.0,
2024-11-19,533.0499877929688,533.0499877929688,518.510009765625,521.1500244140625,20712.0,0.0,0.0,
2024-11-20,521.1500244140625,521.1500244140625,521.1500244140625,521.1500244140625,0.0,0.0,0.0,
2024-11-21,528.2999877929688,528.2999877929688,512.97998046875,518.989990234375,24694.0,0.0,0.0,
2024-11-22,517.219970703125,526.3200073242188,517.219970703125,525.0,17058.0,0.0,0.0,
2024-11-25,532.6799926757812,538.3200073242188,529.0,538.1799926757812,437070.0,0.0,0.0,
2024-11-26,538.3400268554688,538.6699829101562,533.5499877929688,536.3200073242188,8022.0,0.0,0.0,
2024-11-27,534.4099731445312,538.8900146484375,534.4099731445312,537.2999877929688,6067.0,0.0,0.0,
2024-11-28,542.760009765625,543.6099853515625,532.260009765625,535.1799926757812,65038.0,0.0,0.0,
2024-11-29,535.1799926757812,537.6799926757812,533.0499877929688,535.8599853515625,15434.0,0.0,0.0,
2024-12-02,540.0,540.0,531.52001953125,535.5999755859375,41189.0,0.0,0.0,
2024-12-03,540.3499755859375,543.510009765625,536.8300170898438,542.8099975585938,219849.0,0.0,0.0,
2024-12-04,547.8099975585938,548.2000122070312,532.0,547.3599853515625,15056.0,0.0,0.0,
2024-12-05,545.5499877929688,552.8200073242188,543.5,550.0900268554688,111954.0,0.0,0.0,
2024-12-06,555.0900268554688,555.0900268554688,546.1599731445312,550.6099853515625,100537.0,0.0,0.0,
2024-12-09,555.0399780273438,555.0399780273438,549.0,549.530029296875,9435.0,0.0,0.0,
2024-12-10,549.5399780273438,552.5700073242188,548.0,550.75,7828.0,0.0,0.0,
2024-12-11,550.75,551.97998046875,547.2100219726562,547.8800048828125,87526.0,0.0,0.0,
2024-12-12,548.97998046875,550.0999755859375,546.0,546.8300170898438,8473.0,0.0,0.0,
2024-12-13,546.8400268554688,550.2000122070312,537.4600219726562,549.8200073242188,26610.0,0.0,0.0,
2024-12-16,549.8099975585938,553.469970703125,546.1599731445312,549.8499755859375,10523.0,0.0,0.0,
2024-12-17,549.5399780273438,549.5999755859375,541.5,543.0599975585938,16286.0,0.0,0.0,
2024-12-18,544.969970703125,544.969970703125,534.280029296875,537.0399780273438,23887.0,0.0,0.0,
2024-12-19,533.4600219726562,533.4600219726562,527.010009765625,531.6199951171875,27889.0,0.0,0.0,
2024-12-20,531.6099853515625,532.3499755859375,520.5,522.239990234375,34754.0,0.0,0.0,
2024-12-23,532.0,532.0999755859375,523.0399780273438,528.3900146484375,96600.0,0.0,0.0,
2024-12-24,528.77001953125,531.989990234375,526.0,528.02001953125,27665.0,0.0,0.0,
2024-12-26,528.010009765625,532.2999877929688,525.1900024414062,527.7100219726562,15971.0,0.0,0.0,
2024-12-27,532.7100219726562,532.7100219726562,517.2000122070312,528.6900024414062,4539.0,0.0,0.0,
2024-12-30,533.47998046875,534.0,522.27001953125,525.6699829101562,36407.0,0.0,0.0,
2024-12-31,522.010009765625,524.8499755859375,521.280029296875,522.469970703125,191065.0,0.0,0.0,
2025-01-01,521.8599853515625,526.989990234375,518.4000244140625,524.6500244140625,53989.0,0.0,0.0,
2025-01-02,524.6400146484375,529.9600219726562,523.7100219726562,529.1099853515625,65911.0,0.0,0.0,
2025-01-03,529.1099853515625,529.9199829101562,522.4500122070312,523.6699829101562,544890.0,0.0,0.0,
2025-01-06,523.6599731445312,525.969970703125,511.5,512.7000122070312,37510.0,0.0,0.0,
2025-01-07,515.9500122070312,518.4299926757812,511.7799987792969,515.22998046875,14640.0,0.0,0.0,
2025-01-08,517.1300048828125,517.1300048828125,506.7200012207031,511.5799865722656,700702.0,0.0,0.0,
2025-01-09,511.5899963378906,513.97998046875,505.2200012207031,508.3900146484375,49831.0,0.0,0.0,
2025-01-10,511.9700012207031,511.9700012207031,499.0,500.1700134277344,143403.0,0.0,0.0,
2025-01-13,500.0,500.0,492.010009765625,494.1000061035156,154384.0,0.0,0.0,
2025-01-14,494.1000061035156,503.7200012207031,494.1000061035156,500.4700012207031,31987.0,0.0,0.0,
2025-01-15,502.9700012207031,503.8999938964844,498.5199890136719,500.1900024414063,61655.0,0.0,0.0,
2025-01-16,500.1900024414063,509.5799865722656,500.1900024414063,505.1199951171875,1206195.0,0.0,0.0,
2025-01-17,501.1099853515625,505.0,495.0,498.3599853515625,1054243.0,0.0,0.0,
2025-01-20,501.9700012207031,509.5899963378906,498.0,506.3299865722656,123157.0,0.0,0.0,
2025-01-21,506.8999938964844,507.1600036621094,499.0499877929688,500.4500122070313,467914.0,0.0,0.0,
2025-01-22,501.4800109863281,502.0,494.2999877929688,501.0299987792969,119593.0,0.0,0.0,
2025-01-23,501.3399963378906,503.3500061035156,498.4700012207031,499.5299987792969,27419.0,0.0,0.0,
2025-01-24,500.9700012207031,502.0499877929688,495.5400085449219,496.8800048828125,63269.0,0.0,0.0,
2025-01-27,493.9800109863281,499.0,492.4800109863281,494.9299926757813,39940.0,0.0,0.0,
2025-01-28,497.260009765625,506.8299865722656,497.260009765625,502.80999755859375,77198.0,0.0,0.0,
2025-01-29,507.80999755859375,507.80999755859375,503.25,504.5299987792969,112337.0,0.0,0.0,
2025-01-30,504.5199890136719,507.8500061035156,504.25,506.7799987792969,227185.0,0.0,0.0,
2025-01-31,508.760009765625,509.8900146484375,504.1199951171875,509.010009765625,238389.0,0.0,0.0,
2025-02-01,509.010009765625,513.0800170898438,502.5799865722656,507.489990234375,94335.0,0.0,0.0,
2025-02-03,504.510009765625,507.30999755859375,502.3800048828125,506.2300109863281,119052.0,0.0,0.0,
2025-02-04,503.6900024414063,515.0,503.6900024414063,514.4199829101562,493877.0,0.0,0.0,
2025-02-05,516.989990234375,519.4199829101562,514.25,516.8800048828125,67114.0,0.0,0.0,
2025-02-06,518.010009765625,519.1300048828125,507.1000061035156,518.239990234375,68014.0,0.0,0.0,
2025-02-07,518.7100219726562,520.3499755859375,513.5,516.0900268554688,96290.0,0.0,0.0,
2025-02-10,516.1099853515625,516.25,511.05999755859375,514.2999877929688,33974.0,0.0,0.0,
2025-02-11,512.010009765625,512.5700073242188,506.010009765625,509.1700134277344,17888.0,0.0,0.0,
2025-02-12,509.1700134277344,511.5199890136719,501.3500061035156,509.25,242190.0,0.0,0.0,
2025-02-13,514.239990234375,514.97998046875,505.760009765625,507.4100036621094,60420.0,0.0,0.0,
2025-02-14,507.8399963378906,509.8299865722656,500.8200073242188,504.760009765625,69982.0,0.0,0.0,
2025-02-17,504.7699890136719,507.6099853515625,500.0,507.0199890136719,13347.0,0.0,0.0,
