Date,Open,High,Low,Close,Volume,Dividends,Stock Splits,Adj Close
2015-12-02,35.84289932250977,35.84289932250977,35.84289932250977,35.84289932250977,0.0,0.0,0.0,
2015-12-08,34.65019989013672,34.65019989013672,34.65019989013672,34.65019989013672,0.0,0.0,0.0,
2015-12-09,34.25350189208984,34.25350189208984,34.25350189208984,34.25350189208984,0.0,0.0,0.0,
2015-12-10,35.0,41.54000091552734,34.45000076293945,34.5,6116.0,0.0,0.0,
2015-12-11,35.0,36.0,34.79999923706055,34.79999923706055,400.0,0.0,0.0,
2015-12-14,34.25,34.5,30.5,34.0099983215332,1011.0,0.0,0.0,
2015-12-15,34.5,34.75,34.5,34.66999816894531,2020.0,0.0,0.0,
2015-12-16,34.75,35.0,34.75,35.0,266.0,0.0,0.0,
2015-12-17,35.0,35.20000076293945,34.79999923706055,34.79999923706055,8932.0,0.0,0.0,
2015-12-18,34.84999847412109,34.95000076293945,34.79999923706055,34.93000030517578,676.0,0.0,0.0,
2015-12-21,35.25,35.25,35.25,35.25,100.0,0.0,0.0,
2015-12-22,35.0099983215332,35.0099983215332,34.7599983215332,34.7599983215332,2.0,0.0,0.0,
2015-12-23,35.0,35.4900016784668,34.75,35.0099983215332,260.0,0.0,0.0,
2015-12-24,35.25,35.40000152587891,35.0099983215332,35.09999847412109,4726.0,0.0,0.0,
2015-12-28,35.0099983215332,35.0099983215332,35.0099983215332,35.0099983215332,10.0,0.0,0.0,
2015-12-29,35.25,35.7400016784668,35.0,35.5,2790324.0,0.0,0.0,
2015-12-30,35.5,35.5,35.5,35.5,100.0,0.0,0.0,
2015-12-31,35.5,35.5,35.25,35.25,14.0,0.0,0.0,
2016-01-01,35.82289886474609,35.82289886474609,35.82289886474609,35.82289886474609,0.0,0.0,0.0,
2016-01-04,35.10829925537109,35.10829925537109,35.10829925537109,35.10829925537109,0.0,0.0,0.0,
2016-01-05,35.0,35.0,34.5,34.5,1139.0,0.0,0.0,
2016-01-06,35.0,35.0,35.0,35.0,25.0,0.0,0.0,
2016-01-07,34.75,35.0,34.75,35.0,127.0,0.0,0.0,
2016-01-08,34.5,34.5,34.5,34.5,27.0,0.0,0.0,
2016-01-11,33.65000152587891,33.65000152587891,33.65000152587891,33.65000152587891,10.0,0.0,0.0,
2016-01-12,34.0,34.0,31.5,33.68000030517578,1057.0,0.0,0.0,
2016-01-13,34.0,34.0,33.5,33.5,51.0,0.0,0.0,
2016-01-14,34.0,34.75,34.0,34.0,376.0,0.0,0.0,
2016-01-15,34.25,34.25,31.0,33.75,1504.0,0.0,0.0,
2016-01-18,33.5,34.0,33.5,34.0,232.0,0.0,0.0,
2016-01-19,33.90000152587891,33.90000152587891,33.90000152587891,33.90000152587891,10.0,0.0,0.0,
2016-01-20,33.0,33.04999923706055,33.0,33.04999923706055,314.0,0.0,0.0,
2016-01-21,33.12670135498047,33.12670135498047,33.12670135498047,33.12670135498047,0.0,0.0,0.0,
2016-01-22,33.5,33.75,33.5,33.75,110.0,0.0,0.0,
2016-01-25,34.25,34.25,33.75,33.75,72.0,0.0,0.0,
2016-01-27,33.84600067138672,33.84600067138672,33.84600067138672,33.84600067138672,0.0,0.0,0.0,
2016-01-28,33.90000152587891,33.90000152587891,33.90000152587891,33.90000152587891,46.0,0.0,0.0,
2016-01-29,33.90000152587891,33.90000152587891,33.90000152587891,33.90000152587891,25.0,0.0,0.0,
2016-02-01,34.25,34.25,34.25,34.25,2.0,0.0,0.0,
2016-02-02,33.55110168457031,33.55110168457031,33.55110168457031,33.55110168457031,0.0,0.0,0.0,
2016-02-03,33.08280181884766,33.08280181884766,33.08280181884766,33.08280181884766,0.0,0.0,0.0,
2016-02-04,33.5,33.5,33.5,33.5,5.0,0.0,0.0,
2016-02-05,33.5,33.5,33.5,33.5,3.0,0.0,0.0,
2016-02-08,33.20000076293945,33.20000076293945,33.20000076293945,33.20000076293945,10.0,0.0,0.0,
2016-02-09,32.5,32.79999923706055,32.5,32.79999923706055,42.0,0.0,0.0,
2016-02-10,32.5,32.5,32.25,32.25,99.0,0.0,0.0,
2016-02-11,32.75,32.75,32.0,32.0,336.0,0.0,0.0,
2016-02-12,31.5,31.5,30.79999923706055,30.85000038146973,201.0,0.0,0.0,
2016-02-15,32.25,32.25,32.25,32.25,35.0,0.0,0.0,
2016-02-16,32.5,32.5,31.60000038146973,31.60000038146973,220.0,0.0,0.0,
2016-02-17,31.75,31.75,31.75,31.75,30.0,0.0,0.0,
2016-02-18,32.75,32.75,32.5,32.5,70.0,0.0,0.0,
2016-02-19,32.5,32.5,32.5,32.5,40.0,0.0,0.0,
2016-02-22,34.0,34.0,33.0,33.0,40.0,0.0,0.0,
2016-02-23,33.0,33.0,32.25,32.25,924.0,0.0,0.0,
2016-02-24,32.5,32.5,32.0,32.0,483.0,0.0,0.0,
2016-02-25,32.25,32.5,31.75,31.75,720.0,0.0,0.0,
2016-02-26,32.5,32.5,31.89999961853027,31.89999961853027,120.0,0.0,0.0,
2016-02-29,31.89999961853027,32.0,31.89999961853027,32.0,75.0,0.0,0.0,
2016-03-01,32.25,32.5,32.25,32.5,30.0,0.0,0.0,
2016-03-02,32.95000076293945,33.0,32.95000076293945,33.0,600.0,0.0,0.0,
2016-03-03,34.0,34.09999847412109,33.75,33.75,120.0,0.0,0.0,
2016-03-04,34.0,34.0,33.75,33.75,23.0,0.0,0.0,
2016-03-08,34.09999847412109,34.09999847412109,34.09999847412109,34.09999847412109,21.0,0.0,0.0,
2016-03-09,33.90000152587891,34.0,33.90000152587891,34.0,20.0,0.0,0.0,
2016-03-10,34.0,34.0,34.0,34.0,20.0,0.0,0.0,
2016-03-11,34.0,34.0,34.0,34.0,20.0,0.0,0.0,
2016-03-14,35.0,35.0,34.25,34.25,39.0,0.0,0.0,
2016-03-15,34.25,34.25,34.25,34.25,20.0,0.0,0.0,
2016-03-16,34.0,34.0,34.0,34.0,70.0,0.0,0.0,
2016-03-17,34.59999847412109,34.75,34.59999847412109,34.75,20.0,0.0,0.0,
2016-03-18,34.75,34.75,34.5,34.5,120.0,0.0,0.0,
2016-03-21,35.0,35.0,34.75,35.0,62.0,0.0,0.0,
2016-03-22,35.5,35.5,35.5,35.5,20.0,0.0,0.0,
2016-03-23,35.59999847412109,35.59999847412109,29.29999923706055,34.0,1591.0,0.0,0.0,
2016-03-28,35.5,35.5,34.0099983215332,34.0099983215332,123.0,0.0,0.0,
2016-03-29,35.25,35.25,34.0,34.5,161.0,0.0,0.0,
2016-03-30,35.5,35.5,35.0,35.0,299.0,0.0,0.0,
2016-03-31,35.5,35.5,35.5,35.5,50.0,0.0,0.0,
2016-04-01,35.5,35.5,35.45000076293945,35.45000076293945,577.0,0.0,0.0,
2016-04-04,35.75,35.75,35.75,35.75,21.0,0.0,0.0,
2016-04-05,35.59999847412109,35.59999847412109,35.5,35.5,40.0,0.0,0.0,
2016-04-06,35.25,35.25,35.0,35.0,120.0,0.0,0.0,
2016-04-07,35.09999847412109,35.09999847412109,35.09999847412109,35.09999847412109,21.0,0.0,0.0,
2016-04-08,35.0,35.0,34.70000076293945,34.70000076293945,36.0,0.0,0.0,
2016-04-11,35.0,35.0,34.5,34.5,1000.0,0.0,0.0,
2016-04-12,35.5,40.90999984741211,35.0,35.4900016784668,2931.0,0.0,0.0,
2016-04-13,35.5,35.9900016784668,34.5,35.4900016784668,336.0,0.0,0.0,
2016-04-18,36.0,39.9900016784668,36.0,36.04999923706055,1172.0,0.0,0.0,
2016-04-20,41.9900016784668,41.9900016784668,36.45000076293945,36.45000076293945,1455.0,0.0,0.0,
2016-04-21,42.90000152587891,42.90000152587891,34.5,34.68999862670898,353.0,0.0,0.0,
2016-04-22,37.95000076293945,38.0,32.20000076293945,37.9900016784668,4970.0,0.0,0.0,
2016-04-25,41.90000152587891,41.90000152587891,36.02000045776367,36.25,549.0,0.0,0.0,
2016-04-26,36.25,36.25,36.25,36.25,70.0,0.0,0.0,
2016-04-27,36.5,37.25,36.5,37.25,320.0,0.0,0.0,
2016-04-28,36.75,36.75,36.25,36.25,120.0,0.0,0.0,
2016-04-29,36.09999847412109,36.09999847412109,35.5,35.5,420.0,0.0,0.0,
2016-05-02,35.5,35.5,35.5,35.5,36.0,0.0,0.0,
2016-05-03,35.0,35.79999923706055,35.0,35.25,228.0,0.0,0.0,
2016-05-04,35.0,35.0,35.0,35.0,20.0,0.0,0.0,
2016-05-05,35.0,35.0,34.0099983215332,34.7599983215332,46.0,0.0,0.0,
2016-05-06,34.79999923706055,35.0,34.59999847412109,35.0,145.0,0.0,0.0,
2016-05-09,35.2400016784668,35.75,35.0099983215332,35.4900016784668,30047.0,0.0,0.0,
2016-05-10,35.5,36.0,35.5,35.70000076293945,17655.0,0.0,0.0,
2016-05-11,35.59999847412109,35.59999847412109,35.5,35.59999847412109,50020.0,0.0,0.0,
2016-05-12,35.90000152587891,35.90000152587891,35.70000076293945,35.79999923706055,920.0,0.0,0.0,
2016-05-13,35.5,35.59999847412109,35.29999923706055,35.40000152587891,10150.0,0.0,0.0,
2016-05-16,35.29999923706055,35.29999923706055,35.0,35.20000076293945,21120.0,0.0,0.0,
2016-05-17,35.40000152587891,35.5,35.40000152587891,35.5,170.0,0.0,0.0,
2016-05-18,35.29999923706055,35.29999923706055,35.29999923706055,35.29999923706055,20.0,0.0,0.0,
2016-05-19,35.29999923706055,35.29999923706055,35.29999923706055,35.29999923706055,20.0,0.0,0.0,
2016-05-20,35.0,35.0,34.90000152587891,34.90000152587891,25621.0,0.0,0.0,
2016-05-23,35.0,35.0,34.79999923706055,34.79999923706055,73.0,0.0,0.0,
2016-05-24,34.70000076293945,34.70000076293945,34.5,34.5,48.0,0.0,0.0,
2016-05-25,35.20000076293945,35.20000076293945,35.20000076293945,35.20000076293945,163.0,0.0,0.0,
2016-05-26,35.29999923706055,35.79999923706055,35.29999923706055,35.79999923706055,788.0,0.0,0.0,
2016-05-27,36.0,36.0,35.59999847412109,35.59999847412109,120.0,0.0,0.0,
2016-05-30,36.29999923706055,36.70000076293945,36.09999847412109,36.65000152587891,5298.0,0.0,0.0,
2016-05-31,36.40000152587891,36.70000076293945,36.40000152587891,36.70000076293945,10520.0,0.0,0.0,
2016-06-01,36.70000076293945,36.70000076293945,36.70000076293945,36.70000076293945,20.0,0.0,0.0,
2016-06-02,36.59999847412109,36.70000076293945,36.20000076293945,36.70000076293945,271.0,0.0,0.0,
2016-06-03,37.0,37.0,36.59999847412109,36.59999847412109,184.0,0.0,0.0,
2016-06-06,36.79999923706055,36.79999923706055,36.0,36.5,2950.0,0.0,0.0,
2016-06-07,36.79999923706055,37.0,36.70000076293945,37.0,718.0,0.0,0.0,
2016-06-08,36.90000152587891,37.20000076293945,36.5,37.20000076293945,830.0,0.0,0.0,
2016-06-09,37.0,37.09999847412109,37.0,37.09999847412109,220.0,0.0,0.0,
2016-06-10,36.79999923706055,36.79999923706055,36.59999847412109,36.59999847412109,21.0,0.0,0.0,
2016-06-13,36.5,36.5,36.5,36.5,20.0,0.0,0.0,
2016-06-14,36.5,36.5,36.5,36.5,20.0,0.0,0.0,
2016-06-15,36.59999847412109,36.59999847412109,36.59999847412109,36.59999847412109,20.0,0.0,0.0,
2016-06-16,36.5,36.5,36.5,36.5,20.0,0.0,0.0,
2016-06-17,36.70000076293945,36.70000076293945,36.70000076293945,36.70000076293945,20.0,0.0,0.0,
2016-06-20,36.70000076293945,36.90000152587891,36.59999847412109,36.59999847412109,10120.0,0.0,0.0,
2016-06-21,37.0,37.0,36.5,36.5,1559.0,0.0,0.0,
2016-06-22,36.90000152587891,36.90000152587891,36.79999923706055,36.79999923706055,120.0,0.0,0.0,
2016-06-23,37.0,37.0,36.79999923706055,36.90000152587891,4641.0,0.0,0.0,
2016-06-24,36.09999847412109,36.20000076293945,36.0,36.20000076293945,240.0,0.0,0.0,
2016-06-27,36.29999923706055,36.5,35.5,35.79999923706055,1786.0,0.0,0.0,
2016-06-28,36.0,36.0,36.0,36.0,20.0,0.0,0.0,
2016-06-29,36.40000152587891,36.40000152587891,36.40000152587891,36.40000152587891,20.0,0.0,0.0,
2016-06-30,36.70000076293945,36.70000076293945,36.0,36.5,879.0,0.0,0.0,
2016-07-01,36.90000152587891,36.90000152587891,34.0,35.13000106811523,5851.0,0.0,0.0,
2016-07-04,36.90000152587891,37.0,36.90000152587891,36.90000152587891,2150.0,0.0,0.0,
2016-07-05,37.0,37.20000076293945,36.5,37.09999847412109,6901.0,0.0,0.0,
2016-07-07,37.25,37.25,37.09999847412109,37.09999847412109,2599.0,0.0,0.0,
2016-07-08,41.0,41.0,36.75,36.75,165.0,0.0,0.0,
2016-07-11,37.34999847412109,37.40000152587891,37.0,37.09999847412109,1970.0,0.0,0.0,
2016-07-12,37.40000152587891,37.40000152587891,37.29999923706055,37.29999923706055,1000.0,0.0,0.0,
2016-07-13,37.59999847412109,37.79999923706055,37.0,37.0,346.0,0.0,0.0,
2016-07-14,37.5,38.0,37.5,38.0,210.0,0.0,0.0,
2016-07-15,38.29999923706055,38.29999923706055,38.0,38.0,22.0,0.0,0.0,
2016-07-18,38.0,38.0,36.0,36.70999908447266,1132.0,0.0,0.0,
2016-07-19,37.65000152587891,37.65000152587891,37.65000152587891,37.65000152587891,20.0,0.0,0.0,
2016-07-20,37.59999847412109,37.59999847412109,37.59999847412109,37.59999847412109,24.0,0.0,0.0,
2016-07-21,37.70000076293945,37.70000076293945,37.59999847412109,37.59999847412109,24.0,0.0,0.0,
2016-07-22,37.29999923706055,37.29999923706055,37.29999923706055,37.29999923706055,20.0,0.0,0.0,
2016-07-25,37.0,37.90000152587891,37.0,37.90000152587891,337.0,0.0,0.0,
2016-07-26,37.79999923706055,38.0,37.5,37.5,369.0,0.0,0.0,
2016-07-27,38.0,38.0,38.0,38.0,20.0,0.0,0.0,
2016-07-28,37.90000152587891,37.90000152587891,37.59999847412109,37.59999847412109,220.0,0.0,0.0,
2016-07-29,37.79999923706055,37.79999923706055,37.79999923706055,37.79999923706055,20.0,0.0,0.0,
2016-08-01,38.5,38.5,37.5,37.5,2881.0,0.0,0.0,
2016-08-02,37.59999847412109,37.59999847412109,37.59999847412109,37.59999847412109,20.0,0.0,0.0,
2016-08-03,37.59999847412109,37.59999847412109,37.5,37.5,5002.0,0.0,0.0,
2016-08-04,37.20000076293945,37.20000076293945,37.20000076293945,37.20000076293945,20.0,0.0,0.0,
2016-08-05,37.59999847412109,37.59999847412109,37.59999847412109,37.59999847412109,20.0,0.0,0.0,
2016-08-08,38.0,38.0,37.59999847412109,37.79999923706055,642.0,0.0,0.0,
2016-08-09,37.90000152587891,37.90000152587891,37.90000152587891,37.90000152587891,5000.0,0.0,0.0,
2016-08-10,38.0,38.0,38.0,38.0,20.0,0.0,0.0,
2016-08-11,37.90000152587891,37.90000152587891,37.70000076293945,37.70000076293945,2520.0,0.0,0.0,
2016-08-12,38.0,38.20000076293945,38.0,38.20000076293945,91.0,0.0,0.0,
2016-08-16,38.0,38.20000076293945,37.79999923706055,38.20000076293945,620.0,0.0,0.0,
2016-08-17,38.09999847412109,38.09999847412109,38.09999847412109,38.09999847412109,21.0,0.0,0.0,
2016-08-18,38.09999847412109,38.09999847412109,38.0,38.0,27.0,0.0,0.0,
2016-08-19,38.20000076293945,38.20000076293945,38.20000076293945,38.20000076293945,170.0,0.0,0.0,
2016-08-22,38.20000076293945,38.20000076293945,38.0,38.0,27.0,0.0,0.0,
2016-08-23,37.90000152587891,38.0,37.90000152587891,38.0,338.0,0.0,0.0,
2016-08-24,38.09999847412109,38.09999847412109,37.79999923706055,37.79999923706055,159.0,0.0,0.0,
2016-08-25,37.79999923706055,38.0,37.79999923706055,37.90000152587891,173.0,0.0,0.0,
2016-08-26,37.70000076293945,37.90000152587891,37.5,37.59999847412109,520.0,0.0,0.0,
2016-08-29,37.5,37.5,37.29999923706055,37.29999923706055,120.0,0.0,0.0,
2016-08-30,37.5,37.5,37.5,37.5,20.0,0.0,0.0,
2016-08-31,37.70000076293945,37.84999847412109,37.70000076293945,37.84999847412109,273.0,0.0,0.0,
2016-09-01,38.0,38.0,38.0,38.0,21.0,0.0,0.0,
2016-09-02,38.0,38.20000076293945,38.0,38.0,42.0,0.0,0.0,
2016-09-06,38.29999923706055,38.29999923706055,38.29999923706055,38.29999923706055,54.0,0.0,0.0,
2016-09-07,38.29999923706055,38.40000152587891,38.0,38.40000152587891,3339.0,0.0,0.0,
2016-09-08,38.5,38.5,38.29999923706055,38.29999923706055,1181.0,0.0,0.0,
2016-09-09,38.40000152587891,38.40000152587891,38.09999847412109,38.09999847412109,162.0,0.0,0.0,
2016-09-12,38.0,38.0,38.0,38.0,20.0,0.0,0.0,
2016-09-14,38.29999923706055,38.5,38.09999847412109,38.09999847412109,407.0,0.0,0.0,
2016-09-15,38.40000152587891,38.40000152587891,38.40000152587891,38.40000152587891,181.0,0.0,0.0,
2016-09-16,38.4453010559082,38.4453010559082,38.4453010559082,38.4453010559082,0.0,0.0,0.0,
2016-09-19,38.65890121459961,38.65890121459961,38.65890121459961,38.65890121459961,0.0,0.0,0.0,
2016-09-20,38.40000152587891,38.40000152587891,38.34999847412109,38.38999938964844,1048.0,0.0,0.0,
2016-09-21,38.40000152587891,38.40000152587891,38.40000152587891,38.40000152587891,1.0,0.0,0.0,
2016-09-22,38.7943000793457,38.7943000793457,38.7943000793457,38.7943000793457,0.0,0.0,0.0,
2016-09-23,38.59999847412109,39.09999847412109,38.59999847412109,39.09999847412109,600.0,0.0,0.0,
2016-09-26,38.11970138549805,38.11970138549805,38.11970138549805,38.11970138549805,0.0,0.0,0.0,
2016-09-27,38.06809997558594,38.06809997558594,38.06809997558594,38.06809997558594,0.0,0.0,0.0,
2016-09-28,38.13399887084961,38.13399887084961,38.13399887084961,38.13399887084961,0.0,0.0,0.0,
2016-09-29,37.51039886474609,37.51039886474609,37.51039886474609,37.51039886474609,0.0,0.0,0.0,
2016-09-30,37.5,37.59999847412109,37.5,37.5,2502.0,0.0,0.0,
2016-10-03,37.90000152587891,38.0,37.90000152587891,38.0,224.0,0.0,0.0,
2016-10-04,38.36920166015625,38.36920166015625,38.36920166015625,38.36920166015625,0.0,0.0,0.0,
2016-10-05,38.5,38.5,38.5,38.5,1.0,0.0,0.0,
2016-10-06,38.01599884033203,38.01599884033203,38.01599884033203,38.01599884033203,0.0,0.0,0.0,
2016-10-07,37.79999923706055,38.0,37.79999923706055,37.79999923706055,25.0,0.0,0.0,
2016-10-10,38.0,38.09999847412109,38.0,38.0,23421.0,0.0,0.0,
2016-10-13,37.79999923706055,37.79999923706055,37.0,37.5,70935.0,0.0,0.0,
2016-10-14,37.58000183105469,37.59999847412109,37.34999847412109,37.59999847412109,21251.0,0.0,0.0,
2016-10-17,37.75,37.95000076293945,37.75,37.95000076293945,16762.0,0.0,0.0,
2016-10-18,37.90000152587891,38.22000122070312,37.90000152587891,38.20999908447266,35878.0,0.0,0.0,
2016-10-19,38.29999923706055,38.40000152587891,38.15000152587891,38.29000091552734,135428.0,0.0,0.0,
2016-10-20,38.59999847412109,38.79999923706055,38.5,38.65000152587891,38530.0,0.0,0.0,
2016-10-21,38.5,38.5,38.0,38.5,11251.0,0.0,0.0,
2016-10-24,38.5,38.5,38.40000152587891,38.40000152587891,139.0,0.0,0.0,
2016-10-25,38.5,38.70000076293945,38.29999923706055,38.29999923706055,512.0,0.0,0.0,
2016-10-26,38.29999923706055,38.29999923706055,38.25,38.25,247.0,0.0,0.0,
2016-10-27,37.65000152587891,38.20000076293945,37.65000152587891,38.18000030517578,11000.0,0.0,0.0,
2016-10-28,38.09999847412109,38.09999847412109,38.0,38.0,102.0,0.0,0.0,
2016-11-01,37.71849822998047,37.71849822998047,37.71849822998047,37.71849822998047,0.0,0.0,0.0,
2016-11-02,37.09999847412109,37.09999847412109,37.0,37.02999877929688,165.0,0.0,0.0,
2016-11-03,37.40000152587891,37.40000152587891,37.20000076293945,37.20000076293945,44.0,0.0,0.0,
2016-11-04,36.82780075073242,36.82780075073242,36.82780075073242,36.82780075073242,0.0,0.0,0.0,
2016-11-07,37.15909957885742,37.15909957885742,37.15909957885742,37.15909957885742,0.0,0.0,0.0,
2016-11-08,41.45000076293945,42.0,37.5,37.5,376.0,0.0,0.0,
2016-11-09,36.87699890136719,36.87699890136719,36.87699890136719,36.87699890136719,0.0,0.0,0.0,
2016-11-10,37.45700073242188,37.45700073242188,37.45700073242188,37.45700073242188,0.0,0.0,0.0,
2016-11-11,37.0,37.0,37.0,37.0,20.0,0.0,0.0,
2016-11-15,36.40000152587891,37.0,36.0099983215332,36.02999877929688,1467.0,0.0,0.0,
2016-11-16,36.29890060424805,36.29890060424805,36.29890060424805,36.29890060424805,0.0,0.0,0.0,
2016-11-17,36.04990005493164,36.04990005493164,36.04990005493164,36.04990005493164,0.0,0.0,0.0,
2016-11-18,36.05649948120117,36.05649948120117,36.05649948120117,36.05649948120117,0.0,0.0,0.0,
2016-11-21,35.53810119628906,35.53810119628906,35.53810119628906,35.53810119628906,0.0,0.0,0.0,
2016-11-22,35.83940124511719,35.83940124511719,35.83940124511719,35.83940124511719,0.0,0.0,0.0,
2016-11-23,36.0,36.0,36.0,36.0,100.0,0.0,0.0,
2016-11-24,35.98310089111328,35.98310089111328,35.98310089111328,35.98310089111328,0.0,0.0,0.0,
2016-11-25,36.67819976806641,36.67819976806641,36.67819976806641,36.67819976806641,0.0,0.0,0.0,
2016-11-28,36.5,36.59999847412109,36.5,36.59999847412109,264.0,0.0,0.0,
2016-11-29,36.62720108032227,36.62720108032227,36.62720108032227,36.62720108032227,0.0,0.0,0.0,
2016-11-30,36.96250152587891,36.96250152587891,36.96250152587891,36.96250152587891,0.0,0.0,0.0,
2016-12-01,36.80319976806641,36.80319976806641,36.80319976806641,36.80319976806641,0.0,0.0,0.0,
2016-12-02,36.79999923706055,36.79999923706055,36.5,36.5,1033.0,0.0,0.0,
2016-12-05,36.59999847412109,37.0,36.59999847412109,37.0,1445.0,0.0,0.0,
2016-12-06,36.70729827880859,36.70729827880859,36.70729827880859,36.70729827880859,0.0,0.0,0.0,
2016-12-07,36.50099945068359,36.50099945068359,36.50099945068359,36.50099945068359,0.0,0.0,0.0,
2016-12-08,36.90000152587891,36.90000152587891,36.90000152587891,36.90000152587891,20.0,0.0,0.0,
2016-12-09,37.20000076293945,37.40000152587891,37.20000076293945,37.40000152587891,222.0,0.0,0.0,
2016-12-12,37.02360153198242,37.02360153198242,37.02360153198242,37.02360153198242,0.0,0.0,0.0,
2016-12-13,37.09999847412109,37.09999847412109,37.09999847412109,37.09999847412109,25.0,0.0,0.0,
2016-12-14,37.29999923706055,37.5,37.29999923706055,37.5,268.0,0.0,0.0,
2016-12-15,37.5,37.5,37.5,37.5,62.0,0.0,0.0,
2016-12-16,37.14889907836914,37.14889907836914,37.14889907836914,37.14889907836914,0.0,0.0,0.0,
2016-12-19,37.0,37.0,37.0,37.0,100.0,0.0,0.0,
2016-12-20,36.79999923706055,36.79999923706055,36.5,36.79999923706055,550.0,0.0,0.0,
2016-12-21,36.70000076293945,36.70000076293945,36.5,36.70000076293945,1016.0,0.0,0.0,
2016-12-22,36.40000152587891,36.40000152587891,36.40000152587891,36.40000152587891,0.0,0.0,0.0,
2016-12-23,36.33969879150391,36.33969879150391,36.33969879150391,36.33969879150391,0.0,0.0,0.0,
2016-12-26,36.20000076293945,36.40000152587891,36.20000076293945,36.40000152587891,257.0,0.0,0.0,
2016-12-27,36.20000076293945,36.20000076293945,36.20000076293945,36.20000076293945,100.0,0.0,0.0,
2016-12-28,36.45449829101562,36.45449829101562,36.45449829101562,36.45449829101562,0.0,0.0,0.0,
2016-12-29,36.75619888305664,36.75619888305664,36.75619888305664,36.75619888305664,0.0,0.0,0.0,
2016-12-30,37.14609909057617,37.14609909057617,37.14609909057617,37.14609909057617,0.0,0.0,0.0,
2017-01-02,36.98680114746094,36.98680114746094,36.98680114746094,36.98680114746094,0.0,0.0,0.0,
2017-01-03,37.0,37.40000152587891,36.70000076293945,36.70000076293945,1025.0,0.0,0.0,
2017-01-04,37.07709884643555,37.07709884643555,37.07709884643555,37.07709884643555,0.0,0.0,0.0,
2017-01-05,37.42070007324219,37.42070007324219,37.42070007324219,37.42070007324219,0.0,0.0,0.0,
2017-01-06,37.16120147705078,37.16120147705078,37.16120147705078,37.16120147705078,0.0,0.0,0.0,
2017-01-09,37.14799880981445,37.14799880981445,37.14799880981445,37.14799880981445,0.0,0.0,0.0,
2017-01-10,37.30680084228516,37.30680084228516,37.30680084228516,37.30680084228516,0.0,0.0,0.0,
2017-01-11,37.5,37.5,37.5,37.5,278.0,0.0,0.0,
2017-01-12,37.94390106201172,37.94390106201172,37.94390106201172,37.94390106201172,0.0,0.0,0.0,
2017-01-13,37.29999923706055,37.29999923706055,37.0,37.0,2778.0,0.0,0.0,
2017-01-16,37.59999847412109,37.90000152587891,37.59999847412109,37.90000152587891,316.0,0.0,0.0,
2017-01-17,37.90000152587891,37.90000152587891,37.90000152587891,37.90000152587891,7.0,0.0,0.0,
2017-01-18,37.90000152587891,37.90000152587891,37.90000152587891,37.90000152587891,271.0,0.0,0.0,
2017-01-19,37.5,37.5,37.5,37.5,2800.0,0.0,0.0,
2017-01-20,37.20270156860352,37.20270156860352,37.20270156860352,37.20270156860352,0.0,0.0,0.0,
2017-01-23,36.79999923706055,36.79999923706055,36.79999923706055,36.79999923706055,100.0,0.0,0.0,
2017-01-24,37.39170074462891,37.39170074462891,37.39170074462891,37.39170074462891,0.0,0.0,0.0,
2017-01-25,37.67950057983398,37.67950057983398,37.67950057983398,37.67950057983398,0.0,0.0,0.0,
2017-01-27,40.70000076293945,42.95000076293945,32.0,38.0099983215332,18858.0,0.0,0.0,
2017-01-30,39.0,39.0,38.20000076293945,38.25,16311.0,0.0,0.0,
2017-01-31,37.6422004699707,37.6422004699707,37.6422004699707,37.6422004699707,0.0,0.0,0.0,
2017-02-01,37.70000076293945,37.70000076293945,37.70000076293945,37.70000076293945,1000.0,0.0,0.0,
2017-02-02,37.70000076293945,37.70000076293945,37.45000076293945,37.45000076293945,801.0,0.0,0.0,
2017-02-03,38.20000076293945,38.29999923706055,38.20000076293945,38.29999923706055,5124.0,0.0,0.0,
2017-02-06,38.29999923706055,38.29999923706055,38.29999923706055,38.29999923706055,1060.0,0.0,0.0,
2017-02-07,38.5,38.5,38.5,38.5,100.0,0.0,0.0,
2017-02-08,38.37170028686523,38.37170028686523,38.37170028686523,38.37170028686523,0.0,0.0,0.0,
2017-02-09,37.70000076293945,37.70000076293945,37.59999847412109,37.59999847412109,120.0,0.0,0.0,
2017-02-10,38.20000076293945,38.20000076293945,38.20000076293945,38.20000076293945,100.0,0.0,0.0,
2017-02-13,38.84320068359375,38.84320068359375,38.84320068359375,38.84320068359375,0.0,0.0,0.0,
2017-02-14,38.5,38.5,38.40000152587891,38.40000152587891,745.0,0.0,0.0,
2017-02-15,38.40000152587891,38.40000152587891,38.0,38.0,79.0,0.0,0.0,
2017-02-16,39.11220169067383,39.11220169067383,39.11220169067383,39.11220169067383,0.0,0.0,0.0,
2017-02-17,39.04759979248047,39.04759979248047,39.04759979248047,39.04759979248047,0.0,0.0,0.0,
2017-02-20,38.70000076293945,38.70000076293945,38.0,38.04999923706055,250.0,0.0,0.0,
2017-02-21,38.29999923706055,38.29999923706055,38.29999923706055,38.29999923706055,2084.0,0.0,0.0,
2017-02-22,38.61000061035156,38.61000061035156,38.5,38.5,210.0,0.0,0.0,
2017-02-23,38.5,38.90000152587891,38.5,38.90000152587891,101.0,0.0,0.0,
2017-02-27,39.20000076293945,39.29999923706055,38.90000152587891,39.29999923706055,322.0,0.0,0.0,
2017-02-28,40.02239990234375,40.02239990234375,40.02239990234375,40.02239990234375,0.0,0.0,0.0,
2017-03-01,40.22010040283203,40.22010040283203,40.22010040283203,40.22010040283203,0.0,0.0,0.0,
2017-03-02,40.06909942626953,40.06909942626953,40.06909942626953,40.06909942626953,0.0,0.0,0.0,
2017-03-03,39.5,39.5,39.0,39.0,2623.0,0.0,0.0,
2017-03-06,39.0,39.0,38.90000152587891,38.90000152587891,189.0,0.0,0.0,
2017-03-07,40.51409912109375,40.51409912109375,40.51409912109375,40.51409912109375,0.0,0.0,0.0,
2017-03-08,40.30030059814453,40.30030059814453,40.30030059814453,40.30030059814453,0.0,0.0,0.0,
2017-03-09,40.26800155639648,40.26800155639648,40.26800155639648,40.26800155639648,0.0,0.0,0.0,
2017-03-10,40.0,40.0,39.59999847412109,39.59999847412109,1500.0,0.0,0.0,
2017-03-14,40.5,40.5,40.09999847412109,40.09999847412109,1582.0,0.0,0.0,
2017-03-15,40.5,40.5,40.5,40.5,73.0,0.0,0.0,
2017-03-16,40.99029922485352,40.99029922485352,40.99029922485352,40.99029922485352,0.0,0.0,0.0,
2017-03-17,40.29999923706055,40.29999923706055,40.0,40.04999923706055,400.0,0.0,0.0,
2017-03-20,40.45489883422852,40.45489883422852,40.45489883422852,40.45489883422852,0.0,0.0,0.0,
2017-03-21,40.04999923706055,40.04999923706055,40.04999923706055,40.04999923706055,1.0,0.0,0.0,
2017-03-22,39.97539901733398,39.97539901733398,39.97539901733398,39.97539901733398,0.0,0.0,0.0,
2017-03-23,39.40000152587891,39.40000152587891,39.40000152587891,39.40000152587891,100.0,0.0,0.0,
2017-03-24,40.51359939575195,40.51359939575195,40.51359939575195,40.51359939575195,0.0,0.0,0.0,
2017-03-27,40.0,40.0,39.0,39.0,1986.0,0.0,0.0,
2017-03-28,40.36690139770508,40.36690139770508,40.36690139770508,40.36690139770508,0.0,0.0,0.0,
2017-03-29,40.0,40.0,39.70000076293945,39.70000076293945,9.0,0.0,0.0,
2017-03-30,40.20000076293945,40.29999923706055,40.20000076293945,40.29999923706055,9.0,0.0,0.0,
2017-03-31,40.29999923706055,40.29999923706055,39.5,39.66999816894531,558.0,0.0,0.0,
2017-04-03,40.5,40.5,39.5099983215332,40.0,624.0,0.0,0.0,
2017-04-05,40.0,40.0,39.5099983215332,39.70000076293945,3002.0,0.0,0.0,
2017-04-06,39.5099983215332,39.5099983215332,38.5,38.81000137329102,2500.0,0.0,0.0,
2017-04-07,39.0,39.0,38.5,38.5,3001.0,0.0,0.0,
2017-04-10,39.0,39.0,38.90000152587891,39.0,950.0,0.0,0.0,
2017-04-11,39.40000152587891,40.0,39.40000152587891,40.0,1090.0,0.0,0.0,
2017-04-12,40.76990127563477,40.76990127563477,40.76990127563477,40.76990127563477,0.0,0.0,0.0,
2017-04-13,40.5,40.5,40.5,40.5,931.0,0.0,0.0,
2017-04-17,40.5,40.5,40.0,40.0,562.0,0.0,0.0,
2017-04-18,40.29999923706055,40.29999923706055,40.29999923706055,40.29999923706055,1.0,0.0,0.0,
2017-04-19,40.08580017089844,40.08580017089844,40.08580017089844,40.08580017089844,0.0,0.0,0.0,
2017-04-20,39.99369812011719,39.99369812011719,39.99369812011719,39.99369812011719,0.0,0.0,0.0,
2017-04-21,39.96799850463867,39.96799850463867,39.96799850463867,39.96799850463867,0.0,0.0,0.0,
2017-04-24,40.24050140380859,40.24050140380859,40.24050140380859,40.24050140380859,0.0,0.0,0.0,
2017-04-25,40.0,40.0,39.79999923706055,39.79999923706055,300.0,0.0,0.0,
2017-04-26,38.5099983215332,40.5,38.5099983215332,40.47000122070312,13551.0,0.0,0.0,
2017-04-27,40.5,40.70000076293945,40.25,40.65000152587891,45160.0,0.0,0.0,
2017-04-28,40.59999847412109,40.7599983215332,40.59000015258789,40.70000076293945,81880.0,0.0,0.0,
2017-05-02,40.90000152587891,42.0,40.5,40.66999816894531,29763.0,0.0,0.0,
2017-05-03,40.70000076293945,40.70000076293945,39.5099983215332,40.70000076293945,52402.0,0.0,0.0,
2017-05-04,40.79999923706055,41.40000152587891,40.79999923706055,41.36999893188477,622.0,0.0,0.0,
2017-05-05,41.0,41.0,40.90000152587891,40.90000152587891,488.0,0.0,0.0,
2017-05-08,41.04999923706055,41.04999923706055,41.04999923706055,41.04999923706055,100.0,0.0,0.0,
2017-05-09,40.99900054931641,40.99900054931641,40.99900054931641,40.99900054931641,0.0,0.0,0.0,
2017-05-10,41.20000076293945,41.40000152587891,41.20000076293945,41.40000152587891,3532.0,0.0,0.0,
2017-05-11,41.5,41.59999847412109,41.5,41.5,583.0,0.0,0.0,
2017-05-12,41.40000152587891,41.40000152587891,41.40000152587891,41.40000152587891,100.0,0.0,0.0,
2017-05-15,41.40000152587891,41.5,41.29999923706055,41.29999923706055,307.0,0.0,0.0,
2017-05-16,41.63600158691406,41.63600158691406,41.63600158691406,41.63600158691406,0.0,0.0,0.0,
2017-05-17,41.75,41.75,41.70000076293945,41.70000076293945,11700.0,0.0,0.0,
2017-05-18,41.59999847412109,41.59999847412109,41.5,41.54999923706055,200.0,0.0,0.0,
2017-05-19,41.54999923706055,41.54999923706055,41.29000091552734,41.29999923706055,25030.0,0.0,0.0,
2017-05-22,41.29999923706055,41.29999923706055,41.29999923706055,41.29999923706055,10.0,0.0,0.0,
2017-05-23,41.29999923706055,41.29999923706055,40.70000076293945,40.95000076293945,620.0,0.0,0.0,
2017-05-24,41.20000076293945,41.20000076293945,40.90000152587891,40.90000152587891,134.0,0.0,0.0,
2017-05-25,38.5099983215332,48.20000076293945,38.5099983215332,40.72999954223633,656.0,0.0,0.0,
2017-05-26,48.20000076293945,48.20000076293945,48.0,48.02999877929688,290.0,0.0,0.0,
2017-05-29,48.0,48.0,42.25,42.25,542.0,0.0,0.0,
2017-05-30,42.25,48.38000106811523,35.13999938964844,43.5,1943.0,0.0,0.0,
2017-05-31,42.5,42.5,42.5,42.5,61.0,0.0,0.0,
2017-06-01,42.0,42.15000152587891,42.0,42.15000152587891,569.0,0.0,0.0,
2017-06-02,42.0,42.25,42.0,42.25,150.0,0.0,0.0,
2017-06-05,42.0,42.0,41.5,42.0,10570.0,0.0,0.0,
2017-06-06,42.29999923706055,42.29999923706055,41.5,42.0,6500.0,0.0,0.0,
2017-06-07,42.45970153808594,42.45970153808594,42.45970153808594,42.45970153808594,0.0,0.0,0.0,
2017-06-08,42.0,42.0,41.70000076293945,41.79999923706055,372.0,0.0,0.0,
2017-06-09,41.59999847412109,41.70000076293945,41.59999847412109,41.70000076293945,131.0,0.0,0.0,
2017-06-12,41.59999847412109,41.70000076293945,41.5,41.54000091552734,453.0,0.0,0.0,
2017-06-13,41.5,41.70000076293945,41.40000152587891,41.40000152587891,62.0,0.0,0.0,
2017-06-14,41.5,41.70000076293945,41.29999923706055,41.5,631.0,0.0,0.0,
2017-06-15,41.70000076293945,41.70000076293945,41.65000152587891,41.65000152587891,10056.0,0.0,0.0,
2017-06-16,41.70000076293945,41.70000076293945,41.70000076293945,41.70000076293945,2.0,0.0,0.0,
2017-06-19,41.5,41.75,41.29999923706055,41.29999923706055,282.0,0.0,0.0,
2017-06-20,41.5,41.5,41.20000076293945,41.20000076293945,362.0,0.0,0.0,
2017-06-21,41.59999847412109,42.0,41.29999923706055,41.59999847412109,74.0,0.0,0.0,
2017-06-22,42.0,42.0,41.59999847412109,41.65000152587891,537.0,0.0,0.0,
2017-06-23,41.29999923706055,41.5,41.29999923706055,41.29999923706055,30011.0,0.0,0.0,
2017-06-27,44.5,44.5,40.70000076293945,41.20000076293945,249.0,0.0,0.0,
2017-06-28,41.0,41.40000152587891,40.5,41.25,2152.0,0.0,0.0,
2017-06-29,41.40000152587891,41.40000152587891,41.15000152587891,41.20000076293945,14816.0,0.0,0.0,
2017-06-30,40.79999923706055,41.09999847412109,40.5,41.09999847412109,1434.0,0.0,0.0,
2017-07-03,41.40000152587891,41.59999847412109,41.20000076293945,41.20000076293945,213.0,0.0,0.0,
2017-07-04,42.0,42.0,42.0,42.0,120.0,0.0,0.0,
2017-07-05,42.00709915161133,42.00709915161133,42.00709915161133,42.00709915161133,0.0,0.0,0.0,
2017-07-06,41.5,41.79999923706055,41.40000152587891,41.79999923706055,180.0,0.0,0.0,
2017-07-07,41.79999923706055,41.90000152587891,41.5,41.90000152587891,5128.0,0.0,0.0,
2017-07-10,42.0,42.0,42.0,42.0,100.0,0.0,0.0,
2017-07-11,42.5,42.5,42.0,42.0,2063.0,0.0,0.0,
2017-07-12,43.02920150756836,43.02920150756836,43.02920150756836,43.02920150756836,0.0,0.0,0.0,
2017-07-13,42.40000152587891,42.40000152587891,42.0,42.0,5014.0,0.0,0.0,
2017-07-14,50.27000045776367,50.27000045776367,43.0,43.29999923706055,52067.0,0.0,0.0,
2017-07-17,43.29999923706055,44.5,43.29999923706055,43.7599983215332,2720.0,0.0,0.0,
2017-07-18,43.5,43.5,43.0,43.0,6060.0,0.0,0.0,
2017-07-19,43.59999847412109,43.59999847412109,43.5,43.58000183105469,120.0,0.0,0.0,
2017-07-20,43.5,43.5,43.20000076293945,43.20000076293945,165.0,0.0,0.0,
2017-07-21,43.20000076293945,43.90000152587891,43.20000076293945,43.40000152587891,420.0,0.0,0.0,
2017-07-24,44.5,44.5,43.79999923706055,44.0,833.0,0.0,0.0,
2017-07-25,44.5,44.5,44.5,44.5,383.0,0.0,0.0,
2017-07-26,45.54999923706055,45.54999923706055,45.54999923706055,45.54999923706055,10.0,0.0,0.0,
2017-07-27,44.90000152587891,45.0,44.90000152587891,45.0,223.0,0.0,0.0,
2017-07-28,43.90000152587891,43.90000152587891,43.90000152587891,43.90000152587891,31.0,0.0,0.0,
2017-07-31,44.0,44.5,44.0,44.40000152587891,260.0,0.0,0.0,
2017-08-01,44.5,44.5,44.29999923706055,44.5,700.0,0.0,0.0,
2017-08-02,44.79999923706055,44.90000152587891,44.59999847412109,44.90000152587891,1170.0,0.0,0.0,
2017-08-03,44.70000076293945,44.70000076293945,44.70000076293945,44.70000076293945,20.0,0.0,0.0,
2017-08-04,44.40000152587891,44.70000076293945,44.20000076293945,44.45000076293945,820.0,0.0,0.0,
2017-08-07,44.40000152587891,44.40000152587891,44.40000152587891,44.40000152587891,10.0,0.0,0.0,
2017-08-08,44.5,44.5,44.29999923706055,44.5,392.0,0.0,0.0,
2017-08-09,44.29999923706055,44.5,44.29999923706055,44.5,290.0,0.0,0.0,
2017-08-10,43.5,44.09999847412109,43.09999847412109,44.0099983215332,31148.0,0.0,0.0,
2017-08-11,43.59999847412109,43.70000076293945,43.0,43.0,1370.0,0.0,0.0,
2017-08-14,44.0,44.20000076293945,43.0,43.20000076293945,745.0,0.0,0.0,
2017-08-16,43.5,43.90000152587891,43.09999847412109,43.90000152587891,609.0,0.0,0.0,
2017-08-17,43.5,44.0,43.5,44.0,111.0,0.0,0.0,
2017-08-18,44.0,44.0,44.0,44.0,0.0,0.0,0.0,
2017-08-21,44.0,44.0,44.0,44.0,0.0,0.0,0.0,
2017-08-22,43.0,43.29999923706055,42.90000152587891,43.29999923706055,307.0,0.0,0.0,
2017-08-23,43.5,43.59999847412109,43.5,43.59000015258789,15064.0,0.0,0.0,
2017-08-24,43.90000152587891,44.04999923706055,43.5,44.04999923706055,342.0,0.0,0.0,
2017-08-28,44.0,44.0,44.0,44.0,55.0,0.0,0.0,
2017-08-29,43.5,43.5,43.5,43.5,151.0,0.0,0.0,
2017-08-30,43.5,43.5,43.5,43.5,0.0,0.0,0.0,
2017-08-31,43.5,43.5,43.5,43.5,0.0,0.0,0.0,
2017-09-01,44.0,44.09999847412109,44.0,44.0099983215332,123.0,0.0,0.0,
2017-09-04,44.20000076293945,44.20000076293945,43.5,43.5,346.0,0.0,0.0,
2017-09-05,44.0,44.04999923706055,44.0,44.04999923706055,122.0,0.0,0.0,
2017-09-06,44.0,44.04999923706055,44.0,44.0099983215332,640.0,0.0,0.0,
2017-09-07,44.0,44.09999847412109,44.0,44.09999847412109,9208.0,0.0,0.0,
2017-09-08,43.0099983215332,43.0099983215332,43.0099983215332,43.0099983215332,1.0,0.0,0.0,
2017-09-11,43.0099983215332,43.0099983215332,43.0099983215332,43.0099983215332,0.0,0.0,0.0,
2017-09-12,43.79999923706055,43.79999923706055,43.59999847412109,43.75,344.0,0.0,0.0,
2017-09-13,44.20000076293945,44.20000076293945,44.20000076293945,44.20000076293945,1070.0,0.0,0.0,
2017-09-14,44.5,44.5,44.5,44.5,362.0,0.0,0.0,
2017-09-15,44.40000152587891,44.5,44.40000152587891,44.5,106.0,0.0,0.0,
2017-09-18,44.5,44.5,44.5,44.5,100.0,0.0,0.0,
2017-09-19,44.5,44.5,44.5,44.5,126.0,0.0,0.0,
2017-09-20,44.5,44.5,44.5,44.5,0.0,0.0,0.0,
2017-09-21,44.70000076293945,44.70000076293945,44.20000076293945,44.20000076293945,17.0,0.0,0.0,
2017-09-22,43.0099983215332,43.79999923706055,42.25,42.25,254.0,0.0,0.0,
2017-09-25,42.25,42.25,42.25,42.25,0.0,0.0,0.0,
2017-09-26,43.70000076293945,43.79999923706055,43.40000152587891,43.40000152587891,130.0,0.0,0.0,
2017-09-27,43.5,43.5,43.0,43.0,1056.0,0.0,0.0,
2017-09-28,43.5,43.5,43.04999923706055,43.04999923706055,3.0,0.0,0.0,
2017-09-29,43.29999923706055,43.40000152587891,43.29999923706055,43.31000137329102,120.0,0.0,0.0,
2017-10-03,43.90000152587891,43.90000152587891,43.5,43.5,41.0,0.0,0.0,
2017-10-04,43.0,43.65000152587891,43.0,43.59999847412109,750.0,0.0,0.0,
2017-10-05,43.65000152587891,43.65000152587891,43.0,43.0,505.0,0.0,0.0,
2017-10-06,43.75,43.79999923706055,43.75,43.79999923706055,121.0,0.0,0.0,
2017-10-09,44.0,44.09999847412109,44.0,44.09999847412109,120.0,0.0,0.0,
2017-10-10,44.0,44.25,44.0,44.25,101.0,0.0,0.0,
2017-10-11,44.25,44.25,44.25,44.25,0.0,0.0,0.0,
2017-10-12,44.25,44.25,44.25,44.25,0.0,0.0,0.0,
2017-10-13,44.5,44.90000152587891,44.5,44.90000152587891,1001.0,0.0,0.0,
2017-10-16,45.5,45.70000076293945,45.0,45.61000061035156,76249.0,0.0,0.0,
2017-10-17,45.79999923706055,47.0,44.0,45.66999816894531,31338.0,0.0,0.0,
2017-10-18,45.34999847412109,45.40000152587891,45.0,45.25,12802.0,0.0,0.0,
2017-10-19,45.5,45.5,45.5,45.5,101.0,0.0,0.0,
2017-10-23,43.5099983215332,49.27999877929688,43.0099983215332,43.29000091552734,335.0,0.0,0.0,
2017-10-24,43.29000091552734,43.29000091552734,43.29000091552734,43.29000091552734,0.0,0.0,0.0,
2017-10-25,49.54999923706055,54.54999923706055,47.0,47.25,5985.0,0.0,0.0,
2017-10-26,47.0,47.0,46.25,46.91999816894531,9011.0,0.0,0.0,
2017-10-27,47.25,47.25,47.15000152587891,47.15000152587891,501.0,0.0,0.0,
2017-10-30,47.09999847412109,47.15000152587891,46.5,46.90000152587891,1214.0,0.0,0.0,
2017-10-31,47.0,47.0,46.5,46.90000152587891,189.0,0.0,0.0,
2017-11-01,46.90000152587891,47.5,46.79999923706055,47.34999847412109,4080.0,0.0,0.0,
2017-11-02,47.34999847412109,47.34999847412109,47.34999847412109,47.34999847412109,0.0,0.0,0.0,
2017-11-03,47.79999923706055,47.79999923706055,47.0,47.70000076293945,370.0,0.0,0.0,
2017-11-06,47.79999923706055,48.0,47.79999923706055,47.79999923706055,207.0,0.0,0.0,
2017-11-07,47.70000076293945,47.79999923706055,47.40000152587891,47.79999923706055,506.0,0.0,0.0,
2017-11-08,47.29999923706055,47.40000152587891,47.20000076293945,47.20000076293945,225.0,0.0,0.0,
2017-11-09,47.40000152587891,47.5,47.34999847412109,47.34999847412109,181.0,0.0,0.0,
2017-11-10,47.40000152587891,47.40000152587891,47.40000152587891,47.40000152587891,1.0,0.0,0.0,
2017-11-13,47.40000152587891,47.40000152587891,47.40000152587891,47.40000152587891,0.0,0.0,0.0,
2017-11-14,47.0,47.29999923706055,47.0,47.0,3027.0,0.0,0.0,
2017-11-15,47.15000152587891,47.20000076293945,46.70000076293945,46.72000122070312,471.0,0.0,0.0,
2017-11-16,47.20000076293945,47.40000152587891,47.20000076293945,47.31000137329102,33.0,0.0,0.0,
2017-11-17,47.90000152587891,48.0,47.79999923706055,47.79999923706055,220.0,0.0,0.0,
2017-11-20,47.84999847412109,47.90000152587891,47.20000076293945,47.90000152587891,8164.0,0.0,0.0,
2017-11-21,47.90000152587891,47.90000152587891,47.90000152587891,47.90000152587891,0.0,0.0,0.0,
2017-11-22,48.0,48.0,48.0,48.0,350.0,0.0,0.0,
2017-11-23,48.0,48.0,47.59999847412109,47.65000152587891,400.0,0.0,0.0,
2017-11-24,48.20000076293945,48.20000076293945,48.0,48.09999847412109,400.0,0.0,0.0,
2017-11-27,48.09999847412109,48.09999847412109,48.0,48.0,84.0,0.0,0.0,
2017-11-28,48.20000076293945,48.29999923706055,47.79999923706055,47.84999847412109,440.0,0.0,0.0,
2017-11-29,48.0,48.29999923706055,48.0,48.29999923706055,40.0,0.0,0.0,
2017-11-30,47.70000076293945,47.79999923706055,47.70000076293945,47.70000076293945,90.0,0.0,0.0,
2017-12-01,47.40000152587891,47.5,47.0,47.0,502.0,0.0,0.0,
2017-12-04,47.0,47.0,47.0,47.0,0.0,0.0,0.0,
2017-12-05,46.59999847412109,47.29999923706055,46.5099983215332,47.29999923706055,531.0,0.0,0.0,
2017-12-06,47.0,47.0,47.0,47.0,200.0,0.0,0.0,
2017-12-07,47.20000076293945,49.0,46.5099983215332,48.29000091552734,2214.0,0.0,0.0,
2017-12-08,47.79999923706055,47.84999847412109,47.54999923706055,47.84999847412109,60.0,0.0,0.0,
2017-12-11,48.5,48.5,47.79999923706055,47.79999923706055,1052.0,0.0,0.0,
2017-12-12,48.09999847412109,48.09999847412109,47.5,47.5,293.0,0.0,0.0,
2017-12-13,47.79999923706055,47.79999923706055,47.65000152587891,47.65000152587891,32.0,0.0,0.0,
2017-12-14,47.79999923706055,47.90000152587891,47.5,47.59999847412109,434.0,0.0,0.0,
2017-12-15,51.4900016784668,51.4900016784668,47.52000045776367,48.0,197.0,0.0,0.0,
2017-12-18,47.0,48.20000076293945,47.0,48.15000152587891,656.0,0.0,0.0,
2017-12-19,48.29999923706055,48.59999847412109,47.59999847412109,48.54999923706055,973.0,0.0,0.0,
2017-12-20,48.5,48.5,48.20000076293945,48.20000076293945,82.0,0.0,0.0,
2017-12-21,48.20000076293945,48.29999923706055,48.20000076293945,48.29999923706055,76.0,0.0,0.0,
2017-12-22,48.29999923706055,48.29999923706055,48.29999923706055,48.29999923706055,0.0,0.0,0.0,
2017-12-26,49.9900016784668,53.9900016784668,47.02999877929688,49.52999877929688,5304.0,0.0,0.0,
2017-12-27,47.04999923706055,48.90000152587891,47.04999923706055,48.84999847412109,898.0,0.0,0.0,
2017-12-28,48.79999923706055,48.79999923706055,48.70000076293945,48.70000076293945,5.0,0.0,0.0,
2017-12-29,48.79999923706055,48.90000152587891,48.70000076293945,48.90000152587891,1505.0,0.0,0.0,
2018-01-01,48.59999847412109,48.90000152587891,48.29999923706055,48.61999893188477,762.0,0.0,0.0,
2018-01-02,48.59999847412109,48.59999847412109,48.20000076293945,48.45000076293945,323.0,0.0,0.0,
2018-01-03,48.70000076293945,48.70000076293945,48.15000152587891,48.15000152587891,593.0,0.0,0.0,
2018-01-04,48.15000152587891,48.15000152587891,48.15000152587891,48.15000152587891,0.0,0.0,0.0,
2018-01-05,48.59999847412109,48.59999847412109,48.15000152587891,48.15000152587891,1000.0,0.0,0.0,
2018-01-08,48.79999923706055,49.20000076293945,48.79999923706055,49.20000076293945,104.0,0.0,0.0,
2018-01-09,48.0099983215332,49.45000076293945,48.0099983215332,49.0,450.0,0.0,0.0,
2018-01-10,49.0,49.40000152587891,49.0,49.40000152587891,1132.0,0.0,0.0,
2018-01-11,49.20000076293945,49.5,49.20000076293945,49.5,14.0,0.0,0.0,
2018-01-12,49.45000076293945,49.45000076293945,49.20000076293945,49.20000076293945,359.0,0.0,0.0,
2018-01-15,50.09999847412109,50.20000076293945,49.79999923706055,50.0,243.0,0.0,0.0,
2018-01-16,49.90000152587891,50.09999847412109,49.59999847412109,50.09999847412109,491.0,0.0,0.0,
2018-01-17,50.29999923706055,50.90000152587891,50.09999847412109,50.31999969482422,24.0,0.0,0.0,
2018-01-18,50.5,50.5,50.45000076293945,50.45000076293945,101.0,0.0,0.0,
2018-01-19,50.25,51.0,47.0,50.75,1552.0,0.0,0.0,
2018-01-22,51.0,51.20000076293945,51.0,51.20000076293945,160.0,0.0,0.0,
2018-01-23,61.0,61.0,51.75,52.40000152587891,609.0,0.0,0.0,
2018-01-24,52.5,52.65000152587891,52.0,52.65000152587891,313.0,0.0,0.0,
2018-01-25,53.0,53.0,50.90000152587891,52.15000152587891,2221.0,0.0,0.0,
2018-01-29,54.45000076293945,54.45000076293945,52.09999847412109,52.27999877929688,2141.0,0.0,0.0,
2018-01-30,55.0,56.84999847412109,52.0,52.0,2649.0,0.0,0.0,
2018-01-31,52.09999847412109,52.09999847412109,51.79999923706055,51.90000152587891,34.0,0.0,0.0,
2018-02-01,51.90000152587891,53.90000152587891,51.5,51.70000076293945,919.0,0.0,0.0,
2018-02-02,51.70000076293945,51.70000076293945,50.5,50.75,364.0,0.0,0.0,
2018-02-05,50.75,51.5,50.75,51.25,1402.0,0.0,0.0,
2018-02-06,56.38999938964844,56.38999938964844,43.20000076293945,49.5,6430.0,0.0,0.0,
2018-02-07,49.59999847412109,49.70000076293945,49.0,49.5,675.0,0.0,0.0,
2018-02-08,49.70000076293945,49.75,49.0,49.59999847412109,1326.0,0.0,0.0,
2018-02-09,50.0,50.0,49.0,49.20000076293945,2749.0,0.0,0.0,
2018-02-12,53.40000152587891,53.40000152587891,49.20000076293945,49.5,1646.0,0.0,0.0,
2018-02-14,49.5,49.5,49.0,49.0,3160.0,0.0,0.0,
2018-02-15,49.0,52.95000076293945,45.59999847412109,49.54999923706055,702.0,0.0,0.0,
2018-02-16,49.90000152587891,49.90000152587891,49.29999923706055,49.29999923706055,368.0,0.0,0.0,
2018-02-19,48.79999923706055,48.84999847412109,48.70000076293945,48.84999847412109,310.0,0.0,0.0,
2018-02-20,48.59999847412109,48.90000152587891,48.54999923706055,48.84999847412109,464.0,0.0,0.0,
2018-02-21,48.90000152587891,49.54000091552734,48.61999893188477,48.90000152587891,1222.0,0.0,0.0,
2018-02-22,48.95000076293945,48.95000076293945,48.59999847412109,48.59999847412109,97.0,0.0,0.0,
2018-02-23,49.0,49.59999847412109,49.0,49.59999847412109,130.0,0.0,0.0,
2018-02-26,49.5,49.90000152587891,49.5,49.90000152587891,1201.0,0.0,0.0,
2018-02-27,50.0,50.0,49.59000015258789,49.59999847412109,2547.0,0.0,0.0,
2018-02-28,48.59999847412109,49.20000076293945,48.59999847412109,48.90000152587891,222.0,0.0,0.0,
2018-03-01,49.5,49.5,48.90000152587891,48.9900016784668,128.0,0.0,0.0,
2018-03-05,49.0,49.09999847412109,48.34999847412109,48.65000152587891,2354.0,0.0,0.0,
2018-03-06,49.0,49.0,47.9900016784668,47.9900016784668,527.0,0.0,0.0,
2018-03-07,52.40000152587891,52.40000152587891,47.29999923706055,47.5,750.0,0.0,0.0,
2018-03-08,47.70000076293945,47.70000076293945,47.5,47.70000076293945,402.0,0.0,0.0,
2018-03-09,48.20000076293945,48.20000076293945,47.54999923706055,47.54999923706055,15.0,0.0,0.0,
2018-03-12,52.95000076293945,52.95000076293945,47.59999847412109,48.38999938964844,1189.0,0.0,0.0,
2018-03-13,48.40000152587891,50.95000076293945,48.40000152587891,48.59999847412109,143.0,0.0,0.0,
2018-03-14,48.59999847412109,48.61000061035156,48.29999923706055,48.47999954223633,170.0,0.0,0.0,
2018-03-15,49.0,49.0,48.20000076293945,48.22000122070312,64.0,0.0,0.0,
2018-03-16,48.20000076293945,48.20000076293945,47.59000015258789,47.65999984741211,218.0,0.0,0.0,
2018-03-19,47.59999847412109,47.59999847412109,46.9900016784668,47.18000030517578,1127.0,0.0,0.0,
2018-03-20,47.0,47.0,47.0,47.0,102.0,0.0,0.0,
2018-03-21,47.40000152587891,47.59999847412109,47.38999938964844,47.40000152587891,194.0,0.0,0.0,
2018-03-22,47.0,47.0,46.84999847412109,46.95000076293945,551.0,0.0,0.0,
2018-03-23,46.20000076293945,46.5,46.20000076293945,46.40000152587891,901.0,0.0,0.0,
2018-03-26,46.5,46.5,46.0,46.45000076293945,406.0,0.0,0.0,
2018-03-27,47.0,47.09999847412109,46.79999923706055,47.09000015258789,21.0,0.0,0.0,
2018-03-28,50.95000076293945,50.95000076293945,46.70000076293945,46.81000137329102,240.0,0.0,0.0,
2018-04-02,46.79999923706055,46.90000152587891,45.29999923706055,45.90000152587891,2099.0,0.0,0.0,
2018-04-03,46.79999923706055,47.0,46.59999847412109,46.86000061035156,209.0,0.0,0.0,
2018-04-04,51.54999923706055,51.54999923706055,46.40000152587891,46.40000152587891,617.0,0.0,0.0,
2018-04-05,47.20000076293945,47.5,47.20000076293945,47.45000076293945,183.0,0.0,0.0,
2018-04-06,50.0,50.0,47.40000152587891,47.70000076293945,201.0,0.0,0.0,
2018-04-09,47.59999847412109,47.79999923706055,43.40000152587891,47.66999816894531,880.0,0.0,0.0,
2018-04-10,52.0,52.0,47.5,47.5,658.0,0.0,0.0,
2018-04-11,52.0,52.0,47.90000152587891,48.29999923706055,150.0,0.0,0.0,
2018-04-12,51.0,51.0,48.20000076293945,48.40000152587891,56.0,0.0,0.0,
2018-04-13,49.0,49.0,48.09999847412109,48.34999847412109,656.0,0.0,0.0,
2018-04-16,48.40000152587891,48.65000152587891,48.20000076293945,48.63999938964844,2397.0,0.0,0.0,
2018-04-17,48.75,48.88999938964844,48.70000076293945,48.81999969482422,52205.0,0.0,0.0,
2018-04-18,50.9900016784668,54.90000152587891,48.66999816894531,48.81000137329102,14644.0,0.0,0.0,
2018-04-19,48.34999847412109,49.0,48.34999847412109,48.90000152587891,514.0,0.0,0.0,
2018-04-20,48.90000152587891,49.09999847412109,48.70000076293945,49.06000137329102,963.0,0.0,0.0,
2018-04-23,48.5,49.59999847412109,48.5,49.59999847412109,451.0,0.0,0.0,
2018-04-24,49.59999847412109,49.59999847412109,48.79999923706055,48.9900016784668,842.0,0.0,0.0,
2018-04-25,49.25,49.25,49.25,49.25,65.0,0.0,0.0,
2018-04-26,49.20000076293945,49.20000076293945,48.84999847412109,48.84999847412109,690.0,0.0,0.0,
2018-04-27,49.9900016784668,49.9900016784668,49.5,49.9900016784668,265.0,0.0,0.0,
2018-04-30,50.0,50.0,50.0,50.0,573.0,0.0,0.0,
2018-05-02,49.5,50.09999847412109,49.09999847412109,49.22999954223633,990.0,0.0,0.0,
2018-05-03,49.09999847412109,49.90000152587891,49.09999847412109,49.90000152587891,550.0,0.0,0.0,
2018-05-04,49.0,49.5,49.0,49.5,204.0,0.0,0.0,
2018-05-07,49.0,49.0,49.0,49.0,920.0,0.0,0.0,
2018-05-08,50.0,51.79999923706055,48.59999847412109,51.4900016784668,1049.0,0.0,0.0,
2018-05-09,51.5,51.54999923706055,46.90000152587891,48.5,623.0,0.0,0.0,
2018-05-10,49.97999954223633,49.97999954223633,48.90000152587891,49.90000152587891,2578.0,0.0,0.0,
2018-05-11,55.09999847412109,56.29999923706055,49.79999923706055,50.0,370.0,0.0,0.0,
2018-05-14,50.0,51.79000091552734,50.0,50.09999847412109,1933.0,0.0,0.0,
2018-05-15,51.79000091552734,51.79000091552734,49.0099983215332,50.5,2925.0,0.0,0.0,
2018-05-16,53.7599983215332,53.7599983215332,50.04999923706055,50.04999923706055,2048.0,0.0,0.0,
2018-05-17,50.0,51.54999923706055,49.59999847412109,49.59999847412109,244.0,0.0,0.0,
2018-05-18,49.59999847412109,49.59999847412109,49.20000076293945,49.20000076293945,605.0,0.0,0.0,
2018-05-21,49.20000076293945,51.0,48.79999923706055,49.40999984741211,1498.0,0.0,0.0,
2018-05-22,49.29999923706055,49.59999847412109,49.29999923706055,49.40000152587891,409.0,0.0,0.0,
2018-05-23,49.5,49.5,49.0,49.45000076293945,47.0,0.0,0.0,
2018-05-24,49.25,49.5,49.25,49.45000076293945,232.0,0.0,0.0,
2018-05-25,49.84999847412109,49.84999847412109,49.84999847412109,49.84999847412109,15.0,0.0,0.0,
2018-05-28,49.79999923706055,50.20000076293945,49.79999923706055,50.04999923706055,225.0,0.0,0.0,
2018-05-29,50.0,50.29999923706055,49.79999923706055,50.29999923706055,422.0,0.0,0.0,
2018-05-30,49.70000076293945,49.70000076293945,49.15000152587891,49.59999847412109,396.0,0.0,0.0,
2018-05-31,49.59999847412109,49.70000076293945,49.59999847412109,49.59999847412109,110.0,0.0,0.0,
2018-06-01,50.15000152587891,50.15000152587891,49.90000152587891,49.90000152587891,62.0,0.0,0.0,
2018-06-04,40.09999847412109,49.95000076293945,40.09999847412109,49.79999923706055,807.0,0.0,0.0,
2018-06-05,49.79999923706055,50.09999847412109,49.29999923706055,50.09999847412109,1495.0,0.0,0.0,
2018-06-06,49.59999847412109,50.0,49.45000076293945,49.95999908447266,528.0,0.0,0.0,
2018-06-07,50.0,50.34999847412109,50.0,50.34999847412109,3.0,0.0,0.0,
2018-06-08,50.25,50.40000152587891,50.25,50.40000152587891,8756.0,0.0,0.0,
2018-06-11,50.54999923706055,51.40000152587891,50.54999923706055,50.59999847412109,5109.0,0.0,0.0,
2018-06-12,50.40000152587891,51.09999847412109,48.0,49.52000045776367,735.0,0.0,0.0,
2018-06-13,51.0,51.5,50.70000076293945,51.5,905.0,0.0,0.0,
2018-06-14,51.0,51.0,50.90000152587891,51.0,896.0,0.0,0.0,
2018-06-15,51.0,51.0,51.0,51.0,96.0,0.0,0.0,
2018-06-18,51.0,51.0,51.0,51.0,53.0,0.0,0.0,
2018-06-19,50.70000076293945,50.79999923706055,50.45000076293945,50.77999877929688,516.0,0.0,0.0,
2018-06-20,54.93999862670898,54.93999862670898,50.5,51.0,49.0,0.0,0.0,
2018-06-21,58.65000152587891,58.65000152587891,42.79999923706055,50.86000061035156,251.0,0.0,0.0,
2018-06-22,50.90000152587891,51.09999847412109,50.59999847412109,51.0,988.0,0.0,0.0,
2018-06-25,51.0,51.20000076293945,49.0,49.9900016784668,2253.0,0.0,0.0,
2018-06-26,50.29999923706055,50.59999847412109,50.20000076293945,50.20000076293945,422.0,0.0,0.0,
2018-06-27,50.40000152587891,50.40000152587891,49.59999847412109,49.61000061035156,1201.0,0.0,0.0,
2018-06-28,49.90000152587891,50.0,49.29999923706055,49.29999923706055,730.0,0.0,0.0,
2018-06-29,53.77999877929688,53.77999877929688,49.90000152587891,50.06999969482422,252.0,0.0,0.0,
2018-07-02,55.29999923706055,56.9900016784668,46.04000091552734,50.25,346.0,0.0,0.0,
2018-07-03,52.45000076293945,52.45000076293945,50.29999923706055,50.54000091552734,89.0,0.0,0.0,
2018-07-04,55.0,55.0,50.0,50.0,139.0,0.0,0.0,
2018-07-05,56.9900016784668,56.9900016784668,49.79999923706055,49.9900016784668,1360.0,0.0,0.0,
2018-07-06,55.20000076293945,55.20000076293945,49.70000076293945,50.29999923706055,981.0,0.0,0.0,
2018-07-09,51.84999847412109,55.0,50.5,51.09999847412109,549.0,0.0,0.0,
2018-07-10,55.93999862670898,55.93999862670898,50.90000152587891,51.38000106811523,937.0,0.0,0.0,
2018-07-11,51.40000152587891,51.79999923706055,51.29999923706055,51.29999923706055,9906.0,0.0,0.0,
2018-07-12,54.0,61.59999847412109,50.90000152587891,53.61999893188477,27284.0,0.0,0.0,
2018-07-13,55.0,56.0,52.5,53.66999816894531,4622.0,0.0,0.0,
2018-07-16,54.0,54.90000152587891,53.66999816894531,54.20999908447266,1315.0,0.0,0.0,
2018-07-17,57.90000152587891,62.59999847412109,52.5,59.16999816894531,3148.0,0.0,0.0,
2018-07-18,58.65000152587891,59.16999816894531,52.0,52.11999893188477,32732.0,0.0,0.0,
2018-07-19,52.79000091552734,52.79000091552734,52.09999847412109,52.11000061035156,2216.0,0.0,0.0,
2018-07-20,52.95000076293945,52.95000076293945,52.0,52.27000045776367,1421.0,0.0,0.0,
2018-07-23,53.45000076293945,53.45000076293945,52.29999923706055,52.56999969482422,1541.0,0.0,0.0,
2018-07-24,53.79999923706055,53.79999923706055,47.15000152587891,51.93000030517578,1454.0,0.0,0.0,
2018-07-25,53.84000015258789,53.84000015258789,52.0,52.34999847412109,1461.0,0.0,0.0,
2018-07-26,53.5,53.59999847412109,51.5,52.72999954223633,1823.0,0.0,0.0,
2018-07-27,53.5,53.5,52.0,53.22999954223633,2064.0,0.0,0.0,
2018-07-30,53.95000076293945,53.95000076293945,52.79999923706055,53.09000015258789,5106.0,0.0,0.0,
2018-07-31,53.95000076293945,53.95000076293945,53.0,53.63999938964844,1625.0,0.0,0.0,
2018-08-01,53.95000076293945,54.90000152587891,53.5,54.34000015258789,2956.0,0.0,0.0,
2018-08-02,54.95000076293945,54.95000076293945,53.90000152587891,54.16999816894531,604.0,0.0,0.0,
2018-08-03,54.95000076293945,54.95000076293945,53.90000152587891,54.20000076293945,1915.0,0.0,0.0,
2018-08-06,56.5,56.5,54.79999923706055,55.0,1871.0,0.0,0.0,
2018-08-07,55.0,55.29999923706055,54.70999908447266,54.93999862670898,1246.0,0.0,0.0,
2018-08-08,54.93999862670898,55.5,54.81000137329102,55.40000152587891,1228.0,0.0,0.0,
2018-08-09,56.5,56.5,55.0,55.61000061035156,2102.0,0.0,0.0,
2018-08-10,55.97999954223633,56.40000152587891,55.70000076293945,56.04999923706055,1907.0,0.0,0.0,
2018-08-13,55.84999847412109,55.84999847412109,54.59999847412109,55.40000152587891,4024.0,0.0,0.0,
2018-08-14,55.20999908447266,56.20000076293945,55.20999908447266,56.20000076293945,11261.0,0.0,0.0,
2018-08-16,56.20000076293945,57.0,54.0,55.4900016784668,29960.0,0.0,0.0,
2018-08-17,56.40000152587891,56.5,56.29999923706055,56.45000076293945,408.0,0.0,0.0,
2018-08-20,56.5,56.95000076293945,55.90000152587891,56.15999984741211,2458.0,0.0,0.0,
2018-08-21,56.95000076293945,56.95000076293945,56.29999923706055,56.33000183105469,1500.0,0.0,0.0,
2018-08-23,57.0,60.0,56.70000076293945,57.02000045776367,6958.0,0.0,0.0,
2018-08-24,59.0,59.0,56.7599983215332,56.84999847412109,1931.0,0.0,0.0,
2018-08-27,56.84999847412109,57.5,56.84999847412109,57.5,1622.0,0.0,0.0,
2018-08-28,56.0,58.0,52.0,57.52000045776367,1283.0,0.0,0.0,
2018-08-29,57.84999847412109,57.84999847412109,57.5099983215332,57.65999984741211,835.0,0.0,0.0,
2018-08-30,57.70000076293945,58.0,57.0,57.25,2189.0,0.0,0.0,
2018-08-31,58.0,58.0,57.0,57.7400016784668,5377.0,0.0,0.0,
2018-09-03,60.0,62.95000076293945,56.95000076293945,56.97000122070312,3170.0,0.0,0.0,
2018-09-04,58.0,58.0,56.31000137329102,56.88999938964844,2047.0,0.0,0.0,
2018-09-05,56.88999938964844,56.88999938964844,56.11000061035156,56.54000091552734,3047.0,0.0,0.0,
2018-09-06,57.9900016784668,57.9900016784668,56.29999923706055,56.79999923706055,4061.0,0.0,0.0,
2018-09-07,57.9900016784668,57.9900016784668,56.29999923706055,56.77999877929688,1991.0,0.0,0.0,
2018-09-10,57.0,57.5,56.70000076293945,56.83000183105469,8127.0,0.0,0.0,
2018-09-11,56.70000076293945,57.04999923706055,53.5,56.45999908447266,3177.0,0.0,0.0,
2018-09-12,56.5,56.54999923706055,50.0,56.40000152587891,7766.0,0.0,0.0,
2018-09-14,62.0,62.0,54.5,56.79999923706055,5349.0,0.0,0.0,
2018-09-17,57.0,59.0,50.09000015258789,56.58000183105469,4711.0,0.0,0.0,
2018-09-18,58.5,58.5,55.79999923706055,55.95000076293945,3172.0,0.0,0.0,
2018-09-19,57.4900016784668,57.4900016784668,55.90999984741211,56.25,2751.0,0.0,0.0,
2018-09-21,56.9900016784668,56.9900016784668,55.0,55.45000076293945,25166.0,0.0,0.0,
2018-09-24,55.5,55.70000076293945,54.40000152587891,55.25,6723.0,0.0,0.0,
2018-09-25,57.95000076293945,57.95000076293945,54.56000137329102,55.45999908447266,4827.0,0.0,0.0,
2018-09-26,56.0,56.0,55.4900016784668,55.65999984741211,1290.0,0.0,0.0,
2018-09-27,55.88999938964844,55.90000152587891,55.40000152587891,55.59999847412109,1854.0,0.0,0.0,
2018-09-28,55.70000076293945,56.97999954223633,55.04999923706055,55.41999816894531,2370.0,0.0,0.0,
2018-10-01,55.5,55.90000152587891,55.09999847412109,55.70000076293945,2242.0,0.0,0.0,
2018-10-03,56.9900016784668,56.9900016784668,55.0,55.38999938964844,3543.0,0.0,0.0,
2018-10-04,55.90000152587891,55.90000152587891,53.59999847412109,53.90999984741211,19183.0,0.0,0.0,
2018-10-05,54.0,54.0,52.5099983215332,52.97000122070312,4794.0,0.0,0.0,
2018-10-08,57.0,57.0,51.9900016784668,52.54999923706055,4772.0,0.0,0.0,
2018-10-09,56.0,56.0,52.25,52.59000015258789,3802.0,0.0,0.0,
2018-10-10,52.5,53.29999923706055,52.5,53.27000045776367,2116.0,0.0,0.0,
2018-10-11,53.29999923706055,62.79999923706055,51.5,52.02999877929688,10878.0,0.0,0.0,
2018-10-12,52.02999877929688,52.75,50.0,52.66999816894531,1870.0,0.0,0.0,
2018-10-15,54.5,54.5,52.11000061035156,52.43000030517578,3396.0,0.0,0.0,
2018-10-16,53.04999923706055,53.59000015258789,52.90000152587891,53.43999862670898,1996.0,0.0,0.0,
2018-10-17,54.0,54.09999847412109,52.75,52.91999816894531,5052.0,0.0,0.0,
2018-10-19,52.79999923706055,54.0,43.25,52.5,6987.0,0.0,0.0,
2018-10-22,54.4900016784668,54.4900016784668,51.31000137329102,51.5099983215332,2523.0,0.0,0.0,
2018-10-23,51.75,51.75,50.84999847412109,51.16999816894531,3371.0,0.0,0.0,
2018-10-24,53.5,53.5,50.75,50.90999984741211,8095.0,0.0,0.0,
2018-10-25,50.90000152587891,50.90000152587891,50.09999847412109,50.54999923706055,1846.0,0.0,0.0,
2018-10-26,50.25,50.59999847412109,49.79999923706055,49.95999908447266,7750.0,0.0,0.0,
2018-10-29,50.5,52.0,49.29999923706055,51.81000137329102,7250.0,0.0,0.0,
2018-10-30,51.5,52.4900016784668,51.5,51.81000137329102,3300.0,0.0,0.0,
2018-10-31,52.0,52.88000106811523,52.0,52.70000076293945,11242.0,0.0,0.0,
2018-11-01,53.0,53.0,52.47999954223633,52.56999969482422,2907.0,0.0,0.0,
2018-11-02,52.88999938964844,54.0,52.65000152587891,53.34000015258789,12455.0,0.0,0.0,
2018-11-05,60.0,61.0,53.09999847412109,53.38000106811523,6866.0,0.0,0.0,
2018-11-06,54.0,61.0,53.0,53.4900016784668,15013.0,0.0,0.0,
2018-11-07,55.5,55.5,53.0,53.88999938964844,2943.0,0.0,0.0,
2018-11-09,53.9900016784668,63.90000152587891,53.5,53.72999954223633,43470.0,0.0,0.0,
2018-11-12,54.0,57.79999923706055,53.0099983215332,53.54999923706055,20363.0,0.0,0.0,
2018-11-13,54.0,54.29999923706055,53.0099983215332,53.84999847412109,2308.0,0.0,0.0,
2018-11-14,53.75,54.0,53.04999923706055,53.77999877929688,2663.0,0.0,0.0,
2018-11-15,54.90000152587891,55.0,53.5,54.04000091552734,3660.0,0.0,0.0,
2018-11-16,53.90000152587891,53.9900016784668,53.65999984741211,53.93999862670898,1045.0,0.0,0.0,
2018-11-19,54.9900016784668,54.9900016784668,53.7599983215332,53.93999862670898,12204.0,0.0,0.0,
2018-11-20,53.9900016784668,53.9900016784668,53.29999923706055,53.43000030517578,9674.0,0.0,0.0,
2018-11-21,53.29999923706055,53.29999923706055,52.61000061035156,52.86999893188477,3542.0,0.0,0.0,
2018-11-22,55.90000152587891,55.90000152587891,52.0,52.29999923706055,13381.0,0.0,0.0,
2018-11-26,53.9900016784668,53.9900016784668,51.61000061035156,52.38000106811523,13997.0,0.0,0.0,
2018-11-27,52.0,52.95000076293945,52.0,52.88000106811523,3210.0,0.0,0.0,
2018-11-28,52.09999847412109,53.79000091552734,52.0,53.72000122070312,8874.0,0.0,0.0,
2018-11-29,53.95000076293945,54.29999923706055,53.40000152587891,53.86000061035156,1558.0,0.0,0.0,
2018-11-30,53.0,54.20000076293945,53.0,53.77999877929688,2432.0,0.0,0.0,
2018-12-03,54.04999923706055,54.20000076293945,53.70000076293945,54.04000091552734,3247.0,0.0,0.0,
2018-12-04,54.09999847412109,54.45000076293945,53.5,54.2400016784668,4437.0,0.0,0.0,
2018-12-05,54.0,54.36999893188477,53.86000061035156,53.9900016784668,4577.0,0.0,0.0,
2018-12-06,53.84999847412109,54.18999862670898,52.0,53.27000045776367,5012.0,0.0,0.0,
2018-12-07,54.9900016784668,54.9900016784668,52.59999847412109,53.54999923706055,11947.0,0.0,0.0,
2018-12-10,53.0,53.5,52.59999847412109,52.7599983215332,5375.0,0.0,0.0,
2018-12-11,50.5,57.90000152587891,50.5,52.70000076293945,22845.0,0.0,0.0,
2018-12-12,53.20000076293945,53.68999862670898,52.90000152587891,53.22000122070312,2991.0,0.0,0.0,
2018-12-13,54.29999923706055,54.29999923706055,53.20000076293945,53.79999923706055,2811.0,0.0,0.0,
2018-12-14,54.0,54.90000152587891,53.61999893188477,54.18999862670898,6618.0,0.0,0.0,
2018-12-17,54.70000076293945,54.70000076293945,54.11000061035156,54.40999984741211,2692.0,0.0,0.0,
2018-12-18,54.09999847412109,55.29999923706055,54.09999847412109,54.68999862670898,8914.0,0.0,0.0,
2018-12-19,54.09999847412109,55.4900016784668,53.5,54.88999938964844,4517.0,0.0,0.0,
2018-12-20,53.5099983215332,55.7400016784668,50.0,54.38999938964844,7686.0,0.0,0.0,
2018-12-21,54.29999923706055,54.29999923706055,53.59999847412109,54.0,3875.0,0.0,0.0,
2018-12-24,60.84999847412109,60.84999847412109,50.45000076293945,53.27000045776367,6072.0,0.0,0.0,
2018-12-26,55.5,55.5,52.04999923706055,53.2599983215332,7237.0,0.0,0.0,
2018-12-27,53.79999923706055,54.13999938964844,53.20999908447266,53.84000015258789,4517.0,0.0,0.0,
2018-12-28,53.79999923706055,54.15000152587891,53.20000076293945,53.56999969482422,2493.0,0.0,0.0,
2018-12-31,55.90000152587891,55.90000152587891,53.5,53.9900016784668,13134.0,0.0,0.0,
2019-01-01,60.84999847412109,60.84999847412109,52.09999847412109,53.84999847412109,2727.0,0.0,0.0,
2019-01-02,53.84999847412109,54.40000152587891,53.0,53.20999908447266,12303.0,0.0,0.0,
2019-01-03,53.40000152587891,53.59999847412109,52.95000076293945,53.0099983215332,23736.0,0.0,0.0,
2019-01-04,53.09999847412109,53.20000076293945,52.5,52.88000106811523,3656.0,0.0,0.0,
2019-01-07,54.4900016784668,54.4900016784668,53.0,53.22999954223633,11951.0,0.0,0.0,
2019-01-08,53.34999847412109,53.40000152587891,53.0099983215332,53.40000152587891,331.0,0.0,0.0,
2019-01-09,54.0,54.0,52.79999923706055,53.09999847412109,8186.0,0.0,0.0,
2019-01-10,53.0,53.20000076293945,52.79999923706055,52.84000015258789,4895.0,0.0,0.0,
2019-01-11,52.81000137329102,53.15000152587891,52.59999847412109,52.72000122070312,7749.0,0.0,0.0,
2019-01-14,53.97000122070312,55.45000076293945,52.54999923706055,52.90000152587891,17907.0,0.0,0.0,
2019-01-15,53.79999923706055,53.79999923706055,52.79999923706055,53.54999923706055,19056.0,0.0,0.0,
2019-01-16,53.97999954223633,54.0,53.5099983215332,53.70999908447266,3723.0,0.0,0.0,
2019-01-17,53.79999923706055,54.9900016784668,53.5,53.91999816894531,9945.0,0.0,0.0,
2019-01-18,54.84999847412109,54.90999984741211,53.75,53.9900016784668,5780.0,0.0,0.0,
2019-01-21,54.9900016784668,54.9900016784668,54.29999923706055,54.59000015258789,18313.0,0.0,0.0,
2019-01-22,54.45000076293945,55.0,53.79999923706055,54.59000015258789,3709.0,0.0,0.0,
2019-01-23,54.59000015258789,55.0,54.09999847412109,54.38000106811523,21599.0,0.0,0.0,
2019-01-24,54.97999954223633,54.9900016784668,54.25,54.68999862670898,2348.0,0.0,0.0,
2019-01-25,54.9900016784668,55.29999923706055,53.56000137329102,54.20999908447266,16388.0,0.0,0.0,
2019-01-28,55.40000152587891,55.40000152587891,54.0,54.59999847412109,6089.0,0.0,0.0,
2019-01-29,54.54000091552734,54.70000076293945,54.25,54.36000061035156,2216.0,0.0,0.0,
2019-01-30,55.45000076293945,55.5,54.31000137329102,54.79999923706055,4133.0,0.0,0.0,
2019-01-31,54.79999923706055,55.5,54.40000152587891,55.04000091552734,7090.0,0.0,0.0,
2019-02-01,55.9900016784668,55.9900016784668,53.09999847412109,55.0099983215332,12341.0,0.0,0.0,
2019-02-04,55.0,59.29999923706055,55.0,55.72999954223633,167589.0,0.0,0.0,
2019-02-05,55.72999954223633,56.9900016784668,55.65000152587891,55.84000015258789,3443.0,0.0,0.0,
2019-02-06,57.0,58.0,54.09999847412109,56.47000122070312,4810.0,0.0,0.0,
2019-02-07,56.79999923706055,57.0,56.5,56.86000061035156,1756.0,0.0,0.0,
2019-02-08,58.0,59.0,56.0,56.27000045776367,47735.0,0.0,0.0,
2019-02-11,57.9900016784668,57.9900016784668,53.09999847412109,55.90000152587891,37605.0,0.0,0.0,
2019-02-12,57.0,59.90000152587891,55.0,55.77000045776367,12963.0,0.0,0.0,
2019-02-14,55.70000076293945,55.70000076293945,55.04999923706055,55.20999908447266,4362.0,0.0,0.0,
2019-02-15,55.09999847412109,55.5,55.0,55.45000076293945,2059.0,0.0,0.0,
2019-02-18,57.0,57.0,54.59999847412109,54.95999908447266,6080.0,0.0,0.0,
2019-02-19,55.0,55.59999847412109,54.25,54.63000106811523,8799.0,0.0,0.0,
2019-02-20,54.90000152587891,55.5,54.20000076293945,54.77000045776367,3197.0,0.0,0.0,
2019-02-21,56.90000152587891,56.90000152587891,54.70000076293945,55.38999938964844,1576.0,0.0,0.0,
2019-02-22,55.40000152587891,56.59999847412109,54.5,55.65000152587891,2413.0,0.0,0.0,
2019-02-25,55.70000076293945,56.0,55.29999923706055,55.84000015258789,11063.0,0.0,0.0,
2019-02-26,55.84000015258789,56.25,54.5,56.0,3581.0,0.0,0.0,
2019-02-27,57.90000152587891,57.90000152587891,54.61999893188477,56.2400016784668,8602.0,0.0,0.0,
2019-02-28,56.9900016784668,56.9900016784668,55.79999923706055,56.0099983215332,19349.0,0.0,0.0,
2019-03-01,56.0099983215332,57.0,56.0099983215332,56.38000106811523,6729.0,0.0,0.0,
2019-03-05,56.40000152587891,57.90000152587891,56.02000045776367,56.70999908447266,25962.0,0.0,0.0,
2019-03-06,58.90000152587891,58.90000152587891,56.59999847412109,57.09999847412109,10409.0,0.0,0.0,
2019-03-07,56.79999923706055,57.5,56.5,56.90000152587891,19792.0,0.0,0.0,
2019-03-08,56.04999923706055,57.90000152587891,56.04999923706055,56.9900016784668,8670.0,0.0,0.0,
2019-03-11,57.88999938964844,60.0,57.0099983215332,59.77999877929688,11343.0,0.0,0.0,
2019-03-12,59.9900016784668,61.45000076293945,57.09999847412109,57.66999816894531,40397.0,0.0,0.0,
2019-03-13,57.59999847412109,57.9900016784668,57.34999847412109,57.5099983215332,10585.0,0.0,0.0,
2019-03-14,57.9900016784668,58.47999954223633,57.5,57.56000137329102,5524.0,0.0,0.0,
2019-03-15,58.0,59.20000076293945,57.5,58.06999969482422,14182.0,0.0,0.0,
2019-03-18,59.5,59.90000152587891,57.70000076293945,58.0,200220.0,0.0,0.0,
2019-03-19,58.9900016784668,59.0,58.0,58.40000152587891,18467.0,0.0,0.0,
2019-03-20,57.90000152587891,58.90000152587891,57.04999923706055,58.84000015258789,6525.0,0.0,0.0,
2019-03-22,59.9900016784668,60.0,57.59999847412109,58.02000045776367,10364.0,0.0,0.0,
2019-03-25,59.90000152587891,69.0,57.04999923706055,57.91999816894531,6671.0,0.0,0.0,
2019-03-26,58.84999847412109,58.95000076293945,57.61000061035156,58.61999893188477,7423.0,0.0,0.0,
2019-03-27,57.09999847412109,58.9900016784668,57.09999847412109,57.90000152587891,34587.0,0.0,0.0,
2019-03-28,58.4900016784668,58.5099983215332,57.95000076293945,58.0099983215332,5536.0,0.0,0.0,
2019-04-01,59.4900016784668,59.4900016784668,58.02000045776367,58.84000015258789,24900.0,0.0,0.0,
2019-04-02,59.40000152587891,68.5,58.09999847412109,59.27000045776367,26459.0,0.0,0.0,
2019-04-03,59.25,59.52999877929688,58.5,58.79999923706055,9690.0,0.0,0.0,
2019-04-04,59.0,63.0,58.20000076293945,58.40000152587891,29927.0,0.0,0.0,
2019-04-05,58.0,59.79999923706055,58.0,58.72000122070312,19976.0,0.0,0.0,
2019-04-08,59.0,59.5,58.5,58.59999847412109,15282.0,0.0,0.0,
2019-04-09,58.0,60.0,58.0,59.06000137329102,16896.0,0.0,0.0,
2019-04-10,59.20000076293945,59.5,59.0,59.27999877929688,4582.0,0.0,0.0,
2019-04-11,59.25,59.25,58.5,58.72999954223633,20074.0,0.0,0.0,
2019-04-12,59.0,61.0,58.70999908447266,58.79000091552734,3429.0,0.0,0.0,
2019-04-15,59.0,59.59999847412109,58.84999847412109,59.16999816894531,28236.0,0.0,0.0,
2019-04-16,59.5,59.84000015258789,59.16999816894531,59.36999893188477,8273.0,0.0,0.0,
2019-04-18,60.75,60.75,59.15000152587891,59.88000106811523,15531.0,0.0,0.0,
2019-04-22,62.84999847412109,62.84999847412109,59.15000152587891,59.15000152587891,209660.0,0.0,0.0,
2019-04-23,60.5,60.5,59.0,59.13999938964844,39012.0,0.0,0.0,
2019-04-24,60.0,60.5,59.0,59.25,9599.0,0.0,0.0,
2019-04-25,60.0,62.0,59.0,59.63000106811523,10271.0,0.0,0.0,
2019-04-26,60.0,60.5,58.5,60.13999938964844,4152.0,0.0,0.0,
2019-04-30,60.15000152587891,61.79999923706055,59.81999969482422,60.06999969482422,59789.0,0.0,0.0,
2019-05-02,61.75,61.75,59.04999923706055,59.93999862670898,39118.0,0.0,0.0,
2019-05-03,61.45000076293945,61.45000076293945,59.09999847412109,59.20999908447266,25801.0,0.0,0.0,
2019-05-06,59.25,60.29000091552734,58.59999847412109,58.97999954223633,45409.0,0.0,0.0,
2019-05-07,59.0,60.40000152587891,58.0,58.63999938964844,55024.0,0.0,0.0,
2019-05-08,57.0,60.09999847412109,53.06000137329102,59.11000061035156,12109.0,0.0,0.0,
2019-05-09,60.0,60.0,57.2599983215332,57.58000183105469,40572.0,0.0,0.0,
2019-05-10,58.5,58.5,57.0,57.18999862670898,29027.0,0.0,0.0,
2019-05-13,59.0,59.0,56.06000137329102,56.45999908447266,49771.0,0.0,0.0,
2019-05-14,57.5,57.5,56.0,56.13999938964844,30920.0,0.0,0.0,
2019-05-15,56.9900016784668,57.0,55.65999984741211,55.90000152587891,22172.0,0.0,0.0,
2019-05-16,56.47000122070312,56.4900016784668,55.90999984741211,56.34999847412109,15406.0,0.0,0.0,
2019-05-17,57.0,57.38000106811523,56.0099983215332,57.0,51165.0,0.0,0.0,
2019-05-20,59.0,63.0,57.0,57.88000106811523,141650.0,0.0,0.0,
2019-05-21,58.0,58.0,56.79999923706055,57.47000122070312,37036.0,0.0,0.0,
2019-05-22,58.38999938964844,58.38999938964844,57.25,57.54999923706055,90202.0,0.0,0.0,
2019-05-23,60.0,60.0,57.0,57.13999938964844,37196.0,0.0,0.0,
2019-05-24,58.40000152587891,58.40000152587891,56.90000152587891,57.40000152587891,38551.0,0.0,0.0,
2019-05-27,58.5,58.5,57.0,57.56999969482422,15428.0,0.0,0.0,
2019-05-28,58.4900016784668,58.4900016784668,56.5,57.7400016784668,10842.0,0.0,0.0,
2019-05-29,58.0,58.5,57.04999923706055,57.40999984741211,6675.0,0.0,0.0,
2019-05-30,57.9900016784668,58.45000076293945,57.56000137329102,58.20999908447266,20237.0,0.0,0.0,
2019-05-31,58.25,59.0,58.0,58.54999923706055,21719.0,0.0,0.0,
2019-06-03,58.0,59.70000076293945,58.0,59.27000045776367,26225.0,0.0,0.0,
2019-06-04,59.0,59.9900016784668,59.0,59.02000045776367,15637.0,0.0,0.0,
2019-06-06,59.0,60.0,58.29999923706055,58.79999923706055,41907.0,0.0,0.0,
2019-06-07,58.90000152587891,58.90000152587891,58.15000152587891,58.38000106811523,11711.0,0.0,0.0,
2019-06-10,59.0,59.59999847412109,58.54999923706055,58.97000122070312,18573.0,0.0,0.0,
2019-06-11,60.0,60.15000152587891,57.09999847412109,58.52999877929688,12275.0,0.0,0.0,
2019-06-12,59.0,59.5,58.75,59.29000091552734,17621.0,0.0,0.0,
2019-06-13,59.20000076293945,59.5,58.5099983215332,59.34999847412109,10138.0,0.0,0.0,
2019-06-14,59.5,62.0,57.47999954223633,58.54000091552734,220142.0,0.0,0.0,
2019-06-17,59.0,59.0,57.0,58.22999954223633,26616.0,0.0,0.0,
2019-06-18,59.09999847412109,59.09999847412109,57.90000152587891,58.2599983215332,6134.0,0.0,0.0,
2019-06-19,59.0,59.70000076293945,57.65000152587891,57.95000076293945,10734.0,0.0,0.0,
2019-06-20,58.75,59.0099983215332,57.70000076293945,58.5,28449.0,0.0,0.0,
2019-06-21,59.0,59.0,58.40000152587891,58.47999954223633,15390.0,0.0,0.0,
2019-06-24,59.0,59.0,57.68000030517578,57.90000152587891,53986.0,0.0,0.0,
2019-06-25,57.9900016784668,58.47999954223633,57.54999923706055,58.29000091552734,14067.0,0.0,0.0,
2019-06-26,58.25,58.5,57.0,58.45999908447266,17400.0,0.0,0.0,
2019-06-27,58.5,58.5,57.25,58.09999847412109,14609.0,0.0,0.0,
2019-06-28,58.5,58.5,57.75,57.9900016784668,12067.0,0.0,0.0,
2019-07-01,58.25,58.5,57.5,58.02999877929688,39500.0,0.0,0.0,
2019-07-02,58.25,58.5,57.25,57.93000030517578,11562.0,0.0,0.0,
2019-07-03,58.25,58.7400016784668,57.93000030517578,58.45999908447266,7146.0,0.0,0.0,
2019-07-04,58.7400016784668,58.7400016784668,58.0,58.13999938964844,16057.0,0.0,0.0,
2019-07-05,58.2400016784668,58.2400016784668,56.5099983215332,57.08000183105469,43682.0,0.0,0.0,
2019-07-08,57.45000076293945,57.45000076293945,55.75,55.88000106811523,128224.0,0.0,0.0,
2019-07-09,56.2400016784668,56.59999847412109,52.79999923706055,55.84999847412109,42855.0,0.0,0.0,
2019-07-10,56.0,56.0,55.5,55.56000137329102,43241.0,0.0,0.0,
2019-07-11,56.0,56.0,54.5,55.63999938964844,19586.0,0.0,0.0,
2019-07-12,55.9900016784668,55.9900016784668,55.65999984741211,55.83000183105469,13235.0,0.0,0.0,
2019-07-15,58.5099983215332,58.90000152587891,55.59999847412109,56.20000076293945,10690.0,0.0,0.0,
2019-07-16,56.40000152587891,56.59999847412109,55.90999984741211,56.43000030517578,5329.0,0.0,0.0,
2019-07-17,56.70000076293945,57.25,56.5,56.7400016784668,13993.0,0.0,0.0,
2019-07-18,56.59999847412109,57.75,56.29000091552734,56.4900016784668,15227.0,0.0,0.0,
2019-07-19,56.34999847412109,56.97999954223633,55.2599983215332,55.68999862670898,15757.0,0.0,0.0,
2019-07-22,55.79000091552734,55.9900016784668,55.0,55.7599983215332,18823.0,0.0,0.0,
2019-07-23,56.2400016784668,56.47999954223633,55.90000152587891,56.2599983215332,15142.0,0.0,0.0,
2019-07-24,56.47999954223633,56.7400016784668,55.2599983215332,55.9900016784668,17238.0,0.0,0.0,
2019-07-25,56.0,56.97000122070312,55.65999984741211,55.79999923706055,10573.0,0.0,0.0,
2019-07-26,55.79999923706055,56.22999954223633,55.0099983215332,55.86999893188477,8388.0,0.0,0.0,
2019-07-29,55.5,55.54000091552734,54.90000152587891,55.0,25992.0,0.0,0.0,
2019-07-30,55.47999954223633,55.4900016784668,54.81000137329102,55.02000045776367,8316.0,0.0,0.0,
2019-07-31,55.0,55.45000076293945,54.16999816894531,54.68000030517578,18199.0,0.0,0.0,
2019-08-01,55.79999923706055,55.79999923706055,53.97999954223633,54.54000091552734,15729.0,0.0,0.0,
2019-08-02,54.5,55.0099983215332,54.0,54.43000030517578,17127.0,0.0,0.0,
2019-08-05,54.45000076293945,55.0,53.68000030517578,54.29000091552734,66115.0,0.0,0.0,
2019-08-06,54.0099983215332,54.93999862670898,53.90000152587891,54.2599983215332,14732.0,0.0,0.0,
2019-08-07,54.4900016784668,54.97999954223633,53.70000076293945,53.88000106811523,10493.0,0.0,0.0,
2019-08-08,53.9900016784668,55.5,53.9900016784668,55.11000061035156,14538.0,0.0,0.0,
2019-08-09,55.5,55.5,55.0,55.2400016784668,16181.0,0.0,0.0,
2019-08-13,55.93999862670898,55.93999862670898,55.0,55.22000122070312,10469.0,0.0,0.0,
2019-08-14,55.29999923706055,55.93000030517578,55.0099983215332,55.40000152587891,11834.0,0.0,0.0,
2019-08-16,55.65000152587891,55.65000152587891,55.0,55.58000183105469,14883.0,0.0,0.0,
2019-08-19,55.58000183105469,55.84999847412109,55.20999908447266,55.54000091552734,6117.0,0.0,0.0,
2019-08-20,55.5,55.93999862670898,55.0,55.33000183105469,6207.0,0.0,0.0,
2019-08-21,55.0099983215332,55.4900016784668,55.0099983215332,55.09000015258789,5529.0,0.0,0.0,
2019-08-22,55.0,55.75,54.79999923706055,54.84000015258789,10184.0,0.0,0.0,
2019-08-23,54.9900016784668,55.5,54.5099983215332,55.04999923706055,5986.0,0.0,0.0,
2019-08-26,55.04999923706055,55.95000076293945,55.0,55.36000061035156,19181.0,0.0,0.0,
2019-08-27,55.79000091552734,55.88000106811523,55.0,55.56999969482422,11106.0,0.0,0.0,
2019-08-28,55.0,55.75,54.59999847412109,55.06999969482422,5732.0,0.0,0.0,
2019-08-29,55.79000091552734,56.0,55.0099983215332,55.56999969482422,10007.0,0.0,0.0,
2019-08-30,55.54999923706055,55.54999923706055,54.84999847412109,55.33000183105469,9129.0,0.0,0.0,
2019-09-03,54.40000152587891,55.79000091552734,54.40000152587891,55.18000030517578,13730.0,0.0,0.0,
2019-09-04,55.84999847412109,55.84999847412109,54.65000152587891,55.43999862670898,5258.0,0.0,0.0,
2019-09-05,54.65999984741211,55.84999847412109,54.65999984741211,55.54000091552734,5511.0,0.0,0.0,
2019-09-06,55.86999893188477,55.93000030517578,55.31000137329102,55.84000015258789,4521.0,0.0,0.0,
2019-09-09,55.84999847412109,56.09999847412109,55.0099983215332,55.61999893188477,5603.0,0.0,0.0,
2019-09-11,55.97000122070312,56.16999816894531,55.20000076293945,55.81000137329102,14237.0,0.0,0.0,
2019-09-12,55.0,56.34000015258789,55.0,55.27000045776367,8235.0,0.0,0.0,
2019-09-13,55.0,55.93999862670898,55.0,55.84000015258789,6263.0,0.0,0.0,
2019-09-16,56.25,56.25,55.0099983215332,55.68999862670898,3707.0,0.0,0.0,
2019-09-17,55.88999938964844,55.88999938964844,54.84999847412109,55.06000137329102,7846.0,0.0,0.0,
2019-09-18,55.06000137329102,55.75,55.06000137329102,55.45000076293945,7866.0,0.0,0.0,
2019-09-19,55.75,55.75,54.34999847412109,54.72999954223633,9690.0,0.0,0.0,
2019-09-20,55.47999954223633,56.0,54.5,55.77999877929688,16942.0,0.0,0.0,
2019-09-23,56.45000076293945,57.20000076293945,55.15000152587891,55.77000045776367,28471.0,0.0,0.0,
2019-09-24,55.34999847412109,56.38999938964844,55.29999923706055,55.97999954223633,17333.0,0.0,0.0,
2019-09-25,56.5,56.5,56.0,56.20000076293945,8781.0,0.0,0.0,
2019-09-26,56.5,56.79999923706055,56.20000076293945,56.56000137329102,7878.0,0.0,0.0,
2019-09-27,56.56000137329102,56.9900016784668,56.11000061035156,56.43000030517578,6844.0,0.0,0.0,
2019-09-30,56.90000152587891,56.95000076293945,56.11000061035156,56.65999984741211,29250.0,0.0,0.0,
2019-10-01,56.90000152587891,57.0,55.56000137329102,56.06999969482422,7932.0,0.0,0.0,
2019-10-03,56.5,56.90000152587891,55.29999923706055,55.97999954223633,13282.0,0.0,0.0,
2019-10-04,56.20000076293945,56.75,55.90000152587891,56.18000030517578,5608.0,0.0,0.0,
2019-10-07,56.25,56.33000183105469,55.0,55.72999954223633,9902.0,0.0,0.0,
2019-10-09,55.5,55.88999938964844,55.0,55.65999984741211,5389.0,0.0,0.0,
2019-10-10,56.29999923706055,56.29999923706055,55.40000152587891,55.88999938964844,55621.0,0.0,0.0,
2019-10-11,55.9900016784668,56.70000076293945,55.11000061035156,56.31000137329102,9351.0,0.0,0.0,
2019-10-14,56.70000076293945,56.90000152587891,55.95000076293945,56.66999816894531,8719.0,0.0,0.0,
2019-10-15,55.75,56.77999877929688,55.45000076293945,56.20000076293945,4270.0,0.0,0.0,
2019-10-16,56.29999923706055,57.18999862670898,56.29999923706055,56.84000015258789,24720.0,0.0,0.0,
2019-10-17,56.09999847412109,57.75,56.0,57.09000015258789,29860.0,0.0,0.0,
2019-10-18,57.34999847412109,58.79999923706055,57.0,57.9900016784668,15444.0,0.0,0.0,
2019-10-22,58.0099983215332,58.4900016784668,57.29999923706055,57.54000091552734,12000.0,0.0,0.0,
2019-10-23,60.0,60.0,56.5,57.18000030517578,8754.0,0.0,0.0,
2019-10-24,57.29999923706055,57.29999923706055,56.70000076293945,56.79000091552734,3026.0,0.0,0.0,
2019-10-25,57.29999923706055,57.29999923706055,56.52999877929688,56.9900016784668,8350.0,0.0,0.0,
2019-10-27,57.5,57.5,55.09999847412109,57.22999954223633,4653.0,0.0,0.0,
2019-10-29,57.65000152587891,58.40000152587891,57.0,58.04999923706055,12672.0,0.0,0.0,
2019-10-30,58.0,58.90000152587891,57.5099983215332,58.81000137329102,14039.0,0.0,0.0,
2019-10-31,60.0,60.0,58.5,59.20999908447266,33396.0,0.0,0.0,
2019-11-01,59.25,59.45000076293945,58.2599983215332,59.13000106811523,13385.0,0.0,0.0,
2019-11-04,59.0099983215332,59.5,59.0,59.08000183105469,21539.0,0.0,0.0,
2019-11-05,59.09999847412109,60.0,58.77000045776367,59.04000091552734,7551.0,0.0,0.0,
2019-11-06,59.09999847412109,59.45000076293945,57.20000076293945,59.40000152587891,18402.0,0.0,0.0,
2019-11-07,59.40000152587891,59.54000091552734,58.90999984741211,59.09999847412109,96773.0,0.0,0.0,
2019-11-08,59.4900016784668,59.4900016784668,58.34999847412109,58.61999893188477,8842.0,0.0,0.0,
2019-11-11,65.0,65.0,58.29999923706055,58.43999862670898,4618.0,0.0,0.0,
2019-11-13,58.83000183105469,58.83000183105469,58.0099983215332,58.40000152587891,14168.0,0.0,0.0,
2019-11-14,59.0,59.0,58.06000137329102,58.47000122070312,87564.0,0.0,0.0,
2019-11-15,58.97999954223633,58.97999954223633,57.97000122070312,58.38999938964844,5475.0,0.0,0.0,
2019-11-18,59.25,59.25,58.0099983215332,58.2400016784668,7432.0,0.0,0.0,
2019-11-19,58.90999984741211,58.90999984741211,58.13000106811523,58.25,7684.0,0.0,0.0,
2019-11-20,58.5,58.5,58.06000137329102,58.34999847412109,9408.0,0.0,0.0,
2019-11-21,58.95999908447266,59.0,58.04999923706055,58.06000137329102,15758.0,0.0,0.0,
2019-11-22,58.70000076293945,58.70000076293945,57.59999847412109,57.7599983215332,8832.0,0.0,0.0,
2019-11-25,58.25,58.29999923706055,57.84999847412109,58.04000091552734,5957.0,0.0,0.0,
2019-11-26,58.59999847412109,58.68999862670898,58.0,58.09000015258789,7657.0,0.0,0.0,
2019-11-27,58.70000076293945,58.70000076293945,58.04000091552734,58.18999862670898,3169.0,0.0,0.0,
2019-11-28,57.81000137329102,58.68999862670898,57.81000137329102,58.4900016784668,6585.0,0.0,0.0,
2019-11-29,58.40000152587891,58.75,58.0,58.5099983215332,6522.0,0.0,0.0,
2019-12-02,58.7400016784668,58.7400016784668,57.81000137329102,57.9900016784668,9230.0,0.0,0.0,
2019-12-03,58.04999923706055,58.18999862670898,57.52000045776367,57.68000030517578,5422.0,0.0,0.0,
2019-12-04,58.20000076293945,58.47999954223633,57.54999923706055,57.97000122070312,6481.0,0.0,0.0,
2019-12-05,58.4900016784668,58.4900016784668,57.54999923706055,57.81000137329102,2402.0,0.0,0.0,
2019-12-06,58.25,58.25,57.70000076293945,57.81000137329102,3665.0,0.0,0.0,
2019-12-09,57.81000137329102,57.81000137329102,57.04999923706055,57.27999877929688,5797.0,0.0,0.0,
2019-12-10,57.27000045776367,57.9900016784668,56.84999847412109,57.41999816894531,11248.0,0.0,0.0,
2019-12-11,58.09999847412109,58.09999847412109,57.0,57.15000152587891,3118.0,0.0,0.0,
2019-12-12,57.97000122070312,57.97000122070312,57.0099983215332,57.27999877929688,7185.0,0.0,0.0,
2019-12-13,58.13999938964844,58.22999954223633,57.0,57.63000106811523,8152.0,0.0,0.0,
2019-12-16,57.63000106811523,57.88999938964844,57.56000137329102,57.81999969482422,9229.0,0.0,0.0,
2019-12-17,57.79999923706055,58.15000152587891,57.54999923706055,57.88000106811523,10778.0,0.0,0.0,
2019-12-18,57.09999847412109,58.47000122070312,57.09999847412109,58.2400016784668,16372.0,0.0,0.0,
2019-12-19,58.40000152587891,58.88000106811523,57.79999923706055,58.65999984741211,14630.0,0.0,0.0,
2019-12-20,58.5,59.09999847412109,58.5,58.93000030517578,16006.0,0.0,0.0,
2019-12-23,58.90000152587891,59.15000152587891,58.33000183105469,59.09000015258789,11157.0,0.0,0.0,
2019-12-24,59.2400016784668,59.4900016784668,58.5,58.72999954223633,15284.0,0.0,0.0,
2019-12-26,59.20000076293945,59.20000076293945,58.33000183105469,58.43999862670898,4893.0,0.0,0.0,
2019-12-27,58.29999923706055,59.16999816894531,58.02000045776367,58.38999938964844,7417.0,0.0,0.0,
2019-12-30,59.0,59.0,58.0099983215332,58.88999938964844,4952.0,0.0,0.0,
2019-12-31,58.59999847412109,58.90000152587891,58.31999969482422,58.56000137329102,4097.0,0.0,0.0,
2020-01-01,59.2400016784668,59.2400016784668,58.29999923706055,58.70000076293945,2845.0,0.0,0.0,
2020-01-02,58.9900016784668,58.9900016784668,58.41999816894531,58.59000015258789,4683.0,0.0,0.0,
2020-01-03,58.9900016784668,58.9900016784668,58.59999847412109,58.75,7421.0,0.0,0.0,
2020-01-06,58.5,58.97000122070312,57.04999923706055,58.09000015258789,51345.0,0.0,0.0,
2020-01-07,58.88999938964844,58.88999938964844,58.06000137329102,58.59000015258789,7012.0,0.0,0.0,
2020-01-08,58.4900016784668,58.97000122070312,57.90000152587891,58.29999923706055,3910.0,0.0,0.0,
2020-01-09,58.5,58.5,58.09999847412109,58.33000183105469,3998.0,0.0,0.0,
2020-01-10,58.59000015258789,58.86999893188477,57.7599983215332,58.75,5344.0,0.0,0.0,
2020-01-13,58.11999893188477,59.47999954223633,58.0,59.20000076293945,32798.0,0.0,0.0,
2020-01-14,59.45000076293945,59.84999847412109,59.20000076293945,59.7400016784668,11947.0,0.0,0.0,
2020-01-15,59.70000076293945,59.7400016784668,59.02000045776367,59.68999862670898,6831.0,0.0,0.0,
2020-01-16,59.9900016784668,59.9900016784668,59.20000076293945,59.68999862670898,7538.0,0.0,0.0,
2020-01-17,59.9900016784668,59.9900016784668,59.5099983215332,59.59999847412109,7081.0,0.0,0.0,
2020-01-20,60.0,60.0,59.0,59.06000137329102,15854.0,0.0,0.0,
2020-01-21,59.4900016784668,59.93000030517578,59.0,59.22999954223633,4926.0,0.0,0.0,
2020-01-22,60.0,60.0,58.5,58.65999984741211,4219.0,0.0,0.0,
2020-01-23,58.20999908447266,59.47999954223633,58.20999908447266,59.08000183105469,4788.0,0.0,0.0,
2020-01-24,59.79999923706055,59.79999923706055,59.09000015258789,59.4900016784668,9683.0,0.0,0.0,
2020-01-27,59.79999923706055,59.9900016784668,58.5099983215332,58.86999893188477,10185.0,0.0,0.0,
2020-01-28,52.25,59.47999954223633,52.25,58.54000091552734,12077.0,0.0,0.0,
2020-01-29,59.0,59.36999893188477,58.31000137329102,59.11999893188477,3860.0,0.0,0.0,
2020-01-30,59.0,59.47000122070312,58.31000137329102,59.0,5765.0,0.0,0.0,
2020-01-31,59.0,59.0,57.0,57.43999862670898,19728.0,0.0,0.0,
2020-02-03,57.43999862670898,58.25,57.0099983215332,57.43000030517578,16441.0,0.0,0.0,
2020-02-04,58.40000152587891,58.40000152587891,57.90000152587891,58.0099983215332,4125.0,0.0,0.0,
2020-02-05,58.36999893188477,58.9900016784668,56.5,58.63000106811523,16242.0,0.0,0.0,
2020-02-06,58.90000152587891,59.15000152587891,58.11000061035156,58.72000122070312,3850.0,0.0,0.0,
2020-02-07,59.0,59.34999847412109,58.40000152587891,59.0,14916.0,0.0,0.0,
2020-02-10,59.5,59.5,58.22000122070312,58.47000122070312,10410.0,0.0,0.0,
2020-02-11,58.59999847412109,58.79999923706055,58.20999908447266,58.65000152587891,4268.0,0.0,0.0,
2020-02-12,58.84999847412109,59.4900016784668,58.59999847412109,59.11999893188477,8670.0,0.0,0.0,
2020-02-13,58.5099983215332,59.40000152587891,58.5099983215332,59.29999923706055,3365.0,0.0,0.0,
2020-02-14,60.0,70.0,58.09999847412109,58.79000091552734,19197.0,0.0,0.0,
2020-02-17,59.36999893188477,59.36999893188477,58.5,58.56999969482422,6721.0,0.0,0.0,
2020-02-18,58.79000091552734,59.5,58.11000061035156,58.79000091552734,10433.0,0.0,0.0,
2020-02-19,59.88000106811523,60.0,58.45000076293945,58.68999862670898,7494.0,0.0,0.0,
2020-02-20,58.29999923706055,59.4900016784668,57.5099983215332,58.70999908447266,6837.0,0.0,0.0,
2020-02-24,58.88999938964844,58.88999938964844,58.09999847412109,58.4900016784668,10854.0,0.0,0.0,
2020-02-25,58.93999862670898,58.93999862670898,57.58000183105469,57.84999847412109,4138.0,0.0,0.0,
2020-02-26,57.79999923706055,58.90000152587891,57.20000076293945,57.25,6573.0,0.0,0.0,
2020-02-27,59.54999923706055,59.54999923706055,56.52000045776367,56.77999877929688,4634.0,0.0,0.0,
2020-02-28,58.90000152587891,58.90000152587891,54.0,54.90999984741211,20328.0,0.0,0.0,
2020-03-02,56.0,56.0,54.0,54.47999954223633,9664.0,0.0,0.0,
2020-03-03,55.5,55.5,54.54999923706055,55.0,3418.0,0.0,0.0,
2020-03-04,56.0,56.0,54.75,55.47000122070312,11524.0,0.0,0.0,
2020-03-05,55.97000122070312,56.0,54.84999847412109,55.97000122070312,5167.0,0.0,0.0,
2020-03-06,55.45000076293945,55.45000076293945,52.0099983215332,54.54000091552734,23960.0,0.0,0.0,
2020-03-09,57.0,57.0,51.5099983215332,52.56999969482422,24103.0,0.0,0.0,
2020-03-11,53.0,53.5,51.0,51.36999893188477,17142.0,0.0,0.0,
2020-03-12,50.09999847412109,51.36999893188477,47.5099983215332,48.5,27189.0,0.0,0.0,
2020-03-13,45.0,60.0,44.20999908447266,47.77999877929688,42513.0,0.0,0.0,
2020-03-16,49.0,49.0,45.20000076293945,45.54000091552734,13800.0,0.0,0.0,
2020-03-17,45.20000076293945,45.65000152587891,43.75,45.09000015258789,27283.0,0.0,0.0,
2020-03-18,45.5,45.5,42.5099983215332,43.09000015258789,17126.0,0.0,0.0,
2020-03-19,44.0,44.0,38.5,41.88000106811523,24326.0,0.0,0.0,
2020-03-20,43.0,45.0,41.52000045776367,44.97999954223633,23748.0,0.0,0.0,
2020-03-23,45.0,45.0,40.20999908447266,40.91999816894531,20948.0,0.0,0.0,
2020-03-24,45.90000152587891,45.90000152587891,41.0,42.93999862670898,7401.0,0.0,0.0,
2020-03-25,44.75,44.75,40.11999893188477,43.09999847412109,8755.0,0.0,0.0,
2020-03-26,44.65000152587891,46.5,43.0,44.75,59964.0,0.0,0.0,
2020-03-27,45.0,46.97999954223633,42.09999847412109,45.43999862670898,6897.0,0.0,0.0,
2020-03-30,45.0,45.15000152587891,43.09999847412109,44.27000045776367,3145.0,0.0,0.0,
2020-03-31,45.5,47.4900016784668,44.90000152587891,46.06000137329102,5981.0,0.0,0.0,
2020-04-01,45.90000152587891,47.88999938964844,44.09999847412109,44.40000152587891,18502.0,0.0,0.0,
2020-04-03,43.5,46.5,43.5,44.25,5615.0,0.0,0.0,
2020-04-07,47.5,47.90000152587891,44.0099983215332,47.31000137329102,14973.0,0.0,0.0,
2020-04-08,47.20000076293945,49.25,45.11999893188477,48.31000137329102,18494.0,0.0,0.0,
2020-04-09,48.31000137329102,48.5,47.5099983215332,48.04000091552734,7654.0,0.0,0.0,
2020-04-13,47.54999923706055,48.0,47.08000183105469,47.52999877929688,9238.0,0.0,0.0,
2020-04-15,48.25,49.15000152587891,47.59999847412109,48.40999984741211,16860.0,0.0,0.0,
2020-04-16,49.40000152587891,49.40000152587891,47.43999862670898,47.90999984741211,4381.0,0.0,0.0,
2020-04-17,48.90000152587891,49.79000091552734,48.09999847412109,48.88999938964844,63183.0,0.0,0.0,
2020-04-20,48.59999847412109,50.90000152587891,48.09999847412109,48.2599983215332,18747.0,0.0,0.0,
2020-04-21,48.0,48.04999923706055,47.0,47.18999862670898,6390.0,0.0,0.0,
2020-04-22,47.0,48.5,45.11999893188477,47.70000076293945,7621.0,0.0,0.0,
2020-04-23,47.70000076293945,48.59999847412109,47.70000076293945,48.2400016784668,11597.0,0.0,0.0,
2020-04-24,48.20000076293945,48.34999847412109,46.90000152587891,47.72000122070312,2876.0,0.0,0.0,
2020-04-27,48.09999847412109,48.29999923706055,47.79999923706055,47.86000061035156,4663.0,0.0,0.0,
2020-04-28,48.27000045776367,48.40000152587891,47.65000152587891,48.04999923706055,8588.0,0.0,0.0,
2020-04-29,48.0,48.5099983215332,47.84999847412109,48.40999984741211,6225.0,0.0,0.0,
2020-04-30,48.5,50.2400016784668,48.5,49.7400016784668,13623.0,0.0,0.0,
2020-05-04,48.90000152587891,49.59999847412109,47.20999908447266,48.36000061035156,17804.0,0.0,0.0,
2020-05-05,48.11000061035156,49.15000152587891,47.70000076293945,47.81000137329102,3408.0,0.0,0.0,
2020-05-06,48.70000076293945,48.86000061035156,46.11000061035156,47.45999908447266,6955.0,0.0,0.0,
2020-05-07,47.5,47.5,46.5,46.90999984741211,5773.0,0.0,0.0,
2020-05-08,47.0,47.29999923706055,46.75,46.86999893188477,5196.0,0.0,0.0,
2020-05-11,47.9900016784668,48.45000076293945,47.09999847412109,47.5099983215332,4636.0,0.0,0.0,
2020-05-12,46.5099983215332,48.4900016784668,46.5099983215332,47.4900016784668,4489.0,0.0,0.0,
2020-05-13,48.4900016784668,48.79999923706055,47.79999923706055,48.13999938964844,9992.0,0.0,0.0,
2020-05-14,47.5,48.40000152587891,47.04999923706055,47.34000015258789,21903.0,0.0,0.0,
2020-05-15,47.95000076293945,47.95000076293945,46.59999847412109,47.06000137329102,3407.0,0.0,0.0,
2020-05-18,48.0,48.79999923706055,46.02000045776367,46.7599983215332,9941.0,0.0,0.0,
2020-05-19,47.0,47.38000106811523,46.90000152587891,47.02999877929688,3225.0,0.0,0.0,
2020-05-20,47.31000137329102,48.38999938964844,47.11000061035156,47.68999862670898,1918.0,0.0,0.0,
2020-05-21,47.5,48.79000091552734,47.40000152587891,48.29999923706055,2892.0,0.0,0.0,
2020-05-22,48.5,48.79999923706055,48.0,48.4900016784668,3560.0,0.0,0.0,
2020-05-26,47.52000045776367,49.29999923706055,47.52000045776367,48.68000030517578,5689.0,0.0,0.0,
2020-05-27,48.79999923706055,49.29999923706055,48.25,48.93999862670898,2628.0,0.0,0.0,
2020-05-28,49.29999923706055,49.90000152587891,49.0099983215332,49.72999954223633,1932.0,0.0,0.0,
2020-05-29,49.38999938964844,50.4900016784668,49.11999893188477,50.22999954223633,7236.0,0.0,0.0,
2020-06-01,49.0099983215332,52.90000152587891,49.0099983215332,51.36000061035156,8131.0,0.0,0.0,
2020-06-02,52.0,52.0,51.34999847412109,51.59999847412109,3373.0,0.0,0.0,
2020-06-03,52.20000076293945,52.5,51.45000076293945,51.68999862670898,3278.0,0.0,0.0,
2020-06-04,52.5,52.5,51.40000152587891,52.0099983215332,8491.0,0.0,0.0,
2020-06-05,52.90000152587891,53.0,51.5,52.70999908447266,3685.0,0.0,0.0,
2020-06-08,53.5,53.5,50.25,52.91999816894531,16002.0,0.0,0.0,
2020-06-09,53.29999923706055,53.38999938964844,52.5099983215332,52.84999847412109,6083.0,0.0,0.0,
2020-06-10,53.29999923706055,54.0,52.0,52.56999969482422,18257.0,0.0,0.0,
2020-06-11,53.5,53.5,51.5,51.91999816894531,20209.0,0.0,0.0,
2020-06-12,54.97999954223633,54.97999954223633,51.0,51.54999923706055,5484.0,0.0,0.0,
2020-06-15,51.09999847412109,51.59999847412109,50.5,50.70999908447266,9722.0,0.0,0.0,
2020-06-16,51.70000076293945,51.70000076293945,50.70000076293945,50.79000091552734,4891.0,0.0,0.0,
2020-06-17,50.84999847412109,51.70000076293945,50.65000152587891,50.7599983215332,2737.0,0.0,0.0,
2020-06-18,51.79999923706055,51.79999923706055,50.79999923706055,51.29000091552734,1703.0,0.0,0.0,
2020-06-19,51.5,51.5,51.0,51.20999908447266,1262.0,0.0,0.0,
2020-06-22,50.5,51.9900016784668,50.5,51.29999923706055,3213.0,0.0,0.0,
2020-06-23,49.40000152587891,52.75,49.40000152587891,52.27000045776367,5862.0,0.0,0.0,
2020-06-24,51.29999923706055,53.25,51.29999923706055,52.34999847412109,5619.0,0.0,0.0,
2020-06-25,51.09999847412109,52.59000015258789,51.09999847412109,52.0,3250.0,0.0,0.0,
2020-06-26,51.45000076293945,53.4900016784668,51.45000076293945,53.22000122070312,16744.0,0.0,0.0,
2020-06-29,53.0,53.0,52.20000076293945,52.52000045776367,2773.0,0.0,0.0,
2020-06-30,53.0,53.25,52.20000076293945,52.61000061035156,3798.0,0.0,0.0,
2020-07-01,53.29999923706055,53.29999923706055,51.0099983215332,52.65000152587891,5068.0,0.0,0.0,
2020-07-02,53.0,53.79999923706055,52.95000076293945,53.70000076293945,9550.0,0.0,0.0,
2020-07-03,53.0099983215332,54.45000076293945,53.0,54.20999908447266,7127.0,0.0,0.0,
2020-07-06,54.0,54.90000152587891,54.0,54.81000137329102,18137.0,0.0,0.0,
2020-07-07,54.90000152587891,54.90000152587891,54.0099983215332,54.79000091552734,3522.0,0.0,0.0,
2020-07-08,54.29999923706055,54.75,53.56000137329102,54.45000076293945,2656.0,0.0,0.0,
2020-07-09,54.29999923706055,54.77000045776367,54.0,54.22000122070312,4845.0,0.0,0.0,
2020-07-10,54.79000091552734,54.79000091552734,54.0,54.06000137329102,2229.0,0.0,0.0,
2020-07-13,54.90000152587891,55.29000091552734,54.20999908447266,54.9900016784668,11087.0,0.0,0.0,
2020-07-14,54.0099983215332,55.25,53.5099983215332,54.7599983215332,8289.0,0.0,0.0,
2020-07-15,54.59999847412109,55.79999923706055,54.5,55.11999893188477,15840.0,0.0,0.0,
2020-07-16,57.22999954223633,57.22999954223633,54.0099983215332,56.54000091552734,26912.0,0.0,0.0,
2020-07-17,55.15999984741211,57.0,55.15000152587891,56.63999938964844,9586.0,0.0,0.0,
2020-07-20,56.5,57.5,56.5,57.34000015258789,8088.0,0.0,0.0,
2020-07-21,57.70000076293945,57.90000152587891,55.52000045776367,57.02999877929688,22216.0,0.0,0.0,
2020-07-22,57.09999847412109,57.93999862670898,57.0,57.36000061035156,7574.0,0.0,0.0,
2020-07-23,57.88999938964844,57.88999938964844,50.29999923706055,57.06000137329102,112142.0,0.0,0.0,
2020-07-24,56.75,57.38000106811523,56.5,57.11999893188477,8830.0,0.0,0.0,
2020-07-27,57.0,58.0,56.15999984741211,57.52000045776367,9391.0,0.0,0.0,
2020-07-28,60.09999847412109,60.09999847412109,56.70999908447266,58.27000045776367,9056.0,0.0,0.0,
2020-07-29,58.9900016784668,58.9900016784668,58.0,58.2400016784668,7001.0,0.0,0.0,
2020-07-30,54.5,58.7400016784668,54.5,57.95000076293945,3532.0,0.0,0.0,
2020-07-31,57.70000076293945,58.79999923706055,57.70000076293945,58.34000015258789,13176.0,0.0,0.0,
2020-08-03,57.90000152587891,58.34999847412109,56.20000076293945,57.79999923706055,6030.0,0.0,0.0,
2020-08-04,57.90000152587891,57.95000076293945,57.0,57.2400016784668,2678.0,0.0,0.0,
2020-08-05,60.0,60.0,57.09999847412109,57.34000015258789,3528.0,0.0,0.0,
2020-08-06,56.15000152587891,58.5,56.0,58.43000030517578,52882.0,0.0,0.0,
2020-08-07,58.0,58.70000076293945,58.0,58.5,3180.0,0.0,0.0,
2020-08-10,58.5,58.70000076293945,58.0,58.36000061035156,8118.0,0.0,0.0,
2020-08-11,58.4900016784668,59.5,58.4900016784668,58.7400016784668,4104.0,0.0,0.0,
2020-08-12,58.70000076293945,58.97999954223633,57.9900016784668,58.65999984741211,22902.0,0.0,0.0,
2020-08-13,59.4900016784668,59.4900016784668,58.65999984741211,58.93999862670898,6982.0,0.0,0.0,
2020-08-14,58.9900016784668,59.29999923706055,58.09999847412109,59.0,9824.0,0.0,0.0,
2020-08-17,59.0,59.29999923706055,58.59999847412109,59.15999984741211,4950.0,0.0,0.0,
2020-08-18,59.5,59.90000152587891,59.0,59.34000015258789,20982.0,0.0,0.0,
2020-08-19,59.34999847412109,59.95000076293945,59.09999847412109,59.34000015258789,6009.0,0.0,0.0,
2020-08-20,59.25,59.86999893188477,59.04999923706055,59.40000152587891,8146.0,0.0,0.0,
2020-08-21,59.97000122070312,60.40000152587891,59.40999984741211,59.9900016784668,9552.0,0.0,0.0,
2020-08-24,59.9900016784668,60.0,58.5,59.02999877929688,14582.0,0.0,0.0,
2020-08-25,59.0,60.36999893188477,58.95000076293945,59.5,8867.0,0.0,0.0,
2020-08-26,59.79999923706055,60.38999938964844,59.04999923706055,60.11000061035156,46846.0,0.0,0.0,
2020-08-27,60.4900016784668,60.4900016784668,59.5,59.75,7687.0,0.0,0.0,
2020-08-28,59.5,60.4900016784668,59.2599983215332,59.40000152587891,5846.0,0.0,0.0,
2020-08-31,59.29999923706055,59.54000091552734,58.45000076293945,59.02000045776367,12544.0,0.0,0.0,
2020-09-01,59.0,59.29999923706055,58.20000076293945,58.34000015258789,10785.0,0.0,0.0,
2020-09-02,59.18999862670898,59.18999862670898,57.90000152587891,58.79000091552734,15353.0,0.0,0.0,
2020-09-03,58.84999847412109,60.0,57.81000137329102,58.31999969482422,6719.0,0.0,0.0,
2020-09-04,58.90000152587891,58.9900016784668,57.70000076293945,58.18999862670898,15116.0,0.0,0.0,
2020-09-07,58.0,58.9900016784668,57.70000076293945,58.29000091552734,3086.0,0.0,0.0,
2020-09-08,58.65000152587891,59.29999923706055,58.5,58.52000045776367,1126.0,0.0,0.0,
2020-09-09,57.5099983215332,58.7599983215332,56.2599983215332,58.15000152587891,20368.0,0.0,0.0,
2020-09-10,58.9900016784668,59.0,57.81999969482422,58.2400016784668,2564.0,0.0,0.0,
2020-09-11,59.0,59.47999954223633,58.54999923706055,58.65000152587891,4688.0,0.0,0.0,
2020-09-14,58.65000152587891,59.79999923706055,58.65000152587891,59.11999893188477,31802.0,0.0,0.0,
2020-09-15,59.90000152587891,60.45000076293945,59.52000045776367,60.22999954223633,40177.0,0.0,0.0,
2020-09-16,60.70000076293945,60.70000076293945,59.79999923706055,60.27000045776367,41716.0,0.0,0.0,
2020-09-17,60.09999847412109,60.25,59.65000152587891,60.15000152587891,2635.0,0.0,0.0,
2020-09-18,60.5,60.5,59.59999847412109,59.9900016784668,2367.0,0.0,0.0,
2020-09-21,59.5,60.68999862670898,59.40000152587891,60.29999923706055,2733.0,0.0,0.0,
2020-09-22,59.5,59.5,58.5,59.09000015258789,1797.0,0.0,0.0,
2020-09-23,59.5,60.29999923706055,58.40000152587891,58.59999847412109,1382.0,0.0,0.0,
2020-09-24,58.0,58.20000076293945,56.5099983215332,56.95000076293945,4888.0,0.0,0.0,
2020-09-25,58.0,58.65000152587891,57.0,58.56000137329102,1940.0,0.0,0.0,
2020-09-28,58.75,58.90000152587891,58.45000076293945,58.88999938964844,1035.0,0.0,0.0,
2020-09-29,59.0,59.25,59.0,59.11000061035156,792.0,0.0,0.0,
2020-09-30,59.0,60.70000076293945,58.59999847412109,59.4900016784668,3132.0,0.0,0.0,
2020-10-01,59.97999954223633,60.0,58.59999847412109,59.0099983215332,9489.0,0.0,0.0,
2020-10-05,59.5,61.0,59.5,60.5,12848.0,0.0,0.0,
2020-10-06,61.0,61.5,59.5,60.88000106811523,3063.0,0.0,0.0,
2020-10-07,61.0,61.43000030517578,60.0,60.41999816894531,2716.0,0.0,0.0,
2020-10-08,60.5,63.90000152587891,60.5,60.63000106811523,11533.0,0.0,0.0,
2020-10-09,62.5,63.5,60.04999923706055,61.77999877929688,7111.0,0.0,0.0,
2020-10-12,63.20000076293945,63.20000076293945,61.11999893188477,62.0099983215332,8496.0,0.0,0.0,
2020-10-13,62.9900016784668,72.44999694824219,62.2599983215332,62.97000122070312,8956.0,0.0,0.0,
2020-10-14,62.0,62.59999847412109,61.52000045776367,62.47999954223633,5401.0,0.0,0.0,
2020-10-15,64.48999786376953,70.0,61.09999847412109,61.36999893188477,5744.0,0.0,0.0,
2020-10-16,70.0,70.0,59.59999847412109,61.4900016784668,2247.0,0.0,0.0,
2020-10-19,62.0,62.79999923706055,61.40000152587891,61.93000030517578,840.0,0.0,0.0,
2020-10-20,61.90000152587891,62.5,61.5,62.0,1724.0,0.0,0.0,
2020-10-21,62.20000076293945,62.79999923706055,62.0,62.61999893188477,8997.0,0.0,0.0,
2020-10-22,62.61999893188477,62.75,61.5,61.79999923706055,4134.0,0.0,0.0,
2020-10-23,62.0,62.5,62.0,62.34000015258789,2696.0,0.0,0.0,
2020-10-26,62.0,62.5,61.61000061035156,62.25,3550.0,0.0,0.0,
2020-10-27,61.5,62.09999847412109,61.40000152587891,61.58000183105469,845.0,0.0,0.0,
2020-10-28,61.5,61.84999847412109,60.65999984741211,61.29999923706055,3152.0,0.0,0.0,
2020-10-29,60.79999923706055,61.70000076293945,60.5099983215332,61.31000137329102,990.0,0.0,0.0,
2020-10-30,61.0,61.5,60.09999847412109,60.7400016784668,3856.0,0.0,0.0,
2020-11-02,62.4900016784668,62.4900016784668,60.20000076293945,60.45999908447266,3125.0,0.0,0.0,
2020-11-03,62.0,62.0,59.61000061035156,60.54999923706055,2795.0,0.0,0.0,
2020-11-04,61.0,62.0,60.9900016784668,61.45000076293945,2934.0,0.0,0.0,
2020-11-05,61.29999923706055,61.97000122070312,61.20999908447266,61.63000106811523,4216.0,0.0,0.0,
2020-11-06,62.0,62.88999938964844,61.9900016784668,62.47999954223633,4616.0,0.0,0.0,
2020-11-09,63.40000152587891,64.0,62.20000076293945,63.31000137329102,12089.0,0.0,0.0,
2020-11-10,63.0,63.25,62.25,62.54999923706055,8533.0,0.0,0.0,
2020-11-11,63.40000152587891,64.8499984741211,63.0,63.75,5457.0,0.0,0.0,
2020-11-12,65.0,65.0,62.25,64.44999694824219,10777.0,0.0,0.0,
2020-11-13,62.34999847412109,65.30000305175781,62.34999847412109,64.66000366210938,3606.0,0.0,0.0,
2020-11-14,65.4000015258789,66.0,64.66000366210938,65.2699966430664,1585.0,0.0,0.0,
2020-11-17,65.5,65.5,64.20999908447266,64.26000213623047,4295.0,0.0,0.0,
2020-11-18,64.94999694824219,65.0,64.0999984741211,64.5,2097.0,0.0,0.0,
2020-11-19,65.0,65.5,64.6500015258789,64.9800033569336,1531.0,0.0,0.0,
2020-11-20,65.5,65.5,62.65000152587891,64.83000183105469,5741.0,0.0,0.0,
2020-11-23,65.0,66.9000015258789,65.0,66.04000091552734,13499.0,0.0,0.0,
2020-11-24,66.05000305175781,67.0999984741211,65.75,66.48999786376953,35225.0,0.0,0.0,
2020-11-25,66.94999694824219,66.94999694824219,65.5,65.81999969482422,2719.0,0.0,0.0,
2020-11-26,68.0,68.0,65.05000305175781,66.01000213623047,3220.0,0.0,0.0,
2020-11-27,66.69999694824219,66.98999786376953,65.05000305175781,65.9000015258789,10521.0,0.0,0.0,
2020-12-01,66.80000305175781,67.0,65.5,66.83999633789062,4348.0,0.0,0.0,
2020-12-02,65.9000015258789,67.9000015258789,65.75,67.23999786376953,5325.0,0.0,0.0,
2020-12-03,68.0,68.0,67.0,67.11000061035156,5390.0,0.0,0.0,
2020-12-04,67.19999694824219,68.9800033569336,66.5,68.45999908447266,9784.0,0.0,0.0,
2020-12-07,69.4000015258789,70.0,68.0,69.94000244140625,7795.0,0.0,0.0,
2020-12-08,70.0,70.98999786376953,68.69999694824219,70.1500015258789,4618.0,0.0,0.0,
2020-12-09,70.1500015258789,70.5,69.19999694824219,69.9000015258789,10527.0,0.0,0.0,
2020-12-10,70.80000305175781,70.80000305175781,69.19999694824219,70.37999725341797,5887.0,0.0,0.0,
2020-12-11,70.37999725341797,71.0,67.94999694824219,68.98999786376953,19036.0,0.0,0.0,
2020-12-14,69.9000015258789,71.80000305175781,69.9000015258789,71.25,34278.0,0.0,0.0,
2020-12-15,72.19999694824219,72.19999694824219,69.5999984741211,70.05000305175781,8894.0,0.0,0.0,
2020-12-16,69.0999984741211,71.19999694824219,69.0999984741211,70.87000274658203,6309.0,0.0,0.0,
2020-12-17,71.19999694824219,72.19000244140625,70.70999908447266,71.2699966430664,10151.0,0.0,0.0,
2020-12-18,72.5,72.5,71.44000244140625,71.9800033569336,6714.0,0.0,0.0,
2020-12-21,72.1500015258789,72.5,57.70000076293945,70.48999786376953,40084.0,0.0,0.0,
2020-12-22,71.44999694824219,71.47000122070312,69.0,70.98999786376953,10066.0,0.0,0.0,
2020-12-23,71.5,71.5,70.05999755859375,71.41999816894531,4015.0,0.0,0.0,
2020-12-24,71.5999984741211,73.44000244140625,71.3499984741211,72.0999984741211,3728.0,0.0,0.0,
2020-12-28,73.5,73.98999786376953,71.94999694824219,72.9800033569336,4769.0,0.0,0.0,
2020-12-29,71.0999984741211,76.0,71.0999984741211,72.79000091552734,11799.0,0.0,0.0,
2020-12-30,74.97000122070312,74.97000122070312,72.0,72.43000030517578,9588.0,0.0,0.0,
2020-12-31,74.5999984741211,74.5999984741211,71.16000366210938,72.51000213623047,4646.0,0.0,0.0,
2021-01-01,70.62999725341797,73.94000244140625,70.62999725341797,73.79000091552734,4886.0,0.0,0.0,
2021-01-04,75.79000091552734,75.79000091552734,73.0,74.12000274658203,5873.0,0.0,0.0,
2021-01-05,72.52999877929688,75.30000305175781,72.52999877929688,74.80999755859375,3667.0,0.0,0.0,
2021-01-06,76.0,76.0,74.75,75.70999908447266,4305.0,0.0,0.0,
2021-01-07,76.0,76.25,74.01000213623047,74.37999725341797,9869.0,0.0,0.0,
2021-01-08,81.0999984741211,81.0999984741211,74.12000274658203,75.73999786376953,12049.0,0.0,0.0,
2021-01-11,76.94999694824219,77.9800033569336,75.73999786376953,76.94999694824219,14484.0,0.0,0.0,
2021-01-12,78.0,79.25,75.5999984741211,78.5199966430664,9710.0,0.0,0.0,
2021-01-13,79.2699966430664,79.2699966430664,76.36000061035156,77.52999877929688,12251.0,0.0,0.0,
2021-01-14,82.4000015258789,82.4000015258789,75.19999694824219,77.98999786376953,3480.0,0.0,0.0,
2021-01-15,80.0,80.0,77.0,77.2699966430664,13337.0,0.0,0.0,
2021-01-18,77.19999694824219,78.94999694824219,76.0,76.36000061035156,10299.0,0.0,0.0,
2021-01-19,77.0999984741211,77.19999694824219,76.30000305175781,76.80000305175781,4772.0,0.0,0.0,
2021-01-20,76.5,78.0999984741211,76.5,77.54000091552734,20676.0,0.0,0.0,
2021-01-21,76.5,78.5,76.5,77.36000061035156,5401.0,0.0,0.0,
2021-01-22,78.5,78.5,76.5,77.25,1287.0,0.0,0.0,
2021-01-25,79.55999755859375,79.55999755859375,73.25,76.93000030517578,11702.0,0.0,0.0,
2021-01-27,77.75,87.19999694824219,75.0,76.08999633789062,196562.0,0.0,0.0,
2021-01-28,78.0,78.0,74.22000122070312,74.94000244140625,11513.0,0.0,0.0,
2021-01-29,77.9000015258789,77.9000015258789,73.01000213623047,74.05999755859375,10664.0,0.0,0.0,
2021-02-01,72.05000305175781,76.98999786376953,72.05000305175781,74.72000122070312,14208.0,0.0,0.0,
2021-02-02,74.69999694824219,77.5,73.04000091552734,76.80000305175781,15742.0,0.0,0.0,
2021-02-03,79.0999984741211,79.0999984741211,76.5,77.55000305175781,4436.0,0.0,0.0,
2021-02-04,77.80000305175781,78.5,77.0,77.08999633789062,14123.0,0.0,0.0,
2021-02-05,78.5,79.30000305175781,76.0999984741211,77.63999938964844,11047.0,0.0,0.0,
2021-02-08,81.94999694824219,81.94999694824219,76.27999877929688,78.37000274658203,8248.0,0.0,0.0,
2021-02-09,76.3499984741211,79.69999694824219,76.3499984741211,79.18000030517578,3583.0,0.0,0.0,
2021-02-10,79.18000030517578,86.0,77.80000305175781,78.76000213623047,7458.0,0.0,0.0,
2021-02-11,81.12000274658203,81.12000274658203,77.55000305175781,78.69999694824219,3169.0,0.0,0.0,
2021-02-12,81.05999755859375,81.05999755859375,77.30000305175781,78.48999786376953,6482.0,0.0,0.0,
2021-02-15,80.87999725341797,80.87999725341797,77.25,77.98999786376953,5726.0,0.0,0.0,
2021-02-16,79.98999786376953,79.98999786376953,77.51000213623047,78.04000091552734,1742.0,0.0,0.0,
2021-02-17,79.48999786376953,93.3000030517578,76.75,78.19999694824219,471523.0,0.0,0.0,
2021-02-18,80.5,80.5,77.5,78.33999633789062,4425.0,0.0,0.0,
2021-02-19,79.48999786376953,79.48999786376953,77.08999633789062,77.8499984741211,15021.0,0.0,0.0,
2021-02-22,77.8499984741211,78.19999694824219,75.75,76.02999877929688,8379.0,0.0,0.0,
2021-02-23,77.48999786376953,79.69999694824219,74.55000305175781,76.88999938964844,2757.0,0.0,0.0,
2021-02-24,76.88999938964844,77.98999786376953,76.5,77.4800033569336,1002.0,0.0,0.0,
2021-02-25,76.5,78.5,76.5,78.38999938964844,1684.0,0.0,0.0,
2021-02-26,78.48999786376953,78.48999786376953,75.5,76.08000183105469,12875.0,0.0,0.0,
2021-03-01,77.5999984741211,77.98999786376953,75.5,76.88999938964844,5316.0,0.0,0.0,
2021-03-02,77.5,78.25,76.01000213623047,78.22000122070312,3239.0,0.0,0.0,
2021-03-03,79.98999786376953,79.98999786376953,76.30000305175781,78.3499984741211,26242.0,0.0,0.0,
2021-03-04,78.69999694824219,79.25,76.55000305175781,79.2300033569336,6138.0,0.0,0.0,
2021-03-05,77.01000213623047,79.98999786376953,77.01000213623047,78.0999984741211,3710.0,0.0,0.0,
2021-03-08,79.48999786376953,80.0,77.25,77.72000122070312,7588.0,0.0,0.0,
2021-03-09,79.30000305175781,79.30000305175781,78.30000305175781,78.97000122070312,2038.0,0.0,0.0,
2021-03-10,79.98999786376953,79.98999786376953,78.11000061035156,78.58999633789062,2413.0,0.0,0.0,
2021-03-12,79.9000015258789,80.5,77.1500015258789,79.23999786376953,6614.0,0.0,0.0,
2021-03-15,79.98999786376953,80.0,78.44999694824219,79.16000366210938,4426.0,0.0,0.0,
2021-03-16,79.98999786376953,80.0,79.0,79.05000305175781,2391.0,0.0,0.0,
2021-03-17,79.98999786376953,80.0,78.75,78.79000091552734,11159.0,0.0,0.0,
2021-03-18,79.98999786376953,80.0,77.01000213623047,78.37000274658203,35040.0,0.0,0.0,
2021-03-19,79.30000305175781,79.30000305175781,76.80000305175781,78.41000366210938,5509.0,0.0,0.0,
2021-03-22,79.4000015258789,79.8499984741211,77.4000015258789,79.23999786376953,3966.0,0.0,0.0,
2021-03-23,78.3499984741211,80.19999694824219,78.3499984741211,79.75,3413.0,0.0,0.0,
2021-03-24,79.9800033569336,79.9800033569336,78.0,78.29000091552734,8938.0,0.0,0.0,
2021-03-25,78.44999694824219,79.19999694824219,76.44999694824219,77.98999786376953,14004.0,0.0,0.0,
2021-03-26,77.5,78.4000015258789,77.0,77.44000244140625,2090.0,0.0,0.0,
2021-03-30,78.80000305175781,79.23999786376953,77.5,78.88999938964844,4706.0,0.0,0.0,
2021-03-31,79.80000305175781,80.19999694824219,78.44999694824219,79.95999908447266,12289.0,0.0,0.0,
2021-04-01,80.0,82.0,78.25,81.2300033569336,5368.0,0.0,0.0,
2021-04-05,82.0,88.5,79.08000183105469,80.11000061035156,7099.0,0.0,0.0,
2021-04-06,80.98999786376953,81.0,79.20999908447266,80.72000122070312,4233.0,0.0,0.0,
2021-04-07,80.0999984741211,81.12999725341797,80.0,80.8499984741211,2154.0,0.0,0.0,
2021-04-08,81.1500015258789,82.0999984741211,81.0999984741211,81.55000305175781,4129.0,0.0,0.0,
2021-04-09,81.55000305175781,86.0,80.51000213623047,82.0999984741211,10139.0,0.0,0.0,
2021-04-12,83.0,84.0,79.5,81.29000091552734,17308.0,0.0,0.0,
2021-04-13,81.29000091552734,83.0,79.0,79.98999786376953,7864.0,0.0,0.0,
2021-04-15,80.9000015258789,80.9000015258789,76.83000183105469,79.55000305175781,6925.0,0.0,0.0,
2021-04-16,80.5999984741211,81.58999633789062,80.0,80.63999938964844,1840.0,0.0,0.0,
2021-04-19,80.5,81.9000015258789,77.44999694824219,79.31999969482422,14698.0,0.0,0.0,
2021-04-20,80.80000305175781,80.80000305175781,78.5,79.48999786376953,4152.0,0.0,0.0,
2021-04-22,80.80000305175781,80.80000305175781,77.9000015258789,78.5999984741211,8025.0,0.0,0.0,
2021-04-23,79.5999984741211,79.5999984741211,77.94999694824219,78.4800033569336,4446.0,0.0,0.0,
2021-04-26,78.0,79.4800033569336,78.0,78.41000366210938,11488.0,0.0,0.0,
2021-04-27,78.0,83.69000244140625,78.0,79.44000244140625,7651.0,0.0,0.0,
2021-04-28,79.5,80.19999694824219,79.01000213623047,79.55999755859375,2840.0,0.0,0.0,
2021-04-29,80.9000015258789,85.0,77.36000061035156,80.41000366210938,12435.0,0.0,0.0,
2021-04-30,77.19999694824219,82.25,73.19999694824219,79.1500015258789,5725.0,0.0,0.0,
2021-05-03,79.5,79.75,78.5,79.5,4875.0,0.0,0.0,
2021-05-04,80.4000015258789,80.4000015258789,78.5999984741211,79.01000213623047,7195.0,0.0,0.0,
2021-05-05,80.0,80.0,79.04000091552734,79.7699966430664,1149.0,0.0,0.0,
2021-05-06,80.19000244140625,80.5,79.05000305175781,80.43000030517578,7806.0,0.0,0.0,
2021-05-07,80.0,83.87999725341797,80.0,81.08999633789062,7560.0,0.0,0.0,
2021-05-10,82.0999984741211,82.66000366210938,79.5,81.97000122070312,17834.0,0.0,0.0,
2021-05-11,82.47000122070312,82.87999725341797,81.16000366210938,81.93000030517578,19044.0,0.0,0.0,
2021-05-12,82.30000305175781,83.87999725341797,80.75,81.12999725341797,23575.0,0.0,0.0,
2021-05-14,81.0,82.45999908447266,79.36000061035156,81.0,26155.0,0.0,0.0,
2021-05-17,81.9000015258789,82.5,80.19999694824219,80.86000061035156,19802.0,0.0,0.0,
2021-05-18,80.5,82.1500015258789,80.5,81.9800033569336,6234.0,0.0,0.0,
2021-05-19,82.9000015258789,83.9800033569336,81.4000015258789,82.0999984741211,43018.0,0.0,0.0,
2021-05-20,82.30000305175781,82.88999938964844,81.0,81.27999877929688,21595.0,0.0,0.0,
2021-05-21,82.5,82.87000274658203,81.0,81.44999694824219,18141.0,0.0,0.0,
2021-05-24,82.4000015258789,82.5,80.0999984741211,82.08000183105469,31164.0,0.0,0.0,
2021-05-25,82.08000183105469,83.80000305175781,82.0,82.47000122070312,7863.0,0.0,0.0,
2021-05-26,82.5999984741211,83.25,82.0,82.83999633789062,12415.0,0.0,0.0,
2021-05-27,84.5,84.80000305175781,82.0999984741211,83.3499984741211,5903.0,0.0,0.0,
2021-05-28,84.5,85.0,82.0199966430664,82.69000244140625,15120.0,0.0,0.0,
2021-05-31,83.5999984741211,84.48999786376953,82.19999694824219,83.4800033569336,12359.0,0.0,0.0,
2021-06-01,84.80000305175781,84.98999786376953,82.75,83.38999938964844,10962.0,0.0,0.0,
2021-06-02,84.4000015258789,84.4000015258789,82.51000213623047,83.26000213623047,6719.0,0.0,0.0,
2021-06-03,82.5,83.80000305175781,81.44999694824219,83.02999877929688,18622.0,0.0,0.0,
2021-06-04,83.9000015258789,84.27999877929688,83.0,83.69000244140625,4218.0,0.0,0.0,
2021-06-07,84.87999725341797,88.8499984741211,83.30999755859375,85.48999786376953,14774.0,0.0,0.0,
2021-06-08,86.58999633789062,86.58999633789062,84.81999969482422,85.48999786376953,13664.0,0.0,0.0,
2021-06-09,84.19999694824219,86.58999633789062,83.5,85.70999908447266,9101.0,0.0,0.0,
2021-06-10,86.44999694824219,86.44999694824219,85.19999694824219,85.44999694824219,18899.0,0.0,0.0,
2021-06-11,86.69000244140625,86.7300033569336,84.70999908447266,85.86000061035156,5788.0,0.0,0.0,
2021-06-14,85.86000061035156,86.79000091552734,85.0,86.48999786376953,8003.0,0.0,0.0,
2021-06-15,87.58999633789062,87.58999633789062,84.30000305175781,86.66000366210938,8940.0,0.0,0.0,
2021-06-16,86.5999984741211,86.5999984741211,85.5999984741211,86.06999969482422,2716.0,0.0,0.0,
2021-06-17,86.19999694824219,87.44999694824219,85.5999984741211,86.04000091552734,10537.0,0.0,0.0,
2021-06-18,86.5,86.5,85.19999694824219,85.55000305175781,5015.0,0.0,0.0,
2021-06-21,86.5,86.5,85.4000015258789,85.62000274658203,7683.0,0.0,0.0,
2021-06-22,86.8499984741211,87.0,85.51000213623047,86.05000305175781,11965.0,0.0,0.0,
2021-06-23,87.0,87.0,85.0999984741211,85.94000244140625,6586.0,0.0,0.0,
2021-06-24,85.94000244140625,86.80000305175781,85.0999984741211,86.69999694824219,5193.0,0.0,0.0,
2021-06-25,87.0,87.4000015258789,85.25,87.38999938964844,6682.0,0.0,0.0,
2021-06-28,87.9000015258789,88.80000305175781,86.94999694824219,87.3499984741211,7132.0,0.0,0.0,
2021-06-29,88.29000091552734,88.29000091552734,86.69999694824219,87.05999755859375,7133.0,0.0,0.0,
2021-06-30,87.05999755859375,88.0,86.25,86.88999938964844,21257.0,0.0,0.0,
2021-07-01,87.87999725341797,87.87999725341797,85.5999984741211,86.66000366210938,20441.0,0.0,0.0,
2021-07-02,87.5999984741211,87.5999984741211,86.0,86.5199966430664,10304.0,0.0,0.0,
2021-07-05,87.55000305175781,88.44999694824219,86.0,87.30000305175781,22228.0,0.0,0.0,
2021-07-06,88.19999694824219,88.9000015258789,86.01000213623047,86.44000244140625,18806.0,0.0,0.0,
2021-07-07,87.4000015258789,87.4000015258789,86.01000213623047,86.37999725341797,7091.0,0.0,0.0,
2021-07-08,87.4000015258789,87.4000015258789,85.5,86.19000244140625,9661.0,0.0,0.0,
2021-07-09,87.0,87.19999694824219,85.25,86.06999969482422,8418.0,0.0,0.0,
2021-07-12,86.06999969482422,87.86000061035156,85.16000366210938,86.20999908447266,7836.0,0.0,0.0,
2021-07-13,86.5,86.5,85.05000305175781,85.63999938964844,11292.0,0.0,0.0,
2021-07-14,86.44999694824219,87.12000274658203,84.55000305175781,86.97000122070312,19565.0,0.0,0.0,
2021-07-15,87.38999938964844,88.5,87.0999984741211,87.7699966430664,11504.0,0.0,0.0,
2021-07-16,88.80000305175781,88.80000305175781,87.0999984741211,87.5,4251.0,0.0,0.0,
2021-07-19,87.0,88.4000015258789,86.01000213623047,87.3499984741211,8104.0,0.0,0.0,
2021-07-20,87.25,88.3499984741211,85.44999694824219,86.26000213623047,11449.0,0.0,0.0,
2021-07-22,87.5999984741211,87.5999984741211,85.41000366210938,87.16999816894531,14880.0,0.0,0.0,
2021-07-23,87.80000305175781,87.94999694824219,86.41000366210938,87.69999694824219,9956.0,0.0,0.0,
2021-07-26,79.80000305175781,88.69999694824219,79.80000305175781,88.16000366210938,10968.0,0.0,0.0,
2021-07-27,87.3499984741211,88.25,87.11000061035156,87.72000122070312,9007.0,0.0,0.0,
2021-07-28,87.75,89.87999725341797,86.22000122070312,87.29000091552734,13101.0,0.0,0.0,
2021-07-29,88.30000305175781,88.4000015258789,86.5,87.91999816894531,23943.0,0.0,0.0,
2021-07-30,88.19999694824219,88.6500015258789,87.12000274658203,88.31999969482422,9104.0,0.0,0.0,
2021-08-02,88.8499984741211,89.0999984741211,87.5,88.81999969482422,9753.0,0.0,0.0,
2021-08-03,89.80000305175781,90.0,88.5999984741211,89.8499984741211,6589.0,0.0,0.0,
2021-08-04,90.48999786376952,90.87999725341795,88.22000122070312,90.45999908447266,7444.0,0.0,0.0,
2021-08-05,89.5999984741211,91.8000030517578,88.55000305175781,90.16999816894533,20847.0,0.0,0.0,
2021-08-06,91.0,91.1999969482422,88.80999755859375,90.02999877929688,20177.0,0.0,0.0,
2021-08-09,90.02999877929688,98.0999984741211,89.0999984741211,90.4499969482422,18217.0,0.0,0.0,
2021-08-10,91.4000015258789,91.77999877929688,89.4000015258789,89.79000091552734,11175.0,0.0,0.0,
2021-08-11,90.9000015258789,91.0,87.94999694824219,90.01000213623047,35272.0,0.0,0.0,
2021-08-12,91.0,91.3499984741211,90.1999969482422,91.26000213623048,11062.0,0.0,0.0,
2021-08-13,92.25,92.3000030517578,90.6500015258789,91.37999725341795,12543.0,0.0,0.0,
2021-08-16,92.4000015258789,92.5999984741211,91.0,92.18000030517578,7663.0,0.0,0.0,
2021-08-17,92.98999786376952,93.3000030517578,91.8000030517578,92.5199966430664,9294.0,0.0,0.0,
2021-08-18,93.69000244140624,93.98999786376952,91.91000366210938,93.0999984741211,16332.0,0.0,0.0,
2021-08-20,92.93000030517578,92.93000030517578,91.8000030517578,92.08000183105467,11446.0,0.0,0.0,
2021-08-23,92.08000183105467,93.77999877929688,91.0,92.16000366210938,11163.0,0.0,0.0,
2021-08-24,93.4000015258789,93.87999725341795,92.0999984741211,93.2699966430664,26463.0,0.0,0.0,
2021-08-25,94.3000030517578,99.3000030517578,92.12000274658205,93.22000122070312,46908.0,0.0,0.0,
2021-08-26,94.1999969482422,94.1999969482422,92.3499984741211,92.86000061035156,35939.0,0.0,0.0,
2021-08-27,93.9000015258789,93.9000015258789,92.41000366210938,93.43000030517578,6926.0,0.0,0.0,
2021-08-30,93.6999969482422,94.0999984741211,92.1999969482422,93.47000122070312,16630.0,0.0,0.0,
2021-08-31,94.0999984741211,95.75,91.5,94.62999725341795,39926.0,0.0,0.0,
2021-09-01,94.62999725341795,95.75,93.4000015258789,93.86000061035156,31697.0,0.0,0.0,
2021-09-02,94.9499969482422,95.8499984741211,93.86000061035156,94.95999908447266,7167.0,0.0,0.0,
2021-09-03,96.0,97.9499969482422,94.3000030517578,95.55999755859376,12163.0,0.0,0.0,
2021-09-06,95.55999755859376,97.5999984741211,94.22000122070312,96.06999969482422,12411.0,0.0,0.0,
2021-09-07,96.1999969482422,96.94000244140624,95.0,95.54000091552734,20967.0,0.0,0.0,
2021-09-08,96.9800033569336,96.9800033569336,94.25,95.2300033569336,13713.0,0.0,0.0,
2021-09-09,96.3000030517578,96.3000030517578,95.0,95.61000061035156,9637.0,0.0,0.0,
2021-09-13,95.6999969482422,96.0999984741211,94.22000122070312,95.94000244140624,7347.0,0.0,0.0,
2021-09-14,96.9000015258789,98.0,95.4000015258789,97.04000091552734,6862.0,0.0,0.0,
2021-09-15,98.0,98.48999786376952,96.12000274658205,98.05999755859376,14595.0,0.0,0.0,
2021-09-16,99.0,102.0,98.0,100.1800003051758,10141.0,0.0,0.0,
2021-09-17,101.4499969482422,102.4499969482422,97.5999984741211,98.26000213623048,24567.0,0.0,0.0,
2021-09-20,99.0,99.87999725341795,97.5,98.48999786376952,12918.0,0.0,0.0,
2021-09-21,97.5999984741211,99.6999969482422,97.0500030517578,98.05999755859376,9817.0,0.0,0.0,
2021-09-22,97.1999969482422,99.5,97.1999969482422,99.2300033569336,15918.0,0.0,0.0,
2021-09-23,99.87999725341795,100.0,99.0,99.4800033569336,16787.0,0.0,0.0,
2021-09-24,100.4899978637695,100.9899978637695,99.01000213623048,100.1100006103516,15757.0,0.0,0.0,
2021-09-27,101.4000015258789,101.7799987792969,97.6500015258789,98.72000122070312,13014.0,0.0,0.0,
2021-09-28,99.25,99.9800033569336,97.8000030517578,98.37000274658205,30732.0,0.0,0.0,
2021-09-29,95.4499969482422,99.6999969482422,95.4499969482422,98.75,6583.0,0.0,0.0,
2021-09-30,98.75,99.87999725341795,98.0,98.37999725341795,6223.0,0.0,0.0,
2021-10-01,99.0,99.3000030517578,97.0,98.5,7959.0,0.0,0.0,
2021-10-04,98.5,100.8000030517578,97.0500030517578,98.8499984741211,15328.0,0.0,0.0,
2021-10-05,98.0999984741211,99.87999725341795,98.0,99.5199966430664,5038.0,0.0,0.0,
2021-10-06,99.5199966430664,100.4899978637695,97.4000015258789,98.30999755859376,6161.0,0.0,0.0,
2021-10-07,98.30999755859376,99.87999725341795,98.1999969482422,98.91999816894533,8055.0,0.0,0.0,
2021-10-08,98.1999969482422,100.0,98.1999969482422,99.63999938964844,5264.0,0.0,0.0,
2021-10-11,99.63999938964844,100.9800033569336,98.5999984741211,99.26000213623048,8923.0,0.0,0.0,
2021-10-12,99.26000213623048,100.0,97.55999755859376,98.83999633789062,6831.0,0.0,0.0,
2021-10-13,98.83999633789062,100.4899978637695,98.75,99.54000091552734,6869.0,0.0,0.0,
2021-10-14,100.5999984741211,101.8000030517578,99.0199966430664,100.8399963378906,26748.0,0.0,0.0,
2021-10-18,100.8399963378906,102.8000030517578,100.0999984741211,102.2099990844727,10823.0,0.0,0.0,
2021-10-19,102.2099990844727,103.0,101.0999984741211,102.0400009155273,6122.0,0.0,0.0,
2021-10-20,101.0500030517578,103.879997253418,100.1999969482422,100.5999984741211,7853.0,0.0,0.0,
2021-10-21,101.8000030517578,101.8000030517578,99.13999938964844,99.4000015258789,15210.0,0.0,0.0,
2021-10-22,99.4000015258789,99.98999786376952,97.5,98.1500015258789,19906.0,0.0,0.0,
2021-10-25,99.0,100.0999984741211,96.0,97.36000061035156,14657.0,0.0,0.0,
2021-10-26,98.0,99.9800033569336,96.5999984741211,97.48999786376952,11660.0,0.0,0.0,
2021-10-27,98.4499969482422,98.8000030517578,97.3000030517578,98.37999725341795,15109.0,0.0,0.0,
2021-10-28,98.5,99.4499969482422,96.0,96.66000366210938,56677.0,0.0,0.0,
2021-10-29,97.0,97.4000015258789,94.9499969482422,95.3499984741211,17295.0,0.0,0.0,
2021-11-01,95.3499984741211,97.8000030517578,95.3499984741211,96.87999725341795,15008.0,0.0,0.0,
2021-11-02,97.8499984741211,97.8499984741211,96.0999984741211,96.98999786376952,6828.0,0.0,0.0,
2021-11-03,96.0999984741211,98.9499969482422,95.6500015258789,97.18000030517578,7149.0,0.0,0.0,
2021-11-04,97.3000030517578,98.9000015258789,95.0,98.02999877929688,9934.0,0.0,0.0,
2021-11-08,99.3000030517578,100.7799987792969,97.01000213623048,98.0999984741211,14773.0,0.0,0.0,
2021-11-09,99.0,99.0,97.06999969482422,98.2699966430664,7460.0,0.0,0.0,
2021-11-10,98.0,98.48999786376952,96.0,97.62000274658205,4807.0,0.0,0.0,
2021-11-11,98.5999984741211,98.5999984741211,96.0,96.79000091552734,15225.0,0.0,0.0,
2021-11-12,97.8000030517578,98.0,96.79000091552734,97.76000213623048,9155.0,0.0,0.0,
2021-11-15,98.6999969482422,99.98999786376952,95.0,98.8499984741211,10406.0,0.0,0.0,
2021-11-16,99.8000030517578,99.8000030517578,98.5999984741211,98.81999969482422,6191.0,0.0,0.0,
2021-11-17,99.77999877929688,101.8499984741211,98.0500030517578,98.16000366210938,26673.0,0.0,0.0,
2021-11-18,99.3000030517578,99.3000030517578,96.20999908447266,97.4800033569336,10042.0,0.0,0.0,
2021-11-22,98.4800033569336,98.6999969482422,95.5,96.33000183105467,14329.0,0.0,0.0,
2021-11-23,96.33000183105467,97.8000030517578,95.0500030517578,96.38999938964844,13841.0,0.0,0.0,
2021-11-24,97.58999633789062,97.58999633789062,95.4000015258789,96.08999633789062,7938.0,0.0,0.0,
2021-11-25,97.0,97.58999633789062,95.0500030517578,95.76000213623048,11784.0,0.0,0.0,
2021-11-26,95.25,96.0,89.0,92.79000091552734,35219.0,0.0,0.0,
2021-11-29,95.0,95.79000091552734,90.25,94.25,27582.0,0.0,0.0,
2021-11-30,95.48999786376952,95.9000015258789,84.5999984741211,93.5500030517578,600073.0,0.0,0.0,
2021-12-01,94.6999969482422,95.12999725341795,90.5,94.04000091552734,120872.0,0.0,0.0,
2021-12-02,93.25,95.98999786376952,92.02999877929688,95.79000091552734,6030.0,0.0,0.0,
2021-12-03,96.9000015258789,97.0999984741211,95.41000366210938,96.06999969482422,6444.0,0.0,0.0,
2021-12-06,97.0,97.87999725341795,92.5999984741211,93.29000091552734,19938.0,0.0,0.0,
2021-12-07,94.5,95.48999786376952,92.5999984741211,94.83999633789062,16867.0,0.0,0.0,
2021-12-08,96.0,96.98999786376952,95.0,96.36000061035156,6362.0,0.0,0.0,
2021-12-09,96.5,97.33000183105467,95.5500030517578,96.47000122070312,4197.0,0.0,0.0,
2021-12-10,97.4000015258789,97.98999786376952,95.5,97.70999908447266,10660.0,0.0,0.0,
2021-12-13,98.81999969482422,99.5999984741211,96.01000213623048,96.5999984741211,14890.0,0.0,0.0,
2021-12-14,97.37000274658205,97.37000274658205,95.30999755859376,96.4000015258789,26749.0,0.0,0.0,
2021-12-15,96.4000015258789,97.1999969482422,95.41000366210938,96.31999969482422,4657.0,0.0,0.0,
2021-12-16,97.37000274658205,97.48999786376952,94.3000030517578,96.20999908447266,4721.0,0.0,0.0,
2021-12-17,97.1999969482422,97.38999938964844,94.5999984741211,95.9800033569336,10659.0,0.0,0.0,
2021-12-20,96.6999969482422,96.6999969482422,92.1999969482422,94.51000213623048,17789.0,0.0,0.0,
2021-12-21,95.9499969482422,96.5,94.6500015258789,95.51000213623048,9975.0,0.0,0.0,
2021-12-22,96.5,96.87999725341795,94.0999984741211,96.0,15784.0,0.0,0.0,
2021-12-23,96.9000015258789,98.6999969482422,94.8000030517578,95.95999908447266,5832.0,0.0,0.0,
2021-12-24,95.95999908447266,104.5999984741211,95.08999633789062,97.73999786376952,13699.0,0.0,0.0,
2021-12-27,98.4499969482422,98.55999755859376,95.22000122070312,97.97000122070312,6379.0,0.0,0.0,
2021-12-28,97.97000122070312,99.5999984741211,96.12000274658205,98.62999725341795,11318.0,0.0,0.0,
2021-12-29,98.62999725341795,99.77999877929688,97.01000213623048,97.83999633789062,11582.0,0.0,0.0,
2021-12-30,98.8000030517578,99.4000015258789,96.98999786376952,99.2300033569336,4214.0,0.0,0.0,
2021-12-31,99.9000015258789,99.9000015258789,98.5,99.4000015258789,7349.0,0.0,0.0,
2022-01-03,100.3000030517578,101.6999969482422,99.5,100.5999984741211,16851.0,0.0,0.0,
2022-01-04,100.0,102.7799987792969,100.0,101.629997253418,9545.0,0.0,0.0,
2022-01-05,101.629997253418,102.5,100.0,101.1500015258789,7425.0,0.0,0.0,
2022-01-06,101.1500015258789,101.5500030517578,99.0,99.9800033569336,42851.0,0.0,0.0,
2022-01-07,100.8000030517578,101.9899978637695,99.02999877929688,100.4400024414062,39294.0,0.0,0.0,
2022-01-10,99.1999969482422,102.9300003051758,99.1999969482422,101.1500015258789,14528.0,0.0,0.0,
2022-01-11,102.0,102.2900009155273,100.0500030517578,102.0899963378906,9832.0,0.0,0.0,
2022-01-12,103.5999984741211,103.5999984741211,101.0800018310547,102.1500015258789,7565.0,0.0,0.0,
2022-01-13,103.0,103.0,101.6100006103516,102.7799987792969,7045.0,0.0,0.0,
2022-01-14,102.7799987792969,103.4899978637695,100.2200012207031,103.3000030517578,8783.0,0.0,0.0,
2022-01-17,104.9800033569336,104.9800033569336,101.5999984741211,103.9700012207031,9793.0,0.0,0.0,
2022-01-18,104.8000030517578,104.8000030517578,101.7399978637695,102.4400024414062,7826.0,0.0,0.0,
2022-01-19,103.4000015258789,103.9000015258789,100.6100006103516,101.9899978637695,12531.0,0.0,0.0,
2022-01-20,102.8499984741211,102.8499984741211,100.0899963378906,100.7200012207031,30632.0,0.0,0.0,
2022-01-21,101.5,101.5,98.98999786376952,99.86000061035156,8263.0,0.0,0.0,
2022-01-24,100.8000030517578,100.8000030517578,96.5,97.01000213623048,31700.0,0.0,0.0,
2022-01-25,97.0,98.3000030517578,95.01000213623048,97.22000122070312,17275.0,0.0,0.0,
2022-01-27,97.22000122070312,98.48999786376952,95.18000030517578,95.69000244140624,22987.0,0.0,0.0,
2022-01-28,96.8000030517578,97.48999786376952,95.11000061035156,96.4800033569336,9939.0,0.0,0.0,
2022-01-31,96.5999984741211,98.5,96.5199966430664,97.20999908447266,9862.0,0.0,0.0,
2022-02-01,98.9000015258789,99.4499969482422,96.66000366210938,98.26000213623048,19426.0,0.0,0.0,
2022-02-02,98.3000030517578,100.0,98.3000030517578,99.5999984741211,11456.0,0.0,0.0,
2022-02-03,100.4499969482422,100.4899978637695,97.91999816894533,98.80999755859376,7217.0,0.0,0.0,
2022-02-04,99.9000015258789,100.4499969482422,96.9000015258789,97.58000183105467,15275.0,0.0,0.0,
2022-02-07,98.6999969482422,99.6999969482422,96.9000015258789,97.87999725341795,22068.0,0.0,0.0,
2022-02-08,99.58999633789062,99.5999984741211,96.1999969482422,97.12999725341795,12953.0,0.0,0.0,
2022-02-09,99.6999969482422,99.6999969482422,97.1999969482422,98.05999755859376,5252.0,0.0,0.0,
2022-02-10,97.3000030517578,99.5999984741211,97.0,98.76000213623048,6625.0,0.0,0.0,
2022-02-11,98.9800033569336,99.6999969482422,96.83000183105467,97.94000244140624,11958.0,0.0,0.0,
2022-02-14,98.98999786376952,98.98999786376952,95.0,95.76000213623048,21065.0,0.0,0.0,
2022-02-15,95.8000030517578,97.75,94.6500015258789,97.2699966430664,12088.0,0.0,0.0,
2022-02-16,99.0,99.0,96.5500030517578,97.48999786376952,16372.0,0.0,0.0,
2022-02-17,98.69000244140624,99.4000015258789,97.0500030517578,97.73999786376952,4261.0,0.0,0.0,
2022-02-18,98.69000244140624,98.69000244140624,96.9000015258789,97.16000366210938,11334.0,0.0,0.0,
2022-02-21,97.6999969482422,98.4499969482422,94.33000183105467,96.8000030517578,14483.0,0.0,0.0,
2022-02-22,96.8000030517578,97.4000015258789,93.5,96.56999969482422,19939.0,0.0,0.0,
2022-02-23,97.75,97.75,95.0,95.4499969482422,14659.0,0.0,0.0,
2022-02-24,88.80000305175781,95.3000030517578,86.9000015258789,92.0,42912.0,0.0,0.0,
2022-02-25,93.70999908447266,94.70999908447266,92.0,93.1999969482422,16210.0,0.0,0.0,
2022-02-28,94.0,95.12000274658205,92.0500030517578,94.4800033569336,14877.0,0.0,0.0,
2022-03-02,94.4800033569336,103.0,94.4000015258789,94.79000091552734,19353.0,0.0,0.0,
2022-03-03,95.8000030517578,96.0,93.27999877929688,95.1500015258789,9455.0,0.0,0.0,
2022-03-04,98.0,98.0,93.51000213623048,94.45999908447266,16922.0,0.0,0.0,
2022-03-07,94.4000015258789,96.37999725341795,92.68000030517578,94.1999969482422,26053.0,0.0,0.0,
2022-03-08,94.8000030517578,96.9000015258789,93.11000061035156,95.0999984741211,13710.0,0.0,0.0,
2022-03-09,96.0,96.94000244140624,94.5,96.25,13604.0,0.0,0.0,
2022-03-10,97.5,97.5,95.4000015258789,96.54000091552734,11880.0,0.0,0.0,
2022-03-11,96.9499969482422,98.0,95.55999755859376,97.9499969482422,7036.0,0.0,0.0,
2022-03-14,97.9499969482422,106.8000030517578,97.11000061035156,98.02999877929688,39062.0,0.0,0.0,
2022-03-15,98.6999969482422,98.6999969482422,96.41000366210938,97.20999908447266,12539.0,0.0,0.0,
2022-03-16,97.5,98.6999969482422,96.5999984741211,97.91999816894533,7159.0,0.0,0.0,
2022-03-17,104.0,104.0,97.12999725341795,99.3499984741211,8647.0,0.0,0.0,
2022-03-21,100.0,100.0,97.4499969482422,98.83000183105467,19483.0,0.0,0.0,
2022-03-22,102.9199981689453,102.9199981689453,97.5,98.73999786376952,7905.0,0.0,0.0,
2022-03-23,98.1999969482422,100.0,98.1999969482422,99.68000030517578,8365.0,0.0,0.0,
2022-03-24,99.0500030517578,100.7900009155273,90.6999969482422,100.129997253418,18340.0,0.0,0.0,
2022-03-25,100.1500015258789,100.9499969482422,99.0500030517578,99.48999786376952,7101.0,0.0,0.0,
2022-03-28,99.48999786376952,100.8000030517578,98.62000274658205,100.0100021362305,7229.0,0.0,0.0,
2022-03-29,101.3000030517578,101.3000030517578,98.5,99.13999938964844,5318.0,0.0,0.0,
2022-03-30,100.4000015258789,100.5999984741211,99.01000213623048,99.72000122070312,9344.0,0.0,0.0,
2022-03-31,99.1500015258789,101.0,98.5,100.3300018310547,5078.0,0.0,0.0,
2022-04-01,100.9499969482422,100.9499969482422,98.5999984741211,100.4700012207031,18376.0,0.0,0.0,
2022-04-04,101.3000030517578,102.4000015258789,100.0,100.5800018310547,19290.0,0.0,0.0,
2022-04-05,102.9599990844727,102.9599990844727,100.9000015258789,101.6399993896484,8909.0,0.0,0.0,
2022-04-06,101.4300003051758,102.0,100.1500015258789,101.7300033569336,9786.0,0.0,0.0,
2022-04-07,102.3000030517578,102.5,100.1100006103516,100.8899993896484,8506.0,0.0,0.0,
2022-04-08,101.8000030517578,101.8000030517578,99.8000030517578,101.4400024414062,10519.0,0.0,0.0,
2022-04-11,101.9499969482422,102.0,100.0,101.0899963378906,10251.0,0.0,0.0,
2022-04-12,100.3000030517578,101.5,99.5,99.97000122070312,10169.0,0.0,0.0,
2022-04-13,100.5,101.9000015258789,99.30999755859376,100.25,13991.0,0.0,0.0,
2022-04-18,100.9000015258789,100.9000015258789,97.0,98.45999908447266,17422.0,0.0,0.0,
2022-04-19,99.4000015258789,99.4000015258789,97.41000366210938,97.6999969482422,26244.0,0.0,0.0,
2022-04-20,97.0999984741211,98.87999725341795,96.5,96.8499984741211,18048.0,0.0,0.0,
2022-04-21,96.1999969482422,98.58999633789062,96.0999984741211,98.41999816894533,3886.0,0.0,0.0,
2022-04-22,98.9000015258789,98.9000015258789,96.5,96.8000030517578,8898.0,0.0,0.0,
2022-04-25,97.5,97.5,94.3000030517578,95.11000061035156,23111.0,0.0,0.0,
2022-04-26,103.9499969482422,103.9499969482422,95.0199966430664,95.73999786376952,7615.0,0.0,0.0,
2022-04-27,94.5,95.98999786376952,94.26000213623048,95.5999984741211,14088.0,0.0,0.0,
2022-04-28,96.5,97.29000091552734,95.20999908447266,96.54000091552734,29428.0,0.0,0.0,
2022-04-29,103.9499969482422,103.9499969482422,95.1999969482422,95.9000015258789,10604.0,0.0,0.0,
2022-05-02,96.5,96.5,93.91000366210938,95.02999877929688,17934.0,0.0,0.0,
2022-05-04,96.0,96.1999969482422,93.9499969482422,94.16999816894533,19161.0,0.0,0.0,
2022-05-05,95.5,95.75,94.5,94.9499969482422,6688.0,0.0,0.0,
2022-05-06,95.0,95.87999725341795,93.0500030517578,94.05999755859376,22859.0,0.0,0.0,
2022-05-09,94.5,94.9800033569336,93.0,93.72000122070312,13326.0,0.0,0.0,
2022-05-10,93.72000122070312,94.9000015258789,92.0,93.66000366210938,33437.0,0.0,0.0,
2022-05-11,93.5,93.5,91.4499969482422,92.23999786376952,23855.0,0.0,0.0,
2022-05-12,91.75,92.48999786376952,90.51000213623048,91.0500030517578,26101.0,0.0,0.0,
2022-05-13,92.37999725341795,92.87999725341795,90.0,91.0999984741211,7064.0,0.0,0.0,
2022-05-16,99.98999786376952,103.9899978637695,90.5,90.9800033569336,35184.0,0.0,0.0,
2022-05-17,91.9000015258789,93.4499969482422,90.12000274658205,93.3000030517578,9072.0,0.0,0.0,
2022-05-18,94.0,95.5,93.01000213623048,94.4499969482422,31173.0,0.0,0.0,
2022-05-19,94.44000244140624,98.98999786376952,90.5500030517578,93.51000213623048,45620.0,0.0,0.0,
2022-05-20,95.0,95.0,91.0199966430664,92.16000366210938,33057.0,0.0,0.0,
2022-05-23,92.8000030517578,93.47000122070312,91.8000030517578,92.01000213623048,23050.0,0.0,0.0,
2022-05-24,93.0,93.0,90.3000030517578,91.06999969482422,29852.0,0.0,0.0,
2022-05-25,90.5999984741211,91.6999969482422,89.30000305175781,89.5199966430664,16778.0,0.0,0.0,
2022-05-26,103.9899978637695,103.9899978637695,88.0,89.75,12659.0,0.0,0.0,
2022-05-27,90.9000015258789,91.5,89.75,91.12999725341795,5010.0,0.0,0.0,
2022-05-30,93.0,93.25,91.0999984741211,92.87999725341795,14996.0,0.0,0.0,
2022-05-31,93.5,94.4000015258789,91.5999984741211,93.55999755859376,6801.0,0.0,0.0,
2022-06-01,94.4000015258789,95.0,92.9000015258789,93.16999816894533,5565.0,0.0,0.0,
2022-06-02,93.9000015258789,94.87000274658205,93.05999755859376,94.8499984741211,13590.0,0.0,0.0,
2022-06-03,95.0,96.25,95.0,96.05999755859376,16989.0,0.0,0.0,
2022-06-06,96.9000015258789,96.9000015258789,92.5,93.12000274658205,34008.0,0.0,0.0,
2022-06-07,93.9000015258789,93.9000015258789,92.0999984741211,92.29000091552734,9033.0,0.0,0.0,
2022-06-08,93.4800033569336,93.4800033569336,91.25,92.0999984741211,7853.0,0.0,0.0,
2022-06-09,93.0,93.0,91.5999984741211,92.01000213623048,7421.0,0.0,0.0,
2022-06-10,91.5,93.0999984741211,91.0500030517578,91.5,20090.0,0.0,0.0,
2022-06-13,91.5,91.9000015258789,88.80000305175781,89.0199966430664,32034.0,0.0,0.0,
2022-06-14,89.9000015258789,89.9800033569336,87.4000015258789,89.08999633789062,10201.0,0.0,0.0,
2022-06-15,89.9800033569336,90.4000015258789,87.75,88.77999877929688,17155.0,0.0,0.0,
2022-06-16,89.79000091552734,90.61000061035156,85.55000305175781,88.02999877929688,43647.0,0.0,0.0,
2022-06-17,87.5999984741211,87.9800033569336,84.9000015258789,85.62999725341797,22769.0,0.0,0.0,
2022-06-20,99.98999786376952,99.98999786376952,85.0,85.79000091552734,18161.0,0.0,0.0,
2022-06-21,86.0,88.1500015258789,85.0,87.63999938964844,6056.0,0.0,0.0,
2022-06-22,88.72000122070312,88.72000122070312,85.19999694824219,85.62000274658203,17821.0,0.0,0.0,
2022-06-23,86.0,88.0,85.80000305175781,87.73999786376953,14817.0,0.0,0.0,
2022-06-24,88.77999877929688,88.77999877929688,86.18000030517578,88.05999755859375,8769.0,0.0,0.0,
2022-06-27,89.69999694824219,89.9800033569336,88.0,88.98999786376953,8044.0,0.0,0.0,
2022-06-28,88.33999633789062,90.48999786376952,87.06999969482422,89.94000244140625,8898.0,0.0,0.0,
2022-06-29,89.9000015258789,89.9000015258789,87.5999984741211,89.48999786376953,15826.0,0.0,0.0,
2022-06-30,90.18000030517578,90.5,88.5,89.08999633789062,4894.0,0.0,0.0,
2022-07-01,89.48999786376953,89.5,88.5,89.4000015258789,9945.0,0.0,0.0,
2022-07-04,89.9800033569336,90.98999786376952,89.0999984741211,90.1999969482422,17073.0,0.0,0.0,
2022-07-05,90.9800033569336,92.5,89.5,89.80999755859375,10695.0,0.0,0.0,
2022-07-06,93.6500015258789,93.6500015258789,88.19999694824219,90.69000244140624,28253.0,0.0,0.0,
2022-07-07,91.1999969482422,92.1999969482422,89.3499984741211,91.5199966430664,6895.0,0.0,0.0,
2022-07-08,101.9899978637695,101.9899978637695,91.20999908447266,92.19000244140624,12637.0,0.0,0.0,
2022-07-11,92.5,92.9800033569336,90.20999908447266,91.26000213623048,37735.0,0.0,0.0,
2022-07-12,91.1999969482422,91.8000030517578,90.55999755859376,91.0999984741211,4231.0,0.0,0.0,
2022-07-13,90.9000015258789,91.0,90.20999908447266,90.38999938964844,4012.0,0.0,0.0,
2022-07-14,90.9000015258789,91.4000015258789,89.22000122070312,89.91000366210938,6719.0,0.0,0.0,
2022-07-15,90.5,90.98999786376952,89.58999633789062,90.05000305175781,3675.0,0.0,0.0,
2022-07-18,101.9899978637695,101.9899978637695,90.47000122070312,91.9499969482422,7373.0,0.0,0.0,
2022-07-19,91.98999786376952,93.0999984741211,90.25,91.80999755859376,12316.0,0.0,0.0,
2022-07-20,93.19000244140624,93.38999938964844,92.41000366210938,92.80999755859376,18374.0,0.0,0.0,
2022-07-21,93.4000015258789,94.0999984741211,92.20999908447266,93.94000244140624,12310.0,0.0,0.0,
2022-07-22,93.4000015258789,95.1999969482422,93.0199966430664,94.4499969482422,10893.0,0.0,0.0,
2022-07-25,95.4000015258789,95.4000015258789,93.69000244140624,94.5999984741211,11718.0,0.0,0.0,
2022-07-26,94.9000015258789,94.9000015258789,93.0199966430664,93.12999725341795,23323.0,0.0,0.0,
2022-07-27,93.6999969482422,94.19000244140624,92.2300033569336,93.77999877929688,7260.0,0.0,0.0,
2022-07-28,95.1999969482422,95.9000015258789,93.12000274658205,95.25,19261.0,0.0,0.0,
2022-07-29,93.5,96.9000015258789,93.5,95.66000366210938,31108.0,0.0,0.0,
2022-08-01,96.5999984741211,97.0999984741211,95.5,96.58999633789062,21438.0,0.0,0.0,
2022-08-02,97.55999755859376,97.55999755859376,96.25,96.80999755859376,28470.0,0.0,0.0,
2022-08-03,97.55999755859376,97.77999877929688,95.9000015258789,97.11000061035156,26241.0,0.0,0.0,
2022-08-04,97.45999908447266,98.47000122070312,96.6999969482422,97.56999969482422,14994.0,0.0,0.0,
2022-08-05,98.5500030517578,98.5500030517578,96.8000030517578,97.88999938964844,12378.0,0.0,0.0,
2022-08-08,98.5,98.6999969482422,97.25,98.05999755859376,14616.0,0.0,0.0,
2022-08-10,99.0,99.0,96.80999755859376,98.41000366210938,13872.0,0.0,0.0,
2022-08-11,99.38999938964844,99.38999938964844,96.83000183105467,97.52999877929688,23023.0,0.0,0.0,
2022-08-12,98.4499969482422,98.4499969482422,97.02999877929688,97.88999938964844,7144.0,0.0,0.0,
2022-08-16,98.87000274658205,98.87000274658205,97.0999984741211,98.43000030517578,14642.0,0.0,0.0,
2022-08-17,99.0,99.9499969482422,97.8000030517578,99.75,29646.0,0.0,0.0,
2022-08-18,100.0,100.3000030517578,98.51000213623048,99.69000244140624,20008.0,0.0,0.0,
2022-08-19,99.0,100.1900024414062,98.9800033569336,99.29000091552734,15514.0,0.0,0.0,
2022-08-22,99.9000015258789,100.0,97.4000015258789,99.0500030517578,18768.0,0.0,0.0,
2022-08-23,98.0999984741211,98.5,97.20999908447266,97.86000061035156,8317.0,0.0,0.0,
2022-08-24,97.86000061035156,98.4800033569336,96.5999984741211,97.8499984741211,9304.0,0.0,0.0,
2022-08-25,98.9800033569336,99.1999969482422,97.0,97.6999969482422,15914.0,0.0,0.0,
2022-08-26,97.4000015258789,98.1999969482422,97.22000122070312,97.91000366210938,8628.0,0.0,0.0,
2022-08-29,96.5,97.9000015258789,94.5,96.5,14152.0,0.0,0.0,
2022-08-30,96.51000213623048,98.9000015258789,96.5,97.93000030517578,10955.0,0.0,0.0,
2022-09-01,97.0999984741211,97.75,96.05999755859376,97.19000244140624,7174.0,0.0,0.0,
2022-09-02,96.19000244140624,97.75,96.19000244140624,97.33000183105467,11381.0,0.0,0.0,
2022-09-05,98.1999969482422,98.1999969482422,96.51000213623048,97.83999633789062,14905.0,0.0,0.0,
2022-09-06,98.9499969482422,98.9499969482422,97.1999969482422,97.7300033569336,7274.0,0.0,0.0,
2022-09-07,96.6999969482422,97.94000244140624,96.6999969482422,97.6500015258789,5166.0,0.0,0.0,
2022-09-08,97.6999969482422,98.88999938964844,97.05999755859376,98.05999755859376,29486.0,0.0,0.0,
2022-09-09,99.29000091552734,99.29000091552734,98.06999969482422,98.62000274658205,5744.0,0.0,0.0,
2022-09-12,98.62000274658205,99.75,98.62000274658205,99.2699966430664,12522.0,0.0,0.0,
2022-09-13,99.4499969482422,104.5999984741211,99.37000274658205,100.1800003051758,18935.0,0.0,0.0,
2022-09-14,96.3499984741211,99.6999969482422,96.3499984741211,99.08999633789062,23955.0,0.0,0.0,
2022-09-15,99.98999786376952,99.98999786376952,97.41999816894533,97.7699966430664,11240.0,0.0,0.0,
2022-09-16,97.6999969482422,97.6999969482422,95.01000213623048,95.9499969482422,16927.0,0.0,0.0,
2022-09-19,96.88999938964844,97.4499969482422,95.8000030517578,95.97000122070312,14583.0,0.0,0.0,
2022-09-20,97.38999938964844,97.38999938964844,95.62000274658205,97.05999755859376,10811.0,0.0,0.0,
2022-09-21,97.88999938964844,98.01000213623048,95.0999984741211,97.33999633789062,7311.0,0.0,0.0,
2022-09-22,98.0,98.0,96.01000213623048,96.3499984741211,22603.0,0.0,0.0,
2022-09-23,98.0,98.0,95.01000213623048,95.9499969482422,18949.0,0.0,0.0,
2022-09-26,96.88999938964844,96.88999938964844,93.5199966430664,94.6500015258789,18660.0,0.0,0.0,
2022-09-27,95.0,95.48999786376952,93.0500030517578,93.70999908447266,13629.0,0.0,0.0,
2022-09-28,93.38999938964844,94.2699966430664,92.8000030517578,93.69000244140624,15963.0,0.0,0.0,
2022-09-29,94.94000244140624,95.51000213623048,93.30999755859376,94.48999786376952,9060.0,0.0,0.0,
2022-09-30,94.4800033569336,94.69000244140624,93.70999908447266,94.41999816894533,10223.0,0.0,0.0,
2022-10-03,95.4800033569336,95.4800033569336,93.0199966430664,93.68000030517578,10610.0,0.0,0.0,
2022-10-04,93.76000213623048,95.6999969482422,93.0,95.48999786376952,24772.0,0.0,0.0,
2022-10-06,94.70999908447266,96.9499969482422,94.70999908447266,96.52999877929688,11161.0,0.0,0.0,
2022-10-07,97.69000244140624,97.69000244140624,95.8000030517578,96.19000244140624,9041.0,0.0,0.0,
2022-10-10,95.98999786376952,96.69000244140624,94.1999969482422,96.30999755859376,10307.0,0.0,0.0,
2022-10-11,97.0,97.0,94.61000061035156,95.11000061035156,5395.0,0.0,0.0,
2022-10-12,95.12000274658205,96.16999816894533,94.75,95.5500030517578,29225.0,0.0,0.0,
2022-10-13,96.4000015258789,97.3499984741211,94.91999816894533,95.8000030517578,12525.0,0.0,0.0,
2022-10-14,97.97000122070312,97.97000122070312,95.33000183105467,96.12999725341795,17786.0,0.0,0.0,
2022-10-17,96.88999938964844,96.88999938964844,95.83999633789062,95.94000244140624,11884.0,0.0,0.0,
2022-10-18,97.4000015258789,97.4000015258789,95.97000122070312,97.12000274658205,7000.0,0.0,0.0,
2022-10-19,97.97000122070312,97.97000122070312,96.01000213623048,96.66000366210938,23452.0,0.0,0.0,
2022-10-20,97.38999938964844,97.98999786376952,95.55999755859376,97.23999786376952,13407.0,0.0,0.0,
2022-10-21,97.98999786376952,98.0,97.20999908447266,97.31999969482422,10575.0,0.0,0.0,
2022-10-24,97.98999786376952,98.0,96.13999938964844,97.93000030517578,7960.0,0.0,0.0,
2022-10-25,97.94000244140624,98.0,96.22000122070312,96.94000244140624,8860.0,0.0,0.0,
2022-10-27,96.98999786376952,98.0,96.51000213623048,97.5199966430664,12681.0,0.0,0.0,
2022-10-28,97.94000244140624,97.98999786376952,97.5999984741211,97.86000061035156,3065.0,0.0,0.0,
2022-10-31,97.98999786376952,100.5,97.0199966430664,99.61000061035156,66134.0,0.0,0.0,
2022-11-01,100.2300033569336,100.4899978637695,99.5,100.3199996948242,20350.0,0.0,0.0,
2022-11-02,101.1900024414062,101.3499984741211,99.51000213623048,101.1999969482422,59270.0,0.0,0.0,
2022-11-03,101.2099990844727,101.4000015258789,100.0,100.7600021362305,18754.0,0.0,0.0,
2022-11-04,101.5999984741211,101.5999984741211,99.70999908447266,100.5500030517578,7157.0,0.0,0.0,
2022-11-07,101.6900024414062,101.6900024414062,99.6999969482422,100.6500015258789,14254.0,0.0,0.0,
2022-11-09,101.75,101.75,100.1999969482422,100.5800018310547,9362.0,0.0,0.0,
2022-11-10,101.4499969482422,101.4499969482422,98.70999908447266,100.1999969482422,6947.0,0.0,0.0,
2022-11-11,100.6100006103516,103.4700012207031,100.2099990844727,101.5800018310547,34213.0,0.0,0.0,
2022-11-14,102.3899993896484,102.3899993896484,101.0299987792969,101.7600021362305,7982.0,0.0,0.0,
2022-11-15,101.7600021362305,102.9899978637695,100.2099990844727,101.5400009155273,10465.0,0.0,0.0,
2022-11-16,102.5,102.5,101.0800018310547,102.0599975585938,91599.0,0.0,0.0,
2022-11-17,100.8099975585938,102.8899993896484,100.8099975585938,101.9199981689453,12993.0,0.0,0.0,
2022-11-18,102.8899993896484,102.8899993896484,100.8899993896484,101.5999984741211,11276.0,0.0,0.0,
2022-11-21,102.1999969482422,102.1999969482422,100.3099975585938,100.4100036621094,17123.0,0.0,0.0,
2022-11-22,100.5199966430664,102.5,100.4300003051758,101.5899963378906,100975.0,0.0,0.0,
2022-11-23,101.9400024414062,102.8000030517578,101.0599975585938,101.5100021362305,11703.0,0.0,0.0,
2022-11-24,102.4899978637695,103.0,101.3499984741211,102.6900024414062,98990.0,0.0,0.0,
2022-11-25,102.7600021362305,103.3899993896484,101.5800018310547,103.2099990844727,15745.0,0.0,0.0,
2022-11-28,103.7900009155273,103.7900009155273,102.9000015258789,103.1100006103516,14779.0,0.0,0.0,
2022-11-29,102.8899993896484,104.1699981689453,102.8899993896484,103.6900024414062,9017.0,0.0,0.0,
2022-11-30,104.5899963378906,104.9000015258789,102.5599975585938,104.4400024414062,9156.0,0.0,0.0,
2022-12-01,105.0,105.6900024414062,104.5100021362305,105.1800003051758,16897.0,0.0,0.0,
2022-12-02,105.1800003051758,105.8899993896484,104.2099990844727,104.9499969482422,19889.0,0.0,0.0,
2022-12-05,105.9000015258789,105.9000015258789,103.9300003051758,104.8499984741211,18239.0,0.0,0.0,
2022-12-06,104.8399963378906,104.8399963378906,103.8399963378906,104.2600021362305,10748.0,0.0,0.0,
2022-12-07,104.5800018310547,104.7900009155273,104.0899963378906,104.5100021362305,8076.0,0.0,0.0,
2022-12-08,105.5,106.9800033569336,103.5,104.5299987792969,10019.0,0.0,0.0,
2022-12-09,104.5400009155273,104.9599990844727,102.5299987792969,103.3000030517578,15550.0,0.0,0.0,
2022-12-12,104.0,104.0,102.0999984741211,102.8099975585938,17433.0,0.0,0.0,
2022-12-13,103.9499969482422,103.9499969482422,102.4499969482422,103.6900024414062,12687.0,0.0,0.0,
2022-12-14,114.9899978637695,114.9899978637695,102.0,104.3600006103516,12295.0,0.0,0.0,
2022-12-15,105.2399978637695,105.2399978637695,102.9000015258789,103.0,10583.0,0.0,0.0,
2022-12-16,102.1100006103516,102.9499969482422,100.2300033569336,101.0899963378906,19013.0,0.0,0.0,
2022-12-19,101.5100021362305,102.9899978637695,101.4599990844727,102.1399993896484,15558.0,0.0,0.0,
2022-12-20,102.8899993896484,102.9000015258789,100.1999969482422,101.8000030517578,214016.0,0.0,0.0,
2022-12-21,102.9400024414062,102.9400024414062,100.5,101.1399993896484,9655.0,0.0,0.0,
2022-12-22,102.4700012207031,102.4700012207031,100.9400024414062,101.3399963378906,9033.0,0.0,0.0,
2022-12-23,101.3399963378906,101.3399963378906,99.3000030517578,99.43000030517578,27743.0,0.0,0.0,
2022-12-26,101.4000015258789,101.4000015258789,99.25,100.3600006103516,9503.0,0.0,0.0,
2022-12-27,100.9899978637695,101.6399993896484,100.3600006103516,101.1500015258789,9016.0,0.0,0.0,
2022-12-28,101.7900009155273,105.5,100.5100021362305,101.629997253418,4720.0,0.0,0.0,
2022-12-29,101.9899978637695,101.9899978637695,100.370002746582,101.1900024414062,23229.0,0.0,0.0,
2022-12-30,102.3899993896484,102.3899993896484,100.1100006103516,100.9700012207031,9554.0,0.0,0.0,
2023-01-02,100.9700012207031,101.9700012207031,100.9700012207031,101.5199966430664,8351.0,0.0,0.0,
2023-01-03,100.9100036621094,102.0,100.9100036621094,101.7300033569336,7263.0,0.0,0.0,
2023-01-04,101.9000015258789,101.9000015258789,100.3000030517578,100.4100036621094,55075.0,0.0,0.0,
2023-01-05,101.0400009155273,101.4400024414062,100.2099990844727,100.6600036621094,46699.0,0.0,0.0,
2023-01-06,101.2099990844727,101.3000030517578,99.70999908447266,100.129997253418,11954.0,0.0,0.0,
2023-01-09,101.6999969482422,102.0500030517578,100.5800018310547,101.4100036621094,8775.0,0.0,0.0,
2023-01-10,101.2099990844727,101.5899963378906,100.7099990844727,101.4899978637695,10766.0,0.0,0.0,
2023-01-11,101.8399963378906,101.9899978637695,100.0999984741211,101.1500015258789,16930.0,0.0,0.0,
2023-01-12,100.120002746582,101.9899978637695,99.5999984741211,101.0199966430664,40966.0,0.0,0.0,
2023-01-13,102.4700012207031,102.4700012207031,100.1100006103516,101.9199981689453,7864.0,0.0,0.0,
2023-01-16,101.0100021362305,102.8899993896484,101.0100021362305,102.0299987792969,8968.0,0.0,0.0,
2023-01-17,102.7900009155273,103.5,102.5199966430664,103.3000030517578,11600.0,0.0,0.0,
2023-01-18,102.5599975585938,104.5,102.5599975585938,104.0100021362305,10284.0,0.0,0.0,
2023-01-19,104.0199966430664,104.1600036621094,103.5100021362305,103.8000030517578,3125.0,0.0,0.0,
2023-01-20,103.8000030517578,104.7399978637695,102.0,102.7900009155273,74353.0,0.0,0.0,
2023-01-23,103.1600036621094,104.2399978637695,102.8499984741211,103.9300003051758,18680.0,0.0,0.0,
2023-01-24,104.870002746582,104.870002746582,104.0100021362305,104.5199966430664,6453.0,0.0,0.0,
2023-01-25,104.0100021362305,104.4000015258789,103.3499984741211,104.1500015258789,11725.0,0.0,0.0,
2023-01-27,105.3000030517578,105.3000030517578,101.5,103.9400024414062,12557.0,0.0,0.0,
2023-01-30,103.9300003051758,104.4599990844727,102.8600006103516,103.5299987792969,33122.0,0.0,0.0,
2023-01-31,103.7699966430664,104.25,102.8000030517578,103.4700012207031,10011.0,0.0,0.0,
2023-02-01,104.0100021362305,104.9800033569336,102.0,103.0999984741211,19356.0,0.0,0.0,
2023-02-02,103.9499969482422,111.8499984741211,103.9499969482422,106.8199996948242,28514.0,0.0,0.0,
2023-02-03,105.0100021362305,107.9800033569336,105.0100021362305,106.3600006103516,17500.0,0.0,0.0,
2023-02-06,106.8199996948242,106.8199996948242,105.0,105.7200012207031,26176.0,0.0,0.0,
2023-02-07,105.8300018310547,105.8300018310547,104.4000015258789,104.7399978637695,10830.0,0.0,0.0,
2023-02-08,106.6999969482422,106.6999969482422,104.4499969482422,105.5299987792969,5895.0,0.0,0.0,
2023-02-09,105.5100021362305,106.4300003051758,105.0400009155273,105.870002746582,4539.0,0.0,0.0,
2023-02-10,105.7200012207031,105.7200012207031,104.8499984741211,105.4499969482422,5919.0,0.0,0.0,
2023-02-13,106.5999984741211,106.5999984741211,104.5,105.0,16972.0,0.0,0.0,
2023-02-14,106.4700012207031,106.4700012207031,105.1800003051758,105.879997253418,11950.0,0.0,0.0,
2023-02-15,105.8899993896484,106.1500015258789,104.9700012207031,106.0100021362305,8367.0,0.0,0.0,
2023-02-16,107.0500030517578,107.0999984741211,106.4000015258789,106.5299987792969,3641.0,0.0,0.0,
2023-02-17,106.3899993896484,106.870002746582,106.0299987792969,106.5500030517578,10380.0,0.0,0.0,
2023-02-20,107.8000030517578,107.8000030517578,106.0100021362305,106.2900009155273,15612.0,0.0,0.0,
2023-02-21,106.9100036621094,107.0599975585938,105.5500030517578,105.620002746582,10032.0,0.0,0.0,
2023-02-22,105.2900009155273,106.9700012207031,104.5100021362305,105.5299987792969,14156.0,0.0,0.0,
2023-02-23,106.4899978637695,106.7900009155273,105.0,105.2900009155273,8266.0,0.0,0.0,
2023-02-24,105.4899978637695,105.9899978637695,104.4100036621094,104.8099975585938,12014.0,0.0,0.0,
2023-02-27,104.8099975585938,106.5,102.9199981689453,103.3399963378906,32738.0,0.0,0.0,
2023-02-28,104.3000030517578,104.3000030517578,101.9400024414062,102.4300003051758,16220.0,0.0,0.0,
2023-03-01,102.7600021362305,107.9899978637695,102.3300018310547,105.5800018310547,84915.0,0.0,0.0,
2023-03-02,105.3000030517578,105.3000030517578,102.2099990844727,102.870002746582,28921.0,0.0,0.0,
2023-03-03,104.4800033569336,104.5199966430664,103.0299987792969,103.9499969482422,18790.0,0.0,0.0,
2023-03-06,105.2399978637695,105.3899993896484,103.8600006103516,104.8600006103516,10184.0,0.0,0.0,
2023-03-08,105.5899963378906,105.9899978637695,103.2600021362305,105.0800018310547,27898.0,0.0,0.0,
2023-03-09,105.0800018310547,105.2900009155273,103.75,103.9700012207031,12627.0,0.0,0.0,
2023-03-10,104.6900024414062,104.6900024414062,102.5999984741211,103.7399978637695,7570.0,0.0,0.0,
2023-03-13,104.6900024414062,104.6900024414062,102.1800003051758,102.5500030517578,12658.0,0.0,0.0,
2023-03-14,103.4899978637695,103.4899978637695,101.1600036621094,101.7399978637695,15076.0,0.0,0.0,
2023-03-15,102.0599975585938,102.8300018310547,101.1500015258789,101.5,12491.0,0.0,0.0,
2023-03-16,102.3899993896484,104.9899978637695,100.6100006103516,102.129997253418,13400.0,0.0,0.0,
2023-03-17,102.2900009155273,104.3399963378906,101.5400009155273,103.2399978637695,19381.0,0.0,0.0,
2023-03-20,103.1600036621094,103.5,100.4599990844727,102.4300003051758,29505.0,0.0,0.0,
2023-03-21,103.5999984741211,103.5999984741211,100.8000030517578,101.0500030517578,11680.0,0.0,0.0,
2023-03-22,101.9000015258789,102.7799987792969,100.0400009155273,101.0999984741211,120547.0,0.0,0.0,
2023-03-23,100.5100021362305,101.25,100.2099990844727,100.9899978637695,10659.0,0.0,0.0,
2023-03-24,100.0100021362305,101.8899993896484,100.0100021362305,100.4000015258789,11496.0,0.0,0.0,
2023-03-27,100.4000015258789,108.0,97.8000030517578,99.5500030517578,145238.0,0.0,0.0,
2023-03-28,100.2099990844727,102.0,99.91000366210938,100.4800033569336,25178.0,0.0,0.0,
2023-03-29,100.3199996948242,101.2399978637695,99.5,100.620002746582,16534.0,0.0,0.0,
2023-03-31,101.5899963378906,103.6900024414062,101.370002746582,102.5899963378906,13085.0,0.0,0.0,
2023-04-03,103.9400024414062,103.9400024414062,101.1100006103516,102.370002746582,16193.0,0.0,0.0,
2023-04-05,103.5,104.5,100.5100021362305,103.8099975585938,36214.0,0.0,0.0,
2023-04-06,103.8000030517578,103.8000030517578,102.3399963378906,103.0999984741211,27586.0,0.0,0.0,
2023-04-10,103.0999984741211,104.0,102.5999984741211,103.2300033569336,58590.0,0.0,0.0,
2023-04-11,104.1500015258789,104.3000030517578,103.2099990844727,103.9199981689453,65610.0,0.0,0.0,
2023-04-12,103.9199981689453,104.1900024414062,103.3300018310547,104.0,8600.0,0.0,0.0,
2023-04-13,104.9899978637695,104.9899978637695,103.0,103.6800003051758,18917.0,0.0,0.0,
2023-04-17,103.6900024414062,103.6900024414062,101.0,101.9000015258789,15595.0,0.0,0.0,
2023-04-18,101.9100036621094,101.9899978637695,101.5,101.6600036621094,7985.0,0.0,0.0,
2023-04-19,101.6600036621094,102.0,100.5199966430664,100.8600006103516,9835.0,0.0,0.0,
2023-04-20,101.0,101.4899978637695,100.5,100.6900024414062,10502.0,0.0,0.0,
2023-04-21,101.3600006103516,101.7399978637695,100.6900024414062,101.0400009155273,6717.0,0.0,0.0,
2023-04-24,101.4499969482422,102.3199996948242,100.8099975585938,101.9700012207031,5538.0,0.0,0.0,
2023-04-25,101.9700012207031,102.4000015258789,100.7799987792969,101.6800003051758,4638.0,0.0,0.0,
2023-04-26,102.5999984741211,104.75,101.1800003051758,101.8000030517578,4246.0,0.0,0.0,
2023-04-27,102.0,102.5599975585938,101.8099975585938,102.4100036621094,6954.0,0.0,0.0,
2023-04-28,102.1399993896484,103.3600006103516,102.1399993896484,103.2399978637695,3500.0,0.0,0.0,
2023-05-02,103.9400024414062,104.6800003051758,103.2399978637695,104.5400009155273,15552.0,0.0,0.0,
2023-05-03,105.2399978637695,105.2399978637695,103.2399978637695,104.2900009155273,11099.0,0.0,0.0,
2023-05-04,104.2900009155273,104.4899978637695,103.7300033569336,104.3300018310547,9020.0,0.0,0.0,
2023-05-05,104.3399963378906,104.7399978637695,103.7200012207031,104.3499984741211,5381.0,0.0,0.0,
2023-05-08,105.25,105.3000030517578,104.2099990844727,104.7099990844727,9653.0,0.0,0.0,
2023-05-09,104.6600036621094,105.25,104.4100036621094,104.6600036621094,8067.0,0.0,0.0,
2023-05-10,105.4899978637695,105.4899978637695,104.4499969482422,105.3000030517578,7538.0,0.0,0.0,
2023-05-11,105.4899978637695,105.620002746582,104.6500015258789,104.9300003051758,9284.0,0.0,0.0,
2023-05-12,105.6999969482422,105.6999969482422,104.1999969482422,104.8000030517578,3214.0,0.0,0.0,
2023-05-15,105.6900024414062,105.6900024414062,104.1600036621094,105.1900024414062,6952.0,0.0,0.0,
2023-05-16,105.4899978637695,105.6999969482422,104.8000030517578,105.0199966430664,3927.0,0.0,0.0,
2023-05-17,105.8899993896484,105.8899993896484,104.0,104.2200012207031,4246.0,0.0,0.0,
2023-05-18,104.5299987792969,105.0999984741211,103.879997253418,104.2200012207031,13668.0,0.0,0.0,
2023-05-19,104.0999984741211,104.6600036621094,103.3099975585938,104.5199966430664,13529.0,0.0,0.0,
2023-05-22,105.4899978637695,106.0,104.0999984741211,105.5299987792969,6674.0,0.0,0.0,
2023-05-23,106.4899978637695,106.4899978637695,105.3499984741211,105.4899978637695,6520.0,0.0,0.0,
2023-05-24,105.7300033569336,106.3099975585938,105.1500015258789,105.75,7380.0,0.0,0.0,
2023-05-25,106.0,106.4700012207031,104.5199966430664,105.7699966430664,7268.0,0.0,0.0,
2023-05-26,106.4499969482422,106.7900009155273,105.8499984741211,106.6500015258789,8399.0,0.0,0.0,
2023-05-29,107.7399978637695,107.8499984741211,107.0,107.5100021362305,9486.0,0.0,0.0,
2023-05-30,108.3000030517578,108.3000030517578,106.7600021362305,107.379997253418,6505.0,0.0,0.0,
2023-05-31,107.120002746582,107.9800033569336,106.9199981689453,107.120002746582,4605.0,0.0,0.0,
2023-06-01,107.9899978637695,108.0,106.9100036621094,107.0100021362305,6776.0,0.0,0.0,
2023-06-02,108.0,108.0,107.0500030517578,107.870002746582,7263.0,0.0,0.0,
2023-06-05,107.879997253418,108.3099975585938,107.5100021362305,108.0400009155273,11092.0,0.0,0.0,
2023-06-06,108.9400024414062,108.9400024414062,106.5100021362305,107.2699966430664,9374.0,0.0,0.0,
2023-06-07,107.9899978637695,107.9899978637695,106.8499984741211,107.6100006103516,10250.0,0.0,0.0,
2023-06-08,108.5400009155273,108.5400009155273,107.5100021362305,107.7900009155273,5666.0,0.0,0.0,
2023-06-09,107.7900009155273,107.8899993896484,106.3000030517578,106.5800018310547,8486.0,0.0,0.0,
2023-06-12,107.5,108.0,106.4300003051758,107.879997253418,9391.0,0.0,0.0,
2023-06-13,107.0100021362305,108.7900009155273,107.0100021362305,108.0899963378906,5720.0,0.0,0.0,
2023-06-14,108.5699996948242,108.7300033569336,107.6999969482422,108.1500015258789,9346.0,0.0,0.0,
2023-06-15,108.1399993896484,108.9000015258789,107.8399963378906,107.9899978637695,6401.0,0.0,0.0,
2023-06-16,108.0,108.9000015258789,107.7200012207031,108.2300033569336,7262.0,0.0,0.0,
2023-06-19,109.1900024414062,109.1900024414062,108.1399993896484,108.3399963378906,7428.0,0.0,0.0,
2023-06-20,108.3399963378906,109.4400024414062,108.0100021362305,109.1600036621094,5813.0,0.0,0.0,
2023-06-21,109.0,109.5699996948242,108.5,108.7200012207031,6898.0,0.0,0.0,
2023-06-22,108.0100021362305,109.1399993896484,108.0100021362305,108.25,6864.0,0.0,0.0,
2023-06-23,108.4700012207031,108.4700012207031,107.2099990844727,107.9000015258789,17574.0,0.0,0.0,
2023-06-26,107.0100021362305,108.370002746582,107.0100021362305,108.0899963378906,17751.0,0.0,0.0,
2023-06-27,107.7300033569336,108.3199996948242,107.5,107.9000015258789,12982.0,0.0,0.0,
2023-06-28,108.9000015258789,108.9899978637695,107.629997253418,108.2099990844727,6997.0,0.0,0.0,
2023-06-30,108.8199996948242,110.75,108.2600021362305,110.0599975585938,14284.0,0.0,0.0,
2023-07-03,111.0999984741211,111.4800033569336,110.0999984741211,110.6100006103516,11697.0,0.0,0.0,
2023-07-04,111.1999969482422,111.5899963378906,110.3300018310547,111.0800018310547,11882.0,0.0,0.0,
2023-07-05,109.2600021362305,112.4899978637695,109.2600021362305,112.1999969482422,10205.0,0.0,0.0,
2023-07-06,112.9700012207031,113.1900024414062,112.0899963378906,113.0899963378906,8309.0,0.0,0.0,
2023-07-07,112.8600006103516,113.3099975585938,111.6600036621094,111.8600006103516,18190.0,0.0,0.0,
2023-07-10,112.9000015258789,112.9000015258789,109.5999984741211,110.9599990844727,14305.0,0.0,0.0,
2023-07-11,111.8899993896484,112.0599975585938,110.5500030517578,111.5100021362305,10443.0,0.0,0.0,
2023-07-12,112.4899978637695,112.9700012207031,110.8099975585938,111.3199996948242,27315.0,0.0,0.0,
2023-07-13,112.7699966430664,112.9899978637695,111.2900009155273,111.9300003051758,6481.0,0.0,0.0,
2023-07-14,110.9899978637695,114.9700012207031,110.9000015258789,113.879997253418,13735.0,0.0,0.0,
2023-07-17,114.9499969482422,114.9899978637695,112.4800033569336,114.129997253418,15509.0,0.0,0.0,
2023-07-18,113.0,114.9599990844727,113.0,114.4800033569336,15048.0,0.0,0.0,
2023-07-19,114.8199996948242,115.0,114.3199996948242,114.9700012207031,7294.0,0.0,0.0,
2023-07-20,114.3499984741211,115.6800003051758,113.7300033569336,115.6100006103516,21605.0,0.0,0.0,
2023-07-21,116.2900009155273,116.2900009155273,112.5500030517578,112.9700012207031,26480.0,0.0,0.0,
2023-07-24,113.9000015258789,113.9000015258789,111.8000030517578,112.0400009155273,18881.0,0.0,0.0,
2023-07-25,113.1900024414062,113.1900024414062,111.1100006103516,112.4100036621094,17901.0,0.0,0.0,
2023-07-26,111.4800033569336,113.0599975585938,111.4599990844727,112.8399963378906,12741.0,0.0,0.0,
2023-07-27,112.8499984741211,113.870002746582,111.0999984741211,112.3099975585938,16063.0,0.0,0.0,
2023-07-28,111.4700012207031,112.6900024414062,111.4199981689453,112.3199996948242,19012.0,0.0,0.0,
2023-07-31,112.3199996948242,113.4300003051758,112.3199996948242,113.1399993896484,5461.0,0.0,0.0,
2023-08-01,113.1900024414062,114.4499969482422,113.1600036621094,114.3300018310547,12138.0,0.0,0.0,
2023-08-02,114.9499969482422,114.9499969482422,112.5,113.0500030517578,11175.0,0.0,0.0,
2023-08-03,113.5999984741211,113.5999984741211,111.6999969482422,112.3099975585938,8227.0,0.0,0.0,
2023-08-04,113.4700012207031,113.4700012207031,111.9899978637695,112.879997253418,6959.0,0.0,0.0,
2023-08-07,113.9700012207031,113.9700012207031,112.2399978637695,112.9800033569336,10775.0,0.0,0.0,
2023-08-08,113.9499969482422,113.9499969482422,112.3399963378906,113.3399963378906,9473.0,0.0,0.0,
2023-08-09,113.9899978637695,113.9899978637695,112.6100006103516,113.6399993896484,17044.0,0.0,0.0,
2023-08-10,113.3499984741211,114.7399978637695,113.0100021362305,113.9499969482422,8547.0,0.0,0.0,
2023-08-11,112.6999969482422,113.6999969482422,112.6999969482422,113.120002746582,7063.0,0.0,0.0,
2023-08-14,114.0,115.3000030517578,111.5999984741211,112.9000015258789,14286.0,0.0,0.0,
2023-08-16,114.4700012207031,114.4700012207031,112.5999984741211,112.9599990844727,6961.0,0.0,0.0,
2023-08-17,112.9599990844727,113.6100006103516,110.75,112.6100006103516,5324.0,0.0,0.0,
2023-08-18,113.3899993896484,113.3899993896484,110.5,111.0800018310547,9232.0,0.0,0.0,
2023-08-21,112.6999969482422,112.8600006103516,111.1600036621094,112.8199996948242,11102.0,0.0,0.0,
2023-08-22,111.5100021362305,113.7900009155273,111.5100021362305,112.6699981689453,6741.0,0.0,0.0,
2023-08-23,112.0,113.3899993896484,112.0,113.0299987792969,8249.0,0.0,0.0,
2023-08-24,113.0899963378906,113.9599990844727,112.6100006103516,112.8899993896484,7758.0,0.0,0.0,
2023-08-25,113.3899993896484,113.3899993896484,111.8099975585938,112.0100021362305,11679.0,0.0,0.0,
2023-08-28,112.0999984741211,113.1900024414062,110.0100021362305,112.120002746582,21813.0,0.0,0.0,
2023-08-29,111.75,112.879997253418,111.75,112.4199981689453,6902.0,0.0,0.0,
2023-08-30,112.120002746582,113.7699966430664,112.120002746582,112.9199981689453,4697.0,0.0,0.0,
2023-08-31,114.2399978637695,114.2399978637695,111.0,112.620002746582,15609.0,0.0,0.0,
2023-09-01,113.1100006103516,114.1999969482422,112.0599975585938,114.1100006103516,15515.0,0.0,0.0,
2023-09-04,114.9899978637695,115.1600036621094,112.5999984741211,114.7699966430664,12623.0,0.0,0.0,
2023-09-05,115.9700012207031,115.9700012207031,112.6999969482422,115.4000015258789,20763.0,0.0,0.0,
2023-09-06,116.0,116.0,113.0999984741211,115.1900024414062,142958.0,0.0,0.0,
2023-09-07,115.8899993896484,115.8899993896484,115.1999969482422,115.4700012207031,13124.0,0.0,0.0,
2023-09-08,114.0,116.4800033569336,114.0,116.0899963378906,15837.0,0.0,0.0,
2023-09-11,115.7699966430664,117.4899978637695,115.7600021362305,116.9700012207031,17376.0,0.0,0.0,
2023-09-12,116.8899993896484,117.4499969482422,115.0,117.2200012207031,25803.0,0.0,0.0,
2023-09-13,115.4800033569336,117.9499969482422,115.4800033569336,117.5599975585938,5401.0,0.0,0.0,
2023-09-14,116.4899978637695,118.8099975585938,116.4899978637695,117.870002746582,117356.0,0.0,0.0,
2023-09-15,118.0,118.8000030517578,118.0,118.2699966430664,11837.0,0.0,0.0,
2023-09-18,118.7900009155273,118.9000015258789,117.0,118.4499969482422,11469.0,0.0,0.0,
2023-09-20,118.9000015258789,118.9000015258789,117.6999969482422,118.2099990844727,37757.0,0.0,0.0,
2023-09-21,118.2099990844727,119.5,117.1100006103516,118.5299987792969,7974.0,0.0,0.0,
2023-09-22,118.4800033569336,118.4800033569336,116.0,118.2799987792969,10171.0,0.0,0.0,
2023-09-25,119.3899993896484,119.3899993896484,116.7600021362305,117.4599990844727,27262.0,0.0,0.0,
2023-09-26,116.6500015258789,117.4800033569336,116.6500015258789,117.2799987792969,5268.0,0.0,0.0,
2023-09-27,118.2900009155273,118.2900009155273,116.1699981689453,117.6800003051758,7800.0,0.0,0.0,
2023-09-28,117.6800003051758,118.9100036621094,116.0,116.1800003051758,11100.0,0.0,0.0,
2023-09-29,116.1500015258789,117.8099975585938,116.0,116.3000030517578,7166.0,0.0,0.0,
2023-10-03,116.0100021362305,117.870002746582,115.6100006103516,115.9400024414062,25111.0,0.0,0.0,
2023-10-04,118.2600021362305,118.2600021362305,114.0,115.0699996948242,12757.0,0.0,0.0,
2023-10-05,114.3000030517578,117.9700012207031,114.3000030517578,115.9199981689453,13945.0,0.0,0.0,
2023-10-06,116.8899993896484,116.8899993896484,114.5,116.7900009155273,10538.0,0.0,0.0,
2023-10-09,117.4899978637695,117.4899978637695,114.5,116.5699996948242,9295.0,0.0,0.0,
2023-10-10,117.9700012207031,117.9700012207031,116.2900009155273,117.5500030517578,4893.0,0.0,0.0,
2023-10-11,118.5999984741211,118.5999984741211,116.6900024414062,118.1699981689453,16186.0,0.0,0.0,
2023-10-12,118.0,119.3300018310547,116.8000030517578,117.2200012207031,11851.0,0.0,0.0,
2023-10-13,116.4000015258789,117.6999969482422,116.4000015258789,117.2600021362305,14039.0,0.0,0.0,
2023-10-16,117.2600021362305,118.0100021362305,116.75,117.5500030517578,73299.0,0.0,0.0,
2023-10-17,118.0,118.7799987792969,117.1500015258789,118.1500015258789,49794.0,0.0,0.0,
2023-10-18,118.9000015258789,118.9000015258789,117.5199966430664,117.629997253418,4811.0,0.0,0.0,
2023-10-19,117.129997253418,117.4100036621094,116.1999969482422,117.3000030517578,28248.0,0.0,0.0,
2023-10-20,116.0,116.8499984741211,115.0,115.5100021362305,13999.0,0.0,0.0,
2023-10-23,116.1699981689453,116.5,114.3000030517578,114.7799987792969,11900.0,0.0,0.0,
2023-10-25,114.7799987792969,115.5500030517578,112.6800003051758,113.9899978637695,17209.0,0.0,0.0,
2023-10-26,113.9800033569336,114.9000015258789,112.3600006103516,113.3399963378906,22574.0,0.0,0.0,
2023-10-27,114.4899978637695,114.4899978637695,113.0100021362305,113.9100036621094,7005.0,0.0,0.0,
2023-10-30,117.3499984741211,119.0500030517578,113.0100021362305,114.1699981689453,9960.0,0.0,0.0,
2023-10-31,114.1600036621094,114.1600036621094,113.1900024414062,113.8000030517578,11771.0,0.0,0.0,
2023-11-01,113.7099990844727,113.9899978637695,112.9100036621094,113.1600036621094,13072.0,0.0,0.0,
2023-11-02,113.3099975585938,119.0,113.3000030517578,114.6500015258789,9932.0,0.0,0.0,
2023-11-03,115.9700012207031,119.1999969482422,114.0599975585938,116.9499969482422,11787.0,0.0,0.0,
2023-11-06,118.6999969482422,118.6999969482422,115.0899963378906,115.620002746582,36790.0,0.0,0.0,
2023-11-07,116.9700012207031,116.9700012207031,115.0899963378906,115.5800018310547,11782.0,0.0,0.0,
2023-11-08,115.0,116.7900009155273,115.0,115.8000030517578,8278.0,0.0,0.0,
2023-11-09,115.7099990844727,115.8399963378906,115.0,115.2200012207031,11717.0,0.0,0.0,
2023-11-10,117.4000015258789,118.0,114.4199981689453,115.4000015258789,10739.0,0.0,0.0,
2023-11-13,116.0199966430664,116.1399993896484,115.0800018310547,115.8000030517578,10259.0,0.0,0.0,
2023-11-15,115.8000030517578,118.120002746582,115.8000030517578,117.3000030517578,35155.0,0.0,0.0,
2023-11-16,117.5,118.8899993896484,116.5,118.25,33185.0,0.0,0.0,
2023-11-17,117.0,119.25,117.0,118.75,17252.0,0.0,0.0,
2023-11-20,118.0,119.379997253418,118.0,119.0599975585938,9291.0,0.0,0.0,
2023-11-21,119.4000015258789,119.4000015258789,118.5999984741211,118.9300003051758,7841.0,0.0,0.0,
2023-11-22,116.8000030517578,119.6600036621094,116.8000030517578,119.4199981689453,7169.0,0.0,0.0,
2023-11-23,120.7399978637695,120.7399978637695,119.3300018310547,119.8199996948242,13036.0,0.0,0.0,
2023-11-24,119.8199996948242,120.1999969482422,118.9899978637695,119.25,9604.0,0.0,0.0,
2023-11-28,122.8499984741211,122.8499984741211,117.8000030517578,119.2699966430664,19676.0,0.0,0.0,
2023-11-29,120.5699996948242,120.5699996948242,118.7900009155273,120.2600021362305,9861.0,0.0,0.0,
2023-11-30,120.3000030517578,120.9700012207031,119.8600006103516,120.4300003051758,9919.0,0.0,0.0,
2023-12-01,120.4300003051758,122.0,120.4300003051758,121.5299987792969,20928.0,0.0,0.0,
2023-12-04,122.1800003051758,124.0,122.1800003051758,123.3499984741211,36280.0,0.0,0.0,
2023-12-05,123.4499969482422,123.5,122.1699981689453,123.0100021362305,21321.0,0.0,0.0,
2023-12-06,122.9899978637695,124.2900009155273,122.9899978637695,123.9800033569336,25999.0,0.0,0.0,
2023-12-07,124.0,124.620002746582,123.5100021362305,123.7799987792969,16538.0,0.0,0.0,
2023-12-08,123.7799987792969,124.75,123.2900009155273,123.5999984741211,12701.0,0.0,0.0,
2023-12-11,124.5899963378906,124.5899963378906,122.3000030517578,124.4300003051758,12664.0,0.0,0.0,
2023-12-12,124.7900009155273,124.9899978637695,124.0299987792969,124.1699981689453,8646.0,0.0,0.0,
2023-12-13,124.6999969482422,124.6999969482422,123.0,123.870002746582,12072.0,0.0,0.0,
2023-12-14,124.1500015258789,126.6800003051758,124.1500015258789,126.2600021362305,27749.0,0.0,0.0,
2023-12-15,126.9000015258789,129.6600036621094,126.7099990844727,128.8899993896484,19215.0,0.0,0.0,
2023-12-18,129.1900024414062,134.0,128.2700042724609,129.3800048828125,25508.0,0.0,0.0,
2023-12-19,130.8800048828125,130.8800048828125,127.1999969482422,128.0700073242188,14774.0,0.0,0.0,
2023-12-20,129.0,130.5099945068359,126.8000030517578,127.2200012207031,26093.0,0.0,0.0,
2023-12-21,124.6800003051758,127.9899978637695,124.6800003051758,127.7600021362305,10531.0,0.0,0.0,
2023-12-22,128.9900054931641,129.5,127.5100021362305,129.3800048828125,23069.0,0.0,0.0,
2023-12-26,130.9799957275391,135.3800048828125,128.3099975585938,130.8399963378906,23069.0,0.0,0.0,
2023-12-27,132.3699951171875,140.3200073242188,130.0,135.3000030517578,48387.0,0.0,0.0,
2023-12-28,133.9900054931641,136.0,130.3099975585938,131.8800048828125,67083.0,0.0,0.0,
2023-12-29,132.9700012207031,134.9299926757812,130.3999938964844,131.5200042724609,19481.0,0.0,0.0,
2024-01-01,131.75,133.8000030517578,130.3399963378906,132.7700042724609,11514.0,0.0,0.0,
2024-01-02,133.9400024414062,133.9400024414062,130.7100067138672,133.1499938964844,15236.0,0.0,0.0,
2024-01-03,133.6900024414062,135.8600006103516,129.6600036621094,129.9700012207031,44419.0,0.0,0.0,
2024-01-04,131.8899993896484,132.5899963378906,129.7100067138672,130.5299987792969,14477.0,0.0,0.0,
2024-01-05,130.75,132.4700012207031,130.1000061035156,130.6999969482422,25699.0,0.0,0.0,
2024-01-08,127.6999969482422,132.3899993896484,126.8000030517578,129.3500061035156,28855.0,0.0,0.0,
2024-01-09,130.1199951171875,130.6900024414062,128.9600067138672,129.9299926757812,12194.0,0.0,0.0,
2024-01-10,129.0500030517578,131.1100006103516,128.5800018310547,130.0,12491.0,0.0,0.0,
2024-01-11,128.1000061035156,132.0,128.1000061035156,130.0,6351.0,0.0,0.0,
2024-01-12,129.5099945068359,132.8000030517578,129.5099945068359,131.8200073242188,31129.0,0.0,0.0,
2024-01-15,132.8899993896484,134.6499938964844,132.8899993896484,134.0099945068359,31083.0,0.0,0.0,
2024-01-16,133.3099975585938,134.5800018310547,131.3999938964844,132.5800018310547,16235.0,0.0,0.0,
2024-01-17,132.0,134.0,131.9900054931641,132.7100067138672,26354.0,0.0,0.0,
2024-01-18,134.6000061035156,137.1999969482422,131.0,133.8300018310547,19255.0,0.0,0.0,
2024-01-19,133.9799957275391,134.8899993896484,132.3200073242188,133.6600036621094,8881.0,0.0,0.0,
2024-01-23,134.0899963378906,139.1999969482422,131.75,132.8600006103516,48040.0,0.0,0.0,
2024-01-24,132.8699951171875,135.8300018310547,132.8699951171875,135.0200042724609,11593.0,0.0,0.0,
2024-01-25,133.8399963378906,136.0,133.3399963378906,135.3699951171875,9724.0,0.0,0.0,
2024-01-29,136.3000030517578,139.6999969482422,134.5099945068359,137.3399963378906,19401.0,0.0,0.0,
2024-01-30,135.0599975585938,140.9199981689453,135.0599975585938,139.1699981689453,20056.0,0.0,0.0,
2024-01-31,138.5,139.4199981689453,134.8999938964844,135.7200012207031,89073.0,0.0,0.0,
2024-02-01,137.6900024414062,138.0,134.8999938964844,135.2299957275391,25084.0,0.0,0.0,
2024-02-02,136.2400054931641,137.9700012207031,135.2299957275391,136.8300018310547,37056.0,0.0,0.0,
2024-02-05,138.1900024414062,138.4900054931641,135.2100067138672,137.3099975585938,29148.0,0.0,0.0,
2024-02-06,137.9900054931641,138.9900054931641,135.4900054931641,138.0599975585938,19742.0,0.0,0.0,
2024-02-07,138.4900054931641,138.9799957275391,137.3000030517578,138.1300048828125,33862.0,0.0,0.0,
2024-02-08,138.8800048828125,141.5,137.3600006103516,138.0599975585938,25147.0,0.0,0.0,
2024-02-09,138.0599975585938,139.6000061035156,135.8300018310547,137.8200073242188,15356.0,0.0,0.0,
2024-02-12,138.3800048828125,138.3800048828125,136.4900054931641,137.0399932861328,19960.0,0.0,0.0,
2024-02-13,134.3000030517578,138.7899932861328,134.3000030517578,138.0399932861328,19242.0,0.0,0.0,
2024-02-14,137.9900054931641,138.6699981689453,135.2799987792969,138.4400024414062,19058.0,0.0,0.0,
2024-02-15,138.9799957275391,139.3699951171875,137.0,138.4799957275391,107881.0,0.0,0.0,
2024-02-16,135.7100067138672,139.7899932861328,135.7100067138672,139.3000030517578,22078.0,0.0,0.0,
2024-02-19,140.7799987792969,140.7799987792969,139.4100036621094,140.4199981689453,11799.0,0.0,0.0,
2024-02-20,140.8000030517578,140.9900054931641,138.1999969482422,139.6000061035156,17866.0,0.0,0.0,
2024-02-22,138.5099945068359,140.5800018310547,138.9100036621094,139.4900054931641,3511.0,0.0,0.0,
2024-02-21,138.50999450683594,139.99000549316406,138.5,139.0800018310547,7329.0,0.0,0.0,
2024-02-23,140.8000030517578,142.5500030517578,140.10000610351562,141.14999389648438,37049.0,0.0,0.0,
2024-02-26,141.0,142.77999877929688,139.72999572753906,140.27000427246094,12194.0,0.0,0.0,
2024-02-27,139.75,140.97999572753906,139.52000427246094,140.08999633789062,12851.0,0.0,0.0,
2024-02-28,140.1999969482422,140.83999633789062,139.3800048828125,139.6999969482422,9360.0,0.0,0.0,
2024-02-29,139.5,145.6999969482422,137.50999450683594,139.49000549316406,32644.0,0.0,0.0,
2024-03-01,139.5,143.8000030517578,139.5,141.1999969482422,11164.0,0.0,0.0,
2024-03-04,142.6699981689453,144.3000030517578,140.3300018310547,140.9600067138672,26165.0,0.0,0.0,
2024-03-05,136.74000549316406,141.99000549316406,136.74000549316406,141.25,87964.0,0.0,0.0,
2024-03-06,143.99000549316406,143.99000549316406,139.0,140.5800018310547,111450.0,0.0,0.0,
2024-03-07,140.74000549316406,141.9600067138672,140.63999938964844,141.25999450683594,15703.0,0.0,0.0,
2024-03-11,143.47999572753906,143.49000549316406,140.02999877929688,141.44000244140625,38789.0,0.0,0.0,
2024-03-12,141.0399932861328,141.99000549316406,138.1999969482422,139.52999877929688,29103.0,0.0,0.0,
2024-03-13,140.5500030517578,145.4499969482422,138.52000427246094,141.9199981689453,29386.0,0.0,0.0,
2024-03-14,141.8699951171875,143.5,138.0500030517578,139.9199981689453,309850.0,0.0,0.0,
2024-03-15,138.47000122070312,146.5800018310547,138.47000122070312,141.97000122070312,13030.0,0.0,0.0,
2024-03-18,141.97000122070312,141.97999572753906,139.6999969482422,140.88999938964844,11521.0,0.0,0.0,
2024-03-19,138.05999755859375,141.97999572753906,136.0,136.16000366210938,69541.0,0.0,0.0,
2024-03-20,137.9600067138672,137.9600067138672,135.38999938964844,136.35000610351562,16590.0,0.0,0.0,
2024-03-21,137.99000549316406,138.47999572753906,137.10000610351562,137.64999389648438,31963.0,0.0,0.0,
2024-03-22,139.72999572753906,139.72999572753906,135.5500030517578,137.24000549316406,23749.0,0.0,0.0,
2024-03-26,137.5,138.47000122070312,136.5,136.8699951171875,16869.0,0.0,0.0,
2024-03-27,136.8699951171875,138.47000122070312,136.8699951171875,137.61000061035156,10549.0,0.0,0.0,
2024-03-28,137.19000244140625,139.89999389648438,137.11000061035156,139.32000732421875,13893.0,0.0,0.0,
2024-04-01,139.58999633789062,141.0,138.13999938964844,140.4600067138672,24576.0,0.0,0.0,
2024-04-02,140.99000549316406,141.4499969482422,137.6300048828125,138.42999267578125,60511.0,0.0,0.0,
2024-04-03,137.82000732421875,141.5,137.6699981689453,138.58999633789062,75103.0,0.0,0.0,
2024-04-04,138.02999877929688,139.99000549316406,137.47999572753906,138.55999755859375,35563.0,0.0,0.0,
2024-04-05,138.5500030517578,139.39999389648438,136.02999877929688,138.41000366210938,28212.0,0.0,0.0,
2024-04-08,139.5399932861328,139.99000549316406,138.00999450683594,139.05999755859375,22002.0,0.0,0.0,
2024-04-09,139.11000061035156,140.88999938964844,139.11000061035156,139.83999633789062,20603.0,0.0,0.0,
2024-04-10,139.80999755859375,140.89999389648438,138.91000366210938,140.19000244140625,45144.0,0.0,0.0,
2024-04-12,141.1999969482422,141.3000030517578,138.82000732421875,140.1699981689453,18062.0,0.0,0.0,
2024-04-15,139.88999938964844,142.49000549316406,137.39999389648438,139.10000610351562,40139.0,0.0,0.0,
2024-04-16,139.88999938964844,139.88999938964844,136.89999389648438,137.22999572753906,49105.0,0.0,0.0,
2024-04-18,137.97999572753906,139.8800048828125,134.92999267578125,135.3000030517578,40466.0,0.0,0.0,
2024-04-19,136.10000610351562,138.0,131.11000061035156,135.94000244140625,59074.0,0.0,0.0,
2024-04-22,136.99000549316406,137.35000610351562,135.39999389648438,136.88999938964844,67326.0,0.0,0.0,
2024-04-23,136.60000610351562,138.3800048828125,136.60000610351562,138.10000610351562,7797.0,0.0,0.0,
2024-04-24,139.67999267578125,139.67999267578125,137.8000030517578,138.25,9696.0,0.0,0.0,
2024-04-25,137.00999450683594,139.89999389648438,137.0,139.57000732421875,20397.0,0.0,0.0,
2024-04-26,140.97000122070312,140.97000122070312,139.60000610351562,139.80999755859375,7748.0,0.0,0.0,
2024-04-29,140.97999572753906,140.99000549316406,139.39999389648438,140.25999450683594,10715.0,0.0,0.0,
2024-04-30,139.02000427246094,141.64999389648438,139.00999450683594,140.5399932861328,15510.0,0.0,0.0,
2024-05-02,140.97999572753906,141.39999389648438,139.9199981689453,140.66000366210938,18959.0,0.0,0.0,
2024-05-03,142.19000244140625,142.52999877929688,140.1199951171875,141.0500030517578,121445.0,0.0,0.0,
2024-05-06,141.67999267578125,142.17999267578125,140.55999755859375,141.02999877929688,23999.0,0.0,0.0,
2024-05-07,141.24000549316406,141.72000122070312,139.0,139.8800048828125,15343.0,0.0,0.0,
2024-05-08,140.97999572753906,140.99000549316406,139.2100067138672,139.91000366210938,9340.0,0.0,0.0,
2024-05-09,139.9199981689453,140.5399932861328,138.85000610351562,139.4600067138672,9387.0,0.0,0.0,
2024-05-10,140.97000122070312,140.97999572753906,138.75999450683594,139.91000366210938,15776.0,0.0,0.0,
2024-05-13,139.89999389648438,141.47999572753906,137.13999938964844,139.99000549316406,14946.0,0.0,0.0,
2024-05-14,140.97999572753906,140.99000549316406,138.0500030517578,139.69000244140625,10206.0,0.0,0.0,
2024-05-15,140.97999572753906,140.97999572753906,139.55999755859375,140.27000427246094,6316.0,0.0,0.0,
2024-05-16,141.38999938964844,141.39999389648438,138.61000061035156,140.33999633789062,10231.0,0.0,0.0,
2024-05-17,140.49000549316406,141.49000549316406,140.00999450683594,140.22000122070312,6957.0,0.0,0.0,
