Date,Open,High,Low,Close,Volume,Dividends,Stock Splits,Adj Close
2014-02-24,2966.0,2975.0,2933.0,2975.0,1067.0,0.0,0.0,
2014-02-25,2994.949951171875,2994.949951171875,2956.0,2956.0,289.0,0.0,0.0,
2014-02-26,2975.0,2990.0,2956.39990234375,2989.64990234375,90.0,0.0,0.0,
2014-02-28,3000.0,3000.0,2938.0,2940.89990234375,229.0,0.0,0.0,
2014-03-03,2953.050048828125,2993.0,2953.050048828125,2982.300048828125,577.0,0.0,0.0,
2014-03-04,2971.300048828125,3000.050048828125,2940.5,2948.800048828125,448.0,0.0,0.0,
2014-03-05,2922.0,2974.0,2922.0,2945.800048828125,103.0,0.0,0.0,
2014-03-06,2940.0,2958.89990234375,2925.0,2929.60009765625,80.0,0.0,0.0,
2014-03-07,2959.0,2970.0,2912.60009765625,2932.64990234375,878.0,0.0,0.0,
2014-03-10,2940.0,2947.949951171875,2902.0,2903.0,68.0,0.0,0.0,
2014-03-11,2902.199951171875,2923.0,2895.0,2900.89990234375,261.0,0.0,0.0,
2014-03-12,2935.0,2955.0,2910.449951171875,2929.5,252.0,0.0,0.0,
2014-03-13,2949.0,2949.0,2904.39990234375,2935.0,246.0,0.0,0.0,
2014-03-14,2913.39990234375,2935.0,2912.0,2930.0,861.0,0.0,0.0,
2014-03-18,2915.0,2955.0,2901.0,2929.800048828125,100.0,0.0,0.0,
2014-03-19,2900.0,2915.0,2880.0,2896.64990234375,184.0,0.0,0.0,
2014-03-20,2890.0,2921.64990234375,2837.0,2860.199951171875,227.0,0.0,0.0,
2014-03-21,2865.0,2899.449951171875,2850.0,2863.0,33.0,0.0,0.0,
2014-03-24,2850.0,2950.0,2825.0,2909.64990234375,3427.0,0.0,0.0,
2014-03-25,2850.0,2850.0,2800.0,2800.0,2512.0,0.0,0.0,
2014-03-26,2817.89990234375,2817.89990234375,2781.050048828125,2781.050048828125,230.0,0.0,0.0,
2014-03-27,2780.0,2780.0,2750.0,2755.35009765625,555.0,0.0,0.0,
2014-03-28,2760.0,2783.0,2734.5,2752.0,218.0,0.0,0.0,
2014-03-31,2772.550048828125,2779.25,2750.0,2757.10009765625,186.0,0.0,0.0,
2014-04-01,2709.0,2769.0,2709.0,2750.10009765625,267.0,0.0,0.0,
2014-04-02,2751.0,2754.0,2705.0,2712.550048828125,272.0,0.0,0.0,
2014-04-03,2769.0,2769.0,2734.949951171875,2756.89990234375,264.0,0.0,0.0,
2014-04-04,2793.949951171875,2793.949951171875,2740.0,2748.949951171875,69.0,0.0,0.0,
2014-04-07,2733.550048828125,2788.5,2731.60009765625,2781.75,445.0,0.0,0.0,
2014-04-09,2750.0,2804.75,2750.0,2795.199951171875,268.0,0.0,0.0,
2014-04-10,2757.0,2822.0,2757.0,2807.64990234375,244.0,0.0,0.0,
2014-04-11,2820.0,2828.0,2820.0,2820.75,279.0,0.0,0.0,
2014-04-15,2820.0,2840.0,2820.0,2832.85009765625,60.0,0.0,0.0,
2014-04-16,2830.0,2875.0,2820.0,2848.0,126.0,0.0,0.0,
2014-04-17,2848.0,2853.0,2821.10009765625,2826.800048828125,39.0,0.0,0.0,
2014-04-21,2858.0,2890.0,2800.0,2870.800048828125,131.0,0.0,0.0,
2014-04-22,2875.0,2890.0,2846.60009765625,2890.0,97.0,0.0,0.0,
2014-04-23,2884.0,2890.0,2884.0,2890.0,126.0,0.0,0.0,
2014-04-25,2867.39990234375,2925.0,2867.39990234375,2915.0,99.0,0.0,0.0,
2014-04-28,2895.0,2910.0,2875.0,2897.0,1395.0,0.0,0.0,
2014-04-29,2945.0,2945.0,2875.550048828125,2880.050048828125,312.0,0.0,0.0,
2014-04-30,2861.25,2909.0,2861.199951171875,2890.550048828125,412.0,0.0,0.0,
2014-05-02,2900.0,2915.0,2885.10009765625,2915.0,341.0,0.0,0.0,
2014-05-05,2922.0,2922.0,2872.64990234375,2896.0,51.0,0.0,0.0,
2014-05-06,2874.25,2901.85009765625,2874.25,2901.85009765625,157.0,0.0,0.0,
2014-05-07,2905.0,2930.0,2882.60009765625,2926.449951171875,162.0,0.0,0.0,
2014-05-08,2861.199951171875,2927.0,2861.199951171875,2863.0,25.0,0.0,0.0,
2014-05-09,2851.050048828125,2870.0,2846.449951171875,2851.199951171875,466.0,0.0,0.0,
2014-05-12,2850.0,2860.0,2832.050048828125,2850.10009765625,157.0,0.0,0.0,
2014-05-13,2850.0,2851.0,2825.050048828125,2825.64990234375,1003.0,0.0,0.0,
2014-05-14,2818.050048828125,2849.0,2818.0,2833.75,581.0,0.0,0.0,
2014-05-15,2825.10009765625,2874.0,2825.10009765625,2835.949951171875,138.0,0.0,0.0,
2014-05-16,2877.0,2877.0,2780.0,2781.60009765625,283.0,0.0,0.0,
2014-05-19,2780.0,2804.0,2756.25,2771.0,3160.0,0.0,0.0,
2014-05-20,2771.0,2771.0,2735.0,2744.85009765625,205.0,0.0,0.0,
2014-05-21,2740.0,2745.0,2714.0,2736.0,283.0,0.0,0.0,
2014-05-22,2700.0,2700.0,2662.0,2665.75,126.0,0.0,0.0,
2014-05-23,2626.25,2660.050048828125,2626.0,2654.10009765625,381.0,0.0,0.0,
2014-05-26,2627.050048828125,2750.0,2627.050048828125,2635.14990234375,286.0,0.0,0.0,
2014-05-27,2650.0,2667.0,2632.10009765625,2659.10009765625,4182.0,0.0,0.0,
2014-05-28,2660.0,2660.0,2601.050048828125,2630.0,120.0,0.0,0.0,
2014-05-29,2645.0,2676.949951171875,2590.0,2639.10009765625,3263.0,0.0,0.0,
2014-05-30,2625.0,2642.949951171875,2577.0,2588.449951171875,907.0,0.0,0.0,
2014-06-02,2610.0,2610.0,2560.10009765625,2575.60009765625,66.0,0.0,0.0,
2014-06-03,2597.0,2597.0,2561.0,2573.300048828125,244.0,0.0,0.0,
2014-06-04,2550.0,2590.0,2550.0,2580.0,45.0,0.0,0.0,
2014-06-05,2580.0,2580.0,2530.10009765625,2540.699951171875,383.0,0.0,0.0,
2014-06-06,2585.0,2585.0,2550.0,2550.0,3103.0,0.0,0.0,
2014-06-09,2551.0,2551.0,2527.0,2540.0,439.0,0.0,0.0,
2014-06-10,2525.0,2599.0,2525.0,2580.89990234375,1401.0,0.0,0.0,
2014-06-11,2581.0,2604.89990234375,2564.39990234375,2599.75,150.0,0.0,0.0,
2014-06-12,2558.0,2599.949951171875,2557.0,2579.85009765625,275.0,0.0,0.0,
2014-06-13,2581.0,2628.0,2560.0,2621.39990234375,247.0,0.0,0.0,
2014-06-16,2606.0,2694.949951171875,2606.0,2694.550048828125,380.0,0.0,0.0,
2014-06-17,2650.0,2650.0,2610.050048828125,2613.75,315.0,0.0,0.0,
2014-06-18,2618.550048828125,2650.0,2618.550048828125,2646.75,342.0,0.0,0.0,
2014-06-19,2655.0,2657.0,2623.0,2647.14990234375,170.0,0.0,0.0,
2014-06-20,2669.0,2744.0,2669.0,2726.449951171875,303.0,0.0,0.0,
2014-06-23,2681.0,2730.0,2681.0,2723.0,1065.0,0.0,0.0,
2014-06-24,2730.0,2739.0,2680.0,2738.949951171875,123.0,0.0,0.0,
2014-06-25,2734.0,2744.949951171875,2688.800048828125,2731.449951171875,1029.0,0.0,0.0,
2014-06-26,2739.0,2739.0,2662.60009765625,2689.89990234375,768.0,0.0,0.0,
2014-06-27,2700.0,2742.0,2691.14990234375,2692.14990234375,320.0,0.0,0.0,
2014-06-30,2743.0,2743.0,2672.0,2701.550048828125,523.0,0.0,0.0,
2014-07-01,2720.0,2758.949951171875,2694.0,2723.75,420.0,0.0,0.0,
2014-07-02,2667.0,2730.0,2667.0,2713.14990234375,2252.0,0.0,0.0,
2014-07-03,2669.050048828125,2703.949951171875,2669.050048828125,2695.0,343.0,0.0,0.0,
2014-07-04,2695.050048828125,2700.0,2670.0,2675.25,169.0,0.0,0.0,
2014-07-07,2727.0,2727.0,2651.0,2671.949951171875,487.0,0.0,0.0,
2014-07-08,2662.050048828125,2680.0,2643.5,2678.949951171875,2020.0,0.0,0.0,
2014-07-09,2657.60009765625,2715.0,2657.60009765625,2669.199951171875,656.0,0.0,0.0,
2014-07-10,2670.0,2744.5,2645.0,2703.300048828125,652.0,0.0,0.0,
2014-07-11,2701.0,2760.0,2701.0,2753.89990234375,2727.0,0.0,0.0,
2014-07-14,2739.0,2739.0,2691.0,2691.0,98.0,0.0,0.0,
2014-07-15,2717.85009765625,2717.85009765625,2673.0,2700.0,72.0,0.0,0.0,
2014-07-16,2674.949951171875,2690.0,2661.0,2690.0,71.0,0.0,0.0,
2014-07-17,2699.60009765625,2730.0,2677.0,2703.0,176.0,0.0,0.0,
2014-07-18,2701.0,2750.0,2700.0,2700.0,21.0,0.0,0.0,
2014-07-21,2690.0,2759.0,2672.199951171875,2725.0,18.0,0.0,0.0,
2014-07-22,2674.0,2700.0,2674.0,2700.0,34.0,0.0,0.0,
2014-07-23,2730.0,2730.0,2668.199951171875,2668.199951171875,27.0,0.0,0.0,
2014-07-24,2718.0,2718.0,2653.199951171875,2661.75,57.0,0.0,0.0,
2014-07-25,2650.0,2696.0,2625.050048828125,2689.300048828125,124.0,0.0,0.0,
2014-07-28,2699.949951171875,2736.0,2658.0,2662.0,68.0,0.0,0.0,
2014-07-30,2660.0,2744.0,2660.0,2744.0,2120.0,0.0,0.0,
2014-07-31,2700.0,2700.0,2661.050048828125,2668.449951171875,46.0,0.0,0.0,
2014-08-01,2689.0,2689.0,2655.199951171875,2684.0,335.0,0.0,0.0,
2014-08-04,2662.050048828125,2720.699951171875,2662.050048828125,2715.199951171875,105.0,0.0,0.0,
2014-08-05,2745.0,2745.0,2673.64990234375,2673.64990234375,1007.0,0.0,0.0,
2014-08-06,2710.0,2718.0,2681.0,2718.0,87.0,0.0,0.0,
2014-08-07,2711.0,2744.0,2711.0,2720.0,298.0,0.0,0.0,
2014-08-08,2738.0,2775.10009765625,2738.0,2754.89990234375,359.0,0.0,0.0,
2014-08-11,2712.0,2760.0,2706.0,2739.300048828125,148.0,0.0,0.0,
2014-08-12,2718.0,2718.0,2701.39990234375,2702.800048828125,61.0,0.0,0.0,
2014-08-13,2739.949951171875,2773.0,2717.050048828125,2760.0,235.0,0.0,0.0,
2014-08-14,2706.0,2750.0,2706.0,2720.10009765625,35.0,0.0,0.0,
2014-08-18,2730.0,2745.10009765625,2691.0,2731.300048828125,44.0,0.0,0.0,
2014-08-19,2696.0,2732.0,2690.10009765625,2721.199951171875,28.0,0.0,0.0,
2014-08-20,2721.0,2721.0,2682.5,2684.300048828125,44.0,0.0,0.0,
2014-08-21,2676.0,2690.0,2671.0,2690.0,11.0,0.0,0.0,
2014-08-22,2710.0,2745.10009765625,2670.10009765625,2676.0,111.0,0.0,0.0,
2014-08-25,2670.10009765625,2710.0,2665.10009765625,2684.5,34.0,0.0,0.0,
2014-08-26,2650.0,2690.0,2642.0,2690.0,171.0,0.0,0.0,
2014-08-27,2661.14990234375,2680.10009765625,2652.10009765625,2680.10009765625,183.0,0.0,0.0,
2014-08-28,2660.10009765625,2673.0,2660.10009765625,2673.0,17.0,0.0,0.0,
2014-09-01,2685.10009765625,2714.0,2659.0,2689.0,93.0,0.0,0.0,
2014-09-02,2667.0,2667.0,2664.0,2664.0,2.0,0.0,0.0,
2014-09-03,2664.0,2675.0,2640.0,2640.75,146.0,0.0,0.0,
2014-09-04,2641.050048828125,2650.0,2641.0,2650.0,29.0,0.0,0.0,
2014-09-05,2641.0,2649.0,2631.0,2631.39990234375,24.0,0.0,0.0,
2014-09-08,2631.39990234375,2649.949951171875,2623.050048828125,2623.10009765625,126.0,0.0,0.0,
2014-09-09,2625.0,2625.0,2601.0,2622.39990234375,154.0,0.0,0.0,
2014-09-10,2624.89990234375,2639.0,2603.0,2626.25,769.0,0.0,0.0,
2014-09-11,2606.0,2638.89990234375,2601.0,2605.800048828125,68.0,0.0,0.0,
2014-09-12,2605.0,2605.449951171875,2575.0,2583.0,123.0,0.0,0.0,
2014-09-15,2619.949951171875,2619.949951171875,2600.0,2600.0,35.0,0.0,0.0,
2014-09-16,2586.199951171875,2601.0,2586.199951171875,2600.0,65.0,0.0,0.0,
2014-09-17,2599.949951171875,2600.0,2590.0,2595.10009765625,58.0,0.0,0.0,
2014-09-18,2580.10009765625,2590.0,2556.5,2576.25,395.0,0.0,0.0,
2014-09-19,2599.0,2599.0,2565.199951171875,2568.449951171875,170.0,0.0,0.0,
2014-09-22,2567.0,2569.0,2552.050048828125,2557.75,140.0,0.0,0.0,
2014-09-23,2560.0,2595.0,2560.0,2577.449951171875,39.0,0.0,0.0,
2014-09-24,2595.85009765625,2595.85009765625,2578.0,2578.0,9.0,0.0,0.0,
2014-09-25,2551.14990234375,2597.5,2551.14990234375,2593.25,109.0,0.0,0.0,
2014-09-26,2595.0,2605.0,2590.0,2605.0,61.0,0.0,0.0,
2014-09-29,2600.0,2600.0,2575.550048828125,2575.550048828125,82.0,0.0,0.0,
2014-09-30,2610.0,2669.0,2551.0,2570.050048828125,66.0,0.0,0.0,
2014-10-01,2600.0,2610.0,2585.0,2609.0,31.0,0.0,0.0,
2014-10-07,2610.0,2610.0,2570.0,2572.699951171875,112.0,0.0,0.0,
2014-10-08,2660.0,2660.0,2585.0,2590.0,24.0,0.0,0.0,
2014-10-09,2561.0,2650.0,2561.0,2614.300048828125,121.0,0.0,0.0,
2014-10-10,2571.10009765625,2648.0,2571.10009765625,2580.0,74.0,0.0,0.0,
2014-10-13,2605.0,2649.89990234375,2589.0,2621.89990234375,320.0,0.0,0.0,
2014-10-14,2562.199951171875,2620.0,2562.199951171875,2620.0,55.0,0.0,0.0,
2014-10-16,2620.0,2664.0,2605.0,2643.800048828125,93.0,0.0,0.0,
2014-10-17,2614.050048828125,2654.949951171875,2609.199951171875,2630.0,223.0,0.0,0.0,
2014-10-20,2627.75,2629.0,2627.75,2629.0,40.0,0.0,0.0,
2014-10-21,2645.0,2674.0,2616.0,2674.0,504.0,0.0,0.0,
2014-10-22,2653.35009765625,2669.5,2621.0,2629.64990234375,42.0,0.0,0.0,
2014-10-27,2647.0,2648.0,2570.050048828125,2594.35009765625,355.0,0.0,0.0,
2014-10-28,2558.0,2630.0,2558.0,2599.300048828125,719.0,0.0,0.0,
2014-10-29,2563.0,2600.0,2563.0,2600.0,294.0,0.0,0.0,
2014-10-30,2554.0,2598.0,2546.25,2558.60009765625,533.0,0.0,0.0,
2014-10-31,2568.0,2568.0,2490.050048828125,2508.14990234375,1577.0,0.0,0.0,
2014-11-03,2483.10009765625,2565.0,2483.10009765625,2504.0,160.0,0.0,0.0,
2014-11-05,2500.0,2535.0,2455.050048828125,2464.550048828125,496.0,0.0,0.0,
2014-11-07,2461.050048828125,2489.949951171875,2434.0,2474.0,311.0,0.0,0.0,
2014-11-10,2475.0,2563.0,2471.10009765625,2502.800048828125,285.0,0.0,0.0,
2014-11-11,2477.800048828125,2498.0,2452.199951171875,2466.75,303.0,0.0,0.0,
2014-11-12,2467.050048828125,2523.85009765625,2467.050048828125,2475.550048828125,137.0,0.0,0.0,
2014-11-13,2452.0,2490.0,2438.0,2472.35009765625,130.0,0.0,0.0,
2014-11-14,2452.25,2479.300048828125,2452.25,2473.800048828125,89.0,0.0,0.0,
2014-11-17,2502.0,2549.949951171875,2487.0,2543.0,524.0,0.0,0.0,
2014-11-18,2503.0,2547.949951171875,2503.0,2530.0,37.0,0.0,0.0,
2014-11-19,2530.0,2555.0,2505.14990234375,2549.89990234375,331.0,0.0,0.0,
2014-11-20,2508.14990234375,2550.0,2508.0,2545.0,164.0,0.0,0.0,
2014-11-21,2516.949951171875,2538.0,2500.0,2520.0,29.0,0.0,0.0,
2014-11-24,2507.050048828125,2589.0,2507.050048828125,2568.449951171875,93.0,0.0,0.0,
2014-11-25,2528.0,2559.949951171875,2521.0,2533.85009765625,219.0,0.0,0.0,
2014-11-26,2558.949951171875,2558.949951171875,2511.300048828125,2521.0,240.0,0.0,0.0,
2014-11-27,2530.0,2535.0,2511.0,2530.0,67.0,0.0,0.0,
2014-11-28,2500.0,2535.0,2477.0,2507.199951171875,148.0,0.0,0.0,
2014-12-01,2507.0,2577.0,2460.0,2483.5,195.0,0.0,0.0,
2014-12-02,2516.25,2574.0,2511.0,2511.0,108.0,0.0,0.0,
2014-12-03,2550.0,2574.0,2500.0,2569.699951171875,263.0,0.0,0.0,
2014-12-04,2515.550048828125,2549.0,2510.050048828125,2510.050048828125,70.0,0.0,0.0,
2014-12-05,2494.300048828125,2525.050048828125,2494.300048828125,2525.0,227.0,0.0,0.0,
2014-12-10,2550.0,2595.949951171875,2536.0,2552.5,172.0,0.0,0.0,
2014-12-11,2553.0,2592.0,2552.550048828125,2581.10009765625,245.0,0.0,0.0,
2014-12-12,2580.0,2586.0,2553.35009765625,2575.89990234375,256.0,0.0,0.0,
2014-12-15,2605.0,2605.0,2545.10009765625,2570.35009765625,87.0,0.0,0.0,
2014-12-16,2612.0,2612.0,2551.0,2555.85009765625,63.0,0.0,0.0,
2014-12-17,2628.0,2628.0,2551.0,2575.0,21.0,0.0,0.0,
2014-12-18,2570.0,2580.0,2570.0,2570.0,122.0,0.0,0.0,
2014-12-19,2570.0,2595.0,2533.0,2560.0,58.0,0.0,0.0,
2014-12-22,2560.0,2570.0,2560.0,2570.0,25.0,0.0,0.0,
2014-12-23,2522.0,2549.0,2511.0,2535.10009765625,208.0,0.0,0.0,
2014-12-24,2589.0,2589.0,2503.0,2525.25,38.0,0.0,0.0,
2014-12-26,2536.050048828125,2560.0,2529.0,2536.800048828125,25.0,0.0,0.0,
2014-12-29,2550.0,2562.0,2540.0,2551.0,22.0,0.0,0.0,
2014-12-30,2537.300048828125,2560.0,2527.699951171875,2538.0,246.0,0.0,0.0,
2014-12-31,2550.0,2568.0,2547.050048828125,2560.35009765625,200.0,0.0,0.0,
2015-01-01,2591.0,2591.0,2520.0,2578.699951171875,356.0,0.0,0.0,
2015-01-02,2551.449951171875,2588.0,2551.449951171875,2584.050048828125,66.0,0.0,0.0,
2015-01-05,2546.60009765625,2609.0,2546.60009765625,2575.0,172.0,0.0,0.0,
2015-01-06,2577.199951171875,2643.0,2570.0,2606.0,184.0,0.0,0.0,
2015-01-07,2600.0,2640.0,2580.0,2588.0,300.0,0.0,0.0,
2015-01-08,2564.0,2610.0,2553.0,2593.800048828125,597.0,0.0,0.0,
2015-01-09,2570.0,2590.0,2550.0,2569.0,41.0,0.0,0.0,
2015-01-12,2590.0,2645.0,2590.0,2592.0,69.0,0.0,0.0,
2015-01-13,2601.199951171875,2618.0,2601.050048828125,2618.0,18.0,0.0,0.0,
2015-01-14,2685.0,2685.0,2569.050048828125,2610.0,92.0,0.0,0.0,
2015-01-15,2599.949951171875,2608.60009765625,2580.0,2608.60009765625,9.0,0.0,0.0,
2015-01-16,2603.0,2666.0,2603.0,2666.0,361.0,0.0,0.0,
2015-01-19,2731.0,2731.0,2652.449951171875,2669.0,141.0,0.0,0.0,
2015-01-20,2641.050048828125,2680.0,2641.050048828125,2675.0,199.0,0.0,0.0,
2015-01-21,2700.0,2700.0,2657.25,2699.0,410.0,0.0,0.0,
2015-01-22,2655.199951171875,2727.949951171875,2655.199951171875,2680.0,1014.0,0.0,0.0,
2015-01-23,2680.0,2700.0,2670.0,2694.449951171875,435.0,0.0,0.0,
2015-01-27,2699.0,2699.0,2651.0,2651.85009765625,29.0,0.0,0.0,
2015-01-28,2718.0,2718.0,2648.25,2658.14990234375,182.0,0.0,0.0,
2015-01-29,2652.10009765625,2652.10009765625,2652.0,2652.0,11.0,0.0,0.0,
2015-01-30,2640.050048828125,2677.0,2623.050048828125,2658.199951171875,588.0,0.0,0.0,
2015-02-02,2661.0,2699.949951171875,2645.050048828125,2699.949951171875,595.0,0.0,0.0,
2015-02-03,2651.25,2651.5,2651.25,2651.35009765625,18.0,0.0,0.0,
2015-02-04,2727.0,2727.0,2627.0,2643.75,87.0,0.0,0.0,
2015-02-05,2639.10009765625,2700.0,2639.050048828125,2675.75,227.0,0.0,0.0,
2015-02-06,2669.949951171875,2670.0,2637.0,2666.0,55.0,0.0,0.0,
2015-02-09,2620.5,2686.949951171875,2620.0,2686.949951171875,32.0,0.0,0.0,
2015-02-10,2637.050048828125,2637.050048828125,2610.10009765625,2618.0,119.0,0.0,0.0,
2015-02-11,2675.0,2675.0,2601.5,2604.85009765625,96.0,0.0,0.0,
2015-02-12,2608.949951171875,2615.0,2572.25,2609.10009765625,259.0,0.0,0.0,
2015-02-13,2576.0,2600.050048828125,2576.0,2600.0,35.0,0.0,0.0,
2015-02-16,2588.050048828125,2605.050048828125,2588.0,2600.0,42.0,0.0,0.0,
2015-02-18,2599.0,2599.0,2558.10009765625,2568.0,44.0,0.0,0.0,
2015-02-19,2536.050048828125,2581.0,2536.0,2581.0,160.0,0.0,0.0,
2015-02-20,2581.0,2581.0,2555.0,2558.64990234375,62.0,0.0,0.0,
2015-02-23,2537.10009765625,2550.0,2516.050048828125,2525.35009765625,142.0,0.0,0.0,
2015-02-24,2530.0,2568.0,2530.0,2550.0,30.0,0.0,0.0,
2015-02-25,2599.0,2599.0,2523.25,2541.64990234375,110.0,0.0,0.0,
2015-02-26,2528.050048828125,2538.0,2519.0,2525.0,110.0,0.0,0.0,
2015-02-27,2555.85009765625,2555.89990234375,2490.0,2490.0,50.0,0.0,0.0,
2015-03-02,2566.0,2590.0,2516.25,2550.0,365.0,0.0,0.0,
2015-03-03,2535.0,2557.949951171875,2519.10009765625,2557.949951171875,311.0,0.0,0.0,
2015-03-04,2577.0,2577.0,2519.0,2523.449951171875,267.0,0.0,0.0,
2015-03-05,2548.0,2563.0,2527.0,2557.39990234375,121.0,0.0,0.0,
2015-03-09,2520.0,2534.0,2511.0,2529.0,55.0,0.0,0.0,
2015-03-10,2502.0,2503.0,2480.0,2499.0,84.0,0.0,0.0,
2015-03-11,2527.0,2527.0,2470.0,2494.0,205.0,0.0,0.0,
2015-03-12,2495.0,2495.0,2464.0,2480.0,78.0,0.0,0.0,
2015-03-13,2518.0,2583.0,2505.050048828125,2540.0,97.0,0.0,0.0,
2015-03-16,2519.0,2544.0,2466.199951171875,2470.949951171875,57.0,0.0,0.0,
2015-03-17,2463.300048828125,2488.0,2462.0,2462.0,34.0,0.0,0.0,
2015-03-18,2462.0,2468.949951171875,2440.25,2450.10009765625,158.0,0.0,0.0,
2015-03-19,2488.0,2488.0,2480.0,2481.449951171875,53.0,0.0,0.0,
2015-03-20,2526.949951171875,2526.949951171875,2490.0,2496.0,28.0,0.0,0.0,
2015-03-23,2487.050048828125,2496.10009765625,2467.0,2496.0,168.0,0.0,0.0,
2015-03-24,2490.0,2500.0,2490.0,2500.0,14.0,0.0,0.0,
2015-03-25,2596.0,2596.0,2480.10009765625,2508.550048828125,150.0,0.0,0.0,
2015-03-26,2508.0,2594.0,2503.0,2589.64990234375,2115.0,0.0,0.0,
2015-03-27,2616.949951171875,2616.949951171875,2538.0,2538.0,9.0,0.0,0.0,
2015-03-30,2508.0,2525.050048828125,2508.0,2520.0,43.0,0.0,0.0,
2015-03-31,2506.050048828125,2506.199951171875,2505.949951171875,2506.0,21.0,0.0,0.0,
2015-04-01,2544.949951171875,2565.0,2538.0,2558.75,41.0,0.0,0.0,
2015-04-06,2533.0,2594.0,2533.0,2536.199951171875,89.0,0.0,0.0,
2015-04-07,2624.0,2624.0,2512.050048828125,2530.14990234375,63.0,0.0,0.0,
2015-04-08,2521.199951171875,2595.0,2512.14990234375,2575.0,142.0,0.0,0.0,
2015-04-09,2512.699951171875,2544.0,2500.0,2519.25,185.0,0.0,0.0,
2015-04-10,2580.0,2580.0,2504.0,2538.0,45.0,0.0,0.0,
2015-04-13,2590.0,2590.0,2518.0,2535.25,59.0,0.0,0.0,
2015-04-15,2582.949951171875,2582.949951171875,2514.050048828125,2539.0,59.0,0.0,0.0,
2015-04-16,2539.0,2569.949951171875,2539.0,2569.949951171875,391.0,0.0,0.0,
2015-04-17,2523.0,2550.0,2519.0,2541.699951171875,77.0,0.0,0.0,
2015-04-20,2590.0,2590.0,2537.0,2550.85009765625,607.0,0.0,0.0,
2015-04-21,2568.0,2579.0,2553.10009765625,2575.0,350.0,0.0,0.0,
2015-04-22,2637.0,2637.0,2538.0,2570.0,34.0,0.0,0.0,
2015-04-23,2570.0,2579.0,2568.0,2574.64990234375,5.0,0.0,0.0,
2015-04-24,2547.10009765625,2565.0,2537.0,2561.0,325.0,0.0,0.0,
2015-04-27,2570.0,2587.0,2531.0,2555.0,28.0,0.0,0.0,
2015-04-28,2557.050048828125,2590.0,2552.0,2561.5,134.0,0.0,0.0,
2015-04-29,2567.050048828125,2594.0,2567.0,2586.75,49.0,0.0,0.0,
2015-04-30,2587.0,2621.0,2556.0,2600.0,16.0,0.0,0.0,
2015-05-04,2583.0,2583.0,2531.0,2552.0,73.0,0.0,0.0,
2015-05-05,2552.0,2597.0,2533.0,2550.0,56.0,0.0,0.0,
2015-05-06,2608.0,2608.0,2550.0,2550.0,33.0,0.0,0.0,
2015-05-07,2537.0,2580.0,2537.0,2565.449951171875,402.0,0.0,0.0,
2015-05-08,2551.050048828125,2569.0,2551.050048828125,2569.0,115.0,0.0,0.0,
2015-05-11,2552.050048828125,2575.050048828125,2552.050048828125,2575.0,436.0,0.0,0.0,
2015-05-12,2580.0,2595.0,2580.0,2580.0,68.0,0.0,0.0,
2015-05-13,2580.0,2595.050048828125,2565.0,2567.10009765625,218.0,0.0,0.0,
2015-05-14,2595.0,2625.0,2583.0,2598.35009765625,263.0,0.0,0.0,
2015-05-15,2625.0,2625.0,2606.0,2615.75,85.0,0.0,0.0,
2015-05-18,2616.050048828125,2640.0,2616.0,2640.0,161.0,0.0,0.0,
2015-05-19,2623.0,2629.949951171875,2618.0,2628.300048828125,36.0,0.0,0.0,
2015-05-20,2646.949951171875,2646.949951171875,2581.5,2601.0,138.0,0.0,0.0,
2015-05-21,2601.0,2601.0,2588.0,2600.0,6.0,0.0,0.0,
2015-05-22,2583.85009765625,2600.0,2575.25,2575.449951171875,122.0,0.0,0.0,
2015-05-25,2576.0,2593.0,2551.050048828125,2590.050048828125,653.0,0.0,0.0,
2015-05-26,2580.0,2590.0,2570.0,2570.949951171875,47.0,0.0,0.0,
2015-05-27,2542.050048828125,2594.0,2542.0,2563.0,56.0,0.0,0.0,
2015-05-28,2589.0,2589.0,2551.0,2551.0,28.0,0.0,0.0,
2015-05-29,2614.0,2614.0,2566.5,2570.199951171875,9.0,0.0,0.0,
2015-06-01,2614.0,2614.0,2558.0,2567.0,64.0,0.0,0.0,
2015-06-02,2562.050048828125,2583.0,2552.0,2583.0,26.0,0.0,0.0,
2015-06-03,2613.949951171875,2613.949951171875,2565.0,2565.0,18.0,0.0,0.0,
2015-06-04,2580.0,2597.0,2547.0,2559.10009765625,28.0,0.0,0.0,
2015-06-05,2555.0,2569.0,2536.050048828125,2536.050048828125,31.0,0.0,0.0,
2015-06-08,2574.0,2597.0,2527.10009765625,2569.550048828125,120.0,0.0,0.0,
2015-06-09,2550.050048828125,2550.050048828125,2527.0,2532.75,214.0,0.0,0.0,
2015-06-10,2569.0,2569.0,2535.0,2563.550048828125,281.0,0.0,0.0,
2015-06-11,2548.050048828125,2593.89990234375,2515.0,2554.449951171875,48.0,0.0,0.0,
2015-06-12,2521.0,2553.050048828125,2518.050048828125,2550.0,72.0,0.0,0.0,
2015-06-15,2534.0,2577.0,2530.199951171875,2544.0,65.0,0.0,0.0,
2015-06-16,2574.949951171875,2574.949951171875,2543.0,2553.550048828125,69.0,0.0,0.0,
2015-06-17,2589.949951171875,2589.949951171875,2520.5,2539.199951171875,1071.0,0.0,0.0,
2015-06-18,2533.0,2555.0,2533.0,2555.0,188.0,0.0,0.0,
2015-06-19,2537.0,2594.60009765625,2535.0,2560.0,222.0,0.0,0.0,
2015-06-22,2542.5,2546.550048828125,2542.449951171875,2544.199951171875,16.0,0.0,0.0,
2015-06-23,2518.0,2530.0,2515.10009765625,2530.0,15.0,0.0,0.0,
2015-06-24,2549.0,2549.0,2507.0,2507.0,23.0,0.0,0.0,
2015-06-25,2491.0,2539.0,2487.0,2508.85009765625,217.0,0.0,0.0,
2015-06-26,2506.60009765625,2515.0,2502.050048828125,2515.0,45.0,0.0,0.0,
2015-06-29,2518.10009765625,2545.0,2511.0,2515.699951171875,54.0,0.0,0.0,
2015-06-30,2530.0,2530.0,2510.199951171875,2510.199951171875,124.0,0.0,0.0,
2015-07-01,2555.0,2555.0,2510.0,2518.64990234375,29.0,0.0,0.0,
2015-07-02,2501.300048828125,2514.949951171875,2501.25,2502.050048828125,43.0,0.0,0.0,
2015-07-03,2505.050048828125,2505.050048828125,2505.0,2505.0,2.0,0.0,0.0,
2015-07-06,2536.0,2536.0,2491.0,2491.0,36.0,0.0,0.0,
2015-07-07,2492.050048828125,2514.89990234375,2492.050048828125,2500.0,6.0,0.0,0.0,
2015-07-08,2491.0,2525.0,2475.0,2525.0,40.0,0.0,0.0,
2015-07-09,2491.0,2500.0,2485.0,2499.0,99.0,0.0,0.0,
2015-07-10,2500.0,2500.0,2481.050048828125,2485.0,76.0,0.0,0.0,
2015-07-13,2500.0,2500.0,2471.25,2490.0,76.0,0.0,0.0,
2015-07-14,2472.0,2499.949951171875,2461.0,2478.699951171875,138.0,0.0,0.0,
2015-07-15,2524.949951171875,2524.949951171875,2471.0,2474.0,25.0,0.0,0.0,
2015-07-16,2475.0,2475.0,2455.0,2459.5,290.0,0.0,0.0,
2015-07-17,2456.0,2474.0,2452.0,2469.0,73.0,0.0,0.0,
2015-07-20,2452.199951171875,2452.199951171875,2433.10009765625,2450.0,110.0,0.0,0.0,
2015-07-21,2450.0,2450.0,2430.0,2446.800048828125,465.0,0.0,0.0,
2015-07-22,2416.0,2439.949951171875,2385.0,2397.199951171875,242.0,0.0,0.0,
2015-07-23,2409.949951171875,2418.0,2390.10009765625,2409.949951171875,181.0,0.0,0.0,
2015-07-24,2410.0,2420.949951171875,2400.0,2403.699951171875,91.0,0.0,0.0,
2015-07-27,2404.550048828125,2404.550048828125,2390.0,2390.0,34.0,0.0,0.0,
2015-07-28,2375.0,2385.0,2370.0,2379.0,246.0,0.0,0.0,
2015-07-29,2408.0,2408.0,2366.60009765625,2378.85009765625,74.0,0.0,0.0,
2015-07-30,2372.0,2374.0,2362.0,2374.0,27.0,0.0,0.0,
2015-07-31,2364.0,2364.0,2355.14990234375,2360.0,5.0,0.0,0.0,
2015-08-03,2358.0,2397.0,2352.0,2381.85009765625,86.0,0.0,0.0,
2015-08-04,2361.0,2387.0,2352.0,2380.60009765625,27.0,0.0,0.0,
2015-08-05,2380.0,2380.0,2350.0,2362.800048828125,40.0,0.0,0.0,
2015-08-06,2350.0,2365.0,2340.0,2346.85009765625,108.0,0.0,0.0,
2015-08-07,2333.050048828125,2377.949951171875,2333.050048828125,2374.25,229.0,0.0,0.0,
2015-08-10,2375.0,2375.0,2375.0,2375.0,33.0,0.0,0.0,
2015-08-11,2375.0,2429.0,2375.0,2426.0,341.0,0.0,0.0,
2015-08-12,2383.0,2462.0,2383.0,2422.0,433.0,0.0,0.0,
2015-08-13,2451.0,2474.800048828125,2451.0,2462.0,62.0,0.0,0.0,
2015-08-14,2444.0,2462.0,2412.0,2460.0,154.0,0.0,0.0,
2015-08-17,2452.199951171875,2479.0,2436.0,2455.0,53.0,0.0,0.0,
2015-08-18,2515.0,2515.0,2515.0,2515.0,1.0,0.0,0.0,
2015-08-19,2465.0,2509.0,2465.0,2480.0,19.0,0.0,0.0,
2015-08-20,2523.949951171875,2523.949951171875,2513.0,2513.0,34.0,0.0,0.0,
2015-08-21,2530.0,2567.60009765625,2516.0,2529.64990234375,126.0,0.0,0.0,
2015-08-24,2550.0,2599.0,2531.0,2551.0,105.0,0.0,0.0,
2015-08-25,2491.0,2550.0,2482.0,2482.0,155.0,0.0,0.0,
2015-08-26,2517.949951171875,2517.949951171875,2443.0,2475.0,46.0,0.0,0.0,
2015-08-27,2422.0,2486.949951171875,2421.550048828125,2486.949951171875,65.0,0.0,0.0,
2015-08-28,2432.0,2479.0,2432.0,2479.0,46.0,0.0,0.0,
2015-08-31,2475.0,2490.0,2470.050048828125,2474.5,112.0,0.0,0.0,
2015-09-01,2475.0,2524.0,2475.0,2500.0,29.0,0.0,0.0,
2015-09-02,2499.0,2517.949951171875,2470.0,2505.449951171875,113.0,0.0,0.0,
2015-09-03,2463.0,2507.949951171875,2463.0,2505.0,56.0,0.0,0.0,
2015-09-04,2509.949951171875,2509.949951171875,2467.10009765625,2480.0,76.0,0.0,0.0,
2015-09-07,2500.0,2500.0,2470.0,2474.949951171875,19.0,0.0,0.0,
2015-09-08,2488.949951171875,2488.949951171875,2475.0,2475.0,107.0,0.0,0.0,
2015-09-09,2463.0,2483.949951171875,2460.0,2460.0,11.0,0.0,0.0,
2015-09-10,2450.0,2450.0,2425.5,2429.14990234375,31.0,0.0,0.0,
2015-09-11,2477.699951171875,2499.949951171875,2428.0,2428.0,76.0,0.0,0.0,
2015-09-14,2460.0,2473.0,2460.0,2472.89990234375,13.0,0.0,0.0,
2015-09-15,2440.050048828125,2492.0,2435.0,2448.300048828125,130.0,0.0,0.0,
2015-09-16,2420.050048828125,2435.050048828125,2420.0,2424.949951171875,106.0,0.0,0.0,
2015-09-18,2444.0,2450.0,2434.0,2440.10009765625,90.0,0.0,0.0,
2015-09-21,2469.0,2469.0,2441.0,2445.0,1047.0,0.0,0.0,
2015-09-22,2431.0,2444.0,2431.0,2434.0,13.0,0.0,0.0,
2015-09-23,2435.0,2449.0,2428.0,2430.10009765625,38.0,0.0,0.0,
2015-09-24,2487.949951171875,2487.949951171875,2425.5,2427.25,45.0,0.0,0.0,
2015-09-28,2441.0,2459.949951171875,2438.050048828125,2447.0,16.0,0.0,0.0,
2015-09-30,2422.0,2428.0,2412.0,2421.85009765625,129.0,0.0,0.0,
2015-10-01,2421.0,2434.0,2392.0,2399.800048828125,80.0,0.0,0.0,
2015-10-05,2416.0,2442.60009765625,2416.0,2418.0,29.0,0.0,0.0,
2015-10-06,2439.0,2439.0,2406.0,2419.0,222.0,0.0,0.0,
2015-10-07,2444.0,2444.0,2418.0,2435.699951171875,50.0,0.0,0.0,
2015-10-08,2461.949951171875,2461.949951171875,2420.0,2433.949951171875,18.0,0.0,0.0,
2015-10-09,2415.0,2424.949951171875,2411.0,2413.35009765625,223.0,0.0,0.0,
2015-10-12,2380.550048828125,2414.0,2367.0,2403.199951171875,157.0,0.0,0.0,
2015-10-13,2402.0,2413.949951171875,2400.0,2413.949951171875,10.0,0.0,0.0,
2015-10-14,2425.0,2434.0,2418.60009765625,2424.60009765625,494.0,0.0,0.0,
2015-10-15,2415.10009765625,2430.0,2415.0,2419.0,90.0,0.0,0.0,
2015-10-16,2400.0,2550.0,2400.0,2513.14990234375,4481.0,0.0,0.0,
2015-10-19,2481.0,2481.0,2470.0,2470.10009765625,162.0,0.0,0.0,
2015-10-20,2470.0,2546.0,2450.0,2530.550048828125,556.0,0.0,0.0,
2015-10-21,2506.0,2599.0,2506.0,2598.60009765625,651.0,0.0,0.0,
2015-10-23,2581.0,2581.0,2546.60009765625,2569.949951171875,14.0,0.0,0.0,
2015-10-26,2570.0,2589.0,2550.0,2550.0,6.0,0.0,0.0,
2015-10-27,2503.0,2562.0,2503.0,2549.0,113.0,0.0,0.0,
2015-10-28,2511.199951171875,2549.0,2482.0,2506.550048828125,87.0,0.0,0.0,
2015-10-29,2477.0,2477.0,2477.0,2477.0,3.0,0.0,0.0,
2015-10-30,2508.0,2508.0,2467.0,2499.0,2005.0,0.0,0.0,
2015-11-02,2499.0,2530.050048828125,2461.0,2530.050048828125,155.0,0.0,0.0,
2015-11-03,2479.39990234375,2531.949951171875,2455.050048828125,2510.0,858.0,0.0,0.0,
2015-11-04,2460.0,2495.0,2460.0,2470.0,93.0,0.0,0.0,
2015-11-05,2450.0,2489.800048828125,2450.0,2487.800048828125,12.0,0.0,0.0,
2015-11-06,2450.0,2450.0,2411.0,2414.85009765625,56.0,0.0,0.0,
2015-11-09,2410.0,2480.0,2406.199951171875,2475.949951171875,51.0,0.0,0.0,
2015-11-10,2478.949951171875,2478.949951171875,2450.0,2454.89990234375,8.0,0.0,0.0,
2015-11-13,2405.800048828125,2565.0,2400.0,2413.0,30.0,0.0,0.0,
2015-11-16,2439.0,2444.0,2403.050048828125,2441.699951171875,28.0,0.0,0.0,
2015-11-17,2360.0,2435.0,2360.0,2411.0,8.0,0.0,0.0,
2015-11-18,2362.800048828125,2400.0,2340.0,2389.550048828125,54.0,0.0,0.0,
2015-11-19,2357.0,2380.0,2357.0,2380.0,6.0,0.0,0.0,
2015-11-20,2390.0,2390.0,2371.199951171875,2388.0,63.0,0.0,0.0,
2015-11-23,2389.89990234375,2390.0,2382.0,2389.60009765625,817.0,0.0,0.0,
2015-11-26,2432.89990234375,2434.0,2425.0,2432.39990234375,107.0,0.0,0.0,
2015-11-27,2383.800048828125,2435.0,2370.0,2427.10009765625,138.0,0.0,0.0,
2015-11-30,2400.0,2410.0,2392.0,2395.60009765625,116.0,0.0,0.0,
2015-12-01,2395.0,2445.0,2376.60009765625,2379.89990234375,227.0,0.0,0.0,
2015-12-02,2363.0,2375.0,2363.0,2375.0,7.0,0.0,0.0,
2015-12-03,2347.0,2389.0,2345.0,2355.449951171875,1219.0,0.0,0.0,
2015-12-04,2358.0,2360.0,2355.10009765625,2360.0,51.0,0.0,0.0,
2015-12-07,2365.0,2407.199951171875,2365.0,2405.0,24.0,0.0,0.0,
2015-12-08,2410.0,2410.0,2370.050048828125,2404.949951171875,12.0,0.0,0.0,
2015-12-10,2400.0,2415.0,2370.0,2415.0,18.0,0.0,0.0,
2015-12-11,2366.699951171875,2404.0,2360.0,2361.0,27.0,0.0,0.0,
2015-12-14,2373.050048828125,2408.0,2363.0,2398.0,251.0,0.0,0.0,
2015-12-15,2388.949951171875,2388.949951171875,2358.0,2358.0,13.0,0.0,0.0,
2015-12-16,2360.10009765625,2380.0,2360.10009765625,2378.5,1066.0,0.0,0.0,
2015-12-17,2353.0,2375.0,2353.0,2353.39990234375,74.0,0.0,0.0,
2015-12-18,2350.0,2350.0,2326.0,2335.0,52.0,0.0,0.0,
2015-12-21,2337.0,2350.0,2337.0,2345.0,47.0,0.0,0.0,
2015-12-22,2370.0,2370.0,2351.0,2357.25,32.0,0.0,0.0,
2015-12-23,2374.0,2374.0,2347.0,2353.5,4.0,0.0,0.0,
2015-12-24,2372.0,2372.0,2372.0,2372.0,2.0,0.0,0.0,
2015-12-28,2373.0,2373.0,2350.0,2350.0,21.0,0.0,0.0,
2015-12-29,2355.0,2375.0,2350.199951171875,2357.75,72.0,0.0,0.0,
2015-12-30,2350.199951171875,2364.0,2344.0,2344.0,149.0,0.0,0.0,
2015-12-31,2344.0,2363.0,2340.0,2363.0,32.0,0.0,0.0,
2016-01-01,2374.0,2374.0,2359.0,2370.0,2002.0,0.0,0.0,
2016-01-04,2350.10009765625,2360.0,2340.199951171875,2342.0,351.0,0.0,0.0,
2016-01-05,2337.0,2426.0,2327.0,2420.0,1123.0,0.0,0.0,
2016-01-06,2464.0,2464.0,2377.0,2410.0,36.0,0.0,0.0,
2016-01-07,2420.0,2470.0,2400.199951171875,2420.0,1211.0,0.0,0.0,
2016-01-08,2415.0,2415.0,2392.0,2400.10009765625,21.0,0.0,0.0,
2016-01-11,2449.0,2449.0,2401.0,2408.0,14.0,0.0,0.0,
2016-01-12,2392.0,2430.0,2392.0,2392.0,6.0,0.0,0.0,
2016-01-13,2372.0,2372.0,2366.199951171875,2366.199951171875,17.0,0.0,0.0,
2016-01-14,2367.0,2410.0,2367.0,2408.89990234375,58.0,0.0,0.0,
2016-01-15,2371.0,2396.949951171875,2361.199951171875,2361.199951171875,59.0,0.0,0.0,
2016-01-18,2365.5,2466.60009765625,2365.5,2450.0,287.0,0.0,0.0,
2016-01-19,2411.0,2450.0,2411.0,2450.0,97.0,0.0,0.0,
2016-01-20,2449.75,2768.5,2421.0,2541.699951171875,253.0,0.0,0.0,
2016-01-21,2490.89990234375,2490.89990234375,2441.0,2474.0,96.0,0.0,0.0,
2016-01-22,2452.0,2484.0,2450.0,2452.0,64.0,0.0,0.0,
2016-01-25,2498.0,2523.0,2455.0,2470.0,91.0,0.0,0.0,
2016-01-27,2491.0,2505.0,2490.0,2500.0,1588.0,0.0,0.0,
2016-01-28,2487.0,2500.0,2485.050048828125,2485.050048828125,121.0,0.0,0.0,
2016-01-29,2482.0,2482.0,2467.0,2471.0,18.0,0.0,0.0,
2016-02-01,2524.0,2524.0,2475.0,2477.25,50.0,0.0,0.0,
2016-02-02,2481.0,2567.0,2480.0,2549.89990234375,3218.0,0.0,0.0,
2016-02-03,2559.0,2574.0,2525.0,2527.0,272.0,0.0,0.0,
2016-02-04,2555.0,2579.0,2532.0,2532.0,44.0,0.0,0.0,
2016-02-05,2584.0,2584.0,2551.0,2553.699951171875,84.0,0.0,0.0,
2016-02-08,2566.0,2630.0,2566.0,2630.0,776.0,0.0,0.0,
2016-02-09,2630.0,2660.0,2630.0,2660.0,322.0,0.0,0.0,
2016-02-10,2700.0,2700.0,2583.0,2585.0,64.0,0.0,0.0,
2016-02-11,2625.0,2748.0,2625.0,2695.800048828125,370.0,0.0,0.0,
2016-02-12,2652.0,2690.0,2636.60009765625,2690.0,109.0,0.0,0.0,
2016-02-15,2650.050048828125,2690.0,2649.949951171875,2686.60009765625,144.0,0.0,0.0,
2016-02-16,2670.0,2700.0,2605.0,2700.0,7246.0,0.0,0.0,
2016-02-17,2670.0,2670.0,2670.0,2670.0,59.0,0.0,0.0,
2016-02-18,2700.0,2700.0,2670.0,2670.0,20.0,0.0,0.0,
2016-02-19,2700.0,2700.050048828125,2687.0,2700.0,82.0,0.0,0.0,
2016-02-22,2776.949951171875,2776.949951171875,2700.0,2700.0,138.0,0.0,0.0,
2016-02-23,2712.0,2714.0,2677.0,2683.39990234375,1395.0,0.0,0.0,
2016-02-24,2736.949951171875,2736.949951171875,2651.10009765625,2663.300048828125,1182.0,0.0,0.0,
2016-02-25,2715.0,2715.0,2661.10009765625,2699.199951171875,114.0,0.0,0.0,
2016-02-26,2724.0,2724.0,2660.550048828125,2667.0,177.0,0.0,0.0,
2016-02-29,2708.949951171875,2708.949951171875,2652.0,2699.0,1056.0,0.0,0.0,
2016-03-01,2700.0,2745.0,2685.25,2745.0,1409.0,0.0,0.0,
2016-03-02,2745.0,2745.0,2674.0,2674.0,29.0,0.0,0.0,
2016-03-03,2734.0,2734.0,2691.0,2691.0,8.0,0.0,0.0,
2016-03-04,2744.0,2744.0,2681.39990234375,2689.35009765625,2090.0,0.0,0.0,
2016-03-08,2689.35009765625,2810.0,2689.35009765625,2796.25,3026.0,0.0,0.0,
2016-03-09,2794.800048828125,2794.800048828125,2725.0,2729.699951171875,57.0,0.0,0.0,
2016-03-10,2758.64990234375,2758.64990234375,2696.0,2716.35009765625,1122.0,0.0,0.0,
2016-03-11,2725.0,2726.0,2710.050048828125,2713.10009765625,53.0,0.0,0.0,
2016-03-14,2739.0,2739.0,2696.0,2710.0,1153.0,0.0,0.0,
2016-03-15,2709.0,2709.0,2685.5,2685.5,78.0,0.0,0.0,
2016-03-16,2714.0,2714.0,2685.5,2685.5,6.0,0.0,0.0,
2016-03-17,2743.949951171875,2743.949951171875,2657.0,2700.0,290.0,0.0,0.0,
2016-03-18,2718.0,2718.0,2678.0,2678.0,4.0,0.0,0.0,
2016-03-21,2700.0,2700.0,2638.10009765625,2659.0,1087.0,0.0,0.0,
2016-03-22,2670.0,2670.0,2631.0,2650.0,158.0,0.0,0.0,
2016-03-23,2668.0,2668.0,2622.0,2649.949951171875,1074.0,0.0,0.0,
2016-03-28,2639.949951171875,2639.949951171875,2637.050048828125,2637.050048828125,2.0,0.0,0.0,
2016-03-29,2614.0,2614.0,2600.10009765625,2600.10009765625,26.0,0.0,0.0,
2016-03-30,2640.0,2664.0,2613.0,2613.949951171875,22.0,0.0,0.0,
2016-03-31,2615.0,2629.949951171875,2615.0,2629.0,14.0,0.0,0.0,
2016-04-01,2648.0,2648.0,2618.0,2620.10009765625,34.0,0.0,0.0,
2016-04-04,2639.0,2639.0,2592.050048828125,2594.199951171875,46.0,0.0,0.0,
2016-04-05,2625.949951171875,2725.0,2602.39990234375,2700.050048828125,1490.0,0.0,0.0,
2016-04-06,2698.949951171875,2730.050048828125,2682.0,2710.64990234375,205.0,0.0,0.0,
2016-04-07,2739.0,2739.0,2729.949951171875,2730.199951171875,29.0,0.0,0.0,
2016-04-08,2738.800048828125,2738.800048828125,2730.0,2730.199951171875,68.0,0.0,0.0,
2016-04-11,2738.800048828125,2749.89990234375,2730.0,2730.0,39.0,0.0,0.0,
2016-04-12,2792.0,2792.0,2741.0,2759.89990234375,7.0,0.0,0.0,
2016-04-13,2784.949951171875,2784.949951171875,2750.0,2750.0,286.0,0.0,0.0,
2016-04-18,2750.0,2820.0,2750.0,2793.550048828125,86.0,0.0,0.0,
2016-04-20,2799.949951171875,2799.949951171875,2741.0,2743.050048828125,296.0,0.0,0.0,
2016-04-21,2793.949951171875,2793.949951171875,2743.300048828125,2744.5,113.0,0.0,0.0,
2016-04-22,2784.0,2792.949951171875,2751.0,2760.0,45.0,0.0,0.0,
2016-04-25,2773.949951171875,2773.949951171875,2725.0,2735.0,1017.0,0.0,0.0,
2016-04-26,2773.949951171875,2773.949951171875,2716.0,2720.5,222.0,0.0,0.0,
2016-04-27,2763.949951171875,2763.949951171875,2736.0,2745.0,16.0,0.0,0.0,
2016-04-28,2768.949951171875,2768.949951171875,2723.0,2723.0,46.0,0.0,0.0,
2016-04-29,2793.0,2800.0,2761.0,2781.0,1169.0,0.0,0.0,
2016-05-02,2843.949951171875,2843.949951171875,2783.300048828125,2802.800048828125,137.0,0.0,0.0,
2016-05-03,2803.0,2820.0,2770.550048828125,2796.449951171875,741.0,0.0,0.0,
2016-05-04,2798.89990234375,2850.050048828125,2777.0,2807.0,2054.0,0.0,0.0,
2016-05-05,2833.949951171875,2833.949951171875,2756.60009765625,2776.14990234375,168.0,0.0,0.0,
2016-05-06,2808.949951171875,2814.0,2772.0,2795.89990234375,62.0,0.0,0.0,
2016-05-09,2814.0,2815.0,2781.0,2791.0,285.0,0.0,0.0,
2016-05-10,2819.949951171875,2820.0,2766.0,2769.25,21.0,0.0,0.0,
2016-05-11,2794.0,2794.0,2766.0,2768.35009765625,1096.0,0.0,0.0,
2016-05-12,2794.0,2830.0,2755.0,2811.0,1099.0,0.0,0.0,
2016-05-13,2828.949951171875,2828.949951171875,2777.0,2795.0,61.0,0.0,0.0,
2016-05-16,2810.0,2810.0,2780.0,2790.0,1123.0,0.0,0.0,
2016-05-17,2808.949951171875,2808.949951171875,2781.10009765625,2790.0,27.0,0.0,0.0,
2016-05-18,2838.0,2859.949951171875,2792.0,2842.14990234375,1623.0,0.0,0.0,
2016-05-19,2944.0,2944.0,2816.0,2825.0,479.0,0.0,0.0,
2016-05-20,2862.949951171875,2862.949951171875,2802.050048828125,2802.050048828125,10.0,0.0,0.0,
2016-05-23,2833.949951171875,2833.949951171875,2780.050048828125,2780.25,80.0,0.0,0.0,
2016-05-24,2797.949951171875,2798.0,2764.0,2764.0,7.0,0.0,0.0,
2016-05-25,2779.0,2779.0,2736.0,2736.0,60.0,0.0,0.0,
2016-05-26,2780.0,2780.0,2770.0,2770.0,3.0,0.0,0.0,
2016-05-27,2759.0,2759.0,2720.0,2721.0,22.0,0.0,0.0,
2016-05-30,2895.0,2895.0,2661.5,2676.10009765625,549.0,0.0,0.0,
2016-05-31,2714.0,2714.0,2670.0,2670.0,106.0,0.0,0.0,
2016-06-01,2698.0,2698.0,2675.0,2690.0,1028.0,0.0,0.0,
2016-06-02,2690.0,2740.0,2687.0,2711.75,2060.0,0.0,0.0,
2016-06-03,2774.0,2774.0,2703.0,2703.0,3.0,0.0,0.0,
2016-06-06,2837.0,2837.0,2712.050048828125,2748.0,34.0,0.0,0.0,
2016-06-07,2809.0,2809.0,2723.0,2723.0,41.0,0.0,0.0,
2016-06-08,2760.0,2760.0,2760.0,2760.0,55.0,0.0,0.0,
2016-06-09,2784.0,2794.0,2729.25,2729.25,36.0,0.0,0.0,
2016-06-10,2790.0,2790.0,2731.050048828125,2748.949951171875,42.0,0.0,0.0,
2016-06-13,2754.89990234375,2789.0,2754.89990234375,2761.550048828125,160.0,0.0,0.0,
2016-06-14,2779.0,2779.0,2751.0,2770.0,60.0,0.0,0.0,
2016-06-15,2794.0,2794.0,2761.0,2772.0,1077.0,0.0,0.0,
2016-06-16,2794.0,2804.0,2775.0,2791.75,281.0,0.0,0.0,
2016-06-17,2798.0,2809.0,2779.949951171875,2796.0,29.0,0.0,0.0,
2016-06-20,2796.0,2851.0,2777.050048828125,2785.0,218.0,0.0,0.0,
2016-06-21,2771.0,2809.0,2771.0,2790.60009765625,1027.0,0.0,0.0,
2016-06-22,2788.949951171875,2799.0,2787.0,2799.0,195.0,0.0,0.0,
2016-06-23,2788.949951171875,2789.0,2756.0,2760.0,86.0,0.0,0.0,
2016-06-24,2800.0,2940.0,2800.0,2829.050048828125,1580.0,0.0,0.0,
2016-06-27,2850.199951171875,2934.800048828125,2849.0,2865.550048828125,1766.0,0.0,0.0,
2016-06-28,2853.050048828125,2869.800048828125,2821.0,2847.0,355.0,0.0,0.0,
2016-06-29,2846.949951171875,2930.0,2846.949951171875,2892.050048828125,7180.0,0.0,0.0,
2016-06-30,2854.050048828125,2890.0,2776.39990234375,2870.0,1604.0,0.0,0.0,
2016-07-01,2900.0,2900.0,2855.39990234375,2862.0,25.0,0.0,0.0,
2016-07-04,2871.0,2905.0,2871.0,2899.0,1083.0,0.0,0.0,
2016-07-05,2899.0,2930.050048828125,2885.0,2922.449951171875,1745.0,0.0,0.0,
2016-07-07,2945.0,2945.0,2915.0,2926.64990234375,328.0,0.0,0.0,
2016-07-08,2920.0,2920.0,2911.0,2915.0,215.0,0.0,0.0,
2016-07-11,2915.0,2921.25,2903.0,2903.0,88.0,0.0,0.0,
2016-07-12,2891.050048828125,2955.0,2885.0,2912.550048828125,2248.0,0.0,0.0,
2016-07-13,2910.0,2932.89990234375,2892.050048828125,2917.5,13.0,0.0,0.0,
2016-07-14,2948.0,2948.0,2877.0,2892.64990234375,89.0,0.0,0.0,
2016-07-15,2882.050048828125,2887.0,2866.050048828125,2871.550048828125,123.0,0.0,0.0,
2016-07-18,2852.0,2915.0,2852.0,2914.89990234375,1013.0,0.0,0.0,
2016-07-19,2881.550048828125,2909.0,2880.10009765625,2900.10009765625,121.0,0.0,0.0,
2016-07-20,2929.0,2929.0,2871.25,2908.199951171875,941.0,0.0,0.0,
2016-07-21,2918.0,2918.0,2863.050048828125,2871.199951171875,216.0,0.0,0.0,
2016-07-22,2890.0,2909.0,2881.0,2881.10009765625,22.0,0.0,0.0,
2016-07-25,2881.0,2900.0,2880.0,2880.050048828125,1057.0,0.0,0.0,
2016-07-27,2899.0,2910.0,2868.0,2906.39990234375,637.0,0.0,0.0,
2016-07-28,2920.0,2925.0,2900.0,2920.85009765625,569.0,0.0,0.0,
2016-07-29,2894.0,2894.0,2891.199951171875,2891.199951171875,4.0,0.0,0.0,
2016-08-01,2968.800048828125,2968.800048828125,2903.0,2944.85009765625,1050.0,0.0,0.0,
2016-08-02,2916.050048828125,2925.0,2908.0,2920.0,122.0,0.0,0.0,
2016-08-03,2969.89990234375,2969.89990234375,2915.0,2956.949951171875,1160.0,0.0,0.0,
2016-08-04,2949.949951171875,2950.0,2930.0,2941.949951171875,291.0,0.0,0.0,
2016-08-05,2912.050048828125,2969.0,2910.0,2930.050048828125,1301.0,0.0,0.0,
2016-08-08,2919.0,2919.0,2885.14990234375,2900.0,148.0,0.0,0.0,
2016-08-09,2885.39990234375,2974.0,2882.25,2905.0,1190.0,0.0,0.0,
2016-08-10,2959.0,2959.0,2922.0,2925.0,105.0,0.0,0.0,
2016-08-11,2925.0,2944.0,2910.0,2917.300048828125,857.0,0.0,0.0,
2016-08-12,2902.0,2925.0,2902.0,2907.050048828125,256.0,0.0,0.0,
2016-08-16,2939.0,2939.0,2920.300048828125,2920.300048828125,83.0,0.0,0.0,
2016-08-17,2939.0,2939.0,2912.0,2912.0,3.0,0.0,0.0,
2016-08-18,2920.0,2968.0,2920.0,2935.0,103.0,0.0,0.0,
2016-08-19,2912.0,2950.0,2912.0,2927.050048828125,1037.0,0.0,0.0,
2016-08-22,2894.0,2913.300048828125,2892.0,2910.0,71.0,0.0,0.0,
2016-08-23,2914.0,2928.0,2914.0,2928.0,82.0,0.0,0.0,
2016-08-24,2925.0,2925.0,2906.0,2917.0,61.0,0.0,0.0,
2016-08-25,2914.949951171875,2915.0,2888.0,2900.0,48.0,0.0,0.0,
2016-08-26,2900.050048828125,2920.0,2892.0,2896.800048828125,35.0,0.0,0.0,
2016-08-29,2886.050048828125,2899.0,2870.10009765625,2870.10009765625,54.0,0.0,0.0,
2016-08-30,2886.39990234375,2900.0,2883.0,2884.89990234375,109.0,0.0,0.0,
2016-08-31,2894.949951171875,2900.0,2856.60009765625,2877.300048828125,41.0,0.0,0.0,
2016-09-01,2894.949951171875,2920.0,2863.050048828125,2911.25,2115.0,0.0,0.0,
2016-09-02,2885.050048828125,2949.0,2870.0,2916.050048828125,977.0,0.0,0.0,
2016-09-06,2876.0,2939.89990234375,2876.0,2887.14990234375,210.0,0.0,0.0,
2016-09-07,2949.85009765625,2950.0,2920.0,2930.199951171875,363.0,0.0,0.0,
2016-09-08,2908.050048828125,2964.0,2908.050048828125,2956.39990234375,1225.0,0.0,0.0,
2016-09-09,2918.050048828125,2934.0,2905.050048828125,2913.0,757.0,0.0,0.0,
2016-09-12,2892.0,2933.0,2892.0,2933.0,120.0,0.0,0.0,
2016-09-14,2933.0,2933.0,2900.0,2900.0,69.0,0.0,0.0,
2016-09-15,2937.0,2937.0,2900.0,2900.0,37.0,0.0,0.0,
2016-09-16,2887.050048828125,2935.0,2887.0,2930.0,1012.0,0.0,0.0,
2016-09-19,2911.050048828125,2919.949951171875,2901.050048828125,2903.0,304.0,0.0,0.0,
2016-09-20,2938.949951171875,2938.949951171875,2894.10009765625,2894.10009765625,33.0,0.0,0.0,
2016-09-21,2918.949951171875,2918.949951171875,2891.0,2896.0,127.0,0.0,0.0,
2016-09-22,2907.10009765625,3000.14990234375,2902.050048828125,2988.199951171875,1078.0,0.0,0.0,
2016-09-23,2985.85009765625,2985.89990234375,2935.949951171875,2940.699951171875,65.0,0.0,0.0,
2016-09-26,2901.0,2945.0,2900.0,2921.550048828125,103.0,0.0,0.0,
2016-09-27,2915.050048828125,2968.0,2915.050048828125,2921.300048828125,1023.0,0.0,0.0,
2016-09-28,2929.0,2929.0,2893.050048828125,2900.050048828125,41.0,0.0,0.0,
2016-09-29,2924.0,2948.949951171875,2905.14990234375,2921.050048828125,150.0,0.0,0.0,
2016-09-30,2926.25,2926.25,2912.0,2912.0,92.0,0.0,0.0,
2016-10-03,2929.0,2936.0,2907.0,2930.0,55.0,0.0,0.0,
2016-10-04,2884.0,2905.0,2884.0,2890.10009765625,98.0,0.0,0.0,
2016-10-05,2879.949951171875,2879.949951171875,2840.0,2840.0,151.0,0.0,0.0,
2016-10-06,2832.050048828125,2849.0,2826.0,2826.0,19.0,0.0,0.0,
2016-10-07,2825.199951171875,2825.199951171875,2782.0,2793.39990234375,214.0,0.0,0.0,
2016-10-10,2821.300048828125,2828.0,2792.199951171875,2794.60009765625,45.0,0.0,0.0,
2016-10-13,2791.10009765625,2819.0,2791.0,2791.0,26.0,0.0,0.0,
2016-10-14,2818.0,2818.0,2791.0,2816.0,35.0,0.0,0.0,
2016-10-17,2805.0,2824.0,2783.0,2783.0,1008.0,0.0,0.0,
2016-10-18,2829.0,2829.0,2799.949951171875,2800.0,14.0,0.0,0.0,
2016-10-19,2824.0,2824.0,2786.0,2786.0,24.0,0.0,0.0,
2016-10-20,2834.0,2839.949951171875,2800.0,2825.050048828125,670.0,0.0,0.0,
2016-10-21,2848.949951171875,2849.0,2773.10009765625,2790.699951171875,435.0,0.0,0.0,
2016-10-24,2818.0,2818.0,2777.14990234375,2781.0,8.0,0.0,0.0,
2016-10-25,2824.0,2834.0,2776.0,2788.800048828125,66.0,0.0,0.0,
2016-10-26,2812.0,2812.0,2787.0,2787.0,4.0,0.0,0.0,
2016-10-27,2818.0,2818.0,2752.0,2781.449951171875,246.0,0.0,0.0,
2016-10-28,2801.050048828125,2847.949951171875,2798.050048828125,2838.949951171875,180.0,0.0,0.0,
2016-11-01,2830.0,2830.0,2798.0,2803.10009765625,77.0,0.0,0.0,
2016-11-02,2826.050048828125,2854.0,2820.0,2827.14990234375,58.0,0.0,0.0,
2016-11-03,2844.0,2844.0,2812.199951171875,2823.60009765625,1175.0,0.0,0.0,
2016-11-04,2821.050048828125,2839.0,2815.10009765625,2837.35009765625,155.0,0.0,0.0,
2016-11-07,2834.0,2834.0,2803.0,2805.0,77.0,0.0,0.0,
2016-11-08,2814.0,2825.0,2814.0,2825.0,44.0,0.0,0.0,
2016-11-09,2850.0,2994.5,2842.0,2855.10009765625,301.0,0.0,0.0,
2016-11-10,2886.949951171875,2886.949951171875,2811.0,2826.0,1228.0,0.0,0.0,
2016-11-11,2826.0,2826.0,2772.0,2805.0,388.0,0.0,0.0,
2016-11-15,2794.0,2896.0,2750.0,2837.949951171875,775.0,0.0,0.0,
2016-11-16,2781.050048828125,2845.0,2774.0,2808.949951171875,90.0,0.0,0.0,
2016-11-17,2785.0,2785.0,2752.60009765625,2768.64990234375,57.0,0.0,0.0,
2016-11-18,2750.0,2750.0,2721.050048828125,2729.64990234375,27.0,0.0,0.0,
2016-11-21,2750.0,2750.0,2692.0,2712.64990234375,19.0,0.0,0.0,
2016-11-22,2712.050048828125,2714.050048828125,2705.0,2705.0,8.0,0.0,0.0,
2016-11-23,2734.0,2734.0,2677.050048828125,2701.699951171875,79.0,0.0,0.0,
2016-11-24,2698.0,2698.0,2695.0,2695.0,5.0,0.0,0.0,
2016-11-25,2708.949951171875,2709.0,2665.0,2699.949951171875,8.0,0.0,0.0,
2016-11-28,2698.39990234375,2722.39990234375,2684.0,2695.89990234375,1005.0,0.0,0.0,
2016-11-29,2680.14990234375,2690.050048828125,2680.10009765625,2682.0,19.0,0.0,0.0,
2016-11-30,2683.0,2708.949951171875,2677.0,2677.0,54.0,0.0,0.0,
2016-12-01,2680.0,2730.0,2635.050048828125,2690.0,34.0,0.0,0.0,
2016-12-02,2665.0,2665.0,2642.0,2652.449951171875,21.0,0.0,0.0,
2016-12-05,2655.0,2655.0,2635.0,2636.0,9.0,0.0,0.0,
2016-12-06,2621.0,2637.949951171875,2621.0,2637.949951171875,1027.0,0.0,0.0,
2016-12-07,2611.60009765625,2637.89990234375,2592.0,2610.0,28.0,0.0,0.0,
2016-12-08,2668.0,2668.0,2616.0,2623.5,22.0,0.0,0.0,
2016-12-09,2603.10009765625,2609.0,2586.0,2586.0,34.0,0.0,0.0,
2016-12-12,2582.0,2599.0,2567.0,2571.550048828125,1075.0,0.0,0.0,
2016-12-13,2597.300048828125,2619.0,2568.0,2568.10009765625,8.0,0.0,0.0,
2016-12-14,2600.050048828125,2600.050048828125,2567.949951171875,2568.0,177.0,0.0,0.0,
2016-12-15,2551.0,2560.0,2545.0,2550.0,1140.0,0.0,0.0,
2016-12-16,2559.949951171875,2559.949951171875,2540.89990234375,2540.89990234375,8.0,0.0,0.0,
2016-12-19,2535.050048828125,2554.949951171875,2535.0,2541.0,8.0,0.0,0.0,
2016-12-20,2551.0,2555.0,2550.949951171875,2551.0,25.0,0.0,0.0,
2016-12-21,2550.0,2550.25,2536.0,2548.699951171875,64.0,0.0,0.0,
2016-12-22,2541.10009765625,2545.550048828125,2512.050048828125,2522.050048828125,45.0,0.0,0.0,
2016-12-23,2527.0,2547.300048828125,2522.0,2535.0,1061.0,0.0,0.0,
2016-12-26,2547.949951171875,2547.949951171875,2531.0,2534.25,65.0,0.0,0.0,
2016-12-27,2531.0,2540.050048828125,2516.0,2539.64990234375,178.0,0.0,0.0,
2016-12-28,2540.0,2558.0,2534.949951171875,2558.0,22.0,0.0,0.0,
2016-12-29,2550.0,2559.0,2539.949951171875,2559.0,38.0,0.0,0.0,
2016-12-30,2574.0,2574.0,2554.0,2560.0,11.0,0.0,0.0,
2017-01-02,2593.949951171875,2593.949951171875,2521.0,2536.35009765625,37.0,0.0,0.0,
2017-01-03,2573.949951171875,2574.0,2532.0,2572.0,1038.0,0.0,0.0,
2017-01-04,2570.0,2570.199951171875,2569.949951171875,2570.0,46.0,0.0,0.0,
2017-01-05,2551.0,2644.0,2551.0,2607.35009765625,165.0,0.0,0.0,
2017-01-06,2632.949951171875,2650.0,2606.050048828125,2620.0,153.0,0.0,0.0,
2017-01-09,2611.0,2628.0,2600.0,2602.0,150.0,0.0,0.0,
2017-01-10,2612.050048828125,2612.050048828125,2606.0,2606.199951171875,4.0,0.0,0.0,
2017-01-11,2622.0,2622.0,2614.0,2618.10009765625,31.0,0.0,0.0,
2017-01-12,2631.0,2642.0,2627.0,2631.0,32.0,0.0,0.0,
2017-01-13,2616.0,2630.0,2616.0,2630.0,36.0,0.0,0.0,
2017-01-16,2650.0,2655.0,2635.0,2650.050048828125,43.0,0.0,0.0,
2017-01-17,2650.0,2650.0,2650.0,2650.0,3.0,0.0,0.0,
2017-01-18,2650.0,2650.14990234375,2650.0,2650.14990234375,8.0,0.0,0.0,
2017-01-19,2635.0,2647.0,2620.0,2647.0,109.0,0.0,0.0,
2017-01-20,2635.050048828125,2660.0,2623.0,2659.14990234375,1009.0,0.0,0.0,
2017-01-23,2658.0,2799.0,2638.0,2750.60009765625,280.0,0.0,0.0,
2017-01-24,2732.0,2814.0,2725.0,2810.14990234375,753.0,0.0,0.0,
2017-01-25,2725.800048828125,2794.0,2725.800048828125,2731.0,25.0,0.0,0.0,
2017-01-27,2731.0,2731.0,2685.699951171875,2685.699951171875,11.0,0.0,0.0,
2017-01-30,2685.699951171875,2685.699951171875,2685.699951171875,2685.699951171875,3.0,0.0,0.0,
2017-01-31,2700.0,2789.0,2700.0,2738.60009765625,30.0,0.0,0.0,
2017-02-01,2661.10009765625,2700.0,2661.050048828125,2700.0,84.0,0.0,0.0,
2017-02-02,2745.0,2750.0,2661.050048828125,2671.89990234375,17.0,0.0,0.0,
2017-02-03,2700.0,2710.0,2652.0,2690.0,1014.0,0.0,0.0,
2017-02-06,2664.0,2700.0,2663.300048828125,2698.0,25.0,0.0,0.0,
2017-02-07,2700.89990234375,2704.0,2698.050048828125,2702.050048828125,101.0,0.0,0.0,
2017-02-08,2700.0,2713.949951171875,2682.050048828125,2713.949951171875,14.0,0.0,0.0,
2017-02-09,2719.949951171875,2719.949951171875,2693.0,2711.10009765625,20.0,0.0,0.0,
2017-02-13,2711.0,2712.050048828125,2710.0,2710.0,214.0,0.0,0.0,
2017-02-14,2769.0,2769.0,2711.0,2711.35009765625,16.0,0.0,0.0,
2017-02-15,2673.0,2690.0,2672.0,2675.60009765625,132.0,0.0,0.0,
2017-02-16,2681.0,2700.0,2680.0,2680.0,34.0,0.0,0.0,
2017-02-17,2699.89990234375,2700.0,2686.0,2700.0,115.0,0.0,0.0,
2017-02-20,2675.550048828125,2677.0,2675.5,2677.0,16.0,0.0,0.0,
2017-02-21,2666.050048828125,2675.0,2665.0,2669.85009765625,48.0,0.0,0.0,
2017-02-23,2660.050048828125,2699.0,2646.0,2699.0,1011.0,0.0,0.0,
2017-02-27,2730.0,2730.0,2662.050048828125,2675.800048828125,76.0,0.0,0.0,
2017-02-28,2700.0,2719.0,2681.0,2700.25,1099.0,0.0,0.0,
2017-03-01,2708.0,2710.0,2683.300048828125,2683.300048828125,20.0,0.0,0.0,
2017-03-02,2683.0,2708.699951171875,2674.949951171875,2681.449951171875,99.0,0.0,0.0,
2017-03-03,2652.14990234375,2784.0,2652.14990234375,2769.5,851.0,0.0,0.0,
2017-03-06,2710.699951171875,2785.0,2710.35009765625,2755.85009765625,295.0,0.0,0.0,
2017-03-07,2710.14990234375,2720.0,2680.10009765625,2692.0,130.0,0.0,0.0,
2017-03-08,2692.050048828125,2692.050048828125,2651.0,2653.0,32.0,0.0,0.0,
2017-03-09,2675.050048828125,2675.050048828125,2653.0,2653.0,16.0,0.0,0.0,
2017-03-10,2640.0,2665.050048828125,2640.0,2640.0,64.0,0.0,0.0,
2017-03-14,2640.0,2649.0,2612.199951171875,2620.0,57.0,0.0,0.0,
2017-03-15,2620.050048828125,2620.050048828125,2584.0,2587.0,46.0,0.0,0.0,
2017-03-16,2602.0,2625.0,2602.0,2605.199951171875,56.0,0.0,0.0,
2017-03-17,2607.0,2611.050048828125,2607.0,2610.050048828125,162.0,0.0,0.0,
2017-03-20,2635.0,2635.0,2594.0,2610.0,126.0,0.0,0.0,
2017-03-21,2583.0,2634.0,2574.199951171875,2583.39990234375,176.0,0.0,0.0,
2017-03-22,2619.0,2683.0,2612.0,2636.0,1083.0,0.0,0.0,
2017-03-23,2602.0,2629.89990234375,2602.0,2626.0,113.0,0.0,0.0,
2017-03-24,2607.0,2618.949951171875,2602.0,2618.949951171875,80.0,0.0,0.0,
2017-03-27,2659.0,2660.0,2615.050048828125,2624.35009765625,102.0,0.0,0.0,
2017-03-28,2620.10009765625,2800.0,2620.0,2771.199951171875,1072.0,0.0,0.0,
2017-03-29,2715.800048828125,2759.949951171875,2626.0,2759.949951171875,166.0,0.0,0.0,
2017-03-31,2622.050048828125,2650.0,2621.0,2630.10009765625,135.0,0.0,0.0,
2017-04-03,2630.0,2657.949951171875,2606.60009765625,2608.699951171875,1081.0,0.0,0.0,
2017-04-05,2639.0,2650.0,2623.60009765625,2637.14990234375,79.0,0.0,0.0,
2017-04-06,2669.0,2669.0,2642.0,2642.0,84.0,0.0,0.0,
2017-04-07,2650.0,2650.0,2640.0,2640.0,11.0,0.0,0.0,
2017-04-10,2640.0,2640.0,2640.0,2640.0,46.0,0.0,0.0,
2017-04-11,2674.0,2674.0,2641.0,2641.0,2.0,0.0,0.0,
2017-04-12,2642.0,2670.0,2642.0,2669.89990234375,53.0,0.0,0.0,
2017-04-13,2719.89990234375,2719.89990234375,2650.0,2671.699951171875,162.0,0.0,0.0,
2017-04-17,2699.0,2699.0,2670.300048828125,2690.0,22.0,0.0,0.0,
2017-04-18,2665.0,2709.0,2657.14990234375,2657.14990234375,16.0,0.0,0.0,
2017-04-19,2688.0,2849.0,2688.0,2849.0,1775.0,0.0,0.0,
2017-04-20,2839.949951171875,2839.949951171875,2702.050048828125,2799.89990234375,86.0,0.0,0.0,
2017-04-21,2726.0,2948.0,2726.0,2895.39990234375,234.0,0.0,0.0,
2017-04-24,2808.5,2808.5,2775.0,2781.0,8.0,0.0,0.0,
2017-04-25,2867.0,2867.0,2705.0,2799.949951171875,1187.0,0.0,0.0,
2017-04-26,2772.0,2799.0,2745.0,2799.0,3.0,0.0,0.0,
2017-04-27,2751.0,2789.0,2750.0,2787.10009765625,32.0,0.0,0.0,
2017-04-28,2677.0,2798.89990234375,2677.0,2733.0,258.0,0.0,0.0,
2017-05-02,2693.60009765625,2728.10009765625,2672.199951171875,2688.10009765625,1148.0,0.0,0.0,
2017-05-03,2714.0,2714.0,2661.10009765625,2709.0,30.0,0.0,0.0,
2017-05-04,2699.0,2705.0,2662.0,2704.0,18.0,0.0,0.0,
2017-05-05,2700.0,2700.0,2629.0,2640.0,180.0,0.0,0.0,
2017-05-08,2698.0,2698.0,2613.0,2616.550048828125,84.0,0.0,0.0,
2017-05-09,2650.0,2650.0,2625.0,2625.0,8.0,0.0,0.0,
2017-05-10,2595.10009765625,2643.0,2595.10009765625,2626.0,1053.0,0.0,0.0,
2017-05-11,2606.25,2606.25,2600.0,2600.0,5.0,0.0,0.0,
2017-05-12,2601.0,2620.0,2601.0,2603.199951171875,55.0,0.0,0.0,
2017-05-15,2605.0,2649.0,2605.0,2649.0,6.0,0.0,0.0,
2017-05-16,2602.0,2613.0,2588.0,2607.0,52.0,0.0,0.0,
2017-05-17,2620.0,2637.0,2616.60009765625,2629.89990234375,69.0,0.0,0.0,
2017-05-18,2649.89990234375,2649.89990234375,2649.89990234375,2649.89990234375,4.0,0.0,0.0,
2017-05-19,2627.0,2790.0,2627.0,2691.449951171875,1574.0,0.0,0.0,
2017-05-22,2683.0,2699.949951171875,2653.300048828125,2657.0,131.0,0.0,0.0,
2017-05-23,2700.0,2700.0,2666.0,2689.0,57.0,0.0,0.0,
2017-05-24,2680.0,2680.0,2644.10009765625,2674.0,88.0,0.0,0.0,
2017-05-25,2675.0,2694.0,2650.0,2650.39990234375,1053.0,0.0,0.0,
2017-05-26,2689.0,2689.0,2633.050048828125,2675.0,49.0,0.0,0.0,
2017-05-29,2670.0,2670.0,2607.0,2639.89990234375,263.0,0.0,0.0,
2017-05-30,2610.10009765625,2635.0,2610.10009765625,2635.0,45.0,0.0,0.0,
2017-05-31,2635.050048828125,2650.0,2635.050048828125,2649.550048828125,25.0,0.0,0.0,
2017-06-01,2621.050048828125,2650.0,2621.050048828125,2650.0,16.0,0.0,0.0,
2017-06-02,2699.0,2699.0,2632.0,2634.050048828125,102.0,0.0,0.0,
2017-06-05,2653.10009765625,2750.0,2650.0,2750.0,890.0,0.0,0.0,
2017-06-06,2675.0,2800.0,2675.0,2750.0,372.0,0.0,0.0,
2017-06-07,2727.0,2727.0,2691.0,2691.0,22.0,0.0,0.0,
2017-06-08,2691.0,2863.0,2668.0,2704.0,1366.0,0.0,0.0,
2017-06-09,2704.0,2704.0,2674.10009765625,2674.10009765625,9.0,0.0,0.0,
2017-06-12,2641.0,2718.0,2641.0,2671.75,234.0,0.0,0.0,
2017-06-14,2728.0,2740.0,2656.0,2740.0,1355.0,0.0,0.0,
2017-06-15,2719.0,2719.0,2640.0,2657.050048828125,139.0,0.0,0.0,
2017-06-16,2667.949951171875,2667.949951171875,2667.949951171875,2667.949951171875,1.0,0.0,0.0,
2017-06-19,2650.0,2650.0,2610.050048828125,2649.0,130.0,0.0,0.0,
2017-06-20,2650.0,2659.949951171875,2649.949951171875,2650.0,41.0,0.0,0.0,
2017-06-21,2640.0,2700.0,2640.0,2688.050048828125,1432.0,0.0,0.0,
2017-06-22,2688.0,2697.5,2688.0,2697.5,14.0,0.0,0.0,
2017-06-23,2643.0,2668.0,2643.0,2655.89990234375,74.0,0.0,0.0,
2017-06-27,2654.949951171875,2654.949951171875,2624.0,2642.0,61.0,0.0,0.0,
2017-06-28,2650.0,2650.0,2640.0,2641.0,25.0,0.0,0.0,
2017-06-29,2627.300048828125,2688.0,2622.050048828125,2622.050048828125,15.0,0.0,0.0,
2017-06-30,2612.0,2669.0,2600.050048828125,2628.14990234375,1398.0,0.0,0.0,
2017-07-03,2649.0,2649.0,2602.0,2610.300048828125,39.0,0.0,0.0,
2017-07-04,2593.0,2620.0,2591.0,2620.0,11.0,0.0,0.0,
2017-07-05,2619.60009765625,2619.60009765625,2591.0,2591.0,28.0,0.0,0.0,
2017-07-06,2587.0,2600.0,2587.0,2600.0,11.0,0.0,0.0,
2017-07-07,2577.35009765625,2577.35009765625,2572.199951171875,2572.199951171875,13.0,0.0,0.0,
2017-07-10,2718.0,2718.0,2526.050048828125,2536.800048828125,100.0,0.0,0.0,
2017-07-11,2560.0,2619.0,2540.0,2607.199951171875,124.0,0.0,0.0,
2017-07-12,2541.050048828125,2579.0,2541.050048828125,2556.10009765625,72.0,0.0,0.0,
2017-07-13,2606.0,2606.0,2552.199951171875,2575.0,26.0,0.0,0.0,
2017-07-14,2569.0,2620.050048828125,2561.0,2577.10009765625,2184.0,0.0,0.0,
2017-07-17,2577.10009765625,2669.949951171875,2577.10009765625,2653.75,316.0,0.0,0.0,
2017-07-18,2651.14990234375,2689.0,2635.0,2635.0,30.0,0.0,0.0,
2017-07-19,2650.0,2650.0,2620.0,2650.0,66.0,0.0,0.0,
2017-07-20,2588.0,2650.0,2588.0,2650.0,53.0,0.0,0.0,
2017-07-21,2650.0,2650.0,2650.0,2650.0,50.0,0.0,0.0,
2017-07-24,2650.0,2650.0,2642.0,2642.0,8.0,0.0,0.0,
2017-07-25,2688.0,2750.0,2652.0,2722.949951171875,61.0,0.0,0.0,
2017-07-26,2652.0,2652.0,2611.0,2625.0,632.0,0.0,0.0,
2017-07-27,2625.0,2648.0,2625.0,2648.0,11.0,0.0,0.0,
2017-07-28,2639.0,2640.0,2617.0,2634.0,16.0,0.0,0.0,
2017-07-31,2636.0,2636.0,2611.0,2625.0,58.0,0.0,0.0,
2017-08-01,2645.0,2645.0,2607.10009765625,2611.800048828125,24.0,0.0,0.0,
2017-08-02,2592.0,2640.0,2592.0,2640.0,1004.0,0.0,0.0,
2017-08-03,2592.050048828125,2670.0,2592.050048828125,2662.39990234375,491.0,0.0,0.0,
2017-08-04,2639.949951171875,2694.949951171875,2639.949951171875,2661.0,123.0,0.0,0.0,
2017-08-07,2679.0,2679.0,2650.10009765625,2650.10009765625,11.0,0.0,0.0,
2017-08-08,2617.0,2670.0,2617.0,2670.0,81.0,0.0,0.0,
2017-08-09,2633.199951171875,2828.0,2633.199951171875,2660.10009765625,81.0,0.0,0.0,
2017-08-10,2660.10009765625,2660.10009765625,2660.10009765625,2660.10009765625,0.0,0.0,0.0,
2017-08-11,2662.0,2705.199951171875,2662.0,2705.0,239.0,0.0,0.0,
2017-08-14,2700.0,2705.0,2680.300048828125,2705.0,13.0,0.0,0.0,
2017-08-16,2651.199951171875,2670.0,2651.199951171875,2670.0,200.0,0.0,0.0,
2017-08-17,2652.0,2739.0,2652.0,2701.85009765625,58.0,0.0,0.0,
2017-08-18,2749.0,2948.0,2681.10009765625,2800.0,568.0,0.0,0.0,
2017-08-21,2717.199951171875,2749.89990234375,2717.199951171875,2719.0,33.0,0.0,0.0,
2017-08-22,2719.0,2719.0,2719.0,2719.0,0.0,0.0,0.0,
2017-08-23,2653.300048828125,2665.199951171875,2653.300048828125,2665.199951171875,20.0,0.0,0.0,
2017-08-24,2672.0,2689.0,2670.050048828125,2689.0,53.0,0.0,0.0,
2017-08-28,2662.0,2718.949951171875,2660.0,2702.14990234375,148.0,0.0,0.0,
2017-08-29,2718.0,2758.0,2718.0,2750.550048828125,1266.0,0.0,0.0,
2017-08-30,2723.0,2832.89990234375,2704.050048828125,2825.0,983.0,0.0,0.0,
2017-08-31,2797.0,2800.0,2713.60009765625,2744.14990234375,1758.0,0.0,0.0,
2017-09-01,2771.60009765625,2794.0,2757.0,2762.0,18.0,0.0,0.0,
2017-09-04,2800.0,2830.0,2777.0,2801.10009765625,164.0,0.0,0.0,
2017-09-05,2812.0,2839.0,2800.0,2800.0,99.0,0.0,0.0,
2017-09-06,2791.0,2810.0,2780.0,2810.0,478.0,0.0,0.0,
2017-09-07,2829.949951171875,2829.949951171875,2800.050048828125,2800.050048828125,2.0,0.0,0.0,
2017-09-08,2803.0,2910.0,2800.0,2903.050048828125,1966.0,0.0,0.0,
2017-09-11,2871.0,2939.0,2846.0,2939.0,174.0,0.0,0.0,
2017-09-12,2934.0,2937.0,2885.0,2925.0,88.0,0.0,0.0,
2017-09-13,2837.199951171875,2837.199951171875,2800.0,2815.0,25.0,0.0,0.0,
2017-09-14,2778.0,2790.0,2752.60009765625,2779.64990234375,807.0,0.0,0.0,
2017-09-15,2760.10009765625,2800.0,2747.0,2768.89990234375,230.0,0.0,0.0,
2017-09-18,2768.0,2768.0,2768.0,2768.0,10.0,0.0,0.0,
2017-09-19,2732.0,2755.0,2726.60009765625,2750.0,440.0,0.0,0.0,
2017-09-20,2750.0,2785.0,2750.0,2770.25,53.0,0.0,0.0,
2017-09-21,2735.0,2770.0,2706.60009765625,2739.949951171875,647.0,0.0,0.0,
2017-09-22,2753.050048828125,2800.0,2745.0,2750.050048828125,1099.0,0.0,0.0,
2017-09-25,2777.0,2790.0,2753.10009765625,2753.10009765625,20.0,0.0,0.0,
2017-09-26,2800.050048828125,2800.050048828125,2779.949951171875,2786.10009765625,67.0,0.0,0.0,
2017-09-27,2760.10009765625,2770.0,2760.10009765625,2762.199951171875,78.0,0.0,0.0,
2017-09-28,2789.0,2789.0,2707.0,2718.050048828125,237.0,0.0,0.0,
2017-09-29,2735.0,2735.0,2723.0,2724.10009765625,45.0,0.0,0.0,
2017-10-03,2725.0,2768.0,2725.0,2725.0,91.0,0.0,0.0,
2017-10-04,2725.0,2749.0,2717.0,2730.35009765625,118.0,0.0,0.0,
2017-10-05,2730.35009765625,2730.35009765625,2730.35009765625,2730.35009765625,0.0,0.0,0.0,
2017-10-06,2731.0,2748.0,2700.0,2719.85009765625,454.0,0.0,0.0,
2017-10-09,2735.10009765625,2798.949951171875,2716.10009765625,2740.10009765625,123.0,0.0,0.0,
2017-10-10,2741.050048828125,2767.0,2734.949951171875,2751.0,114.0,0.0,0.0,
2017-10-11,2740.10009765625,2779.0,2730.0,2741.0,822.0,0.0,0.0,
2017-10-12,2752.0,2788.0,2743.0,2744.10009765625,60.0,0.0,0.0,
2017-10-13,2797.949951171875,2797.949951171875,2700.0,2728.300048828125,1419.0,0.0,0.0,
2017-10-16,2749.0,2782.0,2737.050048828125,2770.0,1101.0,0.0,0.0,
2017-10-17,2751.050048828125,2828.0,2730.050048828125,2792.35009765625,2600.0,0.0,0.0,
2017-10-18,2741.050048828125,2750.0,2731.10009765625,2740.949951171875,171.0,0.0,0.0,
2017-10-19,2787.949951171875,2787.949951171875,2771.0,2782.300048828125,3.0,0.0,0.0,
2017-10-23,2729.949951171875,2764.0,2716.0,2730.0,144.0,0.0,0.0,
2017-10-24,2717.10009765625,2735.0,2717.10009765625,2727.949951171875,79.0,0.0,0.0,
2017-10-25,2710.10009765625,2723.0,2700.0,2707.10009765625,368.0,0.0,0.0,
2017-10-26,2702.199951171875,2720.0,2700.199951171875,2700.89990234375,162.0,0.0,0.0,
2017-10-27,2749.0,2749.0,2681.050048828125,2683.64990234375,258.0,0.0,0.0,
2017-10-30,2748.949951171875,2748.949951171875,2691.300048828125,2691.300048828125,50.0,0.0,0.0,
2017-10-31,2700.0,2733.0,2700.0,2701.0,155.0,0.0,0.0,
2017-11-01,2705.0,2733.0,2681.0,2701.25,479.0,0.0,0.0,
2017-11-02,2696.050048828125,2709.0,2688.050048828125,2695.699951171875,205.0,0.0,0.0,
2017-11-03,2681.0,2790.0,2677.39990234375,2741.449951171875,2068.0,0.0,0.0,
2017-11-06,2750.0,2750.0,2688.050048828125,2702.0,50.0,0.0,0.0,
2017-11-07,2707.0,2710.0,2703.300048828125,2707.85009765625,27.0,0.0,0.0,
2017-11-08,2707.0,2765.050048828125,2706.0,2765.0,394.0,0.0,0.0,
2017-11-09,2775.050048828125,2775.050048828125,2715.0,2722.60009765625,317.0,0.0,0.0,
2017-11-10,2726.0,2823.0,2726.0,2804.5,788.0,0.0,0.0,
2017-11-13,2727.050048828125,2740.050048828125,2722.0,2729.35009765625,371.0,0.0,0.0,
2017-11-14,2730.050048828125,2750.050048828125,2714.050048828125,2718.10009765625,391.0,0.0,0.0,
2017-11-15,2731.050048828125,2750.050048828125,2728.0,2748.050048828125,40.0,0.0,0.0,
2017-11-16,2721.10009765625,2723.0,2717.0,2717.0,203.0,0.0,0.0,
2017-11-17,2720.0,2725.0,2711.14990234375,2720.0,303.0,0.0,0.0,
2017-11-20,2760.050048828125,2799.89990234375,2735.0,2774.949951171875,1476.0,0.0,0.0,
2017-11-21,2747.199951171875,2747.199951171875,2730.0,2733.60009765625,141.0,0.0,0.0,
2017-11-22,2720.0,2730.050048828125,2720.0,2727.050048828125,204.0,0.0,0.0,
2017-11-23,2727.0,2760.0,2727.0,2740.0,89.0,0.0,0.0,
2017-11-24,2736.10009765625,2751.050048828125,2720.25,2723.949951171875,317.0,0.0,0.0,
2017-11-27,2730.0,2769.0,2730.0,2739.550048828125,315.0,0.0,0.0,
2017-11-28,2725.050048828125,2725.35009765625,2713.300048828125,2723.300048828125,142.0,0.0,0.0,
2017-11-29,2725.10009765625,2770.0,2706.60009765625,2737.050048828125,1335.0,0.0,0.0,
2017-11-30,2717.050048828125,2720.0,2707.0,2710.35009765625,164.0,0.0,0.0,
2017-12-01,2705.0,2715.0,2692.550048828125,2700.25,171.0,0.0,0.0,
2017-12-04,2702.0,2702.0,2700.0,2700.0,8.0,0.0,0.0,
2017-12-05,2700.0,2700.0,2685.60009765625,2688.199951171875,651.0,0.0,0.0,
2017-12-06,2671.0,2679.0,2663.25,2679.0,54.0,0.0,0.0,
2017-12-07,2665.10009765625,2665.10009765625,2652.60009765625,2657.449951171875,225.0,0.0,0.0,
2017-12-08,2633.0,2669.0,2616.25,2627.10009765625,108.0,0.0,0.0,
2017-12-11,2656.0,2656.0,2621.10009765625,2648.0,69.0,0.0,0.0,
2017-12-12,2645.0,2645.0,2615.0,2630.64990234375,1606.0,0.0,0.0,
2017-12-13,2625.64990234375,2630.0,2610.949951171875,2620.949951171875,152.0,0.0,0.0,
2017-12-14,2635.0,2635.0,2630.300048828125,2631.949951171875,18.0,0.0,0.0,
2017-12-15,2624.0,2624.0,2623.0,2623.0,9.0,0.0,0.0,
2017-12-18,2623.0,2623.0,2623.0,2623.0,0.0,0.0,0.0,
2017-12-19,2623.0,2627.10009765625,2606.60009765625,2609.39990234375,338.0,0.0,0.0,
2017-12-20,2616.0,2620.0,2602.0,2607.75,197.0,0.0,0.0,
2017-12-21,2622.0,2647.0,2605.050048828125,2611.550048828125,284.0,0.0,0.0,
2017-12-22,2630.0,2638.0,2620.0,2633.199951171875,240.0,0.0,0.0,
2017-12-26,2635.0,2790.0,2603.0,2750.0,3397.0,0.0,0.0,
2017-12-27,2750.0,2750.0,2650.050048828125,2699.550048828125,114.0,0.0,0.0,
2017-12-28,2700.050048828125,2710.0,2700.0,2700.0,63.0,0.0,0.0,
2017-12-29,2700.0,2709.0,2700.0,2701.0,281.0,0.0,0.0,
2018-01-01,2701.0,2713.0,2701.0,2708.550048828125,304.0,0.0,0.0,
2018-01-02,2744.0,2800.0,2703.10009765625,2754.75,1192.0,0.0,0.0,
2018-01-03,2755.0,2755.0,2721.0,2740.5,157.0,0.0,0.0,
2018-01-04,2711.10009765625,2711.10009765625,2711.10009765625,2711.10009765625,6.0,0.0,0.0,
2018-01-05,2717.300048828125,2723.0,2717.300048828125,2723.0,24.0,0.0,0.0,
2018-01-08,2722.0,3330.0,2722.0,2932.300048828125,2307.0,0.0,0.0,
2018-01-09,2873.699951171875,2873.699951171875,2750.050048828125,2763.89990234375,1712.0,0.0,0.0,
2018-01-10,2751.0,2800.0,2750.050048828125,2800.0,89.0,0.0,0.0,
2018-01-11,2800.0,2810.0,2781.0,2781.0,15.0,0.0,0.0,
2018-01-12,2781.10009765625,2786.5,2781.0,2785.75,5.0,0.0,0.0,
2018-01-15,2893.0,2893.0,2778.10009765625,2797.60009765625,129.0,0.0,0.0,
2018-01-16,2772.0,2807.699951171875,2771.050048828125,2782.14990234375,435.0,0.0,0.0,
2018-01-17,2782.5,2798.0,2775.050048828125,2790.0,82.0,0.0,0.0,
2018-01-18,2775.0,2780.0,2762.0,2770.0,101.0,0.0,0.0,
2018-01-19,2752.5,2800.0,2752.5,2800.0,209.0,0.0,0.0,
2018-01-22,2753.0,2799.0,2753.0,2773.35009765625,424.0,0.0,0.0,
2018-01-23,2763.0,2849.0,2763.0,2830.39990234375,1467.0,0.0,0.0,
2018-01-24,2785.0,2799.0,2785.0,2785.949951171875,591.0,0.0,0.0,
2018-01-25,2780.0,2819.0,2780.0,2795.449951171875,393.0,0.0,0.0,
2018-01-29,2773.35009765625,2790.89990234375,2773.35009765625,2782.199951171875,173.0,0.0,0.0,
2018-01-30,2782.0,2799.0,2770.0,2775.0,299.0,0.0,0.0,
2018-01-31,2763.10009765625,2845.0,2763.10009765625,2804.85009765625,1215.0,0.0,0.0,
2018-02-01,2751.0,2850.0,2751.0,2810.39990234375,937.0,0.0,0.0,
2018-02-02,2790.10009765625,2876.0,2790.10009765625,2807.050048828125,369.0,0.0,0.0,
2018-02-05,2807.050048828125,2810.0,2780.050048828125,2792.050048828125,438.0,0.0,0.0,
2018-02-06,2787.0,2891.0,2775.0,2885.89990234375,1459.0,0.0,0.0,
2018-02-07,2828.199951171875,2888.949951171875,2801.0,2806.60009765625,1546.0,0.0,0.0,
2018-02-08,2763.300048828125,2847.0,2763.300048828125,2820.800048828125,1248.0,0.0,0.0,
2018-02-09,2800.0,2863.0,2800.0,2817.75,898.0,0.0,0.0,
2018-02-12,2825.0,2825.0,2815.0,2820.0,173.0,0.0,0.0,
2018-02-14,2821.10009765625,2940.0,2821.10009765625,2932.64990234375,311.0,0.0,0.0,
2018-02-15,2851.10009765625,2870.0,2851.0,2854.050048828125,232.0,0.0,0.0,
2018-02-16,2859.0,2880.0,2859.0,2869.0,81.0,0.0,0.0,
2018-02-19,2898.0,2918.800048828125,2850.0,2901.0,806.0,0.0,0.0,
2018-02-20,2880.0,2900.0,2880.0,2900.0,235.0,0.0,0.0,
2018-02-21,2944.0,2944.0,2860.0,2860.199951171875,384.0,0.0,0.0,
2018-02-22,2850.0,2850.0,2830.0,2830.0,30.0,0.0,0.0,
2018-02-23,2812.0,2940.0,2812.0,2852.64990234375,746.0,0.0,0.0,
2018-02-26,2889.0,2899.0,2855.0,2867.85009765625,340.0,0.0,0.0,
2018-02-27,2851.5,2870.0,2851.5,2863.050048828125,21.0,0.0,0.0,
2018-02-28,2870.0,2870.0,2833.0,2836.0,12.0,0.0,0.0,
2018-03-01,2832.5,2840.0,2819.0,2821.949951171875,188.0,0.0,0.0,
2018-03-05,2850.0,2885.0,2840.0,2868.0,1372.0,0.0,0.0,
2018-03-06,2898.0,2898.0,2841.0,2841.699951171875,7.0,0.0,0.0,
2018-03-07,2840.0,2855.0,2840.0,2846.050048828125,178.0,0.0,0.0,
2018-03-08,2847.0,2847.0,2833.0,2834.10009765625,78.0,0.0,0.0,
2018-03-09,2822.0,2834.0,2822.0,2822.0,217.0,0.0,0.0,
2018-03-12,2822.050048828125,2834.0,2812.5,2824.75,275.0,0.0,0.0,
2018-03-13,2808.14990234375,2885.0,2805.0,2870.0,1166.0,0.0,0.0,
2018-03-14,2868.0,2868.0,2868.0,2868.0,1.0,0.0,0.0,
2018-03-15,2870.0,2870.0,2828.0,2828.050048828125,109.0,0.0,0.0,
2018-03-16,2830.0,2830.0,2810.39990234375,2820.050048828125,60.0,0.0,0.0,
2018-03-19,2820.0,2862.0,2795.550048828125,2807.800048828125,443.0,0.0,0.0,
2018-03-20,2830.10009765625,2875.0,2830.0,2834.800048828125,1076.0,0.0,0.0,
2018-03-21,2830.0,2831.0,2821.050048828125,2826.75,150.0,0.0,0.0,
2018-03-22,2850.0,2874.949951171875,2836.10009765625,2840.14990234375,263.0,0.0,0.0,
2018-03-23,2851.0,2895.0,2847.0,2892.25,726.0,0.0,0.0,
2018-03-26,2938.0,2938.0,2870.0,2900.25,443.0,0.0,0.0,
2018-03-27,2861.0,2880.0,2861.0,2880.0,413.0,0.0,0.0,
2018-03-28,2870.0,2950.0,2870.0,2900.0,659.0,0.0,0.0,
2018-04-02,2850.0,2851.0,2847.10009765625,2848.60009765625,200.0,0.0,0.0,
2018-04-03,2900.0,2925.0,2860.60009765625,2862.949951171875,101.0,0.0,0.0,
2018-04-04,2850.0,2930.0,2850.0,2930.0,2067.0,0.0,0.0,
2018-04-05,2880.050048828125,2920.0,2880.0,2920.0,129.0,0.0,0.0,
2018-04-06,2850.14990234375,2852.10009765625,2850.10009765625,2851.300048828125,31.0,0.0,0.0,
2018-04-09,2853.300048828125,2870.0,2853.300048828125,2869.800048828125,48.0,0.0,0.0,
2018-04-10,2870.0,2870.0,2860.050048828125,2860.050048828125,15.0,0.0,0.0,
2018-04-11,2900.0,2928.949951171875,2873.0,2918.550048828125,2509.0,0.0,0.0,
2018-04-12,2950.0,2950.0,2904.0,2916.300048828125,567.0,0.0,0.0,
2018-04-13,2949.949951171875,2949.949951171875,2900.0,2925.0,367.0,0.0,0.0,
2018-04-16,2924.0,2950.0,2924.0,2925.35009765625,210.0,0.0,0.0,
2018-04-17,2925.0,2975.0,2925.0,2970.14990234375,205.0,0.0,0.0,
2018-04-18,2993.0,3054.0,2940.0,3000.0,106.0,0.0,0.0,
2018-04-19,2955.0,2955.0,2920.199951171875,2940.0,224.0,0.0,0.0,
2018-04-20,2920.0,2950.199951171875,2917.5,2949.300048828125,462.0,0.0,0.0,
2018-04-23,2905.5,2984.0,2905.5,2946.85009765625,382.0,0.0,0.0,
2018-04-24,2921.800048828125,2947.0,2921.800048828125,2947.0,118.0,0.0,0.0,
2018-04-25,2995.0,2995.0,2946.25,2946.25,44.0,0.0,0.0,
2018-04-26,2945.0,2950.0,2945.0,2950.0,44.0,0.0,0.0,
2018-04-27,2970.0,2970.0,2970.0,2970.0,3.0,0.0,0.0,
2018-04-30,2901.050048828125,2950.0,2900.0,2950.0,92.0,0.0,0.0,
2018-05-02,2930.0,2950.0,2930.0,2950.0,185.0,0.0,0.0,
2018-05-03,2884.0,2905.0,2882.25,2900.0,443.0,0.0,0.0,
2018-05-04,2888.0,2888.0,2888.0,2888.0,4.0,0.0,0.0,
2018-05-07,3099.0,3099.0,2911.0,2911.0,3.0,0.0,0.0,
2018-05-08,2911.0,2911.0,2885.0,2900.0,285.0,0.0,0.0,
2018-05-09,2903.0,2920.0,2902.199951171875,2910.0,237.0,0.0,0.0,
2018-05-10,2912.0,2912.0,2912.0,2912.0,2.0,0.0,0.0,
2018-05-11,2950.0,2970.0,2926.050048828125,2937.300048828125,325.0,0.0,0.0,
2018-05-14,2925.0,2970.0,2925.0,2954.050048828125,1373.0,0.0,0.0,
2018-05-15,2911.0,2930.0,2911.0,2926.0,926.0,0.0,0.0,
2018-05-16,2892.0,2945.0,2892.0,2925.10009765625,1320.0,0.0,0.0,
2018-05-17,2920.0,2920.0,2900.0,2910.0,5.0,0.0,0.0,
2018-05-18,3048.0,3048.0,2872.0,2901.0,247.0,0.0,0.0,
2018-05-21,2883.0,2884.5,2875.0,2884.5,28.0,0.0,0.0,
2018-05-22,2890.0,2939.949951171875,2890.0,2928.0,866.0,0.0,0.0,
2018-05-23,2930.0,2958.949951171875,2930.0,2950.14990234375,257.0,0.0,0.0,
2018-05-24,2921.050048828125,2950.0,2915.0,2922.25,500.0,0.0,0.0,
2018-05-25,2989.0,2989.0,2915.0,2915.0,34.0,0.0,0.0,
2018-05-28,2891.0,2891.0,2878.5,2890.0,69.0,0.0,0.0,
2018-05-29,2891.35009765625,2959.0,2891.35009765625,2945.0,1160.0,0.0,0.0,
2018-05-30,2925.300048828125,2950.0,2925.300048828125,2950.0,141.0,0.0,0.0,
2018-05-31,2930.199951171875,2950.0,2930.199951171875,2950.0,51.0,0.0,0.0,
2018-06-01,2979.0,2979.0,2914.050048828125,2925.0,39.0,0.0,0.0,
2018-06-04,2857.0,2944.0,2857.0,2880.800048828125,234.0,0.0,0.0,
2018-06-05,2880.0,2900.0,2877.0,2880.300048828125,215.0,0.0,0.0,
2018-06-06,2886.050048828125,2937.0,2883.10009765625,2883.10009765625,20.0,0.0,0.0,
2018-06-07,2883.10009765625,2883.10009765625,2869.0,2881.0,32.0,0.0,0.0,
2018-06-08,2883.050048828125,2920.0,2883.050048828125,2918.14990234375,241.0,0.0,0.0,
2018-06-11,2949.949951171875,2949.949951171875,2905.0,2905.300048828125,136.0,0.0,0.0,
2018-06-12,2910.0,2910.0,2900.0,2902.75,478.0,0.0,0.0,
2018-06-13,2919.949951171875,2919.949951171875,2890.14990234375,2890.14990234375,10.0,0.0,0.0,
2018-06-14,2902.0,2945.0,2901.0,2921.199951171875,1089.0,0.0,0.0,
2018-06-15,2979.60009765625,2979.60009765625,2900.0,2920.0,155.0,0.0,0.0,
2018-06-18,2945.0,2945.0,2887.0,2889.300048828125,31.0,0.0,0.0,
2018-06-19,3000.0,3000.0,2890.0,2891.0,93.0,0.0,0.0,
2018-06-20,2876.050048828125,2947.0,2870.0,2870.050048828125,398.0,0.0,0.0,
2018-06-21,2852.0,2900.0,2852.0,2861.35009765625,114.0,0.0,0.0,
2018-06-22,2870.0,2879.0,2852.050048828125,2868.89990234375,744.0,0.0,0.0,
2018-06-25,2899.949951171875,2940.0,2881.0,2906.5,145.0,0.0,0.0,
2018-06-26,2939.0,2939.0,2890.0,2900.0,115.0,0.0,0.0,
2018-06-27,2900.0,2900.050048828125,2900.0,2900.050048828125,64.0,0.0,0.0,
2018-06-28,2890.0,2890.0,2890.0,2890.0,4.0,0.0,0.0,
2018-06-29,2889.0,2900.0,2865.0,2865.0,56.0,0.0,0.0,
2018-07-02,2865.0,2895.0,2850.0,2852.35009765625,316.0,0.0,0.0,
2018-07-03,2870.0,2870.0,2842.10009765625,2843.35009765625,353.0,0.0,0.0,
2018-07-04,2845.0,2921.0,2845.0,2868.550048828125,308.0,0.0,0.0,
2018-07-05,2861.10009765625,2865.0,2855.0,2865.0,147.0,0.0,0.0,
2018-07-06,2852.0,2879.89990234375,2851.0,2853.25,103.0,0.0,0.0,
2018-07-09,2861.25,2865.0,2861.25,2863.0,3.0,0.0,0.0,
2018-07-10,2943.0,2943.0,2860.14990234375,2860.14990234375,17.0,0.0,0.0,
2018-07-11,2925.0,2925.0,2841.0,2851.10009765625,173.0,0.0,0.0,
2018-07-12,2851.10009765625,2851.10009765625,2825.0,2825.800048828125,99.0,0.0,0.0,
2018-07-13,2888.0,2888.0,2811.60009765625,2813.949951171875,102.0,0.0,0.0,
2018-07-16,2864.0,2864.0,2850.0,2850.0,3.0,0.0,0.0,
2018-07-17,2803.0,2839.0,2803.0,2838.949951171875,10.0,0.0,0.0,
2018-07-18,2890.0,2890.0,2777.5,2810.0,5.0,0.0,0.0,
2018-07-19,2800.0,2820.0,2800.0,2810.0,750.0,0.0,0.0,
2018-07-20,2782.050048828125,2869.949951171875,2780.0,2829.75,456.0,0.0,0.0,
2018-07-23,2807.10009765625,2809.0,2790.0,2795.64990234375,54.0,0.0,0.0,
2018-07-24,2790.0,2800.0,2790.0,2800.0,226.0,0.0,0.0,
2018-07-25,2800.0,2808.0,2794.050048828125,2805.35009765625,174.0,0.0,0.0,
2018-07-26,2785.5,2820.0,2785.5,2815.0,389.0,0.0,0.0,
2018-07-27,2800.0,3000.0,2790.050048828125,2800.10009765625,230.0,0.0,0.0,
2018-07-30,2863.0,2863.0,2786.449951171875,2792.0,7.0,0.0,0.0,
2018-07-31,2800.0,2823.0,2790.0,2809.5,414.0,0.0,0.0,
2018-08-01,2835.89990234375,2835.949951171875,2800.0,2808.75,120.0,0.0,0.0,
2018-08-02,2827.0,2827.0,2774.0,2821.39990234375,62.0,0.0,0.0,
2018-08-03,2778.0,2780.0,2760.0,2762.800048828125,202.0,0.0,0.0,
2018-08-06,2762.199951171875,2784.949951171875,2760.0,2762.35009765625,321.0,0.0,0.0,
2018-08-07,2780.14990234375,2780.14990234375,2752.10009765625,2770.0,212.0,0.0,0.0,
2018-08-08,2755.0,2784.0,2755.0,2761.199951171875,1281.0,0.0,0.0,
2018-08-09,2781.0,2781.0,2760.0,2760.0,43.0,0.0,0.0,
2018-08-10,2751.5,2769.0,2751.25,2752.10009765625,182.0,0.0,0.0,
2018-08-13,2780.0,2829.0,2770.0,2770.050048828125,40.0,0.0,0.0,
2018-08-14,2751.10009765625,2751.10009765625,2740.0,2742.0,464.0,0.0,0.0,
2018-08-16,2715.0,2754.0,2715.0,2745.0,38.0,0.0,0.0,
2018-08-17,2749.0,2759.0,2721.0,2737.60009765625,306.0,0.0,0.0,
2018-08-20,2769.0,2779.0,2733.050048828125,2760.050048828125,2258.0,0.0,0.0,
2018-08-21,2750.0,2769.0,2741.449951171875,2765.0,1792.0,0.0,0.0,
2018-08-23,2760.0,2775.0,2760.0,2774.949951171875,420.0,0.0,0.0,
2018-08-24,2750.050048828125,2779.0,2750.0,2751.14990234375,105.0,0.0,0.0,
2018-08-27,2775.050048828125,2799.0,2767.0,2781.050048828125,70.0,0.0,0.0,
2018-08-28,2780.0,2800.0,2777.0,2787.89990234375,106.0,0.0,0.0,
2018-08-29,2751.0,2810.0,2751.0,2810.0,195.0,0.0,0.0,
2018-08-30,2787.050048828125,2810.0,2787.050048828125,2810.0,44.0,0.0,0.0,
2018-08-31,2850.0,2895.0,2828.0,2844.85009765625,357.0,0.0,0.0,
2018-09-03,2830.0,2830.0,2830.0,2830.0,95.0,0.0,0.0,
2018-09-04,2840.0,2851.0,2830.0,2840.050048828125,178.0,0.0,0.0,
2018-09-05,2841.0,2841.0,2840.0,2840.0,127.0,0.0,0.0,
2018-09-06,2840.0,2840.0,2840.0,2840.0,40.0,0.0,0.0,
2018-09-07,2813.300048828125,2890.0,2813.300048828125,2855.050048828125,189.0,0.0,0.0,
2018-09-10,2850.0,2870.0,2840.0,2849.75,656.0,0.0,0.0,
2018-09-11,2861.0,2861.0,2861.0,2861.0,210.0,0.0,0.0,
2018-09-12,2840.050048828125,2890.0,2840.050048828125,2865.0,233.0,0.0,0.0,
2018-09-14,2951.0,2998.0,2840.050048828125,2881.0,46.0,0.0,0.0,
2018-09-17,2881.0,2925.0,2870.0,2900.0,34.0,0.0,0.0,
2018-09-18,2995.0,2995.0,2862.14990234375,2875.10009765625,186.0,0.0,0.0,
2018-09-19,2875.10009765625,2890.0,2870.050048828125,2880.0,435.0,0.0,0.0,
2018-09-21,2834.0,2870.0,2834.0,2870.0,198.0,0.0,0.0,
2018-09-24,2870.0,2900.0,2838.0,2882.10009765625,537.0,0.0,0.0,
2018-09-25,2882.10009765625,2890.050048828125,2880.0,2880.050048828125,326.0,0.0,0.0,
2018-09-26,2880.10009765625,2899.0,2865.0,2872.199951171875,77.0,0.0,0.0,
2018-09-27,2941.0,2941.0,2880.0,2880.0,9.0,0.0,0.0,
2018-09-28,2900.0,2900.0,2821.0,2860.0,205.0,0.0,0.0,
2018-10-01,2860.0,2860.0,2840.0,2847.0,86.0,0.0,0.0,
2018-10-03,2872.050048828125,2890.0,2872.050048828125,2880.0,5.0,0.0,0.0,
2018-10-04,2880.0,2910.0,2880.0,2910.0,320.0,0.0,0.0,
2018-10-05,2860.050048828125,2900.0,2860.0,2900.0,234.0,0.0,0.0,
2018-10-08,2870.0,2905.0,2870.0,2905.0,233.0,0.0,0.0,
2018-10-09,2900.0,2950.0,2900.0,2911.0,379.0,0.0,0.0,
2018-10-10,2901.0,2938.0,2890.14990234375,2906.0,158.0,0.0,0.0,
2018-10-11,2948.0,2951.0,2900.0,2903.60009765625,204.0,0.0,0.0,
2018-10-12,2916.550048828125,2950.0,2916.550048828125,2950.0,464.0,0.0,0.0,
2018-10-15,2950.0,3095.0,2950.0,2971.0,179.0,0.0,0.0,
2018-10-16,2970.300048828125,2971.0,2970.0,2970.0,252.0,0.0,0.0,
2018-10-17,2999.64990234375,2999.64990234375,2960.0,2960.050048828125,132.0,0.0,0.0,
2018-10-19,3080.0,3080.0,2970.0,2970.0,173.0,0.0,0.0,
2018-10-22,2971.10009765625,2990.0,2971.0,2990.0,213.0,0.0,0.0,
2018-10-23,3000.0,3000.0,2982.0,2993.800048828125,275.0,0.0,0.0,
2018-10-24,3030.0,3030.0,2980.0,2980.0,6.0,0.0,0.0,
2018-10-25,3000.0,3000.0,2960.0,2960.0,143.0,0.0,0.0,
2018-10-26,3000.0,3000.0,2960.050048828125,2974.800048828125,167.0,0.0,0.0,
2018-10-29,2970.0,2970.0,2950.0,2950.35009765625,162.0,0.0,0.0,
2018-10-30,2945.050048828125,2995.0,2940.0,2957.050048828125,173.0,0.0,0.0,
2018-10-31,2999.0,2999.0,2954.050048828125,2974.0,76.0,0.0,0.0,
2018-11-01,2979.0,2979.0,2970.0,2972.5,8.0,0.0,0.0,
2018-11-02,2952.0,2970.0,2920.0,2953.550048828125,211.0,0.0,0.0,
2018-11-05,2960.0,2989.0,2960.0,2960.0,379.0,0.0,0.0,
2018-11-06,2960.0,2990.0,2955.0,2960.0,25.0,0.0,0.0,
2018-11-07,2990.0,2990.0,2940.0,2975.89990234375,36.0,0.0,0.0,
2018-11-09,2961.050048828125,2980.800048828125,2903.050048828125,2924.60009765625,271.0,0.0,0.0,
2018-11-12,2938.0,2938.0,2860.60009765625,2872.699951171875,294.0,0.0,0.0,
2018-11-13,2900.0,2900.0,2885.0,2885.0,51.0,0.0,0.0,
2018-11-14,2868.0,2890.0,2861.050048828125,2864.35009765625,324.0,0.0,0.0,
2018-11-15,2919.0,2919.0,2873.10009765625,2875.050048828125,186.0,0.0,0.0,
2018-11-16,2857.050048828125,2919.0,2857.050048828125,2901.89990234375,842.0,0.0,0.0,
2018-11-19,2905.0,2910.0,2900.0,2900.0,206.0,0.0,0.0,
2018-11-20,2930.0,2930.0,2862.0,2900.0,100.0,0.0,0.0,
2018-11-21,2868.0,2925.0,2868.0,2910.0,5.0,0.0,0.0,
2018-11-22,2945.0,2945.0,2876.0,2895.0,13.0,0.0,0.0,
2018-11-26,2895.0,2895.0,2880.0,2880.0,12.0,0.0,0.0,
2018-11-27,2857.10009765625,2857.10009765625,2857.10009765625,2857.10009765625,3.0,0.0,0.0,
2018-11-28,2860.0,2860.0,2840.0,2840.0,89.0,0.0,0.0,
2018-11-29,2944.0,2944.0,2817.300048828125,2822.949951171875,107.0,0.0,0.0,
2018-11-30,2824.0,2824.0,2810.0,2815.0,25.0,0.0,0.0,
2018-12-03,2850.0,2868.0,2818.0,2839.550048828125,673.0,0.0,0.0,
2018-12-04,2852.25,2910.0,2852.25,2905.0,384.0,0.0,0.0,
2018-12-05,2905.0,2905.0,2905.0,2905.0,0.0,0.0,0.0,
2018-12-06,2950.0,2950.0,2878.050048828125,2900.0,100.0,0.0,0.0,
2018-12-07,2898.0,2898.0,2866.60009765625,2891.0,193.0,0.0,0.0,
2018-12-10,2924.050048828125,2944.0,2924.050048828125,2927.0,30.0,0.0,0.0,
2018-12-11,2945.0,2960.0,2930.60009765625,2931.199951171875,145.0,0.0,0.0,
2018-12-12,2922.199951171875,2930.0,2922.199951171875,2930.0,16.0,0.0,0.0,
2018-12-13,2930.0,2930.0,2902.050048828125,2914.0,63.0,0.0,0.0,
2018-12-14,2911.0,2940.0,2902.0,2922.550048828125,534.0,0.0,0.0,
2018-12-17,2929.0,2929.0,2911.14990234375,2912.0,132.0,0.0,0.0,
2018-12-18,2920.0,2925.0,2900.0,2916.800048828125,641.0,0.0,0.0,
2018-12-19,2882.5,2925.0,2882.5,2911.199951171875,273.0,0.0,0.0,
2018-12-20,2990.0,2999.949951171875,2886.0,2999.949951171875,136.0,0.0,0.0,
2018-12-21,2995.0,2999.949951171875,2905.050048828125,2930.35009765625,82.0,0.0,0.0,
2018-12-24,2990.0,2990.0,2929.0,2965.699951171875,299.0,0.0,0.0,
2018-12-26,2902.5,2960.0,2902.5,2940.0,69.0,0.0,0.0,
2018-12-27,2974.0,2974.0,2921.050048828125,2934.25,192.0,0.0,0.0,
2018-12-28,2937.050048828125,2950.050048828125,2937.0,2949.699951171875,58.0,0.0,0.0,
2018-12-31,2921.449951171875,2959.949951171875,2921.449951171875,2934.35009765625,157.0,0.0,0.0,
2019-01-01,2974.0,2974.0,2937.10009765625,2937.25,205.0,0.0,0.0,
2019-01-02,2974.0,2974.0,2950.0,2956.199951171875,173.0,0.0,0.0,
2019-01-03,2975.0,2989.949951171875,2957.050048828125,2970.5,64.0,0.0,0.0,
2019-01-04,2970.050048828125,2989.85009765625,2970.0,2974.5,157.0,0.0,0.0,
2019-01-07,2969.89990234375,2969.89990234375,2969.89990234375,2969.89990234375,156.0,0.0,0.0,
2019-01-08,2941.0,2969.800048828125,2941.0,2969.800048828125,63.0,0.0,0.0,
2019-01-09,2953.14990234375,2977.0,2953.14990234375,2962.0,8.0,0.0,0.0,
2019-01-10,2980.0,3066.0,2980.0,2986.0,80.0,0.0,0.0,
2019-01-11,2986.0,2995.0,2975.64990234375,2992.0,103.0,0.0,0.0,
2019-01-14,3010.0,3010.0,2980.0,3001.199951171875,294.0,0.0,0.0,
2019-01-15,2982.0,3000.0,2982.0,2994.5,513.0,0.0,0.0,
2019-01-16,2992.0,3020.0,2992.0,3006.39990234375,41.0,0.0,0.0,
2019-01-17,3033.0,3050.0,3012.199951171875,3019.050048828125,1485.0,0.0,0.0,
2019-01-18,3015.0,3034.949951171875,3000.0,3000.0,135.0,0.0,0.0,
2019-01-21,2985.300048828125,3019.949951171875,2978.199951171875,2985.10009765625,103.0,0.0,0.0,
2019-01-22,2990.14990234375,3040.0,2990.0,3029.0,1093.0,0.0,0.0,
2019-01-23,3030.050048828125,3030.050048828125,3000.300048828125,3005.550048828125,209.0,0.0,0.0,
2019-01-24,3072.0,3072.0,3002.60009765625,3004.25,91.0,0.0,0.0,
2019-01-25,3025.0,3025.0,3000.0,3004.699951171875,135.0,0.0,0.0,
2019-01-28,3050.0,3050.0,3030.0,3035.0,213.0,0.0,0.0,
2019-01-29,3025.0,3047.0,3025.0,3032.0,71.0,0.0,0.0,
2019-01-30,3050.0,3088.699951171875,3050.0,3056.64990234375,144.0,0.0,0.0,
2019-01-31,3050.0,3089.0,3040.0,3056.64990234375,286.0,0.0,0.0,
2019-02-01,3056.64990234375,3150.0,3051.050048828125,3081.550048828125,1445.0,0.0,0.0,
2019-02-04,3138.0,3138.0,3080.0,3082.39990234375,132.0,0.0,0.0,
2019-02-05,3082.39990234375,3125.0,3082.0,3085.699951171875,256.0,0.0,0.0,
2019-02-06,3078.0,3110.0,3078.0,3086.050048828125,72.0,0.0,0.0,
2019-02-07,3055.050048828125,3082.0,3052.0,3060.0,238.0,0.0,0.0,
2019-02-08,3100.0,3100.0,3060.0,3060.0,24.0,0.0,0.0,
2019-02-11,3060.050048828125,3084.449951171875,3044.199951171875,3046.699951171875,138.0,0.0,0.0,
2019-02-12,3045.0,3068.0,3045.0,3053.0,89.0,0.0,0.0,
2019-02-14,3074.0,3074.0,3051.25,3052.10009765625,119.0,0.0,0.0,
2019-02-15,3063.35009765625,3110.0,3063.35009765625,3088.25,1332.0,0.0,0.0,
2019-02-18,3072.050048828125,3138.0,3072.050048828125,3104.699951171875,145.0,0.0,0.0,
2019-02-19,3072.0,3119.949951171875,3072.0,3102.0,1136.0,0.0,0.0,
2019-02-20,3115.10009765625,3129.89990234375,3115.0,3115.0,143.0,0.0,0.0,
2019-02-21,3002.0,3119.0,3002.0,3091.699951171875,315.0,0.0,0.0,
2019-02-22,3099.0,3100.0,3082.050048828125,3086.449951171875,275.0,0.0,0.0,
2019-02-25,3118.949951171875,3119.0,3081.10009765625,3087.39990234375,40.0,0.0,0.0,
2019-02-26,3085.35009765625,3085.35009765625,3078.10009765625,3078.10009765625,4.0,0.0,0.0,
2019-02-27,3100.0,3109.0,3090.0,3095.14990234375,134.0,0.0,0.0,
2019-02-28,3089.89990234375,3089.89990234375,3089.89990234375,3089.89990234375,8.0,0.0,0.0,
2019-03-01,3079.949951171875,3079.949951171875,3017.0,3045.5,9.0,0.0,0.0,
2019-03-05,3017.949951171875,3029.89990234375,2967.10009765625,2972.699951171875,64.0,0.0,0.0,
2019-03-06,2983.050048828125,2990.0,2951.0,2953.39990234375,207.0,0.0,0.0,
2019-03-07,2940.050048828125,3000.0,2932.050048828125,3000.0,1406.0,0.0,0.0,
2019-03-08,3029.0,3029.0,3000.0,3015.0,48.0,0.0,0.0,
2019-03-11,3045.0,3100.0,3007.0,3023.35009765625,314.0,0.0,0.0,
2019-03-12,3000.0,3025.0,2962.050048828125,3015.050048828125,451.0,0.0,0.0,
2019-03-13,3010.0,3030.0,3000.300048828125,3004.75,389.0,0.0,0.0,
2019-03-14,3030.0,3030.0,2963.0,2963.0,72.0,0.0,0.0,
2019-03-15,2999.0,3000.0,2952.60009765625,2956.5,199.0,0.0,0.0,
2019-03-18,3099.0,3099.0,2956.5,3000.0,14.0,0.0,0.0,
2019-03-19,2999.0,2999.0,2961.050048828125,2965.0,162.0,0.0,0.0,
2019-03-20,2999.0,2999.0,2937.0,2944.10009765625,314.0,0.0,0.0,
2019-03-22,2987.0,2987.0,2951.0,2961.050048828125,128.0,0.0,0.0,
2019-03-25,2967.0,3035.0,2967.0,2974.0,14.0,0.0,0.0,
2019-03-26,2998.0,2998.0,2953.050048828125,2966.550048828125,87.0,0.0,0.0,
2019-03-27,2975.050048828125,2975.050048828125,2955.0,2955.0,7.0,0.0,0.0,
2019-03-28,2975.0,2975.0,2941.0,2944.60009765625,308.0,0.0,0.0,
2019-04-01,2925.0,2979.0,2925.0,2931.39990234375,279.0,0.0,0.0,
2019-04-02,2916.050048828125,2940.0,2916.050048828125,2940.0,18.0,0.0,0.0,
2019-04-03,2923.25,2949.89990234375,2912.949951171875,2913.0,263.0,0.0,0.0,
2019-04-04,2939.89990234375,2980.050048828125,2934.0,2939.25,1322.0,0.0,0.0,
2019-04-05,2969.0,2969.0,2921.050048828125,2925.89990234375,456.0,0.0,0.0,
2019-04-08,2998.0,2998.0,2969.949951171875,2971.050048828125,33.0,0.0,0.0,
2019-04-09,2996.89990234375,2996.89990234375,2955.14990234375,2964.64990234375,146.0,0.0,0.0,
2019-04-10,2960.0,2965.0,2949.0,2960.0,219.0,0.0,0.0,
2019-04-11,2965.050048828125,2965.050048828125,2950.0,2957.5,111.0,0.0,0.0,
2019-04-12,2979.0,2979.0,2930.35009765625,2944.199951171875,89.0,0.0,0.0,
2019-04-15,2959.0,2959.0,2925.050048828125,2930.5,210.0,0.0,0.0,
2019-04-16,2949.0,2949.0,2925.0,2930.25,24.0,0.0,0.0,
2019-04-18,2931.0,2937.0,2931.0,2937.0,10.0,0.0,0.0,
2019-04-22,2937.0,2937.0,2913.0,2925.949951171875,55.0,0.0,0.0,
2019-04-23,2934.89990234375,2944.949951171875,2911.14990234375,2930.0,327.0,0.0,0.0,
2019-04-24,2934.949951171875,2943.0,2906.050048828125,2919.800048828125,163.0,0.0,0.0,
2019-04-25,2924.0,2959.0,2924.0,2948.0,22.0,0.0,0.0,
2019-04-26,2968.949951171875,2968.949951171875,2941.0,2941.050048828125,155.0,0.0,0.0,
2019-04-30,2920.0,2967.0,2917.0,2934.699951171875,172.0,0.0,0.0,
2019-05-02,2935.0,2940.0,2903.0,2911.25,74.0,0.0,0.0,
2019-05-03,3020.0,3020.0,2892.199951171875,2906.0,599.0,0.0,0.0,
2019-05-06,2913.0,2973.949951171875,2913.0,2920.550048828125,138.0,0.0,0.0,
2019-05-07,2989.0,2989.0,2920.0,2920.10009765625,106.0,0.0,0.0,
2019-05-08,2929.0,2958.0,2920.0,2926.949951171875,88.0,0.0,0.0,
2019-05-09,2940.0,2997.949951171875,2940.0,2947.199951171875,1576.0,0.0,0.0,
2019-05-10,2984.0,2984.0,2934.0,2940.35009765625,56.0,0.0,0.0,
2019-05-13,2950.300048828125,2977.949951171875,2946.0,2968.85009765625,542.0,0.0,0.0,
2019-05-14,3000.0,3024.0,2995.0,3000.14990234375,1369.0,0.0,0.0,
2019-05-15,2990.050048828125,2992.0,2975.25,2992.0,211.0,0.0,0.0,
2019-05-16,3000.0,3000.0,2971.0,2971.0,60.0,0.0,0.0,
2019-05-17,3018.0,3018.0,2955.050048828125,2955.050048828125,92.0,0.0,0.0,
2019-05-20,2948.0,2948.949951171875,2913.0,2938.699951171875,91.0,0.0,0.0,
2019-05-21,2980.0,2980.0,2925.050048828125,2939.449951171875,48.0,0.0,0.0,
2019-05-22,2940.0,2945.050048828125,2917.949951171875,2930.0,146.0,0.0,0.0,
2019-05-23,2969.0,2969.0,2907.050048828125,2935.050048828125,128.0,0.0,0.0,
2019-05-24,2978.0,2978.0,2920.60009765625,2927.39990234375,367.0,0.0,0.0,
2019-05-27,2921.14990234375,2969.0,2921.14990234375,2959.0,33.0,0.0,0.0,
2019-05-28,2928.10009765625,2957.949951171875,2928.050048828125,2945.0,48.0,0.0,0.0,
2019-05-29,2969.0,2969.0,2940.0,2944.5,194.0,0.0,0.0,
2019-05-30,2923.0,2939.0,2917.10009765625,2919.800048828125,364.0,0.0,0.0,
2019-05-31,2979.0,2979.0,2947.10009765625,2954.949951171875,53.0,0.0,0.0,
2019-06-03,2955.0,3018.0,2955.0,2980.0,436.0,0.0,0.0,
2019-06-04,2982.050048828125,3000.050048828125,2981.10009765625,2982.449951171875,242.0,0.0,0.0,
2019-06-06,2995.050048828125,3000.199951171875,2990.10009765625,2998.5,61.0,0.0,0.0,
2019-06-07,3020.0,3025.0,2986.0,2991.0,38.0,0.0,0.0,
2019-06-10,3024.0,3024.0,2977.050048828125,2980.64990234375,145.0,0.0,0.0,
2019-06-11,3010.0,3024.949951171875,2943.0,2962.75,217.0,0.0,0.0,
2019-06-12,3018.0,3070.0,2981.050048828125,3061.5,2601.0,0.0,0.0,
2019-06-13,3074.0,3074.0,3010.10009765625,3061.0,13.0,0.0,0.0,
2019-06-14,3100.0,3100.0,3060.0,3060.449951171875,120.0,0.0,0.0,
2019-06-17,3060.449951171875,3070.0,3008.10009765625,3045.5,102.0,0.0,0.0,
2019-06-18,3045.0,3054.0,3030.14990234375,3050.0,494.0,0.0,0.0,
2019-06-19,3055.050048828125,3055.050048828125,3042.0,3042.0,36.0,0.0,0.0,
2019-06-20,3099.0,3140.0,3082.300048828125,3118.14990234375,832.0,0.0,0.0,
2019-06-21,3140.0,3145.0,3132.199951171875,3140.0,127.0,0.0,0.0,
2019-06-24,3264.949951171875,3264.949951171875,3130.0,3134.89990234375,96.0,0.0,0.0,
2019-06-25,3134.0,3239.0,3134.0,3170.10009765625,142.0,0.0,0.0,
2019-06-26,3135.050048828125,3159.949951171875,3135.0,3135.14990234375,577.0,0.0,0.0,
2019-06-27,3169.949951171875,3169.949951171875,3113.39990234375,3115.60009765625,427.0,0.0,0.0,
2019-06-28,3149.89990234375,3149.89990234375,3115.0,3116.699951171875,750.0,0.0,0.0,
2019-07-01,3041.0,3135.0,3041.0,3075.0,261.0,0.0,0.0,
2019-07-02,3067.050048828125,3089.949951171875,3067.0,3076.64990234375,431.0,0.0,0.0,
2019-07-03,3149.89990234375,3149.89990234375,3115.0,3117.300048828125,727.0,0.0,0.0,
2019-07-04,3111.050048828125,3111.050048828125,3100.0,3109.64990234375,28.0,0.0,0.0,
2019-07-05,3118.949951171875,3140.0,3102.0,3135.0,236.0,0.0,0.0,
2019-07-08,3120.0,3149.0,3120.0,3133.10009765625,135.0,0.0,0.0,
2019-07-09,3120.0,3130.0,3110.0,3110.199951171875,143.0,0.0,0.0,
2019-07-10,3125.0,3190.0,3125.0,3179.89990234375,3625.0,0.0,0.0,
2019-07-11,3200.0,3200.0,3180.050048828125,3188.85009765625,364.0,0.0,0.0,
2019-07-12,3265.0,3265.0,3160.0,3175.0,338.0,0.0,0.0,
2019-07-15,3199.949951171875,3200.0,3178.14990234375,3185.0,29.0,0.0,0.0,
2019-07-16,3166.050048828125,3185.050048828125,3166.050048828125,3175.050048828125,91.0,0.0,0.0,
2019-07-17,3170.0,3200.0,3170.0,3190.10009765625,263.0,0.0,0.0,
2019-07-18,3220.050048828125,3224.949951171875,3202.0,3212.0,19.0,0.0,0.0,
2019-07-19,3235.0,3264.0,3235.0,3240.5,136.0,0.0,0.0,
2019-07-22,3203.0,3277.0,3203.0,3222.050048828125,209.0,0.0,0.0,
2019-07-23,3210.050048828125,3211.0,3190.050048828125,3200.800048828125,120.0,0.0,0.0,
2019-07-24,3201.0,3215.0,3200.0,3201.449951171875,213.0,0.0,0.0,
2019-07-25,3177.199951171875,3219.949951171875,3177.199951171875,3205.0,107.0,0.0,0.0,
2019-07-26,3180.14990234375,3200.050048828125,3180.14990234375,3200.0,22.0,0.0,0.0,
2019-07-29,3190.0,3190.0,3181.0,3181.0,6.0,0.0,0.0,
2019-07-30,3195.14990234375,3250.0,3195.10009765625,3233.64990234375,981.0,0.0,0.0,
2019-07-31,3191.050048828125,3255.0,3191.050048828125,3241.10009765625,387.0,0.0,0.0,
2019-08-01,3241.0,3250.050048828125,3177.0,3178.949951171875,49.0,0.0,0.0,
2019-08-02,3288.0,3288.0,3235.050048828125,3250.0,123.0,0.0,0.0,
2019-08-05,3369.0,3369.0,3311.0,3337.0,79.0,0.0,0.0,
2019-08-06,3385.0,3385.0,3325.050048828125,3330.800048828125,93.0,0.0,0.0,
2019-08-07,3385.0,3400.0,3342.25,3385.89990234375,126.0,0.0,0.0,
2019-08-08,3410.050048828125,3444.0,3381.10009765625,3388.10009765625,397.0,0.0,0.0,
2019-08-09,3382.050048828125,3468.0,3382.050048828125,3456.449951171875,835.0,0.0,0.0,
2019-08-13,3465.0,3510.050048828125,3452.10009765625,3490.199951171875,470.0,0.0,0.0,
2019-08-14,3427.050048828125,3488.0,3427.050048828125,3455.550048828125,228.0,0.0,0.0,
2019-08-16,3455.0,3519.64990234375,3421.050048828125,3426.050048828125,445.0,0.0,0.0,
2019-08-19,3442.0,3479.0,3421.050048828125,3455.300048828125,513.0,0.0,0.0,
2019-08-20,3488.0,3488.0,3426.0,3465.0,71.0,0.0,0.0,
2019-08-21,3465.199951171875,3465.199951171875,3451.300048828125,3455.0,156.0,0.0,0.0,
2019-08-22,3488.0,3488.0,3451.5,3474.64990234375,371.0,0.0,0.0,
2019-08-23,3475.050048828125,3475.050048828125,3441.199951171875,3455.699951171875,343.0,0.0,0.0,
2019-08-26,3510.0,3598.949951171875,3510.0,3570.199951171875,713.0,0.0,0.0,
2019-08-27,3530.0,3569.0,3522.14990234375,3556.89990234375,321.0,0.0,0.0,
2019-08-28,3533.050048828125,3570.050048828125,3533.0,3557.10009765625,118.0,0.0,0.0,
2019-08-29,3600.0,3648.0,3576.0,3601.35009765625,61.0,0.0,0.0,
2019-08-30,3565.0,3599.949951171875,3532.10009765625,3546.75,48.0,0.0,0.0,
2019-09-03,3511.0,3648.0,3511.0,3590.0,80.0,0.0,0.0,
2019-09-04,3611.050048828125,3628.949951171875,3590.050048828125,3597.64990234375,293.0,0.0,0.0,
2019-09-05,3619.10009765625,3619.10009765625,3599.0,3604.85009765625,173.0,0.0,0.0,
2019-09-06,3550.050048828125,3575.0,3485.10009765625,3502.85009765625,177.0,0.0,0.0,
2019-09-09,3492.0,3549.0,3492.0,3504.5,394.0,0.0,0.0,
2019-09-11,3500.0,3540.0,3483.0,3514.5,1197.0,0.0,0.0,
2019-09-12,3444.25,3498.0,3444.25,3452.64990234375,372.0,0.0,0.0,
2019-09-13,3456.050048828125,3469.0,3436.10009765625,3455.60009765625,137.0,0.0,0.0,
2019-09-16,3539.0,3539.0,3470.0,3483.550048828125,892.0,0.0,0.0,
2019-09-17,3480.050048828125,3519.0,3480.0,3481.14990234375,674.0,0.0,0.0,
2019-09-18,3578.949951171875,3578.949951171875,3433.0,3490.0,88.0,0.0,0.0,
2019-09-19,3450.0,3465.0,3434.10009765625,3454.300048828125,202.0,0.0,0.0,
2019-09-20,3475.0,3475.0,3427.050048828125,3428.39990234375,8.0,0.0,0.0,
2019-09-23,3426.0,3595.0,3426.0,3458.0,31.0,0.0,0.0,
2019-09-24,3489.0,3490.0,3460.0,3464.949951171875,39.0,0.0,0.0,
2019-09-25,3470.0,3525.0,3467.550048828125,3497.14990234375,44.0,0.0,0.0,
2019-09-26,3478.0,3488.0,3478.0,3488.0,4.0,0.0,0.0,
2019-09-27,3488.0,3488.0,3488.0,3488.0,0.0,0.0,0.0,
2019-09-30,3487.0,3487.0,3487.0,3487.0,8.0,0.0,0.0,
2019-10-01,3420.050048828125,3538.0,3420.0,3500.0,60.0,0.0,0.0,
2019-10-03,3476.0,3538.0,3476.0,3538.0,22.0,0.0,0.0,
2019-10-04,3485.050048828125,3595.0,3477.050048828125,3555.0,57.0,0.0,0.0,
2019-10-07,3999.949951171875,4000.0,3505.0,3575.0,38.0,0.0,0.0,
2019-10-09,3575.0,3615.0,3565.0,3565.050048828125,15.0,0.0,0.0,
2019-10-10,3595.0,3595.0,3590.0,3590.0,4.0,0.0,0.0,
2019-10-11,3585.0,3585.0,3501.050048828125,3512.0,8.0,0.0,0.0,
2019-10-14,3491.050048828125,3505.0,3487.0,3505.0,17.0,0.0,0.0,
2019-10-15,3577.0,3598.0,3559.0,3559.0,4.0,0.0,0.0,
2019-10-16,3574.0,3574.0,3515.10009765625,3522.0,28.0,0.0,0.0,
2019-10-17,3522.0,3522.0,3522.0,3522.0,0.0,0.0,0.0,
2019-10-18,3508.39990234375,3530.050048828125,3508.39990234375,3518.300048828125,11.0,0.0,0.0,
2019-10-22,3522.050048828125,3522.050048828125,3488.0,3507.60009765625,121.0,0.0,0.0,
2019-10-23,3508.0,3525.14990234375,3508.0,3520.199951171875,92.0,0.0,0.0,
2019-10-24,3549.0,3549.0,3505.0,3511.64990234375,364.0,0.0,0.0,
2019-10-25,3545.0,3598.949951171875,3545.0,3571.0,155.0,0.0,0.0,
2019-10-27,3571.050048828125,3571.050048828125,3512.0,3556.85009765625,17.0,0.0,0.0,
2019-10-29,3546.949951171875,3546.949951171875,3502.10009765625,3530.0,31.0,0.0,0.0,
2019-10-30,3530.050048828125,3539.0,3515.0,3521.5,42.0,0.0,0.0,
2019-10-31,3539.0,3545.0,3514.0,3530.0,80.0,0.0,0.0,
2019-11-01,3598.0,3598.0,3533.0,3551.39990234375,199.0,0.0,0.0,
2019-11-04,3551.39990234375,3558.0,3540.0,3541.050048828125,398.0,0.0,0.0,
2019-11-05,3565.949951171875,3565.949951171875,3537.25,3552.64990234375,231.0,0.0,0.0,
2019-11-06,3552.64990234375,3552.64990234375,3552.64990234375,3552.64990234375,0.0,0.0,0.0,
2019-11-07,3565.0,3565.0,3506.199951171875,3525.85009765625,319.0,0.0,0.0,
2019-11-08,3528.949951171875,3528.949951171875,3471.199951171875,3475.949951171875,111.0,0.0,0.0,
2019-11-11,3504.949951171875,3505.0,3487.050048828125,3487.199951171875,119.0,0.0,0.0,
2019-11-13,3519.0,3522.0,3491.0,3507.550048828125,470.0,0.0,0.0,
2019-11-14,3506.949951171875,3539.050048828125,3506.949951171875,3539.0,37.0,0.0,0.0,
2019-11-15,3491.0,3523.0,3490.0,3490.0,225.0,0.0,0.0,
2019-11-18,3485.050048828125,3520.0,3485.0,3490.10009765625,18.0,0.0,0.0,
2019-11-19,3472.0,3560.0,3472.0,3558.050048828125,2335.0,0.0,0.0,
2019-11-20,3515.14990234375,3549.0,3511.0,3525.699951171875,204.0,0.0,0.0,
2019-11-21,3525.0,3525.0,3488.0,3488.0,165.0,0.0,0.0,
2019-11-22,3478.35009765625,3528.949951171875,3478.35009765625,3493.14990234375,100.0,0.0,0.0,
2019-11-25,3515.0,3515.0,3514.0,3514.0,3.0,0.0,0.0,
2019-11-26,3494.800048828125,3494.800048828125,3461.10009765625,3468.25,133.0,0.0,0.0,
2019-11-27,3517.949951171875,3517.949951171875,3461.050048828125,3464.85009765625,23.0,0.0,0.0,
2019-11-28,3444.0,3484.0,3441.0,3470.0,105.0,0.0,0.0,
2019-11-29,3470.699951171875,3498.0,3470.699951171875,3470.699951171875,44.0,0.0,0.0,
2019-12-02,3479.699951171875,3499.0,3472.0,3488.800048828125,239.0,0.0,0.0,
2019-12-03,3488.800048828125,3490.050048828125,3472.14990234375,3484.75,86.0,0.0,0.0,
2019-12-04,3501.0,3555.0,3501.0,3542.449951171875,688.0,0.0,0.0,
2019-12-05,3523.949951171875,3550.0,3523.89990234375,3550.0,41.0,0.0,0.0,
2019-12-06,3532.25,3535.0,3503.0,3535.0,48.0,0.0,0.0,
2019-12-09,3564.0,3564.0,3525.0,3548.0,28.0,0.0,0.0,
2019-12-10,3588.0,3588.0,3470.0,3502.0,13.0,0.0,0.0,
2019-12-11,3471.050048828125,3550.0,3471.050048828125,3501.0,86.0,0.0,0.0,
2019-12-12,3565.0,3565.0,3480.25,3500.0,28.0,0.0,0.0,
2019-12-13,3548.0,3548.0,3531.0,3541.949951171875,5.0,0.0,0.0,
2019-12-16,3590.050048828125,3599.949951171875,3545.0,3591.699951171875,23.0,0.0,0.0,
2019-12-17,3583.949951171875,3583.949951171875,3564.949951171875,3582.0,25.0,0.0,0.0,
2019-12-18,3514.949951171875,3520.0,3500.0,3511.449951171875,96.0,0.0,0.0,
2019-12-19,3569.0,3569.0,3501.0,3540.0,105.0,0.0,0.0,
2019-12-20,3513.050048828125,3540.0,3513.050048828125,3540.0,38.0,0.0,0.0,
2019-12-23,3540.050048828125,3590.0,3540.0,3590.0,3.0,0.0,0.0,
2019-12-24,3595.0,3811.300048828125,3512.14990234375,3757.14990234375,188.0,0.0,0.0,
2019-12-26,3706.050048828125,3706.050048828125,3552.050048828125,3609.0,158.0,0.0,0.0,
2019-12-27,3688.0,3688.0,3571.0,3602.5,106.0,0.0,0.0,
2019-12-30,3600.0,3615.0,3600.0,3610.0,109.0,0.0,0.0,
2019-12-31,3603.050048828125,3639.949951171875,3599.949951171875,3606.64990234375,47.0,0.0,0.0,
2020-01-01,3606.699951171875,3606.699951171875,3574.0,3581.0,331.0,0.0,0.0,
2020-01-02,3591.050048828125,3608.050048828125,3586.0,3593.35009765625,11.0,0.0,0.0,
2020-01-03,3617.0,3670.0,3617.0,3632.0,24.0,0.0,0.0,
2020-01-06,3700.0,3799.25,3700.0,3788.5,702.0,0.0,0.0,
2020-01-07,3712.0,3715.0,3617.0,3700.0,252.0,0.0,0.0,
2020-01-08,3800.0,3849.85009765625,3761.10009765625,3830.0,185.0,0.0,0.0,
2020-01-09,3750.0,3750.0,3679.0,3739.75,205.0,0.0,0.0,
2020-01-10,3747.0,3747.0,3720.0,3720.0,151.0,0.0,0.0,
2020-01-13,3784.0,3785.0,3681.0,3741.0,150.0,0.0,0.0,
2020-01-14,3778.0,3778.0,3700.0,3700.89990234375,137.0,0.0,0.0,
2020-01-15,3788.0,3789.89990234375,3650.0,3666.25,243.0,0.0,0.0,
2020-01-16,3671.0,3671.0,3660.0,3670.0,122.0,0.0,0.0,
2020-01-17,3681.050048828125,3730.0,3662.0,3670.35009765625,25.0,0.0,0.0,
2020-01-20,3662.14990234375,3769.0,3662.10009765625,3692.89990234375,136.0,0.0,0.0,
2020-01-21,3692.949951171875,3720.050048828125,3666.64990234375,3679.89990234375,455.0,0.0,0.0,
2020-01-22,3650.0,3708.0,3650.0,3673.25,194.0,0.0,0.0,
2020-01-23,3674.050048828125,3678.10009765625,3674.050048828125,3676.10009765625,61.0,0.0,0.0,
2020-01-24,3747.0,3747.0,3687.0,3693.0,269.0,0.0,0.0,
2020-01-27,3788.0,3788.0,3729.949951171875,3749.75,161.0,0.0,0.0,
2020-01-28,3749.949951171875,3749.949951171875,3715.0,3724.0,188.0,0.0,0.0,
2020-01-29,3736.35009765625,3736.39990234375,3694.0,3699.449951171875,241.0,0.0,0.0,
2020-01-30,3712.050048828125,3749.85009765625,3712.050048828125,3737.199951171875,97.0,0.0,0.0,
2020-01-31,3731.0,3740.0,3722.0,3740.0,10.0,0.0,0.0,
2020-02-03,3742.050048828125,3745.0,3732.300048828125,3735.050048828125,221.0,0.0,0.0,
2020-02-04,3780.0,3780.0,3673.050048828125,3685.199951171875,179.0,0.0,0.0,
2020-02-05,3718.89990234375,3718.949951171875,3653.0,3665.39990234375,606.0,0.0,0.0,
2020-02-06,3667.0,3690.0,3660.050048828125,3690.0,125.0,0.0,0.0,
2020-02-07,3728.949951171875,3728.949951171875,3711.0,3716.35009765625,5.0,0.0,0.0,
2020-02-10,3721.60009765625,3769.0,3720.0,3729.699951171875,55.0,0.0,0.0,
2020-02-11,3720.0,3734.0,3700.85009765625,3700.85009765625,48.0,0.0,0.0,
2020-02-12,3738.949951171875,3738.949951171875,3693.050048828125,3706.75,156.0,0.0,0.0,
2020-02-13,3723.0,3748.0,3721.0,3721.0,74.0,0.0,0.0,
2020-02-14,3750.0,3750.050048828125,3714.300048828125,3728.25,155.0,0.0,0.0,
2020-02-17,3794.949951171875,3794.949951171875,3721.0,3721.5,199.0,0.0,0.0,
2020-02-18,3767.0,3767.0,3742.0,3760.0,94.0,0.0,0.0,
2020-02-19,3838.0,3974.0,3752.0,3801.199951171875,143.0,0.0,0.0,
2020-02-20,3801.0,3828.0,3791.0,3791.0,47.0,0.0,0.0,
2020-02-24,3866.800048828125,3965.0,3866.0,3945.25,299.0,0.0,0.0,
2020-02-25,3867.0,3899.949951171875,3842.0,3884.800048828125,55.0,0.0,0.0,
2020-02-26,3852.0,3923.89990234375,3852.0,3875.10009765625,55.0,0.0,0.0,
2020-02-27,3900.0,3979.0,3900.0,3949.699951171875,2150.0,0.0,0.0,
2020-02-28,3921.0,3999.199951171875,3919.0,3976.800048828125,420.0,0.0,0.0,
2020-03-02,3970.0,3999.89990234375,3970.0,3990.0,55.0,0.0,0.0,
2020-03-03,4000.0,4000.0,3857.0,3921.449951171875,44.0,0.0,0.0,
2020-03-04,3915.0,3995.0,3915.0,3975.0,125.0,0.0,0.0,
2020-03-05,3999.0,3999.0,3999.0,3999.0,2.0,0.0,0.0,
2020-03-06,4011.0,4080.0,4000.050048828125,4036.199951171875,357.0,0.0,0.0,
2020-03-09,4030.0,4080.0,3972.0,3992.0,107.0,0.0,0.0,
2020-03-11,4025.0,4068.0,3951.0,3979.949951171875,266.0,0.0,0.0,
2020-03-12,3979.800048828125,4000.0,3907.35009765625,3942.35009765625,259.0,0.0,0.0,
2020-03-13,3875.0,3988.0,3736.050048828125,3800.10009765625,123.0,0.0,0.0,
2020-03-16,3799.0,3799.050048828125,3709.64990234375,3748.699951171875,104.0,0.0,0.0,
2020-03-17,3823.699951171875,3838.0,3622.0,3622.0,71.0,0.0,0.0,
2020-03-18,3694.39990234375,3800.0,3633.10009765625,3698.199951171875,82.0,0.0,0.0,
2020-03-19,3700.0,3865.0,3591.0,3753.050048828125,115.0,0.0,0.0,
2020-03-20,3678.0,3749.0,3622.0,3682.0,35.0,0.0,0.0,
2020-03-23,3968.0,4368.0,3537.0,3655.25,151.0,0.0,0.0,
2020-03-24,3702.0,3849.949951171875,3702.0,3830.0,89.0,0.0,0.0,
2020-03-25,3999.0,3999.0,3795.0,3961.949951171875,50.0,0.0,0.0,
2020-03-26,3865.050048828125,3967.0,3712.0,3885.39990234375,196.0,0.0,0.0,
2020-03-27,3816.050048828125,3930.0,3816.050048828125,3890.0,27.0,0.0,0.0,
2020-03-30,3890.0,3987.0,3890.0,3969.199951171875,80.0,0.0,0.0,
2020-03-31,3885.0,3995.0,3865.0,3935.0,214.0,0.0,0.0,
2020-04-01,3987.0,3994.0,3822.0,3994.0,32.0,0.0,0.0,
2020-04-03,3994.0,4040.0,3971.0,3998.89990234375,81.0,0.0,0.0,
2020-04-07,3998.0,4100.0,3998.0,4052.5,386.0,0.0,0.0,
2020-04-08,4052.5,4089.0,4025.10009765625,4048.75,68.0,0.0,0.0,
2020-04-09,4074.0,4120.0498046875,4051.0,4097.64990234375,250.0,0.0,0.0,
2020-04-13,4122.0,4550.0,4122.0,4284.0498046875,206.0,0.0,0.0,
2020-04-15,4439.9501953125,4535.0,4251.0498046875,4299.10009765625,593.0,0.0,0.0,
2020-04-16,4750.0,4750.0,4210.0,4443.2998046875,308.0,0.0,0.0,
2020-04-17,4380.0,4499.7998046875,4255.0498046875,4372.85009765625,94.0,0.0,0.0,
2020-04-20,4490.0,4490.0,4257.0,4303.35009765625,114.0,0.0,0.0,
2020-04-21,4375.0,4439.0,4251.0498046875,4316.5498046875,222.0,0.0,0.0,
2020-04-22,4316.5498046875,4317.0,4260.10009765625,4304.89990234375,77.0,0.0,0.0,
2020-04-23,4320.10009765625,4369.0,4266.0,4369.0,42.0,0.0,0.0,
2020-04-24,4288.7001953125,4348.0,4262.0,4324.35009765625,169.0,0.0,0.0,
2020-04-27,4388.0,4389.0,4282.0498046875,4359.0,133.0,0.0,0.0,
2020-04-28,4387.0,4387.0,4302.14990234375,4344.4501953125,71.0,0.0,0.0,
2020-04-29,4380.0,4380.0,4321.10009765625,4359.0,80.0,0.0,0.0,
2020-04-30,4350.0,4365.0,4302.14990234375,4358.35009765625,163.0,0.0,0.0,
2020-05-04,4445.0,4680.0,4300.0498046875,4459.35009765625,198.0,0.0,0.0,
2020-05-05,4530.0,4530.0,4310.5498046875,4436.9501953125,267.0,0.0,0.0,
2020-05-06,4536.0,4536.0,4330.0,4428.4501953125,226.0,0.0,0.0,
2020-05-07,4301.25,4443.0,4301.25,4400.14990234375,136.0,0.0,0.0,
2020-05-08,4300.0,4449.0,4300.0,4404.4501953125,20.0,0.0,0.0,
2020-05-11,4230.0,4480.0,4230.0,4399.9501953125,166.0,0.0,0.0,
2020-05-12,4398.60009765625,4400.0,4331.0,4331.0,36.0,0.0,0.0,
2020-05-13,4489.0,4489.0,4301.0,4331.75,159.0,0.0,0.0,
2020-05-14,4427.89990234375,4427.9501953125,4260.0,4314.4501953125,44.0,0.0,0.0,
2020-05-15,4350.0,4450.0,4322.0,4426.7998046875,89.0,0.0,0.0,
2020-05-18,4498.0,4500.0,4356.0498046875,4433.89990234375,74.0,0.0,0.0,
2020-05-19,4317.0498046875,4500.0,4317.0498046875,4416.0,44.0,0.0,0.0,
2020-05-20,4497.0,4497.0,4402.0,4456.7001953125,32.0,0.0,0.0,
2020-05-21,4500.0,4550.0,4290.0,4502.25,192.0,0.0,0.0,
2020-05-22,4410.0498046875,4580.0,4410.0498046875,4507.0498046875,128.0,0.0,0.0,
2020-05-26,4382.0,4820.0,4338.0,4600.0,109.0,0.0,0.0,
2020-05-27,4416.0,4750.0,4405.0,4747.0498046875,136.0,0.0,0.0,
2020-05-28,4936.0,4936.0,4561.0498046875,4702.89990234375,62.0,0.0,0.0,
2020-05-29,4880.0,4880.0,4635.0,4836.10009765625,158.0,0.0,0.0,
2020-06-01,4798.0,4960.0,4759.0,4863.75,122.0,0.0,0.0,
2020-06-02,4948.0,4948.0,4591.0,4826.25,65.0,0.0,0.0,
2020-06-03,4678.14990234375,4923.0,4530.0,4743.5498046875,144.0,0.0,0.0,
2020-06-04,4605.5,4779.9501953125,4604.10009765625,4679.89990234375,46.0,0.0,0.0,
2020-06-05,4867.10009765625,4867.10009765625,4650.0,4705.25,46.0,0.0,0.0,
2020-06-08,4699.0,4831.9501953125,4650.0,4722.5,111.0,0.0,0.0,
2020-06-09,4653.0,5200.0,4653.0,5171.9501953125,278.0,0.0,0.0,
2020-06-10,5165.0,5165.0,4501.0,4522.0,1118.0,0.0,0.0,
2020-06-11,4647.39990234375,4654.0,4487.0,4539.89990234375,356.0,0.0,0.0,
2020-06-12,4540.0,4700.0,4540.0,4588.0,174.0,0.0,0.0,
2020-06-15,4700.0,4700.0,4450.0,4476.75,1074.0,0.0,0.0,
2020-06-16,4410.0,4599.0,4410.0,4525.60009765625,138.0,0.0,0.0,
2020-06-17,4524.9501953125,4599.0,4459.39990234375,4499.2001953125,52.0,0.0,0.0,
2020-06-18,4499.2001953125,4700.0,4477.5,4607.9501953125,195.0,0.0,0.0,
2020-06-19,4481.10009765625,4598.0,4438.7001953125,4476.9501953125,190.0,0.0,0.0,
2020-06-22,4550.0,4550.0,4467.0,4475.7001953125,182.0,0.0,0.0,
2020-06-23,4470.0,4480.0498046875,4450.0498046875,4463.7001953125,97.0,0.0,0.0,
2020-06-24,4500.0,4538.0,4481.0,4484.64990234375,38.0,0.0,0.0,
2020-06-25,4484.64990234375,4588.0,4484.64990234375,4499.85009765625,36.0,0.0,0.0,
2020-06-26,4501.0,4555.0,4485.0,4533.0,2028.0,0.0,0.0,
2020-06-29,4550.0,4550.0,4412.0,4449.5498046875,203.0,0.0,0.0,
2020-06-30,4498.9501953125,4518.0,4422.25,4489.0,66.0,0.0,0.0,
2020-07-01,4489.0,4530.0,4481.0,4503.89990234375,123.0,0.0,0.0,
2020-07-02,4443.9501953125,4528.0,4443.89990234375,4500.10009765625,114.0,0.0,0.0,
2020-07-03,4422.10009765625,4523.75,4422.10009765625,4507.5,41.0,0.0,0.0,
2020-07-06,4539.9501953125,4911.2998046875,4522.14990234375,4592.4501953125,238.0,0.0,0.0,
2020-07-07,4531.5,4750.0,4500.0,4503.64990234375,1090.0,0.0,0.0,
2020-07-08,4503.64990234375,4595.0,4503.64990234375,4528.60009765625,86.0,0.0,0.0,
2020-07-09,4550.0,4571.0498046875,4530.0,4555.7001953125,155.0,0.0,0.0,
2020-07-10,4600.0,4600.0,4462.0,4513.60009765625,239.0,0.0,0.0,
2020-07-13,4500.0,4597.0,4500.0,4545.60009765625,92.0,0.0,0.0,
2020-07-14,4588.9501953125,4589.0,4460.60009765625,4557.5498046875,91.0,0.0,0.0,
2020-07-15,4507.0,4590.0,4507.0,4543.39990234375,129.0,0.0,0.0,
2020-07-16,4525.4501953125,4586.60009765625,4525.39990234375,4570.0,80.0,0.0,0.0,
2020-07-17,4472.0498046875,4594.7001953125,4472.0498046875,4579.64990234375,69.0,0.0,0.0,
2020-07-20,4594.9501953125,4594.9501953125,4512.0,4575.0,98.0,0.0,0.0,
2020-07-21,4590.0,4590.0,4533.0,4587.7998046875,21.0,0.0,0.0,
2020-07-22,4600.0,4648.0,4561.0,4603.39990234375,90.0,0.0,0.0,
2020-07-23,4604.0,4680.0,4604.0,4674.35009765625,137.0,0.0,0.0,
2020-07-24,4666.0498046875,4724.0,4651.0,4700.25,201.0,0.0,0.0,
2020-07-27,4733.0,4844.0,4725.0,4815.39990234375,337.0,0.0,0.0,
2020-07-28,4820.0,4966.0,4820.0,4877.5,1252.0,0.0,0.0,
2020-07-29,4963.64990234375,4965.5,4902.0498046875,4950.14990234375,158.0,0.0,0.0,
2020-07-30,5003.89990234375,5045.0,4898.0,5035.0,229.0,0.0,0.0,
2020-07-31,5179.9501953125,5200.0,4962.0498046875,5184.14990234375,1269.0,0.0,0.0,
2020-08-03,5340.0,5870.0,5006.0,5332.14990234375,3475.0,0.0,0.0,
2020-08-04,5899.0,5899.0,4925.0,5025.2001953125,4581.0,0.0,0.0,
2020-08-05,5183.89990234375,5299.0,5000.0,5175.2998046875,572.0,0.0,0.0,
2020-08-06,5176.0,5350.0,5155.0,5225.7998046875,2334.0,0.0,0.0,
2020-08-07,5229.9501953125,5340.0,5229.9501953125,5242.0498046875,1337.0,0.0,0.0,
2020-08-10,5488.0,5488.0,4250.0,5130.4501953125,2722.0,0.0,0.0,
2020-08-11,5050.0,5145.0498046875,4780.0,4954.35009765625,6764.0,0.0,0.0,
2020-08-12,4350.0,4988.0,4350.0,4878.35009765625,1355.0,0.0,0.0,
2020-08-13,4901.75,4901.75,4716.0,4831.10009765625,636.0,0.0,0.0,
2020-08-14,4938.0,4950.0,4852.0498046875,4884.0,133.0,0.0,0.0,
2020-08-17,4938.0,4938.0,4802.0,4884.75,296.0,0.0,0.0,
2020-08-18,4907.0,5064.5,4907.0,5008.5498046875,420.0,0.0,0.0,
2020-08-19,5094.0,5094.0,4901.0,4987.4501953125,292.0,0.0,0.0,
2020-08-20,5000.0,5000.0,4880.0,4936.5498046875,316.0,0.0,0.0,
2020-08-21,4954.2001953125,4955.0,4901.0,4913.10009765625,160.0,0.0,0.0,
2020-08-24,4916.14990234375,4920.0,4788.7001953125,4865.0,762.0,0.0,0.0,
2020-08-25,4860.0,4900.0,4745.0,4857.4501953125,534.0,0.0,0.0,
2020-08-26,4811.0498046875,4811.0498046875,4750.0,4759.2998046875,308.0,0.0,0.0,
2020-08-27,4760.0,4809.0,4710.0,4743.0498046875,847.0,0.0,0.0,
2020-08-28,4705.0,4779.0,4681.0,4733.2998046875,198.0,0.0,0.0,
2020-08-31,4736.0498046875,4797.9501953125,4736.0,4753.10009765625,162.0,0.0,0.0,
2020-09-01,4849.9501953125,4888.0,4745.0,4754.5498046875,392.0,0.0,0.0,
2020-09-02,4815.0,4815.0,4700.0,4757.14990234375,100.0,0.0,0.0,
2020-09-03,4750.0,4764.0,4685.0498046875,4726.7998046875,109.0,0.0,0.0,
2020-09-04,4824.0,4824.0,4650.0,4669.2001953125,184.0,0.0,0.0,
2020-09-07,4699.9501953125,4735.0,4602.0,4665.0,193.0,0.0,0.0,
2020-09-08,4670.0,4780.0,4670.0,4740.25,305.0,0.0,0.0,
2020-09-09,4702.0,4750.0,4683.0,4725.5,149.0,0.0,0.0,
2020-09-10,4730.0,4790.0,4704.0,4783.85009765625,248.0,0.0,0.0,
2020-09-11,4750.0498046875,4780.0,4725.25,4736.5,57.0,0.0,0.0,
2020-09-14,4702.0498046875,4749.0,4702.0498046875,4728.0,53.0,0.0,0.0,
2020-09-15,4838.0,4838.0,4737.0,4766.64990234375,83.0,0.0,0.0,
2020-09-16,4799.0,4799.0,4735.0,4777.0,124.0,0.0,0.0,
2020-09-17,4765.9501953125,4798.9501953125,4723.0,4730.35009765625,80.0,0.0,0.0,
2020-09-18,4742.75,4787.0,4717.0,4738.25,121.0,0.0,0.0,
2020-09-21,4800.0,4800.0,4691.0498046875,4704.75,108.0,0.0,0.0,
2020-09-22,4698.0,4698.0,4650.0498046875,4668.2001953125,186.0,0.0,0.0,
2020-09-23,4670.0,4697.25,4586.64990234375,4600.75,900.0,0.0,0.0,
2020-09-24,4417.0,4575.0,4417.0,4543.75,227.0,0.0,0.0,
2020-09-25,4550.7998046875,4587.0,4522.0498046875,4526.0498046875,444.0,0.0,0.0,
2020-09-28,4526.0498046875,4563.0,4500.0,4526.64990234375,115.0,0.0,0.0,
2020-09-29,4638.0,4638.0,4542.0498046875,4567.5498046875,118.0,0.0,0.0,
2020-09-30,4552.0498046875,4600.0,4528.0,4550.0,180.0,0.0,0.0,
2020-10-01,4578.0,4594.0,4561.0,4588.35009765625,50.0,0.0,0.0,
2020-10-05,4587.0,4588.0,4562.60009765625,4587.89990234375,151.0,0.0,0.0,
2020-10-06,4585.0,4638.0,4585.0,4602.5,107.0,0.0,0.0,
2020-10-07,4603.0,4603.0,4554.9501953125,4555.2001953125,183.0,0.0,0.0,
2020-10-08,4579.0,4579.0,4550.14990234375,4557.64990234375,127.0,0.0,0.0,
2020-10-09,4600.0,4620.0498046875,4575.14990234375,4618.35009765625,111.0,0.0,0.0,
2020-10-12,4673.9501953125,4700.0,4645.0,4651.60009765625,69.0,0.0,0.0,
2020-10-13,4698.0,4698.0,4639.9501953125,4688.9501953125,57.0,0.0,0.0,
2020-10-14,4654.0,4919.2998046875,4562.0498046875,4659.2998046875,381.0,0.0,0.0,
2020-10-15,4651.0,4655.39990234375,4629.0,4637.75,31.0,0.0,0.0,
2020-10-16,4633.75,4634.0498046875,4606.60009765625,4609.85009765625,405.0,0.0,0.0,
2020-10-19,4610.0,4630.0,4610.0,4611.5498046875,139.0,0.0,0.0,
2020-10-20,4679.0,4679.0,4526.64990234375,4613.64990234375,316.0,0.0,0.0,
2020-10-21,4640.0,4663.9501953125,4613.0,4638.10009765625,216.0,0.0,0.0,
2020-10-22,4602.0,4640.0498046875,4602.0,4638.35009765625,72.0,0.0,0.0,
2020-10-23,4945.0,4945.0,4601.0,4641.35009765625,62.0,0.0,0.0,
2020-10-26,4637.0,4644.0,4633.0498046875,4644.0,16.0,0.0,0.0,
2020-10-27,4603.2998046875,4650.0,4603.2998046875,4649.0,35.0,0.0,0.0,
2020-10-28,4649.0,4688.0,4630.0,4630.0,13.0,0.0,0.0,
2020-10-29,4630.0,4630.0,4612.0,4619.4501953125,90.0,0.0,0.0,
2020-10-30,4612.2001953125,4649.89990234375,4612.14990234375,4634.89990234375,14.0,0.0,0.0,
2020-11-02,4649.0,4649.0,4603.0498046875,4617.35009765625,38.0,0.0,0.0,
2020-11-03,4612.0498046875,4667.0,4612.0,4634.5,237.0,0.0,0.0,
2020-11-04,4654.9501953125,4717.89990234375,4626.35009765625,4631.5,34.0,0.0,0.0,
2020-11-05,4679.0,4679.0,4640.0498046875,4647.7001953125,41.0,0.0,0.0,
2020-11-06,4699.0,4738.0,4661.0,4703.7998046875,247.0,0.0,0.0,
2020-11-09,4700.0,4800.0,4700.0,4737.10009765625,37.0,0.0,0.0,
2020-11-10,4690.0,4749.0,4599.0,4693.39990234375,323.0,0.0,0.0,
2020-11-11,4620.0498046875,4849.9501953125,4620.0498046875,4630.0,110.0,0.0,0.0,
2020-11-12,4630.0,4670.0,4529.60009765625,4628.89990234375,220.0,0.0,0.0,
2020-11-13,4602.0,4738.0,4602.0,4664.14990234375,163.0,0.0,0.0,
2020-11-14,4737.9501953125,4737.9501953125,4664.14990234375,4706.4501953125,44.0,0.0,0.0,
2020-11-17,4650.0,4850.0,4650.0,4668.35009765625,206.0,0.0,0.0,
2020-11-18,4602.0,4740.0,4602.0,4631.2998046875,186.0,0.0,0.0,
2020-11-19,4600.0,4648.9501953125,4590.0,4610.0,122.0,0.0,0.0,
2020-11-20,4610.0,4667.0,4590.0498046875,4617.35009765625,82.0,0.0,0.0,
2020-11-23,4620.0498046875,4665.0,4620.0498046875,4632.2001953125,58.0,0.0,0.0,
2020-11-24,4633.0,4634.0,4501.0,4566.10009765625,229.0,0.0,0.0,
2020-11-25,4664.64990234375,4664.64990234375,4481.0,4543.4501953125,215.0,0.0,0.0,
2020-11-26,4543.5,4586.5,4501.10009765625,4525.25,114.0,0.0,0.0,
2020-11-27,4520.0,4563.9501953125,4502.25,4522.7001953125,147.0,0.0,0.0,
2020-12-01,4722.7001953125,4722.7001953125,4400.0,4462.75,404.0,0.0,0.0,
2020-12-02,4537.0,4537.0,4426.0,4495.85009765625,1681.0,0.0,0.0,
2020-12-03,4500.0,4613.0,4481.0,4566.25,148.0,0.0,0.0,
2020-12-04,4614.5,4614.5,4507.39990234375,4526.2001953125,98.0,0.0,0.0,
2020-12-07,4588.0,4588.0,4500.10009765625,4506.0,168.0,0.0,0.0,
2020-12-08,4638.0,4638.0,4511.0,4576.9501953125,319.0,0.0,0.0,
2020-12-09,4531.0,4560.0498046875,4531.0,4542.39990234375,57.0,0.0,0.0,
2020-12-10,4546.5,4549.0,4511.0,4520.5498046875,202.0,0.0,0.0,
2020-12-11,4587.9501953125,4587.9501953125,4501.0,4530.14990234375,92.0,0.0,0.0,
2020-12-14,4578.64990234375,4578.64990234375,4501.0,4513.35009765625,89.0,0.0,0.0,
2020-12-15,4478.0,4747.9501953125,4478.0,4513.89990234375,74.0,0.0,0.0,
2020-12-16,4615.9501953125,4749.0,4541.0,4578.4501953125,529.0,0.0,0.0,
2020-12-17,4578.4501953125,4578.4501953125,4547.0,4572.2001953125,95.0,0.0,0.0,
2020-12-18,4663.9501953125,4699.0,4552.0,4593.9501953125,109.0,0.0,0.0,
2020-12-21,4688.0,4750.0,4552.0,4631.7998046875,747.0,0.0,0.0,
2020-12-22,4631.7998046875,4688.0,4582.0,4595.5498046875,389.0,0.0,0.0,
2020-12-23,4664.0,4664.0,4610.0,4616.25,170.0,0.0,0.0,
2020-12-24,4601.0,4646.7001953125,4600.0,4600.5498046875,141.0,0.0,0.0,
2020-12-28,4657.9501953125,4658.0,4573.0,4612.75,255.0,0.0,0.0,
2020-12-29,4556.0498046875,4645.0,4556.0498046875,4621.2998046875,79.0,0.0,0.0,
2020-12-30,4501.0,4660.0,4035.949951171875,4609.7998046875,119.0,0.0,0.0,
2020-12-31,4698.0,4750.0,4510.0,4594.10009765625,848.0,0.0,0.0,
2021-01-01,4624.9501953125,4649.9501953125,4585.0498046875,4592.64990234375,132.0,0.0,0.0,
2021-01-04,4606.0,4670.0,4592.0,4666.2001953125,620.0,0.0,0.0,
2021-01-05,4677.0,4695.0,4653.2998046875,4688.75,167.0,0.0,0.0,
2021-01-06,4701.85009765625,4709.0,4670.0,4704.25,254.0,0.0,0.0,
2021-01-07,4635.0,4682.0,4635.0,4670.75,81.0,0.0,0.0,
2021-01-08,4689.89990234375,4689.89990234375,4619.5498046875,4632.4501953125,304.0,0.0,0.0,
2021-01-11,4599.9501953125,4599.9501953125,4520.0498046875,4566.35009765625,164.0,0.0,0.0,
2021-01-12,4553.60009765625,4607.35009765625,4553.60009765625,4561.64990234375,101.0,0.0,0.0,
2021-01-13,4570.0,4598.0,4550.0,4562.0498046875,116.0,0.0,0.0,
2021-01-14,4546.0,4614.0,4546.0,4567.0498046875,48.0,0.0,0.0,
2021-01-15,4567.0498046875,4609.9501953125,4567.0498046875,4578.85009765625,62.0,0.0,0.0,
2021-01-18,4578.89990234375,4578.89990234375,4540.0,4545.75,95.0,0.0,0.0,
2021-01-19,4532.75,4576.4501953125,4521.0,4538.0,81.0,0.0,0.0,
2021-01-20,4488.9501953125,4574.0,4462.0,4538.14990234375,86.0,0.0,0.0,
2021-01-21,4565.0,4590.0,4533.0,4550.64990234375,366.0,0.0,0.0,
2021-01-22,4588.0,4588.0,4512.0,4532.64990234375,39.0,0.0,0.0,
2021-01-25,4470.0,4564.0,4452.0,4523.39990234375,394.0,0.0,0.0,
2021-01-27,4530.0,4610.0,4480.39990234375,4539.85009765625,146.0,0.0,0.0,
2021-01-28,4500.0,4586.89990234375,4496.5498046875,4499.9501953125,159.0,0.0,0.0,
2021-01-29,4548.0,4548.0,4500.0,4509.35009765625,46.0,0.0,0.0,
2021-02-01,4488.9501953125,4582.60009765625,4450.0,4494.39990234375,92.0,0.0,0.0,
2021-02-02,4485.0498046875,4497.7001953125,4405.5498046875,4430.5,201.0,0.0,0.0,
2021-02-03,4485.7998046875,4488.0,4389.0,4402.25,281.0,0.0,0.0,
2021-02-04,4414.2001953125,4414.2001953125,4339.89990234375,4349.60009765625,341.0,0.0,0.0,
2021-02-05,4398.0,4398.0,4315.0498046875,4322.39990234375,173.0,0.0,0.0,
2021-02-08,4374.0498046875,4374.0498046875,4322.0,4325.25,59.0,0.0,0.0,
2021-02-09,4347.14990234375,4400.0,4345.0,4392.7001953125,267.0,0.0,0.0,
2021-02-10,4392.7001953125,4410.0498046875,4392.0,4395.0498046875,115.0,0.0,0.0,
2021-02-11,4438.0,4438.0,4398.0,4400.25,110.0,0.0,0.0,
2021-02-12,4410.0,4410.0,4350.0,4360.9501953125,84.0,0.0,0.0,
2021-02-15,4438.0,4438.0,4335.0,4371.39990234375,173.0,0.0,0.0,
2021-02-16,4371.35009765625,4412.0,4355.5498046875,4399.89990234375,200.0,0.0,0.0,
2021-02-17,4436.0,4436.0,4370.0,4381.60009765625,48.0,0.0,0.0,
2021-02-18,4358.85009765625,4397.0,4347.75,4350.4501953125,278.0,0.0,0.0,
2021-02-19,4359.2998046875,4383.35009765625,4318.0,4319.10009765625,239.0,0.0,0.0,
2021-02-22,4316.85009765625,4316.85009765625,4272.25,4299.85009765625,69.0,0.0,0.0,
2021-02-23,4317.2001953125,4394.89990234375,4303.0,4361.2001953125,155.0,0.0,0.0,
2021-02-24,4396.9501953125,4396.9501953125,4345.0,4345.0,172.0,0.0,0.0,
2021-02-25,4330.5498046875,4345.0,4325.0,4340.25,36.0,0.0,0.0,
2021-02-26,4345.2998046875,4355.0,4301.0,4324.5,48.0,0.0,0.0,
2021-03-01,4305.7998046875,4400.0,4251.10009765625,4261.25,207.0,0.0,0.0,
2021-03-02,4355.7001953125,4355.7001953125,4189.9501953125,4202.25,588.0,0.0,0.0,
2021-03-03,4222.10009765625,4274.9501953125,4100.0,4117.9501953125,907.0,0.0,0.0,
2021-03-04,4174.0,4200.0,4105.0,4139.0,665.0,0.0,0.0,
2021-03-05,4138.0,4139.60009765625,4080.0,4098.14990234375,829.0,0.0,0.0,
2021-03-08,4198.0,4198.0,4134.9501953125,4159.60009765625,98.0,0.0,0.0,
2021-03-09,4172.0,4172.0,4096.0498046875,4101.60009765625,360.0,0.0,0.0,
2021-03-10,4175.0,4175.0,4090.0,4094.199951171875,144.0,0.0,0.0,
2021-03-12,4188.0,4315.0,4100.0,4112.5,543.0,0.0,0.0,
2021-03-15,4139.0,4139.0,4108.5498046875,4110.39990234375,205.0,0.0,0.0,
2021-03-16,4130.0498046875,4133.75,4100.0,4114.2998046875,119.0,0.0,0.0,
2021-03-17,4211.9501953125,4238.0,4104.39990234375,4150.64990234375,337.0,0.0,0.0,
2021-03-18,4240.0,4734.0,4155.5498046875,4203.25,438.0,0.0,0.0,
2021-03-19,4203.14990234375,4208.60009765625,4140.0,4191.9501953125,119.0,0.0,0.0,
2021-03-22,4151.5,4196.7998046875,4139.5,4159.64990234375,58.0,0.0,0.0,
2021-03-23,4200.0,4200.0,4102.0,4134.2998046875,179.0,0.0,0.0,
2021-03-24,4120.0,4177.9501953125,4120.0,4135.35009765625,91.0,0.0,0.0,
2021-03-25,4159.0,4192.39990234375,4136.5,4170.60009765625,81.0,0.0,0.0,
2021-03-26,4176.0,4185.0,4114.0498046875,4140.0,104.0,0.0,0.0,
2021-03-30,4170.9501953125,4170.9501953125,4113.0498046875,4129.5498046875,30.0,0.0,0.0,
2021-03-31,4125.0,4125.0,4096.0,4107.85009765625,339.0,0.0,0.0,
2021-04-01,4199.9501953125,4199.9501953125,4115.10009765625,4154.85009765625,89.0,0.0,0.0,
2021-04-05,4202.89990234375,4202.89990234375,4136.0,4199.4501953125,154.0,0.0,0.0,
2021-04-06,4201.5498046875,4201.5498046875,4155.2998046875,4169.2001953125,117.0,0.0,0.0,
2021-04-07,4175.0,4229.0,4175.0,4214.60009765625,242.0,0.0,0.0,
2021-04-08,4298.0,4298.0,4201.0,4229.0498046875,118.0,0.0,0.0,
2021-04-09,4545.0,4545.0,4206.0,4243.5,92.0,0.0,0.0,
2021-04-12,4240.0498046875,4367.25,4225.25,4239.39990234375,106.0,0.0,0.0,
2021-04-13,4214.75,4287.89990234375,4210.89990234375,4222.60009765625,167.0,0.0,0.0,
2021-04-15,4205.0,4298.0,4205.0,4287.60009765625,198.0,0.0,0.0,
2021-04-16,4301.0498046875,4310.0,4271.0,4284.7998046875,103.0,0.0,0.0,
2021-04-19,4262.0,4374.9501953125,4262.0,4347.89990234375,192.0,0.0,0.0,
2021-04-20,4282.0,4339.0,4282.0,4299.9501953125,116.0,0.0,0.0,
2021-04-22,4398.0,4398.0,4341.0,4367.64990234375,195.0,0.0,0.0,
2021-04-23,4372.14990234375,4372.14990234375,4344.0498046875,4355.5498046875,105.0,0.0,0.0,
2021-04-26,4388.85009765625,4388.85009765625,4280.0,4318.4501953125,318.0,0.0,0.0,
2021-04-27,4305.0,4390.0,4293.14990234375,4333.7998046875,193.0,0.0,0.0,
2021-04-28,4389.0,4389.0,4325.0,4365.75,196.0,0.0,0.0,
2021-04-29,4362.85009765625,4386.60009765625,4362.85009765625,4383.0498046875,244.0,0.0,0.0,
2021-04-30,4381.64990234375,4381.64990234375,4340.10009765625,4366.85009765625,160.0,0.0,0.0,
2021-05-03,4380.85009765625,4388.75,4363.2998046875,4365.25,58.0,0.0,0.0,
2021-05-04,4388.35009765625,4388.35009765625,4332.0,4345.75,29.0,0.0,0.0,
2021-05-05,4388.0,4388.0,4325.0,4368.7998046875,35.0,0.0,0.0,
2021-05-06,4375.0,4385.0,4317.0498046875,4317.5498046875,60.0,0.0,0.0,
2021-05-07,4382.5498046875,4382.5498046875,4322.0,4340.7998046875,79.0,0.0,0.0,
2021-05-10,4341.0,4389.0,4341.0,4384.10009765625,180.0,0.0,0.0,
2021-05-11,4398.0,4398.0,4362.5,4387.25,44.0,0.0,0.0,
2021-05-12,4338.9501953125,4368.0,4326.0,4344.75,140.0,0.0,0.0,
2021-05-14,4416.0,4434.35009765625,4340.0,4403.5498046875,196.0,0.0,0.0,
2021-05-17,4409.2998046875,4439.0,4404.0,4407.89990234375,60.0,0.0,0.0,
2021-05-18,4410.0,4499.0,4400.0,4403.7001953125,317.0,0.0,0.0,
2021-05-19,4425.0,4425.0,4410.0,4410.0,75.0,0.0,0.0,
2021-05-20,4425.0,4439.0,4411.0,4411.0,125.0,0.0,0.0,
2021-05-21,4405.0,4438.0,4386.0,4409.14990234375,93.0,0.0,0.0,
2021-05-24,4439.0,4439.0,4417.39990234375,4423.75,54.0,0.0,0.0,
2021-05-25,4417.0,4429.5498046875,4410.10009765625,4412.64990234375,55.0,0.0,0.0,
2021-05-26,4450.0,4450.0,4422.0,4430.14990234375,57.0,0.0,0.0,
2021-05-27,4442.0,4442.0,4412.0,4425.9501953125,53.0,0.0,0.0,
2021-05-28,4445.0,4445.0,4417.9501953125,4435.2998046875,112.0,0.0,0.0,
2021-05-31,4449.7998046875,4462.14990234375,4424.0498046875,4460.0,259.0,0.0,0.0,
2021-06-01,4455.0,4593.25,4452.7998046875,4546.64990234375,616.0,0.0,0.0,
2021-06-02,4588.0,4588.0,4470.0,4505.7998046875,327.0,0.0,0.0,
2021-06-03,4505.7998046875,4579.0,4494.0,4500.0,257.0,0.0,0.0,
2021-06-04,4548.0,4548.0,4462.25,4483.7998046875,65.0,0.0,0.0,
2021-06-07,4465.39990234375,4495.89990234375,4465.39990234375,4475.0498046875,65.0,0.0,0.0,
2021-06-08,4495.0,4549.9501953125,4495.0,4510.7998046875,83.0,0.0,0.0,
2021-06-09,4512.0,4520.0,4460.0,4503.0,48.0,0.0,0.0,
2021-06-10,4537.0,4537.0,4470.0,4472.64990234375,159.0,0.0,0.0,
2021-06-11,5364.0498046875,5364.0498046875,4500.0,4500.0,211.0,0.0,0.0,
2021-06-14,4505.0,4505.0,4402.0,4440.2998046875,227.0,0.0,0.0,
2021-06-15,4441.0,4465.0,4420.2001953125,4446.39990234375,58.0,0.0,0.0,
2021-06-16,4484.0,4489.0,4427.4501953125,4461.5,46.0,0.0,0.0,
2021-06-17,4428.2001953125,4464.0,4375.0,4378.60009765625,172.0,0.0,0.0,
2021-06-18,4409.0,4409.0,4340.89990234375,4342.25,130.0,0.0,0.0,
2021-06-21,4345.14990234375,4379.0,4303.0,4331.35009765625,179.0,0.0,0.0,
2021-06-22,4310.0,4359.9501953125,4310.0,4323.14990234375,116.0,0.0,0.0,
2021-06-23,4304.14990234375,4396.85009765625,4288.9501953125,4349.89990234375,81.0,0.0,0.0,
2021-06-24,4349.89990234375,4349.89990234375,4293.60009765625,4323.14990234375,67.0,0.0,0.0,
2021-06-25,4325.2998046875,4372.0,4303.5,4322.9501953125,113.0,0.0,0.0,
2021-06-28,4366.85009765625,4369.0,4317.14990234375,4360.0,28.0,0.0,0.0,
2021-06-29,4350.0,4350.0,4301.0,4311.25,79.0,0.0,0.0,
2021-06-30,4311.25,4326.5,4295.2001953125,4309.75,196.0,0.0,0.0,
2021-07-01,4359.9501953125,4365.0,4327.89990234375,4362.5,56.0,0.0,0.0,
2021-07-02,4300.0,4380.0,4252.25,4350.0,146.0,0.0,0.0,
2021-07-05,4480.5,4480.5,4302.0,4389.9501953125,25.0,0.0,0.0,
2021-07-06,4409.0,4409.0,4366.10009765625,4409.0,71.0,0.0,0.0,
2021-07-07,4388.9501953125,4430.0,4381.0,4408.0,42.0,0.0,0.0,
2021-07-08,4418.0,4440.0,4403.35009765625,4435.0,69.0,0.0,0.0,
2021-07-09,4435.0,4440.0,4390.0,4419.9501953125,184.0,0.0,0.0,
2021-07-12,4419.9501953125,4420.0,4392.85009765625,4411.7001953125,49.0,0.0,0.0,
2021-07-13,4412.0,4458.9501953125,4388.9501953125,4397.0,111.0,0.0,0.0,
2021-07-14,4418.9501953125,4420.0,4410.0,4416.0,201.0,0.0,0.0,
2021-07-15,4418.2998046875,4460.0,4418.2998046875,4457.39990234375,195.0,0.0,0.0,
2021-07-16,4467.0,4497.4501953125,4410.0,4415.5,156.0,0.0,0.0,
2021-07-19,4448.0,4448.0,4410.0,4410.0,116.0,0.0,0.0,
2021-07-20,4446.25,4446.25,4390.10009765625,4414.64990234375,404.0,0.0,0.0,
2021-07-22,4400.0,4429.9501953125,4370.0,4385.64990234375,33.0,0.0,0.0,
2021-07-23,4367.39990234375,4429.9501953125,4367.39990234375,4400.0,78.0,0.0,0.0,
2021-07-26,4395.0,4428.9501953125,4395.0,4410.0,60.0,0.0,0.0,
2021-07-27,4388.9501953125,4395.0,4367.0,4383.0,118.0,0.0,0.0,
2021-07-28,4407.85009765625,4427.2998046875,4386.0,4397.7001953125,52.0,0.0,0.0,
2021-07-29,4466.0,4466.0,4375.0,4434.5,216.0,0.0,0.0,
2021-07-30,4424.10009765625,4460.0,4412.0,4451.10009765625,147.0,0.0,0.0,
2021-08-02,4457.2998046875,4460.0,4421.0,4423.4501953125,73.0,0.0,0.0,
2021-08-03,4447.7998046875,4450.0,4411.0,4414.75,38.0,0.0,0.0,
2021-08-04,4410.0,4434.75,4400.0,4408.85009765625,44.0,0.0,0.0,
2021-08-05,4428.0,4428.0,4401.0498046875,4406.0,140.0,0.0,0.0,
2021-08-06,4432.39990234375,4434.60009765625,4358.0,4366.10009765625,162.0,0.0,0.0,
2021-08-09,4358.0,4365.0,4266.10009765625,4275.39990234375,230.0,0.0,0.0,
2021-08-10,4316.0,4316.0,4236.5,4242.5,172.0,0.0,0.0,
2021-08-11,4299.0,4299.0,4240.0,4262.14990234375,177.0,0.0,0.0,
2021-08-12,4266.35009765625,4330.35009765625,4266.0,4311.7001953125,66.0,0.0,0.0,
2021-08-13,4286.5,4295.0,4252.0,4277.4501953125,173.0,0.0,0.0,
2021-08-16,4289.0,4347.9501953125,4281.0,4344.0,34.0,0.0,0.0,
2021-08-17,4373.7998046875,4390.0,4337.4501953125,4376.75,63.0,0.0,0.0,
2021-08-18,4385.89990234375,4385.9501953125,4305.0,4366.4501953125,317.0,0.0,0.0,
2021-08-20,4474.0,4474.0,4272.0,4360.0,855.0,0.0,0.0,
2021-08-23,4345.10009765625,4360.7001953125,4306.60009765625,4340.0498046875,104.0,0.0,0.0,
2021-08-24,4348.0,4380.0,4348.0,4374.75,190.0,0.0,0.0,
2021-08-25,4374.14990234375,4374.14990234375,4320.0,4358.7998046875,97.0,0.0,0.0,
2021-08-26,4339.0,4339.0,4310.0,4337.5498046875,422.0,0.0,0.0,
2021-08-27,4351.35009765625,4396.0,4305.0,4335.5498046875,381.0,0.0,0.0,
2021-08-30,4337.7998046875,4380.0,4337.7998046875,4354.75,71.0,0.0,0.0,
2021-08-31,4390.0,4390.0,4339.7998046875,4341.14990234375,209.0,0.0,0.0,
2021-09-01,4369.85009765625,4369.85009765625,4329.9501953125,4330.35009765625,84.0,0.0,0.0,
2021-09-02,4369.89990234375,4369.9501953125,4332.89990234375,4344.0,28.0,0.0,0.0,
2021-09-03,4326.4501953125,4344.0,4316.60009765625,4333.0,24.0,0.0,0.0,
2021-09-06,4369.9501953125,4379.0,4341.0498046875,4363.9501953125,133.0,0.0,0.0,
2021-09-07,4362.7001953125,4369.10009765625,4339.0,4347.39990234375,103.0,0.0,0.0,
2021-09-08,4364.9501953125,4364.9501953125,4330.0,4350.0,122.0,0.0,0.0,
2021-09-09,4340.0498046875,4340.0498046875,4288.9501953125,4313.39990234375,178.0,0.0,0.0,
2021-09-13,4421.0,4421.0,4335.9501953125,4348.5498046875,47.0,0.0,0.0,
2021-09-14,4343.9501953125,4360.0,4309.39990234375,4311.5,74.0,0.0,0.0,
2021-09-15,4346.9501953125,4364.39990234375,4335.0,4345.0,169.0,0.0,0.0,
2021-09-16,4359.5498046875,4363.10009765625,4272.35009765625,4290.4501953125,95.0,0.0,0.0,
2021-09-17,4345.0,4345.0,4250.0,4269.85009765625,162.0,0.0,0.0,
2021-09-20,4269.89990234375,4278.0498046875,4250.0,4251.64990234375,232.0,0.0,0.0,
2021-09-21,4269.2998046875,4274.0,4252.0,4268.75,323.0,0.0,0.0,
2021-09-22,4289.14990234375,4332.2001953125,4279.0,4300.7998046875,61.0,0.0,0.0,
2021-09-23,4388.75,4388.75,4262.0498046875,4270.10009765625,132.0,0.0,0.0,
2021-09-24,4244.5,4258.9501953125,4236.60009765625,4240.5498046875,65.0,0.0,0.0,
2021-09-27,4297.14990234375,4297.14990234375,4206.0,4221.0,222.0,0.0,0.0,
2021-09-28,4257.7998046875,4284.0,4235.0,4247.10009765625,27.0,0.0,0.0,
2021-09-29,4374.60009765625,4374.60009765625,4221.10009765625,4261.35009765625,126.0,0.0,0.0,
2021-09-30,4258.0498046875,4275.0,4200.10009765625,4216.89990234375,91.0,0.0,0.0,
2021-10-01,4239.0,4290.0,4239.0,4279.9501953125,132.0,0.0,0.0,
2021-10-04,4242.0498046875,4410.2998046875,4242.0498046875,4280.39990234375,405.0,0.0,0.0,
2021-10-05,4282.0498046875,4313.5,4282.0498046875,4290.10009765625,31.0,0.0,0.0,
2021-10-06,4298.9501953125,4300.0,4279.0,4290.0498046875,34.0,0.0,0.0,
2021-10-07,4312.89990234375,4312.89990234375,4290.0,4305.0,52.0,0.0,0.0,
2021-10-08,4374.0,4374.0,4291.0,4305.7001953125,434.0,0.0,0.0,
2021-10-11,4309.9501953125,4330.0,4284.9501953125,4307.0,257.0,0.0,0.0,
2021-10-12,4329.9501953125,4350.0,4320.0498046875,4330.0498046875,398.0,0.0,0.0,
2021-10-13,4287.0,4360.0,4287.0,4342.85009765625,73.0,0.0,0.0,
2021-10-14,4344.9501953125,4422.9501953125,4344.9501953125,4414.89990234375,337.0,0.0,0.0,
2021-10-18,4411.75,4411.75,4321.0498046875,4336.85009765625,129.0,0.0,0.0,
2021-10-19,4336.89990234375,4404.0,4336.85009765625,4374.0,367.0,0.0,0.0,
2021-10-20,4354.89990234375,4360.0,4306.0,4360.0,105.0,0.0,0.0,
2021-10-21,4359.9501953125,4398.9501953125,4339.9501953125,4370.0,97.0,0.0,0.0,
2021-10-22,4375.35009765625,4984.0,4355.0498046875,4655.25,834.0,0.0,0.0,
2021-10-25,4421.2001953125,4495.0,4327.0,4448.0,377.0,0.0,0.0,
2021-10-26,4439.9501953125,4449.7998046875,4420.0,4433.5498046875,293.0,0.0,0.0,
2021-10-27,4410.0498046875,4410.0498046875,4380.0498046875,4380.0498046875,39.0,0.0,0.0,
2021-10-28,4382.25,4560.2998046875,4382.25,4418.2001953125,195.0,0.0,0.0,
2021-10-29,4446.2998046875,4446.2998046875,4333.0,4388.0,429.0,0.0,0.0,
2021-11-01,4392.7001953125,4412.7998046875,4361.0,4367.5,64.0,0.0,0.0,
2021-11-02,4402.25,4440.0,4401.2001953125,4412.0,165.0,0.0,0.0,
2021-11-03,4500.25,4515.9501953125,4351.0,4373.7001953125,402.0,0.0,0.0,
2021-11-04,4500.0,4505.0,4372.0,4400.0,36.0,0.0,0.0,
2021-11-08,4538.0,4538.0,4394.2998046875,4394.2998046875,48.0,0.0,0.0,
2021-11-09,4410.0498046875,4426.89990234375,4392.4501953125,4422.14990234375,247.0,0.0,0.0,
2021-11-10,4425.0,4444.9501953125,4422.0,4435.2998046875,259.0,0.0,0.0,
2021-11-11,4449.9501953125,4514.5498046875,4449.9501953125,4507.0,236.0,0.0,0.0,
2021-11-12,4545.0,4545.0,4481.25,4510.85009765625,104.0,0.0,0.0,
2021-11-15,4510.0,4550.0,4497.89990234375,4528.2001953125,201.0,0.0,0.0,
2021-11-16,4530.60009765625,4549.0,4520.0498046875,4533.25,115.0,0.0,0.0,
2021-11-17,4529.7998046875,4529.7998046875,4452.5498046875,4495.25,113.0,0.0,0.0,
2021-11-18,4509.7998046875,4889.4501953125,4499.64990234375,4517.60009765625,272.0,0.0,0.0,
2021-11-22,4499.9501953125,4580.0,4470.0498046875,4496.5,189.0,0.0,0.0,
2021-11-23,4451.0498046875,4451.0498046875,4390.0498046875,4392.0498046875,159.0,0.0,0.0,
2021-11-24,4379.0498046875,4444.60009765625,4359.9501953125,4369.89990234375,402.0,0.0,0.0,
2021-11-25,4415.9501953125,4440.7998046875,4380.0498046875,4410.64990234375,52.0,0.0,0.0,
2021-11-26,4389.0,4466.7998046875,4376.75,4420.89990234375,182.0,0.0,0.0,
2021-11-29,4464.2998046875,4464.2998046875,4396.0498046875,4402.10009765625,54.0,0.0,0.0,
2021-11-30,4409.25,4418.60009765625,4351.0,4415.14990234375,247.0,0.0,0.0,
2021-12-01,4389.0,4416.0,4357.0,4372.25,55.0,0.0,0.0,
2021-12-02,4386.2001953125,4386.2001953125,4350.0,4355.64990234375,28.0,0.0,0.0,
2021-12-03,4442.7998046875,4442.7998046875,4349.9501953125,4359.0,91.0,0.0,0.0,
2021-12-06,4446.25,4500.0,4351.0,4399.2001953125,425.0,0.0,0.0,
2021-12-07,4405.0,4415.89990234375,4380.75,4395.2001953125,175.0,0.0,0.0,
2021-12-08,4398.35009765625,4416.0,4373.0,4400.5,32.0,0.0,0.0,
2021-12-09,4400.4501953125,4413.0,4366.0,4379.7001953125,59.0,0.0,0.0,
2021-12-10,4376.10009765625,4408.0,4376.10009765625,4391.25,215.0,0.0,0.0,
2021-12-13,4394.64990234375,4439.9501953125,4375.0,4418.0,41.0,0.0,0.0,
2021-12-14,4445.89990234375,4445.89990234375,4377.0,4400.35009765625,66.0,0.0,0.0,
2021-12-15,4469.60009765625,4469.60009765625,4356.0,4383.0,173.0,0.0,0.0,
2021-12-16,4459.9501953125,4459.9501953125,4383.0498046875,4440.9501953125,307.0,0.0,0.0,
2021-12-17,4402.0498046875,4499.9501953125,4402.0498046875,4485.0,365.0,0.0,0.0,
2021-12-20,4488.10009765625,4488.10009765625,4406.0,4434.25,303.0,0.0,0.0,
2021-12-21,4499.89990234375,4499.89990234375,4369.9501953125,4411.0,215.0,0.0,0.0,
2021-12-22,4411.0498046875,4427.85009765625,4372.0,4381.25,11.0,0.0,0.0,
2021-12-23,4412.2001953125,4459.9501953125,4412.2001953125,4438.35009765625,115.0,0.0,0.0,
2021-12-24,4465.9501953125,4465.9501953125,4405.0498046875,4454.0,65.0,0.0,0.0,
2021-12-27,4465.9501953125,4499.0,4430.7001953125,4440.10009765625,112.0,0.0,0.0,
2021-12-28,4465.9501953125,4465.9501953125,4410.2998046875,4440.89990234375,144.0,0.0,0.0,
2021-12-29,4443.2001953125,4443.2001953125,4380.0,4439.60009765625,35.0,0.0,0.0,
2021-12-30,4395.9501953125,4434.7998046875,4368.0498046875,4375.10009765625,76.0,0.0,0.0,
2021-12-31,4445.75,4445.75,4439.0,4439.0,9.0,0.0,0.0,
2022-01-03,4465.9501953125,4494.9501953125,4416.0,4425.0,197.0,0.0,0.0,
2022-01-04,4421.89990234375,4421.9501953125,4388.9501953125,4392.85009765625,31.0,0.0,0.0,
2022-01-05,4437.7001953125,4437.7001953125,4411.0,4415.2001953125,113.0,0.0,0.0,
2022-01-06,4396.10009765625,4408.7001953125,4378.0498046875,4393.35009765625,34.0,0.0,0.0,
2022-01-07,4378.0,4400.0,4366.0,4386.0,24.0,0.0,0.0,
2022-01-10,4340.10009765625,4415.7998046875,4340.10009765625,4389.85009765625,218.0,0.0,0.0,
2022-01-11,4390.2998046875,4410.0,4351.0,4371.0,313.0,0.0,0.0,
2022-01-12,4399.9501953125,4410.0,4395.0,4397.0,125.0,0.0,0.0,
2022-01-13,4402.89990234375,4486.25,4388.0,4412.75,151.0,0.0,0.0,
2022-01-14,4435.39990234375,4449.9501953125,4398.9501953125,4446.60009765625,42.0,0.0,0.0,
2022-01-17,4457.9501953125,4457.9501953125,4402.0,4415.0,60.0,0.0,0.0,
2022-01-18,4415.0,4444.4501953125,4372.0,4384.5,28.0,0.0,0.0,
2022-01-19,4438.89990234375,4438.89990234375,4420.0498046875,4420.0498046875,43.0,0.0,0.0,
2022-01-20,4444.89990234375,4474.9501953125,4430.2001953125,4451.35009765625,150.0,0.0,0.0,
2022-01-21,4467.0,4484.0,4440.0498046875,4446.0,75.0,0.0,0.0,
2022-01-24,4400.0498046875,4473.9501953125,4400.0,4454.2001953125,115.0,0.0,0.0,
2022-01-25,4440.35009765625,4490.0498046875,4415.10009765625,4466.35009765625,200.0,0.0,0.0,
2022-01-27,4489.89990234375,4489.9501953125,4442.0,4453.0,67.0,0.0,0.0,
2022-01-28,4441.9501953125,4441.9501953125,4391.0,4408.2001953125,37.0,0.0,0.0,
2022-01-31,4447.7998046875,4864.0,4388.0498046875,4392.2001953125,559.0,0.0,0.0,
2022-02-01,4436.89990234375,4436.89990234375,4371.0,4416.35009765625,185.0,0.0,0.0,
2022-02-02,4401.0,4423.7001953125,4381.5,4421.2001953125,50.0,0.0,0.0,
2022-02-03,4440.7998046875,4445.0,4423.9501953125,4445.0,7.0,0.0,0.0,
2022-02-04,4461.10009765625,4464.2001953125,4414.0,4415.89990234375,60.0,0.0,0.0,
2022-02-07,4449.9501953125,4449.9501953125,4446.64990234375,4446.64990234375,10.0,0.0,0.0,
2022-02-08,4419.9501953125,4465.9501953125,4416.0,4430.0498046875,78.0,0.0,0.0,
2022-02-09,4464.85009765625,4474.89990234375,4430.2001953125,4464.7001953125,148.0,0.0,0.0,
2022-02-10,4472.10009765625,4495.0498046875,4442.0,4479.39990234375,187.0,0.0,0.0,
2022-02-11,4519.89990234375,4520.0498046875,4488.10009765625,4496.2998046875,56.0,0.0,0.0,
2022-02-14,4496.2998046875,4582.25,4496.2998046875,4549.7001953125,187.0,0.0,0.0,
2022-02-15,4589.9501953125,4610.0,4552.64990234375,4584.2998046875,266.0,0.0,0.0,
2022-02-16,4532.60009765625,4543.89990234375,4501.5,4516.85009765625,69.0,0.0,0.0,
2022-02-17,4559.89990234375,4605.0,4531.0,4599.75,199.0,0.0,0.0,
2022-02-18,4604.5,4629.9501953125,4570.0498046875,4571.10009765625,114.0,0.0,0.0,
2022-02-21,4565.85009765625,4599.9501953125,4546.0,4568.39990234375,181.0,0.0,0.0,
2022-02-22,4607.5498046875,4633.10009765625,4607.0,4611.35009765625,295.0,0.0,0.0,
2022-02-23,4566.75,4603.9501953125,4561.0,4574.7998046875,163.0,0.0,0.0,
2022-02-24,4620.7001953125,4950.0,4619.9501953125,4764.0,676.0,0.0,0.0,
2022-02-25,4899.9501953125,4950.0,4636.85009765625,4682.9501953125,620.0,0.0,0.0,
2022-02-28,4778.9501953125,4778.9501953125,4592.0,4617.5,350.0,0.0,0.0,
2022-03-02,4659.25,4750.0498046875,4650.0,4716.85009765625,511.0,0.0,0.0,
2022-03-03,4712.14990234375,4739.0,4687.9501953125,4700.0498046875,136.0,0.0,0.0,
2022-03-04,4739.9501953125,4750.0498046875,4712.5,4730.25,651.0,0.0,0.0,
2022-03-07,4799.2998046875,5010.2998046875,4788.4501953125,4927.5498046875,1305.0,0.0,0.0,
2022-03-08,4950.0,4950.0,4851.0,4917.5,350.0,0.0,0.0,
2022-03-09,5007.60009765625,5015.9501953125,4806.64990234375,4882.9501953125,262.0,0.0,0.0,
2022-03-10,4782.7998046875,4785.2998046875,4703.14990234375,4759.89990234375,630.0,0.0,0.0,
2022-03-11,4712.0498046875,4839.9501953125,4712.0,4792.14990234375,807.0,0.0,0.0,
2022-03-14,4790.0498046875,4816.0,4716.14990234375,4753.89990234375,125.0,0.0,0.0,
2022-03-15,4726.0,4860.2998046875,4708.2998046875,4785.5,269.0,0.0,0.0,
2022-03-16,4612.0,4763.9501953125,4612.0,4729.64990234375,90.0,0.0,0.0,
2022-03-17,4789.89990234375,4789.89990234375,4669.0498046875,4699.9501953125,105.0,0.0,0.0,
2022-03-21,4719.2001953125,4749.89990234375,4660.0498046875,4682.2001953125,548.0,0.0,0.0,
2022-03-22,4685.0498046875,4783.5,4685.0498046875,4718.2998046875,85.0,0.0,0.0,
2022-03-23,4749.7998046875,4749.7998046875,4638.9501953125,4672.25,234.0,0.0,0.0,
2022-03-24,4706.7998046875,4749.9501953125,4706.7998046875,4741.39990234375,93.0,0.0,0.0,
2022-03-25,4750.0,4765.0,4715.0,4730.5498046875,574.0,0.0,0.0,
2022-03-28,4747.5,4747.5,4701.5,4703.5498046875,56.0,0.0,0.0,
2022-03-29,4737.39990234375,4758.7001953125,4692.0,4736.9501953125,172.0,0.0,0.0,
2022-03-30,4703.85009765625,4705.9501953125,4680.0,4680.2998046875,290.0,0.0,0.0,
2022-03-31,4699.89990234375,4720.0,4665.10009765625,4687.0498046875,163.0,0.0,0.0,
2022-04-01,4716.5,4759.25,4716.5,4730.0498046875,64.0,0.0,0.0,
2022-04-04,4884.0,4884.0,4694.0,4725.64990234375,214.0,0.0,0.0,
2022-04-05,4712.60009765625,4799.0498046875,4678.0498046875,4696.35009765625,586.0,0.0,0.0,
2022-04-06,4713.10009765625,4786.0,4695.0,4748.10009765625,416.0,0.0,0.0,
2022-04-07,4749.85009765625,4776.10009765625,4728.9501953125,4741.7998046875,89.0,0.0,0.0,
2022-04-08,4749.9501953125,4759.0498046875,4739.89990234375,4754.0,250.0,0.0,0.0,
2022-04-11,4881.0,4881.0,4718.0498046875,4814.5498046875,160.0,0.0,0.0,
2022-04-12,4859.9501953125,4859.9501953125,4789.9501953125,4811.14990234375,349.0,0.0,0.0,
2022-04-13,4820.10009765625,4885.0,4820.0498046875,4868.39990234375,488.0,0.0,0.0,
2022-04-18,4949.89990234375,4950.0,4854.85009765625,4927.2998046875,126.0,0.0,0.0,
2022-04-19,4910.0498046875,4919.5498046875,4870.0,4870.0,72.0,0.0,0.0,
2022-04-20,4850.0498046875,4850.0498046875,4775.2998046875,4840.0,131.0,0.0,0.0,
2022-04-21,4887.5498046875,4920.14990234375,4815.10009765625,4843.89990234375,245.0,0.0,0.0,
2022-04-22,4824.9501953125,4869.10009765625,4790.0498046875,4803.7001953125,137.0,0.0,0.0,
2022-04-25,4834.9501953125,4898.0,4760.0,4772.2998046875,171.0,0.0,0.0,
2022-04-26,4769.9501953125,4770.0,4689.0,4769.9501953125,330.0,0.0,0.0,
2022-04-27,4714.0498046875,4829.89990234375,4714.0498046875,4736.14990234375,342.0,0.0,0.0,
2022-04-28,4714.4501953125,4784.0,4688.9501953125,4720.39990234375,90.0,0.0,0.0,
2022-04-29,4758.7998046875,4793.14990234375,4745.0498046875,4793.14990234375,13.0,0.0,0.0,
2022-05-02,4789.0,4789.0,4701.7001953125,4709.5498046875,355.0,0.0,0.0,
2022-05-04,4759.89990234375,4786.0,4666.0,4695.9501953125,183.0,0.0,0.0,
2022-05-05,4729.89990234375,4757.89990234375,4701.2998046875,4752.2001953125,196.0,0.0,0.0,
2022-05-06,4699.0,4768.0,4689.0,4756.85009765625,235.0,0.0,0.0,
2022-05-09,4732.89990234375,4841.0,4732.89990234375,4774.14990234375,96.0,0.0,0.0,
2022-05-10,4799.89990234375,4799.9501953125,4703.0,4714.5498046875,57.0,0.0,0.0,
2022-05-11,4687.2998046875,4715.5498046875,4658.7001953125,4663.0,32.0,0.0,0.0,
2022-05-12,4719.89990234375,4719.89990234375,4665.60009765625,4700.60009765625,54.0,0.0,0.0,
2022-05-13,4663.64990234375,4663.64990234375,4637.0,4639.0,40.0,0.0,0.0,
2022-05-16,4679.85009765625,4679.85009765625,4578.10009765625,4590.9501953125,118.0,0.0,0.0,
2022-05-17,4602.0498046875,4664.0,4602.0,4659.2001953125,94.0,0.0,0.0,
2022-05-18,4679.85009765625,4679.85009765625,4603.10009765625,4613.85009765625,60.0,0.0,0.0,
2022-05-19,4612.85009765625,4697.0,4612.0,4647.9501953125,76.0,0.0,0.0,
2022-05-20,4622.0498046875,4699.5,4622.0498046875,4693.0,21.0,0.0,0.0,
2022-05-23,4786.89990234375,4799.9501953125,4652.0,4699.5,183.0,0.0,0.0,
2022-05-24,4729.9501953125,4750.0,4674.2998046875,4708.39990234375,153.0,0.0,0.0,
2022-05-25,4729.89990234375,4738.9501953125,4675.2998046875,4694.5498046875,45.0,0.0,0.0,
2022-05-26,4689.4501953125,4722.75,4680.0,4696.0,18.0,0.0,0.0,
2022-05-27,4707.89990234375,4749.85009765625,4680.0,4710.0,29.0,0.0,0.0,
2022-05-30,4728.2001953125,4728.2001953125,4682.0498046875,4688.0,29.0,0.0,0.0,
2022-05-31,4699.7001953125,4700.0,4615.9501953125,4638.4501953125,561.0,0.0,0.0,
2022-06-01,4651.0498046875,4669.0,4611.0,4623.9501953125,95.0,0.0,0.0,
2022-06-02,4679.9501953125,4729.9501953125,4653.0,4707.0498046875,199.0,0.0,0.0,
2022-06-03,4689.0,4729.89990234375,4689.0,4714.2998046875,207.0,0.0,0.0,
2022-06-06,4735.35009765625,4749.89990234375,4695.14990234375,4719.89990234375,79.0,0.0,0.0,
2022-06-07,4725.10009765625,4725.10009765625,4650.0498046875,4671.25,65.0,0.0,0.0,
2022-06-08,4699.9501953125,4699.9501953125,4660.9501953125,4682.9501953125,86.0,0.0,0.0,
2022-06-09,4690.5,4713.9501953125,4676.0,4676.0,18.0,0.0,0.0,
2022-06-10,4650.64990234375,4700.0498046875,4640.0,4689.0,66.0,0.0,0.0,
2022-06-13,4782.85009765625,4782.85009765625,4711.14990234375,4732.4501953125,103.0,0.0,0.0,
2022-06-14,4678.35009765625,4690.0,4631.9501953125,4651.0498046875,317.0,0.0,0.0,
2022-06-15,4644.9501953125,4655.0,4635.0,4650.10009765625,257.0,0.0,0.0,
2022-06-16,4693.39990234375,4693.39990234375,4611.0,4615.0,132.0,0.0,0.0,
2022-06-17,4667.10009765625,4734.0,4667.10009765625,4717.14990234375,77.0,0.0,0.0,
2022-06-20,5141.7001953125,5141.7001953125,4641.0,4660.4501953125,86.0,0.0,0.0,
2022-06-21,4688.9501953125,4699.9501953125,4661.89990234375,4697.9501953125,22.0,0.0,0.0,
2022-06-22,4660.0,4688.14990234375,4638.9501953125,4670.0,57.0,0.0,0.0,
2022-06-23,4699.89990234375,4714.0,4699.89990234375,4714.0,9.0,0.0,0.0,
2022-06-24,4688.9501953125,4698.9501953125,4645.0498046875,4645.0498046875,43.0,0.0,0.0,
2022-06-27,4680.0,4698.0,4665.2998046875,4689.35009765625,12.0,0.0,0.0,
2022-06-28,4689.10009765625,4702.2998046875,4680.85009765625,4695.7998046875,30.0,0.0,0.0,
2022-06-29,4708.7998046875,4720.0,4691.4501953125,4709.9501953125,11.0,0.0,0.0,
2022-06-30,4740.9501953125,4740.9501953125,4649.9501953125,4661.10009765625,64.0,0.0,0.0,
2022-07-01,4687.2001953125,4750.0,4687.2001953125,4735.35009765625,201.0,0.0,0.0,
2022-07-04,4765.9501953125,4800.0,4735.5498046875,4799.9501953125,58.0,0.0,0.0,
2022-07-05,4840.9501953125,4841.0,4786.0,4799.9501953125,27.0,0.0,0.0,
2022-07-06,4754.2001953125,4754.2001953125,4708.7998046875,4734.35009765625,43.0,0.0,0.0,
2022-07-07,4721.0,4721.0,4645.0,4664.60009765625,275.0,0.0,0.0,
2022-07-08,4699.7998046875,4712.4501953125,4620.0498046875,4654.64990234375,212.0,0.0,0.0,
2022-07-11,4696.35009765625,4699.9501953125,4654.0,4674.25,42.0,0.0,0.0,
2022-07-12,4649.9501953125,4671.0498046875,4620.7998046875,4671.0498046875,149.0,0.0,0.0,
2022-07-13,4699.85009765625,4699.85009765625,4642.0,4651.39990234375,46.0,0.0,0.0,
2022-07-14,4660.0,4669.4501953125,4627.0,4630.2998046875,71.0,0.0,0.0,
2022-07-15,4628.2998046875,4642.75,4602.0498046875,4622.35009765625,132.0,0.0,0.0,
2022-07-18,4663.7001953125,4663.7001953125,4565.0,4636.5498046875,182.0,0.0,0.0,
2022-07-19,4639.9501953125,4660.39990234375,4620.5498046875,4627.75,337.0,0.0,0.0,
2022-07-20,4673.9501953125,4673.9501953125,4622.0498046875,4644.0,45.0,0.0,0.0,
2022-07-21,4635.10009765625,4635.10009765625,4589.0,4608.35009765625,94.0,0.0,0.0,
2022-07-22,4649.5,4671.9501953125,4630.0,4658.5,108.0,0.0,0.0,
2022-07-25,4655.35009765625,4668.7998046875,4602.0498046875,4624.75,46.0,0.0,0.0,
2022-07-26,4650.0498046875,4659.89990234375,4616.35009765625,4637.64990234375,143.0,0.0,0.0,
2022-07-27,4601.0498046875,4678.0498046875,4567.0,4648.85009765625,215.0,0.0,0.0,
2022-07-28,4690.2998046875,4741.0,4655.5,4703.2998046875,123.0,0.0,0.0,
2022-07-29,4744.9501953125,4744.9501953125,4641.0,4675.0,130.0,0.0,0.0,
2022-08-01,4715.9501953125,4808.5498046875,4675.0498046875,4723.5498046875,110.0,0.0,0.0,
2022-08-02,4667.39990234375,4768.64990234375,4665.0,4726.89990234375,118.0,0.0,0.0,
2022-08-03,4715.0,4729.9501953125,4710.0,4710.2001953125,110.0,0.0,0.0,
2022-08-04,4698.64990234375,4770.89990234375,4665.0,4712.5,107.0,0.0,0.0,
2022-08-05,4740.5498046875,4835.0,4740.5,4776.4501953125,178.0,0.0,0.0,
2022-08-08,4702.5,4799.9501953125,4672.0,4774.35009765625,412.0,0.0,0.0,
2022-08-10,4839.85009765625,4839.89990234375,4761.0,4785.4501953125,59.0,0.0,0.0,
2022-08-11,4785.4501953125,4785.4501953125,4784.35009765625,4785.0,75.0,0.0,0.0,
2022-08-12,4785.0498046875,4800.0,4745.0,4798.39990234375,69.0,0.0,0.0,
2022-08-16,4839.75,4839.7998046875,4741.0,4751.7001953125,71.0,0.0,0.0,
2022-08-17,4794.10009765625,4810.0,4748.39990234375,4776.60009765625,67.0,0.0,0.0,
2022-08-18,4765.0498046875,4765.0498046875,4741.0,4753.0,20.0,0.0,0.0,
2022-08-19,4746.0498046875,4761.0498046875,4740.0,4740.0,176.0,0.0,0.0,
2022-08-22,4759.85009765625,4760.0,4700.14990234375,4741.75,141.0,0.0,0.0,
2022-08-23,4731.89990234375,4734.9501953125,4690.0,4701.2998046875,52.0,0.0,0.0,
2022-08-24,4739.7998046875,4758.0,4702.0,4730.0,60.0,0.0,0.0,
2022-08-25,4729.9501953125,4799.0,4716.0498046875,4778.2998046875,563.0,0.0,0.0,
2022-08-26,4772.35009765625,4776.0,4732.0498046875,4732.0498046875,15.0,0.0,0.0,
2022-08-29,4732.10009765625,4786.0,4675.0,4680.0498046875,439.0,0.0,0.0,
2022-08-30,4702.5498046875,4750.0,4652.0,4721.75,117.0,0.0,0.0,
2022-09-01,4690.75,4726.35009765625,4625.0,4634.75,219.0,0.0,0.0,
2022-09-02,4676.0498046875,4773.85009765625,4602.0,4623.85009765625,253.0,0.0,0.0,
2022-09-05,4740.9501953125,4740.9501953125,4635.10009765625,4689.7001953125,124.0,0.0,0.0,
2022-09-06,4661.25,4712.39990234375,4642.0,4664.4501953125,43.0,0.0,0.0,
2022-09-07,4669.85009765625,4685.0,4586.0,4663.2998046875,126.0,0.0,0.0,
2022-09-08,4664.9501953125,4667.0,4626.0,4666.2001953125,51.0,0.0,0.0,
2022-09-09,4638.35009765625,4669.0,4616.0,4661.14990234375,110.0,0.0,0.0,
2022-09-12,4679.89990234375,4691.0,4640.0,4686.85009765625,112.0,0.0,0.0,
2022-09-13,4652.0498046875,4761.2998046875,4622.0,4671.10009765625,1364.0,0.0,0.0,
2022-09-14,4638.2998046875,4638.2998046875,4600.0,4611.89990234375,98.0,0.0,0.0,
2022-09-15,4610.0,4650.0,4571.2998046875,4595.89990234375,231.0,0.0,0.0,
2022-09-16,4579.14990234375,4579.14990234375,4471.5,4510.5498046875,422.0,0.0,0.0,
2022-09-19,4589.85009765625,4641.0,4506.35009765625,4541.25,280.0,0.0,0.0,
2022-09-20,4581.64990234375,4598.0,4502.0,4533.0498046875,290.0,0.0,0.0,
2022-09-21,4530.0498046875,4569.0,4525.0,4528.0498046875,94.0,0.0,0.0,
2022-09-22,4566.5498046875,4589.85009765625,4525.14990234375,4567.85009765625,75.0,0.0,0.0,
2022-09-23,4618.9501953125,4618.9501953125,4562.2998046875,4570.10009765625,84.0,0.0,0.0,
2022-09-26,4588.9501953125,4590.0,4530.7998046875,4582.2001953125,62.0,0.0,0.0,
2022-09-27,4543.85009765625,4575.89990234375,4491.0,4516.39990234375,141.0,0.0,0.0,
2022-09-28,4529.9501953125,4550.0,4515.0498046875,4530.35009765625,105.0,0.0,0.0,
2022-09-29,4565.5498046875,4761.2998046875,4565.5498046875,4654.2001953125,857.0,0.0,0.0,
2022-09-30,4695.60009765625,4695.60009765625,4605.25,4634.5,35.0,0.0,0.0,
2022-10-03,4679.89990234375,4679.89990234375,4581.0,4638.0,75.0,0.0,0.0,
2022-10-04,4743.39990234375,4743.39990234375,4651.2998046875,4710.10009765625,256.0,0.0,0.0,
2022-10-06,4751.9501953125,4751.9501953125,4705.0,4726.25,106.0,0.0,0.0,
2022-10-07,4728.7001953125,4765.0498046875,4728.7001953125,4764.7998046875,141.0,0.0,0.0,
2022-10-10,4749.9501953125,4749.9501953125,4641.0,4659.25,125.0,0.0,0.0,
2022-10-11,4653.10009765625,4653.10009765625,4608.10009765625,4641.60009765625,90.0,0.0,0.0,
2022-10-12,4673.9501953125,4674.89990234375,4602.0,4641.10009765625,33.0,0.0,0.0,
2022-10-13,4641.0498046875,4678.0,4620.0498046875,4662.7001953125,56.0,0.0,0.0,
2022-10-14,4620.35009765625,4666.4501953125,4602.0,4618.14990234375,39.0,0.0,0.0,
2022-10-17,4630.0,4630.0,4617.89990234375,4625.0,97.0,0.0,0.0,
2022-10-18,4667.9501953125,4667.9501953125,4500.2998046875,4555.2001953125,1125.0,0.0,0.0,
2022-10-19,4618.9501953125,4618.9501953125,4578.0,4618.0498046875,89.0,0.0,0.0,
2022-10-20,4617.75,4637.85009765625,4580.0,4603.5,178.0,0.0,0.0,
2022-10-21,4590.2998046875,4590.2998046875,4562.0,4570.0498046875,52.0,0.0,0.0,
2022-10-24,4669.85009765625,4678.0,4582.0,4671.89990234375,119.0,0.0,0.0,
2022-10-25,4650.35009765625,4694.89990234375,4620.2998046875,4673.2001953125,108.0,0.0,0.0,
2022-10-27,4683.39990234375,4683.39990234375,4644.0,4644.0,192.0,0.0,0.0,
2022-10-28,4679.85009765625,4679.89990234375,4599.89990234375,4617.85009765625,160.0,0.0,0.0,
2022-10-31,4649.85009765625,4649.89990234375,4598.10009765625,4630.85009765625,66.0,0.0,0.0,
2022-11-01,4649.85009765625,4649.89990234375,4609.10009765625,4629.35009765625,385.0,0.0,0.0,
2022-11-02,4669.85009765625,4669.89990234375,4629.35009765625,4651.89990234375,96.0,0.0,0.0,
2022-11-03,4620.35009765625,4644.9501953125,4602.2998046875,4616.0,45.0,0.0,0.0,
2022-11-04,4656.7998046875,4656.7998046875,4626.7998046875,4639.75,28.0,0.0,0.0,
2022-11-07,4640.0498046875,4686.60009765625,4640.0498046875,4658.64990234375,48.0,0.0,0.0,
2022-11-09,4686.5498046875,4723.9501953125,4686.5498046875,4700.0,117.0,0.0,0.0,
2022-11-10,4699.9501953125,4726.89990234375,4699.9501953125,4705.39990234375,163.0,0.0,0.0,
2022-11-11,4741.7998046875,4799.39990234375,4734.9501953125,4780.9501953125,152.0,0.0,0.0,
2022-11-14,4876.60009765625,4876.60009765625,4770.35009765625,4809.10009765625,106.0,0.0,0.0,
2022-11-15,4833.85009765625,4844.9501953125,4780.0,4832.64990234375,345.0,0.0,0.0,
2022-11-16,4889.85009765625,4889.85009765625,4802.0,4822.0,58.0,0.0,0.0,
2022-11-17,4849.85009765625,4849.89990234375,4807.2998046875,4842.14990234375,73.0,0.0,0.0,
2022-11-18,4807.0498046875,4850.0,4792.14990234375,4839.7998046875,248.0,0.0,0.0,
2022-11-21,4840.0498046875,4840.0498046875,4795.0,4796.14990234375,246.0,0.0,0.0,
2022-11-22,4814.9501953125,4814.9501953125,4785.10009765625,4795.2001953125,151.0,0.0,0.0,
2022-11-23,4755.0498046875,4810.0,4755.0498046875,4780.39990234375,280.0,0.0,0.0,
2022-11-24,4785.0498046875,4839.0,4785.0498046875,4802.85009765625,114.0,0.0,0.0,
2022-11-25,4819.9501953125,4829.0,4810.25,4824.9501953125,139.0,0.0,0.0,
2022-11-28,4837.39990234375,4845.0,4810.0,4834.85009765625,55.0,0.0,0.0,
2022-11-29,4824.89990234375,4830.0,4801.0498046875,4827.0,7.0,0.0,0.0,
2022-11-30,4830.0,4948.0,4830.0,4850.89990234375,1839.0,0.0,0.0,
2022-12-01,4898.9501953125,4898.9501953125,4835.0498046875,4875.4501953125,77.0,0.0,0.0,
2022-12-02,4869.7001953125,4974.9501953125,4862.35009765625,4903.85009765625,163.0,0.0,0.0,
2022-12-05,4949.85009765625,4967.0,4911.10009765625,4931.2001953125,257.0,0.0,0.0,
2022-12-06,4931.2001953125,4995.0,4900.0,4900.14990234375,748.0,0.0,0.0,
2022-12-07,4921.60009765625,4930.0,4904.39990234375,4917.75,70.0,0.0,0.0,
2022-12-08,4983.9501953125,4984.0,4914.14990234375,4921.14990234375,132.0,0.0,0.0,
2022-12-09,4949.39990234375,4950.0,4876.0,4905.35009765625,105.0,0.0,0.0,
2022-12-12,4984.0,4990.0,4905.60009765625,4930.39990234375,498.0,0.0,0.0,
2022-12-13,4895.0,4943.0,4895.0,4925.0,152.0,0.0,0.0,
2022-12-14,4960.14990234375,4981.0498046875,4955.0498046875,4971.64990234375,84.0,0.0,0.0,
2022-12-15,4977.7001953125,4988.9501953125,4910.0498046875,4915.0498046875,326.0,0.0,0.0,
2022-12-16,4956.5498046875,4956.5498046875,4901.2998046875,4920.14990234375,118.0,0.0,0.0,
2022-12-19,4969.25,4969.25,4937.5,4944.35009765625,58.0,0.0,0.0,
2022-12-20,4938.60009765625,4989.39990234375,4938.60009765625,4983.64990234375,147.0,0.0,0.0,
2022-12-21,4972.7998046875,5001.0,4972.7998046875,4998.10009765625,558.0,0.0,0.0,
2022-12-22,5003.0498046875,5016.5498046875,4987.64990234375,4998.0,35.0,0.0,0.0,
2022-12-23,4990.0,5100.0,4939.39990234375,4989.14990234375,249.0,0.0,0.0,
2022-12-26,5045.85009765625,5045.85009765625,4979.9501953125,4982.39990234375,250.0,0.0,0.0,
2022-12-27,5019.85009765625,5026.9501953125,4962.0,5004.0,97.0,0.0,0.0,
2022-12-28,5059.89990234375,5059.89990234375,4980.2998046875,5006.4501953125,57.0,0.0,0.0,
2022-12-29,4980.35009765625,4990.0,4922.0,4982.5,207.0,0.0,0.0,
2022-12-30,5016.5498046875,5050.0,4995.0498046875,5005.0,150.0,0.0,0.0,
2023-01-02,5069.85009765625,5069.89990234375,5046.10009765625,5054.0,142.0,0.0,0.0,
2023-01-03,5124.0,5124.0,5016.0,5081.5498046875,568.0,0.0,0.0,
2023-01-04,5147.9501953125,5147.9501953125,5055.0498046875,5121.75,135.0,0.0,0.0,
2023-01-05,5184.0,5184.0,5079.10009765625,5093.7998046875,121.0,0.0,0.0,
2023-01-06,5118.85009765625,5136.60009765625,5064.0498046875,5072.10009765625,262.0,0.0,0.0,
2023-01-09,5102.0498046875,5179.89990234375,5102.0498046875,5164.25,294.0,0.0,0.0,
2023-01-10,5198.0,5268.0,5100.0498046875,5125.4501953125,458.0,0.0,0.0,
2023-01-11,5125.60009765625,5160.0,5125.5,5149.7998046875,65.0,0.0,0.0,
2023-01-12,5149.7998046875,5149.7998046875,5100.35009765625,5130.0,116.0,0.0,0.0,
2023-01-13,5140.4501953125,5195.0,5137.0,5170.75,90.0,0.0,0.0,
2023-01-16,5196.60009765625,5251.0,5186.60009765625,5234.0,138.0,0.0,0.0,
2023-01-17,5251.0,5251.0,5162.0,5200.0,207.0,0.0,0.0,
2023-01-18,5220.35009765625,5220.35009765625,5151.0,5185.89990234375,117.0,0.0,0.0,
2023-01-19,5200.0,5200.0,5170.0,5199.0,49.0,0.0,0.0,
2023-01-20,5199.0,5225.0,5199.0,5219.75,55.0,0.0,0.0,
2023-01-23,5279.89990234375,5291.0,5187.14990234375,5202.39990234375,182.0,0.0,0.0,
2023-01-24,5358.4501953125,5358.4501953125,5217.7001953125,5240.0,102.0,0.0,0.0,
2023-01-25,5253.2001953125,5253.2001953125,5193.0498046875,5238.85009765625,228.0,0.0,0.0,
2023-01-27,5279.89990234375,5279.89990234375,5162.0,5219.39990234375,196.0,0.0,0.0,
2023-01-30,5300.0,5300.0,5219.39990234375,5225.9501953125,90.0,0.0,0.0,
2023-01-31,5249.9501953125,5249.9501953125,5200.0,5206.60009765625,113.0,0.0,0.0,
2023-02-01,5246.85009765625,5300.0,5199.9501953125,5265.2001953125,737.0,0.0,0.0,
2023-02-02,5299.9501953125,5389.89990234375,5279.9501953125,5385.2001953125,460.0,0.0,0.0,
2023-02-03,5379.0,5389.89990234375,5290.0498046875,5305.10009765625,316.0,0.0,0.0,
2023-02-06,5398.0,5398.0,5243.10009765625,5276.5,193.0,0.0,0.0,
2023-02-07,5299.89990234375,5299.89990234375,5255.0,5263.75,58.0,0.0,0.0,
2023-02-08,5266.0498046875,5287.7998046875,5250.2998046875,5268.64990234375,73.0,0.0,0.0,
2023-02-09,5268.75,5292.5498046875,5250.0498046875,5288.4501953125,140.0,0.0,0.0,
2023-02-10,5257.35009765625,5295.0,5205.0498046875,5259.35009765625,98.0,0.0,0.0,
2023-02-13,5289.0,5338.0,5205.0,5232.85009765625,312.0,0.0,0.0,
2023-02-14,5279.85009765625,5279.85009765625,5195.35009765625,5240.9501953125,49.0,0.0,0.0,
2023-02-15,5220.35009765625,5266.7001953125,5155.0,5173.4501953125,131.0,0.0,0.0,
2023-02-16,5183.9501953125,5191.85009765625,5131.0,5169.5498046875,162.0,0.0,0.0,
2023-02-17,5161.10009765625,5161.10009765625,5126.10009765625,5142.14990234375,260.0,0.0,0.0,
2023-02-20,5168.75,5235.0498046875,5161.2998046875,5210.0498046875,681.0,0.0,0.0,
2023-02-21,5210.10009765625,5210.10009765625,5162.0,5169.5498046875,69.0,0.0,0.0,
2023-02-22,5189.9501953125,5189.9501953125,5144.10009765625,5188.5,61.0,0.0,0.0,
2023-02-23,5156.10009765625,5174.9501953125,5140.0498046875,5148.89990234375,147.0,0.0,0.0,
2023-02-24,5191.0,5191.0,5133.2001953125,5149.0,70.0,0.0,0.0,
2023-02-27,5179.85009765625,5179.85009765625,5080.0,5085.7998046875,207.0,0.0,0.0,
2023-02-28,5139.9501953125,5139.9501953125,5083.75,5094.4501953125,129.0,0.0,0.0,
2023-03-01,5136.85009765625,5166.60009765625,5106.0,5130.85009765625,89.0,0.0,0.0,
2023-03-02,5179.89990234375,5179.89990234375,5101.0498046875,5136.7001953125,68.0,0.0,0.0,
2023-03-03,5136.0498046875,5152.2998046875,5130.0,5138.64990234375,100.0,0.0,0.0,
2023-03-06,5157.60009765625,5226.60009765625,5115.10009765625,5157.25,618.0,0.0,0.0,
2023-03-08,5080.0498046875,5080.0498046875,5055.10009765625,5065.39990234375,140.0,0.0,0.0,
2023-03-09,5099.85009765625,5099.85009765625,5000.0,5038.60009765625,421.0,0.0,0.0,
2023-03-10,5076.60009765625,5105.0,5076.60009765625,5104.9501953125,58.0,0.0,0.0,
2023-03-13,5249.39990234375,5249.39990234375,5151.0498046875,5196.85009765625,90.0,0.0,0.0,
2023-03-14,5352.75,5352.75,5207.0,5281.85009765625,172.0,0.0,0.0,
2023-03-15,5269.2998046875,5324.0,5257.25,5280.7998046875,152.0,0.0,0.0,
2023-03-16,5386.4501953125,5386.4501953125,5302.2998046875,5335.60009765625,191.0,0.0,0.0,
2023-03-17,5312.0498046875,5350.0,5300.7998046875,5336.5,160.0,0.0,0.0,
2023-03-20,5394.60009765625,5525.0,5360.0,5457.75,661.0,0.0,0.0,
2023-03-21,5457.7998046875,5466.5498046875,5377.0498046875,5399.14990234375,244.0,0.0,0.0,
2023-03-22,5374.39990234375,5522.9501953125,5336.0,5409.10009765625,686.0,0.0,0.0,
2023-03-23,5489.85009765625,5524.0,5380.0,5418.35009765625,563.0,0.0,0.0,
2023-03-24,5494.85009765625,5494.85009765625,5407.25,5480.75,44.0,0.0,0.0,
2023-03-27,5316.35009765625,5489.0,5316.35009765625,5429.7001953125,254.0,0.0,0.0,
2023-03-28,5425.0498046875,5425.0498046875,5366.0,5387.64990234375,274.0,0.0,0.0,
2023-03-29,5399.9501953125,5478.0,5399.9501953125,5419.60009765625,322.0,0.0,0.0,
2023-03-31,5497.64990234375,5497.7001953125,5412.2998046875,5480.0,298.0,0.0,0.0,
2023-04-03,5487.7001953125,5500.0,5401.0,5461.4501953125,834.0,0.0,0.0,
2023-04-05,5597.9501953125,5598.0,5514.60009765625,5577.9501953125,174.0,0.0,0.0,
2023-04-06,5586.5498046875,5594.0,5522.0,5536.39990234375,199.0,0.0,0.0,
2023-04-10,5549.85009765625,5579.9501953125,5451.0,5554.2001953125,1034.0,0.0,0.0,
2023-04-11,5550.14990234375,5750.0,5550.0,5725.10009765625,2643.0,0.0,0.0,
2023-04-12,5725.14990234375,5799.89990234375,5605.0,5694.9501953125,2224.0,0.0,0.0,
2023-04-13,5749.89990234375,5749.89990234375,5607.5498046875,5620.0498046875,220.0,0.0,0.0,
2023-04-17,5649.85009765625,5722.4501953125,5587.0,5622.10009765625,500.0,0.0,0.0,
2023-04-18,5647.9501953125,5743.10009765625,5600.0,5622.7001953125,943.0,0.0,0.0,
2023-04-19,5627.2001953125,5635.0,5590.0,5599.5498046875,331.0,0.0,0.0,
2023-04-20,5659.89990234375,5659.89990234375,5583.0,5587.10009765625,80.0,0.0,0.0,
2023-04-21,5580.35009765625,5618.0,5531.0,5555.9501953125,318.0,0.0,0.0,
2023-04-24,5638.0,5638.0,5550.10009765625,5576.14990234375,264.0,0.0,0.0,
2023-04-25,5579.5,5604.9501953125,5563.0,5586.64990234375,260.0,0.0,0.0,
2023-04-26,5616.5498046875,5616.5498046875,5566.0,5588.14990234375,219.0,0.0,0.0,
2023-04-27,5570.10009765625,5604.0,5530.0,5581.5498046875,262.0,0.0,0.0,
2023-04-28,5502.7998046875,5611.4501953125,5502.7998046875,5533.0,399.0,0.0,0.0,
2023-05-02,5589.85009765625,5643.7001953125,5502.0498046875,5513.39990234375,508.0,0.0,0.0,
2023-05-03,5623.0498046875,5623.0498046875,5536.64990234375,5582.4501953125,451.0,0.0,0.0,
2023-05-04,5616.60009765625,5669.0,5609.60009765625,5649.2998046875,143.0,0.0,0.0,
2023-05-05,5719.85009765625,5728.4501953125,5608.2001953125,5656.39990234375,271.0,0.0,0.0,
2023-05-08,5663.85009765625,5680.4501953125,5575.5498046875,5601.64990234375,168.0,0.0,0.0,
2023-05-09,5629.0,5643.7998046875,5602.0,5609.0,166.0,0.0,0.0,
2023-05-10,5628.2001953125,5645.0,5611.0,5639.39990234375,103.0,0.0,0.0,
2023-05-11,5659.9501953125,5659.9501953125,5604.0,5636.39990234375,180.0,0.0,0.0,
2023-05-12,5618.5,5618.9501953125,5570.0,5578.85009765625,161.0,0.0,0.0,
2023-05-15,5648.0,5661.89990234375,5595.0,5643.10009765625,336.0,0.0,0.0,
2023-05-16,5677.64990234375,5677.64990234375,5591.0498046875,5613.2001953125,205.0,0.0,0.0,
2023-05-17,5613.2001953125,5613.2001953125,5542.0,5563.10009765625,236.0,0.0,0.0,
2023-05-18,5546.2001953125,5594.0,5526.0498046875,5543.5498046875,244.0,0.0,0.0,
2023-05-19,5557.9501953125,5557.9501953125,5465.0,5512.60009765625,385.0,0.0,0.0,
2023-05-22,5589.85009765625,5622.89990234375,5520.0498046875,5565.0,280.0,0.0,0.0,
2023-05-23,5560.0498046875,5560.0498046875,5510.0,5532.39990234375,202.0,0.0,0.0,
2023-05-24,5550.39990234375,5559.9501953125,5537.14990234375,5552.5,99.0,0.0,0.0,
2023-05-25,5578.9501953125,5579.89990234375,5501.10009765625,5524.89990234375,232.0,0.0,0.0,
2023-05-26,5543.64990234375,5543.64990234375,5490.35009765625,5521.0498046875,236.0,0.0,0.0,
2023-05-29,5549.9501953125,5549.9501953125,5475.0,5486.89990234375,286.0,0.0,0.0,
2023-05-30,5539.85009765625,5539.89990234375,5486.0,5503.60009765625,159.0,0.0,0.0,
2023-05-31,5482.25,5569.85009765625,5482.25,5529.2001953125,181.0,0.0,0.0,
2023-06-01,5501.0,5573.9501953125,5460.5,5489.35009765625,174.0,0.0,0.0,
2023-06-02,5567.9501953125,5567.9501953125,5513.0,5522.85009765625,125.0,0.0,0.0,
2023-06-05,5519.85009765625,5519.85009765625,5452.5498046875,5464.0,279.0,0.0,0.0,
2023-06-06,5496.60009765625,5540.0,5485.0,5512.64990234375,128.0,0.0,0.0,
2023-06-07,5539.89990234375,5560.0,5493.0498046875,5508.4501953125,322.0,0.0,0.0,
2023-06-08,5499.9501953125,5500.0,5460.0,5484.2001953125,166.0,0.0,0.0,
2023-06-09,5547.64990234375,5547.7001953125,5479.9501953125,5491.5,99.0,0.0,0.0,
2023-06-12,5511.5498046875,5513.7001953125,5470.0,5485.9501953125,137.0,0.0,0.0,
2023-06-13,5451.35009765625,5519.9501953125,5451.35009765625,5469.35009765625,224.0,0.0,0.0,
2023-06-14,5469.39990234375,5471.14990234375,5410.0,5423.5,217.0,0.0,0.0,
2023-06-15,5449.85009765625,5449.85009765625,5375.0,5383.35009765625,476.0,0.0,0.0,
2023-06-16,5544.85009765625,5544.85009765625,5331.0,5480.0498046875,175.0,0.0,0.0,
2023-06-19,5497.64990234375,5497.64990234375,5414.5498046875,5431.25,326.0,0.0,0.0,
2023-06-20,5431.0498046875,5452.64990234375,5382.10009765625,5449.0,486.0,0.0,0.0,
2023-06-21,5400.35009765625,5439.0,5382.10009765625,5387.5498046875,217.0,0.0,0.0,
2023-06-22,5390.10009765625,5390.10009765625,5350.2001953125,5361.2998046875,243.0,0.0,0.0,
2023-06-23,5378.64990234375,5378.64990234375,5302.14990234375,5345.64990234375,931.0,0.0,0.0,
2023-06-26,5345.7001953125,5399.89990234375,5330.0,5342.4501953125,169.0,0.0,0.0,
2023-06-27,5364.89990234375,5368.85009765625,5346.4501953125,5347.89990234375,132.0,0.0,0.0,
2023-06-28,5347.9501953125,5376.5498046875,5315.0,5334.85009765625,280.0,0.0,0.0,
2023-06-30,5367.64990234375,5367.64990234375,5300.0,5320.5498046875,295.0,0.0,0.0,
2023-07-03,5379.9501953125,5399.9501953125,5310.0,5319.7001953125,262.0,0.0,0.0,
2023-07-04,5399.9501953125,5399.9501953125,5335.10009765625,5350.25,174.0,0.0,0.0,
2023-07-05,5364.9501953125,5379.5498046875,5350.0498046875,5368.5498046875,266.0,0.0,0.0,
2023-07-06,5369.5,5372.35009765625,5332.0498046875,5367.39990234375,179.0,0.0,0.0,
2023-07-07,5368.9501953125,5379.0,5356.0498046875,5375.2998046875,156.0,0.0,0.0,
2023-07-10,5419.4501953125,5419.85009765625,5362.25,5372.7998046875,314.0,0.0,0.0,
2023-07-11,5372.7998046875,5395.0,5362.0498046875,5395.0,152.0,0.0,0.0,
2023-07-12,5400.0498046875,5413.10009765625,5362.25,5374.0,246.0,0.0,0.0,
2023-07-13,5443.9501953125,5443.9501953125,5397.7001953125,5424.35009765625,194.0,0.0,0.0,
2023-07-14,5438.75,5450.0,5423.85009765625,5439.85009765625,206.0,0.0,0.0,
2023-07-17,5457.64990234375,5457.64990234375,5402.2998046875,5434.0,233.0,0.0,0.0,
2023-07-18,5454.89990234375,5456.89990234375,5402.2001953125,5425.25,173.0,0.0,0.0,
2023-07-19,5463.0,5496.60009765625,5447.4501953125,5486.10009765625,514.0,0.0,0.0,
2023-07-20,5462.35009765625,5500.0,5462.2998046875,5486.4501953125,246.0,0.0,0.0,
2023-07-21,5523.64990234375,5523.64990234375,5429.0,5443.9501953125,113.0,0.0,0.0,
2023-07-24,5467.75,5508.89990234375,5400.0,5461.75,526.0,0.0,0.0,
2023-07-25,5460.35009765625,5460.35009765625,5413.0498046875,5441.2998046875,161.0,0.0,0.0,
2023-07-26,5467.7001953125,5467.7001953125,5444.0498046875,5459.10009765625,44.0,0.0,0.0,
2023-07-27,5469.35009765625,5494.39990234375,5455.10009765625,5458.0498046875,122.0,0.0,0.0,
2023-07-28,5458.10009765625,5458.10009765625,5266.64990234375,5422.2001953125,2120.0,0.0,0.0,
2023-07-31,5430.0498046875,5456.0,5425.0,5432.2001953125,496.0,0.0,0.0,
2023-08-01,5468.75,5475.64990234375,5286.64990234375,5433.10009765625,1804.0,0.0,0.0,
2023-08-02,5447.64990234375,5448.0,5425.0,5437.7001953125,117.0,0.0,0.0,
2023-08-03,5430.35009765625,5496.0498046875,5420.0,5437.10009765625,619.0,0.0,0.0,
2023-08-04,5499.9501953125,5499.9501953125,5400.2998046875,5425.89990234375,216.0,0.0,0.0,
2023-08-07,5442.4501953125,5452.89990234375,5409.39990234375,5421.14990234375,744.0,0.0,0.0,
2023-08-08,5447.14990234375,5447.14990234375,5366.2998046875,5415.39990234375,413.0,0.0,0.0,
2023-08-09,5415.0498046875,5433.89990234375,5413.0,5429.2998046875,55.0,0.0,0.0,
2023-08-10,5406.60009765625,5406.60009765625,5380.14990234375,5400.64990234375,52.0,0.0,0.0,
2023-08-11,5400.35009765625,5400.35009765625,5370.35009765625,5397.5,180.0,0.0,0.0,
2023-08-14,5397.5498046875,5399.0,5372.0,5383.14990234375,143.0,0.0,0.0,
2023-08-16,5382.9501953125,5392.0,5363.0498046875,5382.9501953125,95.0,0.0,0.0,
2023-08-17,5370.35009765625,5370.35009765625,5345.0,5353.9501953125,80.0,0.0,0.0,
2023-08-18,5351.0,5375.7001953125,5340.10009765625,5355.7998046875,48.0,0.0,0.0,
2023-08-21,5356.0498046875,5389.85009765625,5340.10009765625,5346.64990234375,67.0,0.0,0.0,
2023-08-22,5367.9501953125,5375.0,5346.10009765625,5363.5,62.0,0.0,0.0,
2023-08-23,5395.10009765625,5395.10009765625,5350.0,5355.0,96.0,0.0,0.0,
2023-08-24,5356.35009765625,5389.9501953125,5356.35009765625,5363.0498046875,278.0,0.0,0.0,
2023-08-25,5363.60009765625,5382.9501953125,5362.0498046875,5382.0,55.0,0.0,0.0,
2023-08-28,5384.5,5384.5,5351.0,5359.64990234375,101.0,0.0,0.0,
2023-08-29,5396.7998046875,5398.9501953125,5377.0498046875,5380.4501953125,82.0,0.0,0.0,
2023-08-30,5392.25,5487.9501953125,5385.0,5413.7001953125,207.0,0.0,0.0,
2023-08-31,5406.0,5438.0,5406.0,5421.4501953125,112.0,0.0,0.0,
2023-09-01,5448.75,5448.75,5410.0,5419.2001953125,41.0,0.0,0.0,
2023-09-04,5429.2998046875,5447.7001953125,5419.2001953125,5424.35009765625,172.0,0.0,0.0,
2023-09-05,5445.39990234375,5445.39990234375,5414.0,5431.5498046875,514.0,0.0,0.0,
2023-09-06,5356.2998046875,5430.0,5356.2998046875,5403.0,42.0,0.0,0.0,
2023-09-07,5399.9501953125,5423.89990234375,5399.9501953125,5401.39990234375,70.0,0.0,0.0,
2023-09-08,5428.9501953125,5428.9501953125,5390.0,5390.85009765625,154.0,0.0,0.0,
2023-09-11,5317.10009765625,5420.0,5317.10009765625,5412.39990234375,194.0,0.0,0.0,
2023-09-12,5412.35009765625,5450.0,5351.0,5395.64990234375,525.0,0.0,0.0,
2023-09-13,5402.25,5420.89990234375,5350.0,5360.0,173.0,0.0,0.0,
2023-09-14,5441.0,5441.0,5361.0,5380.35009765625,140.0,0.0,0.0,
2023-09-15,5404.10009765625,5406.5498046875,5360.0,5370.0,1998.0,0.0,0.0,
2023-09-18,5459.89990234375,5459.89990234375,5372.2001953125,5411.0,108.0,0.0,0.0,
2023-09-20,5441.9501953125,5449.0,5365.9501953125,5411.25,407.0,0.0,0.0,
2023-09-21,5361.0,5422.9501953125,5361.0,5400.0,72.0,0.0,0.0,
2023-09-22,5400.5498046875,5414.0,5381.2998046875,5409.60009765625,76.0,0.0,0.0,
2023-09-25,5403.9501953125,5423.2001953125,5402.9501953125,5411.14990234375,35.0,0.0,0.0,
2023-09-26,5401.85009765625,5401.85009765625,5351.2998046875,5383.10009765625,150.0,0.0,0.0,
2023-09-27,5383.85009765625,5383.85009765625,5352.10009765625,5363.75,387.0,0.0,0.0,
2023-09-28,5350.0498046875,5350.0498046875,5300.0,5309.89990234375,265.0,0.0,0.0,
2023-09-29,5291.75,5311.9501953125,5287.75,5302.0,379.0,0.0,0.0,
2023-10-03,5259.89990234375,5259.89990234375,5111.0,5215.10009765625,475.0,0.0,0.0,
2023-10-04,5238.60009765625,5238.60009765625,5170.0,5183.14990234375,298.0,0.0,0.0,
2023-10-05,5214.85009765625,5218.0,5187.0,5198.0498046875,98.0,0.0,0.0,
2023-10-06,5215.0498046875,5215.0498046875,5192.9501953125,5196.35009765625,100.0,0.0,0.0,
2023-10-09,5319.85009765625,5319.85009765625,5216.35009765625,5286.7998046875,254.0,0.0,0.0,
2023-10-10,5287.39990234375,5310.35009765625,5265.0498046875,5287.5,161.0,0.0,0.0,
2023-10-11,5307.7998046875,5315.0,5258.5498046875,5314.5498046875,916.0,0.0,0.0,
2023-10-12,5302.5,5335.0,5302.5,5329.0498046875,154.0,0.0,0.0,
2023-10-13,5310.35009765625,5345.0,5310.35009765625,5345.0,255.0,0.0,0.0,
2023-10-16,5409.85009765625,5452.0,5409.85009765625,5421.4501953125,436.0,0.0,0.0,
2023-10-17,5417.5498046875,5417.5498046875,5371.9501953125,5403.7998046875,199.0,0.0,0.0,
2023-10-18,5443.25,5459.9501953125,5421.10009765625,5444.60009765625,347.0,0.0,0.0,
2023-10-19,5456.2001953125,5477.9501953125,5452.25,5465.0,93.0,0.0,0.0,
2023-10-20,5481.2998046875,5550.0,5474.0,5549.10009765625,394.0,0.0,0.0,
2023-10-23,5560.7001953125,5580.0,5516.0498046875,5535.0498046875,289.0,0.0,0.0,
2023-10-25,5560.10009765625,5560.10009765625,5515.0,5518.75,158.0,0.0,0.0,
2023-10-26,5540.2998046875,5589.89990234375,5540.2998046875,5552.2001953125,345.0,0.0,0.0,
2023-10-27,5557.89990234375,5590.0,5550.0,5583.75,134.0,0.0,0.0,
2023-10-30,5691.0,5691.0,5584.0,5618.7998046875,441.0,0.0,0.0,
2023-10-31,5623.35009765625,5629.9501953125,5596.0,5617.5498046875,104.0,0.0,0.0,
2023-11-01,5641.0,5641.0,5552.0498046875,5582.4501953125,64.0,0.0,0.0,
2023-11-02,5581.60009765625,5594.0,5559.9501953125,5591.0498046875,114.0,0.0,0.0,
2023-11-03,5551.0,5600.0,5551.0,5594.64990234375,119.0,0.0,0.0,
2023-11-06,5762.5,5762.5,5566.89990234375,5613.7998046875,204.0,0.0,0.0,
2023-11-07,5580.5498046875,5584.2998046875,5541.85009765625,5560.85009765625,96.0,0.0,0.0,
2023-11-08,5542.2001953125,5568.7001953125,5501.0,5518.85009765625,257.0,0.0,0.0,
2023-11-09,5517.60009765625,5548.39990234375,5485.0498046875,5493.5,261.0,0.0,0.0,
2023-11-10,5505.64990234375,5528.0,5486.0,5527.2001953125,503.0,0.0,0.0,
2023-11-13,5498.9501953125,5555.7998046875,5496.2001953125,5554.7001953125,144.0,0.0,0.0,
2023-11-15,5721.35009765625,5721.35009765625,5517.0,5534.2001953125,179.0,0.0,0.0,
2023-11-16,5451.0,5571.10009765625,5451.0,5550.0,372.0,0.0,0.0,
2023-11-17,5566.2998046875,5604.9501953125,5560.0,5570.2001953125,245.0,0.0,0.0,
2023-11-20,5570.25,5586.5498046875,5561.0,5581.64990234375,262.0,0.0,0.0,
2023-11-21,5592.39990234375,5616.0,5592.39990234375,5600.89990234375,194.0,0.0,0.0,
2023-11-22,5638.7001953125,5651.9501953125,5600.9501953125,5630.0,177.0,0.0,0.0,
2023-11-23,5619.0,5640.0,5598.0498046875,5634.10009765625,201.0,0.0,0.0,
2023-11-24,5626.60009765625,5630.0,5593.0498046875,5622.0,52.0,0.0,0.0,
2023-11-28,5790.64990234375,5790.64990234375,5629.0498046875,5638.2998046875,205.0,0.0,0.0,
2023-11-29,5689.89990234375,5733.9501953125,5689.89990234375,5725.14990234375,243.0,0.0,0.0,
2023-11-30,5787.7001953125,5787.7001953125,5718.2998046875,5730.0,180.0,0.0,0.0,
2023-12-01,5901.89990234375,5901.89990234375,5702.2001953125,5771.5,155.0,0.0,0.0,
2023-12-04,5944.64990234375,5976.60009765625,5741.2998046875,5809.85009765625,961.0,0.0,0.0,
2023-12-05,5751.5498046875,5821.60009765625,5666.9501953125,5721.14990234375,219.0,0.0,0.0,
2023-12-06,5719.7998046875,5719.7998046875,5656.2998046875,5676.7001953125,185.0,0.0,0.0,
2023-12-07,5706.60009765625,5736.5,5657.0,5712.4501953125,281.0,0.0,0.0,
2023-12-08,5720.7998046875,5740.0,5700.75,5717.25,107.0,0.0,0.0,
2023-12-11,5888.75,5888.75,5602.2998046875,5622.7001953125,253.0,0.0,0.0,
2023-12-12,5618.0,5618.0,5600.0,5600.0498046875,576.0,0.0,0.0,
2023-12-13,5659.89990234375,5659.89990234375,5571.4501953125,5588.39990234375,280.0,0.0,0.0,
2023-12-14,5752.7001953125,5755.9501953125,5643.35009765625,5701.5498046875,211.0,0.0,0.0,
2023-12-15,5720.85009765625,5727.89990234375,5685.39990234375,5707.10009765625,96.0,0.0,0.0,
2023-12-18,5650.35009765625,5673.2998046875,5626.9501953125,5653.5498046875,296.0,0.0,0.0,
2023-12-19,5697.0,5697.0498046875,5626.5498046875,5674.10009765625,127.0,0.0,0.0,
2023-12-20,5674.10009765625,5730.0,5674.10009765625,5705.60009765625,288.0,0.0,0.0,
2023-12-21,5693.2998046875,5737.4501953125,5693.2998046875,5705.9501953125,174.0,0.0,0.0,
2023-12-22,5730.7001953125,5735.0,5672.0,5720.35009765625,213.0,0.0,0.0,
2023-12-26,5750.0,5782.4501953125,5733.0,5742.39990234375,228.0,0.0,0.0,
2023-12-27,5799.89990234375,5799.89990234375,5748.2998046875,5765.85009765625,182.0,0.0,0.0,
2023-12-28,5781.2001953125,5840.0,5778.64990234375,5803.64990234375,217.0,0.0,0.0,
2023-12-29,5797.5,5805.14990234375,5766.2998046875,5784.75,165.0,0.0,0.0,
2024-01-01,5810.5498046875,5810.5498046875,5767.10009765625,5793.85009765625,169.0,0.0,0.0,
2024-01-02,5859.89990234375,5859.89990234375,5805.39990234375,5820.0,96.0,0.0,0.0,
2024-01-03,5846.35009765625,5846.35009765625,5760.0,5779.5498046875,495.0,0.0,0.0,
2024-01-04,5821.0,5821.0,5720.10009765625,5741.10009765625,303.0,0.0,0.0,
2024-01-05,5779.89990234375,5788.0,5702.2001953125,5720.5,232.0,0.0,0.0,
2024-01-08,5767.7001953125,5767.7001953125,5666.9501953125,5686.75,384.0,0.0,0.0,
2024-01-09,5661.10009765625,5713.14990234375,5661.0498046875,5698.7998046875,399.0,0.0,0.0,
2024-01-10,5703.14990234375,5710.0,5670.0,5710.0,193.0,0.0,0.0,
2024-01-11,5713.64990234375,5713.64990234375,5686.10009765625,5694.14990234375,182.0,0.0,0.0,
2024-01-12,5693.10009765625,5775.0,5688.85009765625,5704.7998046875,32.0,0.0,0.0,
2024-01-15,5704.7998046875,5704.7998046875,5704.7998046875,5704.7998046875,0.0,0.0,0.0,
2024-01-16,5734.64990234375,5746.75,5701.0,5726.4501953125,210.0,0.0,0.0,
2024-01-17,5690.4501953125,5729.89990234375,5552.7001953125,5637.10009765625,325.0,0.0,0.0,
2024-01-18,5654.5,5660.0,5650.0,5659.89990234375,40.0,0.0,0.0,
2024-01-19,5719.7001953125,5719.7001953125,5666.0,5688.0,67.0,0.0,0.0,
2024-01-23,5714.9501953125,5727.9501953125,5658.0498046875,5690.60009765625,336.0,0.0,0.0,
2024-01-24,5678.0,5734.0,5670.0,5699.5498046875,168.0,0.0,0.0,
2024-01-25,5683.7001953125,5701.64990234375,5677.5498046875,5693.4501953125,94.0,0.0,0.0,
2024-01-29,5714.75,5733.9501953125,5656.64990234375,5725.75,195.0,0.0,0.0,
2024-01-30,5725.10009765625,5732.7998046875,5701.0,5724.9501953125,64.0,0.0,0.0,
2024-01-31,5785.0,5785.0,5712.85009765625,5731.60009765625,27.0,0.0,0.0,
2024-02-01,5729.85009765625,5759.60009765625,5722.0,5733.7998046875,314.0,0.0,0.0,
2024-02-02,5733.64990234375,5775.4501953125,5726.89990234375,5762.25,141.0,0.0,0.0,
2024-02-05,5749.5498046875,5749.5498046875,5690.0,5703.0498046875,173.0,0.0,0.0,
2024-02-06,5692.85009765625,5720.39990234375,5683.10009765625,5702.0,708.0,0.0,0.0,
2024-02-07,5751.64990234375,5751.64990234375,5690.2998046875,5737.7001953125,72.0,0.0,0.0,
2024-02-08,5740.0,5740.0,5706.0,5717.2998046875,169.0,0.0,0.0,
2024-02-09,5767.0,5767.0,5701.0,5710.0,419.0,0.0,0.0,
2024-02-12,5720.2998046875,5720.2998046875,5680.0,5690.64990234375,97.0,0.0,0.0,
2024-02-13,5685.14990234375,5699.9501953125,5656.0,5675.0,383.0,0.0,0.0,
2024-02-14,5660.0498046875,5660.0498046875,5587.60009765625,5604.5,197.0,0.0,0.0,
2024-02-15,5610.2998046875,5620.2001953125,5587.64990234375,5610.5,77.0,0.0,0.0,
2024-02-16,5610.5,5680.0,5610.5,5655.85009765625,92.0,0.0,0.0,
2024-02-19,5719.89990234375,5719.89990234375,5665.0,5667.5,68.0,0.0,0.0,
2024-02-20,5697.2998046875,5697.2998046875,5652.2001953125,5668.25,80.0,0.0,0.0,
2024-02-22,5672.25,5694.0498046875,5674.10009765625,5686.75,8.0,0.0,0.0,
2024-02-21,5672.25,5697.85009765625,5670.0,5687.85009765625,46.0,0.0,0.0,
2024-02-23,5708.7998046875,5715.75,5648.0,5667.25,205.0,0.0,0.0,
2024-02-26,5690.85009765625,5700.0,5670.0,5687.39990234375,151.0,0.0,0.0,
2024-02-27,5703.25,5703.25,5670.0,5674.0,611.0,0.0,0.0,
2024-02-28,5673.9501953125,5718.89990234375,5670.0498046875,5686.0,26.0,0.0,0.0,
2024-02-29,5686.0,5690.0,5670.0,5683.89990234375,50.0,0.0,0.0,
2024-03-01,5700.0,5730.0,5686.0,5699.5498046875,88.0,0.0,0.0,
2024-03-04,5839.89990234375,5839.89990234375,5720.10009765625,5793.89990234375,144.0,0.0,0.0,
2024-03-05,5849.7001953125,5898.89990234375,5849.7001953125,5881.39990234375,453.0,0.0,0.0,
2024-03-06,5879.14990234375,5901.0498046875,5856.0,5880.0,830.0,0.0,0.0,
2024-03-07,5905.10009765625,5995.0,5897.25,5986.35009765625,157.0,0.0,0.0,
2024-03-11,6069.9501953125,6069.9501953125,5995.0,6040.0498046875,184.0,0.0,0.0,
2024-03-12,6012.0,6049.4501953125,6009.9501953125,6010.0,235.0,0.0,0.0,
2024-03-13,5997.0,6020.0,5965.0,5968.0,129.0,0.0,0.0,
2024-03-14,5969.2001953125,6025.0,5969.2001953125,6002.7001953125,82.0,0.0,0.0,
2024-03-15,5976.5498046875,6017.9501953125,5976.5498046875,6002.0,54.0,0.0,0.0,
2024-03-18,5980.7001953125,5980.7001953125,5950.0498046875,5973.2998046875,83.0,0.0,0.0,
2024-03-19,5987.14990234375,5999.9501953125,5982.25,5989.9501953125,54.0,0.0,0.0,
2024-03-20,5989.9501953125,6014.9501953125,5987.0,5989.14990234375,32.0,0.0,0.0,
2024-03-21,6111.64990234375,6138.35009765625,6084.9501953125,6102.25,413.0,0.0,0.0,
2024-03-22,6079.89990234375,6083.85009765625,6000.10009765625,6016.14990234375,114.0,0.0,0.0,
2024-03-26,6016.10009765625,6050.0,6013.64990234375,6050.0,118.0,0.0,0.0,
2024-03-27,6049.9501953125,6079.89990234375,6033.0498046875,6065.7001953125,115.0,0.0,0.0,
2024-03-28,6141.0,6141.0,6042.2001953125,6102.64990234375,92.0,0.0,0.0,
2024-04-01,6162.14990234375,6319.75,6156.2998046875,6295.35009765625,282.0,0.0,0.0,
2024-04-02,6296.0,6336.60009765625,6293.4501953125,6314.39990234375,223.0,0.0,0.0,
2024-04-03,6340.0498046875,6409.9501953125,6337.0,6353.0,263.0,0.0,0.0,
2024-04-04,6428.89990234375,6428.89990234375,6336.64990234375,6399.39990234375,588.0,0.0,0.0,
2024-04-05,6429.89990234375,6434.0,6333.60009765625,6373.85009765625,308.0,0.0,0.0,
2024-04-08,6411.35009765625,6528.7998046875,6411.35009765625,6471.4501953125,384.0,0.0,0.0,
2024-04-09,6500.4501953125,6548.7998046875,6500.0,6534.85009765625,614.0,0.0,0.0,
2024-04-10,6543.9501953125,6583.0,6500.0,6544.64990234375,593.0,0.0,0.0,
2024-04-12,6575.0,6748.7998046875,6575.0,6665.2998046875,1203.0,0.0,0.0,
2024-04-15,6669.85009765625,6733.0,6560.0,6610.0498046875,789.0,0.0,0.0,
2024-04-16,6635.5,6709.9501953125,6635.5,6690.25,190.0,0.0,0.0,
2024-04-18,6699.5,6720.0498046875,6693.7001953125,6719.9501953125,253.0,0.0,0.0,
2024-04-19,6732.35009765625,6830.0,6700.0,6750.60009765625,589.0,0.0,0.0,
2024-04-22,6750.60009765625,6984.9501953125,6680.7001953125,6820.7001953125,1062.0,0.0,0.0,
2024-04-23,6811.0,6811.0,6511.2998046875,6579.14990234375,1045.0,0.0,0.0,
2024-04-24,6627.25,6650.9501953125,6553.7998046875,6580.85009765625,368.0,0.0,0.0,
2024-04-25,6561.5498046875,6599.25,6535.0,6559.2001953125,282.0,0.0,0.0,
2024-04-26,6613.2998046875,6632.25,6506.60009765625,6595.2001953125,420.0,0.0,0.0,
2024-04-29,6595.2001953125,6650.0,6559.10009765625,6642.75,120.0,0.0,0.0,
2024-04-30,6661.0,6661.0,6570.0,6587.35009765625,161.0,0.0,0.0,
2024-05-02,6626.9501953125,6627.7001953125,6535.2998046875,6553.2001953125,331.0,0.0,0.0,
2024-05-03,6617.35009765625,6617.35009765625,6517.0498046875,6540.0,460.0,0.0,0.0,
2024-05-06,6637.7001953125,6637.7001953125,6501.0,6570.0,246.0,0.0,0.0,
2024-05-07,6570.0,6588.0,6541.0498046875,6568.7001953125,148.0,0.0,0.0,
2024-05-08,6589.2001953125,6589.2001953125,6520.0,6528.2998046875,87.0,0.0,0.0,
2024-05-09,6560.7001953125,6570.0,6525.0498046875,6567.14990234375,415.0,0.0,0.0,
2024-05-10,6791.0,6698.5,6580.10009765625,6686.2998046875,2475.0,0.0,0.0,
2024-05-13,6716.35009765625,6716.35009765625,6583.10009765625,6615.39990234375,209.0,0.0,0.0,
2024-05-14,6612.75,6615.35009765625,6560.0,6594.64990234375,100.0,0.0,0.0,
2024-05-15,6604.25,6680.0,6601.0,6667.2998046875,193.0,0.0,0.0,
2024-05-16,6681.0,6735.0,6681.0,6723.64990234375,274.0,0.0,0.0,
2024-05-17,6741.0,6750.0,6601.0,6707.2001953125,239.0,0.0,0.0,
2024-05-18,6723.0,6728.0,6723.0,6728.0,86.0,0.0,0.0,
2024-05-21,6771.0,6797.7001953125,6730.0,6756.10009765625,141.0,0.0,0.0,
2024-05-22,6841.0,6841.0,6750.39990234375,6766.0,84.0,0.0,0.0,
2024-05-23,6749.89990234375,6751.0,6603.2998046875,6639.39990234375,386.0,0.0,0.0,
2024-05-24,6631.0,6649.89990234375,6560.5498046875,6589.7998046875,446.0,0.0,0.0,
2024-05-27,6589.0,6605.0,6552.2998046875,6604.60009765625,258.0,0.0,0.0,
2024-05-28,6562.2001953125,6668.0,6562.2001953125,6597.60009765625,194.0,0.0,0.0,
2024-05-29,6621.0498046875,6663.0,6620.0,6629.2001953125,247.0,0.0,0.0,
2024-05-30,6630.0,6660.9501953125,6577.10009765625,6595.0,69.0,0.0,0.0,
2024-05-31,6629.9501953125,6629.9501953125,6595.0,6615.9501953125,65.0,0.0,0.0,
2024-06-03,6599.89990234375,6616.0,6528.75,6538.64990234375,305.0,0.0,0.0,
2024-06-04,6551.0,6619.9501953125,6539.9501953125,6549.14990234375,878.0,0.0,0.0,
2024-06-05,6580.10009765625,6600.0,6570.0,6575.2998046875,162.0,0.0,0.0,
2024-06-06,6697.64990234375,6697.64990234375,6602.0498046875,6632.85009765625,152.0,0.0,0.0,
2024-06-07,6679.9501953125,6688.9501953125,6521.0,6586.89990234375,269.0,0.0,0.0,
2024-06-10,6559.85009765625,6559.85009765625,6480.0,6497.2998046875,223.0,0.0,0.0,
2024-06-11,6501.0498046875,6589.0,6501.0,6531.9501953125,403.0,0.0,0.0,
2024-06-12,6531.9501953125,6578.9501953125,6531.9501953125,6556.75,97.0,0.0,0.0,
2024-06-13,6542.0,6556.75,6516.0,6524.9501953125,121.0,0.0,0.0,
2024-06-14,6525.4501953125,6588.89990234375,6515.0,6563.5,90.0,0.0,0.0,
2024-06-18,6563.5,6592.9501953125,6522.0,6534.14990234375,229.0,0.0,0.0,
2024-06-19,6618.0,6618.0,6530.14990234375,6546.5498046875,127.0,0.0,0.0,
2024-06-20,6597.7001953125,6597.7001953125,6546.5,6580.0,94.0,0.0,0.0,
2024-06-21,6611.0,6658.9501953125,6603.0,6647.0,207.0,0.0,0.0,
2024-06-24,6617.85009765625,6618.0,6542.25,6552.7001953125,445.0,0.0,0.0,
2024-06-25,6552.7001953125,6579.0,6550.0,6551.89990234375,212.0,0.0,0.0,
2024-06-26,6550.0,6560.0,6521.0498046875,6559.2998046875,702.0,0.0,0.0,
2024-06-27,6520.0498046875,6530.0,6470.0,6503.9501953125,412.0,0.0,0.0,
2024-06-28,6516.0498046875,6600.0498046875,6516.0498046875,6593.39990234375,759.0,0.0,0.0,
2024-07-01,6591.0,6591.0,6501.0,6532.0,132.0,0.0,0.0,
2024-07-02,6522.0498046875,6579.0,6522.0498046875,6556.85009765625,126.0,0.0,0.0,
2024-07-03,6560.0498046875,6594.0,6551.0,6580.5498046875,129.0,0.0,0.0,
2024-07-04,6601.0498046875,6660.0,6601.0498046875,6633.7001953125,210.0,0.0,0.0,
2024-07-05,6659.9501953125,6670.0,6626.0,6667.89990234375,140.0,0.0,0.0,
2024-07-08,6791.0,6791.0,6646.64990234375,6668.35009765625,409.0,0.0,0.0,
2024-07-09,6689.85009765625,6689.85009765625,6614.0,6629.10009765625,353.0,0.0,0.0,
2024-07-10,6625.0,6678.0,6605.0,6665.64990234375,413.0,0.0,0.0,
2024-07-11,6631.0,6692.0,6631.0,6684.85009765625,126.0,0.0,0.0,
2024-07-12,6724.9501953125,6760.0,6685.0498046875,6727.39990234375,926.0,0.0,0.0,
2024-07-15,6715.0498046875,6769.9501953125,6715.0,6730.0,308.0,0.0,0.0,
2024-07-16,6749.9501953125,6765.0,6737.0,6755.0,172.0,0.0,0.0,
2024-07-18,6765.0,6853.0,6765.0,6818.60009765625,231.0,0.0,0.0,
2024-07-19,6799.9501953125,6800.0498046875,6710.0,6724.0,525.0,0.0,0.0,
2024-07-22,6725.0,6760.0,6700.0,6736.75,661.0,0.0,0.0,
2024-07-23,6701.0498046875,6728.9501953125,6433.0,6536.39990234375,686.0,0.0,0.0,
2024-07-24,6598.7998046875,6600.7001953125,6471.0,6524.60009765625,386.0,0.0,0.0,
2024-07-25,6497.64990234375,6514.0,6375.10009765625,6389.10009765625,1120.0,0.0,0.0,
2024-07-26,6444.64990234375,6664.4501953125,6406.0,6480.10009765625,713.0,0.0,0.0,
2024-07-29,6591.0,6591.0,6480.10009765625,6571.9501953125,272.0,0.0,0.0,
2024-07-30,6578.75,6578.75,6488.0,6518.39990234375,190.0,0.0,0.0,
2024-07-31,6518.39990234375,6518.39990234375,6360.0,6412.35009765625,1263.0,0.0,0.0,
2024-08-01,6422.2001953125,6476.7998046875,6362.10009765625,6379.2001953125,1318.0,0.0,0.0,
2024-08-02,6379.14990234375,6456.9501953125,6379.14990234375,6451.64990234375,304.0,0.0,0.0,
2024-08-05,6451.64990234375,6452.85009765625,6340.0,6355.35009765625,1931.0,0.0,0.0,
2024-08-06,6340.35009765625,6413.0,6311.0,6329.64990234375,568.0,0.0,0.0,
2024-08-07,6281.0498046875,6349.89990234375,6275.0,6298.4501953125,670.0,0.0,0.0,
2024-08-08,6266.0,6337.0,6266.0,6300.89990234375,873.0,0.0,0.0,
2024-08-09,6312.25,6375.25,6312.25,6375.0,1491.0,0.0,0.0,
2024-08-12,6391.0,6425.0,6351.0,6398.9501953125,442.0,0.0,0.0,
2024-08-13,6462.7998046875,6462.85009765625,6381.0,6430.9501953125,151.0,0.0,0.0,
2024-08-14,6429.9501953125,6459.9501953125,6411.0498046875,6428.85009765625,353.0,0.0,0.0,
2024-08-16,6424.9501953125,6435.0,6381.0498046875,6428.5,190.0,0.0,0.0,
2024-08-19,6451.0,6550.0,6428.4501953125,6529.2998046875,1648.0,0.0,0.0,
2024-08-20,6548.75,6565.0,6490.0,6552.2001953125,751.0,0.0,0.0,
2024-08-21,6560.0,6590.0,6530.0,6539.14990234375,809.0,0.0,0.0,
2024-08-22,6539.14990234375,6539.14990234375,6500.0498046875,6537.75,170.0,0.0,0.0,
2024-08-23,6520.0,6549.85009765625,6491.0,6516.25,439.0,0.0,0.0,
2024-08-26,6503.2998046875,6600.0,6503.2998046875,6573.7001953125,325.0,0.0,0.0,
2024-08-27,6530.64990234375,6555.0,6497.0,6530.7001953125,225.0,0.0,0.0,
2024-08-28,6532.0,6559.0,6523.0,6534.5,218.0,0.0,0.0,
2024-08-29,6534.4501953125,6566.35009765625,6531.10009765625,6549.60009765625,409.0,0.0,0.0,
2024-08-30,6549.60009765625,6580.0,6523.0,6564.75,289.0,0.0,0.0,
2024-09-02,6564.75,6578.7998046875,6462.2998046875,6525.39990234375,591.0,0.0,0.0,
2024-09-03,6525.39990234375,6577.7001953125,6492.0,6535.60009765625,855.0,0.0,0.0,
2024-09-04,6568.7001953125,6568.7001953125,6461.0,6472.5498046875,357.0,0.0,0.0,
2024-09-05,6524.7001953125,6639.0,6490.0,6573.85009765625,612.0,0.0,0.0,
2024-09-06,6574.0,6598.0,6546.0498046875,6565.0,430.0,0.0,0.0,
2024-09-09,6579.85009765625,6644.9501953125,6477.0498046875,6529.10009765625,791.0,0.0,0.0,
2024-09-10,6531.0,6559.0,6500.10009765625,6533.75,249.0,0.0,0.0,
2024-09-11,6533.7001953125,6589.0,6533.7001953125,6579.0498046875,336.0,0.0,0.0,
2024-09-12,6599.0,6599.0,6549.0,6571.2998046875,828.0,0.0,0.0,
2024-09-13,6643.9501953125,6713.0,6625.35009765625,6681.89990234375,645.0,0.0,0.0,
2024-09-16,6748.7998046875,6779.89990234375,6685.0498046875,6753.5498046875,1992.0,0.0,0.0,
2024-09-17,6800.0,6830.0,6680.7998046875,6695.9501953125,1719.0,0.0,0.0,
2024-09-18,6697.0498046875,6697.0498046875,6651.0498046875,6673.2001953125,288.0,0.0,0.0,
2024-09-19,6673.25,6719.9501953125,6651.0,6677.2001953125,429.0,0.0,0.0,
2024-09-20,6741.0,6787.7001953125,6677.2001953125,6733.0,410.0,0.0,0.0,
2024-09-23,6769.9501953125,6870.0,6750.0,6795.64990234375,1184.0,0.0,0.0,
2024-09-24,6818.9501953125,6845.0,6795.64990234375,6827.9501953125,320.0,0.0,0.0,
2024-09-25,6899.85009765625,6929.0,6831.14990234375,6863.5,1284.0,0.0,0.0,
2024-09-26,6899.9501953125,6926.0,6863.5498046875,6925.0,525.0,0.0,0.0,
2024-09-27,6940.0498046875,6940.0498046875,6880.0,6883.35009765625,717.0,0.0,0.0,
2024-09-30,6883.39990234375,7087.39990234375,6883.35009765625,6936.14990234375,1407.0,0.0,0.0,
2024-10-01,6939.89990234375,6939.89990234375,6800.0498046875,6904.14990234375,1073.0,0.0,0.0,
2024-10-03,6999.0,7073.64990234375,6925.0,6926.14990234375,1647.0,0.0,0.0,
2024-10-04,7009.85009765625,7141.0,6927.0,6955.2998046875,1834.0,0.0,0.0,
2024-10-07,7025.0,7137.0,6851.0,6940.14990234375,1555.0,0.0,0.0,
2024-10-08,7047.7001953125,7287.14990234375,6845.0,6883.4501953125,1574.0,0.0,0.0,
2024-10-09,6879.89990234375,6879.89990234375,6781.0498046875,6805.25,879.0,0.0,0.0,
2024-10-10,6839.85009765625,6853.0,6789.14990234375,6823.89990234375,866.0,0.0,0.0,
2024-10-11,6978.7998046875,7048.0,6852.0,6899.64990234375,536.0,0.0,0.0,
2024-10-14,6991.0,6996.60009765625,6892.0498046875,6938.64990234375,1204.0,0.0,0.0,
2024-10-15,6938.7001953125,6988.7998046875,6863.2998046875,6910.9501953125,548.0,0.0,0.0,
2024-10-16,6910.9501953125,6970.0,6910.9501953125,6950.5,402.0,0.0,0.0,
2024-10-17,6951.0498046875,7087.7001953125,6950.0,6981.7001953125,1334.0,0.0,0.0,
2024-10-18,7000.0,7133.89990234375,7000.0,7063.60009765625,527.0,0.0,0.0,
2024-10-21,7148.0,7222.0,7081.0,7125.39990234375,1063.0,0.0,0.0,
2024-10-22,7125.0,7162.7998046875,7095.0,7128.0,705.0,0.0,0.0,
2024-10-23,7198.75,7239.0,7135.0,7175.9501953125,1497.0,0.0,0.0,
2024-10-24,7159.85009765625,7176.0,7033.0498046875,7145.2998046875,941.0,0.0,0.0,
2024-10-25,7179.89990234375,7191.0,7006.0,7067.5,1285.0,0.0,0.0,
2024-10-28,7053.0,7160.0,7053.0,7131.7001953125,549.0,0.0,0.0,
2024-10-29,7143.0498046875,7277.9501953125,7143.0498046875,7204.0498046875,1170.0,0.0,0.0,
2024-10-30,7276.75,7585.9501953125,7204.10009765625,7323.14990234375,2728.0,0.0,0.0,
2024-10-31,7319.89990234375,7320.0498046875,7216.60009765625,7254.2998046875,1973.0,0.0,0.0,
2024-11-01,7254.2998046875,7254.2998046875,7254.2998046875,7254.2998046875,0.0,0.0,0.0,
2024-11-04,7221.9501953125,7222.0,7091.0,7138.85009765625,830.0,0.0,0.0,
2024-11-05,7138.85009765625,7178.75,7115.0,7134.2001953125,425.0,0.0,0.0,
2024-11-06,7150.0498046875,7171.0,7075.0,7120.75,1306.0,0.0,0.0,
2024-11-07,7090.9501953125,7091.0,7090.9501953125,6969.39990234375,1217.0,0.0,0.0,
2024-11-08,7039.75,7100.0,7000.0498046875,7019.2998046875,371.0,0.0,0.0,
2024-11-11,7050.9501953125,7050.9501953125,6981.10009765625,6990.4501953125,461.0,0.0,0.0,
2024-11-12,6971.9501953125,6972.0,6805.0,6808.60009765625,779.0,0.0,0.0,
2024-11-13,6870.0,6870.0,6830.0498046875,6842.60009765625,308.0,0.0,0.0,
2024-11-14,6799.85009765625,6811.0,6690.0,6702.9501953125,666.0,0.0,0.0,
2024-11-18,6779.60009765625,6921.0,6779.5498046875,6843.14990234375,769.0,0.0,0.0,
2024-11-19,6937.64990234375,6999.0,6860.14990234375,6918.14990234375,1178.0,0.0,0.0,
2024-11-20,6918.14990234375,6918.14990234375,6918.14990234375,6918.14990234375,0.0,0.0,0.0,
2024-11-21,6989.14990234375,7036.0,6925.0,7005.60009765625,628.0,0.0,0.0,
2024-11-22,7016.35009765625,7144.0,7016.0498046875,7095.85009765625,413.0,0.0,0.0,
2024-11-25,7089.85009765625,7152.0,6960.0498046875,6990.75,1933.0,0.0,0.0,
2024-11-26,6990.0,6990.0,6825.0,6876.4501953125,587.0,0.0,0.0,
2024-11-27,6835.0498046875,6972.0,6831.2998046875,6959.75,323.0,0.0,0.0,
2024-11-28,7029.75,7029.75,6880.0,6946.2998046875,395.0,0.0,0.0,
2024-11-29,7047.7001953125,7084.0,6950.0,6962.0,368.0,0.0,0.0,
2024-12-02,6950.0,6972.0,6880.0,6925.35009765625,548.0,0.0,0.0,
2024-12-03,6930.0498046875,6970.0,6925.2001953125,6964.2998046875,362.0,0.0,0.0,
2024-12-04,6964.35009765625,6970.0,6925.0498046875,6945.0,1115.0,0.0,0.0,
2024-12-05,6971.9501953125,6980.0,6930.0,6950.4501953125,260.0,0.0,0.0,
2024-12-06,6945.0,6947.9501953125,6886.0498046875,6941.39990234375,234.0,0.0,0.0,
2024-12-09,6941.4501953125,6970.0,6925.14990234375,6965.89990234375,208.0,0.0,0.0,
2024-12-10,6999.9501953125,7040.0,6990.0,7001.5,198.0,0.0,0.0,
2024-12-12,7131.9501953125,7131.9501953125,7085.10009765625,7108.89990234375,214.0,0.0,0.0,
2024-12-11,7030.10009765625,7189.9501953125,7025.0,7076.14990234375,446.0,0.0,0.0,
2024-12-13,7079.85009765625,7079.89990234375,6981.0,7005.85009765625,1344.0,0.0,0.0,
2024-12-16,6998.85009765625,7050.0,6935.14990234375,6992.60009765625,435.0,0.0,0.0,
2024-12-17,6988.0,6988.0,6940.0,6950.5,240.0,0.0,0.0,
2024-12-18,6910.0,7019.85009765625,6910.0,6961.35009765625,181.0,0.0,0.0,
2024-12-19,6940.9501953125,6940.9501953125,6865.0,6889.60009765625,1488.0,0.0,0.0,
2024-12-20,6889.60009765625,6889.60009765625,6799.9501953125,6838.4501953125,1283.0,0.0,0.0,
2024-12-23,6906.0498046875,6939.9501953125,6905.0,6916.7001953125,110.0,0.0,0.0,
2024-12-24,6916.7001953125,6924.9501953125,6885.0,6900.7998046875,189.0,0.0,0.0,
2024-12-26,6912.2001953125,6984.89990234375,6912.2001953125,6916.39990234375,274.0,0.0,0.0,
2024-12-27,6917.0,7076.64990234375,6917.0,6959.2998046875,1046.0,0.0,0.0,
2024-12-30,6949.9501953125,6950.0,6900.0,6908.2001953125,241.0,0.0,0.0,
2024-12-31,6908.2001953125,6949.9501953125,6890.39990234375,6915.25,183.0,0.0,0.0,
2025-01-01,6920.0,6969.9501953125,6915.0498046875,6945.39990234375,137.0,0.0,0.0,
2025-01-02,6980.10009765625,7010.0,6961.0,6976.14990234375,320.0,0.0,0.0,
2025-01-03,7038.9501953125,7077.9501953125,7021.0498046875,7055.35009765625,222.0,0.0,0.0,
2025-01-06,7069.89990234375,7098.7998046875,6951.2998046875,6983.7998046875,1250.0,0.0,0.0,
2025-01-07,6982.9501953125,7029.9501953125,6982.9501953125,7013.2001953125,919.0,0.0,0.0,
2025-01-08,7000.0,7077.0,6902.2001953125,7037.2998046875,486.0,0.0,0.0,
2025-01-09,7087.64990234375,7141.0,7002.2001953125,7099.10009765625,974.0,0.0,0.0,
2025-01-10,7179.85009765625,7179.89990234375,7062.0498046875,7111.7001953125,286.0,0.0,0.0,
2025-01-13,7111.7001953125,7197.7001953125,7072.0498046875,7187.75,1314.0,0.0,0.0,
2025-01-15,7153.60009765625,7169.9501953125,7103.4501953125,7128.2001953125,52.0,0.0,0.0,
2025-01-14,7066.14990234375,7191.0,7066.14990234375,7153.5498046875,729.0,0.0,0.0,
2025-01-16,7122.10009765625,7207.0,7122.10009765625,7179.7998046875,397.0,0.0,0.0,
2025-01-17,7179.75,7260.0,7179.75,7256.0498046875,907.0,0.0,0.0,
2025-01-20,7282.9501953125,7283.0,7183.35009765625,7230.60009765625,329.0,0.0,0.0,
2025-01-21,7269.89990234375,7269.89990234375,7222.0,7250.9501953125,148.0,0.0,0.0,
2025-01-22,7256.64990234375,7339.85009765625,7251.10009765625,7278.25,430.0,0.0,0.0,
2025-01-23,7285.0498046875,7300.0,7233.0,7283.10009765625,120.0,0.0,0.0,
2025-01-24,7379.89990234375,7379.89990234375,7299.0498046875,7364.9501953125,1205.0,0.0,0.0,
2025-01-27,7364.89990234375,7379.89990234375,7266.60009765625,7326.64990234375,407.0,0.0,0.0,
2025-01-28,7314.9501953125,7478.0,7303.0498046875,7317.25,311.0,0.0,0.0,
2025-01-29,7331.10009765625,7388.9501953125,7331.0498046875,7372.0498046875,1026.0,0.0,0.0,
2025-01-30,7385.0,7385.0,7352.10009765625,7373.14990234375,305.0,0.0,0.0,
2025-01-31,7509.89990234375,7509.89990234375,7377.10009765625,7465.5,604.0,0.0,0.0,
2025-02-01,7614.85009765625,7614.85009765625,7462.2001953125,7516.9501953125,598.0,0.0,0.0,
2025-02-03,7549.89990234375,7610.0,7475.0498046875,7598.75,1562.0,0.0,0.0,
2025-02-04,7598.7001953125,7850.0,7550.0,7627.25,4641.0,0.0,0.0,
2025-02-05,7648.7998046875,7768.0,7648.7998046875,7758.89990234375,199.0,0.0,0.0,
2025-02-06,7789.9501953125,8298.0,7755.0,7818.5498046875,4854.0,0.0,0.0,
2025-02-07,7819.89990234375,7900.0,7771.0,7855.75,2133.0,0.0,0.0,
2025-02-10,7934.85009765625,8077.7001953125,7845.0,7885.2998046875,2736.0,0.0,0.0,
2025-02-11,7900.0,7998.9501953125,7840.0,7904.5498046875,3257.0,0.0,0.0,
2025-02-12,7899.89990234375,7899.89990234375,7751.0498046875,7782.2001953125,8691.0,0.0,0.0,
2025-02-13,7877.9501953125,7991.0,7801.0,7844.14990234375,11661.0,0.0,0.0,
2025-02-14,7909.9501953125,7910.0,7860.0498046875,7878.75,8104.0,0.0,0.0,
2025-02-17,7867.9501953125,7891.0,7750.39990234375,7795.85009765625,8532.0,0.0,0.0,
2025-02-18,7879.85009765625,7879.89990234375,7800.0,7844.0,7338.0,0.0,0.0,
