Date,Open,High,Low,Close,Volume,Dividends,Stock Splits,Adj Close
2014-12-24,13.40970039367676,13.40970039367676,13.40970039367676,13.40970039367676,0.0,0.0,0.0,
2014-12-26,13.42020034790039,13.42020034790039,13.42020034790039,13.42020034790039,0.0,0.0,0.0,
2014-12-29,13.4596996307373,13.4596996307373,13.4596996307373,13.4596996307373,0.0,0.0,0.0,
2014-12-30,13.50080013275146,13.50080013275146,13.50080013275146,13.50080013275146,0.0,0.0,0.0,
2014-12-31,13.52429962158203,13.52429962158203,13.52429962158203,13.52429962158203,0.0,0.0,0.0,
2015-01-01,13.5004997253418,13.5004997253418,13.5004997253418,13.5004997253418,0.0,0.0,0.0,
2015-01-02,13.46000003814697,13.53999996185303,13.46000003814697,13.48999977111816,122137.0,0.0,0.0,
2015-01-05,13.53999996185303,13.53999996185303,13.48999977111816,13.48999977111816,1001.0,0.0,0.0,
2015-01-06,13.55000019073486,13.55000019073486,13.52999973297119,13.52999973297119,40.0,0.0,0.0,
2015-01-07,13.48999977111816,13.5,13.48999977111816,13.48999977111816,200101.0,0.0,0.0,
2015-01-08,13.52000045776367,13.55000019073486,13.5,13.55000019073486,217893.0,0.0,0.0,
2015-01-09,13.55000019073486,13.55000019073486,13.53999996185303,13.53999996185303,1037.0,0.0,0.0,
2015-01-12,13.55000019073486,13.59000015258789,13.48999977111816,13.5,540155.0,0.0,0.0,
2015-01-13,13.53999996185303,13.55000019073486,13.48999977111816,13.55000019073486,305501.0,0.0,0.0,
2015-01-14,13.60000038146973,13.60000038146973,13.5,13.51000022888184,250300.0,0.0,0.0,
2015-01-15,13.89000034332275,13.89000034332275,13.55000019073486,13.57999992370605,576200.0,0.0,0.0,
2015-01-16,13.60000038146973,13.60000038146973,13.55000019073486,13.60000038146973,151137.0,0.0,0.0,
2015-01-19,13.6899995803833,13.6899995803833,13.55000019073486,13.55000019073486,83775.0,0.0,0.0,
2015-01-20,13.67000007629395,13.69999980926514,13.64999961853027,13.69999980926514,8904.0,0.0,0.0,
2015-01-21,13.68000030517578,13.72000026702881,13.64999961853027,13.72000026702881,11020.0,0.0,0.0,
2015-01-22,13.75,13.76000022888184,13.75,13.76000022888184,20000.0,0.0,0.0,
2015-01-23,13.69999980926514,13.69999980926514,13.69999980926514,13.69999980926514,50500.0,0.0,0.0,
2015-01-27,13.75,13.75,13.75,13.75,2072.0,0.0,0.0,
2015-01-28,13.75,13.76000022888184,13.69999980926514,13.76000022888184,6529.0,0.0,0.0,
2015-01-29,13.76000022888184,13.76000022888184,13.75,13.76000022888184,17063.0,0.0,0.0,
2015-01-30,13.7898998260498,13.7898998260498,13.7898998260498,13.7898998260498,0.0,0.0,0.0,
2015-02-02,13.75,13.75,13.69999980926514,13.69999980926514,130001.0,0.0,0.0,
2015-02-03,13.75,13.77999973297119,13.75,13.76000022888184,15.0,0.0,0.0,
2015-02-04,13.80000019073486,13.80000019073486,13.77999973297119,13.77999973297119,1279.0,0.0,0.0,
2015-02-05,13.78999996185303,13.78999996185303,13.77000045776367,13.77000045776367,164.0,0.0,0.0,
2015-02-06,13.75,13.78999996185303,13.6899995803833,13.71000003814697,70994.0,0.0,0.0,
2015-02-09,13.80000019073486,13.80000019073486,13.80000019073486,13.80000019073486,191.0,0.0,0.0,
2015-02-10,13.80000019073486,13.80000019073486,13.71000003814697,13.71000003814697,81163.0,0.0,0.0,
2015-02-11,13.80000019073486,13.80000019073486,13.80000019073486,13.80000019073486,1231.0,0.0,0.0,
2015-02-12,13.8100004196167,13.8100004196167,13.80000019073486,13.80000019073486,168.0,0.0,0.0,
2015-02-13,13.81999969482422,13.81999969482422,13.81999969482422,13.81999969482422,144.0,0.0,0.0,
2015-02-16,13.81999969482422,13.81999969482422,13.81999969482422,13.81999969482422,151.0,0.0,0.0,
2015-02-18,13.82999992370605,13.82999992370605,13.76000022888184,13.76000022888184,1418.0,0.0,0.0,
2015-02-19,13.82999992370605,13.82999992370605,13.77999973297119,13.77999973297119,21745.0,0.0,0.0,
2015-02-20,13.84000015258789,13.84000015258789,13.84000015258789,13.84000015258789,1145.0,0.0,0.0,
2015-02-23,13.85000038146973,13.85999965667725,13.85000038146973,13.85999965667725,344.0,0.0,0.0,
2015-02-24,13.85000038146973,13.85000038146973,13.85000038146973,13.85000038146973,444.0,0.0,0.0,
2015-02-25,13.86999988555908,13.86999988555908,13.86999988555908,13.86999988555908,146.0,0.0,0.0,
2015-02-26,13.75,13.86999988555908,13.75,13.86999988555908,426.0,0.0,0.0,
2015-02-27,13.85999965667725,13.85999965667725,13.85999965667725,13.85999965667725,144.0,0.0,0.0,
2015-03-02,13.75,13.85999965667725,13.75,13.84000015258789,283.0,0.0,0.0,
2015-03-03,13.84000015258789,13.84000015258789,13.84000015258789,13.84000015258789,144.0,0.0,0.0,
2015-03-04,13.92000007629395,13.92000007629395,13.92000007629395,13.92000007629395,466.0,0.0,0.0,
2015-03-05,13.92000007629395,13.92000007629395,13.89000034332275,13.89999961853027,352.0,0.0,0.0,
2015-03-09,13.89999961853027,13.89999961853027,13.89999961853027,13.89999961853027,478.0,0.0,0.0,
2015-03-10,13.89000034332275,13.89000034332275,13.89000034332275,13.89000034332275,144.0,0.0,0.0,
2015-03-11,13.88000011444092,13.88000011444092,13.72999954223633,13.72999954223633,15169.0,0.0,0.0,
2015-03-12,13.73999977111816,13.86999988555908,13.73999977111816,13.86999988555908,647.0,0.0,0.0,
2015-03-13,13.88000011444092,13.88000011444092,13.72999954223633,13.84000015258789,1814.0,0.0,0.0,
2015-03-16,13.69999980926514,13.81999969482422,13.69999980926514,13.69999980926514,1345.0,0.0,0.0,
2015-03-17,13.84000015258789,13.85999965667725,13.69999980926514,13.77999973297119,346.0,0.0,0.0,
2015-03-18,13.85999965667725,13.85999965667725,13.71000003814697,13.71000003814697,6058.0,0.0,0.0,
2015-03-19,13.85000038146973,13.85000038146973,13.85000038146973,13.85000038146973,169.0,0.0,0.0,
2015-03-20,13.88000011444092,13.88000011444092,13.69999980926514,13.77000045776367,12105.0,0.0,0.0,
2015-03-23,13.89000034332275,13.89000034332275,13.89000034332275,13.89000034332275,345.0,0.0,0.0,
2015-03-24,13.89000034332275,13.89000034332275,13.89000034332275,13.89000034332275,143.0,0.0,0.0,
2015-03-25,13.88000011444092,13.88000011444092,13.85000038146973,13.85000038146973,153.0,0.0,0.0,
2015-03-26,13.86999988555908,13.86999988555908,13.73999977111816,13.73999977111816,27344.0,0.0,0.0,
2015-03-27,13.86999988555908,13.86999988555908,13.75,13.75,19166.0,0.0,0.0,
2015-03-30,13.89000034332275,13.89000034332275,13.89000034332275,13.89000034332275,278.0,0.0,0.0,
2015-03-31,13.75,13.88000011444092,13.75,13.88000011444092,1057.0,0.0,0.0,
2015-04-01,13.89999961853027,13.89999961853027,13.77999973297119,13.77999973297119,1415.0,0.0,0.0,
2015-04-06,13.89999961853027,13.89999961853027,13.89999961853027,13.89999961853027,1095.0,0.0,0.0,
2015-04-07,13.96000003814697,13.96000003814697,13.9399995803833,13.9399995803833,479.0,0.0,0.0,
2015-04-08,13.93000030517578,13.93000030517578,13.90999984741211,13.90999984741211,343.0,0.0,0.0,
2015-04-09,13.89999961853027,13.92000007629395,13.89999961853027,13.89999961853027,4515.0,0.0,0.0,
2015-04-10,13.92000007629395,13.92000007629395,13.81999969482422,13.92000007629395,363.0,0.0,0.0,
2015-04-13,13.92000007629395,13.92000007629395,13.82999992370605,13.92000007629395,1898.0,0.0,0.0,
2015-04-15,13.93000030517578,13.93000030517578,13.85999965667725,13.89000034332275,570.0,0.0,0.0,
2015-04-16,13.85000038146973,13.9399995803833,13.81999969482422,13.81999969482422,10496.0,0.0,0.0,
2015-04-17,13.8100004196167,13.92000007629395,13.8100004196167,13.90999984741211,1663.0,0.0,0.0,
2015-04-20,13.92000007629395,13.93000030517578,13.81999969482422,13.81999969482422,646.0,0.0,0.0,
2015-04-21,13.93000030517578,13.93000030517578,13.93000030517578,13.93000030517578,354.0,0.0,0.0,
2015-04-22,13.93000030517578,13.94999980926514,13.81999969482422,13.94999980926514,172.0,0.0,0.0,
2015-04-23,13.94999980926514,13.94999980926514,13.94999980926514,13.94999980926514,145.0,0.0,0.0,
2015-04-24,13.93420028686523,13.93420028686523,13.93420028686523,13.93420028686523,0.0,0.0,0.0,
2015-04-27,13.94999980926514,13.94999980926514,13.94999980926514,13.94999980926514,287.0,0.0,0.0,
2015-04-28,13.84000015258789,13.94999980926514,13.84000015258789,13.94999980926514,18.0,0.0,0.0,
2015-04-29,13.96000003814697,13.96000003814697,13.85000038146973,13.96000003814697,387.0,0.0,0.0,
2015-04-30,13.9399995803833,13.9399995803833,13.9399995803833,13.9399995803833,200.0,0.0,0.0,
2015-05-04,13.81999969482422,13.82999992370605,13.8100004196167,13.8100004196167,1273.0,0.0,0.0,
2015-05-05,13.80000019073486,13.80000019073486,13.80000019073486,13.80000019073486,1.0,0.0,0.0,
2015-05-06,13.90999984741211,13.90999984741211,13.89999961853027,13.90999984741211,136.0,0.0,0.0,
2015-05-07,13.77999973297119,13.86999988555908,13.77999973297119,13.86999988555908,786.0,0.0,0.0,
2015-05-08,13.84000015258789,13.84000015258789,13.84000015258789,13.84000015258789,396.0,0.0,0.0,
2015-05-11,13.8100004196167,13.85999965667725,13.8100004196167,13.85999965667725,60.0,0.0,0.0,
2015-05-12,13.85000038146973,13.85000038146973,13.85000038146973,13.85000038146973,36.0,0.0,0.0,
2015-05-13,13.86999988555908,13.86999988555908,13.86999988555908,13.86999988555908,308.0,0.0,0.0,
2015-05-14,13.86999988555908,13.86999988555908,13.81999969482422,13.81999969482422,241.0,0.0,0.0,
2015-05-15,13.84000015258789,13.84000015258789,13.84000015258789,13.84000015258789,1349.0,0.0,0.0,
2015-05-18,13.84000015258789,13.86999988555908,13.84000015258789,13.86999988555908,1061.0,0.0,0.0,
2015-05-19,13.91450023651123,13.91450023651123,13.91450023651123,13.91450023651123,0.0,0.0,0.0,
2015-05-20,13.78999996185303,13.9399995803833,13.78999996185303,13.9399995803833,1475.0,0.0,0.0,
2015-05-21,13.92000007629395,13.92000007629395,13.92000007629395,13.92000007629395,50.0,0.0,0.0,
2015-05-22,13.92759990692139,13.92759990692139,13.92759990692139,13.92759990692139,0.0,0.0,0.0,
2015-05-25,13.92000007629395,13.92000007629395,13.92000007629395,13.92000007629395,35.0,0.0,0.0,
2015-05-26,13.93000030517578,13.93000030517578,13.93000030517578,13.93000030517578,10.0,0.0,0.0,
2015-05-27,13.92000007629395,13.92000007629395,13.92000007629395,13.92000007629395,383.0,0.0,0.0,
2015-05-28,13.94139957427979,13.94139957427979,13.94139957427979,13.94139957427979,0.0,0.0,0.0,
2015-05-29,13.94999980926514,13.94999980926514,13.94999980926514,13.94999980926514,1.0,0.0,0.0,
2015-06-01,13.88000011444092,13.97999954223633,13.88000011444092,13.97999954223633,4452.0,0.0,0.0,
2015-06-02,13.86999988555908,13.97000026702881,13.86999988555908,13.97000026702881,146.0,0.0,0.0,
2015-06-03,13.85999965667725,13.85999965667725,13.85999965667725,13.85999965667725,290.0,0.0,0.0,
2015-06-04,13.76000022888184,13.85000038146973,13.76000022888184,13.80000019073486,3025.0,0.0,0.0,
2015-06-05,13.84230041503906,13.84230041503906,13.84230041503906,13.84230041503906,0.0,0.0,0.0,
2015-06-08,13.84000015258789,13.84000015258789,13.84000015258789,13.84000015258789,823.0,0.0,0.0,
2015-06-09,13.84000015258789,13.84000015258789,13.84000015258789,13.84000015258789,110.0,0.0,0.0,
2015-06-10,13.86999988555908,13.86999988555908,13.86999988555908,13.86999988555908,272.0,0.0,0.0,
2015-06-11,13.84000015258789,13.84000015258789,13.84000015258789,13.84000015258789,58.0,0.0,0.0,
2015-06-12,13.75710010528564,13.75710010528564,13.75710010528564,13.75710010528564,0.0,0.0,0.0,
2015-06-15,13.77999973297119,13.77999973297119,13.77999973297119,13.77999973297119,72.0,0.0,0.0,
2015-06-16,13.78999996185303,13.78999996185303,13.72999954223633,13.77999973297119,102.0,0.0,0.0,
2015-06-17,13.77999973297119,13.77999973297119,13.77999973297119,13.77999973297119,50.0,0.0,0.0,
2015-06-18,13.85000038146973,13.89999961853027,13.85000038146973,13.89999961853027,800366.0,0.0,0.0,
2015-06-19,13.89999961853027,13.89999961853027,13.89999961853027,13.89999961853027,362.0,0.0,0.0,
2015-06-22,14.0,14.0,13.85999965667725,13.85999965667725,206.0,0.0,0.0,
2015-06-23,13.94719982147217,13.94719982147217,13.94719982147217,13.94719982147217,0.0,0.0,0.0,
2015-06-24,13.92000007629395,13.92000007629395,13.92000007629395,13.92000007629395,272.0,0.0,0.0,
2015-06-25,13.8528995513916,13.8528995513916,13.8528995513916,13.8528995513916,0.0,0.0,0.0,
2015-06-26,13.89000034332275,13.89000034332275,13.89000034332275,13.89000034332275,2210.0,0.0,0.0,
2015-06-29,13.85000038146973,13.85000038146973,13.85000038146973,13.85000038146973,5.0,0.0,0.0,
2015-06-30,13.85999965667725,13.85999965667725,13.85999965667725,13.85999965667725,100.0,0.0,0.0,
2015-07-01,13.86999988555908,13.86999988555908,13.86999988555908,13.86999988555908,105.0,0.0,0.0,
2015-07-02,13.89999961853027,13.89999961853027,13.80000019073486,13.80000019073486,350.0,0.0,0.0,
2015-07-03,13.92000007629395,13.92000007629395,13.92000007629395,13.92000007629395,100.0,0.0,0.0,
2015-07-06,13.92000007629395,13.92000007629395,13.92000007629395,13.92000007629395,71.0,0.0,0.0,
2015-07-07,13.85000038146973,13.97999954223633,13.85000038146973,13.86999988555908,298.0,0.0,0.0,
2015-07-08,13.94999980926514,13.94999980926514,13.84000015258789,13.84000015258789,472.0,0.0,0.0,
2015-07-09,13.94999980926514,13.94999980926514,13.94999980926514,13.94999980926514,100.0,0.0,0.0,
2015-07-10,13.94699954986572,13.94699954986572,13.94699954986572,13.94699954986572,0.0,0.0,0.0,
2015-07-13,13.9399995803833,13.9399995803833,13.9399995803833,13.9399995803833,106.0,0.0,0.0,
2015-07-14,13.89000034332275,13.89000034332275,13.88000011444092,13.88000011444092,10125.0,0.0,0.0,
2015-07-15,13.86999988555908,13.90999984741211,13.86999988555908,13.90999984741211,23.0,0.0,0.0,
2015-07-16,13.91329956054688,13.91329956054688,13.91329956054688,13.91329956054688,0.0,0.0,0.0,
2015-07-17,13.93000030517578,13.93000030517578,13.85000038146973,13.85000038146973,150.0,0.0,0.0,
2015-07-20,13.9399995803833,13.9399995803833,13.9399995803833,13.9399995803833,815.0,0.0,0.0,
2015-07-21,13.93000030517578,13.93000030517578,13.93000030517578,13.93000030517578,10.0,0.0,0.0,
2015-07-22,13.92000007629395,13.92000007629395,13.92000007629395,13.92000007629395,341.0,0.0,0.0,
2015-07-23,13.95300006866455,13.95300006866455,13.95300006866455,13.95300006866455,0.0,0.0,0.0,
2015-07-24,13.94250011444092,13.94250011444092,13.94250011444092,13.94250011444092,0.0,0.0,0.0,
2015-07-27,13.94999980926514,13.94999980926514,13.94999980926514,13.94999980926514,106.0,0.0,0.0,
2015-07-28,13.94999980926514,13.94999980926514,13.85999965667725,13.88000011444092,947.0,0.0,0.0,
2015-07-29,13.89999961853027,13.94999980926514,13.89999961853027,13.94999980926514,442.0,0.0,0.0,
2015-07-30,13.94999980926514,14.0,13.89000034332275,14.0,101250.0,0.0,0.0,
2015-07-31,13.89000034332275,14.0,13.89000034332275,14.0,36.0,0.0,0.0,
2015-08-03,14.02999973297119,14.03999996185303,14.02999973297119,14.03999996185303,621.0,0.0,0.0,
2015-08-04,14.03999996185303,14.03999996185303,14.03999996185303,14.03999996185303,1200.0,0.0,0.0,
2015-08-05,14.0,14.0,14.0,14.0,272.0,0.0,0.0,
2015-08-06,14.0,14.0,14.0,14.0,1653.0,0.0,0.0,
2015-08-07,13.98999977111816,13.98999977111816,13.98999977111816,13.98999977111816,85.0,0.0,0.0,
2015-08-10,14.02000045776367,14.03999996185303,14.02000045776367,14.03999996185303,1406.0,0.0,0.0,
2015-08-11,13.94999980926514,13.94999980926514,13.94999980926514,13.94999980926514,50.0,0.0,0.0,
2015-08-12,14.05080032348633,14.05080032348633,14.05080032348633,14.05080032348633,0.0,0.0,0.0,
2015-08-13,13.93000030517578,14.05000019073486,13.93000030517578,14.05000019073486,1045.0,0.0,0.0,
2015-08-14,14.09000015258789,14.10000038146973,13.97999954223633,14.10000038146973,756.0,0.0,0.0,
2015-08-17,14.10000038146973,14.10000038146973,14.10000038146973,14.10000038146973,233.0,0.0,0.0,
2015-08-18,14.10000038146973,14.10000038146973,14.10000038146973,14.10000038146973,354.0,0.0,0.0,
2015-08-19,14.10000038146973,14.13000011444092,14.0,14.13000011444092,727.0,0.0,0.0,
2015-08-20,14.1294002532959,14.1294002532959,14.1294002532959,14.1294002532959,0.0,0.0,0.0,
2015-08-21,14.0959997177124,14.0959997177124,14.0959997177124,14.0959997177124,0.0,0.0,0.0,
2015-08-24,14.10999965667725,14.10999965667725,13.96000003814697,14.10000038146973,578.0,0.0,0.0,
2015-08-25,14.19999980926514,14.19999980926514,14.09000015258789,14.09000015258789,1858.0,0.0,0.0,
2015-08-26,14.09000015258789,14.09000015258789,14.09000015258789,14.09000015258789,1500.0,0.0,0.0,
2015-08-27,14.12440013885498,14.12440013885498,14.12440013885498,14.12440013885498,0.0,0.0,0.0,
2015-08-28,14.11999988555908,14.11999988555908,14.11999988555908,14.11999988555908,0.0,0.0,0.0,
2015-08-31,14.14000034332275,14.14000034332275,14.01000022888184,14.01000022888184,1120.0,0.0,0.0,
2015-09-01,14.14999961853027,14.14999961853027,14.14999961853027,14.14999961853027,500.0,0.0,0.0,
2015-09-02,14.15999984741211,14.15999984741211,14.13000011444092,14.15999984741211,32000.0,0.0,0.0,
2015-09-03,14.17000007629395,14.17000007629395,14.17000007629395,14.17000007629395,105.0,0.0,0.0,
2015-09-04,14.18000030517578,14.18000030517578,14.18000030517578,14.18000030517578,156.0,0.0,0.0,
2015-09-07,14.17000007629395,14.17000007629395,14.17000007629395,14.17000007629395,510.0,0.0,0.0,
2015-09-08,14.14999961853027,14.15999984741211,14.14999961853027,14.15999984741211,1605.0,0.0,0.0,
2015-09-09,14.14999961853027,14.18000030517578,14.14999961853027,14.18000030517578,35.0,0.0,0.0,
2015-09-10,14.15460014343262,14.15460014343262,14.15460014343262,14.15460014343262,0.0,0.0,0.0,
2015-09-11,14.16170024871826,14.16170024871826,14.16170024871826,14.16170024871826,0.0,0.0,0.0,
2015-09-14,14.14999961853027,14.19999980926514,14.14999961853027,14.17000007629395,605.0,0.0,0.0,
2015-09-15,14.21000003814697,14.21000003814697,14.19999980926514,14.19999980926514,69100.0,0.0,0.0,
2015-09-16,14.21000003814697,14.21000003814697,14.21000003814697,14.21000003814697,365.0,0.0,0.0,
2015-09-18,14.25,14.25,14.17000007629395,14.17000007629395,8061.0,0.0,0.0,
2015-09-21,14.27000045776367,14.27000045776367,14.27000045776367,14.27000045776367,476.0,0.0,0.0,
2015-09-22,14.21000003814697,14.21000003814697,14.21000003814697,14.21000003814697,45.0,0.0,0.0,
2015-09-23,14.26000022888184,14.26000022888184,14.26000022888184,14.26000022888184,210.0,0.0,0.0,
2015-09-24,16.45000076293945,16.45000076293945,14.25,14.27999973297119,14401.0,0.0,0.0,
2015-09-28,14.31999969482422,14.31999969482422,14.31999969482422,14.31999969482422,470.0,0.0,0.0,
2015-09-29,14.32999992370605,14.39000034332275,14.32999992370605,14.39000034332275,6573.0,0.0,0.0,
2015-09-30,14.39000034332275,14.44999980926514,14.36999988555908,14.44999980926514,488.0,0.0,0.0,
2015-10-01,14.44999980926514,14.44999980926514,14.36999988555908,14.36999988555908,5335.0,0.0,0.0,
2015-10-05,14.44999980926514,14.5,14.40999984741211,14.40999984741211,798.0,0.0,0.0,
2015-10-06,14.44229984283447,14.44229984283447,14.44229984283447,14.44229984283447,0.0,0.0,0.0,
2015-10-07,14.40999984741211,14.47000026702881,14.40999984741211,14.47000026702881,134.0,0.0,0.0,
2015-10-08,14.46000003814697,14.46000003814697,14.46000003814697,14.46000003814697,25.0,0.0,0.0,
2015-10-09,14.47000026702881,14.47000026702881,14.47000026702881,14.47000026702881,34.0,0.0,0.0,
2015-10-12,14.47999954223633,14.47999954223633,14.47999954223633,14.47999954223633,103.0,0.0,0.0,
2015-10-13,14.38000011444092,14.44999980926514,14.38000011444092,14.44999980926514,885.0,0.0,0.0,
2015-10-14,14.47000026702881,14.47999954223633,14.47000026702881,14.47999954223633,399.0,0.0,0.0,
2015-10-15,14.47999954223633,14.47999954223633,14.47999954223633,14.47999954223633,750.0,0.0,0.0,
2015-10-16,14.47999954223633,14.47999954223633,14.47999954223633,14.47999954223633,100.0,0.0,0.0,
2015-10-19,14.5,14.5,14.40999984741211,14.47999954223633,9924.0,0.0,0.0,
2015-10-20,14.42000007629395,14.42000007629395,14.42000007629395,14.42000007629395,5.0,0.0,0.0,
2015-10-21,14.47999954223633,14.47999954223633,14.47999954223633,14.47999954223633,69.0,0.0,0.0,
2015-10-23,14.5,14.5,14.47999954223633,14.47999954223633,917.0,0.0,0.0,
2015-10-26,14.48999977111816,14.48999977111816,14.48999977111816,14.48999977111816,137.0,0.0,0.0,
2015-10-27,14.48999977111816,14.48999977111816,14.39999961853027,14.39999961853027,64.0,0.0,0.0,
2015-10-28,14.44999980926514,14.44999980926514,14.44999980926514,14.44999980926514,263.0,0.0,0.0,
2015-10-29,14.40999984741211,14.47000026702881,14.40999984741211,14.47000026702881,136.0,0.0,0.0,
2015-10-30,14.47000026702881,14.47000026702881,14.47000026702881,14.47000026702881,50.0,0.0,0.0,
2015-11-02,14.47000026702881,14.47000026702881,14.47000026702881,14.47000026702881,70.0,0.0,0.0,
2015-11-03,14.5,14.5,14.47999954223633,14.47999954223633,445.0,0.0,0.0,
2015-11-04,14.44040012359619,14.44040012359619,14.44040012359619,14.44040012359619,0.0,0.0,0.0,
2015-11-05,14.47000026702881,14.47000026702881,14.47000026702881,14.47000026702881,1000.0,0.0,0.0,
2015-11-06,14.4197998046875,14.4197998046875,14.4197998046875,14.4197998046875,0.0,0.0,0.0,
2015-11-09,14.44999980926514,14.44999980926514,14.36999988555908,14.40999984741211,520.0,0.0,0.0,
2015-11-10,14.43000030517578,14.43000030517578,14.43000030517578,14.43000030517578,24.0,0.0,0.0,
2015-11-13,14.44999980926514,14.44999980926514,14.4399995803833,14.4399995803833,1368.0,0.0,0.0,
2015-11-16,14.47999954223633,14.47999954223633,14.47999954223633,14.47999954223633,270.0,0.0,0.0,
2015-11-17,14.48999977111816,14.48999977111816,14.47999954223633,14.47999954223633,110.0,0.0,0.0,
2015-11-18,14.47999954223633,14.47999954223633,14.47999954223633,14.47999954223633,345.0,0.0,0.0,
2015-11-19,14.48999977111816,14.48999977111816,14.48999977111816,14.48999977111816,67.0,0.0,0.0,
2015-11-20,14.42840003967285,14.42840003967285,14.42840003967285,14.42840003967285,0.0,0.0,0.0,
2015-11-23,14.44999980926514,14.44999980926514,14.44999980926514,14.44999980926514,138.0,0.0,0.0,
2015-11-24,14.47999954223633,14.47999954223633,14.40999984741211,14.42000007629395,247.0,0.0,0.0,
2015-11-26,14.46000003814697,14.46000003814697,14.46000003814697,14.46000003814697,295.0,0.0,0.0,
2015-11-27,14.39999961853027,14.39999961853027,14.39999961853027,14.39999961853027,100.0,0.0,0.0,
2015-11-30,14.43000030517578,14.43000030517578,14.43000030517578,14.43000030517578,125.0,0.0,0.0,
2015-12-01,14.43690013885498,14.43690013885498,14.43690013885498,14.43690013885498,0.0,0.0,0.0,
2015-12-02,14.44999980926514,14.48999977111816,14.36999988555908,14.48999977111816,725.0,0.0,0.0,
2015-12-03,14.47000026702881,14.47000026702881,14.47000026702881,14.47000026702881,70.0,0.0,0.0,
2015-12-04,14.51000022888184,14.51000022888184,14.44999980926514,14.44999980926514,100.0,0.0,0.0,
2015-12-07,14.40999984741211,14.47000026702881,14.40999984741211,14.47000026702881,1993.0,0.0,0.0,
2015-12-08,14.51000022888184,14.51000022888184,14.44999980926514,14.44999980926514,534.0,0.0,0.0,
2015-12-09,14.4399995803833,14.4399995803833,14.4399995803833,14.4399995803833,261.0,0.0,0.0,
2015-12-10,14.41520023345947,14.41520023345947,14.41520023345947,14.41520023345947,0.0,0.0,0.0,
2015-12-11,14.4399995803833,14.4399995803833,14.4399995803833,14.4399995803833,34.0,0.0,0.0,
2015-12-14,14.44999980926514,14.46000003814697,14.39999961853027,14.39999961853027,2795.0,0.0,0.0,
2015-12-15,14.4399995803833,14.4399995803833,14.4399995803833,14.4399995803833,50.0,0.0,0.0,
2015-12-16,14.47000026702881,14.48999977111816,14.47000026702881,14.48999977111816,60.0,0.0,0.0,
2015-12-17,14.47000026702881,14.5,14.47000026702881,14.5,150.0,0.0,0.0,
2015-12-18,14.52000045776367,14.52000045776367,14.52000045776367,14.52000045776367,494.0,0.0,0.0,
2015-12-21,14.52999973297119,14.52999973297119,14.47999954223633,14.47999954223633,21426.0,0.0,0.0,
2015-12-22,14.52000045776367,14.52000045776367,14.52000045776367,14.52000045776367,84.0,0.0,0.0,
2015-12-23,15.0,15.0,14.42000007629395,14.47999954223633,444.0,0.0,0.0,
2015-12-24,14.48999977111816,14.48999977111816,14.48999977111816,14.48999977111816,160.0,0.0,0.0,
2015-12-28,14.51000022888184,14.51000022888184,14.51000022888184,14.51000022888184,152.0,0.0,0.0,
2015-12-29,14.52000045776367,14.52000045776367,14.46000003814697,14.46000003814697,456.0,0.0,0.0,
2015-12-30,14.46000003814697,14.46000003814697,14.46000003814697,14.46000003814697,0.0,0.0,0.0,
2015-12-31,14.46000003814697,14.46000003814697,14.46000003814697,14.46000003814697,0.0,0.0,0.0,
2016-01-01,14.46000003814697,14.46000003814697,14.46000003814697,14.46000003814697,0.0,0.0,0.0,
2016-01-04,14.46000003814697,14.46000003814697,14.46000003814697,14.46000003814697,0.0,0.0,0.0,
2016-01-05,14.46000003814697,14.46000003814697,14.46000003814697,14.46000003814697,0.0,0.0,0.0,
2016-01-06,14.46000003814697,14.46000003814697,14.46000003814697,14.46000003814697,0.0,0.0,0.0,
2016-01-07,14.46000003814697,14.46000003814697,14.46000003814697,14.46000003814697,0.0,0.0,0.0,
2016-01-08,14.46000003814697,14.46000003814697,14.46000003814697,14.46000003814697,0.0,0.0,0.0,
2016-01-11,14.46000003814697,14.46000003814697,14.46000003814697,14.46000003814697,0.0,0.0,0.0,
2016-01-12,14.46000003814697,14.46000003814697,14.46000003814697,14.46000003814697,0.0,0.0,0.0,
2016-01-13,14.46000003814697,14.46000003814697,14.46000003814697,14.46000003814697,0.0,0.0,0.0,
2016-01-14,14.46000003814697,14.46000003814697,14.46000003814697,14.46000003814697,0.0,0.0,0.0,
2016-01-15,14.46000003814697,14.46000003814697,14.46000003814697,14.46000003814697,0.0,0.0,0.0,
2016-01-18,14.46000003814697,14.46000003814697,14.46000003814697,14.46000003814697,0.0,0.0,0.0,
2016-01-19,14.46000003814697,14.46000003814697,14.46000003814697,14.46000003814697,0.0,0.0,0.0,
2016-01-20,14.46000003814697,14.46000003814697,14.46000003814697,14.46000003814697,0.0,0.0,0.0,
2016-01-21,14.46000003814697,14.46000003814697,14.46000003814697,14.46000003814697,0.0,0.0,0.0,
2016-01-22,14.46000003814697,14.46000003814697,14.46000003814697,14.46000003814697,0.0,0.0,0.0,
2016-01-25,14.46000003814697,14.46000003814697,14.46000003814697,14.46000003814697,0.0,0.0,0.0,
2016-01-27,14.46000003814697,14.46000003814697,14.46000003814697,14.46000003814697,0.0,0.0,0.0,
2016-01-28,14.46000003814697,14.46000003814697,14.46000003814697,14.46000003814697,0.0,0.0,0.0,
2016-01-29,14.46000003814697,14.46000003814697,14.46000003814697,14.46000003814697,0.0,0.0,0.0,
2016-02-01,14.46000003814697,14.46000003814697,14.46000003814697,14.46000003814697,0.0,0.0,0.0,
2016-02-02,14.46000003814697,14.46000003814697,14.46000003814697,14.46000003814697,0.0,0.0,0.0,
2016-02-03,14.46000003814697,14.46000003814697,14.46000003814697,14.46000003814697,0.0,0.0,0.0,
2016-02-04,14.46000003814697,14.46000003814697,14.46000003814697,14.46000003814697,0.0,0.0,0.0,
2016-02-05,14.46000003814697,14.46000003814697,14.46000003814697,14.46000003814697,0.0,0.0,0.0,
2016-02-08,14.46000003814697,14.46000003814697,14.46000003814697,14.46000003814697,0.0,0.0,0.0,
2016-02-09,14.46000003814697,14.46000003814697,14.46000003814697,14.46000003814697,0.0,0.0,0.0,
2016-02-10,14.46000003814697,14.46000003814697,14.46000003814697,14.46000003814697,0.0,0.0,0.0,
2016-02-11,14.46000003814697,14.46000003814697,14.46000003814697,14.46000003814697,0.0,0.0,0.0,
2016-02-12,14.46000003814697,14.46000003814697,14.46000003814697,14.46000003814697,0.0,0.0,0.0,
2016-02-15,14.46000003814697,14.46000003814697,14.46000003814697,14.46000003814697,0.0,0.0,0.0,
2016-02-16,14.46000003814697,14.46000003814697,14.46000003814697,14.46000003814697,0.0,0.0,0.0,
2016-02-17,14.46000003814697,14.46000003814697,14.46000003814697,14.46000003814697,0.0,0.0,0.0,
2016-02-18,14.46000003814697,14.46000003814697,14.46000003814697,14.46000003814697,0.0,0.0,0.0,
2016-02-19,14.46000003814697,14.46000003814697,14.46000003814697,14.46000003814697,0.0,0.0,0.0,
2016-02-22,14.46000003814697,14.46000003814697,14.46000003814697,14.46000003814697,0.0,0.0,0.0,
2016-02-23,14.46000003814697,14.46000003814697,14.46000003814697,14.46000003814697,0.0,0.0,0.0,
2016-02-24,14.46000003814697,14.46000003814697,14.46000003814697,14.46000003814697,0.0,0.0,0.0,
2016-02-25,14.46000003814697,14.46000003814697,14.46000003814697,14.46000003814697,0.0,0.0,0.0,
2016-02-26,14.46000003814697,14.46000003814697,14.46000003814697,14.46000003814697,0.0,0.0,0.0,
2016-02-29,14.46000003814697,14.46000003814697,14.46000003814697,14.46000003814697,0.0,0.0,0.0,
2016-03-01,14.46000003814697,14.46000003814697,14.46000003814697,14.46000003814697,0.0,0.0,0.0,
2016-03-02,14.46000003814697,14.46000003814697,14.46000003814697,14.46000003814697,0.0,0.0,0.0,
2016-03-03,14.46000003814697,14.46000003814697,14.46000003814697,14.46000003814697,0.0,0.0,0.0,
2016-03-04,14.46000003814697,14.46000003814697,14.46000003814697,14.46000003814697,0.0,0.0,0.0,
2016-03-08,14.46000003814697,14.46000003814697,14.46000003814697,14.46000003814697,0.0,0.0,0.0,
2016-03-09,14.46000003814697,14.46000003814697,14.46000003814697,14.46000003814697,0.0,0.0,0.0,
2016-03-10,14.46000003814697,14.46000003814697,14.46000003814697,14.46000003814697,0.0,0.0,0.0,
2016-03-11,14.46000003814697,14.46000003814697,14.46000003814697,14.46000003814697,0.0,0.0,0.0,
2016-03-14,14.46000003814697,14.46000003814697,14.46000003814697,14.46000003814697,0.0,0.0,0.0,
2016-03-15,14.46000003814697,14.46000003814697,14.46000003814697,14.46000003814697,0.0,0.0,0.0,
2016-03-16,14.46000003814697,14.46000003814697,14.46000003814697,14.46000003814697,0.0,0.0,0.0,
2016-03-17,14.46000003814697,14.46000003814697,14.46000003814697,14.46000003814697,0.0,0.0,0.0,
2016-03-18,14.46000003814697,14.46000003814697,14.46000003814697,14.46000003814697,0.0,0.0,0.0,
2016-03-21,14.46000003814697,14.46000003814697,14.46000003814697,14.46000003814697,0.0,0.0,0.0,
2016-03-22,14.46000003814697,14.46000003814697,14.46000003814697,14.46000003814697,0.0,0.0,0.0,
2016-03-23,14.46000003814697,14.46000003814697,14.46000003814697,14.46000003814697,0.0,0.0,0.0,
2016-03-28,14.46000003814697,14.46000003814697,14.46000003814697,14.46000003814697,0.0,0.0,0.0,
2016-03-29,14.46000003814697,14.46000003814697,14.46000003814697,14.46000003814697,0.0,0.0,0.0,
2016-03-30,14.46000003814697,14.46000003814697,14.46000003814697,14.46000003814697,0.0,0.0,0.0,
2016-03-31,14.46000003814697,14.46000003814697,14.46000003814697,14.46000003814697,0.0,0.0,0.0,
2016-04-01,14.46000003814697,14.46000003814697,14.46000003814697,14.46000003814697,0.0,0.0,0.0,
2016-04-04,14.46000003814697,14.46000003814697,14.46000003814697,14.46000003814697,0.0,0.0,0.0,
2016-04-05,14.46000003814697,14.46000003814697,14.46000003814697,14.46000003814697,0.0,0.0,0.0,
2016-04-06,14.46000003814697,14.46000003814697,14.46000003814697,14.46000003814697,0.0,0.0,0.0,
2016-04-07,14.46000003814697,14.46000003814697,14.46000003814697,14.46000003814697,0.0,0.0,0.0,
2016-04-08,14.46000003814697,14.46000003814697,14.46000003814697,14.46000003814697,0.0,0.0,0.0,
2016-04-11,14.46000003814697,14.46000003814697,14.46000003814697,14.46000003814697,0.0,0.0,0.0,
2016-04-12,14.46000003814697,14.46000003814697,14.46000003814697,14.46000003814697,0.0,0.0,0.0,
2016-04-13,14.46000003814697,14.46000003814697,14.46000003814697,14.46000003814697,0.0,0.0,0.0,
2016-04-18,14.46000003814697,14.46000003814697,14.46000003814697,14.46000003814697,0.0,0.0,0.0,
2016-04-20,14.46000003814697,14.46000003814697,14.46000003814697,14.46000003814697,0.0,0.0,0.0,
2016-04-21,14.46000003814697,14.46000003814697,14.46000003814697,14.46000003814697,0.0,0.0,0.0,
2016-04-22,14.46000003814697,14.46000003814697,14.46000003814697,14.46000003814697,0.0,0.0,0.0,
2016-04-25,14.46000003814697,14.46000003814697,14.46000003814697,14.46000003814697,0.0,0.0,0.0,
2016-04-26,14.46000003814697,14.46000003814697,14.46000003814697,14.46000003814697,0.0,0.0,0.0,
2016-04-27,14.46000003814697,14.46000003814697,14.46000003814697,14.46000003814697,0.0,0.0,0.0,
2016-04-28,14.46000003814697,14.46000003814697,14.46000003814697,14.46000003814697,0.0,0.0,0.0,
2016-04-29,14.46000003814697,14.46000003814697,14.46000003814697,14.46000003814697,0.0,0.0,0.0,
2016-05-02,14.46000003814697,14.46000003814697,14.46000003814697,14.46000003814697,0.0,0.0,0.0,
2016-05-03,14.46000003814697,14.46000003814697,14.46000003814697,14.46000003814697,0.0,0.0,0.0,
2016-05-04,14.46000003814697,14.46000003814697,14.46000003814697,14.46000003814697,0.0,0.0,0.0,
2016-05-05,14.46000003814697,14.46000003814697,14.46000003814697,14.46000003814697,0.0,0.0,0.0,
2016-05-06,14.46000003814697,14.46000003814697,14.46000003814697,14.46000003814697,0.0,0.0,0.0,
2016-05-09,14.46000003814697,14.46000003814697,14.46000003814697,14.46000003814697,0.0,0.0,0.0,
2016-05-10,14.46000003814697,14.46000003814697,14.46000003814697,14.46000003814697,0.0,0.0,0.0,
2016-05-11,14.46000003814697,14.46000003814697,14.46000003814697,14.46000003814697,0.0,0.0,0.0,
2016-05-12,14.46000003814697,14.46000003814697,14.46000003814697,14.46000003814697,0.0,0.0,0.0,
2016-05-13,14.46000003814697,14.46000003814697,14.46000003814697,14.46000003814697,0.0,0.0,0.0,
2016-05-16,14.46000003814697,14.46000003814697,14.46000003814697,14.46000003814697,0.0,0.0,0.0,
2016-05-17,14.46000003814697,14.46000003814697,14.46000003814697,14.46000003814697,0.0,0.0,0.0,
2016-05-18,14.46000003814697,14.46000003814697,14.46000003814697,14.46000003814697,0.0,0.0,0.0,
2016-05-19,14.46000003814697,14.46000003814697,14.46000003814697,14.46000003814697,0.0,0.0,0.0,
2016-05-20,14.46000003814697,14.46000003814697,14.46000003814697,14.46000003814697,0.0,0.0,0.0,
2016-05-23,14.46000003814697,14.46000003814697,14.46000003814697,14.46000003814697,0.0,0.0,0.0,
2016-05-24,14.46000003814697,14.46000003814697,14.46000003814697,14.46000003814697,0.0,0.0,0.0,
2016-05-25,14.46000003814697,14.46000003814697,14.46000003814697,14.46000003814697,0.0,0.0,0.0,
2016-05-26,14.46000003814697,14.46000003814697,14.46000003814697,14.46000003814697,0.0,0.0,0.0,
2016-05-27,14.46000003814697,14.46000003814697,14.46000003814697,14.46000003814697,0.0,0.0,0.0,
2016-05-30,14.46000003814697,14.46000003814697,14.46000003814697,14.46000003814697,0.0,0.0,0.0,
2016-05-31,14.46000003814697,14.46000003814697,14.46000003814697,14.46000003814697,0.0,0.0,0.0,
2016-06-01,14.46000003814697,14.46000003814697,14.46000003814697,14.46000003814697,0.0,0.0,0.0,
2016-06-02,14.46000003814697,14.46000003814697,14.46000003814697,14.46000003814697,0.0,0.0,0.0,
2016-06-03,14.46000003814697,14.46000003814697,14.46000003814697,14.46000003814697,0.0,0.0,0.0,
2016-06-06,14.46000003814697,14.46000003814697,14.46000003814697,14.46000003814697,0.0,0.0,0.0,
2016-06-07,14.46000003814697,14.46000003814697,14.46000003814697,14.46000003814697,0.0,0.0,0.0,
2016-06-08,14.46000003814697,14.46000003814697,14.46000003814697,14.46000003814697,0.0,0.0,0.0,
2016-06-09,14.46000003814697,14.46000003814697,14.46000003814697,14.46000003814697,0.0,0.0,0.0,
2016-06-10,14.46000003814697,14.46000003814697,14.46000003814697,14.46000003814697,0.0,0.0,0.0,
2016-06-13,14.46000003814697,14.46000003814697,14.46000003814697,14.46000003814697,0.0,0.0,0.0,
2016-06-14,14.46000003814697,14.46000003814697,14.46000003814697,14.46000003814697,0.0,0.0,0.0,
2016-06-15,14.46000003814697,14.46000003814697,14.46000003814697,14.46000003814697,0.0,0.0,0.0,
2016-06-16,14.46000003814697,14.46000003814697,14.46000003814697,14.46000003814697,0.0,0.0,0.0,
2016-06-17,14.46000003814697,14.46000003814697,14.46000003814697,14.46000003814697,0.0,0.0,0.0,
2016-06-20,14.46000003814697,14.46000003814697,14.46000003814697,14.46000003814697,0.0,0.0,0.0,
2016-06-21,14.46000003814697,14.46000003814697,14.46000003814697,14.46000003814697,0.0,0.0,0.0,
2016-06-22,14.46000003814697,14.46000003814697,14.46000003814697,14.46000003814697,0.0,0.0,0.0,
2016-06-23,14.46000003814697,14.46000003814697,14.46000003814697,14.46000003814697,0.0,0.0,0.0,
2016-06-24,14.46000003814697,14.46000003814697,14.46000003814697,14.46000003814697,0.0,0.0,0.0,
2016-06-27,14.46000003814697,14.46000003814697,14.46000003814697,14.46000003814697,0.0,0.0,0.0,
2016-06-28,14.46000003814697,14.46000003814697,14.46000003814697,14.46000003814697,0.0,0.0,0.0,
2016-06-29,14.46000003814697,14.46000003814697,14.46000003814697,14.46000003814697,0.0,0.0,0.0,
2016-06-30,14.46000003814697,14.46000003814697,14.46000003814697,14.46000003814697,0.0,0.0,0.0,
2016-07-01,14.46000003814697,14.46000003814697,14.46000003814697,14.46000003814697,0.0,0.0,0.0,
2016-07-04,14.46000003814697,14.46000003814697,14.46000003814697,14.46000003814697,0.0,0.0,0.0,
2016-07-05,14.46000003814697,14.46000003814697,14.46000003814697,14.46000003814697,0.0,0.0,0.0,
2016-07-07,14.46000003814697,14.46000003814697,14.46000003814697,14.46000003814697,0.0,0.0,0.0,
2016-07-08,14.46000003814697,14.46000003814697,14.46000003814697,14.46000003814697,0.0,0.0,0.0,
2016-07-11,14.46000003814697,14.46000003814697,14.46000003814697,14.46000003814697,0.0,0.0,0.0,
2016-07-12,14.46000003814697,14.46000003814697,14.46000003814697,14.46000003814697,0.0,0.0,0.0,
2016-07-13,14.46000003814697,14.46000003814697,14.46000003814697,14.46000003814697,0.0,0.0,0.0,
2016-07-14,14.46000003814697,14.46000003814697,14.46000003814697,14.46000003814697,0.0,0.0,0.0,
2016-07-15,14.46000003814697,14.46000003814697,14.46000003814697,14.46000003814697,0.0,0.0,0.0,
2016-07-18,14.46000003814697,14.46000003814697,14.46000003814697,14.46000003814697,0.0,0.0,0.0,
2016-07-19,14.46000003814697,14.46000003814697,14.46000003814697,14.46000003814697,0.0,0.0,0.0,
2016-07-20,14.46000003814697,14.46000003814697,14.46000003814697,14.46000003814697,0.0,0.0,0.0,
2016-07-21,14.46000003814697,14.46000003814697,14.46000003814697,14.46000003814697,0.0,0.0,0.0,
2016-07-22,14.46000003814697,14.46000003814697,14.46000003814697,14.46000003814697,0.0,0.0,0.0,
2016-07-25,14.46000003814697,14.46000003814697,14.46000003814697,14.46000003814697,0.0,0.0,0.0,
2016-07-26,14.46000003814697,14.46000003814697,14.46000003814697,14.46000003814697,0.0,0.0,0.0,
2016-07-27,14.46000003814697,14.46000003814697,14.46000003814697,14.46000003814697,0.0,0.0,0.0,
2016-07-28,14.46000003814697,14.46000003814697,14.46000003814697,14.46000003814697,0.0,0.0,0.0,
2016-07-29,14.46000003814697,14.46000003814697,14.46000003814697,14.46000003814697,0.0,0.0,0.0,
2016-08-01,14.46000003814697,14.46000003814697,14.46000003814697,14.46000003814697,0.0,0.0,0.0,
2016-08-02,14.46000003814697,14.46000003814697,14.46000003814697,14.46000003814697,0.0,0.0,0.0,
2016-08-03,14.46000003814697,14.46000003814697,14.46000003814697,14.46000003814697,0.0,0.0,0.0,
2016-08-04,14.46000003814697,14.46000003814697,14.46000003814697,14.46000003814697,0.0,0.0,0.0,
2016-08-05,14.46000003814697,14.46000003814697,14.46000003814697,14.46000003814697,0.0,0.0,0.0,
2016-08-08,14.46000003814697,14.46000003814697,14.46000003814697,14.46000003814697,0.0,0.0,0.0,
2016-08-09,14.46000003814697,14.46000003814697,14.46000003814697,14.46000003814697,0.0,0.0,0.0,
2016-08-10,14.46000003814697,14.46000003814697,14.46000003814697,14.46000003814697,0.0,0.0,0.0,
2016-08-11,14.46000003814697,14.46000003814697,14.46000003814697,14.46000003814697,0.0,0.0,0.0,
2016-08-12,14.46000003814697,14.46000003814697,14.46000003814697,14.46000003814697,0.0,0.0,0.0,
2016-08-16,14.46000003814697,14.46000003814697,14.46000003814697,14.46000003814697,0.0,0.0,0.0,
2016-08-17,14.46000003814697,14.46000003814697,14.46000003814697,14.46000003814697,0.0,0.0,0.0,
2016-08-18,14.46000003814697,14.46000003814697,14.46000003814697,14.46000003814697,0.0,0.0,0.0,
2016-08-19,14.46000003814697,14.46000003814697,14.46000003814697,14.46000003814697,0.0,0.0,0.0,
2016-08-22,14.46000003814697,14.46000003814697,14.46000003814697,14.46000003814697,0.0,0.0,0.0,
2016-08-23,14.46000003814697,14.46000003814697,14.46000003814697,14.46000003814697,0.0,0.0,0.0,
2016-08-24,14.46000003814697,14.46000003814697,14.46000003814697,14.46000003814697,0.0,0.0,0.0,
2016-08-25,14.46000003814697,14.46000003814697,14.46000003814697,14.46000003814697,0.0,0.0,0.0,
2016-08-26,14.46000003814697,14.46000003814697,14.46000003814697,14.46000003814697,0.0,0.0,0.0,
2016-08-29,14.46000003814697,14.46000003814697,14.46000003814697,14.46000003814697,0.0,0.0,0.0,
2016-08-30,14.46000003814697,14.46000003814697,14.46000003814697,14.46000003814697,0.0,0.0,0.0,
2016-08-31,14.46000003814697,14.46000003814697,14.46000003814697,14.46000003814697,0.0,0.0,0.0,
2016-09-01,14.46000003814697,14.46000003814697,14.46000003814697,14.46000003814697,0.0,0.0,0.0,
2016-09-02,14.46000003814697,14.46000003814697,14.46000003814697,14.46000003814697,0.0,0.0,0.0,
2016-09-06,14.46000003814697,14.46000003814697,14.46000003814697,14.46000003814697,0.0,0.0,0.0,
2016-09-07,14.46000003814697,14.46000003814697,14.46000003814697,14.46000003814697,0.0,0.0,0.0,
2016-09-08,14.46000003814697,14.46000003814697,14.46000003814697,14.46000003814697,0.0,0.0,0.0,
2016-09-09,14.46000003814697,14.46000003814697,14.46000003814697,14.46000003814697,0.0,0.0,0.0,
2016-09-12,14.46000003814697,14.46000003814697,14.46000003814697,14.46000003814697,0.0,0.0,0.0,
2016-09-14,14.46000003814697,14.46000003814697,14.46000003814697,14.46000003814697,0.0,0.0,0.0,
2016-09-15,14.46000003814697,14.46000003814697,14.46000003814697,14.46000003814697,0.0,0.0,0.0,
2016-09-16,14.46000003814697,14.46000003814697,14.46000003814697,14.46000003814697,0.0,0.0,0.0,
2016-09-19,14.46000003814697,14.46000003814697,14.46000003814697,14.46000003814697,0.0,0.0,0.0,
2016-09-20,14.46000003814697,14.46000003814697,14.46000003814697,14.46000003814697,0.0,0.0,0.0,
2016-09-21,14.46000003814697,14.46000003814697,14.46000003814697,14.46000003814697,0.0,0.0,0.0,
2016-09-22,14.46000003814697,14.46000003814697,14.46000003814697,14.46000003814697,0.0,0.0,0.0,
2016-09-23,14.46000003814697,14.46000003814697,14.46000003814697,14.46000003814697,0.0,0.0,0.0,
2016-09-26,14.46000003814697,14.46000003814697,14.46000003814697,14.46000003814697,0.0,0.0,0.0,
2016-09-27,14.46000003814697,14.46000003814697,14.46000003814697,14.46000003814697,0.0,0.0,0.0,
2016-09-28,14.46000003814697,14.46000003814697,14.46000003814697,14.46000003814697,0.0,0.0,0.0,
2016-09-29,14.46000003814697,14.46000003814697,14.46000003814697,14.46000003814697,0.0,0.0,0.0,
2016-09-30,14.46000003814697,14.46000003814697,14.46000003814697,14.46000003814697,0.0,0.0,0.0,
2016-10-03,14.46000003814697,14.46000003814697,14.46000003814697,14.46000003814697,0.0,0.0,0.0,
2016-10-04,14.46000003814697,14.46000003814697,14.46000003814697,14.46000003814697,0.0,0.0,0.0,
2016-10-05,14.46000003814697,14.46000003814697,14.46000003814697,14.46000003814697,0.0,0.0,0.0,
2016-10-06,14.46000003814697,14.46000003814697,14.46000003814697,14.46000003814697,0.0,0.0,0.0,
2016-10-07,14.46000003814697,14.46000003814697,14.46000003814697,14.46000003814697,0.0,0.0,0.0,
2016-10-10,14.46000003814697,14.46000003814697,14.46000003814697,14.46000003814697,0.0,0.0,0.0,
2016-10-13,14.46000003814697,14.46000003814697,14.46000003814697,14.46000003814697,0.0,0.0,0.0,
2016-10-14,14.46000003814697,14.46000003814697,14.46000003814697,14.46000003814697,0.0,0.0,0.0,
2016-10-17,14.46000003814697,14.46000003814697,14.46000003814697,14.46000003814697,0.0,0.0,0.0,
2016-10-18,14.46000003814697,14.46000003814697,14.46000003814697,14.46000003814697,0.0,0.0,0.0,
2016-10-19,14.46000003814697,14.46000003814697,14.46000003814697,14.46000003814697,0.0,0.0,0.0,
2016-10-20,14.46000003814697,14.46000003814697,14.46000003814697,14.46000003814697,0.0,0.0,0.0,
2016-10-21,14.46000003814697,14.46000003814697,14.46000003814697,14.46000003814697,0.0,0.0,0.0,
2016-10-24,14.46000003814697,14.46000003814697,14.46000003814697,14.46000003814697,0.0,0.0,0.0,
2016-10-25,14.46000003814697,14.46000003814697,14.46000003814697,14.46000003814697,0.0,0.0,0.0,
2016-10-26,14.46000003814697,14.46000003814697,14.46000003814697,14.46000003814697,0.0,0.0,0.0,
2016-10-27,14.46000003814697,14.46000003814697,14.46000003814697,14.46000003814697,0.0,0.0,0.0,
2016-10-28,14.46000003814697,14.46000003814697,14.46000003814697,14.46000003814697,0.0,0.0,0.0,
2016-11-01,14.46000003814697,14.46000003814697,14.46000003814697,14.46000003814697,0.0,0.0,0.0,
2016-11-02,14.46000003814697,14.46000003814697,14.46000003814697,14.46000003814697,0.0,0.0,0.0,
2016-11-03,14.46000003814697,14.46000003814697,14.46000003814697,14.46000003814697,0.0,0.0,0.0,
2016-11-04,14.46000003814697,14.46000003814697,14.46000003814697,14.46000003814697,0.0,0.0,0.0,
2016-11-07,14.46000003814697,14.46000003814697,14.46000003814697,14.46000003814697,0.0,0.0,0.0,
2016-11-08,14.46000003814697,14.46000003814697,14.46000003814697,14.46000003814697,0.0,0.0,0.0,
2016-11-09,14.46000003814697,14.46000003814697,14.46000003814697,14.46000003814697,0.0,0.0,0.0,
2016-11-10,14.46000003814697,14.46000003814697,14.46000003814697,14.46000003814697,0.0,0.0,0.0,
2016-11-11,14.46000003814697,14.46000003814697,14.46000003814697,14.46000003814697,0.0,0.0,0.0,
2016-11-15,14.46000003814697,14.46000003814697,14.46000003814697,14.46000003814697,0.0,0.0,0.0,
2016-11-16,14.46000003814697,14.46000003814697,14.46000003814697,14.46000003814697,0.0,0.0,0.0,
2016-11-17,14.46000003814697,14.46000003814697,14.46000003814697,14.46000003814697,0.0,0.0,0.0,
2016-11-18,14.46000003814697,14.46000003814697,14.46000003814697,14.46000003814697,0.0,0.0,0.0,
2016-11-21,14.46000003814697,14.46000003814697,14.46000003814697,14.46000003814697,0.0,0.0,0.0,
2016-11-22,14.46000003814697,14.46000003814697,14.46000003814697,14.46000003814697,0.0,0.0,0.0,
2016-11-23,14.46000003814697,14.46000003814697,14.46000003814697,14.46000003814697,0.0,0.0,0.0,
2016-11-24,14.46000003814697,14.46000003814697,14.46000003814697,14.46000003814697,0.0,0.0,0.0,
2016-11-25,14.46000003814697,14.46000003814697,14.46000003814697,14.46000003814697,0.0,0.0,0.0,
2016-11-28,14.46000003814697,14.46000003814697,14.46000003814697,14.46000003814697,0.0,0.0,0.0,
2016-11-29,14.46000003814697,14.46000003814697,14.46000003814697,14.46000003814697,0.0,0.0,0.0,
2016-11-30,14.46000003814697,14.46000003814697,14.46000003814697,14.46000003814697,0.0,0.0,0.0,
2016-12-01,14.46000003814697,14.46000003814697,14.46000003814697,14.46000003814697,0.0,0.0,0.0,
2016-12-02,14.46000003814697,14.46000003814697,14.46000003814697,14.46000003814697,0.0,0.0,0.0,
2016-12-05,14.46000003814697,14.46000003814697,14.46000003814697,14.46000003814697,0.0,0.0,0.0,
2016-12-06,14.46000003814697,14.46000003814697,14.46000003814697,14.46000003814697,0.0,0.0,0.0,
2016-12-07,14.46000003814697,14.46000003814697,14.46000003814697,14.46000003814697,0.0,0.0,0.0,
2016-12-08,14.46000003814697,14.46000003814697,14.46000003814697,14.46000003814697,0.0,0.0,0.0,
2016-12-09,14.46000003814697,14.46000003814697,14.46000003814697,14.46000003814697,0.0,0.0,0.0,
2016-12-12,14.46000003814697,14.46000003814697,14.46000003814697,14.46000003814697,0.0,0.0,0.0,
2016-12-13,14.46000003814697,14.46000003814697,14.46000003814697,14.46000003814697,0.0,0.0,0.0,
2016-12-14,14.46000003814697,14.46000003814697,14.46000003814697,14.46000003814697,0.0,0.0,0.0,
2016-12-15,14.46000003814697,14.46000003814697,14.46000003814697,14.46000003814697,0.0,0.0,0.0,
2016-12-16,14.46000003814697,14.46000003814697,14.46000003814697,14.46000003814697,0.0,0.0,0.0,
2016-12-19,14.46000003814697,14.46000003814697,14.46000003814697,14.46000003814697,0.0,0.0,0.0,
2016-12-20,14.46000003814697,14.46000003814697,14.46000003814697,14.46000003814697,0.0,0.0,0.0,
2016-12-21,14.46000003814697,14.46000003814697,14.46000003814697,14.46000003814697,0.0,0.0,0.0,
2016-12-22,14.46000003814697,14.46000003814697,14.46000003814697,14.46000003814697,0.0,0.0,0.0,
2016-12-23,14.46000003814697,14.46000003814697,14.46000003814697,14.46000003814697,0.0,0.0,0.0,
2016-12-26,14.46000003814697,14.46000003814697,14.46000003814697,14.46000003814697,0.0,0.0,0.0,
2016-12-27,14.46000003814697,14.46000003814697,14.46000003814697,14.46000003814697,0.0,0.0,0.0,
2016-12-28,14.46000003814697,14.46000003814697,14.46000003814697,14.46000003814697,0.0,0.0,0.0,
2016-12-29,14.46000003814697,14.46000003814697,14.46000003814697,14.46000003814697,0.0,0.0,0.0,
2016-12-30,14.46000003814697,14.46000003814697,14.46000003814697,14.46000003814697,0.0,0.0,0.0,
2017-01-02,14.46000003814697,14.46000003814697,14.46000003814697,14.46000003814697,0.0,0.0,0.0,
2017-01-03,14.46000003814697,14.46000003814697,14.46000003814697,14.46000003814697,0.0,0.0,0.0,
2017-01-04,14.46000003814697,14.46000003814697,14.46000003814697,14.46000003814697,0.0,0.0,0.0,
2017-01-05,14.46000003814697,14.46000003814697,14.46000003814697,14.46000003814697,0.0,0.0,0.0,
2017-01-06,14.46000003814697,14.46000003814697,14.46000003814697,14.46000003814697,0.0,0.0,0.0,
2017-01-09,14.46000003814697,14.46000003814697,14.46000003814697,14.46000003814697,0.0,0.0,0.0,
2017-01-10,14.46000003814697,14.46000003814697,14.46000003814697,14.46000003814697,0.0,0.0,0.0,
2017-01-11,14.46000003814697,14.46000003814697,14.46000003814697,14.46000003814697,0.0,0.0,0.0,
2017-01-12,14.46000003814697,14.46000003814697,14.46000003814697,14.46000003814697,0.0,0.0,0.0,
2017-01-13,14.46000003814697,14.46000003814697,14.46000003814697,14.46000003814697,0.0,0.0,0.0,
2017-01-16,14.46000003814697,14.46000003814697,14.46000003814697,14.46000003814697,0.0,0.0,0.0,
2017-01-17,14.46000003814697,14.46000003814697,14.46000003814697,14.46000003814697,0.0,0.0,0.0,
2017-01-18,14.46000003814697,14.46000003814697,14.46000003814697,14.46000003814697,0.0,0.0,0.0,
2017-01-19,14.46000003814697,14.46000003814697,14.46000003814697,14.46000003814697,0.0,0.0,0.0,
2017-01-20,14.46000003814697,14.46000003814697,14.46000003814697,14.46000003814697,0.0,0.0,0.0,
2017-01-23,14.46000003814697,14.46000003814697,14.46000003814697,14.46000003814697,0.0,0.0,0.0,
2017-01-24,14.46000003814697,14.46000003814697,14.46000003814697,14.46000003814697,0.0,0.0,0.0,
2017-01-25,14.46000003814697,14.46000003814697,14.46000003814697,14.46000003814697,0.0,0.0,0.0,
2017-01-27,14.46000003814697,14.46000003814697,14.46000003814697,14.46000003814697,0.0,0.0,0.0,
2017-01-30,14.46000003814697,14.46000003814697,14.46000003814697,14.46000003814697,0.0,0.0,0.0,
2017-01-31,14.46000003814697,14.46000003814697,14.46000003814697,14.46000003814697,0.0,0.0,0.0,
2017-02-01,14.46000003814697,14.46000003814697,14.46000003814697,14.46000003814697,0.0,0.0,0.0,
2017-02-02,14.46000003814697,14.46000003814697,14.46000003814697,14.46000003814697,0.0,0.0,0.0,
2017-02-03,14.46000003814697,14.46000003814697,14.46000003814697,14.46000003814697,0.0,0.0,0.0,
2017-02-06,14.46000003814697,14.46000003814697,14.46000003814697,14.46000003814697,0.0,0.0,0.0,
2017-02-07,14.46000003814697,14.46000003814697,14.46000003814697,14.46000003814697,0.0,0.0,0.0,
2017-02-08,14.46000003814697,14.46000003814697,14.46000003814697,14.46000003814697,0.0,0.0,0.0,
2017-02-09,14.46000003814697,14.46000003814697,14.46000003814697,14.46000003814697,0.0,0.0,0.0,
2017-02-10,14.46000003814697,14.46000003814697,14.46000003814697,14.46000003814697,0.0,0.0,0.0,
2017-02-13,14.46000003814697,14.46000003814697,14.46000003814697,14.46000003814697,0.0,0.0,0.0,
2017-02-14,14.46000003814697,14.46000003814697,14.46000003814697,14.46000003814697,0.0,0.0,0.0,
2017-02-15,14.46000003814697,14.46000003814697,14.46000003814697,14.46000003814697,0.0,0.0,0.0,
2017-02-16,14.46000003814697,14.46000003814697,14.46000003814697,14.46000003814697,0.0,0.0,0.0,
2017-02-17,14.46000003814697,14.46000003814697,14.46000003814697,14.46000003814697,0.0,0.0,0.0,
2017-02-20,14.46000003814697,14.46000003814697,14.46000003814697,14.46000003814697,0.0,0.0,0.0,
2017-02-21,14.46000003814697,14.46000003814697,14.46000003814697,14.46000003814697,0.0,0.0,0.0,
2017-02-22,14.46000003814697,14.46000003814697,14.46000003814697,14.46000003814697,0.0,0.0,0.0,
2017-02-23,14.46000003814697,14.46000003814697,14.46000003814697,14.46000003814697,0.0,0.0,0.0,
2017-02-27,14.46000003814697,14.46000003814697,14.46000003814697,14.46000003814697,0.0,0.0,0.0,
2017-02-28,14.46000003814697,14.46000003814697,14.46000003814697,14.46000003814697,0.0,0.0,0.0,
2017-03-01,14.46000003814697,14.46000003814697,14.46000003814697,14.46000003814697,0.0,0.0,0.0,
2017-03-02,14.46000003814697,14.46000003814697,14.46000003814697,14.46000003814697,0.0,0.0,0.0,
2017-03-03,14.46000003814697,14.46000003814697,14.46000003814697,14.46000003814697,0.0,0.0,0.0,
2017-03-06,14.46000003814697,14.46000003814697,14.46000003814697,14.46000003814697,0.0,0.0,0.0,
2017-03-07,14.46000003814697,14.46000003814697,14.46000003814697,14.46000003814697,0.0,0.0,0.0,
2017-03-08,14.46000003814697,14.46000003814697,14.46000003814697,14.46000003814697,0.0,0.0,0.0,
2017-03-09,14.46000003814697,14.46000003814697,14.46000003814697,14.46000003814697,0.0,0.0,0.0,
2017-03-10,14.46000003814697,14.46000003814697,14.46000003814697,14.46000003814697,0.0,0.0,0.0,
2017-03-14,14.46000003814697,14.46000003814697,14.46000003814697,14.46000003814697,0.0,0.0,0.0,
2017-03-15,14.46000003814697,14.46000003814697,14.46000003814697,14.46000003814697,0.0,0.0,0.0,
2017-03-16,14.46000003814697,14.46000003814697,14.46000003814697,14.46000003814697,0.0,0.0,0.0,
2017-03-17,14.46000003814697,14.46000003814697,14.46000003814697,14.46000003814697,0.0,0.0,0.0,
2017-03-20,14.46000003814697,14.46000003814697,14.46000003814697,14.46000003814697,0.0,0.0,0.0,
2017-03-21,14.46000003814697,14.46000003814697,14.46000003814697,14.46000003814697,0.0,0.0,0.0,
2017-03-22,14.46000003814697,14.46000003814697,14.46000003814697,14.46000003814697,0.0,0.0,0.0,
2017-03-23,14.46000003814697,14.46000003814697,14.46000003814697,14.46000003814697,0.0,0.0,0.0,
2017-03-24,14.46000003814697,14.46000003814697,14.46000003814697,14.46000003814697,0.0,0.0,0.0,
2017-03-27,14.46000003814697,14.46000003814697,14.46000003814697,14.46000003814697,0.0,0.0,0.0,
2017-03-28,14.46000003814697,14.46000003814697,14.46000003814697,14.46000003814697,0.0,0.0,0.0,
2017-03-29,14.46000003814697,14.46000003814697,14.46000003814697,14.46000003814697,0.0,0.0,0.0,
2017-03-30,14.46000003814697,14.46000003814697,14.46000003814697,14.46000003814697,0.0,0.0,0.0,
2017-03-31,14.46000003814697,14.46000003814697,14.46000003814697,14.46000003814697,0.0,0.0,0.0,
2017-04-03,14.46000003814697,14.46000003814697,14.46000003814697,14.46000003814697,0.0,0.0,0.0,
2017-04-05,14.46000003814697,14.46000003814697,14.46000003814697,14.46000003814697,0.0,0.0,0.0,
2017-04-06,14.46000003814697,14.46000003814697,14.46000003814697,14.46000003814697,0.0,0.0,0.0,
2017-04-07,14.46000003814697,14.46000003814697,14.46000003814697,14.46000003814697,0.0,0.0,0.0,
2017-04-10,14.46000003814697,14.46000003814697,14.46000003814697,14.46000003814697,0.0,0.0,0.0,
2017-04-11,14.46000003814697,14.46000003814697,14.46000003814697,14.46000003814697,0.0,0.0,0.0,
2017-04-12,14.46000003814697,14.46000003814697,14.46000003814697,14.46000003814697,0.0,0.0,0.0,
2017-04-13,14.46000003814697,14.46000003814697,14.46000003814697,14.46000003814697,0.0,0.0,0.0,
2017-04-17,14.46000003814697,14.46000003814697,14.46000003814697,14.46000003814697,0.0,0.0,0.0,
2017-04-18,14.46000003814697,14.46000003814697,14.46000003814697,14.46000003814697,0.0,0.0,0.0,
2017-04-19,14.46000003814697,14.46000003814697,14.46000003814697,14.46000003814697,0.0,0.0,0.0,
2017-04-20,14.46000003814697,14.46000003814697,14.46000003814697,14.46000003814697,0.0,0.0,0.0,
2017-04-21,14.46000003814697,14.46000003814697,14.46000003814697,14.46000003814697,0.0,0.0,0.0,
2017-04-24,14.46000003814697,14.46000003814697,14.46000003814697,14.46000003814697,0.0,0.0,0.0,
2017-04-25,14.46000003814697,14.46000003814697,14.46000003814697,14.46000003814697,0.0,0.0,0.0,
2017-04-26,14.46000003814697,14.46000003814697,14.46000003814697,14.46000003814697,0.0,0.0,0.0,
2017-04-27,14.46000003814697,14.46000003814697,14.46000003814697,14.46000003814697,0.0,0.0,0.0,
2017-04-28,14.46000003814697,14.46000003814697,14.46000003814697,14.46000003814697,0.0,0.0,0.0,
2017-05-02,14.46000003814697,14.46000003814697,14.46000003814697,14.46000003814697,0.0,0.0,0.0,
2017-05-03,14.46000003814697,14.46000003814697,14.46000003814697,14.46000003814697,0.0,0.0,0.0,
2017-05-04,14.46000003814697,14.46000003814697,14.46000003814697,14.46000003814697,0.0,0.0,0.0,
2017-05-05,14.46000003814697,14.46000003814697,14.46000003814697,14.46000003814697,0.0,0.0,0.0,
2017-05-08,14.46000003814697,14.46000003814697,14.46000003814697,14.46000003814697,0.0,0.0,0.0,
2017-05-09,14.46000003814697,14.46000003814697,14.46000003814697,14.46000003814697,0.0,0.0,0.0,
2017-05-10,14.46000003814697,14.46000003814697,14.46000003814697,14.46000003814697,0.0,0.0,0.0,
2017-05-11,14.46000003814697,14.46000003814697,14.46000003814697,14.46000003814697,0.0,0.0,0.0,
2017-05-12,14.46000003814697,14.46000003814697,14.46000003814697,14.46000003814697,0.0,0.0,0.0,
2017-05-15,14.46000003814697,14.46000003814697,14.46000003814697,14.46000003814697,0.0,0.0,0.0,
2017-05-16,14.46000003814697,14.46000003814697,14.46000003814697,14.46000003814697,0.0,0.0,0.0,
2017-05-17,14.46000003814697,14.46000003814697,14.46000003814697,14.46000003814697,0.0,0.0,0.0,
2017-05-18,14.46000003814697,14.46000003814697,14.46000003814697,14.46000003814697,0.0,0.0,0.0,
2017-05-19,14.46000003814697,14.46000003814697,14.46000003814697,14.46000003814697,0.0,0.0,0.0,
2017-05-22,14.46000003814697,14.46000003814697,14.46000003814697,14.46000003814697,0.0,0.0,0.0,
2017-05-23,14.46000003814697,14.46000003814697,14.46000003814697,14.46000003814697,0.0,0.0,0.0,
2017-05-24,14.46000003814697,14.46000003814697,14.46000003814697,14.46000003814697,0.0,0.0,0.0,
2017-05-25,14.46000003814697,14.46000003814697,14.46000003814697,14.46000003814697,0.0,0.0,0.0,
2017-05-26,14.46000003814697,14.46000003814697,14.46000003814697,14.46000003814697,0.0,0.0,0.0,
2017-05-29,14.46000003814697,14.46000003814697,14.46000003814697,14.46000003814697,0.0,0.0,0.0,
2017-05-30,14.46000003814697,14.46000003814697,14.46000003814697,14.46000003814697,0.0,0.0,0.0,
2017-05-31,14.46000003814697,14.46000003814697,14.46000003814697,14.46000003814697,0.0,0.0,0.0,
2017-06-01,14.46000003814697,14.46000003814697,14.46000003814697,14.46000003814697,0.0,0.0,0.0,
2017-06-02,14.46000003814697,14.46000003814697,14.46000003814697,14.46000003814697,0.0,0.0,0.0,
2017-06-05,14.46000003814697,14.46000003814697,14.46000003814697,14.46000003814697,0.0,0.0,0.0,
2017-06-06,14.46000003814697,14.46000003814697,14.46000003814697,14.46000003814697,0.0,0.0,0.0,
2017-06-07,14.46000003814697,14.46000003814697,14.46000003814697,14.46000003814697,0.0,0.0,0.0,
2017-06-08,14.46000003814697,14.46000003814697,14.46000003814697,14.46000003814697,0.0,0.0,0.0,
2017-06-09,14.46000003814697,14.46000003814697,14.46000003814697,14.46000003814697,0.0,0.0,0.0,
2017-06-12,14.46000003814697,14.46000003814697,14.46000003814697,14.46000003814697,0.0,0.0,0.0,
2017-06-13,14.46000003814697,14.46000003814697,14.46000003814697,14.46000003814697,0.0,0.0,0.0,
2017-06-14,14.46000003814697,14.46000003814697,14.46000003814697,14.46000003814697,0.0,0.0,0.0,
2017-06-15,14.46000003814697,14.46000003814697,14.46000003814697,14.46000003814697,0.0,0.0,0.0,
2017-06-16,14.46000003814697,14.46000003814697,14.46000003814697,14.46000003814697,0.0,0.0,0.0,
2017-06-19,14.46000003814697,14.46000003814697,14.46000003814697,14.46000003814697,0.0,0.0,0.0,
2017-06-20,14.46000003814697,14.46000003814697,14.46000003814697,14.46000003814697,0.0,0.0,0.0,
2017-06-21,14.46000003814697,14.46000003814697,14.46000003814697,14.46000003814697,0.0,0.0,0.0,
2017-06-22,14.46000003814697,14.46000003814697,14.46000003814697,14.46000003814697,0.0,0.0,0.0,
2017-06-23,14.46000003814697,14.46000003814697,14.46000003814697,14.46000003814697,0.0,0.0,0.0,
2017-06-27,14.46000003814697,14.46000003814697,14.46000003814697,14.46000003814697,0.0,0.0,0.0,
2017-06-28,14.46000003814697,14.46000003814697,14.46000003814697,14.46000003814697,0.0,0.0,0.0,
2017-06-29,14.46000003814697,14.46000003814697,14.46000003814697,14.46000003814697,0.0,0.0,0.0,
2017-06-30,14.46000003814697,14.46000003814697,14.46000003814697,14.46000003814697,0.0,0.0,0.0,
2017-07-03,14.46000003814697,14.46000003814697,14.46000003814697,14.46000003814697,0.0,0.0,0.0,
2017-07-04,14.46000003814697,14.46000003814697,14.46000003814697,14.46000003814697,0.0,0.0,0.0,
2017-07-05,14.46000003814697,14.46000003814697,14.46000003814697,14.46000003814697,0.0,0.0,0.0,
2017-07-06,14.46000003814697,14.46000003814697,14.46000003814697,14.46000003814697,0.0,0.0,0.0,
2017-07-07,14.46000003814697,14.46000003814697,14.46000003814697,14.46000003814697,0.0,0.0,0.0,
2017-07-10,14.46000003814697,14.46000003814697,14.46000003814697,14.46000003814697,0.0,0.0,0.0,
2017-07-11,14.46000003814697,14.46000003814697,14.46000003814697,14.46000003814697,0.0,0.0,0.0,
2017-07-12,14.46000003814697,14.46000003814697,14.46000003814697,14.46000003814697,0.0,0.0,0.0,
2017-07-13,14.46000003814697,14.46000003814697,14.46000003814697,14.46000003814697,0.0,0.0,0.0,
2017-07-14,14.46000003814697,14.46000003814697,14.46000003814697,14.46000003814697,0.0,0.0,0.0,
2017-07-17,14.46000003814697,14.46000003814697,14.46000003814697,14.46000003814697,0.0,0.0,0.0,
2017-07-18,14.46000003814697,14.46000003814697,14.46000003814697,14.46000003814697,0.0,0.0,0.0,
2017-07-19,14.46000003814697,14.46000003814697,14.46000003814697,14.46000003814697,0.0,0.0,0.0,
2017-07-20,14.46000003814697,14.46000003814697,14.46000003814697,14.46000003814697,0.0,0.0,0.0,
2017-07-21,14.46000003814697,14.46000003814697,14.46000003814697,14.46000003814697,0.0,0.0,0.0,
2017-07-24,14.46000003814697,14.46000003814697,14.46000003814697,14.46000003814697,0.0,0.0,0.0,
2017-07-25,14.46000003814697,14.46000003814697,14.46000003814697,14.46000003814697,0.0,0.0,0.0,
2017-07-26,14.46000003814697,14.46000003814697,14.46000003814697,14.46000003814697,0.0,0.0,0.0,
2017-07-27,14.46000003814697,14.46000003814697,14.46000003814697,14.46000003814697,0.0,0.0,0.0,
2017-07-28,14.46000003814697,14.46000003814697,14.46000003814697,14.46000003814697,0.0,0.0,0.0,
2017-07-31,14.46000003814697,14.46000003814697,14.46000003814697,14.46000003814697,0.0,0.0,0.0,
2017-08-01,14.46000003814697,14.46000003814697,14.46000003814697,14.46000003814697,0.0,0.0,0.0,
2017-08-02,14.46000003814697,14.46000003814697,14.46000003814697,14.46000003814697,0.0,0.0,0.0,
2017-08-03,14.46000003814697,14.46000003814697,14.46000003814697,14.46000003814697,0.0,0.0,0.0,
2017-08-04,14.46000003814697,14.46000003814697,14.46000003814697,14.46000003814697,0.0,0.0,0.0,
2017-08-07,14.46000003814697,14.46000003814697,14.46000003814697,14.46000003814697,0.0,0.0,0.0,
2017-08-08,14.46000003814697,14.46000003814697,14.46000003814697,14.46000003814697,0.0,0.0,0.0,
2017-08-09,14.46000003814697,14.46000003814697,14.46000003814697,14.46000003814697,0.0,0.0,0.0,
2017-08-10,14.46000003814697,14.46000003814697,14.46000003814697,14.46000003814697,0.0,0.0,0.0,
2017-08-11,14.46000003814697,14.46000003814697,14.46000003814697,14.46000003814697,0.0,0.0,0.0,
2017-08-14,14.46000003814697,14.46000003814697,14.46000003814697,14.46000003814697,0.0,0.0,0.0,
2017-08-16,14.46000003814697,14.46000003814697,14.46000003814697,14.46000003814697,0.0,0.0,0.0,
2017-08-17,14.46000003814697,14.46000003814697,14.46000003814697,14.46000003814697,0.0,0.0,0.0,
2017-08-18,14.46000003814697,14.46000003814697,14.46000003814697,14.46000003814697,0.0,0.0,0.0,
2017-08-21,14.46000003814697,14.46000003814697,14.46000003814697,14.46000003814697,0.0,0.0,0.0,
2017-08-22,14.46000003814697,14.46000003814697,14.46000003814697,14.46000003814697,0.0,0.0,0.0,
2017-08-23,14.46000003814697,14.46000003814697,14.46000003814697,14.46000003814697,0.0,0.0,0.0,
2017-08-24,14.46000003814697,14.46000003814697,14.46000003814697,14.46000003814697,0.0,0.0,0.0,
2017-08-28,14.46000003814697,14.46000003814697,14.46000003814697,14.46000003814697,0.0,0.0,0.0,
2017-08-29,14.46000003814697,14.46000003814697,14.46000003814697,14.46000003814697,0.0,0.0,0.0,
2017-08-30,14.46000003814697,14.46000003814697,14.46000003814697,14.46000003814697,0.0,0.0,0.0,
2017-08-31,14.46000003814697,14.46000003814697,14.46000003814697,14.46000003814697,0.0,0.0,0.0,
2017-09-01,14.46000003814697,14.46000003814697,14.46000003814697,14.46000003814697,0.0,0.0,0.0,
2017-09-04,14.46000003814697,14.46000003814697,14.46000003814697,14.46000003814697,0.0,0.0,0.0,
2017-09-05,14.46000003814697,14.46000003814697,14.46000003814697,14.46000003814697,0.0,0.0,0.0,
2017-09-06,14.46000003814697,14.46000003814697,14.46000003814697,14.46000003814697,0.0,0.0,0.0,
2017-09-07,14.46000003814697,14.46000003814697,14.46000003814697,14.46000003814697,0.0,0.0,0.0,
2017-09-08,14.46000003814697,14.46000003814697,14.46000003814697,14.46000003814697,0.0,0.0,0.0,
2017-09-11,14.46000003814697,14.46000003814697,14.46000003814697,14.46000003814697,0.0,0.0,0.0,
2017-09-12,14.46000003814697,14.46000003814697,14.46000003814697,14.46000003814697,0.0,0.0,0.0,
2017-09-13,14.46000003814697,14.46000003814697,14.46000003814697,14.46000003814697,0.0,0.0,0.0,
2017-09-14,14.46000003814697,14.46000003814697,14.46000003814697,14.46000003814697,0.0,0.0,0.0,
2017-09-15,14.46000003814697,14.46000003814697,14.46000003814697,14.46000003814697,0.0,0.0,0.0,
2017-09-18,14.46000003814697,14.46000003814697,14.46000003814697,14.46000003814697,0.0,0.0,0.0,
2017-09-19,14.46000003814697,14.46000003814697,14.46000003814697,14.46000003814697,0.0,0.0,0.0,
2017-09-20,14.46000003814697,14.46000003814697,14.46000003814697,14.46000003814697,0.0,0.0,0.0,
2017-09-21,14.46000003814697,14.46000003814697,14.46000003814697,14.46000003814697,0.0,0.0,0.0,
2017-09-22,14.46000003814697,14.46000003814697,14.46000003814697,14.46000003814697,0.0,0.0,0.0,
2017-09-25,14.46000003814697,14.46000003814697,14.46000003814697,14.46000003814697,0.0,0.0,0.0,
2017-09-26,14.46000003814697,14.46000003814697,14.46000003814697,14.46000003814697,0.0,0.0,0.0,
2017-09-27,14.46000003814697,14.46000003814697,14.46000003814697,14.46000003814697,0.0,0.0,0.0,
2017-09-28,14.46000003814697,14.46000003814697,14.46000003814697,14.46000003814697,0.0,0.0,0.0,
2017-09-29,14.46000003814697,14.46000003814697,14.46000003814697,14.46000003814697,0.0,0.0,0.0,
2017-10-03,14.46000003814697,14.46000003814697,14.46000003814697,14.46000003814697,0.0,0.0,0.0,
2017-10-04,14.46000003814697,14.46000003814697,14.46000003814697,14.46000003814697,0.0,0.0,0.0,
2017-10-05,14.46000003814697,14.46000003814697,14.46000003814697,14.46000003814697,0.0,0.0,0.0,
2017-10-06,14.46000003814697,14.46000003814697,14.46000003814697,14.46000003814697,0.0,0.0,0.0,
2017-10-09,14.46000003814697,14.46000003814697,14.46000003814697,14.46000003814697,0.0,0.0,0.0,
2017-10-10,14.46000003814697,14.46000003814697,14.46000003814697,14.46000003814697,0.0,0.0,0.0,
2017-10-11,14.46000003814697,14.46000003814697,14.46000003814697,14.46000003814697,0.0,0.0,0.0,
2017-10-12,14.46000003814697,14.46000003814697,14.46000003814697,14.46000003814697,0.0,0.0,0.0,
2017-10-13,14.46000003814697,14.46000003814697,14.46000003814697,14.46000003814697,0.0,0.0,0.0,
2017-10-16,14.46000003814697,14.46000003814697,14.46000003814697,14.46000003814697,0.0,0.0,0.0,
2017-10-17,14.46000003814697,14.46000003814697,14.46000003814697,14.46000003814697,0.0,0.0,0.0,
2017-10-18,14.46000003814697,14.46000003814697,14.46000003814697,14.46000003814697,0.0,0.0,0.0,
2017-10-19,14.46000003814697,14.46000003814697,14.46000003814697,14.46000003814697,0.0,0.0,0.0,
2017-10-23,14.46000003814697,14.46000003814697,14.46000003814697,14.46000003814697,0.0,0.0,0.0,
2017-10-24,14.46000003814697,14.46000003814697,14.46000003814697,14.46000003814697,0.0,0.0,0.0,
2017-10-25,14.46000003814697,14.46000003814697,14.46000003814697,14.46000003814697,0.0,0.0,0.0,
2017-10-26,14.46000003814697,14.46000003814697,14.46000003814697,14.46000003814697,0.0,0.0,0.0,
2017-10-27,14.46000003814697,14.46000003814697,14.46000003814697,14.46000003814697,0.0,0.0,0.0,
2017-10-30,14.46000003814697,14.46000003814697,14.46000003814697,14.46000003814697,0.0,0.0,0.0,
2017-10-31,14.46000003814697,14.46000003814697,14.46000003814697,14.46000003814697,0.0,0.0,0.0,
2017-11-01,14.46000003814697,14.46000003814697,14.46000003814697,14.46000003814697,0.0,0.0,0.0,
2017-11-02,14.46000003814697,14.46000003814697,14.46000003814697,14.46000003814697,0.0,0.0,0.0,
2017-11-03,14.46000003814697,14.46000003814697,14.46000003814697,14.46000003814697,0.0,0.0,0.0,
2017-11-06,14.46000003814697,14.46000003814697,14.46000003814697,14.46000003814697,0.0,0.0,0.0,
2017-11-07,14.46000003814697,14.46000003814697,14.46000003814697,14.46000003814697,0.0,0.0,0.0,
2017-11-08,14.46000003814697,14.46000003814697,14.46000003814697,14.46000003814697,0.0,0.0,0.0,
2017-11-09,14.46000003814697,14.46000003814697,14.46000003814697,14.46000003814697,0.0,0.0,0.0,
2017-11-10,14.46000003814697,14.46000003814697,14.46000003814697,14.46000003814697,0.0,0.0,0.0,
2017-11-13,14.46000003814697,14.46000003814697,14.46000003814697,14.46000003814697,0.0,0.0,0.0,
2017-11-14,14.46000003814697,14.46000003814697,14.46000003814697,14.46000003814697,0.0,0.0,0.0,
2017-11-15,14.46000003814697,14.46000003814697,14.46000003814697,14.46000003814697,0.0,0.0,0.0,
2017-11-16,14.46000003814697,14.46000003814697,14.46000003814697,14.46000003814697,0.0,0.0,0.0,
2017-11-17,14.46000003814697,14.46000003814697,14.46000003814697,14.46000003814697,0.0,0.0,0.0,
2017-11-20,14.46000003814697,14.46000003814697,14.46000003814697,14.46000003814697,0.0,0.0,0.0,
2017-11-21,14.46000003814697,14.46000003814697,14.46000003814697,14.46000003814697,0.0,0.0,0.0,
2017-11-22,14.46000003814697,14.46000003814697,14.46000003814697,14.46000003814697,0.0,0.0,0.0,
2017-11-23,14.46000003814697,14.46000003814697,14.46000003814697,14.46000003814697,0.0,0.0,0.0,
2017-11-24,14.46000003814697,14.46000003814697,14.46000003814697,14.46000003814697,0.0,0.0,0.0,
2017-11-27,14.46000003814697,14.46000003814697,14.46000003814697,14.46000003814697,0.0,0.0,0.0,
2017-11-28,14.46000003814697,14.46000003814697,14.46000003814697,14.46000003814697,0.0,0.0,0.0,
2017-11-29,14.46000003814697,14.46000003814697,14.46000003814697,14.46000003814697,0.0,0.0,0.0,
2017-11-30,14.46000003814697,14.46000003814697,14.46000003814697,14.46000003814697,0.0,0.0,0.0,
2017-12-01,14.46000003814697,14.46000003814697,14.46000003814697,14.46000003814697,0.0,0.0,0.0,
2017-12-04,14.46000003814697,14.46000003814697,14.46000003814697,14.46000003814697,0.0,0.0,0.0,
2017-12-05,14.46000003814697,14.46000003814697,14.46000003814697,14.46000003814697,0.0,0.0,0.0,
2017-12-06,14.46000003814697,14.46000003814697,14.46000003814697,14.46000003814697,0.0,0.0,0.0,
2017-12-07,14.46000003814697,14.46000003814697,14.46000003814697,14.46000003814697,0.0,0.0,0.0,
2017-12-08,14.46000003814697,14.46000003814697,14.46000003814697,14.46000003814697,0.0,0.0,0.0,
2017-12-11,14.46000003814697,14.46000003814697,14.46000003814697,14.46000003814697,0.0,0.0,0.0,
2017-12-12,14.46000003814697,14.46000003814697,14.46000003814697,14.46000003814697,0.0,0.0,0.0,
2017-12-13,14.46000003814697,14.46000003814697,14.46000003814697,14.46000003814697,0.0,0.0,0.0,
2017-12-14,14.46000003814697,14.46000003814697,14.46000003814697,14.46000003814697,0.0,0.0,0.0,
2017-12-15,14.46000003814697,14.46000003814697,14.46000003814697,14.46000003814697,0.0,0.0,0.0,
2017-12-18,14.46000003814697,14.46000003814697,14.46000003814697,14.46000003814697,0.0,0.0,0.0,
2017-12-19,14.46000003814697,14.46000003814697,14.46000003814697,14.46000003814697,0.0,0.0,0.0,
2017-12-20,14.46000003814697,14.46000003814697,14.46000003814697,14.46000003814697,0.0,0.0,0.0,
2017-12-21,14.46000003814697,14.46000003814697,14.46000003814697,14.46000003814697,0.0,0.0,0.0,
2017-12-22,14.46000003814697,14.46000003814697,14.46000003814697,14.46000003814697,0.0,0.0,0.0,
2017-12-26,14.46000003814697,14.46000003814697,14.46000003814697,14.46000003814697,0.0,0.0,0.0,
2017-12-27,14.46000003814697,14.46000003814697,14.46000003814697,14.46000003814697,0.0,0.0,0.0,
2017-12-28,14.46000003814697,14.46000003814697,14.46000003814697,14.46000003814697,0.0,0.0,0.0,
2017-12-29,14.46000003814697,14.46000003814697,14.46000003814697,14.46000003814697,0.0,0.0,0.0,
2018-01-01,14.46000003814697,14.46000003814697,14.46000003814697,14.46000003814697,0.0,0.0,0.0,
2018-01-02,14.46000003814697,14.46000003814697,14.46000003814697,14.46000003814697,0.0,0.0,0.0,
2018-01-03,14.46000003814697,14.46000003814697,14.46000003814697,14.46000003814697,0.0,0.0,0.0,
2018-01-04,14.46000003814697,14.46000003814697,14.46000003814697,14.46000003814697,0.0,0.0,0.0,
2018-01-05,14.46000003814697,14.46000003814697,14.46000003814697,14.46000003814697,0.0,0.0,0.0,
2018-01-08,14.46000003814697,14.46000003814697,14.46000003814697,14.46000003814697,0.0,0.0,0.0,
2018-01-09,14.46000003814697,14.46000003814697,14.46000003814697,14.46000003814697,0.0,0.0,0.0,
2018-01-10,14.46000003814697,14.46000003814697,14.46000003814697,14.46000003814697,0.0,0.0,0.0,
2018-01-11,14.46000003814697,14.46000003814697,14.46000003814697,14.46000003814697,0.0,0.0,0.0,
2018-01-12,14.46000003814697,14.46000003814697,14.46000003814697,14.46000003814697,0.0,0.0,0.0,
2018-01-15,14.46000003814697,14.46000003814697,14.46000003814697,14.46000003814697,0.0,0.0,0.0,
2018-01-16,14.46000003814697,14.46000003814697,14.46000003814697,14.46000003814697,0.0,0.0,0.0,
2018-01-17,14.46000003814697,14.46000003814697,14.46000003814697,14.46000003814697,0.0,0.0,0.0,
2018-01-18,14.46000003814697,14.46000003814697,14.46000003814697,14.46000003814697,0.0,0.0,0.0,
2018-01-19,14.46000003814697,14.46000003814697,14.46000003814697,14.46000003814697,0.0,0.0,0.0,
2018-01-22,14.46000003814697,14.46000003814697,14.46000003814697,14.46000003814697,0.0,0.0,0.0,
2018-01-23,14.46000003814697,14.46000003814697,14.46000003814697,14.46000003814697,0.0,0.0,0.0,
2018-01-24,14.46000003814697,14.46000003814697,14.46000003814697,14.46000003814697,0.0,0.0,0.0,
2018-01-25,14.46000003814697,14.46000003814697,14.46000003814697,14.46000003814697,0.0,0.0,0.0,
2018-01-29,14.46000003814697,14.46000003814697,14.46000003814697,14.46000003814697,0.0,0.0,0.0,
2018-01-30,14.46000003814697,14.46000003814697,14.46000003814697,14.46000003814697,0.0,0.0,0.0,
2018-01-31,14.46000003814697,14.46000003814697,14.46000003814697,14.46000003814697,0.0,0.0,0.0,
2018-02-01,14.46000003814697,14.46000003814697,14.46000003814697,14.46000003814697,0.0,0.0,0.0,
2018-02-02,14.46000003814697,14.46000003814697,14.46000003814697,14.46000003814697,0.0,0.0,0.0,
2018-02-05,14.46000003814697,14.46000003814697,14.46000003814697,14.46000003814697,0.0,0.0,0.0,
2018-02-06,14.46000003814697,14.46000003814697,14.46000003814697,14.46000003814697,0.0,0.0,0.0,
2018-02-07,14.46000003814697,14.46000003814697,14.46000003814697,14.46000003814697,0.0,0.0,0.0,
2018-02-08,14.46000003814697,14.46000003814697,14.46000003814697,14.46000003814697,0.0,0.0,0.0,
2018-02-09,14.46000003814697,14.46000003814697,14.46000003814697,14.46000003814697,0.0,0.0,0.0,
2018-02-12,14.46000003814697,14.46000003814697,14.46000003814697,14.46000003814697,0.0,0.0,0.0,
2018-02-14,14.46000003814697,14.46000003814697,14.46000003814697,14.46000003814697,0.0,0.0,0.0,
2018-02-15,14.46000003814697,14.46000003814697,14.46000003814697,14.46000003814697,0.0,0.0,0.0,
2018-02-16,14.46000003814697,14.46000003814697,14.46000003814697,14.46000003814697,0.0,0.0,0.0,
2018-02-19,14.46000003814697,14.46000003814697,14.46000003814697,14.46000003814697,0.0,0.0,0.0,
2018-02-20,14.46000003814697,14.46000003814697,14.46000003814697,14.46000003814697,0.0,0.0,0.0,
2018-02-21,14.46000003814697,14.46000003814697,14.46000003814697,14.46000003814697,0.0,0.0,0.0,
2018-02-22,14.46000003814697,14.46000003814697,14.46000003814697,14.46000003814697,0.0,0.0,0.0,
2018-02-23,14.46000003814697,14.46000003814697,14.46000003814697,14.46000003814697,0.0,0.0,0.0,
2018-02-26,14.46000003814697,14.46000003814697,14.46000003814697,14.46000003814697,0.0,0.0,0.0,
2018-02-27,14.46000003814697,14.46000003814697,14.46000003814697,14.46000003814697,0.0,0.0,0.0,
2018-02-28,14.46000003814697,14.46000003814697,14.46000003814697,14.46000003814697,0.0,0.0,0.0,
2018-03-01,14.46000003814697,14.46000003814697,14.46000003814697,14.46000003814697,0.0,0.0,0.0,
2018-03-05,14.46000003814697,14.46000003814697,14.46000003814697,14.46000003814697,0.0,0.0,0.0,
2018-03-06,14.46000003814697,14.46000003814697,14.46000003814697,14.46000003814697,0.0,0.0,0.0,
2018-03-07,14.46000003814697,14.46000003814697,14.46000003814697,14.46000003814697,0.0,0.0,0.0,
2018-03-08,14.46000003814697,14.46000003814697,14.46000003814697,14.46000003814697,0.0,0.0,0.0,
2018-03-09,14.46000003814697,14.46000003814697,14.46000003814697,14.46000003814697,0.0,0.0,0.0,
2018-03-12,14.46000003814697,14.46000003814697,14.46000003814697,14.46000003814697,0.0,0.0,0.0,
2018-03-13,14.46000003814697,14.46000003814697,14.46000003814697,14.46000003814697,0.0,0.0,0.0,
2018-03-14,14.46000003814697,14.46000003814697,14.46000003814697,14.46000003814697,0.0,0.0,0.0,
2018-03-15,14.46000003814697,14.46000003814697,14.46000003814697,14.46000003814697,0.0,0.0,0.0,
2018-03-16,14.46000003814697,14.46000003814697,14.46000003814697,14.46000003814697,0.0,0.0,0.0,
2018-03-19,14.46000003814697,14.46000003814697,14.46000003814697,14.46000003814697,0.0,0.0,0.0,
2018-03-20,14.46000003814697,14.46000003814697,14.46000003814697,14.46000003814697,0.0,0.0,0.0,
2018-03-21,14.46000003814697,14.46000003814697,14.46000003814697,14.46000003814697,0.0,0.0,0.0,
2018-03-22,14.46000003814697,14.46000003814697,14.46000003814697,14.46000003814697,0.0,0.0,0.0,
2018-03-23,14.46000003814697,14.46000003814697,14.46000003814697,14.46000003814697,0.0,0.0,0.0,
2018-03-26,14.46000003814697,14.46000003814697,14.46000003814697,14.46000003814697,0.0,0.0,0.0,
2018-03-27,14.46000003814697,14.46000003814697,14.46000003814697,14.46000003814697,0.0,0.0,0.0,
2018-03-28,14.46000003814697,14.46000003814697,14.46000003814697,14.46000003814697,0.0,0.0,0.0,
2018-04-02,14.46000003814697,14.46000003814697,14.46000003814697,14.46000003814697,0.0,0.0,0.0,
2018-04-03,14.46000003814697,14.46000003814697,14.46000003814697,14.46000003814697,0.0,0.0,0.0,
2018-04-04,14.46000003814697,14.46000003814697,14.46000003814697,14.46000003814697,0.0,0.0,0.0,
2018-04-05,14.46000003814697,14.46000003814697,14.46000003814697,14.46000003814697,0.0,0.0,0.0,
2018-04-06,14.46000003814697,14.46000003814697,14.46000003814697,14.46000003814697,0.0,0.0,0.0,
2018-04-09,14.46000003814697,14.46000003814697,14.46000003814697,14.46000003814697,0.0,0.0,0.0,
2018-04-10,14.46000003814697,14.46000003814697,14.46000003814697,14.46000003814697,0.0,0.0,0.0,
2018-04-11,14.46000003814697,14.46000003814697,14.46000003814697,14.46000003814697,0.0,0.0,0.0,
2018-04-12,14.46000003814697,14.46000003814697,14.46000003814697,14.46000003814697,0.0,0.0,0.0,
2018-04-13,14.46000003814697,14.46000003814697,14.46000003814697,14.46000003814697,0.0,0.0,0.0,
2018-04-16,14.46000003814697,14.46000003814697,14.46000003814697,14.46000003814697,0.0,0.0,0.0,
2018-04-17,14.46000003814697,14.46000003814697,14.46000003814697,14.46000003814697,0.0,0.0,0.0,
2018-04-18,14.46000003814697,14.46000003814697,14.46000003814697,14.46000003814697,0.0,0.0,0.0,
2018-04-19,14.46000003814697,14.46000003814697,14.46000003814697,14.46000003814697,0.0,0.0,0.0,
2018-04-20,14.46000003814697,14.46000003814697,14.46000003814697,14.46000003814697,0.0,0.0,0.0,
2018-04-23,14.46000003814697,14.46000003814697,14.46000003814697,14.46000003814697,0.0,0.0,0.0,
2018-04-24,14.46000003814697,14.46000003814697,14.46000003814697,14.46000003814697,0.0,0.0,0.0,
2018-04-25,14.46000003814697,14.46000003814697,14.46000003814697,14.46000003814697,0.0,0.0,0.0,
2018-04-26,14.46000003814697,14.46000003814697,14.46000003814697,14.46000003814697,0.0,0.0,0.0,
2018-04-27,14.46000003814697,14.46000003814697,14.46000003814697,14.46000003814697,0.0,0.0,0.0,
2018-04-30,14.46000003814697,14.46000003814697,14.46000003814697,14.46000003814697,0.0,0.0,0.0,
2018-05-02,14.46000003814697,14.46000003814697,14.46000003814697,14.46000003814697,0.0,0.0,0.0,
2018-05-03,14.46000003814697,14.46000003814697,14.46000003814697,14.46000003814697,0.0,0.0,0.0,
2018-05-04,14.46000003814697,14.46000003814697,14.46000003814697,14.46000003814697,0.0,0.0,0.0,
2018-05-07,14.46000003814697,14.46000003814697,14.46000003814697,14.46000003814697,0.0,0.0,0.0,
2018-05-08,14.46000003814697,14.46000003814697,14.46000003814697,14.46000003814697,0.0,0.0,0.0,
2018-05-09,14.46000003814697,14.46000003814697,14.46000003814697,14.46000003814697,0.0,0.0,0.0,
2018-05-10,14.46000003814697,14.46000003814697,14.46000003814697,14.46000003814697,0.0,0.0,0.0,
2018-05-11,14.46000003814697,14.46000003814697,14.46000003814697,14.46000003814697,0.0,0.0,0.0,
2018-05-14,14.46000003814697,14.46000003814697,14.46000003814697,14.46000003814697,0.0,0.0,0.0,
2018-05-15,14.46000003814697,14.46000003814697,14.46000003814697,14.46000003814697,0.0,0.0,0.0,
2018-05-16,14.46000003814697,14.46000003814697,14.46000003814697,14.46000003814697,0.0,0.0,0.0,
2018-05-17,14.46000003814697,14.46000003814697,14.46000003814697,14.46000003814697,0.0,0.0,0.0,
2018-05-18,14.46000003814697,14.46000003814697,14.46000003814697,14.46000003814697,0.0,0.0,0.0,
2018-05-21,14.46000003814697,14.46000003814697,14.46000003814697,14.46000003814697,0.0,0.0,0.0,
2018-05-22,14.46000003814697,14.46000003814697,14.46000003814697,14.46000003814697,0.0,0.0,0.0,
2018-05-23,14.46000003814697,14.46000003814697,14.46000003814697,14.46000003814697,0.0,0.0,0.0,
2018-05-24,14.46000003814697,14.46000003814697,14.46000003814697,14.46000003814697,0.0,0.0,0.0,
2018-05-25,14.46000003814697,14.46000003814697,14.46000003814697,14.46000003814697,0.0,0.0,0.0,
2018-05-28,14.46000003814697,14.46000003814697,14.46000003814697,14.46000003814697,0.0,0.0,0.0,
2018-05-29,14.46000003814697,14.46000003814697,14.46000003814697,14.46000003814697,0.0,0.0,0.0,
2018-05-30,14.46000003814697,14.46000003814697,14.46000003814697,14.46000003814697,0.0,0.0,0.0,
2018-05-31,14.46000003814697,14.46000003814697,14.46000003814697,14.46000003814697,0.0,0.0,0.0,
2018-06-01,14.46000003814697,14.46000003814697,14.46000003814697,14.46000003814697,0.0,0.0,0.0,
2018-06-04,14.46000003814697,14.46000003814697,14.46000003814697,14.46000003814697,0.0,0.0,0.0,
2018-06-05,14.46000003814697,14.46000003814697,14.46000003814697,14.46000003814697,0.0,0.0,0.0,
2018-06-06,14.46000003814697,14.46000003814697,14.46000003814697,14.46000003814697,0.0,0.0,0.0,
2018-06-07,14.46000003814697,14.46000003814697,14.46000003814697,14.46000003814697,0.0,0.0,0.0,
2018-06-08,14.46000003814697,14.46000003814697,14.46000003814697,14.46000003814697,0.0,0.0,0.0,
2018-06-11,14.46000003814697,14.46000003814697,14.46000003814697,14.46000003814697,0.0,0.0,0.0,
2018-06-12,14.46000003814697,14.46000003814697,14.46000003814697,14.46000003814697,0.0,0.0,0.0,
2018-06-13,14.46000003814697,14.46000003814697,14.46000003814697,14.46000003814697,0.0,0.0,0.0,
2018-06-14,14.46000003814697,14.46000003814697,14.46000003814697,14.46000003814697,0.0,0.0,0.0,
2018-06-15,14.46000003814697,14.46000003814697,14.46000003814697,14.46000003814697,0.0,0.0,0.0,
2018-06-18,14.46000003814697,14.46000003814697,14.46000003814697,14.46000003814697,0.0,0.0,0.0,
2018-06-19,14.46000003814697,14.46000003814697,14.46000003814697,14.46000003814697,0.0,0.0,0.0,
2018-06-20,14.46000003814697,14.46000003814697,14.46000003814697,14.46000003814697,0.0,0.0,0.0,
2018-06-21,14.46000003814697,14.46000003814697,14.46000003814697,14.46000003814697,0.0,0.0,0.0,
2018-06-22,14.46000003814697,14.46000003814697,14.46000003814697,14.46000003814697,0.0,0.0,0.0,
2018-06-25,14.46000003814697,14.46000003814697,14.46000003814697,14.46000003814697,0.0,0.0,0.0,
2018-06-26,14.46000003814697,14.46000003814697,14.46000003814697,14.46000003814697,0.0,0.0,0.0,
2018-06-27,14.46000003814697,14.46000003814697,14.46000003814697,14.46000003814697,0.0,0.0,0.0,
2018-06-28,14.46000003814697,14.46000003814697,14.46000003814697,14.46000003814697,0.0,0.0,0.0,
2018-06-29,14.46000003814697,14.46000003814697,14.46000003814697,14.46000003814697,0.0,0.0,0.0,
2018-07-02,14.46000003814697,14.46000003814697,14.46000003814697,14.46000003814697,0.0,0.0,0.0,
2018-07-03,14.46000003814697,14.46000003814697,14.46000003814697,14.46000003814697,0.0,0.0,0.0,
2018-07-04,14.46000003814697,14.46000003814697,14.46000003814697,14.46000003814697,0.0,0.0,0.0,
2018-07-05,14.46000003814697,14.46000003814697,14.46000003814697,14.46000003814697,0.0,0.0,0.0,
2018-07-06,14.46000003814697,14.46000003814697,14.46000003814697,14.46000003814697,0.0,0.0,0.0,
2018-07-09,14.46000003814697,14.46000003814697,14.46000003814697,14.46000003814697,0.0,0.0,0.0,
2018-07-10,14.46000003814697,14.46000003814697,14.46000003814697,14.46000003814697,0.0,0.0,0.0,
2018-07-11,14.46000003814697,14.46000003814697,14.46000003814697,14.46000003814697,0.0,0.0,0.0,
2018-07-12,14.46000003814697,14.46000003814697,14.46000003814697,14.46000003814697,0.0,0.0,0.0,
2018-07-13,14.46000003814697,14.46000003814697,14.46000003814697,14.46000003814697,0.0,0.0,0.0,
2018-07-16,14.46000003814697,14.46000003814697,14.46000003814697,14.46000003814697,0.0,0.0,0.0,
2018-07-17,14.46000003814697,14.46000003814697,14.46000003814697,14.46000003814697,0.0,0.0,0.0,
2018-07-18,14.46000003814697,14.46000003814697,14.46000003814697,14.46000003814697,0.0,0.0,0.0,
2018-07-19,14.46000003814697,14.46000003814697,14.46000003814697,14.46000003814697,0.0,0.0,0.0,
2018-07-20,14.46000003814697,14.46000003814697,14.46000003814697,14.46000003814697,0.0,0.0,0.0,
2018-07-23,14.46000003814697,14.46000003814697,14.46000003814697,14.46000003814697,0.0,0.0,0.0,
2018-07-24,14.46000003814697,14.46000003814697,14.46000003814697,14.46000003814697,0.0,0.0,0.0,
2018-07-25,14.46000003814697,14.46000003814697,14.46000003814697,14.46000003814697,0.0,0.0,0.0,
2018-07-26,14.46000003814697,14.46000003814697,14.46000003814697,14.46000003814697,0.0,0.0,0.0,
2018-07-27,14.46000003814697,14.46000003814697,14.46000003814697,14.46000003814697,0.0,0.0,0.0,
2018-07-30,14.46000003814697,14.46000003814697,14.46000003814697,14.46000003814697,0.0,0.0,0.0,
2018-07-31,14.46000003814697,14.46000003814697,14.46000003814697,14.46000003814697,0.0,0.0,0.0,
2018-08-01,14.46000003814697,14.46000003814697,14.46000003814697,14.46000003814697,0.0,0.0,0.0,
2018-08-02,14.46000003814697,14.46000003814697,14.46000003814697,14.46000003814697,0.0,0.0,0.0,
2018-08-03,14.46000003814697,14.46000003814697,14.46000003814697,14.46000003814697,0.0,0.0,0.0,
2018-08-06,14.46000003814697,14.46000003814697,14.46000003814697,14.46000003814697,0.0,0.0,0.0,
2018-08-07,14.46000003814697,14.46000003814697,14.46000003814697,14.46000003814697,0.0,0.0,0.0,
2018-08-08,14.46000003814697,14.46000003814697,14.46000003814697,14.46000003814697,0.0,0.0,0.0,
2018-08-09,14.46000003814697,14.46000003814697,14.46000003814697,14.46000003814697,0.0,0.0,0.0,
2018-08-10,14.46000003814697,14.46000003814697,14.46000003814697,14.46000003814697,0.0,0.0,0.0,
2018-08-13,14.46000003814697,14.46000003814697,14.46000003814697,14.46000003814697,0.0,0.0,0.0,
2018-08-14,14.46000003814697,14.46000003814697,14.46000003814697,14.46000003814697,0.0,0.0,0.0,
2018-08-16,14.46000003814697,14.46000003814697,14.46000003814697,14.46000003814697,0.0,0.0,0.0,
2018-08-17,14.46000003814697,14.46000003814697,14.46000003814697,14.46000003814697,0.0,0.0,0.0,
2018-08-20,14.46000003814697,14.46000003814697,14.46000003814697,14.46000003814697,0.0,0.0,0.0,
2018-08-21,14.46000003814697,14.46000003814697,14.46000003814697,14.46000003814697,0.0,0.0,0.0,
2018-08-23,14.46000003814697,14.46000003814697,14.46000003814697,14.46000003814697,0.0,0.0,0.0,
2018-08-24,14.46000003814697,14.46000003814697,14.46000003814697,14.46000003814697,0.0,0.0,0.0,
2018-08-27,14.46000003814697,14.46000003814697,14.46000003814697,14.46000003814697,0.0,0.0,0.0,
2018-08-28,14.46000003814697,14.46000003814697,14.46000003814697,14.46000003814697,0.0,0.0,0.0,
2018-08-29,14.46000003814697,14.46000003814697,14.46000003814697,14.46000003814697,0.0,0.0,0.0,
2018-08-30,14.46000003814697,14.46000003814697,14.46000003814697,14.46000003814697,0.0,0.0,0.0,
2018-08-31,14.46000003814697,14.46000003814697,14.46000003814697,14.46000003814697,0.0,0.0,0.0,
2018-09-03,14.46000003814697,14.46000003814697,14.46000003814697,14.46000003814697,0.0,0.0,0.0,
2018-09-04,14.46000003814697,14.46000003814697,14.46000003814697,14.46000003814697,0.0,0.0,0.0,
2018-09-05,14.46000003814697,14.46000003814697,14.46000003814697,14.46000003814697,0.0,0.0,0.0,
2018-09-06,14.46000003814697,14.46000003814697,14.46000003814697,14.46000003814697,0.0,0.0,0.0,
2018-09-07,14.46000003814697,14.46000003814697,14.46000003814697,14.46000003814697,0.0,0.0,0.0,
2018-09-10,14.46000003814697,14.46000003814697,14.46000003814697,14.46000003814697,0.0,0.0,0.0,
2018-09-11,14.46000003814697,14.46000003814697,14.46000003814697,14.46000003814697,0.0,0.0,0.0,
2018-09-12,14.46000003814697,14.46000003814697,14.46000003814697,14.46000003814697,0.0,0.0,0.0,
2018-09-14,14.46000003814697,14.46000003814697,14.46000003814697,14.46000003814697,0.0,0.0,0.0,
2018-09-17,14.46000003814697,14.46000003814697,14.46000003814697,14.46000003814697,0.0,0.0,0.0,
2018-09-18,14.46000003814697,14.46000003814697,14.46000003814697,14.46000003814697,0.0,0.0,0.0,
2018-09-19,14.46000003814697,14.46000003814697,14.46000003814697,14.46000003814697,0.0,0.0,0.0,
2018-09-21,14.46000003814697,14.46000003814697,14.46000003814697,14.46000003814697,0.0,0.0,0.0,
2018-09-24,14.46000003814697,14.46000003814697,14.46000003814697,14.46000003814697,0.0,0.0,0.0,
2018-09-25,14.46000003814697,14.46000003814697,14.46000003814697,14.46000003814697,0.0,0.0,0.0,
2018-09-26,14.46000003814697,14.46000003814697,14.46000003814697,14.46000003814697,0.0,0.0,0.0,
2018-09-27,14.46000003814697,14.46000003814697,14.46000003814697,14.46000003814697,0.0,0.0,0.0,
2018-09-28,14.46000003814697,14.46000003814697,14.46000003814697,14.46000003814697,0.0,0.0,0.0,
2018-10-01,14.46000003814697,14.46000003814697,14.46000003814697,14.46000003814697,0.0,0.0,0.0,
2018-10-03,14.46000003814697,14.46000003814697,14.46000003814697,14.46000003814697,0.0,0.0,0.0,
2018-10-04,14.46000003814697,14.46000003814697,14.46000003814697,14.46000003814697,0.0,0.0,0.0,
2018-10-05,14.46000003814697,14.46000003814697,14.46000003814697,14.46000003814697,0.0,0.0,0.0,
2018-10-08,14.46000003814697,14.46000003814697,14.46000003814697,14.46000003814697,0.0,0.0,0.0,
2018-10-09,14.46000003814697,14.46000003814697,14.46000003814697,14.46000003814697,0.0,0.0,0.0,
2018-10-10,14.46000003814697,14.46000003814697,14.46000003814697,14.46000003814697,0.0,0.0,0.0,
2018-10-11,14.46000003814697,14.46000003814697,14.46000003814697,14.46000003814697,0.0,0.0,0.0,
2018-10-12,14.46000003814697,14.46000003814697,14.46000003814697,14.46000003814697,0.0,0.0,0.0,
2018-10-15,14.46000003814697,14.46000003814697,14.46000003814697,14.46000003814697,0.0,0.0,0.0,
2018-10-16,14.46000003814697,14.46000003814697,14.46000003814697,14.46000003814697,0.0,0.0,0.0,
2018-10-17,14.46000003814697,14.46000003814697,14.46000003814697,14.46000003814697,0.0,0.0,0.0,
2018-10-19,14.46000003814697,14.46000003814697,14.46000003814697,14.46000003814697,0.0,0.0,0.0,
2018-10-22,14.46000003814697,14.46000003814697,14.46000003814697,14.46000003814697,0.0,0.0,0.0,
2018-10-23,14.46000003814697,14.46000003814697,14.46000003814697,14.46000003814697,0.0,0.0,0.0,
2018-10-24,14.46000003814697,14.46000003814697,14.46000003814697,14.46000003814697,0.0,0.0,0.0,
2018-10-25,14.46000003814697,14.46000003814697,14.46000003814697,14.46000003814697,0.0,0.0,0.0,
2018-10-26,14.46000003814697,14.46000003814697,14.46000003814697,14.46000003814697,0.0,0.0,0.0,
2018-10-29,14.46000003814697,14.46000003814697,14.46000003814697,14.46000003814697,0.0,0.0,0.0,
2018-10-30,14.46000003814697,14.46000003814697,14.46000003814697,14.46000003814697,0.0,0.0,0.0,
2018-10-31,14.46000003814697,14.46000003814697,14.46000003814697,14.46000003814697,0.0,0.0,0.0,
2018-11-01,14.46000003814697,14.46000003814697,14.46000003814697,14.46000003814697,0.0,0.0,0.0,
2018-11-02,14.46000003814697,14.46000003814697,14.46000003814697,14.46000003814697,0.0,0.0,0.0,
2018-11-05,14.46000003814697,14.46000003814697,14.46000003814697,14.46000003814697,0.0,0.0,0.0,
2018-11-06,14.46000003814697,14.46000003814697,14.46000003814697,14.46000003814697,0.0,0.0,0.0,
2018-11-07,14.46000003814697,14.46000003814697,14.46000003814697,14.46000003814697,0.0,0.0,0.0,
2018-11-09,14.46000003814697,14.46000003814697,14.46000003814697,14.46000003814697,0.0,0.0,0.0,
2018-11-12,14.46000003814697,14.46000003814697,14.46000003814697,14.46000003814697,0.0,0.0,0.0,
2018-11-13,14.46000003814697,14.46000003814697,14.46000003814697,14.46000003814697,0.0,0.0,0.0,
2018-11-14,14.46000003814697,14.46000003814697,14.46000003814697,14.46000003814697,0.0,0.0,0.0,
2018-11-15,14.46000003814697,14.46000003814697,14.46000003814697,14.46000003814697,0.0,0.0,0.0,
2018-11-16,14.46000003814697,14.46000003814697,14.46000003814697,14.46000003814697,0.0,0.0,0.0,
2018-11-19,14.46000003814697,14.46000003814697,14.46000003814697,14.46000003814697,0.0,0.0,0.0,
2018-11-20,14.46000003814697,14.46000003814697,14.46000003814697,14.46000003814697,0.0,0.0,0.0,
2018-11-21,14.46000003814697,14.46000003814697,14.46000003814697,14.46000003814697,0.0,0.0,0.0,
2018-11-22,14.46000003814697,14.46000003814697,14.46000003814697,14.46000003814697,0.0,0.0,0.0,
2018-11-26,14.46000003814697,14.46000003814697,14.46000003814697,14.46000003814697,0.0,0.0,0.0,
2018-11-27,14.46000003814697,14.46000003814697,14.46000003814697,14.46000003814697,0.0,0.0,0.0,
2018-11-28,14.46000003814697,14.46000003814697,14.46000003814697,14.46000003814697,0.0,0.0,0.0,
2018-11-29,14.46000003814697,14.46000003814697,14.46000003814697,14.46000003814697,0.0,0.0,0.0,
2018-11-30,14.46000003814697,14.46000003814697,14.46000003814697,14.46000003814697,0.0,0.0,0.0,
2018-12-03,14.46000003814697,14.46000003814697,14.46000003814697,14.46000003814697,0.0,0.0,0.0,
2018-12-04,14.46000003814697,14.46000003814697,14.46000003814697,14.46000003814697,0.0,0.0,0.0,
2018-12-05,14.46000003814697,14.46000003814697,14.46000003814697,14.46000003814697,0.0,0.0,0.0,
2018-12-06,14.46000003814697,14.46000003814697,14.46000003814697,14.46000003814697,0.0,0.0,0.0,
2018-12-07,14.46000003814697,14.46000003814697,14.46000003814697,14.46000003814697,0.0,0.0,0.0,
2018-12-10,14.46000003814697,14.46000003814697,14.46000003814697,14.46000003814697,0.0,0.0,0.0,
2018-12-11,14.46000003814697,14.46000003814697,14.46000003814697,14.46000003814697,0.0,0.0,0.0,
2018-12-12,14.46000003814697,14.46000003814697,14.46000003814697,14.46000003814697,0.0,0.0,0.0,
2018-12-13,14.46000003814697,14.46000003814697,14.46000003814697,14.46000003814697,0.0,0.0,0.0,
2018-12-14,14.46000003814697,14.46000003814697,14.46000003814697,14.46000003814697,0.0,0.0,0.0,
2018-12-17,14.46000003814697,14.46000003814697,14.46000003814697,14.46000003814697,0.0,0.0,0.0,
2018-12-18,14.46000003814697,14.46000003814697,14.46000003814697,14.46000003814697,0.0,0.0,0.0,
2018-12-19,14.46000003814697,14.46000003814697,14.46000003814697,14.46000003814697,0.0,0.0,0.0,
2018-12-20,14.46000003814697,14.46000003814697,14.46000003814697,14.46000003814697,0.0,0.0,0.0,
2018-12-21,14.46000003814697,14.46000003814697,14.46000003814697,14.46000003814697,0.0,0.0,0.0,
2018-12-24,14.46000003814697,14.46000003814697,14.46000003814697,14.46000003814697,0.0,0.0,0.0,
2018-12-26,14.46000003814697,14.46000003814697,14.46000003814697,14.46000003814697,0.0,0.0,0.0,
2018-12-27,14.46000003814697,14.46000003814697,14.46000003814697,14.46000003814697,0.0,0.0,0.0,
2018-12-28,14.46000003814697,14.46000003814697,14.46000003814697,14.46000003814697,0.0,0.0,0.0,
2018-12-31,14.46000003814697,14.46000003814697,14.46000003814697,14.46000003814697,0.0,0.0,0.0,
2019-01-01,14.46000003814697,14.46000003814697,14.46000003814697,14.46000003814697,0.0,0.0,0.0,
2019-01-02,14.46000003814697,14.46000003814697,14.46000003814697,14.46000003814697,0.0,0.0,0.0,
2019-01-03,14.46000003814697,14.46000003814697,14.46000003814697,14.46000003814697,0.0,0.0,0.0,
2019-01-04,14.46000003814697,14.46000003814697,14.46000003814697,14.46000003814697,0.0,0.0,0.0,
2019-01-07,14.46000003814697,14.46000003814697,14.46000003814697,14.46000003814697,0.0,0.0,0.0,
2019-01-08,14.46000003814697,14.46000003814697,14.46000003814697,14.46000003814697,0.0,0.0,0.0,
2019-01-09,14.46000003814697,14.46000003814697,14.46000003814697,14.46000003814697,0.0,0.0,0.0,
2019-01-10,14.46000003814697,14.46000003814697,14.46000003814697,14.46000003814697,0.0,0.0,0.0,
2019-01-11,14.46000003814697,14.46000003814697,14.46000003814697,14.46000003814697,0.0,0.0,0.0,
2019-01-14,14.46000003814697,14.46000003814697,14.46000003814697,14.46000003814697,0.0,0.0,0.0,
2019-01-15,14.46000003814697,14.46000003814697,14.46000003814697,14.46000003814697,0.0,0.0,0.0,
2019-01-16,14.46000003814697,14.46000003814697,14.46000003814697,14.46000003814697,0.0,0.0,0.0,
2019-01-17,14.46000003814697,14.46000003814697,14.46000003814697,14.46000003814697,0.0,0.0,0.0,
2019-01-18,14.46000003814697,14.46000003814697,14.46000003814697,14.46000003814697,0.0,0.0,0.0,
2019-01-21,14.46000003814697,14.46000003814697,14.46000003814697,14.46000003814697,0.0,0.0,0.0,
2019-01-22,14.46000003814697,14.46000003814697,14.46000003814697,14.46000003814697,0.0,0.0,0.0,
2019-01-23,14.46000003814697,14.46000003814697,14.46000003814697,14.46000003814697,0.0,0.0,0.0,
2019-01-24,14.46000003814697,14.46000003814697,14.46000003814697,14.46000003814697,0.0,0.0,0.0,
2019-01-25,14.46000003814697,14.46000003814697,14.46000003814697,14.46000003814697,0.0,0.0,0.0,
2019-01-28,14.46000003814697,14.46000003814697,14.46000003814697,14.46000003814697,0.0,0.0,0.0,
2019-01-29,14.46000003814697,14.46000003814697,14.46000003814697,14.46000003814697,0.0,0.0,0.0,
2019-01-30,14.46000003814697,14.46000003814697,14.46000003814697,14.46000003814697,0.0,0.0,0.0,
2019-01-31,14.46000003814697,14.46000003814697,14.46000003814697,14.46000003814697,0.0,0.0,0.0,
2019-02-01,14.46000003814697,14.46000003814697,14.46000003814697,14.46000003814697,0.0,0.0,0.0,
2019-02-04,14.46000003814697,14.46000003814697,14.46000003814697,14.46000003814697,0.0,0.0,0.0,
2019-02-05,14.46000003814697,14.46000003814697,14.46000003814697,14.46000003814697,0.0,0.0,0.0,
2019-02-06,14.46000003814697,14.46000003814697,14.46000003814697,14.46000003814697,0.0,0.0,0.0,
2019-02-07,14.46000003814697,14.46000003814697,14.46000003814697,14.46000003814697,0.0,0.0,0.0,
2019-02-08,14.46000003814697,14.46000003814697,14.46000003814697,14.46000003814697,0.0,0.0,0.0,
2019-02-11,17.88999938964844,17.89999961853027,17.88999938964844,17.89999961853027,335.0,0.0,0.0,
2019-02-12,17.89999961853027,17.89999961853027,17.35000038146973,17.55999946594238,25681.0,0.0,0.0,
2019-02-14,17.09000015258789,17.27000045776367,17.09000015258789,17.25,7750.0,0.0,0.0,
2019-02-15,17.81999969482422,18.48999977111816,17.25,17.25,1010.0,0.0,0.0,
2019-02-18,17.48999977111816,18.38999938964844,17.02000045776367,17.10000038146973,198.0,0.0,0.0,
2019-02-19,17.10000038146973,17.10000038146973,17.10000038146973,17.10000038146973,0.0,0.0,0.0,
2019-02-20,17.82999992370605,17.82999992370605,17.14999961853027,17.43000030517578,16.0,0.0,0.0,
2019-02-21,17.82999992370605,17.82999992370605,17.1299991607666,17.14999961853027,76.0,0.0,0.0,
2019-02-22,17.14999961853027,17.14999961853027,17.14999961853027,17.14999961853027,0.0,0.0,0.0,
2019-02-25,18.0,18.0,17.5,17.71999931335449,44.0,0.0,0.0,
2019-02-26,17.70000076293945,17.71999931335449,17.04000091552734,17.25,458.0,0.0,0.0,
2019-02-27,17.01000022888184,17.25,17.01000022888184,17.23999977111816,32.0,0.0,0.0,
2019-02-28,17.69000053405762,18.0,17.36000061035156,17.54999923706055,3799.0,0.0,0.0,
2019-03-01,18.5,18.5,17.36000061035156,17.88999938964844,476.0,0.0,0.0,
2019-03-05,17.0,18.0,17.0,17.89999961853027,7158.0,0.0,0.0,
2019-03-06,17.88999938964844,17.89999961853027,17.5,17.89999961853027,267.0,0.0,0.0,
2019-03-07,17.85000038146973,17.85000038146973,17.59000015258789,17.85000038146973,153.0,0.0,0.0,
2019-03-08,17.5,17.98999977111816,17.5,17.97999954223633,122.0,0.0,0.0,
2019-03-11,17.97999954223633,17.97999954223633,17.89999961853027,17.89999961853027,4.0,0.0,0.0,
2019-03-12,17.79999923706055,17.79999923706055,17.51000022888184,17.79999923706055,685.0,0.0,0.0,
2019-03-13,17.79999923706055,17.79999923706055,17.53000068664551,17.53000068664551,9.0,0.0,0.0,
2019-03-14,17.98999977111816,17.98999977111816,17.63999938964844,17.96999931335449,44.0,0.0,0.0,
2019-03-15,17.98999977111816,17.98999977111816,17.80999946594238,17.80999946594238,66.0,0.0,0.0,
2019-03-18,17.98999977111816,17.98999977111816,17.98999977111816,17.98999977111816,32.0,0.0,0.0,
2019-03-19,17.98999977111816,17.98999977111816,17.80999946594238,17.98999977111816,504.0,0.0,0.0,
2019-03-20,17.75,17.75,17.75,17.75,257.0,0.0,0.0,
2019-03-22,17.75,17.75,17.75,17.75,500.0,0.0,0.0,
2019-03-25,17.98999977111816,17.98999977111816,17.95000076293945,17.95000076293945,39.0,0.0,0.0,
2019-03-26,17.70999908447266,17.70999908447266,17.70999908447266,17.70999908447266,1.0,0.0,0.0,
2019-03-27,17.70999908447266,17.70999908447266,17.1299991607666,17.1299991607666,6040.0,0.0,0.0,
2019-03-28,17.65999984741211,17.94000053405762,17.60000038146973,17.60000038146973,2096.0,0.0,0.0,
2019-04-01,18.0,18.0,17.94000053405762,17.94000053405762,1475.0,0.0,0.0,
2019-04-02,17.94000053405762,17.98999977111816,17.94000053405762,17.98999977111816,32.0,0.0,0.0,
2019-04-03,17.61000061035156,18.0,17.61000061035156,17.75,31151.0,0.0,0.0,
2019-04-04,18.0,18.0,17.85000038146973,17.86000061035156,3046.0,0.0,0.0,
2019-04-05,18.0,18.0,17.70000076293945,17.70000076293945,2021.0,0.0,0.0,
2019-04-08,18.0,18.0,17.70000076293945,17.70000076293945,46.0,0.0,0.0,
2019-04-09,17.6200008392334,17.93000030517578,17.28000068664551,17.93000030517578,517.0,0.0,0.0,
2019-04-10,17.80999946594238,17.81999969482422,17.6200008392334,17.81999969482422,60.0,0.0,0.0,
2019-04-11,17.98999977111816,18.0,17.40999984741211,17.73999977111816,2152.0,0.0,0.0,
2019-04-12,17.54000091552734,18.0,17.54000091552734,18.0,3138.0,0.0,0.0,
2019-04-15,17.67000007629395,18.0,17.18000030517578,17.79999923706055,2581.0,0.0,0.0,
2019-04-16,17.47999954223633,17.85000038146973,17.17000007629395,17.20000076293945,252.0,0.0,0.0,
2019-04-18,17.85000038146973,17.85000038146973,17.13999938964844,17.20000076293945,1202.0,0.0,0.0,
2019-04-22,17.81999969482422,18.0,17.54999923706055,17.67000007629395,3315.0,0.0,0.0,
2019-04-23,17.79999923706055,17.79999923706055,17.11000061035156,17.63999938964844,2501.0,0.0,0.0,
2019-04-24,17.29999923706055,17.64999961853027,17.29999923706055,17.64999961853027,785.0,0.0,0.0,
2019-04-25,17.28000068664551,18.0,17.27000045776367,17.34000015258789,1980.0,0.0,0.0,
2019-04-26,17.79999923706055,18.0,17.36000061035156,17.60000038146973,188.0,0.0,0.0,
2019-04-30,17.93000030517578,17.94000053405762,17.38999938964844,17.60000038146973,64.0,0.0,0.0,
2019-05-02,17.97999954223633,18.0,17.42000007629395,18.0,815.0,0.0,0.0,
2019-05-03,17.54000091552734,18.0,17.0,17.75,1476.0,0.0,0.0,
2019-05-06,18.0,18.0,17.31999969482422,18.0,61.0,0.0,0.0,
2019-05-07,18.0,18.0,17.5,17.98999977111816,72.0,0.0,0.0,
2019-05-08,17.55999946594238,21.98999977111816,17.03000068664551,18.98999977111816,4063.0,0.0,0.0,
2019-05-09,18.98999977111816,20.0,18.98999977111816,19.0,3812.0,0.0,0.0,
2019-05-10,20.0,20.0,17.3700008392334,18.3700008392334,2136.0,0.0,0.0,
2019-05-13,18.0,18.88999938964844,17.5,17.70000076293945,2017.0,0.0,0.0,
2019-05-14,17.81999969482422,18.29000091552734,17.59000015258789,17.59000015258789,292.0,0.0,0.0,
2019-05-15,18.38999938964844,18.38999938964844,17.51000022888184,17.88999938964844,1338.0,0.0,0.0,
2019-05-16,17.89999961853027,18.18000030517578,17.56999969482422,17.60000038146973,622.0,0.0,0.0,
2019-05-17,18.15999984741211,18.15999984741211,17.64999961853027,18.01000022888184,20.0,0.0,0.0,
2019-05-20,18.01000022888184,18.5,18.01000022888184,18.5,3073.0,0.0,0.0,
2019-05-21,18.5,18.5,18.5,18.5,0.0,0.0,0.0,
2019-05-22,18.0,18.14999961853027,17.75,18.04999923706055,243.0,0.0,0.0,
2019-05-23,18.20000076293945,18.5,18.11000061035156,18.38999938964844,4151.0,0.0,0.0,
2019-05-24,18.5,21.5,18.5,19.36000061035156,16286.0,0.0,0.0,
2019-05-27,19.48999977111816,21.45000076293945,19.04999923706055,19.29999923706055,1589.0,0.0,0.0,
2019-05-28,20.89999961853027,21.0,19.54999923706055,20.01000022888184,1152.0,0.0,0.0,
2019-05-29,19.60000038146973,19.60000038146973,19.11000061035156,19.11000061035156,502.0,0.0,0.0,
2019-05-30,18.89999961853027,21.0,18.89999961853027,21.0,937.0,0.0,0.0,
2019-05-31,19.5,20.23999977111816,18.0,18.59000015258789,4500.0,0.0,0.0,
2019-06-03,18.81999969482422,19.84000015258789,18.67000007629395,18.80999946594238,1011.0,0.0,0.0,
2019-06-04,19.98999977111816,19.98999977111816,18.85000038146973,19.22999954223633,767.0,0.0,0.0,
2019-06-06,19.5,19.60000038146973,18.64999961853027,18.75,502.0,0.0,0.0,
2019-06-07,18.76000022888184,19.02000045776367,18.76000022888184,18.8799991607666,56.0,0.0,0.0,
2019-06-10,18.70000076293945,19.47999954223633,18.70000076293945,19.05999946594238,1218.0,0.0,0.0,
2019-06-11,18.89999961853027,19.98999977111816,18.89999961853027,19.75,28.0,0.0,0.0,
2019-06-12,19.98999977111816,22.60000038146973,19.98999977111816,21.56999969482422,17633.0,0.0,0.0,
2019-06-13,21.39999961853027,21.79999923706055,20.20000076293945,21.19000053405762,7457.0,0.0,0.0,
2019-06-14,21.19000053405762,21.75,20.25,20.90999984741211,2070.0,0.0,0.0,
2019-06-17,20.92000007629395,22.3799991607666,18.54999923706055,20.92000007629395,6919.0,0.0,0.0,
2019-06-18,20.64999961853027,20.64999961853027,19.75,20.48999977111816,601.0,0.0,0.0,
2019-06-19,19.95000076293945,21.48999977111816,19.95000076293945,20.70999908447266,876.0,0.0,0.0,
2019-06-20,19.65999984741211,21.48999977111816,19.05999946594238,19.54999923706055,3633.0,0.0,0.0,
2019-06-21,20.70000076293945,20.70000076293945,19.02000045776367,20.0,1153.0,0.0,0.0,
2019-06-24,19.6299991607666,19.88999938964844,19.31999969482422,19.5,1467.0,0.0,0.0,
2019-06-25,19.70999908447266,22.98999977111816,19.19000053405762,19.47999954223633,37691.0,0.0,0.0,
2019-06-26,19.68000030517578,20.98999977111816,19.01000022888184,19.1200008392334,22499.0,0.0,0.0,
2019-06-27,19.40999984741211,22.5,18.54999923706055,19.13999938964844,20119.0,0.0,0.0,
2019-06-28,19.0,20.47999954223633,18.85000038146973,19.20999908447266,6916.0,0.0,0.0,
2019-07-01,19.21999931335449,20.21999931335449,19.21999931335449,20.0,5149.0,0.0,0.0,
2019-07-02,19.51000022888184,20.45000076293945,19.31999969482422,19.57999992370605,526.0,0.0,0.0,
2019-07-03,19.59000015258789,20.20000076293945,19.57999992370605,19.57999992370605,805.0,0.0,0.0,
2019-07-04,19.57999992370605,19.88999938964844,19.31999969482422,19.31999969482422,29222.0,0.0,0.0,
2019-07-05,20.5,20.5,19.04999923706055,19.98999977111816,2953.0,0.0,0.0,
2019-07-08,19.79999923706055,20.79999923706055,19.79999923706055,20.26000022888184,2122.0,0.0,0.0,
2019-07-09,20.29999923706055,20.29999923706055,19.56999969482422,19.57999992370605,31487.0,0.0,0.0,
2019-07-10,19.61000061035156,20.10000038146973,19.60000038146973,19.97999954223633,544.0,0.0,0.0,
2019-07-11,17.01000022888184,21.75,17.01000022888184,19.70999908447266,2482.0,0.0,0.0,
2019-07-12,20.79999923706055,20.79999923706055,19.70999908447266,19.70999908447266,7116.0,0.0,0.0,
2019-07-15,19.89999961853027,20.0,19.77000045776367,20.0,2373.0,0.0,0.0,
2019-07-16,19.65999984741211,20.0,19.65999984741211,19.98999977111816,1985.0,0.0,0.0,
2019-07-17,20.0,20.0,19.94000053405762,19.97999954223633,1052.0,0.0,0.0,
2019-07-18,19.97999954223633,20.0,19.54999923706055,19.56999969482422,984.0,0.0,0.0,
2019-07-19,19.84000015258789,19.96999931335449,19.52000045776367,19.78000068664551,1460.0,0.0,0.0,
2019-07-22,19.26000022888184,19.96999931335449,19.26000022888184,19.89999961853027,266.0,0.0,0.0,
2019-07-23,19.89999961853027,23.75,18.52000045776367,21.15999984741211,68352.0,0.0,0.0,
2019-07-24,21.0,21.5,20.14999961853027,20.94000053405762,7904.0,0.0,0.0,
2019-07-25,21.39999961853027,21.5,18.89999961853027,19.70000076293945,25022.0,0.0,0.0,
2019-07-26,20.0,20.0,19.26000022888184,19.44000053405762,990.0,0.0,0.0,
2019-07-29,20.0,21.0,19.30999946594238,19.57999992370605,8060.0,0.0,0.0,
2019-07-30,20.0,20.79999923706055,19.65999984741211,19.65999984741211,1537.0,0.0,0.0,
2019-07-31,19.89999961853027,20.5,19.65999984741211,20.0,749.0,0.0,0.0,
2019-08-01,19.92000007629395,19.98999977111816,19.26000022888184,19.46999931335449,1015.0,0.0,0.0,
2019-08-02,19.70000076293945,20.69000053405762,19.70000076293945,20.28000068664551,96.0,0.0,0.0,
2019-08-05,21.64999961853027,22.0,20.67000007629395,21.23999977111816,14707.0,0.0,0.0,
2019-08-06,21.0,21.70000076293945,19.60000038146973,19.82999992370605,54081.0,0.0,0.0,
2019-08-07,21.38999938964844,22.29999923706055,20.10000038146973,21.01000022888184,15740.0,0.0,0.0,
2019-08-08,21.79999923706055,22.39999961853027,19.89999961853027,20.18000030517578,33792.0,0.0,0.0,
2019-08-09,21.20000076293945,21.20000076293945,20.0,20.03000068664551,7509.0,0.0,0.0,
2019-08-13,20.98999977111816,20.98999977111816,19.0,19.25,13406.0,0.0,0.0,
2019-08-14,20.3799991607666,21.0,19.70999908447266,20.8799991607666,13573.0,0.0,0.0,
2019-08-16,20.8799991607666,21.39999961853027,19.80999946594238,20.98999977111816,12278.0,0.0,0.0,
2019-08-19,20.79999923706055,21.29999923706055,20.14999961853027,20.47999954223633,14764.0,0.0,0.0,
2019-08-20,21.20000076293945,21.29999923706055,20.25,20.39999961853027,988.0,0.0,0.0,
2019-08-21,20.25,20.5,19.89999961853027,20.04999923706055,7662.0,0.0,0.0,
2019-08-22,20.34000015258789,21.0,19.70000076293945,19.70999908447266,110788.0,0.0,0.0,
2019-08-23,20.0,20.29999923706055,19.70000076293945,19.70000076293945,1663.0,0.0,0.0,
2019-08-26,20.01000022888184,20.8700008392334,19.35000038146973,19.78000068664551,8324.0,0.0,0.0,
2019-08-27,20.79999923706055,20.98999977111816,19.75,19.93000030517578,18046.0,0.0,0.0,
2019-08-28,20.5,20.5,19.67000007629395,19.70000076293945,1621.0,0.0,0.0,
2019-08-29,20.07999992370605,20.07999992370605,19.64999961853027,19.64999961853027,5072.0,0.0,0.0,
2019-08-30,19.14999961853027,19.93000030517578,19.14999961853027,19.8799991607666,3595.0,0.0,0.0,
2019-09-03,20.35000038146973,20.76000022888184,19.20000076293945,19.79000091552734,224544.0,0.0,0.0,
2019-09-04,19.75,19.95000076293945,19.61000061035156,19.95000076293945,203659.0,0.0,0.0,
2019-09-05,19.95000076293945,19.95000076293945,19.64999961853027,19.94000053405762,111.0,0.0,0.0,
2019-09-06,19.65999984741211,19.89999961853027,19.65999984741211,19.75,611.0,0.0,0.0,
2019-09-09,19.14999961853027,20.19000053405762,18.5,19.75,9310.0,0.0,0.0,
2019-09-11,19.70000076293945,19.73999977111816,19.51000022888184,19.63999938964844,6032.0,0.0,0.0,
2019-09-12,19.6200008392334,20.45000076293945,19.5,19.5,10236.0,0.0,0.0,
2019-09-13,20.5,20.5,19.45999908447266,20.1200008392334,2255.0,0.0,0.0,
2019-09-16,19.71999931335449,20.29999923706055,19.54999923706055,19.85000038146973,3183.0,0.0,0.0,
2019-09-17,20.5,20.70000076293945,18.20000076293945,20.10000038146973,26588.0,0.0,0.0,
2019-09-18,19.81999969482422,19.81999969482422,19.25,19.81999969482422,22023.0,0.0,0.0,
2019-09-19,19.86000061035156,20.79999923706055,19.79000091552734,19.95999908447266,17867.0,0.0,0.0,
2019-09-20,19.96999931335449,20.89999961853027,19.70999908447266,19.70999908447266,4897.0,0.0,0.0,
2019-09-23,20.97999954223633,21.0,20.21999931335449,20.96999931335449,7467.0,0.0,0.0,
2019-09-24,20.79999923706055,21.10000038146973,19.80999946594238,20.27000045776367,19922.0,0.0,0.0,
2019-09-25,20.27000045776367,20.69000053405762,20.0,20.23999977111816,761.0,0.0,0.0,
2019-09-26,20.22999954223633,20.23999977111816,19.70999908447266,20.04999923706055,1455.0,0.0,0.0,
2019-09-27,20.25,20.36000061035156,19.67000007629395,19.79999923706055,3694.0,0.0,0.0,
2019-09-30,20.39999961853027,20.78000068664551,19.75,20.69000053405762,5881.0,0.0,0.0,
2019-10-01,20.69000053405762,20.88999938964844,19.96999931335449,20.11000061035156,1778.0,0.0,0.0,
2019-10-03,20.63999938964844,20.63999938964844,20.01000022888184,20.48999977111816,859.0,0.0,0.0,
2019-10-04,20.89999961853027,20.89999961853027,20.14999961853027,20.68000030517578,3146.0,0.0,0.0,
2019-10-07,21.0,21.39999961853027,20.04000091552734,20.88999938964844,52875.0,0.0,0.0,
2019-10-09,21.0,21.0,20.39999961853027,20.96999931335449,5172.0,0.0,0.0,
2019-10-10,20.5,20.88999938964844,20.0,20.11000061035156,2651.0,0.0,0.0,
2019-10-11,20.63999938964844,20.63999938964844,20.0,20.04999923706055,427.0,0.0,0.0,
2019-10-14,20.0,20.88999938964844,19.10000038146973,20.0,10052.0,0.0,0.0,
2019-10-15,20.45000076293945,20.63999938964844,20.01000022888184,20.30999946594238,2011.0,0.0,0.0,
2019-10-16,20.39999961853027,20.46999931335449,20.01000022888184,20.01000022888184,127.0,0.0,0.0,
2019-10-17,20.47999954223633,20.47999954223633,20.01000022888184,20.40999984741211,535.0,0.0,0.0,
2019-10-18,20.0,23.60000038146973,20.0,21.53000068664551,39343.0,0.0,0.0,
2019-10-22,21.98999977111816,21.98999977111816,21.14999961853027,21.48999977111816,52800.0,0.0,0.0,
2019-10-23,21.75,21.95000076293945,21.48999977111816,21.71999931335449,1891.0,0.0,0.0,
2019-10-24,21.71999931335449,21.71999931335449,20.64999961853027,20.70000076293945,479.0,0.0,0.0,
2019-10-25,22.5,22.5,20.5,21.44000053405762,1842.0,0.0,0.0,
2019-10-27,22.5,22.5,20.25,21.31999969482422,13316.0,0.0,0.0,
2019-10-29,22.88999938964844,22.88999938964844,20.32999992370605,21.27000045776367,7147.0,0.0,0.0,
2019-10-30,21.25,22.5,21.25,22.01000022888184,3933.0,0.0,0.0,
2019-10-31,22.04999923706055,22.89999961853027,21.04999923706055,21.97999954223633,6386.0,0.0,0.0,
2019-11-01,22.0,22.29000091552734,21.14999961853027,21.72999954223633,239.0,0.0,0.0,
2019-11-04,23.0,23.0,20.77000045776367,21.0,12525.0,0.0,0.0,
2019-11-05,21.04999923706055,21.79999923706055,21.01000022888184,21.20000076293945,2404.0,0.0,0.0,
2019-11-06,21.48999977111816,21.48999977111816,20.80999946594238,21.38999938964844,1392.0,0.0,0.0,
2019-11-07,21.70000076293945,21.70000076293945,20.79000091552734,20.93000030517578,4080.0,0.0,0.0,
2019-11-08,21.20000076293945,21.25,21.0,21.1299991607666,548.0,0.0,0.0,
2019-11-11,21.48999977111816,21.48999977111816,20.51000022888184,20.70000076293945,1775.0,0.0,0.0,
2019-11-13,21.86000061035156,22.97999954223633,20.29999923706055,20.63999938964844,3525.0,0.0,0.0,
2019-11-14,21.47999954223633,21.47999954223633,20.53000068664551,20.97999954223633,1564.0,0.0,0.0,
2019-11-15,21.57999992370605,21.57999992370605,20.01000022888184,20.75,9996.0,0.0,0.0,
2019-11-18,20.14999961853027,21.5,20.14999961853027,21.44000053405762,5855.0,0.0,0.0,
2019-11-19,23.5,23.5,20.20999908447266,20.90999984741211,31632.0,0.0,0.0,
2019-11-20,20.90999984741211,21.46999931335449,20.54999923706055,20.73999977111816,9835.0,0.0,0.0,
2019-11-21,20.60000038146973,21.0,20.59000015258789,20.70000076293945,2044.0,0.0,0.0,
2019-11-22,21.10000038146973,21.39999961853027,20.64999961853027,20.79000091552734,965.0,0.0,0.0,
2019-11-25,21.0,21.0,20.6200008392334,20.65999984741211,1809.0,0.0,0.0,
2019-11-26,20.60000038146973,21.20000076293945,20.51000022888184,20.8799991607666,1115.0,0.0,0.0,
2019-11-27,20.8799991607666,20.97999954223633,20.04999923706055,20.45000076293945,12228.0,0.0,0.0,
2019-11-28,20.8799991607666,20.8799991607666,20.20999908447266,20.76000022888184,325.0,0.0,0.0,
2019-11-29,20.70000076293945,20.85000038146973,20.14999961853027,20.45000076293945,1795.0,0.0,0.0,
2019-12-02,20.95999908447266,20.95999908447266,20.30999946594238,20.65999984741211,387.0,0.0,0.0,
2019-12-03,20.79000091552734,20.79000091552734,20.14999961853027,20.34000015258789,1505.0,0.0,0.0,
2019-12-04,20.39999961853027,20.48999977111816,19.60000038146973,20.25,8996.0,0.0,0.0,
2019-12-05,21.29999923706055,21.29999923706055,19.79999923706055,20.17000007629395,2556.0,0.0,0.0,
2019-12-06,20.68000030517578,20.68000030517578,19.98999977111816,20.02000045776367,3252.0,0.0,0.0,
2019-12-09,20.10000038146973,20.57999992370605,20.04999923706055,20.06999969482422,485.0,0.0,0.0,
2019-12-10,20.98999977111816,20.98999977111816,19.70999908447266,20.42000007629395,857.0,0.0,0.0,
2019-12-11,20.39999961853027,20.39999961853027,19.71999931335449,20.19000053405762,1169.0,0.0,0.0,
2019-12-12,20.45000076293945,20.46999931335449,19.90999984741211,20.18000030517578,840.0,0.0,0.0,
2019-12-13,20.48999977111816,20.48999977111816,19.77000045776367,19.92000007629395,2223.0,0.0,0.0,
2019-12-16,19.81999969482422,20.20000076293945,19.6299991607666,19.98999977111816,5717.0,0.0,0.0,
2019-12-17,20.14999961853027,20.14999961853027,19.70000076293945,19.79000091552734,701.0,0.0,0.0,
2019-12-18,19.89999961853027,20.1299991607666,19.61000061035156,19.8799991607666,949.0,0.0,0.0,
2019-12-19,20.14999961853027,20.14999961853027,19.39999961853027,19.80999946594238,451.0,0.0,0.0,
2019-12-20,20.88999938964844,20.88999938964844,19.30999946594238,19.5,4620.0,0.0,0.0,
2019-12-23,19.79999923706055,20.22999954223633,19.70000076293945,19.97999954223633,6318.0,0.0,0.0,
2019-12-24,19.31999969482422,19.98999977111816,19.31999969482422,19.73999977111816,1258.0,0.0,0.0,
2019-12-26,19.54999923706055,19.98999977111816,19.51000022888184,19.55999946594238,660.0,0.0,0.0,
2019-12-27,19.97999954223633,19.97999954223633,19.55999946594238,19.94000053405762,367.0,0.0,0.0,
2019-12-30,19.29999923706055,20.35000038146973,19.28000068664551,20.29000091552734,3500.0,0.0,0.0,
2019-12-31,20.0,20.89999961853027,20.0,20.85000038146973,6774.0,0.0,0.0,
2020-01-01,20.39999961853027,21.18000030517578,20.39999961853027,20.79999923706055,5323.0,0.0,0.0,
2020-01-02,21.18000030517578,21.29999923706055,20.60000038146973,21.28000068664551,28776.0,0.0,0.0,
2020-01-03,21.39999961853027,21.39999961853027,20.54999923706055,21.25,11217.0,0.0,0.0,
2020-01-06,20.54999923706055,21.45000076293945,20.54999923706055,20.85000038146973,16593.0,0.0,0.0,
2020-01-07,21.47999954223633,21.47999954223633,20.65999984741211,20.97999954223633,274.0,0.0,0.0,
2020-01-08,21.38999938964844,21.38999938964844,19.85000038146973,20.11000061035156,12202.0,0.0,0.0,
2020-01-09,20.5,20.64999961853027,19.90999984741211,20.0,4450.0,0.0,0.0,
2020-01-10,19.86000061035156,20.10000038146973,19.80999946594238,19.88999938964844,10463.0,0.0,0.0,
2020-01-13,21.35000038146973,21.35000038146973,19.39999961853027,20.27000045776367,10792.0,0.0,0.0,
2020-01-14,20.04999923706055,20.04999923706055,19.86000061035156,19.98999977111816,1845.0,0.0,0.0,
2020-01-15,19.79999923706055,20.0,19.70999908447266,19.79999923706055,3347.0,0.0,0.0,
2020-01-16,19.79999923706055,20.0,19.72999954223633,19.95999908447266,4312.0,0.0,0.0,
2020-01-17,20.0,20.04999923706055,19.67000007629395,19.78000068664551,3870.0,0.0,0.0,
2020-01-20,19.98999977111816,20.04999923706055,19.79999923706055,19.98999977111816,1610.0,0.0,0.0,
2020-01-21,19.89999961853027,19.98999977111816,19.67000007629395,19.82999992370605,3836.0,0.0,0.0,
2020-01-22,19.79999923706055,19.96999931335449,19.70000076293945,19.95000076293945,358.0,0.0,0.0,
2020-01-23,19.85000038146973,19.95999908447266,19.76000022888184,19.79000091552734,281.0,0.0,0.0,
2020-01-24,19.79999923706055,19.98999977111816,19.79999923706055,19.95000076293945,567.0,0.0,0.0,
2020-01-27,19.98999977111816,19.98999977111816,19.76000022888184,19.95999908447266,905.0,0.0,0.0,
2020-01-28,20.0,20.0,19.70000076293945,19.75,10451.0,0.0,0.0,
2020-01-29,20.5,20.5,19.6299991607666,19.64999961853027,4939.0,0.0,0.0,
2020-01-30,20.38999938964844,20.5,17.60000038146973,18.98999977111816,108848.0,0.0,0.0,
2020-01-31,19.5,19.5,18.60000038146973,18.94000053405762,6707.0,0.0,0.0,
2020-02-03,21.79999923706055,21.79999923706055,18.68000030517578,19.43000030517578,39357.0,0.0,0.0,
2020-02-04,19.73999977111816,19.76000022888184,18.32999992370605,19.40999984741211,15245.0,0.0,0.0,
2020-02-05,19.75,19.86000061035156,19.5,19.79000091552734,1391.0,0.0,0.0,
2020-02-06,20.8700008392334,20.8700008392334,19.25,19.85000038146973,27695.0,0.0,0.0,
2020-02-07,20.39999961853027,20.39999961853027,19.75,19.92000007629395,1868.0,0.0,0.0,
2020-02-10,20.0,20.39999961853027,20.0,20.06999969482422,2995.0,0.0,0.0,
2020-02-11,20.0,20.29999923706055,19.82999992370605,19.8799991607666,9457.0,0.0,0.0,
2020-02-12,20.20000076293945,20.5,19.20000076293945,19.95000076293945,1671.0,0.0,0.0,
2020-02-13,19.89999961853027,20.15999984741211,19.85000038146973,19.89999961853027,994.0,0.0,0.0,
2020-02-14,20.0,20.14999961853027,19.70999908447266,19.82999992370605,284.0,0.0,0.0,
2020-02-17,20.20000076293945,21.10000038146973,20.0,20.3799991607666,24009.0,0.0,0.0,
2020-02-18,20.20000076293945,20.3799991607666,19.81999969482422,19.84000015258789,935.0,0.0,0.0,
2020-02-19,20.60000038146973,20.60000038146973,19.79999923706055,20.21999931335449,1674.0,0.0,0.0,
2020-02-20,20.0,20.89999961853027,20.0,20.59000015258789,26315.0,0.0,0.0,
2020-02-24,20.98999977111816,20.98999977111816,20.20000076293945,20.5,1810.0,0.0,0.0,
2020-02-25,20.20000076293945,20.70000076293945,20.10000038146973,20.48999977111816,1178.0,0.0,0.0,
2020-02-26,20.20000076293945,20.79999923706055,20.01000022888184,20.44000053405762,1362.0,0.0,0.0,
2020-02-27,20.20999908447266,20.48999977111816,20.20000076293945,20.23999977111816,820.0,0.0,0.0,
2020-02-28,19.15999984741211,20.5,19.15999984741211,20.45000076293945,1713.0,0.0,0.0,
2020-03-02,19.25,20.97999954223633,19.0,19.65999984741211,14520.0,0.0,0.0,
2020-03-03,20.70000076293945,20.70000076293945,19.29999923706055,19.71999931335449,20308.0,0.0,0.0,
2020-03-04,20.20000076293945,20.38999938964844,19.6200008392334,19.94000053405762,13492.0,0.0,0.0,
2020-03-05,19.29999923706055,20.5,19.29999923706055,19.95000076293945,13386.0,0.0,0.0,
2020-03-06,19.93000030517578,21.70000076293945,18.75,20.86000061035156,21274.0,0.0,0.0,
2020-03-09,21.69000053405762,21.69000053405762,19.5,20.53000068664551,5386.0,0.0,0.0,
2020-03-11,21.60000038146973,21.60000038146973,19.20000076293945,20.56999969482422,16233.0,0.0,0.0,
2020-03-12,19.21999931335449,21.0,19.21999931335449,20.90999984741211,9789.0,0.0,0.0,
2020-03-13,21.47999954223633,21.47999954223633,19.39999961853027,20.84000015258789,9511.0,0.0,0.0,
2020-03-16,20.84000015258789,21.68000030517578,19.60000038146973,20.90999984741211,10333.0,0.0,0.0,
2020-03-17,19.39999961853027,21.39999961853027,19.39999961853027,20.04000091552734,3606.0,0.0,0.0,
2020-03-18,21.0,21.0,18.1200008392334,20.14999961853027,24732.0,0.0,0.0,
2020-03-19,19.79999923706055,21.0,19.20000076293945,20.67000007629395,3454.0,0.0,0.0,
2020-03-20,20.70000076293945,21.38999938964844,19.53000068664551,20.22999954223633,3461.0,0.0,0.0,
2020-03-23,20.03000068664551,20.5,19.53000068664551,20.11000061035156,5320.0,0.0,0.0,
2020-03-24,21.39999961853027,21.39999961853027,20.0,20.82999992370605,3094.0,0.0,0.0,
2020-03-25,19.60000038146973,21.0,19.60000038146973,20.54999923706055,2674.0,0.0,0.0,
2020-03-26,20.0,21.46999931335449,20.0,21.19000053405762,1252.0,0.0,0.0,
2020-03-27,21.10000038146973,21.10000038146973,20.14999961853027,21.0,7819.0,0.0,0.0,
2020-03-30,21.68000030517578,24.5,19.53000068664551,22.39999961853027,39485.0,0.0,0.0,
2020-03-31,23.0,23.70000076293945,20.20000076293945,21.82999992370605,29133.0,0.0,0.0,
2020-04-01,21.0,23.0,21.0,22.92000007629395,9859.0,0.0,0.0,
2020-04-03,22.14999961853027,22.98999977111816,22.0,22.10000038146973,4879.0,0.0,0.0,
2020-04-07,23.0,24.39999961853027,22.0,22.45000076293945,9228.0,0.0,0.0,
2020-04-08,23.75,23.79999923706055,21.20000076293945,22.0,25408.0,0.0,0.0,
2020-04-09,24.39999961853027,24.39999961853027,21.61000061035156,22.79999923706055,15941.0,0.0,0.0,
2020-04-13,24.38999938964844,24.38999938964844,21.70000076293945,22.21999931335449,14892.0,0.0,0.0,
2020-04-15,21.8799991607666,22.70000076293945,21.5,21.71999931335449,10794.0,0.0,0.0,
2020-04-16,21.71999931335449,22.98999977111816,21.71999931335449,22.25,9821.0,0.0,0.0,
2020-04-17,24.54000091552734,24.54000091552734,21.77000045776367,21.98999977111816,22226.0,0.0,0.0,
2020-04-20,22.0,22.98999977111816,20.80999946594238,21.60000038146973,19279.0,0.0,0.0,
2020-04-21,20.79999923706055,22.5,20.0,21.59000015258789,17251.0,0.0,0.0,
2020-04-22,22.20000076293945,22.47999954223633,21.04999923706055,21.79000091552734,1622.0,0.0,0.0,
2020-04-23,22.20000076293945,22.48999977111816,21.53000068664551,22.25,8368.0,0.0,0.0,
2020-04-24,22.79999923706055,22.79999923706055,21.0,22.36000061035156,8565.0,0.0,0.0,
2020-04-27,23.79999923706055,23.79999923706055,21.15999984741211,21.79000091552734,14256.0,0.0,0.0,
2020-04-28,22.14999961853027,22.71999931335449,21.31999969482422,22.17000007629395,9307.0,0.0,0.0,
2020-04-29,21.04999923706055,22.79999923706055,21.04999923706055,21.95000076293945,4163.0,0.0,0.0,
2020-04-30,22.98999977111816,22.98999977111816,21.61000061035156,22.35000038146973,10005.0,0.0,0.0,
2020-05-04,22.97999954223633,22.97999954223633,21.86000061035156,22.13999938964844,85103.0,0.0,0.0,
2020-05-05,24.47999954223633,24.47999954223633,21.04999923706055,21.59000015258789,9989.0,0.0,0.0,
2020-05-06,21.20999908447266,22.47999954223633,21.20999908447266,22.07999992370605,8037.0,0.0,0.0,
2020-05-07,21.3700008392334,22.88999938964844,21.3700008392334,21.82999992370605,20207.0,0.0,0.0,
2020-05-08,21.82999992370605,21.82999992370605,18.55999946594238,21.20999908447266,25705.0,0.0,0.0,
2020-05-11,23.5,23.5,21.20999908447266,21.45999908447266,25133.0,0.0,0.0,
2020-05-12,21.47999954223633,21.95999908447266,21.0,21.81999969482422,6232.0,0.0,0.0,
2020-05-13,21.81999969482422,21.8799991607666,21.36000061035156,21.60000038146973,2900.0,0.0,0.0,
2020-05-14,21.97999954223633,21.97999954223633,21.36000061035156,21.73999977111816,1845.0,0.0,0.0,
2020-05-15,22.82999992370605,22.82999992370605,21.29999923706055,22.19000053405762,9719.0,0.0,0.0,
2020-05-18,22.0,22.79999923706055,21.39999961853027,21.90999984741211,10796.0,0.0,0.0,
2020-05-19,22.89999961853027,22.89999961853027,21.53000068664551,21.76000022888184,3578.0,0.0,0.0,
2020-05-20,22.96999931335449,22.96999931335449,21.21999931335449,21.79000091552734,2500.0,0.0,0.0,
2020-05-21,22.48999977111816,22.48999977111816,21.75,21.97999954223633,579.0,0.0,0.0,
2020-05-22,21.85000038146973,22.98999977111816,21.85000038146973,22.48999977111816,16590.0,0.0,0.0,
2020-05-26,20.11000061035156,23.0,20.11000061035156,22.25,1243.0,0.0,0.0,
2020-05-27,22.70000076293945,22.70000076293945,22.25,22.54000091552734,1237.0,0.0,0.0,
2020-05-28,22.70000076293945,22.70000076293945,22.10000038146973,22.47999954223633,3401.0,0.0,0.0,
2020-05-29,22.11000061035156,22.5,22.11000061035156,22.25,235.0,0.0,0.0,
2020-06-01,22.05999946594238,23.39999961853027,22.0,23.21999931335449,53228.0,0.0,0.0,
2020-06-02,23.11000061035156,23.44000053405762,23.04999923706055,23.34000015258789,6542.0,0.0,0.0,
2020-06-03,23.39999961853027,24.14999961853027,22.60000038146973,22.70000076293945,16764.0,0.0,0.0,
2020-06-04,23.29999923706055,23.38999938964844,22.80999946594238,23.28000068664551,2470.0,0.0,0.0,
2020-06-05,23.60000038146973,23.60000038146973,22.51000022888184,23.46999931335449,29212.0,0.0,0.0,
2020-06-08,23.46999931335449,25.5,23.46999931335449,23.86000061035156,35398.0,0.0,0.0,
2020-06-09,23.75,24.0,22.82999992370605,23.92000007629395,15435.0,0.0,0.0,
2020-06-10,23.92000007629395,23.95000076293945,22.1299991607666,23.75,14722.0,0.0,0.0,
2020-06-11,24.19000053405762,24.64999961853027,23.5,24.34000015258789,5871.0,0.0,0.0,
2020-06-12,21.39999961853027,23.89999961853027,21.29999923706055,23.13999938964844,63039.0,0.0,0.0,
2020-06-15,23.35000038146973,23.70000076293945,22.79999923706055,22.98999977111816,22276.0,0.0,0.0,
2020-06-16,23.92000007629395,23.94000053405762,21.0,22.09000015258789,44727.0,0.0,0.0,
2020-06-17,22.26000022888184,22.46999931335449,22.10000038146973,22.20999908447266,1833.0,0.0,0.0,
2020-06-18,22.95000076293945,22.95000076293945,21.20999908447266,22.04000091552734,8984.0,0.0,0.0,
2020-06-19,22.14999961853027,22.70000076293945,21.48999977111816,21.8799991607666,26378.0,0.0,0.0,
2020-06-22,21.63999938964844,22.65999984741211,21.29999923706055,21.90999984741211,11568.0,0.0,0.0,
2020-06-23,22.43000030517578,22.43000030517578,21.52000045776367,21.70000076293945,9031.0,0.0,0.0,
2020-06-24,21.70000076293945,22.06999969482422,21.14999961853027,21.63999938964844,11774.0,0.0,0.0,
2020-06-25,21.63999938964844,21.89999961853027,21.29999923706055,21.6200008392334,4347.0,0.0,0.0,
2020-06-26,22.0,22.0,21.5,21.55999946594238,3938.0,0.0,0.0,
2020-06-29,20.39999961853027,21.54999923706055,20.39999961853027,21.11000061035156,78795.0,0.0,0.0,
2020-06-30,21.39999961853027,21.70000076293945,20.72999954223633,21.40999984741211,11802.0,0.0,0.0,
2020-07-01,21.46999931335449,21.46999931335449,20.39999961853027,21.29000091552734,12252.0,0.0,0.0,
2020-07-02,20.89999961853027,21.38999938964844,20.70999908447266,21.11000061035156,7633.0,0.0,0.0,
2020-07-03,20.89999961853027,21.47999954223633,20.20999908447266,21.28000068664551,28463.0,0.0,0.0,
2020-07-06,21.28000068664551,22.3799991607666,21.14999961853027,21.52000045776367,5618.0,0.0,0.0,
2020-07-07,21.8799991607666,22.3799991607666,21.29999923706055,22.13999938964844,67859.0,0.0,0.0,
2020-07-08,22.13999938964844,22.38999938964844,21.40999984741211,22.0,10809.0,0.0,0.0,
2020-07-09,22.3799991607666,22.5,21.89999961853027,22.15999984741211,13691.0,0.0,0.0,
2020-07-10,22.3799991607666,22.42000007629395,21.92000007629395,22.20000076293945,8294.0,0.0,0.0,
2020-07-13,22.0,22.47999954223633,21.31999969482422,22.01000022888184,15013.0,0.0,0.0,
2020-07-14,21.98999977111816,22.02000045776367,21.67000007629395,21.93000030517578,2770.0,0.0,0.0,
2020-07-15,21.72999954223633,21.92000007629395,21.6299991607666,21.69000053405762,5750.0,0.0,0.0,
2020-07-16,21.95000076293945,22.19000053405762,21.59000015258789,22.09000015258789,5254.0,0.0,0.0,
2020-07-17,22.19000053405762,22.47999954223633,21.95000076293945,22.1200008392334,9822.0,0.0,0.0,
2020-07-20,21.90999984741211,22.95000076293945,21.40999984741211,21.80999946594238,19068.0,0.0,0.0,
2020-07-21,22.0,22.18000030517578,21.70000076293945,21.77000045776367,3444.0,0.0,0.0,
2020-07-22,22.07999992370605,22.3799991607666,21.70000076293945,22.20000076293945,3844.0,0.0,0.0,
2020-07-23,22.28000068664551,22.31999969482422,21.90999984741211,22.15999984741211,3282.0,0.0,0.0,
2020-07-24,21.79999923706055,22.29000091552734,21.79999923706055,22.07999992370605,2813.0,0.0,0.0,
2020-07-27,22.18000030517578,22.75,21.75,22.0,31630.0,0.0,0.0,
2020-07-28,22.0,22.19000053405762,21.77000045776367,21.84000015258789,7782.0,0.0,0.0,
2020-07-29,22.0,22.18000030517578,21.69000053405762,21.80999946594238,7689.0,0.0,0.0,
2020-07-30,21.79999923706055,22.14999961853027,21.71999931335449,21.75,4424.0,0.0,0.0,
2020-07-31,21.75,22.0,21.71999931335449,21.97999954223633,1972.0,0.0,0.0,
2020-08-03,22.09000015258789,22.10000038146973,21.79999923706055,22.0,10473.0,0.0,0.0,
2020-08-04,22.10000038146973,22.19000053405762,21.80999946594238,22.1200008392334,6272.0,0.0,0.0,
2020-08-05,21.81999969482422,22.1200008392334,21.70999908447266,21.90999984741211,12119.0,0.0,0.0,
2020-08-06,21.79999923706055,22.23999977111816,21.77000045776367,21.89999961853027,11509.0,0.0,0.0,
2020-08-07,21.89999961853027,22.04000091552734,21.81999969482422,21.94000053405762,15883.0,0.0,0.0,
2020-08-10,21.79999923706055,21.97999954223633,21.03000068664551,21.29000091552734,81247.0,0.0,0.0,
2020-08-11,21.59000015258789,21.59000015258789,21.03000068664551,21.31999969482422,18818.0,0.0,0.0,
2020-08-12,21.79000091552734,21.79000091552734,21.23999977111816,21.68000030517578,3318.0,0.0,0.0,
2020-08-13,21.68000030517578,21.70000076293945,21.13999938964844,21.3799991607666,11147.0,0.0,0.0,
2020-08-14,21.60000038146973,21.67000007629395,21.32999992370605,21.34000015258789,4816.0,0.0,0.0,
2020-08-17,21.54999923706055,21.54999923706055,21.13999938964844,21.3799991607666,12264.0,0.0,0.0,
2020-08-18,21.54999923706055,21.70000076293945,21.46999931335449,21.54000091552734,9597.0,0.0,0.0,
2020-08-19,21.5,21.69000053405762,21.26000022888184,21.27000045776367,1758.0,0.0,0.0,
2020-08-20,21.8700008392334,21.8700008392334,21.1200008392334,21.54999923706055,9548.0,0.0,0.0,
2020-08-21,21.54999923706055,21.69000053405762,21.30999946594238,21.48999977111816,3208.0,0.0,0.0,
2020-08-24,21.64999961853027,21.64999961853027,21.10000038146973,21.15999984741211,7955.0,0.0,0.0,
2020-08-25,21.64999961853027,21.64999961853027,21.01000022888184,21.1299991607666,10521.0,0.0,0.0,
2020-08-26,21.45000076293945,21.45000076293945,21.04999923706055,21.20999908447266,4129.0,0.0,0.0,
2020-08-27,21.56999969482422,21.56999969482422,20.85000038146973,20.95999908447266,24626.0,0.0,0.0,
2020-08-28,20.95999908447266,21.28000068664551,20.90999984741211,20.95000076293945,15747.0,0.0,0.0,
2020-08-31,21.3799991607666,21.3799991607666,20.95000076293945,20.95000076293945,25958.0,0.0,0.0,
2020-09-01,20.95999908447266,21.27000045776367,20.95000076293945,21.22999954223633,44579.0,0.0,0.0,
2020-09-02,21.57999992370605,21.57999992370605,21.21999931335449,21.35000038146973,7572.0,0.0,0.0,
2020-09-03,21.56999969482422,21.56999969482422,21.02000045776367,21.47999954223633,3585.0,0.0,0.0,
2020-09-04,21.22999954223633,21.47999954223633,21.20999908447266,21.20999908447266,8144.0,0.0,0.0,
2020-09-07,21.20000076293945,21.54999923706055,21.20000076293945,21.21999931335449,4325.0,0.0,0.0,
2020-09-08,21.20999908447266,21.44000053405762,21.20999908447266,21.40999984741211,4099.0,0.0,0.0,
2020-09-09,21.43000030517578,21.43000030517578,21.0,21.05999946594238,4374.0,0.0,0.0,
2020-09-10,21.20000076293945,21.5,21.10000038146973,21.20000076293945,12863.0,0.0,0.0,
2020-09-11,21.25,21.25,21.03000068664551,21.10000038146973,379.0,0.0,0.0,
2020-09-14,21.3799991607666,21.3799991607666,21.04000091552734,21.19000053405762,5067.0,0.0,0.0,
2020-09-15,21.23999977111816,21.25,20.95999908447266,20.96999931335449,9167.0,0.0,0.0,
2020-09-16,21.3700008392334,21.3700008392334,21.0,21.0,5811.0,0.0,0.0,
2020-09-17,21.22999954223633,21.25,20.95999908447266,21.23999977111816,2692.0,0.0,0.0,
2020-09-18,21.23999977111816,21.23999977111816,20.97999954223633,21.14999961853027,4238.0,0.0,0.0,
2020-09-21,21.14999961853027,21.21999931335449,20.98999977111816,21.01000022888184,1524.0,0.0,0.0,
2020-09-22,20.97999954223633,21.29999923706055,20.97999954223633,21.14999961853027,18281.0,0.0,0.0,
2020-09-23,21.3799991607666,21.38999938964844,20.32999992370605,20.8799991607666,19911.0,0.0,0.0,
2020-09-24,20.80999946594238,21.28000068664551,20.80999946594238,21.26000022888184,5714.0,0.0,0.0,
2020-09-25,21.26000022888184,21.30999946594238,20.92000007629395,21.07999992370605,653.0,0.0,0.0,
2020-09-28,21.27000045776367,21.27000045776367,20.84000015258789,20.98999977111816,3349.0,0.0,0.0,
2020-09-29,20.8700008392334,21.25,20.8700008392334,21.11000061035156,1418.0,0.0,0.0,
2020-09-30,21.27000045776367,21.27000045776367,20.92000007629395,21.19000053405762,2530.0,0.0,0.0,
2020-10-01,21.26000022888184,21.29000091552734,20.89999961853027,21.11000061035156,3436.0,0.0,0.0,
2020-10-05,21.38999938964844,21.38999938964844,20.95000076293945,21.31999969482422,7325.0,0.0,0.0,
2020-10-06,21.09000015258789,21.45999908447266,21.04000091552734,21.34000015258789,2969.0,0.0,0.0,
2020-10-07,21.19000053405762,21.44000053405762,21.19000053405762,21.44000053405762,4205.0,0.0,0.0,
2020-10-08,21.21999931335449,21.48999977111816,21.21999931335449,21.30999946594238,1267.0,0.0,0.0,
2020-10-09,21.31999969482422,21.46999931335449,21.21999931335449,21.30999946594238,1814.0,0.0,0.0,
2020-10-12,21.54999923706055,21.84000015258789,21.26000022888184,21.70000076293945,20735.0,0.0,0.0,
2020-10-13,21.53000068664551,21.78000068664551,21.35000038146973,21.64999961853027,10048.0,0.0,0.0,
2020-10-14,21.43000030517578,21.78000068664551,21.43000030517578,21.60000038146973,8027.0,0.0,0.0,
2020-10-15,21.45999908447266,21.73999977111816,21.45999908447266,21.72999954223633,5490.0,0.0,0.0,
2020-10-16,21.73999977111816,22.14999961853027,21.60000038146973,21.81999969482422,11591.0,0.0,0.0,
2020-10-19,22.14999961853027,22.14999961853027,21.52000045776367,21.79000091552734,2276.0,0.0,0.0,
2020-10-20,21.8799991607666,21.88999938964844,21.57999992370605,21.6299991607666,1616.0,0.0,0.0,
2020-10-21,21.88999938964844,21.88999938964844,21.51000022888184,21.78000068664551,13498.0,0.0,0.0,
2020-10-22,21.35000038146973,21.8799991607666,21.35000038146973,21.79000091552734,31396.0,0.0,0.0,
2020-10-23,21.8799991607666,21.8799991607666,21.61000061035156,21.78000068664551,5511.0,0.0,0.0,
2020-10-26,21.8700008392334,21.8799991607666,21.65999984741211,21.76000022888184,1916.0,0.0,0.0,
2020-10-27,21.75,21.85000038146973,21.6200008392334,21.65999984741211,6745.0,0.0,0.0,
2020-10-28,21.98999977111816,21.98999977111816,21.56999969482422,21.72999954223633,648.0,0.0,0.0,
2020-10-29,21.57999992370605,21.8799991607666,21.57999992370605,21.57999992370605,1258.0,0.0,0.0,
2020-10-30,21.84000015258789,21.84000015258789,21.53000068664551,21.6200008392334,2156.0,0.0,0.0,
2020-11-02,21.98999977111816,21.98999977111816,21.56999969482422,21.69000053405762,2910.0,0.0,0.0,
2020-11-03,21.84000015258789,21.84000015258789,21.55999946594238,21.6299991607666,844.0,0.0,0.0,
2020-11-04,21.79000091552734,21.79000091552734,21.60000038146973,21.68000030517578,1148.0,0.0,0.0,
2020-11-05,21.52000045776367,21.78000068664551,21.39999961853027,21.65999984741211,5575.0,0.0,0.0,
2020-11-06,21.79999923706055,21.81999969482422,21.54000091552734,21.69000053405762,1267.0,0.0,0.0,
2020-11-09,22.47999954223633,22.47999954223633,21.54999923706055,21.72999954223633,3461.0,0.0,0.0,
2020-11-10,21.56999969482422,21.78000068664551,21.48999977111816,21.71999931335449,2575.0,0.0,0.0,
2020-11-11,21.52000045776367,21.73999977111816,21.42000007629395,21.67000007629395,3408.0,0.0,0.0,
2020-11-12,21.5,21.77000045776367,21.45000076293945,21.73999977111816,10683.0,0.0,0.0,
2020-11-13,21.76000022888184,21.77000045776367,21.46999931335449,21.5,1699.0,0.0,0.0,
2020-11-14,21.77000045776367,21.79999923706055,21.40999984741211,21.75,811.0,0.0,0.0,
2020-11-17,21.78000068664551,21.78000068664551,21.45999908447266,21.6200008392334,4931.0,0.0,0.0,
2020-11-18,21.6200008392334,21.75,21.48999977111816,21.5,2441.0,0.0,0.0,
2020-11-19,21.69000053405762,21.70000076293945,21.0,21.23999977111816,52632.0,0.0,0.0,
2020-11-20,21.47999954223633,21.79999923706055,21.20000076293945,21.75,19437.0,0.0,0.0,
2020-11-23,21.81999969482422,21.81999969482422,21.52000045776367,21.70000076293945,4786.0,0.0,0.0,
2020-11-24,21.77000045776367,21.78000068664551,21.53000068664551,21.6299991607666,5676.0,0.0,0.0,
2020-11-25,21.60000038146973,21.84000015258789,21.56999969482422,21.81999969482422,3123.0,0.0,0.0,
2020-11-26,21.81999969482422,21.85000038146973,21.67000007629395,21.82999992370605,3180.0,0.0,0.0,
2020-11-27,21.8799991607666,21.95999908447266,21.57999992370605,21.89999961853027,94054.0,0.0,0.0,
2020-12-01,21.97999954223633,21.97999954223633,21.67000007629395,21.92000007629395,12633.0,0.0,0.0,
2020-12-02,21.70000076293945,21.96999931335449,21.65999984741211,21.90999984741211,45377.0,0.0,0.0,
2020-12-03,21.96999931335449,22.0,21.95000076293945,21.95000076293945,8131.0,0.0,0.0,
2020-12-04,22.05999946594238,22.05999946594238,21.79999923706055,21.8700008392334,14507.0,0.0,0.0,
2020-12-07,22.0,23.34000015258789,21.76000022888184,22.48999977111816,220114.0,0.0,0.0,
2020-12-08,22.5,22.88999938964844,22.0,22.39999961853027,17267.0,0.0,0.0,
2020-12-09,23.38999938964844,23.38999938964844,21.84000015258789,22.05999946594238,18795.0,0.0,0.0,
2020-12-10,22.71999931335449,22.71999931335449,21.76000022888184,22.1299991607666,14017.0,0.0,0.0,
2020-12-11,22.79000091552734,22.79000091552734,22.0,22.18000030517578,11679.0,0.0,0.0,
2020-12-14,22.84000015258789,22.84000015258789,21.76000022888184,22.29999923706055,5357.0,0.0,0.0,
2020-12-15,22.95999908447266,22.95999908447266,22.01000022888184,22.10000038146973,61944.0,0.0,0.0,
2020-12-16,22.60000038146973,22.79999923706055,22.10000038146973,22.11000061035156,26683.0,0.0,0.0,
2020-12-17,22.38999938964844,22.38999938964844,22.0,22.03000068664551,8732.0,0.0,0.0,
2020-12-18,22.57999992370605,22.57999992370605,21.89999961853027,22.02000045776367,6285.0,0.0,0.0,
2020-12-21,22.11000061035156,22.11000061035156,21.81999969482422,21.85000038146973,15544.0,0.0,0.0,
2020-12-22,22.38999938964844,22.70000076293945,21.6200008392334,22.04999923706055,11915.0,0.0,0.0,
2020-12-23,21.81999969482422,22.25,21.81999969482422,22.06999969482422,3659.0,0.0,0.0,
2020-12-24,22.72999954223633,22.72999954223633,21.79999923706055,21.81999969482422,124945.0,0.0,0.0,
2020-12-28,22.10000038146973,22.10000038146973,21.79999923706055,21.96999931335449,5280.0,0.0,0.0,
2020-12-29,21.81999969482422,22.10000038146973,21.81999969482422,21.97999954223633,7761.0,0.0,0.0,
2020-12-30,22.19000053405762,22.19000053405762,21.98999977111816,22.0,16919.0,0.0,0.0,
2020-12-31,22.26000022888184,22.26000022888184,21.89999961853027,22.04999923706055,11372.0,0.0,0.0,
2021-01-01,22.27000045776367,22.27000045776367,21.93000030517578,22.06999969482422,12686.0,0.0,0.0,
2021-01-04,22.29999923706055,22.29999923706055,21.92000007629395,22.07999992370605,154742.0,0.0,0.0,
2021-01-05,22.09000015258789,22.13999938964844,21.92000007629395,21.98999977111816,15274.0,0.0,0.0,
2021-01-06,22.13999938964844,22.15999984741211,21.94000053405762,22.04999923706055,7032.0,0.0,0.0,
2021-01-07,22.15999984741211,22.15999984741211,21.8700008392334,21.93000030517578,15705.0,0.0,0.0,
2021-01-08,22.1200008392334,22.1200008392334,21.39999961853027,21.92000007629395,38900.0,0.0,0.0,
2021-01-11,22.07999992370605,22.1200008392334,21.95000076293945,21.95999908447266,6611.0,0.0,0.0,
2021-01-12,22.09000015258789,22.09000015258789,21.79999923706055,21.97999954223633,12474.0,0.0,0.0,
2021-01-13,22.1299991607666,22.70000076293945,21.81999969482422,21.92000007629395,25056.0,0.0,0.0,
2021-01-14,22.07999992370605,22.07999992370605,21.67000007629395,21.77000045776367,15241.0,0.0,0.0,
2021-01-15,21.97999954223633,21.97999954223633,21.78000068664551,21.85000038146973,9680.0,0.0,0.0,
2021-01-18,21.95000076293945,22.01000022888184,21.65999984741211,21.8700008392334,5382.0,0.0,0.0,
2021-01-19,22.45000076293945,22.45000076293945,21.82999992370605,21.88999938964844,7116.0,0.0,0.0,
2021-01-20,21.98999977111816,21.98999977111816,21.81999969482422,21.95999908447266,3560.0,0.0,0.0,
2021-01-21,22.05999946594238,22.05999946594238,21.82999992370605,21.90999984741211,13338.0,0.0,0.0,
2021-01-22,22.0,22.0,21.82999992370605,21.94000053405762,1943.0,0.0,0.0,
2021-01-25,22.05999946594238,22.05999946594238,21.81999969482422,21.85000038146973,145413.0,0.0,0.0,
2021-01-27,21.85000038146973,22.05999946594238,21.78000068664551,21.89999961853027,43467.0,0.0,0.0,
2021-01-28,22.01000022888184,22.01000022888184,21.78000068664551,21.88999938964844,22423.0,0.0,0.0,
2021-01-29,21.79999923706055,22.0,21.79999923706055,21.96999931335449,16501.0,0.0,0.0,
2021-02-01,22.0,22.0,21.79000091552734,21.88999938964844,3604.0,0.0,0.0,
2021-02-02,21.88999938964844,21.88999938964844,21.65999984741211,21.86000061035156,12294.0,0.0,0.0,
2021-02-03,21.89999961853027,21.96999931335449,21.43000030517578,21.84000015258789,16722.0,0.0,0.0,
2021-02-04,21.96999931335449,21.96999931335449,21.71999931335449,21.84000015258789,5740.0,0.0,0.0,
2021-02-05,22.48999977111816,22.48999977111816,21.54999923706055,21.70000076293945,23554.0,0.0,0.0,
2021-02-08,21.8799991607666,21.95000076293945,21.56999969482422,21.81999969482422,11573.0,0.0,0.0,
2021-02-09,21.93000030517578,21.93000030517578,21.6200008392334,21.77000045776367,16281.0,0.0,0.0,
2021-02-10,21.8799991607666,21.8799991607666,21.6200008392334,21.77000045776367,11667.0,0.0,0.0,
2021-02-11,21.88999938964844,21.88999938964844,21.65999984741211,21.78000068664551,13440.0,0.0,0.0,
2021-02-12,21.8799991607666,21.8799991607666,21.64999961853027,21.78000068664551,13763.0,0.0,0.0,
2021-02-15,21.02000045776367,21.88999938964844,21.02000045776367,21.82999992370605,14930.0,0.0,0.0,
2021-02-16,21.84000015258789,21.85000038146973,21.71999931335449,21.80999946594238,1923.0,0.0,0.0,
2021-02-17,21.84000015258789,21.84000015258789,21.70000076293945,21.75,834.0,0.0,0.0,
2021-02-18,21.84000015258789,22.02000045776367,21.6299991607666,21.77000045776367,9903.0,0.0,0.0,
2021-02-19,21.84000015258789,21.84000015258789,21.67000007629395,21.79000091552734,1359.0,0.0,0.0,
2021-02-22,21.81999969482422,21.81999969482422,21.63999938964844,21.71999931335449,2395.0,0.0,0.0,
2021-02-23,21.52000045776367,21.79000091552734,21.52000045776367,21.65999984741211,2525.0,0.0,0.0,
2021-02-24,21.55999946594238,22.25,21.55999946594238,21.85000038146973,4086.0,0.0,0.0,
2021-02-25,21.85000038146973,21.85000038146973,21.61000061035156,21.80999946594238,4495.0,0.0,0.0,
2021-02-26,22.45999908447266,22.45999908447266,21.70000076293945,21.8700008392334,1671.0,0.0,0.0,
2021-03-01,22.52000045776367,22.52000045776367,21.42000007629395,21.6200008392334,15140.0,0.0,0.0,
2021-03-02,21.77000045776367,22.03000068664551,21.45000076293945,21.79000091552734,2578.0,0.0,0.0,
2021-03-03,22.0,22.0,21.29999923706055,21.63999938964844,23987.0,0.0,0.0,
2021-03-04,21.73999977111816,22.03000068664551,21.54999923706055,21.8700008392334,8539.0,0.0,0.0,
2021-03-05,21.61000061035156,21.8700008392334,21.31999969482422,21.6299991607666,7607.0,0.0,0.0,
2021-03-08,21.70999908447266,21.70999908447266,21.46999931335449,21.51000022888184,2093.0,0.0,0.0,
2021-03-09,21.5,21.6299991607666,21.5,21.53000068664551,1683.0,0.0,0.0,
2021-03-10,21.53000068664551,21.59000015258789,21.42000007629395,21.54000091552734,2882.0,0.0,0.0,
2021-03-12,21.59000015258789,21.59000015258789,21.31999969482422,21.3700008392334,3880.0,0.0,0.0,
2021-03-15,21.54000091552734,21.55999946594238,21.3700008392334,21.46999931335449,2841.0,0.0,0.0,
2021-03-16,21.57999992370605,21.61000061035156,21.0,21.21999931335449,21826.0,0.0,0.0,
2021-03-17,21.5,21.5,21.15999984741211,21.3700008392334,4759.0,0.0,0.0,
2021-03-18,21.52000045776367,21.54000091552734,21.25,21.48999977111816,3055.0,0.0,0.0,
2021-03-19,21.55999946594238,21.55999946594238,21.3799991607666,21.52000045776367,3520.0,0.0,0.0,
2021-03-22,21.57999992370605,21.57999992370605,21.3799991607666,21.45999908447266,7183.0,0.0,0.0,
2021-03-23,21.45999908447266,21.6200008392334,21.39999961853027,21.56999969482422,3061.0,0.0,0.0,
2021-03-24,21.63999938964844,21.65999984741211,21.45999908447266,21.60000038146973,4536.0,0.0,0.0,
2021-03-25,21.65999984741211,21.65999984741211,21.45999908447266,21.45999908447266,2383.0,0.0,0.0,
2021-03-26,21.63999938964844,21.67000007629395,21.45000076293945,21.65999984741211,8555.0,0.0,0.0,
2021-03-30,21.52000045776367,21.72999954223633,21.52000045776367,21.57999992370605,2681.0,0.0,0.0,
2021-03-31,21.47999954223633,21.65999984741211,21.45000076293945,21.45999908447266,3316.0,0.0,0.0,
2021-04-01,21.63999938964844,21.72999954223633,21.46999931335449,21.68000030517578,13889.0,0.0,0.0,
2021-04-05,22.04999923706055,23.34000015258789,21.54999923706055,21.82999992370605,3282.0,0.0,0.0,
2021-04-06,21.94000053405762,22.29000091552734,21.69000053405762,21.75,3515.0,0.0,0.0,
2021-04-07,21.90999984741211,21.97999954223633,21.63999938964844,21.81999969482422,3978.0,0.0,0.0,
2021-04-08,21.67000007629395,21.97999954223633,21.67000007629395,21.81999969482422,1766.0,0.0,0.0,
2021-04-09,22.45000076293945,22.46999931335449,21.72999954223633,21.77000045776367,1106.0,0.0,0.0,
2021-04-12,22.42000007629395,22.60000038146973,21.60000038146973,21.68000030517578,6938.0,0.0,0.0,
2021-04-13,21.60000038146973,22.04999923706055,21.60000038146973,21.8700008392334,1408.0,0.0,0.0,
2021-04-15,22.04999923706055,22.04999923706055,21.60000038146973,21.60000038146973,7037.0,0.0,0.0,
2021-04-16,21.90999984741211,21.90999984741211,21.51000022888184,21.82999992370605,880.0,0.0,0.0,
2021-04-19,21.92000007629395,22.05999946594238,21.68000030517578,21.81999969482422,15723.0,0.0,0.0,
2021-04-20,21.70999908447266,21.95000076293945,21.70999908447266,21.71999931335449,922.0,0.0,0.0,
2021-04-22,21.94000053405762,21.94000053405762,21.67000007629395,21.93000030517578,2136.0,0.0,0.0,
2021-04-23,21.77000045776367,22.0,21.75,21.78000068664551,2234.0,0.0,0.0,
2021-04-26,21.96999931335449,21.98999977111816,21.70999908447266,21.79000091552734,17694.0,0.0,0.0,
2021-04-27,22.0,22.0,21.71999931335449,21.92000007629395,714.0,0.0,0.0,
2021-04-28,21.97999954223633,21.97999954223633,21.77000045776367,21.92000007629395,1603.0,0.0,0.0,
2021-04-29,21.97999954223633,21.97999954223633,21.75,21.77000045776367,2201.0,0.0,0.0,
2021-04-30,21.95999908447266,21.95999908447266,21.71999931335449,21.90999984741211,1113.0,0.0,0.0,
2021-05-03,21.98999977111816,21.98999977111816,21.70999908447266,21.8799991607666,3345.0,0.0,0.0,
2021-05-04,22.0,22.0,21.73999977111816,21.84000015258789,13919.0,0.0,0.0,
2021-05-05,21.70000076293945,21.97999954223633,21.70000076293945,21.92000007629395,66831.0,0.0,0.0,
2021-05-06,22.04000091552734,22.04000091552734,21.82999992370605,21.8700008392334,2226.0,0.0,0.0,
2021-05-07,21.82999992370605,22.0,21.82999992370605,21.8700008392334,3292.0,0.0,0.0,
2021-05-10,22.48999977111816,22.48999977111816,21.75,21.89999961853027,5018.0,0.0,0.0,
2021-05-11,21.75,22.0,21.75,21.93000030517578,14039.0,0.0,0.0,
2021-05-12,22.44000053405762,22.44000053405762,21.79999923706055,21.95000076293945,12241.0,0.0,0.0,
2021-05-14,22.05999946594238,22.05999946594238,21.78000068664551,21.95000076293945,6594.0,0.0,0.0,
2021-05-17,22.38999938964844,22.38999938964844,21.79999923706055,21.89999961853027,3906.0,0.0,0.0,
2021-05-18,21.81999969482422,22.38999938964844,21.81999969482422,21.94000053405762,3781.0,0.0,0.0,
2021-05-19,22.29000091552734,22.29000091552734,21.86000061035156,21.92000007629395,2939.0,0.0,0.0,
2021-05-20,22.04000091552734,22.04000091552734,21.84000015258789,21.92000007629395,20310.0,0.0,0.0,
2021-05-21,21.84000015258789,22.04999923706055,21.84000015258789,21.88999938964844,2940.0,0.0,0.0,
2021-05-24,20.82999992370605,22.35000038146973,20.82999992370605,22.04999923706055,9424.0,0.0,0.0,
2021-05-25,22.04999923706055,22.14999961853027,21.8700008392334,22.07999992370605,2114.0,0.0,0.0,
2021-05-26,22.0,22.0,21.39999961853027,21.97999954223633,2726.0,0.0,0.0,
2021-05-27,21.85000038146973,22.0,21.85000038146973,21.98999977111816,25264.0,0.0,0.0,
2021-05-28,21.86000061035156,22.35000038146973,21.86000061035156,21.95999908447266,4805.0,0.0,0.0,
2021-05-31,22.04000091552734,22.04000091552734,21.86000061035156,21.98999977111816,2312.0,0.0,0.0,
2021-06-01,21.98999977111816,21.98999977111816,21.79999923706055,21.97999954223633,8105.0,0.0,0.0,
2021-06-02,21.98999977111816,22.89999961853027,21.77000045776367,22.02000045776367,39797.0,0.0,0.0,
2021-06-03,22.0,22.14999961853027,21.95999908447266,22.01000022888184,4477.0,0.0,0.0,
2021-06-04,21.90999984741211,22.14999961853027,21.90999984741211,21.95000076293945,17676.0,0.0,0.0,
2021-06-07,22.1299991607666,22.1299991607666,21.88999938964844,21.95999908447266,14645.0,0.0,0.0,
2021-06-08,22.35000038146973,22.35000038146973,21.89999961853027,22.14999961853027,5989.0,0.0,0.0,
2021-06-09,22.14999961853027,22.20999908447266,22.04000091552734,22.07999992370605,24801.0,0.0,0.0,
2021-06-10,21.95000076293945,22.20000076293945,21.70000076293945,21.97999954223633,12193.0,0.0,0.0,
2021-06-11,22.19000053405762,22.19000053405762,21.89999961853027,22.04000091552734,15980.0,0.0,0.0,
2021-06-14,22.47999954223633,22.47999954223633,21.92000007629395,22.02000045776367,8785.0,0.0,0.0,
2021-06-15,22.19000053405762,22.19000053405762,21.89999961853027,22.02000045776367,13147.0,0.0,0.0,
2021-06-16,22.02000045776367,22.14999961853027,21.90999984741211,22.04999923706055,2978.0,0.0,0.0,
2021-06-17,22.04999923706055,22.17000007629395,21.78000068664551,22.04000091552734,4273.0,0.0,0.0,
2021-06-18,22.1200008392334,22.13999938964844,21.80999946594238,22.06999969482422,4985.0,0.0,0.0,
2021-06-21,22.14999961853027,22.14999961853027,21.8799991607666,22.04999923706055,12262.0,0.0,0.0,
2021-06-22,22.13999938964844,22.13999938964844,21.89999961853027,22.04999923706055,4484.0,0.0,0.0,
2021-06-23,22.1299991607666,22.1299991607666,21.96999931335449,22.01000022888184,1560.0,0.0,0.0,
2021-06-24,22.1299991607666,22.1299991607666,21.90999984741211,22.11000061035156,2030.0,0.0,0.0,
2021-06-25,22.14999961853027,22.14999961853027,21.95000076293945,22.0,2737.0,0.0,0.0,
2021-06-28,21.90999984741211,22.1299991607666,21.90999984741211,22.0,3937.0,0.0,0.0,
2021-06-29,22.1200008392334,22.1200008392334,21.97999954223633,22.02000045776367,2162.0,0.0,0.0,
2021-06-30,22.1299991607666,22.1299991607666,21.95999908447266,22.07999992370605,1452.0,0.0,0.0,
2021-07-01,22.1200008392334,22.13999938964844,21.47999954223633,22.02000045776367,13043.0,0.0,0.0,
2021-07-02,22.1299991607666,22.1299991607666,21.96999931335449,22.02000045776367,4775.0,0.0,0.0,
2021-07-05,22.02000045776367,22.1200008392334,21.94000053405762,22.01000022888184,6092.0,0.0,0.0,
2021-07-06,21.94000053405762,22.13999938964844,21.94000053405762,22.0,3884.0,0.0,0.0,
2021-07-07,22.09000015258789,22.09000015258789,21.77000045776367,21.89999961853027,3294.0,0.0,0.0,
2021-07-08,21.80999946594238,22.09000015258789,21.80999946594238,22.0,5775.0,0.0,0.0,
2021-07-09,22.11000061035156,22.11000061035156,21.84000015258789,21.93000030517578,2300.0,0.0,0.0,
2021-07-12,22.07999992370605,22.1200008392334,21.84000015258789,22.01000022888184,7610.0,0.0,0.0,
2021-07-13,22.07999992370605,22.07999992370605,21.89999961853027,22.02000045776367,3079.0,0.0,0.0,
2021-07-14,22.07999992370605,22.09000015258789,21.89999961853027,22.0,4703.0,0.0,0.0,
2021-07-15,22.04999923706055,22.10000038146973,21.79999923706055,21.94000053405762,9406.0,0.0,0.0,
2021-07-16,21.89999961853027,22.10000038146973,21.89999961853027,22.04000091552734,5023.0,0.0,0.0,
2021-07-19,22.04000091552734,22.10000038146973,21.8799991607666,21.89999961853027,5762.0,0.0,0.0,
2021-07-20,22.09000015258789,22.09000015258789,21.86000061035156,21.90999984741211,3314.0,0.0,0.0,
2021-07-22,22.09000015258789,22.09000015258789,21.88999938964844,22.07999992370605,2802.0,0.0,0.0,
2021-07-23,21.90999984741211,22.47999954223633,21.90999984741211,22.1299991607666,12611.0,0.0,0.0,
2021-07-26,22.1299991607666,22.1299991607666,21.92000007629395,21.95000076293945,1727.0,0.0,0.0,
2021-07-27,21.95000076293945,22.39999961853027,21.90999984741211,22.14999961853027,16557.0,0.0,0.0,
2021-07-28,22.17000007629395,22.5,21.94000053405762,22.32999992370605,10737.0,0.0,0.0,
2021-07-29,22.32999992370605,22.32999992370605,22.0,22.04000091552734,2053.0,0.0,0.0,
2021-07-30,21.94000053405762,22.19000053405762,21.89999961853027,22.01000022888184,13631.0,0.0,0.0,
2021-08-02,22.01000022888184,22.01000022888184,21.88999938964844,21.93000030517578,1572.0,0.0,0.0,
2021-08-03,21.90999984741211,22.10000038146973,21.89999961853027,21.96999931335449,1634.0,0.0,0.0,
2021-08-04,22.09000015258789,22.09000015258789,21.89999961853027,22.07999992370605,1418.0,0.0,0.0,
2021-08-05,22.09000015258789,22.09000015258789,21.90999984741211,22.07999992370605,1613.0,0.0,0.0,
2021-08-06,22.52000045776367,22.52000045776367,21.93000030517578,22.05999946594238,1684.0,0.0,0.0,
2021-08-09,22.05999946594238,22.05999946594238,21.90999984741211,21.96999931335449,943.0,0.0,0.0,
2021-08-10,21.95999908447266,22.09000015258789,21.90999984741211,22.06999969482422,1638.0,0.0,0.0,
2021-08-11,22.5,22.5,21.70000076293945,21.97999954223633,1071.0,0.0,0.0,
2021-08-12,22.0,22.10000038146973,21.89999961853027,22.0,1086.0,0.0,0.0,
2021-08-13,21.90999984741211,22.1200008392334,21.90999984741211,22.01000022888184,1493.0,0.0,0.0,
2021-08-16,22.10000038146973,22.10000038146973,21.89999961853027,22.06999969482422,2405.0,0.0,0.0,
2021-08-17,22.11000061035156,22.11000061035156,21.93000030517578,22.04000091552734,914.0,0.0,0.0,
2021-08-18,22.07999992370605,22.07999992370605,21.94000053405762,22.0,497.0,0.0,0.0,
2021-08-20,21.95000076293945,22.1299991607666,21.95000076293945,22.09000015258789,4591.0,0.0,0.0,
2021-08-23,22.14999961853027,22.14999961853027,21.95000076293945,22.07999992370605,2098.0,0.0,0.0,
2021-08-24,22.07999992370605,22.15999984741211,21.95000076293945,21.97999954223633,979.0,0.0,0.0,
2021-08-25,22.14999961853027,22.14999961853027,21.95000076293945,22.0,17383.0,0.0,0.0,
2021-08-26,22.13999938964844,22.13999938964844,21.94000053405762,22.11000061035156,5019.0,0.0,0.0,
2021-08-27,22.0,22.14999961853027,21.95000076293945,22.06999969482422,6416.0,0.0,0.0,
2021-08-30,22.06999969482422,22.14999961853027,21.95999908447266,21.98999977111816,1239.0,0.0,0.0,
2021-08-31,22.14999961853027,22.14999961853027,21.95999908447266,21.98999977111816,7839.0,0.0,0.0,
2021-09-01,22.15999984741211,22.15999984741211,21.96999931335449,22.13999938964844,2272.0,0.0,0.0,
2021-09-02,22.20000076293945,22.29000091552734,21.96999931335449,22.17000007629395,12944.0,0.0,0.0,
2021-09-03,22.32999992370605,23.34000015258789,22.0,22.48999977111816,18668.0,0.0,0.0,
2021-09-06,22.48999977111816,23.47999954223633,22.25,22.79000091552734,8918.0,0.0,0.0,
2021-09-07,23.34000015258789,23.34000015258789,22.20000076293945,22.72999954223633,5141.0,0.0,0.0,
2021-09-08,22.70000076293945,22.86000061035156,22.25,22.54999923706055,15120.0,0.0,0.0,
2021-09-09,22.54999923706055,23.0,22.20000076293945,22.53000068664551,12523.0,0.0,0.0,
2021-09-13,22.53000068664551,23.34000015258789,22.29000091552734,22.88999938964844,13066.0,0.0,0.0,
2021-09-14,24.29999923706055,24.29999923706055,22.61000061035156,23.1200008392334,8308.0,0.0,0.0,
2021-09-15,23.1200008392334,23.27000045776367,22.29999923706055,22.72999954223633,18514.0,0.0,0.0,
2021-09-16,23.40999984741211,23.40999984741211,22.10000038146973,22.40999984741211,17373.0,0.0,0.0,
2021-09-17,23.34000015258789,23.34000015258789,22.48999977111816,22.57999992370605,13918.0,0.0,0.0,
2021-09-20,22.10000038146973,23.34000015258789,22.10000038146973,23.22999954223633,14937.0,0.0,0.0,
2021-09-21,22.79999923706055,26.47999954223633,22.63999938964844,23.21999931335449,28241.0,0.0,0.0,
2021-09-22,24.48999977111816,24.48999977111816,22.60000038146973,23.04999923706055,7419.0,0.0,0.0,
2021-09-23,24.38999938964844,24.38999938964844,22.54999923706055,22.75,11241.0,0.0,0.0,
2021-09-24,23.35000038146973,23.35000038146973,22.75,22.81999969482422,8950.0,0.0,0.0,
2021-09-27,23.29999923706055,23.45000076293945,22.5,23.29000091552734,18478.0,0.0,0.0,
2021-09-28,22.54999923706055,23.35000038146973,22.54999923706055,23.10000038146973,16083.0,0.0,0.0,
2021-09-29,23.20000076293945,23.34000015258789,22.63999938964844,23.29000091552734,13328.0,0.0,0.0,
2021-09-30,23.29000091552734,23.32999992370605,22.77000045776367,23.15999984741211,1848.0,0.0,0.0,
2021-10-01,23.34000015258789,23.34000015258789,22.70000076293945,23.1200008392334,12868.0,0.0,0.0,
2021-10-04,23.1200008392334,23.34000015258789,22.85000038146973,23.27000045776367,9765.0,0.0,0.0,
2021-10-05,23.45000076293945,23.45000076293945,22.85000038146973,23.30999946594238,3120.0,0.0,0.0,
2021-10-06,23.34000015258789,23.34000015258789,22.55999946594238,23.29999923706055,3728.0,0.0,0.0,
2021-10-07,23.34000015258789,23.34000015258789,22.70999908447266,23.29999923706055,7456.0,0.0,0.0,
2021-10-08,23.34000015258789,23.34000015258789,22.85000038146973,22.96999931335449,10575.0,0.0,0.0,
2021-10-11,23.32999992370605,23.43000030517578,22.52000045776367,22.96999931335449,6531.0,0.0,0.0,
2021-10-12,22.96999931335449,23.31999969482422,22.68000030517578,23.0,6022.0,0.0,0.0,
2021-10-13,23.36000061035156,23.5,22.89999961853027,23.09000015258789,6998.0,0.0,0.0,
2021-10-14,23.0,23.34000015258789,22.85000038146973,23.03000068664551,6053.0,0.0,0.0,
2021-10-18,23.34000015258789,23.34000015258789,22.75,23.18000030517578,10514.0,0.0,0.0,
2021-10-19,23.18000030517578,23.34000015258789,22.79999923706055,23.30999946594238,9753.0,0.0,0.0,
2021-10-20,22.89999961853027,23.35000038146973,22.70000076293945,23.20000076293945,4736.0,0.0,0.0,
2021-10-21,22.79999923706055,23.34000015258789,22.39999961853027,22.86000061035156,7831.0,0.0,0.0,
2021-10-22,23.32999992370605,23.32999992370605,22.5,23.27000045776367,4751.0,0.0,0.0,
2021-10-25,23.27000045776367,23.54999923706055,22.75,23.13999938964844,7885.0,0.0,0.0,
2021-10-26,23.36000061035156,23.97999954223633,22.79999923706055,22.95999908447266,4690.0,0.0,0.0,
2021-10-27,22.79999923706055,23.34000015258789,22.75,22.97999954223633,2878.0,0.0,0.0,
2021-10-28,23.34000015258789,23.34000015258789,22.70000076293945,23.04999923706055,4559.0,0.0,0.0,
2021-10-29,23.04999923706055,25.38999938964844,22.70000076293945,23.64999961853027,21723.0,0.0,0.0,
2021-11-01,24.47999954223633,24.5,23.0,23.60000038146973,39234.0,0.0,0.0,
2021-11-02,24.0,24.0,22.70000076293945,23.04999923706055,10549.0,0.0,0.0,
2021-11-03,23.5,23.95000076293945,22.85000038146973,23.10000038146973,34675.0,0.0,0.0,
2021-11-04,23.5,24.65999984741211,22.70000076293945,23.23999977111816,4718.0,0.0,0.0,
2021-11-08,24.20000076293945,24.20000076293945,22.44000053405762,22.52000045776367,43998.0,0.0,0.0,
2021-11-09,23.29999923706055,23.29999923706055,22.5,22.79000091552734,34948.0,0.0,0.0,
2021-11-10,23.89999961853027,23.89999961853027,22.64999961853027,23.04999923706055,8372.0,0.0,0.0,
2021-11-11,23.79999923706055,26.94000053405762,22.80999946594238,23.67000007629395,41975.0,0.0,0.0,
2021-11-12,22.95999908447266,24.60000038146973,22.95999908447266,23.23999977111816,19647.0,0.0,0.0,
2021-11-15,23.03000068664551,24.0,22.79999923706055,23.10000038146973,7749.0,0.0,0.0,
2021-11-16,23.60000038146973,23.60000038146973,22.85000038146973,23.23999977111816,3567.0,0.0,0.0,
2021-11-17,23.48999977111816,24.64999961853027,22.90999984741211,23.07999992370605,32992.0,0.0,0.0,
2021-11-18,23.70000076293945,23.70000076293945,22.90999984741211,22.95000076293945,8030.0,0.0,0.0,
2021-11-22,22.95000076293945,23.70000076293945,22.70999908447266,22.86000061035156,16781.0,0.0,0.0,
2021-11-23,23.0,23.09000015258789,22.6200008392334,22.95999908447266,4929.0,0.0,0.0,
2021-11-24,23.5,23.5,22.70000076293945,22.89999961853027,7539.0,0.0,0.0,
2021-11-25,22.89999961853027,23.54999923706055,22.6200008392334,22.96999931335449,2458.0,0.0,0.0,
2021-11-26,23.39999961853027,23.39999961853027,22.70999908447266,22.78000068664551,6790.0,0.0,0.0,
2021-11-29,23.11000061035156,23.11000061035156,22.70000076293945,22.75,8010.0,0.0,0.0,
2021-11-30,23.14999961853027,23.14999961853027,22.29999923706055,22.76000022888184,9855.0,0.0,0.0,
2021-12-01,23.21999931335449,23.21999931335449,22.54999923706055,22.85000038146973,4989.0,0.0,0.0,
2021-12-02,23.04999923706055,23.04999923706055,22.6299991607666,22.71999931335449,5408.0,0.0,0.0,
2021-12-03,19.0,23.10000038146973,19.0,22.73999977111816,3013.0,0.0,0.0,
2021-12-06,22.73999977111816,23.11000061035156,22.64999961853027,23.04999923706055,3550.0,0.0,0.0,
2021-12-07,23.04999923706055,24.85000038146973,22.64999961853027,22.85000038146973,7206.0,0.0,0.0,
2021-12-08,22.85000038146973,23.5,22.5,23.06999969482422,5413.0,0.0,0.0,
2021-12-09,22.55999946594238,23.10000038146973,22.55999946594238,23.06999969482422,3853.0,0.0,0.0,
2021-12-10,23.14999961853027,23.14999961853027,22.67000007629395,22.78000068664551,5561.0,0.0,0.0,
2021-12-13,22.78000068664551,23.20000076293945,22.71999931335449,22.92000007629395,4039.0,0.0,0.0,
2021-12-14,23.22999954223633,23.60000038146973,22.64999961853027,22.76000022888184,7498.0,0.0,0.0,
2021-12-15,22.70000076293945,23.29000091552734,22.29999923706055,22.96999931335449,4922.0,0.0,0.0,
2021-12-16,23.29999923706055,23.29999923706055,22.67000007629395,22.89999961853027,2925.0,0.0,0.0,
2021-12-17,23.22999954223633,23.22999954223633,22.70000076293945,22.81999969482422,3061.0,0.0,0.0,
2021-12-20,22.5,22.81999969482422,22.29999923706055,22.3700008392334,12199.0,0.0,0.0,
2021-12-21,22.20999908447266,22.96999931335449,22.20999908447266,22.56999969482422,4991.0,0.0,0.0,
2021-12-22,22.95000076293945,22.95000076293945,22.27000045776367,22.5,2404.0,0.0,0.0,
2021-12-23,22.95000076293945,22.95000076293945,21.55999946594238,22.52000045776367,5682.0,0.0,0.0,
2021-12-24,22.5,22.70999908447266,22.20000076293945,22.59000015258789,1216.0,0.0,0.0,
2021-12-27,22.97999954223633,22.97999954223633,22.42000007629395,22.69000053405762,2102.0,0.0,0.0,
2021-12-28,22.95000076293945,22.95000076293945,22.51000022888184,22.79999923706055,4801.0,0.0,0.0,
2021-12-29,21.72999954223633,22.98999977111816,21.72999954223633,22.60000038146973,4766.0,0.0,0.0,
2021-12-30,22.54999923706055,22.95000076293945,21.8799991607666,22.72999954223633,2022.0,0.0,0.0,
2021-12-31,22.94000053405762,22.94000053405762,22.39999961853027,22.79999923706055,3294.0,0.0,0.0,
2022-01-03,22.98999977111816,22.98999977111816,22.27000045776367,22.84000015258789,16794.0,0.0,0.0,
2022-01-04,22.95000076293945,22.95000076293945,22.34000015258789,22.72999954223633,3328.0,0.0,0.0,
2022-01-05,22.72999954223633,22.89999961853027,22.38999938964844,22.61000061035156,9853.0,0.0,0.0,
2022-01-06,22.93000030517578,22.93000030517578,22.34000015258789,22.77000045776367,3806.0,0.0,0.0,
2022-01-07,22.95000076293945,23.22999954223633,22.53000068664551,22.59000015258789,12481.0,0.0,0.0,
2022-01-10,22.35000038146973,23.09000015258789,22.35000038146973,22.80999946594238,4253.0,0.0,0.0,
2022-01-11,22.80999946594238,22.84000015258789,22.22999954223633,22.79999923706055,2719.0,0.0,0.0,
2022-01-12,22.35000038146973,23.02000045776367,22.35000038146973,22.81999969482422,5080.0,0.0,0.0,
2022-01-13,22.84000015258789,23.0,22.53000068664551,22.90999984741211,9370.0,0.0,0.0,
2022-01-14,22.94000053405762,23.04999923706055,22.36000061035156,22.98999977111816,8929.0,0.0,0.0,
2022-01-17,23.04999923706055,23.32999992370605,22.6200008392334,22.76000022888184,14013.0,0.0,0.0,
2022-01-18,22.76000022888184,23.31999969482422,22.20999908447266,22.27000045776367,54899.0,0.0,0.0,
2022-01-19,22.75,22.80999946594238,22.22999954223633,22.36000061035156,9689.0,0.0,0.0,
2022-01-20,22.89999961853027,22.89999961853027,22.29999923706055,22.38999938964844,12174.0,0.0,0.0,
2022-01-21,22.38999938964844,23.22999954223633,22.20000076293945,22.28000068664551,13576.0,0.0,0.0,
2022-01-24,22.85000038146973,23.28000068664551,21.79999923706055,22.23999977111816,10012.0,0.0,0.0,
2022-01-25,22.04999923706055,22.46999931335449,22.0,22.32999992370605,4604.0,0.0,0.0,
2022-01-27,22.32999992370605,22.79999923706055,21.72999954223633,22.0,15792.0,0.0,0.0,
2022-01-28,22.60000038146973,22.60000038146973,22.0,22.19000053405762,8284.0,0.0,0.0,
2022-01-31,22.19000053405762,23.22999954223633,22.02000045776367,22.15999984741211,13444.0,0.0,0.0,
2022-02-01,22.60000038146973,22.64999961853027,21.6299991607666,22.1299991607666,15057.0,0.0,0.0,
2022-02-02,22.60000038146973,22.79999923706055,22.02000045776367,22.14999961853027,11288.0,0.0,0.0,
2022-02-03,22.79000091552734,22.79000091552734,21.79999923706055,22.17000007629395,60649.0,0.0,0.0,
2022-02-04,22.80999946594238,22.80999946594238,22.0,22.02000045776367,8239.0,0.0,0.0,
2022-02-07,22.79000091552734,22.79000091552734,21.98999977111816,22.19000053405762,5876.0,0.0,0.0,
2022-02-08,22.64999961853027,22.78000068664551,22.0,22.22999954223633,7357.0,0.0,0.0,
2022-02-09,22.22999954223633,22.77000045776367,21.97999954223633,22.13999938964844,2799.0,0.0,0.0,
2022-02-10,22.60000038146973,22.60000038146973,22.01000022888184,22.19000053405762,24023.0,0.0,0.0,
2022-02-11,22.19000053405762,22.75,22.04999923706055,22.27000045776367,21084.0,0.0,0.0,
2022-02-14,22.77000045776367,22.77000045776367,22.10000038146973,22.22999954223633,7357.0,0.0,0.0,
2022-02-15,22.70000076293945,22.70000076293945,22.20000076293945,22.35000038146973,3229.0,0.0,0.0,
2022-02-16,22.77000045776367,23.0,21.88999938964844,22.3700008392334,4267.0,0.0,0.0,
2022-02-17,22.79000091552734,22.79000091552734,21.95000076293945,22.43000030517578,9995.0,0.0,0.0,
2022-02-18,22.43000030517578,22.77000045776367,21.70000076293945,22.42000007629395,4318.0,0.0,0.0,
2022-02-21,22.75,22.89999961853027,22.05999946594238,22.26000022888184,8895.0,0.0,0.0,
2022-02-22,22.78000068664551,22.78000068664551,22.02000045776367,22.26000022888184,11861.0,0.0,0.0,
2022-02-23,22.75,22.75,22.05999946594238,22.21999931335449,5546.0,0.0,0.0,
2022-02-24,22.21999931335449,22.70999908447266,21.89999961853027,22.1200008392334,12422.0,0.0,0.0,
2022-02-25,21.89999961853027,22.5,21.89999961853027,22.31999969482422,12691.0,0.0,0.0,
2022-02-28,22.75,22.75,22.06999969482422,22.35000038146973,5457.0,0.0,0.0,
2022-03-02,22.38999938964844,22.72999954223633,22.14999961853027,22.29999923706055,19119.0,0.0,0.0,
2022-03-03,22.71999931335449,22.71999931335449,22.0,22.23999977111816,7034.0,0.0,0.0,
2022-03-04,22.23999977111816,22.70000076293945,22.02000045776367,22.32999992370605,2546.0,0.0,0.0,
2022-03-07,22.64999961853027,22.64999961853027,22.02000045776367,22.23999977111816,8293.0,0.0,0.0,
2022-03-08,22.69000053405762,22.69000053405762,22.02000045776367,22.09000015258789,9179.0,0.0,0.0,
2022-03-09,22.65999984741211,22.65999984741211,21.89999961853027,22.25,6177.0,0.0,0.0,
2022-03-10,22.25,22.6299991607666,22.0,22.34000015258789,6256.0,0.0,0.0,
2022-03-11,22.01000022888184,22.63999938964844,22.01000022888184,22.22999954223633,28417.0,0.0,0.0,
2022-03-14,22.70000076293945,22.70000076293945,21.8799991607666,22.14999961853027,3404.0,0.0,0.0,
2022-03-15,22.65999984741211,22.65999984741211,21.98999977111816,22.28000068664551,4104.0,0.0,0.0,
2022-03-16,22.28000068664551,22.6299991607666,21.85000038146973,22.19000053405762,5599.0,0.0,0.0,
2022-03-17,22.19000053405762,22.6200008392334,21.90999984741211,22.1299991607666,6836.0,0.0,0.0,
2022-03-21,22.1299991607666,22.61000061035156,22.0,22.35000038146973,9170.0,0.0,0.0,
2022-03-22,22.64999961853027,22.64999961853027,22.01000022888184,22.3799991607666,22796.0,0.0,0.0,
2022-03-23,22.3799991607666,22.3799991607666,22.01000022888184,22.25,3067.0,0.0,0.0,
2022-03-24,22.20999908447266,22.43000030517578,22.17000007629395,22.42000007629395,10551.0,0.0,0.0,
2022-03-25,22.39999961853027,22.68000030517578,22.01000022888184,22.25,9459.0,0.0,0.0,
2022-03-28,22.04000091552734,22.59000015258789,21.85000038146973,22.23999977111816,2651.0,0.0,0.0,
2022-03-29,22.36000061035156,22.81999969482422,21.95000076293945,22.10000038146973,10578.0,0.0,0.0,
2022-03-30,22.5,22.5,22.10000038146973,22.26000022888184,2594.0,0.0,0.0,
2022-03-31,22.54999923706055,22.54999923706055,22.07999992370605,22.29999923706055,7416.0,0.0,0.0,
2022-04-01,22.0,22.56999969482422,21.95000076293945,22.45999908447266,14617.0,0.0,0.0,
2022-04-04,22.64999961853027,22.67000007629395,22.20000076293945,22.39999961853027,4060.0,0.0,0.0,
2022-04-05,22.10000038146973,22.64999961853027,22.10000038146973,22.36000061035156,2482.0,0.0,0.0,
2022-04-06,22.36000061035156,22.68000030517578,22.10000038146973,22.30999946594238,3017.0,0.0,0.0,
2022-04-07,22.1299991607666,22.64999961853027,22.1299991607666,22.19000053405762,11682.0,0.0,0.0,
2022-04-08,22.19000053405762,22.56999969482422,22.1299991607666,22.27000045776367,11994.0,0.0,0.0,
2022-04-11,22.54999923706055,22.63999938964844,22.04999923706055,22.42000007629395,4798.0,0.0,0.0,
2022-04-12,22.6200008392334,22.6200008392334,22.07999992370605,22.1299991607666,5697.0,0.0,0.0,
2022-04-13,22.57999992370605,22.57999992370605,22.07999992370605,22.18000030517578,7141.0,0.0,0.0,
2022-04-18,22.60000038146973,22.73999977111816,22.02000045776367,22.09000015258789,9426.0,0.0,0.0,
2022-04-19,21.95000076293945,22.60000038146973,21.95000076293945,22.04999923706055,59632.0,0.0,0.0,
2022-04-20,21.95000076293945,22.19000053405762,21.65999984741211,22.03000068664551,1991.0,0.0,0.0,
2022-04-21,22.05999946594238,22.48999977111816,21.03000068664551,21.98999977111816,17115.0,0.0,0.0,
2022-04-22,21.89999961853027,22.35000038146973,21.89999961853027,22.10000038146973,47172.0,0.0,0.0,
2022-04-25,22.42000007629395,22.42000007629395,21.75,22.21999931335449,3473.0,0.0,0.0,
2022-04-26,21.1299991607666,22.63999938964844,21.1299991607666,22.19000053405762,9988.0,0.0,0.0,
2022-04-27,22.54000091552734,22.54000091552734,21.1299991607666,22.18000030517578,16002.0,0.0,0.0,
2022-04-28,22.32999992370605,22.32999992370605,21.95000076293945,22.10000038146973,12927.0,0.0,0.0,
2022-04-29,22.22999954223633,22.22999954223633,21.84000015258789,22.05999946594238,2491.0,0.0,0.0,
2022-05-02,22.05999946594238,22.81999969482422,21.89999961853027,22.17000007629395,13788.0,0.0,0.0,
2022-05-04,22.5,23.93000030517578,21.82999992370605,22.04000091552734,47523.0,0.0,0.0,
2022-05-05,22.96999931335449,22.96999931335449,22.11000061035156,22.38999938964844,9242.0,0.0,0.0,
2022-05-06,22.89999961853027,22.89999961853027,21.86000061035156,22.04999923706055,7691.0,0.0,0.0,
2022-05-09,22.04999923706055,22.64999961853027,21.82999992370605,21.95999908447266,17798.0,0.0,0.0,
2022-05-10,22.54999923706055,22.54999923706055,21.54999923706055,21.73999977111816,8358.0,0.0,0.0,
2022-05-11,21.98999977111816,22.10000038146973,21.64999961853027,21.80999946594238,5792.0,0.0,0.0,
2022-05-12,22.20000076293945,22.20000076293945,21.11000061035156,21.96999931335449,3989.0,0.0,0.0,
2022-05-13,22.29999923706055,22.29999923706055,21.60000038146973,21.79000091552734,8201.0,0.0,0.0,
2022-05-16,22.0,22.0,21.55999946594238,21.73999977111816,11546.0,0.0,0.0,
2022-05-17,21.97999954223633,21.97999954223633,21.55999946594238,21.81999969482422,9144.0,0.0,0.0,
2022-05-18,22.0,22.20000076293945,21.67000007629395,21.95000076293945,8485.0,0.0,0.0,
2022-05-19,22.13999938964844,22.13999938964844,21.60000038146973,21.70000076293945,5516.0,0.0,0.0,
2022-05-20,21.89999961853027,22.20000076293945,21.60000038146973,21.84000015258789,7977.0,0.0,0.0,
2022-05-23,22.04999923706055,22.04999923706055,21.60000038146973,21.70999908447266,4364.0,0.0,0.0,
2022-05-24,21.82999992370605,21.86000061035156,21.52000045776367,21.79999923706055,7162.0,0.0,0.0,
2022-05-25,21.95999908447266,25.0,21.55999946594238,21.56999969482422,24580.0,0.0,0.0,
2022-05-26,21.79999923706055,21.81999969482422,21.47999954223633,21.77000045776367,20271.0,0.0,0.0,
2022-05-27,21.61000061035156,21.8700008392334,21.61000061035156,21.76000022888184,11257.0,0.0,0.0,
2022-05-30,21.79999923706055,21.8700008392334,21.61000061035156,21.79999923706055,12399.0,0.0,0.0,
2022-05-31,21.79999923706055,21.84000015258789,21.6200008392334,21.76000022888184,55109.0,0.0,0.0,
2022-06-01,21.84000015258789,22.0,21.70999908447266,21.76000022888184,4006.0,0.0,0.0,
2022-06-02,21.70000076293945,21.93000030517578,21.70000076293945,21.79999923706055,7323.0,0.0,0.0,
2022-06-03,21.70000076293945,21.90999984741211,21.68000030517578,21.81999969482422,10866.0,0.0,0.0,
2022-06-06,21.81999969482422,22.25,21.64999961853027,21.70000076293945,9777.0,0.0,0.0,
2022-06-07,21.95000076293945,21.95000076293945,21.6200008392334,21.73999977111816,4507.0,0.0,0.0,
2022-06-08,22.0,22.0,21.6200008392334,21.70000076293945,48981.0,0.0,0.0,
2022-06-09,21.6200008392334,21.92000007629395,21.6200008392334,21.90999984741211,58137.0,0.0,0.0,
2022-06-10,22.20000076293945,22.20000076293945,21.6299991607666,21.70000076293945,5558.0,0.0,0.0,
2022-06-13,21.70000076293945,22.29999923706055,21.54999923706055,21.95999908447266,9187.0,0.0,0.0,
2022-06-14,22.04999923706055,22.79000091552734,21.53000068664551,21.65999984741211,11395.0,0.0,0.0,
2022-06-15,21.89999961853027,22.14999961853027,21.70000076293945,22.13999938964844,8189.0,0.0,0.0,
2022-06-16,22.25,22.46999931335449,21.63999938964844,22.10000038146973,16400.0,0.0,0.0,
2022-06-17,22.45000076293945,22.45000076293945,21.70000076293945,21.79000091552734,3326.0,0.0,0.0,
2022-06-20,21.79000091552734,22.47999954223633,21.13999938964844,22.10000038146973,9093.0,0.0,0.0,
2022-06-21,21.70000076293945,22.45999908447266,21.60000038146973,22.10000038146973,2331.0,0.0,0.0,
2022-06-22,22.25,22.29000091552734,22.0,22.1200008392334,1084.0,0.0,0.0,
2022-06-23,22.29999923706055,22.29999923706055,21.8799991607666,21.90999984741211,3334.0,0.0,0.0,
2022-06-24,22.17000007629395,22.19000053405762,21.8799991607666,21.97999954223633,12376.0,0.0,0.0,
2022-06-27,22.29999923706055,22.29999923706055,21.61000061035156,21.88999938964844,9435.0,0.0,0.0,
2022-06-28,21.6200008392334,22.26000022888184,21.6200008392334,21.80999946594238,8342.0,0.0,0.0,
2022-06-29,22.20000076293945,22.20000076293945,21.75,21.96999931335449,2544.0,0.0,0.0,
2022-06-30,21.76000022888184,22.20000076293945,21.76000022888184,21.80999946594238,4496.0,0.0,0.0,
2022-07-01,22.0,23.29999923706055,21.73999977111816,22.45000076293945,103368.0,0.0,0.0,
2022-07-04,21.82999992370605,22.5,21.82999992370605,22.1299991607666,741.0,0.0,0.0,
2022-07-05,21.79999923706055,22.45000076293945,21.79999923706055,22.03000068664551,3553.0,0.0,0.0,
2022-07-06,22.03000068664551,22.51000022888184,21.73999977111816,22.45000076293945,18839.0,0.0,0.0,
2022-07-07,22.75,22.75,22.0,22.38999938964844,18529.0,0.0,0.0,
2022-07-08,22.02000045776367,22.68000030517578,21.95000076293945,22.02000045776367,25198.0,0.0,0.0,
2022-07-11,22.02000045776367,22.47999954223633,21.80999946594238,22.03000068664551,3812.0,0.0,0.0,
2022-07-12,21.95999908447266,22.45000076293945,21.89999961853027,21.95999908447266,1591.0,0.0,0.0,
2022-07-13,22.44000053405762,22.65999984741211,21.86000061035156,22.04999923706055,3268.0,0.0,0.0,
2022-07-14,22.04999923706055,22.23999977111816,21.85000038146973,21.86000061035156,6678.0,0.0,0.0,
2022-07-15,21.86000061035156,22.38999938964844,21.86000061035156,21.95999908447266,5810.0,0.0,0.0,
2022-07-18,21.95999908447266,22.3799991607666,21.71999931335449,21.88999938964844,17461.0,0.0,0.0,
2022-07-19,22.44000053405762,22.44000053405762,21.77000045776367,21.8799991607666,5081.0,0.0,0.0,
2022-07-20,22.3799991607666,22.3799991607666,21.70000076293945,21.97999954223633,681.0,0.0,0.0,
2022-07-21,21.70999908447266,22.0,21.70999908447266,21.85000038146973,2804.0,0.0,0.0,
2022-07-22,22.35000038146973,22.35000038146973,21.79999923706055,21.94000053405762,395.0,0.0,0.0,
2022-07-25,22.34000015258789,22.34000015258789,21.70000076293945,21.95000076293945,5478.0,0.0,0.0,
2022-07-26,22.44000053405762,22.44000053405762,21.82999992370605,21.86000061035156,1469.0,0.0,0.0,
2022-07-27,21.64999961853027,22.3700008392334,21.64999961853027,21.94000053405762,989.0,0.0,0.0,
2022-07-28,21.70000076293945,22.31999969482422,21.70000076293945,21.89999961853027,2280.0,0.0,0.0,
2022-07-29,22.27000045776367,22.27000045776367,21.61000061035156,22.13999938964844,1311.0,0.0,0.0,
2022-08-01,22.44000053405762,22.44000053405762,21.6200008392334,21.98999977111816,3207.0,0.0,0.0,
2022-08-02,22.10000038146973,22.14999961853027,21.86000061035156,22.1200008392334,48570.0,0.0,0.0,
2022-08-03,22.06999969482422,22.3799991607666,22.03000068664551,22.05999946594238,3173.0,0.0,0.0,
2022-08-04,22.02000045776367,22.19000053405762,22.02000045776367,22.04999923706055,7361.0,0.0,0.0,
2022-08-05,22.04999923706055,22.3799991607666,21.95999908447266,22.15999984741211,24110.0,0.0,0.0,
2022-08-08,22.38999938964844,22.38999938964844,21.89999961853027,22.09000015258789,14576.0,0.0,0.0,
2022-08-10,22.35000038146973,22.35000038146973,21.8799991607666,22.05999946594238,4167.0,0.0,0.0,
2022-08-11,22.45000076293945,22.45000076293945,22.0,22.28000068664551,3920.0,0.0,0.0,
2022-08-12,22.32999992370605,22.70000076293945,22.01000022888184,22.14999961853027,15133.0,0.0,0.0,
2022-08-16,22.45000076293945,22.60000038146973,21.8700008392334,22.43000030517578,16898.0,0.0,0.0,
2022-08-17,21.95000076293945,22.60000038146973,21.95000076293945,22.30999946594238,1776.0,0.0,0.0,
2022-08-18,22.02000045776367,22.60000038146973,22.02000045776367,22.20000076293945,4608.0,0.0,0.0,
2022-08-19,22.54999923706055,22.98999977111816,21.8700008392334,22.3700008392334,10096.0,0.0,0.0,
2022-08-22,22.3700008392334,22.3799991607666,22.14999961853027,22.27000045776367,3924.0,0.0,0.0,
2022-08-23,22.20000076293945,22.31999969482422,22.14999961853027,22.22999954223633,4201.0,0.0,0.0,
2022-08-24,22.14999961853027,22.5,22.14999961853027,22.20000076293945,11597.0,0.0,0.0,
2022-08-25,22.14999961853027,22.38999938964844,22.14999961853027,22.23999977111816,14230.0,0.0,0.0,
2022-08-26,22.23999977111816,22.30999946594238,22.14999961853027,22.23999977111816,6416.0,0.0,0.0,
2022-08-29,22.23999977111816,22.47999954223633,22.14999961853027,22.27000045776367,1277.0,0.0,0.0,
2022-08-30,22.27000045776367,22.70000076293945,22.18000030517578,22.18000030517578,2638.0,0.0,0.0,
2022-09-01,22.60000038146973,22.60000038146973,22.14999961853027,22.27000045776367,2686.0,0.0,0.0,
2022-09-02,22.54999923706055,22.54999923706055,22.10000038146973,22.29999923706055,15615.0,0.0,0.0,
2022-09-05,22.57999992370605,22.57999992370605,22.25,22.40999984741211,5400.0,0.0,0.0,
2022-09-06,22.40999984741211,22.57999992370605,22.25,22.26000022888184,12701.0,0.0,0.0,
2022-09-07,22.5,22.51000022888184,22.29999923706055,22.29999923706055,2268.0,0.0,0.0,
2022-09-08,22.29999923706055,22.54999923706055,22.29999923706055,22.48999977111816,8432.0,0.0,0.0,
2022-09-09,22.48999977111816,23.0,22.29999923706055,22.80999946594238,60265.0,0.0,0.0,
2022-09-12,22.80999946594238,23.14999961853027,22.57999992370605,22.88999938964844,6042.0,0.0,0.0,
2022-09-13,23.39999961853027,23.39999961853027,22.10000038146973,22.30999946594238,44335.0,0.0,0.0,
2022-09-14,22.90999984741211,22.90999984741211,22.30999946594238,22.53000068664551,7880.0,0.0,0.0,
2022-09-15,22.75,22.75,22.25,22.6299991607666,5742.0,0.0,0.0,
2022-09-16,22.95000076293945,22.95000076293945,22.6299991607666,22.64999961853027,15783.0,0.0,0.0,
2022-09-19,22.64999961853027,22.97999954223633,22.40999984741211,22.56999969482422,7335.0,0.0,0.0,
2022-09-20,22.90999984741211,22.98999977111816,22.45999908447266,22.79999923706055,15467.0,0.0,0.0,
2022-09-21,23.35000038146973,23.35000038146973,22.45999908447266,22.84000015258789,18628.0,0.0,0.0,
2022-09-22,22.5,22.81999969482422,22.43000030517578,22.45999908447266,36299.0,0.0,0.0,
2022-09-23,22.45999908447266,22.45999908447266,22.39999961853027,22.42000007629395,12193.0,0.0,0.0,
2022-09-26,22.95000076293945,22.95000076293945,22.14999961853027,22.20000076293945,39474.0,0.0,0.0,
2022-09-27,22.85000038146973,22.85000038146973,22.17000007629395,22.3700008392334,4388.0,0.0,0.0,
2022-09-28,22.3799991607666,22.3799991607666,22.20000076293945,22.22999954223633,1437.0,0.0,0.0,
2022-09-29,22.75,22.75,22.21999931335449,22.3799991607666,1154.0,0.0,0.0,
2022-09-30,22.79999923706055,22.79999923706055,22.14999961853027,22.31999969482422,26160.0,0.0,0.0,
2022-10-03,22.3700008392334,22.80999946594238,22.14999961853027,22.5,29745.0,0.0,0.0,
2022-10-04,22.5,22.69000053405762,22.39999961853027,22.44000053405762,11343.0,0.0,0.0,
2022-10-06,22.15999984741211,22.63999938964844,22.15999984741211,22.45000076293945,13659.0,0.0,0.0,
2022-10-07,23.35000038146973,23.35000038146973,22.14999961853027,22.32999992370605,9151.0,0.0,0.0,
2022-10-10,22.14999961853027,22.80999946594238,22.14999961853027,22.43000030517578,10938.0,0.0,0.0,
2022-10-11,22.85000038146973,22.85000038146973,22.14999961853027,22.20000076293945,73259.0,0.0,0.0,
2022-10-12,22.63999938964844,22.63999938964844,22.17000007629395,22.20999908447266,18832.0,0.0,0.0,
2022-10-13,22.64999961853027,22.64999961853027,22.11000061035156,22.23999977111816,4155.0,0.0,0.0,
2022-10-14,22.69000053405762,22.69000053405762,22.10000038146973,22.23999977111816,6106.0,0.0,0.0,
2022-10-17,22.64999961853027,22.64999961853027,22.10000038146973,22.29000091552734,5735.0,0.0,0.0,
2022-10-18,22.75,22.75,22.0,22.1299991607666,65096.0,0.0,0.0,
2022-10-19,22.64999961853027,22.64999961853027,22.10000038146973,22.21999931335449,20275.0,0.0,0.0,
2022-10-20,22.64999961853027,22.64999961853027,22.11000061035156,22.13999938964844,20308.0,0.0,0.0,
2022-10-21,22.29999923706055,22.34000015258789,22.13999938964844,22.17000007629395,18945.0,0.0,0.0,
2022-10-24,22.64999961853027,22.84000015258789,22.11000061035156,22.22999954223633,6284.0,0.0,0.0,
2022-10-25,22.70000076293945,22.70000076293945,22.11000061035156,22.19000053405762,9385.0,0.0,0.0,
2022-10-27,22.20000076293945,22.39999961853027,22.20000076293945,22.29000091552734,14539.0,0.0,0.0,
2022-10-28,21.95999908447266,22.54999923706055,21.95999908447266,22.20000076293945,3980.0,0.0,0.0,
2022-10-31,22.54999923706055,22.54999923706055,22.04999923706055,22.34000015258789,15111.0,0.0,0.0,
2022-11-01,22.54999923706055,22.59000015258789,22.26000022888184,22.38999938964844,36059.0,0.0,0.0,
2022-11-02,22.17000007629395,22.75,22.17000007629395,22.48999977111816,4339.0,0.0,0.0,
2022-11-03,22.48999977111816,22.79000091552734,22.20000076293945,22.20999908447266,8864.0,0.0,0.0,
2022-11-04,22.14999961853027,22.60000038146973,22.14999961853027,22.32999992370605,2908.0,0.0,0.0,
2022-11-07,22.64999961853027,22.64999961853027,22.26000022888184,22.48999977111816,36339.0,0.0,0.0,
2022-11-09,22.29000091552734,22.75,22.04999923706055,22.31999969482422,13694.0,0.0,0.0,
2022-11-10,22.70000076293945,22.70000076293945,22.30999946594238,22.51000022888184,18990.0,0.0,0.0,
2022-11-11,22.70000076293945,23.39999961853027,22.21999931335449,22.45000076293945,69675.0,0.0,0.0,
2022-11-14,22.45000076293945,22.96999931335449,22.05999946594238,22.63999938964844,16175.0,0.0,0.0,
2022-11-15,22.20999908447266,22.79000091552734,22.20999908447266,22.52000045776367,20507.0,0.0,0.0,
2022-11-16,22.75,22.88999938964844,22.43000030517578,22.71999931335449,15909.0,0.0,0.0,
2022-11-17,22.36000061035156,22.92000007629395,22.36000061035156,22.64999961853027,17343.0,0.0,0.0,
2022-11-18,22.84000015258789,22.8799991607666,22.35000038146973,22.72999954223633,20968.0,0.0,0.0,
2022-11-21,22.72999954223633,22.72999954223633,22.3700008392334,22.68000030517578,18635.0,0.0,0.0,
2022-11-22,22.81999969482422,22.81999969482422,22.39999961853027,22.56999969482422,8740.0,0.0,0.0,
2022-11-23,22.70000076293945,22.84000015258789,22.5,22.60000038146973,1301.0,0.0,0.0,
2022-11-24,22.60000038146973,22.86000061035156,22.5,22.6200008392334,1539.0,0.0,0.0,
2022-11-25,22.6200008392334,22.8700008392334,22.39999961853027,22.60000038146973,21376.0,0.0,0.0,
2022-11-28,22.45000076293945,22.79999923706055,22.45000076293945,22.75,12830.0,0.0,0.0,
2022-11-29,23.10000038146973,23.10000038146973,22.56999969482422,22.69000053405762,11909.0,0.0,0.0,
2022-11-30,22.51000022888184,22.89999961853027,22.51000022888184,22.81999969482422,11864.0,0.0,0.0,
2022-12-01,22.82999992370605,23.05999946594238,22.59000015258789,22.68000030517578,23795.0,0.0,0.0,
2022-12-02,22.96999931335449,23.06999969482422,22.70000076293945,22.78000068664551,19175.0,0.0,0.0,
2022-12-05,23.04000091552734,23.04000091552734,22.52000045776367,22.84000015258789,21135.0,0.0,0.0,
2022-12-06,22.98999977111816,22.98999977111816,22.61000061035156,22.77000045776367,15329.0,0.0,0.0,
2022-12-07,22.78000068664551,22.97999954223633,22.60000038146973,22.84000015258789,7511.0,0.0,0.0,
2022-12-08,23.04999923706055,23.04999923706055,22.60000038146973,22.86000061035156,4275.0,0.0,0.0,
2022-12-09,22.61000061035156,22.96999931335449,22.61000061035156,22.85000038146973,5937.0,0.0,0.0,
2022-12-12,22.85000038146973,22.85000038146973,22.54999923706055,22.75,1130.0,0.0,0.0,
2022-12-13,22.56999969482422,22.97999954223633,22.56999969482422,22.71999931335449,2093.0,0.0,0.0,
2022-12-14,22.71999931335449,27.11000061035156,22.6299991607666,23.01000022888184,571772.0,0.0,0.0,
2022-12-15,22.6299991607666,23.48999977111816,21.90999984741211,22.52000045776367,397156.0,0.0,0.0,
2022-12-16,22.72999954223633,22.81999969482422,22.29999923706055,22.60000038146973,48388.0,0.0,0.0,
2022-12-19,22.60000038146973,23.03000068664551,22.40999984741211,22.6299991607666,10922.0,0.0,0.0,
2022-12-20,22.79999923706055,22.80999946594238,22.19000053405762,22.55999946594238,95838.0,0.0,0.0,
2022-12-21,22.8799991607666,22.8799991607666,22.51000022888184,22.69000053405762,15881.0,0.0,0.0,
2022-12-22,22.94000053405762,22.94000053405762,22.46999931335449,22.60000038146973,10888.0,0.0,0.0,
2022-12-23,22.64999961853027,22.88999938964844,22.45000076293945,22.45999908447266,19012.0,0.0,0.0,
2022-12-26,22.46999931335449,22.88999938964844,22.46999931335449,22.63999938964844,22333.0,0.0,0.0,
2022-12-27,22.63999938964844,22.85000038146973,22.42000007629395,22.65999984741211,36011.0,0.0,0.0,
2022-12-28,22.89999961853027,22.89999961853027,22.45999908447266,22.63999938964844,21738.0,0.0,0.0,
2022-12-29,22.70000076293945,22.79000091552734,22.51000022888184,22.69000053405762,15234.0,0.0,0.0,
2022-12-30,22.82999992370605,22.84000015258789,22.40999984741211,22.63999938964844,8283.0,0.0,0.0,
2023-01-02,22.89999961853027,22.89999961853027,22.45000076293945,22.6299991607666,8970.0,0.0,0.0,
2023-01-03,22.8799991607666,22.8799991607666,22.5,22.69000053405762,6898.0,0.0,0.0,
2023-01-04,22.69000053405762,22.95000076293945,22.43000030517578,22.57999992370605,9813.0,0.0,0.0,
2023-01-05,22.88999938964844,24.45000076293945,22.45999908447266,23.64999961853027,61063.0,0.0,0.0,
2023-01-06,22.95000076293945,23.23999977111816,22.6200008392334,22.71999931335449,33427.0,0.0,0.0,
2023-01-09,22.72999954223633,23.54999923706055,22.70000076293945,22.70000076293945,16139.0,0.0,0.0,
2023-01-10,23.15999984741211,23.15999984741211,22.67000007629395,22.75,9904.0,0.0,0.0,
2023-01-11,23.25,23.25,22.65999984741211,22.68000030517578,4334.0,0.0,0.0,
2023-01-12,22.69000053405762,22.79999923706055,22.65999984741211,22.67000007629395,14320.0,0.0,0.0,
2023-01-13,23.13999938964844,23.13999938964844,22.3799991607666,22.70999908447266,9349.0,0.0,0.0,
2023-01-16,23.14999961853027,23.14999961853027,22.45999908447266,22.70000076293945,2129.0,0.0,0.0,
2023-01-17,22.70000076293945,22.89999961853027,22.70000076293945,22.79999923706055,989.0,0.0,0.0,
2023-01-18,23.09000015258789,23.09000015258789,22.70000076293945,22.71999931335449,2260.0,0.0,0.0,
2023-01-19,23.5,23.5,22.70000076293945,22.76000022888184,9470.0,0.0,0.0,
2023-01-20,22.55999946594238,23.0,22.35000038146973,22.63999938964844,82256.0,0.0,0.0,
2023-01-23,22.54000091552734,22.98999977111816,22.54000091552734,22.70000076293945,11391.0,0.0,0.0,
2023-01-24,22.52000045776367,22.97999954223633,22.52000045776367,22.76000022888184,4299.0,0.0,0.0,
2023-01-25,22.70000076293945,22.97999954223633,22.64999961853027,22.65999984741211,4219.0,0.0,0.0,
2023-01-27,22.65999984741211,23.5,22.42000007629395,22.48999977111816,31081.0,0.0,0.0,
2023-01-30,22.25,23.14999961853027,22.25,22.68000030517578,12906.0,0.0,0.0,
2023-01-31,22.64999961853027,22.75,22.53000068664551,22.64999961853027,6065.0,0.0,0.0,
2023-02-01,22.79999923706055,22.89999961853027,22.55999946594238,22.71999931335449,2426.0,0.0,0.0,
2023-02-02,22.70000076293945,22.79999923706055,22.51000022888184,22.70000076293945,5600.0,0.0,0.0,
2023-02-03,22.79000091552734,23.0,22.60000038146973,22.90999984741211,4254.0,0.0,0.0,
2023-02-06,22.90999984741211,23.29999923706055,22.51000022888184,22.79999923706055,8970.0,0.0,0.0,
2023-02-07,22.80999946594238,22.88999938964844,22.64999961853027,22.75,11767.0,0.0,0.0,
2023-02-08,22.19000053405762,22.85000038146973,22.19000053405762,22.75,13512.0,0.0,0.0,
2023-02-09,22.29999923706055,22.88999938964844,22.29999923706055,22.79999923706055,5614.0,0.0,0.0,
2023-02-10,22.98999977111816,22.98999977111816,22.11000061035156,22.79000091552734,6280.0,0.0,0.0,
2023-02-13,22.35000038146973,22.89999961853027,22.35000038146973,22.71999931335449,2921.0,0.0,0.0,
2023-02-14,22.95000076293945,22.95000076293945,22.3700008392334,22.79000091552734,9983.0,0.0,0.0,
2023-02-15,22.95999908447266,22.95999908447266,22.38999938964844,22.81999969482422,9854.0,0.0,0.0,
2023-02-16,23.14999961853027,23.23999977111816,22.51000022888184,22.81999969482422,14514.0,0.0,0.0,
2023-02-17,22.88999938964844,22.88999938964844,22.5,22.67000007629395,48010.0,0.0,0.0,
2023-02-20,22.67000007629395,22.75,22.60000038146973,22.73999977111816,14682.0,0.0,0.0,
2023-02-21,22.73999977111816,23.32999992370605,22.45000076293945,22.73999977111816,6946.0,0.0,0.0,
2023-02-22,22.72999954223633,22.79999923706055,22.70999908447266,22.79000091552734,8020.0,0.0,0.0,
2023-02-23,22.79999923706055,22.79999923706055,22.60000038146973,22.79000091552734,11345.0,0.0,0.0,
2023-02-24,22.79999923706055,23.04000091552734,22.65999984741211,22.79999923706055,6118.0,0.0,0.0,
2023-02-27,22.98999977111816,22.98999977111816,22.60000038146973,22.67000007629395,5748.0,0.0,0.0,
2023-02-28,22.64999961853027,22.79999923706055,22.64999961853027,22.65999984741211,18663.0,0.0,0.0,
2023-03-01,22.73999977111816,22.75,22.68000030517578,22.73999977111816,2575.0,0.0,0.0,
2023-03-02,22.97999954223633,22.97999954223633,22.51000022888184,22.75,7586.0,0.0,0.0,
2023-03-03,22.77000045776367,22.77000045776367,22.52000045776367,22.73999977111816,15400.0,0.0,0.0,
2023-03-06,22.73999977111816,22.97999954223633,22.60000038146973,22.79000091552734,1960.0,0.0,0.0,
2023-03-08,22.97999954223633,22.97999954223633,22.5,22.70999908447266,947.0,0.0,0.0,
2023-03-09,22.78000068664551,22.78000068664551,22.60000038146973,22.69000053405762,7730.0,0.0,0.0,
2023-03-10,22.29999923706055,22.75,22.29999923706055,22.70999908447266,788.0,0.0,0.0,
2023-03-13,22.70999908447266,22.95000076293945,22.40999984741211,22.76000022888184,7425.0,0.0,0.0,
2023-03-14,22.97999954223633,22.97999954223633,22.51000022888184,22.80999946594238,18223.0,0.0,0.0,
2023-03-15,22.80999946594238,22.97999954223633,22.29999923706055,22.73999977111816,9347.0,0.0,0.0,
2023-03-16,22.69000053405762,22.94000053405762,22.69000053405762,22.88999938964844,14487.0,0.0,0.0,
2023-03-17,23.29999923706055,23.29999923706055,22.76000022888184,22.88999938964844,351.0,0.0,0.0,
2023-03-20,22.51000022888184,23.0,22.51000022888184,22.95000076293945,23604.0,0.0,0.0,
2023-03-21,22.51000022888184,23.06999969482422,22.51000022888184,22.8799991607666,2638.0,0.0,0.0,
2023-03-22,22.8799991607666,23.29000091552734,22.30999946594238,22.89999961853027,95.0,0.0,0.0,
2023-03-23,22.70000076293945,23.29999923706055,22.70000076293945,22.79999923706055,4548.0,0.0,0.0,
2023-03-24,22.55999946594238,23.29000091552734,22.55999946594238,22.97999954223633,6506.0,0.0,0.0,
2023-03-27,23.1200008392334,23.1200008392334,22.55999946594238,23.06999969482422,3470.0,0.0,0.0,
2023-03-28,23.09000015258789,23.29999923706055,22.79999923706055,23.1200008392334,16283.0,0.0,0.0,
2023-03-29,23.1200008392334,23.14999961853027,22.55999946594238,23.02000045776367,6567.0,0.0,0.0,
2023-03-31,23.02000045776367,23.54999923706055,22.55999946594238,23.20000076293945,25336.0,0.0,0.0,
2023-04-03,23.20000076293945,23.79999923706055,22.89999961853027,23.04999923706055,7780.0,0.0,0.0,
2023-04-05,23.10000038146973,23.21999931335449,22.65999984741211,23.20000076293945,881.0,0.0,0.0,
2023-04-06,23.60000038146973,23.60000038146973,22.95000076293945,23.29000091552734,6785.0,0.0,0.0,
2023-04-10,23.29000091552734,23.75,23.0,23.32999992370605,3233.0,0.0,0.0,
2023-04-11,23.79999923706055,23.79999923706055,23.04999923706055,23.45999908447266,18844.0,0.0,0.0,
2023-04-12,23.45999908447266,24.20000076293945,23.21999931335449,23.23999977111816,58188.0,0.0,0.0,
2023-04-13,23.23999977111816,23.79999923706055,23.20000076293945,23.26000022888184,5349.0,0.0,0.0,
2023-04-17,23.26000022888184,23.70000076293945,22.78000068664551,23.32999992370605,3292.0,0.0,0.0,
2023-04-18,22.85000038146973,23.42000007629395,22.85000038146973,23.29000091552734,6168.0,0.0,0.0,
2023-04-19,22.85000038146973,23.35000038146973,22.6299991607666,23.29000091552734,21274.0,0.0,0.0,
2023-04-20,23.28000068664551,23.38999938964844,23.21999931335449,23.30999946594238,13623.0,0.0,0.0,
2023-04-21,23.61000061035156,23.61000061035156,22.76000022888184,23.30999946594238,6736.0,0.0,0.0,
2023-04-24,23.75,24.0,23.20000076293945,23.57999992370605,26439.0,0.0,0.0,
2023-04-25,23.57999992370605,23.57999992370605,23.29999923706055,23.45999908447266,39772.0,0.0,0.0,
2023-04-26,23.04999923706055,23.89999961853027,22.80999946594238,23.42000007629395,234800.0,0.0,0.0,
2023-04-27,23.85000038146973,23.85000038146973,23.0,23.57999992370605,7217.0,0.0,0.0,
2023-04-28,23.57999992370605,23.97999954223633,23.5,23.63999938964844,24711.0,0.0,0.0,
2023-05-02,23.63999938964844,24.25,22.80999946594238,23.54000091552734,16237.0,0.0,0.0,
2023-05-03,23.60000038146973,23.69000053405762,23.51000022888184,23.54999923706055,10657.0,0.0,0.0,
2023-05-04,23.60000038146973,23.69000053405762,23.55999946594238,23.6299991607666,10427.0,0.0,0.0,
2023-05-05,23.6299991607666,26.75,23.40999984741211,25.55999946594238,1269.0,0.0,0.0,
2023-05-08,25.55999946594238,25.55999946594238,23.65999984741211,23.70999908447266,87483.0,0.0,0.0,
2023-05-09,24.29999923706055,25.03000068664551,23.54999923706055,23.64999961853027,7305.0,0.0,0.0,
2023-05-10,24.14999961853027,24.14999961853027,23.57999992370605,23.73999977111816,12700.0,0.0,0.0,
2023-05-11,23.55999946594238,24.20999908447266,23.55999946594238,23.70999908447266,4131.0,0.0,0.0,
2023-05-12,24.29999923706055,24.29999923706055,23.52000045776367,23.68000030517578,16595.0,0.0,0.0,
2023-05-15,24.15999984741211,24.15999984741211,23.68000030517578,23.79000091552734,9016.0,0.0,0.0,
2023-05-16,24.14999961853027,24.14999961853027,23.70000076293945,23.79000091552734,11841.0,0.0,0.0,
2023-05-17,23.35000038146973,24.14999961853027,23.35000038146973,23.79000091552734,7835.0,0.0,0.0,
2023-05-18,23.79000091552734,23.98999977111816,23.60000038146973,23.79999923706055,5328.0,0.0,0.0,
2023-05-19,23.48999977111816,23.79999923706055,23.48999977111816,23.64999961853027,1861.0,0.0,0.0,
2023-05-22,24.23999977111816,24.23999977111816,23.61000061035156,23.80999946594238,10810.0,0.0,0.0,
2023-05-23,23.42000007629395,23.80999946594238,23.39999961853027,23.71999931335449,1385.0,0.0,0.0,
2023-05-24,23.79999923706055,23.98999977111816,23.54999923706055,23.70000076293945,2534.0,0.0,0.0,
2023-05-25,23.42000007629395,23.79999923706055,23.42000007629395,23.79000091552734,24010.0,0.0,0.0,
2023-05-26,24.5,24.5,23.05999946594238,23.79000091552734,21651.0,0.0,0.0,
2023-05-29,23.79000091552734,25.01000022888184,23.68000030517578,23.75,165300.0,0.0,0.0,
2023-05-30,23.89999961853027,23.90999984741211,23.70999908447266,23.72999954223633,11807.0,0.0,0.0,
2023-05-31,23.98999977111816,23.98999977111816,23.70999908447266,23.72999954223633,92174.0,0.0,0.0,
2023-06-01,23.73999977111816,23.97999954223633,23.72999954223633,23.72999954223633,6106.0,0.0,0.0,
2023-06-02,23.72999954223633,23.79999923706055,23.48999977111816,23.73999977111816,27709.0,0.0,0.0,
2023-06-05,23.98999977111816,23.98999977111816,23.70000076293945,23.70000076293945,4416.0,0.0,0.0,
2023-06-06,23.97999954223633,23.97999954223633,23.70000076293945,23.70999908447266,1572.0,0.0,0.0,
2023-06-07,23.70999908447266,23.79999923706055,23.70999908447266,23.70999908447266,6055.0,0.0,0.0,
2023-06-08,23.70999908447266,23.89999961853027,23.39999961853027,23.64999961853027,49913.0,0.0,0.0,
2023-06-09,24.10000038146973,24.10000038146973,23.69000053405762,23.75,6708.0,0.0,0.0,
2023-06-12,23.29000091552734,23.97999954223633,23.29000091552734,23.79000091552734,9913.0,0.0,0.0,
2023-06-13,23.79000091552734,23.79999923706055,23.61000061035156,23.75,8520.0,0.0,0.0,
2023-06-14,23.76000022888184,23.82999992370605,23.70999908447266,23.73999977111816,743.0,0.0,0.0,
2023-06-15,23.75,23.88999938964844,23.45000076293945,23.79000091552734,3622.0,0.0,0.0,
2023-06-16,23.67000007629395,23.89999961853027,23.43000030517578,23.79000091552734,2211.0,0.0,0.0,
2023-06-19,23.97999954223633,23.97999954223633,23.42000007629395,23.78000068664551,5247.0,0.0,0.0,
2023-06-20,23.78000068664551,23.85000038146973,23.70000076293945,23.77000045776367,5430.0,0.0,0.0,
2023-06-21,23.97999954223633,24.0,23.45000076293945,23.70000076293945,142027.0,0.0,0.0,
2023-06-22,23.70000076293945,23.79000091552734,23.48999977111816,23.52000045776367,155055.0,0.0,0.0,
2023-06-23,23.70000076293945,23.79000091552734,23.51000022888184,23.54000091552734,40391.0,0.0,0.0,
2023-06-26,23.82999992370605,25.14999961853027,23.43000030517578,23.96999931335449,292975.0,0.0,0.0,
2023-06-27,23.54000091552734,23.97999954223633,23.54000091552734,23.70999908447266,7461.0,0.0,0.0,
2023-06-28,23.70999908447266,24.09000015258789,23.70999908447266,23.82999992370605,2044.0,0.0,0.0,
2023-06-30,23.82999992370605,23.98999977111816,23.65999984741211,23.82999992370605,7869.0,0.0,0.0,
2023-07-03,23.82999992370605,24.25,23.60000038146973,23.79999923706055,10962.0,0.0,0.0,
2023-07-04,24.09000015258789,24.09000015258789,23.59000015258789,23.70999908447266,10430.0,0.0,0.0,
2023-07-05,23.70999908447266,24.04000091552734,23.6299991607666,23.71999931335449,16999.0,0.0,0.0,
2023-07-06,24.04000091552734,24.04000091552734,23.70000076293945,23.70000076293945,32095.0,0.0,0.0,
2023-07-07,23.55999946594238,23.79000091552734,23.55999946594238,23.72999954223633,9142.0,0.0,0.0,
2023-07-10,23.72999954223633,23.96999931335449,23.64999961853027,23.68000030517578,11158.0,0.0,0.0,
2023-07-11,23.73999977111816,23.84000015258789,23.5,23.61000061035156,42930.0,0.0,0.0,
2023-07-12,23.94000053405762,23.94000053405762,23.61000061035156,23.78000068664551,3006.0,0.0,0.0,
2023-07-13,23.43000030517578,24.09000015258789,23.43000030517578,23.79000091552734,15693.0,0.0,0.0,
2023-07-14,23.79999923706055,23.84000015258789,23.70000076293945,23.77000045776367,10698.0,0.0,0.0,
2023-07-17,23.97999954223633,23.97999954223633,23.53000068664551,23.82999992370605,9298.0,0.0,0.0,
2023-07-18,23.97999954223633,23.97999954223633,23.60000038146973,23.84000015258789,30998.0,0.0,0.0,
2023-07-19,23.97999954223633,23.98999977111816,23.72999954223633,23.82999992370605,41738.0,0.0,0.0,
2023-07-20,23.97999954223633,24.97999954223633,23.82999992370605,23.84000015258789,75746.0,0.0,0.0,
2023-07-21,24.35000038146973,24.35000038146973,23.85000038146973,23.8700008392334,9521.0,0.0,0.0,
2023-07-24,24.36000061035156,24.36000061035156,23.75,23.79999923706055,25419.0,0.0,0.0,
2023-07-25,23.57999992370605,23.94000053405762,23.57999992370605,23.8799991607666,13925.0,0.0,0.0,
2023-07-26,23.93000030517578,23.93000030517578,23.70999908447266,23.86000061035156,10519.0,0.0,0.0,
2023-07-27,23.95999908447266,23.95999908447266,23.79999923706055,23.88999938964844,13538.0,0.0,0.0,
2023-07-28,24.34000015258789,24.34000015258789,23.60000038146973,23.77000045776367,68160.0,0.0,0.0,
2023-07-31,23.43000030517578,24.28000068664551,23.43000030517578,23.75,4181.0,0.0,0.0,
2023-08-01,24.25,24.6200008392334,23.70000076293945,23.79999923706055,63393.0,0.0,0.0,
2023-08-02,23.79999923706055,23.98999977111816,23.61000061035156,23.79000091552734,8852.0,0.0,0.0,
2023-08-03,23.61000061035156,23.98999977111816,23.61000061035156,23.93000030517578,10957.0,0.0,0.0,
2023-08-04,24.29000091552734,24.29000091552734,23.79999923706055,23.82999992370605,26755.0,0.0,0.0,
2023-08-07,23.82999992370605,24.6200008392334,23.42000007629395,23.96999931335449,12863.0,0.0,0.0,
2023-08-08,24.29000091552734,24.6200008392334,23.79999923706055,24.22999954223633,16111.0,0.0,0.0,
2023-08-09,23.75,24.88999938964844,23.75,24.09000015258789,5809.0,0.0,0.0,
2023-08-10,23.76000022888184,24.35000038146973,23.76000022888184,23.95000076293945,14105.0,0.0,0.0,
2023-08-11,24.29000091552734,24.29000091552734,23.82999992370605,23.88999938964844,13701.0,0.0,0.0,
2023-08-14,24.25,24.25,23.52000045776367,23.81999969482422,7269.0,0.0,0.0,
2023-08-16,23.53000068664551,24.25,23.53000068664551,23.95000076293945,1869.0,0.0,0.0,
2023-08-17,23.95000076293945,24.0,23.79999923706055,23.94000053405762,1785.0,0.0,0.0,
2023-08-18,23.65999984741211,25.29999923706055,23.65999984741211,24.13999938964844,202862.0,0.0,0.0,
2023-08-21,24.13999938964844,25.25,23.65999984741211,24.70999908447266,77202.0,0.0,0.0,
2023-08-22,24.70999908447266,24.70999908447266,23.82999992370605,23.96999931335449,66175.0,0.0,0.0,
2023-08-23,25.05999946594238,25.05999946594238,23.10000038146973,23.65999984741211,230861.0,0.0,0.0,
2023-08-24,24.19000053405762,24.19000053405762,23.75,23.88999938964844,12758.0,0.0,0.0,
2023-08-25,24.06999969482422,24.06999969482422,23.78000068664551,23.79000091552734,4651.0,0.0,0.0,
2023-08-28,23.30999946594238,23.94000053405762,23.30999946594238,23.70000076293945,34594.0,0.0,0.0,
2023-08-29,23.51000022888184,24.40999984741211,23.51000022888184,24.10000038146973,330496.0,0.0,0.0,
2023-08-30,24.10000038146973,24.34000015258789,23.6200008392334,23.98999977111816,11548.0,0.0,0.0,
2023-08-31,24.38999938964844,24.38999938964844,23.89999961853027,24.0,7123.0,0.0,0.0,
2023-09-01,23.70000076293945,24.0,23.70000076293945,23.98999977111816,12958.0,0.0,0.0,
2023-09-04,23.70999908447266,24.44000053405762,23.70999908447266,23.98999977111816,24369.0,0.0,0.0,
2023-09-05,24.29000091552734,24.29000091552734,23.77000045776367,24.03000068664551,16061.0,0.0,0.0,
2023-09-06,23.78000068664551,24.29000091552734,23.78000068664551,23.95999908447266,5974.0,0.0,0.0,
2023-09-07,24.19000053405762,24.19000053405762,23.64999961853027,24.04000091552734,33748.0,0.0,0.0,
2023-09-08,24.3700008392334,24.3700008392334,23.95000076293945,24.03000068664551,15485.0,0.0,0.0,
2023-09-11,24.25,24.25,23.95000076293945,23.95999908447266,11338.0,0.0,0.0,
2023-09-12,23.95999908447266,24.19000053405762,23.75,23.95000076293945,23551.0,0.0,0.0,
2023-09-13,23.94000053405762,23.98999977111816,23.86000061035156,23.94000053405762,2423.0,0.0,0.0,
2023-09-14,23.79999923706055,24.19000053405762,23.79999923706055,23.95000076293945,4853.0,0.0,0.0,
2023-09-15,23.81999969482422,24.09000015258789,23.79999923706055,24.04000091552734,4391.0,0.0,0.0,
2023-09-18,24.44000053405762,24.44000053405762,23.85000038146973,24.01000022888184,21169.0,0.0,0.0,
2023-09-20,24.01000022888184,24.39999961853027,23.8700008392334,24.03000068664551,8436.0,0.0,0.0,
2023-09-21,23.92000007629395,24.17000007629395,23.92000007629395,23.98999977111816,31484.0,0.0,0.0,
2023-09-22,23.93000030517578,24.10000038146973,23.90999984741211,24.04000091552734,6146.0,0.0,0.0,
2023-09-25,25.22999954223633,25.22999954223633,23.64999961853027,24.0,9208.0,0.0,0.0,
2023-09-26,24.3700008392334,24.3700008392334,23.92000007629395,24.04000091552734,5666.0,0.0,0.0,
2023-09-27,24.34000015258789,24.34000015258789,23.89999961853027,24.0,24023.0,0.0,0.0,
2023-09-28,23.93000030517578,24.09000015258789,23.93000030517578,24.04000091552734,7580.0,0.0,0.0,
2023-09-29,24.29000091552734,24.29000091552734,23.89999961853027,24.0,6657.0,0.0,0.0,
2023-10-03,24.0,24.29999923706055,23.25,24.04999923706055,25050.0,0.0,0.0,
2023-10-04,24.29000091552734,24.29000091552734,23.95000076293945,24.02000045776367,35929.0,0.0,0.0,
2023-10-05,24.02000045776367,24.04000091552734,23.95999908447266,23.98999977111816,25122.0,0.0,0.0,
2023-10-06,23.89999961853027,24.10000038146973,23.80999946594238,24.02000045776367,34199.0,0.0,0.0,
2023-10-09,24.02000045776367,24.6200008392334,23.79999923706055,23.8799991607666,44764.0,0.0,0.0,
2023-10-10,23.8700008392334,23.8799991607666,23.78000068664551,23.81999969482422,3719.0,0.0,0.0,
2023-10-11,23.65999984741211,23.89999961853027,23.65999984741211,23.77000045776367,9199.0,0.0,0.0,
2023-10-12,24.26000022888184,24.26000022888184,23.78000068664551,23.97999954223633,18458.0,0.0,0.0,
2023-10-13,24.0,24.0,23.85000038146973,23.8700008392334,14307.0,0.0,0.0,
2023-10-16,23.81999969482422,24.6200008392334,23.81999969482422,23.88999938964844,15173.0,0.0,0.0,
2023-10-17,24.3700008392334,24.3700008392334,23.88999938964844,23.90999984741211,10408.0,0.0,0.0,
2023-10-18,23.85000038146973,24.04000091552734,23.51000022888184,23.89999961853027,24004.0,0.0,0.0,
2023-10-19,23.89999961853027,23.94000053405762,23.85000038146973,23.85000038146973,7438.0,0.0,0.0,
2023-10-20,23.79999923706055,24.10000038146973,23.79999923706055,23.85000038146973,45891.0,0.0,0.0,
2023-10-23,23.86000061035156,24.43000030517578,23.85000038146973,23.8700008392334,9684.0,0.0,0.0,
2023-10-25,24.10000038146973,24.10000038146973,23.47999954223633,23.79999923706055,55766.0,0.0,0.0,
2023-10-26,24.38999938964844,24.38999938964844,23.60000038146973,23.84000015258789,45637.0,0.0,0.0,
2023-10-27,23.10000038146973,24.42000007629395,23.10000038146973,23.84000015258789,91905.0,0.0,0.0,
2023-10-30,23.25,23.85000038146973,23.25,23.85000038146973,12494.0,0.0,0.0,
2023-10-31,23.84000015258789,23.89999961853027,23.5,23.88999938964844,9694.0,0.0,0.0,
2023-11-01,23.94000053405762,23.94000053405762,23.55999946594238,23.84000015258789,9675.0,0.0,0.0,
2023-11-02,23.79000091552734,23.95000076293945,23.77000045776367,23.92000007629395,21514.0,0.0,0.0,
2023-11-03,23.89999961853027,24.3700008392334,23.86000061035156,23.93000030517578,55905.0,0.0,0.0,
2023-11-06,23.94000053405762,24.31999969482422,23.90999984741211,23.94000053405762,5411.0,0.0,0.0,
2023-11-07,24.29000091552734,24.29000091552734,23.70000076293945,23.93000030517578,5936.0,0.0,0.0,
2023-11-08,24.0,24.09000015258789,23.89999961853027,24.0,6274.0,0.0,0.0,
2023-11-09,24.0,24.04999923706055,23.95000076293945,23.98999977111816,7472.0,0.0,0.0,
2023-11-10,24.57999992370605,24.57999992370605,23.79999923706055,23.98999977111816,5076.0,0.0,0.0,
2023-11-13,24.10000038146973,24.10000038146973,23.95000076293945,23.98999977111816,22883.0,0.0,0.0,
2023-11-15,24.46999931335449,24.57999992370605,23.75,24.10000038146973,19794.0,0.0,0.0,
2023-11-16,24.11000061035156,24.1200008392334,24.04999923706055,24.07999992370605,10692.0,0.0,0.0,
2023-11-17,24.10000038146973,24.19000053405762,24.05999946594238,24.06999969482422,11080.0,0.0,0.0,
2023-11-20,24.06999969482422,24.29000091552734,23.89999961853027,24.18000030517578,36043.0,0.0,0.0,
2023-11-21,24.29999923706055,24.29999923706055,24.10000038146973,24.11000061035156,21887.0,0.0,0.0,
2023-11-22,24.59000015258789,24.59000015258789,23.96999931335449,24.13999938964844,2627.0,0.0,0.0,
2023-11-23,24.13999938964844,24.20000076293945,23.95000076293945,24.11000061035156,90650.0,0.0,0.0,
2023-11-24,24.29000091552734,24.29000091552734,23.69000053405762,24.1200008392334,7109.0,0.0,0.0,
2023-11-28,24.29999923706055,24.63999938964844,23.31999969482422,24.13999938964844,9055.0,0.0,0.0,
2023-11-29,24.44000053405762,24.44000053405762,24.01000022888184,24.10000038146973,33859.0,0.0,0.0,
2023-11-30,24.3799991607666,24.3799991607666,24.1200008392334,24.15999984741211,24123.0,0.0,0.0,
2023-12-01,24.35000038146973,24.35000038146973,24.10000038146973,24.10000038146973,15454.0,0.0,0.0,
2023-12-04,24.10000038146973,24.34000015258789,23.86000061035156,24.14999961853027,32349.0,0.0,0.0,
2023-12-05,24.34000015258789,24.34000015258789,24.11000061035156,24.19000053405762,27156.0,0.0,0.0,
2023-12-06,24.20000076293945,24.45000076293945,24.14999961853027,24.23999977111816,160865.0,0.0,0.0,
2023-12-07,24.38999938964844,24.38999938964844,23.89999961853027,24.21999931335449,41327.0,0.0,0.0,
2023-12-08,24.15999984741211,24.38999938964844,24.15999984741211,24.26000022888184,17327.0,0.0,0.0,
2023-12-11,24.27000045776367,24.54999923706055,23.95000076293945,24.21999931335449,9476.0,0.0,0.0,
2023-12-12,24.44000053405762,24.44000053405762,24.0,24.20000076293945,2353.0,0.0,0.0,
2023-12-13,24.25,24.48999977111816,24.14999961853027,24.15999984741211,13580.0,0.0,0.0,
2023-12-14,24.15999984741211,24.6299991607666,24.15999984741211,24.23999977111816,11002.0,0.0,0.0,
2023-12-15,24.6200008392334,24.6200008392334,24.20999908447266,24.34000015258789,16497.0,0.0,0.0,
2023-12-18,24.6299991607666,24.6299991607666,23.36000061035156,24.29999923706055,11789.0,0.0,0.0,
2023-12-19,24.5,24.5,23.69000053405762,24.38999938964844,7864.0,0.0,0.0,
2023-12-20,24.39999961853027,24.45000076293945,24.29999923706055,24.35000038146973,30378.0,0.0,0.0,
2023-12-21,24.69000053405762,24.69000053405762,23.29999923706055,24.45000076293945,25897.0,0.0,0.0,
2023-12-22,24.6200008392334,24.6200008392334,24.35000038146973,24.39999961853027,50585.0,0.0,0.0,
2023-12-26,23.90999984741211,24.39999961853027,23.70000076293945,24.39999961853027,28219.0,0.0,0.0,
2023-12-27,24.6200008392334,24.6200008392334,23.45000076293945,24.39999961853027,1981.0,0.0,0.0,
2023-12-28,24.32999992370605,24.70000076293945,23.90999984741211,24.42000007629395,8588.0,0.0,0.0,
2023-12-29,24.5,24.68000030517578,24.42000007629395,24.47999954223633,14498.0,0.0,0.0,
2024-01-01,24.71999931335449,24.72999954223633,24.29999923706055,24.53000068664551,46549.0,0.0,0.0,
2024-01-02,24.69000053405762,25.97999954223633,24.35000038146973,24.44000053405762,45216.0,0.0,0.0,
2024-01-03,24.68000030517578,24.85000038146973,24.42000007629395,24.65999984741211,14622.0,0.0,0.0,
2024-01-04,24.88999938964844,24.88999938964844,24.43000030517578,24.5,44828.0,0.0,0.0,
2024-01-05,24.80999946594238,24.80999946594238,24.43000030517578,24.46999931335449,12593.0,0.0,0.0,
2024-01-08,24.46999931335449,24.8700008392334,24.39999961853027,24.45000076293945,35581.0,0.0,0.0,
2024-01-09,24.8700008392334,24.8700008392334,24.45000076293945,24.48999977111816,13626.0,0.0,0.0,
2024-01-10,24.54000091552734,24.64999961853027,24.47999954223633,24.59000015258789,19303.0,0.0,0.0,
2024-01-11,24.8700008392334,24.89999961853027,24.5,24.70999908447266,17523.0,0.0,0.0,
2024-01-12,25.32999992370605,25.82999992370605,24.51000022888184,24.71999931335449,36748.0,0.0,0.0,
2024-01-15,25.21999931335449,25.77000045776367,24.39999961853027,24.54999923706055,80774.0,0.0,0.0,
2024-01-16,25.09000015258789,25.09000015258789,24.51000022888184,24.6200008392334,10690.0,0.0,0.0,
2024-01-17,24.6200008392334,24.96999931335449,24.01000022888184,24.59000015258789,15994.0,0.0,0.0,
2024-01-18,24.56999969482422,24.8799991607666,24.54999923706055,24.54999923706055,16591.0,0.0,0.0,
2024-01-19,24.85000038146973,24.85000038146973,24.52000045776367,24.54000091552734,26852.0,0.0,0.0,
2024-01-23,24.8799991607666,24.8799991607666,24.39999961853027,24.42000007629395,8367.0,0.0,0.0,
2024-01-24,24.70000076293945,24.70000076293945,24.43000030517578,24.57999992370605,11052.0,0.0,0.0,
2024-01-25,24.39999961853027,24.72999954223633,24.39999961853027,24.61000061035156,26521.0,0.0,0.0,
2024-01-29,24.61000061035156,25.09000015258789,24.54999923706055,24.59000015258789,31082.0,0.0,0.0,
2024-01-30,24.8799991607666,24.8799991607666,23.43000030517578,24.57999992370605,8884.0,0.0,0.0,
2024-01-31,25.06999969482422,25.06999969482422,24.39999961853027,24.82999992370605,58982.0,0.0,0.0,
2024-02-01,24.81999969482422,24.95000076293945,24.61000061035156,24.8700008392334,18394.0,0.0,0.0,
2024-02-02,25.09000015258789,25.09000015258789,24.45999908447266,24.88999938964844,40653.0,0.0,0.0,
2024-02-05,25.32999992370605,25.32999992370605,24.46999931335449,24.90999984741211,82246.0,0.0,0.0,
2024-02-06,25.45000076293945,25.45000076293945,24.42000007629395,24.88999938964844,36980.0,0.0,0.0,
2024-02-07,25.01000022888184,25.6299991607666,24.5,24.80999946594238,31179.0,0.0,0.0,
2024-02-08,24.80999946594238,27.96999931335449,23.43000030517578,25.5,115620.0,0.0,0.0,
2024-02-09,26.25,27.46999931335449,24.79999923706055,24.98999977111816,323661.0,0.0,0.0,
2024-02-12,25.07999992370605,25.07999992370605,23.51000022888184,24.84000015258789,20300.0,0.0,0.0,
2024-02-13,24.85000038146973,24.88999938964844,24.51000022888184,24.86000061035156,9604.0,0.0,0.0,
2024-02-14,24.98999977111816,24.98999977111816,24.76000022888184,24.79000091552734,4963.0,0.0,0.0,
2024-02-15,25.45000076293945,25.45000076293945,24.40999984741211,24.84000015258789,45117.0,0.0,0.0,
2024-02-16,25.34000015258789,25.34000015258789,24.79999923706055,24.84000015258789,28665.0,0.0,0.0,
2024-02-19,25.60000038146973,25.98999977111816,24.79999923706055,24.82999992370605,15459.0,0.0,0.0,
2024-02-20,24.82999992370605,25.47999954223633,24.79999923706055,24.8799991607666,11199.0,0.0,0.0,
2024-02-22,25.3799991607666,25.5,24.8799991607666,24.88999938964844,501.0,0.0,0.0,
2024-02-21,25.3799991607666,25.799999237060547,24.600000381469727,24.8799991607666,22838.0,0.0,0.0,
2024-02-23,24.420000076293945,25.0,24.420000076293945,24.88999938964844,31264.0,0.0,0.0,
2024-02-26,24.8799991607666,25.290000915527344,24.39999961853028,24.920000076293945,17416.0,0.0,0.0,
2024-02-27,25.290000915527344,25.290000915527344,24.89999961853028,24.89999961853028,8813.0,0.0,0.0,
2024-02-28,25.190000534057617,25.57999992370605,24.89999961853028,24.940000534057617,10920.0,0.0,0.0,
2024-02-29,25.239999771118164,25.440000534057617,24.89999961853028,24.989999771118164,55836.0,0.0,0.0,
2024-03-01,25.39999961853028,25.39999961853028,24.920000076293945,24.93000030517578,27260.0,0.0,0.0,
2024-03-04,25.38999938964844,25.39999961853028,24.89999961853028,24.979999542236328,23552.0,0.0,0.0,
2024-03-05,24.96999931335449,25.040000915527344,24.350000381469727,25.020000457763672,15210.0,0.0,0.0,
2024-03-06,25.489999771118164,25.489999771118164,24.90999984741211,24.979999542236328,29043.0,0.0,0.0,
2024-03-07,24.979999542236328,25.040000915527344,24.700000762939453,25.0,24634.0,0.0,0.0,
2024-03-11,25.0,25.200000762939453,24.989999771118164,25.049999237060547,42496.0,0.0,0.0,
2024-03-12,25.13999938964844,25.14999961853028,25.049999237060547,25.049999237060547,17019.0,0.0,0.0,
2024-03-13,24.549999237060547,25.25,24.549999237060547,25.040000915527344,36625.0,0.0,0.0,
2024-03-14,25.799999237060547,25.8799991607666,23.56999969482422,25.059999465942383,45190.0,0.0,0.0,
2024-03-15,25.049999237060547,25.63999938964844,24.89999961853028,25.049999237060547,17676.0,0.0,0.0,
2024-03-18,25.049999237060547,25.059999465942383,24.809999465942383,25.020000457763672,20616.0,0.0,0.0,
2024-03-19,25.040000915527344,25.100000381469727,24.959999084472656,25.09000015258789,32173.0,0.0,0.0,
2024-03-20,25.39999961853028,25.39999961853028,24.6200008392334,25.049999237060547,30441.0,0.0,0.0,
2024-03-21,25.34000015258789,26.0,24.959999084472656,25.040000915527344,20102.0,0.0,0.0,
2024-03-22,25.450000762939453,25.450000762939453,24.89999961853028,25.040000915527344,59531.0,0.0,0.0,
2024-03-26,25.440000534057617,25.440000534057617,24.809999465942383,24.979999542236328,61556.0,0.0,0.0,
2024-03-27,25.049999237060547,25.049999237060547,24.93000030517578,25.01000022888184,17387.0,0.0,0.0,
2024-03-28,25.01000022888184,25.850000381469727,24.950000762939453,25.07999992370605,22567.0,0.0,0.0,
2024-04-01,25.440000534057617,25.440000534057617,24.850000381469727,25.09000015258789,37881.0,0.0,0.0,
2024-04-02,25.100000381469727,25.549999237060547,24.989999771118164,25.11000061035156,32413.0,0.0,0.0,
2024-04-03,25.100000381469727,25.299999237060547,25.01000022888184,25.049999237060547,18369.0,0.0,0.0,
2024-04-04,25.049999237060547,25.14999961853028,25.030000686645508,25.09000015258789,20835.0,0.0,0.0,
2024-04-05,25.09000015258789,25.3799991607666,25.01000022888184,25.11000061035156,39825.0,0.0,0.0,
2024-04-08,25.440000534057617,25.440000534057617,25.0,25.040000915527344,19984.0,0.0,0.0,
2024-04-09,25.36000061035156,25.36000061035156,25.040000915527344,25.049999237060547,7677.0,0.0,0.0,
2024-04-10,25.059999465942383,25.100000381469727,25.020000457763672,25.100000381469727,11504.0,0.0,0.0,
2024-04-12,25.299999237060547,25.540000915527344,25.01000022888184,25.040000915527344,26944.0,0.0,0.0,
2024-04-15,25.34000015258789,25.350000381469727,24.950000762939453,25.020000457763672,17175.0,0.0,0.0,
2024-04-16,25.0,25.31999969482422,24.850000381469727,24.96999931335449,35642.0,0.0,0.0,
2024-04-18,24.96999931335449,25.440000534057617,24.959999084472656,25.100000381469727,62980.0,0.0,0.0,
2024-04-19,25.38999938964844,25.38999938964844,24.93000030517578,25.040000915527344,27120.0,0.0,0.0,
2024-04-22,25.39999961853028,25.39999961853028,24.950000762939453,24.979999542236328,23744.0,0.0,0.0,
2024-04-23,24.979999542236328,25.38999938964844,24.39999961853028,24.959999084472656,28637.0,0.0,0.0,
2024-04-24,24.950000762939453,25.489999771118164,24.950000762939453,25.299999237060547,49187.0,0.0,0.0,
2024-04-25,25.700000762939453,25.700000762939453,23.56999969482422,25.040000915527344,16399.0,0.0,0.0,
2024-04-26,25.200000762939453,25.200000762939453,24.96999931335449,25.0,21934.0,0.0,0.0,
2024-04-29,25.01000022888184,25.38999938964844,24.96999931335449,25.040000915527344,15594.0,0.0,0.0,
2024-04-30,25.01000022888184,25.190000534057617,24.950000762939453,25.0,12149.0,0.0,0.0,
2024-05-02,25.14999961853028,25.14999961853028,24.51000022888184,25.0,26377.0,0.0,0.0,
2024-05-03,25.09000015258789,25.09000015258789,24.90999984741211,25.030000686645508,60611.0,0.0,0.0,
2024-05-06,24.530000686645508,25.14999961853028,24.01000022888184,25.11000061035156,27525.0,0.0,0.0,
2024-05-07,24.979999542236328,25.14999961853028,24.979999542236328,25.13999938964844,9115.0,0.0,0.0,
2024-05-08,25.34000015258789,25.350000381469727,25.100000381469727,25.100000381469727,6804.0,0.0,0.0,
2024-05-09,24.96999931335449,25.200000762939453,24.96999931335449,25.13999938964844,34493.0,0.0,0.0,
2024-05-10,24.63999938964844,25.350000381469727,24.63999938964844,25.09000015258789,7609.0,0.0,0.0,
2024-05-13,25.350000381469727,25.350000381469727,24.56999969482422,25.1200008392334,5614.0,0.0,0.0,
2024-05-14,25.14999961853028,25.34000015258789,25.14999961853028,25.190000534057617,4018.0,0.0,0.0,
2024-05-15,25.350000381469727,25.350000381469727,25.14999961853028,25.14999961853028,2237.0,0.0,0.0,
2024-05-16,25.350000381469727,25.350000381469727,25.0,25.18000030517578,14921.0,0.0,0.0,
2024-05-17,25.1200008392334,25.38999938964844,25.1200008392334,25.270000457763672,3323.0,0.0,0.0,
2024-05-18,25.450000762939453,25.450000762939453,24.950000762939453,25.440000534057617,2532.0,0.0,0.0,
2024-05-21,25.64999961853028,25.75,25.06999969482422,25.25,21867.0,0.0,0.0,
2024-05-22,25.600000381469727,25.600000381469727,25.100000381469727,25.34000015258789,14020.0,0.0,0.0,
2024-05-23,25.6299991607666,25.63999938964844,25.1299991607666,25.26000022888184,76022.0,0.0,0.0,
2024-05-24,25.489999771118164,25.5,25.09000015258789,25.36000061035156,2878.0,0.0,0.0,
2024-05-27,25.5,25.549999237060547,25.209999084472656,25.479999542236328,110639.0,0.0,0.0,
2024-05-28,25.739999771118164,25.739999771118164,25.39999961853028,25.440000534057617,8357.0,0.0,0.0,
2024-05-29,25.25,25.700000762939453,25.25,25.36000061035156,13460.0,0.0,0.0,
2024-05-30,25.600000381469727,26.51000022888184,25.350000381469727,25.3799991607666,11908.0,0.0,0.0,
2024-05-31,25.3799991607666,25.530000686645508,25.200000762939453,25.3799991607666,33965.0,0.0,0.0,
2024-06-03,25.700000762939453,25.700000762939453,25.14999961853028,25.57999992370605,29674.0,0.0,0.0,
2024-06-04,25.790000915527344,25.790000915527344,25.01000022888184,25.15999984741211,12446.0,0.0,0.0,
2024-06-05,25.61000061035156,25.61000061035156,24.51000022888184,25.43000030517578,5459.0,0.0,0.0,
2024-06-06,25.700000762939453,25.700000762939453,25.309999465942383,25.450000762939453,45964.0,0.0,0.0,
2024-06-07,25.39999961853028,25.5,25.3799991607666,25.459999084472656,18910.0,0.0,0.0,
2024-06-10,25.450000762939453,25.700000762939453,25.25,25.5,13669.0,0.0,0.0,
2024-06-11,25.89999961853028,25.89999961853028,25.3700008392334,25.46999931335449,26706.0,0.0,0.0,
2024-06-12,25.729999542236328,25.729999542236328,25.350000381469727,25.489999771118164,47387.0,0.0,0.0,
2024-06-13,25.489999771118164,25.729999542236328,25.309999465942383,25.489999771118164,12323.0,0.0,0.0,
2024-06-14,25.700000762939453,27.8799991607666,25.39999961853028,25.57999992370605,44861.0,0.0,0.0,
2024-06-18,25.57999992370605,26.21999931335449,25.489999771118164,25.489999771118164,24400.0,0.0,0.0,
2024-06-19,25.1299991607666,25.790000915527344,25.1200008392334,25.56999969482422,17170.0,0.0,0.0,
2024-06-20,25.799999237060547,25.979999542236328,25.299999237060547,25.600000381469727,35677.0,0.0,0.0,
2024-06-21,25.950000762939453,25.979999542236328,25.36000061035156,25.57999992370605,5233.0,0.0,0.0,
2024-06-24,25.57999992370605,25.89999961853028,25.39999961853028,25.68000030517578,17876.0,0.0,0.0,
2024-06-25,25.850000381469727,25.850000381469727,25.170000076293945,25.559999465942383,9020.0,0.0,0.0,
2024-06-26,25.290000915527344,25.600000381469727,25.280000686645508,25.5,7578.0,0.0,0.0,
2024-06-27,25.5,25.64999961853028,25.5,25.51000022888184,5819.0,0.0,0.0,
2024-06-28,25.84000015258789,25.84000015258789,25.01000022888184,25.600000381469727,29734.0,0.0,0.0,
2024-07-01,25.799999237060547,25.799999237060547,25.09000015258789,25.6299991607666,36024.0,0.0,0.0,
2024-07-02,25.790000915527344,25.89999961853028,25.25,25.690000534057617,43387.0,0.0,0.0,
2024-07-03,25.89999961853028,25.89999961853028,25.459999084472656,25.850000381469727,118168.0,0.0,0.0,
2024-07-04,25.979999542236328,25.979999542236328,25.020000457763672,25.700000762939453,72502.0,0.0,0.0,
2024-07-05,25.700000762939453,25.950000762939453,25.34000015258789,25.65999984741211,43946.0,0.0,0.0,
2024-07-08,25.850000381469727,25.979999542236328,25.11000061035156,25.64999961853028,15473.0,0.0,0.0,
2024-07-09,25.89999961853028,25.950000762939453,25.600000381469727,25.690000534057617,9233.0,0.0,0.0,
2024-07-10,25.700000762939453,25.700000762939453,25.559999465942383,25.63999938964844,47574.0,0.0,0.0,
2024-07-11,25.46999931335449,25.950000762939453,25.100000381469727,25.64999961853028,11471.0,0.0,0.0,
2024-07-12,25.86000061035156,25.86000061035156,25.549999237060547,25.63999938964844,16886.0,0.0,0.0,
2024-07-15,25.68000030517578,25.850000381469727,25.51000022888184,25.690000534057617,16764.0,0.0,0.0,
2024-07-16,25.559999465942383,25.93000030517578,25.559999465942383,25.89999961853028,52149.0,0.0,0.0,
2024-07-18,26.13999938964844,26.13999938964844,25.56999969482422,25.709999084472656,37732.0,0.0,0.0,
2024-07-19,25.71999931335449,26.290000915527344,25.690000534057617,25.729999542236328,18673.0,0.0,0.0,
2024-07-22,25.729999542236328,25.950000762939453,25.690000534057617,25.729999542236328,52694.0,0.0,0.0,
2024-07-23,25.739999771118164,25.959999084472656,25.600000381469727,25.65999984741211,7450.0,0.0,0.0,
2024-07-24,25.959999084472656,25.959999084472656,25.68000030517578,25.8700008392334,126707.0,0.0,0.0,
2024-07-25,25.84000015258789,25.850000381469727,25.670000076293945,25.770000457763672,72281.0,0.0,0.0,
2024-07-26,25.799999237060547,25.89999961853028,25.39999961853028,25.75,153280.0,0.0,0.0,
2024-07-29,25.89999961853028,25.89999961853028,25.5,25.809999465942383,145750.0,0.0,0.0,
2024-07-30,25.799999237060547,25.84000015258789,25.709999084472656,25.71999931335449,38618.0,0.0,0.0,
2024-07-31,25.71999931335449,25.979999542236328,25.530000686645508,25.780000686645508,121583.0,0.0,0.0,
2024-08-01,25.979999542236328,25.979999542236328,25.700000762939453,25.75,43193.0,0.0,0.0,
2024-08-02,25.6200008392334,25.850000381469727,25.6200008392334,25.809999465942383,16760.0,0.0,0.0,
2024-08-05,25.809999465942383,26.100000381469727,25.39999961853028,25.989999771118164,139887.0,0.0,0.0,
2024-08-06,25.709999084472656,26.190000534057617,25.709999084472656,25.950000762939453,127297.0,0.0,0.0,
2024-08-07,25.950000762939453,25.950000762939453,25.549999237060547,25.920000076293945,15747.0,0.0,0.0,
2024-08-08,26.170000076293945,26.18000030517578,25.71999931335449,25.940000534057617,16515.0,0.0,0.0,
2024-08-09,25.420000076293945,26.18000030517578,25.420000076293945,25.979999542236328,107803.0,0.0,0.0,
2024-08-12,25.96999931335449,26.18000030517578,25.729999542236328,25.96999931335449,34053.0,0.0,0.0,
2024-08-13,26.479999542236328,26.479999542236328,25.89999961853028,26.030000686645508,50150.0,0.0,0.0,
2024-08-14,25.89999961853028,26.170000076293945,25.89999961853028,25.989999771118164,27928.0,0.0,0.0,
2024-08-16,25.989999771118164,26.200000762939453,25.96999931335449,25.96999931335449,10956.0,0.0,0.0,
2024-08-19,26.75,26.75,25.1200008392334,26.040000915527344,66062.0,0.0,0.0,
2024-08-20,26.239999771118164,26.239999771118164,25.86000061035156,25.989999771118164,16393.0,0.0,0.0,
2024-08-21,27.0,27.0,25.75,26.18000030517578,156286.0,0.0,0.0,
2024-08-22,26.18000030517578,26.32999992370605,25.56999969482422,26.170000076293945,46994.0,0.0,0.0,
2024-08-23,26.5,26.5,26.049999237060547,26.11000061035156,15310.0,0.0,0.0,
2024-08-26,26.049999237060547,26.440000534057617,25.59000015258789,26.1299991607666,31694.0,0.0,0.0,
2024-08-27,26.440000534057617,26.450000762939453,25.690000534057617,26.1200008392334,97090.0,0.0,0.0,
2024-08-28,26.57999992370605,26.57999992370605,26.049999237060547,26.15999984741211,23694.0,0.0,0.0,
2024-08-29,26.440000534057617,26.440000534057617,26.049999237060547,26.13999938964844,22726.0,0.0,0.0,
2024-08-30,26.5,26.5,26.01000022888184,26.13999938964844,55026.0,0.0,0.0,
2024-09-02,26.100000381469727,26.440000534057617,26.049999237060547,26.06999969482422,54785.0,0.0,0.0,
2024-09-03,26.43000030517578,26.43000030517578,25.940000534057617,26.059999465942383,13619.0,0.0,0.0,
2024-09-04,26.06999969482422,26.14999961853028,26.049999237060547,26.059999465942383,11813.0,0.0,0.0,
2024-09-05,26.049999237060547,26.25,25.81999969482422,26.100000381469727,51558.0,0.0,0.0,
2024-09-06,26.190000534057617,26.440000534057617,26.06999969482422,26.13999938964844,15662.0,0.0,0.0,
2024-09-09,26.13999938964844,26.200000762939453,25.6200008392334,26.100000381469727,46014.0,0.0,0.0,
2024-09-10,26.36000061035156,26.36000061035156,25.93000030517578,26.15999984741211,69590.0,0.0,0.0,
2024-09-11,26.239999771118164,26.440000534057617,26.0,26.350000381469727,22454.0,0.0,0.0,
2024-09-12,26.440000534057617,26.450000762939453,26.200000762939453,26.229999542236328,6299.0,0.0,0.0,
2024-09-13,26.31999969482422,26.31999969482422,26.209999084472656,26.229999542236328,9481.0,0.0,0.0,
2024-09-16,26.440000534057617,26.440000534057617,25.75,26.31999969482422,34683.0,0.0,0.0,
2024-09-17,26.32999992370605,26.3700008392334,26.299999237060547,26.34000015258789,10411.0,0.0,0.0,
2024-09-18,27.6299991607666,27.6299991607666,25.89999961853028,26.40999984741211,38700.0,0.0,0.0,
2024-09-19,27.07999992370605,27.07999992370605,25.75,26.299999237060547,59684.0,0.0,0.0,
2024-09-20,26.32999992370605,27.450000762939453,26.32999992370605,26.63999938964844,83581.0,0.0,0.0,
2024-09-23,25.850000381469727,27.479999542236328,25.850000381469727,26.489999771118164,80767.0,0.0,0.0,
2024-09-24,27.40999984741211,27.40999984741211,26.39999961853028,26.46999931335449,63137.0,0.0,0.0,
2024-09-25,27.13999938964844,27.13999938964844,26.350000381469727,26.43000030517578,14473.0,0.0,0.0,
2024-09-26,27.790000915527344,27.790000915527344,26.26000022888184,26.39999961853028,116853.0,0.0,0.0,
2024-09-27,26.40999984741211,26.950000762939453,26.40999984741211,26.790000915527344,139371.0,0.0,0.0,
2024-09-30,26.790000915527344,26.790000915527344,26.39999961853028,26.40999984741211,118157.0,0.0,0.0,
2024-10-01,26.739999771118164,26.739999771118164,26.200000762939453,26.530000686645508,146001.0,0.0,0.0,
2024-10-03,26.690000534057617,26.700000762939453,26.15999984741211,26.489999771118164,61266.0,0.0,0.0,
2024-10-04,26.59000015258789,26.600000381469727,26.309999465942383,26.489999771118164,11215.0,0.0,0.0,
2024-10-07,26.59000015258789,26.600000381469727,26.100000381469727,26.32999992370605,43390.0,0.0,0.0,
2024-10-08,26.34000015258789,26.34000015258789,26.15999984741211,26.309999465942383,79351.0,0.0,0.0,
2024-10-09,26.309999465942383,26.489999771118164,26.190000534057617,26.450000762939453,99636.0,0.0,0.0,
2024-10-10,26.57999992370605,26.670000076293945,26.40999984741211,26.440000534057617,20136.0,0.0,0.0,
2024-10-11,26.43000030517578,26.549999237060547,26.36000061035156,26.3799991607666,15998.0,0.0,0.0,
2024-10-14,26.38999938964844,26.63999938964844,26.3799991607666,26.420000076293945,11887.0,0.0,0.0,
2024-10-15,26.89999961853028,26.89999961853028,26.26000022888184,26.520000457763672,43686.0,0.0,0.0,
2024-10-16,26.520000457763672,26.739999771118164,26.309999465942383,26.59000015258789,30768.0,0.0,0.0,
2024-10-17,26.57999992370605,26.59000015258789,26.309999465942383,26.420000076293945,27821.0,0.0,0.0,
2024-10-18,26.40999984741211,26.709999084472656,26.36000061035156,26.36000061035156,56914.0,0.0,0.0,
2024-10-21,26.57999992370605,26.57999992370605,26.170000076293945,26.350000381469727,14926.0,0.0,0.0,
2024-10-22,26.6200008392334,26.6200008392334,26.299999237060547,26.34000015258789,21602.0,0.0,0.0,
2024-10-23,26.34000015258789,26.540000915527344,26.15999984741211,26.3799991607666,19878.0,0.0,0.0,
2024-10-24,26.56999969482422,26.56999969482422,26.350000381469727,26.420000076293945,55836.0,0.0,0.0,
2024-10-25,26.6200008392334,26.68000030517578,26.350000381469727,26.520000457763672,48490.0,0.0,0.0,
2024-10-28,26.59000015258789,26.59000015258789,26.36000061035156,26.530000686645508,64859.0,0.0,0.0,
2024-10-29,26.530000686645508,26.530000686645508,26.38999938964844,26.450000762939453,12897.0,0.0,0.0,
2024-10-30,26.489999771118164,26.5,26.3700008392334,26.459999084472656,10022.0,0.0,0.0,
2024-10-31,26.6299991607666,26.6299991607666,26.26000022888184,26.38999938964844,42598.0,0.0,0.0,
2024-11-01,26.38999938964844,26.38999938964844,26.38999938964844,26.38999938964844,0.0,0.0,0.0,
2024-11-04,26.51000022888184,26.520000457763672,26.26000022888184,26.3700008392334,18012.0,0.0,0.0,
2024-11-05,26.489999771118164,26.520000457763672,26.36000061035156,26.420000076293945,17577.0,0.0,0.0,
2024-11-06,26.63999938964844,26.63999938964844,26.26000022888184,26.420000076293945,113264.0,0.0,0.0,
2024-11-07,26.489999771118164,26.489999771118164,26.440000534057617,26.43000030517578,15949.0,0.0,0.0,
2024-11-08,26.68000030517578,26.68000030517578,26.350000381469727,26.450000762939453,29939.0,0.0,0.0,
2024-11-11,26.440000534057617,26.540000915527344,26.270000457763672,26.46999931335449,41581.0,0.0,0.0,
2024-11-12,26.530000686645508,26.540000915527344,26.40999984741211,26.420000076293945,17872.0,0.0,0.0,
2024-11-13,26.31999969482422,26.5,26.309999465942383,26.420000076293945,7122.0,0.0,0.0,
2024-11-14,26.309999465942383,26.489999771118164,26.309999465942383,26.40999984741211,58320.0,0.0,0.0,
2024-11-18,26.489999771118164,26.489999771118164,26.13999938964844,26.450000762939453,38328.0,0.0,0.0,
2024-11-19,26.57999992370605,26.59000015258789,26.309999465942383,26.459999084472656,14270.0,0.0,0.0,
2024-11-20,26.459999084472656,26.459999084472656,26.459999084472656,26.459999084472656,0.0,0.0,0.0,
2024-11-21,26.459999084472656,26.59000015258789,26.0,26.40999984741211,30034.0,0.0,0.0,
2024-11-22,26.479999542236328,26.489999771118164,26.350000381469727,26.40999984741211,34841.0,0.0,0.0,
2024-11-25,26.540000915527344,26.59000015258789,26.25,26.46999931335449,126257.0,0.0,0.0,
2024-11-26,26.540000915527344,26.540000915527344,26.290000915527344,26.459999084472656,30355.0,0.0,0.0,
2024-11-27,26.459999084472656,26.75,26.309999465942383,26.43000030517578,1158404.0,0.0,0.0,
2024-11-28,26.68000030517578,26.68000030517578,26.459999084472656,26.489999771118164,129459.0,0.0,0.0,
2024-11-29,26.549999237060547,26.559999465942383,26.420000076293945,26.51000022888184,69555.0,0.0,0.0,
2024-12-02,26.549999237060547,26.68000030517578,26.420000076293945,26.600000381469727,275534.0,0.0,0.0,
2024-12-03,26.739999771118164,26.739999771118164,26.549999237060547,26.64999961853028,103940.0,0.0,0.0,
2024-12-04,26.729999542236328,26.790000915527344,26.64999961853028,26.75,223496.0,0.0,0.0,
2024-12-05,26.84000015258789,26.920000076293945,26.65999984741211,26.799999237060547,50920.0,0.0,0.0,
2024-12-06,26.96999931335449,27.100000381469727,26.530000686645508,26.790000915527344,23839.0,0.0,0.0,
2024-12-09,26.86000061035156,26.8700008392334,26.520000457763672,26.739999771118164,13680.0,0.0,0.0,
2024-12-10,26.850000381469727,26.920000076293945,26.57999992370605,26.780000686645508,11288.0,0.0,0.0,
2024-12-12,26.82999992370605,26.89999961853028,26.530000686645508,26.770000457763672,6054.0,0.0,0.0,
2024-12-11,26.8799991607666,26.90999984741211,26.559999465942383,26.770000457763672,10316.0,0.0,0.0,
2024-12-13,26.84000015258789,26.89999961853028,26.520000457763672,26.739999771118164,10242.0,0.0,0.0,
2024-12-16,26.8700008392334,26.8799991607666,26.530000686645508,26.71999931335449,22725.0,0.0,0.0,
2024-12-17,26.540000915527344,26.809999465942383,26.530000686645508,26.670000076293945,11186.0,0.0,0.0,
2024-12-18,26.8700008392334,26.8799991607666,26.61000061035156,26.700000762939453,2645.0,0.0,0.0,
2024-12-19,26.729999542236328,26.739999771118164,26.559999465942383,26.6299991607666,42780.0,0.0,0.0,
2024-12-20,26.739999771118164,26.75,26.520000457763672,26.64999961853028,30258.0,0.0,0.0,
2024-12-23,26.520000457763672,26.86000061035156,26.51000022888184,26.670000076293945,14115.0,0.0,0.0,
2024-12-24,26.84000015258789,26.850000381469727,26.65999984741211,26.65999984741211,14068.0,0.0,0.0,
2024-12-26,26.739999771118164,26.88999938964844,26.549999237060547,26.739999771118164,123963.0,0.0,0.0,
2024-12-27,26.86000061035156,26.86000061035156,26.61000061035156,26.770000457763672,20109.0,0.0,0.0,
2024-12-30,26.86000061035156,26.8700008392334,26.520000457763672,26.68000030517578,126530.0,0.0,0.0,
2024-12-31,26.86000061035156,26.86000061035156,26.670000076293945,26.739999771118164,142081.0,0.0,0.0,
2025-01-01,26.84000015258789,26.84000015258789,26.61000061035156,26.739999771118164,3694.0,0.0,0.0,
2025-01-02,26.670000076293945,26.799999237060547,26.65999984741211,26.690000534057617,48419.0,0.0,0.0,
2025-01-03,26.63999938964844,26.89999961853028,26.6299991607666,26.709999084472656,7163.0,0.0,0.0,
2025-01-06,26.81999969482422,26.81999969482422,26.64999961853028,26.709999084472656,43140.0,0.0,0.0,
2025-01-07,26.920000076293945,26.920000076293945,26.57999992370605,26.739999771118164,97195.0,0.0,0.0,
2025-01-08,26.89999961853028,26.89999961853028,26.690000534057617,26.709999084472656,5516.0,0.0,0.0,
2025-01-09,26.82999992370605,26.8799991607666,26.68000030517578,26.780000686645508,7773.0,0.0,0.0,
2025-01-10,26.84000015258789,26.86000061035156,26.700000762939453,26.76000022888184,18424.0,0.0,0.0,
2025-01-13,26.61000061035156,26.8799991607666,26.59000015258789,26.64999961853028,84703.0,0.0,0.0,
2025-01-15,26.61000061035156,26.799999237060547,26.61000061035156,26.739999771118164,792.0,0.0,0.0,
2025-01-14,26.63999938964844,26.790000915527344,26.61000061035156,26.64999961853028,31269.0,0.0,0.0,
2025-01-16,26.63999938964844,26.790000915527344,26.6299991607666,26.770000457763672,19686.0,0.0,0.0,
2025-01-17,26.780000686645508,26.88999938964844,26.670000076293945,26.799999237060547,18421.0,0.0,0.0,
2025-01-20,26.8799991607666,26.8799991607666,26.6299991607666,26.809999465942383,31786.0,0.0,0.0,
2025-01-21,26.96999931335449,27.07999992370605,26.75,26.809999465942383,6689.0,0.0,0.0,
2025-01-22,26.989999771118164,27.07999992370605,26.700000762939453,27.0,82726.0,0.0,0.0,
2025-01-23,26.989999771118164,26.989999771118164,26.809999465942383,26.950000762939453,39687.0,0.0,0.0,
2025-01-24,27.07999992370605,27.07999992370605,26.81999969482422,26.920000076293945,6122.0,0.0,0.0,
2025-01-27,26.920000076293945,27.280000686645508,26.75,26.950000762939453,57767.0,0.0,0.0,
2025-01-28,27.07999992370605,27.270000457763672,26.920000076293945,27.040000915527344,40738.0,0.0,0.0,
2025-01-29,26.89999961853028,27.280000686645508,26.799999237060547,27.18000030517578,89691.0,0.0,0.0,
2025-01-30,27.239999771118164,27.239999771118164,26.8700008392334,27.09000015258789,11449.0,0.0,0.0,
2025-01-31,27.209999084472656,27.26000022888184,26.799999237060547,27.049999237060547,4101.0,0.0,0.0,
2025-02-01,27.239999771118164,27.38999938964844,26.809999465942383,27.1299991607666,12407.0,0.0,0.0,
2025-02-03,27.290000915527344,27.299999237060547,26.88999938964844,27.11000061035156,111646.0,0.0,0.0,
2025-02-04,27.200000762939453,27.200000762939453,26.940000534057617,27.14999961853028,174835.0,0.0,0.0,
2025-02-05,27.229999542236328,27.229999542236328,26.8799991607666,27.09000015258789,153573.0,0.0,0.0,
2025-02-06,26.979999542236328,27.25,26.93000030517578,27.059999465942383,13110.0,0.0,0.0,
2025-02-07,26.989999771118164,27.3700008392334,26.959999084472656,27.18000030517578,286003.0,0.0,0.0,
2025-02-10,27.290000915527344,27.299999237060547,26.979999542236328,27.049999237060547,55772.0,0.0,0.0,
2025-02-11,27.01000022888184,27.290000915527344,27.01000022888184,27.100000381469727,52629.0,0.0,0.0,
2025-02-12,27.209999084472656,27.21999931335449,27.100000381469727,27.11000061035156,17858.0,0.0,0.0,
2025-02-13,27.200000762939453,27.209999084472656,26.959999084472656,27.1299991607666,14944.0,0.0,0.0,
2025-02-14,27.239999771118164,27.280000686645508,27.07999992370605,27.09000015258789,5318.0,0.0,0.0,
2025-02-17,27.25,27.299999237060547,26.88999938964844,27.100000381469727,61692.0,0.0,0.0,
2025-02-18,27.26000022888184,27.290000915527344,26.850000381469727,27.040000915527344,85384.0,0.0,0.0,
