Date,Open,High,Low,Close,Volume,Dividends,Stock Splits,Adj Close
2015-11-20,78.56549835205078,78.56549835205078,78.56549835205078,78.56549835205078,0.0,0.0,0.0,
2015-11-23,78.20950317382812,78.20950317382812,78.20950317382812,78.20950317382812,0.0,0.0,0.0,
2015-11-24,78.03410339355469,78.03410339355469,78.03410339355469,78.03410339355469,0.0,0.0,0.0,
2015-11-26,78.55130004882812,78.55130004882812,78.55130004882812,78.55130004882812,0.0,0.0,0.0,
2015-11-27,79.13510131835938,79.13510131835938,79.13510131835938,79.13510131835938,0.0,0.0,0.0,
2015-11-30,79.06079864501953,79.06079864501953,79.06079864501953,79.06079864501953,0.0,0.0,0.0,
2015-12-01,79.25540161132812,79.25540161132812,79.25540161132812,79.25540161132812,0.0,0.0,0.0,
2015-12-02,79.02169799804688,79.02169799804688,79.02169799804688,79.02169799804688,0.0,0.0,0.0,
2015-12-03,78.35549926757812,78.35549926757812,78.35549926757812,78.35549926757812,0.0,0.0,0.0,
2015-12-04,77.54239654541016,77.54239654541016,77.54239654541016,77.54239654541016,0.0,0.0,0.0,
2015-12-07,78.9000015258789,78.9000015258789,78.9000015258789,78.9000015258789,1.0,0.0,0.0,
2015-12-08,76.74729919433594,76.74729919433594,76.74729919433594,76.74729919433594,0.0,0.0,0.0,
2015-12-09,75.86190032958984,75.86190032958984,75.86190032958984,75.86190032958984,0.0,0.0,0.0,
2015-12-10,76.56539916992188,76.56539916992188,76.56539916992188,76.56539916992188,0.0,0.0,0.0,
2015-12-11,75.84269714355469,75.84269714355469,75.84269714355469,75.84269714355469,0.0,0.0,0.0,
2015-12-14,76.23539733886719,76.23539733886719,76.23539733886719,76.23539733886719,0.0,0.0,0.0,
2015-12-15,76.73999786376953,76.73999786376953,76.73999786376953,76.73999786376953,0.0,0.0,0.0,
2015-12-16,77.23609924316406,77.23609924316406,77.23609924316406,77.23609924316406,0.0,0.0,0.0,
2015-12-17,78.16339874267578,78.16339874267578,78.16339874267578,78.16339874267578,0.0,0.0,0.0,
2015-12-18,77.34519958496094,77.34519958496094,77.34519958496094,77.34519958496094,0.0,0.0,0.0,
2015-12-21,78.06490325927734,78.06490325927734,78.06490325927734,78.06490325927734,0.0,0.0,0.0,
2015-12-22,77.58460235595703,77.58460235595703,77.58460235595703,77.58460235595703,0.0,0.0,0.0,
2015-12-23,77.5,77.5,77.5,77.5,10.0,0.0,0.0,
2015-12-24,77.5,77.5,77.5,77.5,0.0,0.0,0.0,
2015-12-28,77.5,77.5,77.5,77.5,0.0,0.0,0.0,
2015-12-29,77.5,77.5,77.5,77.5,0.0,0.0,0.0,
2015-12-30,77.5,77.5,77.5,77.5,0.0,0.0,0.0,
2015-12-31,77.5,77.5,77.5,77.5,0.0,0.0,0.0,
2016-01-01,77.5,77.5,77.5,77.5,0.0,0.0,0.0,
2016-01-04,77.5,77.5,77.5,77.5,0.0,0.0,0.0,
2016-01-05,77.5,77.5,77.5,77.5,0.0,0.0,0.0,
2016-01-06,77.5,77.5,77.5,77.5,0.0,0.0,0.0,
2016-01-07,77.5,77.5,77.5,77.5,0.0,0.0,0.0,
2016-01-08,77.5,77.5,77.5,77.5,0.0,0.0,0.0,
2016-01-11,77.5,77.5,77.5,77.5,0.0,0.0,0.0,
2016-01-12,77.5,77.5,77.5,77.5,0.0,0.0,0.0,
2016-01-13,77.5,77.5,77.5,77.5,0.0,0.0,0.0,
2016-01-14,77.5,77.5,77.5,77.5,0.0,0.0,0.0,
2016-01-15,77.5,77.5,77.5,77.5,0.0,0.0,0.0,
2016-01-18,77.5,77.5,77.5,77.5,0.0,0.0,0.0,
2016-01-19,77.5,77.5,77.5,77.5,0.0,0.0,0.0,
2016-01-20,77.5,77.5,77.5,77.5,0.0,0.0,0.0,
2016-01-21,77.5,77.5,77.5,77.5,0.0,0.0,0.0,
2016-01-22,77.5,77.5,77.5,77.5,0.0,0.0,0.0,
2016-01-25,77.5,77.5,77.5,77.5,0.0,0.0,0.0,
2016-01-27,77.5,77.5,77.5,77.5,0.0,0.0,0.0,
2016-01-28,77.5,77.5,77.5,77.5,0.0,0.0,0.0,
2016-01-29,77.5,77.5,77.5,77.5,0.0,0.0,0.0,
2016-02-01,77.5,77.5,77.5,77.5,0.0,0.0,0.0,
2016-02-02,77.5,77.5,77.5,77.5,0.0,0.0,0.0,
2016-02-03,77.5,77.5,77.5,77.5,0.0,0.0,0.0,
2016-02-04,77.5,77.5,77.5,77.5,0.0,0.0,0.0,
2016-02-05,77.5,77.5,77.5,77.5,0.0,0.0,0.0,
2016-02-08,77.5,77.5,77.5,77.5,0.0,0.0,0.0,
2016-02-09,77.5,77.5,77.5,77.5,0.0,0.0,0.0,
2016-02-10,77.5,77.5,77.5,77.5,0.0,0.0,0.0,
2016-02-11,77.5,77.5,77.5,77.5,0.0,0.0,0.0,
2016-02-12,77.5,77.5,77.5,77.5,0.0,0.0,0.0,
2016-02-15,77.5,77.5,77.5,77.5,0.0,0.0,0.0,
2016-02-16,77.5,77.5,77.5,77.5,0.0,0.0,0.0,
2016-02-17,77.5,77.5,77.5,77.5,0.0,0.0,0.0,
2016-02-18,77.5,77.5,77.5,77.5,0.0,0.0,0.0,
2016-02-19,77.5,77.5,77.5,77.5,0.0,0.0,0.0,
2016-02-22,77.5,77.5,77.5,77.5,0.0,0.0,0.0,
2016-02-23,77.5,77.5,77.5,77.5,0.0,0.0,0.0,
2016-02-24,77.5,77.5,77.5,77.5,0.0,0.0,0.0,
2016-02-25,77.5,77.5,77.5,77.5,0.0,0.0,0.0,
2016-02-26,77.5,77.5,77.5,77.5,0.0,0.0,0.0,
2016-02-29,77.5,77.5,77.5,77.5,0.0,0.0,0.0,
2016-03-01,77.5,77.5,77.5,77.5,0.0,0.0,0.0,
2016-03-02,77.5,77.5,77.5,77.5,0.0,0.0,0.0,
2016-03-03,77.5,77.5,77.5,77.5,0.0,0.0,0.0,
2016-03-04,77.5,77.5,77.5,77.5,0.0,0.0,0.0,
2016-03-08,77.5,77.5,77.5,77.5,0.0,0.0,0.0,
2016-03-09,77.5,77.5,77.5,77.5,0.0,0.0,0.0,
2016-03-10,77.5,77.5,77.5,77.5,0.0,0.0,0.0,
2016-03-11,77.5,77.5,77.5,77.5,0.0,0.0,0.0,
2016-03-14,77.5,77.5,77.5,77.5,0.0,0.0,0.0,
2016-03-15,77.5,77.5,77.5,77.5,0.0,0.0,0.0,
2016-03-16,77.5,77.5,77.5,77.5,0.0,0.0,0.0,
2016-03-17,77.5,77.5,77.5,77.5,0.0,0.0,0.0,
2016-03-18,77.5,77.5,77.5,77.5,0.0,0.0,0.0,
2016-03-21,77.5,77.5,77.5,77.5,0.0,0.0,0.0,
2016-03-22,77.5,77.5,77.5,77.5,0.0,0.0,0.0,
2016-03-23,77.5,77.5,77.5,77.5,0.0,0.0,0.0,
2016-03-28,77.5,77.5,77.5,77.5,0.0,0.0,0.0,
2016-03-29,77.5,77.5,77.5,77.5,0.0,0.0,0.0,
2016-03-30,77.5,77.5,77.5,77.5,0.0,0.0,0.0,
2016-03-31,77.5,77.5,77.5,77.5,0.0,0.0,0.0,
2016-04-01,77.5,77.5,77.5,77.5,0.0,0.0,0.0,
2016-04-04,77.5,77.5,77.5,77.5,0.0,0.0,0.0,
2016-04-05,77.5,77.5,77.5,77.5,0.0,0.0,0.0,
2016-04-06,77.5,77.5,77.5,77.5,0.0,0.0,0.0,
2016-04-07,77.5,77.5,77.5,77.5,0.0,0.0,0.0,
2016-04-08,77.5,77.5,77.5,77.5,0.0,0.0,0.0,
2016-04-11,77.5,77.5,77.5,77.5,0.0,0.0,0.0,
2016-04-12,77.5,77.5,77.5,77.5,0.0,0.0,0.0,
2016-04-13,77.5,77.5,77.5,77.5,0.0,0.0,0.0,
2016-04-18,77.5,77.5,77.5,77.5,0.0,0.0,0.0,
2016-04-20,77.5,77.5,77.5,77.5,0.0,0.0,0.0,
2016-04-21,77.5,77.5,77.5,77.5,0.0,0.0,0.0,
2016-04-22,77.5,77.5,77.5,77.5,0.0,0.0,0.0,
2016-04-25,77.5,77.5,77.5,77.5,0.0,0.0,0.0,
2016-04-26,77.5,77.5,77.5,77.5,0.0,0.0,0.0,
2016-04-27,77.5,77.5,77.5,77.5,0.0,0.0,0.0,
2016-04-28,77.5,77.5,77.5,77.5,0.0,0.0,0.0,
2016-04-29,77.5,77.5,77.5,77.5,0.0,0.0,0.0,
2016-05-02,77.5,77.5,77.5,77.5,0.0,0.0,0.0,
2016-05-03,77.5,77.5,77.5,77.5,0.0,0.0,0.0,
2016-05-04,77.5,77.5,77.5,77.5,0.0,0.0,0.0,
2016-05-05,77.5,77.5,77.5,77.5,0.0,0.0,0.0,
2016-05-06,77.5,77.5,77.5,77.5,0.0,0.0,0.0,
2016-05-09,77.5,77.5,77.5,77.5,0.0,0.0,0.0,
2016-05-10,77.5,77.5,77.5,77.5,0.0,0.0,0.0,
2016-05-11,77.5,77.5,77.5,77.5,0.0,0.0,0.0,
2016-05-12,77.5,77.5,77.5,77.5,0.0,0.0,0.0,
2016-05-13,77.5,77.5,77.5,77.5,0.0,0.0,0.0,
2016-05-16,77.5,77.5,77.5,77.5,0.0,0.0,0.0,
2016-05-17,77.5,77.5,77.5,77.5,0.0,0.0,0.0,
2016-05-18,77.5,77.5,77.5,77.5,0.0,0.0,0.0,
2016-05-19,77.5,77.5,77.5,77.5,0.0,0.0,0.0,
2016-05-20,77.5,77.5,77.5,77.5,0.0,0.0,0.0,
2016-05-23,77.5,77.5,77.5,77.5,0.0,0.0,0.0,
2016-05-24,77.5,77.5,77.5,77.5,0.0,0.0,0.0,
2016-05-25,77.5,77.5,77.5,77.5,0.0,0.0,0.0,
2016-05-26,77.5,77.5,77.5,77.5,0.0,0.0,0.0,
2016-05-27,77.5,77.5,77.5,77.5,0.0,0.0,0.0,
2016-05-30,77.5,77.5,77.5,77.5,0.0,0.0,0.0,
2016-05-31,77.5,77.5,77.5,77.5,0.0,0.0,0.0,
2016-06-01,77.5,77.5,77.5,77.5,0.0,0.0,0.0,
2016-06-02,77.5,77.5,77.5,77.5,0.0,0.0,0.0,
2016-06-03,77.5,77.5,77.5,77.5,0.0,0.0,0.0,
2016-06-06,77.5,77.5,77.5,77.5,0.0,0.0,0.0,
2016-06-07,82.75,82.75,81.69999694824219,81.69999694824219,15000.0,0.0,0.0,
2016-06-08,81.69999694824219,81.69999694824219,81.69999694824219,81.69999694824219,0.0,0.0,0.0,
2016-06-09,81.69999694824219,81.69999694824219,81.69999694824219,81.69999694824219,0.0,0.0,0.0,
2016-06-10,81.0999984741211,81.0999984741211,81.0999984741211,81.0999984741211,63.0,0.0,0.0,
2016-06-13,81.0999984741211,81.0999984741211,81.0999984741211,81.0999984741211,0.0,0.0,0.0,
2016-06-14,81.0999984741211,81.0999984741211,81.0999984741211,81.0999984741211,0.0,0.0,0.0,
2016-06-15,81.0999984741211,81.0999984741211,81.0999984741211,81.0999984741211,0.0,0.0,0.0,
2016-06-16,81.0999984741211,81.0999984741211,81.0999984741211,81.0999984741211,0.0,0.0,0.0,
2016-06-17,81.0999984741211,81.0999984741211,81.0999984741211,81.0999984741211,0.0,0.0,0.0,
2016-06-20,81.0999984741211,81.0999984741211,81.0999984741211,81.0999984741211,0.0,0.0,0.0,
2016-06-21,81.0999984741211,81.0999984741211,81.0999984741211,81.0999984741211,0.0,0.0,0.0,
2016-06-22,81.0999984741211,81.0999984741211,81.0999984741211,81.0999984741211,0.0,0.0,0.0,
2016-06-23,81.0999984741211,81.0999984741211,81.0999984741211,81.0999984741211,0.0,0.0,0.0,
2016-06-24,81.0999984741211,81.0999984741211,81.0999984741211,81.0999984741211,0.0,0.0,0.0,
2016-06-27,81.0999984741211,81.0999984741211,81.0999984741211,81.0999984741211,0.0,0.0,0.0,
2016-06-28,81.0999984741211,81.0999984741211,81.0999984741211,81.0999984741211,0.0,0.0,0.0,
2016-06-29,81.0999984741211,81.0999984741211,81.0999984741211,81.0999984741211,0.0,0.0,0.0,
2016-06-30,82.19999694824219,82.19999694824219,82.19999694824219,82.19999694824219,10.0,0.0,0.0,
2016-07-01,82.19999694824219,82.19999694824219,82.19999694824219,82.19999694824219,0.0,0.0,0.0,
2016-07-04,82.19999694824219,82.19999694824219,82.19999694824219,82.19999694824219,0.0,0.0,0.0,
2016-07-05,82.19999694824219,82.19999694824219,82.19999694824219,82.19999694824219,0.0,0.0,0.0,
2016-07-07,82.19999694824219,82.19999694824219,82.19999694824219,82.19999694824219,0.0,0.0,0.0,
2016-07-08,82.19999694824219,82.19999694824219,82.19999694824219,82.19999694824219,0.0,0.0,0.0,
2016-07-11,83.4000015258789,83.9000015258789,83.4000015258789,83.9000015258789,40.0,0.0,0.0,
2016-07-12,83.9000015258789,83.9000015258789,83.9000015258789,83.9000015258789,0.0,0.0,0.0,
2016-07-13,83.9000015258789,83.9000015258789,83.9000015258789,83.9000015258789,0.0,0.0,0.0,
2016-07-14,83.9000015258789,83.9000015258789,83.9000015258789,83.9000015258789,0.0,0.0,0.0,
2016-07-15,83.9000015258789,83.9000015258789,83.9000015258789,83.9000015258789,0.0,0.0,0.0,
2016-07-18,83.9000015258789,83.9000015258789,83.9000015258789,83.9000015258789,0.0,0.0,0.0,
2016-07-19,83.9000015258789,83.9000015258789,83.9000015258789,83.9000015258789,0.0,0.0,0.0,
2016-07-20,83.9000015258789,83.9000015258789,83.9000015258789,83.9000015258789,0.0,0.0,0.0,
2016-07-21,83.9000015258789,83.9000015258789,83.9000015258789,83.9000015258789,0.0,0.0,0.0,
2016-07-22,83.9000015258789,83.9000015258789,83.9000015258789,83.9000015258789,0.0,0.0,0.0,
2016-07-25,83.9000015258789,83.9000015258789,83.9000015258789,83.9000015258789,0.0,0.0,0.0,
2016-07-26,83.9000015258789,83.9000015258789,83.9000015258789,83.9000015258789,0.0,0.0,0.0,
2016-07-27,83.9000015258789,83.9000015258789,83.9000015258789,83.9000015258789,0.0,0.0,0.0,
2016-07-28,83.9000015258789,83.9000015258789,83.9000015258789,83.9000015258789,0.0,0.0,0.0,
2016-07-29,83.9000015258789,83.9000015258789,83.9000015258789,83.9000015258789,0.0,0.0,0.0,
2016-08-01,83.9000015258789,83.9000015258789,83.9000015258789,83.9000015258789,0.0,0.0,0.0,
2016-08-02,83.9000015258789,83.9000015258789,83.9000015258789,83.9000015258789,0.0,0.0,0.0,
2016-08-03,86.0,86.0,86.0,86.0,63.0,0.0,0.0,
2016-08-04,86.0,86.0,86.0,86.0,0.0,0.0,0.0,
2016-08-05,86.0,86.0,86.0,86.0,0.0,0.0,0.0,
2016-08-08,86.0,86.0,86.0,86.0,0.0,0.0,0.0,
2016-08-09,86.0,86.0,86.0,86.0,0.0,0.0,0.0,
2016-08-10,86.0,86.0,86.0,86.0,0.0,0.0,0.0,
2016-08-11,86.0,86.0,86.0,86.0,0.0,0.0,0.0,
2016-08-12,86.0,86.0,86.0,86.0,0.0,0.0,0.0,
2016-08-16,86.0,86.0,86.0,86.0,0.0,0.0,0.0,
2016-08-17,86.0,86.0,86.0,86.0,0.0,0.0,0.0,
2016-08-18,86.0,86.0,86.0,86.0,0.0,0.0,0.0,
2016-08-19,86.0,86.0,86.0,86.0,0.0,0.0,0.0,
2016-08-22,86.0,86.0,86.0,86.0,0.0,0.0,0.0,
2016-08-23,86.0,86.0,86.0,86.0,0.0,0.0,0.0,
2016-08-24,86.0,86.0,86.0,86.0,0.0,0.0,0.0,
2016-08-25,86.0,86.0,86.0,86.0,0.0,0.0,0.0,
2016-08-26,86.0,86.0,86.0,86.0,0.0,0.0,0.0,
2016-08-29,86.0,86.0,86.0,86.0,0.0,0.0,0.0,
2016-08-30,86.0,86.0,86.0,86.0,0.0,0.0,0.0,
2016-08-31,86.0,86.0,86.0,86.0,0.0,0.0,0.0,
2016-09-01,87.9000015258789,88.3499984741211,87.9000015258789,88.3499984741211,3.0,0.0,0.0,
2016-09-02,88.3499984741211,88.3499984741211,88.3499984741211,88.3499984741211,0.0,0.0,0.0,
2016-09-06,88.3499984741211,88.3499984741211,88.3499984741211,88.3499984741211,0.0,0.0,0.0,
2016-09-07,88.3499984741211,88.3499984741211,88.3499984741211,88.3499984741211,0.0,0.0,0.0,
2016-09-08,88.3499984741211,88.3499984741211,88.3499984741211,88.3499984741211,0.0,0.0,0.0,
2016-09-09,88.3499984741211,88.3499984741211,88.3499984741211,88.3499984741211,0.0,0.0,0.0,
2016-09-12,88.69999694824219,88.69999694824219,87.30000305175781,87.30000305175781,2.0,0.0,0.0,
2016-09-14,88.30000305175781,88.30000305175781,87.0999984741211,87.0999984741211,4.0,0.0,0.0,
2016-09-15,87.19999694824219,87.25,87.19999694824219,87.25,100000.0,0.0,0.0,
2016-09-16,87.25,87.25,87.25,87.25,0.0,0.0,0.0,
2016-09-19,87.25,87.25,87.25,87.25,0.0,0.0,0.0,
2016-09-20,87.25,87.25,87.25,87.25,0.0,0.0,0.0,
2016-09-21,87.25,87.25,87.25,87.25,0.0,0.0,0.0,
2016-09-22,87.25,87.25,87.25,87.25,0.0,0.0,0.0,
2016-09-23,87.25,87.25,87.25,87.25,0.0,0.0,0.0,
2016-09-26,88.3499984741211,88.3499984741211,88.3499984741211,88.3499984741211,100.0,0.0,0.0,
2016-09-27,88.3499984741211,88.3499984741211,88.3499984741211,88.3499984741211,23.0,0.0,0.0,
2016-09-28,88.3499984741211,88.3499984741211,88.3499984741211,88.3499984741211,0.0,0.0,0.0,
2016-09-29,88.3499984741211,88.3499984741211,88.3499984741211,88.3499984741211,0.0,0.0,0.0,
2016-09-30,88.3499984741211,88.3499984741211,88.3499984741211,88.3499984741211,0.0,0.0,0.0,
2016-10-03,88.3499984741211,88.3499984741211,88.3499984741211,88.3499984741211,0.0,0.0,0.0,
2016-10-04,88.3499984741211,88.3499984741211,88.3499984741211,88.3499984741211,0.0,0.0,0.0,
2016-10-05,88.3499984741211,88.3499984741211,88.3499984741211,88.3499984741211,0.0,0.0,0.0,
2016-10-06,88.3499984741211,88.3499984741211,88.3499984741211,88.3499984741211,0.0,0.0,0.0,
2016-10-07,88.3499984741211,88.3499984741211,88.3499984741211,88.3499984741211,0.0,0.0,0.0,
2016-10-10,88.3499984741211,88.3499984741211,88.3499984741211,88.3499984741211,0.0,0.0,0.0,
2016-10-13,88.3499984741211,88.3499984741211,88.3499984741211,88.3499984741211,0.0,0.0,0.0,
2016-10-14,88.3499984741211,88.3499984741211,88.3499984741211,88.3499984741211,0.0,0.0,0.0,
2016-10-17,86.75,86.75,86.75,86.75,30.0,0.0,0.0,
2016-10-18,86.75,86.75,86.75,86.75,0.0,0.0,0.0,
2016-10-19,86.75,86.75,86.75,86.75,0.0,0.0,0.0,
2016-10-20,88.9000015258789,88.9000015258789,88.9000015258789,88.9000015258789,2.0,0.0,0.0,
2016-10-21,88.9000015258789,88.9000015258789,88.9000015258789,88.9000015258789,0.0,0.0,0.0,
2016-10-24,70.69999694824219,87.5999984741211,70.69999694824219,87.5999984741211,194.0,0.0,0.0,
2016-10-25,88.0999984741211,88.0999984741211,88.0999984741211,88.0999984741211,1.0,0.0,0.0,
2016-10-26,88.0999984741211,88.0999984741211,88.0999984741211,88.0999984741211,0.0,0.0,0.0,
2016-10-27,88.0999984741211,88.0999984741211,88.0999984741211,88.0999984741211,0.0,0.0,0.0,
2016-10-28,88.0999984741211,88.0999984741211,88.0999984741211,88.0999984741211,0.0,0.0,0.0,
2016-11-01,88.0999984741211,88.0999984741211,88.0999984741211,88.0999984741211,0.0,0.0,0.0,
2016-11-02,88.0999984741211,88.0999984741211,88.0999984741211,88.0999984741211,0.0,0.0,0.0,
2016-11-03,88.0999984741211,88.0999984741211,88.0999984741211,88.0999984741211,0.0,0.0,0.0,
2016-11-04,88.0999984741211,88.0999984741211,88.0999984741211,88.0999984741211,0.0,0.0,0.0,
2016-11-07,85.94999694824219,85.94999694824219,85.94999694824219,85.94999694824219,10.0,0.0,0.0,
2016-11-08,85.94999694824219,85.94999694824219,85.94999694824219,85.94999694824219,0.0,0.0,0.0,
2016-11-09,85.94999694824219,85.94999694824219,85.94999694824219,85.94999694824219,0.0,0.0,0.0,
2016-11-10,85.94999694824219,85.94999694824219,85.94999694824219,85.94999694824219,0.0,0.0,0.0,
2016-11-11,85.94999694824219,85.94999694824219,85.5,85.5,3.0,0.0,0.0,
2016-11-15,85.5,85.5,85.5,85.5,0.0,0.0,0.0,
2016-11-16,85.5,85.5,85.5,85.5,0.0,0.0,0.0,
2016-11-17,85.5,85.5,85.5,85.5,0.0,0.0,0.0,
2016-11-18,85.5,85.5,85.5,85.5,0.0,0.0,0.0,
2016-11-21,80.75,80.75,80.75,80.75,2.0,0.0,0.0,
2016-11-22,80.75,80.75,80.75,80.75,0.0,0.0,0.0,
2016-11-23,80.75,80.75,80.75,80.75,0.0,0.0,0.0,
2016-11-24,80.68000030517578,80.68000030517578,80.68000030517578,80.68000030517578,619.0,0.0,0.0,
2016-11-25,80.30000305175781,80.30000305175781,80.30000305175781,80.30000305175781,2.0,0.0,0.0,
2016-11-28,81.19999694824219,81.19999694824219,81.19999694824219,81.19999694824219,3.0,0.0,0.0,
2016-11-29,81.19999694824219,81.19999694824219,81.19999694824219,81.19999694824219,0.0,0.0,0.0,
2016-11-30,81.19999694824219,81.19999694824219,81.19999694824219,81.19999694824219,0.0,0.0,0.0,
2016-12-01,81.19999694824219,81.19999694824219,81.19999694824219,81.19999694824219,0.0,0.0,0.0,
2016-12-02,82.1500015258789,82.1500015258789,82.1500015258789,82.1500015258789,2.0,0.0,0.0,
2016-12-05,82.1500015258789,82.1500015258789,82.1500015258789,82.1500015258789,0.0,0.0,0.0,
2016-12-06,82.1500015258789,82.1500015258789,82.1500015258789,82.1500015258789,0.0,0.0,0.0,
2016-12-07,82.30000305175781,82.30000305175781,81.8499984741211,81.8499984741211,500.0,0.0,0.0,
2016-12-08,81.8499984741211,81.8499984741211,81.8499984741211,81.8499984741211,0.0,0.0,0.0,
2016-12-09,81.8499984741211,81.8499984741211,81.8499984741211,81.8499984741211,0.0,0.0,0.0,
2016-12-12,81.8499984741211,81.8499984741211,81.8499984741211,81.8499984741211,0.0,0.0,0.0,
2016-12-13,81.8499984741211,81.8499984741211,81.8499984741211,81.8499984741211,0.0,0.0,0.0,
2016-12-14,81.8499984741211,81.8499984741211,81.8499984741211,81.8499984741211,0.0,0.0,0.0,
2016-12-15,81.8499984741211,81.8499984741211,81.8499984741211,81.8499984741211,0.0,0.0,0.0,
2016-12-16,81.8499984741211,81.8499984741211,81.8499984741211,81.8499984741211,0.0,0.0,0.0,
2016-12-19,81.8499984741211,81.8499984741211,81.8499984741211,81.8499984741211,0.0,0.0,0.0,
2016-12-20,81.8499984741211,81.8499984741211,81.8499984741211,81.8499984741211,0.0,0.0,0.0,
2016-12-21,81.8499984741211,81.8499984741211,81.8499984741211,81.8499984741211,0.0,0.0,0.0,
2016-12-22,81.8499984741211,81.8499984741211,81.8499984741211,81.8499984741211,0.0,0.0,0.0,
2016-12-23,81.8499984741211,81.8499984741211,81.8499984741211,81.8499984741211,0.0,0.0,0.0,
2016-12-26,79.94999694824219,79.94999694824219,79.94999694824219,79.94999694824219,10.0,0.0,0.0,
2016-12-27,79.94999694824219,79.94999694824219,79.94999694824219,79.94999694824219,0.0,0.0,0.0,
2016-12-28,79.94999694824219,79.94999694824219,79.94999694824219,79.94999694824219,0.0,0.0,0.0,
2016-12-29,79.94999694824219,79.94999694824219,79.94999694824219,79.94999694824219,0.0,0.0,0.0,
2016-12-30,82.8499984741211,82.8499984741211,82.8499984741211,82.8499984741211,5.0,0.0,0.0,
2017-01-02,82.8499984741211,82.8499984741211,82.8499984741211,82.8499984741211,0.0,0.0,0.0,
2017-01-03,82.69999694824219,82.69999694824219,82.69999694824219,82.69999694824219,200.0,0.0,0.0,
2017-01-04,82.69999694824219,82.69999694824219,82.69999694824219,82.69999694824219,0.0,0.0,0.0,
2017-01-05,82.69999694824219,82.69999694824219,82.69999694824219,82.69999694824219,0.0,0.0,0.0,
2017-01-06,82.69999694824219,82.69999694824219,82.69999694824219,82.69999694824219,0.0,0.0,0.0,
2017-01-09,82.69999694824219,82.69999694824219,82.69999694824219,82.69999694824219,0.0,0.0,0.0,
2017-01-10,82.69999694824219,82.69999694824219,82.69999694824219,82.69999694824219,0.0,0.0,0.0,
2017-01-11,84.80000305175781,84.80000305175781,84.80000305175781,84.80000305175781,1.0,0.0,0.0,
2017-01-12,84.80000305175781,84.80000305175781,84.80000305175781,84.80000305175781,0.0,0.0,0.0,
2017-01-13,85.25,85.44999694824219,85.25,85.44999694824219,581.0,0.0,0.0,
2017-01-16,85.44999694824219,85.75,85.44999694824219,85.75,2.0,0.0,0.0,
2017-01-17,85.8499984741211,85.8499984741211,85.8499984741211,85.8499984741211,1.0,0.0,0.0,
2017-01-18,85.9000015258789,85.9000015258789,85.9000015258789,85.9000015258789,1.0,0.0,0.0,
2017-01-19,85.75,85.75,85.75,85.75,1.0,0.0,0.0,
2017-01-20,85.6500015258789,85.6500015258789,85.6500015258789,85.6500015258789,1.0,0.0,0.0,
2017-01-23,85.30000305175781,85.4000015258789,85.30000305175781,85.4000015258789,3.0,0.0,0.0,
2017-01-24,85.80000305175781,85.80000305175781,84.5,84.5,2001.0,0.0,0.0,
2017-01-25,86.3499984741211,86.3499984741211,86.3499984741211,86.3499984741211,1.0,0.0,0.0,
2017-01-27,102.1999969482422,102.1999969482422,80.0,86.6500015258789,543.0,0.0,0.0,
2017-01-30,87.4000015258789,87.4000015258789,87.4000015258789,87.4000015258789,5.0,0.0,0.0,
2017-01-31,87.4000015258789,87.4000015258789,87.4000015258789,87.4000015258789,1.0,0.0,0.0,
2017-02-01,86.75,87.3499984741211,86.75,87.1500015258789,501.0,0.0,0.0,
2017-02-02,88.05000305175781,88.05000305175781,88.05000305175781,88.05000305175781,1.0,0.0,0.0,
2017-02-03,88.8499984741211,88.8499984741211,88.6500015258789,88.6500015258789,2.0,0.0,0.0,
2017-02-06,88.6500015258789,88.6500015258789,88.6500015258789,88.6500015258789,1.0,0.0,0.0,
2017-02-07,88.6500015258789,88.6500015258789,87.8499984741211,87.8499984741211,45.0,0.0,0.0,
2017-02-08,87.8499984741211,88.6500015258789,87.75,87.75,57.0,0.0,0.0,
2017-02-09,89.44999694824219,89.44999694824219,87.75,87.75,11.0,0.0,0.0,
2017-02-10,88.0999984741211,89.3499984741211,88.0999984741211,89.3499984741211,556.0,0.0,0.0,
2017-02-13,89.3499984741211,89.3499984741211,87.6500015258789,88.05000305175781,13.0,0.0,0.0,
2017-02-14,89.30000305175781,89.30000305175781,89.30000305175781,89.30000305175781,1.0,0.0,0.0,
2017-02-15,89.3499984741211,89.3499984741211,88.8499984741211,88.8499984741211,56.0,0.0,0.0,
2017-02-16,88.80000305175781,88.80000305175781,88.80000305175781,88.80000305175781,1.0,0.0,0.0,
2017-02-17,104.0,104.0,104.0,104.0,46.0,0.0,0.0,
2017-02-20,89.44999694824219,89.80000305175781,89.3499984741211,89.51000213623047,2356.0,0.0,0.0,
2017-02-21,80.0,89.94999694824219,77.0,88.9000015258789,116.0,0.0,0.0,
2017-02-22,90.0,90.0,89.44999694824219,89.44999694824219,108.0,0.0,0.0,
2017-02-23,90.9000015258789,90.9000015258789,89.75,89.75,202.0,0.0,0.0,
2017-02-27,89.30000305175781,90.0999984741211,89.1500015258789,89.19999694824219,359.0,0.0,0.0,
2017-02-28,94.0,94.0,90.5,90.5,2.0,0.0,0.0,
2017-03-01,89.5,90.0,89.5,90.0,52.0,0.0,0.0,
2017-03-02,90.5,90.5,90.5,90.5,1.0,0.0,0.0,
2017-03-03,90.0999984741211,90.0999984741211,88.75,88.75,302.0,0.0,0.0,
2017-03-06,89.5,90.4499969482422,89.5,90.3000030517578,158.0,0.0,0.0,
2017-03-07,90.0,90.0,90.0,90.0,1.0,0.0,0.0,
2017-03-08,90.1999969482422,90.1999969482422,90.1999969482422,90.1999969482422,1.0,0.0,0.0,
2017-03-09,90.1999969482422,90.1999969482422,89.19999694824219,89.3499984741211,95.0,0.0,0.0,
2017-03-10,90.0999984741211,90.0999984741211,89.4000015258789,89.5,135.0,0.0,0.0,
2017-03-14,90.1999969482422,91.75,90.1999969482422,90.9000015258789,124.0,0.0,0.0,
2017-03-15,92.3499984741211,92.3499984741211,91.0,91.0500030517578,155.0,0.0,0.0,
2017-03-16,90.0,92.3000030517578,90.0,91.5999984741211,106.0,0.0,0.0,
2017-03-17,92.0,92.0,92.0,92.0,1.0,0.0,0.0,
2017-03-20,92.0,92.0,92.0,92.0,1.0,0.0,0.0,
2017-03-21,92.75,92.75,92.75,92.75,1.0,0.0,0.0,
2017-03-22,92.1500015258789,92.1500015258789,91.9000015258789,91.9000015258789,21.0,0.0,0.0,
2017-03-23,91.9499969482422,91.9499969482422,91.9499969482422,91.9499969482422,1.0,0.0,0.0,
2017-03-24,92.6500015258789,92.6500015258789,92.6500015258789,92.6500015258789,1.0,0.0,0.0,
2017-03-27,91.8000030517578,91.8000030517578,91.8000030517578,91.8000030517578,300.0,0.0,0.0,
2017-03-28,92.1999969482422,92.1999969482422,92.1999969482422,92.1999969482422,1.0,0.0,0.0,
2017-03-29,92.5500030517578,92.5500030517578,92.5500030517578,92.5500030517578,1.0,0.0,0.0,
2017-03-30,93.0,93.0,91.6999969482422,91.6999969482422,56.0,0.0,0.0,
2017-03-31,92.8499984741211,92.8499984741211,91.75,91.9000015258789,156.0,0.0,0.0,
2017-04-03,91.9000015258789,109.9400024414062,91.9000015258789,92.83000183105467,275.0,0.0,0.0,
2017-04-05,93.6500015258789,93.6500015258789,93.6500015258789,93.6500015258789,51.0,0.0,0.0,
2017-04-06,93.75,93.75,92.5500030517578,92.5500030517578,51.0,0.0,0.0,
2017-04-07,90.0,93.1500015258789,90.0,93.0,197.0,0.0,0.0,
2017-04-10,91.1500015258789,112.0999984741211,91.1500015258789,93.5,107.0,0.0,0.0,
2017-04-11,93.4499969482422,94.0999984741211,93.4499969482422,94.0999984741211,5.0,0.0,0.0,
2017-04-12,111.1999969482422,111.1999969482422,81.1500015258789,93.3000030517578,1226.0,0.0,0.0,
2017-04-13,93.5,93.5,93.5,93.5,6.0,0.0,0.0,
2017-04-17,91.9000015258789,92.9499969482422,91.9000015258789,91.9000015258789,808.0,0.0,0.0,
2017-04-18,93.8000030517578,93.8000030517578,93.8000030517578,93.8000030517578,1.0,0.0,0.0,
2017-04-19,92.6500015258789,92.6500015258789,92.6500015258789,92.6500015258789,11.0,0.0,0.0,
2017-04-20,92.8000030517578,92.8000030517578,92.8000030517578,92.8000030517578,1.0,0.0,0.0,
2017-04-21,93.25,93.25,93.0,93.0,11.0,0.0,0.0,
2017-04-24,92.9000015258789,92.9000015258789,92.8000030517578,92.8000030517578,14.0,0.0,0.0,
2017-04-25,94.0,94.0,92.8499984741211,94.0,1583.0,0.0,0.0,
2017-04-26,94.8000030517578,94.8000030517578,94.8000030517578,94.8000030517578,1.0,0.0,0.0,
2017-04-27,94.8000030517578,94.8000030517578,94.8000030517578,94.8000030517578,51.0,0.0,0.0,
2017-04-28,94.9000015258789,94.9000015258789,94.9000015258789,94.9000015258789,1001.0,0.0,0.0,
2017-05-02,94.9000015258789,94.9000015258789,93.4000015258789,94.3000030517578,80.0,0.0,0.0,
2017-05-03,94.25,94.25,93.75,93.75,42.0,0.0,0.0,
2017-05-04,95.0500030517578,95.0500030517578,95.0500030517578,95.0500030517578,1.0,0.0,0.0,
2017-05-05,94.9499969482422,94.9499969482422,94.9499969482422,94.9499969482422,1.0,0.0,0.0,
2017-05-08,94.8000030517578,94.8000030517578,94.8000030517578,94.8000030517578,1.0,0.0,0.0,
2017-05-09,94.9499969482422,94.9499969482422,94.9499969482422,94.9499969482422,1.0,0.0,0.0,
2017-05-10,95.4499969482422,95.4499969482422,95.4499969482422,95.4499969482422,3.0,0.0,0.0,
2017-05-11,95.9499969482422,95.9499969482422,95.9499969482422,95.9499969482422,6.0,0.0,0.0,
2017-05-12,95.5500030517578,95.5500030517578,95.5500030517578,95.5500030517578,1.0,0.0,0.0,
2017-05-15,95.5500030517578,95.9000015258789,95.5500030517578,95.9000015258789,10.0,0.0,0.0,
2017-05-16,96.1500015258789,96.1500015258789,96.0999984741211,96.0999984741211,2.0,0.0,0.0,
2017-05-17,96.5,96.5,96.5,96.5,1.0,0.0,0.0,
2017-05-18,96.4000015258789,96.4000015258789,95.0500030517578,95.0500030517578,32.0,0.0,0.0,
2017-05-19,95.3000030517578,96.0999984741211,95.3000030517578,96.0999984741211,13.0,0.0,0.0,
2017-05-22,96.0500030517578,96.0500030517578,96.0500030517578,96.0500030517578,1.0,0.0,0.0,
2017-05-23,95.5,95.5,95.5,95.5,2.0,0.0,0.0,
2017-05-24,95.5,95.5,95.0999984741211,95.0999984741211,2.0,0.0,0.0,
2017-05-25,113.0,113.0,94.3000030517578,96.1500015258789,122.0,0.0,0.0,
2017-05-26,95.1999969482422,96.3000030517578,95.1999969482422,96.3000030517578,6.0,0.0,0.0,
2017-05-29,96.3000030517578,96.3000030517578,96.3000030517578,96.3000030517578,20.0,0.0,0.0,
2017-05-30,97.3499984741211,97.3499984741211,96.3000030517578,96.3000030517578,46.0,0.0,0.0,
2017-05-31,97.5500030517578,97.5500030517578,97.3000030517578,97.3000030517578,2.0,0.0,0.0,
2017-06-01,97.5,97.5,97.5,97.5,2.0,0.0,0.0,
2017-06-02,116.5999984741211,116.5999984741211,96.8000030517578,96.9000015258789,1133.0,0.0,0.0,
2017-06-05,97.8499984741211,97.8499984741211,96.9499969482422,96.9499969482422,175.0,0.0,0.0,
2017-06-06,97.8499984741211,97.8499984741211,97.8499984741211,97.8499984741211,1.0,0.0,0.0,
2017-06-07,98.0,98.0,98.0,98.0,12.0,0.0,0.0,
2017-06-08,97.9000015258789,97.9000015258789,97.9000015258789,97.9000015258789,2.0,0.0,0.0,
2017-06-09,97.5,97.5,97.5,97.5,1.0,0.0,0.0,
2017-06-12,97.5,97.5,97.5,97.5,101.0,0.0,0.0,
2017-06-13,97.5999984741211,97.5999984741211,97.5999984741211,97.5999984741211,1.0,0.0,0.0,
2017-06-14,97.3499984741211,97.3499984741211,97.3499984741211,97.3499984741211,1.0,0.0,0.0,
2017-06-15,96.25,97.25,96.25,97.1999969482422,110.0,0.0,0.0,
2017-06-16,97.4000015258789,97.4000015258789,96.0500030517578,96.08000183105467,251.0,0.0,0.0,
2017-06-19,96.8000030517578,96.8000030517578,96.5,96.8000030517578,41.0,0.0,0.0,
2017-06-20,98.5500030517578,98.5500030517578,98.5500030517578,98.5500030517578,1.0,0.0,0.0,
2017-06-21,98.0,98.0,98.0,98.0,2.0,0.0,0.0,
2017-06-22,98.5500030517578,98.5500030517578,98.5500030517578,98.5500030517578,1.0,0.0,0.0,
2017-06-23,97.9000015258789,97.9000015258789,97.6500015258789,97.6500015258789,11.0,0.0,0.0,
2017-06-27,97.5,97.5,95.8499984741211,95.8499984741211,5.0,0.0,0.0,
2017-06-28,96.0,116.1500015258789,96.0,96.75,528.0,0.0,0.0,
2017-06-29,97.25,97.25,97.25,97.25,1.0,0.0,0.0,
2017-06-30,96.4000015258789,96.6999969482422,96.4000015258789,96.6999969482422,2.0,0.0,0.0,
2017-07-03,97.5,97.8000030517578,97.5,97.5,12.0,0.0,0.0,
2017-07-04,98.0500030517578,98.0500030517578,97.8000030517578,97.8000030517578,14.0,0.0,0.0,
2017-07-05,98.0999984741211,98.0999984741211,98.0999984741211,98.0999984741211,3.0,0.0,0.0,
2017-07-06,98.0999984741211,98.0999984741211,97.0999984741211,97.3499984741211,85.0,0.0,0.0,
2017-07-07,98.4000015258789,98.4000015258789,98.4000015258789,98.4000015258789,1.0,0.0,0.0,
2017-07-10,98.4000015258789,98.4000015258789,98.4000015258789,98.4000015258789,0.0,0.0,0.0,
2017-07-11,98.6500015258789,99.6999969482422,98.6500015258789,99.5999984741211,22.0,0.0,0.0,
2017-07-12,99.8499984741211,99.8499984741211,99.6500015258789,99.6500015258789,3.0,0.0,0.0,
2017-07-13,100.5500030517578,100.5500030517578,100.5500030517578,100.5500030517578,103.0,0.0,0.0,
2017-07-14,101.3499984741211,101.3499984741211,99.4499969482422,100.4499969482422,7.0,0.0,0.0,
2017-07-17,101.75,101.75,101.6999969482422,101.75,111.0,0.0,0.0,
2017-07-18,101.5999984741211,101.5999984741211,101.3499984741211,101.3499984741211,3.0,0.0,0.0,
2017-07-19,101.3000030517578,101.3000030517578,101.3000030517578,101.3000030517578,11.0,0.0,0.0,
2017-07-20,101.8000030517578,101.8000030517578,101.8000030517578,101.8000030517578,1.0,0.0,0.0,
2017-07-21,101.6999969482422,101.6999969482422,101.6999969482422,101.6999969482422,1.0,0.0,0.0,
2017-07-24,101.75,101.75,101.75,101.75,1.0,0.0,0.0,
2017-07-25,102.0999984741211,102.0999984741211,102.0999984741211,102.0999984741211,1.0,0.0,0.0,
2017-07-26,102.1500015258789,102.1500015258789,102.1500015258789,102.1500015258789,1.0,0.0,0.0,
2017-07-27,103.0500030517578,103.0500030517578,103.0500030517578,103.0500030517578,1.0,0.0,0.0,
2017-07-28,100.8000030517578,101.75,100.8000030517578,101.0500030517578,4.0,0.0,0.0,
2017-07-31,102.5500030517578,102.5500030517578,102.5500030517578,102.5500030517578,1.0,0.0,0.0,
2017-08-01,103.0999984741211,103.0999984741211,101.9000015258789,101.9000015258789,820.0,0.0,0.0,
2017-08-02,103.1999969482422,103.1999969482422,101.8499984741211,101.8499984741211,10.0,0.0,0.0,
2017-08-03,102.8000030517578,102.8000030517578,102.0,102.0,3.0,0.0,0.0,
2017-08-04,102.4000015258789,102.4000015258789,101.8000030517578,101.8000030517578,51.0,0.0,0.0,
2017-08-07,102.9000015258789,102.9000015258789,101.8499984741211,101.8499984741211,11.0,0.0,0.0,
2017-08-08,102.25,102.25,101.6999969482422,101.6999969482422,2.0,0.0,0.0,
2017-08-09,101.5500030517578,101.5500030517578,100.3000030517578,100.3000030517578,1001.0,0.0,0.0,
2017-08-10,100.75,100.75,99.4499969482422,99.4499969482422,48.0,0.0,0.0,
2017-08-11,99.4499969482422,99.8499984741211,98.0,98.0,21.0,0.0,0.0,
2017-08-14,99.9499969482422,100.0999984741211,99.9000015258789,100.0999984741211,105.0,0.0,0.0,
2017-08-16,99.8000030517578,99.8000030517578,99.8000030517578,99.8000030517578,10.0,0.0,0.0,
2017-08-17,101.1500015258789,101.1500015258789,99.8499984741211,101.1500015258789,56.0,0.0,0.0,
2017-08-18,100.4000015258789,100.4000015258789,99.0,100.370002746582,161.0,0.0,0.0,
2017-08-21,100.6999969482422,100.6999969482422,100.6999969482422,100.6999969482422,1.0,0.0,0.0,
2017-08-22,100.0,100.0,100.0,100.0,1.0,0.0,0.0,
2017-08-23,100.1500015258789,100.1500015258789,100.1500015258789,100.1500015258789,1.0,0.0,0.0,
2017-08-24,100.5999984741211,100.5999984741211,99.3000030517578,99.4000015258789,102.0,0.0,0.0,
2017-08-28,99.0,100.6999969482422,99.0,100.6999969482422,2.0,0.0,0.0,
2017-08-29,100.3499984741211,100.3499984741211,100.3499984741211,100.3499984741211,1.0,0.0,0.0,
2017-08-30,100.6999969482422,100.6999969482422,99.5500030517578,99.5500030517578,51.0,0.0,0.0,
2017-08-31,101.5999984741211,101.8499984741211,101.5,101.6500015258789,15.0,0.0,0.0,
2017-09-01,102.5,102.5,102.5,102.5,1.0,0.0,0.0,
2017-09-04,100.9000015258789,102.5500030517578,100.9000015258789,102.5500030517578,2.0,0.0,0.0,
2017-09-05,102.4000015258789,102.4000015258789,100.5,100.5,11.0,0.0,0.0,
2017-09-06,101.9499969482422,101.9499969482422,101.9499969482422,101.9499969482422,1.0,0.0,0.0,
2017-09-07,103.0,103.0,102.4499969482422,102.4499969482422,2.0,0.0,0.0,
2017-09-08,102.4000015258789,102.4000015258789,102.4000015258789,102.4000015258789,1.0,0.0,0.0,
2017-09-11,102.75,102.75,102.75,102.75,1.0,0.0,0.0,
2017-09-12,103.0,103.8499984741211,103.0,103.8499984741211,2.0,0.0,0.0,
2017-09-13,103.0,103.0,103.0,103.0,2.0,0.0,0.0,
2017-09-14,104.0999984741211,104.0999984741211,104.0999984741211,104.0999984741211,1.0,0.0,0.0,
2017-09-15,103.5999984741211,103.5999984741211,103.25,103.25,514.0,0.0,0.0,
2017-09-18,104.3000030517578,104.3000030517578,104.3000030517578,104.3000030517578,1.0,0.0,0.0,
2017-09-19,104.0999984741211,104.3000030517578,104.0999984741211,104.3000030517578,2.0,0.0,0.0,
2017-09-20,104.1999969482422,104.1999969482422,104.1999969482422,104.1999969482422,1.0,0.0,0.0,
2017-09-21,103.75,103.75,103.0999984741211,103.0999984741211,101.0,0.0,0.0,
2017-09-22,102.9499969482422,102.9499969482422,102.9499969482422,102.9499969482422,1.0,0.0,0.0,
2017-09-25,101.5500030517578,101.5500030517578,101.5500030517578,101.5500030517578,1.0,0.0,0.0,
2017-09-26,101.3000030517578,101.3000030517578,99.5999984741211,100.0,17.0,0.0,0.0,
2017-09-27,101.25,101.25,98.5500030517578,98.5500030517578,10.0,0.0,0.0,
2017-09-28,100.1999969482422,100.1999969482422,99.5999984741211,99.5999984741211,36.0,0.0,0.0,
2017-09-29,100.8000030517578,100.8000030517578,98.5,98.5,4.0,0.0,0.0,
2017-10-03,100.0,100.0,100.0,100.0,3.0,0.0,0.0,
2017-10-04,101.6999969482422,101.6999969482422,101.6999969482422,101.6999969482422,1.0,0.0,0.0,
2017-10-05,100.4000015258789,102.0500030517578,100.4000015258789,101.1999969482422,109.0,0.0,0.0,
2017-10-06,101.0,101.0,100.8000030517578,100.8000030517578,300.0,0.0,0.0,
2017-10-09,103.0500030517578,103.0500030517578,102.8499984741211,102.8499984741211,2.0,0.0,0.0,
2017-10-10,103.0500030517578,103.0500030517578,103.0500030517578,103.0500030517578,1.0,0.0,0.0,
2017-10-11,103.5,103.5,101.0,101.0,3.0,0.0,0.0,
2017-10-12,103.0500030517578,103.1999969482422,102.1500015258789,102.1500015258789,12.0,0.0,0.0,
2017-10-13,102.6500015258789,104.0999984741211,102.6500015258789,104.0999984741211,2.0,0.0,0.0,
2017-10-16,105.0,105.25,103.3000030517578,104.6500015258789,11.0,0.0,0.0,
2017-10-17,105.0,105.0,105.0,105.0,3.0,0.0,0.0,
2017-10-18,105.0,105.0,105.0,105.0,2.0,0.0,0.0,
2017-10-19,105.0,105.0,105.0,105.0,0.0,0.0,0.0,
2017-10-23,104.5,104.5,104.5,104.5,1.0,0.0,0.0,
2017-10-24,106.0,110.0,101.0,104.9499969482422,14.0,0.0,0.0,
2017-10-25,105.3499984741211,105.3499984741211,105.3499984741211,105.3499984741211,2.0,0.0,0.0,
2017-10-26,105.9499969482422,105.9499969482422,105.9499969482422,105.9499969482422,1.0,0.0,0.0,
2017-10-27,105.9499969482422,105.9499969482422,105.9499969482422,105.9499969482422,1.0,0.0,0.0,
2017-10-30,101.0,117.0,96.9800033569336,113.0,337.0,0.0,0.0,
2017-10-31,106.0,106.4000015258789,104.3499984741211,104.3499984741211,672.0,0.0,0.0,
2017-11-01,106.0,106.0,106.0,106.0,7.0,0.0,0.0,
2017-11-02,106.0,107.3499984741211,106.0,107.3000030517578,503.0,0.0,0.0,
2017-11-03,106.0,107.6500015258789,106.0,107.6500015258789,12.0,0.0,0.0,
2017-11-06,106.0,107.7799987792969,105.3000030517578,105.75,100.0,0.0,0.0,
2017-11-07,105.5,106.8000030517578,105.5,106.8000030517578,102.0,0.0,0.0,
2017-11-08,106.0,106.0,106.0,106.0,2.0,0.0,0.0,
2017-11-09,101.0,106.5500030517578,96.9800033569336,104.25,47.0,0.0,0.0,
2017-11-10,106.0,106.25,104.0500030517578,104.0699996948242,21.0,0.0,0.0,
2017-11-13,104.0500030517578,104.0500030517578,104.0500030517578,104.0500030517578,2.0,0.0,0.0,
2017-11-14,103.1999969482422,105.3499984741211,103.0500030517578,103.0500030517578,27.0,0.0,0.0,
2017-11-15,104.6999969482422,104.6999969482422,102.0500030517578,102.0500030517578,5.0,0.0,0.0,
2017-11-16,104.5,104.5,102.8000030517578,102.8000030517578,6.0,0.0,0.0,
2017-11-17,106.0,106.3499984741211,104.0500030517578,105.75,6.0,0.0,0.0,
2017-11-20,105.8000030517578,105.8000030517578,103.6999969482422,103.8000030517578,653.0,0.0,0.0,
2017-11-21,106.0,106.5,106.0,106.3000030517578,17.0,0.0,0.0,
2017-11-22,106.0,106.3000030517578,106.0,106.0,8.0,0.0,0.0,
2017-11-23,106.0,106.0,104.1500015258789,104.1500015258789,52.0,0.0,0.0,
2017-11-24,104.1500015258789,106.75,104.1500015258789,106.75,27.0,0.0,0.0,
2017-11-27,106.0,106.3499984741211,106.0,106.3499984741211,12.0,0.0,0.0,
2017-11-28,106.0,106.8499984741211,106.0,106.5500030517578,20.0,0.0,0.0,
2017-11-29,106.0,106.75,104.4499969482422,106.5500030517578,211.0,0.0,0.0,
2017-11-30,106.25,106.25,103.5,103.6600036621094,9.0,0.0,0.0,
2017-12-01,105.8499984741211,105.8499984741211,102.5500030517578,104.8499984741211,111.0,0.0,0.0,
2017-12-04,104.6999969482422,104.6999969482422,104.5,104.5,11.0,0.0,0.0,
2017-12-05,104.0,104.1999969482422,101.9000015258789,101.9000015258789,13.0,0.0,0.0,
2017-12-06,104.0999984741211,104.1999969482422,102.0,102.0,79.0,0.0,0.0,
2017-12-07,102.0,104.25,102.0,104.1500015258789,3.0,0.0,0.0,
2017-12-08,105.5500030517578,105.5500030517578,105.5500030517578,105.5500030517578,1.0,0.0,0.0,
2017-12-11,106.3000030517578,106.4000015258789,104.0999984741211,104.0999984741211,27.0,0.0,0.0,
2017-12-12,106.0,106.0,103.5999984741211,103.5999984741211,25.0,0.0,0.0,
2017-12-13,105.5500030517578,105.5500030517578,105.5500030517578,105.5500030517578,1.0,0.0,0.0,
2017-12-14,105.3000030517578,105.3000030517578,102.6999969482422,102.6999969482422,5.0,0.0,0.0,
2017-12-15,106.9000015258789,106.9000015258789,106.9000015258789,106.9000015258789,9.0,0.0,0.0,
2017-12-18,106.6999969482422,106.9000015258789,106.6999969482422,106.9000015258789,22.0,0.0,0.0,
2017-12-19,107.25,107.25,105.0500030517578,107.25,9.0,0.0,0.0,
2017-12-20,107.6500015258789,107.6500015258789,107.6500015258789,107.6500015258789,2.0,0.0,0.0,
2017-12-21,107.5999984741211,107.6999969482422,107.5999984741211,107.6999969482422,2.0,0.0,0.0,
2017-12-22,107.8000030517578,107.8000030517578,107.8000030517578,107.8000030517578,12.0,0.0,0.0,
2017-12-26,108.0,108.0500030517578,108.0,108.0500030517578,3.0,0.0,0.0,
2017-12-27,108.0,108.4000015258789,108.0,108.0,3.0,0.0,0.0,
2017-12-28,100.0400009155273,127.0,100.0400009155273,105.1999969482422,1223.0,0.0,0.0,
2017-12-29,105.0500030517578,109.5,105.0500030517578,109.5,142.0,0.0,0.0,
2018-01-01,108.0,109.0,108.0,109.0,93.0,0.0,0.0,
2018-01-02,108.0,109.0,108.0,108.5,47.0,0.0,0.0,
2018-01-03,108.0,108.0,105.0,108.0,62.0,0.0,0.0,
2018-01-04,108.0,108.0,104.5999984741211,108.0,13.0,0.0,0.0,
2018-01-05,106.9899978637695,106.9899978637695,105.5,105.5100021362305,404.0,0.0,0.0,
2018-01-08,106.0,108.0,106.0,106.0,8.0,0.0,0.0,
2018-01-09,103.0,110.4000015258789,103.0,110.4000015258789,69.0,0.0,0.0,
2018-01-10,110.0,110.0,110.0,110.0,2.0,0.0,0.0,
2018-01-11,110.0,110.0,106.1500015258789,106.25,65.0,0.0,0.0,
2018-01-12,110.0,110.8499984741211,106.6500015258789,106.6500015258789,100.0,0.0,0.0,
2018-01-15,110.0,111.4499969482422,110.0,111.3499984741211,31.0,0.0,0.0,
2018-01-16,110.0,111.3499984741211,110.0,111.25,11.0,0.0,0.0,
2018-01-17,110.0,111.4499969482422,110.0,111.4499969482422,2.0,0.0,0.0,
2018-01-18,110.0,111.9499969482422,108.25,111.9499969482422,140.0,0.0,0.0,
2018-01-19,110.0,112.6999969482422,110.0,112.6999969482422,2.0,0.0,0.0,
2018-01-22,110.0,113.3499984741211,110.0,113.3499984741211,4.0,0.0,0.0,
2018-01-23,106.0999984741211,119.9000015258789,106.0999984741211,114.1500015258789,1004.0,0.0,0.0,
2018-01-24,110.5,114.4000015258789,110.5,114.4000015258789,101.0,0.0,0.0,
2018-01-25,115.4000015258789,119.0,108.1500015258789,112.1600036621094,353.0,0.0,0.0,
2018-01-29,119.0,125.0,106.0999984741211,114.6999969482422,53.0,0.0,0.0,
2018-01-30,114.3499984741211,114.3499984741211,114.3499984741211,114.3499984741211,1.0,0.0,0.0,
2018-01-31,114.25,114.25,108.0,108.0,6.0,0.0,0.0,
2018-02-01,114.5999984741211,114.5999984741211,111.5,111.5,70.0,0.0,0.0,
2018-02-02,111.5,111.5,109.6999969482422,111.3000030517578,30.0,0.0,0.0,
2018-02-05,110.0999984741211,110.5,108.0999984741211,110.1999969482422,13.0,0.0,0.0,
2018-02-06,90.5,107.5,90.5,107.5,403.0,0.0,0.0,
2018-02-07,108.9000015258789,108.9000015258789,108.5,108.5,38.0,0.0,0.0,
2018-02-08,109.1500015258789,109.3499984741211,109.1500015258789,109.3499984741211,6.0,0.0,0.0,
2018-02-09,107.5999984741211,108.3000030517578,107.5999984741211,108.3000030517578,11.0,0.0,0.0,
2018-02-12,108.4499969482422,108.4499969482422,108.4499969482422,108.4499969482422,1.0,0.0,0.0,
2018-02-14,108.8499984741211,108.9499969482422,108.8499984741211,108.9499969482422,12.0,0.0,0.0,
2018-02-15,109.1999969482422,109.1999969482422,109.1999969482422,109.1999969482422,29.0,0.0,0.0,
2018-02-16,109.3499984741211,109.3499984741211,109.1999969482422,109.1999969482422,7.0,0.0,0.0,
2018-02-19,107.4000015258789,107.4000015258789,107.3000030517578,107.3000030517578,6.0,0.0,0.0,
2018-02-20,107.4499969482422,107.4499969482422,106.8499984741211,106.8499984741211,2.0,0.0,0.0,
2018-02-21,106.8499984741211,107.1500015258789,104.8499984741211,107.1500015258789,13.0,0.0,0.0,
2018-02-22,107.1999969482422,107.1999969482422,107.1999969482422,107.1999969482422,1.0,0.0,0.0,
2018-02-23,107.6999969482422,107.6999969482422,107.6999969482422,107.6999969482422,1.0,0.0,0.0,
2018-02-26,109.1999969482422,109.1999969482422,109.1999969482422,109.1999969482422,1.0,0.0,0.0,
2018-02-27,109.0,109.0,109.0,109.0,51.0,0.0,0.0,
2018-02-28,108.3000030517578,108.3000030517578,108.3000030517578,108.3000030517578,11.0,0.0,0.0,
2018-03-01,108.5,108.5,108.5,108.5,1.0,0.0,0.0,
2018-03-05,107.1999969482422,107.1999969482422,107.1999969482422,107.1999969482422,1.0,0.0,0.0,
2018-03-06,107.6500015258789,107.6500015258789,104.0,104.0,101.0,0.0,0.0,
2018-03-07,105.9000015258789,105.9000015258789,105.3000030517578,105.3000030517578,7.0,0.0,0.0,
2018-03-08,105.3000030517578,105.3000030517578,105.1999969482422,105.1999969482422,3.0,0.0,0.0,
2018-03-09,105.1999969482422,106.1999969482422,105.1999969482422,106.1999969482422,2.0,0.0,0.0,
2018-03-12,106.5999984741211,106.5999984741211,106.5999984741211,106.5999984741211,1.0,0.0,0.0,
2018-03-13,108.0,108.0,105.6999969482422,105.6999969482422,581.0,0.0,0.0,
2018-03-14,107.3000030517578,107.3000030517578,105.0999984741211,107.1999969482422,55.0,0.0,0.0,
2018-03-15,107.4000015258789,107.4000015258789,107.4000015258789,107.4000015258789,9.0,0.0,0.0,
2018-03-16,106.6500015258789,106.6500015258789,106.3499984741211,106.3499984741211,5.0,0.0,0.0,
2018-03-19,105.3000030517578,105.4000015258789,102.8000030517578,104.6999969482422,134.0,0.0,0.0,
2018-03-20,104.75,104.75,103.0,103.0,3.0,0.0,0.0,
2018-03-21,105.8000030517578,105.8000030517578,105.8000030517578,105.8000030517578,1.0,0.0,0.0,
2018-03-22,104.9499969482422,104.9499969482422,100.4000015258789,100.4000015258789,108.0,0.0,0.0,
2018-03-23,102.8000030517578,102.8000030517578,102.0,102.0,3.0,0.0,0.0,
2018-03-26,102.8499984741211,102.8499984741211,102.0,102.6500015258789,36215.0,0.0,0.0,
2018-03-27,104.6500015258789,104.6500015258789,101.0,104.6500015258789,74.0,0.0,0.0,
2018-03-28,102.0,110.0,102.0,102.0,54.0,0.0,0.0,
2018-04-02,110.0,110.0,105.0,105.1999969482422,127.0,0.0,0.0,
2018-04-03,105.3499984741211,105.6500015258789,101.5,103.8199996948242,132.0,0.0,0.0,
2018-04-04,105.6999969482422,105.6999969482422,105.6999969482422,105.6999969482422,1.0,0.0,0.0,
2018-04-05,86.0,105.3499984741211,86.0,102.6999969482422,65.0,0.0,0.0,
2018-04-06,106.0,106.0,102.5500030517578,102.8499984741211,8.0,0.0,0.0,
2018-04-09,106.9000015258789,106.9000015258789,103.1500015258789,103.1999969482422,148.0,0.0,0.0,
2018-04-10,107.1500015258789,107.1500015258789,106.9499969482422,106.9499969482422,2.0,0.0,0.0,
2018-04-11,106.9000015258789,106.9000015258789,106.5999984741211,106.5999984741211,126.0,0.0,0.0,
2018-04-12,107.0500030517578,107.0500030517578,107.0500030517578,107.0500030517578,1.0,0.0,0.0,
2018-04-13,107.6999969482422,107.6999969482422,107.6999969482422,107.6999969482422,1.0,0.0,0.0,
2018-04-16,107.6999969482422,107.9000015258789,105.4499969482422,105.4499969482422,58.0,0.0,0.0,
2018-04-17,108.4000015258789,108.5999984741211,106.1500015258789,106.1500015258789,801.0,0.0,0.0,
2018-04-18,108.6999969482422,108.9499969482422,108.6999969482422,108.9499969482422,11.0,0.0,0.0,
2018-04-19,108.75,108.8499984741211,106.6500015258789,106.6500015258789,12.0,0.0,0.0,
2018-04-20,108.6500015258789,108.6500015258789,108.6500015258789,108.6500015258789,1001.0,0.0,0.0,
2018-04-23,108.9000015258789,109.25,106.9000015258789,108.3199996948242,164.0,0.0,0.0,
2018-04-24,109.1500015258789,109.1500015258789,109.1500015258789,109.1500015258789,1.0,0.0,0.0,
2018-04-25,108.9499969482422,108.9499969482422,106.8499984741211,107.0,685.0,0.0,0.0,
2018-04-26,109.3499984741211,109.3499984741211,107.0500030517578,107.4000015258789,4.0,0.0,0.0,
2018-04-27,110.0,110.3000030517578,110.0,110.1999969482422,22.0,0.0,0.0,
2018-04-30,110.0,110.0,110.0,110.0,2.0,0.0,0.0,
2018-05-02,110.0,110.75,110.0,110.0,11.0,0.0,0.0,
2018-05-03,110.3499984741211,110.3499984741211,108.0500030517578,108.0500030517578,6.0,0.0,0.0,
2018-05-04,109.9499969482422,109.9499969482422,109.9499969482422,109.9499969482422,2.0,0.0,0.0,
2018-05-07,109.9499969482422,110.0500030517578,109.9499969482422,110.0500030517578,49.0,0.0,0.0,
2018-05-08,110.5999984741211,110.5999984741211,108.8499984741211,108.8499984741211,72.0,0.0,0.0,
2018-05-09,110.6500015258789,110.6500015258789,110.6500015258789,110.6500015258789,11.0,0.0,0.0,
2018-05-10,111.3000030517578,111.3000030517578,111.3000030517578,111.3000030517578,3.0,0.0,0.0,
2018-05-11,110.75,110.75,110.75,110.75,1.0,0.0,0.0,
2018-05-14,111.6999969482422,111.6999969482422,109.4000015258789,109.4000015258789,28.0,0.0,0.0,
2018-05-15,112.4499969482422,112.4499969482422,112.4499969482422,112.4499969482422,9.0,0.0,0.0,
2018-05-16,110.75,110.75,110.75,110.75,1.0,0.0,0.0,
2018-05-17,109.0999984741211,111.0500030517578,108.8000030517578,110.4499969482422,1131.0,0.0,0.0,
2018-05-18,108.1999969482422,109.8499984741211,108.1999969482422,109.8499984741211,102.0,0.0,0.0,
2018-05-21,109.25,109.25,109.25,109.25,3.0,0.0,0.0,
2018-05-22,108.75,109.0500030517578,108.75,108.75,7.0,0.0,0.0,
2018-05-23,108.5999984741211,108.5999984741211,108.0,108.0,7.0,0.0,0.0,
2018-05-24,107.5500030517578,107.5500030517578,106.1999969482422,106.3600006103516,10.0,0.0,0.0,
2018-05-25,109.0,109.3000030517578,109.0,109.3000030517578,7.0,0.0,0.0,
2018-05-28,109.9499969482422,109.9499969482422,108.0,108.0,6.0,0.0,0.0,
2018-05-29,110.0,110.0,107.4499969482422,107.4499969482422,10.0,0.0,0.0,
2018-05-30,109.0999984741211,109.0999984741211,109.0999984741211,109.0999984741211,6.0,0.0,0.0,
2018-05-31,109.9499969482422,109.9499969482422,108.3000030517578,108.3000030517578,12.0,0.0,0.0,
2018-06-01,111.4000015258789,111.4000015258789,111.4000015258789,111.4000015258789,5.0,0.0,0.0,
2018-06-04,113.0,113.0,110.0,110.0,905.0,0.0,0.0,
2018-06-05,109.9499969482422,109.9499969482422,109.9499969482422,109.9499969482422,9.0,0.0,0.0,
2018-06-06,110.1500015258789,110.4499969482422,110.1500015258789,110.4499969482422,15.0,0.0,0.0,
2018-06-07,111.4000015258789,111.4000015258789,111.4000015258789,111.4000015258789,47.0,0.0,0.0,
2018-06-08,111.1500015258789,111.1500015258789,111.1500015258789,111.1500015258789,4.0,0.0,0.0,
2018-06-11,111.1500015258789,111.1500015258789,111.1500015258789,111.1500015258789,4.0,0.0,0.0,
2018-06-12,111.9499969482422,111.9499969482422,109.6500015258789,109.6500015258789,8.0,0.0,0.0,
2018-06-13,109.9000015258789,112.5,109.9000015258789,112.5,14.0,0.0,0.0,
2018-06-14,113.0,113.0,112.0,112.0,24.0,0.0,0.0,
2018-06-15,112.1999969482422,112.1999969482422,112.1999969482422,112.1999969482422,12.0,0.0,0.0,
2018-06-18,112.0500030517578,112.0500030517578,112.0500030517578,112.0500030517578,9.0,0.0,0.0,
2018-06-19,112.0500030517578,112.0500030517578,109.0999984741211,109.0999984741211,16.0,0.0,0.0,
2018-06-20,111.4499969482422,111.4499969482422,111.4499969482422,111.4499969482422,5.0,0.0,0.0,
2018-06-21,111.9000015258789,111.9000015258789,109.8499984741211,109.8499984741211,69.0,0.0,0.0,
2018-06-22,111.3499984741211,111.3499984741211,111.3499984741211,111.3499984741211,5.0,0.0,0.0,
2018-06-25,112.1999969482422,112.1999969482422,110.0,110.0,35.0,0.0,0.0,
2018-06-26,109.6500015258789,111.6999969482422,109.6500015258789,111.6999969482422,6.0,0.0,0.0,
2018-06-27,111.5999984741211,111.5999984741211,111.5999984741211,111.5999984741211,4.0,0.0,0.0,
2018-06-28,107.0,109.5500030517578,106.0,107.75,8.0,0.0,0.0,
2018-06-29,109.6500015258789,109.6500015258789,109.6500015258789,109.6500015258789,5.0,0.0,0.0,
2018-07-02,115.0,115.0,109.0,109.0,475.0,0.0,0.0,
2018-07-03,110.0,110.0,110.0,110.0,5.0,0.0,0.0,
2018-07-04,111.0,111.0,111.0,111.0,209.0,0.0,0.0,
2018-07-05,111.75,111.75,109.6999969482422,109.6999969482422,107.0,0.0,0.0,
2018-07-06,109.6999969482422,111.6999969482422,109.6999969482422,111.6999969482422,8.0,0.0,0.0,
2018-07-09,112.4000015258789,112.4000015258789,112.4000015258789,112.4000015258789,46.0,0.0,0.0,
2018-07-10,112.9499969482422,113.25,111.25,112.0400009155273,290.0,0.0,0.0,
2018-07-11,113.3499984741211,113.3499984741211,111.5999984741211,111.75,156.0,0.0,0.0,
2018-07-12,113.5,114.0999984741211,113.5,114.0,10.0,0.0,0.0,
2018-07-13,114.0,114.5500030517578,114.0,114.25,5.0,0.0,0.0,
2018-07-16,114.0999984741211,114.0999984741211,114.0500030517578,114.0500030517578,37.0,0.0,0.0,
2018-07-17,113.75,113.75,112.0,112.0,6.0,0.0,0.0,
2018-07-18,114.0,114.4499969482422,113.8499984741211,113.8499984741211,26.0,0.0,0.0,
2018-07-19,113.6500015258789,114.0,112.0,113.6999969482422,461.0,0.0,0.0,
2018-07-20,114.0,114.25,112.5,112.5,22.0,0.0,0.0,
2018-07-23,114.0,114.5500030517578,112.5,114.5,18.0,0.0,0.0,
2018-07-24,114.0,115.25,113.1999969482422,115.25,7.0,0.0,0.0,
2018-07-25,115.25,115.4499969482422,115.25,115.4499969482422,9.0,0.0,0.0,
2018-07-26,115.9499969482422,115.9499969482422,113.9000015258789,113.9000015258789,55.0,0.0,0.0,
2018-07-27,118.0,129.0,118.0,127.5100021362305,434.0,0.0,0.0,
2018-07-30,117.25,117.25,115.1999969482422,117.1999969482422,628.0,0.0,0.0,
2018-07-31,115.0999984741211,117.1500015258789,115.0999984741211,117.1500015258789,12.0,0.0,0.0,
2018-08-01,117.9000015258789,117.9000015258789,117.9000015258789,117.9000015258789,31.0,0.0,0.0,
2018-08-02,117.0999984741211,117.0999984741211,115.0500030517578,117.0999984741211,732.0,0.0,0.0,
2018-08-03,115.5,117.5500030517578,115.5,115.5,12.0,0.0,0.0,
2018-08-06,118.25,118.25,116.1999969482422,116.1999969482422,86.0,0.0,0.0,
2018-08-07,118.0,118.0999984741211,116.25,118.0999984741211,249.0,0.0,0.0,
2018-08-08,118.1999969482422,118.1999969482422,118.1999969482422,118.1999969482422,44.0,0.0,0.0,
2018-08-09,118.8499984741211,118.8499984741211,118.8499984741211,118.8499984741211,4.0,0.0,0.0,
2018-08-10,118.8499984741211,118.8499984741211,118.4499969482422,118.4499969482422,16.0,0.0,0.0,
2018-08-13,117.8000030517578,117.8000030517578,117.8000030517578,117.8000030517578,7.0,0.0,0.0,
2018-08-14,118.0999984741211,118.0999984741211,116.3499984741211,116.3499984741211,284.0,0.0,0.0,
2018-08-16,116.3499984741211,118.1999969482422,116.3499984741211,118.1999969482422,71.0,0.0,0.0,
2018-08-17,118.5999984741211,118.5999984741211,118.5999984741211,118.5999984741211,4.0,0.0,0.0,
2018-08-20,120.0,120.0,118.5999984741211,118.5999984741211,60.0,0.0,0.0,
2018-08-21,120.3000030517578,120.3000030517578,120.3000030517578,120.3000030517578,15.0,0.0,0.0,
2018-08-23,120.3000030517578,120.3000030517578,117.6500015258789,120.1999969482422,284.0,0.0,0.0,
2018-08-24,120.1999969482422,120.1999969482422,117.8000030517578,120.1999969482422,19.0,0.0,0.0,
2018-08-27,120.1999969482422,120.25,118.5500030517578,120.25,49.0,0.0,0.0,
2018-08-28,123.0,142.8899993896484,123.0,142.8899993896484,1632.0,0.0,0.0,
2018-08-29,142.8899993896484,144.0,119.1500015258789,119.8899993896484,19068.0,0.0,0.0,
2018-08-30,122.0,122.0,116.3000030517578,119.6800003051758,1865.0,0.0,0.0,
2018-08-31,122.0,122.0,119.0,119.25,1395.0,0.0,0.0,
2018-09-03,120.25,121.5500030517578,118.3499984741211,118.6399993896484,2834.0,0.0,0.0,
2018-09-04,121.8000030517578,121.8000030517578,114.0800018310547,119.8000030517578,1368.0,0.0,0.0,
2018-09-05,119.8000030517578,119.8000030517578,118.8000030517578,118.8000030517578,208.0,0.0,0.0,
2018-09-06,119.8499984741211,119.8499984741211,117.5500030517578,119.5,390.0,0.0,0.0,
2018-09-07,118.0,119.9000015258789,117.9000015258789,118.6100006103516,454.0,0.0,0.0,
2018-09-10,119.0,119.0,118.0,118.0,487.0,0.0,0.0,
2018-09-11,118.9499969482422,118.9499969482422,118.9499969482422,118.9499969482422,8.0,0.0,0.0,
2018-09-12,117.5500030517578,118.0,115.25,118.0,548.0,0.0,0.0,
2018-09-14,118.5,119.75,116.8000030517578,117.9400024414062,294.0,0.0,0.0,
2018-09-17,118.5500030517578,118.5500030517578,116.25,118.4000015258789,183.0,0.0,0.0,
2018-09-18,118.25,118.25,115.6500015258789,115.6500015258789,121.0,0.0,0.0,
2018-09-19,117.6500015258789,117.6500015258789,115.0,115.0999984741211,364.0,0.0,0.0,
2018-09-21,115.4499969482422,117.4000015258789,112.1999969482422,112.1999969482422,252.0,0.0,0.0,
2018-09-24,113.4000015258789,115.4000015258789,113.0999984741211,113.0999984741211,68.0,0.0,0.0,
2018-09-25,111.4000015258789,114.0,111.3000030517578,111.3000030517578,25.0,0.0,0.0,
2018-09-26,114.9000015258789,114.9000015258789,112.4000015258789,112.4000015258789,469.0,0.0,0.0,
2018-09-27,115.5,115.5,113.1999969482422,113.1999969482422,19.0,0.0,0.0,
2018-09-28,118.9000015258789,118.9000015258789,109.0,109.0,125.0,0.0,0.0,
2018-10-01,109.0,113.5500030517578,109.0,112.3000030517578,157.0,0.0,0.0,
2018-10-03,113.0999984741211,113.6999969482422,110.8000030517578,110.9000015258789,100.0,0.0,0.0,
2018-10-04,111.6500015258789,111.6500015258789,109.0500030517578,110.9000015258789,96.0,0.0,0.0,
2018-10-05,110.0,110.0,107.4499969482422,107.4499969482422,181.0,0.0,0.0,
2018-10-08,105.0,108.1500015258789,101.0,108.1500015258789,90.0,0.0,0.0,
2018-10-09,107.6999969482422,107.6999969482422,105.0999984741211,105.0999984741211,24.0,0.0,0.0,
2018-10-10,105.75,108.0,105.75,108.0,8.0,0.0,0.0,
2018-10-11,108.0,127.0,87.9000015258789,105.0999984741211,679.0,0.0,0.0,
2018-10-12,108.5999984741211,108.5999984741211,108.5999984741211,108.5999984741211,5.0,0.0,0.0,
2018-10-15,108.8000030517578,108.8000030517578,108.5,108.5,15.0,0.0,0.0,
2018-10-16,109.8499984741211,109.8499984741211,109.8499984741211,109.8499984741211,5.0,0.0,0.0,
2018-10-17,110.0,110.5,110.0,110.5,6.0,0.0,0.0,
2018-10-19,106.0,107.8000030517578,105.1999969482422,106.0,64.0,0.0,0.0,
2018-10-22,107.1999969482422,107.1999969482422,107.0,107.0,25.0,0.0,0.0,
2018-10-23,106.0,106.0500030517578,103.4499969482422,103.4499969482422,67.0,0.0,0.0,
2018-10-24,107.0500030517578,107.0500030517578,104.4499969482422,104.4499969482422,12.0,0.0,0.0,
2018-10-25,104.0,106.1500015258789,103.9000015258789,103.9000015258789,22.0,0.0,0.0,
2018-10-26,104.75,105.6500015258789,104.75,104.75,111.0,0.0,0.0,
2018-10-29,109.0,109.0,105.1999969482422,107.2699966430664,33.0,0.0,0.0,
2018-10-30,106.9499969482422,106.9499969482422,104.3499984741211,106.6500015258789,263.0,0.0,0.0,
2018-10-31,110.0,122.0,103.4000015258789,108.0999984741211,529.0,0.0,0.0,
2018-11-01,108.0,108.2799987792969,105.5699996948242,108.2799987792969,40.0,0.0,0.0,
2018-11-02,109.7900009155273,110.0,109.5,109.5,18.0,0.0,0.0,
2018-11-05,109.75,122.0,109.75,115.0,130.0,0.0,0.0,
2018-11-06,113.0,120.0,113.0,115.0,8.0,0.0,0.0,
2018-11-07,115.0,115.0,108.0100021362305,109.3000030517578,35.0,0.0,0.0,
2018-11-09,113.0,123.0,112.0100021362305,118.3099975585938,202.0,0.0,0.0,
2018-11-12,115.0,115.0,109.5,109.5,375.0,0.0,0.0,
2018-11-13,110.0,110.0999984741211,108.3000030517578,108.3000030517578,54.0,0.0,0.0,
2018-11-14,108.5999984741211,110.9499969482422,108.1999969482422,108.1999969482422,126.0,0.0,0.0,
2018-11-15,111.0,111.0,108.0,111.0,133.0,0.0,0.0,
2018-11-16,111.3000030517578,111.75,108.8000030517578,108.8000030517578,59.0,0.0,0.0,
2018-11-19,112.0999984741211,112.5,109.1500015258789,112.5,54.0,0.0,0.0,
2018-11-20,112.5,112.5,109.25,109.25,50.0,0.0,0.0,
2018-11-21,111.3000030517578,111.3000030517578,111.0,111.0,18.0,0.0,0.0,
2018-11-22,111.0,111.4899978637695,110.0,110.0,250.0,0.0,0.0,
2018-11-26,110.0,111.1500015258789,106.0500030517578,111.1500015258789,125.0,0.0,0.0,
2018-11-27,109.0500030517578,111.0,109.0500030517578,111.0,10.0,0.0,0.0,
2018-11-28,109.0,114.9000015258789,105.3000030517578,112.0999984741211,230.0,0.0,0.0,
2018-11-29,112.0999984741211,113.25,111.0,111.0,120.0,0.0,0.0,
2018-11-30,113.0999984741211,113.0999984741211,111.0500030517578,111.4000015258789,203.0,0.0,0.0,
2018-12-03,111.4100036621094,114.25,111.0999984741211,114.1500015258789,58.0,0.0,0.0,
2018-12-04,114.0,114.1800003051758,110.9499969482422,111.2399978637695,281.0,0.0,0.0,
2018-12-05,113.3000030517578,113.3000030517578,113.0,113.0,14.0,0.0,0.0,
2018-12-06,112.0,112.0,102.5,106.7799987792969,108.0,0.0,0.0,
2018-12-07,106.0,111.6999969482422,106.0,109.0100021362305,373.0,0.0,0.0,
2018-12-10,114.9499969482422,114.9499969482422,110.3000030517578,110.3499984741211,65.0,0.0,0.0,
2018-12-11,114.9899978637695,114.9899978637695,107.0100021362305,109.6500015258789,74.0,0.0,0.0,
2018-12-12,115.0,122.0,108.0100021362305,109.7699966430664,412.0,0.0,0.0,
2018-12-13,113.0,113.0,110.6999969482422,110.6999969482422,10.0,0.0,0.0,
2018-12-14,112.9499969482422,113.1999969482422,110.1500015258789,113.0,89.0,0.0,0.0,
2018-12-17,113.6999969482422,113.6999969482422,112.9800033569336,112.9800033569336,16.0,0.0,0.0,
2018-12-18,113.5999984741211,113.5999984741211,110.6500015258789,113.5500030517578,38.0,0.0,0.0,
2018-12-19,114.0,124.0,107.9599990844727,113.5500030517578,694.0,0.0,0.0,
2018-12-20,114.9899978637695,114.9899978637695,111.0,114.9899978637695,116.0,0.0,0.0,
2018-12-21,114.4000015258789,114.4000015258789,112.0,112.8000030517578,40.0,0.0,0.0,
2018-12-24,112.4000015258789,112.4000015258789,111.0100021362305,112.4000015258789,15.0,0.0,0.0,
2018-12-26,110.6999969482422,112.5500030517578,110.4000015258789,112.5400009155273,1411.0,0.0,0.0,
2018-12-27,112.5500030517578,113.4499969482422,112.5500030517578,113.1500015258789,87.0,0.0,0.0,
2018-12-28,115.0,117.9000015258789,109.0100021362305,109.879997253418,196.0,0.0,0.0,
2018-12-31,110.3000030517578,114.25,110.3000030517578,114.25,129.0,0.0,0.0,
2019-01-01,114.9899978637695,114.9899978637695,112.0,112.0,50.0,0.0,0.0,
2019-01-02,114.0,114.0,112.0,112.0,15.0,0.0,0.0,
2019-01-03,113.3000030517578,113.3000030517578,110.0100021362305,110.0100021362305,99.0,0.0,0.0,
2019-01-04,112.6999969482422,112.6999969482422,108.0999984741211,112.0,198.0,0.0,0.0,
2019-01-07,113.5,117.0,110.2600021362305,116.8600006103516,114.0,0.0,0.0,
2019-01-08,108.0999984741211,114.9899978637695,108.0999984741211,109.0199966430664,249.0,0.0,0.0,
2019-01-09,113.8499984741211,113.8499984741211,110.0999984741211,113.4599990844727,141.0,0.0,0.0,
2019-01-10,114.9899978637695,114.9899978637695,112.0,112.0,53.0,0.0,0.0,
2019-01-11,113.6800003051758,113.6800003051758,112.0,112.0,14.0,0.0,0.0,
2019-01-14,113.0,113.0,110.0599975585938,111.9899978637695,80.0,0.0,0.0,
2019-01-15,113.6500015258789,113.6500015258789,112.0,112.0,140.0,0.0,0.0,
2019-01-16,111.9499969482422,111.9499969482422,110.1999969482422,111.9000015258789,117.0,0.0,0.0,
2019-01-17,114.9899978637695,114.9899978637695,110.3000030517578,111.0999984741211,164.0,0.0,0.0,
2019-01-18,112.9899978637695,112.9899978637695,110.8499984741211,110.8499984741211,668.0,0.0,0.0,
2019-01-21,114.4499969482422,114.4499969482422,111.6999969482422,111.6999969482422,152.0,0.0,0.0,
2019-01-22,113.75,113.75,108.0999984741211,111.3000030517578,14.0,0.0,0.0,
2019-01-23,113.4899978637695,113.4899978637695,112.5,112.9400024414062,212.0,0.0,0.0,
2019-01-24,112.9899978637695,113.0,112.0,112.0,18.0,0.0,0.0,
2019-01-25,113.9400024414062,113.9400024414062,111.0,111.0,35.0,0.0,0.0,
2019-01-28,109.0,112.9000015258789,109.0,109.6100006103516,28.0,0.0,0.0,
2019-01-29,111.3000030517578,111.3000030517578,108.8099975585938,110.0500030517578,1097.0,0.0,0.0,
2019-01-30,111.25,111.25,110.0500030517578,110.0500030517578,131.0,0.0,0.0,
2019-01-31,111.8000030517578,112.0,110.0500030517578,110.5500030517578,88.0,0.0,0.0,
2019-02-01,112.0,112.5,111.1999969482422,111.7200012207031,39.0,0.0,0.0,
2019-02-04,112.0,113.0,111.0,113.0,63.0,0.0,0.0,
2019-02-05,111.5999984741211,112.9899978637695,111.5999984741211,111.5999984741211,10.0,0.0,0.0,
2019-02-06,112.0,114.0,112.0,113.0,272.0,0.0,0.0,
2019-02-07,113.0,115.3000030517578,113.0,113.2099990844727,300.0,0.0,0.0,
2019-02-08,114.6500015258789,114.6999969482422,112.0500030517578,112.1699981689453,62.0,0.0,0.0,
2019-02-11,110.0500030517578,113.0999984741211,110.0500030517578,113.0999984741211,25.0,0.0,0.0,
2019-02-12,113.0999984741211,113.0999984741211,113.0999984741211,113.0999984741211,0.0,0.0,0.0,
2019-02-14,111.5,111.5,110.0100021362305,110.0100021362305,25.0,0.0,0.0,
2019-02-15,110.0100021362305,110.0100021362305,110.0100021362305,110.0100021362305,0.0,0.0,0.0,
2019-02-18,110.0100021362305,110.0100021362305,110.0100021362305,110.0100021362305,0.0,0.0,0.0,
2019-02-19,110.0100021362305,110.0100021362305,110.0100021362305,110.0100021362305,0.0,0.0,0.0,
2019-02-20,111.0800018310547,111.8000030517578,109.1999969482422,109.8899993896484,151.0,0.0,0.0,
2019-02-21,111.6999969482422,111.75,109.9000015258789,110.3099975585938,50.0,0.0,0.0,
2019-02-22,110.3099975585938,110.3099975585938,110.3099975585938,110.3099975585938,0.0,0.0,0.0,
2019-02-25,113.9899978637695,113.9899978637695,110.5999984741211,112.5999984741211,27.0,0.0,0.0,
2019-02-26,111.6500015258789,112.4899978637695,109.9000015258789,112.4899978637695,79.0,0.0,0.0,
2019-02-27,112.0999984741211,112.0999984741211,111.4499969482422,111.4499969482422,10.0,0.0,0.0,
2019-02-28,111.4499969482422,111.4499969482422,111.4499969482422,111.4499969482422,0.0,0.0,0.0,
2019-03-01,111.4499969482422,111.4499969482422,111.4499969482422,111.4499969482422,0.0,0.0,0.0,
2019-03-05,113.25,114.5500030517578,113.0500030517578,114.5500030517578,70.0,0.0,0.0,
2019-03-06,112.5,114.75,112.5,112.75,70.0,0.0,0.0,
2019-03-07,114.7900009155273,114.8000030517578,113.0,114.8000030517578,406.0,0.0,0.0,
2019-03-08,114.8000030517578,114.8000030517578,114.8000030517578,114.8000030517578,0.0,0.0,0.0,
2019-03-11,115.0,115.9899978637695,114.0,114.0,32.0,0.0,0.0,
2019-03-12,116.0,117.1999969482422,115.9000015258789,116.0,22.0,0.0,0.0,
2019-03-13,115.9499969482422,118.1500015258789,115.1999969482422,116.0,233.0,0.0,0.0,
2019-03-14,116.0,118.3000030517578,115.7099990844727,116.0,847.0,0.0,0.0,
2019-03-15,116.0,117.9899978637695,116.0,117.0500030517578,34.0,0.0,0.0,
2019-03-18,117.5500030517578,119.9899978637695,116.6999969482422,116.6999969482422,1329.0,0.0,0.0,
2019-03-19,119.6999969482422,120.0500030517578,117.0999984741211,120.0,1157.0,0.0,0.0,
2019-03-20,120.0,120.0,117.6500015258789,119.9499969482422,39.0,0.0,0.0,
2019-03-22,120.0,120.5,119.3499984741211,119.370002746582,58.0,0.0,0.0,
2019-03-25,118.5500030517578,118.5999984741211,117.8499984741211,117.8499984741211,105.0,0.0,0.0,
2019-03-26,118.6500015258789,118.6500015258789,118.6500015258789,118.6500015258789,4.0,0.0,0.0,
2019-03-27,120.0,120.1500015258789,117.9000015258789,117.9000015258789,273.0,0.0,0.0,
2019-03-28,118.0999984741211,119.9000015258789,118.0999984741211,119.8000030517578,37.0,0.0,0.0,
2019-04-01,119.8000030517578,119.8000030517578,113.0999984741211,114.6100006103516,26.0,0.0,0.0,
2019-04-02,119.9899978637695,121.6999969482422,119.9899978637695,120.379997253418,266.0,0.0,0.0,
2019-04-03,120.0,122.4000015258789,120.0,121.5999984741211,59.0,0.0,0.0,
2019-04-04,120.0,121.5999984741211,119.6999969482422,121.0999984741211,302.0,0.0,0.0,
2019-04-05,120.0,121.6999969482422,119.8000030517578,119.8099975585938,22.0,0.0,0.0,
2019-04-08,120.0,135.0,119.6500015258789,121.3399963378906,188.0,0.0,0.0,
2019-04-09,120.0,121.4000015258789,120.0,120.0,31.0,0.0,0.0,
2019-04-10,120.0,121.6500015258789,120.0,121.0500030517578,153.0,0.0,0.0,
2019-04-11,120.0,121.0500030517578,120.0,121.0500030517578,104.0,0.0,0.0,
2019-04-12,120.0,121.0,118.8499984741211,120.0,123.0,0.0,0.0,
2019-04-15,120.0,121.4499969482422,120.0,121.4499969482422,43.0,0.0,0.0,
2019-04-16,121.4499969482422,121.4499969482422,120.5999984741211,121.1999969482422,26.0,0.0,0.0,
2019-04-18,121.1999969482422,121.1999969482422,120.3000030517578,120.3000030517578,208.0,0.0,0.0,
2019-04-22,120.0,127.0,120.0,120.5500030517578,1173.0,0.0,0.0,
2019-04-23,119.3000030517578,120.0,115.8000030517578,118.5999984741211,32.0,0.0,0.0,
2019-04-24,120.8000030517578,120.8000030517578,120.8000030517578,120.8000030517578,4.0,0.0,0.0,
2019-04-25,122.0,123.0500030517578,122.0,122.0,6.0,0.0,0.0,
2019-04-26,120.0999984741211,122.4000015258789,120.0999984741211,122.4000015258789,3.0,0.0,0.0,
2019-04-30,122.1999969482422,122.5,122.1999969482422,122.4499969482422,33.0,0.0,0.0,
2019-05-02,121.0,122.4499969482422,121.0,122.4499969482422,55.0,0.0,0.0,
2019-05-03,122.5999984741211,122.5999984741211,120.3000030517578,120.3000030517578,17.0,0.0,0.0,
2019-05-06,121.3499984741211,121.6500015258789,121.3000030517578,121.3000030517578,58.0,0.0,0.0,
2019-05-07,121.6500015258789,121.6500015258789,120.1500015258789,120.1500015258789,43.0,0.0,0.0,
2019-05-08,119.7900009155273,119.7900009155273,117.0100021362305,118.5,10.0,0.0,0.0,
2019-05-09,118.25,118.4899978637695,118.0,118.0,14.0,0.0,0.0,
2019-05-10,118.0,118.0,117.9300003051758,117.9300003051758,14.0,0.0,0.0,
2019-05-13,117.3000030517578,117.9000015258789,114.3499984741211,115.9700012207031,25.0,0.0,0.0,
2019-05-14,116.0,117.5,114.3099975585938,117.25,12.0,0.0,0.0,
2019-05-15,117.5,117.8000030517578,114.3000030517578,114.3000030517578,23.0,0.0,0.0,
2019-05-16,116.6999969482422,116.6999969482422,116.6999969482422,116.6999969482422,4.0,0.0,0.0,
2019-05-17,118.0,118.0,118.0,118.0,4.0,0.0,0.0,
2019-05-20,120.0,123.0,119.3000030517578,122.370002746582,51.0,0.0,0.0,
2019-05-21,123.0,123.4000015258789,123.0,123.4000015258789,5.0,0.0,0.0,
2019-05-22,122.4499969482422,122.4499969482422,120.1500015258789,120.1500015258789,65.0,0.0,0.0,
2019-05-23,123.9000015258789,124.5,121.25,121.25,73.0,0.0,0.0,
2019-05-24,122.0,122.0,122.0,122.0,4.0,0.0,0.0,
2019-05-27,122.0,123.6999969482422,121.5500030517578,121.8499984741211,53.0,0.0,0.0,
2019-05-28,123.9499969482422,123.9499969482422,121.6500015258789,121.9499969482422,117.0,0.0,0.0,
2019-05-29,123.8000030517578,123.8000030517578,121.0500030517578,121.0500030517578,272.0,0.0,0.0,
2019-05-30,124.1500015258789,124.1500015258789,121.8499984741211,124.1500015258789,46.0,0.0,0.0,
2019-05-31,125.0,125.4499969482422,123.5999984741211,123.5999984741211,32.0,0.0,0.0,
2019-06-03,123.5999984741211,126.0,123.4499969482422,124.3499984741211,147.0,0.0,0.0,
2019-06-04,126.25,126.25,123.8000030517578,123.8000030517578,74.0,0.0,0.0,
2019-06-06,125.1500015258789,125.1500015258789,122.4000015258789,122.4000015258789,111.0,0.0,0.0,
2019-06-07,126.0,126.0,123.6500015258789,123.6500015258789,43.0,0.0,0.0,
2019-06-10,124.9499969482422,124.9499969482422,124.0500030517578,124.3499984741211,28.0,0.0,0.0,
2019-06-11,124.5999984741211,124.9000015258789,122.75,123.3499984741211,14.0,0.0,0.0,
2019-06-12,124.5500030517578,124.5500030517578,124.25,124.25,5.0,0.0,0.0,
2019-06-13,123.8000030517578,124.0999984741211,121.9499969482422,124.0999984741211,14.0,0.0,0.0,
2019-06-14,123.9499969482422,123.9499969482422,122.0999984741211,122.0999984741211,6.0,0.0,0.0,
2019-06-17,122.9499969482422,122.9499969482422,122.6500015258789,122.6500015258789,27.0,0.0,0.0,
2019-06-18,122.3499984741211,122.3499984741211,122.0,122.0,44.0,0.0,0.0,
2019-06-19,120.0,123.0,120.0,122.4499969482422,25.0,0.0,0.0,
2019-06-20,120.1999969482422,122.6500015258789,120.1999969482422,122.6500015258789,85.0,0.0,0.0,
2019-06-21,123.0999984741211,123.0999984741211,123.0999984741211,123.0999984741211,6.0,0.0,0.0,
2019-06-24,122.1999969482422,122.3000030517578,122.0,122.3000030517578,233.0,0.0,0.0,
2019-06-25,120.4499969482422,123.1999969482422,120.4499969482422,123.1999969482422,30.0,0.0,0.0,
2019-06-26,121.3000030517578,131.0,119.3000030517578,122.0,10.0,0.0,0.0,
2019-06-27,124.0999984741211,124.0999984741211,122.5,122.5,6.0,0.0,0.0,
2019-06-28,123.6500015258789,123.6500015258789,123.3499984741211,123.3499984741211,8.0,0.0,0.0,
2019-07-01,123.5999984741211,123.9000015258789,122.3000030517578,122.3000030517578,286.0,0.0,0.0,
2019-07-02,123.5999984741211,123.5999984741211,123.5,123.5999984741211,24.0,0.0,0.0,
2019-07-03,124.1500015258789,124.1500015258789,124.1500015258789,124.1500015258789,18.0,0.0,0.0,
2019-07-04,124.5,124.5,122.9000015258789,124.5,693.0,0.0,0.0,
2019-07-05,124.75,124.75,123.5500030517578,123.5500030517578,140.0,0.0,0.0,
2019-07-08,122.3000030517578,122.3000030517578,120.25,121.0,109.0,0.0,0.0,
2019-07-09,120.3000030517578,120.3000030517578,119.0999984741211,119.0999984741211,24.0,0.0,0.0,
2019-07-10,120.5500030517578,120.5500030517578,118.0500030517578,118.0500030517578,18.0,0.0,0.0,
2019-07-11,120.25,120.25,118.6500015258789,118.6500015258789,11.0,0.0,0.0,
2019-07-12,120.3000030517578,120.3000030517578,120.3000030517578,120.3000030517578,9.0,0.0,0.0,
2019-07-15,121.5,121.5,119.3000030517578,119.3000030517578,49.0,0.0,0.0,
2019-07-16,125.0,126.0,122.1500015258789,122.1500015258789,7.0,0.0,0.0,
2019-07-17,122.1500015258789,122.4000015258789,120.4000015258789,120.4000015258789,212.0,0.0,0.0,
2019-07-18,122.3000030517578,122.3000030517578,119.75,119.75,15.0,0.0,0.0,
2019-07-19,121.25,121.25,117.75,117.75,1327.0,0.0,0.0,
2019-07-22,119.1500015258789,119.1500015258789,119.0,119.1500015258789,4275.0,0.0,0.0,
2019-07-23,119.3000030517578,119.3000030517578,119.1999969482422,119.1999969482422,32.0,0.0,0.0,
2019-07-24,118.3000030517578,118.3000030517578,115.9499969482422,118.25,30.0,0.0,0.0,
2019-07-25,120.0,123.0,116.3499984741211,116.6500015258789,86.0,0.0,0.0,
2019-07-26,118.5500030517578,118.5500030517578,118.5500030517578,118.5500030517578,4.0,0.0,0.0,
2019-07-29,116.5500030517578,118.5,116.5500030517578,117.9000015258789,31.0,0.0,0.0,
2019-07-30,118.5500030517578,118.5500030517578,118.5500030517578,118.5500030517578,4.0,0.0,0.0,
2019-07-31,118.5500030517578,118.5500030517578,114.3099975585938,114.6999969482422,44.0,0.0,0.0,
2019-08-01,116.25,116.25,115.0500030517578,115.3499984741211,12.0,0.0,0.0,
2019-08-02,114.8499984741211,116.1500015258789,113.0999984741211,116.1500015258789,791.0,0.0,0.0,
2019-08-05,114.25,114.5,113.9000015258789,114.4000015258789,85.0,0.0,0.0,
2019-08-06,115.0999984741211,115.1999969482422,115.0999984741211,115.1999969482422,915.0,0.0,0.0,
2019-08-07,114.3000030517578,115.3000030517578,111.3000030517578,113.9000015258789,245.0,0.0,0.0,
2019-08-08,113.9000015258789,113.9000015258789,113.9000015258789,113.9000015258789,10.0,0.0,0.0,
2019-08-09,116.75,116.75,116.75,116.75,5.0,0.0,0.0,
2019-08-13,116.3499984741211,116.6500015258789,113.3099975585938,113.3099975585938,67.0,0.0,0.0,
2019-08-14,115.1999969482422,115.4499969482422,115.0,115.4000015258789,184.0,0.0,0.0,
2019-08-16,115.0,116.3000030517578,115.0,116.3000030517578,23.0,0.0,0.0,
2019-08-19,116.0,116.9499969482422,114.6999969482422,116.9499969482422,76.0,0.0,0.0,
2019-08-20,116.0,116.1999969482422,113.3000030517578,116.1999969482422,760.0,0.0,0.0,
2019-08-21,116.0,116.0,112.8000030517578,112.9499969482422,21.0,0.0,0.0,
2019-08-22,114.6500015258789,114.6500015258789,114.6500015258789,114.6500015258789,14.0,0.0,0.0,
2019-08-23,114.6500015258789,114.6500015258789,112.0,114.0999984741211,150.0,0.0,0.0,
2019-08-26,113.3000030517578,114.1999969482422,113.3000030517578,114.0,16.0,0.0,0.0,
2019-08-27,116.4499969482422,116.4499969482422,114.5,114.5,567.0,0.0,0.0,
2019-08-28,114.6999969482422,116.3499984741211,114.6999969482422,116.3499984741211,24.0,0.0,0.0,
2019-08-29,116.1500015258789,116.1500015258789,116.1500015258789,116.1500015258789,10.0,0.0,0.0,
2019-08-30,115.3000030517578,116.1999969482422,113.3499984741211,113.3499984741211,276.0,0.0,0.0,
2019-09-03,115.1500015258789,115.4499969482422,114.5500030517578,114.5500030517578,31.0,0.0,0.0,
2019-09-04,114.1500015258789,114.1500015258789,114.1500015258789,114.1500015258789,10.0,0.0,0.0,
2019-09-05,115.1500015258789,115.1500015258789,114.0,114.0,12.0,0.0,0.0,
2019-09-06,115.0500030517578,115.0500030517578,115.0500030517578,115.0500030517578,89.0,0.0,0.0,
2019-09-09,115.3499984741211,116.25,115.3499984741211,115.9499969482422,106.0,0.0,0.0,
2019-09-11,116.4499969482422,116.4499969482422,114.1999969482422,114.1999969482422,18.0,0.0,0.0,
2019-09-12,116.6999969482422,116.6999969482422,116.4000015258789,116.4000015258789,5.0,0.0,0.0,
2019-09-13,115.5999984741211,115.5999984741211,115.3000030517578,115.5999984741211,8.0,0.0,0.0,
2019-09-16,115.3000030517578,116.3499984741211,113.5999984741211,113.5999984741211,182.0,0.0,0.0,
2019-09-17,120.0,120.0,114.1500015258789,117.4000015258789,447.0,0.0,0.0,
2019-09-18,112.3499984741211,114.3000030517578,112.3499984741211,114.3000030517578,75.0,0.0,0.0,
2019-09-19,114.0,114.0,111.0,112.0,1244.0,0.0,0.0,
2019-09-20,113.1999969482422,117.0,112.8000030517578,116.4000015258789,13031.0,0.0,0.0,
2019-09-23,121.5,122.0,119.0,121.4000015258789,139.0,0.0,0.0,
2019-09-24,121.4000015258789,121.4000015258789,119.5500030517578,120.3000030517578,744.0,0.0,0.0,
2019-09-25,119.3000030517578,132.0,119.0100021362305,126.9000015258789,118.0,0.0,0.0,
2019-09-26,122.1500015258789,122.5500030517578,119.3499984741211,122.5500030517578,236.0,0.0,0.0,
2019-09-27,125.0,127.0,118.9499969482422,120.5,49.0,0.0,0.0,
2019-09-30,123.0,124.9899978637695,118.1500015258789,118.1500015258789,335.0,0.0,0.0,
2019-10-01,120.1999969482422,120.1999969482422,118.0,118.3499984741211,73.0,0.0,0.0,
2019-10-03,118.7300033569336,118.7300033569336,118.7300033569336,118.7300033569336,24.0,0.0,0.0,
2019-10-04,117.3000030517578,118.8899993896484,116.0,116.0,19.0,0.0,0.0,
2019-10-07,117.3399963378906,117.3499984741211,114.5500030517578,114.7600021362305,580.0,0.0,0.0,
2019-10-09,118.9899978637695,118.9899978637695,116.1999969482422,116.3499984741211,18.0,0.0,0.0,
2019-10-10,115.3000030517578,119.8499984741211,113.3000030517578,115.3000030517578,61.0,0.0,0.0,
2019-10-11,116.5,119.0,116.5,117.8499984741211,18.0,0.0,0.0,
2019-10-14,119.0999984741211,119.4000015258789,117.8499984741211,118.8000030517578,46.0,0.0,0.0,
2019-10-15,119.1399993896484,119.1399993896484,119.0,119.0,43.0,0.0,0.0,
2019-10-16,120.0,120.4000015258789,118.0,120.1999969482422,46.0,0.0,0.0,
2019-10-17,120.0,121.5,120.0,121.5,70.0,0.0,0.0,
2019-10-18,120.0,122.0500030517578,117.3000030517578,122.0400009155273,66.0,0.0,0.0,
2019-10-22,112.0299987792969,143.0,108.0100021362305,137.4299926757812,5379.0,0.0,0.0,
2019-10-23,110.0,135.0,101.0,121.879997253418,2630.0,0.0,0.0,
2019-10-24,121.879997253418,122.4000015258789,121.0,121.1500015258789,272.0,0.0,0.0,
2019-10-25,122.0,135.0,119.0,133.8000030517578,194.0,0.0,0.0,
2019-10-27,126.0,137.0,120.0199966430664,123.1399993896484,904.0,0.0,0.0,
2019-10-29,123.0,128.0,117.8000030517578,122.5500030517578,892.0,0.0,0.0,
2019-10-30,120.0100021362305,125.0,120.0100021362305,121.5699996948242,872.0,0.0,0.0,
2019-10-31,130.0,130.0,121.8000030517578,121.8399963378906,1047.0,0.0,0.0,
2019-11-01,123.9800033569336,125.1999969482422,121.5,123.4000015258789,1485.0,0.0,0.0,
2019-11-04,123.0,125.0,121.0,122.5100021362305,293.0,0.0,0.0,
2019-11-05,125.5,125.5,122.0500030517578,122.7900009155273,230.0,0.0,0.0,
2019-11-06,123.0,124.9000015258789,123.0,123.0,66.0,0.0,0.0,
2019-11-07,125.8899993896484,126.0,123.4499969482422,123.5,252.0,0.0,0.0,
2019-11-08,124.5,125.9499969482422,121.9499969482422,122.0,970.0,0.0,0.0,
2019-11-11,124.9499969482422,125.5,121.3000030517578,125.2200012207031,115.0,0.0,0.0,
2019-11-13,125.25,125.25,122.3600006103516,124.4499969482422,140.0,0.0,0.0,
2019-11-14,124.5,124.5,121.5,122.0,53.0,0.0,0.0,
2019-11-15,125.0,125.3899993896484,121.6100006103516,122.4899978637695,351.0,0.0,0.0,
2019-11-18,124.8000030517578,124.8000030517578,122.4100036621094,122.4100036621094,222.0,0.0,0.0,
2019-11-19,122.3000030517578,123.9899978637695,121.1500015258789,122.0999984741211,19.0,0.0,0.0,
2019-11-20,122.3000030517578,126.0,122.0500030517578,122.2600021362305,124.0,0.0,0.0,
2019-11-21,124.9899978637695,124.9899978637695,122.3199996948242,122.3199996948242,14.0,0.0,0.0,
2019-11-22,122.3000030517578,125.3899993896484,121.5,124.9599990844727,233.0,0.0,0.0,
2019-11-25,123.0999984741211,125.0,122.25,125.0,594.0,0.0,0.0,
2019-11-26,126.9899978637695,127.0,122.5999984741211,122.5999984741211,243.0,0.0,0.0,
2019-11-27,127.0,127.3000030517578,126.9800033569336,127.0,26.0,0.0,0.0,
2019-11-28,127.0,127.0,124.0999984741211,125.2200012207031,24.0,0.0,0.0,
2019-11-29,127.4000015258789,127.4000015258789,123.3099975585938,125.0,111.0,0.0,0.0,
2019-12-02,124.3000030517578,127.5,123.0100021362305,126.2799987792969,256.0,0.0,0.0,
2019-12-03,126.8000030517578,127.0,124.0199966430664,125.0,283.0,0.0,0.0,
2019-12-04,124.3099975585938,124.3099975585938,122.5,123.0899963378906,176.0,0.0,0.0,
2019-12-05,126.8000030517578,126.8000030517578,123.3499984741211,125.9499969482422,45.0,0.0,0.0,
2019-12-06,125.9499969482422,126.0,123.3099975585938,125.3899993896484,127.0,0.0,0.0,
2019-12-09,123.3000030517578,126.9800033569336,121.5999984741211,126.0,163.0,0.0,0.0,
2019-12-10,125.9000015258789,125.9000015258789,124.0,125.0500030517578,35.0,0.0,0.0,
2019-12-11,125.0999984741211,125.3000030517578,124.879997253418,124.9700012207031,33.0,0.0,0.0,
2019-12-12,124.9700012207031,125.9899978637695,122.1999969482422,125.5599975585938,1173.0,0.0,0.0,
2019-12-13,125.9899978637695,126.0100021362305,124.0100021362305,125.4100036621094,76.0,0.0,0.0,
2019-12-16,125.6999969482422,127.4000015258789,125.0100021362305,127.0899963378906,50.0,0.0,0.0,
2019-12-17,125.5100021362305,127.0,124.3099975585938,126.0,109.0,0.0,0.0,
2019-12-18,128.0,128.1499938964844,124.3499984741211,126.4100036621094,138.0,0.0,0.0,
2019-12-19,127.9000015258789,127.9000015258789,124.4000015258789,127.0100021362305,33.0,0.0,0.0,
2019-12-20,127.0500030517578,127.0500030517578,124.8499984741211,126.3499984741211,87.0,0.0,0.0,
2019-12-23,127.9800033569336,127.9800033569336,126.0100021362305,126.2399978637695,597.0,0.0,0.0,
2019-12-24,127.0,127.9899978637695,125.3099975585938,127.9800033569336,61.0,0.0,0.0,
2019-12-26,127.75,130.1000061035156,127.0100021362305,128.6600036621094,105.0,0.0,0.0,
2019-12-27,128.0,128.6999969482422,127.9899978637695,127.9899978637695,69.0,0.0,0.0,
2019-12-30,128.0,129.9900054931641,125.3099975585938,126.1399993896484,118.0,0.0,0.0,
2019-12-31,128.9900054931641,128.9900054931641,124.3099975585938,125.9199981689453,33.0,0.0,0.0,
2020-01-01,128.7899932861328,128.7899932861328,126.9899978637695,126.9899978637695,6.0,0.0,0.0,
2020-01-02,128.8999938964844,128.9799957275391,125.3099975585938,127.879997253418,81.0,0.0,0.0,
2020-01-03,128.9900054931641,128.9900054931641,128.0,128.5399932861328,244.0,0.0,0.0,
2020-01-06,127.4899978637695,127.4899978637695,124.3099975585938,126.5,51.0,0.0,0.0,
2020-01-07,127.8000030517578,127.8000030517578,127.1999969482422,127.1999969482422,98.0,0.0,0.0,
2020-01-08,126.5999984741211,126.75,124.0100021362305,126.6600036621094,146.0,0.0,0.0,
2020-01-09,128.1999969482422,128.1999969482422,126.0,126.6999969482422,10.0,0.0,0.0,
2020-01-10,128.5,128.5399932861328,127.5,128.3300018310547,12.0,0.0,0.0,
2020-01-13,128.4900054931641,128.4900054931641,125.5500030517578,125.629997253418,54.0,0.0,0.0,
2020-01-14,128.5399932861328,129.0,127.120002746582,128.5700073242188,171.0,0.0,0.0,
2020-01-15,129.4499969482422,129.8500061035156,125.5,129.8000030517578,41.0,0.0,0.0,
2020-01-16,129.8000030517578,129.8000030517578,129.8000030517578,129.8000030517578,0.0,0.0,0.0,
2020-01-17,129.9900054931641,130.0,127.1999969482422,129.4700012207031,31.0,0.0,0.0,
2020-01-20,129.4700012207031,129.4700012207031,125.0999984741211,125.4100036621094,117.0,0.0,0.0,
2020-01-21,121.0199966430664,128.0,113.0,125.5,666.0,0.0,0.0,
2020-01-22,126.4899978637695,127.9899978637695,126.0100021362305,126.0100021362305,56.0,0.0,0.0,
2020-01-23,128.0,148.0,127.0,148.0,111.0,0.0,0.0,
2020-01-24,148.0,148.0,119.4400024414062,126.9599990844727,29370.0,0.0,0.0,
2020-01-27,128.0,128.1999969482422,123.0999984741211,123.8300018310547,1722.0,0.0,0.0,
2020-01-28,125.0,125.6399993896484,122.8000030517578,123.8099975585938,246.0,0.0,0.0,
2020-01-29,123.8000030517578,126.0,123.0,124.3499984741211,669.0,0.0,0.0,
2020-01-30,125.0,125.0,122.5599975585938,123.0800018310547,245.0,0.0,0.0,
2020-01-31,123.3099975585938,125.9499969482422,120.0100021362305,121.8199996948242,803.0,0.0,0.0,
2020-02-03,119.8899993896484,123.9499969482422,115.3099975585938,121.6699981689453,1046.0,0.0,0.0,
2020-02-04,121.6800003051758,125.0,120.0500030517578,124.9300003051758,1225.0,0.0,0.0,
2020-02-05,125.9400024414062,126.0100021362305,122.3099975585938,124.4199981689453,560.0,0.0,0.0,
2020-02-06,124.3000030517578,125.0,122.0500030517578,123.4000015258789,298.0,0.0,0.0,
2020-02-07,124.9000015258789,125.9800033569336,120.0,122.5400009155273,552.0,0.0,0.0,
2020-02-10,124.0,124.9000015258789,122.5999984741211,124.7900009155273,155.0,0.0,0.0,
2020-02-11,124.0,127.3000030517578,123.5,124.1699981689453,852.0,0.0,0.0,
2020-02-12,129.0,129.0,120.0,127.1699981689453,578.0,0.0,0.0,
2020-02-13,127.1699981689453,127.9000015258789,126.3000030517578,126.75,109.0,0.0,0.0,
2020-02-14,127.0999984741211,128.25,126.1500015258789,126.379997253418,4528.0,0.0,0.0,
2020-02-17,126.0,126.9400024414062,126.0,126.0,134.0,0.0,0.0,
2020-02-18,125.9899978637695,125.9899978637695,124.0100021362305,124.6500015258789,175.0,0.0,0.0,
2020-02-19,126.0,126.9400024414062,125.4000015258789,126.0,989.0,0.0,0.0,
2020-02-20,118.0199966430664,127.9899978637695,118.0199966430664,125.6699981689453,58.0,0.0,0.0,
2020-02-24,121.5,125.3000030517578,121.5,124.4000015258789,317.0,0.0,0.0,
2020-02-25,124.5,124.5500030517578,123.2099990844727,124.25,130.0,0.0,0.0,
2020-02-26,125.9899978637695,125.9899978637695,121.9499969482422,122.629997253418,2152.0,0.0,0.0,
2020-02-27,122.5,122.5,121.3000030517578,122.120002746582,63.0,0.0,0.0,
2020-02-28,139.8999938964844,139.8999938964844,116.0500030517578,117.0500030517578,757.0,0.0,0.0,
2020-03-02,120.0,122.0,117.1999969482422,117.879997253418,3374.0,0.0,0.0,
2020-03-03,138.8899993896484,138.8899993896484,115.0,117.8099975585938,821.0,0.0,0.0,
2020-03-04,117.3000030517578,119.9899978637695,115.3099975585938,118.7399978637695,52.0,0.0,0.0,
2020-03-05,114.5500030517578,119.8000030517578,114.5500030517578,118.5999984741211,218.0,0.0,0.0,
2020-03-06,110.1100006103516,125.0,110.1100006103516,114.5500030517578,773.0,0.0,0.0,
2020-03-09,117.0,121.0,108.3499984741211,110.6399993896484,4823.0,0.0,0.0,
2020-03-11,110.3000030517578,118.0,107.0999984741211,110.6999969482422,229.0,0.0,0.0,
2020-03-12,113.0,116.0,107.0,113.4599990844727,221.0,0.0,0.0,
2020-03-13,117.5,117.5,89.0,115.0299987792969,1878.0,0.0,0.0,
2020-03-16,115.0299987792969,117.0,105.0,112.379997253418,560.0,0.0,0.0,
2020-03-17,116.9899978637695,116.9899978637695,100.3099975585938,103.8099975585938,3229.0,0.0,0.0,
2020-03-18,105.0,112.0,100.0,109.9400024414062,867.0,0.0,0.0,
2020-03-19,100.0,112.0,89.80000305175781,109.5199966430664,554.0,0.0,0.0,
2020-03-20,104.0,106.2799987792969,99.0,103.0100021362305,40.0,0.0,0.0,
2020-03-23,103.8300018310547,103.8300018310547,94.0,100.0,88.0,0.0,0.0,
2020-03-24,109.8000030517578,109.8000030517578,87.80000305175781,88.4000015258789,7855.0,0.0,0.0,
2020-03-25,95.1999969482422,95.6999969482422,88.0,95.06999969482422,1022.0,0.0,0.0,
2020-03-26,95.06999969482422,98.25,90.0999984741211,96.04000091552734,1743.0,0.0,0.0,
2020-03-27,104.7200012207031,104.7200012207031,90.01000213623047,98.94000244140624,696.0,0.0,0.0,
2020-03-30,102.0,106.0,88.19999694824219,98.61000061035156,1694.0,0.0,0.0,
2020-03-31,98.61000061035156,98.61000061035156,94.3000030517578,95.1500015258789,380.0,0.0,0.0,
2020-04-01,96.9499969482422,96.9499969482422,91.3000030517578,91.3000030517578,532.0,0.0,0.0,
2020-04-03,93.98999786376952,93.98999786376952,86.0999984741211,86.56999969482422,740.0,0.0,0.0,
2020-04-07,89.9000015258789,92.88999938964844,88.01000213623047,90.8499984741211,956.0,0.0,0.0,
2020-04-08,90.8499984741211,101.0,90.8499984741211,97.0,721.0,0.0,0.0,
2020-04-09,100.8499984741211,100.8499984741211,88.5999984741211,95.76000213623048,2477.0,0.0,0.0,
2020-04-13,96.98999786376952,99.9000015258789,91.8000030517578,95.08999633789062,1034.0,0.0,0.0,
2020-04-15,88.30000305175781,101.9499969482422,88.30000305175781,95.27999877929688,974.0,0.0,0.0,
2020-04-16,98.23999786376952,98.23999786376952,95.0,96.1999969482422,412.0,0.0,0.0,
2020-04-17,94.98999786376952,99.8000030517578,91.91999816894533,97.5,415.0,0.0,0.0,
2020-04-20,98.98999786376952,98.98999786376952,95.1999969482422,97.16999816894533,751.0,0.0,0.0,
2020-04-21,95.3000030517578,101.0,93.0999984741211,95.79000091552734,284.0,0.0,0.0,
2020-04-22,99.0,102.0,90.8000030517578,94.20999908447266,188.0,0.0,0.0,
2020-04-23,94.0199966430664,106.0,94.0199966430664,97.11000061035156,1556.0,0.0,0.0,
2020-04-24,98.98999786376952,98.98999786376952,92.8000030517578,96.0,1243.0,0.0,0.0,
2020-04-27,92.56999969482422,99.0,92.55999755859376,96.98999786376952,1199.0,0.0,0.0,
2020-04-28,99.9499969482422,99.9499969482422,95.0199966430664,96.98999786376952,1233.0,0.0,0.0,
2020-04-29,98.94000244140624,98.98999786376952,97.0,97.72000122070312,1428.0,0.0,0.0,
2020-04-30,99.0,104.6999969482422,99.0,103.7600021362305,1815.0,0.0,0.0,
2020-05-04,103.7600021362305,111.0,95.1999969482422,97.0500030517578,1325.0,0.0,0.0,
2020-05-05,108.0,108.0,98.0,99.47000122070312,352.0,0.0,0.0,
2020-05-06,110.0,110.0,93.48999786376952,99.5999984741211,1582.0,0.0,0.0,
2020-05-07,109.4000015258789,109.4000015258789,94.5999984741211,96.9499969482422,3751.0,0.0,0.0,
2020-05-08,96.95999908447266,99.9000015258789,95.0,98.87999725341795,379.0,0.0,0.0,
2020-05-11,100.0,100.0,94.0,96.06999969482422,748.0,0.0,0.0,
2020-05-12,98.98999786376952,98.98999786376952,93.5,95.3000030517578,946.0,0.0,0.0,
2020-05-13,102.0,102.9499969482422,97.0,98.69000244140624,1508.0,0.0,0.0,
2020-05-14,99.8499984741211,99.8499984741211,96.5,97.97000122070312,207.0,0.0,0.0,
2020-05-15,101.0,101.0,95.25,97.16000366210938,648.0,0.0,0.0,
2020-05-18,99.9000015258789,99.9000015258789,95.0999984741211,97.8000030517578,1397.0,0.0,0.0,
2020-05-19,99.0,99.0,94.0,97.5,718.0,0.0,0.0,
2020-05-20,99.98999786376952,99.98999786376952,93.0999984741211,97.4499969482422,1147.0,0.0,0.0,
2020-05-21,97.98999786376952,97.98999786376952,94.4499969482422,96.08999633789062,3296.0,0.0,0.0,
2020-05-22,90.25,100.3600006103516,88.5,95.9000015258789,1455.0,0.0,0.0,
2020-05-26,92.5,99.4000015258789,92.5,98.01000213623048,2782.0,0.0,0.0,
2020-05-27,98.0,98.0,95.0,96.5999984741211,630.0,0.0,0.0,
2020-05-28,96.6999969482422,101.5999984741211,96.6999969482422,97.5199966430664,1078.0,0.0,0.0,
2020-05-29,98.98999786376952,98.98999786376952,97.0,98.98999786376952,255.0,0.0,0.0,
2020-06-01,105.3000030517578,105.3000030517578,99.01000213623048,102.6500015258789,1144.0,0.0,0.0,
2020-06-02,104.0,105.0,101.8000030517578,104.25,408.0,0.0,0.0,
2020-06-03,104.0,105.0999984741211,102.5599975585938,104.8600006103516,327.0,0.0,0.0,
2020-06-04,105.9899978637695,109.0,105.9899978637695,106.0,187.0,0.0,0.0,
2020-06-05,106.0,109.9000015258789,105.0,106.4199981689453,680.0,0.0,0.0,
2020-06-08,106.5,109.8000030517578,106.5,107.0199966430664,109.0,0.0,0.0,
2020-06-09,103.3099975585938,110.0,103.3099975585938,105.370002746582,1413.0,0.0,0.0,
2020-06-10,109.0,109.0,102.0100021362305,106.6999969482422,604.0,0.0,0.0,
2020-06-11,103.3000030517578,109.0,103.3000030517578,104.8499984741211,1257.0,0.0,0.0,
2020-06-12,101.3000030517578,105.8000030517578,98.0,105.370002746582,572.0,0.0,0.0,
2020-06-15,101.0,108.0,101.0,104.0999984741211,430.0,0.0,0.0,
2020-06-16,102.0,109.0,101.0500030517578,101.5299987792969,495.0,0.0,0.0,
2020-06-17,101.3000030517578,105.9000015258789,101.3000030517578,104.5,294.0,0.0,0.0,
2020-06-18,102.5,104.4000015258789,101.5,103.5699996948242,1119.0,0.0,0.0,
2020-06-19,102.3000030517578,105.4599990844727,102.3000030517578,103.7200012207031,724.0,0.0,0.0,
2020-06-22,102.8600006103516,107.0,102.8600006103516,107.0,656.0,0.0,0.0,
2020-06-23,106.0,109.0,106.0,108.1600036621094,318.0,0.0,0.0,
2020-06-24,107.9899978637695,109.9000015258789,106.0999984741211,109.8300018310547,2284.0,0.0,0.0,
2020-06-25,105.0,109.9000015258789,105.0,109.1900024414062,325.0,0.0,0.0,
2020-06-26,106.0,109.9000015258789,106.0,109.6999969482422,254.0,0.0,0.0,
2020-06-29,115.0,115.0,105.620002746582,109.0,1195.0,0.0,0.0,
2020-06-30,109.0,109.9000015258789,107.0999984741211,109.879997253418,306.0,0.0,0.0,
2020-07-01,109.9000015258789,109.9000015258789,107.0,107.5,612.0,0.0,0.0,
2020-07-02,107.0100021362305,109.8899993896484,107.0100021362305,109.7300033569336,147.0,0.0,0.0,
2020-07-03,108.0,109.8899993896484,108.0,109.0,107.0,0.0,0.0,
2020-07-06,109.879997253418,116.0,108.5999984741211,113.120002746582,4431.0,0.0,0.0,
2020-07-07,115.0,116.0,110.5199966430664,111.8000030517578,289.0,0.0,0.0,
2020-07-08,110.5599975585938,112.9899978637695,110.5599975585938,111.5100021362305,257.0,0.0,0.0,
2020-07-09,113.9000015258789,113.9000015258789,109.8899993896484,111.2399978637695,450.0,0.0,0.0,
2020-07-10,113.9899978637695,114.0,110.0400009155273,112.0500030517578,199.0,0.0,0.0,
2020-07-13,114.0,114.0,110.0100021362305,111.3399963378906,542.0,0.0,0.0,
2020-07-14,114.9899978637695,114.9899978637695,109.3099975585938,111.0500030517578,336.0,0.0,0.0,
2020-07-15,112.4899978637695,113.8000030517578,109.5,110.25,192.0,0.0,0.0,
2020-07-16,113.9199981689453,113.9899978637695,110.5100021362305,110.6600036621094,61.0,0.0,0.0,
2020-07-17,111.9800033569336,113.4899978637695,110.0,112.5899963378906,330.0,0.0,0.0,
2020-07-20,112.5899963378906,115.9899978637695,108.0,113.4199981689453,192.0,0.0,0.0,
2020-07-21,114.4899978637695,116.9800033569336,114.4899978637695,116.5299987792969,701.0,0.0,0.0,
2020-07-22,117.4499969482422,117.4800033569336,113.0999984741211,117.3499984741211,196.0,0.0,0.0,
2020-07-23,117.3899993896484,117.4000015258789,114.3099975585938,117.1600036621094,77.0,0.0,0.0,
2020-07-24,119.8000030517578,119.8000030517578,114.3300018310547,116.5,4903.0,0.0,0.0,
2020-07-27,114.3099975585938,116.5,114.3099975585938,115.5500030517578,907.0,0.0,0.0,
2020-07-28,116.9899978637695,117.4700012207031,114.3099975585938,116.8300018310547,8307.0,0.0,0.0,
2020-07-29,115.1999969482422,117.4499969482422,115.0199966430664,116.6800003051758,6647.0,0.0,0.0,
2020-07-30,116.6800003051758,117.4700012207031,115.0,116.3899993896484,7923.0,0.0,0.0,
2020-07-31,115.9700012207031,117.4599990844727,113.7600021362305,114.9400024414062,10703.0,0.0,0.0,
2020-08-03,114.5,122.0,112.0,114.9700012207031,9180.0,0.0,0.0,
2020-08-04,113.9899978637695,124.9499969482422,111.9499969482422,114.1399993896484,17473.0,0.0,0.0,
2020-08-05,118.0,123.0,113.0,116.0400009155273,10678.0,0.0,0.0,
2020-08-06,114.4899978637695,118.9000015258789,114.4899978637695,116.1999969482422,3157.0,0.0,0.0,
2020-08-07,114.5,117.9000015258789,114.5,115.5100021362305,2964.0,0.0,0.0,
2020-08-10,116.0,119.9000015258789,110.0999984741211,119.0500030517578,3611.0,0.0,0.0,
2020-08-11,118.0,119.0,114.5,117.2300033569336,482.0,0.0,0.0,
2020-08-12,115.0100021362305,118.0,115.0,117.2600021362305,272.0,0.0,0.0,
2020-08-13,119.5,119.5,118.9899978637695,118.9899978637695,36.0,0.0,0.0,
2020-08-14,118.0,124.0,117.0500030517578,118.6999969482422,639.0,0.0,0.0,
2020-08-17,118.6999969482422,119.2399978637695,117.0,118.7399978637695,233.0,0.0,0.0,
2020-08-18,120.0,120.4899978637695,118.4499969482422,118.5699996948242,285.0,0.0,0.0,
2020-08-19,118.0,118.9899978637695,118.0,118.5100021362305,144.0,0.0,0.0,
2020-08-20,116.5100021362305,117.5100021362305,116.5100021362305,117.0100021362305,1313.0,0.0,0.0,
2020-08-21,118.9899978637695,119.9700012207031,117.0500030517578,119.1100006103516,61.0,0.0,0.0,
2020-08-24,119.1100006103516,119.1100006103516,116.0999984741211,118.9899978637695,169.0,0.0,0.0,
2020-08-25,118.9899978637695,121.9000015258789,115.5999984741211,117.7099990844727,463.0,0.0,0.0,
2020-08-26,120.0,122.4899978637695,120.0,121.5299987792969,347.0,0.0,0.0,
2020-08-27,121.9899978637695,121.9899978637695,116.5599975585938,118.1900024414062,810.0,0.0,0.0,
2020-08-28,125.0,125.0,119.0,119.0,446.0,0.0,0.0,
2020-08-31,119.0,122.9000015258789,117.0,117.25,186.0,0.0,0.0,
2020-09-01,121.870002746582,122.0,116.0,120.7200012207031,265.0,0.0,0.0,
2020-09-02,120.0100021362305,120.0100021362305,115.0,116.6800003051758,2112.0,0.0,0.0,
2020-09-03,122.0,122.0,116.75,119.9499969482422,351.0,0.0,0.0,
2020-09-04,120.0,121.1900024414062,115.3000030517578,116.9499969482422,568.0,0.0,0.0,
2020-09-07,119.9899978637695,120.9899978637695,116.9499969482422,120.5,3237.0,0.0,0.0,
2020-09-08,117.0500030517578,120.9899978637695,114.5999984741211,116.5,1842.0,0.0,0.0,
2020-09-09,116.9000015258789,117.9899978637695,116.0999984741211,116.2099990844727,1076.0,0.0,0.0,
2020-09-10,117.3499984741211,117.9899978637695,116.2099990844727,116.629997253418,222.0,0.0,0.0,
2020-09-11,116.5899963378906,116.8300018310547,115.5100021362305,116.8099975585938,146.0,0.0,0.0,
2020-09-14,116.3099975585938,117.9899978637695,114.3000030517578,117.0299987792969,268.0,0.0,0.0,
2020-09-15,117.4499969482422,117.9000015258789,114.0999984741211,117.9000015258789,206.0,0.0,0.0,
2020-09-16,117.9000015258789,117.9000015258789,115.0500030517578,117.6999969482422,242.0,0.0,0.0,
2020-09-17,118.379997253418,118.379997253418,116.3000030517578,116.6600036621094,217.0,0.0,0.0,
2020-09-18,118.4700012207031,118.5,116.1600036621094,116.2799987792969,1153.0,0.0,0.0,
2020-09-21,116.0,117.4700012207031,115.0100021362305,115.1800003051758,71.0,0.0,0.0,
2020-09-22,117.4899978637695,117.5,114.5,116.9899978637695,373.0,0.0,0.0,
2020-09-23,116.9899978637695,116.9899978637695,111.0500030517578,113.379997253418,115.0,0.0,0.0,
2020-09-24,114.5999984741211,115.9899978637695,114.0,115.8300018310547,523.0,0.0,0.0,
2020-09-25,117.5,117.5,113.0100021362305,116.5199966430664,141.0,0.0,0.0,
2020-09-28,117.0,118.5199966430664,115.0,116.5500030517578,442.0,0.0,0.0,
2020-09-29,117.0,117.4499969482422,116.1999969482422,117.4499969482422,46.0,0.0,0.0,
2020-09-30,123.1500015258789,123.1500015258789,115.0999984741211,116.9499969482422,158.0,0.0,0.0,
2020-10-01,117.0,117.0,115.3000030517578,116.1600036621094,29.0,0.0,0.0,
2020-10-05,116.4899978637695,117.4700012207031,114.5,115.3199996948242,659.0,0.0,0.0,
2020-10-06,116.4899978637695,118.8899993896484,116.0100021362305,118.0899963378906,153.0,0.0,0.0,
2020-10-07,117.8000030517578,121.0,115.0,118.9400024414062,707.0,0.0,0.0,
2020-10-08,117.3000030517578,120.5,115.5999984741211,117.8000030517578,1506.0,0.0,0.0,
2020-10-09,118.4899978637695,118.5,116.3099975585938,117.3399963378906,311.0,0.0,0.0,
2020-10-12,118.4899978637695,119.4899978637695,117.3099975585938,119.0400009155273,429.0,0.0,0.0,
2020-10-13,119.3899993896484,125.0,115.8000030517578,118.8300018310547,2700.0,0.0,0.0,
2020-10-14,118.8300018310547,122.0,116.6500015258789,120.0999984741211,709.0,0.0,0.0,
2020-10-15,120.0999984741211,121.9899978637695,117.6999969482422,121.4899978637695,1066.0,0.0,0.0,
2020-10-16,118.3000030517578,125.0,118.3000030517578,120.0,479.0,0.0,0.0,
2020-10-19,117.0,124.0,117.0,119.4599990844727,554.0,0.0,0.0,
2020-10-20,120.9899978637695,124.9000015258789,118.3499984741211,122.9300003051758,603.0,0.0,0.0,
2020-10-21,124.0,124.0,120.0999984741211,121.1999969482422,157.0,0.0,0.0,
2020-10-22,123.0,123.0,120.0500030517578,120.0699996948242,24.0,0.0,0.0,
2020-10-23,120.1100006103516,123.4499969482422,120.0,123.4100036621094,337.0,0.0,0.0,
2020-10-26,125.0,125.0,120.120002746582,123.25,315.0,0.0,0.0,
2020-10-27,123.9599990844727,123.9599990844727,120.0,121.9899978637695,300.0,0.0,0.0,
2020-10-28,124.9800033569336,124.9800033569336,120.0,120.5699996948242,669.0,0.0,0.0,
2020-10-29,124.9899978637695,124.9899978637695,120.0100021362305,120.0100021362305,126.0,0.0,0.0,
2020-10-30,123.0999984741211,123.0999984741211,120.0100021362305,120.0199966430664,89.0,0.0,0.0,
2020-11-02,120.0,124.9899978637695,120.0,123.0,177.0,0.0,0.0,
2020-11-03,125.0,125.0,118.6500015258789,121.5899963378906,491.0,0.0,0.0,
2020-11-04,126.0,126.0,120.0,124.4800033569336,236.0,0.0,0.0,
2020-11-05,120.5999984741211,125.0,120.5999984741211,122.9700012207031,967.0,0.0,0.0,
2020-11-06,124.9899978637695,129.5,121.5500030517578,128.7599945068359,1523.0,0.0,0.0,
2020-11-09,129.0,129.0,125.6699981689453,127.0199966430664,717.0,0.0,0.0,
2020-11-10,126.2699966430664,129.8500061035156,126.2699966430664,127.9700012207031,884.0,0.0,0.0,
2020-11-11,126.0,129.9700012207031,126.0,129.0,128.0,0.0,0.0,
2020-11-12,128.3000030517578,128.4900054931641,127.379997253418,128.0,109.0,0.0,0.0,
2020-11-13,130.0,132.0,126.5,127.8199996948242,634.0,0.0,0.0,
2020-11-14,131.6499938964844,152.0,127.0500030517578,145.8200073242188,3282.0,0.0,0.0,
2020-11-17,149.0,149.0,134.0,138.5299987792969,12892.0,0.0,0.0,
2020-11-18,138.6000061035156,138.6000061035156,136.0,136.5899963378906,4169.0,0.0,0.0,
2020-11-19,139.8500061035156,139.8500061035156,133.5399932861328,134.3800048828125,1583.0,0.0,0.0,
2020-11-20,138.9499969482422,138.9499969482422,131.6000061035156,134.3099975585938,2137.0,0.0,0.0,
2020-11-23,136.8999938964844,136.8999938964844,129.6000061035156,131.5299987792969,3462.0,0.0,0.0,
2020-11-24,136.8999938964844,136.8999938964844,130.5599975585938,133.2700042724609,910.0,0.0,0.0,
2020-11-25,133.7400054931641,133.7400054931641,130.5700073242188,132.8200073242188,791.0,0.0,0.0,
2020-11-26,135.5,135.5,131.0500030517578,131.5700073242188,441.0,0.0,0.0,
2020-11-27,133.9900054931641,135.5,129.7100067138672,130.6900024414062,797.0,0.0,0.0,
2020-12-01,139.0,139.0,126.8000030517578,130.4600067138672,1555.0,0.0,0.0,
2020-12-02,135.0,135.0,130.1499938964844,130.8899993896484,716.0,0.0,0.0,
2020-12-03,133.0,135.0,127.3099975585938,133.9499969482422,898.0,0.0,0.0,
2020-12-04,133.9499969482422,138.8999938964844,130.6000061035156,132.8699951171875,1957.0,0.0,0.0,
2020-12-07,136.8500061035156,138.0,132.6000061035156,133.4799957275391,416.0,0.0,0.0,
2020-12-08,138.1499938964844,138.1499938964844,133.25,134.5599975585938,1248.0,0.0,0.0,
2020-12-09,134.6999969482422,137.0,132.3099975585938,135.0299987792969,1439.0,0.0,0.0,
2020-12-10,138.8999938964844,138.8999938964844,132.0099945068359,135.3600006103516,1620.0,0.0,0.0,
2020-12-11,135.3600006103516,136.8999938964844,134.0599975585938,134.7599945068359,839.0,0.0,0.0,
2020-12-14,135.0099945068359,137.8000030517578,134.0,136.2899932861328,719.0,0.0,0.0,
2020-12-15,132.8000030517578,139.0500030517578,132.8000030517578,136.9199981689453,310.0,0.0,0.0,
2020-12-16,137.1000061035156,137.1900024414062,133.8000030517578,136.3999938964844,853.0,0.0,0.0,
2020-12-17,140.8999938964844,150.0,136.25,139.4400024414062,2985.0,0.0,0.0,
2020-12-18,142.2299957275391,146.8999938964844,133.0500030517578,141.8000030517578,3418.0,0.0,0.0,
2020-12-21,146.0500030517578,149.0,139.0200042724609,139.3300018310547,654.0,0.0,0.0,
2020-12-22,142.1499938964844,142.1600036621094,133.3000030517578,136.6100006103516,1340.0,0.0,0.0,
2020-12-23,140.6999969482422,141.0,135.0700073242188,137.8800048828125,275.0,0.0,0.0,
2020-12-24,137.0099945068359,139.0,136.3099975585938,137.0500030517578,1711.0,0.0,0.0,
2020-12-28,139.8000030517578,143.9799957275391,136.5599975585938,140.7200012207031,2310.0,0.0,0.0,
2020-12-29,143.5500030517578,143.5500030517578,137.6000061035156,138.3500061035156,1150.0,0.0,0.0,
2020-12-30,142.5,142.5,137.0,140.4700012207031,1549.0,0.0,0.0,
2020-12-31,137.6000061035156,142.9900054931641,137.6000061035156,141.4199981689453,1718.0,0.0,0.0,
2021-01-01,142.0099945068359,143.8999938964844,141.0,141.7599945068359,463.0,0.0,0.0,
2021-01-04,143.0,148.2700042724609,140.0500030517578,143.4600067138672,2883.0,0.0,0.0,
2021-01-05,146.3500061035156,146.3500061035156,140.3000030517578,142.7700042724609,1686.0,0.0,0.0,
2021-01-06,145.6300048828125,145.6300048828125,142.0099945068359,142.6199951171875,885.0,0.0,0.0,
2021-01-07,146.8899993896484,146.8899993896484,141.0500030517578,143.9900054931641,916.0,0.0,0.0,
2021-01-08,146.8999938964844,151.9499969482422,142.0099945068359,147.4499969482422,4068.0,0.0,0.0,
2021-01-11,167.0,167.0,147.4600067138672,149.1999969482422,1588.0,0.0,0.0,
2021-01-12,153.6699981689453,178.6000061035156,146.0500030517578,166.5899963378906,12140.0,0.0,0.0,
2021-01-13,165.0,165.0,150.1000061035156,162.4400024414062,4954.0,0.0,0.0,
2021-01-14,165.0,165.0,156.0,161.1399993896484,1913.0,0.0,0.0,
2021-01-15,163.0,163.0,160.0,160.7200012207031,1450.0,0.0,0.0,
2021-01-18,163.8999938964844,170.0,155.0099945068359,158.6799926757812,1598.0,0.0,0.0,
2021-01-19,160.0,163.8999938964844,158.1199951171875,158.4700012207031,543.0,0.0,0.0,
2021-01-20,162.8999938964844,162.8999938964844,157.0500030517578,158.0800018310547,641.0,0.0,0.0,
2021-01-21,161.25,162.8999938964844,157.1000061035156,158.9700012207031,388.0,0.0,0.0,
2021-01-22,159.8500061035156,159.8500061035156,155.5,157.6199951171875,219.0,0.0,0.0,
2021-01-25,167.0,167.0,148.6000061035156,155.8500061035156,1100.0,0.0,0.0,
2021-01-27,159.8000030517578,164.0,151.0099945068359,153.8600006103516,1611.0,0.0,0.0,
2021-01-28,152.9499969482422,161.0,150.5,159.9299926757812,639.0,0.0,0.0,
2021-01-29,164.0,168.0,155.1000061035156,157.5200042724609,1078.0,0.0,0.0,
2021-02-01,155.1100006103516,164.0,153.0,161.1199951171875,1390.0,0.0,0.0,
2021-02-02,164.3500061035156,165.8999938964844,156.1499938964844,159.4700012207031,2340.0,0.0,0.0,
2021-02-03,165.0,165.0,158.0,162.75,1555.0,0.0,0.0,
2021-02-04,163.0,163.0,160.0500030517578,162.4600067138672,1344.0,0.0,0.0,
2021-02-05,163.0,163.0,155.9499969482422,158.9700012207031,2732.0,0.0,0.0,
2021-02-08,161.0,161.0,157.25,159.2799987792969,505.0,0.0,0.0,
2021-02-09,159.2799987792969,160.9499969482422,154.0,154.1699981689453,8112.0,0.0,0.0,
2021-02-10,160.0,166.0,156.1499938964844,159.1900024414062,1971.0,0.0,0.0,
2021-02-11,162.3999938964844,162.3999938964844,157.0,159.3500061035156,698.0,0.0,0.0,
2021-02-12,160.9499969482422,160.9499969482422,157.1000061035156,157.6499938964844,429.0,0.0,0.0,
2021-02-15,159.9499969482422,159.9499969482422,157.0,158.5099945068359,562.0,0.0,0.0,
2021-02-16,161.6999969482422,161.6999969482422,156.6000061035156,158.4600067138672,965.0,0.0,0.0,
2021-02-17,158.8999938964844,158.8999938964844,155.5500030517578,157.6100006103516,307.0,0.0,0.0,
2021-02-18,157.5099945068359,158.8899993896484,156.0,156.6999969482422,446.0,0.0,0.0,
2021-02-19,159.8500061035156,159.8500061035156,154.1999969482422,154.9499969482422,521.0,0.0,0.0,
2021-02-22,151.8500061035156,157.9900054931641,151.8500061035156,156.0099945068359,557.0,0.0,0.0,
2021-02-23,154.0,157.9900054931641,154.0,156.1999969482422,193.0,0.0,0.0,
2021-02-24,154.0,158.0,154.0,157.9499969482422,185.0,0.0,0.0,
2021-02-25,154.1499938964844,159.0,154.1499938964844,156.5099945068359,1061.0,0.0,0.0,
2021-02-26,156.5,158.5,154.0,157.5099945068359,733.0,0.0,0.0,
2021-03-01,170.0,170.0,155.1000061035156,159.5599975585938,1813.0,0.0,0.0,
2021-03-02,162.75,163.0,156.3999938964844,157.3899993896484,472.0,0.0,0.0,
2021-03-03,158.9499969482422,161.9499969482422,157.25,159.7400054931641,1330.0,0.0,0.0,
2021-03-04,162.1000061035156,162.1000061035156,157.0,158.5,243.0,0.0,0.0,
2021-03-05,158.5,165.0,155.6000061035156,158.4600067138672,759.0,0.0,0.0,
2021-03-08,161.6499938964844,161.6499938964844,155.3000030517578,156.9900054931641,887.0,0.0,0.0,
2021-03-09,158.5,161.4900054931641,157.5,157.5500030517578,434.0,0.0,0.0,
2021-03-10,154.3999938964844,161.0,154.3999938964844,160.3999938964844,1025.0,0.0,0.0,
2021-03-12,157.0,163.6499938964844,156.0500030517578,159.6100006103516,355.0,0.0,0.0,
2021-03-15,158.0700073242188,161.9900054931641,156.1000061035156,158.4100036621094,315.0,0.0,0.0,
2021-03-16,158.0,161.4499969482422,157.2299957275391,158.1100006103516,184.0,0.0,0.0,
2021-03-17,157.5,159.9900054931641,156.1000061035156,157.0,179.0,0.0,0.0,
2021-03-18,155.0,170.0,155.0,157.5,5689.0,0.0,0.0,
2021-03-19,162.2200012207031,163.0,155.5200042724609,157.5,136.0,0.0,0.0,
2021-03-22,162.2200012207031,162.2200012207031,155.1000061035156,155.9299926757812,384.0,0.0,0.0,
2021-03-23,151.2599945068359,157.9900054931641,151.2599945068359,156.8099975585938,120.0,0.0,0.0,
2021-03-24,158.0,165.0,155.0,155.4400024414062,383.0,0.0,0.0,
2021-03-25,155.4400024414062,165.0,155.0,162.2200012207031,958.0,0.0,0.0,
2021-03-26,162.0,163.0,158.3000030517578,160.8500061035156,730.0,0.0,0.0,
2021-03-30,162.0,164.8999938964844,155.0,155.9900054931641,739.0,0.0,0.0,
2021-03-31,155.9900054931641,162.5,155.9900054931641,157.3300018310547,853.0,0.0,0.0,
2021-04-01,162.0399932861328,169.0,156.5,161.8500061035156,1436.0,0.0,0.0,
2021-04-05,164.8999938964844,166.6999969482422,158.0,159.0700073242188,2985.0,0.0,0.0,
2021-04-06,163.8399963378906,164.9900054931641,158.0099945068359,160.5399932861328,1508.0,0.0,0.0,
2021-04-07,164.8999938964844,164.8999938964844,159.0500030517578,159.6199951171875,1739.0,0.0,0.0,
2021-04-08,165.9900054931641,170.0,157.1999969482422,158.0299987792969,3992.0,0.0,0.0,
2021-04-09,157.0,161.8999938964844,157.0,160.0899963378906,832.0,0.0,0.0,
2021-04-12,162.0,162.0,155.0,158.1399993896484,2378.0,0.0,0.0,
2021-04-13,158.1399993896484,161.5,155.5099945068359,157.0299987792969,440.0,0.0,0.0,
2021-04-15,153.8999938964844,160.1999969482422,153.8999938964844,158.0099945068359,219.0,0.0,0.0,
2021-04-16,160.0,160.0,155.9499969482422,159.0899963378906,681.0,0.0,0.0,
2021-04-19,160.0,160.0,155.0,158.1900024414062,1077.0,0.0,0.0,
2021-04-20,159.9499969482422,170.0,156.0,161.6699981689453,1683.0,0.0,0.0,
2021-04-22,165.0,167.8999938964844,160.0,162.1399993896484,1242.0,0.0,0.0,
2021-04-23,158.25,165.0,158.25,160.8200073242188,1611.0,0.0,0.0,
2021-04-26,164.0500030517578,169.8999938964844,160.0,163.0700073242188,1962.0,0.0,0.0,
2021-04-27,166.3500061035156,169.0,163.0800018310547,164.4900054931641,1092.0,0.0,0.0,
2021-04-28,161.1999969482422,170.0,161.1999969482422,169.9900054931641,1388.0,0.0,0.0,
2021-04-29,173.9900054931641,173.9900054931641,165.0,168.1999969482422,1173.0,0.0,0.0,
2021-04-30,165.0,171.5,165.0,169.7200012207031,2389.0,0.0,0.0,
2021-05-03,171.5,171.5,166.3600006103516,171.2799987792969,838.0,0.0,0.0,
2021-05-04,171.5,171.5,170.0099945068359,171.5,581.0,0.0,0.0,
2021-05-05,171.5,172.0,170.0,171.5299987792969,496.0,0.0,0.0,
2021-05-06,176.6699981689453,176.6699981689453,169.0500030517578,173.8099975585938,298.0,0.0,0.0,
2021-05-07,177.3000030517578,185.4600067138672,171.6900024414062,177.1499938964844,1562.0,0.0,0.0,
2021-05-10,177.1499938964844,186.8099975585938,177.1499938964844,186.8099975585938,1047.0,0.0,0.0,
2021-05-11,188.0500030517578,188.0500030517578,188.0500030517578,188.0500030517578,1191.0,0.0,0.0,
2021-05-12,189.5500030517578,189.5500030517578,172.5,189.5500030517578,533.0,0.0,0.0,
2021-05-14,188.3800048828125,188.3800048828125,188.3800048828125,188.3800048828125,697.0,0.0,0.0,
2021-05-17,186.4400024414062,186.4400024414062,186.4400024414062,186.4400024414062,373.0,0.0,0.0,
2021-05-18,186.1999969482422,186.1999969482422,186.1999969482422,186.1999969482422,255.0,0.0,0.0,
2021-05-19,179.0,189.3200073242188,179.0,189.3200073242188,552.0,0.0,0.0,
2021-05-20,191.6600036621094,191.6600036621094,191.0,191.6600036621094,85.0,0.0,0.0,
2021-05-21,190.6799926757812,190.6799926757812,190.6799926757812,190.6799926757812,293.0,0.0,0.0,
2021-05-24,189.1199951171875,189.1199951171875,189.1199951171875,189.1199951171875,395.0,0.0,0.0,
2021-05-25,163.3000030517578,192.5399932861328,163.3000030517578,192.5399932861328,115.0,0.0,0.0,
2021-05-26,179.0,192.8099975585938,179.0,192.8099975585938,88.0,0.0,0.0,
2021-05-27,193.0,193.0,193.0,193.0,66.0,0.0,0.0,
2021-05-28,194.1900024414062,194.1900024414062,194.1900024414062,194.1900024414062,101.0,0.0,0.0,
2021-05-31,194.1900024414062,194.6600036621094,194.1900024414062,194.6600036621094,146.0,0.0,0.0,
2021-06-01,195.9100036621094,195.9100036621094,195.9100036621094,195.9100036621094,39.0,0.0,0.0,
2021-06-02,198.0599975585938,198.0599975585938,198.0599975585938,198.0599975585938,277.0,0.0,0.0,
2021-06-03,197.9600067138672,197.9600067138672,197.9600067138672,197.9600067138672,41.0,0.0,0.0,
2021-06-04,197.9700012207031,197.9700012207031,192.0299987792969,197.9700012207031,107.0,0.0,0.0,
2021-06-07,199.4600067138672,199.4600067138672,199.4600067138672,199.4600067138672,182.0,0.0,0.0,
2021-06-08,199.1999969482422,199.1999969482422,199.1999969482422,199.1999969482422,84.0,0.0,0.0,
2021-06-09,200.2299957275391,200.2299957275391,199.1999969482422,200.2299957275391,137.0,0.0,0.0,
2021-06-10,200.0800018310547,200.0800018310547,200.0800018310547,200.0800018310547,88.0,0.0,0.0,
2021-06-11,198.75,198.75,198.75,198.75,247.0,0.0,0.0,
2021-06-14,200.2299957275391,200.2299957275391,200.2299957275391,200.2299957275391,342.0,0.0,0.0,
2021-06-15,201.0700073242188,201.0700073242188,194.2299957275391,201.0700073242188,92.0,0.0,0.0,
2021-06-16,201.2700042724609,201.2700042724609,195.0399932861328,201.2700042724609,25.0,0.0,0.0,
2021-06-17,202.0,202.0,202.0,202.0,362.0,0.0,0.0,
2021-06-18,200.7100067138672,200.7100067138672,200.5,200.7100067138672,547.0,0.0,0.0,
2021-06-21,199.8099975585938,199.8099975585938,199.8099975585938,199.8099975585938,77.0,0.0,0.0,
2021-06-22,199.7100067138672,199.7100067138672,199.7100067138672,199.7100067138672,45.0,0.0,0.0,
2021-06-23,200.5,200.5,200.5,200.5,277.0,0.0,0.0,
2021-06-24,200.8399963378906,200.8399963378906,200.5,200.8399963378906,132.0,0.0,0.0,
2021-06-25,194.8200073242188,199.75,194.8200073242188,199.75,40.0,0.0,0.0,
2021-06-28,201.0800018310547,201.0800018310547,201.0800018310547,201.0800018310547,50.0,0.0,0.0,
2021-06-29,201.9600067138672,201.9600067138672,201.9600067138672,201.9600067138672,154.0,0.0,0.0,
2021-06-30,201.3800048828125,201.3800048828125,201.3800048828125,201.3800048828125,53.0,0.0,0.0,
2021-07-01,200.6199951171875,200.6199951171875,200.6199951171875,200.6199951171875,57.0,0.0,0.0,
2021-07-02,200.2899932861328,200.2899932861328,200.2899932861328,200.2899932861328,44.0,0.0,0.0,
2021-07-05,199.7599945068359,199.7599945068359,199.7599945068359,199.7599945068359,79.0,0.0,0.0,
2021-07-06,200.3000030517578,200.3000030517578,200.3000030517578,200.3000030517578,190.0,0.0,0.0,
2021-07-07,201.7400054931641,201.7400054931641,201.7400054931641,201.7400054931641,36.0,0.0,0.0,
2021-07-08,201.5200042724609,201.5200042724609,201.5200042724609,201.5200042724609,5.0,0.0,0.0,
2021-07-09,202.3000030517578,202.3000030517578,195.4799957275391,202.3000030517578,202.0,0.0,0.0,
2021-07-12,200.4299926757812,200.4299926757812,200.4299926757812,200.4299926757812,137.0,0.0,0.0,
2021-07-13,199.9499969482422,199.9499969482422,199.9499969482422,199.9499969482422,24.0,0.0,0.0,
2021-07-14,200.0,200.0,200.0,200.0,74.0,0.0,0.0,
2021-07-15,194.0,201.5099945068359,194.0,201.5099945068359,92.0,0.0,0.0,
2021-07-16,202.0599975585938,202.0599975585938,202.0599975585938,202.0599975585938,107.0,0.0,0.0,
2021-07-19,202.3000030517578,203.0,196.0,203.0,179.0,0.0,0.0,
2021-07-20,202.9900054931641,202.9900054931641,202.9900054931641,202.9900054931641,87.0,0.0,0.0,
2021-07-22,200.8200073242188,200.8200073242188,200.8200073242188,200.8200073242188,181.0,0.0,0.0,
2021-07-23,199.2799987792969,199.2799987792969,199.2799987792969,199.2799987792969,34.0,0.0,0.0,
2021-07-26,201.75,201.75,201.75,201.75,130.0,0.0,0.0,
2021-07-27,202.2100067138672,202.2100067138672,201.75,202.2100067138672,36.0,0.0,0.0,
2021-07-28,201.8000030517578,201.8000030517578,201.8000030517578,201.8000030517578,12.0,0.0,0.0,
2021-07-29,200.5,200.8300018310547,200.5,200.8300018310547,76.0,0.0,0.0,
2021-07-30,200.4199981689453,200.4199981689453,167.8999938964844,168.3600006103516,57945.0,0.0,0.0,
2021-08-02,174.0,174.0,166.0,169.1499938964844,8940.0,0.0,0.0,
2021-08-03,171.0,171.0,169.0,170.8099975585938,5508.0,0.0,0.0,
2021-08-04,169.0500030517578,174.0,167.5,172.1000061035156,8110.0,0.0,0.0,
2021-08-05,171.1499938964844,173.9900054931641,171.1499938964844,172.3800048828125,4978.0,0.0,0.0,
2021-08-06,171.0,173.9900054931641,167.1000061035156,172.8899993896484,2196.0,0.0,0.0,
2021-08-09,174.8000030517578,174.8000030517578,171.6000061035156,172.9499969482422,3383.0,0.0,0.0,
2021-08-10,174.4900054931641,174.4900054931641,172.1100006103516,172.2899932861328,1862.0,0.0,0.0,
2021-08-11,173.9900054931641,175.0,171.25,172.3099975585938,1902.0,0.0,0.0,
2021-08-12,171.1999969482422,173.9900054931641,171.1999969482422,173.25,1456.0,0.0,0.0,
2021-08-13,174.9799957275391,177.5899963378906,172.3500061035156,176.1100006103516,3406.0,0.0,0.0,
2021-08-16,176.4900054931641,177.5,174.6499938964844,176.0399932861328,3575.0,0.0,0.0,
2021-08-17,177.4900054931641,177.4900054931641,174.7100067138672,176.0,869.0,0.0,0.0,
2021-08-18,177.9900054931641,178.5500030517578,174.1000061035156,177.0399932861328,1577.0,0.0,0.0,
2021-08-20,173.5,176.8999938964844,173.5,173.9799957275391,1315.0,0.0,0.0,
2021-08-23,175.9900054931641,175.9900054931641,173.9799957275391,174.0700073242188,2251.0,0.0,0.0,
2021-08-24,175.9900054931641,177.8999938964844,174.0800018310547,176.2100067138672,877.0,0.0,0.0,
2021-08-25,177.9900054931641,178.5,176.0099945068359,177.9700012207031,5296.0,0.0,0.0,
2021-08-26,175.0,178.9499969482422,175.0,176.0099945068359,521.0,0.0,0.0,
2021-08-27,176.0,177.8999938964844,175.0,176.7599945068359,2275.0,0.0,0.0,
2021-08-30,178.4900054931641,180.4900054931641,176.0,179.6300048828125,1042.0,0.0,0.0,
2021-08-31,176.0500030517578,181.6999969482422,176.0,181.4499969482422,1910.0,0.0,0.0,
2021-09-01,180.5,184.25,180.5,183.5,2100.0,0.0,0.0,
2021-09-02,183.6999969482422,184.9499969482422,181.0,184.8000030517578,1381.0,0.0,0.0,
2021-09-03,185.5,185.5,181.0099945068359,184.2599945068359,1549.0,0.0,0.0,
2021-09-06,185.0,185.0,182.1000061035156,184.7100067138672,1755.0,0.0,0.0,
2021-09-07,185.0,185.0,183.0,184.3500061035156,1255.0,0.0,0.0,
2021-09-08,185.9900054931641,185.9900054931641,183.0099945068359,183.75,622.0,0.0,0.0,
2021-09-09,185.0,185.0,176.5599975585938,184.2200012207031,531.0,0.0,0.0,
2021-09-13,184.9700012207031,185.0,182.5,184.4900054931641,5358.0,0.0,0.0,
2021-09-14,186.4900054931641,186.4900054931641,183.0,184.0800018310547,1703.0,0.0,0.0,
2021-09-15,184.0,185.9900054931641,183.0,185.5700073242188,1087.0,0.0,0.0,
2021-09-16,186.0,186.9900054931641,184.0,186.8200073242188,1049.0,0.0,0.0,
2021-09-17,188.4900054931641,188.4900054931641,185.0,186.9600067138672,1364.0,0.0,0.0,
2021-09-20,184.0,189.8500061035156,184.0,186.8399963378906,2777.0,0.0,0.0,
2021-09-21,189.1499938964844,189.1499938964844,184.1000061035156,186.0200042724609,738.0,0.0,0.0,
2021-09-22,184.5,188.75,184.5,185.2100067138672,690.0,0.0,0.0,
2021-09-23,187.9900054931641,189.8500061035156,185.0,187.0599975585938,753.0,0.0,0.0,
2021-09-24,189.5,192.3600006103516,187.1000061035156,191.7799987792969,801.0,0.0,0.0,
2021-09-27,191.7799987792969,192.8000030517578,190.0,191.4499969482422,755.0,0.0,0.0,
2021-09-28,187.5,192.4299926757812,186.9499969482422,188.1300048828125,1262.0,0.0,0.0,
2021-09-29,189.4900054931641,189.9199981689453,188.0,188.1799926757812,598.0,0.0,0.0,
2021-09-30,185.5,190.4799957275391,185.5,188.1699981689453,693.0,0.0,0.0,
2021-10-01,188.4600067138672,188.4600067138672,184.5,186.0700073242188,795.0,0.0,0.0,
2021-10-04,188.9900054931641,189.2299957275391,186.0,188.0599975585938,738.0,0.0,0.0,
2021-10-05,189.6900024414062,190.3999938964844,185.0,188.1900024414062,1161.0,0.0,0.0,
2021-10-06,186.8500061035156,191.9499969482422,186.8500061035156,188.5,3737.0,0.0,0.0,
2021-10-07,191.0,191.0,186.0,189.5599975585938,1393.0,0.0,0.0,
2021-10-08,189.5599975585938,192.0,188.5099945068359,190.2299957275391,950.0,0.0,0.0,
2021-10-11,192.3000030517578,192.4900054931641,186.6999969482422,188.7599945068359,4476.0,0.0,0.0,
2021-10-12,191.9900054931641,191.9900054931641,186.5,187.5800018310547,1379.0,0.0,0.0,
2021-10-13,191.9900054931641,194.6499938964844,187.5599975585938,192.0899963378906,1846.0,0.0,0.0,
2021-10-14,190.0,196.3500061035156,190.0,193.6799926757812,654.0,0.0,0.0,
2021-10-18,193.6799926757812,198.0,191.5,197.8699951171875,2194.0,0.0,0.0,
2021-10-19,199.0,199.3099975585938,193.3200073242188,195.8099975585938,1932.0,0.0,0.0,
2021-10-20,197.6000061035156,197.6000061035156,192.4600067138672,193.0599975585938,472.0,0.0,0.0,
2021-10-21,193.0599975585938,196.9499969482422,190.9600067138672,193.0599975585938,1478.0,0.0,0.0,
2021-10-22,195.75,196.8999938964844,191.0,194.0,532.0,0.0,0.0,
2021-10-25,194.0,196.4900054931641,192.0,194.8800048828125,1183.0,0.0,0.0,
2021-10-26,195.3800048828125,195.3800048828125,192.0599975585938,193.0,473.0,0.0,0.0,
2021-10-27,195.9900054931641,196.3500061035156,191.3200073242188,195.5500030517578,1031.0,0.0,0.0,
2021-10-28,192.0500030517578,195.8000030517578,190.2799987792969,192.2400054931641,1857.0,0.0,0.0,
2021-10-29,192.1999969482422,192.2700042724609,182.5,190.2200012207031,677.0,0.0,0.0,
2021-11-01,191.5,192.0,183.5,191.8999938964844,916.0,0.0,0.0,
2021-11-02,193.5,194.0,187.6999969482422,191.4600067138672,679.0,0.0,0.0,
2021-11-03,193.9900054931641,193.9900054931641,188.2799987792969,189.8800048828125,560.0,0.0,0.0,
2021-11-04,193.5,193.8000030517578,186.9499969482422,191.3399963378906,773.0,0.0,0.0,
2021-11-08,193.7299957275391,193.7299957275391,187.5200042724609,189.2599945068359,786.0,0.0,0.0,
2021-11-09,192.9900054931641,200.3999938964844,188.4499969482422,193.0500030517578,7238.0,0.0,0.0,
2021-11-10,194.0,194.0,187.6499938964844,190.5500030517578,724.0,0.0,0.0,
2021-11-11,187.5200042724609,193.5,187.1100006103516,189.1900024414062,1211.0,0.0,0.0,
2021-11-12,193.1999969482422,193.1999969482422,187.4100036621094,189.9499969482422,748.0,0.0,0.0,
2021-11-15,193.9900054931641,195.5,190.0599975585938,190.7700042724609,1863.0,0.0,0.0,
2021-11-16,193.9900054931641,193.9900054931641,189.5,191.0399932861328,1018.0,0.0,0.0,
2021-11-17,187.8999938964844,193.1999969482422,187.1100006103516,190.3899993896484,699.0,0.0,0.0,
2021-11-18,192.9499969482422,193.4900054931641,187.5200042724609,192.2400054931641,999.0,0.0,0.0,
2021-11-22,192.2400054931641,192.2400054931641,186.0,187.9400024414062,1647.0,0.0,0.0,
2021-11-23,188.5,188.5,183.1499938964844,186.5,2000.0,0.0,0.0,
2021-11-24,186.5,189.5,183.2299957275391,186.2200012207031,885.0,0.0,0.0,
2021-11-25,188.8999938964844,188.8999938964844,182.3600006103516,184.2200012207031,490.0,0.0,0.0,
2021-11-26,185.8999938964844,187.5,181.0,183.2299957275391,2018.0,0.0,0.0,
2021-11-29,181.5,185.0,176.0,182.1999969482422,1518.0,0.0,0.0,
2021-11-30,183.8999938964844,185.3000030517578,181.2100067138672,184.0299987792969,1130.0,0.0,0.0,
2021-12-01,184.0500030517578,210.0,184.0500030517578,202.8200073242188,2505.0,0.0,0.0,
2021-12-02,196.7400054931641,201.0,185.2299957275391,189.5200042724609,10485.0,0.0,0.0,
2021-12-03,189.5200042724609,190.5,184.5,185.2200012207031,4700.0,0.0,0.0,
2021-12-06,186.0,186.0,180.5599975585938,182.1499938964844,7033.0,0.0,0.0,
2021-12-07,183.75,184.5,182.1499938964844,183.8500061035156,2135.0,0.0,0.0,
2021-12-08,187.0,187.0,183.4600067138672,184.6999969482422,2095.0,0.0,0.0,
2021-12-09,186.8999938964844,187.5,183.1999969482422,185.5800018310547,1376.0,0.0,0.0,
2021-12-10,186.8999938964844,187.9900054931641,183.0,186.0599975585938,1010.0,0.0,0.0,
2021-12-13,186.8999938964844,190.0,185.6499938964844,186.4799957275391,1654.0,0.0,0.0,
2021-12-14,186.5,186.5,183.1999969482422,183.9799957275391,420.0,0.0,0.0,
2021-12-15,184.5,188.9799957275391,182.6999969482422,183.2799987792969,1147.0,0.0,0.0,
2021-12-16,186.6499938964844,186.9900054931641,183.3200073242188,183.3999938964844,420.0,0.0,0.0,
2021-12-17,184.8999938964844,185.9799957275391,181.5,182.6799926757812,748.0,0.0,0.0,
2021-12-20,179.0500030517578,182.0,174.0,177.4100036621094,2739.0,0.0,0.0,
2021-12-21,181.9900054931641,181.9900054931641,177.9199981689453,180.5500030517578,513.0,0.0,0.0,
2021-12-22,182.0,182.5,177.0200042724609,181.6000061035156,900.0,0.0,0.0,
2021-12-23,180.0,182.0,177.1100006103516,181.75,370.0,0.0,0.0,
2021-12-24,184.0500030517578,184.9900054931641,178.1499938964844,181.7899932861328,877.0,0.0,0.0,
2021-12-27,182.0,184.5899963378906,178.1600036621094,181.75,612.0,0.0,0.0,
2021-12-28,184.0500030517578,184.9900054931641,181.0,183.5,3343.0,0.0,0.0,
2021-12-29,181.0,185.0,181.0,182.9299926757812,448.0,0.0,0.0,
2021-12-30,185.5,185.5,181.1300048828125,182.0099945068359,446.0,0.0,0.0,
2021-12-31,184.8999938964844,185.8999938964844,182.1199951171875,183.5599975585938,1390.0,0.0,0.0,
2022-01-03,183.0,187.0,183.0,186.5099945068359,1718.0,0.0,0.0,
2022-01-04,185.8999938964844,190.5,185.8999938964844,188.4400024414062,2296.0,0.0,0.0,
2022-01-05,188.8999938964844,191.9900054931641,184.7799987792969,189.3500061035156,985.0,0.0,0.0,
2022-01-06,188.6000061035156,193.5,187.0,189.4499969482422,3539.0,0.0,0.0,
2022-01-07,189.4499969482422,192.8000030517578,185.7599945068359,189.5,1711.0,0.0,0.0,
2022-01-10,190.8999938964844,192.75,187.0200042724609,190.9499969482422,1427.0,0.0,0.0,
2022-01-11,190.9499969482422,194.4799957275391,187.1600036621094,190.5200042724609,2969.0,0.0,0.0,
2022-01-12,191.8999938964844,194.4799957275391,188.0500030517578,192.2599945068359,1509.0,0.0,0.0,
2022-01-13,190.3000030517578,193.25,189.5200042724609,193.0599975585938,494.0,0.0,0.0,
2022-01-14,191.5,193.1000061035156,191.5,192.7799987792969,772.0,0.0,0.0,
2022-01-17,196.4900054931641,196.4900054931641,192.0,193.5299987792969,1045.0,0.0,0.0,
2022-01-18,194.8999938964844,196.3999938964844,193.0,193.6600036621094,1617.0,0.0,0.0,
2022-01-19,193.8999938964844,194.8999938964844,191.75,191.8399963378906,445.0,0.0,0.0,
2022-01-20,191.0500030517578,193.0,189.25,190.1399993896484,6389.0,0.0,0.0,
2022-01-21,190.8999938964844,191.0,186.2700042724609,189.6999969482422,460.0,0.0,0.0,
2022-01-24,190.8999938964844,193.5,183.0,184.2400054931641,2056.0,0.0,0.0,
2022-01-25,180.6000061035156,185.5,179.1100006103516,184.0500030517578,941.0,0.0,0.0,
2022-01-27,185.8999938964844,186.8999938964844,180.3999938964844,183.75,2650.0,0.0,0.0,
2022-01-28,184.8999938964844,186.4799957275391,183.25,183.4600067138672,1310.0,0.0,0.0,
2022-01-31,183.4499969482422,187.8999938964844,182.0,186.25,426.0,0.0,0.0,
2022-02-01,186.25,190.0,183.1000061035156,187.5,1027.0,0.0,0.0,
2022-02-02,187.8999938964844,190.5500030517578,187.5,189.6999969482422,807.0,0.0,0.0,
2022-02-03,189.8999938964844,191.5,188.25,188.9900054931641,1213.0,0.0,0.0,
2022-02-04,189.4499969482422,190.0,185.25,187.3699951171875,453.0,0.0,0.0,
2022-02-07,187.8999938964844,189.0,183.5,184.9900054931641,1363.0,0.0,0.0,
2022-02-08,185.8999938964844,188.6999969482422,182.0099945068359,183.25,1834.0,0.0,0.0,
2022-02-09,185.8999938964844,186.9799957275391,182.5,185.0899963378906,408.0,0.0,0.0,
2022-02-10,184.5,188.4499969482422,184.5,186.6999969482422,808.0,0.0,0.0,
2022-02-11,186.8999938964844,187.4900054931641,184.5,185.4100036621094,479.0,0.0,0.0,
2022-02-14,185.5,185.5,181.0,182.5599975585938,2622.0,0.0,0.0,
2022-02-15,183.0,184.25,181.25,184.1699981689453,702.0,0.0,0.0,
2022-02-16,185.5,186.3500061035156,184.25,184.9799957275391,901.0,0.0,0.0,
2022-02-17,185.5,187.8999938964844,184.0500030517578,185.7100067138672,1223.0,0.0,0.0,
2022-02-18,185.5,186.5,184.0500030517578,185.3800048828125,698.0,0.0,0.0,
2022-02-21,185.3800048828125,186.5,181.7400054931641,184.5899963378906,1329.0,0.0,0.0,
2022-02-22,184.0500030517578,184.5,181.0,182.7100067138672,620.0,0.0,0.0,
2022-02-23,184.0500030517578,185.8999938964844,182.5,184.25,566.0,0.0,0.0,
2022-02-24,184.0500030517578,184.25,174.0,175.5599975585938,7754.0,0.0,0.0,
2022-02-25,175.5599975585938,179.4799957275391,172.0500030517578,178.4400024414062,1633.0,0.0,0.0,
2022-02-28,182.0500030517578,182.4900054931641,175.0500030517578,178.6300048828125,1726.0,0.0,0.0,
2022-03-02,181.9900054931641,181.9900054931641,172.5500030517578,177.6100006103516,1763.0,0.0,0.0,
2022-03-03,178.8999938964844,180.8999938964844,176.5,177.2700042724609,824.0,0.0,0.0,
2022-03-04,178.0,178.0,173.75,175.1100006103516,2021.0,0.0,0.0,
2022-03-07,175.5,176.5,168.5,171.3899993896484,2334.0,0.0,0.0,
2022-03-08,173.5,173.5,169.25,171.8600006103516,3061.0,0.0,0.0,
2022-03-09,173.0500030517578,176.0899963378906,170.1499938964844,174.7299957275391,2228.0,0.0,0.0,
2022-03-10,179.0,180.8999938964844,177.0,177.0399932861328,1099.0,0.0,0.0,
2022-03-11,177.5,179.0,175.5200042724609,178.75,1951.0,0.0,0.0,
2022-03-14,178.8999938964844,181.9900054931641,175.5200042724609,178.8899993896484,1989.0,0.0,0.0,
2022-03-15,177.0500030517578,178.8999938964844,176.5,178.3999938964844,1404.0,0.0,0.0,
2022-03-16,178.8999938964844,182.0,177.0500030517578,180.6499938964844,3442.0,0.0,0.0,
2022-03-17,180.8999938964844,185.5,179.0500030517578,184.9900054931641,6018.0,0.0,0.0,
2022-03-21,186.0500030517578,189.9799957275391,182.0500030517578,186.5500030517578,10443.0,0.0,0.0,
2022-03-22,186.0500030517578,189.9900054931641,182.5899963378906,185.7200012207031,17303.0,0.0,0.0,
2022-03-23,186.5,188.0,184.5,185.0099945068359,3961.0,0.0,0.0,
2022-03-24,184.75,184.9700012207031,184.25,184.7599945068359,257.0,0.0,0.0,
2022-03-25,185.5,185.5,183.25,183.6799926757812,1757.0,0.0,0.0,
2022-03-28,183.5,185.5,182.75,183.8000030517578,1762.0,0.0,0.0,
2022-03-29,183.8000030517578,185.5,183.0099945068359,183.8000030517578,336.0,0.0,0.0,
2022-03-30,186.0500030517578,186.9799957275391,183.0599975585938,184.7899932861328,1088.0,0.0,0.0,
2022-03-31,186.0500030517578,186.5,184.1000061035156,185.3500061035156,1477.0,0.0,0.0,
2022-04-01,181.6499938964844,186.8500061035156,181.6499938964844,186.4900054931641,4556.0,0.0,0.0,
2022-04-04,187.5,195.5,184.0099945068359,190.9400024414062,2156.0,0.0,0.0,
2022-04-05,191.5,193.8999938964844,189.0099945068359,190.0200042724609,1949.0,0.0,0.0,
2022-04-06,190.0200042724609,193.0,189.3099975585938,191.0099945068359,2784.0,0.0,0.0,
2022-04-07,188.0500030517578,191.4900054931641,187.5,189.5200042724609,2031.0,0.0,0.0,
2022-04-08,190.8999938964844,191.5,188.7599945068359,191.0700073242188,1266.0,0.0,0.0,
2022-04-11,191.0,193.5,187.5,190.0599975585938,1290.0,0.0,0.0,
2022-04-12,193.8999938964844,193.8999938964844,186.3899993896484,189.1300048828125,7903.0,0.0,0.0,
2022-04-13,190.8999938964844,191.9900054931641,186.5,187.9400024414062,3562.0,0.0,0.0,
2022-04-18,188.0500030517578,190.9799957275391,172.0099945068359,184.25,3548.0,0.0,0.0,
2022-04-19,187.5,187.9499969482422,181.0,183.0899963378906,1426.0,0.0,0.0,
2022-04-20,183.0500030517578,186.0500030517578,183.0500030517578,183.3500061035156,1014.0,0.0,0.0,
2022-04-21,186.0500030517578,187.0500030517578,184.1000061035156,184.75,390.0,0.0,0.0,
2022-04-22,184.75,187.8999938964844,182.25,183.1199951171875,2287.0,0.0,0.0,
2022-04-25,180.0500030517578,184.8999938964844,180.0500030517578,182.4900054931641,1102.0,0.0,0.0,
2022-04-26,186.1499938964844,186.1499938964844,182.0500030517578,183.5099945068359,453.0,0.0,0.0,
2022-04-27,181.5,185.5,181.0,182.75,969.0,0.0,0.0,
2022-04-28,185.5,185.5,181.5,184.2299957275391,584.0,0.0,0.0,
2022-04-29,188.4799957275391,188.4799957275391,183.0,183.8899993896484,794.0,0.0,0.0,
2022-05-02,184.5,184.5,180.0500030517578,182.5399932861328,7193.0,0.0,0.0,
2022-05-04,186.5,186.5,175.0,177.7799987792969,5285.0,0.0,0.0,
2022-05-05,177.7799987792969,181.9799957275391,176.5,178.8699951171875,6705.0,0.0,0.0,
2022-05-06,179.8999938964844,179.8999938964844,172.9600067138672,176.7299957275391,3758.0,0.0,0.0,
2022-05-09,173.5,176.8999938964844,171.5,176.0,883.0,0.0,0.0,
2022-05-10,173.5,177.5,173.5,177.0,780.0,0.0,0.0,
2022-05-11,180.5399932861328,180.5399932861328,173.5,177.4700012207031,1931.0,0.0,0.0,
2022-05-12,177.0,177.0,170.0,172.1900024414062,8200.0,0.0,0.0,
2022-05-13,174.8999938964844,175.0,170.5599975585938,172.1100006103516,1377.0,0.0,0.0,
2022-05-16,172.8999938964844,173.0,171.5,172.8800048828125,1407.0,0.0,0.0,
2022-05-17,181.25,189.9900054931641,170.1600036621094,174.9700012207031,1568.0,0.0,0.0,
2022-05-18,177.8999938964844,178.0500030517578,174.3000030517578,175.0200042724609,978.0,0.0,0.0,
2022-05-19,175.0,175.8999938964844,168.1600036621094,171.5899963378906,585.0,0.0,0.0,
2022-05-20,174.8999938964844,174.8999938964844,172.0599975585938,173.6499938964844,288.0,0.0,0.0,
2022-05-23,175.8999938964844,175.8999938964844,173.0,173.2599945068359,773.0,0.0,0.0,
2022-05-24,175.0,176.5,172.5,173.3000030517578,441.0,0.0,0.0,
2022-05-25,176.8000030517578,176.8000030517578,173.0500030517578,173.7899932861328,389.0,0.0,0.0,
2022-05-26,173.8000030517578,175.5,170.3500061035156,174.0,671.0,0.0,0.0,
2022-05-27,173.5,175.8999938964844,173.5,174.75,258.0,0.0,0.0,
2022-05-30,173.5,180.6000061035156,173.5,177.5099945068359,2604.0,0.0,0.0,
2022-05-31,181.1000061035156,181.1000061035156,174.5,177.4100036621094,398.0,0.0,0.0,
2022-06-01,177.3000030517578,178.4900054931641,175.0299987792969,175.8000030517578,579.0,0.0,0.0,
2022-06-02,175.0299987792969,177.9499969482422,175.0299987792969,177.3200073242188,772.0,0.0,0.0,
2022-06-03,179.4100036621094,179.5,176.1999969482422,177.6900024414062,505.0,0.0,0.0,
2022-06-06,177.8999938964844,177.8999938964844,176.5,176.75,202.0,0.0,0.0,
2022-06-07,177.5,178.5,174.75,175.25,899.0,0.0,0.0,
2022-06-08,177.5,178.9400024414062,174.5500030517578,175.9400024414062,357.0,0.0,0.0,
2022-06-09,176.8999938964844,176.8999938964844,174.5,175.9199981689453,271.0,0.0,0.0,
2022-06-10,175.9199981689453,175.9199981689453,173.75,174.1100006103516,952.0,0.0,0.0,
2022-06-13,172.5,173.8000030517578,169.3000030517578,170.3600006103516,3478.0,0.0,0.0,
2022-06-14,172.8999938964844,172.8999938964844,169.3000030517578,170.7599945068359,2025.0,0.0,0.0,
2022-06-15,170.0,170.0,168.5,169.1100006103516,515.0,0.0,0.0,
2022-06-16,171.0,171.75,167.3000030517578,168.5399932861328,1022.0,0.0,0.0,
2022-06-17,165.0500030517578,168.4900054931641,160.75,166.7100067138672,1013.0,0.0,0.0,
2022-06-20,165.1199951171875,168.0,161.3999938964844,166.0,351.0,0.0,0.0,
2022-06-21,169.0,169.25,166.0,168.0200042724609,1767.0,0.0,0.0,
2022-06-22,169.5,170.3500061035156,166.25,166.3200073242188,525.0,0.0,0.0,
2022-06-23,166.3200073242188,168.0,166.3200073242188,166.7799987792969,705.0,0.0,0.0,
2022-06-24,168.0,168.25,167.0,168.0099945068359,386.0,0.0,0.0,
2022-06-27,171.3999938964844,172.9799957275391,168.1499938964844,169.5,528.0,0.0,0.0,
2022-06-28,172.6499938964844,172.6499938964844,166.3000030517578,168.8999938964844,723.0,0.0,0.0,
2022-06-29,169.75,169.75,168.0,168.9799957275391,520.0,0.0,0.0,
2022-06-30,168.8999938964844,170.8399963378906,167.0,167.9299926757812,656.0,0.0,0.0,
2022-07-01,166.25,168.5,166.25,167.8300018310547,426.0,0.0,0.0,
2022-07-04,164.0500030517578,171.1900024414062,164.0500030517578,168.75,785.0,0.0,0.0,
2022-07-05,170.8999938964844,171.8999938964844,168.0,168.8800048828125,348.0,0.0,0.0,
2022-07-06,169.8999938964844,171.0,169.0,170.5899963378906,814.0,0.0,0.0,
2022-07-07,168.5,174.0,168.5,172.5599975585938,539.0,0.0,0.0,
2022-07-08,169.1499938964844,174.25,169.1499938964844,173.1399993896484,1543.0,0.0,0.0,
2022-07-11,174.9900054931641,174.9900054931641,172.0,172.2400054931641,557.0,0.0,0.0,
2022-07-12,169.5,172.8899993896484,169.5,172.4499969482422,487.0,0.0,0.0,
2022-07-13,174.9900054931641,184.9900054931641,171.75,172.1399993896484,790.0,0.0,0.0,
2022-07-14,172.0,172.75,171.2100067138672,171.7700042724609,449.0,0.0,0.0,
2022-07-15,168.5,175.0,168.5,173.9799957275391,2555.0,0.0,0.0,
2022-07-18,179.0,179.0,170.5599975585938,174.9799957275391,778.0,0.0,0.0,
2022-07-19,175.8999938964844,177.8999938964844,174.3899993896484,174.9799957275391,1279.0,0.0,0.0,
2022-07-20,177.8999938964844,177.8999938964844,170.6100006103516,177.1999969482422,902.0,0.0,0.0,
2022-07-21,177.25,178.25,176.3200073242188,177.9299926757812,1930.0,0.0,0.0,
2022-07-22,179.5,179.5,177.7599945068359,178.7899932861328,731.0,0.0,0.0,
2022-07-25,179.8999938964844,182.3999938964844,178.0500030517578,179.25,401.0,0.0,0.0,
2022-07-26,181.8999938964844,181.8999938964844,178.25,178.4400024414062,228.0,0.0,0.0,
2022-07-27,174.8999938964844,179.8999938964844,173.6499938964844,178.6600036621094,1683.0,0.0,0.0,
2022-07-28,175.1000061035156,181.25,175.1000061035156,181.1699981689453,1453.0,0.0,0.0,
2022-07-29,180.0500030517578,183.5,180.0500030517578,183.0399932861328,2769.0,0.0,0.0,
2022-08-01,181.8000030517578,187.9799957275391,181.8000030517578,184.6999969482422,989.0,0.0,0.0,
2022-08-02,187.5,187.5,183.4499969482422,186.3200073242188,1114.0,0.0,0.0,
2022-08-03,186.3200073242188,186.75,186.0,186.0,131.0,0.0,0.0,
2022-08-04,187.0,187.75,186.0,186.0299987792969,457.0,0.0,0.0,
2022-08-05,182.5,187.4700012207031,182.3500061035156,186.8800048828125,329.0,0.0,0.0,
2022-08-08,187.5,187.75,183.8999938964844,187.6600036621094,583.0,0.0,0.0,
2022-08-10,188.8999938964844,189.8999938964844,185.3000030517578,187.9499969482422,227.0,0.0,0.0,
2022-08-11,191.75,191.75,188.5,188.7200012207031,5015.0,0.0,0.0,
2022-08-12,186.5,190.0,186.5,188.6799926757812,20811.0,0.0,0.0,
2022-08-16,187.8500061035156,190.9799957275391,187.8500061035156,189.8300018310547,546.0,0.0,0.0,
2022-08-17,189.8300018310547,191.8999938964844,188.6000061035156,191.6799926757812,998.0,0.0,0.0,
2022-08-18,191.4199981689453,192.75,191.0,192.5800018310547,16441.0,0.0,0.0,
2022-08-19,192.5,193.0,189.75,192.0700073242188,5894.0,0.0,0.0,
2022-08-22,188.5,191.0,186.8000030517578,188.9700012207031,5071.0,0.0,0.0,
2022-08-23,188.5500030517578,189.8000030517578,188.5,189.5,630.0,0.0,0.0,
2022-08-24,187.5,189.9900054931641,187.5,189.2700042724609,2110.0,0.0,0.0,
2022-08-25,189.9900054931641,190.5,188.0,188.4400024414062,562.0,0.0,0.0,
2022-08-26,189.6000061035156,190.0,188.75,188.7899932861328,350.0,0.0,0.0,
2022-08-29,186.8000030517578,188.5,185.75,187.1000061035156,521.0,0.0,0.0,
2022-08-30,189.5,191.5,185.8999938964844,190.1100006103516,1675.0,0.0,0.0,
2022-09-01,187.5,190.9700012207031,187.5,189.6799926757812,451.0,0.0,0.0,
2022-09-02,187.5,193.1199951171875,187.5,188.7700042724609,1112.0,0.0,0.0,
2022-09-05,187.5,190.0,187.5,189.0399932861328,198.0,0.0,0.0,
2022-09-06,189.7599945068359,190.5,189.25,189.3899993896484,398.0,0.0,0.0,
2022-09-07,188.0099945068359,189.5,188.0,189.1399993896484,292.0,0.0,0.0,
2022-09-08,190.0,191.0,189.8000030517578,190.7299957275391,505.0,0.0,0.0,
2022-09-09,189.3000030517578,192.8999938964844,189.3000030517578,191.3800048828125,460.0,0.0,0.0,
2022-09-12,192.8999938964844,192.8999938964844,188.9499969482422,192.3899993896484,2644.0,0.0,0.0,
2022-09-13,190.6000061035156,193.75,190.6000061035156,193.6399993896484,5935.0,0.0,0.0,
2022-09-14,193.5,194.5899963378906,187.6999969482422,193.6900024414062,6564.0,0.0,0.0,
2022-09-15,194.6399993896484,194.6399993896484,192.2599945068359,192.8099975585938,1257.0,0.0,0.0,
2022-09-16,190.5,192.2899932861328,189.5099945068359,189.9600067138672,1244.0,0.0,0.0,
2022-09-19,190.8899993896484,190.8899993896484,187.9100036621094,189.2899932861328,512.0,0.0,0.0,
2022-09-20,190.1999969482422,192.25,190.1999969482422,191.7200012207031,326.0,0.0,0.0,
2022-09-21,194.3999938964844,194.3999938964844,188.6600036621094,191.6799926757812,228.0,0.0,0.0,
2022-09-22,191.5,191.5,189.75,190.5800018310547,564.0,0.0,0.0,
2022-09-23,190.0,190.25,187.0,187.2400054931641,2564.0,0.0,0.0,
2022-09-26,186.0,186.9900054931641,183.5899963378906,184.1100006103516,2903.0,0.0,0.0,
2022-09-27,185.0,185.4900054931641,183.5,184.3999938964844,841.0,0.0,0.0,
2022-09-28,187.8999938964844,187.8999938964844,182.5,182.6000061035156,1171.0,0.0,0.0,
2022-09-29,186.3899993896484,186.3899993896484,181.75,183.2400054931641,468.0,0.0,0.0,
2022-09-30,184.6999969482422,184.6999969482422,181.75,183.7299957275391,375.0,0.0,0.0,
2022-10-03,185.9799957275391,185.9799957275391,180.6499938964844,181.8600006103516,1812.0,0.0,0.0,
2022-10-04,186.3899993896484,187.8200073242188,184.0099945068359,185.9600067138672,832.0,0.0,0.0,
2022-10-06,185.9600067138672,186.8999938964844,185.9600067138672,186.4700012207031,465.0,0.0,0.0,
2022-10-07,182.6999969482422,186.5,182.6999969482422,186.1499938964844,300.0,0.0,0.0,
2022-10-10,183.2799987792969,187.0,183.25,186.5399932861328,647.0,0.0,0.0,
2022-10-11,186.5399932861328,186.5399932861328,183.5,184.2799987792969,6213.0,0.0,0.0,
2022-10-12,181.8500061035156,184.9499969482422,181.8500061035156,184.9499969482422,729.0,0.0,0.0,
2022-10-13,184.3000030517578,184.6999969482422,183.5,184.0399932861328,249.0,0.0,0.0,
2022-10-14,183.0500030517578,186.9799957275391,183.0500030517578,186.0,2280.0,0.0,0.0,
2022-10-17,189.75,189.75,185.3000030517578,186.2700042724609,635.0,0.0,0.0,
2022-10-18,187.8000030517578,189.0,187.8000030517578,188.2299957275391,798.0,0.0,0.0,
2022-10-19,190.5,190.5,185.6499938964844,187.9700012207031,1161.0,0.0,0.0,
2022-10-20,187.8000030517578,188.75,187.5,188.5599975585938,371.0,0.0,0.0,
2022-10-21,192.3000030517578,192.3000030517578,188.8000030517578,189.5,280.0,0.0,0.0,
2022-10-24,193.9799957275391,193.9799957275391,189.4900054931641,190.9299926757812,146.0,0.0,0.0,
2022-10-25,190.5,191.25,190.0,190.4799957275391,362.0,0.0,0.0,
2022-10-27,194.3000030517578,194.3000030517578,190.7400054931641,191.0,143.0,0.0,0.0,
2022-10-28,191.0,191.5,190.5,190.7400054931641,1381.0,0.0,0.0,
2022-10-31,192.1900024414062,193.2299957275391,192.1900024414062,192.9900054931641,1071.0,0.0,0.0,
2022-11-01,191.8000030517578,194.75,191.8000030517578,194.6900024414062,1375.0,0.0,0.0,
2022-11-02,195.0,195.2200012207031,194.0,194.0,1193.0,0.0,0.0,
2022-11-03,194.0,194.25,190.1600036621094,193.7799987792969,722.0,0.0,0.0,
2022-11-04,190.1600036621094,194.75,190.1600036621094,194.4799957275391,1149.0,0.0,0.0,
2022-11-07,198.3999938964844,198.3999938964844,194.0399932861328,195.25,1734.0,0.0,0.0,
2022-11-09,192.6000061035156,196.5,192.6000061035156,194.9799957275391,361.0,0.0,0.0,
2022-11-10,194.7299957275391,194.7299957275391,193.75,193.9900054931641,759.0,0.0,0.0,
2022-11-11,197.8699951171875,197.8699951171875,195.8099975585938,196.9199981689453,7372.0,0.0,0.0,
2022-11-14,196.7700042724609,197.2700042724609,196.7599945068359,197.1300048828125,9050.0,0.0,0.0,
2022-11-15,196.8899993896484,197.75,196.5099945068359,197.3800048828125,1245.0,0.0,0.0,
2022-11-16,197.3099975585938,197.8500061035156,197.1999969482422,197.3300018310547,645.0,0.0,0.0,
2022-11-17,197.0,198.0,194.25,197.6600036621094,737.0,0.0,0.0,
2022-11-18,199.8899993896484,199.8899993896484,196.25,197.0099945068359,719.0,0.0,0.0,
2022-11-21,196.8200073242188,196.8200073242188,195.1999969482422,195.2100067138672,216.0,0.0,0.0,
2022-11-22,199.0,199.0,195.2200012207031,196.1100006103516,2220.0,0.0,0.0,
2022-11-23,193.6600036621094,197.0899963378906,193.6600036621094,196.5299987792969,823.0,0.0,0.0,
2022-11-24,196.8800048828125,199.0,196.8800048828125,198.5200042724609,3061.0,0.0,0.0,
2022-11-25,198.3200073242188,198.9900054931641,198.2700042724609,198.6699981689453,2422.0,0.0,0.0,
2022-11-28,196.6799926757812,199.9900054931641,196.6799926757812,199.25,934.0,0.0,0.0,
2022-11-29,199.3500061035156,200.5,199.3500061035156,200.3500061035156,574.0,0.0,0.0,
2022-11-30,200.5599975585938,201.5,199.5700073242188,201.0200042724609,1041.0,0.0,0.0,
2022-12-01,202.0599975585938,202.8000030517578,201.7599945068359,202.1799926757812,1836.0,0.0,0.0,
2022-12-02,209.0,209.0,200.5,200.5200042724609,863.0,0.0,0.0,
2022-12-05,204.0,204.0,200.0,200.6699981689453,439.0,0.0,0.0,
2022-12-06,200.0,200.25,199.5500030517578,200.0200042724609,1992.0,0.0,0.0,
2022-12-07,209.9900054931641,209.9900054931641,199.0,199.1100006103516,825.0,0.0,0.0,
2022-12-08,199.6100006103516,200.2599945068359,199.25,199.5399932861328,999.0,0.0,0.0,
2022-12-09,200.7599945068359,200.7599945068359,198.25,198.25,1182.0,0.0,0.0,
2022-12-12,194.3000030517578,198.6999969482422,194.3000030517578,198.3999938964844,1028.0,0.0,0.0,
2022-12-13,195.0,200.0,195.0,199.75,602.0,0.0,0.0,
2022-12-14,199.9799957275391,200.75,199.9299926757812,200.4900054931641,696.0,0.0,0.0,
2022-12-15,200.0800018310547,200.0800018310547,197.5,197.9100036621094,202.0,0.0,0.0,
2022-12-16,197.1699981689453,198.25,196.75,196.8099975585938,541.0,0.0,0.0,
2022-12-19,195.0099945068359,198.25,195.0,198.0800018310547,139.0,0.0,0.0,
2022-12-20,197.3000030517578,197.75,196.0800018310547,197.25,758.0,0.0,0.0,
2022-12-21,198.0299987792969,198.5399932861328,196.25,196.4100036621094,417.0,0.0,0.0,
2022-12-22,196.3000030517578,196.3600006103516,194.2200012207031,195.2400054931641,756.0,0.0,0.0,
2022-12-23,193.2799987792969,194.7799987792969,191.1499938964844,191.5200042724609,512.0,0.0,0.0,
2022-12-26,192.0,194.7100067138672,192.0,194.3500061035156,433.0,0.0,0.0,
2022-12-27,196.8899993896484,196.8899993896484,194.3000030517578,194.5299987792969,705.0,0.0,0.0,
2022-12-28,194.6000061035156,195.7899932861328,194.6000061035156,195.4700012207031,74.0,0.0,0.0,
2022-12-29,192.1600036621094,196.0,192.1600036621094,195.8399963378906,662.0,0.0,0.0,
2022-12-30,199.8000030517578,199.8000030517578,194.8500061035156,195.5599975585938,122.0,0.0,0.0,
2023-01-02,195.3200073242188,195.9700012207031,195.1799926757812,195.6100006103516,332.0,0.0,0.0,
2023-01-03,195.6999969482422,196.25,195.4799957275391,196.25,85.0,0.0,0.0,
2023-01-04,196.0,196.2799987792969,194.25,194.2700042724609,5115.0,0.0,0.0,
2023-01-05,194.0099945068359,194.9900054931641,193.1100006103516,193.9199981689453,542.0,0.0,0.0,
2023-01-06,194.4499969482422,194.4499969482422,192.0,192.4900054931641,507.0,0.0,0.0,
2023-01-09,190.1600036621094,195.3099975585938,190.1600036621094,194.7599945068359,1315.0,0.0,0.0,
2023-01-10,192.1699981689453,194.8300018310547,192.1600036621094,193.2799987792969,1081.0,0.0,0.0,
2023-01-11,193.3399963378906,193.5,192.1300048828125,193.0800018310547,424.0,0.0,0.0,
2023-01-12,192.6000061035156,194.0,191.8099975585938,192.8000030517578,2121.0,0.0,0.0,
2023-01-13,192.6699981689453,194.2400054931641,192.2599945068359,193.5800018310547,405.0,0.0,0.0,
2023-01-16,190.1600036621094,194.5,190.1600036621094,193.1699981689453,460.0,0.0,0.0,
2023-01-17,194.0,194.9299926757812,193.3500061035156,194.0399932861328,312.0,0.0,0.0,
2023-01-18,194.0,195.3500061035156,194.0,195.3500061035156,1283.0,0.0,0.0,
2023-01-19,195.2400054931641,195.4900054931641,195.0099945068359,195.0700073242188,232.0,0.0,0.0,
2023-01-20,195.0,195.0,194.25,194.3699951171875,57.0,0.0,0.0,
2023-01-23,194.5700073242188,195.5,194.5700073242188,194.9900054931641,250.0,0.0,0.0,
2023-01-24,195.1199951171875,195.75,194.8600006103516,194.9600067138672,409.0,0.0,0.0,
2023-01-25,194.5,194.5,192.6000061035156,192.75,446.0,0.0,0.0,
2023-01-27,191.0200042724609,192.0899963378906,189.0,189.9600067138672,2055.0,0.0,0.0,
2023-01-30,186.9700012207031,191.1999969482422,186.9700012207031,189.4400024414062,2300.0,0.0,0.0,
2023-01-31,190.3600006103516,190.3600006103516,189.3099975585938,190.1499938964844,615.0,0.0,0.0,
2023-02-01,191.1900024414062,193.0,188.0,189.25,2651.0,0.0,0.0,
2023-02-02,188.6499938964844,190.1900024414062,188.5,189.2200012207031,3669.0,0.0,0.0,
2023-02-03,189.6799926757812,192.0,189.6100006103516,191.75,1602.0,0.0,0.0,
2023-02-06,192.9900054931641,192.9900054931641,188.5599975585938,191.2599945068359,39014.0,0.0,0.0,
2023-02-07,195.9199981689453,195.9199981689453,190.3099975585938,190.6100006103516,881.0,0.0,0.0,
2023-02-08,191.75,192.3000030517578,191.5,192.2700042724609,633.0,0.0,0.0,
2023-02-09,192.2100067138672,193.0,191.8000030517578,193.0,367.0,0.0,0.0,
2023-02-10,192.5,192.8300018310547,192.0099945068359,192.0099945068359,2360.0,0.0,0.0,
2023-02-13,192.0099945068359,192.0099945068359,191.1100006103516,191.25,426.0,0.0,0.0,
2023-02-14,191.2700042724609,192.8999938964844,191.2700042724609,192.6199951171875,3179.0,0.0,0.0,
2023-02-15,192.3099975585938,193.6199951171875,192.3099975585938,193.3500061035156,874.0,0.0,0.0,
2023-02-16,194.0700073242188,195.3200073242188,194.0700073242188,194.7400054931641,139.0,0.0,0.0,
2023-02-17,198.1499938964844,198.1499938964844,192.75,193.0,150.0,0.0,0.0,
2023-02-20,193.0,193.9700012207031,192.3000030517578,192.4199981689453,317.0,0.0,0.0,
2023-02-21,192.3000030517578,192.75,192.25,192.25,213.0,0.0,0.0,
2023-02-22,191.8300018310547,192.0,189.5,189.8300018310547,413.0,0.0,0.0,
2023-02-23,188.9299926757812,190.5,188.8999938964844,189.25,348.0,0.0,0.0,
2023-02-24,190.0,190.0,188.0,188.0,89.0,0.0,0.0,
2023-02-27,187.3999938964844,188.1999969482422,186.8500061035156,188.1699981689453,229.0,0.0,0.0,
2023-02-28,188.1300048828125,188.3500061035156,186.5,187.1399993896484,511.0,0.0,0.0,
2023-03-01,188.1100006103516,188.4299926757812,187.2599945068359,188.0399932861328,437.0,0.0,0.0,
2023-03-02,187.7599945068359,187.7599945068359,186.8099975585938,186.8999938964844,4030.0,0.0,0.0,
2023-03-03,187.9400024414062,189.75,187.9400024414062,189.7100067138672,1274.0,0.0,0.0,
2023-03-06,194.3899993896484,194.3899993896484,190.1000061035156,190.8399963378906,2947.0,0.0,0.0,
2023-03-08,194.0,194.0,189.5099945068359,190.7400054931641,503.0,0.0,0.0,
2023-03-09,190.7400054931641,191.1799926757812,189.3099975585938,189.4400024414062,143.0,0.0,0.0,
2023-03-10,187.8699951171875,187.9400024414062,187.2799987792969,187.8000030517578,368.0,0.0,0.0,
2023-03-13,191.9799957275391,191.9799957275391,184.5,184.5399932861328,2156.0,0.0,0.0,
2023-03-14,188.25,188.25,183.8099975585938,184.5399932861328,1013.0,0.0,0.0,
2023-03-15,185.7599945068359,185.7599945068359,183.5,183.6399993896484,927.0,0.0,0.0,
2023-03-16,183.5,183.6999969482422,182.1000061035156,183.5399932861328,650.0,0.0,0.0,
2023-03-17,183.5399932861328,184.5,183.5,184.5,589.0,0.0,0.0,
2023-03-20,182.8000030517578,183.0,181.9900054931641,182.7100067138672,350.0,0.0,0.0,
2023-03-21,183.3099975585938,184.8399963378906,183.3099975585938,184.6199951171875,249.0,0.0,0.0,
2023-03-22,185.0,185.0,184.25,184.5500030517578,187.0,0.0,0.0,
2023-03-23,184.75,185.0,183.75,184.0399932861328,156.0,0.0,0.0,
2023-03-24,183.6699981689453,184.0,182.5,182.9400024414062,189.0,0.0,0.0,
2023-03-27,183.5,184.0,183.0,183.1900024414062,382.0,0.0,0.0,
2023-03-28,182.75,182.9700012207031,182.5,182.9700012207031,102.0,0.0,0.0,
2023-03-29,182.9700012207031,184.25,182.5,184.0200042724609,1636.0,0.0,0.0,
2023-03-31,184.0200042724609,187.0,182.2100067138672,186.6300048828125,1299.0,0.0,0.0,
2023-04-03,195.0399932861328,195.0399932861328,186.5099945068359,187.0500030517578,499.0,0.0,0.0,
2023-04-05,187.6100006103516,188.9900054931641,187.6100006103516,188.6600036621094,519.0,0.0,0.0,
2023-04-06,188.5,189.3999938964844,188.5,188.7899932861328,477.0,0.0,0.0,
2023-04-10,192.9799957275391,192.9799957275391,189.3000030517578,190.25,752.0,0.0,0.0,
2023-04-11,194.1000061035156,194.1000061035156,190.4600067138672,190.7700042724609,335.0,0.0,0.0,
2023-04-12,194.5899963378906,194.5899963378906,191.0500030517578,191.4499969482422,255.0,0.0,0.0,
2023-04-13,191.4499969482422,191.5599975585938,190.75,191.5599975585938,150.0,0.0,0.0,
2023-04-17,198.0,198.0,189.4900054931641,190.6399993896484,502.0,0.0,0.0,
2023-04-18,190.8000030517578,190.8000030517578,190.0,190.1199951171875,149.0,0.0,0.0,
2023-04-19,186.8999938964844,190.25,186.8999938964844,189.6000061035156,73.0,0.0,0.0,
2023-04-20,189.9100036621094,190.1000061035156,189.0700073242188,189.3099975585938,184.0,0.0,0.0,
2023-04-21,193.1000061035156,193.1000061035156,189.1999969482422,189.4700012207031,75.0,0.0,0.0,
2023-04-24,193.3000030517578,193.3000030517578,189.4199981689453,190.5200042724609,205.0,0.0,0.0,
2023-04-25,190.6000061035156,191.3500061035156,190.5200042724609,191.3000030517578,183.0,0.0,0.0,
2023-04-26,191.3000030517578,191.5,190.7100067138672,191.5,354.0,0.0,0.0,
2023-04-27,192.0,192.5,191.7299957275391,192.4700012207031,313.0,0.0,0.0,
2023-04-28,192.6000061035156,194.25,192.5399932861328,193.6999969482422,6045.0,0.0,0.0,
2023-05-02,197.6000061035156,197.6000061035156,194.3699951171875,195.3200073242188,425.0,0.0,0.0,
2023-05-03,194.8399963378906,194.8999938964844,194.3000030517578,194.75,108.0,0.0,0.0,
2023-05-04,194.8000030517578,196.25,194.6399993896484,195.9100036621094,1897.0,0.0,0.0,
2023-05-05,191.8600006103516,196.0,191.8600006103516,194.9499969482422,2481.0,0.0,0.0,
2023-05-08,194.5299987792969,196.5,194.5299987792969,196.3699951171875,3278.0,0.0,0.0,
2023-05-09,197.1600036621094,197.2400054931641,196.1799926757812,196.1900024414062,718.0,0.0,0.0,
2023-05-10,196.6999969482422,197.0,195.75,196.7299957275391,693.0,0.0,0.0,
2023-05-11,198.9900054931641,198.9900054931641,196.6000061035156,196.6000061035156,5440.0,0.0,0.0,
2023-05-12,196.6100006103516,197.25,195.7700042724609,196.7400054931641,686.0,0.0,0.0,
2023-05-15,197.3699951171875,198.5,197.1000061035156,197.9600067138672,787.0,0.0,0.0,
2023-05-16,198.0,198.2799987792969,196.8699951171875,196.9499969482422,393.0,0.0,0.0,
2023-05-17,196.8000030517578,196.9400024414062,195.25,195.8300018310547,151.0,0.0,0.0,
2023-05-18,196.7700042724609,196.7700042724609,195.5,195.5,404.0,0.0,0.0,
2023-05-19,195.3000030517578,196.0,194.6000061035156,195.6000061035156,2763.0,0.0,0.0,
2023-05-22,195.2100067138672,197.4499969482422,195.2100067138672,196.6999969482422,5198.0,0.0,0.0,
2023-05-23,198.9900054931641,198.9900054931641,196.8699951171875,197.1799926757812,835.0,0.0,0.0,
2023-05-24,197.8099975585938,198.0599975585938,196.1799926757812,196.2100067138672,115.0,0.0,0.0,
2023-05-25,196.5200042724609,198.0,196.1799926757812,197.3300018310547,410.0,0.0,0.0,
2023-05-26,197.8999938964844,199.8899993896484,197.8999938964844,199.4400024414062,226.0,0.0,0.0,
2023-05-29,205.3999938964844,205.3999938964844,200.0200042724609,201.0,744.0,0.0,0.0,
2023-05-30,201.0,201.0,200.3600006103516,200.7299957275391,62.0,0.0,0.0,
2023-05-31,200.8600006103516,200.8600006103516,199.3399963378906,200.4799957275391,605.0,0.0,0.0,
2023-06-01,200.1000061035156,200.5,199.0299987792969,199.8099975585938,492.0,0.0,0.0,
2023-06-02,204.4799957275391,204.8899993896484,199.4299926757812,200.2400054931641,487.0,0.0,0.0,
2023-06-05,201.0,201.3300018310547,200.4299926757812,200.4600067138672,158.0,0.0,0.0,
2023-06-06,200.9700012207031,201.0,200.0,200.6399993896484,114.0,0.0,0.0,
2023-06-07,200.6399993896484,201.9499969482422,200.6399993896484,201.8099975585938,252.0,0.0,0.0,
2023-06-08,202.2599945068359,202.5,200.6499938964844,200.9600067138672,185.0,0.0,0.0,
2023-06-09,201.2100067138672,201.5299987792969,200.6300048828125,201.4700012207031,25404.0,0.0,0.0,
2023-06-12,200.5200042724609,202.9600067138672,200.5200042724609,202.1699981689453,185.0,0.0,0.0,
2023-06-13,202.1900024414062,202.9600067138672,201.6600036621094,201.8099975585938,113.0,0.0,0.0,
2023-06-14,202.1799926757812,203.5899963378906,202.1199951171875,202.3500061035156,235.0,0.0,0.0,
2023-06-15,203.4600067138672,203.9499969482422,201.4299926757812,202.2100067138672,109.0,0.0,0.0,
2023-06-16,203.3699951171875,204.6199951171875,202.2400054931641,204.2599945068359,135.0,0.0,0.0,
2023-06-19,203.0299987792969,204.5299987792969,202.8600006103516,203.7200012207031,462.0,0.0,0.0,
2023-06-20,203.3399963378906,203.7200012207031,202.5,202.7200012207031,81.0,0.0,0.0,
2023-06-21,204.0,204.3300018310547,202.8399963378906,203.6000061035156,679.0,0.0,0.0,
2023-06-22,204.1100006103516,204.3999938964844,202.7899932861328,203.2200012207031,348.0,0.0,0.0,
2023-06-23,202.8500061035156,203.0899963378906,201.5299987792969,201.6399993896484,363.0,0.0,0.0,
2023-06-26,201.4799957275391,202.6900024414062,201.4299926757812,201.5899963378906,74.0,0.0,0.0,
2023-06-27,202.8300018310547,202.8500061035156,201.75,202.3399963378906,206.0,0.0,0.0,
2023-06-28,203.1600036621094,205.25,203.1499938964844,204.6199951171875,384.0,0.0,0.0,
2023-06-30,205.6399993896484,206.7899932861328,204.8500061035156,206.2200012207031,626.0,0.0,0.0,
2023-07-03,209.8899993896484,209.8899993896484,204.6499938964844,209.3600006103516,267726.0,0.0,0.0,
2023-07-04,209.9900054931641,210.2200012207031,208.4499969482422,209.9299926757812,574.0,0.0,0.0,
2023-07-05,210.0,210.5800018310547,208.8000030517578,209.9700012207031,237.0,0.0,0.0,
2023-07-06,210.3500061035156,211.0,209.3999938964844,210.7299957275391,337.0,0.0,0.0,
2023-07-07,210.4400024414062,211.1999969482422,208.7299957275391,208.9100036621094,319.0,0.0,0.0,
2023-07-10,212.9799957275391,212.9799957275391,208.9799957275391,209.1999969482422,279.0,0.0,0.0,
2023-07-11,209.4900054931641,211.1000061035156,209.4900054931641,210.0299987792969,217.0,0.0,0.0,
2023-07-12,211.2400054931641,211.2400054931641,209.4700012207031,209.6399993896484,1187.0,0.0,0.0,
2023-07-13,211.0200042724609,211.5800018310547,209.6699981689453,210.5700073242188,324.0,0.0,0.0,
2023-07-14,211.1999969482422,211.6300048828125,209.9199981689453,211.6300048828125,188.0,0.0,0.0,
2023-07-17,211.9600067138672,212.9700012207031,211.8500061035156,212.8999938964844,204.0,0.0,0.0,
2023-07-18,214.8899993896484,214.8899993896484,213.0,213.7100067138672,10166.0,0.0,0.0,
2023-07-19,214.7200012207031,217.0,213.7100067138672,215.2899932861328,1843.0,0.0,0.0,
2023-07-20,216.6600036621094,216.6600036621094,213.8800048828125,216.5599975585938,329.0,0.0,0.0,
2023-07-21,216.0299987792969,216.1699981689453,213.9600067138672,215.3000030517578,281.0,0.0,0.0,
2023-07-24,215.3000030517578,215.3000030517578,212.6799926757812,212.8300018310547,4621.0,0.0,0.0,
2023-07-25,217.1000061035156,217.1000061035156,212.5,214.0099945068359,1125.0,0.0,0.0,
2023-07-26,214.0,215.3899993896484,213.7400054931641,214.1900024414062,494.0,0.0,0.0,
2023-07-27,218.4700012207031,218.4700012207031,212.3300018310547,213.6699981689453,157.0,0.0,0.0,
2023-07-28,211.9700012207031,213.7200012207031,211.9700012207031,212.6499938964844,307.0,0.0,0.0,
2023-07-31,216.9799957275391,216.9799957275391,212.8000030517578,213.6999969482422,1116.0,0.0,0.0,
2023-08-01,214.6100006103516,214.75,214.0,214.2200012207031,1083.0,0.0,0.0,
2023-08-02,212.4100036621094,213.4600067138672,210.5599975585938,212.6199951171875,15849.0,0.0,0.0,
2023-08-03,214.3999938964844,214.3999938964844,210.2400054931641,211.3999938964844,20866.0,0.0,0.0,
2023-08-04,210.3399963378906,212.4799957275391,210.3399963378906,211.8899993896484,568.0,0.0,0.0,
2023-08-07,212.8000030517578,213.5200042724609,211.3699951171875,212.6499938964844,866.0,0.0,0.0,
2023-08-08,212.3000030517578,213.2599945068359,211.7299957275391,212.8999938964844,38.0,0.0,0.0,
2023-08-09,212.3000030517578,212.3000030517578,210.75,212.0,210.0,0.0,0.0,
2023-08-10,213.1699981689453,213.1699981689453,211.5399932861328,211.5399932861328,110.0,0.0,0.0,
2023-08-11,224.9499969482422,224.9499969482422,210.8200073242188,211.8000030517578,24062.0,0.0,0.0,
2023-08-14,214.3999938964844,214.3999938964844,209.1100006103516,210.4400024414062,1870.0,0.0,0.0,
2023-08-16,210.8500061035156,211.1900024414062,210.0099945068359,211.0599975585938,455.0,0.0,0.0,
2023-08-17,211.3999938964844,211.3999938964844,209.5,210.5200042724609,137.0,0.0,0.0,
2023-08-18,209.8699951171875,210.3000030517578,209.0700073242188,209.3999938964844,49142.0,0.0,0.0,
2023-08-21,210.5200042724609,211.1999969482422,209.3200073242188,211.1699981689453,316.0,0.0,0.0,
2023-08-22,211.1499938964844,211.4100036621094,209.8999938964844,209.8999938964844,170.0,0.0,0.0,
2023-08-23,213.9799957275391,213.9799957275391,210.3600006103516,211.1699981689453,93.0,0.0,0.0,
2023-08-24,215.3899993896484,215.3899993896484,210.2700042724609,210.4600067138672,701.0,0.0,0.0,
2023-08-25,214.3500061035156,214.3500061035156,208.8300018310547,209.9900054931641,224.0,0.0,0.0,
2023-08-28,214.1900024414062,214.1900024414062,209.1499938964844,210.4400024414062,619.0,0.0,0.0,
2023-08-29,210.6600036621094,210.8000030517578,209.3699951171875,210.7899932861328,531.0,0.0,0.0,
2023-08-30,215.0099945068359,215.0099945068359,209.4799957275391,209.5599975585938,687.0,0.0,0.0,
2023-08-31,213.9799957275391,213.9799957275391,209.0599975585938,209.9900054931641,240.0,0.0,0.0,
2023-09-01,209.3000030517578,211.8099975585938,209.1300048828125,211.2599945068359,553.0,0.0,0.0,
2023-09-04,214.75,214.75,211.0599975585938,213.4199981689453,364.0,0.0,0.0,
2023-09-05,212.8200073242188,213.25,211.8699951171875,213.2100067138672,195.0,0.0,0.0,
2023-09-06,213.0500030517578,213.7400054931641,208.9299926757812,212.9900054931641,96.0,0.0,0.0,
2023-09-07,213.4900054931641,213.7299957275391,212.1399993896484,213.5,157.0,0.0,0.0,
2023-09-08,215.0099945068359,215.0099945068359,213.6199951171875,214.8699951171875,921.0,0.0,0.0,
2023-09-11,215.0,218.3999938964844,215.0,217.0,476.0,0.0,0.0,
2023-09-12,217.5,217.6000061035156,216.3300018310547,216.7799987792969,928.0,0.0,0.0,
2023-09-13,221.75,221.75,216.8099975585938,217.5,735.0,0.0,0.0,
2023-09-14,212.0700073242188,219.3800048828125,212.0700073242188,218.2400054931641,1774.0,0.0,0.0,
2023-09-15,218.9100036621094,219.5899963378906,218.6799926757812,218.6799926757812,181.0,0.0,0.0,
2023-09-18,222.9799957275391,222.9799957275391,218.1399993896484,219.1699981689453,333.0,0.0,0.0,
2023-09-20,221.6499938964844,221.6499938964844,215.9499969482422,216.8200073242188,362.0,0.0,0.0,
2023-09-21,216.1399993896484,216.1399993896484,213.8600006103516,214.1100006103516,404.0,0.0,0.0,
2023-09-22,215.4799957275391,215.5700073242188,213.2200012207031,214.3699951171875,351.0,0.0,0.0,
2023-09-25,214.4400024414062,214.8699951171875,212.8200073242188,214.25,735.0,0.0,0.0,
2023-09-26,214.25,214.4600067138672,213.0099945068359,213.0299987792969,1970.0,0.0,0.0,
2023-09-27,214.5800018310547,214.6100006103516,212.8600006103516,214.5200042724609,1217.0,0.0,0.0,
2023-09-28,218.3999938964844,218.3999938964844,211.8099975585938,212.3699951171875,427.0,0.0,0.0,
2023-09-29,216.4799957275391,216.4799957275391,212.1999969482422,213.6699981689453,68.0,0.0,0.0,
2023-10-03,217.6999969482422,217.6999969482422,211.1100006103516,212.6799926757812,616.0,0.0,0.0,
2023-10-04,215.75,215.75,209.3800048828125,210.6199951171875,294.0,0.0,0.0,
2023-10-05,214.8500061035156,214.8500061035156,210.9299926757812,212.8200073242188,182.0,0.0,0.0,
2023-10-06,213.1900024414062,214.1100006103516,212.3000030517578,213.5500030517578,270.0,0.0,0.0,
2023-10-09,211.3999938964844,213.3000030517578,211.3000030517578,211.3399963378906,280.0,0.0,0.0,
2023-10-10,212.1499938964844,214.1000061035156,212.1199951171875,214.1000061035156,174.0,0.0,0.0,
2023-10-11,219.3000030517578,219.3000030517578,214.1100006103516,214.3800048828125,1004.0,0.0,0.0,
2023-10-12,215.1900024414062,215.5899963378906,214.5200042724609,215.2100067138672,37.0,0.0,0.0,
2023-10-13,209.8300018310547,214.9100036621094,209.8300018310547,213.5899963378906,426.0,0.0,0.0,
2023-10-16,217.8600006103516,217.8600006103516,212.9299926757812,213.2599945068359,220.0,0.0,0.0,
2023-10-17,215.3699951171875,215.6600036621094,213.8300018310547,214.6000061035156,966.0,0.0,0.0,
2023-10-18,218.3899993896484,218.3899993896484,213.3999938964844,213.9499969482422,820.0,0.0,0.0,
2023-10-19,212.8500061035156,213.6900024414062,212.1799926757812,212.1900024414062,57.0,0.0,0.0,
2023-10-20,212.8999938964844,212.8999938964844,211.1499938964844,211.1799926757812,198.0,0.0,0.0,
2023-10-23,211.1799926757812,211.8300018310547,209.0599975585938,209.5399932861328,200.0,0.0,0.0,
2023-10-25,209.25,210.6699981689453,206.9799957275391,208.3699951171875,929.0,0.0,0.0,
2023-10-26,206.1300048828125,207.5500030517578,204.5200042724609,205.7200012207031,789.0,0.0,0.0,
2023-10-27,209.4799957275391,214.3999938964844,206.25,207.6300048828125,384.0,0.0,0.0,
2023-10-30,211.9799957275391,211.9799957275391,203.5,207.0599975585938,155.0,0.0,0.0,
2023-10-31,207.1999969482422,207.1999969482422,207.0599975585938,207.1000061035156,171.0,0.0,0.0,
2023-11-01,206.8000030517578,207.6300048828125,206.4299926757812,206.9799957275391,53.0,0.0,0.0,
2023-11-02,205.0,208.5399932861328,205.0,207.0299987792969,96.0,0.0,0.0,
2023-11-03,208.9499969482422,209.7400054931641,207.8800048828125,208.8899993896484,261.0,0.0,0.0,
2023-11-06,207.0,211.2100067138672,207.0,210.8699951171875,600.0,0.0,0.0,
2023-11-07,209.1000061035156,211.0099945068359,209.0099945068359,210.1799926757812,98.0,0.0,0.0,
2023-11-08,212.0,212.0,209.5500030517578,209.9499969482422,50.0,0.0,0.0,
2023-11-09,210.0,211.5200042724609,209.7599945068359,211.2299957275391,38.0,0.0,0.0,
2023-11-10,210.3500061035156,210.8899993896484,209.1199951171875,209.2599945068359,217.0,0.0,0.0,
2023-11-13,210.0,211.5,209.5299987792969,211.4299926757812,47.0,0.0,0.0,
2023-11-15,211.25,213.5,211.25,213.3999938964844,2390.0,0.0,0.0,
2023-11-16,213.3800048828125,215.9900054931641,211.6999969482422,214.7400054931641,1214.0,0.0,0.0,
2023-11-17,214.8800048828125,215.3600006103516,214.0099945068359,214.0899963378906,636.0,0.0,0.0,
2023-11-20,213.7700042724609,214.8999938964844,213.4900054931641,214.4700012207031,148.0,0.0,0.0,
2023-11-21,217.4499969482422,217.4499969482422,214.1199951171875,214.6999969482422,167.0,0.0,0.0,
2023-11-22,215.1600036621094,215.4100036621094,213.1100006103516,214.3399963378906,47259.0,0.0,0.0,
2023-11-23,215.2899932861328,215.2899932861328,214.0099945068359,214.1600036621094,1335.0,0.0,0.0,
2023-11-24,215.1699981689453,215.3800048828125,214.1799926757812,215.3099975585938,10257.0,0.0,0.0,
2023-11-28,217.4499969482422,217.4499969482422,213.0,216.5099945068359,355.0,0.0,0.0,
2023-11-29,219.0,219.0,215.7899932861328,217.3300018310547,47267.0,0.0,0.0,
2023-11-30,220.9799957275391,220.9799957275391,217.8099975585938,218.6999969482422,3674.0,0.0,0.0,
2023-12-01,219.9900054931641,220.8000030517578,219.2599945068359,220.3999938964844,938.0,0.0,0.0,
2023-12-04,224.8500061035156,224.8500061035156,222.5200042724609,223.9700012207031,14375.0,0.0,0.0,
2023-12-05,224.9499969482422,225.5899963378906,224.5899963378906,225.4900054931641,1247.0,0.0,0.0,
2023-12-06,226.0899963378906,227.8699951171875,226.0700073242188,227.8399963378906,4825.0,0.0,0.0,
2023-12-07,227.8399963378906,227.9400024414062,226.2100067138672,227.9299926757812,1785.0,0.0,0.0,
2023-12-08,228.6100006103516,228.6100006103516,226.3500061035156,227.2899932861328,2940.0,0.0,0.0,
2023-12-11,228.3500061035156,228.6600036621094,227.1900024414062,227.5700073242188,641.0,0.0,0.0,
2023-12-12,228.3300018310547,228.8500061035156,226.8399963378906,227.7899932861328,162.0,0.0,0.0,
2023-12-13,222.1000061035156,227.7100067138672,222.1000061035156,227.6000061035156,148.0,0.0,0.0,
2023-12-14,228.2599945068359,231.2100067138672,228.2599945068359,229.8699951171875,5183.0,0.0,0.0,
2023-12-15,232.3999938964844,233.4900054931641,229.8699951171875,232.8600006103516,19431.0,0.0,0.0,
2023-12-18,232.5,233.8200073242188,232.0299987792969,232.9199981689453,847.0,0.0,0.0,
2023-12-19,232.5,234.0,232.1100006103516,233.2899932861328,73.0,0.0,0.0,
2023-12-20,233.3699951171875,235.4199981689453,230.3600006103516,230.3600006103516,2139.0,0.0,0.0,
2023-12-21,228.6900024414062,232.3800048828125,228.6900024414062,232.1399993896484,259.0,0.0,0.0,
2023-12-22,231.1499938964844,233.1999969482422,231.0,232.7599945068359,96.0,0.0,0.0,
2023-12-26,239.9900054931641,239.9900054931641,231.4499969482422,232.4900054931641,254.0,0.0,0.0,
2023-12-27,233.5299987792969,235.4700012207031,233.0800018310547,234.9700012207031,510.0,0.0,0.0,
2023-12-28,237.1799926757812,237.3200073242188,235.4799957275391,236.1499938964844,128.0,0.0,0.0,
2023-12-29,236.6900024414062,236.7100067138672,235.5700073242188,236.3999938964844,256.0,0.0,0.0,
2024-01-01,239.9900054931641,239.9900054931641,235.1300048828125,236.3000030517578,221.0,0.0,0.0,
2024-01-02,234.9900054931641,236.2299957275391,234.3000030517578,234.7799987792969,244.0,0.0,0.0,
2024-01-03,234.7799987792969,234.7799987792969,233.3099975585938,233.9199981689453,541.0,0.0,0.0,
2024-01-04,238.6000061035156,238.6000061035156,234.4100036621094,235.1399993896484,595.0,0.0,0.0,
2024-01-05,236.0700073242188,236.0700073242188,234.4700012207031,235.6900024414062,9232.0,0.0,0.0,
2024-01-08,238.4799957275391,238.4799957275391,233.3099975585938,233.4600067138672,618.0,0.0,0.0,
2024-01-09,233.0,237.9799957275391,233.0,234.0200042724609,349.0,0.0,0.0,
2024-01-10,233.8200073242188,234.0,232.8600006103516,233.8099975585938,133.0,0.0,0.0,
2024-01-11,235.5800018310547,235.5800018310547,233.3300018310547,233.6399993896484,145.0,0.0,0.0,
2024-01-12,237.9799957275391,237.9799957275391,234.3899993896484,236.5800018310547,188.0,0.0,0.0,
2024-01-15,237.4199981689453,238.5500030517578,237.3800048828125,238.5,468.0,0.0,0.0,
2024-01-16,238.9100036621094,240.1100006103516,238.5,239.0,186.0,0.0,0.0,
2024-01-17,236.9199981689453,237.6000061035156,235.5800018310547,235.6199951171875,8585.0,0.0,0.0,
2024-01-18,240.3300018310547,245.0,232.6199951171875,240.7400054931641,7259.0,0.0,0.0,
2024-01-19,240.3699951171875,240.3699951171875,235.0099945068359,236.1100006103516,4540.0,0.0,0.0,
2024-01-23,236.0,236.5,230.3800048828125,231.4700012207031,236.0,0.0,0.0,
2024-01-24,230.8399963378906,234.3500061035156,229.7899932861328,234.2400054931641,403.0,0.0,0.0,
2024-01-25,237.9799957275391,237.9799957275391,231.9299926757812,232.6100006103516,674.0,0.0,0.0,
2024-01-29,237.2599945068359,237.2599945068359,231.0,236.1799926757812,564.0,0.0,0.0,
2024-01-30,235.8699951171875,235.8699951171875,233.7799987792969,234.6100006103516,434.0,0.0,0.0,
2024-01-31,239.3500061035156,239.3500061035156,233.0399932861328,236.0,746.0,0.0,0.0,
2024-02-01,236.0599975585938,239.0,229.6399993896484,235.25,971.0,0.0,0.0,
2024-02-02,236.4400024414062,239.5599975585938,236.4400024414062,236.6199951171875,1184.0,0.0,0.0,
2024-02-05,240.9499969482422,240.9499969482422,235.0099945068359,235.9600067138672,900.0,0.0,0.0,
2024-02-06,236.2200012207031,238.0,235.8099975585938,237.6799926757812,323.0,0.0,0.0,
2024-02-07,242.4299926757812,242.4299926757812,236.3200073242188,237.3800048828125,648.0,0.0,0.0,
2024-02-08,238.3500061035156,238.7200012207031,235.1100006103516,235.6399993896484,20741.0,0.0,0.0,
2024-02-09,234.7100067138672,237.1399993896484,234.5800018310547,236.8300018310547,443.0,0.0,0.0,
2024-02-12,237.2799987792969,237.2799987792969,234.9400024414062,235.1900024414062,190.0,0.0,0.0,
2024-02-13,235.1799926757812,236.6300048828125,234.7899932861328,236.6300048828125,294.0,0.0,0.0,
2024-02-14,235.0599975585938,237.3800048828125,234.6699981689453,237.3800048828125,160.0,0.0,0.0,
2024-02-15,237.9499969482422,238.6900024414062,236.6499938964844,237.8500061035156,265.0,0.0,0.0,
2024-02-16,238.3999938964844,239.8500061035156,233.0,239.3600006103516,1317.0,0.0,0.0,
2024-02-19,242.0,242.0,239.1100006103516,240.1499938964844,466.0,0.0,0.0,
2024-02-20,240.1499938964844,240.6900024414062,239.1499938964844,240.5599975585938,293.0,0.0,0.0,
2024-02-22,243.9799957275391,243.4799957275391,239.4299926757812,239.0099945068359,21139.0,0.0,0.0,
2024-02-21,243.97999572753903,243.97999572753903,239.1100006103516,239.7899932861328,15297.0,0.0,0.0,
2024-02-23,241.7100067138672,242.6199951171875,241.57000732421875,241.8600006103516,397.0,0.0,0.0,
2024-02-26,240.97999572753903,241.52999877929688,240.3099975585937,241.0399932861328,89.0,0.0,0.0,
2024-02-27,241.0,241.47000122070312,240.5200042724609,241.1499938964844,252.0,0.0,0.0,
2024-02-28,242.1300048828125,242.1300048828125,238.9199981689453,239.08999633789065,464.0,0.0,0.0,
2024-02-29,238.8999938964844,255.0,237.92999267578125,240.7100067138672,6577.0,0.0,0.0,
2024-03-01,240.0,243.4600067138672,240.0,242.72999572753903,141.0,0.0,0.0,
2024-03-04,240.5500030517578,292.0,240.5500030517578,266.94000244140625,3613.0,0.0,0.0,
2024-03-05,257.70001220703125,257.70001220703125,243.25,245.13999938964844,23070.0,0.0,0.0,
2024-03-06,248.47000122070312,248.47000122070312,243.009994506836,245.6000061035156,1378.0,0.0,0.0,
2024-03-07,248.0,248.0,244.44000244140625,245.0,3460.0,0.0,0.0,
2024-03-11,251.4600067138672,251.4600067138672,242.759994506836,242.92999267578125,5504.0,0.0,0.0,
2024-03-12,243.8500061035156,244.8000030517578,243.1100006103516,243.2899932861328,545.0,0.0,0.0,
2024-03-13,244.22999572753903,244.22999572753903,239.1699981689453,239.9199981689453,1159.0,0.0,0.0,
2024-03-14,238.9900054931641,242.1600036621093,238.9900054931641,241.97999572753903,681.0,0.0,0.0,
2024-03-15,240.19000244140625,241.2700042724609,238.6999969482422,240.8500061035156,120.0,0.0,0.0,
2024-03-18,240.4199981689453,243.97999572753903,237.1199951171875,240.7899932861328,858.0,0.0,0.0,
2024-03-19,239.8500061035156,239.8500061035156,237.25,237.6100006103516,944.0,0.0,0.0,
2024-03-20,240.97999572753903,240.97999572753903,236.8600006103516,238.0500030517578,180.0,0.0,0.0,
2024-03-21,240.22000122070312,240.7100067138672,238.82000732421875,239.2400054931641,339.0,0.0,0.0,
2024-03-22,239.2400054931641,240.9900054931641,239.2400054931641,240.88999938964844,125.0,0.0,0.0,
2024-03-26,242.97999572753903,242.97999572753903,239.22999572753903,239.7400054931641,295.0,0.0,0.0,
2024-03-27,240.6100006103516,241.44000244140625,239.6999969482422,240.0200042724609,330.0,0.0,0.0,
2024-03-28,241.7700042724609,243.7899932861328,240.58999633789065,241.22999572753903,21574.0,0.0,0.0,
2024-04-01,236.4100036621093,244.5,236.4100036621093,242.13999938964844,814.0,0.0,0.0,
2024-04-02,243.1300048828125,244.2899932861328,242.3300018310547,244.0800018310547,723.0,0.0,0.0,
2024-04-03,247.47999572753903,247.47999572753903,242.69000244140625,244.13999938964844,425.0,0.0,0.0,
2024-04-04,245.0,245.0,243.1199951171875,244.9600067138672,1294.0,0.0,0.0,
2024-04-05,244.0,245.0,243.8500061035156,244.22999572753903,624.0,0.0,0.0,
2024-04-08,248.67999267578125,248.67999267578125,244.6000061035156,245.6000061035156,1361.0,0.0,0.0,
2024-04-09,249.47999572753903,249.47999572753903,245.47000122070312,245.57000732421875,21976.0,0.0,0.0,
2024-04-10,246.1100006103516,246.6199951171875,245.82000732421875,246.259994506836,460.0,0.0,0.0,
2024-04-12,241.3500061035156,246.3999938964844,241.3500061035156,244.9499969482422,391.0,0.0,0.0,
2024-04-15,246.97999572753903,246.97999572753903,240.0,242.3999938964844,200.0,0.0,0.0,
2024-04-16,241.259994506836,241.3000030517578,240.0,240.6999969482422,503.0,0.0,0.0,
2024-04-18,241.5,242.13999938964844,239.0,239.1999969482422,797.0,0.0,0.0,
2024-04-19,237.4900054931641,240.4100036621093,237.0,240.27999877929688,288.0,0.0,0.0,
2024-04-22,240.69000244140625,241.8699951171875,240.69000244140625,241.6100006103516,215.0,0.0,0.0,
2024-04-23,245.47999572753903,245.47999572753903,241.69000244140625,242.7700042724609,623.0,0.0,0.0,
2024-04-24,243.3999938964844,244.1199951171875,242.8300018310547,243.0399932861328,217.0,0.0,0.0,
2024-04-25,245.97000122070312,245.97000122070312,242.27999877929688,244.9900054931641,395.0,0.0,0.0,
2024-04-26,245.38999938964844,245.4600067138672,243.92999267578125,244.2700042724609,478.0,0.0,0.0,
2024-04-29,244.47000122070312,245.97000122070312,244.3800048828125,245.83999633789065,469.0,0.0,0.0,
2024-04-30,246.3999938964844,247.0,245.5599975585937,245.72000122070312,1482.0,0.0,0.0,
2024-05-02,248.97999572753903,248.97999572753903,240.8099975585937,246.1000061035156,11977.0,0.0,0.0,
2024-05-03,247.32000732421875,247.4600067138672,243.5,243.9199981689453,563.0,0.0,0.0,
2024-05-06,247.97999572753903,247.97999572753903,243.47999572753903,244.1199951171875,897.0,0.0,0.0,
2024-05-07,243.759994506836,244.2400054931641,241.47999572753903,243.0200042724609,41401.0,0.0,0.0,
2024-05-08,246.6699981689453,246.6699981689453,241.1199951171875,243.1699981689453,153.0,0.0,0.0,
2024-05-09,243.1699981689453,245.9600067138672,239.97000122070312,240.0800018310547,736.0,0.0,0.0,
2024-05-10,243.97000122070312,243.97000122070312,239.72000122070312,240.009994506836,347.0,0.0,0.0,
2024-05-13,244.97000122070312,244.97000122070312,238.47000122070312,241.17999267578125,666.0,0.0,0.0,
2024-05-14,245.7899932861328,245.7899932861328,240.4900054931641,241.6199951171875,3085.0,0.0,0.0,
2024-05-15,245.47999572753903,245.47999572753903,240.92999267578125,242.0800018310547,307.0,0.0,0.0,
2024-05-16,244.38999938964844,244.38999938964844,240.6499938964844,242.9600067138672,330.0,0.0,0.0,
2024-05-17,242.92999267578125,244.6000061035156,242.92999267578125,244.0200042724609,403.0,0.0,0.0,
2024-05-18,247.47999572753903,247.47999572753903,244.1199951171875,244.3099975585937,240.0,0.0,0.0,
2024-05-21,245.13999938964844,246.0599975585937,244.1600036621093,245.1199951171875,1047.0,0.0,0.0,
2024-05-22,245.9600067138672,246.33999633789065,244.47000122070312,245.32000732421875,221.0,0.0,0.0,
2024-05-23,246.1999969482422,249.8999938964844,246.1300048828125,248.9600067138672,985.0,0.0,0.0,
2024-05-24,249.6199951171875,250.6000061035156,248.8000030517578,249.259994506836,577.0,0.0,0.0,
2024-05-27,249.5,251.3999938964844,248.8999938964844,249.17999267578125,488.0,0.0,0.0,
2024-05-28,244.1999969482422,250.4900054931641,244.1999969482422,248.4199981689453,433.0,0.0,0.0,
2024-05-29,248.4199981689453,249.4600067138672,246.5,246.83999633789065,40785.0,0.0,0.0,
2024-05-30,251.77999877929688,251.77999877929688,245.33999633789065,246.27999877929688,1017.0,0.0,0.0,
2024-05-31,247.5,253.8000030517578,245.259994506836,253.8000030517578,103.0,0.0,0.0,
2024-06-03,254.1000061035156,254.1000061035156,251.5399932861328,253.1699981689453,5147.0,0.0,0.0,
2024-06-04,252.6999969482422,260.0,230.0,243.94000244140625,13358.0,0.0,0.0,
2024-06-05,241.3500061035156,259.0,238.97000122070312,255.13999938964844,2836.0,0.0,0.0,
2024-06-06,254.2700042724609,254.2700042724609,247.58999633789065,250.0200042724609,5589.0,0.0,0.0,
2024-06-07,250.0,252.9900054931641,248.1199951171875,252.75,1477.0,0.0,0.0,
2024-06-10,255.97000122070312,255.97999572753903,251.77999877929688,253.5,1907.0,0.0,0.0,
2024-06-11,253.77999877929688,255.22000122070312,252.9900054931641,253.32000732421875,996.0,0.0,0.0,
2024-06-12,254.88999938964844,254.8999938964844,253.6300048828125,253.8300018310547,514.0,0.0,0.0,
2024-06-13,259.70001220703125,259.70001220703125,253.8300018310547,254.4199981689453,276.0,0.0,0.0,
2024-06-14,255.8699951171875,255.8699951171875,253.9600067138672,254.97000122070312,2806.0,0.0,0.0,
2024-06-18,257.989990234375,258.0,255.67999267578125,256.6199951171875,1589.0,0.0,0.0,
2024-06-19,257.6400146484375,257.6400146484375,254.97000122070312,255.88999938964844,1820.0,0.0,0.0,
2024-06-20,256.989990234375,256.989990234375,255.1000061035156,256.2099914550781,381.0,0.0,0.0,
2024-06-21,256.3399963378906,257.54998779296875,254.8300018310547,255.8999938964844,1235.0,0.0,0.0,
2024-06-24,248.1999969482422,257.0400085449219,248.1999969482422,256.8500061035156,1057.0,0.0,0.0,
2024-06-25,257.260009765625,258.760009765625,256.010009765625,257.54998779296875,275.0,0.0,0.0,
2024-06-26,257.4599914550781,258.8999938964844,257.1700134277344,258.6099853515625,20636.0,0.0,0.0,
2024-06-27,258.70001220703125,261.6099853515625,258.1000061035156,260.6700134277344,40574.0,0.0,0.0,
2024-06-28,263.3699951171875,263.3699951171875,261.8099975585937,262.1000061035156,1180.0,0.0,0.0,
2024-07-01,264.9599914550781,264.9599914550781,260.8500061035156,262.25,33354.0,0.0,0.0,
2024-07-02,264.2900085449219,264.2900085449219,261.4599914550781,261.70001220703125,19593.0,0.0,0.0,
2024-07-03,263.92999267578125,264.5799865722656,262.5299987792969,263.1300048828125,9979.0,0.0,0.0,
2024-07-04,265.8800048828125,265.8800048828125,263.239990234375,263.79998779296875,2578.0,0.0,0.0,
2024-07-05,264.29998779296875,264.75,262.3599853515625,264.6000061035156,401.0,0.0,0.0,
2024-07-08,263.1099853515625,264.8699951171875,262.760009765625,264.54998779296875,352.0,0.0,0.0,
2024-07-09,265.25,266.7099914550781,263.4800109863281,265.8399963378906,1049.0,0.0,0.0,
2024-07-10,266.6499938964844,266.6600036621094,262.989990234375,264.7300109863281,950.0,0.0,0.0,
2024-07-11,265.75,267.0899963378906,263.8099975585937,266.69000244140625,5373.0,0.0,0.0,
2024-07-12,262.04998779296875,268.7200012207031,258.54998779296875,268.20001220703125,540.0,0.0,0.0,
2024-07-15,269.19000244140625,275.70001220703125,267.260009765625,268.989990234375,1494.0,0.0,0.0,
2024-07-16,274.3699951171875,274.3699951171875,269.260009765625,269.75,1315.0,0.0,0.0,
2024-07-18,270.5,271.3900146484375,268.239990234375,271.0199890136719,1017.0,0.0,0.0,
2024-07-19,271.010009765625,271.5,268.29998779296875,268.5799865722656,2467.0,0.0,0.0,
2024-07-22,268.5899963378906,271.5,267.2799987792969,268.7200012207031,1594.0,0.0,0.0,
2024-07-23,269.7699890136719,269.7699890136719,265.0,268.44000244140625,1881.0,0.0,0.0,
2024-07-24,270.95001220703125,270.95001220703125,266.9200134277344,268.0599975585937,1758.0,0.0,0.0,
2024-07-25,267.2200012207031,268.19000244140625,266.3900146484375,267.7900085449219,245.0,0.0,0.0,
2024-07-26,268.67999267578125,272.25,267.94000244140625,272.1600036621094,1214.0,0.0,0.0,
2024-07-29,273.2099914550781,274.3900146484375,272.1700134277344,272.19000244140625,466.0,0.0,0.0,
2024-07-30,272.19000244140625,273.94000244140625,272.010009765625,272.739990234375,671.0,0.0,0.0,
2024-07-31,272.44000244140625,274.0400085449219,272.44000244140625,273.0799865722656,176.0,0.0,0.0,
2024-08-01,275.9599914550781,275.9599914550781,273.0400085449219,274.0400085449219,1153.0,0.0,0.0,
2024-08-02,272.5199890136719,277.0599975585937,270.5,272.6000061035156,13928.0,0.0,0.0,
2024-08-05,268.2799987792969,269.25,263.8099975585937,265.3900146484375,17397.0,0.0,0.0,
2024-08-06,266.5199890136719,267.9200134277344,263.54998779296875,263.9200134277344,2811.0,0.0,0.0,
2024-08-07,267.25,268.1300048828125,266.010009765625,267.1099853515625,484.0,0.0,0.0,
2024-08-08,269.9599914550781,269.9599914550781,265.489990234375,265.8699951171875,1367.0,0.0,0.0,
2024-08-09,264.0799865722656,268.8500061035156,264.0799865722656,267.42999267578125,724.0,0.0,0.0,
2024-08-12,266.1600036621094,269.3900146484375,266.04998779296875,267.760009765625,2023.0,0.0,0.0,
2024-08-13,270.9599914550781,270.9599914550781,264.760009765625,265.0199890136719,886.0,0.0,0.0,
2024-08-14,265.0400085449219,266.4700012207031,264.70001220703125,265.04998779296875,126.0,0.0,0.0,
2024-08-16,263.25,269.70001220703125,262.75,269.510009765625,1107.0,0.0,0.0,
2024-08-19,269.70001220703125,270.9599914550781,269.2300109863281,270.0899963378906,1272.0,0.0,0.0,
2024-08-20,271.1199951171875,271.9800109863281,270.5,270.5400085449219,1399.0,0.0,0.0,
2024-08-21,271.69000244140625,272.45001220703125,270.3999938964844,272.4100036621094,296.0,0.0,0.0,
2024-08-22,277.8999938964844,277.8999938964844,271.7099914550781,272.79998779296875,594.0,0.0,0.0,
2024-08-23,275.8800048828125,275.8800048828125,271.6099853515625,272.04998779296875,1329.0,0.0,0.0,
2024-08-26,272.5599975585937,275.7099914550781,272.54998779296875,274.8299865722656,2352.0,0.0,0.0,
2024-08-27,273.79998779296875,274.8299865722656,273.6099853515625,273.9100036621094,516.0,0.0,0.0,
2024-08-28,274.44000244140625,275.6499938964844,273.8999938964844,274.1400146484375,620.0,0.0,0.0,
2024-08-29,274.82000732421875,276.0,274.1700134277344,274.510009765625,258.0,0.0,0.0,
2024-08-30,276.5400085449219,278.0,271.17999267578125,277.1099853515625,511.0,0.0,0.0,
2024-09-02,282.6499938964844,282.6499938964844,276.8900146484375,277.239990234375,2616.0,0.0,0.0,
2024-09-03,277.32000732421875,277.7099914550781,276.70001220703125,277.5299987792969,350.0,0.0,0.0,
2024-09-04,275.25,276.3999938964844,275.19000244140625,276.19000244140625,335.0,0.0,0.0,
2024-09-05,282.70001220703125,282.70001220703125,270.70001220703125,275.989990234375,170.0,0.0,0.0,
2024-09-06,276.0,276.0,272.17999267578125,272.6700134277344,2009.0,0.0,0.0,
2024-09-09,272.6700134277344,273.8900146484375,271.79998779296875,273.1300048828125,2027.0,0.0,0.0,
2024-09-10,273.5299987792969,275.0400085449219,273.4800109863281,274.4200134277344,460.0,0.0,0.0,
2024-09-11,274.510009765625,276.0,272.9800109863281,273.2300109863281,862.0,0.0,0.0,
2024-09-12,273.2300109863281,277.8999938964844,273.2300109863281,276.9800109863281,444.0,0.0,0.0,
2024-09-13,279.75,279.75,276.6199951171875,277.67999267578125,1019.0,0.0,0.0,
2024-09-16,280.9599914550781,280.9599914550781,271.42999267578125,277.8299865722656,430.0,0.0,0.0,
2024-09-17,277.5400085449219,278.6499938964844,277.5400085449219,278.5899963378906,1917.0,0.0,0.0,
2024-09-18,278.3999938964844,278.9700012207031,276.4599914550781,277.8299865722656,1478.0,0.0,0.0,
2024-09-19,280.9700012207031,280.9700012207031,278.04998779296875,278.489990234375,1804.0,0.0,0.0,
2024-09-20,281.9800109863281,282.0,278.7200012207031,281.4100036621094,1966.0,0.0,0.0,
2024-09-23,282.75,283.2300109863281,281.989990234375,282.8099975585937,2824.0,0.0,0.0,
2024-09-24,285.9700012207031,285.9700012207031,282.760009765625,283.4599914550781,2244.0,0.0,0.0,
2024-09-25,286.9700012207031,286.9700012207031,282.5,283.69000244140625,1282.0,0.0,0.0,
2024-09-26,283.69000244140625,286.8299865722656,283.6400146484375,286.6099853515625,808.0,0.0,0.0,
2024-09-27,280.8900146484375,287.9100036621094,280.8900146484375,287.1499938964844,1029.0,0.0,0.0,
2024-09-30,290.95001220703125,290.9800109863281,283.79998779296875,284.1499938964844,2871.0,0.0,0.0,
2024-10-01,288.4800109863281,326.0,281.2699890136719,301.9100036621094,25790.0,0.0,0.0,
2024-10-03,317.0,317.0,278.3999938964844,278.8099975585937,100675.0,0.0,0.0,
2024-10-04,281.8699951171875,287.8500061035156,270.04998779296875,275.8299865722656,49643.0,0.0,0.0,
2024-10-07,275.0,277.2200012207031,272.0199890136719,272.9800109863281,4877.0,0.0,0.0,
2024-10-08,272.9800109863281,275.0,272.2699890136719,274.239990234375,2740.0,0.0,0.0,
2024-10-09,274.5,276.7900085449219,273.5199890136719,274.239990234375,4890.0,0.0,0.0,
2024-10-10,277.70001220703125,277.70001220703125,272.0,274.5199890136719,2969.0,0.0,0.0,
2024-10-11,273.5,275.0,273.25,274.2300109863281,2645.0,0.0,0.0,
2024-10-14,275.32000732421875,276.2300109863281,274.1300048828125,275.989990234375,2707.0,0.0,0.0,
2024-10-15,275.989990234375,276.010009765625,273.9200134277344,274.3800048828125,472.0,0.0,0.0,
2024-10-16,275.0,275.6400146484375,272.75,274.2799987792969,2629.0,0.0,0.0,
2024-10-17,273.4599914550781,273.4599914550781,270.9800109863281,272.239990234375,5200.0,0.0,0.0,
2024-10-18,275.95001220703125,275.95001220703125,270.1300048828125,272.9599914550781,861.0,0.0,0.0,
2024-10-21,274.0400085449219,274.0400085449219,270.4200134277344,270.9800109863281,2490.0,0.0,0.0,
2024-10-22,270.5,272.5799865722656,268.3099975585937,268.7799987792969,13115.0,0.0,0.0,
2024-10-23,268.3399963378906,270.0,268.0400085449219,268.2200012207031,2256.0,0.0,0.0,
2024-10-24,268.0400085449219,269.45001220703125,267.3800048828125,268.8800048828125,37888.0,0.0,0.0,
2024-10-25,265.8099975585937,266.4800109863281,263.8299865722656,265.9700012207031,2908.0,0.0,0.0,
2024-10-28,267.0400085449219,268.54998779296875,265.010009765625,267.9800109863281,1537.0,0.0,0.0,
2024-10-29,264.79998779296875,269.29998779296875,264.6300048828125,268.1600036621094,2114.0,0.0,0.0,
2024-10-30,268.1600036621094,269.1600036621094,267.010009765625,268.1300048828125,399.0,0.0,0.0,
2024-10-31,267.6700134277344,271.6199951171875,265.6199951171875,267.0599975585937,473.0,0.0,0.0,
2024-11-01,267.0599975585937,267.0599975585937,267.0599975585937,267.0599975585937,0.0,0.0,0.0,
2024-11-04,267.010009765625,267.010009765625,262.1000061035156,263.70001220703125,1071.0,0.0,0.0,
2024-11-05,264.0,265.5400085449219,262.25,265.489990234375,884.0,0.0,0.0,
2024-11-06,265.489990234375,268.44000244140625,265.44000244140625,268.3900146484375,7926.0,0.0,0.0,
2024-11-07,271.94000244140625,271.94000244140625,264.70001220703125,265.4100036621094,905.0,0.0,0.0,
2024-11-08,268.9599914550781,268.9599914550781,262.4100036621094,264.70001220703125,2020.0,0.0,0.0,
2024-11-11,262.8099975585937,266.7699890136719,262.8099975585937,265.2200012207031,2369.0,0.0,0.0,
2024-11-12,262.4100036621094,268.9700012207031,262.3399963378906,262.5,758.0,0.0,0.0,
2024-11-13,261.9599914550781,262.2300109863281,258.4800109863281,259.32000732421875,12889.0,0.0,0.0,
2024-11-14,263.5899963378906,264.510009765625,258.1099853515625,258.5799865722656,31387.0,0.0,0.0,
2024-11-18,263.70001220703125,263.70001220703125,256.6300048828125,258.3800048828125,6243.0,0.0,0.0,
2024-11-19,258.4100036621094,263.239990234375,258.4100036621094,259.32000732421875,314.0,0.0,0.0,
2024-11-20,259.32000732421875,259.32000732421875,259.32000732421875,259.32000732421875,0.0,0.0,0.0,
2024-11-21,254.6699981689453,257.7300109863281,252.08999633789065,256.7799987792969,1192.0,0.0,0.0,
2024-11-22,251.6499938964844,262.95001220703125,251.6499938964844,262.25,787.0,0.0,0.0,
2024-11-25,265.6000061035156,267.2699890136719,264.8800048828125,265.739990234375,3161.0,0.0,0.0,
2024-11-26,266.489990234375,266.489990234375,265.0599975585937,265.7300109863281,477.0,0.0,0.0,
2024-11-27,265.8299865722656,267.0799865722656,264.9599914550781,266.07000732421875,809.0,0.0,0.0,
2024-11-28,272.70001220703125,272.70001220703125,263.0,263.9200134277344,666.0,0.0,0.0,
2024-11-29,263.9200134277344,266.3999938964844,263.5299987792969,266.04998779296875,244.0,0.0,0.0,
2024-12-02,269.9599914550781,269.9599914550781,264.25,267.0899963378906,777.0,0.0,0.0,
2024-12-03,272.42999267578125,272.42999267578125,267.0,268.1300048828125,418.0,0.0,0.0,
2024-12-04,268.1600036621094,269.6400146484375,267.7300109863281,268.75,1001.0,0.0,0.0,
2024-12-05,269.1000061035156,272.29998779296875,266.9100036621094,270.9800109863281,6050.0,0.0,0.0,
2024-12-06,270.7900085449219,273.07000732421875,270.7900085449219,272.54998779296875,2855.0,0.0,0.0,
2024-12-09,275.95001220703125,275.95001220703125,270.3399963378906,271.0199890136719,3592.0,0.0,0.0,
2024-12-10,270.5199890136719,272.17999267578125,269.6199951171875,270.239990234375,934.0,0.0,0.0,
2024-12-12,277.0,277.0,268.0,271.29998779296875,240.0,0.0,0.0,
2024-12-11,273.9700012207031,273.9800109863281,270.2900085449219,271.989990234375,1284.0,0.0,0.0,
2024-12-13,266.0,272.0299987792969,266.0,271.8399963378906,1105.0,0.0,0.0,
2024-12-16,271.6300048828125,273.010009765625,270.2099914550781,271.010009765625,2273.0,0.0,0.0,
2024-12-17,271.0,271.4200134277344,267.6400146484375,267.82000732421875,1527.0,0.0,0.0,
2024-12-18,267.8399963378906,267.8699951171875,266.45001220703125,266.9100036621094,869.0,0.0,0.0,
2024-12-19,263.8399963378906,264.9599914550781,263.42999267578125,264.1300048828125,1401.0,0.0,0.0,
2024-12-20,263.8599853515625,265.3800048828125,261.45001220703125,262.17999267578125,31527.0,0.0,0.0,
2024-12-23,262.17999267578125,266.1099853515625,261.1000061035156,262.0799865722656,10538.0,0.0,0.0,
2024-12-24,262.07000732421875,263.1300048828125,261.1000061035156,261.5199890136719,332.0,0.0,0.0,
2024-12-26,273.2900085449219,273.2900085449219,261.3599853515625,262.1099853515625,7818.0,0.0,0.0,
2024-12-27,262.1400146484375,264.0,262.1000061035156,262.1000061035156,2686.0,0.0,0.0,
2024-12-30,262.0,262.6199951171875,260.1099853515625,261.0799865722656,1465.0,0.0,0.0,
2024-12-31,259.7300109863281,261.42999267578125,258.25,260.8599853515625,848.0,0.0,0.0,
2025-01-01,260.2699890136719,262.1600036621094,260.2300109863281,261.6199951171875,1287.0,0.0,0.0,
2025-01-02,261.6199951171875,266.2200012207031,260.9200134277344,265.5199890136719,829.0,0.0,0.0,
2025-01-03,265.5199890136719,265.739990234375,263.20001220703125,263.32000732421875,732.0,0.0,0.0,
2025-01-06,263.54998779296875,264.6700134277344,259.7099914550781,260.69000244140625,1909.0,0.0,0.0,
2025-01-07,261.7300109863281,261.8099975585937,260.1400146484375,261.1300048828125,671.0,0.0,0.0,
2025-01-08,266.3999938964844,266.3999938964844,258.57000732421875,261.239990234375,966.0,0.0,0.0,
2025-01-09,260.7300109863281,260.7300109863281,258.8099975585937,259.5799865722656,1576.0,0.0,0.0,
2025-01-10,259.5799865722656,261.57000732421875,256.760009765625,258.3500061035156,78944.0,0.0,0.0,
2025-01-13,257.4599914550781,257.9700012207031,255.009994506836,255.6300048828125,1105.0,0.0,0.0,
2025-01-15,259.9800109863281,259.9800109863281,255.4199981689453,256.8299865722656,364.0,0.0,0.0,
2025-01-14,260.94000244140625,260.94000244140625,255.0599975585937,256.75,11218.0,0.0,0.0,
2025-01-16,256.92999267578125,260.8699951171875,256.6099853515625,257.42999267578125,681.0,0.0,0.0,
2025-01-17,260.9800109863281,260.9800109863281,255.6000061035156,256.7900085449219,567.0,0.0,0.0,
2025-01-20,255.72000122070312,261.2799987792969,255.1600036621093,257.7799987792969,455.0,0.0,0.0,
2025-01-21,258.2900085449219,258.2900085449219,253.9100036621093,254.7899932861328,882.0,0.0,0.0,
2025-01-22,248.42999267578125,256.0,248.42999267578125,255.0200042724609,625.0,0.0,0.0,
2025-01-23,261.3999938964844,261.3999938964844,254.44000244140625,256.6300048828125,433.0,0.0,0.0,
2025-01-24,261.760009765625,261.760009765625,253.82000732421875,254.259994506836,166.0,0.0,0.0,
2025-01-27,251.8800048828125,253.72999572753903,251.3500061035156,251.4900054931641,1895.0,0.0,0.0,
2025-01-28,255.97999572753903,255.97999572753903,251.759994506836,253.33999633789065,4215.0,0.0,0.0,
2025-01-29,258.4100036621094,258.4100036621094,253.8600006103516,254.97000122070312,364.0,0.0,0.0,
2025-01-30,255.0,257.0599975585937,254.92999267578125,255.94000244140625,757.0,0.0,0.0,
2025-01-31,256.2699890136719,258.989990234375,256.2699890136719,258.8500061035156,521.0,0.0,0.0,
2025-02-01,258.94000244140625,260.69000244140625,256.739990234375,259.25,7782.0,0.0,0.0,
2025-02-03,255.69000244140625,258.3800048828125,255.67999267578125,258.29998779296875,2241.0,0.0,0.0,
2025-02-04,258.3599853515625,261.5899963378906,258.3599853515625,260.489990234375,627.0,0.0,0.0,
2025-02-05,263.9800109863281,263.9800109863281,260.70001220703125,260.739990234375,581.0,0.0,0.0,
2025-02-06,260.69000244140625,260.989990234375,259.0199890136719,259.5,375.0,0.0,0.0,
2025-02-07,260.6499938964844,261.760009765625,258.57000732421875,258.9700012207031,1261.0,0.0,0.0,
2025-02-10,258.760009765625,259.1000061035156,257.489990234375,258.3900146484375,588.0,0.0,0.0,
2025-02-11,253.25,257.6499938964844,253.25,255.0,437.0,0.0,0.0,
2025-02-12,259.9599914550781,259.9599914550781,251.4499969482422,254.6600036621093,1972.0,0.0,0.0,
2025-02-13,255.509994506836,256.5299987792969,253.5200042724609,253.5200042724609,258.0,0.0,0.0,
2025-02-14,253.6600036621093,255.2700042724609,250.9600067138672,253.1100006103516,861.0,0.0,0.0,
2025-02-17,248.0500030517578,253.509994506836,248.0500030517578,252.8000030517578,372.0,0.0,0.0,
2025-02-18,252.9600067138672,253.7100067138672,251.3000030517578,252.4900054931641,1215.0,0.0,0.0,
