Date,Open,High,Low,Close,Volume,Dividends,Stock Splits,Adj Close
2014-02-24,62.29700088500977,62.64400100708008,62.00500106811523,62.59199905395508,122640.0,0.0,0.0,
2014-02-25,62.70000076293945,62.84999847412109,62.43000030517578,62.79999923706055,138670.0,0.0,0.0,
2014-02-26,62.72000122070312,63.15000152587891,62.69900131225586,63.06600189208984,317690.0,0.0,0.0,
2014-02-28,63.0,63.54000091552734,62.99900054931641,63.44100189208984,393610.0,0.0,0.0,
2014-03-03,63.39699935913086,63.59000015258789,62.80099868774414,62.87900161743164,238500.0,0.0,0.0,
2014-03-04,62.90000152587891,63.72999954223633,62.90000152587891,63.65499877929688,538390.0,0.0,0.0,
2014-03-05,63.7869987487793,64.08000183105469,63.56100082397461,64.01100158691406,513290.0,0.0,0.0,
2014-03-06,64.1500015258789,64.79900360107422,64.05500030517578,64.66899871826172,494140.0,0.0,0.0,
2014-03-07,64.7969970703125,66.0999984741211,64.5999984741211,66.02400207519531,814230.0,0.0,0.0,
2014-03-10,65.69999694824219,65.98200225830078,65.38400268554688,65.73799896240234,640360.0,0.0,0.0,
2014-03-11,65.69999694824219,65.9000015258789,64.91999816894531,65.10199737548828,234530.0,0.0,0.0,
2014-03-12,65.08999633789062,65.48999786376953,64.82099914550781,65.25499725341797,151310.0,0.0,0.0,
2014-03-13,65.25499725341797,65.58899688720703,64.80000305175781,64.91300201416016,117090.0,0.0,0.0,
2014-03-14,64.69999694824219,65.12999725341797,64.5,65.03600311279297,284660.0,0.0,0.0,
2014-03-18,65.04000091552734,65.71199798583984,64.9990005493164,65.15799713134766,254050.0,0.0,0.0,
2014-03-19,65.15799713134766,65.5,65.0,65.302001953125,357820.0,0.0,0.0,
2014-03-20,65.19000244140625,65.39900207519531,64.81500244140625,64.85800170898438,149620.0,0.0,0.0,
2014-03-21,64.91600036621094,65.18900299072266,64.8499984741211,64.96800231933594,223580.0,0.0,0.0,
2014-03-24,65.0,65.98999786376953,65.0,65.85199737548828,287440.0,0.0,0.0,
2014-03-25,65.79000091552734,66.0,65.69999694824219,65.97799682617188,315480.0,0.0,0.0,
2014-03-26,66.0999984741211,66.23699951171875,65.80000305175781,65.88500213623047,382730.0,0.0,0.0,
2014-03-27,65.8010025024414,66.48899841308594,65.8010025024414,66.26599884033203,516410.0,0.0,0.0,
2014-03-28,66.30000305175781,67.05899810791016,66.30000305175781,66.94100189208984,488280.0,0.0,0.0,
2014-03-31,67.5999984741211,67.5999984741211,66.7509994506836,67.0,272920.0,0.0,0.0,
2014-04-01,67.03299713134766,67.25,66.70999908447266,67.14600372314453,199850.0,0.0,0.0,
2014-04-02,67.2300033569336,67.80000305175781,67.19999694824219,67.61499786376953,169980.0,0.0,0.0,
2014-04-03,67.69999694824219,67.69999694824219,67.0999984741211,67.35600280761719,223170.0,0.0,0.0,
2014-04-04,67.30000305175781,67.31999969482422,67.0,67.10199737548828,174480.0,0.0,0.0,
2014-04-07,67.12000274658203,67.30000305175781,66.53700256347656,66.9990005493164,289580.0,0.0,0.0,
2014-04-09,67.19999694824219,68.15399932861328,67.11599731445312,67.98400115966797,277730.0,0.0,0.0,
2014-04-10,67.92500305175781,68.37699890136719,67.9000015258789,67.98699951171875,286500.0,0.0,0.0,
2014-04-11,67.60800170898438,68.0999984741211,67.60600280761719,67.90699768066406,155390.0,0.0,0.0,
2014-04-15,67.91999816894531,68.0989990234375,67.35199737548828,67.66400146484375,232810.0,0.0,0.0,
2014-04-16,67.66400146484375,68.0999984741211,67.05000305175781,67.2030029296875,177890.0,0.0,0.0,
2014-04-17,67.19999694824219,68.0,67.10199737548828,67.94300079345703,164380.0,0.0,0.0,
2014-04-21,67.94999694824219,68.5,67.9010009765625,68.45899963378906,268170.0,0.0,0.0,
2014-04-22,68.4000015258789,68.55000305175781,68.15599822998047,68.30799865722656,279490.0,0.0,0.0,
2014-04-23,68.30000305175781,69.28800201416016,68.22599792480469,68.71399688720703,298340.0,0.0,0.0,
2014-04-25,68.74600219726562,68.74600219726562,68.11100006103516,68.19100189208984,552260.0,0.0,0.0,
2014-04-28,68.25,68.5,67.83999633789062,67.90699768066406,921290.0,0.0,0.0,
2014-04-29,67.9010009765625,68.0,67.31999969482422,67.46499633789062,217800.0,0.0,0.0,
2014-04-30,67.5,68.0,66.94999694824219,67.27899932861328,253720.0,0.0,0.0,
2014-05-02,67.56999969482422,67.66400146484375,66.9000015258789,66.98100280761719,479250.0,0.0,0.0,
2014-05-05,67.0,67.5989990234375,66.9000015258789,67.2699966430664,123150.0,0.0,0.0,
2014-05-06,67.5,67.58499908447266,67.2699966430664,67.39600372314453,115580.0,0.0,0.0,
2014-05-07,67.49500274658203,67.49500274658203,66.7750015258789,66.92400360107422,3318670.0,0.0,0.0,
2014-05-08,67.0,67.0979995727539,66.62200164794922,66.76699829101562,230320.0,0.0,0.0,
2014-05-09,66.80000305175781,69.80000305175781,66.5989990234375,69.20899963378906,697510.0,0.0,0.0,
2014-05-12,69.25,70.5,69.0,70.37000274658203,1458590.0,0.0,0.0,
2014-05-13,70.0,71.80999755859375,70.0,71.06500244140625,927910.0,0.0,0.0,
2014-05-14,71.10299682617188,71.48500061035156,71.01000213623047,71.31400299072266,522010.0,0.0,0.0,
2014-05-15,71.39900207519531,71.66500091552734,71.0009994506836,71.44599914550781,4482380.0,0.0,0.0,
2014-05-16,72.4000015258789,76.10199737548828,71.36799621582031,72.30799865722656,4037640.0,0.0,0.0,
2014-05-19,73.0999984741211,73.27999877929688,72.302001953125,72.927001953125,871960.0,0.0,0.0,
2014-05-20,72.9000015258789,73.24800109863281,72.59500122070312,72.69200134277344,1217270.0,0.0,0.0,
2014-05-21,72.72899627685547,73.07499694824219,72.4000015258789,72.95600128173828,3582950.0,0.0,0.0,
2014-05-22,73.0,73.34100341796875,72.80999755859375,73.01399993896484,797190.0,0.0,0.0,
2014-05-23,73.05699920654297,74.19999694824219,73.0,74.00800323486328,5021960.0,0.0,0.0,
2014-05-26,74.39800262451172,75.0510025024414,72.87000274658203,73.89099884033203,1167030.0,0.0,0.0,
2014-05-27,73.9000015258789,73.9000015258789,73.0,73.13800048828125,807380.0,0.0,0.0,
2014-05-28,73.4000015258789,73.74400329589844,73.10099792480469,73.31700134277344,464650.0,0.0,0.0,
2014-05-29,73.3499984741211,73.52300262451172,72.81999969482422,72.96299743652344,3796890.0,0.0,0.0,
2014-05-30,73.0999984741211,73.19999694824219,72.20999908447266,72.375,2466710.0,0.0,0.0,
2014-06-02,72.71600341796875,73.83100128173828,72.21099853515625,73.74099731445312,355910.0,0.0,0.0,
2014-06-03,73.80000305175781,74.59200286865234,73.61000061035156,74.48500061035156,446600.0,0.0,0.0,
2014-06-04,74.4000015258789,74.5999984741211,74.17500305175781,74.33699798583984,201540.0,0.0,0.0,
2014-06-05,74.30000305175781,78.5999984741211,74.0,75.06300354003906,641710.0,0.0,0.0,
2014-06-06,72.03500366210938,76.33999633789062,72.03500366210938,76.16699981689453,391190.0,0.0,0.0,
2014-06-09,76.4000015258789,77.31500244140625,76.4000015258789,77.10800170898438,545850.0,0.0,0.0,
2014-06-10,77.0999984741211,77.41899871826172,76.1520004272461,77.16000366210938,311220.0,0.0,0.0,
2014-06-11,77.0999984741211,77.87000274658203,76.5,76.81700134277344,273600.0,0.0,0.0,
2014-06-12,76.80000305175781,77.09700012207031,73.55500030517578,76.89099884033203,300160.0,0.0,0.0,
2014-06-13,76.9000015258789,77.30000305175781,75.9000015258789,76.38400268554688,417760.0,0.0,0.0,
2014-06-16,75.8499984741211,76.33000183105469,75.6510009765625,76.09100341796875,247010.0,0.0,0.0,
2014-06-17,76.0,76.99500274658203,75.71700286865234,76.88899993896484,196710.0,0.0,0.0,
2014-06-18,76.9000015258789,77.06999969482422,75.9000015258789,76.12699890136719,266680.0,0.0,0.0,
2014-06-19,76.0999984741211,76.5989990234375,75.69999694824219,76.01799774169922,226120.0,0.0,0.0,
2014-06-20,76.0999984741211,76.25199890136719,75.59500122070312,75.7040023803711,261290.0,0.0,0.0,
2014-06-23,75.80000305175781,76.0,75.05999755859375,75.39099884033203,403690.0,0.0,0.0,
2014-06-24,75.60900115966797,76.5,75.5530014038086,76.25399780273438,395550.0,0.0,0.0,
2014-06-25,76.29900360107422,76.29900360107422,76.02100372314453,76.14700317382812,394820.0,0.0,0.0,
2014-06-26,76.1449966430664,76.4000015258789,75.44999694824219,75.63400268554688,329550.0,0.0,0.0,
2014-06-27,75.70099639892578,76.0250015258789,75.45099639892578,75.56900024414062,435740.0,0.0,0.0,
2014-06-30,75.5999984741211,76.5999984741211,75.5999984741211,76.46700286865234,407630.0,0.0,0.0,
2014-07-01,76.5,76.9000015258789,76.5,76.76300048828125,429020.0,0.0,0.0,
2014-07-02,76.83200073242188,77.73200225830078,76.83100128173828,77.62100219726562,522090.0,0.0,0.0,
2014-07-03,77.69999694824219,77.9800033569336,77.41000366210938,77.70500183105469,308980.0,0.0,0.0,
2014-07-04,77.70500183105469,78.80000305175781,77.05000305175781,78.22699737548828,383590.0,0.0,0.0,
2014-07-07,78.22699737548828,78.48999786376953,78.02799987792969,78.2770004272461,425610.0,0.0,0.0,
2014-07-08,78.30599975585938,78.697998046875,76.66999816894531,76.83300018310547,594700.0,0.0,0.0,
2014-07-09,76.86499786376953,77.04499816894531,76.0,76.25599670410156,656620.0,0.0,0.0,
2014-07-10,74.51000213623047,78.4000015258789,74.51000213623047,76.37799835205078,1287410.0,0.0,0.0,
2014-07-11,76.37799835205078,76.697998046875,75.0,75.1969985961914,3427020.0,0.0,0.0,
2014-07-14,75.19999694824219,75.3499984741211,74.8270034790039,75.03800201416016,393040.0,0.0,0.0,
2014-07-15,75.29000091552734,75.89800262451172,75.07599639892578,75.79900360107422,304000.0,0.0,0.0,
2014-07-16,75.9530029296875,77.09500122070312,75.80799865722656,76.87100219726562,470230.0,0.0,0.0,
2014-07-17,76.80000305175781,77.04499816894531,76.75399780273438,76.96099853515625,126070.0,0.0,0.0,
2014-07-18,76.85700225830078,77.44300079345703,76.5,77.31500244140625,397800.0,0.0,0.0,
2014-07-21,77.30500030517578,77.81500244140625,77.30500030517578,77.46800231933594,190570.0,0.0,0.0,
2014-07-22,77.5,78.37300109863281,77.5,78.23500061035156,244030.0,0.0,0.0,
2014-07-23,78.49800109863281,78.6500015258789,78.052001953125,78.61499786376953,344310.0,0.0,0.0,
2014-07-24,78.5999984741211,78.9000015258789,78.19999694824219,78.81900024414062,187170.0,0.0,0.0,
2014-07-25,78.81999969482422,78.8949966430664,78.02100372314453,78.4530029296875,233760.0,0.0,0.0,
2014-07-28,78.5,78.80000305175781,77.86499786376953,78.2229995727539,290000.0,0.0,0.0,
2014-07-30,78.22000122070312,78.69999694824219,77.69999694824219,78.61000061035156,183950.0,0.0,0.0,
2014-07-31,78.5999984741211,78.69999694824219,77.91699981689453,78.01399993896484,201190.0,0.0,0.0,
2014-08-01,77.75,78.18900299072266,76.93000030517578,77.11599731445312,354770.0,0.0,0.0,
2014-08-04,77.19999694824219,77.94999694824219,77.19999694824219,77.69499969482422,159130.0,0.0,0.0,
2014-08-05,77.69499969482422,78.38500213623047,77.0,78.1989974975586,239370.0,0.0,0.0,
2014-08-06,78.0,78.0999984741211,77.24099731445312,77.41799926757812,227660.0,0.0,0.0,
2014-08-07,77.4000015258789,77.75,76.9010009765625,77.24500274658203,254220.0,0.0,0.0,
2014-08-08,77.0,77.4000015258789,76.32099914550781,76.75599670410156,306110.0,0.0,0.0,
2014-08-11,77.22000122070312,77.28500366210938,76.80000305175781,77.125,159750.0,0.0,0.0,
2014-08-12,77.30999755859375,78.0989990234375,77.19999694824219,77.93199920654297,201650.0,0.0,0.0,
2014-08-13,77.9000015258789,78.3949966430664,77.6989974975586,78.28099822998047,523320.0,0.0,0.0,
2014-08-14,78.4990005493164,78.9000015258789,78.2760009765625,78.78500366210938,157390.0,0.0,0.0,
2014-08-18,78.69999694824219,79.66000366210938,78.49800109863281,79.56900024414062,340360.0,0.0,0.0,
2014-08-19,79.5999984741211,80.0,79.21600341796875,79.7699966430664,176360.0,0.0,0.0,
2014-08-20,79.69999694824219,79.80000305175781,79.4000015258789,79.50399780273438,107660.0,0.0,0.0,
2014-08-21,79.51499938964844,79.9990005493164,79.3499984741211,79.5479965209961,344530.0,0.0,0.0,
2014-08-22,79.68199920654297,80.0999984741211,79.41100311279297,80.01899719238281,594870.0,0.0,0.0,
2014-08-25,80.30000305175781,80.4800033569336,79.76100158691406,79.86299896240234,401430.0,0.0,0.0,
2014-08-26,79.80000305175781,80.19000244140625,79.5999984741211,80.08899688720703,411810.0,0.0,0.0,
2014-08-27,80.19999694824219,80.5989990234375,80.0250015258789,80.36599731445312,266590.0,0.0,0.0,
2014-08-28,80.36399841308594,80.69999694824219,80.21600341796875,80.61199951171875,319070.0,0.0,0.0,
2014-09-01,80.80000305175781,81.4000015258789,80.69999694824219,81.28500366210938,261650.0,0.0,0.0,
2014-09-02,81.19999694824219,82.04000091552734,81.19999694824219,81.88999938964844,357940.0,0.0,0.0,
2014-09-03,81.89099884033203,82.5479965209961,81.89099884033203,82.18499755859375,339090.0,0.0,0.0,
2014-09-04,82.18499755859375,82.18499755859375,81.30999755859375,81.75399780273438,1239300.0,0.0,0.0,
2014-09-05,81.5999984741211,81.9990005493164,81.22000122070312,81.71399688720703,377520.0,0.0,0.0,
2014-09-08,81.98899841308594,82.6500015258789,81.81500244140625,82.59100341796875,347460.0,0.0,0.0,
2014-09-09,82.62000274658203,82.63999938964844,82.21299743652344,82.49099731445312,199570.0,0.0,0.0,
2014-09-10,82.4000015258789,82.4000015258789,81.80999755859375,81.99199676513672,195740.0,0.0,0.0,
2014-09-11,82.0,82.31999969482422,81.5,81.83300018310547,403210.0,0.0,0.0,
2014-09-12,81.89900207519531,82.08999633789062,81.61000061035156,81.88500213623047,372820.0,0.0,0.0,
2014-09-15,81.77999877929688,81.77999877929688,81.1259994506836,81.26699829101562,253700.0,0.0,0.0,
2014-09-16,81.0,81.30000305175781,80.26899719238281,80.3740005493164,220990.0,0.0,0.0,
2014-09-17,80.5,80.80000305175781,80.19999694824219,80.48300170898438,355040.0,0.0,0.0,
2014-09-18,80.38999938964844,82.18000030517578,80.23500061035156,82.04399871826172,340530.0,0.0,0.0,
2014-09-19,82.0,82.38899993896484,81.83499908447266,82.12699890136719,276010.0,0.0,0.0,
2014-09-22,82.05000305175781,82.6989974975586,81.5250015258789,82.59200286865234,319710.0,0.0,0.0,
2014-09-23,82.5,82.58000183105469,81.30000305175781,81.42400360107422,341160.0,0.0,0.0,
2014-09-24,81.5,81.5,80.5,81.14199829101562,292470.0,0.0,0.0,
2014-09-25,81.19999694824219,81.2979965209961,79.91699981689453,80.23699951171875,384920.0,0.0,0.0,
2014-09-26,80.0,81.18000030517578,79.59500122070312,80.8949966430664,491650.0,0.0,0.0,
2014-09-29,80.8499984741211,81.0999984741211,80.41699981689453,80.6719970703125,484070.0,0.0,0.0,
2014-09-30,80.57099914550781,81.4000015258789,80.3499984741211,80.71800231933594,250030.0,0.0,0.0,
2014-10-01,80.6500015258789,80.75,80.35099792480469,80.55799865722656,173610.0,0.0,0.0,
2014-10-07,80.55799865722656,80.55799865722656,79.3030014038086,79.38099670410156,896740.0,0.0,0.0,
2014-10-08,79.37999725341797,79.79499816894531,79.19999694824219,79.63400268554688,250640.0,0.0,0.0,
2014-10-09,80.0,80.58799743652344,79.63400268554688,80.41300201416016,196890.0,0.0,0.0,
2014-10-10,80.01000213623047,80.31999969482422,79.4000015258789,79.72899627685547,572200.0,0.0,0.0,
2014-10-13,79.5999984741211,80.04900360107422,79.0,79.91100311279297,463920.0,0.0,0.0,
2014-10-14,80.0999984741211,80.197998046875,79.41799926757812,79.70099639892578,344890.0,0.0,0.0,
2014-10-16,79.5,79.94999694824219,78.44499969482422,78.68599700927734,399300.0,0.0,0.0,
2014-10-17,78.69999694824219,79.27999877929688,78.40499877929688,78.84200286865234,346690.0,0.0,0.0,
2014-10-20,79.5,80.5,79.5,79.91799926757812,298160.0,0.0,0.0,
2014-10-21,80.0999984741211,80.42500305175781,79.87000274658203,80.26200103759766,253620.0,0.0,0.0,
2014-10-22,80.63099670410156,80.87000274658203,80.52999877929688,80.68499755859375,722340.0,0.0,0.0,
2014-10-27,81.38999938964844,81.38999938964844,80.6050033569336,80.7760009765625,159830.0,0.0,0.0,
2014-10-28,80.80000305175781,81.29499816894531,80.80000305175781,81.10299682617188,203210.0,0.0,0.0,
2014-10-29,81.41500091552734,81.69999694824219,81.33999633789062,81.63899993896484,194510.0,0.0,0.0,
2014-10-30,81.68000030517578,82.88300323486328,81.5999984741211,82.84200286865234,895240.0,0.0,0.0,
2014-10-31,82.9990005493164,84.19499969482422,82.84300231933594,84.11499786376953,493080.0,0.0,0.0,
2014-11-03,84.5,84.5,84.0999984741211,84.3499984741211,500480.0,0.0,0.0,
2014-11-05,84.4000015258789,84.72000122070312,84.2249984741211,84.39900207519531,395790.0,0.0,0.0,
2014-11-07,84.38999938964844,84.69400024414062,84.0,84.53700256347656,190690.0,0.0,0.0,
2014-11-10,84.0,84.69999694824219,84.0,84.36599731445312,209720.0,0.0,0.0,
2014-11-11,84.5,84.80000305175781,84.19999694824219,84.64700317382812,119670.0,0.0,0.0,
2014-11-12,84.6500015258789,85.4000015258789,84.63099670410156,84.8219985961914,518210.0,0.0,0.0,
2014-11-13,84.9000015258789,85.0,84.32499694824219,84.56400299072266,196740.0,0.0,0.0,
2014-11-14,84.12000274658203,84.98999786376953,84.11000061035156,84.91000366210938,116080.0,0.0,0.0,
2014-11-17,84.79499816894531,85.3499984741211,84.52100372314453,85.26499938964844,166310.0,0.0,0.0,
2014-11-18,85.4000015258789,85.48500061035156,84.7750015258789,85.13999938964844,117680.0,0.0,0.0,
2014-11-19,85.19999694824219,85.30000305175781,84.41999816894531,84.60700225830078,225390.0,0.0,0.0,
2014-11-20,85.0,90.95999908447266,84.35099792480469,84.77300262451172,760790.0,0.0,0.0,
2014-11-21,84.80000305175781,85.78399658203125,84.80000305175781,85.51399993896484,242320.0,0.0,0.0,
2014-11-24,85.6500015258789,86.1989974975586,85.53099822998047,86.10199737548828,593570.0,0.0,0.0,
2014-11-25,86.0,86.1500015258789,85.30500030517578,85.63600158691406,132070.0,0.0,0.0,
2014-11-26,85.5,85.98999786376953,85.30500030517578,85.8239974975586,100300.0,0.0,0.0,
2014-11-27,85.80000305175781,86.4000015258789,85.5,86.3239974975586,355590.0,0.0,0.0,
2014-11-28,85.62000274658203,87.19000244140625,85.62000274658203,86.93099975585938,221720.0,0.0,0.0,
2014-12-01,86.91999816894531,87.0999984741211,86.4000015258789,86.43800354003906,421220.0,0.0,0.0,
2014-12-02,86.43499755859375,86.5999984741211,86.08799743652344,86.302001953125,157750.0,0.0,0.0,
2014-12-03,86.29499816894531,86.79000091552734,86.06500244140625,86.45700073242188,218220.0,0.0,0.0,
2014-12-04,86.58999633789062,87.0,86.4000015258789,86.81900024414062,353800.0,0.0,0.0,
2014-12-05,86.80000305175781,86.99400329589844,86.5999984741211,86.7509994506836,94270.0,0.0,0.0,
2014-12-08,86.73999786376953,86.73999786376953,85.4000015258789,85.5479965209961,428440.0,0.0,0.0,
2014-12-09,85.5,85.5,84.4000015258789,84.59200286865234,366940.0,0.0,0.0,
2014-12-10,84.48999786376953,84.9000015258789,84.21600341796875,84.74800109863281,282720.0,0.0,0.0,
2014-12-11,84.6500015258789,84.66500091552734,83.86499786376953,84.19000244140625,393460.0,0.0,0.0,
2014-12-12,84.16999816894531,84.36000061035156,83.31999969482422,83.43299865722656,509560.0,0.0,0.0,
2014-12-15,82.9000015258789,83.4749984741211,82.8949966430664,83.29000091552734,352930.0,0.0,0.0,
2014-12-16,83.16999816894531,83.16999816894531,81.80000305175781,82.03299713134766,1020880.0,0.0,0.0,
2014-12-17,82.03299713134766,82.16000366210938,80.72100067138672,81.52300262451172,1021000.0,0.0,0.0,
2014-12-18,82.0,82.68499755859375,81.91999816894531,82.59400177001953,535690.0,0.0,0.0,
2014-12-19,83.0,83.58999633789062,82.86000061035156,83.40599822998047,346130.0,0.0,0.0,
2014-12-22,83.45500183105469,84.6989974975586,83.21499633789062,84.4489974975586,413020.0,0.0,0.0,
2014-12-23,84.5,84.69499969482422,83.33499908447266,83.5989990234375,244130.0,0.0,0.0,
2014-12-24,83.55000305175781,83.98799896240234,82.81999969482422,83.20500183105469,481230.0,0.0,0.0,
2014-12-26,83.19999694824219,83.4000015258789,82.45999908447266,82.81099700927734,713480.0,0.0,0.0,
2014-12-29,82.80500030517578,83.68000030517578,82.80500030517578,83.43099975585938,362220.0,0.0,0.0,
2014-12-30,83.38999938964844,83.5989990234375,83.0999984741211,83.39299774169922,149590.0,0.0,0.0,
2014-12-31,83.30000305175781,84.0,83.0199966430664,83.87699890136719,264190.0,0.0,0.0,
2015-01-01,83.8499984741211,83.96900177001953,83.0,83.81400299072266,129140.0,0.0,0.0,
2015-01-02,83.69999694824219,84.87999725341797,83.5999984741211,84.71399688720703,295810.0,0.0,0.0,
2015-01-05,84.5999984741211,85.2249984741211,84.37000274658203,84.49299621582031,546240.0,0.0,0.0,
2015-01-06,84.0999984741211,84.0999984741211,82.05500030517578,82.38800048828125,1030240.0,0.0,0.0,
2015-01-07,82.3499984741211,82.36000061035156,81.5250015258789,81.99500274658203,1194180.0,0.0,0.0,
2015-01-08,82.5,83.29000091552734,82.5,83.177001953125,276980.0,0.0,0.0,
2015-01-09,83.0999984741211,84.80000305175781,82.75,83.61000061035156,282490.0,0.0,0.0,
2015-01-12,83.75,84.19999694824219,83.05999755859375,84.11799621582031,374510.0,0.0,0.0,
2015-01-13,82.0250015258789,84.45999908447266,80.41000366210938,83.69100189208984,177780.0,0.0,0.0,
2015-01-14,83.69999694824219,84.0,83.0999984741211,83.5979995727539,214450.0,0.0,0.0,
2015-01-15,84.58999633789062,86.0,84.11599731445312,85.66300201416016,712710.0,0.0,0.0,
2015-01-16,85.69999694824219,86.49500274658203,85.01000213623047,86.11000061035156,310250.0,0.0,0.0,
2015-01-19,86.16000366210938,86.5,86.1050033569336,86.21700286865234,265800.0,0.0,0.0,
2015-01-20,86.4000015258789,87.8740005493164,86.4000015258789,87.62799835205078,537840.0,0.0,0.0,
2015-01-21,87.5999984741211,88.19999694824219,87.41500091552734,88.06400299072266,476870.0,0.0,0.0,
2015-01-22,88.0,88.5,88.0,88.34600067138672,312060.0,0.0,0.0,
2015-01-23,90.0,90.0,88.80000305175781,89.2020034790039,434410.0,0.0,0.0,
2015-01-27,89.30000305175781,89.9990005493164,89.0,89.86199951171875,376630.0,0.0,0.0,
2015-01-28,89.69999694824219,90.5500030517578,89.5,89.79299926757812,2155000.0,0.0,0.0,
2015-01-29,89.69499969482422,90.5500030517578,89.2249984741211,90.21900177001952,455910.0,0.0,0.0,
2015-01-30,90.8000030517578,90.8000030517578,89.12000274658203,89.48200225830078,935690.0,0.0,0.0,
2015-02-02,89.5,90.9000015258789,88.8030014038086,89.18499755859375,1382690.0,0.0,0.0,
2015-02-03,89.51499938964844,89.9000015258789,88.51000213623047,88.6500015258789,1337040.0,0.0,0.0,
2015-02-04,88.9000015258789,89.0,88.0260009765625,88.37699890136719,279500.0,0.0,0.0,
2015-02-05,88.0,89.4000015258789,87.80000305175781,88.22899627685547,242350.0,0.0,0.0,
2015-02-06,88.08499908447266,89.30000305175781,87.5999984741211,87.99500274658203,622760.0,0.0,0.0,
2015-02-09,87.60099792480469,87.60099792480469,86.4010009765625,86.55899810791016,1924520.0,0.0,0.0,
2015-02-10,86.2020034790039,87.68900299072266,85.4010009765625,86.83999633789062,635240.0,0.0,0.0,
2015-02-11,86.91500091552734,87.89900207519531,86.91500091552734,87.66500091552734,378370.0,0.0,0.0,
2015-02-12,87.69999694824219,88.48999786376953,87.125,88.27999877929688,287040.0,0.0,0.0,
2015-02-13,88.22599792480469,89.33999633789062,88.22599792480469,89.06800079345703,265250.0,0.0,0.0,
2015-02-16,89.30000305175781,89.76499938964844,89.03600311279297,89.48600006103516,322550.0,0.0,0.0,
2015-02-18,89.5,90.0,88.41500091552734,89.82099914550781,553650.0,0.0,0.0,
2015-02-19,89.77999877929688,89.77999877929688,88.4000015258789,89.4280014038086,502980.0,0.0,0.0,
2015-02-20,89.4000015258789,89.44999694824219,88.69999694824219,88.8550033569336,222790.0,0.0,0.0,
2015-02-23,89.08699798583984,89.19999694824219,87.5,87.66400146484375,486100.0,0.0,0.0,
2015-02-24,88.21499633789062,88.5250015258789,87.62999725341797,88.052001953125,640590.0,0.0,0.0,
2015-02-25,88.36000061035156,88.77999877929688,87.7300033569336,87.84500122070312,360320.0,0.0,0.0,
2015-02-26,87.91000366210938,88.37999725341797,87.1500015258789,87.36799621582031,506850.0,0.0,0.0,
2015-02-27,87.8239974975586,89.0,87.5999984741211,88.8949966430664,1450470.0,0.0,0.0,
2015-02-28,89.20378112792969,89.20378112792969,89.20378112792969,89.20378112792969,0.0,0.0,0.0,
2015-03-02,89.62000274658203,90.1999969482422,89.26200103759766,89.41300201416016,703230.0,0.0,0.0,
2015-03-03,89.5,90.28800201416016,89.33499908447266,90.1780014038086,430350.0,0.0,0.0,
2015-03-04,90.93199920654295,91.5,89.0,89.09700012207031,1295420.0,0.0,0.0,
2015-03-05,89.16400146484375,89.80000305175781,88.5999984741211,89.58499908447266,292270.0,0.0,0.0,
2015-03-09,89.5,89.58499908447266,87.6500015258789,87.79299926757812,648070.0,0.0,0.0,
2015-03-10,87.80000305175781,88.17900085449219,87.1500015258789,87.55599975585938,536010.0,0.0,0.0,
2015-03-11,87.5,88.0,87.26000213623047,87.58499908447266,1111680.0,0.0,0.0,
2015-03-12,87.66000366210938,88.19000244140625,87.66000366210938,88.08599853515625,271670.0,0.0,0.0,
2015-03-13,88.11499786376953,88.58000183105469,86.5,86.77899932861328,777420.0,0.0,0.0,
2015-03-16,86.8499984741211,87.08499908447266,86.55000305175781,86.802001953125,300020.0,0.0,0.0,
2015-03-17,86.9000015258789,87.69999694824219,86.63999938964844,87.46499633789062,271970.0,0.0,0.0,
2015-03-18,87.15499877929688,87.78900146484375,87.0,87.09700012207031,324680.0,0.0,0.0,
2015-03-19,87.4749984741211,88.1500015258789,86.19999694824219,86.43900299072266,488730.0,0.0,0.0,
2015-03-20,86.5,86.69999694824219,86.00499725341797,86.28700256347656,240910.0,0.0,0.0,
2015-03-23,86.5,86.5,85.80500030517578,85.95700073242188,255510.0,0.0,0.0,
2015-03-24,86.0999984741211,86.7750015258789,85.80500030517578,86.07099914550781,270700.0,0.0,0.0,
2015-03-25,86.18000030517578,86.19000244140625,85.69999694824219,85.8759994506836,344590.0,0.0,0.0,
2015-03-26,85.66999816894531,85.66999816894531,84.125,84.3219985961914,1125070.0,0.0,0.0,
2015-03-27,84.3499984741211,84.79499816894531,83.31500244140625,83.95099639892578,1262290.0,0.0,0.0,
2015-03-30,84.4990005493164,85.1989974975586,84.01000213623047,85.0479965209961,753550.0,0.0,0.0,
2015-03-31,85.19999694824219,85.5999984741211,84.69999694824219,85.0780029296875,403210.0,0.0,0.0,
2015-04-01,85.19999694824219,86.14199829101562,84.80000305175781,86.06300354003906,342900.0,0.0,0.0,
2015-04-06,86.2979965209961,86.86499786376953,85.80599975585938,86.77200317382812,254590.0,0.0,0.0,
2015-04-07,86.86499786376953,87.18000030517578,86.0989990234375,86.79000091552734,500390.0,0.0,0.0,
2015-04-08,87.20999908447266,87.48500061035156,87.00199890136719,87.31199645996094,281730.0,0.0,0.0,
2015-04-09,87.49500274658203,87.95500183105469,87.06999969482422,87.86000061035156,519580.0,0.0,0.0,
2015-04-10,87.9000015258789,88.04000091552734,87.5260009765625,87.9749984741211,166060.0,0.0,0.0,
2015-04-13,88.1500015258789,88.5199966430664,87.79499816894531,88.37899780273438,342800.0,0.0,0.0,
2015-04-15,88.5,88.66999816894531,87.5,87.73200225830078,183920.0,0.0,0.0,
2015-04-16,87.73500061035156,87.73500061035156,86.9520034790039,87.33599853515625,413350.0,0.0,0.0,
2015-04-17,87.25,87.2699966430664,86.5,86.61699676513672,623100.0,0.0,0.0,
2015-04-20,86.55000305175781,86.55000305175781,84.61499786376953,84.85800170898438,761570.0,0.0,0.0,
2015-04-21,85.4000015258789,85.4000015258789,84.0,84.197998046875,929220.0,0.0,0.0,
2015-04-22,85.5,85.5,83.43000030517578,84.66600036621094,846510.0,0.0,0.0,
2015-04-23,84.0,85.30000305175781,83.87999725341797,84.19300079345703,610360.0,0.0,0.0,
2015-04-24,84.19999694824219,84.29499816894531,83.0250015258789,83.26200103759766,557380.0,0.0,0.0,
2015-04-27,84.0979995727539,84.1989974975586,82.30000305175781,82.4260025024414,838850.0,0.0,0.0,
2015-04-28,82.4000015258789,83.44999694824219,82.0999984741211,83.1500015258789,390030.0,0.0,0.0,
2015-04-29,83.05999755859375,83.3499984741211,82.41999816894531,82.5770034790039,641220.0,0.0,0.0,
2015-04-30,82.4020004272461,82.55000305175781,81.80699920654297,82.2750015258789,1605040.0,0.0,0.0,
2015-05-04,82.89800262451172,83.7750015258789,82.25,83.53099822998047,597830.0,0.0,0.0,
2015-05-05,83.53099822998047,83.79499816894531,83.0,83.53099822998047,473370.0,0.0,0.0,
2015-05-06,83.5,83.5,81.12000274658203,81.22200012207031,1981580.0,0.0,0.0,
2015-05-07,81.01000213623047,81.5009994506836,80.5,81.21499633789062,1041570.0,0.0,0.0,
2015-05-08,81.7979965209961,82.58499908447266,81.53500366210938,82.16000366210938,621310.0,0.0,0.0,
2015-05-11,82.51000213623047,83.5,82.51000213623047,83.40699768066406,569650.0,0.0,0.0,
2015-05-12,83.30000305175781,83.44999694824219,81.9000015258789,81.9489974975586,837930.0,0.0,0.0,
2015-05-13,82.44999694824219,82.9800033569336,81.5,82.7699966430664,864370.0,0.0,0.0,
2015-05-14,82.5,82.94999694824219,81.99500274658203,82.78700256347656,299820.0,0.0,0.0,
2015-05-15,82.55000305175781,83.80000305175781,82.5,83.31999969482422,352150.0,0.0,0.0,
2015-05-18,83.30000305175781,84.23999786376953,83.0,84.06800079345703,491910.0,0.0,0.0,
2015-05-19,83.57499694824219,84.58000183105469,83.5,83.83200073242188,981790.0,0.0,0.0,
2015-05-20,83.63500213623047,84.5989990234375,83.63500213623047,84.36000061035156,363930.0,0.0,0.0,
2015-05-21,84.24500274658203,84.58100128173828,84.0,84.4520034790039,304100.0,0.0,0.0,
2015-05-22,84.44999694824219,85.02999877929688,84.35900115966797,84.76100158691406,465360.0,0.0,0.0,
2015-05-25,84.6500015258789,84.6500015258789,83.80000305175781,84.01399993896484,239550.0,0.0,0.0,
2015-05-26,84.52999877929688,84.5999984741211,83.49500274658203,83.7509994506836,281000.0,0.0,0.0,
2015-05-27,83.50499725341797,83.68000030517578,83.0999984741211,83.46099853515625,247590.0,0.0,0.0,
2015-05-28,83.45999908447266,83.77899932861328,83.0999984741211,83.47000122070312,313200.0,0.0,0.0,
2015-05-29,83.44999694824219,84.78500366210938,83.4000015258789,84.6449966430664,412300.0,0.0,0.0,
2015-06-01,84.6449966430664,84.9990005493164,84.45500183105469,84.76300048828125,224110.0,0.0,0.0,
2015-06-02,84.75,84.75,83.0999984741211,83.68299865722656,622500.0,0.0,0.0,
2015-06-03,83.4000015258789,83.4000015258789,81.80000305175781,82.0,933060.0,0.0,0.0,
2015-06-04,81.9000015258789,82.197998046875,81.30400085449219,82.09600067138672,514690.0,0.0,0.0,
2015-06-05,82.0,82.7249984741211,81.70999908447266,81.88099670410156,352700.0,0.0,0.0,
2015-06-08,81.58000183105469,82.0999984741211,80.5,81.29299926757812,308010.0,0.0,0.0,
2015-06-09,81.0999984741211,81.30000305175781,80.83000183105469,81.01699829101562,496620.0,0.0,0.0,
2015-06-10,80.9000015258789,81.93900299072266,80.9000015258789,81.7239990234375,507550.0,0.0,0.0,
2015-06-11,81.71499633789062,82.0,80.33000183105469,80.46600341796875,614560.0,0.0,0.0,
2015-06-12,80.20099639892578,80.69000244140625,80.10099792480469,80.58699798583984,394430.0,0.0,0.0,
2015-06-15,80.11499786376953,81.2509994506836,80.11499786376953,81.01100158691406,315260.0,0.0,0.0,
2015-06-16,80.80000305175781,81.5,80.4000015258789,81.22000122070312,270840.0,0.0,0.0,
2015-06-17,81.5,81.87999725341797,81.21099853515625,81.58100128173828,321850.0,0.0,0.0,
2015-06-18,81.57499694824219,82.5,81.52100372314453,82.40499877929688,343570.0,0.0,0.0,
2015-06-19,82.5,83.0999984741211,82.5,82.9749984741211,464380.0,0.0,0.0,
2015-06-22,83.0999984741211,84.1500015258789,83.0999984741211,84.09200286865234,646340.0,0.0,0.0,
2015-06-23,84.19000244140625,84.5,83.9000015258789,84.37000274658203,515750.0,0.0,0.0,
2015-06-24,84.45999908447266,84.69999694824219,83.9000015258789,84.16300201416016,407580.0,0.0,0.0,
2015-06-25,83.91699981689453,84.69999694824219,83.78500366210938,84.50299835205078,334620.0,0.0,0.0,
2015-06-26,84.4749984741211,84.9000015258789,83.80000305175781,84.58499908447266,604090.0,0.0,0.0,
2015-06-29,82.5,83.9020004272461,82.5,83.67400360107422,878250.0,0.0,0.0,
2015-06-30,83.5999984741211,84.48899841308594,83.48500061035156,84.375,241910.0,0.0,0.0,
2015-07-01,84.4000015258789,85.36000061035156,84.09500122070312,85.21800231933594,438510.0,0.0,0.0,
2015-07-02,85.20500183105469,85.48799896240234,84.88999938964844,85.03800201416016,225950.0,0.0,0.0,
2015-07-03,85.4000015258789,85.5979995727539,84.91500091552734,85.3290023803711,436090.0,0.0,0.0,
2015-07-06,84.69999694824219,86.0,84.5,85.87200164794922,381990.0,0.0,0.0,
2015-07-07,85.9800033569336,86.0999984741211,85.5,85.66500091552734,510640.0,0.0,0.0,
2015-07-08,85.00199890136719,85.27999877929688,84.2750015258789,84.47899627685547,593610.0,0.0,0.0,
2015-07-09,84.5,84.80000305175781,84.0999984741211,84.19599914550781,272370.0,0.0,0.0,
2015-07-10,84.30000305175781,84.80000305175781,84.1050033569336,84.56400299072266,236530.0,0.0,0.0,
2015-07-13,84.5,85.5989990234375,84.44000244140625,85.46499633789062,245450.0,0.0,0.0,
2015-07-14,85.44999694824219,85.6500015258789,85.1500015258789,85.34700012207031,193610.0,0.0,0.0,
2015-07-15,85.4000015258789,86.12999725341797,85.4000015258789,86.052001953125,209720.0,0.0,0.0,
2015-07-16,86.1050033569336,86.88899993896484,86.0999984741211,86.697998046875,311290.0,0.0,0.0,
2015-07-17,86.5999984741211,87.56999969482422,86.5,87.21600341796875,6582660.0,0.0,0.0,
2015-07-20,87.19999694824219,87.32499694824219,86.6259994506836,87.11399841308594,158840.0,0.0,0.0,
2015-07-21,87.0999984741211,87.18499755859375,86.08999633789062,86.19100189208984,172710.0,0.0,0.0,
2015-07-22,86.0999984741211,87.26000213623047,85.9000015258789,87.06500244140625,348810.0,0.0,0.0,
2015-07-23,87.19999694824219,87.30000305175781,86.53500366210938,86.69000244140625,176690.0,0.0,0.0,
2015-07-24,86.5999984741211,86.68399810791016,86.05999755859375,86.23999786376953,171350.0,0.0,0.0,
2015-07-27,86.0,86.00499725341797,84.55000305175781,84.74199676513672,358740.0,0.0,0.0,
2015-07-28,85.0,85.08499908447266,84.302001953125,84.39800262451172,216880.0,0.0,0.0,
2015-07-29,84.52999877929688,84.8499984741211,84.30000305175781,84.6969985961914,147790.0,0.0,0.0,
2015-07-30,84.69999694824219,85.47000122070312,84.69999694824219,85.35700225830078,147290.0,0.0,0.0,
2015-07-31,85.4000015258789,86.5,85.4000015258789,86.4229965209961,441230.0,0.0,0.0,
2015-08-03,86.30000305175781,86.7300033569336,86.05999755859375,86.63500213623047,216910.0,0.0,0.0,
2015-08-04,86.5999984741211,86.7490005493164,85.68499755859375,86.302001953125,632470.0,0.0,0.0,
2015-08-05,85.8270034790039,86.9990005493164,85.8270034790039,86.71299743652344,188110.0,0.0,0.0,
2015-08-06,86.80000305175781,87.1500015258789,86.4749984741211,87.0009994506836,270100.0,0.0,0.0,
2015-08-07,87.0,87.0,86.5250015258789,86.71199798583984,144020.0,0.0,0.0,
2015-08-10,86.5,87.25,85.95099639892578,86.24400329589844,225390.0,0.0,0.0,
2015-08-11,86.30000305175781,86.30000305175781,85.54000091552734,85.73400115966797,179040.0,0.0,0.0,
2015-08-12,85.4749984741211,85.4749984741211,84.43800354003906,84.64600372314453,284550.0,0.0,0.0,
2015-08-13,84.69499969482422,85.30000305175781,84.41100311279297,84.65599822998047,220480.0,0.0,0.0,
2015-08-14,84.69999694824219,86.33499908447266,84.69999694824219,86.2020034790039,156540.0,0.0,0.0,
2015-08-17,86.30000305175781,86.30000305175781,79.87000274658203,85.50399780273438,732480.0,0.0,0.0,
2015-08-18,86.0,86.0,85.07599639892578,85.46499633789062,177130.0,0.0,0.0,
2015-08-19,85.44999694824219,86.0260009765625,85.0999984741211,85.677001953125,216710.0,0.0,0.0,
2015-08-20,85.5999984741211,85.5999984741211,84.33000183105469,84.52200317382812,311010.0,0.0,0.0,
2015-08-21,84.0999984741211,84.37999725341797,83.25399780273438,84.18499755859375,457320.0,0.0,0.0,
2015-08-24,83.0999984741211,83.93000030517578,78.86599731445312,79.33999633789062,4685560.0,0.0,0.0,
2015-08-25,81.0,81.4000015258789,77.69999694824219,79.9260025024414,3499480.0,0.0,0.0,
2015-08-26,80.0,80.4000015258789,78.9000015258789,79.0,1090850.0,0.0,0.0,
2015-08-27,80.0,80.63999938964844,79.5999984741211,80.56500244140625,513480.0,0.0,0.0,
2015-08-28,80.79900360107422,82.00499725341797,80.61000061035156,81.08100128173828,638000.0,0.0,0.0,
2015-08-31,81.0,81.53500366210938,80.5989990234375,80.85900115966797,734550.0,0.0,0.0,
2015-09-01,80.5009994506836,80.59500122070312,78.61000061035156,79.07499694824219,1641480.0,0.0,0.0,
2015-09-02,79.5199966430664,79.66000366210938,78.19999694824219,78.31999969482422,1101870.0,0.0,0.0,
2015-09-03,78.80000305175781,79.63999938964844,78.4000015258789,79.38300323486328,505480.0,0.0,0.0,
2015-09-04,79.19999694824219,79.19999694824219,77.4800033569336,77.80799865722656,2073710.0,0.0,0.0,
2015-09-07,78.09500122070312,80.6989974975586,76.41200256347656,76.66899871826172,2026860.0,0.0,0.0,
2015-09-08,77.0,78.37000274658203,76.52799987792969,77.95099639892578,1779110.0,0.0,0.0,
2015-09-09,78.49800109863281,79.97000122070312,78.49800109863281,78.97699737548828,451840.0,0.0,0.0,
2015-09-10,78.5,79.37999725341797,77.81999969482422,79.01300048828125,1401070.0,0.0,0.0,
2015-09-11,79.0999984741211,79.6500015258789,78.63600158691406,78.97200012207031,547990.0,0.0,0.0,
2015-09-14,79.4000015258789,79.69999694824219,78.70099639892578,79.54399871826172,346810.0,0.0,0.0,
2015-09-15,79.5,79.66500091552734,78.94000244140625,79.14199829101562,223670.0,0.0,0.0,
2015-09-16,79.4000015258789,79.98999786376953,79.4000015258789,79.79499816894531,208170.0,0.0,0.0,
2015-09-18,80.0,81.29000091552734,80.0,80.53700256347656,509080.0,0.0,0.0,
2015-09-21,80.3499984741211,80.63600158691406,79.80500030517578,80.51300048828125,501560.0,0.0,0.0,
2015-09-22,80.88999938964844,80.91999816894531,78.66999816894531,78.69999694824219,618010.0,0.0,0.0,
2015-09-23,78.69999694824219,79.6500015258789,78.13999938964844,79.11399841308594,506600.0,0.0,0.0,
2015-09-24,78.9800033569336,81.5999984741211,78.90499877929688,80.12699890136719,842430.0,0.0,0.0,
2015-09-28,80.0999984741211,80.69999694824219,78.70999908447266,78.80599975585938,1362310.0,0.0,0.0,
2015-09-29,78.47000122070312,80.01799774169922,77.66600036621094,79.1510009765625,1371070.0,0.0,0.0,
2015-09-30,80.0,80.28500366210938,79.4749984741211,80.1989974975586,333690.0,0.0,0.0,
2015-10-01,80.39800262451172,80.79000091552734,80.0999984741211,80.29399871826172,529310.0,0.0,0.0,
2015-10-05,80.80000305175781,81.98999786376953,80.80000305175781,81.87300109863281,818180.0,0.0,0.0,
2015-10-06,82.0,82.37999725341797,81.75499725341797,82.18199920654297,659440.0,0.0,0.0,
2015-10-07,82.49800109863281,83.0,81.91100311279297,82.46800231933594,297680.0,0.0,0.0,
2015-10-08,82.40499877929688,82.45999908447266,81.81099700927734,82.05000305175781,372910.0,0.0,0.0,
2015-10-09,82.48899841308594,82.9990005493164,82.0999984741211,82.59100341796875,301570.0,0.0,0.0,
2015-10-12,82.80000305175781,83.0999984741211,82.0,82.14099884033203,265120.0,0.0,0.0,
2015-10-13,82.19999694824219,82.2750015258789,81.58200073242188,81.99299621582031,353980.0,0.0,0.0,
2015-10-14,81.99299621582031,82.0999984741211,81.70500183105469,81.8479995727539,299520.0,0.0,0.0,
2015-10-15,82.11199951171875,82.5999984741211,82.11199951171875,82.52400207519531,606240.0,0.0,0.0,
2015-10-16,82.5999984741211,83.19999694824219,82.20999908447266,83.14099884033203,190450.0,0.0,0.0,
2015-10-19,83.13999938964844,83.62699890136719,83.00499725341797,83.49400329589844,327690.0,0.0,0.0,
2015-10-20,82.0,83.71900177001953,82.0,83.3949966430664,216620.0,0.0,0.0,
2015-10-21,83.5,83.86000061035156,82.9010009765625,83.33799743652344,233970.0,0.0,0.0,
2015-10-23,83.7979965209961,84.19999694824219,83.56999969482422,83.74299621582031,349770.0,0.0,0.0,
2015-10-26,84.0,84.06400299072266,83.3499984741211,83.41999816894531,238380.0,0.0,0.0,
2015-10-27,83.41999816894531,83.41999816894531,83.0999984741211,83.16100311279297,126590.0,0.0,0.0,
2015-10-28,83.00499725341797,83.06500244140625,82.30999755859375,82.71099853515625,230230.0,0.0,0.0,
2015-10-29,82.63800048828125,82.72599792480469,82.22000122070312,82.33999633789062,229960.0,0.0,0.0,
2015-10-30,82.30000305175781,82.69000244140625,81.5999984741211,81.86100006103516,348730.0,0.0,0.0,
2015-11-02,81.86100006103516,81.9000015258789,81.0999984741211,81.65299987792969,349040.0,0.0,0.0,
2015-11-03,81.97000122070312,82.29900360107422,81.5,81.80899810791016,251690.0,0.0,0.0,
2015-11-04,82.0999984741211,82.29000091552734,81.4000015258789,81.57499694824219,505820.0,0.0,0.0,
2015-11-05,81.47699737548828,81.52999877929688,80.66999816894531,80.78700256347656,358290.0,0.0,0.0,
2015-11-06,81.0,81.18299865722656,80.31700134277344,80.54499816894531,615100.0,0.0,0.0,
2015-11-09,79.5,80.48999786376953,78.80000305175781,80.31199645996094,704940.0,0.0,0.0,
2015-11-10,79.98999786376953,80.05000305175781,79.0,79.08499908447266,655340.0,0.0,0.0,
2015-11-13,79.4000015258789,79.5,78.5,78.73300170898438,606720.0,0.0,0.0,
2015-11-16,78.57099914550781,79.55000305175781,78.37000274658203,79.22000122070312,369040.0,0.0,0.0,
2015-11-17,79.697998046875,79.697998046875,78.9000015258789,79.42900085449219,271680.0,0.0,0.0,
2015-11-18,78.60099792480469,79.48600006103516,78.4000015258789,78.4749984741211,281430.0,0.0,0.0,
2015-11-19,78.9000015258789,79.69999694824219,78.6500015258789,79.56900024414062,211150.0,0.0,0.0,
2015-11-20,79.5999984741211,80.20899963378906,79.20500183105469,79.5,162770.0,0.0,0.0,
2015-11-23,79.69999694824219,79.9000015258789,79.4000015258789,79.59600067138672,128510.0,0.0,0.0,
2015-11-24,79.55000305175781,79.80000305175781,78.96499633789062,79.11499786376953,871240.0,0.0,0.0,
2015-11-26,79.30000305175781,79.9000015258789,79.11000061035156,79.802001953125,231150.0,0.0,0.0,
2015-11-27,79.9000015258789,80.33999633789062,79.73500061035156,80.24099731445312,230810.0,0.0,0.0,
2015-11-30,80.19999694824219,80.5,80.0999984741211,80.33100128173828,240430.0,0.0,0.0,
2015-12-01,80.3499984741211,80.58999633789062,80.19999694824219,80.39299774169922,187760.0,0.0,0.0,
2015-12-02,80.55500030517578,80.697998046875,79.9000015258789,80.17400360107422,158230.0,0.0,0.0,
2015-12-03,79.99500274658203,80.04000091552734,79.3499984741211,79.48799896240234,215260.0,0.0,0.0,
2015-12-04,79.2020034790039,79.30000305175781,78.7300033569336,78.92500305175781,336080.0,0.0,0.0,
2015-12-07,79.19999694824219,79.19999694824219,78.5009994506836,78.75,359620.0,0.0,0.0,
2015-12-08,78.5,78.69000244140625,77.98999786376953,78.10299682617188,335960.0,0.0,0.0,
2015-12-09,78.0,78.68000030517578,77.12300109863281,77.6969985961914,916510.0,0.0,0.0,
2015-12-10,77.69999694824219,77.9800033569336,77.2770004272461,77.88600158691406,334180.0,0.0,0.0,
2015-12-11,78.0,78.0,76.70500183105469,77.08999633789062,369610.0,0.0,0.0,
2015-12-14,77.0,77.4469985961914,76.43499755859375,77.22799682617188,8560990.0,0.0,0.0,
2015-12-15,77.5,77.81500244140625,77.01499938964844,77.7509994506836,804730.0,0.0,0.0,
2015-12-16,79.0,79.0,77.697998046875,78.24400329589844,334710.0,0.0,0.0,
2015-12-17,78.56500244140625,79.37999725341797,78.21199798583984,79.28700256347656,414680.0,0.0,0.0,
2015-12-18,79.27999877929688,79.27999877929688,78.6050033569336,78.74700164794922,219440.0,0.0,0.0,
2015-12-21,78.9000015258789,79.2979965209961,78.5199966430664,79.19999694824219,298310.0,0.0,0.0,
2015-12-22,79.19999694824219,79.36499786376953,78.61499786376953,78.81500244140625,194910.0,0.0,0.0,
2015-12-23,79.0999984741211,79.53299713134766,79.0,79.37100219726562,226940.0,0.0,0.0,
2015-12-24,79.32499694824219,79.80000305175781,79.30000305175781,79.61499786376953,121630.0,0.0,0.0,
2015-12-28,79.69999694824219,80.11499786376953,79.5999984741211,79.99800109863281,460070.0,0.0,0.0,
2015-12-29,80.0999984741211,80.22000122070312,79.8499984741211,80.12999725341797,244090.0,0.0,0.0,
2015-12-30,80.0,80.22599792480469,79.7249984741211,79.79900360107422,315710.0,0.0,0.0,
2015-12-31,79.80000305175781,80.51499938964844,79.67900085449219,80.3010025024414,271270.0,0.0,0.0,
2016-01-01,80.19999694824219,80.75,80.0,80.50599670410156,273470.0,0.0,0.0,
2016-01-04,80.29499816894531,80.3499984741211,78.9000015258789,79.03099822998047,403970.0,0.0,0.0,
2016-01-05,79.38700103759766,79.3949966430664,78.79499816894531,78.98100280761719,347970.0,0.0,0.0,
2016-01-06,78.9800033569336,79.08799743652344,78.37000274658203,78.51599884033203,486200.0,0.0,0.0,
2016-01-07,78.20099639892578,78.30000305175781,76.7249984741211,76.89199829101562,1563600.0,0.0,0.0,
2016-01-08,77.0,77.43000030517578,76.9000015258789,77.06300354003906,844340.0,0.0,0.0,
2016-01-11,76.60199737548828,77.11000061035156,76.04399871826172,76.6719970703125,923720.0,0.0,0.0,
2016-01-12,77.0,77.0,76.0,76.197998046875,666260.0,0.0,0.0,
2016-01-13,76.43499755859375,76.89299774169922,75.25499725341797,76.62699890136719,524080.0,0.0,0.0,
2016-01-14,76.16999816894531,76.89199829101562,75.5999984741211,76.21700286865234,806330.0,0.0,0.0,
2016-01-15,76.4000015258789,76.41999816894531,75.37000274658203,75.50599670410156,361820.0,0.0,0.0,
2016-01-18,75.35099792480469,75.5999984741211,74.46099853515625,74.56500244140625,810760.0,0.0,0.0,
2016-01-19,74.9000015258789,75.4990005493164,74.61100006103516,75.21099853515625,444560.0,0.0,0.0,
2016-01-20,74.69999694824219,74.80000305175781,73.5,74.00199890136719,945080.0,0.0,0.0,
2016-01-21,74.44499969482422,74.77999877929688,73.5009994506836,73.79299926757812,807700.0,0.0,0.0,
2016-01-22,74.05500030517578,75.4000015258789,74.05500030517578,75.30599975585938,3596140.0,0.0,0.0,
2016-01-25,75.5989990234375,75.88500213623047,75.2249984741211,75.41899871826172,385820.0,0.0,0.0,
2016-01-27,75.5999984741211,75.69000244140625,75.10099792480469,75.26499938964844,268320.0,0.0,0.0,
2016-01-28,75.15299987792969,75.38999938964844,74.9000015258789,75.05400085449219,3083410.0,0.0,0.0,
2016-01-29,75.20099639892578,76.45999908447266,75.13200378417969,76.22899627685547,653820.0,0.0,0.0,
2016-02-01,76.4000015258789,76.69999694824219,76.30000305175781,76.41400146484375,386940.0,0.0,0.0,
2016-02-02,76.44999694824219,76.69999694824219,75.4000015258789,75.59600067138672,300550.0,0.0,0.0,
2016-02-03,75.2020034790039,75.2020034790039,74.23500061035156,74.3550033569336,3850340.0,0.0,0.0,
2016-02-04,74.81900024414062,75.5,74.44999694824219,74.75900268554688,518810.0,0.0,0.0,
2016-02-05,75.05000305175781,75.73999786376953,74.83499908447266,75.61599731445312,484180.0,0.0,0.0,
2016-02-08,75.5999984741211,75.83999633789062,74.3499984741211,74.68699645996094,481210.0,0.0,0.0,
2016-02-09,74.25,74.25,73.51000213623047,73.68399810791016,4192380.0,0.0,0.0,
2016-02-10,73.5,73.5,72.69000244140625,73.1729965209961,826130.0,0.0,0.0,
2016-02-11,73.02300262451172,73.05400085449219,70.55000305175781,70.83999633789062,1852580.0,0.0,0.0,
2016-02-12,71.30000305175781,72.0,69.67500305175781,70.77300262451172,1581340.0,0.0,0.0,
2016-02-15,71.13999938964844,72.58499908447266,71.13999938964844,72.3270034790039,755870.0,0.0,0.0,
2016-02-16,72.5999984741211,72.79000091552734,71.21499633789062,71.39700317382812,615180.0,0.0,0.0,
2016-02-17,72.0,74.80000305175781,70.5989990234375,71.8479995727539,894660.0,0.0,0.0,
2016-02-18,72.0,72.88999938964844,72.0,72.63999938964844,602870.0,0.0,0.0,
2016-02-19,72.5,73.05999755859375,72.29900360107422,72.81800079345703,373740.0,0.0,0.0,
2016-02-22,73.0,73.28500366210938,72.80000305175781,73.0979995727539,303970.0,0.0,0.0,
2016-02-23,73.0,73.00199890136719,71.76000213623047,71.91000366210938,615480.0,0.0,0.0,
2016-02-24,71.80000305175781,71.83999633789062,71.16000366210938,71.27300262451172,553630.0,0.0,0.0,
2016-02-25,72.0979995727539,72.0979995727539,70.61000061035156,70.73200225830078,579750.0,0.0,0.0,
2016-02-26,70.80000305175781,71.5,70.80000305175781,71.31500244140625,510180.0,0.0,0.0,
2016-02-29,71.4000015258789,71.86900329589844,69.45999908447266,70.83799743652344,1303950.0,0.0,0.0,
2016-03-01,71.03500366210938,73.04900360107422,71.03500366210938,72.9010009765625,879850.0,0.0,0.0,
2016-03-02,73.0,74.77999877929688,73.0,74.6449966430664,1234400.0,0.0,0.0,
2016-03-03,74.89800262451172,75.55500030517578,74.75,75.4260025024414,818760.0,0.0,0.0,
2016-03-04,75.4260025024414,76.1050033569336,75.16999816894531,75.81400299072266,472840.0,0.0,0.0,
2016-03-08,75.80000305175781,76.0999984741211,75.43000030517578,75.72100067138672,393720.0,0.0,0.0,
2016-03-09,75.5,76.23400115966797,75.30000305175781,76.0999984741211,466470.0,0.0,0.0,
2016-03-10,75.9000015258789,76.30000305175781,75.22000122070312,75.6729965209961,361230.0,0.0,0.0,
2016-03-11,75.79000091552734,76.19999694824219,75.52100372314453,75.89399719238281,315160.0,0.0,0.0,
2016-03-14,76.08999633789062,76.69999694824219,76.08999633789062,76.51899719238281,548650.0,0.0,0.0,
2016-03-15,76.71199798583984,76.71199798583984,75.69000244140625,75.7229995727539,324140.0,0.0,0.0,
2016-03-16,75.7229995727539,76.24500274658203,75.21499633789062,76.10199737548828,212020.0,0.0,0.0,
2016-03-17,76.46800231933594,76.83300018310547,75.8010025024414,76.16000366210938,393390.0,0.0,0.0,
2016-03-18,76.1050033569336,77.04000091552734,76.1050033569336,76.97699737548828,531980.0,0.0,0.0,
2016-03-21,76.0999984741211,78.18000030517578,76.0999984741211,78.01000213623047,649430.0,0.0,0.0,
2016-03-22,78.0,79.19999694824219,77.69999694824219,78.56199645996094,675690.0,0.0,0.0,
2016-03-23,78.5199966430664,78.56999969482422,77.8499984741211,78.4739990234375,796540.0,0.0,0.0,
2016-03-28,78.4000015258789,78.98899841308594,77.41600036621094,77.98200225830078,12988370.0,0.0,0.0,
2016-03-29,77.9000015258789,77.9000015258789,77.0999984741211,77.30899810791016,3892980.0,0.0,0.0,
2016-03-30,77.30999755859375,78.63999938964844,77.0999984741211,78.53800201416016,391220.0,0.0,0.0,
2016-03-31,78.5,80.0,78.43900299072266,79.12699890136719,5557940.0,0.0,0.0,
2016-04-01,79.0,79.0,77.95999908447266,78.1510009765625,972180.0,0.0,0.0,
2016-04-04,78.1500015258789,78.69999694824219,78.1500015258789,78.62300109863281,425470.0,0.0,0.0,
2016-04-05,78.41999816894531,78.47000122070312,77.11000061035156,77.25399780273438,516120.0,0.0,0.0,
2016-04-06,77.5,77.5,77.0,77.28600311279297,196900.0,0.0,0.0,
2016-04-07,77.4000015258789,77.4000015258789,76.3949966430664,76.48699951171875,615520.0,0.0,0.0,
2016-04-08,76.0,76.91999816894531,76.0,76.75700378417969,155520.0,0.0,0.0,
2016-04-11,76.9000015258789,77.9800033569336,76.5,77.84100341796875,556900.0,0.0,0.0,
2016-04-12,77.0,78.19000244140625,77.0,78.08699798583984,283000.0,0.0,0.0,
2016-04-13,78.2979965209961,79.45999908447266,78.2979965209961,79.33000183105469,1097490.0,0.0,0.0,
2016-04-18,79.51300048828125,80.0989990234375,79.3550033569336,80.03700256347656,498570.0,0.0,0.0,
2016-04-20,80.19999694824219,80.4000015258789,79.70999908447266,80.11499786376953,516610.0,0.0,0.0,
2016-04-21,80.31999969482422,80.6240005493164,79.80000305175781,80.04299926757812,222680.0,0.0,0.0,
2016-04-22,79.91999816894531,80.16699981689453,79.62999725341797,79.91400146484375,262320.0,0.0,0.0,
2016-04-25,79.9000015258789,79.98999786376953,79.20099639892578,79.49400329589844,198950.0,0.0,0.0,
2016-04-26,79.29000091552734,80.74500274658203,79.19999694824219,80.63099670410156,307420.0,0.0,0.0,
2016-04-27,80.5,80.83000183105469,80.30999755859375,80.69000244140625,995700.0,0.0,0.0,
2016-04-28,80.5999984741211,80.81999969482422,79.30000305175781,79.46600341796875,584780.0,0.0,0.0,
2016-04-29,79.31999969482422,79.95500183105469,78.91000366210938,79.51699829101562,588310.0,0.0,0.0,
2016-05-02,79.30000305175781,79.30000305175781,78.73500061035156,79.1240005493164,332590.0,0.0,0.0,
2016-05-03,79.697998046875,80.0,78.53299713134766,78.65499877929688,433920.0,0.0,0.0,
2016-05-04,78.4010009765625,78.69999694824219,78.0999984741211,78.16999816894531,389520.0,0.0,0.0,
2016-05-05,78.28900146484375,78.9749984741211,78.19999694824219,78.73100280761719,207550.0,0.0,0.0,
2016-05-06,78.27899932861328,79.5,78.0,78.55400085449219,326550.0,0.0,0.0,
2016-05-09,78.87000274658203,79.7699966430664,78.44999694824219,79.6729965209961,326020.0,0.0,0.0,
2016-05-10,79.56999969482422,80.0250015258789,79.375,79.83200073242188,381200.0,0.0,0.0,
2016-05-11,79.58899688720703,79.80000305175781,78.85399627685547,79.35900115966797,464470.0,0.0,0.0,
2016-05-12,79.4000015258789,80.09500122070312,79.3499984741211,79.90799713134766,497230.0,0.0,0.0,
2016-05-13,79.69999694824219,79.69999694824219,78.7750015258789,79.02300262451172,283500.0,0.0,0.0,
2016-05-16,79.0999984741211,79.9000015258789,78.66899871826172,79.80400085449219,229600.0,0.0,0.0,
2016-05-17,79.9000015258789,80.30999755859375,79.73999786376953,79.84500122070312,249670.0,0.0,0.0,
2016-05-18,79.53800201416016,79.76899719238281,79.0999984741211,79.58599853515625,154520.0,0.0,0.0,
2016-05-19,79.5,79.5999984741211,78.6500015258789,78.81900024414062,169850.0,0.0,0.0,
2016-05-20,78.80000305175781,79.197998046875,78.5,78.70899963378906,150700.0,0.0,0.0,
2016-05-23,78.92900085449219,78.98999786376953,78.37699890136719,78.45600128173828,213630.0,0.0,0.0,
2016-05-24,78.4000015258789,78.55000305175781,78.16899871826172,78.41300201416016,195700.0,0.0,0.0,
2016-05-25,78.88800048828125,80.37999725341797,78.78700256347656,80.23500061035156,441470.0,0.0,0.0,
2016-05-26,80.32599639892578,81.79000091552734,80.29000091552734,81.51499938964844,744400.0,0.0,0.0,
2016-05-27,81.69999694824219,82.5,81.52799987792969,82.43399810791016,894790.0,0.0,0.0,
2016-05-30,82.55000305175781,82.97000122070312,82.44999694824219,82.75800323486328,718710.0,0.0,0.0,
2016-05-31,83.0,83.0999984741211,82.41500091552734,82.66799926757812,638990.0,0.0,0.0,
2016-06-01,82.69999694824219,83.17500305175781,82.5999984741211,82.88500213623047,321500.0,0.0,0.0,
2016-06-02,82.51000213623047,83.73999786376953,82.5,83.4990005493164,283610.0,0.0,0.0,
2016-06-03,83.6050033569336,83.69000244140625,83.08100128173828,83.22699737548828,213120.0,0.0,0.0,
2016-06-06,83.24500274658203,83.48899841308594,83.01899719238281,83.10199737548828,187490.0,0.0,0.0,
2016-06-07,83.2770004272461,84.1449966430664,83.23999786376953,83.80400085449219,341520.0,0.0,0.0,
2016-06-08,83.8489990234375,84.19999694824219,83.30000305175781,84.0530014038086,652580.0,0.0,0.0,
2016-06-09,84.02999877929688,84.02999877929688,83.20500183105469,83.37999725341797,185020.0,0.0,0.0,
2016-06-10,83.0,83.98799896240234,83.0,83.12300109863281,193910.0,0.0,0.0,
2016-06-13,82.80000305175781,82.80000305175781,82.20500183105469,82.60199737548828,222540.0,0.0,0.0,
2016-06-14,82.80000305175781,82.81999969482422,82.19999694824219,82.6719970703125,205170.0,0.0,0.0,
2016-06-15,82.5999984741211,83.33499908447266,82.53500366210938,83.19200134277344,200490.0,0.0,0.0,
2016-06-16,82.94000244140625,83.04100036621094,82.2300033569336,82.91899871826172,313720.0,0.0,0.0,
2016-06-17,83.0,83.39900207519531,82.6500015258789,82.90699768066406,289890.0,0.0,0.0,
2016-06-20,82.69999694824219,83.7249984741211,82.30000305175781,83.63099670410156,267290.0,0.0,0.0,
2016-06-21,83.21499633789062,83.62000274658203,83.19999694824219,83.35800170898438,113670.0,0.0,0.0,
2016-06-22,83.23999786376953,83.5999984741211,82.9000015258789,83.26200103759766,135240.0,0.0,0.0,
2016-06-23,83.23999786376953,84.15499877929688,83.0999984741211,83.95600128173828,197580.0,0.0,0.0,
2016-06-24,82.51000213623047,83.5,80.94999694824219,82.48799896240234,2935690.0,0.0,0.0,
2016-06-27,82.19999694824219,82.5999984741211,82.0,82.4489974975586,241210.0,0.0,0.0,
2016-06-28,82.7979965209961,82.7979965209961,82.24500274658203,82.46700286865234,407790.0,0.0,0.0,
2016-06-29,82.5,83.4000015258789,82.0,83.26699829101562,614230.0,0.0,0.0,
2016-06-30,83.5979995727539,84.44999694824219,83.5979995727539,84.28800201416016,895470.0,0.0,0.0,
2016-07-01,84.5,84.87799835205078,84.30000305175781,84.52799987792969,457950.0,0.0,0.0,
2016-07-04,84.74299621582031,85.29000091552734,84.74299621582031,85.08899688720703,494590.0,0.0,0.0,
2016-07-05,85.0999984741211,85.0999984741211,84.5,84.64600372314453,528720.0,0.0,0.0,
2016-07-07,84.9990005493164,85.04100036621094,84.41899871826172,84.71099853515625,310450.0,0.0,0.0,
2016-07-08,84.8499984741211,84.8499984741211,84.3499984741211,84.54399871826172,243560.0,0.0,0.0,
2016-07-11,85.5,86.19999694824219,85.30000305175781,86.01899719238281,841190.0,0.0,0.0,
2016-07-12,86.5,86.5999984741211,86.01899719238281,86.53199768066406,301680.0,0.0,0.0,
2016-07-13,86.48999786376953,86.69999694824219,86.01499938964844,86.5479965209961,1127810.0,0.0,0.0,
2016-07-14,87.0,87.0510025024414,86.4000015258789,86.94400024414062,634590.0,0.0,0.0,
2016-07-15,87.5,87.5,86.69999694824219,86.80400085449219,330870.0,0.0,0.0,
2016-07-18,87.0,87.3499984741211,86.4000015258789,86.50399780273438,315010.0,0.0,0.0,
2016-07-19,87.0,87.0,86.1510009765625,86.67500305175781,839970.0,0.0,0.0,
2016-07-20,86.69999694824219,87.23500061035156,86.6449966430664,87.14900207519531,2169790.0,0.0,0.0,
2016-07-21,87.26000213623047,87.26000213623047,86.5009994506836,86.57599639892578,696150.0,0.0,0.0,
2016-07-22,86.5250015258789,87.28800201416016,86.37000274658203,86.9219970703125,291250.0,0.0,0.0,
2016-07-25,86.9000015258789,88.06500244140625,86.69999694824219,87.95600128173828,568140.0,0.0,0.0,
2016-07-26,87.95600128173828,88.0989990234375,87.33499908447266,87.58599853515625,648500.0,0.0,0.0,
2016-07-27,87.5999984741211,88.26000213623047,87.30000305175781,87.69599914550781,294650.0,0.0,0.0,
2016-07-28,87.69999694824219,88.2300033569336,87.5999984741211,88.11799621582031,242860.0,0.0,0.0,
2016-07-29,88.19999694824219,88.27999877929688,87.91000366210938,88.11100006103516,204320.0,0.0,0.0,
2016-08-01,88.10299682617188,88.6500015258789,87.61000061035156,87.96900177001953,341930.0,0.0,0.0,
2016-08-02,88.0,88.4000015258789,87.5999984741211,87.9530029296875,328660.0,0.0,0.0,
2016-08-03,86.19000244140625,87.98999786376953,84.43000030517578,87.05599975585938,214210.0,0.0,0.0,
2016-08-04,87.23600006103516,87.5999984741211,86.70999908447266,87.21600341796875,320120.0,0.0,0.0,
2016-08-05,87.54499816894531,88.5,87.54499816894531,88.38700103759766,302550.0,0.0,0.0,
2016-08-08,88.58000183105469,88.81999969482422,88.5199966430664,88.66699981689453,283120.0,0.0,0.0,
2016-08-09,88.5999984741211,88.68499755859375,88.01000213623047,88.33599853515625,513790.0,0.0,0.0,
2016-08-10,88.4000015258789,88.41999816894531,87.5,87.60800170898438,154040.0,0.0,0.0,
2016-08-11,87.0,87.69999694824219,87.0,87.47100067138672,130600.0,0.0,0.0,
2016-08-12,87.5,88.29900360107422,87.5,88.06400299072266,314290.0,0.0,0.0,
2016-08-16,88.0999984741211,88.38899993896484,87.5999984741211,88.03199768066406,373940.0,0.0,0.0,
2016-08-17,88.0,88.2750015258789,87.61000061035156,87.71800231933594,176810.0,0.0,0.0,
2016-08-18,89.0,89.0,87.93499755859375,88.25800323486328,237920.0,0.0,0.0,
2016-08-19,88.5,88.5199966430664,88.01499938964844,88.26499938964844,167890.0,0.0,0.0,
2016-08-22,88.30000305175781,88.49500274658203,87.70500183105469,87.81300354003906,158030.0,0.0,0.0,
2016-08-23,87.83999633789062,88.08000183105469,87.4800033569336,87.86399841308594,112970.0,0.0,0.0,
2016-08-24,87.87999725341797,88.21499633789062,87.76499938964844,88.0739974975586,90870.0,0.0,0.0,
2016-08-25,88.19999694824219,89.0999984741211,87.66000366210938,87.74700164794922,172780.0,0.0,0.0,
2016-08-26,87.76000213623047,88.0,87.25,87.37200164794922,153420.0,0.0,0.0,
2016-08-29,87.5199966430664,87.80000305175781,87.11000061035156,87.63999938964844,198110.0,0.0,0.0,
2016-08-30,87.81999969482422,89.11000061035156,87.81999969482422,88.96900177001953,377630.0,0.0,0.0,
2016-08-31,88.9800033569336,89.75,88.90799713134766,89.61699676513672,323370.0,0.0,0.0,
2016-09-01,89.75,89.75,89.18499755859375,89.43399810791016,448420.0,0.0,0.0,
2016-09-02,89.41000366210938,89.69999694824219,89.1500015258789,89.61900329589844,318620.0,0.0,0.0,
2016-09-06,89.75,91.0999984741211,89.5999984741211,90.9800033569336,704070.0,0.0,0.0,
2016-09-07,90.98500061035156,91.29000091552734,90.74500274658205,90.88999938964844,400080.0,0.0,0.0,
2016-09-08,90.8000030517578,91.5,90.6999969482422,91.27899932861328,353360.0,0.0,0.0,
2016-09-09,91.00599670410156,91.00599670410156,90.33499908447266,90.5770034790039,563020.0,0.0,0.0,
2016-09-12,90.0,90.5,88.98500061035156,89.10900115966797,336000.0,0.0,0.0,
2016-09-14,89.08999633789062,89.41999816894531,88.80000305175781,89.21600341796875,266580.0,0.0,0.0,
2016-09-15,89.19999694824219,89.2300033569336,88.9000015258789,89.12799835205078,130730.0,0.0,0.0,
2016-09-16,89.27999877929688,90.3000030517578,89.27999877929688,89.48400115966797,366850.0,0.0,0.0,
2016-09-19,89.5,89.9000015258789,89.41500091552734,89.75800323486328,167140.0,0.0,0.0,
2016-09-20,89.69999694824219,89.73799896240234,89.30000305175781,89.68000030517578,144180.0,0.0,0.0,
2016-09-21,89.5999984741211,90.0989990234375,89.4469985961914,89.57099914550781,454530.0,0.0,0.0,
2016-09-22,91.0,91.0,90.11000061035156,90.36100006103516,313050.0,0.0,0.0,
2016-09-23,90.4000015258789,90.5,89.9800033569336,90.03399658203125,179770.0,0.0,0.0,
2016-09-26,89.71800231933594,89.9000015258789,89.07499694824219,89.22100067138672,181750.0,0.0,0.0,
2016-09-27,89.19999694824219,89.5,88.70999908447266,88.85600280761719,194520.0,0.0,0.0,
2016-09-28,89.1050033569336,89.5,88.80000305175781,89.26100158691406,150190.0,0.0,0.0,
2016-09-29,89.6500015258789,91.0,87.5999984741211,88.05799865722656,410390.0,0.0,0.0,
2016-09-30,88.0,88.11399841308594,87.5,87.85800170898438,495340.0,0.0,0.0,
2016-10-03,88.0989990234375,89.2979965209961,88.0989990234375,89.1760025024414,260000.0,0.0,0.0,
2016-10-04,89.31999969482422,89.5,89.01599884033203,89.29299926757812,272370.0,0.0,0.0,
2016-10-05,89.5,89.61100006103516,88.71900177001953,89.08699798583984,712990.0,0.0,0.0,
2016-10-06,89.29000091552734,89.44999694824219,88.51499938964844,88.68099975585938,549590.0,0.0,0.0,
2016-10-07,89.0,89.0,88.4000015258789,88.58499908447266,120100.0,0.0,0.0,
2016-10-10,88.89900207519531,89.19999694824219,88.75,88.95700073242188,99130.0,0.0,0.0,
2016-10-13,88.58399963378906,88.69999694824219,87.15899658203125,87.41200256347656,391320.0,0.0,0.0,
2016-10-14,87.5,87.97000122070312,87.3499984741211,87.72899627685547,145890.0,0.0,0.0,
2016-10-17,87.80000305175781,87.80000305175781,86.80000305175781,86.91300201416016,365590.0,0.0,0.0,
2016-10-18,87.26899719238281,88.38899993896484,87.20999908447266,88.19300079345703,783940.0,0.0,0.0,
2016-10-19,88.30000305175781,88.4800033569336,88.0,88.21399688720703,416540.0,0.0,0.0,
2016-10-20,88.4000015258789,88.83999633789062,88.29499816894531,88.66899871826172,179440.0,0.0,0.0,
2016-10-21,89.9000015258789,91.87000274658205,88.19999694824219,88.61299896240234,98300.0,0.0,0.0,
2016-10-24,88.69999694824219,89.04499816894531,88.50399780273438,88.77300262451172,119290.0,0.0,0.0,
2016-10-25,88.7969970703125,88.80999755859375,88.31800079345703,88.7030029296875,107610.0,0.0,0.0,
2016-10-26,88.44999694824219,88.44999694824219,87.85099792480469,87.927001953125,170810.0,0.0,0.0,
2016-10-27,87.8499984741211,88.19999694824219,87.55999755859375,88.0790023803711,214450.0,0.0,0.0,
2016-10-28,88.5,88.5,87.5999984741211,88.17900085449219,351450.0,0.0,0.0,
2016-11-01,88.0999984741211,88.5979995727539,88.0,88.18399810791016,141080.0,0.0,0.0,
2016-11-02,87.5790023803711,87.5790023803711,87.0999984741211,87.25499725341797,178570.0,0.0,0.0,
2016-11-03,87.16300201416016,87.4800033569336,86.9020004272461,87.06900024414062,106400.0,0.0,0.0,
2016-11-04,87.0999984741211,87.11000061035156,86.07499694824219,86.3489990234375,346960.0,0.0,0.0,
2016-11-07,86.88999938964844,87.9000015258789,86.88999938964844,87.24700164794922,284470.0,0.0,0.0,
2016-11-08,87.30000305175781,88.82499694824219,86.875,88.16400146484375,220740.0,0.0,0.0,
2016-11-09,85.375,87.48799896240234,82.61599731445312,86.24199676513672,6554460.0,0.0,0.0,
2016-11-10,90.05000305175781,94.98999786376952,86.9749984741211,87.53199768066406,3303150.0,0.0,0.0,
2016-11-11,86.70099639892578,86.70099639892578,84.9010009765625,85.01399993896484,1668100.0,0.0,0.0,
2016-11-15,84.9000015258789,85.19999694824219,82.94999694824219,83.08799743652344,3736520.0,0.0,0.0,
2016-11-16,83.41999816894531,83.95700073242188,82.71099853515625,82.95500183105469,612440.0,0.0,0.0,
2016-11-17,82.9000015258789,83.43000030517578,82.61000061035156,82.98200225830078,292830.0,0.0,0.0,
2016-11-18,82.9739990234375,83.09700012207031,82.43499755859375,82.68099975585938,308800.0,0.0,0.0,
2016-11-21,82.80000305175781,83.0999984741211,81.10099792480469,81.30899810791016,851960.0,0.0,0.0,
2016-11-22,81.69000244140625,82.19000244140625,81.31500244140625,82.00199890136719,493840.0,0.0,0.0,
2016-11-23,82.29000091552734,82.52899932861328,81.64099884033203,82.25299835205078,297580.0,0.0,0.0,
2016-11-24,81.80999755859375,82.0790023803711,81.45999908447266,81.76399993896484,415590.0,0.0,0.0,
2016-11-25,82.0,82.97000122070312,81.69999694824219,82.8479995727539,243590.0,0.0,0.0,
2016-11-28,82.30899810791016,83.375,82.26300048828125,83.24500274658203,239180.0,0.0,0.0,
2016-11-29,67.0,83.8949966430664,66.28099822998047,83.39600372314453,405450.0,0.0,0.0,
2016-11-30,83.5979995727539,84.0,83.30000305175781,83.91799926757812,2463230.0,0.0,0.0,
2016-12-01,84.0,84.08999633789062,83.41999816894531,83.52899932861328,247180.0,0.0,0.0,
2016-12-02,83.12699890136719,83.29900360107422,82.4000015258789,82.62300109863281,276940.0,0.0,0.0,
2016-12-05,83.48999786376953,83.48999786376953,82.26000213623047,83.18199920654297,255230.0,0.0,0.0,
2016-12-06,83.0999984741211,83.55000305175781,83.0999984741211,83.25399780273438,155320.0,0.0,0.0,
2016-12-07,83.5,83.5999984741211,82.55999755859375,82.7979965209961,203240.0,0.0,0.0,
2016-12-08,83.30500030517578,84.0999984741211,83.2979965209961,84.0009994506836,2453410.0,0.0,0.0,
2016-12-09,84.30000305175781,84.3499984741211,83.98100280761719,84.18499755859375,267620.0,0.0,0.0,
2016-12-12,84.08699798583984,84.08699798583984,83.19999694824219,83.3489990234375,150340.0,0.0,0.0,
2016-12-13,84.19999694824219,84.19999694824219,83.21099853515625,83.8740005493164,84310.0,0.0,0.0,
2016-12-14,83.90799713134766,83.90799713134766,83.20999908447266,83.43299865722656,249090.0,0.0,0.0,
2016-12-15,83.20999908447266,83.9000015258789,82.9000015258789,83.26499938964844,2621730.0,0.0,0.0,
2016-12-16,83.2300033569336,83.30000305175781,82.94000244140625,83.04000091552734,168400.0,0.0,0.0,
2016-12-19,83.0,83.08899688720703,82.77999877929688,82.89099884033203,126700.0,0.0,0.0,
2016-12-20,82.9000015258789,83.00499725341797,82.41100311279297,82.62000274658203,174130.0,0.0,0.0,
2016-12-21,82.6969985961914,82.9000015258789,82.41000366210938,82.5270004272461,145530.0,0.0,0.0,
2016-12-22,82.5,82.5,81.43099975585938,81.58999633789062,415980.0,0.0,0.0,
2016-12-23,81.70099639892578,82.01899719238281,81.2249984741211,81.64600372314453,177350.0,0.0,0.0,
2016-12-26,81.41799926757812,81.54000091552734,80.65499877929688,80.78199768066406,513790.0,0.0,0.0,
2016-12-27,80.75,82.02100372314453,80.71099853515625,81.86399841308594,495670.0,0.0,0.0,
2016-12-28,81.92400360107422,82.4749984741211,81.80000305175781,81.85700225830078,223740.0,0.0,0.0,
2016-12-29,81.9000015258789,82.68900299072266,81.81999969482422,82.58100128173828,246990.0,0.0,0.0,
2016-12-30,82.51399993896484,83.58499908447266,82.51399993896484,83.48899841308594,370010.0,0.0,0.0,
2017-01-02,84.0,84.0,83.04000091552734,83.51100158691406,201710.0,0.0,0.0,
2017-01-03,83.5999984741211,83.88999938964844,83.19999694824219,83.61199951171875,205840.0,0.0,0.0,
2017-01-04,83.69999694824219,83.86000061035156,83.33300018310547,83.58000183105469,334850.0,0.0,0.0,
2017-01-05,84.0999984741211,84.49500274658203,83.81199645996094,84.38999938964844,429990.0,0.0,0.0,
2017-01-06,86.19999694824219,86.19999694824219,84.11100006103516,84.23200225830078,348390.0,0.0,0.0,
2017-01-09,84.19999694824219,84.35299682617188,84.01499938964844,84.12899780273438,229130.0,0.0,0.0,
2017-01-10,84.38800048828125,84.55000305175781,84.28800201416016,84.4469985961914,277330.0,0.0,0.0,
2017-01-11,84.5,85.47000122070312,84.5,85.43000030517578,414290.0,0.0,0.0,
2017-01-12,85.5,85.69999694824219,85.4010009765625,85.66500091552734,515700.0,0.0,0.0,
2017-01-13,85.89800262451172,85.95800018310547,85.36900329589844,85.60099792480469,321180.0,0.0,0.0,
2017-01-16,85.5,85.88400268554688,85.3499984741211,85.76699829101562,304520.0,0.0,0.0,
2017-01-17,86.19999694824219,86.19999694824219,85.4000015258789,85.55999755859375,223530.0,0.0,0.0,
2017-01-18,85.69999694824219,86.1500015258789,85.55999755859375,85.74800109863281,238900.0,0.0,0.0,
2017-01-19,86.0,86.05000305175781,85.5999984741211,85.95099639892578,159350.0,0.0,0.0,
2017-01-20,86.0999984741211,86.0999984741211,85.01000213623047,85.10299682617188,204970.0,0.0,0.0,
2017-01-23,85.05000305175781,85.69000244140625,84.94499969482422,85.45700073242188,411750.0,0.0,0.0,
2017-01-24,85.6500015258789,86.31999969482422,85.6500015258789,86.28199768066406,663630.0,0.0,0.0,
2017-01-25,86.4000015258789,87.5999984741211,86.4000015258789,87.45899963378906,880830.0,0.0,0.0,
2017-01-27,87.33699798583984,88.35900115966797,87.33699798583984,87.98799896240234,489820.0,0.0,0.0,
2017-01-30,83.0,88.16999816894531,83.0,87.94000244140625,318520.0,0.0,0.0,
2017-01-31,88.0,88.0,87.1500015258789,87.22799682617188,277660.0,0.0,0.0,
2017-02-01,87.5,88.87000274658203,87.04000091552734,88.72799682617188,564670.0,0.0,0.0,
2017-02-02,88.69999694824219,89.16000366210938,88.41100311279297,88.89600372314453,417990.0,0.0,0.0,
2017-02-03,88.8949966430664,89.13999938964844,88.71199798583984,88.99299621582031,260340.0,0.0,0.0,
2017-02-06,89.5,89.79000091552734,89.15499877929688,89.65899658203125,269650.0,0.0,0.0,
2017-02-07,89.9000015258789,89.9000015258789,89.13099670410156,89.37200164794922,239020.0,0.0,0.0,
2017-02-08,89.36100006103516,89.63600158691406,88.90499877929688,89.43599700927734,192350.0,0.0,0.0,
2017-02-09,89.50399780273438,89.9000015258789,88.90499877929688,89.45600128173828,185900.0,0.0,0.0,
2017-02-10,89.94999694824219,89.94999694824219,89.43499755859375,89.58899688720703,133680.0,0.0,0.0,
2017-02-13,90.0,90.0,89.19999694824219,89.69999694824219,138570.0,0.0,0.0,
2017-02-14,90.0,90.0,89.43299865722656,89.75499725341797,100770.0,0.0,0.0,
2017-02-15,90.0,90.0,88.7020034790039,89.04100036621094,202480.0,0.0,0.0,
2017-02-16,89.30000305175781,89.5989990234375,88.89800262451172,89.51200103759766,87650.0,0.0,0.0,
2017-02-17,89.80000305175781,90.4000015258789,89.76100158691406,89.94999694824219,550480.0,0.0,0.0,
2017-02-20,90.0,90.54499816894533,89.61100006103516,90.4990005493164,220180.0,0.0,0.0,
2017-02-21,90.5999984741211,90.875,90.3499984741211,90.71600341796876,390700.0,0.0,0.0,
2017-02-22,90.9000015258789,91.2770004272461,90.56500244140624,90.95600128173828,286180.0,0.0,0.0,
2017-02-23,91.0,91.45500183105467,90.9000015258789,91.13099670410156,482000.0,0.0,0.0,
2017-02-27,91.1999969482422,91.2750015258789,90.63200378417967,90.7490005493164,290320.0,0.0,0.0,
2017-02-28,91.0,91.0,90.5,90.66500091552734,129720.0,0.0,0.0,
2017-03-01,90.7300033569336,91.66999816894533,90.7300033569336,91.59600067138672,5639490.0,0.0,0.0,
2017-03-02,92.0,92.0,90.9000015258789,91.0719985961914,5980200.0,0.0,0.0,
2017-03-03,90.7020034790039,91.10900115966795,90.5999984741211,91.04399871826172,180500.0,0.0,0.0,
2017-03-06,91.11299896240234,91.62999725341795,91.0,91.55599975585938,141820.0,0.0,0.0,
2017-03-07,91.5,91.5,91.26499938964844,91.30999755859376,165120.0,0.0,0.0,
2017-03-08,91.4000015258789,91.5,90.79499816894533,91.0790023803711,386090.0,0.0,0.0,
2017-03-09,90.93399810791016,91.5500030517578,90.8000030517578,91.49500274658205,6481490.0,0.0,0.0,
2017-03-10,91.4000015258789,91.71299743652344,91.12000274658205,91.4499969482422,158890.0,0.0,0.0,
2017-03-14,92.0260009765625,93.3000030517578,92.0260009765625,92.73699951171876,567080.0,0.0,0.0,
2017-03-15,92.81099700927734,93.08000183105467,92.59600067138672,92.697998046875,442930.0,0.0,0.0,
2017-03-16,92.72000122070312,93.5250015258789,92.72000122070312,93.46399688720705,2065820.0,0.0,0.0,
2017-03-17,93.4000015258789,93.6999969482422,93.1999969482422,93.43499755859376,4384370.0,0.0,0.0,
2017-03-20,93.43000030517578,93.46299743652344,93.11100006103516,93.26100158691406,861210.0,0.0,0.0,
2017-03-21,93.21299743652344,93.4000015258789,92.98500061035156,93.30500030517578,247380.0,0.0,0.0,
2017-03-22,92.71099853515624,92.8550033569336,92.21499633789062,92.2750015258789,453540.0,0.0,0.0,
2017-03-23,92.4000015258789,93.12000274658205,92.36000061035156,93.0009994506836,1241340.0,0.0,0.0,
2017-03-24,93.0530014038086,93.39900207519533,92.6999969482422,93.31300354003906,578020.0,0.0,0.0,
2017-03-27,98.125,98.125,92.39900207519533,92.5999984741211,647350.0,0.0,0.0,
2017-03-28,92.79900360107422,93.1999969482422,92.6999969482422,92.98400115966795,88670.0,0.0,0.0,
2017-03-29,92.9990005493164,93.48999786376952,92.9990005493164,93.23600006103516,215470.0,0.0,0.0,
2017-03-30,93.24299621582033,93.9499969482422,93.23600006103516,93.75700378417967,804250.0,0.0,0.0,
2017-03-31,93.65899658203124,93.9000015258789,93.4000015258789,93.8270034790039,229110.0,0.0,0.0,
2017-04-03,94.0999984741211,94.58999633789062,93.8000030517578,94.41200256347656,220110.0,0.0,0.0,
2017-04-05,95.0,95.0,94.2699966430664,94.53299713134766,296360.0,0.0,0.0,
2017-04-06,94.5999984741211,94.5999984741211,94.1510009765625,94.54100036621094,166850.0,0.0,0.0,
2017-04-07,94.5999984741211,94.5999984741211,93.9000015258789,93.96499633789062,343740.0,0.0,0.0,
2017-04-10,94.01000213623048,94.29000091552734,93.87000274658205,93.91899871826172,243780.0,0.0,0.0,
2017-04-11,94.0,94.44000244140624,93.71499633789062,94.34400177001952,274330.0,0.0,0.0,
2017-04-12,94.3000030517578,94.43000030517578,93.66699981689452,94.03700256347656,135530.0,0.0,0.0,
2017-04-13,94.1999969482422,94.1999969482422,93.4000015258789,93.50599670410156,174520.0,0.0,0.0,
2017-04-17,93.51000213623048,93.58499908447266,93.1999969482422,93.4540023803711,165030.0,0.0,0.0,
2017-04-18,93.47899627685548,94.1500015258789,92.88500213623048,92.95800018310548,174910.0,0.0,0.0,
2017-04-19,93.0,93.1999969482422,92.70099639892578,93.072998046875,128860.0,0.0,0.0,
2017-04-20,93.0999984741211,93.43499755859376,92.94000244140624,93.35900115966795,65120.0,0.0,0.0,
2017-04-21,93.5,93.6999969482422,92.8499984741211,93.11199951171876,180990.0,0.0,0.0,
2017-04-24,93.5,94.2770004272461,93.0019989013672,94.14800262451172,279460.0,0.0,0.0,
2017-04-25,94.5,94.98999786376952,94.27200317382812,94.9219970703125,441830.0,0.0,0.0,
2017-04-26,95.5,95.5999984741211,94.91000366210938,95.40799713134766,709980.0,0.0,0.0,
2017-04-27,96.0,96.0,95.1999969482422,95.3489990234375,487100.0,0.0,0.0,
2017-04-28,95.5,95.5,94.80500030517578,94.98799896240234,267690.0,0.0,0.0,
2017-05-02,95.0999984741211,95.4800033569336,94.69100189208984,95.03299713134766,209860.0,0.0,0.0,
2017-05-03,95.1999969482422,95.69000244140624,94.93000030517578,95.04399871826172,237150.0,0.0,0.0,
2017-05-04,95.3000030517578,95.65499877929688,95.1510009765625,95.56400299072266,152080.0,0.0,0.0,
2017-05-05,95.6999969482422,95.6999969482422,94.75,94.9020004272461,161650.0,0.0,0.0,
2017-05-08,95.5,95.5,94.95800018310548,95.0270004272461,1067210.0,0.0,0.0,
2017-05-09,95.5,95.5,95.0250015258789,95.11199951171876,175120.0,0.0,0.0,
2017-05-10,95.3000030517578,96.06999969482422,95.2509994506836,96.00299835205078,257680.0,0.0,0.0,
2017-05-11,96.3000030517578,96.47899627685548,96.0,96.11299896240234,350780.0,0.0,0.0,
2017-05-12,96.5,96.5,95.6750030517578,95.9469985961914,347630.0,0.0,0.0,
2017-05-15,96.1999969482422,96.43000030517578,96.08999633789062,96.30500030517578,124700.0,0.0,0.0,
2017-05-16,96.5,97.12100219726562,96.3000030517578,97.06500244140624,232960.0,0.0,0.0,
2017-05-17,97.4000015258789,97.4000015258789,96.6510009765625,97.21199798583984,136920.0,0.0,0.0,
2017-05-18,97.0,97.0,96.11000061035156,96.23300170898438,584750.0,0.0,0.0,
2017-05-19,96.5,97.0749969482422,95.8550033569336,96.25299835205078,366450.0,0.0,0.0,
2017-05-22,96.5,96.9000015258789,96.21800231933594,96.36399841308594,215560.0,0.0,0.0,
2017-05-23,96.5999984741211,96.5999984741211,95.5999984741211,95.8010025024414,146190.0,0.0,0.0,
2017-05-24,96.0999984741211,96.3479995727539,95.33000183105467,95.53199768066406,260930.0,0.0,0.0,
2017-05-25,96.0,97.16899871826172,95.59600067138672,97.0459976196289,214880.0,0.0,0.0,
2017-05-26,97.3000030517578,97.98999786376952,96.9000015258789,97.88899993896484,268140.0,0.0,0.0,
2017-05-29,97.6999969482422,98.38999938964844,97.46499633789062,98.02899932861328,288450.0,0.0,0.0,
2017-05-30,98.1999969482422,98.35399627685548,97.79399871826172,98.1750030517578,136880.0,0.0,0.0,
2017-05-31,98.5,98.5,98.10099792480467,98.22200012207033,115000.0,0.0,0.0,
2017-06-01,98.4000015258789,98.44499969482422,98.0,98.20700073242188,221410.0,0.0,0.0,
2017-06-02,98.6999969482422,98.6999969482422,98.44000244140624,98.63300323486328,249960.0,0.0,0.0,
2017-06-05,98.9000015258789,99.08999633789062,98.5999984741211,98.94400024414062,172570.0,0.0,0.0,
2017-06-06,99.4000015258789,99.4000015258789,98.49500274658205,98.5500030517578,478720.0,0.0,0.0,
2017-06-07,98.6999969482422,98.9980010986328,98.47100067138672,98.77799987792967,197770.0,0.0,0.0,
2017-06-08,98.9000015258789,99.00299835205078,98.6500015258789,98.73799896240234,166840.0,0.0,0.0,
2017-06-09,98.5999984741211,99.0469970703125,98.3000030517578,98.9540023803711,141970.0,0.0,0.0,
2017-06-12,98.9499969482422,98.9499969482422,97.88099670410156,98.3249969482422,187660.0,0.0,0.0,
2017-06-13,98.5,98.79000091552734,98.3000030517578,98.42400360107422,111400.0,0.0,0.0,
2017-06-14,98.6999969482422,98.6999969482422,98.0250015258789,98.37100219726562,176060.0,0.0,0.0,
2017-06-15,98.30999755859376,98.40299987792967,97.9250030517578,98.04000091552734,168430.0,0.0,0.0,
2017-06-16,98.0999984741211,98.3489990234375,98.0,98.052001953125,134340.0,0.0,0.0,
2017-06-19,98.34100341796876,98.98999786376952,98.3270034790039,98.82599639892578,251180.0,0.0,0.0,
2017-06-20,99.0,99.0199966430664,98.72000122070312,98.8769989013672,92930.0,0.0,0.0,
2017-06-21,98.9000015258789,98.9000015258789,98.32599639892578,98.5749969482422,169930.0,0.0,0.0,
2017-06-22,98.6999969482422,99.37999725341795,98.44300079345705,98.5,330110.0,0.0,0.0,
2017-06-23,98.58699798583984,98.64299774169922,97.98999786376952,98.02899932861328,77950.0,0.0,0.0,
2017-06-27,98.4000015258789,98.4290008544922,97.0009994506836,97.34700012207033,185190.0,0.0,0.0,
2017-06-28,97.5,97.5,97.03299713134766,97.26799774169922,179820.0,0.0,0.0,
2017-06-29,97.5,98.0999984741211,97.22000122070312,97.3550033569336,339120.0,0.0,0.0,
2017-06-30,97.3000030517578,97.6999969482422,96.81999969482422,97.5979995727539,441660.0,0.0,0.0,
2017-07-03,97.6999969482422,98.5500030517578,97.61799621582033,98.4209976196289,728050.0,0.0,0.0,
2017-07-04,98.5,98.8479995727539,98.29000091552734,98.50800323486328,131230.0,0.0,0.0,
2017-07-05,98.52999877929688,98.86900329589844,98.4000015258789,98.78600311279295,108800.0,0.0,0.0,
2017-07-06,99.0999984741211,99.47000122070312,98.6999969482422,99.20700073242188,251570.0,0.0,0.0,
2017-07-07,99.02200317382812,99.2699966430664,98.9010009765625,99.00900268554688,72260.0,0.0,0.0,
2017-07-10,99.01000213623048,100.1600036621094,98.9000015258789,100.0179977416992,150640.0,0.0,0.0,
2017-07-11,100.5,100.6900024414062,99.5999984741211,100.3840026855469,300280.0,0.0,0.0,
2017-07-12,100.5,100.6999969482422,100.0999984741211,100.5540008544922,251500.0,0.0,0.0,
2017-07-13,99.5019989013672,101.5,99.3010025024414,101.4250030517578,373350.0,0.0,0.0,
2017-07-14,101.5,101.5,101.0810012817383,101.2440032958984,3230790.0,0.0,0.0,
2017-07-17,101.5350036621094,101.870002746582,101.2559967041016,101.6880035400391,2249740.0,0.0,0.0,
2017-07-18,101.5999984741211,101.5999984741211,100.8079986572266,101.0110015869141,211420.0,0.0,0.0,
2017-07-19,101.2990036010742,101.7490005493164,101.0120010375977,101.6320037841797,94090.0,0.0,0.0,
2017-07-20,101.5999984741211,101.879997253418,101.3000030517578,101.4729995727539,52240.0,0.0,0.0,
2017-07-21,101.5,101.8949966430664,101.0350036621094,101.7730026245117,75920.0,0.0,0.0,
2017-07-24,101.6999969482422,102.5,101.3150024414062,102.3860015869141,116300.0,0.0,0.0,
2017-07-25,102.5999984741211,102.7580032348633,102.0459976196289,102.4980010986328,1989930.0,0.0,0.0,
2017-07-26,102.5999984741211,103.0,102.2949981689453,102.8619995117188,251290.0,0.0,0.0,
2017-07-27,103.0,103.879997253418,102.8710021972656,103.0459976196289,372740.0,0.0,0.0,
2017-07-28,102.7020034790039,102.9309997558594,102.2200012207031,102.7570037841797,272150.0,0.0,0.0,
2017-07-31,103.0,103.4990005493164,102.6859970092773,103.427001953125,444180.0,0.0,0.0,
2017-08-01,102.4020004272461,103.9390029907227,100.0,103.7389984130859,427340.0,0.0,0.0,
2017-08-02,104.0979995727539,104.3990020751953,103.5699996948242,103.7779998779297,1697520.0,0.0,0.0,
2017-08-03,103.6940002441406,103.6940002441406,102.9100036621094,103.0690002441406,360450.0,0.0,0.0,
2017-08-04,103.088996887207,103.8550033569336,102.9000015258789,103.7470016479492,143500.0,0.0,0.0,
2017-08-07,104.0,104.0,103.3899993896484,103.5,153790.0,0.0,0.0,
2017-08-08,103.8000030517578,103.8000030517578,102.4010009765625,102.9120025634766,330720.0,0.0,0.0,
2017-08-09,103.3000030517578,103.3000030517578,102.0,102.0770034790039,244820.0,0.0,0.0,
2017-08-10,102.0,102.0,100.2009963989258,100.6750030517578,3363010.0,0.0,0.0,
2017-08-11,100.302001953125,100.3860015869141,96.6259994506836,99.77799987792967,493650.0,0.0,0.0,
2017-08-14,99.81500244140624,101.0250015258789,99.81500244140624,100.9349975585938,385900.0,0.0,0.0,
2017-08-16,101.1210021972656,102.1350021362305,100.5299987792969,102.0839996337891,481330.0,0.0,0.0,
2017-08-17,102.3000030517578,102.4690017700195,101.8820037841797,102.1600036621094,92270.0,0.0,0.0,
2017-08-18,101.302001953125,101.7129974365234,101.0250015258789,101.6080017089844,485460.0,0.0,0.0,
2017-08-21,101.9000015258789,101.9000015258789,100.4329986572266,100.5970001220703,166000.0,0.0,0.0,
2017-08-22,101.0,101.088996887207,100.4499969482422,100.7490005493164,450970.0,0.0,0.0,
2017-08-23,101.0,101.6399993896484,100.8550033569336,101.5309982299805,98430.0,0.0,0.0,
2017-08-24,102.0,102.0,101.4850006103516,101.7590026855469,65410.0,0.0,0.0,
2017-08-28,102.1999969482422,102.3939971923828,101.8300018310547,102.2779998779297,159840.0,0.0,0.0,
2017-08-29,102.1999969482422,102.1999969482422,100.8919982910156,101.0690002441406,162450.0,0.0,0.0,
2017-08-30,101.5,102.1900024414062,101.4489974975586,101.8740005493164,109180.0,0.0,0.0,
2017-08-31,101.9000015258789,102.2360000610352,101.5849990844727,102.1529998779297,152040.0,0.0,0.0,
2017-09-01,102.1999969482422,102.9000015258789,102.0859985351562,102.8560028076172,463520.0,0.0,0.0,
2017-09-04,102.859001159668,102.859001159668,101.5260009765625,102.068000793457,157580.0,0.0,0.0,
2017-09-05,102.4000015258789,102.6050033569336,101.9000015258789,102.4589996337891,87880.0,0.0,0.0,
2017-09-06,102.4000015258789,102.4010009765625,101.7109985351562,102.1330032348633,126960.0,0.0,0.0,
2017-09-07,102.5,102.5989990234375,102.2350006103516,102.3519973754883,56540.0,0.0,0.0,
2017-09-08,102.697998046875,102.697998046875,102.0849990844727,102.2799987792969,60280.0,0.0,0.0,
2017-09-11,102.7050018310547,103.3199996948242,102.5950012207031,103.052001953125,157410.0,0.0,0.0,
2017-09-12,103.5,103.8619995117188,103.1529998779297,103.7559967041016,2458610.0,0.0,0.0,
2017-09-13,104.0999984741211,104.1050033569336,103.4349975585938,103.5989990234375,120320.0,0.0,0.0,
2017-09-14,103.6999969482422,104.0999984741211,103.5550003051758,103.7639999389648,151300.0,0.0,0.0,
2017-09-15,103.7639999389648,104.0189971923828,103.3000030517578,103.7570037841797,185560.0,0.0,0.0,
2017-09-18,104.1999969482422,104.6780014038086,103.8499984741211,104.5130004882812,315550.0,0.0,0.0,
2017-09-19,104.4820022583008,104.5599975585938,104.1790008544922,104.4720001220703,121910.0,0.0,0.0,
2017-09-20,104.375,104.6100006103516,104.3560028076172,104.4380035400391,92690.0,0.0,0.0,
2017-09-21,105.0,105.0,103.4000015258789,104.0090026855469,456460.0,0.0,0.0,
2017-09-22,103.734001159668,103.734001159668,102.4000015258789,102.5530014038086,171880.0,0.0,0.0,
2017-09-25,103.5,103.5,101.1890029907227,101.6949996948242,562780.0,0.0,0.0,
2017-09-26,101.8000030517578,101.879997253418,101.0019989013672,101.3929977416992,277970.0,0.0,0.0,
2017-09-27,102.197998046875,102.3000030517578,100.1999969482422,100.6220016479492,970570.0,0.0,0.0,
2017-09-28,101.2979965209961,101.4000015258789,100.0,101.004997253418,1499380.0,0.0,0.0,
2017-09-29,102.0,102.0,100.8000030517578,100.9980010986328,209480.0,0.0,0.0,
2017-10-03,102.8000030517578,102.8000030517578,101.1569976806641,101.5029983520508,633090.0,0.0,0.0,
2017-10-04,102.0,102.2050018310547,101.3000030517578,102.0690002441406,235530.0,0.0,0.0,
2017-10-05,102.4000015258789,102.4449996948242,101.7099990844727,101.8649978637695,155010.0,0.0,0.0,
2017-10-06,102.0999984741211,103.1539993286133,101.9609985351562,103.0780029296875,578210.0,0.0,0.0,
2017-10-09,104.8850021362305,104.8850021362305,102.6999969482422,103.0839996337891,188880.0,0.0,0.0,
2017-10-10,103.4980010986328,103.4980010986328,102.9990005493164,103.2040023803711,79970.0,0.0,0.0,
2017-10-11,103.5999984741211,103.5999984741211,102.629997253418,102.7710037231445,121610.0,0.0,0.0,
2017-10-12,103.0,104.0,102.7519989013672,103.8679962158203,120950.0,0.0,0.0,
2017-10-13,103.9700012207031,105.2630004882812,103.9700012207031,104.9729995727539,719890.0,0.0,0.0,
2017-10-16,105.254997253418,105.7080001831055,105.0199966430664,105.5960006713867,457390.0,0.0,0.0,
2017-10-17,105.2249984741211,105.7750015258789,105.2249984741211,105.5370025634766,127080.0,0.0,0.0,
2017-10-18,105.4339981079102,105.5749969482422,105.0,105.3949966430664,72650.0,0.0,0.0,
2017-10-19,105.5100021362305,105.5100021362305,104.2429962158203,104.697998046875,47700.0,0.0,0.0,
2017-10-23,104.5839996337891,105.2900009155273,104.4100036621094,105.1640014648438,187420.0,0.0,0.0,
2017-10-24,105.5,105.5,104.6989974975586,104.927001953125,736600.0,0.0,0.0,
2017-10-25,106.0,106.3199996948242,105.5,105.947998046875,712680.0,0.0,0.0,
2017-10-26,106.0999984741211,106.4649963378906,105.8150024414062,106.3809967041016,730100.0,0.0,0.0,
2017-10-27,106.8000030517578,106.8000030517578,106.0299987792969,106.2020034790039,883940.0,0.0,0.0,
2017-10-30,106.5,107.0500030517578,106.1689987182617,106.9489974975586,1216100.0,0.0,0.0,
2017-10-31,107.5,107.5,106.3209991455078,106.5169982910156,258450.0,0.0,0.0,
2017-11-01,107.0,107.6320037841797,106.9459991455078,107.4609985351562,136520.0,0.0,0.0,
2017-11-02,107.1999969482422,107.6190032958984,107.1999969482422,107.4329986572266,80850.0,0.0,0.0,
2017-11-03,107.5,107.7750015258789,106.2009963989258,107.6660003662109,134400.0,0.0,0.0,
2017-11-06,107.8980026245117,108.0,107.2730026245117,107.6689987182617,152490.0,0.0,0.0,
2017-11-07,108.0999984741211,108.0999984741211,106.7009963989258,106.8619995117188,188350.0,0.0,0.0,
2017-11-08,107.3000030517578,107.3000030517578,106.2009963989258,106.3089981079102,74520.0,0.0,0.0,
2017-11-09,106.9000015258789,106.9820022583008,105.8150024414062,106.1559982299805,148540.0,0.0,0.0,
2017-11-10,105.9739990234375,106.6790008544922,105.7559967041016,106.2610015869141,371530.0,0.0,0.0,
2017-11-13,106.8000030517578,106.8000030517578,105.5,105.6080017089844,98960.0,0.0,0.0,
2017-11-14,106.0,106.0,105.0230026245117,105.2040023803711,166300.0,0.0,0.0,
2017-11-15,105.5999984741211,105.5999984741211,104.2900009155273,104.4660034179688,196560.0,0.0,0.0,
2017-11-16,104.8339996337891,105.4899978637695,104.4300003051758,105.2289962768555,115190.0,0.0,0.0,
2017-11-17,105.5,106.620002746582,105.5,105.8919982910156,189620.0,0.0,0.0,
2017-11-20,106.5,106.5,105.6080017089844,106.1829986572266,168510.0,0.0,0.0,
2017-11-21,106.5,106.6999969482422,106.2129974365234,106.3830032348633,137560.0,0.0,0.0,
2017-11-22,106.5400009155273,106.8560028076172,106.2099990844727,106.4619979858398,373080.0,0.0,0.0,
2017-11-23,106.5,106.8619995117188,106.1149978637695,106.5810012817383,188790.0,0.0,0.0,
2017-11-24,106.8899993896484,107.1999969482422,106.5749969482422,106.9459991455078,173810.0,0.0,0.0,
2017-11-27,106.6999969482422,107.1999969482422,106.5449981689453,106.9850006103516,173730.0,0.0,0.0,
2017-11-28,107.5,107.5,106.0,106.8410034179688,86910.0,0.0,0.0,
2017-11-29,107.5,107.5,106.629997253418,106.7819976806641,62360.0,0.0,0.0,
2017-11-30,107.0999984741211,107.0999984741211,105.5350036621094,105.7460021972656,480490.0,0.0,0.0,
2017-12-01,106.6989974975586,106.8000030517578,104.4000015258789,104.6149978637695,210240.0,0.0,0.0,
2017-12-04,105.0999984741211,105.0999984741211,104.2350006103516,104.6949996948242,393970.0,0.0,0.0,
2017-12-05,104.6999969482422,104.8889999389648,104.0100021362305,104.5999984741211,481930.0,0.0,0.0,
2017-12-06,104.6999969482422,104.6999969482422,103.6999969482422,103.7720031738281,694770.0,0.0,0.0,
2017-12-07,104.0,105.2170028686523,103.7750015258789,105.1060028076172,294200.0,0.0,0.0,
2017-12-08,105.5,106.1449966430664,105.1999969482422,106.0459976196289,175060.0,0.0,0.0,
2017-12-11,106.5999984741211,106.5999984741211,105.8929977416992,106.2929992675781,510830.0,0.0,0.0,
2017-12-12,106.5,106.5,105.5100021362305,105.5979995727539,94790.0,0.0,0.0,
2017-12-13,105.6999969482422,106.1790008544922,104.9000015258789,105.2070007324219,119230.0,0.0,0.0,
2017-12-14,105.3300018310547,105.7480010986328,104.4150009155273,105.4020004272461,873200.0,0.0,0.0,
2017-12-15,106.3899993896484,106.8399963378906,106.2580032348633,106.3710021972656,435160.0,0.0,0.0,
2017-12-18,106.1999969482422,107.4300003051758,103.8949966430664,106.9260025024414,567210.0,0.0,0.0,
2017-12-19,107.5,107.8899993896484,107.0240020751953,107.7819976806641,335990.0,0.0,0.0,
2017-12-20,107.9000015258789,107.9990005493164,107.3990020751953,107.5130004882812,491580.0,0.0,0.0,
2017-12-21,107.6999969482422,107.7399978637695,107.4000015258789,107.4489974975586,227370.0,0.0,0.0,
2017-12-22,107.5999984741211,108.1100006103516,107.3649978637695,107.9359970092773,432460.0,0.0,0.0,
2017-12-26,108.4000015258789,108.5250015258789,107.765998840332,108.2809982299805,476120.0,0.0,0.0,
2017-12-27,108.8000030517578,108.8000030517578,107.7819976806641,108.2369995117188,227560.0,0.0,0.0,
2017-12-28,108.9000015258789,108.9000015258789,107.7949981689453,107.9879989624023,118800.0,0.0,0.0,
2017-12-29,108.3000030517578,108.5999984741211,107.9300003051758,108.447998046875,83570.0,0.0,0.0,
2018-01-01,108.4990005493164,108.5950012207031,107.5,107.8140029907227,425450.0,0.0,0.0,
2018-01-02,108.0,108.1699981689453,107.2740020751953,107.4609985351562,107140.0,0.0,0.0,
2018-01-03,107.75,108.2939987182617,107.4329986572266,107.6289978027344,224340.0,0.0,0.0,
2018-01-04,107.7509994506836,108.3499984741211,107.5299987792969,108.1760025024414,296670.0,0.0,0.0,
2018-01-05,108.6999969482422,108.8450012207031,108.245002746582,108.7200012207031,213350.0,0.0,0.0,
2018-01-08,109.4000015258789,109.4400024414062,109.0029983520508,109.2460021972656,744400.0,0.0,0.0,
2018-01-09,109.5,109.6240005493164,109.1660003662109,109.4909973144531,160240.0,0.0,0.0,
2018-01-10,110.0,110.0299987792969,109.3219985961914,109.9069976806641,4780510.0,0.0,0.0,
2018-01-11,110.0,110.2249984741211,109.140998840332,110.0289993286133,3708240.0,0.0,0.0,
2018-01-12,111.0999984741211,111.0999984741211,109.5,110.2689971923828,86170.0,0.0,0.0,
2018-01-15,110.2699966430664,111.1999969482422,110.2699966430664,110.9020004272461,166700.0,0.0,0.0,
2018-01-16,106.0999984741211,111.0699996948242,106.0999984741211,110.3789978027344,118020.0,0.0,0.0,
2018-01-17,110.2779998779297,111.25,110.0,111.0490036010742,1948090.0,0.0,0.0,
2018-01-18,111.7649993896484,112.0500030517578,111.0849990844727,111.5380020141602,194530.0,0.0,0.0,
2018-01-19,111.129997253418,112.4570007324219,111.129997253418,112.1839981079102,276560.0,0.0,0.0,
2018-01-22,112.0,113.0790023803711,112.0,112.8789978027344,330420.0,0.0,0.0,
2018-01-23,113.1999969482422,114.3290023803711,113.0999984741211,114.1890029907227,3980560.0,0.0,0.0,
2018-01-24,114.0199966430664,114.4700012207031,113.8499984741211,114.1949996948242,2769330.0,0.0,0.0,
2018-01-25,114.0950012207031,114.2789993286133,113.5100021362305,113.9309997558594,472200.0,0.0,0.0,
2018-01-29,114.0500030517578,115.0,112.9990005493164,114.6269989013672,1253590.0,0.0,0.0,
2018-01-30,114.5439987182617,114.629997253418,113.6559982299805,113.713996887207,340790.0,0.0,0.0,
2018-01-31,113.6999969482422,113.8499984741211,113.3010025024414,113.5439987182617,365870.0,0.0,0.0,
2018-02-01,113.5,114.7300033569336,112.2050018310547,113.5029983520508,732620.0,0.0,0.0,
2018-02-02,113.3000030517578,113.3000030517578,110.0999984741211,111.2490005493164,1306010.0,0.0,0.0,
2018-02-05,109.879997253418,110.5,109.4000015258789,110.2939987182617,731440.0,0.0,0.0,
2018-02-06,109.8000030517578,109.8000030517578,100.5250015258789,108.7350006103516,2531000.0,0.0,0.0,
2018-02-07,109.0,109.9000015258789,108.1100006103516,108.3850021362305,544340.0,0.0,0.0,
2018-02-08,108.5589981079102,109.8899993896484,108.1900024414062,109.4940032958984,244050.0,0.0,0.0,
2018-02-09,107.8440017700195,108.4729995727539,107.4889984130859,108.2320022583008,894610.0,0.0,0.0,
2018-02-12,108.6999969482422,109.2679977416992,108.3000030517578,109.1350021362305,629810.0,0.0,0.0,
2018-02-14,109.495002746582,109.4990005493164,108.2679977416992,108.6529998779297,104460.0,0.0,0.0,
2018-02-15,108.8990020751953,109.838996887207,108.6500015258789,109.2149963378906,356260.0,0.0,0.0,
2018-02-16,109.6750030517578,109.875,108.1330032348633,108.2689971923828,1400060.0,0.0,0.0,
2018-02-19,109.9990005493164,109.9990005493164,106.5749969482422,107.4100036621094,465620.0,0.0,0.0,
2018-02-20,107.5289993286133,107.8990020751953,107.0400009155273,107.1760025024414,195000.0,0.0,0.0,
2018-02-21,107.3150024414062,107.7789993286133,107.1999969482422,107.6559982299805,718710.0,0.0,0.0,
2018-02-22,107.2600021362305,107.6589965820312,107.1149978637695,107.4629974365234,318940.0,0.0,0.0,
2018-02-23,107.7160034179688,108.6230010986328,107.5400009155273,108.4680023193359,257870.0,0.0,0.0,
2018-02-26,108.6019973754883,109.495002746582,108.5910034179688,109.3560028076172,177770.0,0.0,0.0,
2018-02-27,109.5,109.8990020751953,108.8310012817383,108.9940032958984,205240.0,0.0,0.0,
2018-02-28,108.3939971923828,109.0299987792969,108.2099990844727,108.6699981689453,159010.0,0.0,0.0,
2018-03-01,108.5,108.9609985351562,108.0,108.1190032958984,182970.0,0.0,0.0,
2018-03-05,107.5240020751953,108.0899963378906,106.9000015258789,107.1740036010742,521910.0,0.0,0.0,
2018-03-06,108.4889984130859,108.4889984130859,105.8099975585938,106.0940017700195,299510.0,0.0,0.0,
2018-03-07,106.0,106.0599975585938,102.1999969482422,105.0670013427734,876540.0,0.0,0.0,
2018-03-08,105.5999984741211,106.2399978637695,104.9000015258789,105.9589996337891,341700.0,0.0,0.0,
2018-03-09,105.9589996337891,106.5589981079102,105.6259994506836,105.9039993286133,112830.0,0.0,0.0,
2018-03-12,106.9700012207031,108.1019973754883,106.5,107.9889984130859,2212390.0,0.0,0.0,
2018-03-13,107.588996887207,108.4899978637695,107.4329986572266,107.9150009155273,1332050.0,0.0,0.0,
2018-03-14,107.6210021972656,107.9199981689453,107.0400009155273,107.8190002441406,242840.0,0.0,0.0,
2018-03-15,105.6600036621094,107.8489990234375,104.0,107.2570037841797,356230.0,0.0,0.0,
2018-03-16,106.8990020751953,106.9000015258789,105.5999984741211,105.6780014038086,1128720.0,0.0,0.0,
2018-03-19,105.75,105.9700012207031,104.5350036621094,104.7699966430664,991000.0,0.0,0.0,
2018-03-20,104.5999984741211,105.3000030517578,104.1449966430664,104.6470031738281,521380.0,0.0,0.0,
2018-03-21,104.6999969482422,105.879997253418,104.6999969482422,104.9049987792969,381720.0,0.0,0.0,
2018-03-22,109.9990005493164,109.9990005493164,104.3000030517578,104.5790023803711,997760.0,0.0,0.0,
2018-03-23,103.9000015258789,104.0,103.0,103.6780014038086,490500.0,0.0,0.0,
2018-03-26,103.6800003051758,104.9879989624023,103.1999969482422,104.7050018310547,586070.0,0.0,0.0,
2018-03-27,105.0,105.4100036621094,104.8349990844727,105.1839981079102,442010.0,0.0,0.0,
2018-03-28,105.0,105.2900009155273,104.4150009155273,104.9250030517578,217640.0,0.0,0.0,
2018-04-02,105.0,106.1439971923828,104.8000030517578,105.8119964599609,377000.0,0.0,0.0,
2018-04-03,105.7239990234375,106.3740005493164,105.5319976806641,106.2699966430664,633720.0,0.0,0.0,
2018-04-04,106.3040008544922,106.5,104.7600021362305,104.9520034790039,733000.0,0.0,0.0,
2018-04-05,105.9000015258789,106.9800033569336,105.6309967041016,106.9010009765625,207520.0,0.0,0.0,
2018-04-06,106.8000030517578,107.129997253418,106.4000015258789,106.8690032958984,145370.0,0.0,0.0,
2018-04-09,106.870002746582,107.5999984741211,106.870002746582,107.3580017089844,170350.0,0.0,0.0,
2018-04-10,107.4499969482422,107.8000030517578,107.359001159668,107.6050033569336,168750.0,0.0,0.0,
2018-04-11,106.0,107.9919967651367,106.0,107.8440017700195,104670.0,0.0,0.0,
2018-04-12,107.7990036010742,108.5,107.625,108.4000015258789,173650.0,0.0,0.0,
2018-04-13,108.2009963989258,108.8949966430664,108.0599975585938,108.4749984741211,264750.0,0.0,0.0,
2018-04-16,108.1999969482422,109.2099990844727,107.640998840332,108.9369964599609,155250.0,0.0,0.0,
2018-04-17,109.0,109.0999984741211,108.5849990844727,108.911003112793,1248780.0,0.0,0.0,
2018-04-18,109.5,109.5,108.5339965820312,108.6800003051758,2065430.0,0.0,0.0,
2018-04-19,108.6999969482422,109.2900009155273,108.6999969482422,109.1520004272461,890530.0,0.0,0.0,
2018-04-20,109.0,109.5699996948242,108.734001159668,109.0039978027344,7700640.0,0.0,0.0,
2018-04-23,109.1009979248047,109.9000015258789,108.8789978027344,109.4720001220703,427290.0,0.0,0.0,
2018-04-24,109.4000015258789,109.9010009765625,109.2699966430664,109.7750015258789,205120.0,0.0,0.0,
2018-04-25,109.6539993286133,109.7900009155273,109.0599975585938,109.2789993286133,91430.0,0.0,0.0,
2018-04-26,109.4000015258789,110.1500015258789,109.3089981079102,109.859001159668,99780.0,0.0,0.0,
2018-04-27,109.9599990844727,110.9940032958984,109.9599990844727,110.5530014038086,307450.0,0.0,0.0,
2018-04-30,110.9499969482422,111.5,110.7180023193359,111.1679992675781,194820.0,0.0,0.0,
2018-05-02,111.0100021362305,111.9000015258789,110.6050033569336,110.7710037231445,380230.0,0.0,0.0,
2018-05-03,110.6999969482422,110.7779998779297,110.1330032348633,110.5289993286133,215330.0,0.0,0.0,
2018-05-04,110.1009979248047,110.338996887207,109.8010025024414,110.0189971923828,89620.0,0.0,0.0,
2018-05-07,110.5,110.9700012207031,110.0199966430664,110.7220001220703,181050.0,0.0,0.0,
2018-05-08,111.0,111.2279968261719,110.5,110.8379974365234,177550.0,0.0,0.0,
2018-05-09,110.6500015258789,111.4000015258789,110.6500015258789,111.2229995727539,178600.0,0.0,0.0,
2018-05-10,111.1999969482422,111.5999984741211,110.6449966430664,110.7939987182617,141190.0,0.0,0.0,
2018-05-11,111.0350036621094,111.6940002441406,110.8150024414062,111.6060028076172,124330.0,0.0,0.0,
2018-05-14,111.6999969482422,112.0650024414062,111.3349990844727,111.6890029907227,163440.0,0.0,0.0,
2018-05-15,111.8899993896484,113.0,111.3450012207031,111.7170028686523,514290.0,0.0,0.0,
2018-05-16,111.6999969482422,111.6999969482422,110.5930023193359,111.193000793457,424370.0,0.0,0.0,
2018-05-17,111.3000030517578,111.370002746582,110.3300018310547,110.6309967041016,82660.0,0.0,0.0,
2018-05-18,110.5999984741211,110.5999984741211,109.4649963378906,109.6050033569336,145410.0,0.0,0.0,
2018-05-21,109.6050033569336,112.5,108.8330001831055,109.0490036010742,226550.0,0.0,0.0,
2018-05-22,109.0449981689453,109.4700012207031,108.7249984741211,109.2809982299805,125450.0,0.0,0.0,
2018-05-23,108.875,109.1949996948242,107.7249984741211,107.8639984130859,425930.0,0.0,0.0,
2018-05-24,108.5,108.7990036010742,107.6999969482422,108.5419998168945,152610.0,0.0,0.0,
2018-05-25,108.7210006713867,110.1999969482422,108.6999969482422,109.8109970092773,94940.0,0.0,0.0,
2018-05-28,110.2399978637695,111.2200012207031,110.0,111.0510025024414,1073780.0,0.0,0.0,
2018-05-29,111.0999984741211,111.0999984741211,110.0329971313477,110.3690032958984,86980.0,0.0,0.0,
2018-05-30,109.8690032958984,110.5690002441406,109.4000015258789,110.2990036010742,86180.0,0.0,0.0,
2018-05-31,110.5989990234375,111.6849975585938,110.3050003051758,111.25,169870.0,0.0,0.0,
2018-06-01,108.1999969482422,111.7699966430664,101.0100021362305,110.9919967651367,178390.0,0.0,0.0,
2018-06-04,111.8000030517578,111.8000030517578,110.0,110.1159973144531,213040.0,0.0,0.0,
2018-06-05,110.5,110.5,109.5800018310547,110.1849975585938,162230.0,0.0,0.0,
2018-06-06,110.1999969482422,111.0999984741211,109.7539978027344,110.9960021972656,133570.0,0.0,0.0,
2018-06-07,111.1999969482422,112.1449966430664,111.0,111.7890014648438,141410.0,0.0,0.0,
2018-06-08,111.3990020751953,112.0,111.0999984741211,111.8519973754883,109100.0,0.0,0.0,
2018-06-11,112.0950012207031,112.6999969482422,111.8000030517578,112.2519989013672,118190.0,0.0,0.0,
2018-06-12,112.125,112.8000030517578,111.9000015258789,112.6269989013672,160530.0,0.0,0.0,
2018-06-13,112.6269989013672,112.9800033569336,112.4049987792969,112.5660018920898,230950.0,0.0,0.0,
2018-06-14,112.1999969482422,112.4899978637695,111.9000015258789,112.2040023803711,114150.0,0.0,0.0,
2018-06-15,112.0999984741211,112.6800003051758,111.8000030517578,112.4940032958984,83480.0,0.0,0.0,
2018-06-18,112.4169998168945,112.4899978637695,112.1429977416992,112.3990020751953,70600.0,0.0,0.0,
2018-06-19,111.8000030517578,112.0999984741211,111.3850021362305,111.4810028076172,82970.0,0.0,0.0,
2018-06-20,111.0,112.1740036010742,91.08999633789062,111.9649963378906,125040.0,0.0,0.0,
2018-06-21,111.7600021362305,112.2750015258789,111.3949966430664,111.5289993286133,45090.0,0.0,0.0,
2018-06-22,111.6999969482422,112.6999969482422,111.5,112.4789962768555,74130.0,0.0,0.0,
2018-06-25,113.0,113.0,111.5800018310547,111.8349990844727,62670.0,0.0,0.0,
2018-06-26,111.6999969482422,112.2990036010742,111.6009979248047,112.1320037841797,68970.0,0.0,0.0,
2018-06-27,111.7009963989258,112.1999969482422,110.5999984741211,110.7760009765625,604870.0,0.0,0.0,
2018-06-28,111.0,111.1999969482422,109.6640014648438,110.0530014038086,155140.0,0.0,0.0,
2018-06-29,110.5,111.2990036010742,110.1510009765625,111.1880035400391,130390.0,0.0,0.0,
2018-07-02,112.5,112.5,110.5,110.9970016479492,138310.0,0.0,0.0,
2018-07-03,110.9189987182617,111.5559997558594,110.6969985961914,111.4039993286133,66000.0,0.0,0.0,
2018-07-04,111.4990005493164,111.9700012207031,111.0100021362305,111.875,78730.0,0.0,0.0,
2018-07-05,112.5,112.5,111.8000030517578,111.9130020141602,110090.0,0.0,0.0,
2018-07-06,111.9000015258789,112.5999984741211,111.879997253418,112.302001953125,168180.0,0.0,0.0,
2018-07-09,113.0,113.0,112.4619979858398,112.8539962768555,102730.0,0.0,0.0,
2018-07-10,113.0,113.8339996337891,113.0,113.7269973754883,208690.0,0.0,0.0,
2018-07-11,113.6989974975586,113.9400024414062,113.4000015258789,113.7259979248047,216620.0,0.0,0.0,
2018-07-12,114.0,114.9899978637695,114.0,114.495002746582,260260.0,0.0,0.0,
2018-07-13,114.9990005493164,115.0,114.3199996948242,114.6320037841797,81280.0,0.0,0.0,
2018-07-16,115.0,115.0,113.9000015258789,113.9830017089844,123360.0,0.0,0.0,
2018-07-17,113.9000015258789,114.6900024414062,113.8010025024414,114.4850006103516,143680.0,0.0,0.0,
2018-07-18,114.7519989013672,115.0,114.0100021362305,114.1179962158203,165960.0,0.0,0.0,
2018-07-19,114.0999984741211,114.4700012207031,113.8000030517578,114.1210021972656,135970.0,0.0,0.0,
2018-07-20,114.0500030517578,115.0500030517578,113.9039993286133,114.9300003051758,564120.0,0.0,0.0,
2018-07-23,115.0,115.5,113.6999969482422,115.3399963378906,122060.0,0.0,0.0,
2018-07-24,116.0,116.5,115.1780014038086,115.7119979858398,89480.0,0.0,0.0,
2018-07-25,115.9489974975586,116.120002746582,115.6100006103516,115.9189987182617,172630.0,0.0,0.0,
2018-07-26,115.9000015258789,116.5510025024414,115.6999969482422,116.1579971313477,199220.0,0.0,0.0,
2018-07-27,116.2389984130859,117.4400024414062,116.2389984130859,117.322998046875,488620.0,0.0,0.0,
2018-07-30,117.5,117.9899978637695,117.1999969482422,117.7419967651367,169380.0,0.0,0.0,
2018-07-31,118.0999984741211,118.4739990234375,117.4309997558594,118.25,108160.0,0.0,0.0,
2018-08-01,118.25,118.6900024414062,117.8000030517578,118.1240005493164,740500.0,0.0,0.0,
2018-08-02,117.5,118.0,117.3000030517578,117.4290008544922,82880.0,0.0,0.0,
2018-08-03,117.8399963378906,118.6999969482422,117.5910034179688,118.6190032958984,120480.0,0.0,0.0,
2018-08-06,119.0,119.0390014648438,118.4000015258789,118.7350006103516,139450.0,0.0,0.0,
2018-08-07,119.0,119.0,118.0,118.7389984130859,110760.0,0.0,0.0,
2018-08-08,119.0550003051758,119.3990020751953,118.5490036010742,119.1709976196289,111070.0,0.0,0.0,
2018-08-09,119.2580032348633,119.5999984741211,119.1999969482422,119.3109970092773,260070.0,0.0,0.0,
2018-08-10,119.1999969482422,119.3430023193359,118.7490005493164,118.9800033569336,107220.0,0.0,0.0,
2018-08-13,119.3000030517578,119.3000030517578,118.0100021362305,118.2249984741211,271000.0,0.0,0.0,
2018-08-14,117.0,119.2900009155273,117.0,119.1340026855469,94200.0,0.0,0.0,
2018-08-16,119.0,119.3600006103516,118.5999984741211,118.7529983520508,93270.0,0.0,0.0,
2018-08-17,119.0,119.870002746582,118.8050003051758,119.7819976806641,173130.0,0.0,0.0,
2018-08-20,120.0,120.5,119.5350036621094,120.2730026245117,124120.0,0.0,0.0,
2018-08-21,120.4000015258789,120.8000030517578,120.1809997558594,120.6910018920898,377560.0,0.0,0.0,
2018-08-23,120.5,121.0999984741211,120.4990005493164,120.8379974365234,85580.0,0.0,0.0,
2018-08-24,120.7990036010742,120.995002746582,120.2350006103516,120.6060028076172,85480.0,0.0,0.0,
2018-08-27,121.0999984741211,121.879997253418,120.9250030517578,121.7929992675781,205700.0,0.0,0.0,
2018-08-28,121.1839981079102,122.6470031738281,121.0110015869141,122.1890029907227,161540.0,0.0,0.0,
2018-08-29,122.3000030517578,122.4599990844727,121.5350036621094,121.9960021972656,235930.0,0.0,0.0,
2018-08-30,124.4400024414062,124.9899978637695,121.2649993896484,121.7080001831055,154660.0,0.0,0.0,
2018-08-31,121.7080001831055,122.3000030517578,121.4700012207031,121.9000015258789,168030.0,0.0,0.0,
2018-09-03,122.5,122.5,120.3659973144531,120.7649993896484,307280.0,0.0,0.0,
2018-09-04,121.5,121.5,120.0,120.4209976196289,274280.0,0.0,0.0,
2018-09-05,120.3199996948242,120.4280014038086,119.0149993896484,119.8970031738281,191800.0,0.0,0.0,
2018-09-06,119.9010009765625,120.4879989624023,119.4000015258789,120.2799987792969,106880.0,0.0,0.0,
2018-09-07,119.5,121.1800003051758,119.5,121.0589981079102,99950.0,0.0,0.0,
2018-09-10,121.0,121.0,119.5500030517578,119.6490020751953,235480.0,0.0,0.0,
2018-09-11,121.1240005493164,121.1240005493164,117.7109985351562,117.9469985961914,282230.0,0.0,0.0,
2018-09-12,117.9400024414062,118.9000015258789,117.3740005493164,118.7480010986328,221370.0,0.0,0.0,
2018-09-14,119.5,123.5,118.8649978637695,120.0210037231445,153890.0,0.0,0.0,
2018-09-17,120.0999984741211,120.0999984741211,118.8000030517578,118.9609985351562,137470.0,0.0,0.0,
2018-09-18,124.9990005493164,124.9990005493164,117.5699996948242,117.9729995727539,118130.0,0.0,0.0,
2018-09-19,122.4499969482422,122.4499969482422,117.3000030517578,117.6100006103516,203870.0,0.0,0.0,
2018-09-21,119.9599990844727,122.3099975585938,113.2679977416992,116.5,627080.0,0.0,0.0,
2018-09-24,116.5999984741211,117.5,114.4499969482422,114.7969970703125,322920.0,0.0,0.0,
2018-09-25,115.4990005493164,115.9879989624023,113.8050003051758,115.7610015869141,302700.0,0.0,0.0,
2018-09-26,117.0,117.0009994506836,115.0100021362305,115.5999984741211,264530.0,0.0,0.0,
2018-09-27,115.5999984741211,115.8990020751953,114.5599975585938,114.6449966430664,264240.0,0.0,0.0,
2018-09-28,114.504997253418,115.4000015258789,113.5,114.1399993896484,392290.0,0.0,0.0,
2018-10-01,114.0999984741211,115.3089981079102,113.1699981689453,114.9550018310547,458200.0,0.0,0.0,
2018-10-03,114.8030014038086,114.9440002441406,113.504997253418,113.6149978637695,548720.0,0.0,0.0,
2018-10-04,113.4489974975586,113.4489974975586,110.4499969482422,110.7959976196289,1505540.0,0.0,0.0,
2018-10-05,105.0009994506836,110.6999969482422,99.01000213623048,107.9830017089844,732800.0,0.0,0.0,
2018-10-08,108.004997253418,108.8899993896484,106.6880035400391,108.0500030517578,1472320.0,0.0,0.0,
2018-10-09,100.0,108.6999969482422,100.0,107.7789993286133,1003410.0,0.0,0.0,
2018-10-10,108.3600006103516,109.6449966430664,107.9000015258789,109.4700012207031,385580.0,0.0,0.0,
2018-10-11,108.9000015258789,108.9850006103516,105.9720001220703,107.0070037841797,667240.0,0.0,0.0,
2018-10-12,107.5,109.7350006103516,107.5,109.5830001831055,306720.0,0.0,0.0,
2018-10-15,102.0,110.1549987792969,102.0,109.9850006103516,254340.0,0.0,0.0,
2018-10-16,110.3000030517578,110.7180023193359,110.0009994506836,110.6159973144531,297160.0,0.0,0.0,
2018-10-17,111.3000030517578,111.8759994506836,109.0199966430664,109.3199996948242,452830.0,0.0,0.0,
2018-10-19,109.4000015258789,109.4000015258789,107.2419967651367,107.443000793457,803350.0,0.0,0.0,
2018-10-22,108.0009994506836,108.4000015258789,107.004997253418,107.1500015258789,407800.0,0.0,0.0,
2018-10-23,107.1999969482422,107.1999969482422,105.7600021362305,106.2129974365234,674980.0,0.0,0.0,
2018-10-24,108.4000015258789,109.9990005493164,106.0,107.0439987182617,396720.0,0.0,0.0,
2018-10-25,106.6999969482422,106.6999969482422,105.5550003051758,106.1309967041016,531630.0,0.0,0.0,
2018-10-26,106.1999969482422,106.1999969482422,104.8000030517578,105.0189971923828,780970.0,0.0,0.0,
2018-10-29,106.129997253418,107.4899978637695,104.8000030517578,107.1669998168945,358230.0,0.0,0.0,
2018-10-30,106.1800003051758,107.6989974975586,106.1800003051758,106.8710021972656,508320.0,0.0,0.0,
2018-10-31,106.9380035400391,108.5800018310547,105.8000030517578,108.4759979248047,439920.0,0.0,0.0,
2018-11-01,108.625,109.0,108.1019973754883,108.6389999389648,242560.0,0.0,0.0,
2018-11-02,109.8499984741211,110.5999984741211,109.0999984741211,110.1829986572266,563420.0,0.0,0.0,
2018-11-05,112.3899993896484,114.5899963378906,109.4599990844727,110.1480026245117,409630.0,0.0,0.0,
2018-11-06,110.4899978637695,110.9199981689453,109.9000015258789,110.2180023193359,157430.0,0.0,0.0,
2018-11-07,111.8499984741211,114.0,110.0999984741211,110.9830017089844,106710.0,0.0,0.0,
2018-11-09,110.7699966430664,111.1900024414062,110.4710006713867,110.8219985961914,169920.0,0.0,0.0,
2018-11-12,110.9010009765625,111.4899978637695,109.4000015258789,109.7639999389648,585760.0,0.0,0.0,
2018-11-13,109.5,110.9400024414062,109.1999969482422,110.7839965820312,365450.0,0.0,0.0,
2018-11-14,111.0,111.4039993286133,109.9649963378906,110.4020004272461,534060.0,0.0,0.0,
2018-11-15,111.5,111.5,110.3150024414062,110.7939987182617,237050.0,0.0,0.0,
2018-11-16,110.9000015258789,111.6500015258789,110.9000015258789,111.4960021972656,489890.0,0.0,0.0,
2018-11-19,111.5100021362305,112.4000015258789,111.5100021362305,112.2399978637695,525110.0,0.0,0.0,
2018-11-20,111.9250030517578,112.1849975585938,111.3600006103516,111.5279998779297,393140.0,0.0,0.0,
2018-11-21,111.5299987792969,111.7750015258789,110.5279998779297,110.7020034790039,281260.0,0.0,0.0,
2018-11-22,110.9700012207031,111.1999969482422,110.0999984741211,110.3379974365234,752790.0,0.0,0.0,
2018-11-26,110.9899978637695,111.4499969482422,109.9000015258789,111.3239974975586,238340.0,0.0,0.0,
2018-11-27,111.0,111.7850036621094,110.754997253418,111.6019973754883,387570.0,0.0,0.0,
2018-11-28,111.5999984741211,112.1999969482422,111.5999984741211,111.9589996337891,372870.0,0.0,0.0,
2018-11-29,112.4199981689453,113.6999969482422,112.4199981689453,113.552001953125,324500.0,0.0,0.0,
2018-11-30,113.5599975585938,114.0,113.0999984741211,113.5080032348633,532260.0,0.0,0.0,
2018-12-03,113.8000030517578,114.1999969482422,104.6999969482422,113.7990036010742,583070.0,0.0,0.0,
2018-12-04,113.5609970092773,113.8000030517578,113.25,113.6169967651367,443680.0,0.0,0.0,
2018-12-05,113.2939987182617,113.3160018920898,112.4010009765625,112.6439971923828,407820.0,0.0,0.0,
2018-12-06,112.1999969482422,112.1999969482422,110.7229995727539,111.0169982910156,699320.0,0.0,0.0,
2018-12-07,111.1999969482422,112.0999984741211,107.0,111.9179992675781,445220.0,0.0,0.0,
2018-12-10,111.8000030517578,111.8000030517578,109.745002746582,109.8830032348633,1253300.0,0.0,0.0,
2018-12-11,109.0250015258789,110.7799987792969,108.1999969482422,110.5849990844727,1083850.0,0.0,0.0,
2018-12-12,110.6699981689453,112.4000015258789,110.4649963378906,112.1689987182617,382990.0,0.0,0.0,
2018-12-13,112.5299987792969,113.0989990234375,112.129997253418,112.5490036010742,502230.0,0.0,0.0,
2018-12-14,112.8000030517578,112.8000030517578,112.0100021362305,112.6520004272461,446700.0,0.0,0.0,
2018-12-17,112.6999969482422,113.7919998168945,112.6999969482422,113.6389999389648,514620.0,0.0,0.0,
2018-12-18,113.3550033569336,114.1750030517578,112.9049987792969,113.911003112793,239420.0,0.0,0.0,
2018-12-19,106.0,114.9550018310547,106.0,114.5400009155273,264750.0,0.0,0.0,
2018-12-20,114.1999969482422,114.870002746582,113.8399963378906,114.5250015258789,869700.0,0.0,0.0,
2018-12-21,114.0,115.0,107.5250015258789,112.5970001220703,1305860.0,0.0,0.0,
2018-12-24,113.0,113.0,111.629997253418,111.8369979858398,916330.0,0.0,0.0,
2018-12-26,118.8000030517578,118.8000030517578,110.3000030517578,112.3820037841797,343590.0,0.0,0.0,
2018-12-27,112.8000030517578,113.4789962768555,112.8000030517578,112.9830017089844,297520.0,0.0,0.0,
2018-12-28,113.0100021362305,113.8899993896484,113.0100021362305,113.5709991455078,637290.0,0.0,0.0,
2018-12-31,113.4000015258789,114.0899963378906,113.4000015258789,113.6750030517578,322130.0,0.0,0.0,
2019-01-01,113.6750030517578,114.0999984741211,113.0100021362305,113.984001159668,307490.0,0.0,0.0,
2019-01-02,113.6640014648438,113.8990020751953,112.370002746582,112.9729995727539,314230.0,0.0,0.0,
2019-01-03,112.9499969482422,113.197998046875,111.6500015258789,111.8349990844727,467370.0,0.0,0.0,
2019-01-04,111.8349990844727,112.5940017700195,111.4100036621094,112.4909973144531,335620.0,0.0,0.0,
2019-01-07,112.8000030517578,113.5699996948242,112.4000015258789,112.5619964599609,384590.0,0.0,0.0,
2019-01-08,112.5400009155273,113.0979995727539,112.254997253418,112.8570022583008,452840.0,0.0,0.0,
2019-01-09,113.4800033569336,113.4800033569336,112.3000030517578,113.2630004882812,617250.0,0.0,0.0,
2019-01-10,113.5999984741211,113.5999984741211,112.870002746582,113.2480010986328,456330.0,0.0,0.0,
2019-01-11,112.8000030517578,113.3990020751953,112.2300033569336,112.6869964599609,658990.0,0.0,0.0,
2019-01-14,112.879997253418,112.879997253418,111.8899993896484,112.1669998168945,372120.0,0.0,0.0,
2019-01-15,112.5899963378906,113.6999969482422,112.5179977416992,113.5989990234375,671660.0,0.0,0.0,
2019-01-16,113.5999984741211,114.1800003051758,113.4260025024414,114.1269989013672,706260.0,0.0,0.0,
2019-01-17,114.1999969482422,114.4000015258789,113.5599975585938,114.1480026245117,501200.0,0.0,0.0,
2019-01-18,114.1480026245117,114.1999969482422,113.4000015258789,113.8330001831055,336650.0,0.0,0.0,
2019-01-21,113.8000030517578,114.6890029907227,113.8000030517578,114.4779968261719,446610.0,0.0,0.0,
2019-01-22,114.4899978637695,114.4899978637695,113.6999969482422,114.0690002441406,203880.0,0.0,0.0,
2019-01-23,114.0,114.4899978637695,113.0999984741211,113.3150024414062,347470.0,0.0,0.0,
2019-01-24,113.3150024414062,113.6989974975586,112.8600006103516,113.4710006713867,202270.0,0.0,0.0,
2019-01-25,113.5,114.3000030517578,112.5309982299805,112.9189987182617,389890.0,0.0,0.0,
2019-01-28,112.9189987182617,113.1999969482422,111.4810028076172,111.7809982299805,1023080.0,0.0,0.0,
2019-01-29,112.0999984741211,113.5999984741211,111.0299987792969,111.8010025024414,536040.0,0.0,0.0,
2019-01-30,112.0,112.0899963378906,111.2050018310547,111.5950012207031,249530.0,0.0,0.0,
2019-01-31,110.9550018310547,113.6449966430664,110.8550033569336,113.4690017700195,260900.0,0.0,0.0,
2019-02-01,110.9550018310547,114.7330017089844,110.2649993896484,113.8570022583008,779350.0,0.0,0.0,
2019-02-04,113.9000015258789,114.3679962158203,113.1100006103516,114.3010025024414,209770.0,0.0,0.0,
2019-02-05,114.3000030517578,114.8899993896484,113.7740020751953,114.7119979858398,3749950.0,0.0,0.0,
2019-02-06,114.6999969482422,116.0999984741211,114.609001159668,115.447998046875,6036120.0,0.0,0.0,
2019-02-07,115.5,116.2990036010742,115.5,115.697998046875,174020.0,0.0,0.0,
2019-02-08,115.5,115.5999984741211,114.1999969482422,114.6439971923828,143910.0,0.0,0.0,
2019-02-11,114.5100021362305,114.5100021362305,113.8499984741211,114.2149963378906,159490.0,0.0,0.0,
2019-02-12,114.2149963378906,114.4199981689453,113.4749984741211,113.5790023803711,156260.0,0.0,0.0,
2019-02-14,113.3000030517578,113.3000030517578,112.5479965209961,112.8560028076172,390990.0,0.0,0.0,
2019-02-15,113.0,113.0,111.2600021362305,112.2460021972656,4427960.0,0.0,0.0,
2019-02-18,111.8000030517578,112.5,111.5309982299805,111.6689987182617,582840.0,0.0,0.0,
2019-02-19,112.4000015258789,112.5999984741211,111.1999969482422,111.3759994506836,523930.0,0.0,0.0,
2019-02-20,111.8000030517578,112.4000015258789,111.5350036621094,112.3170013427734,204110.0,0.0,0.0,
2019-02-21,112.1500015258789,112.9990005493164,112.1110000610352,112.7669982910156,272710.0,0.0,0.0,
2019-02-22,113.0,113.0,112.4000015258789,112.8970031738281,104130.0,0.0,0.0,
2019-02-25,113.0,113.8399963378906,113.0,113.6539993286133,176690.0,0.0,0.0,
2019-02-26,113.0,114.2389984130859,112.5999984741211,113.625,763820.0,0.0,0.0,
2019-02-27,113.7009963989258,114.370002746582,112.5,112.9140014648438,849570.0,0.0,0.0,
2019-02-28,113.2249984741211,113.8850021362305,113.0260009765625,113.3600006103516,319960.0,0.0,0.0,
2019-03-01,113.3600006103516,114.1589965820312,113.3600006103516,113.7099990844727,276810.0,0.0,0.0,
2019-03-05,113.0,115.0,112.1999969482422,114.8889999389648,1268060.0,0.0,0.0,
2019-03-06,114.8000030517578,115.7360000610352,114.8000030517578,115.5859985351562,327820.0,0.0,0.0,
2019-03-07,116.0,116.1399993896484,115.3059997558594,115.7509994506836,488920.0,0.0,0.0,
2019-03-08,115.5,115.9860000610352,115.2099990844727,115.8160018920898,542060.0,0.0,0.0,
2019-03-11,116.1999969482422,117.2720031738281,115.9000015258789,117.2259979248047,235300.0,0.0,0.0,
2019-03-12,117.0,118.5999984741211,117.0,118.4670028686523,423220.0,0.0,0.0,
2019-03-13,118.3000030517578,118.9800033569336,118.0849990844727,118.8239974975586,235720.0,0.0,0.0,
2019-03-14,118.9899978637695,119.1989974975586,118.5,118.7259979248047,257490.0,0.0,0.0,
2019-03-15,118.7259979248047,120.3499984741211,118.7259979248047,119.8870010375977,768970.0,0.0,0.0,
2019-03-18,121.0,124.8000030517578,119.5,119.9879989624023,415790.0,0.0,0.0,
2019-03-19,119.9000015258789,121.0999984741211,119.8249969482422,120.7369995117188,387030.0,0.0,0.0,
2019-03-20,120.6999969482422,121.254997253418,120.4100036621094,120.6650009155273,389630.0,0.0,0.0,
2019-03-22,120.6999969482422,121.4589996337891,119.8000030517578,119.9800033569336,155140.0,0.0,0.0,
2019-03-25,118.1999969482422,119.5,118.1999969482422,118.8099975585938,4305180.0,0.0,0.0,
2019-03-26,124.0,124.0,119.0,120.3929977416992,453980.0,0.0,0.0,
2019-03-27,120.0,121.0,119.9199981689453,120.1019973754883,491990.0,0.0,0.0,
2019-03-28,120.0999984741211,121.5,120.0999984741211,120.9769973754883,1528840.0,0.0,0.0,
2019-04-01,122.4000015258789,123.2570037841797,121.8000030517578,122.0800018310547,1139850.0,0.0,0.0,
2019-04-02,120.3000030517578,122.6999969482422,120.3000030517578,122.5250015258789,232500.0,0.0,0.0,
2019-04-03,122.5999984741211,123.3000030517578,122.0,122.1480026245117,706160.0,0.0,0.0,
2019-04-04,122.3000030517578,122.3249969482422,121.5100021362305,121.8130035400391,197270.0,0.0,0.0,
2019-04-05,123.5,126.5,121.5,122.4980010986328,515710.0,0.0,0.0,
2019-04-08,122.4980010986328,122.7900009155273,121.2699966430664,121.9530029296875,288970.0,0.0,0.0,
2019-04-09,122.0,122.6949996948242,121.3089981079102,122.4449996948242,341020.0,0.0,0.0,
2019-04-10,122.4000015258789,122.6689987182617,121.5250015258789,121.6559982299805,307690.0,0.0,0.0,
2019-04-11,124.1999969482422,124.1999969482422,121.3600006103516,121.6940002441406,104080.0,0.0,0.0,
2019-04-12,121.8990020751953,122.5,121.5999984741211,122.4140014648438,158200.0,0.0,0.0,
2019-04-15,121.5,122.9459991455078,120.0009994506836,122.8789978027344,575700.0,0.0,0.0,
2019-04-16,123.0,124.0500030517578,122.8000030517578,123.7529983520508,417640.0,0.0,0.0,
2019-04-18,124.0,124.2399978637695,123.177001953125,123.4729995727539,178440.0,0.0,0.0,
2019-04-22,123.1999969482422,123.1999969482422,121.6139984130859,121.8679962158203,584100.0,0.0,0.0,
2019-04-23,121.9000015258789,122.2949981689453,121.5999984741211,121.7009963989258,220240.0,0.0,0.0,
2019-04-24,121.8000030517578,123.1900024414062,121.1780014038086,122.9359970092773,568250.0,0.0,0.0,
2019-04-25,122.9359970092773,123.9000015258789,122.1999969482422,122.427001953125,246940.0,0.0,0.0,
2019-04-26,122.8000030517578,123.5,122.504997253418,123.3929977416992,209460.0,0.0,0.0,
2019-04-30,124.8000030517578,124.8000030517578,122.3850021362305,123.4069976806641,419250.0,0.0,0.0,
2019-05-02,123.5989990234375,123.8000030517578,122.9049987792969,123.1790008544922,154520.0,0.0,0.0,
2019-05-03,124.0699996948242,124.8000030517578,122.9000015258789,122.9909973144531,517550.0,0.0,0.0,
2019-05-06,124.3000030517578,124.9000015258789,121.5350036621094,121.8310012817383,875510.0,0.0,0.0,
2019-05-07,123.0,123.0,120.6900024414062,120.8970031738281,858770.0,0.0,0.0,
2019-05-08,122.1999969482422,122.5999984741211,119.3099975585938,119.5309982299805,2341610.0,0.0,0.0,
2019-05-09,121.7900009155273,121.7900009155273,118.1999969482422,118.4589996337891,1834360.0,0.0,0.0,
2019-05-10,118.6999969482422,119.3150024414062,118.3109970092773,118.4980010986328,722770.0,0.0,0.0,
2019-05-13,119.9499969482422,119.9499969482422,117.0,117.2200012207031,369880.0,0.0,0.0,
2019-05-14,117.504997253418,118.75,116.6999969482422,117.8610000610352,540630.0,0.0,0.0,
2019-05-15,117.9000015258789,118.6740036010742,117.2200012207031,117.4980010986328,819510.0,0.0,0.0,
2019-05-16,117.5,118.4990005493164,117.1100006103516,118.0640029907227,959780.0,0.0,0.0,
2019-05-17,118.1449966430664,119.6999969482422,118.0999984741211,119.6289978027344,1698140.0,0.0,0.0,
2019-05-20,122.4000015258789,124.3410034179688,120.5,123.9300003051758,1180140.0,0.0,0.0,
2019-05-21,124.4000015258789,124.6900024414062,122.8000030517578,123.068000793457,852760.0,0.0,0.0,
2019-05-22,124.4899978637695,124.4899978637695,122.6510009765625,123.3130035400391,728890.0,0.0,0.0,
2019-05-23,124.8000030517578,126.3000030517578,122.1100006103516,122.6019973754883,1720750.0,0.0,0.0,
2019-05-24,122.6999969482422,124.7330017089844,122.5110015869141,124.552001953125,797850.0,0.0,0.0,
2019-05-27,124.9899978637695,125.3000030517578,124.0,125.0329971313477,354050.0,0.0,0.0,
2019-05-28,125.3000030517578,125.5999984741211,124.5,125.181999206543,349520.0,0.0,0.0,
2019-05-29,124.7129974365234,125.3649978637695,124.3349990844727,124.7529983520508,206560.0,0.0,0.0,
2019-05-30,125.0479965209961,125.8000030517578,124.4209976196289,125.4779968261719,186540.0,0.0,0.0,
2019-05-31,125.5,126.4800033569336,124.7379989624023,125.2490005493164,718300.0,0.0,0.0,
2019-06-03,126.0,127.0,124.8249969482422,126.7979965209961,557200.0,0.0,0.0,
2019-06-04,126.8000030517578,127.9000015258789,126.2009963989258,126.5899963378906,666820.0,0.0,0.0,
2019-06-06,126.5999984741211,126.5999984741211,124.5500030517578,124.6780014038086,560590.0,0.0,0.0,
2019-06-07,124.7730026245117,125.1880035400391,123.5650024414062,124.8919982910156,278030.0,0.0,0.0,
2019-06-10,125.3000030517578,125.9189987182617,124.943000793457,125.6740036010742,829800.0,0.0,0.0,
2019-06-11,126.0,126.5,125.0,125.6220016479492,150920.0,0.0,0.0,
2019-06-12,126.0999984741211,126.0999984741211,124.9010009765625,125.072998046875,157390.0,0.0,0.0,
2019-06-13,125.4000015258789,125.495002746582,124.5500030517578,125.4209976196289,183450.0,0.0,0.0,
2019-06-14,125.0299987792969,125.25,124.3099975585938,124.5169982910156,319440.0,0.0,0.0,
2019-06-17,125.0999984741211,125.0999984741211,122.8399963378906,123.0830001831055,880530.0,0.0,0.0,
2019-06-18,123.1969985961914,123.5849990844727,122.6100006103516,123.140998840332,1026790.0,0.0,0.0,
2019-06-19,123.5,124.0999984741211,122.5149993896484,123.0270004272461,555080.0,0.0,0.0,
2019-06-20,122.9700012207031,124.6449966430664,122.5,124.4929962158203,1407260.0,0.0,0.0,
2019-06-21,124.4000015258789,124.4000015258789,123.5100021362305,123.6800003051758,474020.0,0.0,0.0,
2019-06-24,125.0,127.4879989624023,123.0500030517578,123.4059982299805,438340.0,0.0,0.0,
2019-06-25,124.1500015258789,125.0,122.9000015258789,124.0739974975586,337870.0,0.0,0.0,
2019-06-26,124.8199996948242,124.8199996948242,123.5800018310547,124.6529998779297,331760.0,0.0,0.0,
2019-06-27,125.0,125.4599990844727,124.5,124.8170013427734,286910.0,0.0,0.0,
2019-06-28,125.5999984741211,125.5999984741211,124.0,124.2919998168945,173170.0,0.0,0.0,
2019-07-01,124.9990005493164,125.1989974975586,124.5100021362305,124.9339981079102,340080.0,0.0,0.0,
2019-07-02,125.5999984741211,125.5999984741211,124.1999969482422,125.3030014038086,249850.0,0.0,0.0,
2019-07-03,125.0149993896484,125.5999984741211,125.0,125.4830017089844,333170.0,0.0,0.0,
2019-07-04,126.0,126.1709976196289,125.0999984741211,126.0400009155273,204310.0,0.0,0.0,
2019-07-05,126.1999969482422,126.7699966430664,124.4000015258789,124.6080017089844,909900.0,0.0,0.0,
2019-07-08,125.4990005493164,125.4990005493164,121.5749969482422,121.9440002441406,890500.0,0.0,0.0,
2019-07-09,123.8899993896484,123.8899993896484,121.0009994506836,121.8040008544922,881810.0,0.0,0.0,
2019-07-10,122.5,122.5500030517578,121.0999984741211,121.3519973754883,447960.0,0.0,0.0,
2019-07-11,122.3000030517578,122.3000030517578,121.5100021362305,122.2030029296875,173180.0,0.0,0.0,
2019-07-12,122.4499969482422,122.6969985961914,121.5500030517578,121.9710006713867,207230.0,0.0,0.0,
2019-07-15,122.5,122.5,121.6999969482422,122.2160034179688,238310.0,0.0,0.0,
2019-07-16,123.0,123.109001159668,121.9049987792969,122.9520034790039,236450.0,0.0,0.0,
2019-07-17,123.6449966430664,123.6500015258789,122.745002746582,123.2710037231445,121090.0,0.0,0.0,
2019-07-18,123.1999969482422,123.3489990234375,122.3170013427734,122.556999206543,201570.0,0.0,0.0,
2019-07-19,126.0,126.0,120.5500030517578,120.7170028686523,586460.0,0.0,0.0,
2019-07-22,122.1999969482422,122.1999969482422,119.4899978637695,119.8949966430664,845750.0,0.0,0.0,
2019-07-23,120.5,120.6999969482422,119.4499969482422,119.693000793457,304390.0,0.0,0.0,
2019-07-24,121.8880004882812,121.8880004882812,118.7389984130859,119.1389999389648,365270.0,0.0,0.0,
2019-07-25,122.4879989624023,122.4879989624023,118.8399963378906,118.9919967651367,333770.0,0.0,0.0,
2019-07-26,119.6800003051758,119.6800003051758,118.5,119.3219985961914,307120.0,0.0,0.0,
2019-07-29,119.5,119.5,118.0,118.3600006103516,404980.0,0.0,0.0,
2019-07-30,118.375,118.9970016479492,117.0999984741211,117.2490005493164,442880.0,0.0,0.0,
2019-07-31,117.3000030517578,117.7779998779297,114.4100036621094,117.5770034790039,784040.0,0.0,0.0,
2019-08-01,117.5,117.5999984741211,115.1009979248047,116.2730026245117,1057430.0,0.0,0.0,
2019-08-02,116.0,117.0899963378906,114.9000015258789,116.3369979858398,1147960.0,0.0,0.0,
2019-08-05,116.0999984741211,116.0999984741211,114.1999969482422,115.1500015258789,1309450.0,0.0,0.0,
2019-08-06,114.9990005493164,116.5,114.3420028686523,115.8710021972656,384450.0,0.0,0.0,
2019-08-07,117.8880004882812,117.8880004882812,114.7099990844727,114.9120025634766,372730.0,0.0,0.0,
2019-08-08,115.9000015258789,117.4199981689453,114.8249969482422,116.9349975585938,818710.0,0.0,0.0,
2019-08-09,117.995002746582,118.3489990234375,117.0,117.6149978637695,1093800.0,0.0,0.0,
2019-08-13,118.1999969482422,118.3000030517578,115.5,115.7630004882812,583990.0,0.0,0.0,
2019-08-14,116.4899978637695,117.2720031738281,115.7149963378906,116.713996887207,305520.0,0.0,0.0,
2019-08-16,117.0,117.6800003051758,115.75,117.0139999389648,385100.0,0.0,0.0,
2019-08-19,118.0,118.0299987792969,116.9000015258789,117.1269989013672,419950.0,0.0,0.0,
2019-08-20,117.3949966430664,117.3949966430664,116.3000030517578,116.7080001831055,323790.0,0.0,0.0,
2019-08-21,117.0,117.379997253418,115.5,115.677001953125,619480.0,0.0,0.0,
2019-08-22,116.3000030517578,116.3000030517578,113.6539993286133,113.8679962158203,849590.0,0.0,0.0,
2019-08-23,114.0999984741211,115.125,112.8000030517578,114.7429962158203,846200.0,0.0,0.0,
2019-08-26,116.9000015258789,118.0,114.0210037231445,117.0869979858398,805060.0,0.0,0.0,
2019-08-27,117.1999969482422,117.995002746582,116.6999969482422,117.4540023803711,514350.0,0.0,0.0,
2019-08-28,117.8000030517578,117.8000030517578,116.4250030517578,116.8619995117188,309110.0,0.0,0.0,
2019-08-29,117.0,117.1999969482422,115.0,116.1179962158203,679950.0,0.0,0.0,
2019-08-30,116.9000015258789,116.9000015258789,115.1220016479492,116.6139984130859,538180.0,0.0,0.0,
2019-09-03,116.495002746582,116.5,114.1999969482422,114.5169982910156,787930.0,0.0,0.0,
2019-09-04,116.0,116.0,114.0009994506836,114.8899993896484,690440.0,0.0,0.0,
2019-09-05,114.8899993896484,115.6989974975586,114.3000030517578,114.9789962768555,972430.0,0.0,0.0,
2019-09-06,115.5,116.1549987792969,115.0350036621094,115.9700012207031,329800.0,0.0,0.0,
2019-09-09,116.495002746582,116.8000030517578,115.2350006103516,116.4339981079102,534870.0,0.0,0.0,
2019-09-11,116.9940032958984,117.0999984741211,115.0059967041016,116.7839965820312,647180.0,0.0,0.0,
2019-09-12,117.4000015258789,117.4000015258789,116.2220001220703,116.4440002441406,627130.0,0.0,0.0,
2019-09-13,116.9000015258789,117.4499969482422,116.0,117.3109970092773,461080.0,0.0,0.0,
2019-09-16,117.1999969482422,117.1999969482422,115.870002746582,116.4029998779297,368600.0,0.0,0.0,
2019-09-17,116.9850006103516,116.995002746582,114.4400024414062,114.6640014648438,545220.0,0.0,0.0,
2019-09-18,114.7109985351562,115.3000030517578,114.5650024414062,114.8160018920898,576750.0,0.0,0.0,
2019-09-19,114.8669967651367,114.8669967651367,113.1110000610352,113.5199966430664,863550.0,0.0,0.0,
2019-09-20,114.1949996948242,120.5999984741211,113.1999969482422,119.5469970703125,4017110.0,0.0,0.0,
2019-09-23,120.5,123.6500015258789,120.5,123.0019989013672,3009450.0,0.0,0.0,
2019-09-24,122.9980010986328,124.1999969482422,122.2109985351562,122.6890029907227,1197750.0,0.0,0.0,
2019-09-25,123.2949981689453,123.2949981689453,121.0500030517578,121.359001159668,529670.0,0.0,0.0,
2019-09-26,121.7440032958984,122.9199981689453,121.4029998779297,122.7610015869141,5023400.0,0.0,0.0,
2019-09-27,122.7600021362305,123.8000030517578,121.6320037841797,122.0940017700195,1623840.0,0.0,0.0,
2019-09-30,122.4449996948242,122.4499969482422,120.8000030517578,121.5670013427734,1341080.0,0.0,0.0,
2019-10-01,121.7949981689453,122.3899993896484,119.1800003051758,120.5029983520508,971470.0,0.0,0.0,
2019-10-03,121.1989974975586,121.1999969482422,119.370002746582,119.8440017700195,561570.0,0.0,0.0,
2019-10-04,120.7900009155273,120.7900009155273,118.0,118.2149963378906,2694380.0,0.0,0.0,
2019-10-07,118.629997253418,126.0,117.4049987792969,117.5690002441406,3871290.0,0.0,0.0,
2019-10-09,118.3010025024414,119.5839996337891,117.0059967041016,119.427001953125,518650.0,0.0,0.0,
2019-10-10,119.1949996948242,119.3190002441406,118.0,118.5390014648438,522840.0,0.0,0.0,
2019-10-11,118.9000015258789,119.879997253418,118.4000015258789,119.7360000610352,567430.0,0.0,0.0,
2019-10-14,120.0,120.5500030517578,119.4499969482422,119.8929977416992,340180.0,0.0,0.0,
2019-10-15,120.8000030517578,121.1900024414062,119.5100021362305,120.8730010986328,396190.0,0.0,0.0,
2019-10-16,121.3499984741211,121.4720001220703,120.745002746582,120.9469985961914,1176270.0,0.0,0.0,
2019-10-17,121.1399993896484,122.8000030517578,120.7699966430664,122.4800033569336,572850.0,0.0,0.0,
2019-10-18,122.7949981689453,123.6989974975586,122.197998046875,123.4550018310547,487750.0,0.0,0.0,
2019-10-22,122.0,123.6999969482422,120.1259994506836,122.9629974365234,847540.0,0.0,0.0,
2019-10-23,123.5,123.5,122.2050018310547,122.995002746582,308030.0,0.0,0.0,
2019-10-24,123.4940032958984,123.5,122.2099990844727,122.6699981689453,496230.0,0.0,0.0,
2019-10-25,123.7949981689453,123.8000030517578,121.6050033569336,122.536003112793,796820.0,0.0,0.0,
2019-10-27,124.0,124.0,122.8899993896484,123.3870010375977,198780.0,0.0,0.0,
2019-10-29,123.8990020751953,124.8190002441406,123.0,124.6780014038086,876930.0,0.0,0.0,
2019-10-30,125.0,125.629997253418,124.6750030517578,125.2870025634766,874900.0,0.0,0.0,
2019-10-31,126.5,126.5,125.3610000610352,125.4980010986328,1919130.0,0.0,0.0,
2019-11-01,125.4000015258789,126.3600006103516,125.2369995117188,126.140998840332,444830.0,0.0,0.0,
2019-11-04,126.5,126.6999969482422,125.9049987792969,126.3440017700195,803550.0,0.0,0.0,
2019-11-05,126.5950012207031,126.5950012207031,125.713996887207,126.0589981079102,359320.0,0.0,0.0,
2019-11-06,126.4000015258789,126.879997253418,125.5,126.4749984741211,345100.0,0.0,0.0,
2019-11-07,126.4749984741211,128.8880004882812,126.3010025024414,126.9789962768555,399730.0,0.0,0.0,
2019-11-08,126.6900024414062,127.5,125.8759994506836,126.0619964599609,791780.0,0.0,0.0,
2019-11-11,126.1999969482422,126.5999984741211,125.5,126.4909973144531,445860.0,0.0,0.0,
2019-11-13,127.0,127.0,125.5100021362305,125.6969985961914,395150.0,0.0,0.0,
2019-11-14,126.1880035400391,126.1880035400391,124.9670028686523,125.5459976196289,1529700.0,0.0,0.0,
2019-11-15,126.0,126.6900024414062,125.7180023193359,126.0439987182617,1190540.0,0.0,0.0,
2019-11-18,126.5999984741211,126.5999984741211,125.6650009155273,125.7300033569336,208110.0,0.0,0.0,
2019-11-19,126.495002746582,126.6999969482422,125.7300033569336,126.3960037231445,463920.0,0.0,0.0,
2019-11-20,126.9000015258789,127.411003112793,126.5260009765625,126.8330001831055,1107130.0,0.0,0.0,
2019-11-21,127.6999969482422,127.6999969482422,126.4960021972656,126.6039962768555,269550.0,0.0,0.0,
2019-11-22,126.6900024414062,126.6900024414062,125.8499984741211,126.4420013427734,367760.0,0.0,0.0,
2019-11-25,127.0999984741211,127.8550033569336,126.1999969482422,127.7369995117188,392920.0,0.0,0.0,
2019-11-26,129.5,129.5,127.3099975585938,127.5100021362305,434770.0,0.0,0.0,
2019-11-27,127.8000030517578,128.1900024414062,127.7060012817383,127.9020004272461,396060.0,0.0,0.0,
2019-11-28,127.8000030517578,128.5,127.8000030517578,128.406005859375,3503210.0,0.0,0.0,
2019-11-29,128.6000061035156,128.6000061035156,127.1399993896484,127.5130004882812,514200.0,0.0,0.0,
2019-12-02,127.5130004882812,129.3999938964844,127.375,127.6340026855469,348080.0,0.0,0.0,
2019-12-03,128.1950073242188,128.1950073242188,126.8109970092773,126.9599990844727,287140.0,0.0,0.0,
2019-12-04,127.3000030517578,127.6389999389648,126.5100021362305,127.4690017700195,204580.0,0.0,0.0,
2019-12-05,127.0,128.1000061035156,126.7050018310547,127.2040023803711,461970.0,0.0,0.0,
2019-12-06,127.5950012207031,127.5950012207031,126.0999984741211,126.2269973754883,310430.0,0.0,0.0,
2019-12-09,127.1949996948242,127.1949996948242,125.8249969482422,126.3259963989258,226550.0,0.0,0.0,
2019-12-10,126.3259963989258,126.6470031738281,125.5950012207031,125.7949981689453,456630.0,0.0,0.0,
2019-12-11,126.3949966430664,126.4789962768555,125.5400009155273,126.2200012207031,337780.0,0.0,0.0,
2019-12-12,125.5,127.2990036010742,125.5,127.109001159668,190810.0,0.0,0.0,
2019-12-13,127.109001159668,128.0,127.1039962768555,127.9059982299805,338990.0,0.0,0.0,
2019-12-16,128.5,128.5,127.4000015258789,127.5309982299805,230330.0,0.0,0.0,
2019-12-17,128.2949981689453,128.8000030517578,127.504997253418,128.6159973144531,461080.0,0.0,0.0,
2019-12-18,128.9949951171875,129.4320068359375,128.2100067138672,129.2539978027344,219460.0,0.0,0.0,
2019-12-19,12.92000007629395,13.03299999237061,12.90499973297119,13.02000045776367,2715930.0,0.0,0.0,
2019-12-20,13.49499988555908,13.49499988555908,12.97799968719482,13.03400039672852,2466900.0,0.0,0.0,
2019-12-23,131.1999969482422,131.25,129.2799987792969,129.9299926757812,318322.0,0.0,0.0,
2019-12-24,130.8500061035156,130.8500061035156,129.2200012207031,129.4499969482422,422110.0,0.0,0.0,
2019-12-26,130.3500061035156,130.3500061035156,128.5099945068359,128.6900024414062,204241.0,0.0,0.0,
2019-12-27,128.6900024414062,130.6499938964844,128.3000030517578,129.5599975585938,233758.0,0.0,0.0,
2019-12-30,130.4499969482422,130.5,129.1900024414062,130.2599945068359,3175973.0,0.0,0.0,
2019-12-31,130.2100067138672,130.2599945068359,129.0200042724609,129.1499938964844,235878.0,0.0,0.0,
2020-01-01,128.9499969482422,131.0,128.9499969482422,129.4199981689453,269259.0,0.0,0.0,
2020-01-02,132.0,134.6000061035156,129.3999938964844,130.1399993896484,329677.0,0.0,0.0,
2020-01-03,129.0700073242188,130.8500061035156,129.0700073242188,129.7100067138672,298681.0,0.0,0.0,
2020-01-06,129.3999938964844,129.4700012207031,127.1100006103516,127.370002746582,721657.0,0.0,0.0,
2020-01-07,127.9499969482422,128.6999969482422,127.3099975585938,127.7600021362305,743200.0,0.0,0.0,
2020-01-08,126.5899963378906,127.75,126.5,127.5599975585938,422774.0,0.0,0.0,
2020-01-09,128.9499969482422,129.5500030517578,128.3500061035156,129.3399963378906,291102.0,0.0,0.0,
2020-01-10,129.9499969482422,130.1999969482422,129.3000030517578,129.6100006103516,426319.0,0.0,0.0,
2020-01-13,127.0,130.5,124.4000015258789,130.4100036621094,531373.0,0.0,0.0,
2020-01-14,130.75,131.2299957275391,129.8000030517578,131.0099945068359,325889.0,0.0,0.0,
2020-01-15,131.3999938964844,131.4499969482422,130.0,131.0099945068359,318992.0,0.0,0.0,
2020-01-16,131.4499969482422,131.5,130.0,130.9100036621094,277915.0,0.0,0.0,
2020-01-17,131.4499969482422,131.4499969482422,130.5,131.1900024414062,394076.0,0.0,0.0,
2020-01-20,131.2100067138672,131.5,129.6999969482422,129.7799987792969,769381.0,0.0,0.0,
2020-01-21,130.3500061035156,130.3500061035156,129.0500030517578,129.2700042724609,458654.0,0.0,0.0,
2020-01-22,131.4499969482422,131.4499969482422,128.2200012207031,128.5299987792969,471486.0,0.0,0.0,
2020-01-23,129.4499969482422,129.4499969482422,128.1999969482422,129.3099975585938,184783.0,0.0,0.0,
2020-01-24,129.2599945068359,130.3000030517578,128.75,130.1100006103516,630671.0,0.0,0.0,
2020-01-27,129.0,130.0,128.5500030517578,128.7299957275391,414564.0,0.0,0.0,
2020-01-28,130.6600036621094,130.6600036621094,127.5999984741211,128.1000061035156,826302.0,0.0,0.0,
2020-01-29,128.75,129.1999969482422,128.0500030517578,128.7599945068359,179693.0,0.0,0.0,
2020-01-30,128.9499969482422,129.0,127.5,127.7399978637695,1074097.0,0.0,0.0,
2020-01-31,127.9499969482422,128.4299926757812,126.9000015258789,127.1699981689453,632544.0,0.0,0.0,
2020-02-03,124.7600021362305,126.0,123.5,124.4199981689453,1306194.0,0.0,0.0,
2020-02-04,125.25,126.9300003051758,124.0500030517578,126.75,331366.0,0.0,0.0,
2020-02-05,126.0999984741211,128.1000061035156,126.0999984741211,127.9100036621094,343990.0,0.0,0.0,
2020-02-06,127.8600006103516,129.0500030517578,127.5500030517578,128.9400024414062,348705.0,0.0,0.0,
2020-02-07,129.1499938964844,129.1499938964844,127.7399978637695,128.1900024414062,512906.0,0.0,0.0,
2020-02-10,129.8500061035156,129.8500061035156,127.3099975585938,127.9100036621094,371411.0,0.0,0.0,
2020-02-11,128.0500030517578,129.9499969482422,128.0500030517578,128.3000030517578,301763.0,0.0,0.0,
2020-02-12,128.8500061035156,129.3500061035156,128.6000061035156,129.1900024414062,244082.0,0.0,0.0,
2020-02-13,129.5399932861328,129.5399932861328,128.5,129.3000030517578,491397.0,0.0,0.0,
2020-02-14,129.5399932861328,129.6900024414062,128.0899963378906,128.3800048828125,435089.0,0.0,0.0,
2020-02-17,128.9199981689453,129.0,127.6999969482422,127.8399963378906,254024.0,0.0,0.0,
2020-02-18,126.9499969482422,128.5,126.5500030517578,127.3399963378906,569499.0,0.0,0.0,
2020-02-19,127.9499969482422,128.6999969482422,127.0,128.5899963378906,463260.0,0.0,0.0,
2020-02-20,128.5500030517578,128.8000030517578,128.0,128.3600006103516,354821.0,0.0,0.0,
2020-02-24,128.4100036621094,128.4100036621094,125.5,125.7300033569336,3544077.0,0.0,0.0,
2020-02-25,126.3499984741211,126.4000015258789,125.1100006103516,125.3399963378906,587395.0,0.0,0.0,
2020-02-26,125.3899993896484,125.3899993896484,123.8000030517578,124.0400009155273,2733254.0,0.0,0.0,
2020-02-27,123.5500030517578,124.4899978637695,122.5400009155273,123.6399993896484,1863612.0,0.0,0.0,
2020-02-28,121.6500015258789,122.9400024414062,119.1100006103516,119.2900009155273,8148034.0,0.0,0.0,
2020-03-02,122.0500030517578,122.0500030517578,117.2099990844727,118.3899993896484,2355594.0,0.0,0.0,
2020-03-03,119.4400024414062,121.0100021362305,118.5500030517578,120.4000015258789,1810345.0,0.0,0.0,
2020-03-04,121.4000015258789,121.4000015258789,117.9100036621094,119.5199966430664,2300345.0,0.0,0.0,
2020-03-05,142.9499969482422,142.9499969482422,118.5999984741211,119.75,513870.0,0.0,0.0,
2020-03-06,118.4899978637695,118.4899978637695,115.5999984741211,117.1800003051758,3370046.0,0.0,0.0,
2020-03-09,116.4899978637695,116.4899978637695,109.7399978637695,111.620002746582,8020071.0,0.0,0.0,
2020-03-11,111.4899978637695,112.5,110.1999969482422,111.3099975585938,3831170.0,0.0,0.0,
2020-03-12,110.0,110.0,101.0500030517578,102.9899978637695,10397243.0,0.0,0.0,
2020-03-13,91.26000213623048,120.8499984741211,91.26000213623048,106.3600006103516,8805565.0,0.0,0.0,
2020-03-16,107.4899978637695,107.4899978637695,100.0,102.370002746582,5403873.0,0.0,0.0,
2020-03-17,102.5500030517578,105.0,97.25,99.1999969482422,4118897.0,0.0,0.0,
2020-03-18,100.9000015258789,102.8000030517578,92.1999969482422,96.08000183105467,6548497.0,0.0,0.0,
2020-03-19,94.5,94.5,87.0,89.47000122070312,9073817.0,0.0,0.0,
2020-03-20,99.87999725341795,99.87999725341795,88.0,92.97000122070312,5442253.0,0.0,0.0,
2020-03-23,87.0,94.83000183105467,81.0,83.5199966430664,8143705.0,0.0,0.0,
2020-03-24,86.0,90.0,83.06999969482422,85.0,8341374.0,0.0,0.0,
2020-03-25,85.0,90.0,84.0,89.45999908447266,4949333.0,0.0,0.0,
2020-03-26,92.0,94.8000030517578,84.0,92.68000030517578,5221001.0,0.0,0.0,
2020-03-27,93.0,96.4000015258789,90.87000274658205,91.26000213623048,4258490.0,0.0,0.0,
2020-03-30,90.0,92.5,88.6500015258789,89.16999816894531,4813354.0,0.0,0.0,
2020-03-31,90.0,92.6500015258789,89.69999694824219,91.94000244140624,3736401.0,0.0,0.0,
2020-04-01,91.94000244140624,91.94000244140624,89.0,89.3499984741211,2782739.0,0.0,0.0,
2020-04-03,90.0,91.1999969482422,86.3499984741211,86.58999633789062,4260702.0,0.0,0.0,
2020-04-07,90.0,92.8000030517578,88.25,92.41000366210938,4840105.0,0.0,0.0,
2020-04-08,91.0,98.0,90.6500015258789,92.81999969482422,5210533.0,0.0,0.0,
2020-04-09,93.9499969482422,96.5,93.4000015258789,96.2300033569336,4706256.0,0.0,0.0,
2020-04-13,96.9499969482422,96.9499969482422,94.08000183105467,95.62000274658205,2175060.0,0.0,0.0,
2020-04-15,97.0,97.9000015258789,94.5500030517578,95.1999969482422,2756785.0,0.0,0.0,
2020-04-16,96.0,96.0,94.0,95.68000030517578,1777655.0,0.0,0.0,
2020-04-17,98.0,98.6999969482422,96.4000015258789,98.20999908447266,2622443.0,0.0,0.0,
2020-04-20,100.0999984741211,100.9599990844727,97.8000030517578,97.98999786376952,2279271.0,0.0,0.0,
2020-04-21,91.0999984741211,105.9899978637695,91.0999984741211,95.5999984741211,2146145.0,0.0,0.0,
2020-04-22,102.0,102.0,94.0500030517578,97.37999725341795,1728534.0,0.0,0.0,
2020-04-23,96.27999877929688,98.8499984741211,96.27999877929688,98.62000274658205,1573782.0,0.0,0.0,
2020-04-24,97.0999984741211,98.13999938964844,96.0999984741211,97.0999984741211,6117467.0,0.0,0.0,
2020-04-27,97.1500015258789,99.0500030517578,97.0999984741211,98.43000030517578,2031629.0,0.0,0.0,
2020-04-28,100.0999984741211,100.0999984741211,98.3000030517578,99.3499984741211,1050246.0,0.0,0.0,
2020-04-29,100.0,101.6999969482422,99.4000015258789,101.120002746582,2746729.0,0.0,0.0,
2020-04-30,102.0,104.6900024414062,101.6100006103516,104.1800003051758,3783682.0,0.0,0.0,
2020-05-04,104.1800003051758,104.2099990844727,98.12000274658205,98.8000030517578,4248986.0,0.0,0.0,
2020-05-05,95.8000030517578,102.5,92.9000015258789,97.6500015258789,2950518.0,0.0,0.0,
2020-05-06,98.5,99.0,96.76000213623048,98.5,1654503.0,0.0,0.0,
2020-05-07,98.0500030517578,99.0,97.0999984741211,97.5999984741211,1921850.0,0.0,0.0,
2020-05-08,98.48999786376952,99.36000061035156,98.0,98.12000274658205,871200.0,0.0,0.0,
2020-05-11,98.98999786376952,99.97000122070312,98.01000213623048,98.20999908447266,1212126.0,0.0,0.0,
2020-05-12,98.19000244140624,98.8499984741211,96.20999908447266,97.95999908447266,1596323.0,0.0,0.0,
2020-05-13,95.9000015258789,106.8000030517578,95.9000015258789,99.69000244140624,3330046.0,0.0,0.0,
2020-05-14,97.6999969482422,99.38999938964844,97.11000061035156,97.41999816894533,1975805.0,0.0,0.0,
2020-05-15,97.5,98.9000015258789,96.37000274658205,97.08000183105467,2010254.0,0.0,0.0,
2020-05-18,97.8499984741211,97.9000015258789,93.75,93.93000030517578,4744785.0,0.0,0.0,
2020-05-19,95.01000213623048,95.98999786376952,94.1999969482422,94.33999633789062,3341472.0,0.0,0.0,
2020-05-20,95.6500015258789,96.79000091552734,94.0199966430664,96.25,1980862.0,0.0,0.0,
2020-05-21,97.4499969482422,97.45999908447266,95.5,96.69000244140624,1286795.0,0.0,0.0,
2020-05-22,99.0,99.0,94.8000030517578,96.11000061035156,1872380.0,0.0,0.0,
2020-05-26,98.0,98.0,84.5999984741211,96.20999908447266,2194246.0,0.0,0.0,
2020-05-27,96.9499969482422,98.79000091552734,95.5199966430664,98.5999984741211,2916839.0,0.0,0.0,
2020-05-28,98.9499969482422,100.6999969482422,98.6999969482422,100.370002746582,2933846.0,0.0,0.0,
2020-05-29,99.9000015258789,101.7600021362305,98.8000030517578,101.379997253418,2556487.0,0.0,0.0,
2020-06-01,102.0,105.2799987792969,102.0,104.4199981689453,3862486.0,0.0,0.0,
2020-06-02,102.0,106.0,95.0,105.8899993896484,2967917.0,0.0,0.0,
2020-06-03,106.879997253418,107.8399963378906,106.1100006103516,106.3600006103516,3693773.0,0.0,0.0,
2020-06-04,106.3600006103516,107.1699981689453,105.0999984741211,106.2699966430664,2256015.0,0.0,0.0,
2020-06-05,106.2699966430664,107.9499969482422,106.25,107.6600036621094,1847782.0,0.0,0.0,
2020-06-08,108.5,109.4499969482422,107.6699981689453,108.0999984741211,2765914.0,0.0,0.0,
2020-06-09,109.0,109.0999984741211,106.5999984741211,106.8499984741211,2356586.0,0.0,0.0,
2020-06-10,107.4000015258789,107.9000015258789,104.2099990844727,107.5199966430664,1833936.0,0.0,0.0,
2020-06-11,107.0500030517578,107.879997253418,105.1100006103516,105.3000030517578,2105891.0,0.0,0.0,
2020-06-12,103.870002746582,105.9100036621094,102.1999969482422,105.7200012207031,4921933.0,0.0,0.0,
2020-06-15,105.6500015258789,105.7200012207031,103.3899993896484,104.5100021362305,3330215.0,0.0,0.0,
2020-06-16,106.25,106.870002746582,103.370002746582,105.2099990844727,3829031.0,0.0,0.0,
2020-06-17,104.9300003051758,106.0,104.3199996948242,104.9199981689453,4345818.0,0.0,0.0,
2020-06-18,105.379997253418,107.1999969482422,104.0999984741211,106.9700012207031,2874162.0,0.0,0.0,
2020-06-19,107.8000030517578,109.0,106.0999984741211,108.7900009155273,4181289.0,0.0,0.0,
2020-06-22,109.8000030517578,110.2900009155273,108.7099990844727,109.5599975585938,3664305.0,0.0,0.0,
2020-06-23,110.0,111.2799987792969,109.25,111.0,3164075.0,0.0,0.0,
2020-06-24,111.0,111.9100036621094,109.2200012207031,109.5299987792969,4180669.0,0.0,0.0,
2020-06-25,109.0,109.9499969482422,108.0100021362305,109.0500030517578,5601668.0,0.0,0.0,
2020-06-26,109.5800018310547,110.5999984741211,109.3300018310547,110.2399978637695,2440079.0,0.0,0.0,
2020-06-29,110.2399978637695,111.0999984741211,108.7200012207031,109.7399978637695,1966389.0,0.0,0.0,
2020-06-30,110.9499969482422,110.9499969482422,109.25,109.5199966430664,1667919.0,0.0,0.0,
2020-07-01,110.9199981689453,111.1999969482422,108.75,111.0400009155273,1781342.0,0.0,0.0,
2020-07-02,111.1100006103516,112.4700012207031,111.1100006103516,112.0999984741211,2697856.0,0.0,0.0,
2020-07-03,112.6500015258789,112.8899993896484,112.1399993896484,112.5100021362305,1736490.0,0.0,0.0,
2020-07-06,113.879997253418,114.5599975585938,112.8000030517578,114.2799987792969,2874049.0,0.0,0.0,
2020-07-07,114.2799987792969,114.9700012207031,113.4300003051758,114.6500015258789,2472941.0,0.0,0.0,
2020-07-08,114.6500015258789,115.1999969482422,113.5999984741211,113.8499984741211,1888826.0,0.0,0.0,
2020-07-09,113.8499984741211,115.1999969482422,113.8499984741211,115.0699996948242,1791188.0,0.0,0.0,
2020-07-10,114.0999984741211,115.0699996948242,113.8600006103516,114.379997253418,1703310.0,0.0,0.0,
2020-07-13,117.0,117.0,114.2600021362305,114.8600006103516,2318031.0,0.0,0.0,
2020-07-14,114.7900009155273,115.0999984741211,112.4000015258789,112.9300003051758,3298092.0,0.0,0.0,
2020-07-15,113.9899978637695,114.9899978637695,112.6100006103516,112.9700012207031,3082694.0,0.0,0.0,
2020-07-16,113.9899978637695,114.2399978637695,112.5299987792969,114.0800018310547,1849501.0,0.0,0.0,
2020-07-17,114.9000015258789,116.1699981689453,114.1500015258789,115.8099975585938,2349481.0,0.0,0.0,
2020-07-20,116.0999984741211,118.0,116.0500030517578,117.0599975585938,2990564.0,0.0,0.0,
2020-07-21,117.1600036621094,118.7300033569336,116.8000030517578,118.5400009155273,3251989.0,0.0,0.0,
2020-07-22,119.0,119.1999969482422,117.3499984741211,118.1100006103516,2531693.0,0.0,0.0,
2020-07-23,118.9800033569336,119.1999969482422,117.1100006103516,119.0800018310547,1948030.0,0.0,0.0,
2020-07-24,118.3000030517578,119.3000030517578,117.7099990844727,118.9899978637695,2172268.0,0.0,0.0,
2020-07-27,118.9899978637695,119.9499969482422,118.0,118.3899993896484,1759243.0,0.0,0.0,
2020-07-28,119.25,120.1900024414062,117.6999969482422,120.0199966430664,1684385.0,0.0,0.0,
2020-07-29,135.6000061035156,135.6000061035156,118.8000030517578,119.2600021362305,1794840.0,0.0,0.0,
2020-07-30,120.4499969482422,120.4499969482422,117.7900009155273,117.9599990844727,1906742.0,0.0,0.0,
2020-07-31,116.0100021362305,118.5999984741211,116.0100021362305,118.0199966430664,1481516.0,0.0,0.0,
2020-08-03,118.0199966430664,119.5,116.0500030517578,116.1699981689453,2746972.0,0.0,0.0,
2020-08-04,116.3000030517578,118.1500015258789,116.25,118.0,1291694.0,0.0,0.0,
2020-08-05,118.0199966430664,119.2399978637695,117.6399993896484,118.0299987792969,1407090.0,0.0,0.0,
2020-08-06,118.9499969482422,119.6800003051758,118.1800003051758,119.0199966430664,1615399.0,0.0,0.0,
2020-08-07,119.5999984741211,119.6500015258789,118.1600036621094,119.3499984741211,776576.0,0.0,0.0,
2020-08-10,119.0999984741211,120.3899993896484,119.0999984741211,119.9700012207031,1036138.0,0.0,0.0,
2020-08-11,120.9000015258789,120.9800033569336,120.0500030517578,120.4400024414062,755382.0,0.0,0.0,
2020-08-12,120.25,120.75,119.2699966430664,120.3300018310547,892620.0,0.0,0.0,
2020-08-13,121.2699966430664,121.4400024414062,119.9100036621094,120.4899978637695,1022353.0,0.0,0.0,
2020-08-14,121.0,121.2699966430664,118.3300018310547,119.2600021362305,1546537.0,0.0,0.0,
2020-08-17,120.4499969482422,120.9000015258789,119.0,119.879997253418,1696680.0,0.0,0.0,
2020-08-18,120.1500015258789,121.0699996948242,119.3000030517578,120.9700012207031,1675189.0,0.0,0.0,
2020-08-19,122.5,122.5,121.0,121.129997253418,3338356.0,0.0,0.0,
2020-08-20,120.4499969482422,120.8199996948242,119.3300018310547,120.4199981689453,4239875.0,0.0,0.0,
2020-08-21,121.9899978637695,121.9899978637695,120.5,121.1100006103516,684750.0,0.0,0.0,
2020-08-24,122.4899978637695,139.3000030517578,121.1100006103516,122.0,1136194.0,0.0,0.0,
2020-08-25,122.9800033569336,124.9899978637695,121.3600006103516,121.9300003051758,975015.0,0.0,0.0,
2020-08-26,135.0,135.0,121.8000030517578,122.75,965666.0,0.0,0.0,
2020-08-27,139.0,139.0,122.5500030517578,122.9100036621094,1149699.0,0.0,0.0,
2020-08-28,129.0,129.0,122.9000015258789,124.0400009155273,1532042.0,0.0,0.0,
2020-08-31,139.0,139.0,120.4499969482422,121.0299987792969,3949062.0,0.0,0.0,
2020-09-01,134.8800048828125,134.8800048828125,120.0,122.1500015258789,1354038.0,0.0,0.0,
2020-09-02,125.0,125.0,121.5599975585938,122.75,1206221.0,0.0,0.0,
2020-09-03,129.8800048828125,129.8800048828125,122.1100006103516,122.7300033569336,990151.0,0.0,0.0,
2020-09-04,121.25,122.0500030517578,102.2600021362305,121.120002746582,1497942.0,0.0,0.0,
2020-09-07,134.8800048828125,134.8800048828125,119.0,121.2699966430664,1011218.0,0.0,0.0,
2020-09-08,133.8800048828125,133.8800048828125,120.6500015258789,120.8499984741211,1193139.0,0.0,0.0,
2020-09-09,120.75,120.75,115.0500030517578,120.3399963378906,1567827.0,0.0,0.0,
2020-09-10,129.0,129.0,116.8000030517578,121.9400024414062,1180882.0,0.0,0.0,
2020-09-11,134.8800048828125,134.8800048828125,121.5400009155273,122.129997253418,1149380.0,0.0,0.0,
2020-09-14,127.0,127.0,121.5199966430664,122.129997253418,1051377.0,0.0,0.0,
2020-09-15,127.0,127.0,122.0999984741211,122.9000015258789,1137606.0,0.0,0.0,
2020-09-16,141.3000030517578,141.3000030517578,120.0,123.7099990844727,1142239.0,0.0,0.0,
2020-09-17,125.6600036621094,125.6600036621094,122.0,122.7200012207031,886681.0,0.0,0.0,
2020-09-18,130.0,130.0,111.6999969482422,122.6600036621094,631382.0,0.0,0.0,
2020-09-21,127.4000015258789,127.4000015258789,118.8499984741211,119.9199981689453,1765426.0,0.0,0.0,
2020-09-22,115.0,125.0,115.0,118.9100036621094,1654611.0,0.0,0.0,
2020-09-23,130.0,130.0,117.8000030517578,118.9499969482422,1291468.0,0.0,0.0,
2020-09-24,120.0,120.0,115.5599975585938,115.7600021362305,2545877.0,0.0,0.0,
2020-09-25,116.8499984741211,118.1100006103516,115.0,117.870002746582,1640520.0,0.0,0.0,
2020-09-28,120.0,120.0,117.9100036621094,119.75,1311060.0,0.0,0.0,
2020-09-29,130.0,130.0,119.4100036621094,119.8199996948242,1496013.0,0.0,0.0,
2020-09-30,122.0,122.4199981689453,118.5500030517578,119.9300003051758,1045812.0,0.0,0.0,
2020-10-01,120.5,121.7399978637695,119.7200012207031,121.6100006103516,1429823.0,0.0,0.0,
2020-10-05,125.0,125.0,120.0500030517578,122.379997253418,2450876.0,0.0,0.0,
2020-10-06,124.0,124.1999969482422,120.0,124.0299987792969,1563246.0,0.0,0.0,
2020-10-07,127.4499969482422,127.4499969482422,116.5999984741211,124.8899993896484,1645537.0,0.0,0.0,
2020-10-08,127.0,127.0,123.3000030517578,125.9100036621094,2178562.0,0.0,0.0,
2020-10-09,130.0,130.0,125.6999969482422,126.9899978637695,2170213.0,0.0,0.0,
2020-10-12,124.0,128.1000061035156,124.0,126.9599990844727,2384129.0,0.0,0.0,
2020-10-13,129.0,130.0,126.0,127.0199966430664,1505033.0,0.0,0.0,
2020-10-14,127.5500030517578,127.6900024414062,125.8000030517578,127.4199981689453,1702320.0,0.0,0.0,
2020-10-15,128.0,128.0,124.0,124.8099975585938,3685080.0,0.0,0.0,
2020-10-16,125.4400024414062,125.9199981689453,124.5999984741211,125.620002746582,2100993.0,0.0,0.0,
2020-10-19,130.0,130.0,124.6100006103516,126.8099975585938,1702514.0,0.0,0.0,
2020-10-20,130.0,130.0,125.25,126.7699966430664,1244029.0,0.0,0.0,
2020-10-21,130.0,130.0,125.4100036621094,126.9800033569336,1714840.0,0.0,0.0,
2020-10-22,128.0,128.0,126.0,126.7300033569336,1185727.0,0.0,0.0,
2020-10-23,128.0,128.0,126.7300033569336,127.1100006103516,1099448.0,0.0,0.0,
2020-10-26,146.1999969482422,146.1999969482422,125.1999969482422,125.8099975585938,1653723.0,0.0,0.0,
2020-10-27,109.5,129.9900054931641,109.5,126.8099975585938,1375549.0,0.0,0.0,
2020-10-28,119.1999969482422,145.8000030517578,119.1999969482422,125.4000015258789,1802721.0,0.0,0.0,
2020-10-29,129.5,139.0,124.0,124.7200012207031,1442980.0,0.0,0.0,
2020-10-30,130.0,138.0,123.4000015258789,124.5699996948242,1694273.0,0.0,0.0,
2020-11-02,127.6900024414062,127.6900024414062,123.4000015258789,124.370002746582,2026545.0,0.0,0.0,
2020-11-03,126.0,126.2399978637695,124.0500030517578,126.0100021362305,1278806.0,0.0,0.0,
2020-11-04,139.0,139.0,114.6999969482422,127.0299987792969,1720136.0,0.0,0.0,
2020-11-05,133.0,133.0,127.5100021362305,129.1199951171875,1799777.0,0.0,0.0,
2020-11-06,129.0,130.8000030517578,126.5100021362305,130.6100006103516,2090661.0,0.0,0.0,
2020-11-09,132.0,133.0,131.1600036621094,132.7299957275391,1575611.0,0.0,0.0,
2020-11-10,144.6999969482422,144.6999969482422,132.9400024414062,134.7200012207031,2844216.0,0.0,0.0,
2020-11-11,154.8999938964844,154.8999938964844,122.5999984741211,135.8300018310547,2626835.0,0.0,0.0,
2020-11-12,144.6999969482422,144.6999969482422,134.6499938964844,135.2599945068359,1464974.0,0.0,0.0,
2020-11-13,140.0,140.0,130.0,135.7899932861328,1675631.0,0.0,0.0,
2020-11-14,123.5999984741211,140.0,123.5999984741211,136.3999938964844,901758.0,0.0,0.0,
2020-11-17,154.8800048828125,154.8800048828125,136.5099945068359,137.3899993896484,2497489.0,0.0,0.0,
2020-11-18,136.0,149.8800048828125,136.0,137.8999938964844,1932468.0,0.0,0.0,
2020-11-19,120.0,143.8800048828125,120.0,136.25,2243961.0,0.0,0.0,
2020-11-20,137.0,137.3300018310547,135.0,137.0,1597557.0,0.0,0.0,
2020-11-23,149.0,149.0,136.6199951171875,137.7599945068359,1987751.0,0.0,0.0,
2020-11-24,147.8800048828125,147.8800048828125,129.5,139.3800048828125,2727726.0,0.0,0.0,
2020-11-25,154.7400054931641,154.7400054931641,137.1999969482422,137.3899993896484,2261085.0,0.0,0.0,
2020-11-26,144.0,144.0,136.6000061035156,138.2400054931641,7689852.0,0.0,0.0,
2020-11-27,150.0,150.0,133.0399932861328,138.3800048828125,1273581.0,0.0,0.0,
2020-12-01,149.6999969482422,149.6999969482422,133.1000061035156,139.7899932861328,1452032.0,0.0,0.0,
2020-12-02,154.0,154.0,138.6000061035156,139.9600067138672,1203053.0,0.0,0.0,
2020-12-03,141.2299957275391,143.0,139.9100036621094,140.1199951171875,1344091.0,0.0,0.0,
2020-12-04,143.1999969482422,143.1999969482422,139.9499969482422,141.2700042724609,1151089.0,0.0,0.0,
2020-12-07,143.0,143.0,140.5,142.2899932861328,2265003.0,0.0,0.0,
2020-12-08,154.0,154.0,141.3000030517578,142.8600006103516,1588215.0,0.0,0.0,
2020-12-09,146.0,146.0,140.5,144.4100036621094,1490549.0,0.0,0.0,
2020-12-10,154.0,154.0,143.0,143.8200073242188,1541066.0,0.0,0.0,
2020-12-11,148.0,148.0,142.8000030517578,143.9299926757812,1557017.0,0.0,0.0,
2020-12-14,144.9900054931641,145.6999969482422,143.4499969482422,144.3200073242188,2254461.0,0.0,0.0,
2020-12-15,146.0,146.0,143.3999938964844,144.6100006103516,1565759.0,0.0,0.0,
2020-12-16,159.0,159.0,144.0,145.8200073242188,1258149.0,0.0,0.0,
2020-12-17,154.8000030517578,154.8000030517578,145.5599975585938,146.5599975585938,1116175.0,0.0,0.0,
2020-12-18,159.0,159.0,145.3999938964844,146.9600067138672,1745336.0,0.0,0.0,
2020-12-21,146.9400024414062,146.9600067138672,140.5500030517578,142.5,3192127.0,0.0,0.0,
2020-12-22,146.3999938964844,146.3999938964844,129.6999969482422,143.8200073242188,2462353.0,0.0,0.0,
2020-12-23,143.9499969482422,145.3099975585938,143.2799987792969,145.1199951171875,1280315.0,0.0,0.0,
2020-12-24,154.6999969482422,154.6999969482422,144.4499969482422,146.5200042724609,1837640.0,0.0,0.0,
2020-12-28,159.0,159.0,146.25,147.7799987792969,1362994.0,0.0,0.0,
2020-12-29,148.3999938964844,148.9499969482422,148.1000061035156,148.7700042724609,1639088.0,0.0,0.0,
2020-12-30,149.4100036621094,149.5,148.1000061035156,149.2700042724609,1664595.0,0.0,0.0,
2020-12-31,148.1499938964844,149.9499969482422,148.1499938964844,149.0700073242188,1513100.0,0.0,0.0,
2021-01-01,159.6799926757812,159.6799926757812,147.6499938964844,149.5700073242188,767502.0,0.0,0.0,
2021-01-04,150.5899963378906,150.8999938964844,148.9499969482422,150.7100067138672,1729074.0,0.0,0.0,
2021-01-05,159.6999969482422,159.6999969482422,149.75,151.3000030517578,2248517.0,0.0,0.0,
2021-01-06,159.6999969482422,159.6999969482422,145.5800018310547,151.2200012207031,1890161.0,0.0,0.0,
2021-01-07,155.0,155.0,151.0099945068359,151.1999969482422,1184831.0,0.0,0.0,
2021-01-08,168.8800048828125,168.8800048828125,151.7299957275391,152.8800048828125,1488219.0,0.0,0.0,
2021-01-11,158.0,159.6999969482422,153.1100006103516,154.3800048828125,1714620.0,0.0,0.0,
2021-01-12,154.4400024414062,155.4700012207031,153.8999938964844,155.3200073242188,1645477.0,0.0,0.0,
2021-01-13,156.1499938964844,156.1499938964844,154.3099975585938,155.6000061035156,1524163.0,0.0,0.0,
2021-01-14,155.5,155.9199981689453,154.5200042724609,155.7599945068359,1242536.0,0.0,0.0,
2021-01-15,155.9499969482422,155.9499969482422,153.5,154.1100006103516,2219346.0,0.0,0.0,
2021-01-18,160.25,164.8000030517578,152.0800018310547,152.5599975585938,2172716.0,0.0,0.0,
2021-01-19,153.8999938964844,155.6000061035156,153.3200073242188,155.4499969482422,1986752.0,0.0,0.0,
2021-01-20,155.4199981689453,156.8500061035156,155.1199951171875,156.75,1574034.0,0.0,0.0,
2021-01-21,169.6999969482422,169.6999969482422,155.3399963378906,156.0200042724609,1966764.0,0.0,0.0,
2021-01-22,156.9799957275391,156.9900054931641,153.6999969482422,153.9100036621094,2013987.0,0.0,0.0,
2021-01-25,174.8800048828125,174.8800048828125,152.2200012207031,152.4600067138672,1877148.0,0.0,0.0,
2021-01-27,157.6999969482422,157.6999969482422,140.1999969482422,149.4799957275391,3099586.0,0.0,0.0,
2021-01-28,149.0,149.0,147.0,147.9900054931641,3724096.0,0.0,0.0,
2021-01-29,164.7400054931641,164.7400054931641,145.6000061035156,146.1000061035156,4019948.0,0.0,0.0,
2021-02-01,150.0,153.0,146.2400054931641,152.5200042724609,5752457.0,0.0,0.0,
2021-02-02,154.3300018310547,162.0,153.1199951171875,156.1000061035156,5401586.0,0.0,0.0,
2021-02-03,164.3999938964844,164.3999938964844,155.2100067138672,157.6600036621094,3184291.0,0.0,0.0,
2021-02-04,174.6999969482422,174.6999969482422,156.5099945068359,158.6900024414062,2597296.0,0.0,0.0,
2021-02-05,159.2700042724609,159.9900054931641,158.4799957275391,159.0500030517578,2162707.0,0.0,0.0,
2021-02-08,179.6999969482422,179.6999969482422,159.3500061035156,161.0299987792969,3414992.0,0.0,0.0,
2021-02-09,161.6699981689453,162.6999969482422,160.7599945068359,161.2299957275391,2186027.0,0.0,0.0,
2021-02-10,161.8300018310547,161.9199981689453,160.1499938964844,161.4600067138672,2086456.0,0.0,0.0,
2021-02-11,161.1699981689453,162.6399993896484,160.9400024414062,162.0599975585938,1130555.0,0.0,0.0,
2021-02-12,162.3500061035156,162.6999969482422,161.3000030517578,162.1699981689453,1471633.0,0.0,0.0,
2021-02-15,163.1699981689453,165.0,159.75,163.9299926757812,1390282.0,0.0,0.0,
2021-02-16,169.8800048828125,169.8800048828125,162.7100067138672,163.5399932861328,2808707.0,0.0,0.0,
2021-02-17,164.9799957275391,164.9799957275391,162.0099945068359,162.5899963378906,1633793.0,0.0,0.0,
2021-02-18,172.5899963378906,172.5899963378906,161.5700073242188,161.8899993896484,1466832.0,0.0,0.0,
2021-02-19,161.5700073242188,164.1900024414062,159.5500030517578,160.4199981689453,1924382.0,0.0,0.0,
2021-02-22,160.75,162.1900024414062,156.7100067138672,157.1799926757812,4266735.0,0.0,0.0,
2021-02-23,158.6900024414062,164.6000061035156,157.1000061035156,157.5899963378906,3376578.0,0.0,0.0,
2021-02-24,157.5899963378906,163.8500061035156,157.1000061035156,160.1499938964844,1694856.0,0.0,0.0,
2021-02-25,161.4600067138672,162.3899993896484,160.8200073242188,161.8699951171875,2078898.0,0.0,0.0,
2021-02-26,157.0,163.6199951171875,154.5500030517578,156.1499938964844,6394687.0,0.0,0.0,
2021-03-01,161.9900054931641,161.9900054931641,156.8000030517578,158.0099945068359,2262115.0,0.0,0.0,
2021-03-02,159.4100036621094,159.9900054931641,158.0099945068359,159.5700073242188,1674905.0,0.0,0.0,
2021-03-03,161.1399993896484,163.3099975585938,160.3899993896484,162.9799957275391,2774589.0,0.0,0.0,
2021-03-04,165.0,165.0,160.0,161.1999969482422,1760533.0,0.0,0.0,
2021-03-05,160.3300018310547,161.1799926757812,158.3000030517578,159.6600036621094,2004187.0,0.0,0.0,
2021-03-08,163.6399993896484,183.6000061035156,159.6600036621094,160.0399932861328,1419094.0,0.0,0.0,
2021-03-09,161.1799926757812,161.8000030517578,159.8500061035156,161.4700012207031,1483026.0,0.0,0.0,
2021-03-10,164.9400024414062,164.9400024414062,161.5599975585938,162.1600036621094,1026447.0,0.0,0.0,
2021-03-12,163.9900054931641,163.9900054931641,159.8899993896484,160.6300048828125,2695163.0,0.0,0.0,
2021-03-15,161.0,161.0099945068359,158.1000061035156,159.9600067138672,2726411.0,0.0,0.0,
2021-03-16,163.1900024414062,164.6000061035156,159.0,159.7899932861328,1194883.0,0.0,0.0,
2021-03-17,183.4799957275391,183.4799957275391,157.5200042724609,157.8800048828125,2020012.0,0.0,0.0,
2021-03-18,159.4900054931641,159.4900054931641,155.3099975585938,156.1199951171875,2566012.0,0.0,0.0,
2021-03-19,158.5899963378906,158.5899963378906,153.8600006103516,157.8699951171875,2989141.0,0.0,0.0,
2021-03-22,178.8800048828125,178.8800048828125,137.3000030517578,157.3300018310547,2249076.0,0.0,0.0,
2021-03-23,178.4799957275391,178.4799957275391,157.1600036621094,158.3500061035156,2196154.0,0.0,0.0,
2021-03-24,174.8800048828125,174.8800048828125,155.9100036621094,156.0899963378906,2880134.0,0.0,0.0,
2021-03-25,156.5299987792969,156.5500030517578,153.25,153.8600006103516,4619262.0,0.0,0.0,
2021-03-26,183.4799957275391,183.4799957275391,154.1100006103516,155.2100067138672,3133917.0,0.0,0.0,
2021-03-30,179.8800048828125,179.8800048828125,153.8099975585938,158.4199981689453,3007505.0,0.0,0.0,
2021-03-31,177.4799957275391,177.4799957275391,156.8000030517578,157.1600036621094,1770531.0,0.0,0.0,
2021-04-01,137.0500030517578,177.0,137.0500030517578,158.6999969482422,1753952.0,0.0,0.0,
2021-04-05,156.0099945068359,174.0,155.0099945068359,156.9600067138672,3825031.0,0.0,0.0,
2021-04-06,152.3000030517578,159.9799957275391,152.1000061035156,157.3899993896484,1679649.0,0.0,0.0,
2021-04-07,159.3999938964844,159.3999938964844,155.6100006103516,158.8200073242188,1490166.0,0.0,0.0,
2021-04-08,159.8000030517578,160.0,154.1000061035156,158.8699951171875,1387673.0,0.0,0.0,
2021-04-09,159.6000061035156,159.6000061035156,158.1000061035156,158.7799987792969,919771.0,0.0,0.0,
2021-04-12,179.8800048828125,179.8800048828125,150.1000061035156,154.0800018310547,6958023.0,0.0,0.0,
2021-04-13,174.8800048828125,174.8800048828125,153.4499969482422,155.5,2306251.0,0.0,0.0,
2021-04-15,174.8800048828125,174.8800048828125,152.4100036621094,155.9299926757812,1757440.0,0.0,0.0,
2021-04-16,154.9499969482422,157.1799926757812,154.4499969482422,156.4199981689453,1128520.0,0.0,0.0,
2021-04-19,156.1799926757812,156.2299957275391,151.7700042724609,154.0899963378906,2725967.0,0.0,0.0,
2021-04-20,132.0,156.4900054931641,132.0,153.2899932861328,2219957.0,0.0,0.0,
2021-04-22,169.8300018310547,169.8300018310547,151.9199981689453,154.2700042724609,1575936.0,0.0,0.0,
2021-04-23,161.0,161.0,151.25,153.8600006103516,1497148.0,0.0,0.0,
2021-04-26,158.3999938964844,158.3999938964844,153.9100036621094,155.1699981689453,1445359.0,0.0,0.0,
2021-04-27,163.0,163.0,152.3500061035156,156.8300018310547,1034413.0,0.0,0.0,
2021-04-28,158.6399993896484,159.0899963378906,155.3600006103516,158.8999938964844,1587740.0,0.0,0.0,
2021-04-29,161.1399993896484,161.1399993896484,157.8099975585938,159.1000061035156,1997771.0,0.0,0.0,
2021-04-30,157.9400024414062,158.6799926757812,155.1499938964844,157.0,1610283.0,0.0,0.0,
2021-05-03,156.4900054931641,157.4199981689453,154.5599975585938,156.9700012207031,1531614.0,0.0,0.0,
2021-05-04,164.0,164.0,155.1499938964844,155.5500030517578,1378826.0,0.0,0.0,
2021-05-05,158.8999938964844,158.8999938964844,151.3500061035156,156.8099975585938,1411068.0,0.0,0.0,
2021-05-06,163.5,163.5,156.1999969482422,157.5399932861328,1048532.0,0.0,0.0,
2021-05-07,159.3999938964844,159.3999938964844,155.1999969482422,158.5299987792969,1347683.0,0.0,0.0,
2021-05-10,160.3999938964844,160.3999938964844,158.5500030517578,159.6900024414062,1811054.0,0.0,0.0,
2021-05-11,159.1999969482422,159.3099975585938,157.7400054931641,158.9400024414062,1280124.0,0.0,0.0,
2021-05-12,161.8999938964844,161.8999938964844,157.2400054931641,157.6900024414062,1450842.0,0.0,0.0,
2021-05-14,158.9900054931641,169.0,156.5700073242188,157.4700012207031,1800545.0,0.0,0.0,
2021-05-17,155.6000061035156,159.7200012207031,155.6000061035156,159.5200042724609,1344415.0,0.0,0.0,
2021-05-18,161.8999938964844,161.8999938964844,160.0,161.3699951171875,1913546.0,0.0,0.0,
2021-05-19,161.3699951171875,162.8999938964844,160.0,160.6699981689453,1259712.0,0.0,0.0,
2021-05-20,169.0,169.0,159.4100036621094,159.6399993896484,1095072.0,0.0,0.0,
2021-05-21,174.8999938964844,174.8999938964844,159.75,162.1000061035156,1585589.0,0.0,0.0,
2021-05-24,170.0,170.0,161.3099975585938,162.4299926757812,1408268.0,0.0,0.0,
2021-05-25,178.8800048828125,178.8800048828125,162.0099945068359,162.5299987792969,1045055.0,0.0,0.0,
2021-05-26,170.0,170.0,150.8000030517578,163.4600067138672,1121397.0,0.0,0.0,
2021-05-27,170.0,170.0,162.2299957275391,164.1199951171875,1459534.0,0.0,0.0,
2021-05-28,168.8999938964844,168.8999938964844,164.0,165.0200042724609,1536434.0,0.0,0.0,
2021-05-31,179.0,179.0,155.1000061035156,166.7899932861328,1664143.0,0.0,0.0,
2021-06-01,179.0,179.0,166.4199981689453,166.8800048828125,1595004.0,0.0,0.0,
2021-06-02,166.75,167.6000061035156,164.4100036621094,167.2899932861328,932798.0,0.0,0.0,
2021-06-03,167.3000030517578,177.6999969482422,167.3000030517578,168.1699981689453,1011967.0,0.0,0.0,
2021-06-04,174.8999938964844,174.8999938964844,159.0,168.1499938964844,1058387.0,0.0,0.0,
2021-06-07,174.3999938964844,174.3999938964844,168.1499938964844,168.6300048828125,1733382.0,0.0,0.0,
2021-06-08,169.6399993896484,169.6399993896484,167.1999969482422,168.5700073242188,695044.0,0.0,0.0,
2021-06-09,174.3999938964844,174.3999938964844,159.3000030517578,167.5899963378906,1198930.0,0.0,0.0,
2021-06-10,174.3899993896484,174.3899993896484,165.0500030517578,168.6000061035156,687667.0,0.0,0.0,
2021-06-11,173.8999938964844,173.8999938964844,167.1999969482422,169.3300018310547,1395622.0,0.0,0.0,
2021-06-14,174.8800048828125,174.8800048828125,166.3000030517578,169.5599975585938,1875312.0,0.0,0.0,
2021-06-15,173.9799957275391,174.3999938964844,169.0,170.2700042724609,720652.0,0.0,0.0,
2021-06-16,173.9400024414062,174.3999938964844,169.3000030517578,169.6900024414062,1152832.0,0.0,0.0,
2021-06-17,179.0,179.0,168.1000061035156,168.7899932861328,1063422.0,0.0,0.0,
2021-06-18,168.8600006103516,169.8000030517578,166.4499969482422,168.6699981689453,1658740.0,0.0,0.0,
2021-06-21,168.0,169.3899993896484,166.5,169.0700073242188,1931684.0,0.0,0.0,
2021-06-22,183.4799957275391,183.4799957275391,169.1000061035156,169.4100036621094,1140000.0,0.0,0.0,
2021-06-23,173.8000030517578,173.8000030517578,168.5,168.6799926757812,1054283.0,0.0,0.0,
2021-06-24,184.8800048828125,184.8800048828125,168.1000061035156,169.6799926757812,868516.0,0.0,0.0,
2021-06-25,170.6799926757812,170.6799926757812,165.0,170.3999938964844,1087315.0,0.0,0.0,
2021-06-28,170.3999938964844,173.5,169.8000030517578,169.8500061035156,1404615.0,0.0,0.0,
2021-06-29,184.4299926757812,184.4299926757812,166.6600036621094,169.3300018310547,1121228.0,0.0,0.0,
2021-06-30,173.3500061035156,173.3500061035156,160.1499938964844,169.1300048828125,846600.0,0.0,0.0,
2021-07-01,173.4499969482422,173.4499969482422,168.5099945068359,168.9199981689453,1040915.0,0.0,0.0,
2021-07-02,171.8500061035156,171.8500061035156,167.5500030517578,169.3399963378906,843371.0,0.0,0.0,
2021-07-05,172.3999938964844,173.8800048828125,166.5,170.1300048828125,1200342.0,0.0,0.0,
2021-07-06,170.8999938964844,171.0,168.75,170.1699981689453,949072.0,0.0,0.0,
2021-07-07,172.25,172.25,169.1399993896484,170.4600067138672,715925.0,0.0,0.0,
2021-07-08,172.1999969482422,180.6999969482422,169.0200042724609,169.4700012207031,1285484.0,0.0,0.0,
2021-07-09,173.3999938964844,173.3999938964844,168.5,169.0700073242188,1420007.0,0.0,0.0,
2021-07-12,176.3899993896484,176.3899993896484,165.1699981689453,169.0399932861328,842741.0,0.0,0.0,
2021-07-13,172.8500061035156,172.8500061035156,169.25,170.1699981689453,607828.0,0.0,0.0,
2021-07-14,172.3500061035156,172.3500061035156,166.5500030517578,170.6000061035156,699257.0,0.0,0.0,
2021-07-15,184.8999938964844,184.8999938964844,169.5,171.2799987792969,765208.0,0.0,0.0,
2021-07-16,173.1999969482422,173.1999969482422,151.6999969482422,171.4100036621094,610263.0,0.0,0.0,
2021-07-19,174.9400024414062,174.9400024414062,169.0200042724609,169.7700042724609,1366502.0,0.0,0.0,
2021-07-20,184.8300018310547,184.8300018310547,167.9600067138672,168.5399932861328,2191600.0,0.0,0.0,
2021-07-22,172.6000061035156,172.6000061035156,168.8099975585938,170.3600006103516,895788.0,0.0,0.0,
2021-07-23,172.7799987792969,172.7799987792969,166.0500030517578,170.5700073242188,997334.0,0.0,0.0,
2021-07-26,174.8399963378906,174.8399963378906,169.1000061035156,170.2799987792969,1124977.0,0.0,0.0,
2021-07-27,174.7400054931641,174.7400054931641,169.2400054931641,169.6799926757812,1005585.0,0.0,0.0,
2021-07-28,172.5500030517578,172.5500030517578,167.3999938964844,169.3399963378906,1800475.0,0.0,0.0,
2021-07-29,170.25,170.9499969482422,168.4499969482422,169.9499969482422,553884.0,0.0,0.0,
2021-07-30,179.8999938964844,179.8999938964844,135.5099945068359,169.6900024414062,991454.0,0.0,0.0,
2021-08-02,174.6900024414062,174.6900024414062,170.0,171.0,953704.0,0.0,0.0,
2021-08-03,172.5800018310547,173.3999938964844,161.0,173.2700042724609,1725861.0,0.0,0.0,
2021-08-04,174.75,175.0,173.1499938964844,174.6699981689453,1283417.0,0.0,0.0,
2021-08-05,177.3999938964844,177.3999938964844,172.5500030517578,175.1300048828125,1016990.0,0.0,0.0,
2021-08-06,188.75,188.75,174.6499938964844,174.8500061035156,763764.0,0.0,0.0,
2021-08-09,177.8000030517578,177.8000030517578,170.1499938964844,175.4100036621094,717383.0,0.0,0.0,
2021-08-10,175.8999938964844,176.25,174.8200073242188,175.6300048828125,772380.0,0.0,0.0,
2021-08-11,188.9499969482422,188.9499969482422,160.1499938964844,175.3699951171875,958183.0,0.0,0.0,
2021-08-12,176.6999969482422,176.6999969482422,174.5500030517578,176.1699981689453,793639.0,0.0,0.0,
2021-08-13,189.8000030517578,189.8000030517578,175.5500030517578,177.9400024414062,1213494.0,0.0,0.0,
2021-08-16,179.8999938964844,179.8999938964844,176.6000061035156,178.6000061035156,758499.0,0.0,0.0,
2021-08-17,182.4400024414062,182.4400024414062,155.3999938964844,178.9100036621094,733550.0,0.0,0.0,
2021-08-18,194.75,194.75,174.6300048828125,178.7599945068359,1545056.0,0.0,0.0,
2021-08-20,194.0,194.0,176.0800018310547,177.3200073242188,1825110.0,0.0,0.0,
2021-08-23,193.4299926757812,193.4299926757812,177.0,178.1000061035156,899824.0,0.0,0.0,
2021-08-24,188.4299926757812,188.4299926757812,167.4499969482422,179.4600067138672,801419.0,0.0,0.0,
2021-08-25,193.9499969482422,193.9499969482422,179.1999969482422,179.4700012207031,640105.0,0.0,0.0,
2021-08-26,190.0,190.0,179.0,179.5200042724609,822706.0,0.0,0.0,
2021-08-27,184.8300018310547,184.8300018310547,168.6999969482422,180.2400054931641,773596.0,0.0,0.0,
2021-08-30,187.9499969482422,187.9499969482422,179.3000030517578,182.5700073242188,1108398.0,0.0,0.0,
2021-08-31,193.4299926757812,193.4299926757812,182.0099945068359,184.5500030517578,1826619.0,0.0,0.0,
2021-09-01,187.6999969482422,187.6999969482422,171.1600036621094,184.3099975585938,2863644.0,0.0,0.0,
2021-09-02,185.25,186.0,180.25,185.9600067138672,887174.0,0.0,0.0,
2021-09-03,172.3099975585938,193.3899993896484,172.3099975585938,186.9100036621094,1329680.0,0.0,0.0,
2021-09-06,186.9600067138672,188.4499969482422,186.9600067138672,187.5500030517578,1038640.0,0.0,0.0,
2021-09-07,187.9499969482422,188.3999938964844,186.6000061035156,187.1699981689453,855784.0,0.0,0.0,
2021-09-08,188.4400024414062,188.4400024414062,186.3500061035156,187.1399993896484,1193553.0,0.0,0.0,
2021-09-09,193.3899993896484,193.3899993896484,186.0500030517578,187.4199981689453,541346.0,0.0,0.0,
2021-09-13,188.1999969482422,188.1999969482422,186.4499969482422,187.1100006103516,1223906.0,0.0,0.0,
2021-09-14,214.8300018310547,214.8300018310547,180.1600036621094,187.5399932861328,738023.0,0.0,0.0,
2021-09-15,163.1999969482422,192.3500061035156,163.1999969482422,189.0099945068359,671943.0,0.0,0.0,
2021-09-16,191.9499969482422,191.9499969482422,188.6000061035156,190.2200012207031,775593.0,0.0,0.0,
2021-09-17,173.1000061035156,195.3899993896484,173.1000061035156,189.8200073242188,1221723.0,0.0,0.0,
2021-09-20,187.4499969482422,190.2400054931641,187.3999938964844,187.8600006103516,1422295.0,0.0,0.0,
2021-09-21,199.6499938964844,199.6499938964844,187.1199951171875,189.6600036621094,4120688.0,0.0,0.0,
2021-09-22,192.8399963378906,192.8399963378906,189.0599975585938,189.6900024414062,4307400.0,0.0,0.0,
2021-09-23,194.3999938964844,194.3999938964844,190.0,192.2899932861328,1010781.0,0.0,0.0,
2021-09-24,197.3999938964844,197.3999938964844,188.0,192.6300048828125,1273255.0,0.0,0.0,
2021-09-27,204.7400054931641,204.7400054931641,183.6600036621094,192.7899932861328,1562160.0,0.0,0.0,
2021-09-28,221.6999969482422,221.6999969482422,189.8600006103516,191.4400024414062,2048952.0,0.0,0.0,
2021-09-29,174.1999969482422,209.0,174.1999969482422,191.1499938964844,947847.0,0.0,0.0,
2021-09-30,197.4400024414062,197.4400024414062,189.1999969482422,190.1100006103516,1268872.0,0.0,0.0,
2021-10-01,193.5,193.5,188.4199981689453,189.2200012207031,1588636.0,0.0,0.0,
2021-10-04,187.0500030517578,197.3899993896484,187.0500030517578,191.0299987792969,1077774.0,0.0,0.0,
2021-10-05,191.6499938964844,192.3000030517578,189.6999969482422,192.1999969482422,1027571.0,0.0,0.0,
2021-10-06,199.3899993896484,199.3899993896484,187.1000061035156,190.1900024414062,1363144.0,0.0,0.0,
2021-10-07,187.0500030517578,193.0700073242188,187.0500030517578,191.8200073242188,791922.0,0.0,0.0,
2021-10-08,197.4400024414062,197.4400024414062,190.1499938964844,192.5800018310547,995591.0,0.0,0.0,
2021-10-11,193.1199951171875,194.0,167.5,193.0899963378906,980337.0,0.0,0.0,
2021-10-12,219.8000030517578,219.8000030517578,182.6000061035156,193.6600036621094,977091.0,0.0,0.0,
2021-10-13,204.8500061035156,204.8500061035156,185.25,195.5599975585938,964360.0,0.0,0.0,
2021-10-14,205.2799987792969,205.2799987792969,195.75,197.1100006103516,1437892.0,0.0,0.0,
2021-10-18,207.3899993896484,207.3899993896484,195.75,198.9100036621094,1286340.0,0.0,0.0,
2021-10-19,198.1600036621094,207.8000030517578,197.9900054931641,198.4100036621094,1401551.0,0.0,0.0,
2021-10-20,202.3899993896484,202.3899993896484,196.4600067138672,197.3000030517578,1250249.0,0.0,0.0,
2021-10-21,201.4400024414062,201.4400024414062,190.0500030517578,196.0800018310547,1805437.0,0.0,0.0,
2021-10-22,199.8500061035156,199.8500061035156,194.7799987792969,195.6799926757812,1652430.0,0.0,0.0,
2021-10-25,198.6499938964844,198.6499938964844,194.0599975585938,195.7100067138672,1765164.0,0.0,0.0,
2021-10-26,199.3899993896484,199.3899993896484,194.0500030517578,197.1300048828125,1534000.0,0.0,0.0,
2021-10-27,203.3899993896484,203.3899993896484,194.1000061035156,196.5399932861328,617383.0,0.0,0.0,
2021-10-28,209.0,209.0,192.9799957275391,193.6799926757812,3088059.0,0.0,0.0,
2021-10-29,209.0,209.0,182.1000061035156,191.1600036621094,3221676.0,0.0,0.0,
2021-11-01,208.8800048828125,208.8800048828125,191.3600006103516,193.8399963378906,1708376.0,0.0,0.0,
2021-11-02,206.8999938964844,206.8999938964844,183.6000061035156,193.1000061035156,1283566.0,0.0,0.0,
2021-11-03,200.0,200.0,190.1000061035156,192.5800018310547,955400.0,0.0,0.0,
2021-11-04,207.8800048828125,207.8800048828125,185.1100006103516,193.5899963378906,671760.0,0.0,0.0,
2021-11-08,200.0,200.0,192.6000061035156,195.3699951171875,1519865.0,0.0,0.0,
2021-11-09,200.0,200.0,193.0,194.8800048828125,893324.0,0.0,0.0,
2021-11-10,199.0,199.0,192.9299926757812,194.6600036621094,992035.0,0.0,0.0,
2021-11-11,199.8999938964844,199.8999938964844,192.1000061035156,193.25,1515188.0,0.0,0.0,
2021-11-12,198.0,198.0,191.25,195.4600067138672,783229.0,0.0,0.0,
2021-11-15,199.5,199.5,190.0,195.5200042724609,996741.0,0.0,0.0,
2021-11-16,199.5,199.5,194.1499938964844,194.4700012207031,814109.0,0.0,0.0,
2021-11-17,199.5,199.5,192.1000061035156,193.5299987792969,688797.0,0.0,0.0,
2021-11-18,197.4400024414062,197.4400024414062,191.3300018310547,192.1399993896484,1517958.0,0.0,0.0,
2021-11-22,197.4400024414062,209.3999938964844,186.0,188.5299987792969,5172290.0,0.0,0.0,
2021-11-23,193.3999938964844,193.3999938964844,177.1999969482422,189.3999938964844,3015629.0,0.0,0.0,
2021-11-24,192.3999938964844,192.3999938964844,187.7799987792969,188.25,1530991.0,0.0,0.0,
2021-11-25,188.6999969482422,189.8500061035156,187.1199951171875,189.5099945068359,1795882.0,0.0,0.0,
2021-11-26,193.0,193.0,183.8099975585938,184.5099945068359,6059071.0,0.0,0.0,
2021-11-29,187.6600036621094,187.6600036621094,180.1000061035156,184.5500030517578,2673261.0,0.0,0.0,
2021-11-30,188.0,188.0,183.2100067138672,183.6999969482422,2393478.0,0.0,0.0,
2021-12-01,187.5,187.5,183.1000061035156,185.7200012207031,1170241.0,0.0,0.0,
2021-12-02,186.9199981689453,188.1900024414062,184.5099945068359,187.9900054931641,1486616.0,0.0,0.0,
2021-12-03,192.5,192.5,185.75,186.0,1581371.0,0.0,0.0,
2021-12-06,192.3999938964844,192.3999938964844,182.8000030517578,183.0099945068359,2784801.0,0.0,0.0,
2021-12-07,190.0,190.0,180.1000061035156,185.7100067138672,1224647.0,0.0,0.0,
2021-12-08,191.0,191.0,185.7100067138672,188.4799957275391,1425972.0,0.0,0.0,
2021-12-09,192.5,192.5,187.1600036621094,189.1399993896484,1108273.0,0.0,0.0,
2021-12-10,185.0,192.5,185.0,189.0899963378906,994683.0,0.0,0.0,
2021-12-13,192.3999938964844,192.3999938964844,187.6000061035156,187.8999938964844,1528129.0,0.0,0.0,
2021-12-14,188.1499938964844,192.3999938964844,184.9100036621094,187.3300018310547,1054763.0,0.0,0.0,
2021-12-15,192.0,192.0,185.4499969482422,186.25,1079759.0,0.0,0.0,
2021-12-16,190.0,190.0,185.0,186.6199951171875,1960645.0,0.0,0.0,
2021-12-17,190.0,190.0,182.0,183.7700042724609,3432337.0,0.0,0.0,
2021-12-20,187.5,187.5,177.8500061035156,179.9299926757812,11424477.0,0.0,0.0,
2021-12-21,185.0,185.0,180.0,181.4499969482422,2314192.0,0.0,0.0,
2021-12-22,185.0,185.0,180.0500030517578,183.3300018310547,1263241.0,0.0,0.0,
2021-12-23,187.5,187.5,183.5,184.1000061035156,2003481.0,0.0,0.0,
2021-12-24,187.5,187.5,180.1000061035156,183.4499969482422,1561743.0,0.0,0.0,
2021-12-27,187.4900054931641,187.4900054931641,178.0,184.5500030517578,1195033.0,0.0,0.0,
2021-12-28,187.4499969482422,187.4499969482422,184.5500030517578,186.3000030517578,1823403.0,0.0,0.0,
2021-12-29,188.8999938964844,188.8999938964844,182.5,186.1199951171875,1149172.0,0.0,0.0,
2021-12-30,186.7200012207031,187.4499969482422,185.3000030517578,186.1399993896484,1554321.0,0.0,0.0,
2021-12-31,188.0,188.7700042724609,185.1499938964844,187.7899932861328,2531648.0,0.0,0.0,
2022-01-03,190.0,190.9499969482422,185.3000030517578,190.7200012207031,2595035.0,0.0,0.0,
2022-01-04,198.9100036621094,198.9100036621094,189.1999969482422,192.4600067138672,1985741.0,0.0,0.0,
2022-01-05,195.0,195.0,191.3000030517578,193.3399963378906,1532485.0,0.0,0.0,
2022-01-06,193.0,193.0,190.75,191.9199981689453,2295715.0,0.0,0.0,
2022-01-07,194.0,194.0,191.3999938964844,192.4199981689453,1164892.0,0.0,0.0,
2022-01-10,193.6999969482422,194.5,192.4499969482422,194.3500061035156,2125975.0,0.0,0.0,
2022-01-11,196.0,196.0,193.25,194.6900024414062,1055181.0,0.0,0.0,
2022-01-12,197.5,197.5,195.0500030517578,196.1999969482422,1506313.0,0.0,0.0,
2022-01-13,198.8000030517578,198.8000030517578,195.8000030517578,197.0,1965999.0,0.0,0.0,
2022-01-14,199.8500061035156,199.8500061035156,195.5,197.3600006103516,1926983.0,0.0,0.0,
2022-01-17,223.0,223.0,195.6999969482422,198.0299987792969,1655939.0,0.0,0.0,
2022-01-18,199.0,199.0,195.6000061035156,195.9700012207031,1936923.0,0.0,0.0,
2022-01-19,221.3999938964844,221.3999938964844,193.0,194.1799926757812,1947061.0,0.0,0.0,
2022-01-20,195.8000030517578,195.8000030517578,191.1000061035156,192.1799926757812,3125434.0,0.0,0.0,
2022-01-21,191.9900054931641,191.9900054931641,189.2200012207031,190.6399993896484,3135380.0,0.0,0.0,
2022-01-24,196.8000030517578,196.8000030517578,184.0500030517578,185.7899932861328,9706128.0,0.0,0.0,
2022-01-25,185.4900054931641,187.3800048828125,183.0500030517578,187.0700073242188,5883754.0,0.0,0.0,
2022-01-27,194.0,194.0,182.6999969482422,185.3300018310547,5945584.0,0.0,0.0,
2022-01-28,187.75,188.0599975585938,184.8000030517578,185.1000061035156,2774965.0,0.0,0.0,
2022-01-31,199.8800048828125,199.8800048828125,185.25,187.6300048828125,2238333.0,0.0,0.0,
2022-02-01,190.8000030517578,190.8000030517578,178.1100006103516,189.6999969482422,4046199.0,0.0,0.0,
2022-02-02,194.0,194.0,189.6999969482422,192.1199951171875,2272990.0,0.0,0.0,
2022-02-03,195.0,195.0,189.6000061035156,190.0099945068359,2498448.0,0.0,0.0,
2022-02-04,193.0,193.0,189.0099945068359,189.5899963378906,3276311.0,0.0,0.0,
2022-02-07,193.0,193.0,185.3899993896484,186.3399963378906,3745509.0,0.0,0.0,
2022-02-08,190.0,190.0,184.5,186.8099975585938,2401848.0,0.0,0.0,
2022-02-09,199.8500061035156,199.8500061035156,187.1000061035156,189.0299987792969,1253049.0,0.0,0.0,
2022-02-10,191.5,191.5,188.5,190.1100006103516,3300794.0,0.0,0.0,
2022-02-11,192.5,192.5,187.0,188.0,2152018.0,0.0,0.0,
2022-02-14,187.5,187.5,182.3000030517578,182.5899963378906,7366629.0,0.0,0.0,
2022-02-15,185.0,187.8800048828125,182.5899963378906,187.5899963378906,2687788.0,0.0,0.0,
2022-02-16,190.0,190.0,186.4499969482422,187.1399993896484,2043037.0,0.0,0.0,
2022-02-17,190.0,190.0,186.1699981689453,186.9299926757812,1415247.0,0.0,0.0,
2022-02-18,183.3000030517578,190.0,183.3000030517578,186.6399993896484,1659566.0,0.0,0.0,
2022-02-21,190.0,190.0,184.6900024414062,186.2899932861328,2084966.0,0.0,0.0,
2022-02-22,186.0,186.0,182.6900024414062,185.2700042724609,4189474.0,0.0,0.0,
2022-02-23,187.9900054931641,187.9900054931641,184.5800018310547,185.0500030517578,1460494.0,0.0,0.0,
2022-02-24,180.6000061035156,189.9499969482422,177.0,178.3600006103516,19565577.0,0.0,0.0,
2022-02-25,185.0,185.0,179.0,180.8500061035156,5674475.0,0.0,0.0,
2022-02-28,189.8800048828125,189.8800048828125,176.1000061035156,181.8399963378906,4466025.0,0.0,0.0,
2022-03-02,185.0,185.0,178.3000030517578,180.1000061035156,5163914.0,0.0,0.0,
2022-03-03,184.8999938964844,184.8999938964844,178.3000030517578,178.8600006103516,3247919.0,0.0,0.0,
2022-03-04,178.4799957275391,178.4799957275391,175.0599975585938,176.2599945068359,8765287.0,0.0,0.0,
2022-03-07,176.8999938964844,176.8999938964844,171.25,172.3300018310547,13669797.0,0.0,0.0,
2022-03-08,177.5500030517578,177.5500030517578,170.2599945068359,173.3999938964844,9202552.0,0.0,0.0,
2022-03-09,180.0,180.0,173.1499938964844,176.9799957275391,4224355.0,0.0,0.0,
2022-03-10,177.25,183.8999938964844,177.25,179.6499938964844,4577829.0,0.0,0.0,
2022-03-11,183.0,183.0,177.1600036621094,179.9799957275391,2724636.0,0.0,0.0,
2022-03-14,182.0,182.9900054931641,178.3500061035156,182.6100006103516,3096236.0,0.0,0.0,
2022-03-15,185.0,185.0,179.5099945068359,180.6000061035156,2958912.0,0.0,0.0,
2022-03-16,183.6000061035156,183.8000030517578,181.8000030517578,183.6600036621094,2288980.0,0.0,0.0,
2022-03-17,188.0,188.0,185.1999969482422,186.7100067138672,4130440.0,0.0,0.0,
2022-03-21,190.0,190.0,182.0,185.3800048828125,2590277.0,0.0,0.0,
2022-03-22,189.0,193.75,184.1999969482422,187.3399963378906,2606331.0,0.0,0.0,
2022-03-23,190.0,190.0,185.0,186.3399963378906,2584326.0,0.0,0.0,
2022-03-24,198.0,198.0,177.8000030517578,186.0899963378906,2232760.0,0.0,0.0,
2022-03-25,187.1199951171875,187.1199951171875,185.0,185.8200073242188,5968779.0,0.0,0.0,
2022-03-28,188.1999969482422,188.1999969482422,184.3000030517578,186.3200073242188,3218703.0,0.0,0.0,
2022-03-29,190.0,190.0,184.1499938964844,187.2200012207031,2197933.0,0.0,0.0,
2022-03-30,191.5,191.5,187.75,188.9100036621094,3621150.0,0.0,0.0,
2022-03-31,190.5,190.5,188.1499938964844,188.8699951171875,2204741.0,0.0,0.0,
2022-04-01,189.9400024414062,190.9600067138672,185.0,190.4700012207031,14131760.0,0.0,0.0,
2022-04-04,190.5,195.3500061035156,190.5,195.1900024414062,10721051.0,0.0,0.0,
2022-04-05,196.7400054931641,197.1499938964844,194.1000061035156,194.5500030517578,5835051.0,0.0,0.0,
2022-04-06,194.2400054931641,194.2400054931641,192.6999969482422,193.0,2181412.0,0.0,0.0,
2022-04-07,193.0,193.0,191.0599975585938,191.2599945068359,2595043.0,0.0,0.0,
2022-04-08,195.0,195.0,189.1300048828125,192.7599945068359,2055024.0,0.0,0.0,
2022-04-11,193.5399932861328,193.5399932861328,191.0,191.6699981689453,3910874.0,0.0,0.0,
2022-04-12,189.8600006103516,210.0,189.1999969482422,190.4199981689453,7386091.0,0.0,0.0,
2022-04-13,195.0,195.0,189.3300018310547,189.5399932861328,3323040.0,0.0,0.0,
2022-04-18,188.5500030517578,188.5500030517578,185.25,186.2299957275391,6161166.0,0.0,0.0,
2022-04-19,185.0,187.6999969482422,182.3999938964844,183.6799926757812,4548205.0,0.0,0.0,
2022-04-20,191.8899993896484,191.8899993896484,182.1999969482422,185.8600006103516,1850293.0,0.0,0.0,
2022-04-21,209.5500030517578,209.5500030517578,184.4100036621094,188.1000061035156,1893836.0,0.0,0.0,
2022-04-22,188.2400054931641,188.2400054931641,184.75,186.0899963378906,1826897.0,0.0,0.0,
2022-04-25,186.6900024414062,186.6900024414062,183.25,183.8600006103516,3788167.0,0.0,0.0,
2022-04-26,194.8800048828125,194.8800048828125,184.4700012207031,186.1100006103516,1293913.0,0.0,0.0,
2022-04-27,200.0,200.0,183.6100006103516,184.7799987792969,2079309.0,0.0,0.0,
2022-04-28,188.5,194.8800048828125,184.8000030517578,186.4100036621094,2128010.0,0.0,0.0,
2022-04-29,192.75,192.75,184.8000030517578,185.4299926757812,2139926.0,0.0,0.0,
2022-05-02,176.25,185.25,176.25,185.1199951171875,2891664.0,0.0,0.0,
2022-05-04,193.9799957275391,193.9799957275391,180.5,181.0500030517578,6683312.0,0.0,0.0,
2022-05-05,194.4799957275391,194.4799957275391,180.6999969482422,181.0099945068359,2971622.0,0.0,0.0,
2022-05-06,180.4900054931641,180.4900054931641,177.3500061035156,177.9400024414062,9509041.0,0.0,0.0,
2022-05-09,171.0,184.8800048828125,171.0,176.9499969482422,5393087.0,0.0,0.0,
2022-05-10,184.6000061035156,184.6000061035156,175.1999969482422,176.1600036621094,3075228.0,0.0,0.0,
2022-05-11,153.3000030517578,181.8999938964844,153.3000030517578,175.3399963378906,5356589.0,0.0,0.0,
2022-05-12,174.9900054931641,175.0,170.9600067138672,171.7200012207031,12227812.0,0.0,0.0,
2022-05-13,178.8999938964844,178.8999938964844,171.0099945068359,171.3999938964844,4861805.0,0.0,0.0,
2022-05-16,176.8000030517578,176.8000030517578,171.0,172.1300048828125,3448002.0,0.0,0.0,
2022-05-17,176.8999938964844,176.8999938964844,171.0099945068359,176.4400024414062,3600691.0,0.0,0.0,
2022-05-18,178.9900054931641,178.9900054931641,175.2100067138672,176.0500030517578,2871652.0,0.0,0.0,
2022-05-19,175.9900054931641,175.9900054931641,171.5,171.6999969482422,6755953.0,0.0,0.0,
2022-05-20,176.9900054931641,176.9900054931641,172.0099945068359,175.9199981689453,2696074.0,0.0,0.0,
2022-05-23,178.9900054931641,178.9900054931641,174.8999938964844,175.5299987792969,3285457.0,0.0,0.0,
2022-05-24,177.9900054931641,177.9900054931641,174.2599945068359,175.0899963378906,1629644.0,0.0,0.0,
2022-05-25,176.8000030517578,176.8000030517578,173.2599945068359,174.1300048828125,2332641.0,0.0,0.0,
2022-05-26,176.6999969482422,176.6999969482422,173.0,175.5700073242188,3043887.0,0.0,0.0,
2022-05-27,179.8000030517578,179.8000030517578,175.1499938964844,177.1000061035156,2037316.0,0.0,0.0,
2022-05-30,182.8999938964844,182.8999938964844,177.5500030517578,180.4299926757812,3814752.0,0.0,0.0,
2022-05-31,180.9900054931641,180.9900054931641,177.25,179.8699951171875,2419814.0,0.0,0.0,
2022-06-01,180.1900024414062,180.6999969482422,178.5500030517578,179.5899963378906,2011588.0,0.0,0.0,
2022-06-02,180.9900054931641,180.9900054931641,178.0,180.6799926757812,1852591.0,0.0,0.0,
2022-06-03,183.5,184.9900054931641,180.0,180.2100067138672,2096915.0,0.0,0.0,
2022-06-06,181.9900054931641,181.9900054931641,176.25,180.1499938964844,2076981.0,0.0,0.0,
2022-06-07,181.8800048828125,181.8800048828125,177.25,178.5599975585938,4870947.0,0.0,0.0,
2022-06-08,181.8600006103516,181.8600006103516,177.5,178.0800018310547,3371153.0,0.0,0.0,
2022-06-09,179.9900054931641,179.9900054931641,176.3300018310547,179.3999938964844,1756747.0,0.0,0.0,
2022-06-10,178.9900054931641,178.9900054931641,176.1399993896484,176.4600067138672,3447645.0,0.0,0.0,
2022-06-13,175.9900054931641,175.9900054931641,170.9499969482422,171.8699951171875,11691798.0,0.0,0.0,
2022-06-14,172.9900054931641,172.9900054931641,170.0599975585938,171.3000030517578,4062092.0,0.0,0.0,
2022-06-15,173.9900054931641,173.9900054931641,171.0,171.1000061035156,2578431.0,0.0,0.0,
2022-06-16,172.8999938964844,172.8999938964844,167.3099975585938,167.5599975585938,12278413.0,0.0,0.0,
2022-06-17,170.8999938964844,170.8999938964844,165.8699951171875,166.8699951171875,7864469.0,0.0,0.0,
2022-06-20,169.8999938964844,169.8999938964844,165.6999969482422,167.3099975585938,3305437.0,0.0,0.0,
2022-06-21,169.5,170.8999938964844,167.4700012207031,170.2599945068359,3266551.0,0.0,0.0,
2022-06-22,171.9900054931641,171.9900054931641,167.8000030517578,168.0800018310547,3538333.0,0.0,0.0,
2022-06-23,169.9900054931641,170.2700042724609,166.1100006103516,169.7100067138672,3924398.0,0.0,0.0,
2022-06-24,172.9900054931641,172.9900054931641,169.8999938964844,171.1600036621094,2402113.0,0.0,0.0,
2022-06-27,171.0,173.8999938964844,171.0,172.6199951171875,3876553.0,0.0,0.0,
2022-06-28,173.9900054931641,173.9900054931641,171.3000030517578,172.6499938964844,2233374.0,0.0,0.0,
2022-06-29,172.9900054931641,172.9900054931641,170.3000030517578,171.8600006103516,2225141.0,0.0,0.0,
2022-06-30,172.9900054931641,172.9900054931641,170.0,171.6000061035156,3002593.0,0.0,0.0,
2022-07-01,172.3800048828125,172.3800048828125,169.0,171.6399993896484,3629619.0,0.0,0.0,
2022-07-04,172.8999938964844,172.8999938964844,170.6499938964844,172.6300048828125,3249155.0,0.0,0.0,
2022-07-05,175.0,175.9900054931641,170.1100006103516,172.0399932861328,4628550.0,0.0,0.0,
2022-07-06,174.6799926757812,174.6799926757812,170.9100036621094,174.1199951171875,3536136.0,0.0,0.0,
2022-07-07,175.3500061035156,175.6999969482422,174.3999938964844,175.5399932861328,4128319.0,0.0,0.0,
2022-07-08,178.9900054931641,178.9900054931641,175.5800018310547,176.2799987792969,2797277.0,0.0,0.0,
2022-07-11,178.8800048828125,178.8800048828125,175.0800018310547,176.2299957275391,3234345.0,0.0,0.0,
2022-07-12,175.8999938964844,176.0,174.6999969482422,175.1000061035156,3180084.0,0.0,0.0,
2022-07-13,177.9900054931641,177.9900054931641,173.9499969482422,174.0599975585938,2719238.0,0.0,0.0,
2022-07-14,176.4400024414062,176.4400024414062,172.1100006103516,173.9299926757812,2693779.0,0.0,0.0,
2022-07-15,176.9700012207031,176.9700012207031,171.1100006103516,175.0200042724609,1883447.0,0.0,0.0,
2022-07-18,176.6999969482422,177.5,175.5500030517578,177.3899993896484,3244564.0,0.0,0.0,
2022-07-19,176.8000030517578,178.1900024414062,175.8999938964844,177.8800048828125,3104562.0,0.0,0.0,
2022-07-20,182.8000030517578,182.8000030517578,178.6999969482422,179.5299987792969,6831455.0,0.0,0.0,
2022-07-21,180.9700012207031,180.9700012207031,178.1999969482422,180.5399932861328,3246465.0,0.0,0.0,
2022-07-22,177.1100006103516,182.8699951171875,177.1100006103516,181.8899993896484,4042684.0,0.0,0.0,
2022-07-25,182.9499969482422,184.5099945068359,180.3000030517578,181.4600067138672,2877584.0,0.0,0.0,
2022-07-26,176.1000061035156,181.9499969482422,176.1000061035156,179.9100036621094,2484141.0,0.0,0.0,
2022-07-27,180.8899993896484,181.8000030517578,178.6000061035156,181.6000061035156,3065858.0,0.0,0.0,
2022-07-28,184.5,184.5,180.1100006103516,184.1799926757812,4186901.0,0.0,0.0,
2022-07-29,185.0,186.8000030517578,184.25,186.5399932861328,5387909.0,0.0,0.0,
2022-08-01,186.5399932861328,190.0,186.5399932861328,188.6300048828125,4377216.0,0.0,0.0,
2022-08-02,199.9900054931641,199.9900054931641,183.0,188.6199951171875,4921260.0,0.0,0.0,
2022-08-03,188.8999938964844,189.3999938964844,180.0099945068359,189.1100006103516,4471989.0,0.0,0.0,
2022-08-04,190.25,190.6799926757812,187.0299987792969,189.1699981689453,5968154.0,0.0,0.0,
2022-08-05,180.0099945068359,191.0500030517578,180.0099945068359,189.25,2653504.0,0.0,0.0,
2022-08-08,189.75,191.0399932861328,188.3000030517578,190.7899932861328,3810443.0,0.0,0.0,
2022-08-10,199.8000030517578,199.9900054931641,189.9799957275391,191.0399932861328,3095220.0,0.0,0.0,
2022-08-11,193.9700012207031,193.9700012207031,191.5,192.3399963378906,3668655.0,0.0,0.0,
2022-08-12,199.9900054931641,199.9900054931641,191.7100067138672,192.8600006103516,3145464.0,0.0,0.0,
2022-08-16,199.7400054931641,199.7400054931641,192.8999938964844,194.0899963378906,3334064.0,0.0,0.0,
2022-08-17,198.1999969482422,198.1999969482422,194.1999969482422,195.5500030517578,3137343.0,0.0,0.0,
2022-08-18,196.5,196.8899993896484,194.1999969482422,195.7100067138672,2704745.0,0.0,0.0,
2022-08-19,196.6300048828125,196.6300048828125,193.1199951171875,193.6100006103516,3331050.0,0.0,0.0,
2022-08-22,168.3999938964844,194.0599975585938,168.3999938964844,190.9499969482422,4313595.0,0.0,0.0,
2022-08-23,190.7400054931641,192.6999969482422,189.5299987792969,192.1900024414062,3058581.0,0.0,0.0,
2022-08-24,192.8999938964844,192.8999938964844,191.1999969482422,192.6300048828125,2424213.0,0.0,0.0,
2022-08-25,194.8999938964844,195.3300018310547,191.3000030517578,191.7799987792969,6427666.0,0.0,0.0,
2022-08-26,192.8999938964844,193.3999938964844,191.4100036621094,191.9199981689453,3251054.0,0.0,0.0,
2022-08-29,191.7200012207031,191.7200012207031,187.5500030517578,189.4400024414062,4760712.0,0.0,0.0,
2022-08-30,187.5500030517578,194.1900024414062,187.5500030517578,193.9199981689453,4642129.0,0.0,0.0,
2022-09-01,193.6999969482422,193.6999969482422,190.8500061035156,191.8200073242188,4624714.0,0.0,0.0,
2022-09-02,192.4499969482422,199.1600036621094,182.0,191.6100006103516,2395807.0,0.0,0.0,
2022-09-05,192.8999938964844,193.1000061035156,190.8699951171875,192.9799957275391,2254231.0,0.0,0.0,
2022-09-06,194.4400024414062,194.8800048828125,191.9499969482422,192.4799957275391,2859680.0,0.0,0.0,
2022-09-07,192.3999938964844,192.6499938964844,188.0200042724609,192.3699951171875,1934621.0,0.0,0.0,
2022-09-08,199.8800048828125,199.8800048828125,192.5099945068359,194.0,5317112.0,0.0,0.0,
2022-09-09,195.4400024414062,195.5099945068359,194.1799926757812,194.6000061035156,4205205.0,0.0,0.0,
2022-09-12,195.9900054931641,196.1000061035156,194.0,195.6399993896484,2293757.0,0.0,0.0,
2022-09-13,196.8000030517578,197.1900024414062,195.6999969482422,196.9499969482422,2522993.0,0.0,0.0,
2022-09-14,196.7400054931641,197.1999969482422,193.1000061035156,196.2700042724609,3582553.0,0.0,0.0,
2022-09-15,197.4700012207031,197.4700012207031,195.0,195.6900024414062,4888170.0,0.0,0.0,
2022-09-16,195.6499938964844,195.6499938964844,191.5599975585938,191.8999938964844,5325137.0,0.0,0.0,
2022-09-19,195.5,195.5,190.7200012207031,192.75,2293767.0,0.0,0.0,
2022-09-20,194.9499969482422,195.4900054931641,193.1999969482422,194.4400024414062,2278101.0,0.0,0.0,
2022-09-21,195.2200012207031,195.2200012207031,192.7299957275391,193.5,1636057.0,0.0,0.0,
2022-09-22,193.4900054931641,193.9100036621094,191.8999938964844,192.9199981689453,2708403.0,0.0,0.0,
2022-09-23,197.4900054931641,197.4900054931641,189.5,189.6399993896484,4921522.0,0.0,0.0,
2022-09-26,194.5,194.5,185.8399963378906,186.2100067138672,7436755.0,0.0,0.0,
2022-09-27,188.4400024414062,188.4400024414062,185.2599945068359,186.0500030517578,3441924.0,0.0,0.0,
2022-09-28,185.9499969482422,186.2200012207031,183.8000030517578,184.4700012207031,3516093.0,0.0,0.0,
2022-09-29,186.8500061035156,186.8500061035156,183.7100067138672,184.0700073242188,3635933.0,0.0,0.0,
2022-09-30,189.8800048828125,189.8800048828125,181.8000030517578,186.8300018310547,4013074.0,0.0,0.0,
2022-10-03,184.6000061035156,187.9299926757812,183.9700012207031,184.25,6396852.0,0.0,0.0,
2022-10-04,186.8000030517578,188.5,185.3600006103516,188.2899932861328,3000236.0,0.0,0.0,
2022-10-06,188.3099975585938,194.8800048828125,188.3099975585938,188.9400024414062,2974260.0,0.0,0.0,
2022-10-07,193.8800048828125,193.8800048828125,187.9100036621094,189.1900024414062,2649450.0,0.0,0.0,
2022-10-10,188.9400024414062,189.0500030517578,186.6300048828125,188.75,3446075.0,0.0,0.0,
2022-10-11,190.75,190.75,185.4499969482422,185.8699951171875,3380501.0,0.0,0.0,
2022-10-12,176.1100006103516,187.6900024414062,176.1100006103516,187.2100067138672,1869801.0,0.0,0.0,
2022-10-13,187.5899963378906,187.6000061035156,185.6100006103516,186.2299957275391,2569015.0,0.0,0.0,
2022-10-14,192.1999969482422,192.1999969482422,187.6999969482422,188.0200042724609,3543010.0,0.0,0.0,
2022-10-17,188.6000061035156,189.0,186.0599975585938,188.8300018310547,3270253.0,0.0,0.0,
2022-10-18,190.3000030517578,190.9900054931641,189.25,190.6399993896484,2767074.0,0.0,0.0,
2022-10-19,194.5,194.5,190.1799926757812,190.8300018310547,2327685.0,0.0,0.0,
2022-10-20,191.5,191.6799926757812,188.9100036621094,191.4400024414062,2191179.0,0.0,0.0,
2022-10-21,191.9700012207031,192.5500030517578,190.6499938964844,191.5200042724609,2630619.0,0.0,0.0,
2022-10-24,194.3000030517578,194.3999938964844,192.5099945068359,193.1699981689453,1953310.0,0.0,0.0,
2022-10-25,195.1699981689453,195.1699981689453,191.5700073242188,192.4900054931641,1716854.0,0.0,0.0,
2022-10-27,192.6100006103516,194.1499938964844,192.6100006103516,193.4499969482422,2769911.0,0.0,0.0,
2022-10-28,194.6999969482422,194.6999969482422,193.0099945068359,193.9600067138672,3761604.0,0.0,0.0,
2022-10-31,195.6999969482422,196.5,194.5,196.2700042724609,8882827.0,0.0,0.0,
2022-11-01,197.8000030517578,198.2400054931641,196.3600006103516,197.9799957275391,3943610.0,0.0,0.0,
2022-11-02,198.8000030517578,198.8000030517578,197.0700073242188,197.4100036621094,1911519.0,0.0,0.0,
2022-11-03,197.3999938964844,197.8200073242188,194.6000061035156,197.3899993896484,2800681.0,0.0,0.0,
2022-11-04,198.6000061035156,198.6000061035156,196.6999969482422,197.7700042724609,1577276.0,0.0,0.0,
2022-11-07,199.0,199.3999938964844,197.4199981689453,198.6199951171875,2821469.0,0.0,0.0,
2022-11-09,203.4900054931641,203.4900054931641,198.1499938964844,198.3200073242188,2373360.0,0.0,0.0,
2022-11-10,198.1999969482422,198.1999969482422,196.25,196.8600006103516,3993577.0,0.0,0.0,
2022-11-11,199.3699951171875,200.3500061035156,198.4499969482422,200.2200012207031,4245671.0,0.0,0.0,
2022-11-14,200.6999969482422,200.9600067138672,199.0200042724609,200.1699981689453,2067441.0,0.0,0.0,
2022-11-15,201.6699981689453,201.6699981689453,199.8000030517578,200.9100036621094,1776273.0,0.0,0.0,
2022-11-16,201.9499969482422,201.9499969482422,200.2799987792969,200.8699951171875,1886431.0,0.0,0.0,
2022-11-17,201.25,201.25,199.4499969482422,200.1999969482422,1304936.0,0.0,0.0,
2022-11-18,201.25,201.25,199.0599975585938,199.9199981689453,1728259.0,0.0,0.0,
2022-11-21,199.9900054931641,199.9900054931641,198.3999938964844,198.5500030517578,1737709.0,0.0,0.0,
2022-11-22,199.7299957275391,199.7299957275391,198.0099945068359,199.2299957275391,1091138.0,0.0,0.0,
2022-11-23,200.5200042724609,200.5200042724609,199.1699981689453,199.5099945068359,840243.0,0.0,0.0,
2022-11-24,200.7200012207031,202.2200012207031,199.4499969482422,201.7200012207031,2727692.0,0.0,0.0,
2022-11-25,202.3699951171875,202.6399993896484,201.4400024414062,202.3500061035156,1925380.0,0.0,0.0,
2022-11-28,203.5200042724609,203.5200042724609,200.9100036621094,203.0399932861328,1977790.0,0.0,0.0,
2022-11-29,207.4900054931641,207.4900054931641,201.9100036621094,203.4299926757812,1317579.0,0.0,0.0,
2022-11-30,207.4799957275391,207.4799957275391,202.75,204.6999969482422,1923386.0,0.0,0.0,
2022-12-01,207.4900054931641,207.4900054931641,204.7299957275391,205.5399932861328,2261605.0,0.0,0.0,
2022-12-02,207.4900054931641,207.4900054931641,203.8999938964844,204.8099975585938,2370387.0,0.0,0.0,
2022-12-05,207.4900054931641,207.4900054931641,203.6499938964844,204.4400024414062,1627546.0,0.0,0.0,
2022-12-06,206.4799957275391,206.4799957275391,203.5,204.1399993896484,1902955.0,0.0,0.0,
2022-12-07,203.8699951171875,207.2400054931641,202.6000061035156,202.8699951171875,1710285.0,0.0,0.0,
2022-12-08,176.5,203.8000030517578,176.5,203.6199951171875,1374081.0,0.0,0.0,
2022-12-09,207.4900054931641,207.4900054931641,201.7100067138672,202.4799957275391,2109284.0,0.0,0.0,
2022-12-12,204.8000030517578,205.8000030517578,200.5500030517578,202.6100006103516,1734167.0,0.0,0.0,
2022-12-13,207.4900054931641,207.4900054931641,202.3099975585938,203.7700042724609,1196576.0,0.0,0.0,
2022-12-14,204.9900054931641,204.9900054931641,203.7700042724609,204.3500061035156,1172749.0,0.0,0.0,
2022-12-15,204.75,204.75,201.3200073242188,201.5800018310547,2332679.0,0.0,0.0,
2022-12-16,202.3500061035156,202.3500061035156,200.0,200.1600036621094,2171653.0,0.0,0.0,
2022-12-19,201.4199981689453,201.7899932861328,198.6600036621094,201.6699981689453,1720911.0,0.0,0.0,
2022-12-20,203.8500061035156,203.8500061035156,199.25,201.2100067138672,2308276.0,0.0,0.0,
2022-12-21,203.9499969482422,203.9499969482422,199.0,199.3999938964844,2461367.0,0.0,0.0,
2022-12-22,199.3999938964844,202.3099975585938,197.8999938964844,198.5500030517578,3234997.0,0.0,0.0,
2022-12-23,201.4299926757812,201.4299926757812,194.8000030517578,195.1499938964844,8961067.0,0.0,0.0,
2022-12-26,198.5099945068359,198.5099945068359,194.8000030517578,197.2299957275391,3648955.0,0.0,0.0,
2022-12-27,198.9100036621094,198.9100036621094,196.5800018310547,198.0,2669146.0,0.0,0.0,
2022-12-28,198.9499969482422,198.9499969482422,197.0099945068359,197.9900054931641,1880252.0,0.0,0.0,
2022-12-29,197.8999938964844,199.0800018310547,196.7599945068359,198.7799987792969,2374539.0,0.0,0.0,
2022-12-30,199.8999938964844,200.1399993896484,197.6999969482422,198.0399932861328,1739603.0,0.0,0.0,
2023-01-02,200.9900054931641,201.0,197.4900054931641,199.3399963378906,2493866.0,0.0,0.0,
2023-01-03,199.9499969482422,199.9499969482422,198.3899993896484,199.6799926757812,1940837.0,0.0,0.0,
2023-01-04,200.8999938964844,200.8999938964844,197.3999938964844,197.6699981689453,4078852.0,0.0,0.0,
2023-01-05,198.9499969482422,198.9499969482422,195.0,197.0700073242188,3469951.0,0.0,0.0,
2023-01-06,198.1499938964844,198.1499938964844,194.9900054931641,195.7200012207031,4510923.0,0.0,0.0,
2023-01-09,195.7599945068359,199.0,195.7200012207031,198.2799987792969,4956377.0,0.0,0.0,
2023-01-10,198.2799987792969,199.1799926757812,195.6199951171875,196.1300048828125,4208652.0,0.0,0.0,
2023-01-11,195.8800048828125,198.9900054931641,195.25,196.1300048828125,3138094.0,0.0,0.0,
2023-01-12,202.0,202.0,194.5500030517578,195.6100006103516,4091350.0,0.0,0.0,
2023-01-13,196.8999938964844,197.1499938964844,194.7299957275391,196.6100006103516,5526052.0,0.0,0.0,
2023-01-16,196.6100006103516,198.5,195.6000061035156,196.0599975585938,7648402.0,0.0,0.0,
2023-01-17,196.0,198.0,195.8099975585938,197.4700012207031,1991902.0,0.0,0.0,
2023-01-18,199.0,199.0,197.1799926757812,198.6499938964844,2287113.0,0.0,0.0,
2023-01-19,199.4100036621094,199.4100036621094,197.6699981689453,198.4299926757812,2708429.0,0.0,0.0,
2023-01-20,199.8899993896484,199.8899993896484,197.3099975585938,197.4499969482422,2223368.0,0.0,0.0,
2023-01-23,198.5899963378906,199.0,197.6100006103516,198.4400024414062,2094688.0,0.0,0.0,
2023-01-24,199.9400024414062,199.9400024414062,198.0,198.4199981689453,2565279.0,0.0,0.0,
2023-01-25,199.4400024414062,199.4400024414062,195.6000061035156,196.0399932861328,6494563.0,0.0,0.0,
2023-01-27,196.9499969482422,197.1999969482422,191.5899963378906,193.0,9584276.0,0.0,0.0,
2023-01-30,194.8999938964844,194.8999938964844,190.5,193.25,5730169.0,0.0,0.0,
2023-01-31,196.4900054931641,196.4900054931641,192.2100067138672,193.4400024414062,3329551.0,0.0,0.0,
2023-02-01,196.9900054931641,196.9900054931641,190.6000061035156,193.1300048828125,8057541.0,0.0,0.0,
2023-02-02,194.6000061035156,194.6000061035156,191.1100006103516,192.9100036621094,3791585.0,0.0,0.0,
2023-02-03,198.6999969482422,203.5,190.0099945068359,195.1199951171875,3016836.0,0.0,0.0,
2023-02-06,199.8999938964844,201.0,193.9100036621094,194.4799957275391,3620105.0,0.0,0.0,
2023-02-07,196.1600036621094,196.1600036621094,193.3999938964844,194.0399932861328,2395912.0,0.0,0.0,
2023-02-08,194.1999969482422,195.8000030517578,189.1000061035156,195.5399932861328,2609453.0,0.0,0.0,
2023-02-09,201.3999938964844,201.3999938964844,194.6100006103516,195.8899993896484,1549469.0,0.0,0.0,
2023-02-10,197.9700012207031,197.9700012207031,194.3899993896484,195.4900054931641,2023921.0,0.0,0.0,
2023-02-13,195.4900054931641,198.1999969482422,193.9299926757812,194.6000061035156,2212140.0,0.0,0.0,
2023-02-14,197.8899993896484,197.8899993896484,194.6000061035156,195.9799957275391,1787208.0,0.0,0.0,
2023-02-15,196.9799957275391,197.3699951171875,194.1300048828125,197.0800018310547,2993357.0,0.0,0.0,
2023-02-16,198.4799957275391,198.4799957275391,196.6000061035156,197.3500061035156,6236138.0,0.0,0.0,
2023-02-17,198.8899993896484,198.8899993896484,195.75,196.3000030517578,2173248.0,0.0,0.0,
2023-02-20,198.6900024414062,198.6900024414062,195.3500061035156,195.5899963378906,2447234.0,0.0,0.0,
2023-02-21,196.25,196.5200042724609,193.25,195.2599945068359,1372747.0,0.0,0.0,
2023-02-22,196.8899993896484,196.8899993896484,192.2100067138672,192.5099945068359,5800058.0,0.0,0.0,
2023-02-23,194.4900054931641,194.4900054931641,191.4400024414062,192.0099945068359,3169952.0,0.0,0.0,
2023-02-24,193.9900054931641,195.0,191.0500030517578,191.4600067138672,3398062.0,0.0,0.0,
2023-02-27,192.8699951171875,192.8699951171875,189.7299957275391,190.5599975585938,5767403.0,0.0,0.0,
2023-02-28,192.4799957275391,192.4799957275391,189.1999969482422,189.6999969482422,4381495.0,0.0,0.0,
2023-03-01,191.8899993896484,191.8899993896484,189.8099975585938,191.2799987792969,3076476.0,0.0,0.0,
2023-03-02,192.6499938964844,196.5,189.7599945068359,189.9299926757812,2987464.0,0.0,0.0,
2023-03-03,193.1499938964844,193.1499938964844,190.3300018310547,192.5099945068359,2667912.0,0.0,0.0,
2023-03-06,193.8899993896484,194.3999938964844,192.6100006103516,193.6300048828125,3539187.0,0.0,0.0,
2023-03-08,194.6300048828125,194.6300048828125,190.6000061035156,193.9499969482422,2484812.0,0.0,0.0,
2023-03-09,188.1499938964844,194.6499938964844,188.1499938964844,192.6399993896484,1880541.0,0.0,0.0,
2023-03-10,191.9100036621094,191.9199981689453,190.0,190.75,4412613.0,0.0,0.0,
2023-03-13,192.6499938964844,192.6499938964844,187.6499938964844,188.1199951171875,6256213.0,0.0,0.0,
2023-03-14,189.4400024414062,189.6999969482422,186.3099975585938,186.9100036621094,6706987.0,0.0,0.0,
2023-03-15,192.5,192.5,185.7599945068359,186.1000061035156,4642899.0,0.0,0.0,
2023-03-16,188.5200042724609,188.5200042724609,184.8000030517578,186.2299957275391,6662192.0,0.0,0.0,
2023-03-17,189.5200042724609,189.5200042724609,185.8999938964844,187.4199981689453,3874547.0,0.0,0.0,
2023-03-20,188.3999938964844,188.3999938964844,184.5099945068359,186.1999969482422,6338005.0,0.0,0.0,
2023-03-21,187.8899993896484,187.8999938964844,186.0099945068359,187.4600067138672,3095592.0,0.0,0.0,
2023-03-22,188.75,188.75,187.4600067138672,187.8800048828125,1690955.0,0.0,0.0,
2023-03-23,189.7899932861328,189.7899932861328,186.6699981689453,186.9100036621094,2184996.0,0.0,0.0,
2023-03-24,187.8999938964844,187.8999938964844,185.3600006103516,185.6799926757812,2913376.0,0.0,0.0,
2023-03-27,186.6399993896484,187.1499938964844,185.6000061035156,186.1799926757812,4064269.0,0.0,0.0,
2023-03-28,187.5299987792969,187.5299987792969,185.25,185.7100067138672,2453607.0,0.0,0.0,
2023-03-29,187.4900054931641,187.4900054931641,185.0099945068359,187.0899963378906,4340723.0,0.0,0.0,
2023-03-31,187.2200012207031,190.0,187.2200012207031,189.8600006103516,4565764.0,0.0,0.0,
2023-04-03,191.4900054931641,191.4900054931641,189.4400024414062,190.5599975585938,3116133.0,0.0,0.0,
2023-04-05,191.5599975585938,192.4700012207031,189.7700042724609,192.1900024414062,3722034.0,0.0,0.0,
2023-04-06,189.1999969482422,193.25,189.1999969482422,192.9400024414062,3850733.0,0.0,0.0,
2023-04-10,194.3899993896484,194.3899993896484,192.4499969482422,192.6399993896484,3616730.0,0.0,0.0,
2023-04-11,193.9100036621094,193.9100036621094,192.6999969482422,193.7599945068359,2803718.0,0.0,0.0,
2023-04-12,193.8899993896484,194.8000030517578,193.5700073242188,194.6399993896484,3379714.0,0.0,0.0,
2023-04-13,194.6300048828125,195.1000061035156,193.8000030517578,194.7700042724609,2325172.0,0.0,0.0,
2023-04-17,196.0,196.0,192.5,193.9100036621094,3607785.0,0.0,0.0,
2023-04-18,194.9100036621094,194.9100036621094,192.6600036621094,193.2400054931641,2337292.0,0.0,0.0,
2023-04-19,194.0,194.0,192.5800018310547,192.8600006103516,1589928.0,0.0,0.0,
2023-04-20,194.0,194.0,192.4799957275391,192.9900054931641,1462582.0,0.0,0.0,
2023-04-21,192.5,194.1999969482422,192.3999938964844,192.8500061035156,2343908.0,0.0,0.0,
2023-04-24,194.3999938964844,194.3999938964844,192.8000030517578,193.9499969482422,2133367.0,0.0,0.0,
2023-04-25,194.5899963378906,194.6000061035156,193.5899963378906,194.1300048828125,1919289.0,0.0,0.0,
2023-04-26,194.5,194.75,193.5,194.6199951171875,2094677.0,0.0,0.0,
2023-04-27,195.1999969482422,196.3500061035156,193.8600006103516,195.9299926757812,2989666.0,0.0,0.0,
2023-04-28,196.8000030517578,197.7200012207031,195.7400054931641,197.2899932861328,3403218.0,0.0,0.0,
2023-05-02,198.5,199.6999969482422,196.1100006103516,198.3899993896484,3544119.0,0.0,0.0,
2023-05-03,199.7899932861328,199.7899932861328,197.2799987792969,197.6799926757812,2129998.0,0.0,0.0,
2023-05-04,199.4499969482422,199.6100006103516,197.0299987792969,199.4400024414062,3692955.0,0.0,0.0,
2023-05-05,199.8899993896484,199.8899993896484,197.6699981689453,197.8399963378906,2599608.0,0.0,0.0,
2023-05-08,197.9499969482422,199.9900054931641,197.8399963378906,199.7100067138672,3809627.0,0.0,0.0,
2023-05-09,200.3999938964844,200.4900054931641,199.0500030517578,199.6999969482422,2707305.0,0.0,0.0,
2023-05-10,200.1999969482422,200.3699951171875,199.0800018310547,200.0,2638312.0,0.0,0.0,
2023-05-11,200.9900054931641,200.9900054931641,199.9600067138672,200.3500061035156,2372007.0,0.0,0.0,
2023-05-12,200.2700042724609,200.4499969482422,199.0599975585938,200.2599945068359,2056983.0,0.0,0.0,
2023-05-15,200.2599945068359,201.7899932861328,199.9400024414062,201.3399963378906,3684085.0,0.0,0.0,
2023-05-16,200.25,202.25,200.25,200.5099945068359,3197335.0,0.0,0.0,
2023-05-17,201.25,201.4900054931641,199.0,199.7599945068359,3548756.0,0.0,0.0,
2023-05-18,201.3899993896484,201.4900054931641,198.8000030517578,199.0500030517578,3150576.0,0.0,0.0,
2023-05-19,205.0,205.0,198.25,199.8200073242188,3295080.0,0.0,0.0,
2023-05-22,200.4900054931641,200.9299926757812,199.0500030517578,200.7400054931641,2330996.0,0.0,0.0,
2023-05-23,200.0500030517578,201.6999969482422,200.0500030517578,201.0200042724609,2612792.0,0.0,0.0,
2023-05-24,201.4900054931641,201.5,199.8099975585938,200.2400054931641,2413489.0,0.0,0.0,
2023-05-25,200.9499969482422,200.9499969482422,199.2599945068359,200.6999969482422,2891537.0,0.0,0.0,
2023-05-26,201.8899993896484,203.2700042724609,200.0500030517578,202.8500061035156,4684612.0,0.0,0.0,
2023-05-29,202.8500061035156,204.8000030517578,202.8500061035156,204.1399993896484,3856380.0,0.0,0.0,
2023-05-30,205.4900054931641,205.4900054931641,202.5299987792969,204.3600006103516,2613440.0,0.0,0.0,
2023-05-31,205.4900054931641,205.4900054931641,203.0599975585938,203.6600036621094,2588389.0,0.0,0.0,
2023-06-01,205.3899993896484,205.3899993896484,202.1100006103516,202.9900054931641,3330182.0,0.0,0.0,
2023-06-02,204.8999938964844,204.8999938964844,203.0800018310547,203.8399963378906,2174215.0,0.0,0.0,
2023-06-05,205.3899993896484,205.4799957275391,203.9900054931641,204.2799987792969,1707187.0,0.0,0.0,
2023-06-06,205.3899993896484,205.3899993896484,203.4499969482422,204.0399932861328,1618597.0,0.0,0.0,
2023-06-07,205.3899993896484,205.4499969482422,203.9199981689453,205.3399963378906,2134360.0,0.0,0.0,
2023-06-08,203.9199981689453,206.2100067138672,203.9199981689453,204.5099945068359,4515873.0,0.0,0.0,
2023-06-09,205.8999938964844,205.8999938964844,203.8500061035156,204.0299987792969,1786159.0,0.0,0.0,
2023-06-12,204.8999938964844,205.4499969482422,203.8300018310547,204.4600067138672,1361814.0,0.0,0.0,
2023-06-13,205.4799957275391,205.5200042724609,204.3000030517578,205.4499969482422,1563108.0,0.0,0.0,
2023-06-14,211.6000061035156,211.6000061035156,205.0800018310547,205.8500061035156,1880167.0,0.0,0.0,
2023-06-15,206.3899993896484,206.3899993896484,204.6900024414062,205.3099975585938,2674084.0,0.0,0.0,
2023-06-16,206.3899993896484,207.1000061035156,205.4100036621094,206.6900024414062,2770332.0,0.0,0.0,
2023-06-19,206.6900024414062,208.9799957275391,205.5099945068359,205.8699951171875,3140978.0,0.0,0.0,
2023-06-20,205.75,206.75,204.9400024414062,206.5,3088294.0,0.0,0.0,
2023-06-21,206.0399932861328,207.4600067138672,206.0399932861328,206.8699951171875,2408169.0,0.0,0.0,
2023-06-22,206.8699951171875,207.4700012207031,206.0800018310547,206.2400054931641,2007192.0,0.0,0.0,
2023-06-23,212.4499969482422,212.4499969482422,204.8000030517578,204.9799957275391,2129175.0,0.0,0.0,
2023-06-26,206.25,206.25,204.5200042724609,205.1699981689453,2217566.0,0.0,0.0,
2023-06-27,207.3600006103516,207.3600006103516,205.3600006103516,206.4600067138672,2018085.0,0.0,0.0,
2023-06-28,207.3999938964844,208.5599975585938,206.2799987792969,208.1799926757812,3989975.0,0.0,0.0,
2023-06-30,209.6000061035156,210.9100036621094,208.0899963378906,210.6100006103516,4671280.0,0.0,0.0,
2023-07-03,213.4499969482422,213.4499969482422,210.8999938964844,212.3000030517578,4245579.0,0.0,0.0,
2023-07-04,218.6499938964844,218.6499938964844,212.0,213.0599975585938,2517660.0,0.0,0.0,
2023-07-05,218.0,218.0,212.3000030517578,212.9199981689453,1743789.0,0.0,0.0,
2023-07-06,218.0,219.3000030517578,212.0500030517578,213.9600067138672,1919961.0,0.0,0.0,
2023-07-07,220.3999938964844,220.3999938964844,212.5,212.7200012207031,3326931.0,0.0,0.0,
2023-07-10,218.3999938964844,218.3999938964844,210.1499938964844,212.6399993896484,2815814.0,0.0,0.0,
2023-07-11,219.0,219.0,212.6600036621094,213.4499969482422,1986082.0,0.0,0.0,
2023-07-12,214.9499969482422,214.9499969482422,213.0,213.25,1703058.0,0.0,0.0,
2023-07-13,215.0,215.0,213.25,213.6900024414062,2336555.0,0.0,0.0,
2023-07-14,215.4600067138672,215.4600067138672,213.5599975585938,214.8300018310547,1678860.0,0.0,0.0,
2023-07-17,216.1399993896484,216.8999938964844,214.8200073242188,216.5299987792969,2220209.0,0.0,0.0,
2023-07-18,216.9100036621094,217.8000030517578,216.1000061035156,217.0200042724609,2344009.0,0.0,0.0,
2023-07-19,219.9499969482422,219.9499969482422,216.7599945068359,217.9700012207031,3764043.0,0.0,0.0,
2023-07-20,219.8999938964844,219.8999938964844,217.1600036621094,219.5099945068359,3166150.0,0.0,0.0,
2023-07-21,219.4400024414062,219.4400024414062,216.9900054931641,217.4799957275391,3612348.0,0.0,0.0,
2023-07-24,219.3800048828125,219.3800048828125,216.5399932861328,216.7299957275391,2006947.0,0.0,0.0,
2023-07-25,219.9499969482422,219.9499969482422,216.0599975585938,216.6399993896484,1462278.0,0.0,0.0,
2023-07-26,219.6999969482422,219.6999969482422,213.6499938964844,217.7200012207031,3164932.0,0.0,0.0,
2023-07-27,219.6999969482422,219.6999969482422,211.1999969482422,216.6300048828125,2936838.0,0.0,0.0,
2023-07-28,218.7799987792969,218.7799987792969,215.5,216.3399963378906,2463367.0,0.0,0.0,
2023-07-31,218.7799987792969,218.7799987792969,216.0,217.5800018310547,1792693.0,0.0,0.0,
2023-08-01,218.0,218.3999938964844,217.0200042724609,217.2299957275391,1914323.0,0.0,0.0,
2023-08-02,217.2200012207031,217.4499969482422,214.0,215.1000061035156,5585468.0,0.0,0.0,
2023-08-03,216.5200042724609,216.5200042724609,212.1499938964844,213.5599975585938,4739271.0,0.0,0.0,
2023-08-04,215.8500061035156,215.8500061035156,212.7700042724609,215.0399932861328,1535406.0,0.0,0.0,
2023-08-07,216.2100067138672,216.2100067138672,215.0500030517578,215.9499969482422,2240935.0,0.0,0.0,
2023-08-08,216.4700012207031,216.6999969482422,209.4499969482422,215.7899932861328,2002806.0,0.0,0.0,
2023-08-09,216.8500061035156,216.8500061035156,212.8000030517578,216.4900054931641,2025167.0,0.0,0.0,
2023-08-10,217.2700042724609,217.2700042724609,215.0099945068359,215.3300018310547,2100995.0,0.0,0.0,
2023-08-11,217.2100067138672,217.2100067138672,214.25,214.3999938964844,2385921.0,0.0,0.0,
2023-08-14,217.8200073242188,217.8200073242188,211.6499938964844,214.5099945068359,2878972.0,0.0,0.0,
2023-08-16,218.4700012207031,218.4700012207031,212.6799926757812,214.5700073242188,1604526.0,0.0,0.0,
2023-08-17,218.1699981689453,218.1699981689453,208.1499938964844,213.6999969482422,1582007.0,0.0,0.0,
2023-08-18,218.1900024414062,218.1900024414062,212.3099975585938,213.0,2486828.0,0.0,0.0,
2023-08-21,213.6900024414062,213.9799957275391,212.0,213.5,2977924.0,0.0,0.0,
2023-08-22,218.1100006103516,218.1100006103516,213.1000061035156,213.4299926757812,1983391.0,0.0,0.0,
2023-08-23,216.3999938964844,216.3999938964844,212.7799987792969,214.3699951171875,1550674.0,0.0,0.0,
2023-08-24,218.4700012207031,218.4700012207031,213.3300018310547,213.7700042724609,2526797.0,0.0,0.0,
2023-08-25,207.3500061035156,214.4799957275391,207.3500061035156,212.7599945068359,2646009.0,0.0,0.0,
2023-08-28,217.4700012207031,217.4700012207031,211.0,212.8699951171875,1548577.0,0.0,0.0,
2023-08-29,217.4700012207031,217.4700012207031,212.8000030517578,213.1600036621094,1314371.0,0.0,0.0,
2023-08-30,217.4700012207031,217.4700012207031,207.6499938964844,213.5399932861328,1583782.0,0.0,0.0,
2023-08-31,207.1499938964844,217.4700012207031,207.1499938964844,212.7700042724609,2821233.0,0.0,0.0,
2023-09-01,216.8699951171875,216.8699951171875,212.0,214.2700042724609,1929234.0,0.0,0.0,
2023-09-04,217.4700012207031,217.4700012207031,207.8500061035156,215.5899963378906,1925839.0,0.0,0.0,
2023-09-05,216.9799957275391,216.9799957275391,215.1300048828125,215.8399963378906,2333420.0,0.0,0.0,
2023-09-06,217.1699981689453,217.1699981689453,215.0800018310547,216.2200012207031,2516081.0,0.0,0.0,
2023-09-07,217.1699981689453,217.5,209.75,217.2899932861328,1670195.0,0.0,0.0,
2023-09-08,218.4700012207031,218.7799987792969,215.4199981689453,218.4100036621094,1886253.0,0.0,0.0,
2023-09-11,219.5500030517578,220.5,217.1799926757812,220.3800048828125,2865226.0,0.0,0.0,
2023-09-12,221.9799957275391,221.9799957275391,219.3999938964844,220.1900024414062,2429267.0,0.0,0.0,
2023-09-13,221.5899963378906,221.8000030517578,219.4499969482422,221.4299926757812,2777591.0,0.0,0.0,
2023-09-14,222.7299957275391,222.7299957275391,221.0,221.5299987792969,3991183.0,0.0,0.0,
2023-09-15,222.7299957275391,222.8099975585938,221.1100006103516,222.5700073242188,2369619.0,0.0,0.0,
2023-09-18,222.25,222.5700073242188,216.0,221.9199981689453,2315850.0,0.0,0.0,
2023-09-20,220.9900054931641,221.0,219.3000030517578,219.6000061035156,3324262.0,0.0,0.0,
2023-09-21,213.0,226.1999969482422,213.0,217.6300048828125,3045078.0,0.0,0.0,
2023-09-22,219.6300048828125,219.6300048828125,216.3800048828125,216.8099975585938,4109713.0,0.0,0.0,
2023-09-25,218.7899932861328,218.7899932861328,216.0800018310547,216.8000030517578,2239994.0,0.0,0.0,
2023-09-26,217.9199981689453,217.9199981689453,215.1799926757812,216.5700073242188,1330688.0,0.0,0.0,
2023-09-27,218.4700012207031,218.4700012207031,210.0500030517578,217.5599975585938,2257394.0,0.0,0.0,
2023-09-28,218.9799957275391,218.9799957275391,215.4499969482422,215.7700042724609,3456589.0,0.0,0.0,
2023-09-29,222.25,222.25,209.3000030517578,216.75,2265919.0,0.0,0.0,
2023-10-03,223.25,223.25,210.25,215.5700073242188,4369754.0,0.0,0.0,
2023-10-04,222.0500030517578,222.0500030517578,213.5299987792969,214.3999938964844,5188713.0,0.0,0.0,
2023-10-05,220.8500061035156,220.8500061035156,214.4100036621094,215.5299987792969,2006257.0,0.0,0.0,
2023-10-06,214.0,218.6999969482422,214.0,216.6199951171875,3125000.0,0.0,0.0,
2023-10-09,223.1000061035156,223.1000061035156,214.7100067138672,215.4799957275391,2314698.0,0.0,0.0,
2023-10-10,221.9499969482422,221.9499969482422,215.0099945068359,217.1300048828125,1610545.0,0.0,0.0,
2023-10-11,214.6499938964844,220.3899993896484,214.6499938964844,218.7599945068359,2773486.0,0.0,0.0,
2023-10-12,225.3000030517578,225.3000030517578,216.6399993896484,218.6000061035156,1480102.0,0.0,0.0,
2023-10-13,220.75,220.75,216.6300048828125,218.0700073242188,2232611.0,0.0,0.0,
2023-10-16,222.0,222.0,216.0700073242188,217.8999938964844,1472154.0,0.0,0.0,
2023-10-17,224.4499969482422,224.4499969482422,212.25,218.5500030517578,1266306.0,0.0,0.0,
2023-10-18,219.5899963378906,219.5899963378906,216.9199981689453,217.1999969482422,1761105.0,0.0,0.0,
2023-10-19,220.5,223.6999969482422,210.6999969482422,216.6699981689453,2193608.0,0.0,0.0,
2023-10-20,219.6999969482422,219.6999969482422,213.6499938964844,215.3000030517578,2642139.0,0.0,0.0,
2023-10-23,221.75,221.75,212.6499938964844,213.1699981689453,4473325.0,0.0,0.0,
2023-10-25,215.0,216.6000061035156,210.9499969482422,211.4799957275391,6626525.0,0.0,0.0,
2023-10-26,213.0,214.4900054931641,208.3600006103516,208.7400054931641,11342653.0,0.0,0.0,
2023-10-27,210.4900054931641,215.0,208.5,210.5700073242188,4091227.0,0.0,0.0,
2023-10-30,211.3999938964844,211.9900054931641,209.4100036621094,211.5200042724609,2918057.0,0.0,0.0,
2023-10-31,212.0,214.0,210.6999969482422,210.9799957275391,2951982.0,0.0,0.0,
2023-11-01,213.9499969482422,213.9499969482422,209.5800018310547,209.9900054931641,2999324.0,0.0,0.0,
2023-11-02,213.9900054931641,213.9900054931641,210.0,211.6399993896484,3051034.0,0.0,0.0,
2023-11-03,212.2599945068359,213.7700042724609,212.0500030517578,212.6900024414062,1992691.0,0.0,0.0,
2023-11-06,218.6999969482422,218.6999969482422,212.1000061035156,214.5599975585938,2167020.0,0.0,0.0,
2023-11-07,215.2400054931641,215.25,212.7799987792969,214.4900054931641,1597162.0,0.0,0.0,
2023-11-08,215.0,215.1999969482422,213.8099975585938,214.8300018310547,2392335.0,0.0,0.0,
2023-11-09,215.9900054931641,217.0,214.0299987792969,214.3000030517578,2842726.0,0.0,0.0,
2023-11-10,214.9900054931641,214.9900054931641,213.25,214.2400054931641,3287453.0,0.0,0.0,
2023-11-13,215.8999938964844,215.9900054931641,214.3000030517578,214.5500030517578,2354220.0,0.0,0.0,
2023-11-15,215.3000030517578,217.2299957275391,213.6999969482422,216.9700012207031,4368209.0,0.0,0.0,
2023-11-16,217.9900054931641,219.25,216.6000061035156,218.1600036621094,2694681.0,0.0,0.0,
2023-11-17,224.0,224.0,216.0,218.0200042724609,1471094.0,0.0,0.0,
2023-11-20,218.9900054931641,218.9900054931641,217.0700073242188,217.3500061035156,1971539.0,0.0,0.0,
2023-11-21,219.25,219.25,214.0,218.3899993896484,2121413.0,0.0,0.0,
2023-11-22,219.3000030517578,219.3000030517578,216.0,218.5299987792969,1531757.0,0.0,0.0,
2023-11-23,219.0,219.1999969482422,216.0099945068359,218.5599975585938,2711176.0,0.0,0.0,
2023-11-24,225.1000061035156,225.1000061035156,218.1900024414062,218.4799957275391,2228129.0,0.0,0.0,
2023-11-28,225.0500030517578,225.0500030517578,211.9499969482422,219.5599975585938,3374192.0,0.0,0.0,
2023-11-29,221.9900054931641,221.9900054931641,219.3099975585938,221.6600036621094,4692734.0,0.0,0.0,
2023-11-30,228.3000030517578,228.3000030517578,220.3800048828125,222.1300048828125,4565515.0,0.0,0.0,
2023-12-01,223.9900054931641,223.9900054931641,221.0,223.75,3756906.0,0.0,0.0,
2023-12-04,230.4499969482422,230.4499969482422,225.5,228.1799926757812,5441571.0,0.0,0.0,
2023-12-05,228.4499969482422,230.2799987792969,228.3899993896484,230.0599975585938,2577043.0,0.0,0.0,
2023-12-06,231.9900054931641,231.9900054931641,229.8000030517578,230.9400024414062,3116228.0,0.0,0.0,
2023-12-07,231.9900054931641,231.9900054931641,228.1499938964844,230.8300018310547,2882798.0,0.0,0.0,
2023-12-08,231.9900054931641,231.9900054931641,228.0,231.3600006103516,1918130.0,0.0,0.0,
2023-12-11,229.0099945068359,232.1000061035156,229.0099945068359,231.7899932861328,2202370.0,0.0,0.0,
2023-12-12,232.9900054931641,232.9900054931641,230.5,230.9600067138672,2237630.0,0.0,0.0,
2023-12-13,231.9900054931641,231.9900054931641,229.6300048828125,231.1499938964844,2758600.0,0.0,0.0,
2023-12-14,232.0,234.5,231.5099945068359,233.9900054931641,2943517.0,0.0,0.0,
2023-12-15,236.25,237.0,234.0099945068359,236.6199951171875,3418211.0,0.0,0.0,
2023-12-18,236.9799957275391,237.0,233.6499938964844,236.5700073242188,2068813.0,0.0,0.0,
2023-12-19,237.9900054931641,237.9900054931641,235.3300018310547,236.6999969482422,2900959.0,0.0,0.0,
2023-12-20,237.9900054931641,238.8800048828125,233.0,233.25,4692122.0,0.0,0.0,
2023-12-21,226.25,238.0,226.25,234.6000061035156,4151474.0,0.0,0.0,
2023-12-22,235.9900054931641,236.3500061035156,232.0099945068359,235.5,2920568.0,0.0,0.0,
2023-12-26,236.9900054931641,237.3000030517578,234.8800048828125,236.9299926757812,1774284.0,0.0,0.0,
2023-12-27,239.6999969482422,239.6999969482422,236.1799926757812,238.9100036621094,4385669.0,0.0,0.0,
2023-12-28,240.0,240.5,238.8800048828125,240.1600036621094,2495578.0,0.0,0.0,
2023-12-29,247.3500061035156,247.3500061035156,238.0,239.6499938964844,4342820.0,0.0,0.0,
2024-01-01,240.9900054931641,241.1399993896484,238.0099945068359,240.3500061035156,3301679.0,0.0,0.0,
2024-01-02,241.0,241.0,238.0,239.2100067138672,2724450.0,0.0,0.0,
2024-01-03,240.0,240.0,237.5,237.7400054931641,2253252.0,0.0,0.0,
2024-01-04,237.6999969482422,239.5899963378906,237.1900024414062,239.3000030517578,2592068.0,0.0,0.0,
2024-01-05,239.8000030517578,240.0,238.0099945068359,239.7400054931641,3017800.0,0.0,0.0,
2024-01-08,242.0,242.0,237.5,237.6799926757812,3109332.0,0.0,0.0,
2024-01-09,239.9900054931641,239.9900054931641,237.5,237.7799987792969,2263399.0,0.0,0.0,
2024-01-10,238.9900054931641,238.9900054931641,236.7599945068359,238.7599945068359,2557090.0,0.0,0.0,
2024-01-11,239.6999969482422,239.6999969482422,238.0099945068359,238.8699951171875,2228747.0,0.0,0.0,
2024-01-12,239.0099945068359,242.3500061035156,239.0099945068359,241.7299957275391,3829943.0,0.0,0.0,
2024-01-15,241.7299957275391,244.3000030517578,241.7299957275391,244.0700073242188,3098957.0,0.0,0.0,
2024-01-16,244.6000061035156,244.9900054931641,242.4100036621094,243.2400054931641,3055350.0,0.0,0.0,
2024-01-17,240.9900054931641,243.0,238.1000061035156,238.3800048828125,6128145.0,0.0,0.0,
2024-01-18,237.9900054931641,238.2100067138672,233.3000030517578,237.5099945068359,6170369.0,0.0,0.0,
2024-01-19,239.9900054931641,239.9900054931641,237.75,239.1499938964844,2714133.0,0.0,0.0,
2024-01-23,241.8999938964844,241.8999938964844,234.5,234.8699951171875,5382816.0,0.0,0.0,
2024-01-24,235.6799926757812,237.5899963378906,233.5,237.2899932861328,2914009.0,0.0,0.0,
2024-01-25,238.0,238.0,235.1000061035156,236.1499938964844,2328302.0,0.0,0.0,
2024-01-29,238.0,240.3999938964844,236.1499938964844,240.0500030517578,2671344.0,0.0,0.0,
2024-01-30,241.9900054931641,241.9900054931641,237.9499969482422,238.1300048828125,3429480.0,0.0,0.0,
2024-01-31,238.7799987792969,240.4799957275391,237.5,240.2599945068359,1870884.0,0.0,0.0,
2024-02-01,241.9900054931641,241.9900054931641,239.4799957275391,240.0299987792969,3203160.0,0.0,0.0,
2024-02-02,243.3999938964844,244.2799987792969,240.0099945068359,241.3000030517578,4954136.0,0.0,0.0,
2024-02-05,248.5500030517578,248.5500030517578,239.8999938964844,240.2400054931641,2862183.0,0.0,0.0,
2024-02-06,247.4499969482422,247.4499969482422,237.6499938964844,242.0099945068359,1690100.0,0.0,0.0,
2024-02-07,249.25,249.25,234.75,242.3500061035156,2235426.0,0.0,0.0,
2024-02-08,242.3500061035156,243.3800048828125,239.8999938964844,240.2799987792969,3757539.0,0.0,0.0,
2024-02-09,240.8999938964844,241.0200042724609,239.0,240.7799987792969,1752604.0,0.0,0.0,
2024-02-12,241.0,242.5,238.9700012207031,239.3200073242188,3449448.0,0.0,0.0,
2024-02-13,246.5,246.5,238.6999969482422,240.5899963378906,1615065.0,0.0,0.0,
2024-02-14,239.8999938964844,241.9900054931641,237.5500030517578,241.5500030517578,3343750.0,0.0,0.0,
2024-02-15,242.9900054931641,243.0,241.1999969482422,242.7200012207031,1820990.0,0.0,0.0,
2024-02-16,244.0,244.2299957275391,242.5800018310547,243.9900054931641,4134646.0,0.0,0.0,
2024-02-19,244.5,245.75,243.5800018310547,245.0399932861328,2511055.0,0.0,0.0,
2024-02-20,246.9900054931641,246.9900054931641,243.0099945068359,245.3699951171875,2109871.0,0.0,0.0,
2024-02-22,246.0,244.9900054931641,242.5500030517578,243.1600036621094,1007019.0,0.0,0.0,
2024-02-21,246.0,246.2899932861328,243.5,243.8699951171875,3326839.0,0.0,0.0,
2024-02-23,246.88999938964844,246.88999938964844,245.1600036621093,245.69000244140625,2414813.0,0.0,0.0,
2024-02-26,245.5,246.5,244.0200042724609,244.8699951171875,1931771.0,0.0,0.0,
2024-02-27,245.0,245.7100067138672,244.0,245.5,2412089.0,0.0,0.0,
2024-02-28,242.3000030517578,246.8800048828125,242.3000030517578,243.07000732421875,2553115.0,0.0,0.0,
2024-02-29,244.9900054931641,244.9900054931641,241.009994506836,243.25,3210232.0,0.0,0.0,
2024-03-01,244.5800018310547,246.9900054931641,243.0500030517578,246.8500061035156,2174184.0,0.0,0.0,
2024-03-04,248.9900054931641,249.97999572753903,247.0800018310547,247.8300018310547,3278496.0,0.0,0.0,
2024-03-05,248.8699951171875,248.8699951171875,246.7100067138672,247.33999633789065,1909620.0,0.0,0.0,
2024-03-06,248.9900054931641,248.9900054931641,246.1000061035156,248.6199951171875,2452874.0,0.0,0.0,
2024-03-07,248.6999969482422,249.0,248.1300048828125,248.6699981689453,2481075.0,0.0,0.0,
2024-03-11,248.6699981689453,249.8000030517578,247.0200042724609,247.4499969482422,2665347.0,0.0,0.0,
2024-03-12,248.9900054931641,248.9900054931641,246.009994506836,247.4199981689453,3423643.0,0.0,0.0,
2024-03-13,248.88999938964844,248.88999938964844,242.75,243.7100067138672,6405176.0,0.0,0.0,
2024-03-14,244.3800048828125,245.8999938964844,242.27999877929688,245.38999938964844,5265364.0,0.0,0.0,
2024-03-15,244.8999938964844,245.3800048828125,242.6600036621093,243.8000030517578,4300512.0,0.0,0.0,
2024-03-18,251.1000061035156,251.1000061035156,242.5800018310547,243.97999572753903,2498791.0,0.0,0.0,
2024-03-19,243.97000122070312,243.97999572753903,241.3699951171875,241.6000061035156,5084257.0,0.0,0.0,
2024-03-20,242.9900054931641,242.9900054931641,240.5399932861328,241.5800018310547,3185502.0,0.0,0.0,
2024-03-21,243.8000030517578,248.8500061035156,242.17999267578125,243.9900054931641,2700220.0,0.0,0.0,
2024-03-22,244.77999877929688,245.3999938964844,242.5,244.7400054931641,2791975.0,0.0,0.0,
2024-03-26,243.25,246.1000061035156,241.75,243.7899932861328,2081929.0,0.0,0.0,
2024-03-27,247.0,247.0,240.75,244.9600067138672,2872065.0,0.0,0.0,
2024-03-28,246.1000061035156,248.69000244140625,243.8800048828125,246.9600067138672,6478348.0,0.0,0.0,
2024-04-01,254.3500061035156,254.3500061035156,246.47999572753903,248.19000244140625,3790598.0,0.0,0.0,
2024-04-02,248.97000122070312,249.47999572753903,246.6499938964844,248.6499938964844,3149309.0,0.0,0.0,
2024-04-03,248.9900054931641,249.47999572753903,246.17999267578125,248.58999633789065,3197999.0,0.0,0.0,
2024-04-04,249.58999633789065,250.6000061035156,247.22999572753903,249.22999572753903,4608393.0,0.0,0.0,
2024-04-05,248.1100006103516,250.1699981689453,248.1000061035156,249.0500030517578,3465548.0,0.0,0.0,
2024-04-08,250.47000122070312,250.9499969482422,248.17999267578125,250.75,3969645.0,0.0,0.0,
2024-04-09,251.8000030517578,252.5800018310547,250.3800048828125,250.7400054931641,2377416.0,0.0,0.0,
2024-04-10,254.69000244140625,254.69000244140625,246.1999969482422,251.57000732421875,1965161.0,0.0,0.0,
2024-04-12,251.9900054931641,253.1000061035156,249.2100067138672,249.5599975585937,4390648.0,0.0,0.0,
2024-04-15,249.47999572753903,249.9900054931641,245.9900054931641,246.8699951171875,6430380.0,0.0,0.0,
2024-04-16,246.9900054931641,246.9900054931641,244.6499938964844,245.5200042724609,3797718.0,0.0,0.0,
2024-04-18,252.8999938964844,252.8999938964844,243.3500061035156,243.88999938964844,5237490.0,0.0,0.0,
2024-04-19,243.47999572753903,245.6999969482422,241.3099975585937,245.52999877929688,5776105.0,0.0,0.0,
2024-04-22,246.08999633789065,246.9499969482422,245.67999267578125,247.3099975585937,2725745.0,0.0,0.0,
2024-04-23,249.9900054931641,249.9900054931641,246.5,247.82000732421875,3366206.0,0.0,0.0,
2024-04-24,249.75,249.75,247.5200042724609,247.94000244140625,2882022.0,0.0,0.0,
2024-04-25,248.9900054931641,249.9499969482422,246.27999877929688,249.2700042724609,2917065.0,0.0,0.0,
2024-04-26,248.5800018310547,250.8800048828125,248.0500030517578,248.44000244140625,2966585.0,0.0,0.0,
2024-04-29,246.3000030517578,251.3999938964844,246.3000030517578,250.58999633789065,2488154.0,0.0,0.0,
2024-04-30,252.9900054931641,252.9900054931641,247.009994506836,250.0599975585937,4220338.0,0.0,0.0,
2024-05-02,250.9900054931641,251.3000030517578,249.0500030517578,250.83999633789065,2207360.0,0.0,0.0,
2024-05-03,252.57000732421875,252.5800018310547,247.6600036621093,248.75,5320003.0,0.0,0.0,
2024-05-06,250.9900054931641,250.9900054931641,248.0,248.3699951171875,3073529.0,0.0,0.0,
2024-05-07,253.88999938964844,253.88999938964844,245.25,247.1100006103516,4132221.0,0.0,0.0,
2024-05-08,249.88999938964844,249.88999938964844,245.1199951171875,247.2400054931641,3689179.0,0.0,0.0,
2024-05-09,247.8699951171875,247.8699951171875,243.1999969482422,243.4900054931641,7255262.0,0.0,0.0,
2024-05-10,244.009994506836,245.6699981689453,243.0800018310547,244.97000122070312,4616492.0,0.0,0.0,
2024-05-13,252.3000030517578,252.3000030517578,242.2700042724609,245.1600036621093,5277454.0,0.0,0.0,
2024-05-14,249.88999938964844,249.88999938964844,243.6999969482422,246.6100006103516,2697895.0,0.0,0.0,
2024-05-15,249.58999633789065,249.58999633789065,245.0,246.4199981689453,3575255.0,0.0,0.0,
2024-05-16,247.9900054931641,248.5,244.9100036621093,248.17999267578125,5521720.0,0.0,0.0,
2024-05-17,249.9900054931641,249.9900054931641,247.009994506836,248.72999572753903,2252477.0,0.0,0.0,
2024-05-18,250.9900054931641,255.0,248.009994506836,249.0,473819.0,0.0,0.0,
2024-05-21,247.47999572753903,250.25,247.47999572753903,249.7400054931641,2439251.0,0.0,0.0,
2024-05-22,250.9900054931641,250.9900054931641,249.2899932861328,250.3600006103516,2001955.0,0.0,0.0,
2024-05-23,251.9900054931641,254.7400054931641,249.5500030517578,254.2899932861328,4372201.0,0.0,0.0,
2024-05-24,254.6699981689453,255.7100067138672,253.0800018310547,254.97999572753903,3997482.0,0.0,0.0,
2024-05-27,254.17999267578125,256.760009765625,254.009994506836,254.72000122070312,4691565.0,0.0,0.0,
2024-05-28,255.57000732421875,255.5800018310547,254.0,254.1999969482422,3946861.0,0.0,0.0,
2024-05-29,253.8800048828125,253.97999572753903,252.1000061035156,252.3699951171875,9055975.0,0.0,0.0,
2024-05-30,253.8500061035156,253.8500061035156,249.509994506836,250.3500061035156,11936379.0,0.0,0.0,
2024-05-31,251.6699981689453,252.1199951171875,250.0,251.1499938964844,9389047.0,0.0,0.0,
2024-06-03,258.70001220703125,265.0,252.3000030517578,258.1400146484375,12023295.0,0.0,0.0,
2024-06-04,259.8699951171875,260.2799987792969,246.5,250.47999572753903,32493817.0,0.0,0.0,
2024-06-05,253.9900054931641,254.3500061035156,242.1300048828125,251.3000030517578,12905243.0,0.0,0.0,
2024-06-06,252.9900054931641,254.1000061035156,250.009994506836,252.97999572753903,10374209.0,0.0,0.0,
2024-06-07,253.8800048828125,258.8099975585937,252.19000244140625,258.4200134277344,10359160.0,0.0,0.0,
2024-06-10,259.45001220703125,259.6199951171875,257.3999938964844,257.94000244140625,6735322.0,0.0,0.0,
2024-06-11,258.3500061035156,259.6199951171875,257.0199890136719,258.79998779296875,5201488.0,0.0,0.0,
2024-06-12,261.989990234375,261.989990234375,257.8500061035156,259.3900146484375,4454758.0,0.0,0.0,
2024-06-13,260.0,260.739990234375,259.2799987792969,260.29998779296875,3389291.0,0.0,0.0,
2024-06-14,260.6499938964844,261.0,259.4599914550781,260.6499938964844,3244151.0,0.0,0.0,
2024-06-18,260.67999267578125,262.5,260.6499938964844,261.5599975585937,3816401.0,0.0,0.0,
2024-06-19,262.5,262.67999267578125,260.1099853515625,261.3800048828125,3672036.0,0.0,0.0,
2024-06-20,261.95001220703125,262.3500061035156,260.4800109863281,261.7200012207031,3070840.0,0.0,0.0,
2024-06-21,263.989990234375,263.989990234375,260.010009765625,260.8699951171875,2540160.0,0.0,0.0,
2024-06-24,260.489990234375,261.94000244140625,259.1000061035156,261.6600036621094,3509070.0,0.0,0.0,
2024-06-25,262.3500061035156,263.8999938964844,255.0,263.5899963378906,3082347.0,0.0,0.0,
2024-06-26,264.7799987792969,265.25,262.17999267578125,265.010009765625,4730226.0,0.0,0.0,
2024-06-27,264.760009765625,267.44000244140625,264.3999938964844,266.95001220703125,4383839.0,0.0,0.0,
2024-06-28,267.8800048828125,268.5,266.95001220703125,267.4800109863281,3080518.0,0.0,0.0,
2024-07-01,267.989990234375,269.0,267.0,268.29998779296875,2609110.0,0.0,0.0,
2024-07-02,271.989990234375,271.989990234375,268.04998779296875,269.0299987792969,3062879.0,0.0,0.0,
2024-07-03,269.3800048828125,271.3800048828125,269.1499938964844,270.2300109863281,2095289.0,0.0,0.0,
2024-07-04,271.489990234375,271.70001220703125,270.17999267578125,270.5299987792969,2562618.0,0.0,0.0,
2024-07-05,271.989990234375,271.989990234375,269.3099975585937,270.5299987792969,3939482.0,0.0,0.0,
2024-07-08,270.1199951171875,271.45001220703125,269.6000061035156,270.0400085449219,2630243.0,0.0,0.0,
2024-07-09,270.19000244140625,271.489990234375,269.6199951171875,271.3800048828125,2626732.0,0.0,0.0,
2024-07-10,272.2799987792969,272.2799987792969,268.6099853515625,270.9200134277344,3794721.0,0.0,0.0,
2024-07-11,274.989990234375,274.989990234375,269.5199890136719,270.75,1882287.0,0.0,0.0,
2024-07-12,271.5899963378906,273.0,270.6199951171875,271.94000244140625,3529429.0,0.0,0.0,
2024-07-15,271.5,273.8800048828125,271.5,273.0899963378906,2426914.0,0.0,0.0,
2024-07-16,273.19000244140625,274.1499938964844,272.3999938964844,273.54998779296875,1822185.0,0.0,0.0,
2024-07-18,274.989990234375,275.82000732421875,272.1000061035156,275.510009765625,3867048.0,0.0,0.0,
2024-07-19,276.4800109863281,276.4800109863281,273.0,273.2900085449219,3320980.0,0.0,0.0,
2024-07-22,273.29998779296875,273.989990234375,271.1099853515625,272.45001220703125,3005693.0,0.0,0.0,
2024-07-23,272.75,273.5,268.1099853515625,272.6400146484375,4875171.0,0.0,0.0,
2024-07-24,272.7699890136719,272.7799987792969,270.75,271.8900146484375,2547794.0,0.0,0.0,
2024-07-25,270.7799987792969,272.29998779296875,269.2799987792969,271.9200134277344,2319722.0,0.0,0.0,
2024-07-26,272.29998779296875,276.25,271.5,276.0599975585937,3223740.0,0.0,0.0,
2024-07-29,276.8999938964844,278.20001220703125,276.1000061035156,276.67999267578125,4616603.0,0.0,0.0,
2024-07-30,268.3999938964844,277.9599914550781,268.3999938964844,277.1000061035156,2437161.0,0.0,0.0,
2024-07-31,277.20001220703125,278.0899963378906,276.79998779296875,277.75,2268851.0,0.0,0.0,
2024-08-01,273.010009765625,279.1099853515625,273.010009765625,278.3299865722656,2166437.0,0.0,0.0,
2024-08-02,276.6700134277344,277.2799987792969,275.5,275.69000244140625,4084202.0,0.0,0.0,
2024-08-05,272.989990234375,273.0,266.5599975585937,269.4800109863281,13751283.0,0.0,0.0,
2024-08-06,271.8800048828125,272.94000244140625,267.20001220703125,267.6099853515625,6302682.0,0.0,0.0,
2024-08-07,269.5,271.44000244140625,269.17999267578125,271.1000061035156,3835511.0,0.0,0.0,
2024-08-08,270.75,271.17999267578125,268.75,269.3299865722656,4548564.0,0.0,0.0,
2024-08-09,271.5,272.3299865722656,270.8099975585937,271.5899963378906,2441276.0,0.0,0.0,
2024-08-12,271.7699890136719,272.79998779296875,270.25,271.44000244140625,2920131.0,0.0,0.0,
2024-08-13,271.8699951171875,271.95001220703125,269.1000061035156,269.5199890136719,2549106.0,0.0,0.0,
2024-08-14,269.95001220703125,270.5,269.1000061035156,269.3399963378906,2010360.0,0.0,0.0,
2024-08-16,271.7799987792969,274.1400146484375,270.29998779296875,273.8099975585937,3604925.0,0.0,0.0,
2024-08-19,274.3900146484375,275.4800109863281,273.8999938964844,274.42999267578125,3056786.0,0.0,0.0,
2024-08-20,274.95001220703125,276.25,274.3800048828125,275.8299865722656,2983237.0,0.0,0.0,
2024-08-21,275.95001220703125,276.3399963378906,275.0199890136719,276.1199951171875,2775328.0,0.0,0.0,
2024-08-22,276.989990234375,277.19000244140625,276.0799865722656,276.4800109863281,2065493.0,0.0,0.0,
2024-08-23,275.7799987792969,277.1499938964844,275.7799987792969,276.6000061035156,2028241.0,0.0,0.0,
2024-08-26,278.0,279.1099853515625,276.7799987792969,278.8399963378906,5515575.0,0.0,0.0,
2024-08-27,279.1499938964844,279.3500061035156,278.0899963378906,278.70001220703125,2003621.0,0.0,0.0,
2024-08-28,278.3900146484375,280.0199890136719,278.29998779296875,278.94000244140625,2895356.0,0.0,0.0,
2024-08-29,280.6000061035156,280.6000061035156,278.3800048828125,280.1000061035156,3032515.0,0.0,0.0,
2024-08-30,281.3699951171875,281.75,279.8800048828125,281.0799865722656,3093424.0,0.0,0.0,
2024-09-02,280.010009765625,283.989990234375,280.010009765625,281.45001220703125,3217589.0,0.0,0.0,
2024-09-03,281.7300109863281,282.20001220703125,281.25,281.7200012207031,1419101.0,0.0,0.0,
2024-09-04,281.3999938964844,281.5,278.7799987792969,281.2799987792969,3288020.0,0.0,0.0,
2024-09-05,282.0,282.3500061035156,280.260009765625,280.42999267578125,2636519.0,0.0,0.0,
2024-09-06,280.2799987792969,280.5799865722656,277.20001220703125,277.82000732421875,4554704.0,0.0,0.0,
2024-09-09,277.8800048828125,278.44000244140625,276.4800109863281,277.67999267578125,4742236.0,0.0,0.0,
2024-09-10,278.3500061035156,279.9599914550781,277.25,279.20001220703125,1988646.0,0.0,0.0,
2024-09-11,279.5799865722656,279.7900085449219,277.19000244140625,277.5400085449219,2708238.0,0.0,0.0,
2024-09-12,278.4800109863281,283.20001220703125,278.260009765625,282.7099914550781,5102814.0,0.0,0.0,
2024-09-13,283.6499938964844,283.75,281.7099914550781,283.19000244140625,3190614.0,0.0,0.0,
2024-09-16,283.5,284.1499938964844,283.0,283.2699890136719,1735509.0,0.0,0.0,
2024-09-17,283.4700012207031,284.1000061035156,282.8299865722656,283.8900146484375,1606443.0,0.0,0.0,
2024-09-18,284.2799987792969,284.5199890136719,282.20001220703125,283.3599853515625,3653952.0,0.0,0.0,
2024-09-19,283.3800048828125,285.70001220703125,283.3800048828125,283.9200134277344,3644113.0,0.0,0.0,
2024-09-20,284.3500061035156,287.70001220703125,283.75,287.1000061035156,4780132.0,0.0,0.0,
2024-09-23,288.0599975585937,290.1000061035156,287.4100036621094,289.3399963378906,9999391.0,0.0,0.0,
2024-09-24,289.7699890136719,289.8800048828125,288.5,289.29998779296875,2244631.0,0.0,0.0,
2024-09-25,289.3800048828125,290.42999267578125,288.510009765625,290.0899963378906,2050796.0,0.0,0.0,
2024-09-26,290.3900146484375,291.9100036621094,289.3800048828125,291.54998779296875,12490650.0,0.0,0.0,
2024-09-27,291.95001220703125,292.5,291.3500061035156,291.9700012207031,2748446.0,0.0,0.0,
2024-09-30,283.20001220703125,293.989990234375,283.20001220703125,288.3800048828125,6402044.0,0.0,0.0,
2024-10-01,288.7799987792969,289.32000732421875,287.5,288.2699890136719,5069929.0,0.0,0.0,
2024-10-03,286.4800109863281,286.9700012207031,282.04998779296875,282.69000244140625,14020015.0,0.0,0.0,
2024-10-04,283.19000244140625,284.510009765625,279.3500061035156,280.1499938964844,11509859.0,0.0,0.0,
2024-10-07,281.45001220703125,281.5799865722656,276.0799865722656,278.010009765625,10671151.0,0.0,0.0,
2024-10-08,278.989990234375,279.8500061035156,276.6600036621094,279.3999938964844,6793625.0,0.0,0.0,
2024-10-09,281.989990234375,281.989990234375,278.2300109863281,278.7200012207031,5937391.0,0.0,0.0,
2024-10-10,280.989990234375,280.989990234375,279.0,279.29998779296875,3028779.0,0.0,0.0,
2024-10-11,282.0,287.70001220703125,277.510009765625,278.7200012207031,2633798.0,0.0,0.0,
2024-10-14,280.989990234375,280.989990234375,278.0,280.760009765625,2561913.0,0.0,0.0,
2024-10-15,282.0,282.0899963378906,279.3299865722656,279.8299865722656,2761353.0,0.0,0.0,
2024-10-16,281.989990234375,281.989990234375,278.1600036621094,278.5,3738496.0,0.0,0.0,
2024-10-17,279.239990234375,279.3500061035156,276.29998779296875,276.69000244140625,4321480.0,0.0,0.0,
2024-10-18,278.989990234375,278.989990234375,274.5,277.5299987792969,5551556.0,0.0,0.0,
2024-10-21,279.989990234375,279.989990234375,275.44000244140625,276.4700012207031,3907822.0,0.0,0.0,
2024-10-22,276.2799987792969,277.7300109863281,273.2300109863281,273.5599975585937,6822604.0,0.0,0.0,
2024-10-23,274.04998779296875,274.94000244140625,272.3900146484375,273.0899963378906,4257913.0,0.0,0.0,
2024-10-24,273.7799987792969,273.7799987792969,271.9200134277344,272.1199951171875,4052229.0,0.0,0.0,
2024-10-25,271.79998779296875,275.0,269.0,270.4800109863281,7728692.0,0.0,0.0,
2024-10-28,272.989990234375,273.7300109863281,269.79998779296875,271.9700012207031,3506072.0,0.0,0.0,
2024-10-29,272.70001220703125,273.79998779296875,270.010009765625,273.5899963378906,3287116.0,0.0,0.0,
2024-10-30,273.9800109863281,273.9800109863281,272.0,272.1600036621094,3682374.0,0.0,0.0,
2024-10-31,273.989990234375,273.989990234375,270.3999938964844,270.6400146484375,4256630.0,0.0,0.0,
2024-11-01,270.6400146484375,270.6400146484375,270.6400146484375,270.6400146484375,0.0,0.0,0.0,
2024-11-04,273.989990234375,273.989990234375,266.3299865722656,268.4700012207031,11589393.0,0.0,0.0,
2024-11-05,268.67999267578125,271.0,266.7099914550781,270.7900085449219,6534119.0,0.0,0.0,
2024-11-06,272.17999267578125,274.3999938964844,270.67999267578125,273.9100036621094,5399114.0,0.0,0.0,
2024-11-07,274.0,274.3900146484375,270.4100036621094,270.70001220703125,6398511.0,0.0,0.0,
2024-11-08,271.17999267578125,271.4800109863281,269.1700134277344,270.0299987792969,3443165.0,0.0,0.0,
2024-11-11,272.9800109863281,272.9800109863281,268.42999267578125,269.9599914550781,2992617.0,0.0,0.0,
2024-11-12,272.9800109863281,272.989990234375,266.8099975585937,267.17999267578125,5341383.0,0.0,0.0,
2024-11-13,268.9800109863281,268.989990234375,263.0,263.6400146484375,8889949.0,0.0,0.0,
2024-11-14,265.6499938964844,265.6499938964844,255.75,263.57000732421875,5120603.0,0.0,0.0,
2024-11-18,264.989990234375,265.0799865722656,261.25,262.4700012207031,8193271.0,0.0,0.0,
2024-11-19,264.989990234375,265.989990234375,262.3800048828125,263.07000732421875,4607515.0,0.0,0.0,
2024-11-20,263.07000732421875,263.07000732421875,263.07000732421875,263.07000732421875,0.0,0.0,0.0,
2024-11-21,264.95001220703125,264.95001220703125,260.5199890136719,261.2900085449219,6589872.0,0.0,0.0,
2024-11-22,262.989990234375,267.3399963378906,261.0599975585937,266.8599853515625,4696442.0,0.0,0.0,
2024-11-25,270.989990234375,271.79998779296875,269.3099975585937,270.7300109863281,5637439.0,0.0,0.0,
2024-11-26,273.989990234375,273.989990234375,269.8999938964844,270.5400085449219,2783587.0,0.0,0.0,
2024-11-27,272.989990234375,272.989990234375,270.0,271.5400085449219,2965285.0,0.0,0.0,
2024-11-28,273.989990234375,273.989990234375,267.2099914550781,267.67999267578125,7296786.0,0.0,0.0,
2024-11-29,269.989990234375,270.5599975585937,267.0,269.8800048828125,2912569.0,0.0,0.0,
2024-12-02,271.989990234375,271.989990234375,267.5,271.3800048828125,3657842.0,0.0,0.0,
2024-12-03,271.9800109863281,273.20001220703125,271.2200012207031,272.9800109863281,4474032.0,0.0,0.0,
2024-12-04,273.94000244140625,274.1000061035156,272.1000061035156,273.42999267578125,4344710.0,0.0,0.0,
2024-12-05,273.45001220703125,277.5299987792969,271.79998779296875,275.9200134277344,9175052.0,0.0,0.0,
2024-12-06,277.989990234375,277.989990234375,275.0400085449219,275.8800048828125,2961008.0,0.0,0.0,
2024-12-09,276.989990234375,276.989990234375,274.69000244140625,275.1400146484375,2967859.0,0.0,0.0,
2024-12-10,276.7799987792969,276.7799987792969,274.1099853515625,274.67999267578125,3415307.0,0.0,0.0,
2024-12-12,275.989990234375,276.239990234375,273.010009765625,274.1000061035156,1908174.0,0.0,0.0,
2024-12-11,275.989990234375,275.989990234375,273.010009765625,274.9700012207031,2833637.0,0.0,0.0,
2024-12-13,274.8800048828125,276.3900146484375,269.8999938964844,276.0799865722656,7699306.0,0.0,0.0,
2024-12-16,276.8900146484375,276.8900146484375,274.79998779296875,275.4800109863281,2864842.0,0.0,0.0,
2024-12-17,275.8900146484375,275.8900146484375,271.79998779296875,272.2200012207031,6071809.0,0.0,0.0,
2024-12-18,271.6099853515625,272.989990234375,270.1499938964844,270.70001220703125,3249125.0,0.0,0.0,
2024-12-19,269.989990234375,276.4200134277344,266.2200012207031,268.3900146484375,5761411.0,0.0,0.0,
2024-12-20,267.1099853515625,269.32000732421875,263.70001220703125,264.1499938964844,8705292.0,0.0,0.0,
2024-12-23,266.989990234375,269.0,264.54998779296875,265.6600036621094,3258600.0,0.0,0.0,
2024-12-24,264.6199951171875,266.8800048828125,264.6199951171875,265.489990234375,2225487.0,0.0,0.0,
2024-12-26,257.54998779296875,269.8500061035156,257.54998779296875,265.6700134277344,2230147.0,0.0,0.0,
2024-12-27,265.04998779296875,267.5,265.04998779296875,266.3900146484375,1920291.0,0.0,0.0,
2024-12-30,267.7699890136719,267.7699890136719,263.95001220703125,264.3699951171875,3229435.0,0.0,0.0,
2024-12-31,262.70001220703125,265.0,262.510009765625,264.4700012207031,3333212.0,0.0,0.0,
2025-01-01,264.4700012207031,266.2799987792969,263.5,265.5899963378906,2402456.0,0.0,0.0,
2025-01-02,266.989990234375,270.2300109863281,265.20001220703125,269.8900146484375,4663162.0,0.0,0.0,
2025-01-03,270.0,270.989990234375,268.0599975585937,268.4100036621094,5420790.0,0.0,0.0,
2025-01-06,268.04998779296875,269.6000061035156,263.6099853515625,264.4800109863281,8357799.0,0.0,0.0,
2025-01-07,266.25,266.25,263.7099914550781,265.1600036621094,3881536.0,0.0,0.0,
2025-01-08,265.95001220703125,266.0400085449219,262.79998779296875,264.9200134277344,5054027.0,0.0,0.0,
2025-01-09,264.75,265.5,262.8999938964844,263.1499938964844,3928674.0,0.0,0.0,
2025-01-10,263.25,263.8699951171875,261.1499938964844,262.2200012207031,4496861.0,0.0,0.0,
2025-01-13,261.5,261.8999938964844,258.010009765625,258.3999938964844,11385731.0,0.0,0.0,
2025-01-15,260.25,260.4800109863281,259.0,260.0,1238745.0,0.0,0.0,
2025-01-14,260.95001220703125,260.95001220703125,258.45001220703125,259.260009765625,4342336.0,0.0,0.0,
2025-01-16,260.95001220703125,261.70001220703125,260.010009765625,260.7200012207031,3410278.0,0.0,0.0,
2025-01-17,260.79998779296875,260.79998779296875,258.6000061035156,259.7699890136719,3349177.0,0.0,0.0,
2025-01-20,259.7699890136719,261.8800048828125,259.4100036621094,261.2900085449219,4871544.0,0.0,0.0,
2025-01-21,262.2900085449219,262.4700012207031,257.3399963378906,257.9100036621094,8494366.0,0.0,0.0,
2025-01-22,259.79998779296875,259.79998779296875,257.17999267578125,258.8500061035156,5660894.0,0.0,0.0,
2025-01-23,259.0,260.32000732421875,257.67999267578125,259.510009765625,3506603.0,0.0,0.0,
2025-01-24,260.29998779296875,260.95001220703125,257.70001220703125,258.19000244140625,5457385.0,0.0,0.0,
2025-01-27,257.489990234375,257.67999267578125,255.19000244140625,255.69000244140625,10983390.0,0.0,0.0,
2025-01-28,257.0,259.1400146484375,255.9499969482422,257.3299865722656,6574774.0,0.0,0.0,
2025-01-29,258.5,259.5,257.20001220703125,259.3800048828125,4476494.0,0.0,0.0,
2025-01-30,259.04998779296875,260.9800109863281,259.0,260.2200012207031,6322360.0,0.0,0.0,
2025-01-31,261.0,263.1700134277344,259.70001220703125,263.0,5526802.0,0.0,0.0,
2025-02-01,261.010009765625,264.70001220703125,261.0,262.1300048828125,9097050.0,0.0,0.0,
2025-02-03,261.6499938964844,261.6499938964844,260.0,261.4700012207031,4023172.0,0.0,0.0,
2025-02-04,263.0,265.2200012207031,261.489990234375,265.04998779296875,7392693.0,0.0,0.0,
2025-02-05,265.95001220703125,265.95001220703125,265.0,265.25,3446888.0,0.0,0.0,
2025-02-06,265.20001220703125,267.989990234375,263.8500061035156,264.3699951171875,3291441.0,0.0,0.0,
2025-02-07,265.5,265.5,262.6000061035156,263.75,4565941.0,0.0,0.0,
2025-02-10,265.989990234375,265.989990234375,261.20001220703125,261.8999938964844,6225361.0,0.0,0.0,
2025-02-11,262.989990234375,262.989990234375,257.5199890136719,258.54998779296875,9315181.0,0.0,0.0,
2025-02-12,259.75,259.75,255.6000061035156,258.2699890136719,7929738.0,0.0,0.0,
2025-02-13,259.989990234375,260.489990234375,257.7300109863281,258.1700134277344,5074040.0,0.0,0.0,
2025-02-14,259.989990234375,259.989990234375,255.3500061035156,256.95001220703125,7108291.0,0.0,0.0,
2025-02-17,257.95001220703125,257.95001220703125,255.009994506836,257.1099853515625,7377200.0,0.0,0.0,
2025-02-18,256.2799987792969,257.70001220703125,255.3999938964844,256.8399963378906,3914881.0,0.0,0.0,
