Date,Open,High,Low,Close,Volume,Dividends,Stock Splits,Adj Close
2014-02-24,589.51025390625,589.51025390625,589.51025390625,589.51025390625,40.0,0.0,0.0,
2014-02-25,594.5502319335938,594.5502319335938,594.5502319335938,594.5502319335938,0.0,0.0,0.0,
2014-02-26,594.6732518802619,594.6732518802619,592.0917358398438,592.0917358398438,51.0,0.0,0.0,
2014-02-28,601.8942260742188,601.8942260742188,601.8942260742188,601.8942260742188,0.0,0.0,0.0,
2014-03-03,598.8682539921189,600.4356211868275,596.8398997561919,599.744140625,75.0,0.0,0.0,
2014-03-04,600.2973140610321,601.3115193348337,599.74415211011,600.2051391601562,158.0,0.0,0.0,
2014-03-05,604.4461669921875,604.4461669921875,604.4461669921875,604.4461669921875,8.0,0.0,0.0,
2014-03-06,608.2262956993837,611.2687988281251,608.2262956993837,611.268798828125,18.0,0.0,0.0,
2014-03-07,615.6021160970425,620.6729736328125,613.0205998788535,620.6729736328125,162.0,0.0,0.0,
2014-03-10,620.4885188316066,625.5593759691606,620.4885188316066,624.5452270507812,49.0,0.0,0.0,
2014-03-11,625.7438195097698,628.3253356798602,624.7296142578125,624.7296142578125,83.0,0.0,0.0,
2014-03-12,623.2544629190857,623.2544629190857,621.687095766646,622.6090698242188,13.0,0.0,0.0,
2014-03-13,625.2828369140625,625.2828369140625,625.2828369140625,625.2828369140625,2.0,0.0,0.0,
2014-03-14,623.7127075195312,623.7127075195312,623.7127075195312,623.7127075195312,0.0,0.0,0.0,
2014-03-18,627.1267765491563,627.1636352539062,627.1267765491563,627.1636352539062,11.0,0.0,0.0,
2014-03-19,625.5426025390625,625.5426025390625,625.5426025390625,625.5426025390625,0.0,0.0,0.0,
2014-03-20,623.0700898442282,625.6516060875553,623.0700898442282,624.5913696289062,57.0,0.0,0.0,
2014-03-21,573.4678541285929,625.0062255859375,567.9360098765486,625.0062255859375,43.0,0.0,0.0,
2014-03-24,626.3891985184453,629.4317016601562,625.83598031906,629.4317016601562,55.0,0.0,0.0,
2014-03-25,628.970703125,628.970703125,628.970703125,628.970703125,10.0,0.0,0.0,
2014-03-26,634.0415649414062,634.0415649414062,634.0415649414062,634.0415649414062,1.0,0.0,0.0,
2014-03-27,631.9671233305362,634.0415649414062,631.9671233305362,634.0415649414062,19.0,0.0,0.0,
2014-03-28,636.2542588173698,639.2968181500477,636.2542588173698,637.286865234375,15.0,0.0,0.0,
2014-03-31,642.8003369156688,643.3534988520275,640.3109956563908,641.832275390625,90.0,0.0,0.0,
2014-04-01,643.2613097040813,643.2613097040813,639.6655883789062,639.6655883789062,8.0,0.0,0.0,
2014-04-02,645.85205078125,645.85205078125,645.85205078125,645.85205078125,5.0,0.0,0.0,
2014-04-03,647.3179704719552,647.8711886763157,645.8428344726561,645.8428344726562,22.0,0.0,0.0,
2014-04-04,643.1690561430581,643.1690561430581,642.1549072265625,642.1549072265625,26.0,0.0,0.0,
2014-04-07,647.2258104676434,647.2258104676434,640.034423828125,640.034423828125,14.0,0.0,0.0,
2014-04-09,644.5520447594238,648.1477661132814,641.5095416069148,648.1477661132812,121.0,0.0,0.0,
2014-04-10,651.3746484483947,651.3746484483947,649.8072813518442,650.0838623046875,50.0,0.0,0.0,
2014-04-11,646.3960193936113,646.7648315429686,646.3960193936113,646.7648315429688,11.0,0.0,0.0,
2014-04-15,647.5945846126432,650.0838694885704,643.9988633674584,644.9208374023438,197.0,0.0,0.0,
2014-04-16,560.5602469315469,644.2754830805732,560.5602469315469,639.564208984375,408.0,0.0,0.0,
2014-04-17,644.524421086558,647.7605590820312,644.524421086558,647.7605590820312,17.0,0.0,0.0,
2014-04-21,650.72927552455,652.2044677734375,650.1761136017361,652.2044677734375,39.0,0.0,0.0,
2014-04-22,652.7576293945312,654.3249965388864,652.7576293945312,652.7576293945312,43.0,0.0,0.0,
2014-04-23,654.3250246430149,654.3250246430149,653.771806423865,654.3157958984375,9.0,0.0,0.0,
2014-04-25,654.3157472985795,654.3157472985795,654.2327448763806,654.3065185546875,33.0,0.0,0.0,
2014-04-28,645.3818741464256,648.7931895929091,645.3818741464256,648.4243774414062,105.0,0.0,0.0,
2014-04-29,645.8428344726561,645.8428344726561,645.8428344726561,645.8428344726562,1.0,0.0,0.0,
2014-04-30,644.6442939478404,647.6867971853903,640.5875854492188,640.5875854492188,51.0,0.0,0.0,
2014-05-02,640.5875444880122,647.7789306640625,640.5875444880122,647.7789306640625,135.0,0.0,0.0,
2014-05-05,640.4954055248786,643.5379087385604,640.4954055248786,643.4918212890625,40.0,0.0,0.0,
2014-05-06,643.6762096390285,643.6762096390285,643.6300659179688,643.6300659179688,2.0,0.0,0.0,
2014-05-07,642.3393465935342,642.3393465935342,636.7152709960939,636.7152709960938,11.0,0.0,0.0,
2014-05-08,637.056370696768,637.5450439453124,637.056370696768,637.5450439453125,3.0,0.0,0.0,
2014-05-09,638.6514604431453,653.12646484375,638.6514604431453,653.12646484375,224.0,0.0,0.0,
2014-05-12,665.2042582025172,666.7716252976155,662.7149170835761,666.5872192382812,147.0,0.0,0.0,
2014-05-13,678.6650662737505,683.4593425217562,676.6367684101741,680.6934204101562,267.0,0.0,0.0,
2014-05-14,681.0622401822818,762.4725373266833,678.4807241036982,679.494873046875,946.0,0.0,0.0,
2014-05-15,681.9842369881328,682.9983859651524,680.4168698004218,680.9700317382812,96.0,0.0,0.0,
2014-05-16,709.8278710763215,718.2178127469019,690.558590176418,692.863525390625,566.0,0.0,0.0,
2014-05-19,694.2464495754398,698.2109266783432,692.5869075640883,696.8556518554688,96.0,0.0,0.0,
2014-05-20,697.1968227844757,698.2109717811384,695.6294555664062,695.6294555664062,33.0,0.0,0.0,
2014-05-21,714.5298887614803,714.5298887614803,691.2039565506716,694.7996215820312,205.0,0.0,0.0,
2014-05-22,696.2747991270824,699.3173021733365,695.721580945054,696.0903930664062,715.0,0.0,0.0,
2014-05-23,698.1187629765894,703.1896202593035,698.1187629765894,702.1754150390625,155.0,0.0,0.0,
2014-05-26,711.0264385777574,714.0689418591951,700.7003173828125,700.7003173828125,133.0,0.0,0.0,
2014-05-27,699.8704878538689,700.4237060546875,697.842189936027,700.4237060546875,81.0,0.0,0.0,
2014-05-28,702.267634689372,702.267634689372,701.7144165039061,701.7144165039062,3.0,0.0,0.0,
2014-05-29,700.4237086464443,700.4237086464443,694.1542962571185,695.2606201171875,98.0,0.0,0.0,
2014-05-30,694.4308471679689,694.4308471679689,694.4308471679689,694.4308471679688,1.0,0.0,0.0,
2014-06-02,695.1684496443071,700.3314819335938,694.9840435755116,700.3314819335938,101.0,0.0,0.0,
2014-06-03,707.1541175827061,710.2888519559604,707.1541175827061,708.8136596679688,48.0,0.0,0.0,
2014-06-04,711.0264292678078,711.0264292678078,708.9980750157968,710.7682495117188,558.0,0.0,0.0,
2014-06-05,708.4449008483465,714.5299072265626,708.4449008483465,714.5299072265625,45.0,0.0,0.0,
2014-06-06,719.1397856433513,729.1063232421875,719.1397856433513,729.1063232421875,322.0,0.0,0.0,
2014-06-09,638.0060380495397,734.8133126090797,638.0060380495397,734.0757446289062,1262.0,0.0,0.0,
2014-06-10,731.3098199686633,736.3806771899536,731.3098199686633,735.9104614257812,313.0,0.0,0.0,
2014-06-11,734.5367333884033,734.5367333884033,730.9410121014101,732.9232788085938,349.0,0.0,0.0,
2014-06-12,736.7269897460939,736.7269897460939,736.7269897460939,736.7269897460938,0.0,0.0,0.0,
2014-06-13,735.9197047102234,735.9197047102234,726.5155580594561,726.5616455078125,742.0,0.0,0.0,
2014-06-16,720.983697001128,725.0404052734375,720.983697001128,725.0404052734375,31.0,0.0,0.0,
2014-06-17,735.0878906249999,735.0878906249999,735.0878906249999,735.087890625,0.0,0.0,0.0,
2014-06-18,734.07574741581,736.1041015736098,726.9765359999258,728.3594970703125,264.0,0.0,0.0,
2014-06-19,723.7496452890028,724.8560254280874,723.7496452890028,724.2106323242188,800.0,0.0,0.0,
2014-06-20,725.3170277680707,726.3311767578125,725.3170277680707,726.3311767578125,13.0,0.0,0.0,
2014-06-23,723.4730485892113,723.4730485892113,717.8489731181838,718.1256103515625,56.0,0.0,0.0,
2014-06-24,723.9801025390626,723.9801025390626,723.9801025390626,723.9801025390625,2.0,0.0,0.0,
2014-06-25,728.0829467773438,728.0829467773438,728.0829467773438,728.0829467773438,1.0,0.0,0.0,
2014-06-26,724.2106323242188,724.2106323242188,724.2106323242188,724.2106323242188,1.0,0.0,0.0,
2014-06-27,723.2373046874999,723.2373046874999,723.2373046874999,723.2373046875,0.0,0.0,0.0,
2014-06-30,727.3453593104086,729.3736572265625,727.3453593104086,729.3736572265625,21.0,0.0,0.0,
2014-07-01,734.0757634898638,734.0757634898638,733.891357421875,733.891357421875,14.0,0.0,0.0,
2014-07-02,738.2246397401993,738.501220703125,738.2246397401993,738.501220703125,6.0,0.0,0.0,
2014-07-03,743.2032674724089,743.2032674724089,741.2671444549798,741.4423217773438,430.0,0.0,0.0,
2014-07-04,742.8345030240586,743.111083984375,737.855820647041,743.111083984375,97.0,0.0,0.0,
2014-07-07,746.798973224607,747.720947265625,745.9691740785589,747.720947265625,812.0,0.0,0.0,
2014-07-08,749.6570577210043,751.2244248191209,739.3309936523438,739.3309936523438,250.0,0.0,0.0,
2014-07-09,739.884207671907,739.884207671907,729.7424926757812,729.7424926757812,750.0,0.0,0.0,
2014-07-10,729.004932195959,741.2671764725932,726.0546038211033,733.0615844726562,536.0,0.0,0.0,
2014-07-11,728.0829266368295,730.1112808239536,721.4447021484375,721.4447021484375,32.0,0.0,0.0,
2014-07-14,715.1753041474985,716.189453125,715.1753041474985,716.189453125,27.0,0.0,0.0,
2014-07-15,726.6082763671875,726.6082763671875,726.6082763671875,726.6082763671875,0.0,0.0,0.0,
2014-07-16,801.1954807694673,801.1954807694673,727.1609729149565,732.0474243164062,1007.0,0.0,0.0,
2014-07-17,737.822021484375,737.822021484375,737.822021484375,737.822021484375,0.0,0.0,0.0,
2014-07-18,741.2671695444419,741.2671695444419,729.5580873281659,737.1182861328125,1092.0,0.0,0.0,
2014-07-21,740.9905926999861,742.0047416971239,737.3948712140741,738.2246704101562,160.0,0.0,0.0,
2014-07-22,742.8345145229931,743.5720825195312,742.8345145229931,743.5720825195312,6.0,0.0,0.0,
2014-07-23,749.7032470703125,749.7032470703125,749.1500288575735,749.7032470703125,21.0,0.0,0.0,
2014-07-24,747.7209475602282,747.7209475602282,747.1677856445312,747.1677856445312,20.0,0.0,0.0,
2014-07-25,750.717373003065,750.717373003065,748.5968439347486,748.78125,80.0,0.0,0.0,
2014-07-28,748.8273658021529,748.8273658021529,746.2458496093749,746.245849609375,14.0,0.0,0.0,
2014-07-30,745.0933837890625,745.0933837890625,742.9267109125648,745.0933837890625,24.0,0.0,0.0,
2014-07-31,747.3521616672977,747.3521616672977,746.3380126953125,746.3380126953125,12.0,0.0,0.0,
2014-08-01,753.2528201805791,753.2528201805791,731.9552415316074,732.8218994140625,464.0,0.0,0.0,
2014-08-04,732.9693830453433,735.5048117288335,732.9693830453433,734.4445190429688,283.0,0.0,0.0,
2014-08-05,738.5934223696581,741.0827636718751,738.5934223696581,741.082763671875,20.0,0.0,0.0,
2014-08-06,823.5994314599379,823.5994314599379,737.21044921875,737.21044921875,13.0,0.0,0.0,
2014-08-07,736.3806723100565,739.4231753681025,735.8274541258841,738.814697265625,113.0,0.0,0.0,
2014-08-08,732.9693708147321,732.9693708147321,726.0545654296875,726.0545654296875,567.0,0.0,0.0,
2014-08-11,732.139603329707,733.1538085937501,732.139603329707,733.15380859375,13.0,0.0,0.0,
2014-08-12,737.7636830345623,738.7778320312501,737.7636830345623,738.77783203125,15.0,0.0,0.0,
2014-08-13,744.0330580339834,744.0330580339834,743.111083984375,743.111083984375,22.0,0.0,0.0,
2014-08-14,753.8544921875,753.8544921875,753.8544921875,753.8544921875,0.0,0.0,0.0,
2014-08-18,750.3947370068051,752.4230349936929,750.3947370068051,751.869873046875,22.0,0.0,0.0,
2014-08-19,759.3378295898438,759.3378295898438,759.3378295898438,759.3378295898438,1.0,0.0,0.0,
2014-08-20,759.8449320986574,761.8732299804686,759.8449320986574,761.8732299804688,46.0,0.0,0.0,
2014-08-21,757.5860867571041,759.6144409179688,757.5860867571041,759.6144409179688,15.0,0.0,0.0,
2014-08-22,756.018753605951,761.6889167671287,756.018753605951,761.5505981445312,65.0,0.0,0.0,
2014-08-25,765.2384611173053,766.9902343205614,762.3803640728668,763.661865234375,133.0,0.0,0.0,
2014-08-26,764.3164749126486,764.3164749126486,763.117919921875,763.117919921875,6.0,0.0,0.0,
2014-08-27,766.3448441721068,766.3448441721068,765.7916259765625,765.7916259765625,3.0,0.0,0.0,
2014-08-28,767.7277944244252,768.7419433593751,767.7277944244252,768.741943359375,11.0,0.0,0.0,
2014-09-01,771.8767201497762,772.890869140625,769.2952039498438,772.890869140625,56.0,0.0,0.0,
2014-09-02,782.1046752929688,782.1046752929688,782.1046752929688,782.1046752929688,0.0,0.0,0.0,
2014-09-03,782.84814453125,782.84814453125,782.84814453125,782.84814453125,1.0,0.0,0.0,
2014-09-04,782.0184057513236,782.0184057513236,779.4368896484375,779.4368896484375,27.0,0.0,0.0,
2014-09-05,782.64697265625,782.64697265625,782.64697265625,782.64697265625,0.0,0.0,0.0,
2014-09-08,784.7843289245939,786.8126831054688,784.7843289245939,786.8126831054688,62.0,0.0,0.0,
2014-09-09,786.8126831054688,786.8126831054688,786.8126831054688,786.8126831054688,1.0,0.0,0.0,
2014-09-10,784.3233236902612,784.3233236902612,782.1105634946998,782.7744140625,205.0,0.0,0.0,
2014-09-11,783.7701188838247,783.7701188838247,781.280833962363,782.2949829101562,25.0,0.0,0.0,
2014-09-12,782.0183828153015,783.0325317382811,782.0183828153015,783.0325317382812,13.0,0.0,0.0,
2014-09-15,782.7559695628192,782.7559695628192,778.3305053710938,778.3305053710938,54.0,0.0,0.0,
2014-09-16,776.947581265901,776.947581265901,769.8483694784196,770.5859375,152.0,0.0,0.0,
2014-09-17,771.8922729492189,771.8922729492189,771.8922729492189,771.8922729492188,0.0,0.0,0.0,
2014-09-18,772.6142439932194,782.202796499403,767.7277928454415,781.833984375,222.0,0.0,0.0,
2014-09-19,781.8340303308823,783.677978515625,781.8340303308823,783.677978515625,70.0,0.0,0.0,
2014-09-22,779.2524797939462,782.2949829101562,779.2524797939462,782.2949829101562,23.0,0.0,0.0,
2014-09-23,786.5360708131452,786.5360708131452,778.1461291337508,778.7362060546875,143.0,0.0,0.0,
2014-09-24,774.5194091796875,774.5194091796875,774.5194091796875,774.5194091796875,0.0,0.0,0.0,
2014-09-25,772.7064436061709,772.7064436061709,764.0399211337595,765.1463012695312,141.0,0.0,0.0,
2014-09-26,761.2739757245262,766.3448329421412,760.2597705173055,764.7774658203125,79.0,0.0,0.0,
2014-09-29,809.4932475917259,809.4932475917259,767.2668457031249,767.266845703125,28.0,0.0,0.0,
2014-09-30,770.8203735351561,770.8203735351561,770.8203735351561,770.8203735351562,0.0,0.0,0.0,
2014-10-01,768.188777266765,768.188777266765,767.6355590820312,767.6355590820312,6.0,0.0,0.0,
2014-10-07,768.0043682800169,768.0043682800169,760.5364011336045,761.4122314453125,112.0,0.0,0.0,
2014-10-08,758.2315175095126,759.2456665039062,758.2315175095126,759.2456665039062,14.0,0.0,0.0,
2014-10-09,766.529258539482,768.00439453125,766.529258539482,768.00439453125,15.0,0.0,0.0,
2014-10-10,761.9193725585938,763.3945085200319,761.9193725585938,761.9193725585938,21.0,0.0,0.0,
2014-10-13,756.0187269380423,758.9690551757812,756.0187269380423,758.9690551757812,42.0,0.0,0.0,
2014-10-14,760.9346313476562,760.9346313476562,760.9346313476562,760.9346313476562,0.0,0.0,0.0,
2014-10-16,758.784682730839,758.784682730839,756.4797474856056,757.493896484375,17.0,0.0,0.0,
2014-10-17,757.8627087905645,806.4507550247695,749.7493479802199,752.9762573242188,602.0,0.0,0.0,
2014-10-20,843.606271240319,843.606271240319,760.7207801142415,761.7349853515625,26.0,0.0,0.0,
2014-10-21,848.2161245488365,848.2161245488365,764.132080078125,764.132080078125,70.0,0.0,0.0,
2014-10-22,774.0902709960938,774.0902709960938,774.0902709960938,774.0902709960938,0.0,0.0,0.0,
2014-10-27,866.6555984724813,866.6555984724813,772.1532592773436,772.1532592773438,95.0,0.0,0.0,
2014-10-28,773.2596706756461,775.2880249023436,773.2596706756461,775.2880249023438,37.0,0.0,0.0,
2014-10-29,779.8978881835938,779.8978881835938,779.8978881835938,779.8978881835938,5.0,0.0,0.0,
2014-10-30,783.4935574022476,785.5219116210938,783.4935574022476,785.5219116210938,9.0,0.0,0.0,
2014-10-31,796.6777365896188,870.3434840750149,786.9970092773438,786.9970092773438,1674.0,0.0,0.0,
2014-11-03,805.5287584625848,807.5571126768142,801.9330370704131,802.5784301757812,95.0,0.0,0.0,
2014-11-05,805.0677333146812,805.0677333146812,803.5003662109374,803.5003662109375,56.0,0.0,0.0,
2014-11-07,806.081931939432,806.081931939432,803.0394287109376,803.0394287109375,8.0,0.0,0.0,
2014-11-10,805.5287203291452,805.5287203291452,803.5003662109374,803.5003662109375,6.0,0.0,0.0,
2014-11-11,809.585693359375,809.585693359375,809.585693359375,809.585693359375,0.0,0.0,0.0,
2014-11-12,809.2166364872483,811.2449906556936,809.2166364872483,810.6917724609375,19.0,0.0,0.0,
2014-11-13,809.4932404647038,809.4932404647038,807.0961303710938,807.0961303710938,16.0,0.0,0.0,
2014-11-14,807.46484375,807.46484375,807.46484375,807.46484375,10.0,0.0,0.0,
2014-11-17,807.4187604845454,808.5712280273438,807.4187604845454,808.5712280273438,7.0,0.0,0.0,
2014-11-18,778.1460823094177,814.2874755859375,778.1460823094177,814.2874755859375,22.0,0.0,0.0,
2014-11-19,815.2094793905444,816.2236283527415,811.1527709960939,811.1527709960938,17.0,0.0,0.0,
2014-11-20,809.6776235131299,810.6917724609375,809.6776235131299,810.6917724609375,17.0,0.0,0.0,
2014-11-21,814.5640869140626,814.5640869140626,814.5640869140626,814.5640869140625,4.0,0.0,0.0,
2014-11-24,822.5852773006873,823.5994262695312,822.5852773006873,823.5994262695312,11.0,0.0,0.0,
2014-11-25,829.7766826059898,829.7766826059898,819.4505615234376,819.4505615234375,34.0,0.0,0.0,
2014-11-26,818.7129974284195,818.7129974284195,816.5924682617188,816.5924682617188,51.0,0.0,0.0,
2014-11-27,822.2098999023439,822.2098999023439,822.2098999023439,822.2098999023438,0.0,0.0,0.0,
2014-11-28,831.2595825195312,831.2595825195312,831.2595825195312,831.2595825195312,0.0,0.0,0.0,
2014-12-01,830.8830566406249,830.8830566406249,830.8830566406249,830.883056640625,6.0,0.0,0.0,
2014-12-02,825.0450439453125,825.0450439453125,825.0450439453125,825.0450439453125,0.0,0.0,0.0,
2014-12-03,826.2863159179688,826.2863159179688,826.2863159179688,826.2863159179688,0.0,0.0,0.0,
2014-12-04,828.8649291992188,828.8649291992188,828.8649291992188,828.8649291992188,0.0,0.0,0.0,
2014-12-05,826.3175048828125,826.3175048828125,826.3175048828125,826.3175048828125,0.0,0.0,0.0,
2014-12-08,816.5949096679688,816.5949096679688,816.5949096679688,816.5949096679688,0.0,0.0,0.0,
2014-12-09,807.1435546875,807.1435546875,807.1435546875,807.1435546875,0.0,0.0,0.0,
2014-12-10,804.1457902987954,807.1882934570312,804.1457902987954,807.1882934570312,159.0,0.0,0.0,
2014-12-11,802.4807739257812,802.4807739257812,802.4807739257812,802.4807739257812,0.0,0.0,0.0,
2014-12-12,805.8053236445766,805.8053236445766,796.493408203125,796.493408203125,9.0,0.0,0.0,
2014-12-15,900.7686803059728,900.7686803059728,792.2523193359375,792.2523193359375,34.0,0.0,0.0,
2014-12-16,788.9332275390625,788.9332275390625,788.9332275390625,788.9332275390625,8.0,0.0,0.0,
2014-12-17,777.5929332214317,778.8836631226582,773.5362249082517,777.22412109375,43.0,0.0,0.0,
2014-12-18,784.3233642578125,784.3233642578125,784.3233642578125,784.3233642578125,1.0,0.0,0.0,
2014-12-19,796.1248779296874,796.1248779296874,796.1248779296874,796.1248779296875,0.0,0.0,0.0,
2014-12-22,795.8480336427393,796.8621826171875,795.8480336427393,796.8621826171875,27.0,0.0,0.0,
2014-12-23,806.7272949218749,806.7272949218749,806.7272949218749,806.727294921875,3.0,0.0,0.0,
2014-12-24,796.032405488804,796.032405488804,794.9260253906249,794.926025390625,6.0,0.0,0.0,
2014-12-26,788.1033935546875,788.1033935546875,788.1033935546875,788.1033935546875,1.0,0.0,0.0,
2014-12-29,798.050048828125,798.050048828125,798.050048828125,798.050048828125,0.0,0.0,0.0,
2014-12-30,806.7272857383446,806.7272857383446,796.5855712890625,796.5855712890625,9.0,0.0,0.0,
2014-12-31,801.5527954101562,801.5527954101562,801.5527954101562,801.5527954101562,0.0,0.0,0.0,
2015-01-01,796.9544067382811,796.9544067382811,796.9544067382811,796.9544067382812,5.0,0.0,0.0,
2015-01-02,812.4428100585938,812.4428100585938,812.4428100585938,812.4428100585938,0.0,0.0,0.0,
2015-01-05,813.3655510423034,814.3797000291652,813.3655510423034,813.8265380859375,15.0,0.0,0.0,
2015-01-06,815.9470263490696,815.9470263490696,786.9048440552891,788.3984375,58.0,0.0,0.0,
2015-01-07,782.9404067050943,783.9545556926589,782.0184326171875,782.0184326171875,25.0,0.0,0.0,
2015-01-08,791.6991532699572,791.6991532699572,791.1459350585938,791.1459350585938,10.0,0.0,0.0,
2015-01-09,801.4720232838073,804.5145263671875,801.4720232838073,804.5145263671875,115.0,0.0,0.0,
2015-01-12,798.6139638084405,799.6281127929688,798.6139638084405,799.6281127929688,15.0,0.0,0.0,
2015-01-13,803.0158691406251,803.0158691406251,803.0158691406251,803.015869140625,0.0,0.0,0.0,
2015-01-14,800.8975219726562,800.8975219726562,800.8975219726562,800.8975219726562,0.0,0.0,0.0,
2015-01-15,811.3371818067358,815.6704711914062,811.3371818067358,815.6704711914062,14.0,0.0,0.0,
2015-01-16,820.0037841796875,820.0037841796875,820.0037841796875,820.0037841796875,10.0,0.0,0.0,
2015-01-19,829.7766605574694,829.7766605574694,825.3511962890625,825.3511962890625,4.0,0.0,0.0,
2015-01-20,828.5781173133229,829.7766723632811,828.5781173133229,829.7766723632812,31.0,0.0,0.0,
2015-01-21,841.4857177734375,841.4857177734375,841.4857177734375,841.4857177734375,15.0,0.0,0.0,
2015-01-22,883.52771224606,903.5345601905598,844.8970336914064,844.8970336914062,10.0,0.0,0.0,
2015-01-23,844.8970496921415,850.4288940429688,844.8970496921415,850.4288940429688,15.0,0.0,0.0,
2015-01-27,854.1168168488044,854.1168168488044,853.5635986328124,853.5635986328125,7.0,0.0,0.0,
2015-01-28,887.6765938884893,887.6765938884893,858.4500055846557,862.5067138671875,10.0,0.0,0.0,
2015-01-29,857.1592710950081,857.4358520507811,857.1592710950081,857.4358520507812,50.0,0.0,0.0,
2015-01-30,864.719482421875,864.719482421875,864.719482421875,864.719482421875,10.0,0.0,0.0,
2015-02-02,848.4005513320252,851.9040415470246,847.8473331257633,850.889892578125,43.0,0.0,0.0,
2015-02-03,852.0884399414062,852.0884399414062,852.0884399414062,852.0884399414062,10.0,0.0,0.0,
2015-02-04,848.400546582087,848.400546582087,845.450218317036,846.3721923828125,427.0,0.0,0.0,
2015-02-05,848.2161306803996,849.138104735487,848.2161306803996,849.0643310546875,14.0,0.0,0.0,
2015-02-06,837.9811401367188,837.9811401367188,837.9811401367188,837.9811401367188,0.0,0.0,0.0,
2015-02-09,829.5000677221418,830.514216672512,825.4433593749999,825.443359375,57.0,0.0,0.0,
2015-02-10,822.5852705812267,827.6561279296874,822.5852705812267,827.6561279296875,31.0,0.0,0.0,
2015-02-11,832.2660215668718,833.2340831059553,832.2660215668718,832.5426025390625,66.0,0.0,0.0,
2015-02-12,837.3368373429511,838.3509862814047,835.7694702148438,835.7694702148438,37.0,0.0,0.0,
2015-02-13,843.6984639875161,843.6984639875161,841.6701660156251,841.670166015625,33.0,0.0,0.0,
2015-02-16,855.4997558593751,855.4997558593751,855.4997558593751,855.499755859375,33.0,0.0,0.0,
2015-02-18,855.5919304489769,856.0529174804688,852.8260082600254,856.0529174804688,263.0,0.0,0.0,
2015-02-19,857.989013671875,857.989013671875,857.989013671875,857.989013671875,1.0,0.0,0.0,
2015-02-20,853.655800095502,856.6983032226562,853.655800095502,856.6983032226562,37.0,0.0,0.0,
2015-02-23,853.9324113158183,856.9749145507812,853.9324113158183,856.9749145507812,10.0,0.0,0.0,
2015-02-24,846.5565795898439,846.5565795898439,846.5565795898439,846.5565795898438,10.0,0.0,0.0,
2015-02-25,848.0894775390625,848.0894775390625,848.0894775390625,848.0894775390625,0.0,0.0,0.0,
2015-02-26,845.6346435546875,845.6346435546875,845.6346435546875,845.6346435546875,1.0,0.0,0.0,
2015-02-27,851.6274470080065,852.6415959607436,851.6274470080065,852.134521484375,20.0,0.0,0.0,
2015-03-02,864.0741149588766,864.0741149588766,860.4783935546876,860.4783935546875,15.0,0.0,0.0,
2015-03-03,862.7833411252442,863.7975463867186,862.7833411252442,863.7975463867188,20.0,0.0,0.0,
2015-03-04,877.4427437670649,878.4568927465984,869.5137329101562,869.5137329101562,16.0,0.0,0.0,
2015-03-05,862.0457763671875,862.0457763671875,862.0457763671875,862.0457763671875,1.0,0.0,0.0,
2015-03-09,853.9323728709984,854.9465218127173,849.7834896629721,850.3919677734375,82.0,0.0,0.0,
2015-03-10,844.7126206965146,845.726769624172,841.5778864736712,842.0849609375,55.0,0.0,0.0,
2015-03-11,841.5778892174495,843.7906494140624,841.5778892174495,843.7906494140625,32.0,0.0,0.0,
2015-03-12,846.7410278320312,846.7410278320312,846.7410278320312,846.7410278320312,38.0,0.0,0.0,
2015-03-13,847.4324643712098,847.4324643712098,835.7694702148438,835.7694702148438,29.0,0.0,0.0,
2015-03-16,834.5709545743603,836.5993088197614,833.0035873723306,834.0361938476562,90.0,0.0,0.0,
2015-03-17,839.1807861328126,839.1807861328126,839.1807861328126,839.1807861328125,10.0,0.0,0.0,
2015-03-18,909.0664157755244,909.0664157755244,840.9325107858533,842.4998779296875,29.0,0.0,0.0,
2015-03-19,844.712646484375,844.712646484375,844.712646484375,844.712646484375,1.0,0.0,0.0,
2015-03-20,832.2660183157315,834.2943725585938,832.2660183157315,834.2943725585938,46.0,0.0,0.0,
2015-03-23,836.6914354338865,836.6914354338865,828.5780751933358,829.5922241210938,61.0,0.0,0.0,
2015-03-24,828.2093128552842,829.7766800610773,827.4717448386854,828.578125,31.0,0.0,0.0,
2015-03-25,900.768642074804,900.768642074804,822.6774291992189,822.6774291992188,89.0,0.0,0.0,
2015-03-26,820.2803130473404,820.2803130473404,810.1385986270633,810.5718994140625,40.0,0.0,0.0,
2015-03-27,810.599606677072,810.7840127440637,804.6989501703235,808.8939208984375,410.0,0.0,0.0,
2015-03-30,811.3371932392189,816.1314697265625,811.3371932392189,816.1314697265625,111.0,0.0,0.0,
2015-03-31,825.0746230016473,830.422061387104,824.1526489257812,824.1526489257812,35.0,0.0,0.0,
2015-04-01,820.7413338555339,828.1171264648439,818.1598176968417,828.1171264648438,108.0,0.0,0.0,
2015-04-06,829.7766420893214,834.0177001953125,829.7766420893214,834.0177001953125,50.0,0.0,0.0,
2015-04-07,839.6417917087468,839.6417917087468,835.0319213867188,835.0319213867188,18.0,0.0,0.0,
2015-04-08,842.4077260236933,843.421875,842.4077260236933,843.421875,15.0,0.0,0.0,
2015-04-09,850.8475952148436,850.8475952148436,850.8475952148436,850.8475952148438,0.0,0.0,0.0,
2015-04-10,850.2444796516236,851.2586285968797,848.2161254882812,848.2161254882812,18.0,0.0,0.0,
2015-04-13,852.8259887695312,852.8259887695312,852.8259887695312,852.8259887695312,16.0,0.0,0.0,
2015-04-15,852.6416240031427,854.669978248158,850.1522827148439,850.1522827148438,6.0,0.0,0.0,
2015-04-16,810.4151853781702,958.8530065907815,810.4151853781702,842.5921020507812,15.0,0.0,0.0,
2015-04-17,838.8120117187499,838.8120117187499,838.8120117187499,838.81201171875,3.0,0.0,0.0,
2015-04-20,834.1099719911373,834.1099719911373,819.173980451468,819.238525390625,19.0,0.0,0.0,
2015-04-21,816.131458206328,821.2023155924946,814.5640910324012,820.1881103515625,812.0,0.0,0.0,
2015-04-22,958.8530326779048,958.8530326779048,815.3016587426175,816.2236328125,70.0,0.0,0.0,
2015-04-23,822.769671180092,822.769671180092,815.2094726562499,815.20947265625,81.0,0.0,0.0,
2015-04-24,804.8501586914062,804.8501586914062,804.8501586914062,804.8501586914062,0.0,0.0,0.0,
2015-04-27,818.2519776793732,818.2519776793732,802.117431640625,802.117431640625,94.0,0.0,0.0,
2015-04-28,798.4295088099875,800.3656317610188,795.8479927843363,799.9599609375,46.0,0.0,0.0,
2015-04-29,799.9046672432208,802.4862396143052,797.5075572104488,801.0110473632812,167.0,0.0,0.0,
2015-04-30,796.5855782523283,796.5855782523283,791.9757080078126,791.9757080078125,115.0,0.0,0.0,
2015-05-04,801.2876586914062,801.2876586914062,801.2876586914062,801.2876586914062,7.0,0.0,0.0,
2015-05-05,808.018104132367,808.018104132367,807.6492919921875,807.6492919921875,16.0,0.0,0.0,
2015-05-06,942.2575140969336,942.2575140969336,791.9757383652309,792.2523193359375,167.0,0.0,0.0,
2015-05-07,782.2028153679181,784.2311132825735,779.6212429804825,781.6495971679688,80.0,0.0,0.0,
2015-05-08,773.536218872675,789.762939453125,773.536218872675,789.762939453125,10.0,0.0,0.0,
2015-05-11,797.6919452353274,804.6067504882812,797.6919452353274,804.6067504882812,503.0,0.0,0.0,
2015-05-12,917.364218343324,917.364218343324,789.3942260742188,789.3942260742188,48.0,0.0,0.0,
2015-05-13,791.7913208007812,791.7913208007812,791.7913208007812,791.7913208007812,10.0,0.0,0.0,
2015-05-14,783.6779605163132,795.7557983398438,783.6779605163132,795.7557983398438,10.0,0.0,0.0,
2015-05-15,801.4720458984375,801.4720458984375,801.4720458984375,801.4720458984375,10.0,0.0,0.0,
2015-05-18,805.9897304298885,807.0038793816267,804.4223632812501,804.42236328125,28.0,0.0,0.0,
2015-05-19,810.7811279296874,810.7811279296874,810.7811279296874,810.7811279296875,0.0,0.0,0.0,
2015-05-20,817.0534012903145,817.0534012903145,816.5001831054688,816.5001831054688,7.0,0.0,0.0,
2015-05-21,817.5144042968751,817.5144042968751,817.5144042968751,817.514404296875,5.0,0.0,0.0,
2015-05-22,958.853028900545,958.853028900545,817.9754028320311,817.9754028320312,35.0,0.0,0.0,
2015-05-25,955.5339399245704,955.5339399245704,816.8690185546875,816.8690185546875,94.0,0.0,0.0,
2015-05-26,808.0231323242188,808.0231323242188,808.0231323242188,808.0231323242188,0.0,0.0,0.0,
2015-05-27,802.1174132149175,806.2662963867188,802.1174132149175,806.2662963867188,46.0,0.0,0.0,
2015-05-28,806.4168090820312,806.4168090820312,806.4168090820312,806.4168090820312,0.0,0.0,0.0,
2015-05-29,808.5712280273438,808.5712280273438,808.5712280273438,808.5712280273438,10.0,0.0,0.0,
2015-06-01,818.4364013671874,818.4364013671874,818.4364013671874,818.4364013671875,2.0,0.0,0.0,
2015-06-02,784.5999501802542,814.2875271173168,784.5999501802542,801.2876586914062,30.0,0.0,0.0,
2015-06-03,788.2878417968751,793.7275114014484,788.2878417968751,788.287841796875,25.0,0.0,0.0,
2015-06-04,801.2876184609305,801.2876184609305,784.4155047244113,787.4580078125,129.0,0.0,0.0,
2015-06-05,785.2453080257968,794.6494545710362,785.2453080257968,788.5643920898438,47.0,0.0,0.0,
2015-06-08,783.8623768963831,784.8765258789064,783.8623768963831,784.8765258789062,26.0,0.0,0.0,
2015-06-09,779.0680733575763,779.0680733575763,778.3305053710938,778.3305053710938,20.0,0.0,0.0,
2015-06-10,782.3871504627879,782.9403686523438,782.3871504627879,782.9403686523438,10.0,0.0,0.0,
2015-06-11,818.3441811227051,820.9257535972232,776.3021850585938,776.3021850585938,109.0,0.0,0.0,
2015-06-12,892.4709067086583,892.4709067086583,770.8625034196991,772.4298706054688,77.0,0.0,0.0,
2015-06-15,776.4865565935569,776.4865565935569,774.919189453125,774.919189453125,52.0,0.0,0.0,
2015-06-16,774.1816517950936,775.1958007812501,774.1816517950936,775.19580078125,32.0,0.0,0.0,
2015-06-17,782.9403686523438,782.9403686523438,782.9403686523438,782.9403686523438,1.0,0.0,0.0,
2015-06-18,789.3942260742188,789.3942260742188,789.3942260742188,789.3942260742188,2.0,0.0,0.0,
2015-06-19,802.7628285780493,803.7769775390625,802.7628285780493,803.7769775390625,11.0,0.0,0.0,
2015-06-22,801.8408437043428,806.7272949218749,799.3515025111607,806.727294921875,188.0,0.0,0.0,
2015-06-23,810.2307739257811,810.2307739257811,810.2307739257811,810.2307739257812,3.0,0.0,0.0,
2015-06-24,814.9328725543736,815.947021484375,814.9328725543736,815.947021484375,70.0,0.0,0.0,
2015-06-25,817.2556152343751,817.2556152343751,817.2556152343751,817.255615234375,0.0,0.0,0.0,
2015-06-26,815.5988159179688,815.5988159179688,815.5988159179688,815.5988159179688,0.0,0.0,0.0,
2015-06-29,798.6139535077132,805.9897460937501,798.6139535077132,805.98974609375,9.0,0.0,0.0,
2015-06-30,808.7556762695314,808.7556762695314,808.7556762695314,808.7556762695312,10.0,0.0,0.0,
2015-07-01,867.5775837466094,867.5775837466094,811.5215725869418,813.5499267578125,12.0,0.0,0.0,
2015-07-02,819.3583374023436,819.3583374023436,819.3583374023436,819.3583374023438,1.0,0.0,0.0,
2015-07-03,820.2803344726564,820.2803344726564,820.2803344726564,820.2803344726562,5.0,0.0,0.0,
2015-07-06,816.1314697265625,816.1314697265625,816.1314697265625,816.1314697265625,4.0,0.0,0.0,
2015-07-07,827.1951293945312,827.1951293945312,827.1951293945312,827.1951293945312,1.0,0.0,0.0,
2015-07-08,811.5216064453125,811.5216064453125,811.5216064453125,811.5216064453125,4.0,0.0,0.0,
2015-07-09,811.3431396484375,811.3431396484375,811.3431396484375,811.3431396484375,0.0,0.0,0.0,
2015-07-10,809.6776123046875,809.6776123046875,809.6776123046875,809.6776123046875,6.0,0.0,0.0,
2015-07-13,813.3655280700757,817.4221801757811,813.3655280700757,817.4221801757812,15.0,0.0,0.0,
2015-07-14,816.869034177968,818.4364013671874,816.869034177968,818.4364013671875,36.0,0.0,0.0,
2015-07-15,824.2448120117188,824.2448120117188,824.2448120117188,824.2448120117188,5.0,0.0,0.0,
2015-07-16,829.0390625000001,829.0390625000001,829.0390625000001,829.0390625,10.0,0.0,0.0,
2015-07-17,837.3368530273438,837.3368530273438,837.3368530273438,837.3368530273438,1.0,0.0,0.0,
2015-07-20,833.6489868164062,833.6489868164062,833.6489868164062,833.6489868164062,4.0,0.0,0.0,
2015-07-21,833.6489868164062,833.6489868164062,833.6489868164062,833.6489868164062,6.0,0.0,0.0,
2015-07-22,826.7341372746434,836.1382837867145,825.1667701438266,830.8645629882812,172.0,0.0,0.0,
2015-07-23,837.9281005859374,837.9281005859374,837.9281005859374,837.9281005859375,0.0,0.0,0.0,
2015-07-24,830.4220657926055,830.4220657926055,829.2235107421875,829.2235107421875,15.0,0.0,0.0,
2015-07-27,820.2803456556951,821.2944946289062,820.2803456556951,821.2944946289062,11.0,0.0,0.0,
2015-07-28,815.2095066086978,815.2095066086978,813.1811523437499,813.18115234375,5.0,0.0,0.0,
2015-07-29,819.6349168885104,819.6349168885104,811.5215566373182,812.5357055664062,11.0,0.0,0.0,
2015-07-30,821.468017578125,821.468017578125,821.468017578125,821.468017578125,0.0,0.0,0.0,
2015-07-31,832.2898559570314,832.2898559570314,832.2898559570314,832.2898559570312,0.0,0.0,0.0,
2015-08-03,830.4220381313037,834.4786901878094,830.4220381313037,831.8418579101562,217.0,0.0,0.0,
2015-08-04,827.8405413610348,827.8405413610348,827.0107421875,827.0107421875,19.0,0.0,0.0,
2015-08-05,834.5709183870702,834.5709183870702,834.0177001953125,834.0177001953125,12.0,0.0,0.0,
2015-08-06,837.6350708007814,837.6350708007814,837.6350708007814,837.6350708007812,0.0,0.0,0.0,
2015-08-07,835.4928930313497,835.4928930313497,832.911376953125,832.911376953125,17.0,0.0,0.0,
2015-08-10,835.4928860923196,837.5212402343751,835.4928860923196,837.521240234375,7.0,0.0,0.0,
2015-08-11,827.6561391116761,828.6702880859374,827.1029209024894,828.6702880859375,14.0,0.0,0.0,
2015-08-12,820.5569183401423,820.5569183401423,814.5640869140626,814.5640869140625,31.0,0.0,0.0,
2015-08-13,815.1534423828124,815.1534423828124,815.1534423828124,815.1534423828125,0.0,0.0,0.0,
2015-08-14,831.0139160156249,831.0139160156249,831.0139160156249,831.013916015625,0.0,0.0,0.0,
2015-08-17,822.5852773006873,917.3642005333896,822.5852773006873,823.5994262695312,12.0,0.0,0.0,
2015-08-18,825.9384155273438,825.9384155273438,825.9384155273438,825.9384155273438,0.0,0.0,0.0,
2015-08-19,823.046275821691,824.0604248046874,823.046275821691,824.0604248046875,12.0,0.0,0.0,
2015-08-20,825.8122016593303,825.8122016593303,821.7554931640625,821.7554931640625,21.0,0.0,0.0,
2015-08-21,804.6067460128879,806.6351001303714,804.0535278320311,804.0535278320312,72.0,0.0,0.0,
2015-08-24,917.364170224792,917.364170224792,767.1745765301139,768.1887817382812,107.0,0.0,0.0,
2015-08-25,917.3641793563392,917.3641793563392,755.8343146110892,766.990234375,167.0,0.0,0.0,
2015-08-26,762.1959803359762,766.2526325090839,762.1959803359762,764.5009155273438,49.0,0.0,0.0,
2015-08-27,770.0327643080326,774.0894165039062,770.0327643080326,774.0894165039062,26.0,0.0,0.0,
2015-08-28,871.2654792393373,871.2654792393373,781.7418212890625,781.7418212890625,100.0,0.0,0.0,
2015-08-31,781.8340218636575,781.8340218636575,775.9333652272518,777.500732421875,70.0,0.0,0.0,
2015-09-01,775.3802164965196,775.3802164965196,757.493896484375,757.493896484375,59.0,0.0,0.0,
2015-09-02,756.0187571825178,761.2740207735969,754.1748089942678,755.7052612304688,97.0,0.0,0.0,
2015-09-03,754.1747829453979,760.075439453125,754.1747829453979,760.075439453125,15.0,0.0,0.0,
2015-09-04,756.018728505575,756.018728505575,746.43017578125,746.43017578125,142.0,0.0,0.0,
2015-09-07,876.788137341971,876.788137341971,742.1891479492188,742.1891479492188,75.0,0.0,0.0,
2015-09-08,740.0685932636352,751.5010379064552,740.0685932636352,750.9478759765625,88.0,0.0,0.0,
2015-09-09,761.7349853515625,761.7349853515625,761.7349853515625,761.7349853515625,3.0,0.0,0.0,
2015-09-10,749.7493286132814,749.7493286132814,749.7493286132814,749.7493286132812,1.0,0.0,0.0,
2015-09-11,766.3448553746283,766.3448553746283,761.2739980085788,762.2881469726562,26.0,0.0,0.0,
2015-09-14,758.9690394827498,759.983188415614,757.4016723632812,757.4016723632812,40.0,0.0,0.0,
2015-09-15,765.791630434048,766.3448486328125,765.791630434048,766.3448486328125,10.0,0.0,0.0,
2015-09-16,767.7278354744927,770.2171767703633,762.103759765625,762.103759765625,1202.0,0.0,0.0,
2015-09-18,778.791481595327,781.2808227539062,778.791481595327,781.2808227539062,11.0,0.0,0.0,
2015-09-21,773.2596435546875,773.2596435546875,773.2596435546875,773.2596435546875,5.0,0.0,0.0,
2015-09-22,917.3642193145382,917.3642193145382,761.366192072012,761.5505981445312,109.0,0.0,0.0,
2015-09-23,753.8982241339153,762.103759765625,753.8982241339153,762.103759765625,127.0,0.0,0.0,
2015-09-24,696.0904030298235,763.4866831186785,696.0904030298235,762.4725341796875,50.0,0.0,0.0,
2015-09-28,903.534551666636,903.534551666636,763.9476606653323,764.6115112304688,162.0,0.0,0.0,
2015-09-29,752.5152481768561,759.4300537109374,752.5152481768561,759.4300537109375,11.0,0.0,0.0,
2015-09-30,769.4795086100786,774.4581909179688,769.4795086100786,774.4581909179688,174.0,0.0,0.0,
2015-10-01,779.713451170218,780.7276000976562,779.713451170218,780.7276000976562,11.0,0.0,0.0,
2015-10-05,788.2878302969802,788.2878302969802,787.8268432617189,787.8268432617188,25.0,0.0,0.0,
2015-10-06,792.8976817574604,792.8976817574604,792.5288696289064,792.5288696289062,26.0,0.0,0.0,
2015-10-07,797.5997314453125,797.5997314453125,797.5997314453125,797.5997314453125,3.0,0.0,0.0,
2015-10-08,793.61865234375,793.61865234375,793.61865234375,793.61865234375,0.0,0.0,0.0,
2015-10-09,799.4959716796874,799.4959716796874,799.4959716796874,799.4959716796875,0.0,0.0,0.0,
2015-10-12,799.5359267089678,799.5359267089678,797.5997473935458,798.6139526367188,14.0,0.0,0.0,
2015-10-13,792.6211007110232,792.6211007110232,788.01123046875,788.01123046875,101.0,0.0,0.0,
2015-10-14,791.6991577148439,791.6991577148439,791.6991577148439,791.6991577148438,3.0,0.0,0.0,
2015-10-15,795.2947998046875,795.2947998046875,795.2947998046875,795.2947998046875,1.0,0.0,0.0,
2015-10-16,804.6939697265626,804.6939697265626,804.6939697265626,804.6939697265625,0.0,0.0,0.0,
2015-10-19,804.5145299089314,806.0818970414606,804.5145299089314,805.5379638671875,19.0,0.0,0.0,
2015-10-20,807.0742187499999,807.0742187499999,807.0742187499999,807.07421875,0.0,0.0,0.0,
2015-10-21,807.3726806640624,807.3726806640624,807.3726806640624,807.3726806640625,8.0,0.0,0.0,
2015-10-23,829.7766723632811,829.7766723632811,829.7766723632811,829.7766723632812,5.0,0.0,0.0,
2015-10-26,875.8753817312215,942.2575159255878,807.00390625,807.00390625,149.0,0.0,0.0,
2015-10-27,803.592567626464,803.592567626464,802.117431640625,802.117431640625,115.0,0.0,0.0,
2015-10-28,800.4578966298373,800.4578966298373,797.5075683593751,797.507568359375,15.0,0.0,0.0,
2015-10-29,793.9118268212638,793.9118268212638,790.8693237304689,790.8693237304688,115.0,0.0,0.0,
2015-10-30,792.7132862298341,792.7132862298341,785.6140747070312,785.6140747070312,14.0,0.0,0.0,
2015-11-02,785.2453115009469,786.2594604492188,785.2453115009469,786.2594604492188,11.0,0.0,0.0,
2015-11-03,787.7109985351562,787.7109985351562,787.7109985351562,787.7109985351562,0.0,0.0,0.0,
2015-11-04,789.8551635742188,789.8551635742188,789.8551635742188,789.8551635742188,3.0,0.0,0.0,
2015-11-05,777.4296264648438,777.4296264648438,777.4296264648438,777.4296264648438,0.0,0.0,0.0,
2015-11-06,776.2099606480991,776.7631225585938,776.2099606480991,776.7631225585938,13.0,0.0,0.0,
2015-11-09,766.8058099372163,771.1390991210938,766.8058099372163,771.1390991210938,7.0,0.0,0.0,
2015-11-10,766.3448825933408,766.3448825933408,764.3165283203125,764.3165283203125,11.0,0.0,0.0,
2015-11-13,764.3164969911163,764.3164969911163,756.6641235351562,756.6641235351562,55.0,0.0,0.0,
2015-11-16,763.0188598632812,763.0188598632812,763.0188598632812,763.0188598632812,0.0,0.0,0.0,
2015-11-17,763.9477156734863,764.5009338964061,760.9052124023438,760.9052124023438,66.0,0.0,0.0,
2015-11-18,763.0257354496902,763.0257354496902,756.9407289562516,756.98681640625,41.0,0.0,0.0,
2015-11-19,758.4158325195312,758.4158325195312,758.4158325195312,758.4158325195312,5.0,0.0,0.0,
2015-11-20,767.8478393554688,767.8478393554688,767.8478393554688,767.8478393554688,0.0,0.0,0.0,
2015-11-23,909.066430355396,909.066430355396,765.6994628906251,765.699462890625,29.0,0.0,0.0,
2015-11-24,764.5009155273436,764.5009155273436,764.5009155273436,764.5009155273438,1.0,0.0,0.0,
2015-11-26,765.7916259765625,765.7916259765625,765.7916259765625,765.7916259765625,9.0,0.0,0.0,
2015-11-27,769.9405021301659,769.9405021301659,765.8838500976564,765.8838500976562,165.0,0.0,0.0,
2015-11-30,773.6284067635036,773.6284067635036,772.6142578125,772.6142578125,30.0,0.0,0.0,
2015-12-01,776.0255737304688,777.0397226823363,776.0255737304688,776.0255737304688,13.0,0.0,0.0,
2015-12-02,773.5362127015559,773.5362127015559,773.351806640625,773.351806640625,11.0,0.0,0.0,
2015-12-03,769.8483429789486,771.9688720703125,769.8483429789486,771.9688720703125,40.0,0.0,0.0,
2015-12-04,761.2739942780604,762.2881432371681,760.6286011800687,760.8406372070312,35.0,0.0,0.0,
2015-12-07,759.6144521152522,760.6286010742189,759.6144521152522,760.6286010742188,12.0,0.0,0.0,
2015-12-08,755.7421338068997,756.7562827444038,755.0967407226562,755.0967407226562,31.0,0.0,0.0,
2015-12-09,755.0967407226562,755.0967407226562,755.0967407226562,755.0967407226562,25.0,0.0,0.0,
2015-12-10,745.6004638671876,745.6004638671876,745.6004638671876,745.6004638671875,1.0,0.0,0.0,
2015-12-11,749.7492967757386,749.7492967757386,742.6500854492188,742.6500854492188,21.0,0.0,0.0,
2015-12-14,740.0685920249296,744.125244140625,740.0685920249296,744.125244140625,14.0,0.0,0.0,
2015-12-15,746.9833827565759,747.9975316972739,745.416015625,745.416015625,43.0,0.0,0.0,
2015-12-16,757.2506713867188,757.2506713867188,757.2506713867188,757.2506713867188,0.0,0.0,0.0,
2015-12-17,760.8129838088776,760.8129838088776,760.2597656249999,760.259765625,2.0,0.0,0.0,
2015-12-18,758.3104858398436,758.3104858398436,758.3104858398436,758.3104858398438,0.0,0.0,0.0,
2015-12-21,760.259819774256,792.6211444234118,730.6644736958356,764.3165283203125,245.0,0.0,0.0,
2015-12-22,763.5789184570312,763.5789184570312,763.5789184570312,763.5789184570312,1.0,0.0,0.0,
2015-12-23,768.4268188476562,768.4268188476562,768.4268188476562,768.4268188476562,0.0,0.0,0.0,
2015-12-24,768.0965576171875,768.0965576171875,768.0965576171875,768.0965576171875,6.0,0.0,0.0,
2015-12-28,774.1521606445311,774.1521606445311,774.1521606445311,774.1521606445312,0.0,0.0,0.0,
2015-12-29,774.5146484375,774.5146484375,774.5146484375,774.5146484375,0.0,0.0,0.0,
2015-12-30,771.3107910156249,771.3107910156249,771.3107910156249,771.310791015625,0.0,0.0,0.0,
2015-12-31,776.1911010742189,776.1911010742189,776.1911010742189,776.1911010742188,0.0,0.0,0.0,
2016-01-01,773.2596821347915,776.3021853835096,773.2596821347915,775.7490234375,13.0,0.0,0.0,
2016-01-04,773.812815689484,773.812815689484,766.8980102539062,766.8980102539062,76.0,0.0,0.0,
2016-01-05,764.039939766384,764.039939766384,760.9974365234375,760.9974365234375,6.0,0.0,0.0,
2016-01-06,761.2739868164062,761.2739868164062,761.2739868164062,761.2739868164062,1.0,0.0,0.0,
2016-01-07,744.7245343926816,744.7245343926816,742.0046997070312,742.0046997070312,13.0,0.0,0.0,
2016-01-08,742.5579109941762,746.6145629882811,742.5579109941762,746.6145629882812,100.0,0.0,0.0,
2016-01-11,734.0757682192726,740.4373555596386,734.0757682192726,738.4090576171875,81.0,0.0,0.0,
2016-01-12,740.5295703467251,740.5295703467251,733.4303588867188,733.4303588867188,33.0,0.0,0.0,
2016-01-13,738.5012087827764,738.5012087827764,725.1325851531257,734.0757446289062,53.0,0.0,0.0,
2016-01-14,729.004932195959,733.0615844726562,729.004932195959,733.0615844726562,52.0,0.0,0.0,
2016-01-15,738.2246585332208,738.2246585332208,727.1609695518996,730.0467529296875,26.0,0.0,0.0,
2016-01-18,820.5569434754775,820.5569434754775,720.6149291992188,720.6149291992188,166.0,0.0,0.0,
2016-01-19,723.7496337890625,723.7496337890625,723.7496337890625,723.7496337890625,2.0,0.0,0.0,
2016-01-20,715.6362643079009,715.6362643079009,713.0547482389043,713.60791015625,911.0,0.0,0.0,
2016-01-21,720.7071172202453,720.7071172202453,711.5795517290741,712.2894897460938,78.0,0.0,0.0,
2016-01-22,717.3879823265383,720.9837036132814,716.3738333855749,720.9837036132812,54.0,0.0,0.0,
2016-01-25,792.8976845567717,792.8976845567717,729.0048940208909,730.01904296875,27.0,0.0,0.0,
2016-01-27,727.1609497070312,727.1609497070312,727.1609497070312,727.1609497070312,1.0,0.0,0.0,
2016-01-28,725.2494506835936,725.2494506835936,725.2494506835936,725.2494506835938,0.0,0.0,0.0,
2016-01-29,732.0474243164062,732.0474243164062,732.0474243164062,732.0474243164062,5.0,0.0,0.0,
2016-02-01,818.712976870961,818.712976870961,738.4090576171875,738.4090576171875,15.0,0.0,0.0,
2016-02-02,739.1465976619214,739.1465976619214,732.9693603515625,732.9693603515625,11.0,0.0,0.0,
2016-02-03,728.3595150320348,728.3595150320348,720.246154473586,720.79931640625,20.0,0.0,0.0,
2016-02-04,723.2846069335938,723.2846069335938,723.2846069335938,723.2846069335938,0.0,0.0,0.0,
2016-02-05,728.3594858409118,728.3594858409118,727.3453369140625,727.3453369140625,24.0,0.0,0.0,
2016-02-08,859.2798203493569,859.2798203493569,723.1964721679688,723.1964721679688,78.0,0.0,0.0,
2016-02-09,714.0689352610442,715.0830842545413,712.6859741210939,712.6859741210938,30.0,0.0,0.0,
2016-02-10,710.1044382096753,710.1044382096753,705.4945678710938,705.4945678710938,26.0,0.0,0.0,
2016-02-11,701.8066632891168,702.8208122424622,698.76416015625,698.76416015625,28.0,0.0,0.0,
2016-02-12,841.9928368048588,842.2233303271158,681.7076639364669,683.7359619140625,64.0,0.0,0.0,
2016-02-15,816.1314545652846,816.1314545652846,692.1259426749867,698.6719360351562,8.0,0.0,0.0,
2016-02-16,698.8563574959649,699.3173445391681,694.2464870639335,696.2748413085938,165.0,0.0,0.0,
2016-02-17,694.4395751953125,694.4395751953125,694.4395751953125,694.4395751953125,0.0,0.0,0.0,
2016-02-18,702.5654907226564,702.5654907226564,702.5654907226564,702.5654907226562,0.0,0.0,0.0,
2016-02-19,704.4138793945312,704.4138793945312,704.4138793945312,704.4138793945312,0.0,0.0,0.0,
2016-02-22,705.4945790459245,706.5087280273438,705.4945790459245,706.5087280273438,13.0,0.0,0.0,
2016-02-23,704.1116248741304,704.1116248741304,697.9343872070312,697.9343872070312,14.0,0.0,0.0,
2016-02-24,697.0123817316489,697.0123817316489,688.2536282575079,690.281982421875,65.0,0.0,0.0,
2016-02-25,680.9490966796875,680.9490966796875,680.9490966796875,680.9490966796875,0.0,0.0,0.0,
2016-02-26,689.3600463867188,689.3600463867188,689.3600463867188,689.3600463867188,5.0,0.0,0.0,
2016-02-29,686.8706850905744,686.8706850905744,680.4168665729449,682.7218017578125,47.0,0.0,0.0,
2016-03-01,807.8797544338631,808.1102479444006,691.6649376754323,702.2676391601562,31.0,0.0,0.0,
2016-03-02,719.7559204101562,719.7559204101562,719.7559204101562,719.7559204101562,0.0,0.0,0.0,
2016-03-03,724.8560180664062,724.8560180664062,724.8560180664062,724.8560180664062,21.0,0.0,0.0,
2016-03-04,728.9126814165528,728.9126814165528,725.8701782226562,725.8701782226562,80.0,0.0,0.0,
2016-03-08,731.6785888671875,731.6785888671875,731.6785888671875,731.6785888671875,1.0,0.0,0.0,
2016-03-09,729.1893310546875,729.1893310546875,729.1893310546875,729.1893310546875,1.0,0.0,0.0,
2016-03-10,734.5367431640625,734.5367431640625,734.5367431640625,734.5367431640625,1.0,0.0,0.0,
2016-03-11,737.21044921875,737.21044921875,737.21044921875,737.21044921875,1.0,0.0,0.0,
2016-03-14,737.2216186523436,737.2216186523436,737.2216186523436,737.2216186523438,0.0,0.0,0.0,
2016-03-15,729.5694580078125,729.5694580078125,729.5694580078125,729.5694580078125,0.0,0.0,0.0,
2016-03-16,733.5092163085939,733.5092163085939,733.5092163085939,733.5092163085938,0.0,0.0,0.0,
2016-03-17,735.3154907226562,735.3154907226562,735.3154907226562,735.3154907226562,0.0,0.0,0.0,
2016-03-18,738.501244530328,740.7140048507879,738.501244530328,738.740966796875,91.0,0.0,0.0,
2016-03-21,745.0472064117788,752.1464178429208,744.0330574671143,751.8513793945312,85.0,0.0,0.0,
2016-03-22,737.5792555033867,752.0542596472069,710.8420074913889,748.6429443359375,1795.0,0.0,0.0,
2016-03-23,755.42041015625,755.42041015625,755.42041015625,755.42041015625,0.0,0.0,0.0,
2016-03-28,892.4708634918811,892.4708634918811,752.330810546875,752.330810546875,33.0,0.0,0.0,
2016-03-29,744.6784623424228,744.6784623424228,744.125244140625,744.125244140625,2.0,0.0,0.0,
2016-03-30,749.288330078125,749.288330078125,749.288330078125,749.288330078125,1.0,0.0,0.0,
2016-03-31,756.5718882107714,756.5718882107714,755.5577392578125,755.5577392578125,25.0,0.0,0.0,
2016-04-01,754.8202015922351,755.8343505859375,754.8202015922351,755.8343505859375,11.0,0.0,0.0,
2016-04-04,759.5678100585938,759.5678100585938,759.5678100585938,759.5678100585938,0.0,0.0,0.0,
2016-04-05,890.8574445376842,890.8574445376842,748.6429443359375,748.6429443359375,108.0,0.0,0.0,
2016-04-06,744.6784623424228,744.6784623424228,744.125244140625,744.125244140625,12.0,0.0,0.0,
2016-04-07,738.3168334960939,738.3168334960939,738.3168334960939,738.3168334960938,10.0,0.0,0.0,
2016-04-08,705.3101356141409,735.8274536132812,705.3101356141409,735.8274536132812,2.0,0.0,0.0,
2016-04-11,746.7989797985589,746.7989797985589,739.1466064453126,739.1466064453125,3.0,0.0,0.0,
2016-04-12,746.7989805629801,750.164208354896,746.7989805629801,747.0755615234375,124.0,0.0,0.0,
2016-04-13,768.5065917968751,768.5065917968751,768.5065917968751,768.506591796875,0.0,0.0,0.0,
2016-04-18,659.7185070740591,838.9963687779311,659.7185070740591,768.8341674804688,155.0,0.0,0.0,
2016-04-20,774.7610473632812,774.7610473632812,774.7610473632812,774.7610473632812,0.0,0.0,0.0,
2016-04-21,779.713496536145,779.713496536145,779.1602783203125,779.1602783203125,2.0,0.0,0.0,
2016-04-22,765.2384995079382,809.4932561059876,765.2384995079382,773.9972534179688,13.0,0.0,0.0,
2016-04-25,850.9820566588119,850.9820566588119,677.6509335257061,769.7561645507812,100.0,0.0,0.0,
2016-04-26,765.4229081644485,765.4229081644485,764.8696899414064,764.8696899414062,70.0,0.0,0.0,
2016-04-27,781.113037109375,781.113037109375,781.113037109375,781.113037109375,0.0,0.0,0.0,
2016-04-28,768.1303100585936,768.1303100585936,768.1303100585936,768.1303100585938,0.0,0.0,0.0,
2016-04-29,756.0187377929688,756.0187377929688,756.0187377929688,756.0187377929688,3.0,0.0,0.0,
2016-05-02,842.6843098896665,842.6843098896665,762.1959838867188,762.1959838867188,18.0,0.0,0.0,
2016-05-03,761.5505513290939,764.132067367169,756.2952880859375,756.2952880859375,5.0,0.0,0.0,
2016-05-04,756.2952880859375,756.2952880859375,756.2952880859375,756.2952880859375,20.0,0.0,0.0,
2016-05-05,755.7421261752175,756.2952880859375,755.1889079916683,756.2952880859375,80.0,0.0,0.0,
2016-05-06,756.940711570992,756.940711570992,669.9063368422471,752.0542602539062,18.0,0.0,0.0,
2016-05-09,759.7988139732548,764.5009155273436,759.7988139732548,764.5009155273438,25.0,0.0,0.0,
2016-05-10,769.1107743536585,769.1107743536585,768.5575561523438,768.5575561523438,3.0,0.0,0.0,
2016-05-11,764.5008817066064,766.5292358398439,764.5008817066064,766.5292358398438,10.0,0.0,0.0,
2016-05-12,772.6142581152922,772.6142581152922,772.0610961914062,772.0610961914062,2.0,0.0,0.0,
2016-05-13,710.7498339822396,859.2798343402981,710.7498339822396,763.9476928710938,72.0,0.0,0.0,
2016-05-16,848.216124118784,848.216124118784,714.52988716528,760.1676025390625,37.0,0.0,0.0,
2016-05-17,756.0187248284607,772.6142578125,756.0187248284607,772.6142578125,3.0,0.0,0.0,
2016-05-18,765.2384567158093,766.4370117187501,738.1323973061415,766.43701171875,18.0,0.0,0.0,
2016-05-19,761.8720703125,761.8720703125,761.8720703125,761.8720703125,0.0,0.0,0.0,
2016-05-20,711.7639647420804,760.7207641601562,711.7639647420804,760.7207641601562,6.0,0.0,0.0,
2016-05-23,841.0247296788767,841.0247296788767,760.81298828125,760.81298828125,15.0,0.0,0.0,
2016-05-24,758.4642944335938,758.4642944335938,758.4642944335938,758.4642944335938,0.0,0.0,0.0,
2016-05-25,769.3873293903116,769.3873293903116,768.8341674804688,768.8341674804688,2.0,0.0,0.0,
2016-05-26,789.8534545898438,789.8534545898438,789.8534545898438,789.8534545898438,0.0,0.0,0.0,
2016-05-27,711.7639551407574,792.0678710937499,711.7639551407574,792.06787109375,8.0,0.0,0.0,
2016-05-30,924.740003282622,924.740003282622,800.9188954535831,801.9330444335938,18.0,0.0,0.0,
2016-05-31,800.9188842773438,800.9188842773438,800.9188842773438,800.9188842773438,41.0,0.0,0.0,
2016-06-01,799.904667545533,800.4578857421875,799.904667545533,800.4578857421875,2.0,0.0,0.0,
2016-06-02,805.8306884765625,805.8306884765625,805.8306884765625,805.8306884765625,0.0,0.0,0.0,
2016-06-03,727.4282977625302,806.7272949218749,727.4282977625302,806.727294921875,125.0,0.0,0.0,
2016-06-06,894.3148500480168,894.3148500480168,720.0617503994856,803.131591796875,26.0,0.0,0.0,
2016-06-07,811.1121215820312,811.1121215820312,811.1121215820312,811.1121215820312,0.0,0.0,0.0,
2016-06-08,811.7674560546875,811.7674560546875,811.7674560546875,811.7674560546875,0.0,0.0,0.0,
2016-06-09,803.408203125,803.408203125,803.408203125,803.408203125,1.0,0.0,0.0,
2016-06-10,709.9200324940009,800.9188842773438,709.9200324940009,800.9188842773438,4.0,0.0,0.0,
2016-06-13,791.6991238733236,793.7274780273438,789.1176078013116,793.7274780273438,101.0,0.0,0.0,
2016-06-14,790.5006100258645,791.0537719726562,790.5006100258645,791.0537719726562,9.0,0.0,0.0,
2016-06-15,794.465087890625,794.465087890625,794.465087890625,794.465087890625,7.0,0.0,0.0,
2016-06-16,800.4226684570312,800.4226684570312,800.4226684570312,800.4226684570312,0.0,0.0,0.0,
2016-06-17,718.2177744431694,799.4436645507812,718.2177744431694,799.4436645507812,2.0,0.0,0.0,
2016-06-20,799.4436875580477,800.3656616210938,799.4436875580477,800.3656616210938,29.0,0.0,0.0,
2016-06-21,803.2238159179688,803.2238159179688,803.2238159179688,803.2238159179688,1.0,0.0,0.0,
2016-06-22,803.2238159179688,803.2238159179688,803.2238159179688,803.2238159179688,5.0,0.0,0.0,
2016-06-23,801.2876202825053,801.2876202825053,798.2451171874999,798.2451171875,100.0,0.0,0.0,
2016-06-24,779.9900663113708,779.9900663113708,778.1461181640626,778.1461181640625,23.0,0.0,0.0,
2016-06-27,791.0537719726562,791.0537719726562,791.0537719726562,791.0537719726562,2825.0,0.0,0.0,
2016-06-28,791.60693359375,791.60693359375,791.60693359375,791.60693359375,10.0,0.0,0.0,
2016-06-29,807.2700805664062,807.2700805664062,807.2700805664062,807.2700805664062,0.0,0.0,0.0,
2016-06-30,815.4774169921875,815.4774169921875,815.4774169921875,815.4774169921875,0.0,0.0,0.0,
2016-07-01,815.3016664182211,815.3016664182211,815.0250854492188,815.0250854492188,685.0,0.0,0.0,
2016-07-04,818.8051147460939,818.8051147460939,818.8051147460939,818.8051147460938,1.0,0.0,0.0,
2016-07-05,815.5782470703125,815.5782470703125,815.5782470703125,815.5782470703125,6.0,0.0,0.0,
2016-07-07,812.812339684872,812.812339684872,809.7698364257812,809.7698364257812,122.0,0.0,0.0,
2016-07-08,812.1669548086111,813.1811037440581,812.1669548086111,813.171875,2565.0,0.0,0.0,
2016-07-11,823.9682233975831,825.4433593749999,823.9682233975831,825.443359375,112.0,0.0,0.0,
2016-07-12,829.8688354492188,829.8688354492188,827.8405375194687,829.8688354492188,60.0,0.0,0.0,
2016-07-13,838.3839111328125,838.3839111328125,838.3839111328125,838.3839111328125,0.0,0.0,0.0,
2016-07-14,745.6926112001778,832.1737670898438,745.6926112001778,832.1737670898438,12.0,0.0,0.0,
2016-07-15,841.1409912109375,841.1409912109375,841.1409912109375,841.1409912109375,0.0,0.0,0.0,
2016-07-18,745.6925912075384,837.7978201780502,745.6925912075384,834.6630859375,260.0,0.0,0.0,
2016-07-19,839.9418945312501,839.9418945312501,839.9418945312501,839.94189453125,0.0,0.0,0.0,
2016-07-20,834.6631281080743,834.8475341796876,834.6631281080743,834.8475341796875,55.0,0.0,0.0,
2016-07-21,838.2976684570312,838.2976684570312,838.2976684570312,838.2976684570312,0.0,0.0,0.0,
2016-07-22,910.9103620120316,910.9103620120316,776.3021506215897,831.7127685546875,16.0,0.0,0.0,
2016-07-25,850.7443237304688,850.7443237304688,850.7443237304688,850.7443237304688,0.0,0.0,0.0,
2016-07-26,846.3250732421875,846.3250732421875,846.3250732421875,846.3250732421875,0.0,0.0,0.0,
2016-07-27,840.8403320312501,840.8403320312501,840.8403320312501,840.84033203125,10.0,0.0,0.0,
2016-07-28,854.0762939453125,854.0762939453125,854.0762939453125,854.0762939453125,0.0,0.0,0.0,
2016-07-29,844.1594369925309,844.1594369925309,842.1311390543701,843.2559204101562,36.0,0.0,0.0,
2016-08-01,848.2161552858005,853.7479997767948,845.0814208984375,845.0814208984375,519.0,0.0,0.0,
2016-08-02,847.9395751953125,847.9395751953125,847.9395751953125,847.9395751953125,1.0,0.0,0.0,
2016-08-03,837.9822387695312,837.9822387695312,837.9822387695312,837.9822387695312,3.0,0.0,0.0,
2016-08-04,833.095752978878,833.095752978878,832.0816040039062,832.0816040039062,22.0,0.0,0.0,
2016-08-05,855.723388671875,855.723388671875,855.723388671875,855.723388671875,0.0,0.0,0.0,
2016-08-08,858.4744873046875,858.4744873046875,858.4744873046875,858.4744873046875,0.0,0.0,0.0,
2016-08-09,855.2597656249999,855.2597656249999,855.2597656249999,855.259765625,0.0,0.0,0.0,
2016-08-10,848.8615067598814,848.8615067598814,848.3082885742189,848.3082885742188,7.0,0.0,0.0,
2016-08-11,836.4148559570311,836.4148559570311,836.4148559570311,836.4148559570312,1.0,0.0,0.0,
2016-08-12,836.4148950877523,846.8331909179688,836.4148950877523,846.8331909179688,319.0,0.0,0.0,
2016-08-16,845.0814208984375,845.0814208984375,845.0814208984375,845.0814208984375,10.0,0.0,0.0,
2016-08-17,850.034912109375,850.034912109375,850.034912109375,850.034912109375,0.0,0.0,0.0,
2016-08-18,842.6842651367188,842.6842651367188,842.6842651367188,842.6842651367188,5.0,0.0,0.0,
2016-08-19,842.6842651367188,842.6842651367188,842.6842651367188,842.6842651367188,5.0,0.0,0.0,
2016-08-22,850.9132080078125,850.9132080078125,850.9132080078125,850.9132080078125,0.0,0.0,0.0,
2016-08-23,842.8687133789062,842.8687133789062,842.8687133789062,842.8687133789062,1.0,0.0,0.0,
2016-08-24,844.1594126116648,844.1594126116648,843.145263671875,843.145263671875,22.0,0.0,0.0,
2016-08-25,847.2583618164064,847.2583618164064,847.2583618164064,847.2583618164062,0.0,0.0,0.0,
2016-08-26,845.309814453125,845.309814453125,845.309814453125,845.309814453125,0.0,0.0,0.0,
2016-08-29,837.3368530273438,837.3368530273438,837.3368530273438,837.3368530273438,51.0,0.0,0.0,
2016-08-30,862.2108764648438,862.2108764648438,862.2108764648438,862.2108764648438,0.0,0.0,0.0,
2016-08-31,852.8259970928997,858.0904891818218,852.8167683487377,855.0387573242188,122.0,0.0,0.0,
2016-09-01,865.4641723632814,865.4641723632814,865.4641723632814,865.4641723632812,0.0,0.0,0.0,
2016-09-02,710.0030087194597,858.4500006889505,710.0030087194597,857.989013671875,24.0,0.0,0.0,
2016-09-06,866.7478027343749,866.7478027343749,866.7478027343749,866.747802734375,13.0,0.0,0.0,
2016-09-07,771.4157083301894,874.6768031939038,710.7498263523235,873.1094360351562,25.0,0.0,0.0,
2016-09-08,874.1235961914062,874.1235961914062,874.1235961914062,874.1235961914062,5.0,0.0,0.0,
2016-09-09,868.315185546875,868.315185546875,868.315185546875,868.315185546875,5.0,0.0,0.0,
2016-09-12,853.4713745117186,853.4713745117186,853.4713745117186,853.4713745117188,1.0,0.0,0.0,
2016-09-14,709.9200247685028,851.9962046188851,709.9200247685028,850.9820556640625,22.0,0.0,0.0,
2016-09-15,862.7645263671876,862.7645263671876,862.7645263671876,862.7645263671875,0.0,0.0,0.0,
2016-09-16,852.8260202938783,862.4145731933422,852.8260202938783,859.9252319335938,140.0,0.0,0.0,
2016-09-19,869.2515869140624,869.2515869140624,869.2515869140624,869.2515869140625,0.0,0.0,0.0,
2016-09-20,859.3720092773439,859.3720092773439,859.3720092773439,859.3720092773438,1.0,0.0,0.0,
2016-09-21,860.2017822265624,860.2017822265624,860.2017822265624,860.2017822265625,10.0,0.0,0.0,
2016-09-22,776.0255883582379,866.6463997187899,776.0255883582379,865.6414794921875,919.0,0.0,0.0,
2016-09-23,871.53759765625,871.53759765625,871.53759765625,871.53759765625,0.0,0.0,0.0,
2016-09-26,860.8258056640626,860.8258056640626,860.8258056640626,860.8258056640625,0.0,0.0,0.0,
2016-09-27,854.3933986813377,856.4217529296874,854.3933986813377,856.4217529296875,35.0,0.0,0.0,
2016-09-28,862.9815673828124,862.9815673828124,862.9815673828124,862.9815673828125,0.0,0.0,0.0,
2016-09-29,851.5352397927827,851.5352397927827,842.6843111129826,844.5282592773438,25.0,0.0,0.0,
2016-09-30,765.551941973106,840.7481417212501,765.551941973106,838.7197875976562,34.0,0.0,0.0,
2016-10-03,866.6555996981256,866.6555996981256,845.1736157686848,852.2728271484375,25.0,0.0,0.0,
2016-10-04,865.3138427734375,865.3138427734375,865.3138427734375,865.3138427734375,0.0,0.0,0.0,
2016-10-05,855.0387573242188,855.0387573242188,855.0387573242188,855.0387573242188,3.0,0.0,0.0,
2016-10-06,857.8046875,857.8046875,857.8046875,857.8046875,10.0,0.0,0.0,
2016-10-07,866.6556396484375,866.6556396484375,866.6556396484375,866.6556396484375,10.0,0.0,0.0,
2016-10-10,866.6555919430957,866.6555919430957,853.4713745117186,853.4713745117188,2.0,0.0,0.0,
2016-10-13,848.2161440555025,863.1521352380026,844.0672607421875,844.0672607421875,32.0,0.0,0.0,
2016-10-14,848.2161088662672,848.2161088662672,838.166569415133,838.7197875976562,3.0,0.0,0.0,
2016-10-17,866.6556364219094,866.6556364219094,837.1524658203125,837.1524658203125,16.0,0.0,0.0,
2016-10-18,838.2588002937164,839.2729492187501,838.2588002937164,839.27294921875,25.0,0.0,0.0,
2016-10-19,854.4155883789064,854.4155883789064,854.4155883789064,854.4155883789062,0.0,0.0,0.0,
2016-10-20,858.3893432617188,858.3893432617188,858.3893432617188,858.3893432617188,0.0,0.0,0.0,
2016-10-21,858.3270874023436,858.3270874023436,858.3270874023436,858.3270874023438,0.0,0.0,0.0,
2016-10-24,866.6556026254838,866.6556026254838,851.07421875,851.07421875,6.0,0.0,0.0,
2016-10-25,858.2544555664062,858.2544555664062,858.2544555664062,858.2544555664062,0.0,0.0,0.0,
2016-10-26,850.701171875,850.701171875,850.701171875,850.701171875,0.0,0.0,0.0,
2016-10-27,838.9963957198421,840.7481689453126,837.152447597381,840.7481689453125,12.0,0.0,0.0,
2016-10-28,844.0672607421875,844.0672607421875,844.0672607421875,844.0672607421875,7.0,0.0,0.0,
2016-11-01,844.712646484375,844.712646484375,844.712646484375,844.712646484375,10.0,0.0,0.0,
2016-11-02,840.92919921875,840.92919921875,840.92919921875,840.92919921875,0.0,0.0,0.0,
2016-11-03,832.2660024015645,833.2801513671874,832.2660024015645,833.2801513671875,20.0,0.0,0.0,
2016-11-04,826.0887451171874,826.0887451171874,826.0887451171874,826.0887451171875,6.0,0.0,0.0,
2016-11-07,830.9752197265625,830.9752197265625,830.9752197265625,830.9752197265625,1.0,0.0,0.0,
2016-11-08,844.0314331054689,844.0314331054689,844.0314331054689,844.0314331054688,0.0,0.0,0.0,
2016-11-09,813.1811241944984,831.62060546875,682.2608071473115,831.62060546875,557.0,0.0,0.0,
2016-11-10,843.7906494140624,843.7906494140624,843.7906494140624,843.7906494140625,1.0,0.0,0.0,
2016-11-11,831.989386460273,831.989386460273,827.9326782226562,827.9326782226562,9.0,0.0,0.0,
2016-11-15,827.9326787536081,827.9326787536081,806.9116821289062,806.9116821289062,128.0,0.0,0.0,
2016-11-16,738.3168055174363,808.1102521237012,738.3168055174363,805.0677490234375,17.0,0.0,0.0,
2016-11-17,802.117431640625,802.117431640625,802.117431640625,802.117431640625,10.0,0.0,0.0,
2016-11-18,802.1174543995136,802.1174543995136,799.074951171875,799.074951171875,10.0,0.0,0.0,
2016-11-21,875.8753680680237,875.8753680680237,782.7559868313181,782.8389892578125,1504.0,0.0,0.0,
2016-11-22,875.8753919760479,875.8753919760479,785.3375244140625,785.3375244140625,7.0,0.0,0.0,
2016-11-23,793.2664794921875,793.2664794921875,793.2664794921875,793.2664794921875,1.0,0.0,0.0,
2016-11-24,790.0395843305101,790.0395843305101,787.55024314606,788.5643920898438,20.0,0.0,0.0,
2016-11-25,801.60791015625,801.60791015625,801.60791015625,801.60791015625,0.0,0.0,0.0,
2016-11-28,918.5166390084634,918.5166390084634,799.535900186199,799.9968872070312,33.0,0.0,0.0,
2016-11-29,804.3551635742188,804.3551635742188,804.3551635742188,804.3551635742188,0.0,0.0,0.0,
2016-11-30,806.911721031088,814.2875136250232,806.911721031088,813.3655395507812,4.0,0.0,0.0,
2016-12-01,809.3656005859374,809.3656005859374,809.3656005859374,809.3656005859375,0.0,0.0,0.0,
2016-12-02,803.5003662109374,803.5003662109374,803.5003662109374,803.5003662109375,2.0,0.0,0.0,
2016-12-05,915.7507344563802,915.7507344563802,801.8408506773841,802.117431640625,103.0,0.0,0.0,
2016-12-06,808.7556718233337,808.7556718233337,808.2024536132811,808.2024536132812,10.0,0.0,0.0,
2016-12-07,807.8336903888563,808.8478393554688,807.8336903888563,808.8478393554688,40.0,0.0,0.0,
2016-12-08,809.2166703663551,809.2166703663551,808.6634521484376,808.6634521484375,10.0,0.0,0.0,
2016-12-09,816.5924306529106,817.6065796028935,816.0392124569678,817.1732788085938,35.0,0.0,0.0,
2016-12-12,838.9964194137845,838.9964194137845,813.8265380859374,813.8265380859375,2.0,0.0,0.0,
2016-12-13,808.0180891100274,809.4932250976562,808.0180891100274,809.4932250976562,10.0,0.0,0.0,
2016-12-14,812.4435380137626,812.4435380137626,811.8903198242188,811.8903198242188,11.0,0.0,0.0,
2016-12-15,805.4111938476561,805.4111938476561,805.4111938476561,805.4111938476562,0.0,0.0,0.0,
2016-12-16,804.0152587890626,804.0152587890626,804.0152587890626,804.0152587890625,0.0,0.0,0.0,
2016-12-19,811.3371719255098,811.3371719255098,802.6705932617186,802.6705932617188,11.0,0.0,0.0,
2016-12-20,798.3524169921876,798.3524169921876,798.3524169921876,798.3524169921875,0.0,0.0,0.0,
2016-12-21,796.2628173828125,796.2628173828125,796.2628173828125,796.2628173828125,0.0,0.0,0.0,
2016-12-22,792.8977050781251,792.8977050781251,792.8977050781251,792.897705078125,5.0,0.0,0.0,
2016-12-23,792.8977050781251,792.8977050781251,792.8977050781251,792.897705078125,5.0,0.0,0.0,
2016-12-26,838.996423709999,838.996423709999,784.2311401367188,784.2311401367188,3.0,0.0,0.0,
2016-12-27,783.6779688725107,791.1459364196925,782.7559947914842,790.3345947265625,112.0,0.0,0.0,
2016-12-28,793.6198120117188,793.6198120117188,793.6198120117188,793.6198120117188,0.0,0.0,0.0,
2016-12-29,709.9200350996377,796.2167856883311,709.9200350996377,795.20263671875,30.0,0.0,0.0,
2016-12-30,808.5191650390626,808.5191650390626,808.5191650390626,808.5191650390625,0.0,0.0,0.0,
2017-01-02,838.9964223545979,838.9964223545979,804.1458129882811,804.1458129882812,3.0,0.0,0.0,
2017-01-03,809.7698364257812,809.7698364257812,809.7698364257812,809.7698364257812,15.0,0.0,0.0,
2017-01-04,808.984130859375,808.984130859375,808.984130859375,808.984130859375,0.0,0.0,0.0,
2017-01-05,817.2105712890625,817.2105712890625,817.2105712890625,817.2105712890625,0.0,0.0,0.0,
2017-01-06,814.2350463867186,814.2350463867186,814.2350463867186,814.2350463867188,0.0,0.0,0.0,
2017-01-09,838.9963956930515,838.9963956930515,812.904541015625,812.904541015625,2.0,0.0,0.0,
2017-01-10,817.9754028320311,817.9754028320311,817.9754028320311,817.9754028320312,1.0,0.0,0.0,
2017-01-11,827.7171020507812,827.7171020507812,827.7171020507812,827.7171020507812,0.0,0.0,0.0,
2017-01-12,830.3372192382812,830.3372192382812,830.3372192382812,830.3372192382812,0.0,0.0,0.0,
2017-01-13,829.6547851562501,829.6547851562501,829.6547851562501,829.65478515625,0.0,0.0,0.0,
2017-01-16,830.1454918822506,830.1454918822506,829.1312866210939,829.1312866210938,25.0,0.0,0.0,
2017-01-17,833.18798828125,833.18798828125,833.18798828125,833.18798828125,1.0,0.0,0.0,
2017-01-18,832.2660254846629,832.2660254846629,829.6845092773438,829.6845092773438,10.0,0.0,0.0,
2017-01-19,833.0460815429688,833.0460815429688,833.0460815429688,833.0460815429688,0.0,0.0,0.0,
2017-01-20,824.5756225585938,824.5756225585938,824.5756225585938,824.5756225585938,0.0,0.0,0.0,
2017-01-23,828.4859008789064,828.4859008789064,828.4859008789064,828.4859008789062,6.0,0.0,0.0,
2017-01-24,831.2517700195312,831.2517700195312,831.2517700195312,831.2517700195312,5.0,0.0,0.0,
2017-01-25,849.6273803710936,849.6273803710936,849.6273803710936,849.6273803710938,0.0,0.0,0.0,
2017-01-27,848.2161254882812,848.2161254882812,848.2161254882812,848.2161254882812,10.0,0.0,0.0,
2017-01-30,852.5640258789062,852.5640258789062,852.5640258789062,852.5640258789062,0.0,0.0,0.0,
2017-01-31,850.2444796516236,850.2444796516236,848.2161254882812,848.2161254882812,40.0,0.0,0.0,
2017-02-01,846.8331879565302,852.5494384765625,846.8331879565302,852.5494384765625,40.0,0.0,0.0,
2017-02-02,862.808837890625,862.808837890625,862.808837890625,862.808837890625,0.0,0.0,0.0,
2017-02-03,863.1521450227286,864.1662940016806,861.5847778320312,861.5847778320312,35.0,0.0,0.0,
2017-02-06,869.3858642578125,869.3858642578125,869.3858642578125,869.3858642578125,0.0,0.0,0.0,
2017-02-07,869.0527231717958,869.0527231717958,868.0385742187501,868.03857421875,22.0,0.0,0.0,
2017-02-08,866.8399999330461,866.8399999330461,864.2584838867188,864.2584838867188,14.0,0.0,0.0,
2017-02-09,866.6555905858826,871.0810546875,866.6555905858826,871.0810546875,33.0,0.0,0.0,
2017-02-10,866.8400495139797,869.8825527523467,866.8400495139797,868.315185546875,107.0,0.0,0.0,
2017-02-13,869.1449855918968,871.17333984375,865.5492641330283,871.17333984375,66.0,0.0,0.0,
2017-02-14,868.776123338549,868.776123338549,868.2229614257814,868.2229614257812,4.0,0.0,0.0,
2017-02-15,862.1575317382812,862.1575317382812,862.1575317382812,862.1575317382812,0.0,0.0,0.0,
2017-02-16,863.6131093485028,864.6272583007812,863.6131093485028,864.6272583007812,28.0,0.0,0.0,
2017-02-17,871.63427734375,871.63427734375,871.63427734375,871.63427734375,1.0,0.0,0.0,
2017-02-20,877.4523925781249,877.4523925781249,877.4523925781249,877.452392578125,0.0,0.0,0.0,
2017-02-21,880.2737426757814,880.2737426757814,880.2737426757814,880.2737426757812,0.0,0.0,0.0,
2017-02-22,880.1164327198126,880.1164327198126,878.088134765625,878.088134765625,31.0,0.0,0.0,
2017-02-23,883.3433227539062,883.8965409525883,883.3433227539062,883.3433227539062,8.0,0.0,0.0,
2017-02-27,885.0950998036649,962.5409210364857,880.4852294921875,880.4852294921875,133.0,0.0,0.0,
2017-02-28,877.6837158203125,877.6837158203125,877.6837158203125,877.6837158203125,0.0,0.0,0.0,
2017-03-01,880.2086408777495,881.6837768554689,880.2086408777495,881.6837768554688,10.0,0.0,0.0,
2017-03-02,883.5277099609375,883.5277099609375,883.5277099609375,883.5277099609375,2.0,0.0,0.0,
2017-03-03,875.967529296875,876.5207474949315,875.967529296875,875.967529296875,46.0,0.0,0.0,
2017-03-06,885.941650390625,885.941650390625,885.941650390625,885.941650390625,0.0,0.0,0.0,
2017-03-07,884.8185156221931,884.8185156221931,882.2369995117188,882.2369995117188,20.0,0.0,0.0,
2017-03-08,882.0494384765625,882.0494384765625,882.0494384765625,882.0494384765625,0.0,0.0,0.0,
2017-03-09,882.4347534179688,882.4347534179688,882.4347534179688,882.4347534179688,0.0,0.0,0.0,
2017-03-10,886.6624755859375,886.6624755859375,886.6624755859375,886.6624755859375,1.0,0.0,0.0,
2017-03-14,895.7899780273439,895.7899780273439,895.7899780273439,895.7899780273438,7.0,0.0,0.0,
2017-03-15,896.2509924888202,897.2651977539062,896.2509924888202,897.2651977539062,24.0,0.0,0.0,
2017-03-16,901.7828369140624,901.7828369140624,901.7828369140624,901.7828369140624,10.0,0.0,0.0,
2017-03-17,906.0239213254978,906.0239213254978,905.470703125,905.470703125,20.0,0.0,0.0,
2017-03-20,905.4707234674428,905.4707234674428,901.6906522401904,903.4977416992188,1042.0,0.0,0.0,
2017-03-21,899.8466799916952,899.8466799916952,899.2935180664064,899.2935180664062,46.0,0.0,0.0,
2017-03-22,893.4197387695311,893.4197387695311,893.4197387695311,893.4197387695312,0.0,0.0,0.0,
2017-03-23,893.9460493640091,894.4992675781251,893.9460493640091,894.499267578125,2.0,0.0,0.0,
2017-03-24,900.2155151367188,900.2155151367188,900.2155151367188,900.2155151367188,2.0,0.0,0.0,
2017-03-27,896.3432118609421,897.3573608398436,896.3432118609421,897.3573608398438,26.0,0.0,0.0,
2017-03-28,900.5625610351564,900.5625610351564,900.5625610351564,900.5625610351562,0.0,0.0,0.0,
2017-03-29,900.8608136462972,901.6906127929688,900.8608136462972,901.6906127929688,15.0,0.0,0.0,
2017-03-30,904.1799588310251,906.2083129882814,904.1799588310251,906.2083129882812,50.0,0.0,0.0,
2017-03-31,905.101944065528,907.2224731445314,905.101944065528,907.2224731445312,56.0,0.0,0.0,
2017-04-03,913.8766479492188,913.8766479492188,913.8766479492188,913.8766479492188,0.0,0.0,0.0,
2017-04-05,907.2225081265544,912.0167846679688,907.2225081265544,912.0167846679688,20.0,0.0,0.0,
2017-04-06,912.7543334960938,912.7543334960938,912.7543334960938,912.7543334960938,5.0,0.0,0.0,
2017-04-07,912.0167351461878,914.0450892965904,912.0167351461878,912.4777221679688,52.0,0.0,0.0,
2017-04-10,958.853040667528,958.853040667528,906.4849243164064,906.4849243164062,83.0,0.0,0.0,
2017-04-11,913.746337890625,913.746337890625,913.746337890625,913.746337890625,0.0,0.0,0.0,
2017-04-12,792.8976740904378,912.8464741384756,792.8976740904378,910.8181762695312,170.0,0.0,0.0,
2017-04-13,906.8536376953124,906.8536376953124,906.8536376953124,906.8536376953124,2.0,0.0,0.0,
2017-04-17,904.0545043945312,904.0545043945312,904.0545043945312,904.0545043945312,0.0,0.0,0.0,
2017-04-18,907.3146518830406,908.8820190429688,906.3005029239976,908.8820190429688,30.0,0.0,0.0,
2017-04-19,900.860844292456,901.4140625,900.860844292456,901.4140625,4.0,0.0,0.0,
2017-04-20,901.4140736724304,902.42822265625,901.4140736724304,902.42822265625,26.0,0.0,0.0,
2017-04-21,903.5346069335936,903.5346069335936,903.5346069335936,903.5346069335938,26.0,0.0,0.0,
2017-04-24,911.7952880859376,911.7952880859376,911.7952880859376,911.7952880859376,0.0,0.0,0.0,
2017-04-25,920.561767578125,920.561767578125,920.561767578125,920.561767578125,0.0,0.0,0.0,
2017-04-26,920.1301043034936,924.1868126432224,920.1301043034936,923.172607421875,70.0,0.0,0.0,
2017-04-27,922.988209015526,922.988209015526,921.9740600585938,921.9740600585938,50.0,0.0,0.0,
2017-04-28,918.7471425561276,919.7612915039064,918.7471425561276,919.7612915039062,20.0,0.0,0.0,
2017-05-02,921.1407470703126,921.1407470703126,921.1407470703126,921.1407470703124,0.0,0.0,0.0,
2017-05-03,920.964599609375,920.964599609375,920.964599609375,920.964599609375,0.0,0.0,0.0,
2017-05-04,925.8107299804688,925.8107299804688,925.8107299804688,925.8107299804688,0.0,0.0,0.0,
2017-05-05,922.6194640616476,924.6478182723204,919.0237426757812,919.0237426757812,250.0,0.0,0.0,
2017-05-08,920.314491572663,923.3569946289062,920.314491572663,923.3569946289062,12.0,0.0,0.0,
2017-05-09,921.5648803710938,921.5648803710938,921.5648803710938,921.5648803710938,0.0,0.0,0.0,
2017-05-10,924.4633793357128,928.4278564453124,924.4633793357128,928.4278564453124,25.0,0.0,0.0,
2017-05-11,931.2859995690192,931.2859995690192,930.2718505859376,930.2718505859376,15.0,0.0,0.0,
2017-05-12,930.2718505859376,930.2718505859376,930.2718505859376,930.2718505859376,3.0,0.0,0.0,
2017-05-15,931.2859995690192,931.2859995690192,930.2718505859376,930.2718505859376,100.0,0.0,0.0,
2017-05-16,940.8952026367186,940.8952026367186,940.8952026367186,940.8952026367188,0.0,0.0,0.0,
2017-05-17,938.6617862277024,941.704345703125,938.6617862277024,941.704345703125,13.0,0.0,0.0,
2017-05-18,936.8178100585938,936.8178100585938,936.8178100585938,936.8178100585938,101.0,0.0,0.0,
2017-05-19,932.5588989257812,932.5588989257812,932.5588989257812,932.5588989257812,0.0,0.0,0.0,
2017-05-22,936.7256472798,936.7256472798,936.1724853515624,936.1724853515624,2.0,0.0,0.0,
2017-05-23,928.397705078125,928.397705078125,928.397705078125,928.397705078125,0.0,0.0,0.0,
2017-05-24,925.9518432617186,925.9518432617186,925.9518432617186,925.9518432617188,0.0,0.0,0.0,
2017-05-25,940.7590942382812,940.7590942382812,940.7590942382812,940.7590942382812,0.0,0.0,0.0,
2017-05-26,944.6545873584324,945.9453735351564,944.6545873584324,945.9453735351562,980.0,0.0,0.0,
2017-05-29,948.4346635876036,949.909912109375,948.4346635876036,949.909912109375,43.0,0.0,0.0,
2017-05-30,952.4116821289062,952.4116821289062,952.4116821289062,952.4116821289062,0.0,0.0,0.0,
2017-05-31,950.6474609375,950.6474609375,950.6474609375,950.6474609375,10.0,0.0,0.0,
2017-06-01,952.122558894964,952.122558894964,951.5693969726562,951.5693969726562,20.0,0.0,0.0,
2017-06-02,956.015625,956.015625,956.015625,956.015625,0.0,0.0,0.0,
2017-06-05,954.4274902343752,954.4274902343752,954.4274902343752,954.427490234375,3.0,0.0,0.0,
2017-06-06,955.437744140625,955.437744140625,955.437744140625,955.437744140625,0.0,0.0,0.0,
2017-06-07,958.0780639648438,958.0780639648438,958.0780639648438,958.0780639648438,0.0,0.0,0.0,
2017-06-08,956.6864013671876,956.6864013671876,956.6864013671876,956.6864013671876,1.0,0.0,0.0,
2017-06-09,955.1651000976564,955.1651000976564,955.1651000976564,955.1651000976562,2.0,0.0,0.0,
2017-06-12,952.12255859375,952.12255859375,952.12255859375,952.12255859375,1.0,0.0,0.0,
2017-06-13,951.661560058594,951.661560058594,951.661560058594,951.6615600585938,2.0,0.0,0.0,
2017-06-14,953.94482421875,953.94482421875,953.94482421875,953.94482421875,0.0,0.0,0.0,
2017-06-15,768.0043700696893,948.80345556856,762.7491068230499,947.789306640625,225.0,0.0,0.0,
2017-06-16,947.789306640625,947.789306640625,947.789306640625,947.789306640625,5.0,0.0,0.0,
2017-06-19,951.5693857529564,951.5693857529564,950.5552368164062,950.5552368164062,22.0,0.0,0.0,
2017-06-20,955.6260874060672,955.6260874060672,954.6119384765624,954.6119384765624,30.0,0.0,0.0,
2017-06-21,955.91162109375,955.91162109375,955.91162109375,955.91162109375,0.0,0.0,0.0,
2017-06-22,1023.391218759388,1023.391218759388,955.3494873046874,955.3494873046876,10.0,0.0,0.0,
2017-06-23,834.3865415351099,951.5694244725104,834.3865415351099,948.5269775390624,17.0,0.0,0.0,
2017-06-27,944.1284790039062,944.1284790039062,944.1284790039062,944.1284790039062,0.0,0.0,0.0,
2017-06-28,942.16015625,942.16015625,942.16015625,942.16015625,0.0,0.0,0.0,
2017-06-29,944.0469970703124,944.0469970703124,944.0469970703124,944.0469970703124,0.0,0.0,0.0,
2017-06-30,945.8009643554686,945.8009643554686,945.8009643554686,945.8009643554688,0.0,0.0,0.0,
2017-07-03,955.1150512695312,955.1150512695312,955.1150512695312,955.1150512695312,0.0,0.0,0.0,
2017-07-04,956.0870739079758,956.0870739079758,954.7041128560356,954.7410278320312,425.0,0.0,0.0,
2017-07-05,951.661560058594,951.661560058594,951.661560058594,951.6615600585938,3.0,0.0,0.0,
2017-07-06,951.6155395507812,951.6155395507812,951.6155395507812,951.6155395507812,6.0,0.0,0.0,
2017-07-07,960.5383911132812,960.5383911132812,960.5383911132812,960.5383911132812,0.0,0.0,0.0,
2017-07-10,970.9483032226564,970.9483032226564,970.9483032226564,970.9483032226562,0.0,0.0,0.0,
2017-07-11,972.4356079101564,972.4356079101564,972.4356079101564,972.4356079101562,0.0,0.0,0.0,
2017-07-12,975.4054565429688,975.4054565429688,975.4054565429688,975.4054565429688,0.0,0.0,0.0,
2017-07-13,983.5626220703124,983.5626220703124,983.5626220703124,983.5626220703124,0.0,0.0,0.0,
2017-07-14,963.4628778208232,980.0584106445312,963.4628778208232,980.0584106445312,106.0,0.0,0.0,
2017-07-17,983.8385006686792,984.3916625976562,983.8385006686792,984.3916625976562,4.0,0.0,0.0,
2017-07-18,979.6896362304688,979.6896362304688,979.6896362304688,979.6896362304688,1.0,0.0,0.0,
2017-07-19,980.0584106445312,980.0584106445312,980.0584106445312,980.0584106445312,3.0,0.0,0.0,
2017-07-20,982.6835327148438,982.6835327148438,982.6835327148438,982.6835327148438,0.0,0.0,0.0,
2017-07-21,986.8489990234376,986.8489990234376,986.8489990234376,986.8489990234376,0.0,0.0,0.0,
2017-07-24,1023.391180594417,1023.391180594417,985.8668823242188,985.8668823242188,25.0,0.0,0.0,
2017-07-25,991.8712158203126,991.8712158203126,991.8712158203126,991.8712158203124,0.0,0.0,0.0,
2017-07-26,991.1221077270555,991.3064575195312,991.1221077270555,991.3064575195312,4.0,0.0,0.0,
2017-07-27,1000.987182617188,1000.987182617188,1000.987182617188,1000.987182617188,3.0,0.0,0.0,
2017-07-28,991.3064760461348,995.731996604866,991.3064760461348,995.0036010742188,410.0,0.0,0.0,
2017-07-31,998.5900997032006,999.6042486781724,997.5759507282288,998.4979248046876,73.0,0.0,0.0,
2017-08-01,995.7320104778142,1002.278003963489,995.7320104778142,1001.263854980469,18.0,0.0,0.0,
2017-08-02,1003.72216796875,1003.72216796875,1003.72216796875,1003.72216796875,0.0,0.0,0.0,
2017-08-03,997.0159301757812,997.0159301757812,997.0159301757812,997.0159301757812,0.0,0.0,0.0,
2017-08-04,1002.237487792969,1002.237487792969,1002.237487792969,1002.237487792969,0.0,0.0,0.0,
2017-08-07,1002.831115722656,1002.831115722656,1002.831115722656,1002.831115722656,3.0,0.0,0.0,
2017-08-08,1002.831115722656,1002.831115722656,1002.831115722656,1002.831115722656,0.0,0.0,0.0,
2017-08-09,1002.831115722656,1002.831115722656,1002.831115722656,1002.831115722656,0.0,0.0,0.0,
2017-08-10,981.6257327254295,981.9023699605845,981.0725708007812,981.0725708007812,22.0,0.0,0.0,
2017-08-11,969.1790771484376,969.1790771484376,969.1790771484376,969.1790771484376,3.0,0.0,0.0,
2017-08-14,974.987548828125,974.987548828125,974.987548828125,974.987548828125,2.0,0.0,0.0,
2017-08-16,983.9306514055996,983.9306514055996,983.100964805338,983.5158081054688,2.0,0.0,0.0,
2017-08-17,983.5158081054688,983.5158081054688,983.5158081054688,983.5158081054688,0.0,0.0,0.0,
2017-08-18,983.5158081054688,983.5158081054688,983.5158081054688,983.5158081054688,0.0,0.0,0.0,
2017-08-21,983.5158081054688,983.5158081054688,983.5158081054688,983.5158081054688,0.0,0.0,0.0,
2017-08-22,972.6826171875,973.9734033592504,972.6826171875,972.6826171875,1804.0,0.0,0.0,
2017-08-23,972.6826171875,972.6826171875,972.6826171875,972.6826171875,0.0,0.0,0.0,
2017-08-24,972.6826171875,972.6826171875,972.6826171875,972.6826171875,0.0,0.0,0.0,
2017-08-28,972.6826171875,972.6826171875,972.6826171875,972.6826171875,0.0,0.0,0.0,
2017-08-29,972.6826171875,972.6826171875,972.6826171875,972.6826171875,0.0,0.0,0.0,
2017-08-30,972.6826171875,972.6826171875,972.6826171875,972.6826171875,0.0,0.0,0.0,
2017-08-31,972.6826171875,972.6826171875,972.6826171875,972.6826171875,0.0,0.0,0.0,
2017-09-01,972.6826171875,972.6826171875,972.6826171875,972.6826171875,0.0,0.0,0.0,
2017-09-04,972.6826171875,972.6826171875,972.6826171875,972.6826171875,0.0,0.0,0.0,
2017-09-05,988.5405276414256,988.5405276414256,987.9873657226562,987.9873657226562,17.0,0.0,0.0,
2017-09-06,987.9873657226562,987.9873657226562,987.9873657226562,987.9873657226562,0.0,0.0,0.0,
2017-09-07,987.9873657226562,987.9873657226562,987.9873657226562,987.9873657226562,0.0,0.0,0.0,
2017-09-08,987.9873657226562,987.9873657226562,987.9873657226562,987.9873657226562,0.0,0.0,0.0,
2017-09-11,1023.391219696018,1023.391219696018,994.5333862304686,994.5333862304688,11.0,0.0,0.0,
2017-09-12,999.5120849609376,999.5120849609376,999.5120849609376,999.5120849609376,5.0,0.0,0.0,
2017-09-13,1004.12193705373,1004.12193705373,1003.107788085938,1003.107788085938,20.0,0.0,0.0,
2017-09-14,1003.107788085938,1003.107788085938,1003.107788085938,1003.107788085938,0.0,0.0,0.0,
2017-09-15,1003.107788085938,1003.107788085938,1003.107788085938,1003.107788085938,0.0,0.0,0.0,
2017-09-18,1009.653786226384,1009.653786226384,1007.62548828125,1007.62548828125,100.0,0.0,0.0,
2017-09-19,1007.62548828125,1007.62548828125,1007.62548828125,1007.62548828125,0.0,0.0,0.0,
2017-09-20,1007.62548828125,1007.62548828125,1007.62548828125,1007.62548828125,0.0,0.0,0.0,
2017-09-21,1007.62548828125,1007.62548828125,1007.62548828125,1007.62548828125,0.0,0.0,0.0,
2017-09-22,1007.62548828125,1007.62548828125,1007.62548828125,1007.62548828125,0.0,0.0,0.0,
2017-09-25,981.8101806640626,981.8101806640626,981.8101806640626,981.8101806640624,10.0,0.0,0.0,
2017-09-26,981.9024047851562,981.9024047851562,981.9024047851562,981.9024047851562,20.0,0.0,0.0,
2017-09-27,978.2144887269714,979.2286376953124,978.2144887269714,979.2286376953124,20.0,0.0,0.0,
2017-09-28,979.2286376953124,979.2286376953124,979.2286376953124,979.2286376953124,0.0,0.0,0.0,
2017-09-29,976.3705232723316,976.3705232723316,973.973413240852,974.5081176757812,801.0,0.0,0.0,
2017-10-03,974.5081176757812,974.5081176757812,974.5081176757812,974.5081176757812,0.0,0.0,0.0,
2017-10-04,974.5081176757812,974.5081176757812,974.5081176757812,974.5081176757812,0.0,0.0,0.0,
2017-10-05,987.6185916275714,988.6328531543104,987.0654296875,987.0654296875,24.0,0.0,0.0,
2017-10-06,987.0654296875,987.0654296875,987.0654296875,987.0654296875,0.0,0.0,0.0,
2017-10-09,987.0654296875,987.0654296875,987.0654296875,987.0654296875,0.0,0.0,0.0,
2017-10-10,997.7603149414062,997.7603149414062,997.7603149414062,997.7603149414062,1.0,0.0,0.0,
2017-10-11,1001.079480905238,1001.079480905238,992.505077115792,993.5192260742188,60.0,0.0,0.0,
2017-10-12,993.5192260742188,993.5192260742188,993.5192260742188,993.5192260742188,0.0,0.0,0.0,
2017-10-13,993.5192260742188,993.5192260742188,993.5192260742188,993.5192260742188,0.0,0.0,0.0,
2017-10-16,993.5192260742188,993.5192260742188,993.5192260742188,993.5192260742188,0.0,0.0,0.0,
2017-10-17,993.5192260742188,993.5192260742188,993.5192260742188,993.5192260742188,0.0,0.0,0.0,
2017-10-18,993.5192260742188,993.5192260742188,993.5192260742188,993.5192260742188,0.0,0.0,0.0,
2017-10-19,993.5192260742188,993.5192260742188,993.5192260742188,993.5192260742188,0.0,0.0,0.0,
2017-10-23,1010.667893330999,1011.405517578125,1010.667893330999,1011.405517578125,125.0,0.0,0.0,
2017-10-24,1015.73876953125,1015.73876953125,1015.73876953125,1015.73876953125,2.0,0.0,0.0,
2017-10-25,1015.73876953125,1015.73876953125,1015.73876953125,1015.73876953125,0.0,0.0,0.0,
2017-10-26,1023.391235351562,1023.391235351562,1023.391235351562,1023.391235351562,3.0,0.0,0.0,
2017-10-27,1023.391262855041,1028.830932617188,1023.391262855041,1028.830932617188,70.0,0.0,0.0,
2017-10-30,1028.830932617188,1028.830932617188,1028.830932617188,1028.830932617188,0.0,0.0,0.0,
2017-10-31,1028.830932617188,1028.830932617188,1028.830932617188,1028.830932617188,0.0,0.0,0.0,
2017-11-01,1028.830932617188,1028.830932617188,1028.830932617188,1028.830932617188,0.0,0.0,0.0,
2017-11-02,1038.695900349034,1038.695900349034,1036.667602539062,1036.667602539062,41.0,0.0,0.0,
2017-11-03,1040.21728515625,1040.21728515625,1040.21728515625,1040.21728515625,3.0,0.0,0.0,
2017-11-06,1039.710068115035,1041.185316598855,1039.710068115035,1040.576782226562,28.0,0.0,0.0,
2017-11-07,1039.802374519487,1039.802374519487,1036.298828125,1036.298828125,100.0,0.0,0.0,
2017-11-08,1036.298828125,1036.298828125,1036.298828125,1036.298828125,0.0,0.0,0.0,
2017-11-09,1036.298828125,1036.298828125,1036.298828125,1036.298828125,0.0,0.0,0.0,
2017-11-10,1036.298828125,1036.298828125,1036.298828125,1036.298828125,0.0,0.0,0.0,
2017-11-13,1036.298828125,1036.298828125,1036.298828125,1036.298828125,0.0,0.0,0.0,
2017-11-14,1036.298828125,1036.298828125,1036.298828125,1036.298828125,0.0,0.0,0.0,
2017-11-15,1036.298828125,1036.298828125,1036.298828125,1036.298828125,0.0,0.0,0.0,
2017-11-16,1036.298828125,1036.298828125,1036.298828125,1036.298828125,0.0,0.0,0.0,
2017-11-17,1027.171264648438,1027.171264648438,1027.171264648438,1027.171264648438,41.0,0.0,0.0,
2017-11-20,1027.171264648438,1027.171264648438,1027.171264648438,1027.171264648438,0.0,0.0,0.0,
2017-11-21,1029.752845334542,1029.752845334542,1029.384033203125,1029.384033203125,44.0,0.0,0.0,
2017-11-22,1029.384033203125,1029.384033203125,1029.384033203125,1029.384033203125,0.0,0.0,0.0,
2017-11-23,1030.674770494314,1030.674770494314,1028.922997362434,1028.95068359375,1000.0,0.0,0.0,
2017-11-24,1028.95068359375,1028.95068359375,1028.95068359375,1028.95068359375,0.0,0.0,0.0,
2017-11-27,1028.95068359375,1028.95068359375,1028.95068359375,1028.95068359375,0.0,0.0,0.0,
2017-11-28,1032.795349454966,1033.809611009015,1032.2421875,1032.2421875,30.0,0.0,0.0,
2017-11-29,1032.2421875,1032.2421875,1032.2421875,1032.2421875,0.0,0.0,0.0,
2017-11-30,1032.2421875,1032.2421875,1032.2421875,1032.2421875,0.0,0.0,0.0,
2017-12-01,1032.2421875,1032.2421875,1032.2421875,1032.2421875,0.0,0.0,0.0,
2017-12-04,1032.2421875,1032.2421875,1032.2421875,1032.2421875,0.0,0.0,0.0,
2017-12-05,1005.136058875921,1006.150320361985,1005.136058875921,1005.597045898438,21.0,0.0,0.0,
2017-12-06,1005.597045898438,1005.597045898438,1005.597045898438,1005.597045898438,0.0,0.0,0.0,
2017-12-07,1005.597045898438,1005.597045898438,1005.597045898438,1005.597045898438,0.0,0.0,0.0,
2017-12-08,1005.59704580853,1020.44091796875,1005.59704580853,1020.44091796875,109.0,0.0,0.0,
2017-12-11,1025.88055453896,1025.88055453896,1025.327392578125,1025.327392578125,3.0,0.0,0.0,
2017-12-12,1025.327392578125,1025.327392578125,1025.327392578125,1025.327392578125,0.0,0.0,0.0,
2017-12-13,1021.916076351276,1022.46923828125,1019.88766588049,1022.46923828125,63.0,0.0,0.0,
2017-12-14,1022.46923828125,1022.46923828125,1022.46923828125,1022.46923828125,0.0,0.0,0.0,
2017-12-15,1022.46923828125,1022.46923828125,1022.46923828125,1022.46923828125,0.0,0.0,0.0,
2017-12-18,1022.46923828125,1022.46923828125,1022.46923828125,1022.46923828125,0.0,0.0,0.0,
2017-12-19,1022.46923828125,1022.46923828125,1022.46923828125,1022.46923828125,0.0,0.0,0.0,
2017-12-20,1022.46923828125,1022.46923828125,1022.46923828125,1022.46923828125,0.0,0.0,0.0,
2017-12-21,1022.46923828125,1022.46923828125,1022.46923828125,1022.46923828125,0.0,0.0,0.0,
2017-12-22,1022.46923828125,1022.46923828125,1022.46923828125,1022.46923828125,0.0,0.0,0.0,
2017-12-26,1022.46923828125,1022.46923828125,1022.46923828125,1022.46923828125,0.0,0.0,0.0,
2017-12-27,1047.915649414062,1047.915649414062,1047.869618240422,1047.915649414062,88.0,0.0,0.0,
2017-12-28,1047.915649414062,1047.915649414062,1047.915649414062,1047.915649414062,0.0,0.0,0.0,
2017-12-29,1045.241943359375,1045.241943359375,1045.241943359375,1045.241943359375,4.0,0.0,0.0,
2018-01-01,1047.454689481264,1047.454689481264,1045.426391601562,1045.426391601562,50.0,0.0,0.0,
2018-01-02,1045.426391601562,1045.426391601562,1045.426391601562,1045.426391601562,0.0,0.0,0.0,
2018-01-03,1042.015014648438,1042.015014648438,1042.015014648438,1042.015014648438,1.0,0.0,0.0,
2018-01-04,1042.015014648438,1042.015014648438,1042.015014648438,1042.015014648438,0.0,0.0,0.0,
2018-01-05,1046.993757016012,1050.128491439891,1045.979608023316,1050.119262695312,1574.0,0.0,0.0,
2018-01-08,1050.119262695312,1050.119262695312,1050.119262695312,1050.119262695312,0.0,0.0,0.0,
2018-01-09,1057.596413131645,1057.596413131645,1054.55396628574,1055.568115234375,75.0,0.0,0.0,
2018-01-10,1055.568115234375,1055.568115234375,1055.568115234375,1055.568115234375,0.0,0.0,0.0,
2018-01-11,1055.568115234375,1055.568115234375,1055.568115234375,1055.568115234375,0.0,0.0,0.0,
2018-01-12,1060.085815429688,1060.085815429688,1060.085815429688,1060.085815429688,20.0,0.0,0.0,
2018-01-15,1067.277110845342,1069.48987101865,1066.262961925059,1068.291259765625,95.0,0.0,0.0,
2018-01-16,1068.291259765625,1068.291259765625,1068.291259765625,1068.291259765625,0.0,0.0,0.0,
2018-01-17,1067.645920115504,1069.489868164062,1067.645920115504,1069.489868164062,35.0,0.0,0.0,
2018-01-18,1069.489868164062,1069.489868164062,1069.489868164062,1069.489868164062,0.0,0.0,0.0,
2018-01-19,1077.972045898438,1077.972045898438,1077.972045898438,1077.972045898438,2.0,0.0,0.0,
2018-01-22,1077.972045898438,1077.972045898438,1077.972045898438,1077.972045898438,0.0,0.0,0.0,
2018-01-23,1097.610107421875,1097.610107421875,1097.610107421875,1097.610107421875,3.0,0.0,0.0,
2018-01-24,1097.610107421875,1097.610107421875,1097.610107421875,1097.610107421875,0.0,0.0,0.0,
2018-01-25,1102.865295700957,1102.865295700957,1102.312133789062,1102.312133789062,21.0,0.0,0.0,
2018-01-29,1108.212838170142,1109.872436523438,1108.212838170142,1109.872436523438,5.0,0.0,0.0,
2018-01-30,1109.872436523438,1109.872436523438,1109.872436523438,1109.872436523438,0.0,0.0,0.0,
2018-01-31,1099.638427734375,1099.638427734375,1099.638427734375,1099.638427734375,5.0,0.0,0.0,
2018-02-01,1105.446899414062,1105.446899414062,1105.446899414062,1105.446899414062,10.0,0.0,0.0,
2018-02-02,1083.964901160108,1083.964901160108,1077.787719726562,1077.787719726562,2.0,0.0,0.0,
2018-02-05,1058.610566902414,1060.085815429688,1058.610566902414,1060.085815429688,24.0,0.0,0.0,
2018-02-06,1032.795268874772,1053.447509765625,1028.738673157747,1053.447509765625,14.0,0.0,0.0,
2018-02-07,1052.986514946627,1052.986514946627,1047.823482898582,1050.12841796875,109.0,0.0,0.0,
2018-02-08,1050.12841796875,1050.12841796875,1050.12841796875,1050.12841796875,0.0,0.0,0.0,
2018-02-09,1050.12841796875,1050.12841796875,1050.12841796875,1050.12841796875,0.0,0.0,0.0,
2018-02-12,1047.085958162776,1048.100219726562,1047.085958162776,1048.100219726562,21.0,0.0,0.0,
2018-02-14,1051.14261647411,1051.14261647411,1049.114318534948,1049.66748046875,138.0,0.0,0.0,
2018-02-15,1050.773824402887,1051.7880859375,1050.773824402887,1051.7880859375,26.0,0.0,0.0,
2018-02-16,1051.234743827748,1051.234743827748,1040.539867590508,1041.212890625,114.0,0.0,0.0,
2018-02-19,1041.212890625,1041.212890625,1041.212890625,1041.212890625,0.0,0.0,0.0,
2018-02-20,1037.866185021178,1038.142822265625,1037.866185021178,1038.142822265625,100.0,0.0,0.0,
2018-02-21,1034.547096793967,1034.547096793967,1030.490388316619,1032.518798828125,171.0,0.0,0.0,
2018-02-22,1032.518798828125,1032.518798828125,1032.518798828125,1032.518798828125,0.0,0.0,0.0,
2018-02-23,1036.944210933909,1038.142822265625,1036.944210933909,1038.142822265625,20.0,0.0,0.0,
2018-02-26,1049.390869140625,1049.390869140625,1049.390869140625,1049.390869140625,11.0,0.0,0.0,
2018-02-27,1049.390869140625,1049.390869140625,1049.390869140625,1049.390869140625,0.0,0.0,0.0,
2018-02-28,1049.390869140625,1049.390869140625,1049.390869140625,1049.390869140625,0.0,0.0,0.0,
2018-03-01,1047.085842436142,1049.11425279386,1044.596557617188,1044.596557617188,1815.0,0.0,0.0,
2018-03-05,1069.489880089716,1069.489880089716,1029.568359375,1029.568359375,19.0,0.0,0.0,
2018-03-06,1035.46907336775,1038.419457970036,1023.391235351562,1023.391235351562,51.0,0.0,0.0,
2018-03-07,1025.235186359567,1025.235186359567,1013.710510253906,1013.710510253906,101.0,0.0,0.0,
2018-03-08,962.5409187335356,962.5409187335356,938.200781038038,945.300048828125,76.0,0.0,0.0,
2018-03-09,1028.099975585938,1028.699951171875,1027.0,1027.25,34.0,80.0,0.0,
2018-03-12,1032.699951171875,1032.699951171875,1032.699951171875,1032.699951171875,2.0,0.0,0.0,
2018-03-13,1048.5,1048.5,1041.900024414062,1044.469970703125,139.0,0.0,0.0,
2018-03-14,1042.099975585938,1042.099975585938,1042.099975585938,1042.099975585938,1.0,0.0,0.0,
2018-03-15,1042.199951171875,1043.300048828125,1041.599975585938,1041.599975585938,19.0,0.0,0.0,
2018-03-16,1041.599975585938,1041.599975585938,1041.599975585938,1041.599975585938,0.0,0.0,0.0,
2018-03-19,1011.5,1011.5,1011.5,1011.5,800.0,0.0,0.0,
2018-03-20,1015.5,1015.5,1015.5,1015.5,750.0,0.0,0.0,
2018-03-21,1015.5,1015.5,1015.5,1015.5,0.0,0.0,0.0,
2018-03-22,1019.700012207031,1019.700012207031,1019.099975585938,1019.099975585938,20.0,0.0,0.0,
2018-03-23,1001.200012207031,1004.5,1001.200012207031,1004.5,110.0,0.0,0.0,
2018-03-26,1001.599975585938,1014.599975585938,1000.5,1014.22998046875,174.0,0.0,0.0,
2018-03-27,1014.22998046875,1014.22998046875,1014.22998046875,1014.22998046875,0.0,0.0,0.0,
2018-03-28,1100.0,1100.0,1017.200012207031,1019.400024414062,92.0,0.0,0.0,
2018-04-02,1019.400024414062,1019.400024414062,1019.400024414062,1019.400024414062,0.0,0.0,0.0,
2018-04-03,1019.400024414062,1019.400024414062,1019.400024414062,1019.400024414062,0.0,0.0,0.0,
2018-04-04,1026.900024414062,1026.900024414062,1016.700012207031,1017.0,141.0,0.0,0.0,
2018-04-05,1028.699951171875,1028.699951171875,1028.699951171875,1028.699951171875,4.0,0.0,0.0,
2018-04-06,1028.699951171875,1028.699951171875,1028.699951171875,1028.699951171875,0.0,0.0,0.0,
2018-04-09,1043.0,1045.199951171875,1043.0,1045.199951171875,99.0,0.0,0.0,
2018-04-10,1046.199951171875,1046.199951171875,1045.099975585938,1046.02001953125,1121.0,0.0,0.0,
2018-04-11,1042.400024414062,1044.400024414062,1042.400024414062,1044.400024414062,20.0,0.0,0.0,
2018-04-12,1051.199951171875,1051.199951171875,1051.199951171875,1051.199951171875,1.0,0.0,0.0,
2018-04-13,1054.599975585938,1054.599975585938,1054.599975585938,1054.599975585938,1.0,0.0,0.0,
2018-04-16,1050.699951171875,1051.800048828125,1050.699951171875,1051.800048828125,17.0,0.0,0.0,
2018-04-17,1051.800048828125,1051.800048828125,1051.800048828125,1051.800048828125,0.0,0.0,0.0,
2018-04-18,1051.800048828125,1051.800048828125,1051.800048828125,1051.800048828125,0.0,0.0,0.0,
2018-04-19,1051.800048828125,1051.800048828125,1051.800048828125,1051.800048828125,0.0,0.0,0.0,
2018-04-20,1061.699951171875,1061.699951171875,1061.699951171875,1061.699951171875,5.0,0.0,0.0,
2018-04-23,1061.699951171875,1061.699951171875,1061.699951171875,1061.699951171875,20.0,0.0,0.0,
2018-04-24,1070.099975585938,1070.099975585938,1070.099975585938,1070.099975585938,50.0,0.0,0.0,
2018-04-25,1070.099975585938,1070.099975585938,1070.099975585938,1070.099975585938,0.0,0.0,0.0,
2018-04-26,1070.099975585938,1070.099975585938,1070.099975585938,1070.099975585938,0.0,0.0,0.0,
2018-04-27,1070.099975585938,1070.099975585938,1070.099975585938,1070.099975585938,0.0,0.0,0.0,
2018-04-30,1082.699951171875,1082.699951171875,1082.699951171875,1082.699951171875,10.0,0.0,0.0,
2018-05-02,1110.0,1110.0,1082.699951171875,1082.699951171875,11.0,0.0,0.0,
2018-05-03,1073.900024414062,1080.5,1073.900024414062,1080.5,102.0,0.0,0.0,
2018-05-04,1080.5,1080.5,1080.5,1080.5,0.0,0.0,0.0,
2018-05-07,1072.199951171875,1076.0,1071.599975585938,1076.0,12.0,0.0,0.0,
2018-05-08,1076.0,1076.0,1076.0,1076.0,0.0,0.0,0.0,
2018-05-09,1078.699951171875,1083.099975585938,1078.699951171875,1082.5,6.0,0.0,0.0,
2018-05-10,1086.199951171875,1086.199951171875,1086.199951171875,1086.199951171875,1.0,0.0,0.0,
2018-05-11,1086.900024414062,1086.900024414062,1086.900024414062,1086.900024414062,1.0,0.0,0.0,
2018-05-14,1100.0,1100.0,1088.0,1088.0,7.0,0.0,0.0,
2018-05-15,1096.099975585938,1099.0,1096.099975585938,1099.0,22.0,0.0,0.0,
2018-05-16,1083.599975585938,1083.599975585938,1079.199951171875,1079.199951171875,21.0,0.0,0.0,
2018-05-17,1080.900024414062,1080.900024414062,1080.900024414062,1080.900024414062,1.0,0.0,0.0,
2018-05-18,1071.400024414062,1071.400024414062,1071.400024414062,1071.400024414062,12.0,0.0,0.0,
2018-05-21,1064.199951171875,1065.300048828125,1064.199951171875,1065.300048828125,11.0,0.0,0.0,
2018-05-22,1065.300048828125,1065.300048828125,1065.300048828125,1065.300048828125,0.0,0.0,0.0,
2018-05-23,1065.300048828125,1065.300048828125,1065.300048828125,1065.300048828125,0.0,0.0,0.0,
2018-05-24,1065.300048828125,1065.300048828125,1065.300048828125,1065.300048828125,0.0,0.0,0.0,
2018-05-25,1061.699951171875,1061.699951171875,1061.699951171875,1061.699951171875,5.0,0.0,0.0,
2018-05-28,1071.099975585938,1071.099975585938,1071.099975585938,1071.099975585938,4.0,0.0,0.0,
2018-05-29,1077.900024414062,1077.900024414062,1077.900024414062,1077.900024414062,1.0,0.0,0.0,
2018-05-30,1077.900024414062,1077.900024414062,1077.900024414062,1077.900024414062,0.0,0.0,0.0,
2018-05-31,1082.599975585938,1082.599975585938,1082.0,1082.0,1690.0,0.0,0.0,
2018-06-01,1078.800048828125,1078.800048828125,1078.800048828125,1078.800048828125,75.0,0.0,0.0,
2018-06-04,1078.800048828125,1078.800048828125,1078.800048828125,1078.800048828125,0.0,0.0,0.0,
2018-06-05,1067.699951171875,1067.699951171875,1063.800048828125,1064.900024414062,213.0,0.0,0.0,
2018-06-06,1071.599975585938,1071.599975585938,1070.0,1070.0,100.0,0.0,0.0,
2018-06-07,1085.800048828125,1087.900024414062,1082.5,1087.900024414062,165.0,0.0,0.0,
2018-06-08,1080.0,1082.900024414062,1080.0,1082.900024414062,110.0,0.0,0.0,
2018-06-11,1088.699951171875,1089.800048828125,1087.0,1087.0,134.0,0.0,0.0,
2018-06-12,1089.199951171875,1090.800048828125,1089.199951171875,1090.800048828125,10.0,0.0,0.0,
2018-06-13,1095.0,1096.0,1095.0,1096.0,638.0,0.0,0.0,
2018-06-14,1095.099975585938,1095.099975585938,1087.199951171875,1087.800048828125,274.0,0.0,0.0,
2018-06-15,1090.199951171875,1091.300048828125,1090.199951171875,1091.300048828125,17.0,0.0,0.0,
2018-06-18,1090.599975585938,1090.599975585938,1085.099975585938,1087.569946289062,178.0,0.0,0.0,
2018-06-19,1081.300048828125,1081.300048828125,1081.300048828125,1081.300048828125,2.0,0.0,0.0,
2018-06-20,1081.300048828125,1081.300048828125,1081.300048828125,1081.300048828125,0.0,0.0,0.0,
2018-06-21,1083.199951171875,1083.199951171875,1082.0,1082.099975585938,600.0,0.0,0.0,
2018-06-22,1082.099975585938,1082.099975585938,1082.099975585938,1082.099975585938,0.0,0.0,0.0,
2018-06-25,1082.099975585938,1082.099975585938,1082.099975585938,1082.099975585938,0.0,0.0,0.0,
2018-06-26,1082.099975585938,1082.099975585938,1082.099975585938,1082.099975585938,0.0,0.0,0.0,
2018-06-27,1082.099975585938,1082.099975585938,1082.099975585938,1082.099975585938,0.0,0.0,0.0,
2018-06-28,1082.099975585938,1082.099975585938,1082.099975585938,1082.099975585938,0.0,0.0,0.0,
2018-06-29,1082.099975585938,1082.099975585938,1082.099975585938,1082.099975585938,0.0,0.0,0.0,
2018-07-02,1180.0,1180.0,1074.300048828125,1074.300048828125,15.0,0.0,0.0,
2018-07-03,1074.300048828125,1074.300048828125,1074.300048828125,1074.300048828125,0.0,0.0,0.0,
2018-07-04,1074.300048828125,1074.300048828125,1074.300048828125,1074.300048828125,0.0,0.0,0.0,
2018-07-05,1085.699951171875,1085.699951171875,1085.699951171875,1085.699951171875,3.0,0.0,0.0,
2018-07-06,1085.699951171875,1085.699951171875,1085.699951171875,1085.699951171875,0.0,0.0,0.0,
2018-07-09,1095.0,1095.0,1093.400024414062,1093.400024414062,104.0,0.0,0.0,
2018-07-10,1098.699951171875,1100.0,1098.699951171875,1100.0,13.0,0.0,0.0,
2018-07-11,1100.0,1100.0,1100.0,1100.0,0.0,0.0,0.0,
2018-07-12,1100.0,1100.0,1100.0,1100.0,0.0,0.0,0.0,
2018-07-13,1100.0,1100.0,1100.0,1100.0,0.0,0.0,0.0,
2018-07-16,1108.699951171875,1109.800048828125,1108.699951171875,1109.800048828125,17.0,0.0,0.0,
2018-07-17,1109.800048828125,1109.800048828125,1109.800048828125,1109.800048828125,0.0,0.0,0.0,
2018-07-18,1115.199951171875,1115.199951171875,1115.199951171875,1115.199951171875,1.0,0.0,0.0,
2018-07-19,1115.199951171875,1115.199951171875,1115.199951171875,1115.199951171875,0.0,0.0,0.0,
2018-07-20,1115.199951171875,1115.199951171875,1115.199951171875,1115.199951171875,0.0,0.0,0.0,
2018-07-23,1115.199951171875,1115.199951171875,1115.199951171875,1115.199951171875,0.0,0.0,0.0,
2018-07-24,1119.599975585938,1119.599975585938,1119.599975585938,1119.599975585938,12.0,0.0,0.0,
2018-07-25,1122.699951171875,1122.699951171875,1122.699951171875,1122.699951171875,1.0,0.0,0.0,
2018-07-26,1122.699951171875,1122.699951171875,1122.699951171875,1122.699951171875,0.0,0.0,0.0,
2018-07-27,1129.0,1129.0,1129.0,1129.0,5.0,0.0,0.0,
2018-07-30,1129.0,1129.0,1129.0,1129.0,0.0,0.0,0.0,
2018-07-31,1005.799987792969,1136.599975585938,1005.799987792969,1136.599975585938,2.0,0.0,0.0,
2018-08-01,1145.699951171875,1147.900024414062,1142.900024414062,1142.900024414062,57.0,0.0,0.0,
2018-08-02,1145.0,1145.0,1137.0,1137.0,32.0,0.0,0.0,
2018-08-03,1139.099975585938,1139.699951171875,1139.099975585938,1139.699951171875,9.0,0.0,0.0,
2018-08-06,1149.0,1151.199951171875,1149.0,1151.199951171875,11.0,0.0,0.0,
2018-08-07,1149.599975585938,1149.599975585938,1149.599975585938,1149.599975585938,6.0,0.0,0.0,
2018-08-08,1149.599975585938,1149.599975585938,1149.599975585938,1149.599975585938,0.0,0.0,0.0,
2018-08-09,1149.599975585938,1149.599975585938,1149.599975585938,1149.599975585938,0.0,0.0,0.0,
2018-08-10,1153.199951171875,1153.199951171875,1153.199951171875,1153.199951171875,1.0,0.0,0.0,
2018-08-13,1143.699951171875,1143.699951171875,1143.699951171875,1143.699951171875,1.0,0.0,0.0,
2018-08-14,1143.699951171875,1143.699951171875,1143.699951171875,1143.699951171875,0.0,0.0,0.0,
2018-08-16,1150.400024414062,1150.400024414062,1150.400024414062,1150.400024414062,18.0,0.0,0.0,
2018-08-17,1150.400024414062,1150.400024414062,1150.400024414062,1150.400024414062,0.0,0.0,0.0,
2018-08-20,1150.400024414062,1150.400024414062,1150.400024414062,1150.400024414062,0.0,0.0,0.0,
2018-08-21,1150.400024414062,1150.400024414062,1150.400024414062,1150.400024414062,0.0,0.0,0.0,
2018-08-23,1171.400024414062,1171.400024414062,1171.400024414062,1171.400024414062,3.0,0.0,0.0,
2018-08-24,1171.400024414062,1171.400024414062,1171.400024414062,1171.400024414062,0.0,0.0,0.0,
2018-08-27,1177.599975585938,1181.5,1177.599975585938,1181.5,50.0,0.0,0.0,
2018-08-28,1188.699951171875,1188.699951171875,1188.699951171875,1188.699951171875,3.0,0.0,0.0,
2018-08-29,1186.199951171875,1186.199951171875,1185.599975585938,1185.599975585938,2.0,0.0,0.0,
2018-08-30,1185.599975585938,1185.599975585938,1185.599975585938,1185.599975585938,0.0,0.0,0.0,
2018-08-31,1180.699951171875,1180.699951171875,1180.699951171875,1180.699951171875,3.0,0.0,0.0,
2018-09-03,1181.199951171875,1183.400024414062,1180.599975585938,1183.400024414062,41.0,0.0,0.0,
2018-09-04,1183.400024414062,1183.400024414062,1183.400024414062,1183.400024414062,0.0,0.0,0.0,
2018-09-05,1167.199951171875,1167.199951171875,1167.199951171875,1167.199951171875,3.0,0.0,0.0,
2018-09-06,1163.5,1163.5,1162.900024414062,1162.900024414062,3.0,0.0,0.0,
2018-09-07,1150.0,1163.599975585938,1150.0,1162.5,30.0,0.0,0.0,
2018-09-10,1166.300048828125,1166.300048828125,1166.300048828125,1166.300048828125,1.0,0.0,0.0,
2018-09-11,1166.300048828125,1166.300048828125,1166.300048828125,1166.300048828125,0.0,0.0,0.0,
2018-09-12,1143.599975585938,1143.599975585938,1139.800048828125,1143.099975585938,29.0,0.0,0.0,
2018-09-14,1158.699951171875,1158.699951171875,1158.699951171875,1158.699951171875,4.0,0.0,0.0,
2018-09-17,1147.699951171875,1147.699951171875,1147.699951171875,1147.699951171875,1.0,0.0,0.0,
2018-09-18,1155.0,1155.0,1152.199951171875,1153.300048828125,151.0,0.0,0.0,
2018-09-19,1153.300048828125,1153.300048828125,1153.300048828125,1153.300048828125,0.0,0.0,0.0,
2018-09-21,1147.5,1147.5,1147.5,1147.5,2.0,0.0,0.0,
2018-09-24,1116.5,1116.5,1111.199951171875,1112.099975585938,423.0,0.0,0.0,
2018-09-25,1108.0,1119.199951171875,1108.0,1118.130004882812,23.0,0.0,0.0,
2018-09-26,1241.099975585938,1319.400024414062,1117.0,1119.0,60.0,0.0,0.0,
2018-09-27,1119.0,1119.0,1119.0,1119.0,0.0,0.0,0.0,
2018-09-28,1111.699951171875,1111.699951171875,1102.699951171875,1104.900024414062,125.0,0.0,0.0,
2018-10-01,1101.699951171875,1101.699951171875,1101.699951171875,1101.699951171875,4.0,0.0,0.0,
2018-10-03,1108.699951171875,1108.699951171875,1104.300048828125,1104.300048828125,3.0,0.0,0.0,
2018-10-04,1081.0,1083.0,1077.5,1077.5,117.0,0.0,0.0,
2018-10-05,1062.0,1062.0,1050.0,1050.0,13.0,0.0,0.0,
2018-10-08,1034.5,1045.5,1033.5,1038.819946289062,120.0,0.0,0.0,
2018-10-09,1052.5,1052.5,1046.5,1046.5,9.0,0.0,0.0,
2018-10-10,1049.599975585938,1049.599975585938,1049.599975585938,1049.599975585938,1.0,0.0,0.0,
2018-10-11,1037.0,1042.0,1037.0,1040.5,50.0,0.0,0.0,
2018-10-12,1056.0,1059.5,1056.0,1059.5,13.0,0.0,0.0,
2018-10-15,1059.0,1060.5,1059.0,1060.5,17.0,0.0,0.0,
2018-10-16,1060.5,1060.5,1060.5,1060.5,0.0,0.0,0.0,
2018-10-17,1080.5,1080.5,1062.0,1062.0,28.0,0.0,0.0,
2018-10-19,1062.0,1062.0,1062.0,1062.0,0.0,0.0,0.0,
2018-10-22,1062.0,1062.0,1062.0,1062.0,0.0,0.0,0.0,
2018-10-23,1030.0,1030.0,1030.0,1030.0,240.0,0.0,0.0,
2018-10-24,1035.0,1035.0,1035.0,1035.0,10.0,0.0,0.0,
2018-10-25,1023.5,1024.0,1023.5,1024.0,250.0,0.0,0.0,
2018-10-26,1018.0,1018.0,1016.900024414062,1016.900024414062,530.0,0.0,0.0,
2018-10-29,1012.0,1017.0,1012.0,1017.0,10.0,0.0,0.0,
2018-10-30,1039.099975585938,1039.099975585938,1039.099975585938,1039.099975585938,4.0,0.0,0.0,
2018-10-31,1034.099975585938,1034.099975585938,1028.099975585938,1030.300048828125,60.0,0.0,0.0,
2018-11-01,1030.300048828125,1030.300048828125,1030.300048828125,1030.300048828125,0.0,0.0,0.0,
2018-11-02,1080.0,1190.0,1060.5,1060.5,19.0,0.0,0.0,
2018-11-05,1060.5,1060.5,1060.5,1060.5,0.0,0.0,0.0,
2018-11-06,1069.5,1069.5,1069.5,1069.5,10.0,0.0,0.0,
2018-11-07,1069.5,1069.5,1069.5,1069.5,0.0,0.0,0.0,
2018-11-09,1069.5,1069.5,1069.5,1069.5,0.0,0.0,0.0,
2018-11-12,1070.0,1070.0,1070.0,1070.0,2.0,0.0,0.0,
2018-11-13,1070.0,1070.0,1070.0,1070.0,0.0,0.0,0.0,
2018-11-14,1070.0,1070.0,1070.0,1070.0,0.0,0.0,0.0,
2018-11-15,1070.0,1070.0,1070.0,1070.0,0.0,0.0,0.0,
2018-11-16,1100.0,1172.5,1078.0,1079.0,177.0,0.0,0.0,
2018-11-19,1079.0,1079.0,1079.0,1079.0,0.0,0.0,0.0,
2018-11-20,1086.099975585938,1087.800048828125,1085.0,1087.25,40.0,0.0,0.0,
2018-11-21,1074.900024414062,1074.900024414062,1074.900024414062,1074.900024414062,1.0,0.0,0.0,
2018-11-22,1075.099975585938,1075.099975585938,1068.0,1068.0,41.0,0.0,0.0,
2018-11-26,1065.900024414062,1065.900024414062,1065.900024414062,1065.900024414062,1.0,0.0,0.0,
2018-11-27,1074.099975585938,1074.099975585938,1074.099975585938,1074.099975585938,2.0,0.0,0.0,
2018-11-28,1074.099975585938,1074.099975585938,1074.099975585938,1074.099975585938,0.0,0.0,0.0,
2018-11-29,1074.099975585938,1074.099975585938,1074.099975585938,1074.099975585938,0.0,0.0,0.0,
2018-11-30,1104.0,1104.0,1100.5,1100.5,40.0,0.0,0.0,
2018-12-03,1103.0,1103.0,1099.0,1099.0,20.0,0.0,0.0,
2018-12-04,1099.0,1099.0,1099.0,1099.0,0.0,0.0,0.0,
2018-12-05,1099.0,1099.0,1099.0,1099.0,0.0,0.0,0.0,
2018-12-06,1095.0,1095.0,1079.400024414062,1079.400024414062,9.0,0.0,0.0,
2018-12-07,1076.0,1076.0,1076.0,1076.0,2.0,0.0,0.0,
2018-12-10,1063.5,1063.5,1063.5,1063.5,6.0,0.0,0.0,
2018-12-11,1047.5,1061.0,1047.5,1061.0,70.0,0.0,0.0,
2018-12-12,1061.0,1061.0,1061.0,1061.0,0.0,0.0,0.0,
2018-12-13,1061.0,1061.0,1061.0,1061.0,0.0,0.0,0.0,
2018-12-14,1061.0,1061.0,1061.0,1061.0,0.0,0.0,0.0,
2018-12-17,1099.5,1101.0,1098.5,1098.5,18.0,0.0,0.0,
2018-12-18,1097.0,1097.0,1097.0,1097.0,1.0,0.0,0.0,
2018-12-19,1097.0,1097.0,1097.0,1097.0,0.0,0.0,0.0,
2018-12-20,1105.0,1105.0,1105.0,1105.0,121.0,0.0,0.0,
2018-12-21,1105.0,1105.0,1105.0,1105.0,0.0,0.0,0.0,
2018-12-24,1105.0,1105.0,1105.0,1105.0,0.0,0.0,0.0,
2018-12-26,1105.0,1105.0,1105.0,1105.0,0.0,0.0,0.0,
2018-12-27,1105.0,1105.0,1105.0,1105.0,0.0,0.0,0.0,
2018-12-28,1100.0,1100.0,1100.0,1100.0,1.0,0.0,0.0,
2018-12-31,1102.5,1102.5,1102.5,1102.5,1.0,0.0,0.0,
2019-01-01,1102.5,1102.5,1102.5,1102.5,0.0,0.0,0.0,
2019-01-02,1105.0,1105.0,1092.5,1092.5,22.0,0.0,0.0,
2019-01-03,1088.5,1088.5,1088.5,1088.5,1.0,0.0,0.0,
2019-01-04,1082.0,1082.0,1082.0,1082.0,1.0,0.0,0.0,
2019-01-07,1082.0,1082.0,1082.0,1082.0,0.0,0.0,0.0,
2019-01-08,1022.0,1124.599975585938,880.9000244140625,1093.5,102.0,0.0,0.0,
2019-01-09,1093.5,1093.5,1093.5,1093.5,4.0,0.0,0.0,
2019-01-10,1102.0,1102.0,1099.0,1099.0,11.0,0.0,0.0,
2019-01-11,1100.0,1100.0,1100.0,1100.0,4.0,0.0,0.0,
2019-01-14,1100.0,1100.0,1100.0,1100.0,0.0,0.0,0.0,
2019-01-15,1096.199951171875,1100.599975585938,1095.599975585938,1100.599975585938,23.0,0.0,0.0,
2019-01-16,1100.599975585938,1100.599975585938,1100.599975585938,1100.599975585938,0.0,0.0,0.0,
2019-01-17,1109.0,1109.0,1107.0,1107.0,4.0,0.0,0.0,
2019-01-18,1107.0,1107.0,1107.0,1107.0,0.0,0.0,0.0,
2019-01-21,1107.0,1107.0,1107.0,1107.0,0.0,0.0,0.0,
2019-01-22,1107.0,1107.0,1107.0,1107.0,0.0,0.0,0.0,
2019-01-23,1105.5,1105.5,1105.5,1105.5,1.0,0.0,0.0,
2019-01-24,1105.5,1105.5,1105.5,1105.5,0.0,0.0,0.0,
2019-01-25,1105.5,1105.5,1105.5,1105.5,0.0,0.0,0.0,
2019-01-28,1105.5,1105.5,1105.5,1105.5,0.0,0.0,0.0,
2019-01-29,1082.0,1086.5,1076.0,1076.0,48.0,0.0,0.0,
2019-01-30,1076.0,1076.0,1076.0,1076.0,0.0,0.0,0.0,
2019-01-31,1076.0,1076.0,1076.0,1076.0,0.0,0.0,0.0,
2019-02-01,1076.0,1076.0,1076.0,1076.0,0.0,0.0,0.0,
2019-02-04,1076.0,1076.0,1076.0,1076.0,0.0,0.0,0.0,
2019-02-05,1076.0,1076.0,1076.0,1076.0,0.0,0.0,0.0,
2019-02-06,1076.0,1076.0,1076.0,1076.0,0.0,0.0,0.0,
2019-02-07,1076.0,1076.0,1076.0,1076.0,0.0,0.0,0.0,
2019-02-08,1076.0,1076.0,1076.0,1076.0,0.0,0.0,0.0,
2019-02-11,1105.5,1106.5,1105.5,1105.5,15.0,0.0,0.0,
2019-02-12,1107.0,1107.0,1107.0,1107.0,1.0,0.0,0.0,
2019-02-14,1093.0,1093.0,1091.0,1091.0,177.0,0.0,0.0,
2019-02-15,1091.0,1091.0,1091.0,1091.0,0.0,0.0,0.0,
2019-02-18,1085.0,1085.0,1085.0,1085.0,10.0,0.0,0.0,
2019-02-19,1083.0,1086.5,1083.0,1083.0,21.0,0.0,0.0,
2019-02-20,1083.0,1083.0,1083.0,1083.0,1.0,0.0,0.0,
2019-02-21,1083.0,1083.0,1083.0,1083.0,0.0,0.0,0.0,
2019-02-22,1094.0,1094.0,1094.0,1094.0,1.0,0.0,0.0,
2019-02-25,1099.5,1101.0,1099.5,1100.660034179688,19.0,0.0,0.0,
2019-02-26,1099.0,1099.0,1094.5,1094.5,58.0,0.0,0.0,
2019-02-27,1094.5,1094.5,1094.5,1094.5,0.0,0.0,0.0,
2019-02-28,1094.5,1094.5,1094.5,1094.5,0.0,0.0,0.0,
2019-03-01,1103.0,1105.0,1103.0,1105.0,1050.0,0.0,0.0,
2019-03-05,1103.5,1114.5,1103.5,1114.5,203.0,0.0,0.0,
2019-03-06,1114.5,1114.5,1114.5,1114.5,0.0,0.0,0.0,
2019-03-07,1124.0,1124.0,1124.0,1124.0,5.0,0.0,0.0,
2019-03-08,1124.0,1124.0,1124.0,1124.0,0.0,0.0,0.0,
2019-03-11,1129.0,1133.5,1129.0,1132.5,11.0,0.0,0.0,
2019-03-12,1145.0,1149.050048828125,1145.0,1149.050048828125,4.0,0.0,0.0,
2019-03-13,1155.0,1155.0,1149.0,1149.0,5.0,0.0,0.0,
2019-03-14,1149.0,1149.0,1149.0,1149.0,0.0,0.0,0.0,
2019-03-15,1159.0,1161.0,1159.0,1160.5,258.0,0.0,0.0,
2019-03-18,1168.0,1168.0,1161.0,1161.0,34.0,0.0,0.0,
2019-03-19,1161.0,1161.0,1161.0,1161.0,0.0,0.0,0.0,
2019-03-20,1172.5,1173.5,1172.5,1173.5,2.0,0.0,0.0,
2019-03-22,1175.0,1175.0,1175.0,1175.0,3.0,0.0,0.0,
2019-03-25,1156.0,1156.0,1152.0,1153.0,20.0,0.0,0.0,
2019-03-26,1153.0,1153.0,1153.0,1153.0,0.0,0.0,0.0,
2019-03-27,1153.0,1153.0,1153.0,1153.0,0.0,0.0,0.0,
2019-03-28,1169.5,1169.5,1169.5,1169.5,5.0,0.0,0.0,
2019-04-01,1178.0,1178.0,1178.0,1178.0,0.0,0.0,0.0,
2019-04-02,1178.0,1178.0,1178.0,1178.0,0.0,0.0,0.0,
2019-04-03,1193.5,1198.0,1193.5,1198.0,88.0,0.0,0.0,
2019-04-04,1185.0,1185.0,1183.5,1183.5,16.0,0.0,0.0,
2019-04-05,1185.0,1185.0,1185.0,1185.0,8.0,0.0,0.0,
2019-04-08,1185.0,1185.0,1185.0,1185.0,0.0,0.0,0.0,
2019-04-09,1185.0,1185.0,1185.0,1185.0,0.0,0.0,0.0,
2019-04-10,1185.5,1185.5,1185.5,1185.5,6.0,0.0,0.0,
2019-04-11,1185.5,1185.5,1185.5,1185.5,0.0,0.0,0.0,
2019-04-12,1177.5,1180.5,1177.5,1180.5,50.0,0.0,0.0,
2019-04-15,1187.0,1188.5,1187.0,1187.0,26.0,0.0,0.0,
2019-04-16,1200.0,1201.0,1200.0,1201.0,2.0,0.0,0.0,
2019-04-18,1201.0,1201.0,1201.0,1201.0,0.0,0.0,0.0,
2019-04-22,1189.0,1189.0,1189.0,1189.0,1.0,0.0,0.0,
2019-04-23,1183.5,1183.5,1183.0,1183.0,35.0,0.0,0.0,
2019-04-24,1181.5,1181.5,1181.5,1181.5,4.0,0.0,0.0,
2019-04-25,1193.5,1196.0,1193.5,1194.369995117188,20.0,0.0,0.0,
2019-04-26,1189.5,1189.5,1188.5,1188.5,2.0,0.0,0.0,
2019-04-30,1188.5,1188.5,1188.5,1188.5,0.0,0.0,0.0,
2019-05-02,1197.5,1197.5,1185.5,1185.5,290.0,0.0,0.0,
2019-05-03,1193.0,1193.0,1193.0,1193.0,7.0,0.0,0.0,
2019-05-06,1180.0,1180.0,1180.0,1180.0,3.0,0.0,0.0,
2019-05-07,1170.5,1170.5,1170.5,1170.5,2.0,0.0,0.0,
2019-05-08,1165.0,1165.0,1162.0,1162.0,4.0,0.0,0.0,
2019-05-09,1162.0,1162.0,1162.0,1162.0,0.0,0.0,0.0,
2019-05-10,1153.0,1153.0,1148.5,1152.0,9.0,0.0,0.0,
2019-05-13,1144.5,1148.5,1139.5,1140.25,5.0,0.0,0.0,
2019-05-14,1132.0,1144.5,1132.0,1140.0,101.0,0.0,0.0,
2019-05-15,1145.5,1147.0,1138.0,1138.0,17.0,0.0,0.0,
2019-05-16,1138.0,1138.0,1138.0,1138.0,1.0,0.0,0.0,
2019-05-17,1154.5,1154.5,1154.5,1154.5,1.0,0.0,0.0,
2019-05-20,1176.0,1203.0,1176.0,1203.0,8.0,0.0,0.0,
2019-05-21,1176.0,1196.5,1176.0,1191.5,29.0,0.0,0.0,
2019-05-22,1194.0,1194.0,1194.0,1194.0,10.0,0.0,0.0,
2019-05-23,1216.0,1219.0,1185.0,1190.160034179688,31.0,0.0,0.0,
2019-05-24,1194.5,1201.0,1194.5,1201.0,32.0,0.0,0.0,
2019-05-27,1213.5,1213.5,1213.5,1213.5,9.0,0.0,0.0,
2019-05-28,1213.0,1213.0,1211.0,1211.0,48.0,0.0,0.0,
2019-05-29,1211.0,1211.0,1211.0,1211.0,0.0,0.0,0.0,
2019-05-30,1214.5,1214.5,1214.5,1214.5,5.0,0.0,0.0,
2019-05-31,1220.5,1220.5,1214.0,1214.0,40.0,0.0,0.0,
2019-06-03,1214.0,1214.0,1214.0,1214.0,0.0,0.0,0.0,
2019-06-04,1225.5,1226.5,1224.0,1225.599975585938,125.0,0.0,0.0,
2019-06-06,1221.0,1221.0,1210.5,1210.5,104.0,0.0,0.0,
2019-06-07,1208.0,1209.5,1208.0,1209.5,50.0,0.0,0.0,
2019-06-10,1220.0,1220.0,1214.0,1214.0,5.0,0.0,0.0,
2019-06-11,1214.0,1214.0,1214.0,1214.0,0.0,0.0,0.0,
2019-06-12,1213.0,1213.0,1213.0,1213.0,2.0,0.0,0.0,
2019-06-13,1213.0,1213.0,1213.0,1213.0,0.0,0.0,0.0,
2019-06-14,1214.0,1214.0,1209.0,1209.0,42.0,0.0,0.0,
2019-06-17,1200.0,1200.0,1192.0,1192.0,24.0,0.0,0.0,
2019-06-18,1194.0,1194.0,1194.0,1194.0,1.0,0.0,0.0,
2019-06-19,1188.5,1191.0,1188.5,1189.75,4.0,0.0,0.0,
2019-06-20,1199.0,1202.0,1199.0,1199.930053710938,8.0,0.0,0.0,
2019-06-21,1202.0,1202.0,1197.0,1198.5,33.0,0.0,0.0,
2019-06-24,1196.0,1196.0,1196.0,1196.0,2.0,0.0,0.0,
2019-06-25,1190.5,1203.0,1190.5,1203.0,26.0,0.0,0.0,
2019-06-26,1203.0,1203.0,1203.0,1203.0,0.0,0.0,0.0,
2019-06-27,1214.0,1214.0,1210.5,1210.5,20.0,0.0,0.0,
2019-06-28,1209.5,1209.5,1206.5,1206.5,20.0,0.0,0.0,
2019-07-01,1208.0,1209.0,1208.0,1209.0,2.0,0.0,0.0,
2019-07-02,1209.0,1209.0,1209.0,1209.0,0.0,0.0,0.0,
2019-07-03,1209.0,1209.0,1209.0,1209.0,0.0,0.0,0.0,
2019-07-04,1209.0,1209.0,1209.0,1209.0,0.0,0.0,0.0,
2019-07-05,1236.0,1296.0,1206.050048828125,1206.199951171875,323.0,0.0,0.0,
2019-07-08,1200.0,1200.0,1177.5,1177.660034179688,62.0,0.0,0.0,
2019-07-09,1175.5,1179.0,1175.5,1177.0,16.0,0.0,0.0,
2019-07-10,1179.0,1179.0,1176.0,1176.0,14.0,0.0,0.0,
2019-07-11,1180.0,1180.0,1180.0,1180.0,10.0,0.0,0.0,
2019-07-12,1186.5,1186.5,1182.0,1182.0,21.0,0.0,0.0,
2019-07-15,1181.5,1183.0,1181.5,1181.5,21.0,0.0,0.0,
2019-07-16,1182.5,1182.5,1182.5,1182.5,1.0,0.0,0.0,
2019-07-17,1182.5,1182.5,1182.5,1182.5,0.0,0.0,0.0,
2019-07-18,1182.5,1182.5,1182.5,1182.5,0.0,0.0,0.0,
2019-07-19,1186.0,1186.0,1166.0,1167.420043945312,44.0,0.0,0.0,
2019-07-22,1160.0,1160.0,1156.0,1157.0,7.0,0.0,0.0,
2019-07-23,1157.0,1157.0,1157.0,1157.0,0.0,0.0,0.0,
2019-07-24,1159.0,1159.0,1148.0,1148.5,2485.0,0.0,0.0,
2019-07-25,1157.0,1157.0,1152.0,1152.0,24.0,0.0,0.0,
2019-07-26,1149.5,1151.0,1148.5,1151.0,51.0,0.0,0.0,
2019-07-29,1146.5,1146.5,1141.5,1141.5,50.0,0.0,0.0,
2019-07-30,1142.0,1142.0,1137.0,1137.0,102.0,0.0,0.0,
2019-07-31,1137.5,1137.5,1137.5,1137.5,1.0,0.0,0.0,
2019-08-01,1132.099975585938,1132.099975585938,1127.0,1127.0,62.0,0.0,0.0,
2019-08-02,1120.0,1128.0,1117.0,1128.0,17.0,0.0,0.0,
2019-08-05,1118.699951171875,1118.699951171875,1106.0,1111.5,18.0,0.0,0.0,
2019-08-06,1126.0,1126.0,1122.0,1122.0,31.0,0.0,0.0,
2019-08-07,1116.0,1116.0,1115.0,1115.0,2.0,0.0,0.0,
2019-08-08,1124.0,1125.5,1124.0,1125.5,20.0,0.0,0.0,
2019-08-09,1142.5,1142.5,1140.5,1140.5,40.0,0.0,0.0,
2019-08-13,1134.5,1135.5,1118.5,1119.800048828125,9.0,0.0,0.0,
2019-08-14,1127.5,1127.5,1127.5,1127.5,7.0,0.0,0.0,
2019-08-16,1124.0,1125.5,1124.0,1125.5,16.0,0.0,0.0,
2019-08-19,1137.5,1140.5,1137.5,1138.5,21.0,0.0,0.0,
2019-08-20,1140.0,1140.0,1130.5,1130.5,40.0,0.0,0.0,
2019-08-21,1130.0,1130.0,1116.5,1116.5,65.0,0.0,0.0,
2019-08-22,1118.699951171875,1118.699951171875,1102.5,1104.599975585938,165.0,0.0,0.0,
2019-08-23,1094.0,1109.0,1068.7099609375,1109.0,190.0,0.0,0.0,
2019-08-26,1109.0,1129.5,1108.5,1129.5,172.0,0.0,0.0,
2019-08-27,1138.0,1138.0,1138.0,1138.0,1.0,0.0,0.0,
2019-08-28,1167.099975585938,1167.099975585938,1127.0,1128.5,80.0,0.0,0.0,
2019-08-29,1125.0,1125.0,1125.0,1125.0,15.0,0.0,0.0,
2019-08-30,1122.5,1123.0,1117.0,1123.0,85.0,0.0,0.0,
2019-09-03,1120.0,1120.0,1109.5,1109.5,14.0,0.0,0.0,
2019-09-04,1190.0,1190.0,1100.050048828125,1106.0,39.0,0.0,0.0,
2019-09-05,1115.5,1115.5,1111.0,1111.0,14.0,0.0,0.0,
2019-09-06,1111.0,1111.0,1111.0,1111.0,0.0,0.0,0.0,
2019-09-09,1128.0,1128.0,1127.0,1127.0,12.0,0.0,0.0,
2019-09-11,1130.0,1130.0,1129.0,1129.0,3.0,0.0,0.0,
2019-09-12,1129.0,1129.0,1129.0,1129.0,0.0,0.0,0.0,
2019-09-13,1129.0,1130.5,1124.5,1124.5,17.0,0.0,0.0,
2019-09-16,1129.0,1129.900024414062,1129.0,1129.900024414062,16.0,0.0,0.0,
2019-09-17,1115.0,1116.0,1115.0,1116.0,19.0,0.0,0.0,
2019-09-18,1116.0,1116.0,1116.0,1116.0,0.0,0.0,0.0,
2019-09-19,1106.0,1106.0,1097.5,1097.5,104.0,0.0,0.0,
2019-09-20,1098.699951171875,1157.5,1097.0,1156.0,360.0,0.0,0.0,
2019-09-23,1182.0,1192.0,1182.0,1192.0,56.0,0.0,0.0,
2019-09-24,1191.0,1191.0,1189.0,1189.0,20.0,0.0,0.0,
2019-09-25,1179.5,1179.5,1174.5,1176.0,9.0,0.0,0.0,
2019-09-26,1220.0,1276.0,1183.0,1183.0,29.0,0.0,0.0,
2019-09-27,1183.5,1186.0,1182.0,1183.0,83.0,0.0,0.0,
2019-09-30,1173.0,1175.5,1173.0,1175.5,90.0,0.0,0.0,
2019-10-01,1178.0,1178.0,1153.0,1160.2099609375,426.0,0.0,0.0,
2019-10-03,1160.2099609375,1160.2099609375,1160.2099609375,1160.2099609375,0.0,0.0,0.0,
2019-10-04,1156.0,1158.5,1143.5,1148.0,89.0,0.0,0.0,
2019-10-07,1147.0,1148.5,1147.0,1147.5,8.0,0.0,0.0,
2019-10-09,1140.0,1151.0,1139.0,1151.0,114.0,0.0,0.0,
2019-10-10,1156.0,1156.0,1152.0,1152.0,6.0,0.0,0.0,
2019-10-11,1156.0,1157.5,1153.0,1157.300048828125,1437.0,0.0,0.0,
2019-10-14,1157.300048828125,1157.300048828125,1157.300048828125,1157.300048828125,0.0,0.0,0.0,
2019-10-15,1165.0,1170.0,1165.0,1168.5,95.0,0.0,0.0,
2019-10-16,1174.0,1174.0,1174.0,1174.0,1.0,0.0,0.0,
2019-10-17,1179.5,1180.0,1179.5,1180.0,63.0,0.0,0.0,
2019-10-18,1190.0,1196.5,1190.0,1195.5,42.0,0.0,0.0,
2019-10-22,1196.5,1196.5,1192.5,1192.5,92.0,0.0,0.0,
2019-10-23,1190.0,1190.0,1190.0,1190.0,10.0,0.0,0.0,
2019-10-24,1197.0,1197.0,1189.0,1193.5,150.0,0.0,0.0,
2019-10-25,1188.0,1188.0,1188.0,1188.0,5.0,0.0,0.0,
2019-10-27,1198.0,1198.0,1198.0,1198.0,10.0,0.0,0.0,
2019-10-29,1203.0,1208.5,1202.0,1208.5,24.0,0.0,0.0,
2019-10-30,1206.0,1216.0,1206.0,1215.5,19.0,0.0,0.0,
2019-10-31,1220.5,1220.5,1220.5,1220.5,1.0,0.0,0.0,
2019-11-01,1220.5,1220.5,1220.5,1220.5,0.0,0.0,0.0,
2019-11-04,1220.5,1220.5,1220.5,1220.5,0.0,0.0,0.0,
2019-11-05,1226.0,1227.0,1222.5,1225.5,26.0,0.0,0.0,
2019-11-06,1223.5,1230.0,1220.5,1230.0,37.0,0.0,0.0,
2019-11-07,1230.0,1230.0,1230.0,1230.0,0.0,0.0,0.0,
2019-11-08,1225.5,1225.5,1225.5,1225.5,9.0,0.0,0.0,
2019-11-11,1220.0,1220.0,1218.5,1218.5,4.0,0.0,0.0,
2019-11-13,1223.0,1223.0,1216.0,1216.5,59.0,0.0,0.0,
2019-11-14,1216.5,1216.5,1216.5,1216.5,0.0,0.0,0.0,
2019-11-15,1222.0,1224.0,1222.0,1223.599975585938,25.0,0.0,0.0,
2019-11-18,1220.5,1220.5,1220.5,1220.5,10.0,0.0,0.0,
2019-11-19,1220.5,1220.5,1220.5,1220.5,0.0,0.0,0.0,
2019-11-20,1231.5,1233.0,1229.0,1229.0,38.0,0.0,0.0,
2019-11-21,1229.0,1229.0,1229.0,1229.0,0.0,0.0,0.0,
2019-11-22,1223.5,1225.0,1223.5,1224.0,27.0,0.0,0.0,
2019-11-25,1227.0,1236.5,1222.5,1236.5,97.0,0.0,0.0,
2019-11-26,1242.0,1242.0,1235.0,1235.0,1605.0,0.0,0.0,
2019-11-27,1235.0,1235.0,1235.0,1235.0,0.0,0.0,0.0,
2019-11-28,1235.0,1235.0,1235.0,1235.0,0.0,0.0,0.0,
2019-11-29,1235.5,1235.5,1235.5,1235.5,4.0,0.0,0.0,
2019-12-02,1235.5,1235.5,1235.5,1235.5,0.0,0.0,0.0,
2019-12-03,1235.5,1235.5,1235.5,1235.5,0.0,0.0,0.0,
2019-12-04,1228.5,1230.0,1226.5,1226.5,29.0,0.0,0.0,
2019-12-05,1226.5,1226.5,1226.5,1226.5,0.0,0.0,0.0,
2019-12-06,1229.0,1229.0,1224.5,1224.5,11.0,0.0,0.0,
2019-12-09,1224.5,1224.5,1224.5,1224.5,0.0,0.0,0.0,
2019-12-10,1224.5,1224.5,1224.5,1224.5,0.0,0.0,0.0,
2019-12-11,1219.0,1219.0,1217.5,1217.5,21.0,0.0,0.0,
2019-12-12,1217.5,1217.5,1217.5,1217.5,0.0,0.0,0.0,
2019-12-13,1236.0,1238.5,1236.0,1238.5,6.0,0.0,0.0,
2019-12-16,1241.5,1243.0,1239.0,1239.0,24.0,0.0,0.0,
2019-12-17,1240.5,1244.5,1237.5,1242.0,46.0,0.0,0.0,
2019-12-18,1249.0,1250.0,1249.0,1250.0,11.0,0.0,0.0,
2019-12-19,1252.5,1252.5,1252.5,1252.5,2.0,0.0,0.0,
2019-12-20,1256.0,1259.0,1256.0,1259.0,7.0,0.0,0.0,
2019-12-23,1257.5,1257.5,1255.0,1257.47998046875,525.0,0.0,0.0,
2019-12-24,1257.47998046875,1257.47998046875,1257.47998046875,1257.47998046875,0.0,0.0,0.0,
2019-12-26,1257.47998046875,1257.47998046875,1257.47998046875,1257.47998046875,0.0,0.0,0.0,
2019-12-27,1257.47998046875,1257.47998046875,1257.47998046875,1257.47998046875,0.0,0.0,0.0,
2019-12-30,1257.47998046875,1257.47998046875,1257.47998046875,1257.47998046875,0.0,0.0,0.0,
2019-12-31,1257.47998046875,1257.47998046875,1257.47998046875,1257.47998046875,0.0,0.0,0.0,
2020-01-01,1257.47998046875,1257.47998046875,1257.47998046875,1257.47998046875,0.0,0.0,0.0,
2020-01-02,1257.47998046875,1257.47998046875,1257.47998046875,1257.47998046875,0.0,0.0,0.0,
2020-01-03,1257.47998046875,1257.47998046875,1257.47998046875,1257.47998046875,0.0,0.0,0.0,
2020-01-06,1240.0,1240.0,1232.0,1232.0,49.0,0.0,0.0,
2020-01-07,1245.0,1245.0,1237.5,1237.5,25.0,0.0,0.0,
2020-01-08,1230.0,1230.0,1225.0,1229.0,75.0,0.0,0.0,
2020-01-09,1229.0,1229.0,1229.0,1229.0,0.0,0.0,0.0,
2020-01-10,1258.5,1258.5,1258.5,1258.5,1.0,0.0,0.0,
2020-01-13,1258.5,1258.5,1258.5,1258.5,0.0,0.0,0.0,
2020-01-14,1266.0,1267.0,1266.0,1267.0,2.0,0.0,0.0,
2020-01-15,1262.5,1264.0,1261.5,1261.5,19.0,0.0,0.0,
2020-01-16,1266.0,1270.0,1266.0,1268.0,20.0,0.0,0.0,
2020-01-17,1266.0,1269.5,1266.0,1269.5,3.0,0.0,0.0,
2020-01-20,1269.5,1269.5,1269.5,1269.5,0.0,0.0,0.0,
2020-01-21,1269.5,1269.5,1269.5,1269.5,0.0,0.0,0.0,
2020-01-22,1248.0,1248.0,1248.0,1248.0,2.0,0.0,0.0,
2020-01-23,1248.0,1248.0,1248.0,1248.0,0.0,0.0,0.0,
2020-01-24,1248.0,1248.0,1248.0,1248.0,0.0,0.0,0.0,
2020-01-27,1253.0,1253.0,1252.5,1252.5,20.0,0.0,0.0,
2020-01-28,1247.0,1406.0,1239.0,1239.0,484.0,0.0,0.0,
2020-01-29,1247.0,1247.0,1247.0,1247.0,20.0,0.0,0.0,
2020-01-30,1247.0,1247.0,1247.0,1247.0,0.0,0.0,0.0,
2020-01-31,1239.0,1239.0,1233.0,1233.0,11.0,0.0,0.0,
2020-02-03,1199.0,1202.0,1199.0,1202.0,20.0,0.0,0.0,
2020-02-04,1214.5,1218.0,1214.5,1218.0,20.0,0.0,0.0,
2020-02-05,1234.5,1239.0,1234.5,1235.0,17.0,0.0,0.0,
2020-02-06,1236.0,1247.0,1236.0,1247.0,44.0,0.0,0.0,
2020-02-07,1247.0,1247.0,1247.0,1247.0,0.0,0.0,0.0,
2020-02-10,1235.0,1235.0,1235.0,1235.0,1.0,0.0,0.0,
2020-02-11,1249.5,1249.5,1248.0,1248.0,12.0,0.0,0.0,
2020-02-12,1248.0,1248.0,1248.0,1248.0,0.0,0.0,0.0,
2020-02-13,1253.0,1253.0,1250.0,1250.0,26.0,0.0,0.0,
2020-02-14,1256.0,1256.0,1248.0,1249.0,94.0,0.0,0.0,
2020-02-17,1249.0,1249.0,1243.0,1243.0,5.0,0.0,0.0,
2020-02-18,1233.0,1233.0,1227.5,1229.760009765625,34.0,0.0,0.0,
2020-02-19,1229.760009765625,1229.760009765625,1229.760009765625,1229.760009765625,0.0,0.0,0.0,
2020-02-20,1229.760009765625,1229.760009765625,1229.760009765625,1229.760009765625,0.0,0.0,0.0,
2020-02-24,1228.699951171875,1228.699951171875,1219.5,1219.869995117188,72.0,0.0,0.0,
2020-02-25,1219.0,1220.5,1219.0,1220.5,11.0,0.0,0.0,
2020-02-26,1208.699951171875,1208.699951171875,1199.0,1199.0,4.0,0.0,0.0,
2020-02-27,1191.0,1191.0,1188.0,1188.699951171875,5.0,0.0,0.0,
2020-02-28,1166.0,1168.0,1158.0,1158.0,19.0,0.0,0.0,
2020-03-02,1166.0,1169.0,1148.0,1154.0,141.0,0.0,0.0,
2020-03-03,1163.0,1163.0,1153.0,1153.0,68.0,0.0,0.0,
2020-03-04,1159.0,1161.0,1143.0,1153.0,66.0,0.0,0.0,
2020-03-05,1161.0,1161.0,1161.0,1161.0,4.0,0.0,0.0,
2020-03-06,1126.0,1130.0,1124.0,1130.0,38.0,0.0,0.0,
2020-03-09,1108.699951171875,1108.699951171875,1071.0,1071.0,47.0,0.0,0.0,
2020-03-11,1079.0,1079.0,1071.0,1077.0,42.0,0.0,0.0,
2020-03-12,1050.0,1050.0,1017.0,1017.0,41.0,0.0,0.0,
2020-03-13,870.0,1146.0,870.0,1022.809997558594,3380.0,0.0,0.0,
2020-03-16,1000.0,1000.0,958.7000122070312,969.3300170898438,255.0,0.0,0.0,
2020-03-17,962.0,986.0,940.0,958.6300048828124,52.0,0.0,0.0,
2020-03-18,942.0,943.72998046875,878.7000122070312,926.0,120.0,0.0,0.0,
2020-03-19,858.7000122070312,895.5599975585938,771.3099975585938,852.6099853515625,1212.0,0.0,0.0,
2020-03-20,854.0,889.0,852.0,889.0,249.0,0.0,0.0,
2020-03-23,1017.0,1017.0,810.0,836.5,180.0,0.0,0.0,
2020-03-24,999.0,999.0,810.0,819.97998046875,1102.0,0.0,0.0,
2020-03-25,812.0,828.52001953125,810.0,828.52001953125,230.0,0.0,0.0,
2020-03-26,850.0,959.0,850.0,922.0,363.0,0.0,0.0,
2020-03-27,908.7000122070312,922.0,880.0,889.3400268554688,355.0,0.0,0.0,
2020-03-30,925.0,1066.0,855.0,856.510009765625,146.0,0.0,0.0,
2020-03-31,868.0,886.0,868.0,884.5499877929688,186.0,0.0,0.0,
2020-04-01,884.5999755859375,884.5999755859375,848.9000244140625,850.0,138.0,0.0,0.0,
2020-04-03,849.0,849.0,808.0,832.0,172.0,0.0,0.0,
2020-04-07,917.0,917.0,832.5,880.0,203.0,0.0,0.0,
2020-04-08,906.0,915.989990234375,900.0,905.5,142.0,0.0,0.0,
2020-04-09,930.0,930.0,930.0,930.0,8.0,0.0,0.0,
2020-04-13,922.0,925.0,918.0,924.5,31.0,0.0,0.0,
2020-04-15,925.0,948.0,916.0,925.0,210.0,0.0,0.0,
2020-04-16,916.0,942.0,916.0,926.0,78.0,0.0,0.0,
2020-04-17,948.0,948.0,939.0,944.0,28.0,0.0,0.0,
2020-04-20,960.0,960.0,957.0,957.0,9.0,0.0,0.0,
2020-04-21,941.0,941.0,922.0,929.0,40.0,0.0,0.0,
2020-04-22,932.0,941.0,928.0,938.6300048828124,64.0,0.0,0.0,
2020-04-23,946.0,960.0,946.0,955.0,43.0,0.0,0.0,
2020-04-24,955.0,955.0,955.0,955.0,0.0,0.0,0.0,
2020-04-27,955.0,960.0,955.0,960.0,19.0,0.0,0.0,
2020-04-28,960.0,960.0,960.0,960.0,6.0,0.0,0.0,
2020-04-29,960.0,960.0,960.0,960.0,0.0,0.0,0.0,
2020-04-30,1010.0,1022.0,1006.0,1013.0,62.0,0.0,0.0,
2020-05-04,972.0,972.0,958.0,959.0,5.0,0.0,0.0,
2020-05-05,973.0,973.0,948.0,958.6599731445312,89.0,0.0,0.0,
2020-05-06,950.0,957.0,950.0,957.0,25.0,0.0,0.0,
2020-05-07,897.0,1036.0,897.0,946.0,30.0,0.0,0.0,
2020-05-08,957.0,961.0,954.0,954.0,13.0,0.0,0.0,
2020-05-11,968.0,968.0,950.0,950.0,4.0,0.0,0.0,
2020-05-12,950.0,1020.200012207031,934.0,945.0,363.0,0.0,0.0,
2020-05-13,945.0,971.0,945.0,965.3300170898438,35.0,0.0,0.0,
2020-05-14,952.0,952.0,948.0,948.0,12.0,0.0,0.0,
2020-05-15,837.1400146484375,941.0,837.1400146484375,941.0,66.0,0.0,0.0,
2020-05-18,931.0,931.0,929.0,929.0,9.0,0.0,0.0,
2020-05-19,926.0,942.0,921.0,926.0,131.0,0.0,0.0,
2020-05-20,924.0,925.5,920.0,925.5,29.0,0.0,0.0,
2020-05-21,925.5,925.5,925.5,925.5,0.0,0.0,0.0,
2020-05-22,925.5,925.5,925.5,925.5,0.0,0.0,0.0,
2020-05-26,936.0,936.0,936.0,936.0,4.0,0.0,0.0,
2020-05-27,938.0,955.0,937.0,955.0,31.0,0.0,0.0,
2020-05-28,945.0,963.0,945.0,960.0,14.0,0.0,0.0,
2020-05-29,960.0,960.0,960.0,960.0,0.0,0.0,0.0,
2020-06-01,1009.0,1009.0,1009.0,1009.0,1.0,0.0,0.0,
2020-06-02,1020.0,1023.0,1020.0,1020.0,19.0,0.0,0.0,
2020-06-03,1036.0,1039.0,1036.0,1037.0,4.0,0.0,0.0,
2020-06-04,1034.0,1034.0,1034.0,1034.0,1.0,0.0,0.0,
2020-06-05,1040.0,1040.0,1037.0,1037.0,5.0,0.0,0.0,
2020-06-08,1213.099975585938,1213.099975585938,1050.0,1050.0,39.0,0.0,0.0,
2020-06-09,1048.0,1050.0,1031.0,1033.280029296875,46.0,0.0,0.0,
2020-06-10,1036.0,1036.0,1036.0,1036.0,1.0,0.0,0.0,
2020-06-11,1037.0,1039.0,1018.0,1036.0,86.0,0.0,0.0,
2020-06-12,997.0,1017.510009765625,994.0,1017.510009765625,192.0,0.0,0.0,
2020-06-15,1017.0,1017.0,1005.0,1009.130004882812,48.0,0.0,0.0,
2020-06-16,1026.0,1026.0,1009.0,1015.0,51.0,0.0,0.0,
2020-06-17,1015.0,1018.0,1015.0,1018.0,2.0,0.0,0.0,
2020-06-18,1015.0,1035.599975585938,1015.0,1033.380004882812,47.0,0.0,0.0,
2020-06-19,1043.0,1051.0,1043.0,1051.0,6.0,0.0,0.0,
2020-06-22,1060.0,1066.0,1060.0,1065.0,18.0,0.0,0.0,
2020-06-23,855.0,1213.099975585938,855.0,1071.160034179688,66.0,0.0,0.0,
2020-06-24,1079.0,1082.0,1079.0,1082.0,2.0,0.0,0.0,
2020-06-25,1071.0,1071.0,1056.0,1057.0,118.0,0.0,0.0,
2020-06-26,1065.0,1065.0,1065.0,1065.0,6.0,0.0,0.0,
2020-06-29,1060.0,1060.0,1054.0,1054.0,7.0,0.0,0.0,
2020-06-30,1064.0,1064.0,1061.0,1061.0,12.0,0.0,0.0,
2020-07-01,1063.0,1071.0,1063.0,1071.0,12.0,0.0,0.0,
2020-07-02,1079.0,1088.0,1073.0,1085.0,40.0,0.0,0.0,
2020-07-03,1086.0,1090.0,1086.0,1090.0,2.0,0.0,0.0,
2020-07-06,1098.0,1110.0,1098.0,1110.0,39.0,0.0,0.0,
2020-07-07,1100.0,1106.0,1100.0,1106.0,25.0,0.0,0.0,
2020-07-08,1106.0,1106.0,1106.0,1106.0,0.0,0.0,0.0,
2020-07-09,1103.0,1109.550048828125,1103.0,1109.0,49.0,0.0,0.0,
2020-07-10,1109.0,1112.0,1109.0,1109.0,31.0,0.0,0.0,
2020-07-13,1118.0,1118.0,1109.0,1109.0,23.0,0.0,0.0,
2020-07-14,1099.0,1099.0,1090.0,1090.0,4.0,0.0,0.0,
2020-07-15,1090.0,1090.0,1090.0,1090.0,0.0,0.0,0.0,
2020-07-16,1092.0,1092.0,1092.0,1092.0,40.0,0.0,0.0,
2020-07-17,1112.0,1112.0,1112.0,1112.0,2.0,0.0,0.0,
2020-07-20,1125.0,1134.0,1125.0,1125.0,21.0,0.0,0.0,
2020-07-21,1136.0,1146.0,1136.0,1146.0,2.0,0.0,0.0,
2020-07-22,1146.0,1146.0,1146.0,1146.0,0.0,0.0,0.0,
2020-07-23,1149.0,1150.0,1149.0,1150.0,22.0,0.0,0.0,
2020-07-24,1143.0,1148.0,1143.0,1148.0,24.0,0.0,0.0,
2020-07-27,1143.550048828125,1145.0,1143.550048828125,1145.0,2.0,0.0,0.0,
2020-07-28,1151.0,1151.0,1151.0,1151.0,1.0,0.0,0.0,
2020-07-29,1148.0,1151.0,1106.0,1136.0,139.0,0.0,0.0,
2020-07-30,1156.0,1166.0,1148.0,1164.31005859375,113.0,0.0,0.0,
2020-07-31,1143.0,1143.0,1143.0,1143.0,13.0,0.0,0.0,
2020-08-03,1143.0,1143.0,1143.0,1143.0,0.0,0.0,0.0,
2020-08-04,1135.0,1139.0,1135.0,1139.0,21.0,0.0,0.0,
2020-08-05,1154.0,1154.0,1154.0,1154.0,3.0,0.0,0.0,
2020-08-06,1151.0,1151.0,1151.0,1151.0,26.0,0.0,0.0,
2020-08-07,1151.0,1151.0,1151.0,1151.0,1.0,0.0,0.0,
2020-08-10,1157.0,1166.0,1157.0,1160.0,6.0,0.0,0.0,
2020-08-11,1160.0,1160.0,1160.0,1160.0,0.0,0.0,0.0,
2020-08-12,1159.0,1162.0,1140.0,1162.0,80.0,0.0,0.0,
2020-08-13,1163.0,1163.0,1163.0,1163.0,13.0,0.0,0.0,
2020-08-14,1166.0,1169.0,1148.0,1155.0,172.0,0.0,0.0,
2020-08-17,1153.0,1153.0,1153.0,1153.0,1.0,0.0,0.0,
2020-08-18,1153.0,1153.0,1153.0,1153.0,0.0,0.0,0.0,
2020-08-19,1176.0,1179.0,1160.0,1160.0,66.0,0.0,0.0,
2020-08-20,1160.0,1160.0,1160.0,1160.0,0.0,0.0,0.0,
2020-08-21,1160.0,1174.0,1160.0,1171.0,80.0,0.0,0.0,
2020-08-24,1176.0,1182.0,1176.0,1182.0,5.0,0.0,0.0,
2020-08-25,1184.0,1184.0,1181.0,1181.0,20.0,0.0,0.0,
2020-08-26,1181.0,1181.0,1181.0,1181.0,0.0,0.0,0.0,
2020-08-27,1194.0,1194.0,1194.0,1194.0,2.0,0.0,0.0,
2020-08-28,1196.0,1202.0,1196.0,1202.0,30.0,0.0,0.0,
2020-08-31,1212.0,1212.0,1169.400024414062,1169.400024414062,153.0,0.0,0.0,
2020-09-01,1186.0,1186.0,1186.0,1186.0,2.0,0.0,0.0,
2020-09-02,1180.0,1180.0,1180.0,1180.0,1.0,0.0,0.0,
2020-09-03,1180.0,1180.0,1180.0,1180.0,0.0,0.0,0.0,
2020-09-04,1180.0,1180.0,1180.0,1180.0,0.0,0.0,0.0,
2020-09-07,1168.699951171875,1168.699951171875,1162.0,1162.0,6.0,0.0,0.0,
2020-09-08,1162.0,1162.0,1162.0,1162.0,0.0,0.0,0.0,
2020-09-09,1158.0,1158.0,1155.0,1155.0,2.0,0.0,0.0,
2020-09-10,1171.0,1176.0,1171.0,1175.77001953125,3.0,0.0,0.0,
2020-09-11,1177.0,1177.0,1177.0,1177.0,2.0,0.0,0.0,
2020-09-14,1186.0,1189.0,1176.0,1176.0,71.0,0.0,0.0,
2020-09-15,1176.0,1176.0,1176.0,1176.0,0.0,0.0,0.0,
2020-09-16,1176.0,1176.0,1176.0,1176.0,0.0,0.0,0.0,
2020-09-17,1188.0,1188.0,1186.0,1186.0,20.0,0.0,0.0,
2020-09-18,1192.0,1192.0,1178.0,1180.0,35.0,0.0,0.0,
2020-09-21,1186.0,1186.0,1160.0,1160.0,104.0,0.0,0.0,
2020-09-22,1155.0,1155.0,1144.0,1144.0,90.0,0.0,0.0,
2020-09-23,1145.0,1155.0,1141.0,1141.0,260.0,0.0,0.0,
2020-09-24,1121.0,1121.0,1120.0,1120.5400390625,22.0,0.0,0.0,
2020-09-25,1120.5400390625,1120.5400390625,1120.5400390625,1120.5400390625,0.0,0.0,0.0,
2020-09-28,1146.0,1155.0,1146.0,1155.0,3.0,0.0,0.0,
2020-09-29,1156.0,1164.0,1156.0,1164.0,2.0,0.0,0.0,
2020-09-30,1164.0,1164.0,1164.0,1164.0,0.0,0.0,0.0,
2020-10-01,1168.0,1172.0,1168.0,1172.0,20.0,0.0,0.0,
2020-10-05,1186.0,1186.0,1184.0,1186.0,19.0,0.0,0.0,
2020-10-06,1192.0,1198.0,1190.0,1198.0,42.0,0.0,0.0,
2020-10-07,1204.0,1204.0,1204.0,1204.0,10.0,0.0,0.0,
2020-10-08,1216.0,1221.0,1216.0,1217.0,15.0,0.0,0.0,
2020-10-09,1220.0,1220.0,1220.0,1220.0,1.0,0.0,0.0,
2020-10-12,1234.0,1236.0,1228.0,1228.0,15.0,0.0,0.0,
2020-10-13,1227.0,1227.0,1227.0,1227.0,21.0,0.0,0.0,
2020-10-14,1223.0,1223.0,1223.0,1223.0,8.0,0.0,0.0,
2020-10-15,1223.0,1223.0,1223.0,1223.0,0.0,0.0,0.0,
2020-10-16,1223.0,1223.0,1223.0,1223.0,0.0,0.0,0.0,
2020-10-19,1218.0,1220.0,1218.0,1218.0,31.0,0.0,0.0,
2020-10-20,1226.0,1226.0,1224.0,1224.180053710938,11.0,0.0,0.0,
2020-10-21,1232.0,1232.0,1222.0,1222.0,100.0,0.0,0.0,
2020-10-22,1224.0,1224.0,1222.0,1222.0,24.0,0.0,0.0,
2020-10-23,1222.0,1222.0,1222.0,1222.0,0.0,0.0,0.0,
2020-10-26,1226.0,1226.0,1208.0,1208.0,14.0,0.0,0.0,
2020-10-27,1214.0,1214.0,1214.0,1214.0,1.0,0.0,0.0,
2020-10-28,1208.699951171875,1208.699951171875,1208.0,1208.0,2.0,0.0,0.0,
2020-10-29,1200.0,1202.0,1198.0,1202.0,16.0,0.0,0.0,
2020-10-30,1198.699951171875,1198.699951171875,1194.0,1196.0,3.0,0.0,0.0,
2020-11-02,1196.0,1196.0,1196.0,1196.0,15.0,0.0,0.0,
2020-11-03,1214.0,1214.0,1212.0,1212.0,2.0,0.0,0.0,
2020-11-04,1212.0,1212.0,1212.0,1212.0,0.0,0.0,0.0,
2020-11-05,1240.0,1244.0,1240.0,1244.0,14.0,0.0,0.0,
2020-11-06,1244.0,1244.0,1244.0,1244.0,0.0,0.0,0.0,
2020-11-09,1246.0,1280.0,1246.0,1280.0,18.0,0.0,0.0,
2020-11-10,1291.0,1297.0,1291.0,1297.0,3.0,0.0,0.0,
2020-11-11,1306.0,1309.0,1259.0,1300.0,575.0,0.0,0.0,
2020-11-12,1306.0,1314.0,1302.0,1302.0,59.0,0.0,0.0,
2020-11-13,1302.0,1302.0,1302.0,1302.0,0.0,0.0,0.0,
2020-11-14,1330.0,1350.0,1317.0,1317.5,50.0,0.0,0.0,
2020-11-17,1321.0,1323.0,1320.5,1320.5,14.0,0.0,0.0,
2020-11-18,1320.5,1320.5,1320.5,1320.5,0.0,0.0,0.0,
2020-11-19,1329.0,1331.0,1329.0,1329.0,12.0,0.0,0.0,
2020-11-20,1329.0,1329.0,1329.0,1329.0,0.0,0.0,0.0,
2020-11-23,1329.0,1329.0,1324.0,1326.0,98.0,0.0,0.0,
2020-11-24,1336.0,1341.0,1336.0,1341.0,2.0,0.0,0.0,
2020-11-25,1346.0,1346.5,1324.349975585938,1324.349975585938,142.0,0.0,0.0,
2020-11-26,1336.0,1341.0,1336.0,1338.5,2.0,0.0,0.0,
2020-11-27,1338.5,1338.5,1338.5,1338.5,0.0,0.0,0.0,
2020-12-01,1356.0,1375.0,1346.0,1352.0,20.0,0.0,0.0,
2020-12-02,1355.0,1355.0,1347.0,1347.0,4.0,0.0,0.0,
2020-12-03,1358.0,1360.0,1350.0,1360.0,90.0,0.0,0.0,
2020-12-04,1367.0,1369.0,1365.0,1367.0,23.0,0.0,0.0,
2020-12-07,1374.0,1384.0,1358.0,1378.0,201.0,0.0,0.0,
2020-12-08,1386.0,1386.0,1381.0,1381.0,23.0,0.0,0.0,
2020-12-09,1396.0,1398.0,1396.0,1398.0,2.0,0.0,0.0,
2020-12-10,1392.0,1392.0,1388.0,1388.699951171875,17.0,0.0,0.0,
2020-12-11,1399.0,1401.0,1391.0,1391.0,9.0,0.0,0.0,
2020-12-14,1403.0,1403.0,1399.0,1400.0,110.0,0.0,0.0,
2020-12-15,1396.0,1398.0,1393.0,1398.0,40.0,0.0,0.0,
2020-12-16,1406.0,1413.0,1406.0,1413.0,7.0,0.0,0.0,
2020-12-17,1416.0,1419.0,1416.0,1419.0,67.0,0.0,0.0,
2020-12-18,1419.0,1419.0,1419.0,1419.0,0.0,0.0,0.0,
2020-12-21,1400.0,1400.0,1400.0,1400.0,200.0,0.0,0.0,
2020-12-22,1398.699951171875,1398.699951171875,1372.0,1387.0,22.0,0.0,0.0,
2020-12-23,1380.0,1401.0,1380.0,1401.0,8.0,0.0,0.0,
2020-12-24,1406.0,1423.0,1406.0,1420.849975585938,9.0,0.0,0.0,
2020-12-28,1420.849975585938,1420.849975585938,1420.849975585938,1420.849975585938,0.0,0.0,0.0,
2020-12-29,1436.0,1441.0,1436.0,1441.0,4.0,0.0,0.0,
2020-12-30,1441.0,1441.0,1441.0,1441.0,5.0,0.0,0.0,
2020-12-31,1441.0,1441.0,1441.0,1441.0,0.0,0.0,0.0,
2021-01-01,1470.0,1491.199951171875,1449.0,1449.0,18.0,0.0,0.0,
2021-01-04,1456.0,1470.0,1448.0,1458.0,162.0,0.0,0.0,
2021-01-05,1466.0,1466.920043945312,1455.0,1457.5,17.0,0.0,0.0,
2021-01-06,1466.0,1469.0,1459.0,1459.0,18.0,0.0,0.0,
2021-01-07,1466.0,1470.699951171875,1466.0,1467.400024414062,29.0,0.0,0.0,
2021-01-08,1474.300048828125,1479.800048828125,1473.199951171875,1478.349975585938,45.0,0.0,0.0,
2021-01-11,1530.0,1530.0,1492.099975585938,1495.699951171875,15.0,0.0,0.0,
2021-01-12,1496.099975585938,1504.699951171875,1496.099975585938,1504.699951171875,24.0,0.0,0.0,
2021-01-13,1513.099975585938,1513.699951171875,1509.300048828125,1509.300048828125,7.0,0.0,0.0,
2021-01-14,1500.0,1500.0,1498.0,1500.0,10.0,0.0,0.0,
2021-01-15,1560.0,1560.0,1491.0,1492.0,24.0,0.0,0.0,
2021-01-18,1492.0,1492.0,1470.0,1483.949951171875,197.0,0.0,0.0,
2021-01-19,1500.0,1500.0,1498.0,1499.0,2.0,0.0,0.0,
2021-01-20,1506.0,1514.0,1504.0,1513.0,56.0,0.0,0.0,
2021-01-21,1521.0,1521.0,1521.0,1521.0,3.0,0.0,0.0,
2021-01-22,1508.949951171875,1508.949951171875,1492.0,1492.0,45.0,0.0,0.0,
2021-01-25,1536.760009765625,1536.760009765625,1478.0,1478.0,18.0,0.0,0.0,
2021-01-27,1478.949951171875,1478.949951171875,1442.0,1442.0,13.0,0.0,0.0,
2021-01-28,1438.949951171875,1438.949951171875,1423.0,1425.0,204.0,0.0,0.0,
2021-01-29,1437.0,1437.0,1431.0,1431.0,2.0,0.0,0.0,
2021-02-01,1388.069946289062,1466.0,1388.069946289062,1466.0,102.0,0.0,0.0,
2021-02-02,1486.0,1516.0,1486.0,1511.849975585938,96.0,0.0,0.0,
2021-02-03,1518.0,1532.0,1518.0,1532.0,22.0,0.0,0.0,
2021-02-04,1533.0,1537.0,1529.0,1537.0,11.0,0.0,0.0,
2021-02-05,1548.0,1548.0,1542.0,1542.0,25.0,0.0,0.0,
2021-02-08,1544.969970703125,1564.0,1542.0,1564.0,221.0,0.0,0.0,
2021-02-09,1575.0,1575.0,1570.0,1574.0,15.0,0.0,0.0,
2021-02-10,1560.0,1563.949951171875,1552.0,1558.0,39.0,0.0,0.0,
2021-02-11,1565.0,1565.0,1563.0,1565.0,28.0,0.0,0.0,
2021-02-12,1571.0,1571.0,1565.0,1566.0,3.0,0.0,0.0,
2021-02-15,1575.0,1581.699951171875,1575.0,1581.699951171875,33.0,0.0,0.0,
2021-02-16,1578.949951171875,1595.0,1551.199951171875,1582.0,34.0,0.0,0.0,
2021-02-17,1577.0,1577.0,1577.0,1577.0,3.0,0.0,0.0,
2021-02-18,1570.0,1573.0,1567.0,1567.0,19.0,0.0,0.0,
2021-02-19,1560.0,1561.0,1549.0,1551.0,42.0,0.0,0.0,
2021-02-22,1558.949951171875,1558.949951171875,1525.099975585938,1525.099975585938,127.0,0.0,0.0,
2021-02-23,1526.699951171875,1526.699951171875,1526.699951171875,1526.699951171875,10.0,0.0,0.0,
2021-02-24,1531.0,1534.0,1531.0,1533.699951171875,46.0,0.0,0.0,
2021-02-25,1563.199951171875,1567.0,1561.0,1567.0,10.0,0.0,0.0,
2021-02-26,1563.0,1575.900024414062,1511.0,1519.109985351562,174.0,0.0,0.0,
2021-03-01,1550.0,1580.0,1518.949951171875,1524.0,21.0,0.0,0.0,
2021-03-02,1540.0,1540.0,1532.0,1532.0,2.0,0.0,0.0,
2021-03-03,1546.0,1570.0,1546.0,1570.0,60.0,0.0,0.0,
2021-03-04,1558.949951171875,1558.949951171875,1558.949951171875,1558.949951171875,77.0,0.0,0.0,
2021-03-05,1550.0,1558.0,1542.0,1542.0,23.0,0.0,0.0,
2021-03-08,1572.839965820312,1572.839965820312,1538.949951171875,1548.0,5.0,0.0,0.0,
2021-03-09,1554.0,1558.0,1548.949951171875,1558.0,16.0,0.0,0.0,
2021-03-10,1566.0,1571.0,1566.0,1567.0,6.0,0.0,0.0,
2021-03-12,1581.0,1583.0,1571.0,1571.0,19.0,0.0,0.0,
2021-03-15,1558.949951171875,1558.949951171875,1531.0,1542.25,70.0,0.0,0.0,
2021-03-16,1556.0,1556.0,1539.0,1546.609985351562,3985.0,0.0,0.0,
2021-03-17,1543.0,1543.0,1530.0,1530.349975585938,21.0,0.0,0.0,
2021-03-18,1530.0,1530.0,1509.0,1509.0,16.0,0.0,0.0,
2021-03-19,1500.0,1521.0,1495.0,1521.0,9.0,0.0,0.0,
2021-03-22,1521.0,1521.0,1518.949951171875,1521.0,15.0,0.0,0.0,
2021-03-23,1536.0,1537.0,1533.0,1537.0,15.0,0.0,0.0,
2021-03-24,1527.0,1527.0,1509.0,1509.0,10.0,0.0,0.0,
2021-03-25,1508.949951171875,1508.949951171875,1485.0,1486.170043945312,36.0,0.0,0.0,
2021-03-26,1501.0,1503.0,1501.0,1503.0,2.0,0.0,0.0,
2021-03-30,1548.089965820312,1548.089965820312,1517.0,1527.0,16.0,0.0,0.0,
2021-03-31,1529.0,1531.0,1519.0,1519.0,36.0,0.0,0.0,
2021-04-01,1531.0,1570.0,1527.0,1534.0,34.0,0.0,0.0,
2021-04-05,1521.0,1521.0,1506.0,1518.0,182.0,0.0,0.0,
2021-04-06,1510.0,1510.0,1510.0,1510.0,1.0,0.0,0.0,
2021-04-07,1521.0,1536.0,1521.0,1533.0,29.0,0.0,0.0,
2021-04-08,1536.0,1547.0,1536.0,1539.5,11.0,0.0,0.0,
2021-04-09,1539.5,1539.5,1539.5,1539.5,0.0,0.0,0.0,
2021-04-12,1540.0,1540.0,1484.0,1484.0,705.0,0.0,0.0,
2021-04-13,1484.0,1484.0,1484.0,1484.0,0.0,0.0,0.0,
2021-04-15,1507.0,1507.0,1497.0,1497.0,9.0,0.0,0.0,
2021-04-16,1509.0,1519.0,1509.0,1519.0,13.0,0.0,0.0,
2021-04-19,1564.569946289062,1564.569946289062,1475.0,1487.849975585938,145.0,0.0,0.0,
2021-04-20,1497.0,1497.0,1480.0,1480.5,4.0,0.0,0.0,
2021-04-22,1472.0,1472.0,1472.0,1472.0,8.0,0.0,0.0,
2021-04-23,1497.0,1497.0,1483.0,1483.0,4.0,0.0,0.0,
2021-04-26,1480.0,1530.0,1480.0,1503.0,11.0,0.0,0.0,
2021-04-27,1503.0,1503.0,1503.0,1503.0,0.0,0.0,0.0,
2021-04-28,1516.0,1538.0,1516.0,1538.0,8.0,0.0,0.0,
2021-04-29,1526.0,1556.0,1526.0,1542.0,72.0,0.0,0.0,
2021-04-30,1526.0,1534.0,1525.0,1525.27001953125,108.0,0.0,0.0,
2021-05-03,1525.27001953125,1570.050048828125,1508.0,1519.0,215.0,0.0,0.0,
2021-05-04,1524.0,1524.0,1504.0,1509.829956054688,86.0,0.0,0.0,
2021-05-05,1512.0,1512.0,1512.0,1512.0,3.0,0.0,0.0,
2021-05-06,1516.0,1528.0,1512.0,1527.0,63.0,0.0,0.0,
2021-05-07,1536.0,1540.0,1534.0,1534.0,18.0,0.0,0.0,
2021-05-10,1546.0,1552.2099609375,1546.0,1549.660034179688,30.0,0.0,0.0,
2021-05-11,1538.949951171875,1540.0,1536.0,1538.900024414062,17.0,0.0,0.0,
2021-05-12,1531.0,1533.0,1531.0,1533.0,9.0,0.0,0.0,
2021-05-14,1528.949951171875,1528.949951171875,1516.0,1521.989990234375,1784.0,0.0,0.0,
2021-05-17,1542.0,1542.0,1542.0,1542.0,1.0,0.0,0.0,
2021-05-18,1546.0,1567.0,1546.0,1567.0,538.0,0.0,0.0,
2021-05-19,1558.949951171875,1569.0,1523.599975585938,1559.0,39.0,0.0,0.0,
2021-05-20,1556.0,1556.0,1544.0,1546.02001953125,14.0,0.0,0.0,
2021-05-21,1560.0,1560.0,1560.0,1560.0,1.0,0.0,0.0,
2021-05-24,1576.0,1577.25,1572.0,1576.969970703125,682.0,0.0,0.0,
2021-05-25,1529.670043945312,1584.0,1529.670043945312,1574.0,9.0,0.0,0.0,
2021-05-26,1579.0,1585.0,1579.0,1585.0,5.0,0.0,0.0,
2021-05-27,1600.0,1600.0,1587.0,1587.0,3.0,0.0,0.0,
2021-05-28,1597.0,1601.0,1594.0,1601.0,77.0,0.0,0.0,
2021-05-31,1597.0,1617.0,1597.0,1617.0,121.0,0.0,0.0,
2021-06-01,1619.0,1619.0,1611.0,1613.0,15.0,0.0,0.0,
2021-06-02,1661.390014648438,1661.390014648438,1565.599975585938,1608.0,13.0,0.0,0.0,
2021-06-03,1622.0,1622.0,1622.0,1622.0,22.0,0.0,0.0,
2021-06-04,1626.0,1628.0,1624.0,1624.0,29.0,0.0,0.0,
2021-06-07,1650.0,1672.719970703125,1600.0,1633.0,31.0,0.0,0.0,
2021-06-08,1628.0,1632.0,1628.0,1632.0,15.0,0.0,0.0,
2021-06-09,1636.0,1636.0,1618.949951171875,1619.5,15.0,0.0,0.0,
2021-06-10,1668.079956054688,1668.079956054688,1623.0,1629.0,37.0,0.0,0.0,
2021-06-11,1677.869995117188,1677.869995117188,1631.0,1637.0,101.0,0.0,0.0,
2021-06-14,1630.0,1639.0,1623.0,1638.0,20.0,0.0,0.0,
2021-06-15,1650.0,1650.0,1640.0,1645.0,16.0,0.0,0.0,
2021-06-16,1645.0,1645.0,1638.0,1643.0,123.0,0.0,0.0,
2021-06-17,1638.949951171875,1641.0,1631.0,1641.0,46.0,0.0,0.0,
2021-06-18,1638.949951171875,1638.949951171875,1611.0,1626.900024414062,43.0,0.0,0.0,
2021-06-21,1610.0,1629.0,1599.0,1629.0,13.0,0.0,0.0,
2021-06-22,1646.0,1647.0,1637.0,1638.099975585938,7.0,0.0,0.0,
2021-06-23,1635.0,1637.0,1629.900024414062,1629.949951171875,7.0,0.0,0.0,
2021-06-24,1635.0,1635.0,1635.0,1635.0,1.0,0.0,0.0,
2021-06-25,1641.0,1655.0,1641.0,1655.0,112.0,0.0,0.0,
2021-06-28,1655.0,1655.0,1640.0,1641.969970703125,17.0,0.0,0.0,
2021-06-29,1638.949951171875,1638.949951171875,1634.0,1634.0,6.0,0.0,0.0,
2021-06-30,1634.0,1642.0,1634.0,1634.099975585938,5.0,0.0,0.0,
2021-07-01,1631.75,1631.75,1631.0,1631.0,10.0,0.0,0.0,
2021-07-02,1627.0,1629.0,1627.0,1629.0,13.0,0.0,0.0,
2021-07-05,1639.0,1643.0,1639.0,1641.0,30.0,0.0,0.0,
2021-07-06,1646.0,1649.0,1645.0,1645.0,3.0,0.0,0.0,
2021-07-07,1644.0,1648.0,1644.0,1647.0,7.0,0.0,0.0,
2021-07-08,1646.0,1648.0,1632.0,1633.0,90.0,0.0,0.0,
2021-07-09,1627.199951171875,1631.0,1615.0,1627.0,36.0,0.0,0.0,
2021-07-12,1637.0,1639.0,1637.0,1637.0,37.0,0.0,0.0,
2021-07-13,1639.0,1645.0,1637.0,1645.0,29.0,0.0,0.0,
2021-07-14,1643.0,1649.0,1643.0,1649.0,9.0,0.0,0.0,
2021-07-15,1649.0,1663.0,1649.0,1659.0,43.0,0.0,0.0,
2021-07-16,1656.0,1662.0,1656.0,1656.0,35.0,0.0,0.0,
2021-07-19,1656.0,1656.0,1642.0,1646.0,15.0,0.0,0.0,
2021-07-20,1638.800048828125,1638.800048828125,1622.0,1628.0,31.0,0.0,0.0,
2021-07-22,1620.199951171875,1645.0,1620.199951171875,1645.0,7.0,0.0,0.0,
2021-07-23,1650.0,1650.0,1646.0,1650.0,18.0,0.0,0.0,
2021-07-26,1650.0,1652.0,1646.0,1650.0,15.0,0.0,0.0,
2021-07-27,1640.199951171875,1640.199951171875,1635.0,1635.0,8.0,0.0,0.0,
2021-07-28,1630.0,1631.0,1619.0,1631.0,1524.0,0.0,0.0,
2021-07-29,1631.0,1631.0,1631.0,1631.0,0.0,0.0,0.0,
2021-07-30,1643.0,1645.0,1643.0,1645.0,15.0,0.0,0.0,
2021-08-02,1645.0,1651.0,1643.0,1649.0,68.0,0.0,0.0,
2021-08-03,1656.0,1678.0,1656.0,1677.329956054688,34.0,0.0,0.0,
2021-08-04,1690.0,1692.0,1688.0,1689.329956054688,41.0,0.0,0.0,
2021-08-05,1691.0,1697.0,1691.0,1697.0,16.0,0.0,0.0,
2021-08-06,1653.599975585938,1720.0,1653.599975585938,1691.800048828125,22.0,0.0,0.0,
2021-08-09,1696.0,1700.0,1688.0,1694.880004882812,73.0,0.0,0.0,
2021-08-10,1696.0,1702.0,1696.0,1696.0,14.0,0.0,0.0,
2021-08-11,1694.0,1694.0,1688.0,1688.0,40.0,0.0,0.0,
2021-08-12,1696.0,1702.0,1696.0,1702.0,30.0,0.0,0.0,
2021-08-13,1706.0,1720.0,1706.0,1720.0,19.0,0.0,0.0,
2021-08-16,1720.0,1726.0,1718.0,1722.0,39.0,0.0,0.0,
2021-08-17,1722.0,1728.0,1720.0,1727.0,119.0,0.0,0.0,
2021-08-18,1734.150024414062,1738.0,1728.0,1728.0,27.0,0.0,0.0,
2021-08-20,1718.199951171875,1718.199951171875,1708.150024414062,1708.150024414062,11.0,0.0,0.0,
2021-08-23,1674.0,1720.0,1674.0,1716.0,16.0,0.0,0.0,
2021-08-24,1724.0,1730.0,1724.0,1730.0,7.0,0.0,0.0,
2021-08-25,1732.0,1736.0,1732.0,1734.0,4.0,0.0,0.0,
2021-08-26,1734.0,1734.0,1730.0,1732.0,13.0,0.0,0.0,
2021-08-27,1731.0,1739.0,1731.0,1739.0,17.0,0.0,0.0,
2021-08-30,1790.0,1790.0,1746.0,1758.0,69.0,0.0,0.0,
2021-08-31,1713.599975585938,1781.0,1713.599975585938,1779.329956054688,34.0,0.0,0.0,
2021-09-01,1790.0,1791.0,1778.949951171875,1778.949951171875,12.0,0.0,0.0,
2021-09-02,1781.0,1791.0,1781.0,1791.0,18.0,0.0,0.0,
2021-09-03,1800.0,1802.0,1794.0,1802.0,48.0,0.0,0.0,
2021-09-06,1808.0,1812.0,1808.0,1808.0,32.0,0.0,0.0,
2021-09-07,1831.680053710938,1831.680053710938,1802.0,1808.0,100.0,0.0,0.0,
2021-09-08,1807.0,1809.0,1798.949951171875,1801.0,7.0,0.0,0.0,
2021-09-09,1803.0,1805.0,1803.0,1805.0,18.0,0.0,0.0,
2021-09-13,1801.0,1807.0,1801.0,1805.0,28.0,0.0,0.0,
2021-09-14,1807.0,1813.0,1807.0,1811.0,7.0,0.0,0.0,
2021-09-15,1865.329956054688,1865.329956054688,1765.599975585938,1824.0,22.0,0.0,0.0,
2021-09-16,1910.0,1910.0,1829.0,1837.0,22.0,0.0,0.0,
2021-09-17,1846.0,1852.0,1838.0,1842.0,47.0,0.0,0.0,
2021-09-20,1800.0,1834.0,1800.0,1815.0,101.0,0.0,0.0,
2021-09-21,1819.0,1831.0,1807.0,1831.0,129.0,0.0,0.0,
2021-09-22,1838.0,1838.0,1830.0,1830.0,20.0,0.0,0.0,
2021-09-23,1842.0,1848.0,1842.0,1848.0,16.0,0.0,0.0,
2021-09-24,1846.0,1868.0,1846.0,1860.0,20.0,0.0,0.0,
2021-09-27,1910.0,1910.0,1860.0,1860.0,17.0,0.0,0.0,
2021-09-28,1858.0,1858.0,1838.0,1846.5,26.0,0.0,0.0,
2021-09-29,1838.949951171875,1846.0,1838.0,1843.619995117188,42.0,0.0,0.0,
2021-09-30,1848.0,1852.0,1838.0,1839.969970703125,698.0,0.0,0.0,
2021-10-01,1830.199951171875,1830.989990234375,1823.150024414062,1823.150024414062,233.0,0.0,0.0,
2021-10-04,1846.0,1852.0,1846.0,1846.0,32.0,0.0,0.0,
2021-10-05,1834.239990234375,1852.0,1834.239990234375,1852.0,45.0,0.0,0.0,
2021-10-06,1863.0,1863.0,1841.0,1847.0,47.0,0.0,0.0,
2021-10-07,1858.0,1860.0,1854.640014648438,1854.640014648438,27.0,0.0,0.0,
2021-10-08,1860.0,1872.0,1860.0,1866.0,47.0,0.0,0.0,
2021-10-11,1872.0,1876.0,1872.0,1874.0,30.0,0.0,0.0,
2021-10-12,1876.0,1876.0,1864.099975585938,1871.0,19.0,0.0,0.0,
2021-10-13,1880.199951171875,1896.0,1880.199951171875,1896.0,18.0,0.0,0.0,
2021-10-14,1904.0,1910.0,1901.0,1910.0,48.0,0.0,0.0,
2021-10-18,1916.0,1930.0,1916.0,1928.650024414062,102.0,0.0,0.0,
2021-10-19,1873.599975585938,1936.0,1873.599975585938,1921.150024414062,26.0,0.0,0.0,
2021-10-20,1978.780029296875,1978.780029296875,1873.599975585938,1900.0,21.0,0.0,0.0,
2021-10-21,1903.0,1903.0,1885.0,1889.0,36.0,0.0,0.0,
2021-10-22,1945.670043945312,1945.670043945312,1875.0,1889.5,28.0,0.0,0.0,
2021-10-25,1880.0,1896.0,1878.949951171875,1886.0,37.0,0.0,0.0,
2021-10-26,1886.0,1898.0,1886.0,1896.0,34.0,0.0,0.0,
2021-10-27,1910.199951171875,1912.0,1898.0,1899.989990234375,607.0,0.0,0.0,
2021-10-28,1889.099975585938,1889.099975585938,1868.0,1869.890014648438,346.0,0.0,0.0,
2021-10-29,1869.890014648438,1925.97998046875,1848.0,1848.469970703125,43.0,0.0,0.0,
2021-11-01,1852.0,1862.0,1848.0,1862.0,35.0,0.0,0.0,
2021-11-02,1872.0,1873.0,1850.0,1868.0,131.0,0.0,0.0,
2021-11-03,1868.0,1874.0,1856.0,1856.0,22.0,0.0,0.0,
2021-11-04,1872.0,1872.0,1872.0,1872.0,9.0,0.0,0.0,
2021-11-08,1889.0,1889.0,1864.0,1882.180053710938,35.0,0.0,0.0,
2021-11-09,1882.0,1882.0,1876.0,1876.0,18.0,0.0,0.0,
2021-11-10,1870.0,1878.0,1870.0,1878.0,13.0,0.0,0.0,
2021-11-11,1870.0,1872.0,1864.0,1864.0,33.0,0.0,0.0,
2021-11-12,1876.0,1882.0,1874.0,1882.0,18.0,0.0,0.0,
2021-11-15,1890.0,1890.0,1887.239990234375,1888.0,38.0,0.0,0.0,
2021-11-16,1944.640014648438,1944.640014648438,1865.0,1886.0,10.0,0.0,0.0,
2021-11-17,1868.949951171875,1872.0,1849.0,1869.599975585938,48.0,0.0,0.0,
2021-11-18,1868.949951171875,1868.949951171875,1848.949951171875,1854.0,912.0,0.0,0.0,
2021-11-22,1848.949951171875,1848.949951171875,1808.0,1816.989990234375,768.0,0.0,0.0,
2021-11-23,1814.0,1830.0,1813.0,1830.0,158.0,0.0,0.0,
2021-11-24,1832.0,1838.0,1818.0,1819.599975585938,24.0,0.0,0.0,
2021-11-25,1818.949951171875,1828.0,1814.0,1828.0,6.0,0.0,0.0,
2021-11-26,1818.949951171875,1818.949951171875,1776.0,1780.930053710938,875.0,0.0,0.0,
2021-11-29,1834.349975585938,1834.349975585938,1766.0,1788.0,100.0,0.0,0.0,
2021-11-30,1800.849975585938,1880.0,1772.0,1774.9599609375,688.0,0.0,0.0,
2021-12-01,1775.0,1792.0,1775.0,1789.150024414062,69.0,0.0,0.0,
2021-12-02,1800.0,1806.0,1800.0,1806.0,3.0,0.0,0.0,
2021-12-03,1755.300048828125,1818.0,1755.300048828125,1794.0,29.0,0.0,0.0,
2021-12-06,1788.0,1790.0,1768.0,1768.0,143.0,0.0,0.0,
2021-12-07,1760.0,1788.0,1745.0,1788.0,26.0,0.0,0.0,
2021-12-08,1841.640014648438,1841.640014648438,1810.0,1820.0,9.0,0.0,0.0,
2021-12-09,1824.0,1824.0,1814.0,1818.0,76.0,0.0,0.0,
2021-12-10,1824.0,1826.0,1824.0,1826.0,11.0,0.0,0.0,
2021-12-13,1838.0,1838.0,1812.0,1814.0,25.0,0.0,0.0,
2021-12-14,1808.949951171875,1809.0,1798.949951171875,1805.0,40.0,0.0,0.0,
2021-12-15,1798.949951171875,1800.0,1796.0,1798.0,15.0,0.0,0.0,
2021-12-16,1798.0,1802.0,1796.0,1800.0,16.0,0.0,0.0,
2021-12-17,1746.0,1792.0,1746.0,1773.329956054688,26.0,0.0,0.0,
2021-12-20,1826.52001953125,1826.52001953125,1720.0,1734.819946289062,665.0,0.0,0.0,
2021-12-21,1750.849975585938,1760.0,1744.0,1752.0,34.0,0.0,0.0,
2021-12-22,1762.0,1766.0,1762.0,1764.2900390625,22.0,0.0,0.0,
2021-12-23,1774.0,1780.0,1772.0,1780.0,172.0,0.0,0.0,
2021-12-24,1771.199951171875,1771.199951171875,1766.0,1768.949951171875,21.0,0.0,0.0,
2021-12-27,1760.0,1782.0,1760.0,1780.0,5.0,0.0,0.0,
2021-12-28,1790.0,1796.0,1790.0,1796.0,9.0,0.0,0.0,
2021-12-29,1796.0,1796.0,1796.0,1796.0,0.0,0.0,0.0,
2021-12-30,1796.0,1796.0,1796.0,1796.0,820.0,0.0,0.0,
2021-12-31,1808.0,1813.0,1808.0,1812.0,885.0,0.0,0.0,
2022-01-03,1820.849975585938,1838.0,1820.849975585938,1838.0,11.0,0.0,0.0,
2022-01-04,1844.0,1854.0,1842.0,1854.0,17.0,0.0,0.0,
2022-01-05,1854.0,1854.0,1854.0,1854.0,0.0,0.0,0.0,
2022-01-06,1851.199951171875,1852.0,1846.0,1852.0,14.0,0.0,0.0,
2022-01-07,1860.900024414062,1868.0,1852.0,1852.0,39.0,0.0,0.0,
2022-01-10,1860.900024414062,2158.2099609375,1860.900024414062,1876.0,296.0,0.0,0.0,
2022-01-11,1880.0,1884.0,1878.0,1884.0,46.0,0.0,0.0,
2022-01-12,1890.0,1898.0,1890.0,1898.0,14.0,0.0,0.0,
2022-01-13,1904.0,1904.0,1900.0,1900.0,24.0,0.0,0.0,
2022-01-14,1900.0,1900.0,1896.0,1896.0,39.0,0.0,0.0,
2022-01-17,1908.0,1908.0,1907.900024414062,1907.900024414062,20.0,0.0,0.0,
2022-01-18,1910.0,1910.0,1890.0,1902.0,38.0,0.0,0.0,
2022-01-19,1893.199951171875,1893.199951171875,1868.0,1872.0,37.0,0.0,0.0,
2022-01-20,1868.949951171875,1868.949951171875,1842.0,1842.0,62.0,0.0,0.0,
2022-01-21,2158.2099609375,2222.949951171875,1827.0,1834.859985351562,161.0,0.0,0.0,
2022-01-24,1827.0,1827.0,1780.0,1786.0,137.0,0.0,0.0,
2022-01-25,1839.579956054688,1839.579956054688,1767.0,1801.0,40.0,0.0,0.0,
2022-01-27,1778.0,1788.0,1764.0,1786.0,69.0,0.0,0.0,
2022-01-28,1792.0,1810.0,1783.199951171875,1785.530029296875,33.0,0.0,0.0,
2022-01-31,1804.0,1812.0,1804.0,1810.0,6.0,0.0,0.0,
2022-02-01,1827.56005859375,1836.0,1810.0,1834.0,49.0,0.0,0.0,
2022-02-02,1848.0,1854.0,1848.0,1852.0,16.0,0.0,0.0,
2022-02-03,1848.949951171875,1848.949951171875,1832.0,1832.599975585938,17.0,0.0,0.0,
2022-02-04,1835.0,1835.0,1833.0,1835.0,4.0,0.0,0.0,
2022-02-07,1825.0,1825.0,1800.0,1803.869995117188,82.0,0.0,0.0,
2022-02-08,1800.0,1804.0,1796.0,1804.0,76.0,0.0,0.0,
2022-02-09,1804.0,1804.0,1804.0,1804.0,0.0,0.0,0.0,
2022-02-10,1824.0,1842.0,1824.0,1840.0,9.0,0.0,0.0,
2022-02-11,1870.0,1870.0,1813.0,1813.0,62.0,0.0,0.0,
2022-02-14,1787.0,1787.0,1767.0,1769.099975585938,179.0,0.0,0.0,
2022-02-15,1782.0,1850.0,1766.0,1812.0,620.0,0.0,0.0,
2022-02-16,1818.0,1822.0,1808.949951171875,1822.0,16.0,0.0,0.0,
2022-02-17,1818.949951171875,1818.949951171875,1808.949951171875,1811.0,40.0,0.0,0.0,
2022-02-18,1808.0,1824.0,1806.0,1808.0,66.0,0.0,0.0,
2022-02-21,1799.199951171875,1812.0,1788.949951171875,1799.599975585938,310.0,0.0,0.0,
2022-02-22,1775.0,1803.0,1769.0,1792.0,416.0,0.0,0.0,
2022-02-23,1796.0,1798.0,1784.0,1786.599975585938,10.0,0.0,0.0,
2022-02-24,1759.0,2148.070068359375,1723.0,1872.869995117188,2204.0,0.0,0.0,
2022-02-25,1738.0,1760.0,1728.0,1749.119995117188,815.0,0.0,0.0,
2022-02-28,1749.150024414062,1760.0,1718.0,1758.069946289062,825.0,0.0,0.0,
2022-03-02,1748.300048828125,1754.0,1730.0,1738.0,306.0,0.0,0.0,
2022-03-03,1748.0,1770.0,1726.0,1731.239990234375,242.0,0.0,0.0,
2022-03-04,1725.0,1730.0,1690.0,1702.010009765625,884.0,0.0,0.0,
2022-03-07,1690.0,1749.800048828125,1654.0,1666.0,843.0,0.0,0.0,
2022-03-08,1660.0,1678.0,1642.0,1677.0,274.0,0.0,0.0,
2022-03-09,1689.800048828125,1729.800048828125,1689.800048828125,1714.0,663.0,0.0,0.0,
2022-03-10,1737.0,1756.0,1734.0,1738.0,209.0,0.0,0.0,
2022-03-11,1810.0,1810.0,1730.0,1738.0,90.0,0.0,0.0,
2022-03-14,1750.0,1764.0,1746.0,1764.0,58.0,0.0,0.0,
2022-03-15,1764.0,1764.0,1734.0,1743.869995117188,97.0,0.0,0.0,
2022-03-16,1769.800048828125,1774.0,1762.0,1771.390014648438,116.0,0.0,0.0,
2022-03-17,1800.0,1812.0,1798.0,1812.0,269.0,0.0,0.0,
2022-03-21,1815.0,1815.0,1792.0,1792.0,233.0,0.0,0.0,
2022-03-22,1788.300048828125,1814.0,1784.0,1811.839965820312,81.0,0.0,0.0,
2022-03-23,1739.0,1870.0,1707.0,1808.0,91.0,0.0,0.0,
2022-03-24,1800.0,1804.0,1798.300048828125,1800.0,19.0,0.0,0.0,
2022-03-25,1802.0,1808.0,1792.0,1803.43994140625,104.0,0.0,0.0,
2022-03-28,1796.199951171875,1802.0,1784.0,1802.0,40.0,0.0,0.0,
2022-03-29,1810.0,1812.0,1780.0,1812.0,470.0,0.0,0.0,
2022-03-30,1818.0,1832.0,1818.0,1830.0,79.0,0.0,0.0,
2022-03-31,1836.0,1836.0,1826.0,1829.329956054688,75.0,0.0,0.0,
2022-04-01,1836.0,1850.0,1836.0,1849.900024414062,15.0,0.0,0.0,
2022-04-04,1849.900024414062,1900.0,1849.900024414062,1892.0,344.0,0.0,0.0,
2022-04-05,1886.0,1888.0,1880.0,1881.160034179688,170.0,0.0,0.0,
2022-04-06,2268.989990234375,2268.989990234375,1850.0,1862.0,320.0,0.0,0.0,
2022-04-07,1856.0,1860.0,1848.0,1848.0,52.0,0.0,0.0,
2022-04-08,1848.0,1864.02001953125,1848.0,1859.0400390625,63.0,0.0,0.0,
2022-04-11,1860.0,1860.0,1848.0,1852.099975585938,69.0,0.0,0.0,
2022-04-12,1842.0,1850.0,1830.0,1832.280029296875,291.0,0.0,0.0,
2022-04-13,1840.0,1848.0,1828.0,1832.0,1353.0,0.0,0.0,
2022-04-18,1833.0,1833.0,1792.0,1801.099975585938,305.0,0.0,0.0,
2022-04-19,1804.0,1808.0,1770.0,1786.839965820312,97.0,0.0,0.0,
2022-04-20,1790.0,1800.0,1790.0,1794.0,121.0,0.0,0.0,
2022-04-21,1806.0,1822.0,1806.0,1822.0,40.0,0.0,0.0,
2022-04-22,1806.199951171875,1814.0,1800.0,1800.0,72.0,0.0,0.0,
2022-04-25,1780.0,1784.0,1774.0,1774.0,161.0,0.0,0.0,
2022-04-26,2157.989990234375,2157.989990234375,1760.0,1794.0,109.0,0.0,0.0,
2022-04-27,1740.180053710938,1858.0,1740.180053710938,1784.0,54.0,0.0,0.0,
2022-04-28,1792.0,1812.0,1790.0,1809.670043945312,199.0,0.0,0.0,
2022-04-29,1812.0,1818.0,1788.0,1793.56005859375,501.0,0.0,0.0,
2022-05-02,1780.0,1790.0,1772.0,1789.25,136.0,0.0,0.0,
2022-05-04,1790.0,1790.0,1744.0,1747.93994140625,1693.0,0.0,0.0,
2022-05-05,1770.0,1772.0,1748.0,1749.280029296875,90.0,0.0,0.0,
2022-05-06,1736.199951171875,1736.199951171875,1716.0,1722.0,230.0,0.0,0.0,
2022-05-09,1722.0,1785.0,1670.0,1716.0,1551.0,0.0,0.0,
2022-05-10,1720.0,1720.0,1704.0,1706.18994140625,155.0,0.0,0.0,
2022-05-11,1858.0,1858.0,1678.0,1694.0,217.0,0.0,0.0,
2022-05-12,1686.199951171875,1686.199951171875,1654.0,1657.050048828125,3258.0,0.0,0.0,
2022-05-13,1660.0,1690.0,1654.0,1658.949951171875,441.0,0.0,0.0,
2022-05-16,1658.949951171875,1674.0,1658.0,1660.329956054688,141.0,0.0,0.0,
2022-05-17,1984.97998046875,1984.97998046875,1650.0,1703.680053710938,212.0,0.0,0.0,
2022-05-18,1716.0,1716.0,1704.0,1704.0,29.0,0.0,0.0,
2022-05-19,1704.0,1749.0,1656.0,1659.010009765625,2517.0,0.0,0.0,
2022-05-20,1674.0,1739.0,1674.0,1704.0,729.0,0.0,0.0,
2022-05-23,1726.25,1726.25,1700.0,1708.0,170.0,0.0,0.0,
2022-05-24,1715.0,1745.0,1688.0,1693.0,754.0,0.0,0.0,
2022-05-25,1695.0,1725.0,1680.0,1682.329956054688,738.0,0.0,0.0,
2022-05-26,1682.0,1696.0,1670.0,1696.0,70.0,0.0,0.0,
2022-05-27,1704.0,1716.0,1704.0,1716.0,24.0,0.0,0.0,
2022-05-30,1720.0,1756.0,1720.0,1750.0,206.0,0.0,0.0,
2022-05-31,1748.300048828125,1785.0,1734.0,1746.0,765.0,0.0,0.0,
2022-06-01,1745.0,1745.0,1732.0,1732.0,99.0,0.0,0.0,
2022-06-02,1738.0,1748.0,1738.0,1748.0,31.0,0.0,0.0,
2022-06-03,1755.0,1764.25,1744.0,1746.75,107.0,0.0,0.0,
2022-06-06,1746.0,1746.0,1734.0,1744.0,55.0,0.0,0.0,
2022-06-07,1730.0,1730.0,1726.0,1729.22998046875,33.0,0.0,0.0,
2022-06-08,1726.0,1736.0,1718.0,1718.31005859375,76.0,0.0,0.0,
2022-06-09,1714.0,1732.0,1714.0,1732.0,58.0,0.0,0.0,
2022-06-10,1716.199951171875,1730.0,1702.0,1721.890014648438,407.0,0.0,0.0,
2022-06-13,1850.0,1895.0,1654.0,1664.660034179688,929.0,0.0,0.0,
2022-06-14,1670.0,1670.0,1654.0,1657.0,1499.0,0.0,0.0,
2022-06-15,1660.0,1664.0,1648.0,1649.880004882812,154.0,0.0,0.0,
2022-06-16,1665.0,1665.0,1618.0,1619.0,1846.0,0.0,0.0,
2022-06-17,1608.300048828125,1616.0,1604.0,1613.599975585938,301.0,0.0,0.0,
2022-06-20,1612.0,1622.0,1608.0,1619.109985351562,103.0,0.0,0.0,
2022-06-21,1645.949951171875,1654.0,1625.0,1646.099975585938,70.0,0.0,0.0,
2022-06-22,1638.300048828125,1638.300048828125,1622.0,1625.0,51.0,0.0,0.0,
2022-06-23,1635.0,1642.0,1622.0,1640.0,78.0,0.0,0.0,
2022-06-24,1645.0,1654.0,1645.0,1654.0,83.0,0.0,0.0,
2022-06-27,1665.0,1676.0,1665.0,1666.0,58.0,0.0,0.0,
2022-06-28,1658.300048828125,1666.0,1658.0,1666.0,57.0,0.0,0.0,
2022-06-29,1658.300048828125,1669.0,1654.0,1668.0,39.0,0.0,0.0,
2022-06-30,1675.0,1694.900024414062,1662.0,1662.160034179688,102.0,0.0,0.0,
2022-07-01,1658.300048828125,1658.300048828125,1638.0,1655.5,121.0,0.0,0.0,
2022-07-04,1655.5,1670.0,1653.900024414062,1670.0,114.0,0.0,0.0,
2022-07-05,1625.0,1690.0,1625.0,1667.859985351562,383.0,0.0,0.0,
2022-07-06,1650.7900390625,1686.0,1650.0,1682.219970703125,447.0,0.0,0.0,
2022-07-07,1686.0,1700.0,1685.0,1699.609985351562,138.0,0.0,0.0,
2022-07-08,1700.0,1708.0,1700.0,1706.800048828125,207.0,0.0,0.0,
2022-07-11,1758.0,1758.0,1700.0,1709.599975585938,287.0,0.0,0.0,
2022-07-12,1700.0,1702.0,1692.0,1692.420043945312,30.0,0.0,0.0,
2022-07-13,1694.530029296875,1702.0,1682.0,1682.989990234375,2798.0,0.0,0.0,
2022-07-14,1690.0,1692.0,1675.0,1678.449951171875,51.0,0.0,0.0,
2022-07-15,1712.050048828125,1712.050048828125,1682.0,1688.589965820312,205.0,0.0,0.0,
2022-07-18,1722.359985351562,1722.359985351562,1699.180053710938,1709.579956054688,173.0,0.0,0.0,
2022-07-19,1735.0,1735.0,1712.0,1723.650024414062,470.0,0.0,0.0,
2022-07-20,1735.0,1748.4599609375,1735.0,1744.0,200.0,0.0,0.0,
2022-07-21,1759.0,1796.319946289062,1745.0,1751.0,209.0,0.0,0.0,
2022-07-22,1758.0,1768.0,1754.0,1768.0,147.0,0.0,0.0,
2022-07-25,1803.400024414062,1803.400024414062,1750.0,1757.68994140625,272.0,0.0,0.0,
2022-07-26,1758.300048828125,1758.300048828125,1740.0,1741.449951171875,2774.0,0.0,0.0,
2022-07-27,1738.300048828125,1760.0,1738.300048828125,1759.280029296875,168.0,0.0,0.0,
2022-07-28,1765.0,1786.0,1765.0,1784.800048828125,187.0,0.0,0.0,
2022-07-29,1807.0,1865.130004882812,1795.0,1807.7099609375,281.0,0.0,0.0,
2022-08-01,1843.900024414062,1843.900024414062,1750.0,1829.68994140625,267.0,0.0,0.0,
2022-08-02,1810.0,1834.0,1810.0,1830.900024414062,610.0,0.0,0.0,
2022-08-03,1867.550048828125,1867.550048828125,1800.010009765625,1833.47998046875,363.0,0.0,0.0,
2022-08-04,1848.0,1848.0,1816.0,1833.369995117188,612.0,0.0,0.0,
2022-08-05,1845.0,1870.050048828125,1830.0,1834.329956054688,3198.0,0.0,0.0,
2022-08-08,1830.0,1850.050048828125,1821.0,1849.7099609375,216.0,0.0,0.0,
2022-08-10,1848.300048828125,1858.0,1845.0,1850.430053710938,1208.0,0.0,0.0,
2022-08-11,1864.0,1870.0,1860.0,1865.920043945312,109.0,0.0,0.0,
2022-08-12,1903.25,1903.25,1858.0,1870.0,161.0,0.0,0.0,
2022-08-16,1899.0,1899.0,1876.0,1882.97998046875,847.0,0.0,0.0,
2022-08-17,1886.0,1900.0,1886.0,1894.369995117188,1540.0,0.0,0.0,
2022-08-18,1894.0,1910.0,1880.0,1899.18994140625,1006.0,0.0,0.0,
2022-08-19,1897.989990234375,1900.0,1875.0,1877.97998046875,540.0,0.0,0.0,
2022-08-22,1868.300048828125,1875.0,1847.0,1849.9599609375,915.0,0.0,0.0,
2022-08-23,1845.0,1862.0,1836.0,1855.949951171875,1270.0,0.0,0.0,
2022-08-24,1818.849975585938,1862.0,1805.0,1862.0,159.0,0.0,0.0,
2022-08-25,1865.0,1872.0,1850.0,1854.119995117188,783.0,0.0,0.0,
2022-08-26,1865.0,1868.0,1852.780029296875,1854.380004882812,289.0,0.0,0.0,
2022-08-29,1817.300048828125,1891.5,1800.0,1828.109985351562,364.0,0.0,0.0,
2022-08-30,1835.0,1880.0,1835.0,1876.880004882812,1061.0,0.0,0.0,
2022-09-01,1874.900024414062,1989.699951171875,1840.0,1853.359985351562,682.0,0.0,0.0,
2022-09-02,1903.349975585938,1903.349975585938,1849.949951171875,1857.469970703125,755.0,0.0,0.0,
2022-09-05,1862.0,1868.0,1860.56005859375,1866.0,144.0,0.0,0.0,
2022-09-06,1903.349975585938,1903.359985351562,1805.0,1866.010009765625,703.0,0.0,0.0,
2022-09-07,1858.31005859375,1866.0,1855.989990234375,1862.47998046875,266.0,0.0,0.0,
2022-09-08,1875.0,1884.0,1874.989990234375,1881.989990234375,404.0,0.0,0.0,
2022-09-09,1885.010009765625,1893.989990234375,1884.0,1887.010009765625,375.0,0.0,0.0,
2022-09-12,1909.989990234375,1918.0,1880.0,1897.02001953125,1308.0,0.0,0.0,
2022-09-13,1897.02001953125,1916.0,1897.02001953125,1910.699951171875,455.0,0.0,0.0,
2022-09-14,1891.989990234375,1911.989990234375,1887.989990234375,1903.969970703125,1117.0,0.0,0.0,
2022-09-15,1908.010009765625,1910.010009765625,1888.0,1890.239990234375,580.0,0.0,0.0,
2022-09-16,1888.300048828125,1890.0,1850.530029296875,1853.829956054688,863.0,0.0,0.0,
2022-09-19,1887.56005859375,1887.56005859375,1846.0,1862.43994140625,468.0,0.0,0.0,
2022-09-20,1870.010009765625,1892.0,1870.010009765625,1884.9599609375,116.0,0.0,0.0,
2022-09-21,1878.300048828125,1884.0,1870.0,1872.949951171875,241.0,0.0,0.0,
2022-09-22,1869.989990234375,1872.0,1856.0,1864.0,329.0,0.0,0.0,
2022-09-23,1860.010009765625,1860.010009765625,1830.0,1832.319946289062,621.0,0.0,0.0,
2022-09-26,1820.0,1820.0,1797.989990234375,1800.180053710938,839.0,0.0,0.0,
2022-09-27,1804.989990234375,1814.0,1794.0,1798.140014648438,946.0,0.0,0.0,
2022-09-28,1788.300048828125,1800.0,1780.0,1783.489990234375,845.0,0.0,0.0,
2022-09-29,1799.800048828125,1800.0,1776.0,1778.150024414062,1220.0,0.0,0.0,
2022-09-30,1778.160034179688,1814.0,1750.0,1808.079956054688,1302.0,0.0,0.0,
2022-10-03,1872.670043945312,1872.670043945312,1784.0,1785.849975585938,440.0,0.0,0.0,
2022-10-04,1810.010009765625,1828.0,1810.010009765625,1826.050048828125,592.0,0.0,0.0,
2022-10-06,1840.010009765625,1845.0,1832.0,1832.449951171875,309.0,0.0,0.0,
2022-10-07,1829.989990234375,1834.0,1824.010009765625,1830.469970703125,319.0,0.0,0.0,
2022-10-10,1824.989990234375,1845.0,1807.989990234375,1824.010009765625,892.0,0.0,0.0,
2022-10-11,1818.300048828125,1818.5,1794.0,1795.630004882812,358.0,0.0,0.0,
2022-10-12,1796.010009765625,1812.0,1794.0,1811.369995117188,372.0,0.0,0.0,
2022-10-13,1808.300048828125,1808.300048828125,1796.0,1798.97998046875,414.0,0.0,0.0,
2022-10-14,1820.010009765625,1833.890014648438,1816.510009765625,1816.910034179688,446.0,0.0,0.0,
2022-10-17,1836.839965820312,1836.839965820312,1810.010009765625,1831.050048828125,290.0,0.0,0.0,
2022-10-18,1835.010009765625,1852.0,1835.010009765625,1849.400024414062,401.0,0.0,0.0,
2022-10-19,1864.989990234375,1864.989990234375,1849.900024414062,1852.949951171875,270.0,0.0,0.0,
2022-10-20,1848.300048828125,1859.989990234375,1845.0,1857.359985351562,384.0,0.0,0.0,
2022-10-21,1864.010009765625,1867.989990234375,1854.0,1858.599975585938,138.0,0.0,0.0,
2022-10-24,1870.010009765625,1876.0,1870.010009765625,1874.699951171875,58.0,0.0,0.0,
2022-10-25,1874.010009765625,1878.0,1865.0,1867.609985351562,585.0,0.0,0.0,
2022-10-27,1878.0,1880.0,1867.609985351562,1875.7099609375,453.0,0.0,0.0,
2022-10-28,1878.0,1886.0,1876.0,1882.900024414062,496.0,0.0,0.0,
2022-10-31,1895.0,1908.0,1894.010009765625,1907.089965820312,461.0,0.0,0.0,
2022-11-01,1914.010009765625,1922.0,1909.239990234375,1920.859985351562,1126.0,0.0,0.0,
2022-11-02,1921.010009765625,1921.010009765625,1911.0400390625,1914.0,147.0,0.0,0.0,
2022-11-03,1914.0,1916.0,1906.5,1911.150024414062,197.0,0.0,0.0,
2022-11-04,1912.0,1919.0,1908.0,1918.119995117188,93.0,0.0,0.0,
2022-11-07,1823.0,1932.7900390625,1823.0,1927.5,808.0,0.0,0.0,
2022-11-09,1960.0,1960.0,1919.989990234375,1922.7900390625,245.0,0.0,0.0,
2022-11-10,1923.989990234375,1923.989990234375,1900.130004882812,1907.650024414062,604.0,0.0,0.0,
2022-11-11,1934.0,1943.989990234375,1934.0,1942.989990234375,593.0,0.0,0.0,
2022-11-14,1945.0,1946.0,1935.22998046875,1940.829956054688,386.0,0.0,0.0,
2022-11-15,1940.260009765625,1952.0,1936.0,1949.7900390625,565.0,0.0,0.0,
2022-11-16,1944.010009765625,1951.989990234375,1944.0,1949.47998046875,387.0,0.0,0.0,
2022-11-17,1947.989990234375,1948.0,1939.0,1941.099975585938,129.0,0.0,0.0,
2022-11-18,1939.989990234375,1939.989990234375,1930.0,1938.660034179688,315.0,0.0,0.0,
2022-11-21,1930.0,1930.0,1920.989990234375,1923.18994140625,194.0,0.0,0.0,
2022-11-22,1926.0,1932.0,1924.0,1932.0,146.0,0.0,0.0,
2022-11-23,1934.010009765625,1937.989990234375,1927.68994140625,1934.380004882812,220.0,0.0,0.0,
2022-11-24,1936.010009765625,1962.0,1936.010009765625,1955.359985351562,533.0,0.0,0.0,
2022-11-25,1955.359985351562,1961.0,1952.0,1959.199951171875,135.0,0.0,0.0,
2022-11-28,1964.989990234375,1970.0,1944.0,1965.599975585938,555.0,0.0,0.0,
2022-11-29,1967.989990234375,1976.0,1966.0,1971.589965820312,342.0,0.0,0.0,
2022-11-30,1984.989990234375,1991.989990234375,1972.0,1987.619995117188,571.0,0.0,0.0,
2022-12-01,1995.0,1998.0,1990.0,1992.0,177.0,0.0,0.0,
2022-12-02,1985.010009765625,1985.989990234375,1972.010009765625,1980.030029296875,110.0,0.0,0.0,
2022-12-05,2158.199951171875,2290.2900390625,1968.31005859375,1980.9599609375,1140.0,0.0,0.0,
2022-12-06,1970.010009765625,1974.010009765625,1967.989990234375,1973.18994140625,211.0,0.0,0.0,
2022-12-07,1960.010009765625,1974.0,1960.010009765625,1964.589965820312,141.0,0.0,0.0,
2022-12-08,1963.989990234375,1972.0,1963.989990234375,1970.47998046875,237.0,0.0,0.0,
2022-12-09,1971.989990234375,1972.0,1952.0,1958.599975585938,268.0,0.0,0.0,
2022-12-12,1953.010009765625,1960.0,1944.0,1958.68994140625,288.0,0.0,0.0,
2022-12-13,1960.010009765625,1971.989990234375,1960.0,1970.18994140625,116.0,0.0,0.0,
2022-12-14,1972.010009765625,1978.0,1972.010009765625,1975.5,157.0,0.0,0.0,
2022-12-15,1970.0,1970.0,1949.0,1950.719970703125,849.0,0.0,0.0,
2022-12-16,1945.010009765625,1951.989990234375,1933.0,1934.449951171875,419.0,0.0,0.0,
2022-12-19,1936.010009765625,1950.510009765625,1936.010009765625,1950.430053710938,166.0,0.0,0.0,
2022-12-20,1940.010009765625,1948.989990234375,1926.5,1947.56005859375,281.0,0.0,0.0,
2022-12-21,1950.010009765625,1950.010009765625,1926.0,1927.380004882812,376.0,0.0,0.0,
2022-12-22,1936.010009765625,1936.010009765625,1913.140014648438,1919.569946289062,905.0,0.0,0.0,
2022-12-23,1910.010009765625,1921.0,1884.989990234375,1886.109985351562,690.0,0.0,0.0,
2022-12-26,1882.010009765625,1914.0,1882.010009765625,1907.859985351562,462.0,0.0,0.0,
2022-12-27,1909.989990234375,1924.0,1906.0,1919.400024414062,666.0,0.0,0.0,
2022-12-28,1915.989990234375,1922.0,1915.75,1918.719970703125,188.0,0.0,0.0,
2022-12-29,2091.39990234375,2093.0,1905.31005859375,1926.469970703125,805.0,0.0,0.0,
2022-12-30,1928.010009765625,1932.0,1914.010009765625,1917.530029296875,160.0,0.0,0.0,
2023-01-02,1917.989990234375,1940.0,1916.010009765625,1926.589965820312,592.0,0.0,0.0,
2023-01-03,1930.0,1931.890014648438,1923.989990234375,1929.4599609375,60.0,0.0,0.0,
2023-01-04,1940.0,1940.0,1909.0,1909.260009765625,368.0,0.0,0.0,
2023-01-05,1947.449951171875,1947.4599609375,1893.589965820312,1905.119995117188,236.0,0.0,0.0,
2023-01-06,1906.900024414062,1906.900024414062,1885.010009765625,1891.099975585938,521.0,0.0,0.0,
2023-01-09,1909.989990234375,1920.0,1900.010009765625,1916.880004882812,385.0,0.0,0.0,
2023-01-10,1910.0,1910.0,1890.010009765625,1896.5400390625,373.0,0.0,0.0,
2023-01-11,1890.0,1904.989990234375,1890.0,1894.800048828125,415.0,0.0,0.0,
2023-01-12,1896.0,1896.900024414062,1882.0,1891.140014648438,257.0,0.0,0.0,
2023-01-13,1887.989990234375,1904.0,1879.930053710938,1901.219970703125,641.0,0.0,0.0,
2023-01-16,1908.010009765625,1908.010009765625,1891.0,1894.569946289062,218.0,0.0,0.0,
2023-01-17,1894.579956054688,1913.0,1894.569946289062,1912.550048828125,411.0,0.0,0.0,
2023-01-18,1915.0,1924.989990234375,1915.0,1924.0,72.0,0.0,0.0,
2023-01-19,1918.300048828125,1922.0,1912.0,1917.359985351562,50.0,0.0,0.0,
2023-01-20,1916.0,1920.0,1908.0,1908.150024414062,47.0,0.0,0.0,
2023-01-23,1914.0,1922.0,1914.0,1919.0,76.0,0.0,0.0,
2023-01-24,1925.0,1926.0,1914.0,1919.5,568.0,0.0,0.0,
2023-01-25,1908.300048828125,1908.300048828125,1890.949951171875,1894.97998046875,544.0,0.0,0.0,
2023-01-27,1890.010009765625,1890.010009765625,1855.0,1865.880004882812,1147.0,0.0,0.0,
2023-01-30,1860.0,1872.0,1842.010009765625,1869.219970703125,636.0,0.0,0.0,
2023-01-31,1870.010009765625,1872.5,1859.97998046875,1872.329956054688,556.0,0.0,0.0,
2023-02-01,1880.010009765625,1908.359985351562,1840.0,1864.760009765625,854.0,0.0,0.0,
2023-02-02,1855.010009765625,1868.0,1850.0,1866.079956054688,314.0,0.0,0.0,
2023-02-03,1862.0,1893.989990234375,1862.0,1890.2900390625,362.0,0.0,0.0,
2023-02-06,1890.0,1890.0,1875.0,1881.030029296875,129.0,0.0,0.0,
2023-02-07,1882.010009765625,1882.010009765625,1872.0,1876.2900390625,661.0,0.0,0.0,
2023-02-08,1878.010009765625,1895.0,1878.010009765625,1892.22998046875,558.0,0.0,0.0,
2023-02-09,1887.989990234375,1932.22998046875,1883.989990234375,1895.489990234375,632.0,0.0,0.0,
2023-02-10,1888.300048828125,1892.0,1884.0,1891.0,322.0,0.0,0.0,
2023-02-13,1890.0,1890.0,1876.0,1881.630004882812,253.0,0.0,0.0,
2023-02-14,1886.010009765625,1900.0,1886.010009765625,1898.5,534.0,0.0,0.0,
2023-02-15,1898.5,1909.5,1891.989990234375,1908.030029296875,376.0,0.0,0.0,
2023-02-16,1912.010009765625,1919.989990234375,1908.0,1910.930053710938,377.0,0.0,0.0,
2023-02-17,1906.010009765625,1908.0,1896.0,1901.109985351562,426.0,0.0,0.0,
2023-02-20,1901.010009765625,1906.010009765625,1888.31005859375,1890.449951171875,148.0,0.0,0.0,
2023-02-21,1892.010009765625,1898.0,1888.31005859375,1889.170043945312,204.0,0.0,0.0,
2023-02-22,1882.0,1882.0,1859.900024414062,1860.02001953125,513.0,0.0,0.0,
2023-02-23,1858.0,1870.0,1853.989990234375,1855.010009765625,690.0,0.0,0.0,
2023-02-24,1860.010009765625,1870.0,1848.0,1850.989990234375,401.0,0.0,0.0,
2023-02-27,1848.300048828125,1848.300048828125,1834.0,1843.93994140625,2235.0,0.0,0.0,
2023-02-28,1846.0,1853.329956054688,1829.5,1834.150024414062,936.0,0.0,0.0,
2023-03-01,1838.010009765625,1850.719970703125,1834.0,1848.969970703125,533.0,0.0,0.0,
2023-03-02,1860.0,1860.0,1831.589965820312,1836.150024414062,559.0,0.0,0.0,
2023-03-03,1844.989990234375,1868.0,1844.989990234375,1864.400024414062,500.0,0.0,0.0,
2023-03-06,1874.989990234375,1884.0,1874.989990234375,1876.109985351562,174.0,0.0,0.0,
2023-03-08,1869.989990234375,1881.5,1868.300048828125,1881.489990234375,343.0,0.0,0.0,
2023-03-09,1881.5,1881.5,1862.989990234375,1863.550048828125,410.0,0.0,0.0,
2023-03-10,1856.0,1856.0,1837.989990234375,1845.030029296875,225.0,0.0,0.0,
2023-03-13,1848.010009765625,1855.0,1814.010009765625,1818.030029296875,772.0,0.0,0.0,
2023-03-14,1818.5,1823.989990234375,1802.02001953125,1806.02001953125,661.0,0.0,0.0,
2023-03-15,1815.0,1823.0,1795.0,1798.400024414062,545.0,0.0,0.0,
2023-03-16,1806.0,1806.010009765625,1788.0,1799.47998046875,2166.0,0.0,0.0,
2023-03-17,1804.010009765625,1815.0,1793.739990234375,1811.7099609375,1006.0,0.0,0.0,
2023-03-20,1800.010009765625,1801.989990234375,1787.989990234375,1799.72998046875,414.0,0.0,0.0,
2023-03-21,1804.010009765625,1840.0,1804.010009765625,1812.800048828125,2394.0,0.0,0.0,
2023-03-22,1812.0,1820.010009765625,1812.0,1817.97998046875,322.0,0.0,0.0,
2023-03-23,1810.010009765625,1822.0,1808.0,1809.31005859375,262.0,0.0,0.0,
2023-03-24,1810.010009765625,1811.989990234375,1789.0,1795.2900390625,1557.0,0.0,0.0,
2023-03-27,1795.2900390625,1811.989990234375,1795.2900390625,1799.530029296875,3644.0,0.0,0.0,
2023-03-28,1820.0,2009.68994140625,1773.800048828125,1797.06005859375,1611.0,0.0,0.0,
2023-03-29,1802.010009765625,1811.010009765625,1794.0,1811.0,83.0,0.0,0.0,
2023-03-31,1815.0,1841.0,1812.0,1840.2900390625,757.0,0.0,0.0,
2023-04-03,1842.010009765625,1844.0,1835.0,1841.0,3053.0,0.0,0.0,
2023-04-05,1844.989990234375,1862.0,1844.010009765625,1859.7900390625,257.0,0.0,0.0,
2023-04-06,1858.31005859375,1870.0,1858.300048828125,1864.530029296875,331.0,0.0,0.0,
2023-04-10,1901.849975585938,1901.849975585938,1865.0,1867.989990234375,185.0,0.0,0.0,
2023-04-11,1872.010009765625,1880.0,1870.010009765625,1878.239990234375,396.0,0.0,0.0,
2023-04-12,1880.0,1896.0,1876.089965820312,1887.930053710938,867.0,0.0,0.0,
2023-04-13,1900.0,1900.0,1880.890014648438,1888.969970703125,548.0,0.0,0.0,
2023-04-17,1887.989990234375,1888.0,1863.989990234375,1876.380004882812,344.0,0.0,0.0,
2023-04-18,1878.31005859375,1878.31005859375,1859.0,1872.22998046875,2648.0,0.0,0.0,
2023-04-19,1878.989990234375,1881.010009765625,1862.0,1867.489990234375,272.0,0.0,0.0,
2023-04-20,1869.989990234375,1872.0,1864.0,1868.239990234375,799.0,0.0,0.0,
2023-04-21,1868.300048828125,1869.260009765625,1862.0,1869.239990234375,2757.0,0.0,0.0,
2023-04-24,1871.0,1880.75,1868.0,1880.619995117188,504.0,0.0,0.0,
2023-04-25,1878.300048828125,1888.839965820312,1878.0,1884.0,620.0,0.0,0.0,
2023-04-26,1880.0,1886.010009765625,1878.300048828125,1885.5,2385.0,0.0,0.0,
2023-04-27,1885.0,1899.010009765625,1885.0,1898.949951171875,1058.0,0.0,0.0,
2023-04-28,1898.31005859375,1915.0,1895.989990234375,1913.18994140625,1124.0,0.0,0.0,
2023-05-02,1920.0,1927.0,1919.359985351562,1923.199951171875,3629.0,0.0,0.0,
2023-05-03,1920.010009765625,1921.5400390625,1914.0,1917.099975585938,546.0,0.0,0.0,
2023-05-04,1918.31005859375,1935.0,1918.2900390625,1933.920043945312,1305.0,0.0,0.0,
2023-05-05,1928.31005859375,1973.920043945312,1915.0,1916.4599609375,1965.0,0.0,0.0,
2023-05-08,1922.010009765625,1936.0,1922.010009765625,1933.069946289062,1973.0,0.0,0.0,
2023-05-09,1940.0,1947.099975585938,1933.0,1935.97998046875,561.0,0.0,0.0,
2023-05-10,1938.0,1941.25,1930.010009765625,1941.099975585938,280.0,0.0,0.0,
2023-05-11,1942.010009765625,1943.989990234375,1938.010009765625,1939.349975585938,1088.0,0.0,0.0,
2023-05-12,1945.0,1945.0,1930.0,1940.839965820312,192.0,0.0,0.0,
2023-05-15,1940.839965820312,1955.0,1940.839965820312,1949.489990234375,152.0,0.0,0.0,
2023-05-16,1947.989990234375,1962.0,1929.0,1935.839965820312,900.0,0.0,0.0,
2023-05-17,1937.989990234375,1941.989990234375,1926.010009765625,1931.239990234375,276.0,0.0,0.0,
2023-05-18,1935.989990234375,1935.989990234375,1923.010009765625,1925.640014648438,310.0,0.0,0.0,
2023-05-19,1929.989990234375,1934.010009765625,1918.31005859375,1933.989990234375,172.0,0.0,0.0,
2023-05-22,1935.0,1947.56005859375,1935.0,1945.280029296875,660.0,0.0,0.0,
2023-05-23,1949.989990234375,1955.989990234375,1947.0,1949.420043945312,323.0,0.0,0.0,
2023-05-24,1935.0,1951.989990234375,1935.0,1941.719970703125,834.0,0.0,0.0,
2023-05-25,1941.719970703125,1947.010009765625,1932.0,1946.069946289062,90.0,0.0,0.0,
2023-05-26,1950.0,1964.949951171875,1948.0,1962.839965820312,1174.0,0.0,0.0,
2023-05-29,1991.93994140625,1991.93994140625,1970.31005859375,1975.329956054688,2565.0,0.0,0.0,
2023-05-30,1975.329956054688,1983.400024414062,1974.010009765625,1978.160034179688,221.0,0.0,0.0,
2023-05-31,1973.989990234375,1986.0,1962.0,1969.410034179688,1631.0,0.0,0.0,
2023-06-01,1923.140014648438,2300.219970703125,1920.180053710938,1964.199951171875,321.0,0.0,0.0,
2023-06-02,1970.0,1975.569946289062,1965.0,1970.890014648438,335.0,0.0,0.0,
2023-06-05,1975.0,1984.0,1975.0,1975.510009765625,1522.0,0.0,0.0,
2023-06-06,1976.010009765625,1980.0,1970.010009765625,1978.199951171875,130.0,0.0,0.0,
2023-06-07,1980.010009765625,1991.510009765625,1974.0,1991.5,589.0,0.0,0.0,
2023-06-08,1992.010009765625,1998.0,1980.0,1981.4599609375,346.0,0.0,0.0,
2023-06-09,1984.010009765625,1984.010009765625,1974.0,1974.969970703125,1425.0,0.0,0.0,
2023-06-12,1978.010009765625,1980.0,1963.550048828125,1978.0,930.0,0.0,0.0,
2023-06-13,1984.010009765625,1991.989990234375,1984.010009765625,1989.989990234375,114.0,0.0,0.0,
2023-06-14,1992.010009765625,1995.989990234375,1982.0,1993.5,1354.0,0.0,0.0,
2023-06-15,1996.010009765625,2002.0,1987.0,1987.47998046875,443.0,0.0,0.0,
2023-06-16,1992.010009765625,2005.0,1992.010009765625,2000.069946289062,1550.0,0.0,0.0,
2023-06-19,2004.989990234375,2005.989990234375,1988.300048828125,1995.829956054688,657.0,0.0,0.0,
2023-06-20,1994.0,2004.0,1985.989990234375,2002.849975585938,104.0,0.0,0.0,
2023-06-21,2002.010009765625,2018.0,2001.989990234375,2005.239990234375,1844.0,0.0,0.0,
2023-06-22,2005.0,2006.010009765625,1996.0,1996.119995117188,111.0,0.0,0.0,
2023-06-23,1998.0,1998.0,1986.0,1987.489990234375,1404.0,0.0,0.0,
2023-06-26,1990.010009765625,1990.010009765625,1986.0,1989.050048828125,358.0,0.0,0.0,
2023-06-27,1994.010009765625,2002.510009765625,1992.0,2002.5,332.0,0.0,0.0,
2023-06-28,2000.0,2021.989990234375,2000.0,2016.989990234375,1447.0,0.0,0.0,
2023-06-30,2017.0,2043.010009765625,2017.0,2042.180053710938,720.0,0.0,0.0,
2023-07-03,2134.090087890625,2134.090087890625,2042.180053710938,2055.969970703125,265.0,0.0,0.0,
2023-07-04,2086.39990234375,2086.39990234375,2039.660034179688,2062.110107421875,1156.0,0.0,0.0,
2023-07-05,2063.0,2066.0,2059.429931640625,2064.4599609375,516.0,0.0,0.0,
2023-07-06,2074.0,2075.0,2063.969970703125,2074.639892578125,715.0,0.0,0.0,
2023-07-07,2072.0,2078.0,2056.0,2057.52001953125,1651.0,0.0,0.0,
2023-07-10,2065.0,2070.0,2054.989990234375,2060.25,613.0,0.0,0.0,
2023-07-11,2065.0,2075.89990234375,2065.0,2066.6298828125,2867.0,0.0,0.0,
2023-07-12,2072.010009765625,2072.010009765625,2061.989990234375,2062.429931640625,632.0,0.0,0.0,
2023-07-13,2070.010009765625,2082.0,2060.989990234375,2065.47998046875,1124.0,0.0,0.0,
2023-07-14,2074.010009765625,2085.010009765625,2069.989990234375,2082.929931640625,331.0,0.0,0.0,
2023-07-17,2124.590087890625,2124.590087890625,2081.1201171875,2098.840087890625,186.0,0.0,0.0,
2023-07-18,2104.989990234375,2107.989990234375,2097.080078125,2101.9599609375,263.0,0.0,0.0,
2023-07-19,2105.0,2111.989990234375,2094.0,2111.43994140625,440.0,0.0,0.0,
2023-07-20,2110.010009765625,2127.0,2104.0,2126.139892578125,249.0,0.0,0.0,
2023-07-21,2115.0,2115.0,2100.0,2105.989990234375,2490.0,0.0,0.0,
2023-07-24,2148.110107421875,2148.110107421875,2096.989990234375,2097.06005859375,375.0,0.0,0.0,
2023-07-25,2098.31005859375,2100.0,2078.300048828125,2096.389892578125,1830.0,0.0,0.0,
2023-07-26,2100.0,2112.0,2100.0,2106.5,222.0,0.0,0.0,
2023-07-27,2112.010009765625,2118.0,2088.0,2094.080078125,936.0,0.0,0.0,
2023-07-28,2090.010009765625,2094.0,2083.989990234375,2092.330078125,273.0,0.0,0.0,
2023-07-31,2092.330078125,2105.010009765625,2092.330078125,2104.590087890625,296.0,0.0,0.0,
2023-08-01,2105.989990234375,2110.0,2098.31005859375,2102.5,370.0,0.0,0.0,
2023-08-02,2102.0,2119.949951171875,2072.010009765625,2082.989990234375,2641.0,0.0,0.0,
2023-08-03,2080.010009765625,2083.0,2056.0,2066.969970703125,2336.0,0.0,0.0,
2023-08-04,2072.010009765625,2082.0,2058.0,2080.31005859375,283.0,0.0,0.0,
2023-08-07,2084.010009765625,2092.0,2081.989990234375,2089.5,290.0,0.0,0.0,
2023-08-08,2089.989990234375,2091.989990234375,2083.989990234375,2087.0,575.0,0.0,0.0,
2023-08-09,2081.989990234375,2094.0,2076.010009765625,2093.89990234375,2193.0,0.0,0.0,
2023-08-10,2088.300048828125,2092.0,2080.010009765625,2084.0,649.0,0.0,0.0,
2023-08-11,2080.0,2090.0,2072.0,2072.989990234375,365.0,0.0,0.0,
2023-08-14,2070.0,2078.0,2058.300048828125,2075.699951171875,624.0,0.0,0.0,
2023-08-16,2068.300048828125,2078.0,2064.0,2077.389892578125,223.0,0.0,0.0,
2023-08-17,2075.989990234375,2075.989990234375,2062.0,2069.0,4914.0,0.0,0.0,
2023-08-18,2068.300048828125,2068.300048828125,2056.0,2063.030029296875,383.0,0.0,0.0,
2023-08-21,2070.0,2073.989990234375,2061.989990234375,2067.64990234375,1753.0,0.0,0.0,
2023-08-22,2071.989990234375,2074.0,2070.0,2070.5400390625,1263.0,0.0,0.0,
2023-08-23,2072.010009765625,2077.989990234375,2060.0,2076.5,867.0,0.0,0.0,
2023-08-24,2084.010009765625,2094.010009765625,2070.0,2070.989990234375,120.0,0.0,0.0,
2023-08-25,2068.31005859375,2068.31005859375,2048.64990234375,2057.989990234375,3625.0,0.0,0.0,
2023-08-28,2062.010009765625,2067.739990234375,2057.989990234375,2062.5,994.0,0.0,0.0,
2023-08-29,2068.0,2070.0,2064.0,2068.18994140625,2571.0,0.0,0.0,
2023-08-30,2074.989990234375,2078.31005859375,2067.0,2067.0,3901.0,0.0,0.0,
2023-08-31,2067.0,2068.0,2056.4599609375,2058.47998046875,243.0,0.0,0.0,
2023-09-01,2058.47998046875,2074.010009765625,2058.0,2071.030029296875,4911.0,0.0,0.0,
2023-09-04,2075.0,2084.989990234375,2075.0,2079.679931640625,2255.0,0.0,0.0,
2023-09-05,2085.0,2092.0,2085.0,2088.18994140625,221.0,0.0,0.0,
2023-09-06,2089.989990234375,2100.0,2081.52001953125,2097.800048828125,3373.0,0.0,0.0,
2023-09-07,2090.0,2108.0,2080.0,2105.679931640625,560.0,0.0,0.0,
2023-09-08,2108.010009765625,2115.949951171875,2107.989990234375,2111.18994140625,2303.0,0.0,0.0,
2023-09-11,2115.0,2134.0,2115.0,2133.8798828125,817.0,0.0,0.0,
2023-09-12,2135.0,2144.0,2124.77001953125,2134.389892578125,1383.0,0.0,0.0,
2023-09-13,2134.389892578125,2145.989990234375,2128.31005859375,2144.580078125,179.0,0.0,0.0,
2023-09-14,2145.989990234375,2149.949951171875,2140.0,2146.89990234375,234.0,0.0,0.0,
2023-09-15,2151.989990234375,2157.010009765625,2148.0,2154.60009765625,134.0,0.0,0.0,
2023-09-18,2155.0,2155.0,2147.989990234375,2150.0,619.0,0.0,0.0,
2023-09-20,2140.0,2164.89990234375,2122.0,2127.860107421875,2887.0,0.0,0.0,
2023-09-21,2128.31005859375,2128.31005859375,2100.0,2107.77001953125,890.0,0.0,0.0,
2023-09-22,2109.989990234375,2112.0,2096.0,2102.0,2768.0,0.0,0.0,
2023-09-25,2101.989990234375,2108.0,2098.0,2100.8798828125,3197.0,0.0,0.0,
2023-09-26,2104.010009765625,2104.010009765625,2096.010009765625,2100.010009765625,431.0,0.0,0.0,
2023-09-27,2098.31005859375,2106.0,2089.0,2105.030029296875,347.0,0.0,0.0,
2023-09-28,2107.989990234375,2108.0,2083.010009765625,2084.760009765625,160.0,0.0,0.0,
2023-09-29,2089.989990234375,2104.0,2089.989990234375,2097.010009765625,30.0,0.0,0.0,
2023-10-03,2088.300048828125,2090.0,2080.0,2086.0,204.0,0.0,0.0,
2023-10-04,2102.5,2102.5,2065.0,2076.72998046875,217.0,0.0,0.0,
2023-10-05,2080.0,2088.0,2080.0,2086.989990234375,344.0,0.0,0.0,
2023-10-06,2087.010009765625,2103.669921875,2087.010009765625,2099.2099609375,377.0,0.0,0.0,
2023-10-09,2081.989990234375,2092.0,2081.989990234375,2084.510009765625,249.0,0.0,0.0,
2023-10-10,2090.0,2104.0,2090.0,2103.31005859375,156.0,0.0,0.0,
2023-10-11,2095.010009765625,2120.0,2095.010009765625,2111.110107421875,2419.0,0.0,0.0,
2023-10-12,2112.010009765625,2117.989990234375,2110.0,2111.93994140625,597.0,0.0,0.0,
2023-10-13,2103.989990234375,2110.010009765625,2098.31005859375,2107.5,43.0,0.0,0.0,
2023-10-16,2101.5,2110.0,2101.5,2106.93994140625,225.0,0.0,0.0,
2023-10-17,2115.0,2118.0,2108.0,2115.489990234375,338.0,0.0,0.0,
2023-10-18,2111.989990234375,2117.989990234375,2100.0,2100.489990234375,348.0,0.0,0.0,
2023-10-19,2098.31005859375,2098.31005859375,2084.0,2095.22998046875,141.0,0.0,0.0,
2023-10-20,2090.0,2090.010009765625,2082.0,2089.97998046875,2939.0,0.0,0.0,
2023-10-23,2088.31005859375,2088.31005859375,2059.0,2059.64990234375,297.0,0.0,0.0,
2023-10-25,2058.0,2066.0,2039.050048828125,2042.670043945312,676.0,0.0,0.0,
2023-10-26,2030.0,2034.0,2016.0,2019.010009765625,5135.0,0.0,0.0,
2023-10-27,2025.989990234375,2040.359985351562,2025.989990234375,2036.819946289062,262.0,0.0,0.0,
2023-10-30,2031.5,2048.0,2026.010009765625,2046.989990234375,257.0,0.0,0.0,
2023-10-31,2050.0,2052.0,2036.010009765625,2038.829956054688,147.0,0.0,0.0,
2023-11-01,2038.31005859375,2041.989990234375,2028.31005859375,2029.859985351562,1130.0,0.0,0.0,
2023-11-02,2044.0,2048.429931640625,2040.0,2045.089965820312,160.0,0.0,0.0,
2023-11-03,2050.0,2063.199951171875,2050.0,2055.989990234375,454.0,0.0,0.0,
2023-11-06,2064.0,2077.0,2064.0,2076.239990234375,318.0,0.0,0.0,
2023-11-07,2073.989990234375,2075.010009765625,2068.0,2074.93994140625,228.0,0.0,0.0,
2023-11-08,2076.010009765625,2079.989990234375,2064.0,2074.8798828125,2125.0,0.0,0.0,
2023-11-09,2075.989990234375,2083.530029296875,2073.010009765625,2074.0,126.0,0.0,0.0,
2023-11-10,2074.0,2074.0,2066.0,2073.3701171875,73.0,0.0,0.0,
2023-11-13,2082.0,2082.0,2074.0,2080.0,48.0,0.0,0.0,
2023-11-15,2096.0,2102.0,2092.0,2099.0,2236.0,0.0,0.0,
2023-11-16,2098.010009765625,2120.60009765625,2098.010009765625,2106.260009765625,2886.0,0.0,0.0,
2023-11-17,2109.989990234375,2117.989990234375,2107.56005859375,2109.010009765625,559.0,0.0,0.0,
2023-11-20,2109.989990234375,2110.0,2102.010009765625,2106.0,184.0,0.0,0.0,
2023-11-21,2110.010009765625,2120.0,2110.010009765625,2116.530029296875,697.0,0.0,0.0,
2023-11-22,2115.989990234375,2120.989990234375,2108.010009765625,2119.02001953125,300.0,0.0,0.0,
2023-11-23,2123.989990234375,2123.989990234375,2108.0,2119.080078125,457.0,0.0,0.0,
2023-11-24,2119.989990234375,2119.989990234375,2112.0,2117.0,74.0,0.0,0.0,
2023-11-28,2120.0,2130.0,2114.0,2126.97998046875,351.0,0.0,0.0,
2023-11-29,2130.0,2150.0,2130.0,2148.580078125,477.0,0.0,0.0,
2023-11-30,2148.010009765625,2153.0,2131.5,2152.989990234375,583.0,0.0,0.0,
2023-12-01,2156.0,2176.0,2148.300048828125,2166.110107421875,1013.0,0.0,0.0,
2023-12-04,2186.010009765625,2208.0,2186.0,2205.219970703125,4774.0,0.0,0.0,
2023-12-05,2208.0,2230.0,2208.0,2228.080078125,516.0,0.0,0.0,
2023-12-06,2270.639892578125,2270.639892578125,2222.0,2230.169921875,4575.0,0.0,0.0,
2023-12-07,2230.010009765625,2235.0,2218.0,2234.070068359375,220.0,0.0,0.0,
2023-12-08,2235.989990234375,2246.5,2235.0,2246.389892578125,2684.0,0.0,0.0,
2023-12-11,2246.39990234375,2250.0,2242.0,2247.989990234375,755.0,0.0,0.0,
2023-12-12,2248.0,2248.0,2236.0,2239.989990234375,2437.0,0.0,0.0,
2023-12-13,2238.31005859375,2242.3798828125,2223.300048828125,2241.080078125,1299.0,0.0,0.0,
2023-12-14,2257.989990234375,2268.0,2257.989990234375,2259.52001953125,4908.0,0.0,0.0,
2023-12-15,2269.699951171875,2296.0,2269.699951171875,2290.679931640625,996.0,0.0,0.0,
2023-12-18,2288.31005859375,2296.0,2288.0,2289.02001953125,532.0,0.0,0.0,
2023-12-19,2290.010009765625,2300.0,2284.0,2292.550048828125,352.0,0.0,0.0,
2023-12-20,2296.0,2310.0,2264.0,2265.239990234375,2858.0,0.0,0.0,
2023-12-21,2253.989990234375,2274.0,2250.0,2271.0,2663.0,0.0,0.0,
2023-12-22,2271.989990234375,2286.0,2268.010009765625,2280.0,930.0,0.0,0.0,
2023-12-26,2284.010009765625,2298.0,2284.010009765625,2290.8798828125,503.0,0.0,0.0,
2023-12-27,2296.0,2314.5,2296.0,2314.340087890625,382.0,0.0,0.0,
2023-12-28,2316.0,2325.989990234375,2316.0,2325.97998046875,143.0,0.0,0.0,
2023-12-29,2320.010009765625,2323.989990234375,2312.570068359375,2323.389892578125,1701.0,0.0,0.0,
2024-01-01,2321.989990234375,2334.0,2318.010009765625,2321.830078125,348.0,0.0,0.0,
2024-01-02,2322.010009765625,2324.0,2308.0,2317.97998046875,244.0,0.0,0.0,
2024-01-03,2318.300048828125,2318.300048828125,2300.0,2300.510009765625,1624.0,0.0,0.0,
2024-01-04,2308.010009765625,2325.0,2308.010009765625,2314.800048828125,2402.0,0.0,0.0,
2024-01-05,2316.0,2334.0,2314.010009765625,2320.0,299.0,0.0,0.0,
2024-01-08,2323.989990234375,2323.989990234375,2298.0,2299.52001953125,2751.0,0.0,0.0,
2024-01-09,2306.0,2330.0,2302.010009765625,2303.489990234375,736.0,0.0,0.0,
2024-01-10,2303.5,2312.010009765625,2297.989990234375,2311.409912109375,1319.0,0.0,0.0,
2024-01-11,2316.0,2320.010009765625,2310.0,2314.860107421875,159.0,0.0,0.0,
2024-01-12,2312.010009765625,2354.0,2312.0,2335.139892578125,4197.0,0.0,0.0,
2024-01-15,2344.010009765625,2370.0,2344.010009765625,2362.030029296875,264.0,0.0,0.0,
2024-01-16,2358.300048828125,2363.989990234375,2355.5,2355.5,214.0,0.0,0.0,
2024-01-17,2312.0,2338.070068359375,2302.0,2309.739990234375,7007.0,0.0,0.0,
2024-01-18,2295.989990234375,2302.6201171875,2280.0,2299.75,2996.0,0.0,0.0,
2024-01-19,2310.0,2318.260009765625,2304.0,2313.89990234375,421.0,0.0,0.0,
2024-01-23,2320.010009765625,2320.010009765625,2262.0,2266.280029296875,2497.0,0.0,0.0,
2024-01-24,2274.989990234375,2295.989990234375,2262.010009765625,2295.989990234375,235.0,0.0,0.0,
2024-01-25,2280.389892578125,2288.010009765625,2272.010009765625,2283.030029296875,623.0,0.0,0.0,
2024-01-29,2300.010009765625,2328.0,2300.010009765625,2325.9599609375,528.0,0.0,0.0,
2024-01-30,2326.010009765625,2328.0,2296.0,2296.179931640625,3115.0,0.0,0.0,
2024-01-31,2296.18994140625,2324.0,2296.18994140625,2321.050048828125,1933.0,0.0,0.0,
2024-02-01,2322.010009765625,2332.0,2318.0,2318.14990234375,170.0,0.0,0.0,
2024-02-02,2343.989990234375,2364.0,2329.989990234375,2331.699951171875,4510.0,0.0,0.0,
2024-02-05,2331.699951171875,2348.0,2324.0,2329.77001953125,246.0,0.0,0.0,
2024-02-06,2328.300048828125,2346.010009765625,2328.300048828125,2344.8701171875,117.0,0.0,0.0,
2024-02-07,2346.0,2354.010009765625,2339.989990234375,2346.489990234375,298.0,0.0,0.0,
2024-02-08,2350.0,2350.010009765625,2318.0,2322.969970703125,2429.0,0.0,0.0,
2024-02-09,2321.989990234375,2331.5,2317.989990234375,2331.389892578125,339.0,0.0,0.0,
2024-02-12,2332.0,2334.0,2308.010009765625,2317.139892578125,2020.0,0.0,0.0,
2024-02-13,2323.5,2332.0,2314.0,2324.0,2227.0,0.0,0.0,
2024-02-14,2310.0,2338.0,2304.0,2336.330078125,125.0,0.0,0.0,
2024-02-15,2340.0,2348.0,2338.0,2344.010009765625,2312.0,0.0,0.0,
2024-02-16,2346.0,2384.010009765625,2346.0,2358.9599609375,388.0,0.0,0.0,
2024-02-19,2360.0,2373.219970703125,2358.0,2370.47998046875,351.0,0.0,0.0,
2024-02-20,2370.47998046875,2376.0,2360.0,2374.25,361.0,0.0,0.0,
2024-02-22,2374.199951171875,2361.989990234375,2342.31005859375,2342.31005859375,135.0,0.0,0.0,
2024-02-21,2374.199951171875,2380.0,2348.989990234375,2350.8701171875,23108.0,0.0,0.0,
2024-02-23,2378.300048828125,2385.0,2369.949951171875,2378.989990234375,764.0,0.0,0.0,
2024-02-26,2378.300048828125,2378.300048828125,2364.0,2369.969970703125,140.0,0.0,0.0,
2024-02-27,2368.300048828125,2379.0,2356.760009765625,2378.739990234375,522.0,0.0,0.0,
2024-02-28,2376.0,2380.0,2346.0,2351.830078125,2859.0,0.0,0.0,
2024-02-29,2348.010009765625,2367.43994140625,2344.0,2356.090087890625,250.0,0.0,0.0,
2024-03-01,2364.989990234375,2391.639892578125,2364.989990234375,2387.0,3520.0,0.0,0.0,
2024-03-04,2400.0,2400.0,2387.39990234375,2392.6201171875,1249.0,0.0,0.0,
2024-03-05,2392.010009765625,2396.0,2388.0,2394.0,125.0,0.0,0.0,
2024-03-06,2388.010009765625,2407.0,2380.010009765625,2406.820068359375,495.0,0.0,0.0,
2024-03-07,2466.989990234375,2466.989990234375,2404.0,2408.0,74.0,0.0,0.0,
2024-03-11,2408.0,2410.0,2392.0,2394.800048828125,2205.0,0.0,0.0,
2024-03-12,2393.989990234375,2404.0,2390.0,2392.300048828125,754.0,0.0,0.0,
2024-03-13,2396.0,2396.0,2350.0,2358.68994140625,591.0,0.0,0.0,
2024-03-14,2349.989990234375,2377.9599609375,2349.989990234375,2376.81005859375,2353.0,0.0,0.0,
2024-03-15,2365.989990234375,2365.989990234375,2350.0,2358.0,56.0,0.0,0.0,
2024-03-18,2356.0,2370.280029296875,2350.0,2366.0,1690.0,0.0,0.0,
2024-03-19,2356.010009765625,2356.010009765625,2333.989990234375,2334.3701171875,412.0,0.0,0.0,
2024-03-20,2341.989990234375,2347.0,2326.0,2338.659912109375,162.0,0.0,0.0,
2024-03-21,2356.0,2364.0,2356.0,2359.989990234375,185.0,0.0,0.0,
2024-03-22,2343.989990234375,2370.0,2343.989990234375,2366.050048828125,148.0,0.0,0.0,
2024-03-26,2366.050048828125,2366.050048828125,2357.0,2357.050048828125,173.0,0.0,0.0,
2024-03-27,2367.989990234375,2374.0,2364.0,2370.669921875,89.0,0.0,0.0,
2024-03-28,2370.0,2406.010009765625,2370.0,2383.989990234375,3345.0,0.0,0.0,
2024-04-01,2404.010009765625,2412.0,2399.93994140625,2402.260009765625,2983.0,0.0,0.0,
2024-04-02,2401.989990234375,2408.0,2397.2099609375,2405.0,869.0,0.0,0.0,
2024-04-03,2396.0,2408.010009765625,2395.989990234375,2400.080078125,197.0,0.0,0.0,
2024-04-04,2414.0,2416.0,2392.0,2411.330078125,439.0,0.0,0.0,
2024-04-05,2405.989990234375,2416.0,2405.0,2411.580078125,967.0,0.0,0.0,
2024-04-08,2418.010009765625,2428.0,2416.0,2428.0,354.0,0.0,0.0,
2024-04-09,2431.989990234375,2437.989990234375,2422.010009765625,2424.0,100.0,0.0,0.0,
2024-04-10,2431.989990234375,2438.0,2428.0,2438.0,598.0,0.0,0.0,
2024-04-12,2438.0,2438.0,2412.010009765625,2416.14990234375,1474.0,0.0,0.0,
2024-04-15,2416.159912109375,2416.159912109375,2384.0,2391.800048828125,3390.0,0.0,0.0,
2024-04-16,2344.0,2380.0,2344.0,2373.969970703125,399.0,0.0,0.0,
2024-04-18,2381.989990234375,2388.010009765625,2354.0,2356.0,1351.0,0.0,0.0,
2024-04-19,2463.550048828125,2463.550048828125,2336.25,2373.989990234375,689.0,0.0,0.0,
2024-04-22,2382.0,2396.0,2378.0,2392.7900390625,355.0,0.0,0.0,
2024-04-23,2399.989990234375,2400.0,2396.0,2397.0,277.0,0.0,0.0,
2024-04-24,2398.0,2407.0,2396.0,2400.0,206.0,0.0,0.0,
2024-04-25,2400.0,2422.0,2392.0,2418.830078125,753.0,0.0,0.0,
2024-04-26,2460.0,2460.0,2400.0,2401.7099609375,494.0,0.0,0.0,
2024-04-29,2409.989990234375,2424.0,2406.0,2417.449951171875,3120.0,0.0,0.0,
2024-04-30,2430.43994140625,2457.449951171875,2418.0,2422.93994140625,582.0,0.0,0.0,
2024-05-02,2483.510009765625,2483.510009765625,2424.0,2425.989990234375,219.0,0.0,0.0,
2024-05-03,2436.010009765625,2439.489990234375,2398.0,2414.22998046875,2025.0,0.0,0.0,
2024-05-06,2415.989990234375,2417.989990234375,2402.0,2405.969970703125,225.0,0.0,0.0,
2024-05-07,2406.0,2407.989990234375,2384.0,2389.97998046875,555.0,0.0,0.0,
2024-05-08,2385.989990234375,2395.0,2382.0,2389.0400390625,339.0,0.0,0.0,
2024-05-09,2383.989990234375,2386.0,2354.0,2355.639892578125,541.0,0.0,0.0,
2024-05-10,2402.75,2414.530029296875,2358.0,2364.75,2274.0,0.0,0.0,
2024-05-13,2352.75,2370.0,2342.010009765625,2370.0,496.0,0.0,0.0,
2024-05-14,2376.0,2386.0,2372.0,2383.60009765625,90.0,0.0,0.0,
2024-05-15,2387.989990234375,2388.0,2376.0,2382.679931640625,1247.0,0.0,0.0,
2024-05-16,2390.010009765625,2404.0,2366.010009765625,2403.0,480.0,0.0,0.0,
2024-05-17,2403.989990234375,2420.0,2394.0,2410.0,331.0,0.0,0.0,
2024-05-18,2413.989990234375,2413.989990234375,2412.0,2412.0,16.0,0.0,0.0,
2024-05-21,2420.0,2426.0,2408.0,2418.0,329.0,0.0,0.0,
2024-05-22,2418.010009765625,2426.0,2418.010009765625,2423.47998046875,188.0,0.0,0.0,
2024-05-23,2471.949951171875,2471.949951171875,2414.0,2460.219970703125,2624.0,0.0,0.0,
2024-05-24,2509.419921875,2509.419921875,2458.0,2465.989990234375,314.0,0.0,0.0,
2024-05-27,2466.010009765625,2476.0,2460.60009765625,2462.0,325.0,0.0,0.0,
2024-05-28,2464.010009765625,2466.0,2456.0,2459.030029296875,404.0,0.0,0.0,
2024-05-29,2445.989990234375,2450.0,2436.010009765625,2440.360107421875,3299.0,0.0,0.0,
2024-05-30,2434.0,2434.0,2410.0,2415.699951171875,238.0,0.0,0.0,
2024-05-31,2420.0,2436.0,2414.0,2421.830078125,755.0,0.0,0.0,
2024-06-03,2482.3701171875,2503.219970703125,2477.239990234375,2492.409912109375,3514.0,0.0,0.0,
2024-06-04,2542.5,2542.5,2356.0,2494.239990234375,4628.0,0.0,0.0,
2024-06-05,2500.0,2500.0,2405.010009765625,2443.639892578125,5378.0,0.0,0.0,
2024-06-06,2444.010009765625,2470.31005859375,2433.18994140625,2462.889892578125,2406.0,0.0,0.0,
2024-06-07,2462.89990234375,2516.090087890625,2458.0,2506.239990234375,569.0,0.0,0.0,
2024-06-10,2516.85009765625,2520.27001953125,2496.010009765625,2497.0,2413.0,0.0,0.0,
2024-06-11,2503.989990234375,2511.199951171875,2496.0,2501.139892578125,166.0,0.0,0.0,
2024-06-12,2500.0,2518.0,2481.60009765625,2505.830078125,131.0,0.0,0.0,
2024-06-13,2516.0,2520.860107421875,2510.0,2517.860107421875,203.0,0.0,0.0,
2024-06-14,2509.5400390625,2525.989990234375,2508.60009765625,2524.0,120.0,0.0,0.0,
2024-06-18,2518.010009765625,2540.0,2518.010009765625,2534.0,328.0,0.0,0.0,
2024-06-19,2534.010009765625,2537.0,2520.0,2529.949951171875,586.0,0.0,0.0,
2024-06-20,2524.010009765625,2536.0,2524.010009765625,2536.0,34.0,0.0,0.0,
2024-06-21,2538.010009765625,2538.010009765625,2518.0,2528.7900390625,64.0,0.0,0.0,
2024-06-24,2500.0,2532.0,2500.0,2530.0,238.0,0.0,0.0,
2024-06-25,2643.85009765625,2643.85009765625,2536.0,2551.31005859375,194.0,0.0,0.0,
2024-06-26,2643.85009765625,2570.0,2548.010009765625,2570.0,63.0,0.0,0.0,
2024-06-27,2570.0,2588.0,2552.0,2587.60009765625,187.0,0.0,0.0,
2024-06-28,2592.010009765625,2604.0,2582.0,2583.260009765625,394.0,0.0,0.0,
2024-07-01,2584.010009765625,2598.010009765625,2584.010009765625,2597.56005859375,68.0,0.0,0.0,
2024-07-02,2594.010009765625,2601.989990234375,2588.0,2595.93994140625,199.0,0.0,0.0,
2024-07-03,2595.93994140625,2616.0,2595.93994140625,2612.760009765625,148.0,0.0,0.0,
2024-07-04,2616.0,2624.0,2614.0,2615.110107421875,324.0,0.0,0.0,
2024-07-05,2614.010009765625,2621.010009765625,2602.0,2619.25,275.0,0.0,0.0,
2024-07-08,2671.639892578125,2671.639892578125,2610.0,2617.010009765625,672.0,0.0,0.0,
2024-07-09,2618.010009765625,2630.02001953125,2618.010009765625,2629.070068359375,205.0,0.0,0.0,
2024-07-10,2624.010009765625,2626.0,2602.0,2619.989990234375,657.0,0.0,0.0,
2024-07-11,2622.0,2622.0,2610.0,2618.0400390625,494.0,0.0,0.0,
2024-07-12,2623.989990234375,2644.0,2623.989990234375,2638.760009765625,90.0,0.0,0.0,
2024-07-15,2642.010009765625,2646.0,2642.0,2648.0,84.0,0.0,0.0,
2024-07-16,2648.010009765625,2654.0,2646.0,2647.070068359375,328.0,0.0,0.0,
2024-07-18,2700.010009765625,2700.010009765625,2640.010009765625,2670.25,135.0,0.0,0.0,
2024-07-19,2662.010009765625,2663.0,2636.0,2638.110107421875,722.0,0.0,0.0,
2024-07-22,2640.010009765625,2644.0,2625.989990234375,2638.60009765625,596.0,0.0,0.0,
2024-07-23,2630.010009765625,2640.010009765625,2597.0,2635.0,599.0,0.0,0.0,
2024-07-24,2635.0,2635.0,2620.0,2629.0,150.0,0.0,0.0,
2024-07-25,2609.989990234375,2630.0,2609.989990234375,2627.530029296875,328.0,0.0,0.0,
2024-07-26,2635.989990234375,2676.0,2635.989990234375,2675.06005859375,377.0,0.0,0.0,
2024-07-29,2685.989990234375,2694.0,2672.0,2674.070068359375,265.0,0.0,0.0,
2024-07-30,2670.010009765625,2690.0,2662.070068359375,2678.10009765625,614.0,0.0,0.0,
2024-07-31,2678.010009765625,2686.0,2678.010009765625,2686.0,20.0,0.0,0.0,
2024-08-01,2698.0,2700.0,2688.0,2693.0,362.0,0.0,0.0,
2024-08-02,2673.989990234375,2676.0,2662.0,2663.949951171875,597.0,0.0,0.0,
2024-08-05,2624.0400390625,2635.31005859375,2580.010009765625,2598.31005859375,1960.0,0.0,0.0,
2024-08-06,2673.300048828125,2678.31005859375,2584.0,2588.97998046875,1847.0,0.0,0.0,
2024-08-07,2617.989990234375,2624.0,2608.0,2621.110107421875,3469.0,0.0,0.0,
2024-08-08,2739.06005859375,2739.06005859375,2598.0,2600.110107421875,367.0,0.0,0.0,
2024-08-09,2627.989990234375,2635.199951171875,2604.820068359375,2626.02001953125,2562.0,0.0,0.0,
2024-08-12,2627.0,2636.0,2610.0,2623.510009765625,139.0,0.0,0.0,
2024-08-13,2626.010009765625,2630.0,2602.0,2602.02001953125,388.0,0.0,0.0,
2024-08-14,2601.989990234375,2608.0,2600.0,2605.0,448.0,0.0,0.0,
2024-08-16,2624.010009765625,2650.010009765625,2614.0,2649.840087890625,427.0,0.0,0.0,
2024-08-19,2652.010009765625,2654.0,2648.0,2652.929931640625,516.0,0.0,0.0,
2024-08-20,2656.010009765625,2666.0,2656.010009765625,2664.0,43.0,0.0,0.0,
2024-08-21,2659.5,2674.0,2659.5,2673.659912109375,41.0,0.0,0.0,
2024-08-22,2678.0,2680.0,2672.0,2678.0,178.0,0.0,0.0,
2024-08-23,2679.989990234375,2682.0,2676.0,2680.0,325.0,0.0,0.0,
2024-08-26,2692.010009765625,2702.0,2692.010009765625,2700.010009765625,352.0,0.0,0.0,
2024-08-27,2701.989990234375,2726.7099609375,2699.989990234375,2700.06005859375,650.0,0.0,0.0,
2024-08-28,2702.010009765625,2712.0,2690.860107421875,2704.010009765625,1368.0,0.0,0.0,
2024-08-29,2705.989990234375,2716.0,2701.989990234375,2714.0,325.0,0.0,0.0,
2024-08-30,2720.0,2728.0,2720.0,2724.909912109375,49.0,0.0,0.0,
2024-09-02,2730.010009765625,2804.909912109375,2726.0,2730.0,1022.0,0.0,0.0,
2024-09-03,2729.989990234375,2737.699951171875,2726.0,2730.0,2375.0,0.0,0.0,
2024-09-04,2730.0,2730.0,2698.0,2720.0,182.0,0.0,0.0,
2024-09-05,2720.010009765625,2724.0,2709.0,2709.02001953125,748.0,0.0,0.0,
2024-09-06,2763.199951171875,2763.199951171875,2680.0,2682.1201171875,633.0,0.0,0.0,
2024-09-09,2682.1201171875,2692.320068359375,2675.989990234375,2691.780029296875,438.0,0.0,0.0,
2024-09-10,2689.0,2708.0,2686.0,2702.389892578125,11040.0,0.0,0.0,
2024-09-11,2700.010009765625,2707.989990234375,2686.010009765625,2688.669921875,51.0,0.0,0.0,
2024-09-12,2700.0,2743.409912109375,2694.0,2738.52001953125,890.0,0.0,0.0,
2024-09-13,2738.52001953125,2745.1201171875,2730.0,2741.679931640625,429.0,0.0,0.0,
2024-09-16,2738.010009765625,2748.550048828125,2734.0,2745.449951171875,1094.0,0.0,0.0,
2024-09-17,2740.010009765625,2746.0,2734.449951171875,2744.18994140625,443.0,0.0,0.0,
2024-09-18,2740.0,2746.0,2730.0,2738.659912109375,315.0,0.0,0.0,
2024-09-19,2807.1298828125,2807.1298828125,2738.0,2743.010009765625,263.0,0.0,0.0,
2024-09-20,2754.010009765625,2784.010009765625,2739.429931640625,2783.6298828125,630.0,0.0,0.0,
2024-09-23,2792.010009765625,2798.010009765625,2788.0,2796.389892578125,363.0,0.0,0.0,
2024-09-24,2798.0,2806.31005859375,2796.010009765625,2800.14990234375,250.0,0.0,0.0,
2024-09-25,2803.989990234375,2808.0,2792.0,2807.18994140625,291.0,0.0,0.0,
2024-09-26,2807.0,2830.0,2806.0,2827.89990234375,329.0,0.0,0.0,
2024-09-27,2884.510009765625,2884.510009765625,2823.989990234375,2825.090087890625,668.0,0.0,0.0,
2024-09-30,2812.010009765625,2813.989990234375,2786.0,2786.530029296875,404.0,0.0,0.0,
2024-10-01,2794.010009765625,2796.0,2782.0,2784.1201171875,503.0,0.0,0.0,
2024-10-03,2757.989990234375,2766.72998046875,2728.0,2730.610107421875,2446.0,0.0,0.0,
2024-10-04,2730.610107421875,2744.0,2698.0,2702.0,1231.0,0.0,0.0,
2024-10-07,2715.989990234375,2734.389892578125,2670.0,2680.02001953125,2931.0,0.0,0.0,
2024-10-08,2677.989990234375,2707.56005859375,2674.0,2700.9599609375,1539.0,0.0,0.0,
2024-10-09,2754.97998046875,2781.06005859375,2694.010009765625,2697.02001953125,1409.0,0.0,0.0,
2024-10-10,2703.989990234375,2718.0,2698.0,2698.9599609375,136.0,0.0,0.0,
2024-10-11,2693.989990234375,2704.0,2688.0,2694.0400390625,454.0,0.0,0.0,
2024-10-14,2701.989990234375,2728.0,2701.989990234375,2712.030029296875,955.0,0.0,0.0,
2024-10-15,2721.989990234375,2722.0,2701.0,2705.0,1187.0,0.0,0.0,
2024-10-16,2701.989990234375,2706.0,2692.0,2696.0,372.0,0.0,0.0,
2024-10-17,2650.010009765625,2707.989990234375,2650.010009765625,2673.14990234375,245.0,0.0,0.0,
2024-10-18,2726.610107421875,2726.610107421875,2652.0,2682.6201171875,1400.0,0.0,0.0,
2024-10-21,2746.43994140625,2795.0,2668.0,2678.8798828125,1288.0,0.0,0.0,
2024-10-22,2675.0,2686.0,2642.0,2643.050048828125,301.0,0.0,0.0,
2024-10-23,2695.909912109375,2695.919921875,2638.0,2638.89990234375,493.0,0.0,0.0,
2024-10-24,2572.929931640625,2642.169921875,2572.929931640625,2635.610107421875,768.0,0.0,0.0,
2024-10-25,2635.989990234375,2635.989990234375,2602.0,2611.97998046875,1123.0,0.0,0.0,
2024-10-28,2617.989990234375,2640.0,2616.0,2632.8798828125,1326.0,0.0,0.0,
2024-10-29,2614.010009765625,2643.0,2610.0,2642.9599609375,243.0,0.0,0.0,
2024-10-30,2640.0,2642.0,2628.0,2629.25,406.0,0.0,0.0,
2024-10-31,2621.989990234375,2626.0,2616.0,2616.159912109375,225.0,0.0,0.0,
2024-11-01,2616.159912109375,2616.159912109375,2616.159912109375,2616.159912109375,0.0,0.0,0.0,
2024-11-04,2630.75,2630.75,2580.0,2593.280029296875,1625.0,0.0,0.0,
2024-11-05,2590.010009765625,2618.030029296875,2574.0,2616.14990234375,767.0,0.0,0.0,
2024-11-06,2619.989990234375,2670.070068359375,2619.989990234375,2651.469970703125,2132.0,0.0,0.0,
2024-11-07,2651.469970703125,2656.0,2610.60009765625,2615.0,1486.0,0.0,0.0,
2024-11-08,2549.6201171875,2618.0,2549.6201171875,2610.0,1016.0,0.0,0.0,
2024-11-11,2608.5400390625,2628.0,2594.010009765625,2610.0,459.0,0.0,0.0,
2024-11-12,2612.0,2678.0,2533.60009765625,2575.77001953125,466.0,0.0,0.0,
2024-11-13,2572.0,2576.0,2546.0,2546.409912109375,605.0,0.0,0.0,
2024-11-14,2552.0,2564.0,2542.0,2543.909912109375,370.0,0.0,0.0,
2024-11-18,2543.919921875,2554.0,2527.110107421875,2535.340087890625,1066.0,0.0,0.0,
2024-11-19,2544.010009765625,2575.5,2536.0,2542.60009765625,1672.0,0.0,0.0,
2024-11-20,2542.60009765625,2542.60009765625,2542.60009765625,2542.60009765625,0.0,0.0,0.0,
2024-11-21,2528.0,2530.0,2510.0,2523.969970703125,536.0,0.0,0.0,
2024-11-22,2530.0,2586.0,2530.0,2583.889892578125,844.0,0.0,0.0,
2024-11-25,2622.64990234375,2632.0,2608.0,2618.070068359375,521.0,0.0,0.0,
2024-11-26,2683.530029296875,2683.530029296875,2610.0,2614.97998046875,482.0,0.0,0.0,
2024-11-27,2620.010009765625,2628.010009765625,2610.0,2622.18994140625,509.0,0.0,0.0,
2024-11-28,2623.989990234375,2630.0,2580.0,2584.169921875,539.0,0.0,0.0,
2024-11-29,2592.0,2612.0,2591.989990234375,2610.0,456.0,0.0,0.0,
2024-12-02,2610.10009765625,2624.0,2598.0,2624.0,441.0,0.0,0.0,
2024-12-03,2663.35009765625,2663.35009765625,2584.639892578125,2644.090087890625,279.0,0.0,0.0,
2024-12-04,2667.989990234375,2667.989990234375,2638.0,2645.699951171875,316.0,0.0,0.0,
2024-12-05,2650.0,2684.0,2634.0,2671.840087890625,614.0,0.0,0.0,
2024-12-06,2672.0,2674.0,2664.0,2668.179931640625,334.0,0.0,0.0,
2024-12-09,2668.179931640625,2668.199951171875,2644.389892578125,2662.0400390625,1490.0,0.0,0.0,
2024-12-10,2647.43994140625,2668.0,2646.330078125,2658.0,327.0,0.0,0.0,
2024-12-12,2664.2900390625,2668.0,2654.0,2654.4599609375,1373.0,0.0,0.0,
2024-12-11,2662.010009765625,2666.0,2662.010009765625,2664.2900390625,124.0,0.0,0.0,
2024-12-13,2654.469970703125,2680.0,2612.89990234375,2676.840087890625,649.0,0.0,0.0,
2024-12-16,2680.0,2680.0,2662.0,2664.52001953125,225.0,0.0,0.0,
2024-12-17,2655.010009765625,2655.010009765625,2626.0,2630.139892578125,525.0,0.0,0.0,
2024-12-18,2626.010009765625,2628.699951171875,2612.0,2613.760009765625,234.0,0.0,0.0,
2024-12-19,2613.760009765625,2613.760009765625,2580.550048828125,2590.070068359375,1381.0,0.0,0.0,
2024-12-20,2587.989990234375,2598.0,2551.989990234375,2554.64990234375,938.0,0.0,0.0,
2024-12-23,2569.989990234375,2582.0,2560.010009765625,2568.010009765625,459.0,0.0,0.0,
2024-12-24,2569.989990234375,2578.0,2550.469970703125,2562.0400390625,624.0,0.0,0.0,
2024-12-26,2576.0,2576.0,2550.179931640625,2566.97998046875,738.0,0.0,0.0,
2024-12-27,2574.0,2600.260009765625,2564.610107421875,2572.070068359375,421.0,0.0,0.0,
2024-12-30,2611.510009765625,2630.0,2554.0,2555.340087890625,734.0,0.0,0.0,
2024-12-31,2547.989990234375,2558.0,2536.010009765625,2555.989990234375,239.0,0.0,0.0,
2025-01-01,2554.010009765625,2576.0,2546.0,2566.070068359375,445.0,0.0,0.0,
2025-01-02,2577.010009765625,2617.0,2577.010009765625,2614.090087890625,948.0,0.0,0.0,
2025-01-03,2613.989990234375,2615.780029296875,2596.0,2597.1201171875,677.0,0.0,0.0,
2025-01-06,2602.010009765625,2602.010009765625,2552.0,2552.75,956.0,0.0,0.0,
2025-01-07,2562.0,2570.969970703125,2561.989990234375,2562.2099609375,1053.0,0.0,0.0,
2025-01-08,2560.0,2569.77001953125,2544.0,2561.969970703125,2230.0,0.0,0.0,
2025-01-09,2555.989990234375,2558.0,2543.0,2551.179931640625,454.0,0.0,0.0,
2025-01-10,2551.18994140625,2552.0,2526.0,2534.60009765625,1546.0,0.0,0.0,
2025-01-13,2530.010009765625,2530.010009765625,2495.989990234375,2496.590087890625,1108.0,0.0,0.0,
2025-01-15,2505.52001953125,2558.159912109375,2505.52001953125,2512.010009765625,43.0,0.0,0.0,
2025-01-14,2510.0,2514.6298828125,2501.0,2505.52001953125,896.0,0.0,0.0,
2025-01-16,2524.010009765625,2526.0,2509.989990234375,2520.0,1017.0,0.0,0.0,
2025-01-17,2512.0,2558.320068359375,2504.0,2510.909912109375,922.0,0.0,0.0,
2025-01-20,2510.909912109375,2526.0,2510.0,2524.0,255.0,0.0,0.0,
2025-01-21,2549.300048828125,2549.300048828125,2495.0,2497.800048828125,860.0,0.0,0.0,
2025-01-22,2497.989990234375,2506.0,2488.0,2503.06005859375,573.0,0.0,0.0,
2025-01-23,2503.070068359375,2520.0,2500.0,2515.889892578125,282.0,0.0,0.0,
2025-01-24,2555.760009765625,2555.760009765625,2500.0,2501.219970703125,120.0,0.0,0.0,
2025-01-27,2533.989990234375,2563.760009765625,2466.0,2475.409912109375,1535.0,0.0,0.0,
2025-01-28,2512.5400390625,2512.5400390625,2474.0,2486.489990234375,626.0,0.0,0.0,
2025-01-29,2486.489990234375,2516.0,2484.0,2506.719970703125,584.0,0.0,0.0,
2025-01-30,2506.0,2524.0,2506.0,2514.6298828125,131.0,0.0,0.0,
2025-01-31,2529.989990234375,2555.219970703125,2526.0,2545.0,209.0,0.0,0.0,
2025-02-01,2595.89990234375,2595.89990234375,2526.010009765625,2543.47998046875,800.0,0.0,0.0,
2025-02-03,2500.25,2534.0,2500.25,2533.449951171875,1655.0,0.0,0.0,
2025-02-04,2550.010009765625,2572.0,2540.0,2569.93994140625,478.0,0.0,0.0,
2025-02-05,2576.0,2578.0,2564.0,2564.1201171875,219.0,0.0,0.0,
2025-02-06,2558.010009765625,2560.469970703125,2554.0,2560.06005859375,256.0,0.0,0.0,
2025-02-07,2560.0,2565.0,2540.0,2553.030029296875,594.0,0.0,0.0,
2025-02-10,2550.0,2550.0,2530.0,2535.330078125,1462.0,0.0,0.0,
2025-02-11,2532.0,2532.0,2492.0,2502.2900390625,643.0,0.0,0.0,
2025-02-12,2498.0,2502.0,2472.0,2497.0,262.0,0.0,0.0,
2025-02-13,2484.780029296875,2516.820068359375,2484.780029296875,2494.030029296875,417.0,0.0,0.0,
2025-02-14,2500.0,2503.93994140625,2470.0,2485.110107421875,1310.0,0.0,0.0,
2025-02-17,2477.760009765625,2488.409912109375,2470.0,2487.56005859375,537.0,0.0,0.0,
2025-02-18,2482.0,2486.0,2474.0,2484.989990234375,663.0,0.0,0.0,
