Date,Open,High,Low,Close,Volume,Dividends,Stock Splits,Adj Close
2016-06-10,145.5429992675781,145.5429992675781,145.5429992675781,145.5429992675781,0.0,0.0,0.0,
2016-06-16,145.6132965087891,145.6132965087891,145.6132965087891,145.6132965087891,0.0,0.0,0.0,
2016-06-17,145.6737976074219,145.6737976074219,145.6737976074219,145.6737976074219,0.0,0.0,0.0,
2016-06-20,145.8334045410156,145.8334045410156,145.8334045410156,145.8334045410156,0.0,0.0,0.0,
2016-06-21,145.8276977539062,145.8276977539062,145.8276977539062,145.8276977539062,0.0,0.0,0.0,
2016-06-22,146.0673980712891,146.0673980712891,146.0673980712891,146.0673980712891,0.0,0.0,0.0,
2016-06-23,117.2300033569336,117.2300033569336,117.2300033569336,117.2300033569336,34.0,0.0,0.0,
2016-06-24,146.1432952880859,146.1432952880859,146.1432952880859,146.1432952880859,0.0,0.0,0.0,
2016-06-27,146.3791046142578,146.3791046142578,146.3791046142578,146.3791046142578,0.0,0.0,0.0,
2016-06-28,146.4644927978516,146.4644927978516,146.4644927978516,146.4644927978516,0.0,0.0,0.0,
2016-06-29,146.5780029296875,146.5780029296875,146.5780029296875,146.5780029296875,0.0,0.0,0.0,
2016-06-30,146.5583953857422,146.5583953857422,146.5583953857422,146.5583953857422,0.0,0.0,0.0,
2016-07-01,146.875,146.875,146.875,146.875,0.0,0.0,0.0,
2016-07-04,146.9071960449219,146.9071960449219,146.9071960449219,146.9071960449219,0.0,0.0,0.0,
2016-07-05,147.2306976318359,147.2306976318359,147.2306976318359,147.2306976318359,0.0,0.0,0.0,
2016-07-07,147.4123992919922,147.4123992919922,147.4123992919922,147.4123992919922,0.0,0.0,0.0,
2016-07-08,130.0,130.0,130.0,130.0,34.0,0.0,0.0,
2016-07-11,130.0,130.0,119.0,128.5800018310547,39.0,0.0,0.0,
2016-07-12,148.0023040771484,148.0023040771484,148.0023040771484,148.0023040771484,0.0,0.0,0.0,
2016-07-13,148.556396484375,148.556396484375,148.556396484375,148.556396484375,0.0,0.0,0.0,
2016-07-14,170.0,170.0,130.0,150.0,78.0,0.0,0.0,
2016-07-15,170.0,170.0,130.0,169.9700012207031,173.0,0.0,0.0,
2016-07-18,148.5982055664062,148.5982055664062,148.5982055664062,148.5982055664062,0.0,0.0,0.0,
2016-07-19,148.7664947509766,148.7664947509766,148.7664947509766,148.7664947509766,0.0,0.0,0.0,
2016-07-20,148.8984069824219,148.8984069824219,148.8984069824219,148.8984069824219,0.0,0.0,0.0,
2016-07-21,149.0158996582031,149.0158996582031,149.0158996582031,149.0158996582031,0.0,0.0,0.0,
2016-07-22,148.5554046630859,148.5554046630859,148.5554046630859,148.5554046630859,0.0,0.0,0.0,
2016-07-25,149.2649993896484,149.2649993896484,149.2649993896484,149.2649993896484,0.0,0.0,0.0,
2016-07-26,149.2514953613281,149.2514953613281,149.2514953613281,149.2514953613281,0.0,0.0,0.0,
2016-07-27,149.2998046875,149.2998046875,149.2998046875,149.2998046875,0.0,0.0,0.0,
2016-07-28,149.9730987548828,149.9730987548828,149.9730987548828,149.9730987548828,0.0,0.0,0.0,
2016-07-29,131.0899963378906,172.0,131.0899963378906,140.0200042724609,97.0,0.0,0.0,
2016-08-01,141.2599945068359,141.2599945068359,141.2599945068359,141.2599945068359,34.0,0.0,0.0,
2016-08-02,165.0,165.0,164.0,164.0,12.0,0.0,0.0,
2016-08-03,150.0214996337891,150.0214996337891,150.0214996337891,150.0214996337891,0.0,0.0,0.0,
2016-08-04,128.3500061035156,128.3500061035156,128.3500061035156,128.3500061035156,2.0,0.0,0.0,
2016-08-05,135.0099945068359,135.0099945068359,135.0099945068359,135.0099945068359,1.0,0.0,0.0,
2016-08-08,150.3829956054688,150.3829956054688,150.3829956054688,150.3829956054688,0.0,0.0,0.0,
2016-08-09,150.9071960449219,150.9071960449219,150.9071960449219,150.9071960449219,0.0,0.0,0.0,
2016-08-10,151.1734924316406,151.1734924316406,151.1734924316406,151.1734924316406,0.0,0.0,0.0,
2016-08-11,151.3744049072266,151.3744049072266,151.3744049072266,151.3744049072266,0.0,0.0,0.0,
2016-08-12,135.0099945068359,135.0099945068359,135.0099945068359,135.0099945068359,2.0,0.0,0.0,
2016-08-16,135.0099945068359,135.0099945068359,135.0099945068359,135.0099945068359,5.0,0.0,0.0,
2016-08-18,150.9967041015625,150.9967041015625,150.9967041015625,150.9967041015625,0.0,0.0,0.0,
2016-08-19,137.0,137.0,137.0,137.0,2.0,0.0,0.0,
2016-08-22,136.5,136.5,136.5,136.5,5.0,0.0,0.0,
2016-08-23,150.9620056152344,150.9620056152344,150.9620056152344,150.9620056152344,0.0,0.0,0.0,
2016-08-24,140.0,140.0,140.0,140.0,10.0,0.0,0.0,
2016-08-25,151.3892974853516,151.3892974853516,151.3892974853516,151.3892974853516,0.0,0.0,0.0,
2016-08-26,151.3598937988281,151.3598937988281,151.3598937988281,151.3598937988281,0.0,0.0,0.0,
2016-08-29,151.506103515625,151.506103515625,151.506103515625,151.506103515625,0.0,0.0,0.0,
2016-08-30,151.6472930908203,151.6472930908203,151.6472930908203,151.6472930908203,0.0,0.0,0.0,
2016-08-31,136.25,136.25,136.25,136.25,10.0,0.0,0.0,
2016-09-01,123.0,123.0,123.0,123.0,34.0,0.0,0.0,
2016-09-02,180.0,180.0,141.0099945068359,142.0299987792969,638.0,0.0,0.0,
2016-09-06,140.1999969482422,140.1999969482422,135.0099945068359,136.1000061035156,69.0,0.0,0.0,
2016-09-07,136.5,137.0500030517578,136.5,137.0500030517578,89.0,0.0,0.0,
2016-09-08,152.1000061035156,174.0,152.1000061035156,174.0,285.0,0.0,0.0,
2016-09-09,174.0,174.0,174.0,174.0,5.0,0.0,0.0,
2016-09-12,152.2691040039062,152.2691040039062,152.2691040039062,152.2691040039062,0.0,0.0,0.0,
2016-09-14,142.0599975585938,172.9900054931641,142.0599975585938,143.5099945068359,26.0,0.0,0.0,
2016-09-15,145.0,150.9499969482422,145.0,150.8500061035156,49.0,0.0,0.0,
2016-09-16,179.8999938964844,179.8999938964844,144.4100036621094,150.0,33.0,0.0,0.0,
2016-09-19,152.7801971435547,152.7801971435547,152.7801971435547,152.7801971435547,0.0,0.0,0.0,
2016-09-20,150.0,150.0,150.0,150.0,57.0,0.0,0.0,
2016-09-21,149.0,174.9199981689453,149.0,173.9299926757812,115.0,0.0,0.0,
2016-09-22,173.9299926757812,173.9299926757812,173.9299926757812,173.9299926757812,47.0,0.0,0.0,
2016-09-23,153.7610931396484,153.7610931396484,153.7610931396484,153.7610931396484,0.0,0.0,0.0,
2016-09-26,154.1609954833984,154.1609954833984,154.1609954833984,154.1609954833984,0.0,0.0,0.0,
2016-09-27,179.8000030517578,179.8000030517578,179.8000030517578,179.8000030517578,15.0,0.0,0.0,
2016-09-28,151.1100006103516,151.1100006103516,151.1100006103516,151.1100006103516,100.0,0.0,0.0,
2016-09-29,151.0,153.5,151.0,153.25,105.0,0.0,0.0,
2016-09-30,154.0408935546875,154.0408935546875,154.0408935546875,154.0408935546875,0.0,0.0,0.0,
2016-10-03,160.5,175.0,160.5,169.6699981689453,323.0,0.0,0.0,
2016-10-04,151.5299987792969,179.9900054931641,151.5200042724609,155.9799957275391,303.0,0.0,0.0,
2016-10-05,157.0,173.1000061035156,157.0,159.0500030517578,148.0,0.0,0.0,
2016-10-06,155.6174926757812,155.6174926757812,155.6174926757812,155.6174926757812,0.0,0.0,0.0,
2016-10-07,155.3603057861328,155.3603057861328,155.3603057861328,155.3603057861328,0.0,0.0,0.0,
2016-10-10,155.7360992431641,155.7360992431641,155.7360992431641,155.7360992431641,0.0,0.0,0.0,
2016-10-13,159.0500030517578,159.0500030517578,159.0500030517578,159.0500030517578,34.0,0.0,0.0,
2016-10-14,155.3946990966797,155.3946990966797,155.3946990966797,155.3946990966797,0.0,0.0,0.0,
2016-10-17,152.1499938964844,179.6000061035156,136.5099945068359,150.4900054931641,1161.0,0.0,0.0,
2016-10-18,155.8883056640625,155.8883056640625,155.8883056640625,155.8883056640625,0.0,0.0,0.0,
2016-10-19,155.7615051269531,155.7615051269531,155.7615051269531,155.7615051269531,0.0,0.0,0.0,
2016-10-20,155.4828948974609,155.4828948974609,155.4828948974609,155.4828948974609,0.0,0.0,0.0,
2016-10-21,155.5247955322266,155.5247955322266,155.5247955322266,155.5247955322266,0.0,0.0,0.0,
2016-10-24,164.0,164.0,160.0099945068359,162.0,20.0,0.0,0.0,
2016-10-25,160.0,160.0,160.0,160.0,5.0,0.0,0.0,
2016-10-26,155.5155944824219,155.5155944824219,155.5155944824219,155.5155944824219,0.0,0.0,0.0,
2016-10-27,155.3623046875,155.3623046875,155.3623046875,155.3623046875,0.0,0.0,0.0,
2016-10-28,155.3468017578125,155.3468017578125,155.3468017578125,155.3468017578125,0.0,0.0,0.0,
2016-11-01,160.0,160.0,160.0,160.0,1.0,0.0,0.0,
2016-11-02,160.0,160.0,160.0,160.0,30.0,0.0,0.0,
2016-11-03,155.1705017089844,155.1705017089844,155.1705017089844,155.1705017089844,0.0,0.0,0.0,
2016-11-04,155.0254974365234,155.0254974365234,155.0254974365234,155.0254974365234,0.0,0.0,0.0,
2016-11-07,155.1645050048828,155.1645050048828,155.1645050048828,155.1645050048828,0.0,0.0,0.0,
2016-11-08,155.5957946777344,155.5957946777344,155.5957946777344,155.5957946777344,0.0,0.0,0.0,
2016-11-09,157.0444946289062,157.0444946289062,157.0444946289062,157.0444946289062,0.0,0.0,0.0,
2016-11-10,179.8999938964844,179.8999938964844,140.0,177.9900054931641,7.0,0.0,0.0,
2016-11-11,156.4929962158203,156.4929962158203,156.4929962158203,156.4929962158203,0.0,0.0,0.0,
2016-11-15,156.0,156.0,156.0,156.0,220.0,0.0,0.0,
2016-11-16,159.7066040039062,159.7066040039062,159.7066040039062,159.7066040039062,0.0,0.0,0.0,
2016-11-17,181.8999938964844,181.8999938964844,181.8999938964844,181.8999938964844,30.0,0.0,0.0,
2016-11-18,159.9340972900391,159.9340972900391,159.9340972900391,159.9340972900391,0.0,0.0,0.0,
2016-11-21,148.0,181.8899993896484,146.0,146.0,88.0,0.0,0.0,
2016-11-22,161.3979034423828,161.3979034423828,161.3979034423828,161.3979034423828,0.0,0.0,0.0,
2016-11-23,161.7608032226562,161.7608032226562,161.7608032226562,161.7608032226562,0.0,0.0,0.0,
2016-11-24,162.8677062988281,162.8677062988281,162.8677062988281,162.8677062988281,0.0,0.0,0.0,
2016-11-25,184.9900054931641,184.9900054931641,150.0,151.0,32.0,0.0,0.0,
2016-11-28,161.3883972167969,161.3883972167969,161.3883972167969,161.3883972167969,0.0,0.0,0.0,
2016-11-29,151.0,151.0,146.0,147.0500030517578,510.0,0.0,0.0,
2016-11-30,162.3419036865234,162.3419036865234,162.3419036865234,162.3419036865234,0.0,0.0,0.0,
2016-12-01,162.7198944091797,162.7198944091797,162.7198944091797,162.7198944091797,0.0,0.0,0.0,
2016-12-02,162.4178009033203,162.4178009033203,162.4178009033203,162.4178009033203,0.0,0.0,0.0,
2016-12-05,162.7895050048828,162.7895050048828,162.7895050048828,162.7895050048828,0.0,0.0,0.0,
2016-12-06,162.9853057861328,162.9853057861328,162.9853057861328,162.9853057861328,0.0,0.0,0.0,
2016-12-07,146.2100067138672,178.0099945068359,146.2100067138672,164.0,546.0,0.0,0.0,
2016-12-08,172.0,175.0,152.0599975585938,164.8999938964844,303.0,0.0,0.0,
2016-12-09,160.4178924560547,160.4178924560547,160.4178924560547,160.4178924560547,0.0,0.0,0.0,
2016-12-12,151.5500030517578,151.6499938964844,151.5500030517578,151.6499938964844,4.0,0.0,0.0,
2016-12-13,147.6600036621094,169.0700073242188,147.6600036621094,152.9900054931641,305.0,0.0,0.0,
2016-12-14,162.0,163.0,151.5,152.0,768.0,0.0,0.0,
2016-12-15,159.4631042480469,159.4631042480469,159.4631042480469,159.4631042480469,0.0,0.0,0.0,
2016-12-16,159.8583068847656,159.8583068847656,159.8583068847656,159.8583068847656,0.0,0.0,0.0,
2016-12-19,159.8820037841797,159.8820037841797,159.8820037841797,159.8820037841797,0.0,0.0,0.0,
2016-12-20,160.2409973144531,160.2409973144531,160.2409973144531,160.2409973144531,0.0,0.0,0.0,
2016-12-21,160.4824066162109,160.4824066162109,160.4824066162109,160.4824066162109,0.0,0.0,0.0,
2016-12-22,159.8809967041016,159.8809967041016,159.8809967041016,159.8809967041016,0.0,0.0,0.0,
2016-12-23,161.5,161.5,150.5,152.0,500.0,0.0,0.0,
2016-12-26,162.0,162.0,147.1999969482422,147.1999969482422,6.0,0.0,0.0,
2016-12-27,159.2543029785156,159.2543029785156,159.2543029785156,159.2543029785156,0.0,0.0,0.0,
2016-12-28,159.3513946533203,159.3513946533203,159.3513946533203,159.3513946533203,0.0,0.0,0.0,
2016-12-29,162.0,162.0,159.6999969482422,159.6999969482422,30.0,0.0,0.0,
2016-12-30,164.0,169.9499969482422,150.0800018310547,151.1199951171875,231.0,0.0,0.0,
2017-01-02,164.75,164.75,147.2899932861328,153.9799957275391,44.0,0.0,0.0,
2017-01-03,161.0399932861328,161.0399932861328,161.0399932861328,161.0399932861328,0.0,0.0,0.0,
2017-01-04,162.9400024414062,162.9400024414062,161.9900054931641,161.9900054931641,10.0,0.0,0.0,
2017-01-05,160.0,160.0,155.0,155.0,65.0,0.0,0.0,
2017-01-06,170.0,170.0,170.0,170.0,10.0,0.0,0.0,
2017-01-09,175.0,175.0,154.0,154.0,53.0,0.0,0.0,
2017-01-10,161.7008972167969,161.7008972167969,161.7008972167969,161.7008972167969,0.0,0.0,0.0,
2017-01-11,161.8059997558594,161.8059997558594,161.8059997558594,161.8059997558594,0.0,0.0,0.0,
2017-01-12,162.0476989746094,162.0476989746094,162.0476989746094,162.0476989746094,0.0,0.0,0.0,
2017-01-13,161.5780029296875,161.5780029296875,161.5780029296875,161.5780029296875,0.0,0.0,0.0,
2017-01-16,160.0,160.0,157.75,159.0,229.0,0.0,0.0,
2017-01-17,160.0,160.0,158.5,158.5,193.0,0.0,0.0,
2017-01-18,161.0,161.1499938964844,160.0,160.9499969482422,45.0,0.0,0.0,
2017-01-19,161.0,161.1499938964844,160.0,160.25,60.0,0.0,0.0,
2017-01-20,161.2805023193359,161.2805023193359,161.2805023193359,161.2805023193359,0.0,0.0,0.0,
2017-01-23,189.0,193.2799987792969,160.0700073242188,162.0,1389.0,0.0,0.0,
2017-01-24,161.25,161.25,156.0099945068359,156.0099945068359,78.0,0.0,0.0,
2017-01-25,162.3500061035156,162.4499969482422,161.3000030517578,161.3000030517578,50.0,0.0,0.0,
2017-01-27,161.1999969482422,161.1999969482422,161.1999969482422,161.1999969482422,50.0,0.0,0.0,
2017-01-30,162.1629028320312,162.1629028320312,162.1629028320312,162.1629028320312,0.0,0.0,0.0,
2017-01-31,162.8000030517578,162.8000030517578,162.8000030517578,162.8000030517578,60.0,0.0,0.0,
2017-02-01,161.9819946289062,161.9819946289062,161.9819946289062,161.9819946289062,0.0,0.0,0.0,
2017-02-02,161.5,161.5,161.5,161.5,28.0,0.0,0.0,
2017-02-03,162.8000030517578,162.8000030517578,162.8000030517578,162.8000030517578,40.0,0.0,0.0,
2017-02-06,162.2718963623047,162.2718963623047,162.2718963623047,162.2718963623047,0.0,0.0,0.0,
2017-02-07,162.0921936035156,162.0921936035156,162.0921936035156,162.0921936035156,0.0,0.0,0.0,
2017-02-08,161.6999969482422,161.6999969482422,161.6999969482422,161.6999969482422,30.0,0.0,0.0,
2017-02-09,160.0099945068359,192.9900054931641,158.0099945068359,158.0099945068359,1338.0,0.0,0.0,
2017-02-10,158.1100006103516,158.1100006103516,158.1100006103516,158.1100006103516,100.0,0.0,0.0,
2017-02-13,158.0099945068359,158.0099945068359,158.0,158.0,6.0,0.0,0.0,
2017-02-14,157.5164031982422,157.5164031982422,157.5164031982422,157.5164031982422,0.0,0.0,0.0,
2017-02-15,157.1000061035156,157.1000061035156,157.1000061035156,157.1000061035156,14.0,0.0,0.0,
2017-02-16,157.9125061035156,157.9125061035156,157.9125061035156,157.9125061035156,0.0,0.0,0.0,
2017-02-17,157.8730926513672,157.8730926513672,157.8730926513672,157.8730926513672,0.0,0.0,0.0,
2017-02-20,157.5,157.5,157.5,157.5,20.0,0.0,0.0,
2017-02-22,157.1230010986328,157.1230010986328,157.1230010986328,157.1230010986328,0.0,0.0,0.0,
2017-02-23,157.3675994873047,157.3675994873047,157.3675994873047,157.3675994873047,0.0,0.0,0.0,
2017-02-27,158.3000030517578,158.3000030517578,158.3000030517578,158.3000030517578,1.0,0.0,0.0,
2017-02-28,158.0399017333984,158.0399017333984,158.0399017333984,158.0399017333984,0.0,0.0,0.0,
2017-03-01,157.4615936279297,157.4615936279297,157.4615936279297,157.4615936279297,0.0,0.0,0.0,
2017-03-02,158.5081939697266,158.5081939697266,158.5081939697266,158.5081939697266,0.0,0.0,0.0,
2017-03-03,159.5,159.5,159.5,159.5,6.0,0.0,0.0,
2017-03-06,158.2109069824219,158.2109069824219,158.2109069824219,158.2109069824219,0.0,0.0,0.0,
2017-03-07,158.6179962158203,158.6179962158203,158.6179962158203,158.6179962158203,0.0,0.0,0.0,
2017-03-08,158.5,158.5,158.5,158.5,34.0,0.0,0.0,
2017-03-09,158.4427032470703,158.4427032470703,158.4427032470703,158.4427032470703,0.0,0.0,0.0,
2017-03-10,157.9248046875,157.9248046875,157.9248046875,157.9248046875,0.0,0.0,0.0,
2017-03-14,158.0829010009766,158.0829010009766,158.0829010009766,158.0829010009766,0.0,0.0,0.0,
2017-03-15,159.0,180.0,158.5,158.5,210.0,0.0,0.0,
2017-03-16,158.779296875,158.779296875,158.779296875,158.779296875,0.0,0.0,0.0,
2017-03-17,158.6067962646484,158.6067962646484,158.6067962646484,158.6067962646484,0.0,0.0,0.0,
2017-03-20,158.3186950683594,158.3186950683594,158.3186950683594,158.3186950683594,0.0,0.0,0.0,
2017-03-21,158.0099945068359,158.0099945068359,149.0,158.0,161.0,0.0,0.0,
2017-03-22,159.5,159.5,159.5,159.5,5.0,0.0,0.0,
2017-03-23,159.1159973144531,159.1159973144531,159.1159973144531,159.1159973144531,0.0,0.0,0.0,
2017-03-24,159.1553955078125,159.1553955078125,159.1553955078125,159.1553955078125,0.0,0.0,0.0,
2017-03-27,160.5572967529297,160.5572967529297,160.5572967529297,160.5572967529297,0.0,0.0,0.0,
2017-03-29,160.172607421875,160.172607421875,160.172607421875,160.172607421875,0.0,0.0,0.0,
2017-03-30,160.8516998291016,160.8516998291016,160.8516998291016,160.8516998291016,0.0,0.0,0.0,
2017-03-31,161.9900054931641,162.0500030517578,161.9900054931641,162.0500030517578,166.0,0.0,0.0,
2017-04-03,163.0,163.0,163.0,163.0,389.0,0.0,0.0,
2017-04-05,163.0,163.0,163.0,163.0,61.0,0.0,0.0,
2017-04-06,160.1672973632812,160.1672973632812,160.1672973632812,160.1672973632812,0.0,0.0,0.0,
2017-04-07,159.6486968994141,159.6486968994141,159.6486968994141,159.6486968994141,0.0,0.0,0.0,
2017-04-10,160.0,160.0,160.0,160.0,50.0,0.0,0.0,
2017-04-11,159.75,159.8000030517578,159.75,159.8000030517578,130.0,0.0,0.0,
2017-04-12,160.2223968505859,160.2223968505859,160.2223968505859,160.2223968505859,0.0,0.0,0.0,
2017-04-13,160.0,161.1000061035156,160.0,161.1000061035156,130.0,0.0,0.0,
2017-04-17,161.0,161.0,161.0,161.0,1.0,0.0,0.0,
2017-04-18,159.4933013916016,159.4933013916016,159.4933013916016,159.4933013916016,0.0,0.0,0.0,
2017-04-19,159.0,159.0,159.0,159.0,31.0,0.0,0.0,
2017-04-20,159.3975982666016,159.3975982666016,159.3975982666016,159.3975982666016,0.0,0.0,0.0,
2017-04-21,158.9813995361328,158.9813995361328,158.9813995361328,158.9813995361328,0.0,0.0,0.0,
2017-04-24,158.8175964355469,158.8175964355469,158.8175964355469,158.8175964355469,0.0,0.0,0.0,
2017-04-25,159.1999969482422,159.1999969482422,159.1999969482422,159.1999969482422,50.0,0.0,0.0,
2017-04-26,158.3500061035156,159.0,158.3500061035156,159.0,2.0,0.0,0.0,
2017-04-27,158.5,158.5,158.5,158.5,50.0,0.0,0.0,
2017-04-28,158.7487030029297,158.7487030029297,158.7487030029297,158.7487030029297,0.0,0.0,0.0,
2017-05-02,158.3000030517578,158.3000030517578,158.3000030517578,158.3000030517578,68.0,0.0,0.0,
2017-05-03,158.9647979736328,158.9647979736328,158.9647979736328,158.9647979736328,0.0,0.0,0.0,
2017-05-04,158.3999938964844,158.3999938964844,158.3999938964844,158.3999938964844,34.0,0.0,0.0,
2017-05-05,159.1721954345703,159.1721954345703,159.1721954345703,159.1721954345703,0.0,0.0,0.0,
2017-05-08,159.4013061523438,159.4013061523438,159.4013061523438,159.4013061523438,0.0,0.0,0.0,
2017-05-09,159.306396484375,159.306396484375,159.306396484375,159.306396484375,0.0,0.0,0.0,
2017-05-11,159.3522033691406,159.3522033691406,159.3522033691406,159.3522033691406,0.0,0.0,0.0,
2017-05-12,159.7684936523438,159.7684936523438,159.7684936523438,159.7684936523438,0.0,0.0,0.0,
2017-05-15,160.9203948974609,160.9203948974609,160.9203948974609,160.9203948974609,0.0,0.0,0.0,
2017-05-16,160.5662994384766,160.5662994384766,160.5662994384766,160.5662994384766,0.0,0.0,0.0,
2017-05-17,160.0,160.0,160.0,160.0,34.0,0.0,0.0,
2017-05-18,160.6385040283203,160.6385040283203,160.6385040283203,160.6385040283203,0.0,0.0,0.0,
2017-05-19,161.0,161.0,160.0,160.0,11.0,0.0,0.0,
2017-05-22,161.5,161.5,161.5,161.5,1.0,0.0,0.0,
2017-05-23,161.5,161.5,161.5,161.5,100.0,0.0,0.0,
2017-05-24,162.0,162.0,162.0,162.0,1.0,0.0,0.0,
2017-05-25,162.0,162.0,162.0,162.0,1.0,0.0,0.0,
2017-05-26,161.7001953125,161.7001953125,161.7001953125,161.7001953125,0.0,0.0,0.0,
2017-05-29,162.0,162.0,161.3000030517578,161.3000030517578,5.0,0.0,0.0,
2017-05-30,162.0,162.0,161.0,161.0,35.0,0.0,0.0,
2017-05-31,162.1999969482422,162.1999969482422,162.1999969482422,162.1999969482422,1.0,0.0,0.0,
2017-06-01,162.3000030517578,162.3000030517578,162.3000030517578,162.3000030517578,1.0,0.0,0.0,
2017-06-02,162.6999969482422,162.6999969482422,162.6999969482422,162.6999969482422,1.0,0.0,0.0,
2017-06-05,162.6999969482422,162.6999969482422,162.6999969482422,162.6999969482422,1.0,0.0,0.0,
2017-06-06,161.5,161.5,161.5,161.5,6.0,0.0,0.0,
2017-06-07,162.8000030517578,162.8000030517578,162.8000030517578,162.8000030517578,1.0,0.0,0.0,
2017-06-08,164.0,164.0,164.0,164.0,11.0,0.0,0.0,
2017-06-09,163.8999938964844,163.8999938964844,162.8999938964844,162.8999938964844,3.0,0.0,0.0,
2017-06-12,164.1000061035156,164.1000061035156,164.1000061035156,164.1000061035156,3.0,0.0,0.0,
2017-06-13,164.1999969482422,164.1999969482422,164.1999969482422,164.1999969482422,1.0,0.0,0.0,
2017-06-14,164.75,164.75,164.75,164.75,1.0,0.0,0.0,
2017-06-15,164.1999969482422,164.1999969482422,164.1999969482422,164.1999969482422,2.0,0.0,0.0,
2017-06-16,164.6999969482422,164.6999969482422,164.6999969482422,164.6999969482422,1.0,0.0,0.0,
2017-06-19,164.0,164.0,164.0,164.0,4.0,0.0,0.0,
2017-06-20,164.760498046875,164.760498046875,164.760498046875,164.760498046875,0.0,0.0,0.0,
2017-06-21,164.9700927734375,164.9700927734375,164.9700927734375,164.9700927734375,0.0,0.0,0.0,
2017-06-22,164.7245025634766,164.7245025634766,164.7245025634766,164.7245025634766,0.0,0.0,0.0,
2017-06-23,164.6819000244141,164.6819000244141,164.6819000244141,164.6819000244141,0.0,0.0,0.0,
2017-06-27,164.7541961669922,164.7541961669922,164.7541961669922,164.7541961669922,0.0,0.0,0.0,
2017-06-28,164.3728942871094,164.3728942871094,164.3728942871094,164.3728942871094,0.0,0.0,0.0,
2017-06-29,164.2989044189453,164.2989044189453,164.2989044189453,164.2989044189453,0.0,0.0,0.0,
2017-06-30,164.2785034179688,164.2785034179688,164.2785034179688,164.2785034179688,0.0,0.0,0.0,
2017-07-03,163.8834991455078,163.8834991455078,163.8834991455078,163.8834991455078,0.0,0.0,0.0,
2017-07-04,163.9611968994141,163.9611968994141,163.9611968994141,163.9611968994141,0.0,0.0,0.0,
2017-07-05,163.9671936035156,163.9671936035156,163.9671936035156,163.9671936035156,0.0,0.0,0.0,
2017-07-06,164.1607055664062,164.1607055664062,164.1607055664062,164.1607055664062,0.0,0.0,0.0,
2017-07-07,164.2604064941406,164.2604064941406,164.2604064941406,164.2604064941406,0.0,0.0,0.0,
2017-07-10,165.07470703125,165.07470703125,165.07470703125,165.07470703125,0.0,0.0,0.0,
2017-07-11,164.5,164.5,164.5,164.5,10.0,0.0,0.0,
2017-07-12,163.5,163.5,163.5,163.5,34.0,0.0,0.0,
2017-07-13,165.2881011962891,165.2881011962891,165.2881011962891,165.2881011962891,0.0,0.0,0.0,
2017-07-14,165.2398986816406,165.2398986816406,165.2398986816406,165.2398986816406,0.0,0.0,0.0,
2017-07-17,165.4035949707031,165.4035949707031,165.4035949707031,165.4035949707031,0.0,0.0,0.0,
2017-07-18,165.0,165.0,165.0,165.0,4.0,0.0,0.0,
2017-07-19,165.5552062988281,165.5552062988281,165.5552062988281,165.5552062988281,0.0,0.0,0.0,
2017-07-20,165.0,166.0,165.0,166.0,10.0,0.0,0.0,
2017-07-21,165.0,165.0,165.0,165.0,201.0,0.0,0.0,
2017-07-24,165.0,165.0,165.0,165.0,0.0,0.0,0.0,
2017-07-25,165.0,165.0,165.0,165.0,0.0,0.0,0.0,
2017-07-26,165.0,165.0,165.0,165.0,0.0,0.0,0.0,
2017-07-27,165.0,165.0,165.0,165.0,0.0,0.0,0.0,
2017-07-28,165.0,165.0,165.0,165.0,0.0,0.0,0.0,
2017-07-31,165.0,165.0,165.0,165.0,0.0,0.0,0.0,
2017-08-01,165.0,165.0,165.0,165.0,0.0,0.0,0.0,
2017-08-02,165.0,165.0,165.0,165.0,0.0,0.0,0.0,
2017-08-03,165.0,165.0,165.0,165.0,0.0,0.0,0.0,
2017-08-04,165.0,165.0,165.0,165.0,0.0,0.0,0.0,
2017-08-07,165.0,165.0,165.0,165.0,0.0,0.0,0.0,
2017-08-08,165.0,165.0,165.0,165.0,0.0,0.0,0.0,
2017-08-09,165.0,165.0,165.0,165.0,0.0,0.0,0.0,
2017-08-10,165.3500061035156,165.3500061035156,165.3500061035156,165.3500061035156,68.0,0.0,0.0,
2017-08-11,165.3500061035156,165.3500061035156,165.3500061035156,165.3500061035156,0.0,0.0,0.0,
2017-08-14,165.3500061035156,165.3500061035156,165.3500061035156,165.3500061035156,0.0,0.0,0.0,
2017-08-16,165.3500061035156,165.3500061035156,165.3500061035156,165.3500061035156,0.0,0.0,0.0,
2017-08-17,167.0,167.0,167.0,167.0,5.0,0.0,0.0,
2017-08-18,167.0,167.0,167.0,167.0,0.0,0.0,0.0,
2017-08-21,167.0,167.0,167.0,167.0,0.0,0.0,0.0,
2017-08-22,167.0,167.0,167.0,167.0,0.0,0.0,0.0,
2017-08-23,166.0,166.0500030517578,166.0,166.0500030517578,600.0,0.0,0.0,
2017-08-24,166.5,166.5500030517578,166.5,166.5500030517578,900.0,0.0,0.0,
2017-08-28,166.5500030517578,166.5500030517578,166.5500030517578,166.5500030517578,0.0,0.0,0.0,
2017-08-29,166.5500030517578,166.5500030517578,166.5500030517578,166.5500030517578,0.0,0.0,0.0,
2017-08-30,166.5500030517578,166.5500030517578,166.5500030517578,166.5500030517578,0.0,0.0,0.0,
2017-08-31,166.5500030517578,166.5500030517578,166.5500030517578,166.5500030517578,0.0,0.0,0.0,
2017-09-01,166.5500030517578,166.5500030517578,166.5500030517578,166.5500030517578,0.0,0.0,0.0,
2017-09-04,166.5500030517578,166.5500030517578,166.5500030517578,166.5500030517578,0.0,0.0,0.0,
2017-09-05,159.1699981689453,184.9900054931641,159.1699981689453,184.4600067138672,138.0,0.0,0.0,
2017-09-06,170.0,184.0,170.0,184.0,270.0,0.0,0.0,
2017-09-07,176.6000061035156,176.6000061035156,165.3999938964844,167.3899993896484,4203.0,0.0,0.0,
2017-09-08,165.8099975585938,165.8099975585938,165.8000030517578,165.8000030517578,511.0,0.0,0.0,
2017-09-11,165.8000030517578,165.8000030517578,165.8000030517578,165.8000030517578,0.0,0.0,0.0,
2017-09-12,165.8000030517578,165.8000030517578,165.8000030517578,165.8000030517578,0.0,0.0,0.0,
2017-09-13,159.1000061035156,165.0,159.1000061035156,165.0,20.0,0.0,0.0,
2017-09-14,165.0,165.0,165.0,165.0,0.0,0.0,0.0,
2017-09-15,165.0,165.0,165.0,165.0,0.0,0.0,0.0,
2017-09-18,165.0,165.0,165.0,165.0,0.0,0.0,0.0,
2017-09-19,165.0,165.0,165.0,165.0,0.0,0.0,0.0,
2017-09-20,165.0,165.0,165.0,165.0,0.0,0.0,0.0,
2017-09-21,165.0,165.0,165.0,165.0,0.0,0.0,0.0,
2017-09-22,165.0,165.0,165.0,165.0,0.0,0.0,0.0,
2017-09-25,165.0,165.0,165.0,165.0,0.0,0.0,0.0,
2017-09-26,165.0,165.0,165.0,165.0,0.0,0.0,0.0,
2017-09-27,166.0,166.0,164.5,164.5,2.0,0.0,0.0,
2017-09-28,164.5,164.5,164.5,164.5,0.0,0.0,0.0,
2017-09-29,164.5,164.5,164.5,164.5,0.0,0.0,0.0,
2017-10-03,164.5,164.5,164.5,164.5,0.0,0.0,0.0,
2017-10-04,164.5,164.5,164.5,164.5,0.0,0.0,0.0,
2017-10-05,165.0,165.0,165.0,165.0,5.0,0.0,0.0,
2017-10-06,165.0,165.0,165.0,165.0,0.0,0.0,0.0,
2017-10-09,165.0,165.0,165.0,165.0,0.0,0.0,0.0,
2017-10-10,165.0,165.0,165.0,165.0,0.0,0.0,0.0,
2017-10-11,165.0,165.0,165.0,165.0,0.0,0.0,0.0,
2017-10-12,165.0,165.0,165.0,165.0,0.0,0.0,0.0,
2017-10-13,165.0,165.0,165.0,165.0,0.0,0.0,0.0,
2017-10-16,164.5,164.5,164.5,164.5,34.0,0.0,0.0,
2017-10-17,166.0,166.0,166.0,166.0,10.0,0.0,0.0,
2017-10-18,166.0,166.0,166.0,166.0,0.0,0.0,0.0,
2017-10-19,166.0,166.0,166.0,166.0,0.0,0.0,0.0,
2017-10-23,166.5,166.5,166.5,166.5,5.0,0.0,0.0,
2017-10-24,166.5,166.5,166.5,166.5,0.0,0.0,0.0,
2017-10-25,166.5,166.5,166.5,166.5,0.0,0.0,0.0,
2017-10-26,165.5,165.5,165.5,165.5,80.0,0.0,0.0,
2017-10-27,165.5,165.5,165.5,165.5,0.0,0.0,0.0,
2017-10-30,165.5,165.5,165.5,165.5,0.0,0.0,0.0,
2017-10-31,165.5,165.5,165.5,165.5,0.0,0.0,0.0,
2017-11-01,165.5,165.5,165.5,165.5,0.0,0.0,0.0,
2017-11-02,166.0,166.0,166.0,166.0,35.0,0.0,0.0,
2017-11-03,163.5,163.5,163.5,163.5,10.0,0.0,0.0,
2017-11-06,163.5,163.5,163.5,163.5,0.0,0.0,0.0,
2017-11-07,163.5,163.5,163.5,163.5,0.0,0.0,0.0,
2017-11-08,163.5,163.5,163.5,163.5,0.0,0.0,0.0,
2017-11-09,163.5,163.5,163.5,163.5,0.0,0.0,0.0,
2017-11-10,163.5,163.5,163.5,163.5,0.0,0.0,0.0,
2017-11-13,160.0,162.6999969482422,160.0,162.6999969482422,940.0,0.0,0.0,
2017-11-14,162.6999969482422,162.6999969482422,162.6999969482422,162.6999969482422,0.0,0.0,0.0,
2017-11-15,162.6999969482422,162.6999969482422,162.6999969482422,162.6999969482422,0.0,0.0,0.0,
2017-11-16,162.6999969482422,162.6999969482422,162.6999969482422,162.6999969482422,0.0,0.0,0.0,
2017-11-17,162.6999969482422,162.6999969482422,162.6999969482422,162.6999969482422,0.0,0.0,0.0,
2017-11-20,162.6999969482422,162.6999969482422,162.6999969482422,162.6999969482422,0.0,0.0,0.0,
2017-11-21,162.6999969482422,162.6999969482422,162.6999969482422,162.6999969482422,0.0,0.0,0.0,
2017-11-22,162.6999969482422,162.6999969482422,162.6999969482422,162.6999969482422,0.0,0.0,0.0,
2017-11-23,162.6999969482422,162.6999969482422,162.6999969482422,162.6999969482422,0.0,0.0,0.0,
2017-11-24,165.0,165.0,165.0,165.0,10.0,0.0,0.0,
2017-11-27,165.0,165.0,162.1999969482422,165.0,50.0,0.0,0.0,
2017-11-28,162.0,162.0,162.0,162.0,20.0,0.0,0.0,
2017-11-29,162.0,162.0,162.0,162.0,0.0,0.0,0.0,
2017-11-30,162.0,162.0,162.0,162.0,0.0,0.0,0.0,
2017-12-01,162.0,162.0,162.0,162.0,0.0,0.0,0.0,
2017-12-04,162.0,162.0,162.0,162.0,0.0,0.0,0.0,
2017-12-05,162.0,162.0,162.0,162.0,0.0,0.0,0.0,
2017-12-06,162.0,162.0,162.0,162.0,0.0,0.0,0.0,
2017-12-07,162.0,162.0,162.0,162.0,0.0,0.0,0.0,
2017-12-08,162.0,162.0,162.0,162.0,0.0,0.0,0.0,
2017-12-11,162.0,162.0,162.0,162.0,0.0,0.0,0.0,
2017-12-12,162.0,162.0,162.0,162.0,0.0,0.0,0.0,
2017-12-13,162.0,162.0,162.0,162.0,0.0,0.0,0.0,
2017-12-14,162.0,162.0,162.0,162.0,0.0,0.0,0.0,
2017-12-15,162.0,162.0,162.0,162.0,0.0,0.0,0.0,
2017-12-18,162.0,162.0,162.0,162.0,0.0,0.0,0.0,
2017-12-19,162.0,162.0,162.0,162.0,0.0,0.0,0.0,
2017-12-20,162.0,162.0,162.0,162.0,0.0,0.0,0.0,
2017-12-21,162.0,162.0,162.0,162.0,0.0,0.0,0.0,
2017-12-22,162.0,162.0,162.0,162.0,0.0,0.0,0.0,
2017-12-26,160.5500030517578,160.5500030517578,160.5500030517578,160.5500030517578,5.0,0.0,0.0,
2017-12-27,160.5500030517578,160.5500030517578,160.5500030517578,160.5500030517578,0.0,0.0,0.0,
2017-12-28,160.5500030517578,160.5500030517578,160.5500030517578,160.5500030517578,0.0,0.0,0.0,
2017-12-29,159.3999938964844,159.3999938964844,159.3999938964844,159.3999938964844,30.0,0.0,0.0,
2018-01-01,145.3999938964844,188.7799987792969,145.3999938964844,165.7400054931641,559.0,0.0,0.0,
2018-01-02,160.0,162.0,160.0,162.0,70.0,0.0,0.0,
2018-01-03,162.0,162.0,162.0,162.0,0.0,0.0,0.0,
2018-01-04,162.0,162.0,162.0,162.0,0.0,0.0,0.0,
2018-01-05,162.0,162.0,162.0,162.0,3.0,0.0,0.0,
2018-01-08,164.0,164.0,160.0500030517578,160.0500030517578,1070.0,0.0,0.0,
2018-01-09,160.0500030517578,160.0500030517578,160.0500030517578,160.0500030517578,0.0,0.0,0.0,
2018-01-10,160.0500030517578,160.0500030517578,160.0500030517578,160.0500030517578,0.0,0.0,0.0,
2018-01-11,156.0099945068359,160.75,156.0099945068359,160.75,320.0,0.0,0.0,
2018-01-12,160.75,160.75,160.75,160.75,0.0,0.0,0.0,
2018-01-15,160.75,160.75,160.75,160.75,0.0,0.0,0.0,
2018-01-16,160.0,160.0,160.0,160.0,37.0,0.0,0.0,
2018-01-17,160.0,160.0,160.0,160.0,0.0,0.0,0.0,
2018-01-18,161.0,161.0,161.0,161.0,20.0,0.0,0.0,
2018-01-19,161.0,161.0,161.0,161.0,0.0,0.0,0.0,
2018-01-22,161.0,161.0,161.0,161.0,0.0,0.0,0.0,
2018-01-23,161.0,161.0,161.0,161.0,0.0,0.0,0.0,
2018-01-24,161.0,161.0,161.0,161.0,3.0,0.0,0.0,
2018-01-25,161.0,161.0,161.0,161.0,0.0,0.0,0.0,
2018-01-29,161.0,161.0,161.0,161.0,0.0,0.0,0.0,
2018-01-30,161.0,161.0,161.0,161.0,0.0,0.0,0.0,
2018-01-31,161.0,161.0,161.0,161.0,0.0,0.0,0.0,
2018-02-01,161.0,161.0,161.0,161.0,0.0,0.0,0.0,
2018-02-02,161.0,161.0,161.0,161.0,0.0,0.0,0.0,
2018-02-05,161.0,161.0,161.0,161.0,0.0,0.0,0.0,
2018-02-06,161.0,161.0,161.0,161.0,0.0,0.0,0.0,
2018-02-07,161.0,161.0,161.0,161.0,0.0,0.0,0.0,
2018-02-08,161.0,161.0,161.0,161.0,0.0,0.0,0.0,
2018-02-09,161.0,161.0,161.0,161.0,0.0,0.0,0.0,
2018-02-12,160.0,160.9499969482422,159.9499969482422,160.9499969482422,220.0,0.0,0.0,
2018-02-14,160.9499969482422,160.9499969482422,160.9499969482422,160.9499969482422,0.0,0.0,0.0,
2018-02-15,160.9499969482422,160.9499969482422,160.9499969482422,160.9499969482422,0.0,0.0,0.0,
2018-02-16,160.9499969482422,160.9499969482422,160.9499969482422,160.9499969482422,0.0,0.0,0.0,
2018-02-19,160.9499969482422,160.9499969482422,160.9499969482422,160.9499969482422,0.0,0.0,0.0,
2018-02-20,160.9499969482422,160.9499969482422,160.9499969482422,160.9499969482422,0.0,0.0,0.0,
2018-02-21,160.9499969482422,160.9499969482422,160.9499969482422,160.9499969482422,0.0,0.0,0.0,
2018-02-22,160.9499969482422,160.9499969482422,160.9499969482422,160.9499969482422,0.0,0.0,0.0,
2018-02-23,157.9499969482422,157.9499969482422,157.9499969482422,157.9499969482422,136.0,0.0,0.0,
2018-02-26,157.9499969482422,157.9499969482422,157.9499969482422,157.9499969482422,0.0,0.0,0.0,
2018-02-27,157.9499969482422,157.9499969482422,157.9499969482422,157.9499969482422,0.0,0.0,0.0,
2018-02-28,157.9499969482422,157.9499969482422,157.9499969482422,157.9499969482422,0.0,0.0,0.0,
2018-03-01,157.9499969482422,157.9499969482422,157.9499969482422,157.9499969482422,0.0,0.0,0.0,
2018-03-05,157.9499969482422,157.9499969482422,155.75,155.8000030517578,1033.0,0.0,0.0,
2018-03-06,155.8000030517578,155.8000030517578,155.8000030517578,155.8000030517578,0.0,0.0,0.0,
2018-03-07,155.8000030517578,155.8000030517578,155.8000030517578,155.8000030517578,0.0,0.0,0.0,
2018-03-08,155.8000030517578,155.8000030517578,155.8000030517578,155.8000030517578,0.0,0.0,0.0,
2018-03-09,155.8000030517578,155.8000030517578,155.8000030517578,155.8000030517578,0.0,0.0,0.0,
2018-03-12,155.8000030517578,155.8000030517578,155.8000030517578,155.8000030517578,0.0,0.0,0.0,
2018-03-13,157.6999969482422,157.6999969482422,157.6999969482422,157.6999969482422,3.0,0.0,0.0,
2018-03-14,152.0,159.5,152.0,159.5,840.0,0.0,0.0,
2018-03-15,159.5,159.5,159.5,159.5,0.0,0.0,0.0,
2018-03-16,159.5,159.5,159.5,159.5,0.0,0.0,0.0,
2018-03-19,159.0,159.0,158.8000030517578,158.8000030517578,68.0,0.0,0.0,
2018-03-20,158.8000030517578,158.8000030517578,158.8000030517578,158.8000030517578,0.0,0.0,0.0,
2018-03-21,158.8000030517578,158.8000030517578,158.8000030517578,158.8000030517578,0.0,0.0,0.0,
2018-03-22,158.8000030517578,158.8000030517578,158.8000030517578,158.8000030517578,0.0,0.0,0.0,
2018-03-23,158.8000030517578,158.8000030517578,158.8000030517578,158.8000030517578,0.0,0.0,0.0,
2018-03-26,158.0,158.0,158.0,158.0,100.0,0.0,0.0,
2018-03-27,158.0,158.0,158.0,158.0,0.0,0.0,0.0,
2018-03-28,158.0,158.0,158.0,158.0,0.0,0.0,0.0,
2018-04-02,158.0,158.0,158.0,158.0,0.0,0.0,0.0,
2018-04-03,158.0,158.0,158.0,158.0,0.0,0.0,0.0,
2018-04-04,158.0,158.0,158.0,158.0,0.0,0.0,0.0,
2018-04-05,158.0,158.0,158.0,158.0,0.0,0.0,0.0,
2018-04-06,165.8999938964844,165.8999938964844,163.6999969482422,165.5,3.0,0.0,0.0,
2018-04-09,165.5,165.5,165.5,165.5,0.0,0.0,0.0,
2018-04-10,165.5,165.5,165.5,165.5,0.0,0.0,0.0,
2018-04-11,161.5,161.5,161.5,161.5,202.0,0.0,0.0,
2018-04-12,161.5,161.5,161.5,161.5,0.0,0.0,0.0,
2018-04-13,161.5,161.5,161.5,161.5,0.0,0.0,0.0,
2018-04-16,161.5,161.5,161.5,161.5,0.0,0.0,0.0,
2018-04-17,161.5,161.5,161.5,161.5,0.0,0.0,0.0,
2018-04-18,161.5,161.5,161.5,161.5,0.0,0.0,0.0,
2018-04-19,161.5,161.5,161.5,161.5,0.0,0.0,0.0,
2018-04-20,161.5,161.5,161.5,161.5,0.0,0.0,0.0,
2018-04-23,161.5,161.5,161.5,161.5,0.0,0.0,0.0,
2018-04-24,159.6499938964844,159.6499938964844,159.6499938964844,159.6499938964844,50.0,0.0,0.0,
2018-04-25,159.0,159.0,159.0,159.0,1.0,0.0,0.0,
2018-04-26,159.0,159.0,159.0,159.0,0.0,0.0,0.0,
2018-04-27,131.1000061035156,189.0,131.0,162.9100036621094,3549.0,0.0,0.0,
2018-04-30,163.8000030517578,176.4499969482422,150.3500061035156,152.0,76.0,0.0,0.0,
2018-05-02,158.0,158.0,158.0,158.0,79.0,0.0,0.0,
2018-05-03,160.0,160.0,157.8500061035156,157.8500061035156,42.0,0.0,0.0,
2018-05-04,157.8500061035156,157.8500061035156,157.8500061035156,157.8500061035156,0.0,0.0,0.0,
2018-05-07,157.8500061035156,157.8500061035156,157.8500061035156,157.8500061035156,0.0,0.0,0.0,
2018-05-08,157.8500061035156,157.8500061035156,157.8500061035156,157.8500061035156,0.0,0.0,0.0,
2018-05-09,158.8500061035156,158.8500061035156,158.8500061035156,158.8500061035156,15.0,0.0,0.0,
2018-05-10,160.5,160.5,160.5,160.5,2.0,0.0,0.0,
2018-05-11,160.5,160.5,160.5,160.5,0.0,0.0,0.0,
2018-05-14,158.25,160.5500030517578,158.25,160.5500030517578,12.0,0.0,0.0,
2018-05-15,157.0500030517578,157.0500030517578,157.0500030517578,157.0500030517578,2.0,0.0,0.0,
2018-05-16,158.9499969482422,158.9499969482422,158.9499969482422,158.9499969482422,1.0,0.0,0.0,
2018-05-17,158.8500061035156,158.8500061035156,156.0500030517578,158.8500061035156,49.0,0.0,0.0,
2018-05-18,158.8500061035156,158.8500061035156,158.8500061035156,158.8500061035156,0.0,0.0,0.0,
2018-05-21,158.8500061035156,158.8500061035156,158.8500061035156,158.8500061035156,0.0,0.0,0.0,
2018-05-22,158.8500061035156,158.8500061035156,158.8500061035156,158.8500061035156,0.0,0.0,0.0,
2018-05-23,158.8500061035156,158.8500061035156,158.8500061035156,158.8500061035156,0.0,0.0,0.0,
2018-05-24,158.8500061035156,158.8500061035156,158.8500061035156,158.8500061035156,0.0,0.0,0.0,
2018-05-25,158.8500061035156,158.8500061035156,158.8500061035156,158.8500061035156,0.0,0.0,0.0,
2018-05-28,158.8500061035156,158.8500061035156,158.8500061035156,158.8500061035156,0.0,0.0,0.0,
2018-05-29,158.5,158.5,158.5,158.5,57.0,0.0,0.0,
2018-05-30,158.5,158.5,158.5,158.5,0.0,0.0,0.0,
2018-05-31,158.5,158.5,158.5,158.5,0.0,0.0,0.0,
2018-06-01,158.5,158.5,158.5,158.5,0.0,0.0,0.0,
2018-06-04,159.9499969482422,159.9499969482422,159.9499969482422,159.9499969482422,1.0,0.0,0.0,
2018-06-05,159.9499969482422,159.9499969482422,159.9499969482422,159.9499969482422,0.0,0.0,0.0,
2018-06-06,159.9499969482422,159.9499969482422,159.9499969482422,159.9499969482422,0.0,0.0,0.0,
2018-06-07,159.9499969482422,159.9499969482422,159.9499969482422,159.9499969482422,0.0,0.0,0.0,
2018-06-08,158.5500030517578,158.5500030517578,156.25,156.25,3.0,0.0,0.0,
2018-06-11,156.25,156.25,156.25,156.25,0.0,0.0,0.0,
2018-06-12,156.25,156.25,156.25,156.25,0.0,0.0,0.0,
2018-06-13,178.8999938964844,178.8999938964844,178.0,178.0,5.0,0.0,0.0,
2018-06-14,178.0,178.0,157.3000030517578,160.9900054931641,1267.0,0.0,0.0,
2018-06-15,172.0,188.6000061035156,153.5899963378906,160.9700012207031,401.0,0.0,0.0,
2018-06-18,160.0500030517578,160.1499938964844,157.8999938964844,160.1000061035156,232.0,0.0,0.0,
2018-06-19,176.8999938964844,185.0,143.3000030517578,158.0,462.0,0.0,0.0,
2018-06-20,155.4799957275391,168.8000030517578,155.4799957275391,160.0,130.0,0.0,0.0,
2018-06-21,160.9799957275391,160.9799957275391,158.3999938964844,158.3999938964844,3.0,0.0,0.0,
2018-06-22,160.9900054931641,161.0,160.8999938964844,160.9900054931641,122.0,0.0,0.0,
2018-06-25,154.1399993896484,155.5500030517578,154.1300048828125,155.5500030517578,25.0,0.0,0.0,
2018-06-26,158.6999969482422,158.6999969482422,158.6999969482422,158.6999969482422,14.0,0.0,0.0,
2018-06-27,158.5,158.5,158.5,158.5,5.0,0.0,0.0,
2018-06-28,158.0,158.0,158.0,158.0,73.0,0.0,0.0,
2018-06-29,158.0,158.0,158.0,158.0,0.0,0.0,0.0,
2018-07-02,158.0,158.0,158.0,158.0,0.0,0.0,0.0,
2018-07-03,158.0,158.0,158.0,158.0,0.0,0.0,0.0,
2018-07-04,158.0,158.0,158.0,158.0,0.0,0.0,0.0,
2018-07-05,158.0,158.0,158.0,158.0,0.0,0.0,0.0,
2018-07-06,158.0,158.0,158.0,158.0,0.0,0.0,0.0,
2018-07-09,158.0,158.0,158.0,158.0,0.0,0.0,0.0,
2018-07-10,158.0,158.0,158.0,158.0,0.0,0.0,0.0,
2018-07-11,158.0,158.0,158.0,158.0,0.0,0.0,0.0,
2018-07-12,158.0,158.0,158.0,158.0,0.0,0.0,0.0,
2018-07-13,161.9900054931641,162.0,161.9900054931641,162.0,2.0,0.0,0.0,
2018-07-16,162.0,162.0,162.0,162.0,0.0,0.0,0.0,
2018-07-17,162.0,162.0,162.0,162.0,0.0,0.0,0.0,
2018-07-18,162.0,162.0,160.25,160.25,2.0,0.0,0.0,
2018-07-19,160.25,160.25,160.25,160.25,0.0,0.0,0.0,
2018-07-20,160.25,160.25,160.25,160.25,0.0,0.0,0.0,
2018-07-23,160.25,160.25,160.25,160.25,0.0,0.0,0.0,
2018-07-24,150.0,161.5500030517578,150.0,160.3699951171875,310.0,0.0,0.0,
2018-07-25,160.3699951171875,160.3699951171875,160.3699951171875,160.3699951171875,0.0,0.0,0.0,
2018-07-26,160.3699951171875,160.3699951171875,160.3699951171875,160.3699951171875,0.0,0.0,0.0,
2018-07-27,161.5,161.5,161.5,161.5,3.0,0.0,0.0,
2018-07-30,161.5,161.5,155.0,160.1000061035156,3.0,0.0,0.0,
2018-07-31,160.1000061035156,160.1000061035156,160.1000061035156,160.1000061035156,0.0,0.0,0.0,
2018-08-01,160.1000061035156,160.1000061035156,160.1000061035156,160.1000061035156,0.0,0.0,0.0,
2018-08-02,160.1000061035156,160.1000061035156,160.1000061035156,160.1000061035156,0.0,0.0,0.0,
2018-08-03,160.1000061035156,160.1000061035156,160.1000061035156,160.1000061035156,0.0,0.0,0.0,
2018-08-06,160.1000061035156,160.1000061035156,160.1000061035156,160.1000061035156,0.0,0.0,0.0,
2018-08-07,160.1000061035156,160.1000061035156,160.1000061035156,160.1000061035156,0.0,0.0,0.0,
2018-08-08,160.5500030517578,160.5500030517578,160.5500030517578,160.5500030517578,1.0,0.0,0.0,
2018-08-09,160.5500030517578,160.5500030517578,160.5500030517578,160.5500030517578,0.0,0.0,0.0,
2018-08-10,160.5500030517578,160.5500030517578,160.5500030517578,160.5500030517578,0.0,0.0,0.0,
2018-08-13,160.5500030517578,160.5500030517578,160.5500030517578,160.5500030517578,0.0,0.0,0.0,
2018-08-14,160.5500030517578,160.5500030517578,160.5500030517578,160.5500030517578,0.0,0.0,0.0,
2018-08-16,155.0,155.0,155.0,155.0,2.0,0.0,0.0,
2018-08-17,155.0,155.0,155.0,155.0,0.0,0.0,0.0,
2018-08-20,161.9400024414062,161.9499969482422,161.9400024414062,161.9499969482422,14.0,0.0,0.0,
2018-08-21,157.9900054931641,161.6000061035156,157.9900054931641,160.5700073242188,306.0,0.0,0.0,
2018-08-23,160.5700073242188,160.5700073242188,160.5700073242188,160.5700073242188,0.0,0.0,0.0,
2018-08-24,161.9799957275391,162.0,160.1000061035156,162.0,230.0,0.0,0.0,
2018-08-27,162.0,162.0,162.0,162.0,0.0,0.0,0.0,
2018-08-28,161.9400024414062,161.9499969482422,161.9400024414062,161.9499969482422,40.0,0.0,0.0,
2018-08-29,160.0099945068359,160.0099945068359,160.0099945068359,160.0099945068359,1.0,0.0,0.0,
2018-08-30,160.0099945068359,160.0099945068359,160.0099945068359,160.0099945068359,1.0,0.0,0.0,
2018-08-31,167.0,178.8899993896484,150.3999938964844,161.1900024414062,406.0,0.0,0.0,
2018-09-03,161.5500030517578,161.5500030517578,159.5500030517578,159.5599975585938,21.0,0.0,0.0,
2018-09-04,159.2599945068359,161.3500061035156,159.25,161.3500061035156,6.0,0.0,0.0,
2018-09-05,158.5599975585938,158.5599975585938,158.5500030517578,158.5500030517578,208.0,0.0,0.0,
2018-09-06,158.5500030517578,158.5500030517578,158.5500030517578,158.5500030517578,0.0,0.0,0.0,
2018-09-07,158.5500030517578,158.5500030517578,158.5500030517578,158.5500030517578,0.0,0.0,0.0,
2018-09-10,158.5500030517578,158.5500030517578,158.5500030517578,158.5500030517578,0.0,0.0,0.0,
2018-09-11,158.5500030517578,158.5500030517578,158.5500030517578,158.5500030517578,0.0,0.0,0.0,
2018-09-12,159.5500030517578,159.5500030517578,159.5500030517578,159.5500030517578,1.0,0.0,0.0,
2018-09-14,160.0,160.0,160.0,160.0,7.0,0.0,0.0,
2018-09-17,160.0,160.0,160.0,160.0,1.0,0.0,0.0,
2018-09-18,160.0,160.0,160.0,160.0,0.0,0.0,0.0,
2018-09-19,160.0,160.0,160.0,160.0,0.0,0.0,0.0,
2018-09-21,159.0099945068359,159.0099945068359,159.0,159.0,190.0,0.0,0.0,
2018-09-24,159.0,159.0,159.0,159.0,10.0,0.0,0.0,
2018-09-25,159.0,159.0,159.0,159.0,7.0,0.0,0.0,
2018-09-26,158.5500030517578,158.5500030517578,158.5500030517578,158.5500030517578,500.0,0.0,0.0,
2018-09-27,158.5500030517578,158.5500030517578,158.5500030517578,158.5500030517578,0.0,0.0,0.0,
2018-09-28,157.0099945068359,157.0099945068359,156.75,156.75,183.0,0.0,0.0,
2018-10-01,159.75,161.9900054931641,159.5500030517578,161.0,202.0,0.0,0.0,
2018-10-03,178.6999969482422,178.6999969482422,160.0,161.9900054931641,4.0,0.0,0.0,
2018-10-04,158.0,158.0,157.8500061035156,157.8500061035156,123.0,0.0,0.0,
2018-10-05,157.8500061035156,157.8500061035156,157.8500061035156,157.8500061035156,0.0,0.0,0.0,
2018-10-08,157.0,161.0,157.0,161.0,4698.0,0.0,0.0,
2018-10-09,160.5,160.5,160.5,160.5,21.0,0.0,0.0,
2018-10-10,159.5099945068359,159.5099945068359,159.5,159.5,34.0,0.0,0.0,
2018-10-11,159.5,159.5,159.5,159.5,0.0,0.0,0.0,
2018-10-12,162.5500030517578,162.5500030517578,162.5500030517578,162.5500030517578,1.0,0.0,0.0,
2018-10-15,162.5500030517578,162.5500030517578,160.0,160.0,2.0,0.0,0.0,
2018-10-16,162.9499969482422,162.9499969482422,162.9499969482422,162.9499969482422,18.0,0.0,0.0,
2018-10-17,162.9499969482422,162.9499969482422,161.0,161.0,2.0,0.0,0.0,
2018-10-19,161.0,161.0,161.0,161.0,1.0,0.0,0.0,
2018-10-22,167.0,179.0,162.0,178.9900054931641,14.0,0.0,0.0,
2018-10-23,178.9900054931641,178.9900054931641,178.9900054931641,178.9900054931641,0.0,0.0,0.0,
2018-10-24,171.9900054931641,171.9900054931641,171.9900054931641,171.9900054931641,1.0,0.0,0.0,
2018-10-25,171.9900054931641,171.9900054931641,171.9900054931641,171.9900054931641,0.0,0.0,0.0,
2018-10-26,171.9900054931641,171.9900054931641,171.9900054931641,171.9900054931641,0.0,0.0,0.0,
2018-10-29,165.25,165.25,165.25,165.25,25.0,0.0,0.0,
2018-10-30,165.25,165.25,165.25,165.25,0.0,0.0,0.0,
2018-10-31,164.5500030517578,165.25,162.25,162.25,400.0,0.0,0.0,
2018-11-01,162.25,162.25,162.25,162.25,0.0,0.0,0.0,
2018-11-02,162.25,162.25,162.25,162.25,0.0,0.0,0.0,
2018-11-05,162.25,162.25,162.25,162.25,0.0,0.0,0.0,
2018-11-06,162.25,162.25,162.25,162.25,0.0,0.0,0.0,
2018-11-07,162.25,162.25,162.25,162.25,0.0,0.0,0.0,
2018-11-09,174.0,174.0,174.0,174.0,10.0,0.0,0.0,
2018-11-12,167.0899963378906,167.0899963378906,165.4900054931641,165.4900054931641,63.0,0.0,0.0,
2018-11-13,165.4900054931641,165.4900054931641,162.25,163.8099975585938,400.0,0.0,0.0,
2018-11-14,163.75,166.0,163.75,166.0,8.0,0.0,0.0,
2018-11-15,166.0,166.0,166.0,166.0,0.0,0.0,0.0,
2018-11-16,166.0,166.0,166.0,166.0,11.0,0.0,0.0,
2018-11-19,166.0,166.0,166.0,166.0,0.0,0.0,0.0,
2018-11-20,166.0,166.0,166.0,166.0,0.0,0.0,0.0,
2018-11-21,166.0,166.0,166.0,166.0,0.0,0.0,0.0,
2018-11-22,166.0,166.0,166.0,166.0,0.0,0.0,0.0,
2018-11-26,166.0,166.0,166.0,166.0,0.0,0.0,0.0,
2018-11-27,164.75,164.75,164.75,164.75,34.0,0.0,0.0,
2018-11-28,164.75,164.75,164.75,164.75,0.0,0.0,0.0,
2018-11-29,164.75,164.75,164.75,164.75,0.0,0.0,0.0,
2018-11-30,166.0,166.0,165.75,165.75,99.0,0.0,0.0,
2018-12-03,168.0,168.0,168.0,168.0,30.0,0.0,0.0,
2018-12-04,168.0,168.0,168.0,168.0,0.0,0.0,0.0,
2018-12-05,168.0,168.0,168.0,168.0,5.0,0.0,0.0,
2018-12-06,168.0,168.0,167.25,167.3699951171875,250.0,0.0,0.0,
2018-12-07,167.0,168.1000061035156,167.0,167.3699951171875,400.0,0.0,0.0,
2018-12-10,167.3699951171875,167.3699951171875,167.3699951171875,167.3699951171875,0.0,0.0,0.0,
2018-12-11,167.3699951171875,167.3699951171875,167.3699951171875,167.3699951171875,0.0,0.0,0.0,
2018-12-12,167.3699951171875,167.3699951171875,167.3699951171875,167.3699951171875,0.0,0.0,0.0,
2018-12-13,168.5500030517578,168.5500030517578,168.0,168.0,150.0,0.0,0.0,
2018-12-14,168.0,168.75,168.0,168.2400054931641,152.0,0.0,0.0,
2018-12-17,168.2400054931641,168.2400054931641,168.2400054931641,168.2400054931641,0.0,0.0,0.0,
2018-12-18,170.25,190.0,168.1100006103516,168.3899993896484,2380.0,0.0,0.0,
2018-12-19,168.3899993896484,168.3899993896484,168.3899993896484,168.3899993896484,0.0,0.0,0.0,
2018-12-20,176.0,186.0,172.9400024414062,175.0,1008.0,0.0,0.0,
2018-12-21,172.9400024414062,172.9400024414062,169.25,169.25,296.0,0.0,0.0,
2018-12-24,170.0,170.0,170.0,170.0,37.0,0.0,0.0,
2018-12-26,170.0,170.0,170.0,170.0,0.0,0.0,0.0,
2018-12-27,170.0,170.0,170.0,170.0,0.0,0.0,0.0,
2018-12-28,170.0,170.0,170.0,170.0,6.0,0.0,0.0,
2018-12-31,170.0,170.0,170.0,170.0,0.0,0.0,0.0,
2019-01-01,170.0,170.0,170.0,170.0,0.0,0.0,0.0,
2019-01-02,170.0,170.0,170.0,170.0,0.0,0.0,0.0,
2019-01-03,170.0,170.0,170.0,170.0,0.0,0.0,0.0,
2019-01-04,170.0,170.0,170.0,170.0,0.0,0.0,0.0,
2019-01-07,170.0,170.0,170.0,170.0,0.0,0.0,0.0,
2019-01-08,170.0,170.0,170.0,170.0,0.0,0.0,0.0,
2019-01-09,165.0,170.0,161.6000061035156,170.0,402.0,0.0,0.0,
2019-01-10,171.0,171.0,171.0,171.0,1.0,0.0,0.0,
2019-01-11,171.0,171.0,171.0,171.0,0.0,0.0,0.0,
2019-01-14,171.0,171.0,171.0,171.0,0.0,0.0,0.0,
2019-01-15,171.0,171.0,171.0,171.0,0.0,0.0,0.0,
2019-01-16,169.0,169.0,169.0,169.0,2.0,0.0,0.0,
2019-01-17,169.0,169.0,169.0,169.0,0.0,0.0,0.0,
2019-01-18,169.0,169.0,169.0,169.0,0.0,0.0,0.0,
2019-01-21,169.0,169.0,169.0,169.0,0.0,0.0,0.0,
2019-01-22,169.0,169.0,169.0,169.0,0.0,0.0,0.0,
2019-01-23,169.0,169.0,169.0,169.0,0.0,0.0,0.0,
2019-01-24,169.0,169.0,169.0,169.0,0.0,0.0,0.0,
2019-01-25,169.0,169.0,169.0,169.0,0.0,0.0,0.0,
2019-01-28,168.0,168.0,168.0,168.0,50.0,0.0,0.0,
2019-01-29,168.0,168.0,168.0,168.0,0.0,0.0,0.0,
2019-01-30,168.0,168.0,168.0,168.0,0.0,0.0,0.0,
2019-01-31,168.0,168.0,168.0,168.0,0.0,0.0,0.0,
2019-02-01,168.0,168.0,168.0,168.0,0.0,0.0,0.0,
2019-02-04,168.0,168.0,168.0,168.0,0.0,0.0,0.0,
2019-02-05,168.0,168.0,168.0,168.0,0.0,0.0,0.0,
2019-02-06,168.0,168.0,168.0,168.0,0.0,0.0,0.0,
2019-02-07,168.0,168.0,168.0,168.0,0.0,0.0,0.0,
2019-02-08,168.0,168.0,168.0,168.0,0.0,0.0,0.0,
2019-02-11,171.0,171.0,168.0,168.0,2.0,0.0,0.0,
2019-02-12,168.0,168.0,168.0,168.0,0.0,0.0,0.0,
2019-02-14,168.0,168.0,168.0,168.0,0.0,0.0,0.0,
2019-02-15,168.0,168.0,168.0,168.0,0.0,0.0,0.0,
2019-02-18,168.0,168.0,168.0,168.0,0.0,0.0,0.0,
2019-02-19,180.0,180.0,180.0,180.0,2.0,0.0,0.0,
2019-02-20,184.9900054931641,184.9900054931641,168.5099945068359,177.6000061035156,12.0,0.0,0.0,
2019-02-21,168.0,171.0,168.0,168.0,31.0,0.0,0.0,
2019-02-22,168.0,171.0,168.0,171.0,2.0,0.0,0.0,
2019-02-25,171.0,171.0,171.0,171.0,0.0,0.0,0.0,
2019-02-26,171.0,171.0,171.0,171.0,0.0,0.0,0.0,
2019-02-27,171.0,171.0,171.0,171.0,0.0,0.0,0.0,
2019-02-28,171.0,171.0,171.0,171.0,0.0,0.0,0.0,
2019-03-01,171.0,171.0,171.0,171.0,0.0,0.0,0.0,
2019-03-05,171.0,171.0,171.0,171.0,0.0,0.0,0.0,
2019-03-06,171.0,171.0,171.0,171.0,0.0,0.0,0.0,
2019-03-07,171.0,171.0,171.0,171.0,0.0,0.0,0.0,
2019-03-08,171.0,171.0,171.0,171.0,0.0,0.0,0.0,
2019-03-11,171.0,171.0,171.0,171.0,0.0,0.0,0.0,
2019-03-12,171.0,171.0,171.0,171.0,0.0,0.0,0.0,
2019-03-13,171.0,171.0,171.0,171.0,0.0,0.0,0.0,
2019-03-14,171.0,171.0,171.0,171.0,0.0,0.0,0.0,
2019-03-15,168.5,168.5,168.5,168.5,10.0,0.0,0.0,
2019-03-18,168.5,168.5,168.5,168.5,0.0,0.0,0.0,
2019-03-19,168.5,168.5,168.5,168.5,0.0,0.0,0.0,
2019-03-20,168.5,168.5,168.5,168.5,0.0,0.0,0.0,
2019-03-22,168.5,168.5,168.5,168.5,0.0,0.0,0.0,
2019-03-25,168.5,168.5,168.5,168.5,0.0,0.0,0.0,
2019-03-26,168.5,168.5,168.5,168.5,0.0,0.0,0.0,
2019-03-27,168.5,168.5,168.5,168.5,0.0,0.0,0.0,
2019-03-28,168.8500061035156,168.8500061035156,168.0099945068359,168.0099945068359,96.0,0.0,0.0,
2019-04-01,176.0,176.0,176.0,176.0,5.0,0.0,0.0,
2019-04-02,176.0,176.0,176.0,176.0,0.0,0.0,0.0,
2019-04-03,169.0,172.8500061035156,168.5,168.6000061035156,141.0,0.0,0.0,
2019-04-04,169.0,172.0,169.0,172.0,51.0,0.0,0.0,
2019-04-05,171.0,172.0,169.0,169.0,301.0,0.0,0.0,
2019-04-08,169.0,172.0,169.0,172.0,3.0,0.0,0.0,
2019-04-09,172.0,172.0,169.0,172.0,55.0,0.0,0.0,
2019-04-10,169.0,172.0,169.0,172.0,51.0,0.0,0.0,
2019-04-11,169.0,172.5,169.0,172.5,109.0,0.0,0.0,
2019-04-12,172.0,172.0,172.0,172.0,2.0,0.0,0.0,
2019-04-15,172.0,172.0,172.0,172.0,0.0,0.0,0.0,
2019-04-16,169.0,172.0,169.0,172.0,51.0,0.0,0.0,
2019-04-18,169.0,172.0,169.0,172.0,51.0,0.0,0.0,
2019-04-22,172.0,172.0,172.0,172.0,0.0,0.0,0.0,
2019-04-23,172.0,172.0,168.5,172.0,61.0,0.0,0.0,
2019-04-24,172.0,172.0,172.0,172.0,0.0,0.0,0.0,
2019-04-25,171.5399932861328,171.5399932861328,171.5399932861328,171.5399932861328,3.0,0.0,0.0,
2019-04-26,171.5399932861328,171.5399932861328,171.5399932861328,171.5399932861328,0.0,0.0,0.0,
2019-04-30,172.0,172.0,172.0,172.0,2.0,0.0,0.0,
2019-05-02,172.0,172.0,172.0,172.0,0.0,0.0,0.0,
2019-05-03,172.5399932861328,172.5399932861328,169.5500030517578,172.5099945068359,13.0,0.0,0.0,
2019-05-06,169.5,172.4900054931641,169.5,172.4799957275391,32.0,0.0,0.0,
2019-05-07,169.5,171.9900054931641,169.5,171.9799957275391,12.0,0.0,0.0,
2019-05-08,171.9799957275391,171.9799957275391,171.9799957275391,171.9799957275391,3.0,0.0,0.0,
2019-05-09,175.0,175.0,170.0,170.0,28.0,0.0,0.0,
2019-05-10,169.0,171.0,169.0,171.0,11.0,0.0,0.0,
2019-05-13,171.0,171.0,171.0,171.0,0.0,0.0,0.0,
2019-05-14,175.0,183.9799957275391,170.25,176.7400054931641,159.0,0.0,0.0,
2019-05-15,170.5,170.5,170.5,170.5,14.0,0.0,0.0,
2019-05-16,170.5,170.5,170.5,170.5,0.0,0.0,0.0,
2019-05-17,170.5,170.5,170.5,170.5,3.0,0.0,0.0,
2019-05-20,170.5,170.5,170.5,170.5,0.0,0.0,0.0,
2019-05-21,174.0,174.0,171.0,171.0,20.0,0.0,0.0,
2019-05-22,171.0,171.0,171.0,171.0,0.0,0.0,0.0,
2019-05-23,171.0,171.0,171.0,171.0,0.0,0.0,0.0,
2019-05-24,171.0,171.0,171.0,171.0,0.0,0.0,0.0,
2019-05-27,178.0,188.0,171.0,176.5500030517578,523.0,0.0,0.0,
2019-05-28,176.5500030517578,176.5500030517578,176.5500030517578,176.5500030517578,0.0,0.0,0.0,
2019-05-29,176.5500030517578,176.5500030517578,176.5500030517578,176.5500030517578,0.0,0.0,0.0,
2019-05-30,176.5500030517578,176.5500030517578,176.5500030517578,176.5500030517578,0.0,0.0,0.0,
2019-05-31,176.5500030517578,176.75,176.5500030517578,176.75,55.0,0.0,0.0,
2019-06-03,176.75,176.75,176.75,176.75,0.0,0.0,0.0,
2019-06-04,211.1000061035156,211.3500061035156,170.0599975585938,211.0,899.0,0.0,0.0,
2019-06-06,211.0,212.1799926757812,176.5,185.3699951171875,152.0,0.0,0.0,
2019-06-07,207.9900054931641,207.9900054931641,178.5500030517578,181.7200012207031,693.0,0.0,0.0,
2019-06-10,186.0,186.0,176.5099945068359,180.0700073242188,191.0,0.0,0.0,
2019-06-11,161.0,199.0,161.0,175.2599945068359,311.0,0.0,0.0,
2019-06-12,178.1999969482422,178.1999969482422,176.0099945068359,177.5,26.0,0.0,0.0,
2019-06-13,178.0,178.25,176.0,176.0,218.0,0.0,0.0,
2019-06-14,174.0500030517578,176.0,174.0500030517578,175.3000030517578,264.0,0.0,0.0,
2019-06-17,175.3000030517578,178.8999938964844,174.5,178.8899993896484,181.0,0.0,0.0,
2019-06-18,177.0,180.0,177.0,180.0,278.0,0.0,0.0,
2019-06-19,179.5,181.0,178.5500030517578,178.5500030517578,101.0,0.0,0.0,
2019-06-20,178.5500030517578,178.5500030517578,178.5500030517578,178.5500030517578,0.0,0.0,0.0,
2019-06-21,178.5500030517578,178.5500030517578,178.5500030517578,178.5500030517578,0.0,0.0,0.0,
2019-06-24,178.5500030517578,178.5500030517578,178.5500030517578,178.5500030517578,0.0,0.0,0.0,
2019-06-25,180.25,180.5500030517578,178.25,180.5500030517578,54.0,0.0,0.0,
2019-06-26,179.75,179.75,177.5,177.5,8.0,0.0,0.0,
2019-06-27,179.5500030517578,179.5500030517578,179.5500030517578,179.5500030517578,1.0,0.0,0.0,
2019-06-28,179.5500030517578,179.5500030517578,179.5500030517578,179.5500030517578,0.0,0.0,0.0,
2019-07-01,190.0,199.4900054931641,180.0,180.25,146.0,0.0,0.0,
2019-07-02,180.25,180.25,180.25,180.25,0.0,0.0,0.0,
2019-07-03,180.25,180.25,180.25,180.25,0.0,0.0,0.0,
2019-07-04,180.25,180.25,180.25,180.25,0.0,0.0,0.0,
2019-07-05,180.25,182.75,179.0599975585938,182.75,199.0,0.0,0.0,
2019-07-08,182.75,182.75,182.5,182.5,108.0,0.0,0.0,
2019-07-09,182.3000030517578,183.0,182.3000030517578,183.0,111.0,0.0,0.0,
2019-07-10,182.5500030517578,183.25,182.5500030517578,183.25,140.0,0.0,0.0,
2019-07-11,183.25,183.25,183.25,183.25,0.0,0.0,0.0,
2019-07-12,183.25,183.25,183.25,183.25,3.0,0.0,0.0,
2019-07-15,190.0,190.0,190.0,190.0,10.0,0.0,0.0,
2019-07-16,190.0,190.0,186.0,186.0,1037.0,0.0,0.0,
2019-07-17,190.0,190.0,189.9499969482422,189.9499969482422,4.0,0.0,0.0,
2019-07-18,189.9499969482422,189.9499969482422,189.9499969482422,189.9499969482422,0.0,0.0,0.0,
2019-07-19,187.9900054931641,189.0,187.9900054931641,189.0,307.0,0.0,0.0,
2019-07-22,189.0,189.0,189.0,189.0,0.0,0.0,0.0,
2019-07-23,187.0,190.9900054931641,183.25,189.9900054931641,504.0,0.0,0.0,
2019-07-24,189.8000030517578,189.8000030517578,189.8000030517578,189.8000030517578,10.0,0.0,0.0,
2019-07-25,189.6999969482422,201.9400024414062,178.5399932861328,196.3800048828125,125.0,0.0,0.0,
2019-07-26,196.3800048828125,196.3800048828125,196.3800048828125,196.3800048828125,0.0,0.0,0.0,
2019-07-29,198.8699951171875,199.0,180.0099945068359,197.0099945068359,52.0,0.0,0.0,
2019-07-30,190.0,195.0,190.0,192.5,4.0,0.0,0.0,
2019-07-31,190.0,208.0099945068359,185.0,200.0,66.0,0.0,0.0,
2019-08-01,195.0,195.0,194.0,194.8500061035156,28.0,0.0,0.0,
2019-08-02,195.0,200.0,181.0500030517578,181.0599975585938,13.0,0.0,0.0,
2019-08-05,181.0599975585938,207.9499969482422,181.0599975585938,207.8600006103516,44.0,0.0,0.0,
2019-08-06,199.8500061035156,200.0,181.2299957275391,196.6100006103516,311.0,0.0,0.0,
2019-08-07,196.0,196.0,184.1499938964844,195.8999938964844,5.0,0.0,0.0,
2019-08-08,195.25,195.25,195.25,195.25,1.0,0.0,0.0,
2019-08-09,200.0,213.9900054931641,182.0,198.9499969482422,130.0,0.0,0.0,
2019-08-13,198.9499969482422,217.0,196.9499969482422,215.6999969482422,914.0,0.0,0.0,
2019-08-14,195.0,222.2700042724609,186.0,215.1199951171875,970.0,0.0,0.0,
2019-08-16,208.0,221.9799957275391,208.0,221.9799957275391,971.0,0.0,0.0,
2019-08-19,220.5,220.5,191.0,220.3999938964844,431.0,0.0,0.0,
2019-08-20,205.0399932861328,221.0,205.0399932861328,216.5,102.0,0.0,0.0,
2019-08-21,210.5,221.3000030517578,210.1999969482422,221.0,252.0,0.0,0.0,
2019-08-22,210.0200042724609,221.3000030517578,210.0200042724609,221.3000030517578,265.0,0.0,0.0,
2019-08-23,221.3000030517578,221.3000030517578,221.3000030517578,221.3000030517578,196.0,0.0,0.0,
2019-08-26,211.6999969482422,221.0,182.0,191.5800018310547,2848.0,0.0,0.0,
2019-08-27,190.0,214.0,186.0,190.3399963378906,519.0,0.0,0.0,
2019-08-28,190.0,191.9900054931641,185.5,185.7299957275391,253.0,0.0,0.0,
2019-08-29,192.0,214.5,185.7299957275391,191.9900054931641,616.0,0.0,0.0,
2019-08-30,203.6900024414062,212.8999938964844,188.0099945068359,195.1499938964844,1001.0,0.0,0.0,
2019-09-03,200.0,213.5700073242188,187.0200042724609,188.0,839.0,0.0,0.0,
2019-09-04,191.0099945068359,200.0,191.0099945068359,191.1000061035156,356.0,0.0,0.0,
2019-09-05,212.8999938964844,214.9900054931641,185.0299987792969,193.6100006103516,1441.0,0.0,0.0,
2019-09-06,189.6100006103516,191.9400024414062,188.5,191.1499938964844,223.0,0.0,0.0,
2019-09-09,192.0,192.0,176.1000061035156,185.8500061035156,130.0,0.0,0.0,
2019-09-11,191.0,194.0,188.2100067138672,188.9199981689453,130.0,0.0,0.0,
2019-09-12,185.0,187.9900054931641,179.0,180.0700073242188,1203.0,0.0,0.0,
2019-09-13,183.8000030517578,187.0700073242188,180.0,180.8999938964844,205.0,0.0,0.0,
2019-09-16,183.6999969482422,185.5500030517578,183.5899963378906,184.9299926757812,128.0,0.0,0.0,
2019-09-17,183.6999969482422,183.6999969482422,179.9900054931641,180.1000061035156,157.0,0.0,0.0,
2019-09-18,180.1000061035156,184.3899993896484,178.5,179.4299926757812,118.0,0.0,0.0,
2019-09-19,179.4299926757812,179.4299926757812,179.4299926757812,179.4299926757812,0.0,0.0,0.0,
2019-09-20,177.6999969482422,183.0,177.6999969482422,178.5500030517578,134.0,0.0,0.0,
2019-09-23,173.3000030517578,189.9499969482422,173.3000030517578,175.25,83.0,0.0,0.0,
2019-09-24,181.0,181.0,181.0,181.0,1.0,0.0,0.0,
2019-09-25,179.0,179.0,179.0,179.0,101.0,0.0,0.0,
2019-09-26,179.0,184.75,179.0,183.2299957275391,101.0,0.0,0.0,
2019-09-27,186.9799957275391,199.8999938964844,168.6999969482422,189.8000030517578,322.0,0.0,0.0,
2019-09-30,189.8000030517578,192.0,184.0,184.0,56.0,0.0,0.0,
2019-10-01,177.6999969482422,180.0,174.1000061035156,180.0,31.0,0.0,0.0,
2019-10-03,197.6000061035156,203.8300018310547,185.0,192.2400054931641,284.0,0.0,0.0,
2019-10-04,177.8000030517578,189.8800048828125,177.8000030517578,180.0599975585938,418.0,0.0,0.0,
2019-10-07,199.0,199.0,172.1000061035156,180.0099945068359,1739.0,0.0,0.0,
2019-10-09,180.0099945068359,180.0099945068359,180.0099945068359,180.0099945068359,0.0,0.0,0.0,
2019-10-10,194.0,194.0,189.9499969482422,189.9900054931641,13.0,0.0,0.0,
2019-10-11,190.0,190.0,178.0200042724609,178.0200042724609,37.0,0.0,0.0,
2019-10-14,193.5500030517578,193.5500030517578,178.0200042724609,178.0899963378906,55.0,0.0,0.0,
2019-10-15,178.0899963378906,178.0899963378906,178.0899963378906,178.0899963378906,0.0,0.0,0.0,
2019-10-16,178.5,188.2400054931641,173.6300048828125,181.0500030517578,165.0,0.0,0.0,
2019-10-17,186.9799957275391,186.9799957275391,179.5500030517578,181.0500030517578,107.0,0.0,0.0,
2019-10-18,187.4299926757812,187.4299926757812,187.4299926757812,187.4299926757812,4.0,0.0,0.0,
2019-10-22,186.8000030517578,186.8000030517578,186.8000030517578,186.8000030517578,2.0,0.0,0.0,
2019-10-23,180.0500030517578,180.0500030517578,180.0500030517578,180.0500030517578,100.0,0.0,0.0,
2019-10-24,180.0500030517578,180.0500030517578,180.0500030517578,180.0500030517578,0.0,0.0,0.0,
2019-10-25,188.0,188.0,188.0,188.0,4.0,0.0,0.0,
2019-10-27,198.8999938964844,205.0,175.5500030517578,182.0,68.0,0.0,0.0,
2019-10-29,210.0,210.0,183.0,183.25,402.0,0.0,0.0,
2019-10-30,183.0,187.25,183.0,187.25,63.0,0.0,0.0,
2019-10-31,188.0,188.0,186.1000061035156,186.3999938964844,1025.0,0.0,0.0,
2019-11-01,186.3999938964844,188.0,185.5,188.0,19.0,0.0,0.0,
2019-11-04,188.0,188.0,187.1999969482422,187.1999969482422,221.0,0.0,0.0,
2019-11-05,188.9499969482422,200.0,187.0,187.0899963378906,1569.0,0.0,0.0,
2019-11-06,191.0,191.0,191.0,191.0,23.0,0.0,0.0,
2019-11-07,187.1000061035156,187.1000061035156,187.0,187.0,4344.0,0.0,0.0,
2019-11-08,187.0,189.1900024414062,186.0,186.0,5035.0,0.0,0.0,
2019-11-11,183.25,183.25,183.25,183.25,25.0,0.0,0.0,
2019-11-13,183.25,183.25,183.25,183.25,0.0,0.0,0.0,
2019-11-14,183.25,183.25,183.25,183.25,0.0,0.0,0.0,
2019-11-15,187.8800048828125,187.8800048828125,187.8800048828125,187.8800048828125,1.0,0.0,0.0,
2019-11-18,174.0,188.8999938964844,174.0,188.8999938964844,7.0,0.0,0.0,
2019-11-19,188.0,188.0,188.0,188.0,40.0,0.0,0.0,
2019-11-20,188.0,188.0,188.0,188.0,0.0,0.0,0.0,
2019-11-21,188.0099945068359,190.4900054931641,188.0,188.4900054931641,20.0,0.0,0.0,
2019-11-22,188.4900054931641,188.4900054931641,188.4900054931641,188.4900054931641,0.0,0.0,0.0,
2019-11-25,188.0,198.0,185.0099945068359,187.5,112.0,0.0,0.0,
2019-11-26,182.0500030517578,196.0,180.1499938964844,187.6600036621094,644.0,0.0,0.0,
2019-11-27,190.9900054931641,190.9900054931641,189.9900054931641,190.0,210.0,0.0,0.0,
2019-11-28,178.1000061035156,192.0,178.0700073242188,189.0,68.0,0.0,0.0,
2019-11-29,189.0,189.0,189.0,189.0,0.0,0.0,0.0,
2019-12-02,199.8999938964844,199.8999938964844,182.1199951171875,182.2299957275391,70.0,0.0,0.0,
2019-12-03,189.9499969482422,189.9499969482422,183.1000061035156,189.0,34.0,0.0,0.0,
2019-12-04,188.5,188.5,188.5,188.5,25.0,0.0,0.0,
2019-12-05,185.0,189.0,185.0,188.9199981689453,116.0,0.0,0.0,
2019-12-06,185.9900054931641,186.0,185.9900054931641,186.0,556.0,0.0,0.0,
2019-12-09,186.0,186.0,186.0,186.0,0.0,0.0,0.0,
2019-12-10,186.0,186.0,185.9900054931641,186.0,9.0,0.0,0.0,
2019-12-11,186.0,186.0,186.0,186.0,0.0,0.0,0.0,
2019-12-12,193.0,193.0,182.5099945068359,189.3999938964844,50.0,0.0,0.0,
2019-12-13,182.0,184.0,182.0,184.0,156.0,0.0,0.0,
2019-12-16,184.0,184.0,184.0,184.0,0.0,0.0,0.0,
2019-12-17,184.0,184.0,184.0,184.0,0.0,0.0,0.0,
2019-12-18,181.0099945068359,181.0099945068359,181.0099945068359,181.0099945068359,2.0,0.0,0.0,
2019-12-19,189.0,189.0,181.5500030517578,181.5500030517578,2.0,0.0,0.0,
2019-12-20,181.5500030517578,181.5500030517578,181.5500030517578,181.5500030517578,0.0,0.0,0.0,
2019-12-23,191.0,191.0,189.5,189.5,14.0,0.0,0.0,
2019-12-24,196.0,218.0,182.3099975585938,195.8899993896484,2142.0,0.0,0.0,
2019-12-26,200.0,210.1999969482422,200.0,208.1699981689453,88.0,0.0,0.0,
2019-12-27,198.8999938964844,198.8999938964844,184.1100006103516,193.9900054931641,275.0,0.0,0.0,
2019-12-30,193.9900054931641,193.9900054931641,193.9900054931641,193.9900054931641,0.0,0.0,0.0,
2019-12-31,185.0099945068359,193.0,184.0,185.6999969482422,40.0,0.0,0.0,
2020-01-01,185.6999969482422,185.6999969482422,185.6999969482422,185.6999969482422,0.0,0.0,0.0,
2020-01-02,198.9499969482422,198.9499969482422,185.5,190.0,273.0,0.0,0.0,
2020-01-03,193.5,193.6000061035156,185.0200042724609,185.0200042724609,118.0,0.0,0.0,
2020-01-06,197.0,197.0,178.0,183.2400054931641,1478.0,0.0,0.0,
2020-01-07,184.1499938964844,187.6000061035156,184.1000061035156,184.5599975585938,131.0,0.0,0.0,
2020-01-08,217.8999938964844,217.8999938964844,182.6000061035156,190.6399993896484,201.0,0.0,0.0,
2020-01-09,192.0,192.0,190.0,190.8099975585938,39.0,0.0,0.0,
2020-01-10,188.9900054931641,188.9900054931641,182.2700042724609,183.25,175.0,0.0,0.0,
2020-01-13,187.8999938964844,199.8999938964844,183.0,189.9900054931641,255.0,0.0,0.0,
2020-01-14,194.0,194.0,184.0099945068359,186.6399993896484,183.0,0.0,0.0,
2020-01-15,190.3000030517578,190.3000030517578,184.0,184.0,50.0,0.0,0.0,
2020-01-16,191.0,191.0,191.0,191.0,10.0,0.0,0.0,
2020-01-17,190.8999938964844,190.8999938964844,183.0,183.6300048828125,115.0,0.0,0.0,
2020-01-20,190.0,190.0,183.6300048828125,183.6300048828125,51.0,0.0,0.0,
2020-01-21,188.5,189.9900054931641,183.0099945068359,189.9400024414062,20.0,0.0,0.0,
2020-01-22,189.0,189.3500061035156,184.0,189.3500061035156,320.0,0.0,0.0,
2020-01-23,188.75,188.8000030517578,188.75,188.8000030517578,40.0,0.0,0.0,
2020-01-24,188.0,188.0,188.0,188.0,1.0,0.0,0.0,
2020-01-27,187.9900054931641,188.0,187.9900054931641,188.0,21.0,0.0,0.0,
2020-01-28,188.0,188.0,188.0,188.0,0.0,0.0,0.0,
2020-01-29,183.0,187.7100067138672,183.0,183.1000061035156,24.0,0.0,0.0,
2020-01-30,188.5,189.3999938964844,175.8000030517578,181.1999969482422,228.0,0.0,0.0,
2020-01-31,187.5,187.8800048828125,181.0099945068359,181.0099945068359,30.0,0.0,0.0,
2020-02-03,188.0,188.0,188.0,188.0,0.0,0.0,0.0,
2020-02-04,187.9700012207031,188.0,187.9700012207031,188.0,20.0,0.0,0.0,
2020-02-05,180.6999969482422,187.4900054931641,178.0099945068359,182.0899963378906,481.0,0.0,0.0,
2020-02-06,182.0899963378906,182.0899963378906,182.0899963378906,182.0899963378906,0.0,0.0,0.0,
2020-02-07,187.9900054931641,191.1999969482422,187.9900054931641,188.0,33.0,0.0,0.0,
2020-02-10,188.0,188.0,188.0,188.0,0.0,0.0,0.0,
2020-02-11,180.75,189.8999938964844,180.75,185.1000061035156,132.0,0.0,0.0,
2020-02-12,190.0,190.0,183.0,189.1799926757812,25.0,0.0,0.0,
2020-02-13,189.0,189.1799926757812,189.0,189.0399932861328,21.0,0.0,0.0,
2020-02-14,191.0,191.0,182.5,190.2899932861328,30.0,0.0,0.0,
2020-02-17,189.9400024414062,189.9400024414062,189.8999938964844,189.8999938964844,7.0,0.0,0.0,
2020-02-18,180.6999969482422,189.5,179.5,189.5,95.0,0.0,0.0,
2020-02-19,190.9900054931641,191.0,190.9900054931641,190.9900054931641,2.0,0.0,0.0,
2020-02-20,189.5,190.0,188.9700012207031,189.5399932861328,2054.0,0.0,0.0,
2020-02-24,189.5,189.5,189.5,189.5,1.0,0.0,0.0,
2020-02-25,189.5,190.5,189.5,190.3999938964844,12.0,0.0,0.0,
2020-02-26,190.25,190.3000030517578,190.1999969482422,190.1999969482422,66.0,0.0,0.0,
2020-02-27,190.1999969482422,190.1999969482422,190.1999969482422,190.1999969482422,0.0,0.0,0.0,
2020-02-28,176.0,189.0,176.0,180.5500030517578,37.0,0.0,0.0,
2020-03-02,191.5,192.0,188.0,189.9900054931641,367.0,0.0,0.0,
2020-03-03,188.9900054931641,188.9900054931641,170.8000030517578,179.3000030517578,2563.0,0.0,0.0,
2020-03-04,180.6999969482422,187.0,174.0,174.7899932861328,346.0,0.0,0.0,
2020-03-05,185.0,185.0,173.0,173.75,191.0,0.0,0.0,
2020-03-06,173.75,173.75,173.75,173.75,0.0,0.0,0.0,
2020-03-09,174.1100006103516,188.0,174.1000061035156,187.7200012207031,1321.0,0.0,0.0,
2020-03-11,189.8600006103516,194.8899993896484,180.6999969482422,185.2200012207031,697.0,0.0,0.0,
2020-03-12,189.0,189.0,189.0,189.0,30.0,0.0,0.0,
2020-03-13,190.0,230.0,178.0,189.0,369.0,0.0,0.0,
2020-03-16,190.0,190.0,176.3600006103516,186.8899993896484,938.0,0.0,0.0,
2020-03-17,180.6999969482422,189.9499969482422,175.1100006103516,182.0,126.0,0.0,0.0,
2020-03-18,178.6999969482422,193.9900054931641,177.0200042724609,193.9900054931641,1318.0,0.0,0.0,
2020-03-19,178.6999969482422,184.0,168.8000030517578,181.25,395.0,0.0,0.0,
2020-03-20,175.1199951171875,194.9900054931641,175.1199951171875,182.2700042724609,187.0,0.0,0.0,
2020-03-23,191.9900054931641,222.6999969482422,176.1799926757812,189.8600006103516,267.0,0.0,0.0,
2020-03-24,176.0,189.7700042724609,176.0,188.8999938964844,128.0,0.0,0.0,
2020-03-25,188.8899993896484,188.8899993896484,188.8899993896484,188.8899993896484,23.0,0.0,0.0,
2020-03-26,165.0200042724609,187.0,165.0200042724609,187.0,138.0,0.0,0.0,
2020-03-27,192.9900054931641,192.9900054931641,178.9499969482422,192.0,402.0,0.0,0.0,
2020-03-30,189.7700042724609,191.9799957275391,180.75,190.9199981689453,191.0,0.0,0.0,
2020-03-31,199.9900054931641,199.9900054931641,191.8999938964844,192.0,2342.0,0.0,0.0,
2020-04-01,192.5,192.5,185.0899963378906,192.4900054931641,1840.0,0.0,0.0,
2020-04-03,199.9799957275391,199.9799957275391,190.0,199.9499969482422,46.0,0.0,0.0,
2020-04-07,234.5,234.5,190.0,199.9499969482422,214.0,0.0,0.0,
2020-04-08,229.5500030517578,229.5500030517578,190.5899963378906,204.9900054931641,1259.0,0.0,0.0,
2020-04-09,225.0,228.8300018310547,199.0,209.8500061035156,38.0,0.0,0.0,
2020-04-13,200.9900054931641,201.0,154.2700042724609,189.2599945068359,5281.0,0.0,0.0,
2020-04-15,209.0,209.0,190.0,190.4799957275391,654.0,0.0,0.0,
2020-04-16,188.0099945068359,193.5,183.6100006103516,192.0,124.0,0.0,0.0,
2020-04-17,193.1999969482422,193.1999969482422,185.0,185.0800018310547,1801.0,0.0,0.0,
2020-04-20,192.0,192.0,185.0800018310547,189.2599945068359,557.0,0.0,0.0,
2020-04-21,176.0,190.0,176.0,185.25,100.0,0.0,0.0,
2020-04-22,186.0,189.9799957275391,186.0,189.5,155.0,0.0,0.0,
2020-04-23,186.5,193.9700012207031,186.5,191.8000030517578,1241.0,0.0,0.0,
2020-04-24,193.4700012207031,193.4700012207031,187.6000061035156,192.6900024414062,39.0,0.0,0.0,
2020-04-27,193.4700012207031,193.4700012207031,186.3300018310547,188.9299926757812,461.0,0.0,0.0,
2020-04-28,193.5,193.7899932861328,183.0200042724609,187.6100006103516,375.0,0.0,0.0,
2020-04-29,187.6100006103516,193.0,187.0,192.1900024414062,611.0,0.0,0.0,
2020-04-30,186.0099945068359,197.8600006103516,186.0099945068359,196.8000030517578,267.0,0.0,0.0,
2020-05-04,197.0,207.0,194.5,198.0800018310547,1236.0,0.0,0.0,
2020-05-05,204.0,204.0,194.0500030517578,195.4400024414062,240.0,0.0,0.0,
2020-05-06,181.0200042724609,202.9900054931641,181.0200042724609,201.4499969482422,313.0,0.0,0.0,
2020-05-07,202.0,202.0,187.2100067138672,191.1600036621094,1002.0,0.0,0.0,
2020-05-08,230.0,230.0,189.1000061035156,194.9199981689453,1331.0,0.0,0.0,
2020-05-11,199.0,199.0,192.5,194.8999938964844,149.0,0.0,0.0,
2020-05-12,195.0,195.8999938964844,195.0,195.4900054931641,176.0,0.0,0.0,
2020-05-13,195.0,197.8999938964844,195.0,196.3999938964844,192.0,0.0,0.0,
2020-05-14,204.3699951171875,204.3699951171875,185.6999969482422,198.0,163.0,0.0,0.0,
2020-05-15,200.0,229.6999969482422,192.0200042724609,197.0,435.0,0.0,0.0,
2020-05-18,197.0,225.0,197.0,208.0200042724609,630.0,0.0,0.0,
2020-05-19,208.0200042724609,213.0,200.25,210.0,87.0,0.0,0.0,
2020-05-20,220.0,220.0,208.5,208.9199981689453,13.0,0.0,0.0,
2020-05-21,195.0,213.0,186.1199951171875,198.2299957275391,831.0,0.0,0.0,
2020-05-22,198.2299957275391,218.8999938964844,198.2299957275391,213.4499969482422,958.0,0.0,0.0,
2020-05-26,215.0,215.0,201.1499938964844,205.3300018310547,280.0,0.0,0.0,
2020-05-27,219.1999969482422,219.6000061035156,204.0,214.8999938964844,94.0,0.0,0.0,
2020-05-28,214.0,218.0,214.0,215.9499969482422,73.0,0.0,0.0,
2020-05-29,215.9499969482422,215.9499969482422,198.0,199.6699981689453,2144.0,0.0,0.0,
2020-06-01,209.5899963378906,209.5899963378906,193.1000061035156,193.9600067138672,1875.0,0.0,0.0,
2020-06-02,195.1000061035156,197.8000030517578,190.6100006103516,195.1000061035156,354.0,0.0,0.0,
2020-06-03,193.0,199.5,193.0,199.3000030517578,118.0,0.0,0.0,
2020-06-04,195.0500030517578,200.5800018310547,191.5,199.8000030517578,238.0,0.0,0.0,
2020-06-05,194.0,198.6000061035156,192.1000061035156,195.7799987792969,367.0,0.0,0.0,
2020-06-08,196.5500030517578,199.9900054931641,196.5500030517578,198.9600067138672,261.0,0.0,0.0,
2020-06-09,201.6399993896484,201.6399993896484,194.5500030517578,196.9900054931641,1446.0,0.0,0.0,
2020-06-10,197.0,197.0,196.5099945068359,196.5099945068359,50.0,0.0,0.0,
2020-06-11,198.0,198.9900054931641,195.0099945068359,196.9499969482422,518.0,0.0,0.0,
2020-06-12,197.75,199.3999938964844,195.75,198.5,267.0,0.0,0.0,
2020-06-15,196.1999969482422,196.5,196.1999969482422,196.3500061035156,58.0,0.0,0.0,
2020-06-16,196.3999938964844,198.9900054931641,196.3999938964844,197.0200042724609,745.0,0.0,0.0,
2020-06-17,197.6100006103516,199.7899932861328,197.6000061035156,199.4499969482422,61.0,0.0,0.0,
2020-06-18,196.5,199.0,196.5,197.6000061035156,33.0,0.0,0.0,
2020-06-19,197.6000061035156,197.6000061035156,189.1100006103516,196.4199981689453,817.0,0.0,0.0,
2020-06-22,196.3999938964844,199.5,195.1999969482422,198.9499969482422,403.0,0.0,0.0,
2020-06-23,199.0,201.0,199.0,200.8300018310547,694.0,0.0,0.0,
2020-06-24,200.8300018310547,200.8300018310547,199.0,199.0,283.0,0.0,0.0,
2020-06-25,197.0,200.0,196.3300018310547,199.5,40.0,0.0,0.0,
2020-06-26,197.1000061035156,200.9799957275391,196.25,200.8800048828125,62.0,0.0,0.0,
2020-06-29,200.0,200.0,197.0,198.0,110.0,0.0,0.0,
2020-06-30,197.0,199.5,197.0,199.5,41.0,0.0,0.0,
2020-07-01,200.0,200.0,198.1000061035156,199.0500030517578,3.0,0.0,0.0,
2020-07-02,198.3000030517578,201.75,189.6000061035156,201.5,1081.0,0.0,0.0,
2020-07-03,201.3999938964844,201.3999938964844,196.1000061035156,198.1300048828125,97.0,0.0,0.0,
2020-07-06,201.6000061035156,201.6000061035156,201.6000061035156,201.6000061035156,1.0,0.0,0.0,
2020-07-07,200.9900054931641,201.6000061035156,195.1499938964844,196.7100067138672,187.0,0.0,0.0,
2020-07-08,195.2100067138672,201.5500030517578,195.2100067138672,201.1000061035156,86.0,0.0,0.0,
2020-07-09,198.6999969482422,201.1000061035156,197.0500030517578,197.1199951171875,169.0,0.0,0.0,
2020-07-10,211.3999938964844,211.3999938964844,197.6999969482422,201.3000030517578,158.0,0.0,0.0,
2020-07-13,198.6999969482422,198.6999969482422,197.0500030517578,198.6999969482422,52.0,0.0,0.0,
2020-07-14,199.6499938964844,235.0,199.5399932861328,203.5299987792969,868.0,0.0,0.0,
2020-07-15,199.0500030517578,203.0,199.0500030517578,203.0,15.0,0.0,0.0,
2020-07-16,201.6000061035156,201.6000061035156,199.0500030517578,199.0500030517578,2.0,0.0,0.0,
2020-07-17,201.6000061035156,201.6000061035156,199.75,201.6000061035156,5.0,0.0,0.0,
2020-07-20,199.0500030517578,201.6000061035156,199.0500030517578,200.0,46.0,0.0,0.0,
2020-07-21,198.6999969482422,201.6000061035156,198.0099945068359,200.5099945068359,83.0,0.0,0.0,
2020-07-22,201.6000061035156,201.6000061035156,200.5,201.6000061035156,30.0,0.0,0.0,
2020-07-23,204.0,204.0,200.0599975585938,203.25,115.0,0.0,0.0,
2020-07-24,200.0500030517578,239.0,200.0500030517578,218.2799987792969,4914.0,0.0,0.0,
2020-07-27,206.1100006103516,240.4199981689453,206.1100006103516,213.1100006103516,1960.0,0.0,0.0,
2020-07-28,213.1100006103516,221.9499969482422,204.1199951171875,211.3300018310547,1125.0,0.0,0.0,
2020-07-29,210.6999969482422,214.5,210.1999969482422,212.5500030517578,83.0,0.0,0.0,
2020-07-30,210.75,221.9499969482422,209.1100006103516,211.0,728.0,0.0,0.0,
2020-07-31,210.6999969482422,220.9400024414062,209.6100006103516,216.9499969482422,490.0,0.0,0.0,
2020-08-03,222.8899993896484,222.8899993896484,212.5,219.7899932861328,1397.0,0.0,0.0,
2020-08-04,226.0,226.0,213.0,218.6900024414062,325.0,0.0,0.0,
2020-08-05,218.8500061035156,218.8500061035156,217.1000061035156,218.8500061035156,26.0,0.0,0.0,
2020-08-06,216.0,222.0,216.0,218.1399993896484,388.0,0.0,0.0,
2020-08-07,218.1399993896484,218.1399993896484,204.5,204.8099975585938,12544.0,0.0,0.0,
2020-08-10,212.8999938964844,212.8999938964844,203.0,204.5599975585938,1758.0,0.0,0.0,
2020-08-11,222.0,222.0,203.0,204.1999969482422,1751.0,0.0,0.0,
2020-08-12,203.6999969482422,210.7899932861328,203.1100006103516,204.0899963378906,1965.0,0.0,0.0,
2020-08-13,203.6000061035156,205.9900054931641,202.0099945068359,204.1000061035156,218.0,0.0,0.0,
2020-08-14,202.0,204.1000061035156,201.0,201.9199981689453,661.0,0.0,0.0,
2020-08-17,201.0099945068359,204.0,198.1000061035156,198.8000030517578,3909.0,0.0,0.0,
2020-08-18,201.0,203.5,198.6699981689453,200.75,1938.0,0.0,0.0,
2020-08-19,200.0,201.8000030517578,198.75,198.9400024414062,745.0,0.0,0.0,
2020-08-20,198.5,201.0,198.0,199.0099945068359,1392.0,0.0,0.0,
2020-08-21,199.0099945068359,199.75,198.0,198.3999938964844,301.0,0.0,0.0,
2020-08-24,198.0,201.0,195.0,196.6900024414062,1217.0,0.0,0.0,
2020-08-25,198.3999938964844,198.3999938964844,198.3999938964844,198.3999938964844,81.0,0.0,0.0,
2020-08-26,198.5,198.5,198.0,198.0,163.0,0.0,0.0,
2020-08-27,196.6999969482422,198.0,195.0500030517578,197.2299957275391,407.0,0.0,0.0,
2020-08-28,197.0,197.0,196.1999969482422,196.25,155.0,0.0,0.0,
2020-08-31,215.0,215.0,194.0,199.9900054931641,3100.0,0.0,0.0,
2020-09-01,199.9900054931641,200.0,197.2100067138672,200.0,2782.0,0.0,0.0,
2020-09-02,197.0099945068359,203.0,197.0099945068359,201.6300048828125,871.0,0.0,0.0,
2020-09-03,200.0700073242188,202.6999969482422,200.0,200.0,258.0,0.0,0.0,
2020-09-04,203.6499938964844,203.6499938964844,199.5,199.5,162.0,0.0,0.0,
2020-09-07,196.1100006103516,205.0,196.1100006103516,205.0,707.0,0.0,0.0,
2020-09-08,203.5,203.5,198.5,200.6199951171875,877.0,0.0,0.0,
2020-09-09,198.5,201.4600067138672,196.6999969482422,197.1999969482422,283.0,0.0,0.0,
2020-09-10,201.0,201.8999938964844,198.5500030517578,201.8999938964844,23.0,0.0,0.0,
2020-09-11,199.0099945068359,201.5,199.0099945068359,201.4499969482422,56.0,0.0,0.0,
2020-09-14,199.0,200.9799957275391,197.6000061035156,197.6900024414062,81.0,0.0,0.0,
2020-09-15,197.6900024414062,200.9400024414062,197.0,197.9700012207031,133.0,0.0,0.0,
2020-09-16,198.3000030517578,199.8899993896484,197.9499969482422,198.0,379.0,0.0,0.0,
2020-09-17,197.1000061035156,201.6999969482422,197.1000061035156,198.0099945068359,64.0,0.0,0.0,
2020-09-18,198.0,198.9900054931641,197.5,197.5500030517578,406.0,0.0,0.0,
2020-09-21,209.0,209.0,196.6999969482422,197.0700073242188,560.0,0.0,0.0,
2020-09-22,199.8999938964844,199.9700012207031,197.1000061035156,199.9700012207031,325.0,0.0,0.0,
2020-09-23,199.9700012207031,199.9700012207031,197.0200042724609,198.9900054931641,357.0,0.0,0.0,
2020-09-24,199.8999938964844,201.9700012207031,197.1000061035156,200.1000061035156,465.0,0.0,0.0,
2020-09-25,201.9700012207031,201.9700012207031,197.0599975585938,198.5700073242188,328.0,0.0,0.0,
2020-09-28,198.5700073242188,201.8000030517578,198.5700073242188,200.75,27.0,0.0,0.0,
2020-09-29,200.5899963378906,200.5899963378906,197.0099945068359,197.0099945068359,101.0,0.0,0.0,
2020-09-30,197.1000061035156,199.8999938964844,197.0099945068359,199.8999938964844,27.0,0.0,0.0,
2020-10-01,202.9499969482422,202.9499969482422,197.0099945068359,199.8899993896484,56.0,0.0,0.0,
2020-10-05,196.0,199.9799957275391,196.0,199.75,759.0,0.0,0.0,
2020-10-06,199.9900054931641,199.9900054931641,199.0,199.3699951171875,7.0,0.0,0.0,
2020-10-07,199.9900054931641,199.9900054931641,194.6999969482422,199.8999938964844,8.0,0.0,0.0,
2020-10-08,199.9900054931641,199.9900054931641,197.0099945068359,197.3600006103516,195.0,0.0,0.0,
2020-10-09,199.75,199.9900054931641,198.1000061035156,198.5800018310547,1254.0,0.0,0.0,
2020-10-12,199.9900054931641,201.6000061035156,197.0299987792969,198.7799987792969,766.0,0.0,0.0,
2020-10-13,200.0,200.8999938964844,200.0,200.3999938964844,303.0,0.0,0.0,
2020-10-14,201.4700012207031,201.4700012207031,198.5700073242188,201.1999969482422,113.0,0.0,0.0,
2020-10-15,201.6000061035156,201.6000061035156,198.5599975585938,198.5599975585938,682.0,0.0,0.0,
2020-10-16,199.6000061035156,201.9799957275391,197.8000030517578,201.8999938964844,425.0,0.0,0.0,
2020-10-19,214.8899993896484,214.8899993896484,200.0,201.9700012207031,125.0,0.0,0.0,
2020-10-20,201.9900054931641,201.9900054931641,199.0,201.8899993896484,152.0,0.0,0.0,
2020-10-21,202.0,228.0,181.0200042724609,200.0099945068359,2946.0,0.0,0.0,
2020-10-22,204.5,204.8800048828125,201.5,201.5,620.0,0.0,0.0,
2020-10-23,201.5,201.5,201.5,201.5,100.0,0.0,0.0,
2020-10-26,201.5,201.5,201.4900054931641,201.5,1015.0,0.0,0.0,
2020-10-27,209.0,209.0,200.0,204.0,1216.0,0.0,0.0,
2020-10-28,204.25,204.6900024414062,201.6000061035156,201.6000061035156,26.0,0.0,0.0,
2020-10-29,201.75,203.3999938964844,201.75,202.0,160.0,0.0,0.0,
2020-10-30,201.5500030517578,204.8999938964844,201.5,201.5,20.0,0.0,0.0,
2020-11-02,204.0,204.0,203.3999938964844,203.3999938964844,8.0,0.0,0.0,
2020-11-03,203.3999938964844,203.3999938964844,201.1000061035156,203.3999938964844,520.0,0.0,0.0,
2020-11-04,206.0,206.0,201.5099945068359,202.2299957275391,75.0,0.0,0.0,
2020-11-05,202.0,203.9799957275391,202.0,203.9799957275391,12.0,0.0,0.0,
2020-11-06,203.9799957275391,204.8800048828125,202.0,202.0800018310547,51.0,0.0,0.0,
2020-11-09,237.5500030517578,237.5500030517578,201.0099945068359,203.9499969482422,20.0,0.0,0.0,
2020-11-10,201.5,201.5,201.0099945068359,201.5,63.0,0.0,0.0,
2020-11-11,210.0,210.0,201.0299987792969,201.3500061035156,50.0,0.0,0.0,
2020-11-12,203.0,203.0,203.0,203.0,1.0,0.0,0.0,
2020-11-13,204.5,204.6999969482422,201.5,203.3999938964844,114.0,0.0,0.0,
2020-11-14,218.1999969482422,218.1999969482422,202.0,204.7799987792969,68.0,0.0,0.0,
2020-11-17,205.0,205.0,203.4900054931641,203.4900054931641,71.0,0.0,0.0,
2020-11-18,201.0,203.3699951171875,201.0,203.3699951171875,9.0,0.0,0.0,
2020-11-19,203.4499969482422,203.4499969482422,201.4499969482422,201.4499969482422,131.0,0.0,0.0,
2020-11-20,202.0,203.3699951171875,201.8099975585938,202.0700073242188,126.0,0.0,0.0,
2020-11-23,202.0099945068359,203.9900054931641,202.0099945068359,202.3200073242188,678.0,0.0,0.0,
2020-11-24,205.9499969482422,205.9499969482422,202.4299926757812,202.8399963378906,63.0,0.0,0.0,
2020-11-25,202.4299926757812,202.4299926757812,202.4299926757812,202.4299926757812,30.0,0.0,0.0,
2020-11-26,204.3699951171875,204.3699951171875,201.3500061035156,202.9499969482422,81.0,0.0,0.0,
2020-11-27,206.8999938964844,206.8999938964844,201.5,203.4799957275391,134.0,0.0,0.0,
2020-12-01,230.0,230.0,200.1000061035156,201.2100067138672,1401.0,0.0,0.0,
2020-12-02,201.2100067138672,203.4900054931641,200.1999969482422,202.8999938964844,168.0,0.0,0.0,
2020-12-03,207.9700012207031,207.9700012207031,201.25,202.4799957275391,334.0,0.0,0.0,
2020-12-04,204.9900054931641,204.9900054931641,201.5,202.1499938964844,530.0,0.0,0.0,
2020-12-07,200.25,241.6999969482422,200.1999969482422,209.9700012207031,36233.0,0.0,0.0,
2020-12-08,203.6799926757812,212.0,203.0,203.0399932861328,1460.0,0.0,0.0,
2020-12-09,203.1000061035156,207.5,201.0,202.4600067138672,2470.0,0.0,0.0,
2020-12-10,202.5,204.9900054931641,202.5,204.9700012207031,12.0,0.0,0.0,
2020-12-11,203.0,204.9900054931641,202.2700042724609,204.0,1873.0,0.0,0.0,
2020-12-14,207.8999938964844,207.8999938964844,202.0,203.9499969482422,66.0,0.0,0.0,
2020-12-15,202.1000061035156,205.75,201.5099945068359,202.0099945068359,724.0,0.0,0.0,
2020-12-16,204.8999938964844,204.8999938964844,202.5,202.9900054931641,436.0,0.0,0.0,
2020-12-17,207.0,207.0,204.6499938964844,204.6900024414062,246.0,0.0,0.0,
2020-12-18,204.9900054931641,204.9900054931641,201.7700042724609,202.0,478.0,0.0,0.0,
2020-12-21,201.3699951171875,203.0,201.3000030517578,201.4700012207031,769.0,0.0,0.0,
2020-12-22,202.9700012207031,207.0,200.3999938964844,202.0,1179.0,0.0,0.0,
2020-12-23,200.0,205.5,199.0500030517578,203.0,32.0,0.0,0.0,
2020-12-24,201.6000061035156,204.4499969482422,201.25,203.3999938964844,1324.0,0.0,0.0,
2020-12-28,215.25,215.25,201.5,203.0,408.0,0.0,0.0,
2020-12-29,203.0,204.5500030517578,202.0800018310547,202.1000061035156,396.0,0.0,0.0,
2020-12-30,202.6999969482422,203.8999938964844,202.1499938964844,202.1499938964844,80.0,0.0,0.0,
2020-12-31,206.9900054931641,206.9900054931641,202.1600036621094,202.5800018310547,216.0,0.0,0.0,
2021-01-01,204.5,204.5,202.9499969482422,203.25,7.0,0.0,0.0,
2021-01-04,209.3399963378906,209.3399963378906,202.1100006103516,203.0099945068359,29112.0,0.0,0.0,
2021-01-05,225.0,225.0,202.1000061035156,203.5099945068359,513.0,0.0,0.0,
2021-01-06,206.0,206.0,202.5500030517578,202.6000061035156,659.0,0.0,0.0,
2021-01-07,202.5,204.6000061035156,202.5,204.6000061035156,41.0,0.0,0.0,
2021-01-08,206.0,206.0,201.25,204.3899993896484,748.0,0.0,0.0,
2021-01-11,202.5,207.0,202.5,204.3999938964844,124.0,0.0,0.0,
2021-01-12,204.5,204.5,202.5,202.5099945068359,34.0,0.0,0.0,
2021-01-13,204.3999938964844,204.3999938964844,202.5500030517578,203.8999938964844,31.0,0.0,0.0,
2021-01-14,203.8999938964844,203.8999938964844,203.0,203.0,79.0,0.0,0.0,
2021-01-15,209.0899963378906,209.0899963378906,202.5,204.5,148.0,0.0,0.0,
2021-01-18,204.5,204.5,201.0099945068359,201.1999969482422,850.0,0.0,0.0,
2021-01-19,202.8000030517578,202.8500061035156,201.5500030517578,202.8099975585938,1820.0,0.0,0.0,
2021-01-20,202.8099975585938,202.8099975585938,202.8099975585938,202.8099975585938,0.0,0.0,0.0,
2021-01-21,202.8099975585938,202.8099975585938,202.8099975585938,202.8099975585938,0.0,0.0,0.0,
2021-01-22,201.8099975585938,204.3000030517578,201.8099975585938,203.75,211.0,0.0,0.0,
2021-01-25,204.5,204.5,201.6000061035156,201.75,1319.0,0.0,0.0,
2021-01-27,201.25,204.0,201.25,203.6799926757812,234.0,0.0,0.0,
2021-01-28,201.25,203.5,201.0500030517578,202.3399963378906,604.0,0.0,0.0,
2021-01-29,201.6000061035156,204.3699951171875,201.5099945068359,204.0700073242188,974.0,0.0,0.0,
2021-02-01,204.4900054931641,204.4900054931641,203.8000030517578,203.8000030517578,39.0,0.0,0.0,
2021-02-02,204.4700012207031,204.4799957275391,201.0,201.4799957275391,793.0,0.0,0.0,
2021-02-03,203.9900054931641,203.9900054931641,203.0,203.7100067138672,30.0,0.0,0.0,
2021-02-04,203.8300018310547,203.8800048828125,201.0,201.0500030517578,466.0,0.0,0.0,
2021-02-05,203.3999938964844,203.3999938964844,200.1100006103516,200.6000061035156,658.0,0.0,0.0,
2021-02-08,204.0,204.0,199.0,200.0,1063.0,0.0,0.0,
2021-02-09,203.8999938964844,203.8999938964844,199.1000061035156,199.8899993896484,315.0,0.0,0.0,
2021-02-10,203.5,204.0,199.8999938964844,200.0,270.0,0.0,0.0,
2021-02-11,204.0,204.0,199.4199981689453,200.0,29.0,0.0,0.0,
2021-02-12,203.5,203.5,200.0,200.0,1199.0,0.0,0.0,
2021-02-15,203.4900054931641,203.4900054931641,202.1000061035156,203.1900024414062,494.0,0.0,0.0,
2021-02-16,201.1900024414062,202.9100036621094,200.6999969482422,200.6999969482422,99.0,0.0,0.0,
2021-02-17,201.0500030517578,202.8399963378906,201.0500030517578,201.5099945068359,328.0,0.0,0.0,
2021-02-18,201.1000061035156,202.9400024414062,201.1000061035156,202.0,286.0,0.0,0.0,
2021-02-19,200.0,202.5,200.0,202.5,18.0,0.0,0.0,
2021-02-22,202.5,204.0,199.25,201.7400054931641,378.0,0.0,0.0,
2021-02-23,199.5,202.2400054931641,199.0,201.9499969482422,510.0,0.0,0.0,
2021-02-24,201.9900054931641,202.5,199.6399993896484,201.5,112.0,0.0,0.0,
2021-02-25,199.1000061035156,201.3899993896484,199.1000061035156,201.2599945068359,436.0,0.0,0.0,
2021-02-26,199.3500061035156,201.5,197.1000061035156,199.1000061035156,1428.0,0.0,0.0,
2021-03-01,199.0,201.3000030517578,199.0,199.1699981689453,2735.0,0.0,0.0,
2021-03-02,202.0,202.0,199.0,199.5599975585938,380.0,0.0,0.0,
2021-03-03,202.9499969482422,202.9499969482422,198.5,198.5200042724609,1780.0,0.0,0.0,
2021-03-04,201.9799957275391,201.9799957275391,197.1999969482422,197.75,460.0,0.0,0.0,
2021-03-05,201.5,201.5,199.0,199.0,395.0,0.0,0.0,
2021-03-08,202.0,202.0,199.0,199.0,347.0,0.0,0.0,
2021-03-09,202.4499969482422,202.4499969482422,201.75,201.75,15.0,0.0,0.0,
2021-03-10,198.0,202.9900054931641,198.0,198.6399993896484,235.0,0.0,0.0,
2021-03-12,198.6399993896484,203.0,198.5,202.0,322.0,0.0,0.0,
2021-03-15,201.5,201.9799957275391,199.6000061035156,199.6000061035156,218.0,0.0,0.0,
2021-03-16,202.8999938964844,203.0,199.3999938964844,199.5500030517578,258.0,0.0,0.0,
2021-03-17,199.6499938964844,202.8600006103516,199.1100006103516,199.1100006103516,680.0,0.0,0.0,
2021-03-18,199.6000061035156,201.6900024414062,199.5399932861328,201.0,598.0,0.0,0.0,
2021-03-19,201.25,201.9799957275391,201.25,201.9700012207031,1023.0,0.0,0.0,
2021-03-22,199.0,203.0,199.0,201.5099945068359,26.0,0.0,0.0,
2021-03-23,201.75,201.8899993896484,201.75,201.8899993896484,6.0,0.0,0.0,
2021-03-24,201.8899993896484,201.8899993896484,201.8899993896484,201.8899993896484,0.0,0.0,0.0,
2021-03-25,201.5,201.5,199.5700073242188,199.6199951171875,1417.0,0.0,0.0,
2021-03-26,201.8999938964844,201.8999938964844,201.5,201.5,16.0,0.0,0.0,
2021-03-30,204.75,204.75,199.5,199.5,544.0,0.0,0.0,
2021-03-31,199.5099945068359,199.5500030517578,199.5,199.5,90.0,0.0,0.0,
2021-04-01,202.8999938964844,202.8999938964844,200.0,201.9499969482422,24.0,0.0,0.0,
2021-04-05,200.0,201.8999938964844,199.0,199.0,126.0,0.0,0.0,
2021-04-06,199.5099945068359,202.9900054931641,199.5099945068359,201.9600067138672,724.0,0.0,0.0,
2021-04-07,201.9499969482422,201.9600067138672,199.6999969482422,199.8699951171875,168.0,0.0,0.0,
2021-04-08,202.8999938964844,202.8999938964844,200.0,200.0500030517578,82.0,0.0,0.0,
2021-04-09,203.0,203.9499969482422,199.6199951171875,203.75,626.0,0.0,0.0,
2021-04-12,204.0,204.0,203.0,203.6000061035156,166.0,0.0,0.0,
2021-04-13,203.6000061035156,204.4799957275391,203.6000061035156,204.4400024414062,387.0,0.0,0.0,
2021-04-15,204.3999938964844,204.3999938964844,201.0,204.2899932861328,6.0,0.0,0.0,
2021-04-16,204.4900054931641,204.4900054931641,202.0500030517578,202.0599975585938,290.0,0.0,0.0,
2021-04-19,204.0,204.0,201.5,203.3699951171875,57.0,0.0,0.0,
2021-04-20,203.3699951171875,203.3699951171875,203.3699951171875,203.3699951171875,15.0,0.0,0.0,
2021-04-22,201.0500030517578,204.0,201.0500030517578,202.9100036621094,98.0,0.0,0.0,
2021-04-23,202.9100036621094,202.9100036621094,202.9100036621094,202.9100036621094,0.0,0.0,0.0,
2021-04-26,204.0,204.0,201.0,203.8999938964844,156.0,0.0,0.0,
2021-04-27,201.25,203.8800048828125,201.1100006103516,203.8399963378906,151.0,0.0,0.0,
2021-04-28,203.8000030517578,203.8000030517578,203.1000061035156,203.1000061035156,7.0,0.0,0.0,
2021-04-29,203.1000061035156,204.4400024414062,203.1000061035156,204.4400024414062,223.0,0.0,0.0,
2021-04-30,201.5200042724609,204.3399963378906,201.5200042724609,202.1300048828125,410.0,0.0,0.0,
2021-05-03,204.4900054931641,205.3500061035156,201.5,204.7899932861328,4457.0,0.0,0.0,
2021-05-04,205.0,206.0,203.5,204.2799987792969,418.0,0.0,0.0,
2021-05-05,203.0,205.4900054931641,203.0,205.4900054931641,139.0,0.0,0.0,
2021-05-06,205.4900054931641,206.0,204.3000030517578,205.9499969482422,74.0,0.0,0.0,
2021-05-07,206.0,206.0,205.6799926757812,205.6900024414062,281.0,0.0,0.0,
2021-05-10,206.0,210.0,198.9499969482422,203.9799957275391,4687.0,0.0,0.0,
2021-05-11,206.0,208.8999938964844,203.25,204.5599975585938,157.0,0.0,0.0,
2021-05-12,204.5599975585938,205.4400024414062,204.5599975585938,204.6999969482422,46.0,0.0,0.0,
2021-05-14,203.0099945068359,205.4199981689453,203.0099945068359,204.0,158.0,0.0,0.0,
2021-05-17,206.0,206.0,203.0,205.8500061035156,634.0,0.0,0.0,
2021-05-18,205.8500061035156,207.0,203.8000030517578,206.9900054931641,181.0,0.0,0.0,
2021-05-19,205.3000030517578,206.4900054931641,205.3000030517578,206.4900054931641,3.0,0.0,0.0,
2021-05-20,206.4900054931641,207.8000030517578,205.5500030517578,205.6999969482422,158.0,0.0,0.0,
2021-05-21,207.0,207.9499969482422,205.0,206.0,142.0,0.0,0.0,
2021-05-24,207.0,207.9900054931641,206.8999938964844,206.8999938964844,54.0,0.0,0.0,
2021-05-25,204.0500030517578,208.0,204.0500030517578,206.3500061035156,280.0,0.0,0.0,
2021-05-26,207.3000030517578,207.3000030517578,205.1999969482422,206.8000030517578,39.0,0.0,0.0,
2021-05-27,205.8600006103516,205.8600006103516,205.8000030517578,205.8000030517578,33.0,0.0,0.0,
2021-05-28,208.0,208.0,204.1100006103516,205.6000061035156,408.0,0.0,0.0,
2021-05-31,207.8999938964844,207.8999938964844,205.1000061035156,206.3000030517578,71.0,0.0,0.0,
2021-06-01,206.0,206.25,205.0500030517578,205.2400054931641,109.0,0.0,0.0,
2021-06-02,205.9799957275391,206.5,205.75,206.0299987792969,347.0,0.0,0.0,
2021-06-03,207.0,207.0,204.9499969482422,205.9900054931641,50.0,0.0,0.0,
2021-06-04,204.9499969482422,206.0,204.0,205.8899993896484,1257.0,0.0,0.0,
2021-06-07,206.8500061035156,206.8500061035156,204.9499969482422,205.8000030517578,257.0,0.0,0.0,
2021-06-08,206.9900054931641,206.9900054931641,206.3000030517578,206.3000030517578,23.0,0.0,0.0,
2021-06-09,207.0,207.0,205.3500061035156,205.9499969482422,29.0,0.0,0.0,
2021-06-10,209.0,209.0,205.6999969482422,205.9799957275391,272.0,0.0,0.0,
2021-06-11,205.0,206.8699951171875,205.0,206.0,319.0,0.0,0.0,
2021-06-14,207.0,207.0,206.0,206.3399963378906,46.0,0.0,0.0,
2021-06-15,206.8999938964844,206.8999938964844,205.75,205.9900054931641,31.0,0.0,0.0,
2021-06-16,206.4499969482422,209.0,205.1499938964844,205.6799926757812,360.0,0.0,0.0,
2021-06-17,206.9900054931641,206.9900054931641,205.0099945068359,205.8000030517578,93.0,0.0,0.0,
2021-06-18,206.5,206.5,205.0200042724609,205.6499938964844,810.0,0.0,0.0,
2021-06-21,206.4900054931641,206.5,204.8999938964844,206.4900054931641,681.0,0.0,0.0,
2021-06-22,206.9799957275391,206.9799957275391,205.8999938964844,206.0,323.0,0.0,0.0,
2021-06-23,207.8000030517578,207.8000030517578,205.0200042724609,205.8500061035156,311.0,0.0,0.0,
2021-06-24,206.75,206.75,205.75,206.6699981689453,10.0,0.0,0.0,
2021-06-25,207.0,212.0,205.0099945068359,206.3999938964844,129.0,0.0,0.0,
2021-06-28,207.0,207.0,205.7599945068359,206.4900054931641,185.0,0.0,0.0,
2021-06-29,207.0,207.0,205.3500061035156,205.9900054931641,40.0,0.0,0.0,
2021-06-30,205.0,206.9900054931641,205.0,205.4499969482422,51.0,0.0,0.0,
2021-07-01,207.4799957275391,207.4799957275391,205.25,205.5500030517578,651.0,0.0,0.0,
2021-07-02,206.8899993896484,206.8899993896484,206.6999969482422,206.6999969482422,176.0,0.0,0.0,
2021-07-05,206.6799926757812,206.6799926757812,205.2599945068359,206.2400054931641,177.0,0.0,0.0,
2021-07-06,206.75,206.75,204.9499969482422,205.0,772.0,0.0,0.0,
2021-07-07,206.5,207.3899993896484,204.9499969482422,204.9499969482422,1264.0,0.0,0.0,
2021-07-08,207.0,207.0,204.3000030517578,205.9900054931641,1873.0,0.0,0.0,
2021-07-09,206.8000030517578,206.8000030517578,205.0700073242188,205.8800048828125,1398.0,0.0,0.0,
2021-07-12,206.0,206.0,204.6000061035156,204.9499969482422,403.0,0.0,0.0,
2021-07-13,204.9499969482422,207.1999969482422,204.1999969482422,206.6000061035156,170.0,0.0,0.0,
2021-07-14,206.8999938964844,206.8999938964844,203.3000030517578,204.1199951171875,965.0,0.0,0.0,
2021-07-15,205.1000061035156,205.3999938964844,204.0,205.0,380.0,0.0,0.0,
2021-07-16,204.0,205.6000061035156,204.0,204.1600036621094,47.0,0.0,0.0,
2021-07-19,204.0,204.9499969482422,204.0,204.9400024414062,75.0,0.0,0.0,
2021-07-20,205.0299987792969,205.5,204.3000030517578,205.4299926757812,116.0,0.0,0.0,
2021-07-22,204.0,206.0,204.0,206.0,12.0,0.0,0.0,
2021-07-23,204.1199951171875,205.0200042724609,204.1000061035156,205.0200042724609,275.0,0.0,0.0,
2021-07-26,204.1000061035156,205.0200042724609,190.3300018310547,205.0200042724609,4204.0,0.0,0.0,
2021-07-27,204.9900054931641,204.9900054931641,203.25,203.6000061035156,7.0,0.0,0.0,
2021-07-28,203.1499938964844,205.9799957275391,203.1499938964844,203.2100067138672,702.0,0.0,0.0,
2021-07-29,204.9499969482422,204.9499969482422,204.0,204.0,17.0,0.0,0.0,
2021-07-30,204.2799987792969,204.2799987792969,203.0,203.0500030517578,1755.0,0.0,0.0,
2021-08-02,204.0,205.8699951171875,203.2100067138672,205.3999938964844,255.0,0.0,0.0,
2021-08-03,203.6000061035156,205.1999969482422,203.6000061035156,204.1999969482422,126.0,0.0,0.0,
2021-08-04,205.4900054931641,205.4900054931641,203.3000030517578,203.6999969482422,39.0,0.0,0.0,
2021-08-05,205.9600067138672,205.9600067138672,203.0,205.5200042724609,274.0,0.0,0.0,
2021-08-06,205.3999938964844,205.3999938964844,203.0099945068359,203.6600036621094,39.0,0.0,0.0,
2021-08-09,205.5,205.5,203.8099975585938,204.1000061035156,304.0,0.0,0.0,
2021-08-10,204.1000061035156,205.5,204.0,205.4700012207031,70.0,0.0,0.0,
2021-08-11,205.0,205.0,203.25,204.75,40.0,0.0,0.0,
2021-08-12,203.1000061035156,204.8000030517578,203.1000061035156,204.7899932861328,3.0,0.0,0.0,
2021-08-13,204.9900054931641,204.9900054931641,203.8000030517578,204.8800048828125,10.0,0.0,0.0,
2021-08-16,204.8000030517578,204.9799957275391,204.0,204.9600067138672,188.0,0.0,0.0,
2021-08-17,206.0,206.0,204.1000061035156,204.1300048828125,35.0,0.0,0.0,
2021-08-18,205.9900054931641,206.3500061035156,204.0,204.1000061035156,36.0,0.0,0.0,
2021-08-20,203.0,206.1999969482422,203.0,205.6799926757812,479.0,0.0,0.0,
2021-08-23,206.0,206.0,205.2899932861328,205.2899932861328,50.0,0.0,0.0,
2021-08-24,206.0,206.75,203.0,204.3000030517578,283.0,0.0,0.0,
2021-08-25,205.75,205.75,203.8099975585938,203.8099975585938,33.0,0.0,0.0,
2021-08-26,204.9900054931641,204.9900054931641,203.8200073242188,204.0,188.0,0.0,0.0,
2021-08-27,205.9900054931641,205.9900054931641,203.0399932861328,204.7899932861328,732.0,0.0,0.0,
2021-08-30,204.7899932861328,205.6000061035156,203.6100006103516,205.6000061035156,144.0,0.0,0.0,
2021-08-31,224.1000061035156,237.9799957275391,204.5,204.5099945068359,128.0,0.0,0.0,
2021-09-01,206.7799987792969,206.7799987792969,203.2599945068359,205.25,69.0,0.0,0.0,
2021-09-02,205.9900054931641,205.9900054931641,203.25,205.5500030517578,97.0,0.0,0.0,
2021-09-03,205.5500030517578,205.6900024414062,205.0099945068359,205.6000061035156,67.0,0.0,0.0,
2021-09-06,207.0,207.0,205.0099945068359,205.0099945068359,250.0,0.0,0.0,
2021-09-07,207.5,207.5,204.5099945068359,205.6499938964844,343.0,0.0,0.0,
2021-09-08,206.4799957275391,206.4799957275391,204.1499938964844,205.5,160.0,0.0,0.0,
2021-09-09,207.4900054931641,207.4900054931641,205.5,207.0500030517578,34.0,0.0,0.0,
2021-09-13,207.4900054931641,207.4900054931641,205.2100067138672,205.2100067138672,186.0,0.0,0.0,
2021-09-14,207.4900054931641,207.4900054931641,205.1999969482422,205.1999969482422,221.0,0.0,0.0,
2021-09-15,203.0,206.9400024414062,203.0,206.8800048828125,62.0,0.0,0.0,
2021-09-16,206.5,207.4900054931641,204.3000030517578,207.1799926757812,242.0,0.0,0.0,
2021-09-17,207.4900054931641,214.0,206.1100006103516,206.1499938964844,5366.0,0.0,0.0,
2021-09-20,207.4900054931641,210.0,205.0,206.0299987792969,509.0,0.0,0.0,
2021-09-21,206.3000030517578,208.2200012207031,204.5299987792969,204.5299987792969,661.0,0.0,0.0,
2021-09-22,205.1000061035156,205.1000061035156,205.1000061035156,205.1000061035156,35.0,0.0,0.0,
2021-09-23,210.0,210.0,205.5,205.6499938964844,259.0,0.0,0.0,
2021-09-24,205.1600036621094,209.6999969482422,205.1600036621094,208.8899993896484,136.0,0.0,0.0,
2021-09-27,204.0500030517578,209.6399993896484,204.0500030517578,205.7100067138672,257.0,0.0,0.0,
2021-09-28,207.4900054931641,207.4900054931641,205.1999969482422,205.2100067138672,194.0,0.0,0.0,
2021-09-29,205.1100006103516,205.2400054931641,205.1100006103516,205.2200012207031,121.0,0.0,0.0,
2021-09-30,207.4900054931641,207.4900054931641,205.5299987792969,205.8600006103516,174.0,0.0,0.0,
2021-10-01,209.0,209.0,204.2700042724609,205.2599945068359,210.0,0.0,0.0,
2021-10-04,204.0,207.5,204.0,205.0099945068359,63.0,0.0,0.0,
2021-10-05,204.2299957275391,206.6999969482422,204.2200012207031,204.5599975585938,690.0,0.0,0.0,
2021-10-06,204.0,207.4900054931641,204.0,204.9100036621094,272.0,0.0,0.0,
2021-10-07,204.0,207.4900054931641,204.0,204.7899932861328,474.0,0.0,0.0,
2021-10-08,204.7899932861328,207.4700012207031,204.7899932861328,204.9900054931641,266.0,0.0,0.0,
2021-10-11,207.5,207.5,204.2100067138672,206.2899932861328,167.0,0.0,0.0,
2021-10-12,204.0,209.0,204.0,204.4700012207031,372.0,0.0,0.0,
2021-10-13,204.1999969482422,206.4799957275391,203.2200012207031,203.8999938964844,172.0,0.0,0.0,
2021-10-14,204.1999969482422,207.3500061035156,204.1999969482422,204.5899963378906,325.0,0.0,0.0,
2021-10-18,207.5,207.5,203.0,203.8999938964844,444.0,0.0,0.0,
2021-10-19,207.4900054931641,207.4900054931641,206.8999938964844,206.8999938964844,27.0,0.0,0.0,
2021-10-20,207.5,207.5,205.0,206.3899993896484,134.0,0.0,0.0,
2021-10-21,203.0,207.4900054931641,203.0,205.2400054931641,44.0,0.0,0.0,
2021-10-22,203.25,207.2700042724609,203.25,207.0899963378906,110.0,0.0,0.0,
2021-10-25,206.9799957275391,206.9799957275391,205.0,206.0500030517578,208.0,0.0,0.0,
2021-10-26,206.0500030517578,206.0500030517578,206.0500030517578,206.0500030517578,10.0,0.0,0.0,
2021-10-27,207.4900054931641,207.4900054931641,203.0,207.3300018310547,57.0,0.0,0.0,
2021-10-28,207.3500061035156,207.3500061035156,203.2100067138672,206.9199981689453,134.0,0.0,0.0,
2021-10-29,206.9199981689453,207.3300018310547,203.0,203.5200042724609,54.0,0.0,0.0,
2021-11-01,207.3500061035156,207.3500061035156,203.2100067138672,203.25,342.0,0.0,0.0,
2021-11-02,203.3800048828125,207.25,203.2400054931641,203.25,1506.0,0.0,0.0,
2021-11-03,207.3500061035156,207.3500061035156,203.1300048828125,207.0899963378906,16.0,0.0,0.0,
2021-11-04,203.0,207.0800018310547,203.0,206.8699951171875,62.0,0.0,0.0,
2021-11-08,213.0,213.0,203.0,206.0700073242188,285.0,0.0,0.0,
2021-11-09,206.0700073242188,206.0700073242188,206.0700073242188,206.0700073242188,0.0,0.0,0.0,
2021-11-10,203.0099945068359,206.5500030517578,203.0099945068359,206.5099945068359,206.0,0.0,0.0,
2021-11-11,203.0,207.2700042724609,203.0,203.0500030517578,71.0,0.0,0.0,
2021-11-12,207.3500061035156,207.3500061035156,203.3300018310547,205.9900054931641,10.0,0.0,0.0,
2021-11-15,207.3500061035156,207.3500061035156,203.2299957275391,204.0,432.0,0.0,0.0,
2021-11-16,207.3500061035156,207.3500061035156,203.4100036621094,204.9900054931641,450.0,0.0,0.0,
2021-11-17,207.3500061035156,207.3500061035156,203.5500030517578,204.0500030517578,88.0,0.0,0.0,
2021-11-18,206.0,206.0,203.6100006103516,203.6300048828125,111.0,0.0,0.0,
2021-11-22,205.0,207.3500061035156,203.3099975585938,204.2899932861328,361.0,0.0,0.0,
2021-11-23,206.4600067138672,206.4600067138672,203.6100006103516,203.6100006103516,57.0,0.0,0.0,
2021-11-24,207.1900024414062,207.1900024414062,203.1699981689453,203.1699981689453,5.0,0.0,0.0,
2021-11-25,203.0,207.3200073242188,203.0,205.9900054931641,11.0,0.0,0.0,
2021-11-26,206.0,207.2599945068359,205.1600036621094,206.0200042724609,119.0,0.0,0.0,
2021-11-29,206.0200042724609,206.5,205.0700073242188,206.0,200.0,0.0,0.0,
2021-11-30,206.0,206.0,206.0,206.0,0.0,0.0,0.0,
2021-12-01,206.0,206.0,206.0,206.0,0.0,0.0,0.0,
2021-12-02,207.2899932861328,207.2899932861328,204.0,205.0099945068359,130.0,0.0,0.0,
2021-12-03,206.7400054931641,206.7400054931641,205.3999938964844,205.3999938964844,65.0,0.0,0.0,
2021-12-06,207.2700042724609,207.2700042724609,206.3800048828125,206.3800048828125,51.0,0.0,0.0,
2021-12-07,206.2899932861328,206.2899932861328,204.0,206.2400054931641,26.0,0.0,0.0,
2021-12-08,204.0,206.3800048828125,204.0,206.3600006103516,38.0,0.0,0.0,
2021-12-09,206.3399963378906,206.3399963378906,204.1000061035156,204.1000061035156,3.0,0.0,0.0,
2021-12-10,204.1100006103516,206.3600006103516,204.1100006103516,206.3600006103516,48.0,0.0,0.0,
2021-12-13,204.0,206.3800048828125,204.0,206.3600006103516,33.0,0.0,0.0,
2021-12-14,206.3600006103516,206.3600006103516,206.3600006103516,206.3600006103516,0.0,0.0,0.0,
2021-12-15,206.3800048828125,206.3800048828125,204.1000061035156,204.4199981689453,462.0,0.0,0.0,
2021-12-16,206.3800048828125,206.3800048828125,204.3099975585938,204.3099975585938,11.0,0.0,0.0,
2021-12-17,204.0,206.3399963378906,204.0,204.1000061035156,19.0,0.0,0.0,
2021-12-20,206.3800048828125,206.3800048828125,203.25,206.2700042724609,391.0,0.0,0.0,
2021-12-21,206.2700042724609,206.3899993896484,205.0099945068359,205.0099945068359,33.0,0.0,0.0,
2021-12-22,205.0,206.1900024414062,204.1000061035156,206.1900024414062,18.0,0.0,0.0,
2021-12-23,206.1900024414062,206.1900024414062,204.1199951171875,206.1900024414062,1128.0,0.0,0.0,
2021-12-24,206.1999969482422,206.1999969482422,204.1000061035156,206.0,278.0,0.0,0.0,
2021-12-27,204.1000061035156,205.9700012207031,203.25,203.3699951171875,260.0,0.0,0.0,
2021-12-28,204.1300048828125,204.1300048828125,204.1300048828125,204.1300048828125,1.0,0.0,0.0,
2021-12-29,204.1000061035156,204.1000061035156,204.1000061035156,204.1000061035156,11.0,0.0,0.0,
2021-12-30,203.25,206.4499969482422,203.25,206.0,184.0,0.0,0.0,
2021-12-31,204.1000061035156,206.4400024414062,203.4100036621094,206.4199981689453,148.0,0.0,0.0,
2022-01-03,203.2599945068359,206.4400024414062,203.2599945068359,204.2100067138672,70.0,0.0,0.0,
2022-01-04,203.2599945068359,206.4400024414062,203.2599945068359,206.3999938964844,926.0,0.0,0.0,
2022-01-05,206.3899993896484,206.3899993896484,204.1000061035156,206.3899993896484,106.0,0.0,0.0,
2022-01-06,204.1000061035156,206.3899993896484,203.3099975585938,206.3800048828125,211.0,0.0,0.0,
2022-01-07,206.3800048828125,206.3800048828125,203.3399963378906,203.6300048828125,463.0,0.0,0.0,
2022-01-10,203.3099975585938,206.3699951171875,203.3099975585938,206.3500061035156,964.0,0.0,0.0,
2022-01-11,204.1000061035156,205.9400024414062,203.3899993896484,203.3899993896484,195.0,0.0,0.0,
2022-01-12,204.1000061035156,204.9900054931641,201.0,202.5,48.0,0.0,0.0,
2022-01-13,203.0500030517578,205.8899993896484,203.0500030517578,204.6900024414062,173.0,0.0,0.0,
2022-01-14,205.8899993896484,205.8899993896484,203.2200012207031,204.9900054931641,108.0,0.0,0.0,
2022-01-17,223.3999938964844,223.3999938964844,202.1499938964844,205.8200073242188,345.0,0.0,0.0,
2022-01-18,205.8899993896484,205.8899993896484,205.8200073242188,205.8200073242188,10.0,0.0,0.0,
2022-01-19,207.2899932861328,207.2899932861328,202.1499938964844,205.7200012207031,45.0,0.0,0.0,
2022-01-20,205.7899932861328,205.7899932861328,202.2100067138672,202.2100067138672,13.0,0.0,0.0,
2022-01-21,202.1499938964844,203.8999938964844,202.1499938964844,203.6999969482422,204.0,0.0,0.0,
2022-01-24,205.0,205.0,203.0500030517578,204.0,70.0,0.0,0.0,
2022-01-25,205.7899932861328,205.7899932861328,203.0,203.8000030517578,231.0,0.0,0.0,
2022-01-27,202.8000030517578,204.0,202.8000030517578,202.8000030517578,31.0,0.0,0.0,
2022-01-28,202.8000030517578,202.8000030517578,202.8000030517578,202.8000030517578,3.0,0.0,0.0,
2022-01-31,202.1000061035156,202.8000030517578,202.0500030517578,202.8000030517578,28.0,0.0,0.0,
2022-02-01,203.9900054931641,203.9900054931641,200.1000061035156,200.3099975585938,260.0,0.0,0.0,
2022-02-02,202.1000061035156,203.0,201.0099945068359,203.0,104.0,0.0,0.0,
2022-02-03,200.0,202.9900054931641,200.0,200.1000061035156,50.0,0.0,0.0,
2022-02-04,202.1000061035156,203.0,199.3999938964844,199.5,525.0,0.0,0.0,
2022-02-07,203.0,204.0,199.5,204.0,384.0,0.0,0.0,
2022-02-08,202.1000061035156,204.7200012207031,201.0,201.0,47.0,0.0,0.0,
2022-02-09,202.1000061035156,202.1000061035156,201.0,201.0,2.0,0.0,0.0,
2022-02-10,200.6999969482422,202.5,200.6999969482422,202.5,295.0,0.0,0.0,
2022-02-11,202.5,203.25,202.5,203.1000061035156,10.0,0.0,0.0,
2022-02-14,203.0,203.75,202.6499938964844,203.5500030517578,148.0,0.0,0.0,
2022-02-15,203.8000030517578,204.0,203.3000030517578,203.5,45.0,0.0,0.0,
2022-02-16,203.75,203.8999938964844,203.5,203.5500030517578,113.0,0.0,0.0,
2022-02-17,203.75,203.8999938964844,203.5,203.5,129.0,0.0,0.0,
2022-02-18,203.8800048828125,204.25,203.6499938964844,203.6499938964844,130.0,0.0,0.0,
2022-02-21,204.5,204.5,203.1999969482422,203.25,1148.0,0.0,0.0,
2022-02-22,204.0,204.0,203.0,203.0,13.0,0.0,0.0,
2022-02-23,203.0,203.3000030517578,202.6999969482422,203.0,119.0,0.0,0.0,
2022-02-24,184.6999969482422,205.6999969482422,184.6999969482422,202.4600067138672,682.0,0.0,0.0,
2022-02-25,203.0,203.1999969482422,203.0,203.1999969482422,113.0,0.0,0.0,
2022-02-28,203.1999969482422,203.1999969482422,203.0,203.0,349.0,0.0,0.0,
2022-03-02,202.5,203.1000061035156,202.5,202.6000061035156,15.0,0.0,0.0,
2022-03-03,202.5,202.5,201.6000061035156,201.6000061035156,34.0,0.0,0.0,
2022-03-04,202.1000061035156,202.6000061035156,201.75,202.5,60.0,0.0,0.0,
2022-03-07,203.0,203.0,201.1999969482422,201.7400054931641,3110.0,0.0,0.0,
2022-03-08,201.5,201.6499938964844,201.0,201.0,347.0,0.0,0.0,
2022-03-09,201.5,201.8500061035156,198.1499938964844,201.2899932861328,810.0,0.0,0.0,
2022-03-10,201.75,202.25,201.75,202.0,272.0,0.0,0.0,
2022-03-11,202.8999938964844,202.9799957275391,201.8999938964844,201.8999938964844,230.0,0.0,0.0,
2022-03-14,202.3000030517578,202.75,202.0,202.0099945068359,114.0,0.0,0.0,
2022-03-15,202.3000030517578,202.3000030517578,202.0,202.1999969482422,7.0,0.0,0.0,
2022-03-16,202.8000030517578,202.8000030517578,201.0,202.6000061035156,565.0,0.0,0.0,
2022-03-17,203.0,203.0,202.25,202.5,1384.0,0.0,0.0,
2022-03-21,203.5,203.5,203.25,203.25,33.0,0.0,0.0,
2022-03-22,203.5,203.5,202.25,202.8500061035156,231.0,0.0,0.0,
2022-03-23,203.25,203.25,202.6000061035156,202.75,38.0,0.0,0.0,
2022-03-24,203.0,203.0,202.6999969482422,202.6999969482422,505.0,0.0,0.0,
2022-03-25,203.0,203.3000030517578,202.8500061035156,203.2599945068359,300.0,0.0,0.0,
2022-03-28,199.1999969482422,203.3999938964844,199.1999969482422,202.5099945068359,346.0,0.0,0.0,
2022-03-29,202.3999938964844,204.0,202.3999938964844,203.9600067138672,809.0,0.0,0.0,
2022-03-30,203.3999938964844,203.8699951171875,203.25,203.8500061035156,230.0,0.0,0.0,
2022-03-31,203.1999969482422,204.0,203.1000061035156,203.1999969482422,203.0,0.0,0.0,
2022-04-01,203.3000030517578,203.8000030517578,203.0,203.0,163.0,0.0,0.0,
2022-04-04,221.3000030517578,239.0,201.6100006103516,201.7899932861328,799.0,0.0,0.0,
2022-04-05,202.1000061035156,202.6900024414062,202.0500030517578,202.0500030517578,46.0,0.0,0.0,
2022-04-06,202.6000061035156,202.6000061035156,201.8000030517578,201.9600067138672,307.0,0.0,0.0,
2022-04-07,201.8999938964844,202.6000061035156,201.8999938964844,202.3999938964844,22.0,0.0,0.0,
2022-04-08,202.6999969482422,202.6999969482422,200.0399932861328,200.0399932861328,331.0,0.0,0.0,
2022-04-11,199.1999969482422,200.0,198.1000061035156,198.1000061035156,310.0,0.0,0.0,
2022-04-12,199.6000061035156,199.6000061035156,198.8000030517578,199.0,208.0,0.0,0.0,
2022-04-13,199.0,199.0,198.0099945068359,198.0099945068359,131.0,0.0,0.0,
2022-04-18,198.1000061035156,198.6999969482422,197.5500030517578,198.6600036621094,144.0,0.0,0.0,
2022-04-19,199.1999969482422,199.1999969482422,197.0,198.3200073242188,892.0,0.0,0.0,
2022-04-20,199.1999969482422,199.1999969482422,199.1999969482422,199.1999969482422,1.0,0.0,0.0,
2022-04-21,200.0,200.0,199.8000030517578,199.8000030517578,51.0,0.0,0.0,
2022-04-22,199.6999969482422,199.6999969482422,199.6999969482422,199.6999969482422,2.0,0.0,0.0,
2022-04-25,198.8999938964844,200.8500061035156,198.8999938964844,200.8500061035156,131.0,0.0,0.0,
2022-04-26,200.0399932861328,201.25,200.0399932861328,201.25,137.0,0.0,0.0,
2022-04-27,201.25,201.5,200.3000030517578,200.3000030517578,53.0,0.0,0.0,
2022-04-28,201.0,201.0,200.5,200.5,3.0,0.0,0.0,
2022-04-29,200.1999969482422,200.1999969482422,200.1999969482422,200.1999969482422,3.0,0.0,0.0,
2022-05-02,200.1999969482422,200.3999938964844,199.3000030517578,199.5,96.0,0.0,0.0,
2022-05-04,200.6000061035156,200.6000061035156,196.5500030517578,196.6499938964844,1176.0,0.0,0.0,
2022-05-05,197.5,197.5,196.2100067138672,196.2100067138672,19.0,0.0,0.0,
2022-05-06,197.0,197.0,196.0,196.0,44.0,0.0,0.0,
2022-05-09,195.1999969482422,196.6000061035156,195.1999969482422,195.4499969482422,96.0,0.0,0.0,
2022-05-10,196.0,197.5,196.0,196.5,155.0,0.0,0.0,
2022-05-11,197.1499938964844,199.25,197.1000061035156,199.25,215.0,0.0,0.0,
2022-05-12,199.0,199.6999969482422,198.5500030517578,199.4600067138672,15.0,0.0,0.0,
2022-05-13,198.3999938964844,198.9400024414062,198.0399932861328,198.1499938964844,142.0,0.0,0.0,
2022-05-16,199.25,199.25,198.0500030517578,198.0500030517578,63.0,0.0,0.0,
2022-05-17,198.0,198.0,198.0,198.0,20.0,0.0,0.0,
2022-05-18,197.1000061035156,198.5,197.0200042724609,197.25,503.0,0.0,0.0,
2022-05-19,198.5,198.6000061035156,197.1999969482422,197.3399963378906,229.0,0.0,0.0,
2022-05-20,197.3999938964844,198.5,197.3999938964844,198.0500030517578,17.0,0.0,0.0,
2022-05-23,198.5,198.5,197.1999969482422,198.25,37.0,0.0,0.0,
2022-05-24,198.25,198.3000030517578,198.1999969482422,198.3000030517578,14.0,0.0,0.0,
2022-05-25,198.6000061035156,198.75,197.75,197.75,65.0,0.0,0.0,
2022-05-26,199.0,199.3999938964844,198.0,198.25,116.0,0.0,0.0,
2022-05-27,198.1000061035156,199.3000030517578,198.1000061035156,198.6000061035156,3.0,0.0,0.0,
2022-05-30,198.25,198.6999969482422,198.0,198.0,102.0,0.0,0.0,
2022-05-31,198.0,198.0,197.1000061035156,197.25,523.0,0.0,0.0,
2022-06-01,197.1000061035156,198.0,196.9499969482422,197.6999969482422,138.0,0.0,0.0,
2022-06-02,197.6999969482422,197.6999969482422,197.0,197.4499969482422,1006.0,0.0,0.0,
2022-06-03,197.1000061035156,197.1000061035156,196.5,196.9499969482422,114.0,0.0,0.0,
2022-06-06,197.5,197.5,196.3000030517578,196.3000030517578,1037.0,0.0,0.0,
2022-06-07,196.75,196.75,196.0,196.0,72.0,0.0,0.0,
2022-06-08,196.5,197.25,195.75,196.8800048828125,263.0,0.0,0.0,
2022-06-09,197.0,197.0,196.0,196.6000061035156,7.0,0.0,0.0,
2022-06-10,197.1499938964844,197.1499938964844,196.0,196.0,164.0,0.0,0.0,
2022-06-13,196.0,197.0,195.0500030517578,195.8000030517578,59.0,0.0,0.0,
2022-06-14,195.8000030517578,195.8000030517578,195.0,195.3999938964844,96.0,0.0,0.0,
2022-06-15,195.3999938964844,195.8000030517578,195.1000061035156,195.1000061035156,77.0,0.0,0.0,
2022-06-16,196.1000061035156,196.1999969482422,195.25,195.25,105.0,0.0,0.0,
2022-06-17,195.3000030517578,196.4499969482422,195.0,196.4499969482422,5406.0,0.0,0.0,
2022-06-20,209.0,209.0,196.9499969482422,197.8000030517578,23876.0,0.0,0.0,
2022-06-21,197.75,197.75,197.75,197.75,3.0,0.0,0.0,
2022-06-22,198.3999938964844,198.8000030517578,197.0,198.1000061035156,4968.0,0.0,0.0,
2022-06-23,198.1000061035156,198.1000061035156,198.1000061035156,198.1000061035156,1.0,0.0,0.0,
2022-06-24,198.0,198.3000030517578,198.0,198.1000061035156,65.0,0.0,0.0,
2022-06-27,191.8300018310547,198.1000061035156,191.8300018310547,198.1000061035156,93.0,0.0,0.0,
2022-06-28,198.3000030517578,198.3000030517578,197.8000030517578,198.25,7.0,0.0,0.0,
2022-06-29,198.2799987792969,198.2799987792969,197.6000061035156,198.1999969482422,14.0,0.0,0.0,
2022-06-30,199.0,199.0,197.8999938964844,198.6999969482422,257.0,0.0,0.0,
2022-07-01,198.5,199.25,198.5,199.0,55501.0,0.0,0.0,
2022-07-04,199.5500030517578,199.5500030517578,199.0,199.0,126.0,0.0,0.0,
2022-07-05,199.0,199.0,199.0,199.0,185.0,0.0,0.0,
2022-07-06,200.0,200.5,199.75,200.4199981689453,274.0,0.0,0.0,
2022-07-07,200.5,200.5,200.0,200.0,11.0,0.0,0.0,
2022-07-08,199.0500030517578,199.6000061035156,198.75,198.8200073242188,142.0,0.0,0.0,
2022-07-11,198.75,199.0,198.1000061035156,199.0,14.0,0.0,0.0,
2022-07-12,199.25,199.3000030517578,198.8000030517578,199.1499938964844,279.0,0.0,0.0,
2022-07-13,199.75,199.8000030517578,199.6499938964844,199.75,5185.0,0.0,0.0,
2022-07-14,199.6499938964844,199.8500061035156,199.6000061035156,199.6000061035156,227.0,0.0,0.0,
2022-07-15,199.75,199.75,199.1000061035156,199.75,262.0,0.0,0.0,
2022-07-18,199.25,199.25,198.3000030517578,198.3000030517578,40.0,0.0,0.0,
2022-07-19,198.5,202.0,198.4100036621094,198.4100036621094,1234.0,0.0,0.0,
2022-07-20,198.5,199.1499938964844,198.5,199.1499938964844,90.0,0.0,0.0,
2022-07-21,199.1499938964844,199.1499938964844,198.5,199.1499938964844,87.0,0.0,0.0,
2022-07-22,232.8899993896484,232.8899993896484,199.0,199.0,650.0,0.0,0.0,
2022-07-25,200.25,200.3500061035156,199.6999969482422,199.6999969482422,158.0,0.0,0.0,
2022-07-26,199.6999969482422,200.1000061035156,199.6000061035156,199.9900054931641,656.0,0.0,0.0,
2022-07-27,200.25,200.6900024414062,199.8500061035156,200.6600036621094,330.0,0.0,0.0,
2022-07-28,200.25,201.1000061035156,200.25,200.6000061035156,18.0,0.0,0.0,
2022-07-29,201.5899963378906,201.8899993896484,200.75,200.8200073242188,4011.0,0.0,0.0,
2022-08-01,201.5500030517578,202.3000030517578,201.3999938964844,202.0399932861328,2232.0,0.0,0.0,
2022-08-02,202.1999969482422,202.8500061035156,202.1000061035156,202.1999969482422,682.0,0.0,0.0,
2022-08-03,202.6000061035156,202.75,202.1999969482422,202.5,2805.0,0.0,0.0,
2022-08-04,202.0,203.5500030517578,202.0,203.5500030517578,844.0,0.0,0.0,
2022-08-05,204.0,204.1999969482422,201.1999969482422,201.3500061035156,3191.0,0.0,0.0,
2022-08-08,201.0,201.0,200.25,200.8500061035156,78.0,0.0,0.0,
2022-08-10,201.4900054931641,201.8000030517578,200.8999938964844,201.8000030517578,129.0,0.0,0.0,
2022-08-11,201.8500061035156,202.5,201.5,202.5,32.0,0.0,0.0,
2022-08-12,202.0,202.1999969482422,201.1499938964844,202.1999969482422,4415.0,0.0,0.0,
2022-08-16,202.1499938964844,202.25,201.6300048828125,202.25,119.0,0.0,0.0,
2022-08-17,202.5,203.3999938964844,202.25,202.9499969482422,531.0,0.0,0.0,
2022-08-18,203.6499938964844,203.6499938964844,202.3999938964844,202.8000030517578,1097.0,0.0,0.0,
2022-08-19,203.0,203.0,202.25,202.8999938964844,75.0,0.0,0.0,
2022-08-22,203.0,203.0,201.8099975585938,202.6499938964844,96.0,0.0,0.0,
2022-08-23,202.5,202.6900024414062,202.0,202.0,303.0,0.0,0.0,
2022-08-24,202.0,202.9499969482422,201.6999969482422,202.6000061035156,1008.0,0.0,0.0,
2022-08-25,202.0,202.6499938964844,202.0,202.5,22.0,0.0,0.0,
2022-08-26,203.0,203.6999969482422,202.8999938964844,203.6499938964844,901.0,0.0,0.0,
2022-08-29,203.0,203.3000030517578,202.6999969482422,203.3000030517578,531.0,0.0,0.0,
2022-08-30,203.3000030517578,204.3000030517578,202.8000030517578,204.1399993896484,675.0,0.0,0.0,
2022-09-01,204.3000030517578,204.4900054931641,203.5,203.75,119.0,0.0,0.0,
2022-09-02,203.8999938964844,203.9499969482422,203.1000061035156,203.9400024414062,1117.0,0.0,0.0,
2022-09-05,203.3999938964844,204.1999969482422,203.3999938964844,204.0,739.0,0.0,0.0,
2022-09-06,203.9900054931641,204.4900054931641,203.7299957275391,204.2100067138672,4371.0,0.0,0.0,
2022-09-07,203.8099975585938,204.4900054931641,203.3500061035156,204.3999938964844,212.0,0.0,0.0,
2022-09-08,204.5,205.3999938964844,204.5,204.8999938964844,97.0,0.0,0.0,
2022-09-09,205.0,205.25,204.6499938964844,205.1000061035156,553.0,0.0,0.0,
2022-09-12,205.0,205.0,205.0,205.0,157.0,0.0,0.0,
2022-09-13,204.3999938964844,204.3999938964844,204.3999938964844,204.3999938964844,9.0,0.0,0.0,
2022-09-14,205.1000061035156,205.1999969482422,204.5,204.5,15.0,0.0,0.0,
2022-09-15,204.5,205.0,203.3999938964844,203.3999938964844,259.0,0.0,0.0,
2022-09-16,203.3999938964844,203.6999969482422,202.0,203.5899963378906,620.0,0.0,0.0,
2022-09-19,203.0,203.8999938964844,203.0,203.8999938964844,629.0,0.0,0.0,
2022-09-20,203.5,203.5,202.9499969482422,203.3000030517578,431.0,0.0,0.0,
2022-09-21,203.1999969482422,203.4499969482422,202.75,203.25,288.0,0.0,0.0,
2022-09-22,203.0,203.0,202.1000061035156,202.1100006103516,365.0,0.0,0.0,
2022-09-23,206.1499938964844,206.1499938964844,201.1499938964844,201.1600036621094,831.0,0.0,0.0,
2022-09-26,201.75,201.9900054931641,201.3000030517578,201.5,55.0,0.0,0.0,
2022-09-27,201.6999969482422,202.6499938964844,201.6999969482422,202.3000030517578,283.0,0.0,0.0,
2022-09-28,201.5500030517578,202.1499938964844,201.5,201.6499938964844,196.0,0.0,0.0,
2022-09-29,202.75,203.1000061035156,201.8999938964844,201.8999938964844,515.0,0.0,0.0,
2022-09-30,202.5,202.5,201.8999938964844,201.8999938964844,18.0,0.0,0.0,
2022-10-03,201.1499938964844,201.1499938964844,200.0,200.0,179.0,0.0,0.0,
2022-10-04,201.5,202.0,201.5,202.0,43.0,0.0,0.0,
2022-10-06,201.1000061035156,201.1999969482422,201.0,201.1300048828125,817.0,0.0,0.0,
2022-10-07,200.75,200.75,200.4499969482422,200.4499969482422,888.0,0.0,0.0,
2022-10-10,200.1499938964844,201.0,200.0,201.0,5149.0,0.0,0.0,
2022-10-11,200.7400054931641,201.2899932861328,200.6100006103516,200.7599945068359,1376.0,0.0,0.0,
2022-10-12,202.0,202.1000061035156,200.8500061035156,200.8800048828125,39.0,0.0,0.0,
2022-10-13,201.0,202.0,200.9499969482422,201.1100006103516,516.0,0.0,0.0,
2022-10-14,201.8500061035156,201.9400024414062,200.75,200.8500061035156,1979.0,0.0,0.0,
2022-10-17,202.0,202.5,201.25,202.5,2117.0,0.0,0.0,
2022-10-18,202.3000030517578,202.7400054931641,201.6499938964844,201.6999969482422,417.0,0.0,0.0,
2022-10-19,202.5,202.8500061035156,201.75,201.75,131.0,0.0,0.0,
2022-10-20,201.0,201.3500061035156,200.9499969482422,201.3500061035156,118.0,0.0,0.0,
2022-10-21,201.5,201.5,200.0500030517578,200.9499969482422,1737.0,0.0,0.0,
2022-10-24,200.9900054931641,201.0,200.1600036621094,200.8699951171875,387.0,0.0,0.0,
2022-10-25,201.4700012207031,201.7899932861328,201.0399932861328,201.0599975585938,1615.0,0.0,0.0,
2022-10-27,202.9900054931641,203.1799926757812,201.9100036621094,201.9100036621094,740.0,0.0,0.0,
2022-10-28,203.5,203.5,201.8999938964844,203.0,3023.0,0.0,0.0,
2022-10-31,202.75,202.75,202.0,202.3000030517578,386.0,0.0,0.0,
2022-11-01,202.5500030517578,202.9499969482422,202.0800018310547,202.9499969482422,4574.0,0.0,0.0,
2022-11-02,203.0,203.0,201.9499969482422,202.9900054931641,2214.0,0.0,0.0,
2022-11-03,202.5,202.6000061035156,201.5099945068359,202.0,115.0,0.0,0.0,
2022-11-04,202.25,202.25,200.6600036621094,202.25,218.0,0.0,0.0,
2022-11-07,202.75,202.8000030517578,202.6499938964844,202.6499938964844,712.0,0.0,0.0,
2022-11-09,202.6499938964844,203.3500061035156,202.4499969482422,203.0,748.0,0.0,0.0,
2022-11-10,203.75,204.1499938964844,202.8500061035156,204.1300048828125,2223.0,0.0,0.0,
2022-11-11,205.0399932861328,205.6000061035156,204.7400054931641,204.75,3604.0,0.0,0.0,
2022-11-14,205.2400054931641,205.3500061035156,204.3000030517578,204.9900054931641,2044.0,0.0,0.0,
2022-11-15,204.7200012207031,205.4400024414062,203.9900054931641,205.3000030517578,481.0,0.0,0.0,
2022-11-16,205.25,205.3999938964844,204.6000061035156,204.8999938964844,3311.0,0.0,0.0,
2022-11-17,204.4900054931641,205.8600006103516,204.4900054931641,205.1999969482422,881.0,0.0,0.0,
2022-11-18,205.1999969482422,205.5,205.0,205.1799926757812,8120.0,0.0,0.0,
2022-11-21,204.9900054931641,204.9900054931641,204.3099975585938,204.7299957275391,964.0,0.0,0.0,
2022-11-22,204.0,205.1000061035156,204.0,204.8899993896484,14962.0,0.0,0.0,
2022-11-23,204.5,205.4400024414062,204.2400054931641,204.4299926757812,591.0,0.0,0.0,
2022-11-24,205.75,205.75,205.0,205.5,860.0,0.0,0.0,
2022-11-25,205.8500061035156,205.8899993896484,204.1999969482422,204.9199981689453,2006.0,0.0,0.0,
2022-11-28,205.0099945068359,206.2599945068359,205.0,205.3300018310547,15594.0,0.0,0.0,
2022-11-29,205.9600067138672,205.9600067138672,205.0200042724609,205.1600036621094,1959.0,0.0,0.0,
2022-11-30,205.6799926757812,205.8000030517578,205.0,205.25,3613.0,0.0,0.0,
2022-12-01,206.2400054931641,206.8000030517578,205.4600067138672,206.8000030517578,6454.0,0.0,0.0,
2022-12-02,206.5099945068359,207.3000030517578,206.0099945068359,206.0099945068359,635.0,0.0,0.0,
2022-12-05,206.3000030517578,206.6499938964844,206.0,206.0500030517578,1504.0,0.0,0.0,
2022-12-06,206.8600006103516,206.8600006103516,205.9100036621094,206.5500030517578,499.0,0.0,0.0,
2022-12-07,206.0500030517578,206.25,206.0,206.25,416.0,0.0,0.0,
2022-12-08,206.3000030517578,206.4499969482422,205.5,205.5,661.0,0.0,0.0,
2022-12-09,206.0,206.1000061035156,205.6999969482422,206.0,44.0,0.0,0.0,
2022-12-12,205.0,206.0,205.0,206.0,7204.0,0.0,0.0,
2022-12-13,206.1399993896484,206.3999938964844,205.7799987792969,205.7799987792969,1646.0,0.0,0.0,
2022-12-14,209.8999938964844,209.8999938964844,205.8899993896484,207.3000030517578,979.0,0.0,0.0,
2022-12-15,206.2599945068359,207.0500030517578,206.0099945068359,206.25,1881.0,0.0,0.0,
2022-12-16,206.4900054931641,206.5099945068359,205.8099975585938,206.4499969482422,1299.0,0.0,0.0,
2022-12-19,205.6699981689453,206.6100006103516,205.6699981689453,206.2400054931641,613.0,0.0,0.0,
2022-12-20,205.8000030517578,206.1499938964844,205.75,206.1499938964844,527.0,0.0,0.0,
2022-12-21,206.0,206.3000030517578,205.0,206.3000030517578,7273.0,0.0,0.0,
2022-12-22,206.2400054931641,206.3500061035156,205.6499938964844,205.6699981689453,8175.0,0.0,0.0,
2022-12-23,205.5700073242188,206.3899993896484,205.5700073242188,206.0599975585938,998.0,0.0,0.0,
2022-12-26,206.3000030517578,206.3699951171875,205.5099945068359,205.9400024414062,1158.0,0.0,0.0,
2022-12-27,206.0,206.4900054931641,205.7599945068359,205.7899932861328,1697.0,0.0,0.0,
2022-12-28,205.5599975585938,206.3899993896484,205.5399932861328,206.2200012207031,887.0,0.0,0.0,
2022-12-29,206.6000061035156,206.6000061035156,205.8500061035156,206.1900024414062,1659.0,0.0,0.0,
2022-12-30,205.7599945068359,206.6000061035156,205.7100067138672,206.0,3903.0,0.0,0.0,
2023-01-02,205.5099945068359,206.2599945068359,205.5,205.8200073242188,1956.0,0.0,0.0,
2023-01-03,209.9400024414062,209.9400024414062,205.5099945068359,205.7799987792969,609.0,0.0,0.0,
2023-01-04,206.6000061035156,210.0,206.0,206.7899932861328,7085.0,0.0,0.0,
2023-01-05,206.4900054931641,206.75,206.0,206.0,5011.0,0.0,0.0,
2023-01-06,206.0099945068359,206.5899963378906,205.75,205.8000030517578,3680.0,0.0,0.0,
2023-01-09,206.5899963378906,206.6900024414062,205.8099975585938,206.3899993896484,447.0,0.0,0.0,
2023-01-10,206.1100006103516,206.4900054931641,205.9100036621094,206.3999938964844,1028.0,0.0,0.0,
2023-01-11,206.5,207.3500061035156,206.2299957275391,207.3500061035156,994.0,0.0,0.0,
2023-01-12,206.6100006103516,207.3999938964844,206.5500030517578,207.3600006103516,4054.0,0.0,0.0,
2023-01-13,207.4900054931641,207.6499938964844,206.7700042724609,206.7700042724609,7612.0,0.0,0.0,
2023-01-16,207.0099945068359,207.25,206.5,206.5,1740.0,0.0,0.0,
2023-01-17,206.9400024414062,207.0299987792969,206.6000061035156,207.0299987792969,10580.0,0.0,0.0,
2023-01-18,207.2100067138672,207.2299957275391,206.5200042724609,206.75,353.0,0.0,0.0,
2023-01-19,212.9499969482422,212.9499969482422,207.0,207.3500061035156,2202.0,0.0,0.0,
2023-01-20,207.2599945068359,207.2599945068359,206.3999938964844,206.3999938964844,3770.0,0.0,0.0,
2023-01-23,206.1799926757812,206.9499969482422,206.1699981689453,206.9199981689453,2828.0,0.0,0.0,
2023-01-24,206.2899932861328,207.0,206.2799987792969,206.9900054931641,243.0,0.0,0.0,
2023-01-25,206.9400024414062,206.9400024414062,206.3300018310547,206.3300018310547,6835.0,0.0,0.0,
2023-01-27,206.1000061035156,206.8000030517578,205.9400024414062,206.0,5069.0,0.0,0.0,
2023-01-30,206.0099945068359,206.4900054931641,206.0099945068359,206.4499969482422,2023.0,0.0,0.0,
2023-01-31,206.0700073242188,207.1000061035156,206.0700073242188,207.0599975585938,3976.0,0.0,0.0,
2023-02-01,207.0500030517578,207.8899993896484,207.0500030517578,207.5,3008.0,0.0,0.0,
2023-02-02,208.0,208.4199981689453,207.5099945068359,208.1000061035156,308.0,0.0,0.0,
2023-02-03,207.6999969482422,208.25,207.6000061035156,207.6100006103516,284.0,0.0,0.0,
2023-02-06,207.5,208.0,207.3500061035156,207.6000061035156,3798.0,0.0,0.0,
2023-02-07,207.6100006103516,208.0899963378906,207.2899932861328,207.6999969482422,491.0,0.0,0.0,
2023-02-08,207.8500061035156,208.25,207.0200042724609,207.8800048828125,3174.0,0.0,0.0,
2023-02-09,207.2599945068359,207.6799926757812,207.2599945068359,207.3800048828125,174.0,0.0,0.0,
2023-02-10,207.25,207.25,207.0200042724609,207.0200042724609,1401.0,0.0,0.0,
2023-02-13,207.0,207.4199981689453,207.0,207.3000030517578,5094.0,0.0,0.0,
2023-02-14,206.5500030517578,207.2899932861328,206.5200042724609,207.2899932861328,6619.0,0.0,0.0,
2023-02-15,207.3200073242188,208.1000061035156,207.3200073242188,207.9900054931641,4270.0,0.0,0.0,
2023-02-16,207.9900054931641,207.9900054931641,207.5099945068359,207.9900054931641,627.0,0.0,0.0,
2023-02-17,207.75,207.75,207.0099945068359,207.0099945068359,493.0,0.0,0.0,
2023-02-20,207.8500061035156,208.3999938964844,207.0,207.8000030517578,12962.0,0.0,0.0,
2023-02-21,207.0099945068359,207.0099945068359,207.0099945068359,207.0099945068359,373.0,0.0,0.0,
2023-02-22,207.2400054931641,207.2400054931641,206.8999938964844,207.2299957275391,46.0,0.0,0.0,
2023-02-23,207.2200012207031,207.2200012207031,206.9100036621094,207.0,2030.0,0.0,0.0,
2023-02-24,207.2599945068359,211.0,207.0200042724609,207.5500030517578,15561.0,0.0,0.0,
2023-02-27,206.5099945068359,207.3500061035156,206.5,206.5500030517578,35561.0,0.0,0.0,
2023-02-28,207.3200073242188,207.4499969482422,206.5,206.7200012207031,7407.0,0.0,0.0,
2023-03-01,207.25,207.4499969482422,206.6499938964844,206.8300018310547,4596.0,0.0,0.0,
2023-03-02,206.8300018310547,207.5500030517578,206.8300018310547,207.0500030517578,7849.0,0.0,0.0,
2023-03-03,207.6300048828125,207.6300048828125,207.3699951171875,207.4900054931641,861.0,0.0,0.0,
2023-03-06,207.8000030517578,207.8999938964844,207.2100067138672,207.4299926757812,22962.0,0.0,0.0,
2023-03-08,207.25,207.25,206.7599945068359,206.9499969482422,1241.0,0.0,0.0,
2023-03-09,207.2400054931641,207.25,206.7599945068359,206.7599945068359,4406.0,0.0,0.0,
2023-03-10,207.6100006103516,207.9499969482422,207.25,207.9400024414062,3932.0,0.0,0.0,
2023-03-13,208.2100067138672,208.4900054931641,207.6300048828125,208.2400054931641,9608.0,0.0,0.0,
2023-03-14,208.6499938964844,208.8800048828125,208.25,208.4799957275391,21068.0,0.0,0.0,
2023-03-15,208.1100006103516,208.6000061035156,208.1000061035156,208.3000030517578,4264.0,0.0,0.0,
2023-03-16,208.7100067138672,209.0,208.3600006103516,208.4199981689453,10357.0,0.0,0.0,
2023-03-17,208.7400054931641,208.9199981689453,208.3099975585938,208.6900024414062,740.0,0.0,0.0,
2023-03-20,208.8999938964844,209.5299987792969,208.8999938964844,209.4499969482422,1263.0,0.0,0.0,
2023-03-21,208.6600036621094,209.25,208.6600036621094,208.9900054931641,13697.0,0.0,0.0,
2023-03-22,208.7599945068359,209.5,208.7599945068359,209.4100036621094,11760.0,0.0,0.0,
2023-03-23,209.0099945068359,209.7899932861328,209.0099945068359,209.4299926757812,226.0,0.0,0.0,
2023-03-24,209.25,209.7200012207031,209.25,209.3000030517578,1124.0,0.0,0.0,
2023-03-27,209.2100067138672,209.9499969482422,209.2100067138672,209.6999969482422,4249.0,0.0,0.0,
2023-03-28,209.5500030517578,209.6999969482422,209.3200073242188,209.5,1349.0,0.0,0.0,
2023-03-29,209.2599945068359,210.25,209.2599945068359,210.0200042724609,28862.0,0.0,0.0,
2023-03-31,208.1000061035156,212.0,208.1000061035156,211.3699951171875,90286.0,0.0,0.0,
2023-04-03,209.9900054931641,209.9900054931641,209.5,209.9799957275391,2173.0,0.0,0.0,
2023-04-05,210.0099945068359,210.75,210.0099945068359,210.75,448.0,0.0,0.0,
2023-04-06,211.6999969482422,211.8999938964844,211.6999969482422,211.8999938964844,5109.0,0.0,0.0,
2023-04-10,211.7100067138672,212.1900024414062,211.7100067138672,211.8399963378906,36577.0,0.0,0.0,
2023-04-11,211.75,211.8099975585938,211.3699951171875,211.4700012207031,8751.0,0.0,0.0,
2023-04-12,211.5,212.1999969482422,211.4600067138672,212.0899963378906,2868.0,0.0,0.0,
2023-04-13,211.7599945068359,212.1999969482422,211.7599945068359,212.1499938964844,3976.0,0.0,0.0,
2023-04-17,211.6900024414062,212.1199951171875,211.6900024414062,211.9700012207031,6089.0,0.0,0.0,
2023-04-18,213.8899993896484,213.8899993896484,211.8500061035156,212.1999969482422,2428.0,0.0,0.0,
2023-04-19,212.1999969482422,212.6399993896484,211.8600006103516,211.8600006103516,285.0,0.0,0.0,
2023-04-20,212.5,212.5,212.0,212.4799957275391,1568.0,0.0,0.0,
2023-04-21,212.2700042724609,212.7400054931641,212.2700042724609,212.5,305.0,0.0,0.0,
2023-04-24,212.8000030517578,213.6499938964844,212.8000030517578,213.6499938964844,4162.0,0.0,0.0,
2023-04-25,213.8600006103516,213.9900054931641,213.6999969482422,213.7400054931641,441.0,0.0,0.0,
2023-04-26,213.5,214.0,213.3999938964844,213.3999938964844,5050.0,0.0,0.0,
2023-04-27,214.0,214.1000061035156,213.6000061035156,214.1000061035156,309.0,0.0,0.0,
2023-04-28,213.8000030517578,214.0,213.5,213.6000061035156,1813.0,0.0,0.0,
2023-05-02,214.9799957275391,214.9799957275391,213.5599975585938,213.8999938964844,4407.0,0.0,0.0,
2023-05-03,214.9799957275391,215.5800018310547,214.4900054931641,215.4900054931641,6483.0,0.0,0.0,
2023-05-04,215.2599945068359,215.75,214.8000030517578,215.0099945068359,3326.0,0.0,0.0,
2023-05-05,215.5099945068359,216.0500030517578,215.3500061035156,216.0,8515.0,0.0,0.0,
2023-05-08,216.9799957275391,216.9799957275391,215.0,215.3000030517578,4890.0,0.0,0.0,
2023-05-09,215.0,215.4499969482422,214.9600067138672,215.3200073242188,4638.0,0.0,0.0,
2023-05-10,215.0099945068359,215.5500030517578,215.0099945068359,215.5500030517578,116.0,0.0,0.0,
2023-05-11,215.25,215.8500061035156,215.25,215.3500061035156,49.0,0.0,0.0,
2023-05-12,215.3500061035156,215.8500061035156,215.3500061035156,215.3500061035156,304.0,0.0,0.0,
2023-05-15,216.0,216.6999969482422,216.0,216.6399993896484,137.0,0.0,0.0,
2023-05-16,215.8500061035156,216.6999969482422,215.8500061035156,216.1999969482422,5026.0,0.0,0.0,
2023-05-17,216.3099975585938,217.4400024414062,216.3099975585938,216.9100036621094,4823.0,0.0,0.0,
2023-05-18,216.7400054931641,216.8399963378906,216.5099945068359,216.6900024414062,1373.0,0.0,0.0,
2023-05-19,216.2599945068359,216.8899993896484,216.2599945068359,216.5,924.0,0.0,0.0,
2023-05-22,216.7400054931641,216.8500061035156,216.25,216.75,1721.0,0.0,0.0,
2023-05-23,216.7400054931641,216.7400054931641,216.1000061035156,216.1000061035156,1656.0,0.0,0.0,
2023-05-24,216.1499938964844,216.9900054931641,216.1499938964844,216.9900054931641,5181.0,0.0,0.0,
2023-05-25,216.7400054931641,216.8500061035156,216.0099945068359,216.6900024414062,9361.0,0.0,0.0,
2023-05-26,223.1999969482422,223.1999969482422,216.6000061035156,216.8000030517578,5370.0,0.0,0.0,
2023-05-29,216.7400054931641,227.8899993896484,216.25,218.3500061035156,231490.0,0.0,0.0,
2023-05-30,216.2599945068359,216.75,216.0,216.6100006103516,10847.0,0.0,0.0,
2023-05-31,216.6100006103516,217.2200012207031,216.6000061035156,216.8500061035156,1682.0,0.0,0.0,
2023-06-01,216.6999969482422,217.5,216.6999969482422,217.3300018310547,15820.0,0.0,0.0,
2023-06-02,217.4900054931641,217.5899963378906,217.0,217.2799987792969,3267.0,0.0,0.0,
2023-06-05,216.7599945068359,217.6100006103516,216.7599945068359,217.6000061035156,30000.0,0.0,0.0,
2023-06-06,217.4900054931641,217.5899963378906,217.1000061035156,217.2400054931641,13294.0,0.0,0.0,
2023-06-07,217.25,217.7299957275391,217.0099945068359,217.1000061035156,3749.0,0.0,0.0,
2023-06-08,217.1000061035156,217.2299957275391,216.9600067138672,217.1100006103516,9638.0,0.0,0.0,
2023-06-09,217.1199951171875,217.25,216.5500030517578,216.8000030517578,9692.0,0.0,0.0,
2023-06-12,217.9799957275391,217.9799957275391,216.5099945068359,216.6100006103516,1315.0,0.0,0.0,
2023-06-13,217.0099945068359,217.5,217.0099945068359,217.0599975585938,3646.0,0.0,0.0,
2023-06-14,217.0099945068359,217.4400024414062,216.8200073242188,217.2299957275391,6616.0,0.0,0.0,
2023-06-15,216.8600006103516,217.3399963378906,216.75,216.9700012207031,3081.0,0.0,0.0,
2023-06-16,216.9799957275391,217.2400054931641,216.4100036621094,216.7899932861328,8786.0,0.0,0.0,
2023-06-19,216.8800048828125,217.3899993896484,216.8800048828125,217.3200073242188,7150.0,0.0,0.0,
2023-06-20,216.8600006103516,217.3000030517578,216.6000061035156,216.6600036621094,3843.0,0.0,0.0,
2023-06-21,216.8099975585938,217.2400054931641,216.7599945068359,217.1999969482422,43656.0,0.0,0.0,
2023-06-22,217.1900024414062,217.1900024414062,216.7100067138672,216.9900054931641,1493.0,0.0,0.0,
2023-06-23,216.7400054931641,216.8000030517578,215.6499938964844,216.8000030517578,20626.0,0.0,0.0,
2023-06-26,217.0899963378906,217.0899963378906,216.3999938964844,217.0,4915.0,0.0,0.0,
2023-06-27,217.0,217.3000030517578,216.9100036621094,217.1900024414062,3528.0,0.0,0.0,
2023-06-28,216.9900054931641,217.4499969482422,216.6799926757812,217.2200012207031,1490.0,0.0,0.0,
2023-06-30,216.6600036621094,217.1900024414062,216.3699951171875,216.3699951171875,6807.0,0.0,0.0,
2023-07-03,220.6999969482422,220.6999969482422,216.3800048828125,216.9400024414062,5754.0,0.0,0.0,
2023-07-04,216.9299926757812,216.9299926757812,216.6100006103516,216.6100006103516,6358.0,0.0,0.0,
2023-07-05,216.6100006103516,217.0,216.5200042724609,216.8999938964844,2727.0,0.0,0.0,
2023-07-06,216.8999938964844,216.9900054931641,216.25,216.2599945068359,3239.0,0.0,0.0,
2023-07-07,216.4900054931641,216.4900054931641,216.0099945068359,216.3099975585938,22207.0,0.0,0.0,
2023-07-10,216.4199981689453,216.4900054931641,215.9499969482422,216.0299987792969,5548.0,0.0,0.0,
2023-07-11,216.8899993896484,217.25,216.2599945068359,217.2400054931641,2142.0,0.0,0.0,
2023-07-12,217.2100067138672,217.3800048828125,216.8500061035156,217.0500030517578,1658.0,0.0,0.0,
2023-07-13,217.0500030517578,217.5500030517578,217.0099945068359,217.1799926757812,3147.0,0.0,0.0,
2023-07-14,217.2599945068359,217.7400054931641,217.25,217.5200042724609,2392.0,0.0,0.0,
2023-07-17,217.4900054931641,218.0,217.0599975585938,218.0,6445.0,0.0,0.0,
2023-07-18,219.3999938964844,219.3999938964844,217.7899932861328,218.2700042724609,5811.0,0.0,0.0,
2023-07-19,218.2700042724609,218.4700012207031,217.8099975585938,218.3099975585938,826.0,0.0,0.0,
2023-07-20,218.25,218.25,217.2400054931641,218.0,1595.0,0.0,0.0,
2023-07-21,217.2100067138672,217.6900024414062,217.2100067138672,217.6699981689453,4962.0,0.0,0.0,
2023-07-24,219.3999938964844,219.3999938964844,213.3200073242188,217.9799957275391,2846.0,0.0,0.0,
2023-07-25,218.1000061035156,218.1000061035156,217.5500030517578,217.9400024414062,1321.0,0.0,0.0,
2023-07-26,217.2599945068359,217.9700012207031,217.1000061035156,217.8999938964844,7988.0,0.0,0.0,
2023-07-27,217.5099945068359,217.8800048828125,217.1300048828125,217.5200042724609,5019.0,0.0,0.0,
2023-07-28,217.6000061035156,217.6000061035156,217.0,217.4900054931641,7247.0,0.0,0.0,
2023-07-31,217.6999969482422,217.6999969482422,216.75,217.3200073242188,11464.0,0.0,0.0,
2023-08-01,217.4100036621094,217.6300048828125,216.75,217.0099945068359,7540.0,0.0,0.0,
2023-08-02,217.4900054931641,217.4900054931641,216.7200012207031,217.3699951171875,2414.0,0.0,0.0,
2023-08-03,217.0,217.1999969482422,216.6999969482422,217.1900024414062,2249.0,0.0,0.0,
2023-08-04,216.5099945068359,216.9900054931641,216.1999969482422,216.4900054931641,4110.0,0.0,0.0,
2023-08-07,217.0099945068359,217.4900054931641,216.8000030517578,217.3000030517578,3760.0,0.0,0.0,
2023-08-08,219.8999938964844,219.8999938964844,216.6100006103516,217.0399932861328,1880.0,0.0,0.0,
2023-08-09,217.0399932861328,217.2799987792969,216.8099975585938,217.2599945068359,1635.0,0.0,0.0,
2023-08-10,217.4400024414062,217.4400024414062,217.1999969482422,217.3999938964844,1822.0,0.0,0.0,
2023-08-11,217.2599945068359,217.2599945068359,216.7599945068359,217.0,712.0,0.0,0.0,
2023-08-14,216.3800048828125,216.8500061035156,216.3800048828125,216.8500061035156,713.0,0.0,0.0,
2023-08-16,216.9900054931641,216.9900054931641,216.3999938964844,216.9499969482422,2698.0,0.0,0.0,
2023-08-17,216.4900054931641,216.5,216.0599975585938,216.3899993896484,2731.0,0.0,0.0,
2023-08-18,216.3999938964844,216.8399963378906,216.1499938964844,216.5500030517578,4645.0,0.0,0.0,
2023-08-21,216.9900054931641,217.0399932861328,216.5099945068359,216.5700073242188,662.0,0.0,0.0,
2023-08-22,216.5,217.1000061035156,216.5,216.8600006103516,1525.0,0.0,0.0,
2023-08-23,217.0,217.5,217.0,217.0500030517578,2590.0,0.0,0.0,
2023-08-24,217.8099975585938,217.9900054931641,217.4900054931641,217.8500061035156,18939.0,0.0,0.0,
2023-08-25,219.9700012207031,219.9700012207031,216.8500061035156,217.0500030517578,3081.0,0.0,0.0,
2023-08-28,217.2599945068359,217.9900054931641,217.2599945068359,217.9600067138672,2709.0,0.0,0.0,
2023-08-29,217.7599945068359,218.0,217.7599945068359,217.7599945068359,6964.0,0.0,0.0,
2023-08-30,218.2400054931641,218.2400054931641,217.4499969482422,217.8999938964844,3457.0,0.0,0.0,
2023-08-31,217.7599945068359,218.2700042724609,217.5500030517578,218.1199951171875,6555.0,0.0,0.0,
2023-09-01,218.1300048828125,218.5,216.6600036621094,217.3699951171875,44355.0,0.0,0.0,
2023-09-04,217.3800048828125,217.8899993896484,217.0099945068359,217.0299987792969,8595.0,0.0,0.0,
2023-09-05,217.7400054931641,217.7400054931641,217.7400054931641,217.7400054931641,6.0,0.0,0.0,
2023-09-06,217.5,217.75,217.25,217.7400054931641,908.0,0.0,0.0,
2023-09-07,217.75,218.5,217.75,218.4799957275391,5100.0,0.0,0.0,
2023-09-08,219.7899932861328,219.7899932861328,217.0099945068359,217.7799987792969,34535.0,0.0,0.0,
2023-09-11,217.7599945068359,217.9799957275391,217.3099975585938,217.3099975585938,5442.0,0.0,0.0,
2023-09-12,217.2599945068359,217.75,217.2599945068359,217.7400054931641,2764.0,0.0,0.0,
2023-09-13,217.7299957275391,218.1900024414062,217.6100006103516,218.0,5793.0,0.0,0.0,
2023-09-14,218.6900024414062,218.8699951171875,218.0200042724609,218.3200073242188,5817.0,0.0,0.0,
2023-09-15,219.0,219.3899993896484,218.6999969482422,218.6999969482422,5376.0,0.0,0.0,
2023-09-18,218.7100067138672,218.8000030517578,218.0200042724609,218.5800018310547,4688.0,0.0,0.0,
2023-09-20,218.7400054931641,219.0,218.3300018310547,219.0,23997.0,0.0,0.0,
2023-09-21,218.7400054931641,218.7400054931641,218.0099945068359,218.2100067138672,27455.0,0.0,0.0,
2023-09-22,219.0099945068359,219.6900024414062,219.0,219.0,9159.0,0.0,0.0,
2023-09-25,219.0,219.6499938964844,218.8999938964844,219.0200042724609,13199.0,0.0,0.0,
2023-09-26,219.0099945068359,219.2400054931641,218.8099975585938,219.2200012207031,14675.0,0.0,0.0,
2023-09-27,219.8899993896484,219.8899993896484,218.0,218.7599945068359,9316.0,0.0,0.0,
2023-09-28,218.3600006103516,218.3600006103516,217.6300048828125,218.1900024414062,11083.0,0.0,0.0,
2023-09-29,218.25,219.0,217.8600006103516,218.1499938964844,30622.0,0.0,0.0,
2023-10-03,219.6900024414062,222.0099945068359,218.0099945068359,221.4199981689453,264484.0,0.0,0.0,
2023-10-04,218.3899993896484,218.5700073242188,217.5099945068359,217.6499938964844,20008.0,0.0,0.0,
2023-10-05,218.7400054931641,218.7400054931641,218.0599975585938,218.0800018310547,2787.0,0.0,0.0,
2023-10-06,218.0299987792969,218.4900054931641,216.6000061035156,216.8999938964844,26505.0,0.0,0.0,
2023-10-09,217.0,217.6799926757812,216.7100067138672,217.6699981689453,3180.0,0.0,0.0,
2023-10-10,217.0,217.4799957275391,216.7200012207031,217.2400054931641,27544.0,0.0,0.0,
2023-10-11,219.0,219.0,216.7599945068359,218.9600067138672,3949.0,0.0,0.0,
2023-10-12,217.4700012207031,218.3999938964844,217.4600067138672,217.8999938964844,27451.0,0.0,0.0,
2023-10-13,217.7400054931641,218.25,217.3600006103516,218.0,12970.0,0.0,0.0,
2023-10-16,217.7400054931641,218.1999969482422,217.1799926757812,217.9700012207031,16886.0,0.0,0.0,
2023-10-17,217.9700012207031,217.9900054931641,217.5,217.5099945068359,9259.0,0.0,0.0,
2023-10-18,217.8899993896484,217.9499969482422,217.6000061035156,217.7799987792969,4359.0,0.0,0.0,
2023-10-19,217.6600036621094,217.75,217.5,217.75,1679.0,0.0,0.0,
2023-10-20,217.7400054931641,218.0099945068359,217.6000061035156,217.8999938964844,10261.0,0.0,0.0,
2023-10-23,218.0,218.1399993896484,217.5500030517578,217.6199951171875,17384.0,0.0,0.0,
2023-10-25,217.0099945068359,218.0,217.0099945068359,217.1900024414062,1258.0,0.0,0.0,
2023-10-26,217.1100006103516,217.1100006103516,216.6100006103516,216.6300048828125,9595.0,0.0,0.0,
2023-10-27,217.0099945068359,219.8399963378906,217.0099945068359,218.0,42405.0,0.0,0.0,
2023-10-30,218.4900054931641,218.6999969482422,217.4700012207031,218.6600036621094,5901.0,0.0,0.0,
2023-10-31,218.2400054931641,218.2400054931641,217.2799987792969,218.0,5243.0,0.0,0.0,
2023-11-01,218.0,218.6999969482422,218.0,218.3300018310547,6217.0,0.0,0.0,
2023-11-02,217.5099945068359,218.6000061035156,217.5099945068359,218.4700012207031,11453.0,0.0,0.0,
2023-11-03,218.75,218.9400024414062,218.3099975585938,218.7299957275391,2559.0,0.0,0.0,
2023-11-06,219.6999969482422,219.6999969482422,218.7799987792969,219.3800048828125,16779.0,0.0,0.0,
2023-11-07,219.2400054931641,219.8000030517578,219.0,219.6199951171875,9701.0,0.0,0.0,
2023-11-08,219.9499969482422,220.0,219.6000061035156,219.7299957275391,6048.0,0.0,0.0,
2023-11-09,219.9900054931641,220.0899963378906,219.0099945068359,219.6199951171875,24077.0,0.0,0.0,
2023-11-10,219.5,219.9900054931641,219.0099945068359,219.2299957275391,4896.0,0.0,0.0,
2023-11-13,219.0,219.2200012207031,218.8000030517578,219.0,17774.0,0.0,0.0,
2023-11-15,219.75,220.2100067138672,219.4299926757812,219.8399963378906,6458.0,0.0,0.0,
2023-11-16,220.3899993896484,220.3999938964844,219.6000061035156,220.3999938964844,12046.0,0.0,0.0,
2023-11-17,213.8000030517578,220.5299987792969,213.8000030517578,220.1900024414062,4933.0,0.0,0.0,
2023-11-20,220.1999969482422,220.8899993896484,220.0299987792969,220.0500030517578,14033.0,0.0,0.0,
2023-11-21,220.4900054931641,220.4900054931641,220.0099945068359,220.3699951171875,1490.0,0.0,0.0,
2023-11-22,219.9900054931641,220.3500061035156,219.6100006103516,219.8600006103516,10056.0,0.0,0.0,
2023-11-23,220.0299987792969,220.3999938964844,219.5099945068359,219.9499969482422,4930.0,0.0,0.0,
2023-11-24,219.4100036621094,220.2400054931641,219.4100036621094,220.0,13745.0,0.0,0.0,
2023-11-28,219.9499969482422,220.5399932861328,219.9499969482422,220.1100006103516,1834.0,0.0,0.0,
2023-11-29,220.4900054931641,220.5599975585938,219.6100006103516,220.5299987792969,1464.0,0.0,0.0,
2023-11-30,219.7599945068359,222.0,219.6000061035156,221.1999969482422,12013.0,0.0,0.0,
2023-12-01,220.0,220.3999938964844,219.8099975585938,220.0500030517578,9681.0,0.0,0.0,
2023-12-04,219.9900054931641,220.75,219.7100067138672,220.2299957275391,6203.0,0.0,0.0,
2023-12-05,220.2400054931641,220.2400054931641,219.5700073242188,220.2200012207031,18653.0,0.0,0.0,
2023-12-06,220.2200012207031,220.3899993896484,220.0,220.1100006103516,3385.0,0.0,0.0,
2023-12-07,221.0099945068359,221.1199951171875,220.1100006103516,220.3200073242188,5241.0,0.0,0.0,
2023-12-08,220.2599945068359,221.3500061035156,220.2599945068359,220.5099945068359,11304.0,0.0,0.0,
2023-12-11,220.7400054931641,220.7400054931641,220.0399932861328,220.4799957275391,9293.0,0.0,0.0,
2023-12-12,220.7400054931641,220.7400054931641,220.1000061035156,220.2899932861328,1037.0,0.0,0.0,
2023-12-13,220.75,221.1499938964844,220.0500030517578,220.1699981689453,14879.0,0.0,0.0,
2023-12-14,220.6100006103516,221.5299987792969,220.6000061035156,221.4299926757812,10137.0,0.0,0.0,
2023-12-15,221.6799926757812,222.4700012207031,221.6799926757812,222.3999938964844,5720.0,0.0,0.0,
2023-12-18,222.3999938964844,222.5899963378906,221.7599945068359,222.5099945068359,1421.0,0.0,0.0,
2023-12-19,222.9900054931641,223.1999969482422,221.8099975585938,223.1900024414062,5630.0,0.0,0.0,
2023-12-20,222.0099945068359,222.9900054931641,222.0,222.8000030517578,2699.0,0.0,0.0,
2023-12-21,222.0099945068359,222.9900054931641,222.0099945068359,222.5500030517578,12168.0,0.0,0.0,
2023-12-22,222.5599975585938,222.8999938964844,221.6000061035156,222.4199981689453,7195.0,0.0,0.0,
2023-12-26,222.0,222.8699951171875,221.8099975585938,222.7100067138672,2546.0,0.0,0.0,
2023-12-27,222.1199951171875,222.9600067138672,222.1199951171875,222.2799987792969,5911.0,0.0,0.0,
2023-12-28,222.0,223.0,221.6100006103516,222.8399963378906,10707.0,0.0,0.0,
2023-12-29,222.7899932861328,223.0,222.0099945068359,222.5599975585938,10177.0,0.0,0.0,
2024-01-01,222.6399993896484,222.6499938964844,221.9900054931641,222.1699981689453,25150.0,0.0,0.0,
2024-01-02,222.0,222.5,222.0,222.25,1124.0,0.0,0.0,
2024-01-03,222.4900054931641,222.9799957275391,222.0599975585938,222.8099975585938,19428.0,0.0,0.0,
2024-01-04,218.3500061035156,223.0,218.3500061035156,222.5399932861328,14360.0,0.0,0.0,
2024-01-05,222.4900054931641,222.5,221.8000030517578,222.3600006103516,24093.0,0.0,0.0,
2024-01-08,222.2400054931641,222.5899963378906,221.8999938964844,222.2899932861328,9630.0,0.0,0.0,
2024-01-09,222.6900024414062,223.1100006103516,222.2100067138672,222.6699981689453,13915.0,0.0,0.0,
2024-01-10,222.6699981689453,222.9900054931641,222.5,222.5399932861328,5891.0,0.0,0.0,
2024-01-11,222.7599945068359,223.8099975585938,222.7599945068359,223.1000061035156,12343.0,0.0,0.0,
2024-01-12,223.0099945068359,223.5,222.1000061035156,222.6499938964844,15130.0,0.0,0.0,
2024-01-15,223.0099945068359,223.8999938964844,223.0,223.8300018310547,10057.0,0.0,0.0,
2024-01-16,223.7400054931641,223.75,223.2599945068359,223.5899963378906,4684.0,0.0,0.0,
2024-01-17,223.2599945068359,223.75,223.2400054931641,223.4400024414062,4814.0,0.0,0.0,
2024-01-18,223.7400054931641,223.7400054931641,223.1999969482422,223.4499969482422,5429.0,0.0,0.0,
2024-01-19,223.4900054931641,223.5,222.75,222.8899993896484,9131.0,0.0,0.0,
2024-01-23,223.0099945068359,223.5299987792969,223.0,223.5099945068359,2438.0,0.0,0.0,
2024-01-24,223.7400054931641,223.8500061035156,223.0299987792969,223.2799987792969,23747.0,0.0,0.0,
2024-01-25,223.2599945068359,223.8000030517578,223.2200012207031,223.2599945068359,9272.0,0.0,0.0,
2024-01-29,223.7400054931641,223.9400024414062,223.4299926757812,223.8000030517578,14077.0,0.0,0.0,
2024-01-30,224.0,224.3399963378906,223.4900054931641,224.1100006103516,15752.0,0.0,0.0,
2024-01-31,224.1100006103516,224.7200012207031,223.9199981689453,224.1399993896484,11424.0,0.0,0.0,
2024-02-01,224.2100067138672,225.7799987792969,224.1999969482422,225.7799987792969,4154.0,0.0,0.0,
2024-02-02,225.7400054931641,225.8999938964844,225.2799987792969,225.8699951171875,4320.0,0.0,0.0,
2024-02-05,230.3899993896484,230.3899993896484,225.2599945068359,225.9299926757812,5168.0,0.0,0.0,
2024-02-06,225.2599945068359,226.0500030517578,225.25,225.6199951171875,18578.0,0.0,0.0,
2024-02-07,225.6199951171875,226.25,220.0,224.8399963378906,52974.0,0.0,0.0,
2024-02-08,225.5099945068359,226.25,225.5,225.9499969482422,21079.0,0.0,0.0,
2024-02-09,222.0,229.8999938964844,222.0,225.7599945068359,22627.0,0.0,0.0,
2024-02-12,219.0,227.0,219.0,225.25,34873.0,0.0,0.0,
2024-02-13,225.7400054931641,225.75,225.25,225.3600006103516,6897.0,0.0,0.0,
2024-02-14,225.2700042724609,225.4799957275391,224.8999938964844,225.4400024414062,4799.0,0.0,0.0,
2024-02-15,225.7400054931641,225.9900054931641,225.2599945068359,225.8200073242188,9930.0,0.0,0.0,
2024-02-16,225.9900054931641,226.1999969482422,225.6600036621094,226.1600036621094,16865.0,0.0,0.0,
2024-02-19,228.3999938964844,228.3999938964844,225.5099945068359,226.1000061035156,25615.0,0.0,0.0,
2024-02-20,225.9900054931641,226.0899963378906,225.4299926757812,225.5299987792969,3455.0,0.0,0.0,
2024-02-22,226.2599945068359,226.9900054931641,226.5099945068359,226.9900054931641,19.0,0.0,0.0,
2024-02-21,226.259994506836,226.97000122070312,226.1600036621093,226.69000244140625,4832.0,0.0,0.0,
2024-02-23,226.7400054931641,227.009994506836,226.1499938964844,226.6499938964844,15143.0,0.0,0.0,
2024-02-26,226.259994506836,227.0,226.259994506836,226.92999267578125,14189.0,0.0,0.0,
2024-02-27,226.9900054931641,227.1100006103516,226.5399932861328,226.9900054931641,10157.0,0.0,0.0,
2024-02-28,226.9900054931641,226.9900054931641,226.509994506836,226.88999938964844,1255.0,0.0,0.0,
2024-02-29,228.3999938964844,228.3999938964844,226.509994506836,226.8099975585937,697.0,0.0,0.0,
2024-03-01,227.0,227.0,226.5,226.9900054931641,5962.0,0.0,0.0,
2024-03-04,228.88999938964844,228.88999938964844,226.8099975585937,227.27999877929688,15824.0,0.0,0.0,
2024-03-05,227.2400054931641,227.4499969482422,226.8300018310547,227.33999633789065,26275.0,0.0,0.0,
2024-03-06,228.8000030517578,228.8000030517578,227.0599975585937,227.38999938964844,30865.0,0.0,0.0,
2024-03-07,227.3999938964844,227.8800048828125,227.3999938964844,227.6699981689453,6389.0,0.0,0.0,
2024-03-11,227.509994506836,228.0,227.3000030517578,227.5599975585937,7039.0,0.0,0.0,
2024-03-12,227.57000732421875,227.9900054931641,227.1999969482422,227.7100067138672,16997.0,0.0,0.0,
2024-03-13,234.0,234.0,227.4100036621093,227.75,15691.0,0.0,0.0,
2024-03-14,234.6000061035156,234.6000061035156,226.5,227.32000732421875,10826.0,0.0,0.0,
2024-03-15,227.3099975585937,227.8699951171875,227.3099975585937,227.5599975585937,12947.0,0.0,0.0,
2024-03-18,227.7400054931641,227.75,225.0,227.44000244140625,27835.0,0.0,0.0,
2024-03-19,227.4900054931641,227.4900054931641,227.0,227.3800048828125,3534.0,0.0,0.0,
2024-03-20,227.2400054931641,227.3500061035156,226.9900054931641,227.1199951171875,7677.0,0.0,0.0,
2024-03-21,227.009994506836,227.8999938964844,227.009994506836,227.88999938964844,12171.0,0.0,0.0,
2024-03-22,227.9900054931641,227.9900054931641,226.1000061035156,227.52999877929688,35034.0,0.0,0.0,
2024-03-26,227.509994506836,230.0,227.0,227.3999938964844,15469.0,0.0,0.0,
2024-03-27,227.259994506836,227.8999938964844,227.259994506836,227.33999633789065,3970.0,0.0,0.0,
2024-03-28,228.009994506836,228.6499938964844,228.009994506836,228.27999877929688,6255.0,0.0,0.0,
2024-04-01,228.2400054931641,228.9900054931641,228.1499938964844,228.67999267578125,43241.0,0.0,0.0,
2024-04-02,228.509994506836,229.0,227.94000244140625,228.3099975585937,43068.0,0.0,0.0,
2024-04-03,227.9900054931641,228.3000030517578,227.6100006103516,227.7100067138672,28935.0,0.0,0.0,
2024-04-04,227.9900054931641,228.2899932861328,227.509994506836,227.92999267578125,24191.0,0.0,0.0,
2024-04-05,228.0,228.2400054931641,227.3600006103516,228.0399932861328,16226.0,0.0,0.0,
2024-04-08,232.0,232.0,227.07000732421875,227.1300048828125,27568.0,0.0,0.0,
2024-04-09,227.4900054931641,227.5500030517578,225.75,227.1199951171875,15572.0,0.0,0.0,
2024-04-10,227.88999938964844,228.1999969482422,226.9499969482422,227.77999877929688,22958.0,0.0,0.0,
2024-04-12,229.7899932861328,229.7899932861328,226.9499969482422,227.3300018310547,16107.0,0.0,0.0,
2024-04-15,226.759994506836,227.5,226.6499938964844,226.8699951171875,5498.0,0.0,0.0,
2024-04-16,227.2400054931641,227.3500061035156,226.6000061035156,227.08999633789065,9592.0,0.0,0.0,
2024-04-18,227.3000030517578,227.5500030517578,226.3999938964844,227.44000244140625,14604.0,0.0,0.0,
2024-04-19,227.9100036621093,227.9100036621093,226.22000122070312,226.6999969482422,8446.0,0.0,0.0,
2024-04-22,226.509994506836,227.0,226.509994506836,226.58999633789065,7837.0,0.0,0.0,
2024-04-23,227.009994506836,227.77999877929688,226.9100036621093,227.5800018310547,7179.0,0.0,0.0,
2024-04-24,234.3999938964844,234.3999938964844,227.5800018310547,227.83999633789065,19024.0,0.0,0.0,
2024-04-25,227.7400054931641,227.75,226.8999938964844,227.4499969482422,4928.0,0.0,0.0,
2024-04-26,227.0,227.2400054931641,226.8000030517578,227.1300048828125,14719.0,0.0,0.0,
2024-04-29,227.4900054931641,227.8999938964844,227.009994506836,227.77999877929688,12597.0,0.0,0.0,
2024-04-30,227.7400054931641,227.7700042724609,227.1000061035156,227.47000122070312,302.0,0.0,0.0,
2024-05-02,227.9499969482422,227.9900054931641,227.509994506836,227.6000061035156,4762.0,0.0,0.0,
2024-05-03,227.88999938964844,228.19000244140625,227.6300048828125,227.97999572753903,12382.0,0.0,0.0,
2024-05-06,229.97000122070312,230.0,228.0,228.4900054931641,28620.0,0.0,0.0,
2024-05-07,228.7400054931641,228.7400054931641,228.259994506836,228.3600006103516,6370.0,0.0,0.0,
2024-05-08,228.8500061035156,228.97999572753903,228.3000030517578,228.83999633789065,6309.0,0.0,0.0,
2024-05-09,228.6000061035156,228.9900054931641,228.1999969482422,228.4100036621093,9932.0,0.0,0.0,
2024-05-10,228.509994506836,228.97999572753903,228.2100067138672,228.58999633789065,9651.0,0.0,0.0,
2024-05-13,235.4499969482422,235.4499969482422,228.1499938964844,228.5399932861328,23067.0,0.0,0.0,
2024-05-14,228.7899932861328,229.17999267578125,228.6100006103516,229.1600036621093,24623.0,0.0,0.0,
2024-05-15,229.1499938964844,229.3999938964844,228.7100067138672,228.759994506836,9842.0,0.0,0.0,
2024-05-16,229.9600067138672,230.0599975585937,229.3999938964844,229.4900054931641,7699.0,0.0,0.0,
2024-05-17,229.3099975585937,238.0,229.3000030517578,232.2899932861328,37889.0,0.0,0.0,
2024-05-18,234.8800048828125,234.8800048828125,229.42999267578125,232.6499938964844,4956.0,0.0,0.0,
2024-05-21,231.3699951171875,234.4199981689453,229.7100067138672,231.0,14402.0,0.0,0.0,
2024-05-22,231.9900054931641,231.9900054931641,228.8999938964844,230.9900054931641,6938.0,0.0,0.0,
2024-05-23,231.5500030517578,232.9499969482422,231.2100067138672,231.6300048828125,5209.0,0.0,0.0,
2024-05-24,232.9900054931641,232.9900054931641,230.52999877929688,230.9499969482422,9538.0,0.0,0.0,
2024-05-27,227.6100006103516,231.97999572753903,227.6100006103516,231.13999938964844,1143.0,0.0,0.0,
2024-05-28,231.0,267.0,230.6000061035156,231.42999267578125,105039.0,0.0,0.0,
2024-05-29,231.42999267578125,231.9900054931641,229.9900054931641,230.67999267578125,8187.0,0.0,0.0,
2024-05-30,232.7899932861328,232.7899932861328,230.8099975585937,231.22000122070312,2435.0,0.0,0.0,
2024-05-31,231.9900054931641,231.9900054931641,225.6999969482422,230.52999877929688,45589.0,0.0,0.0,
2024-06-03,233.4900054931641,233.4900054931641,231.0,231.7899932861328,5590.0,0.0,0.0,
2024-06-04,231.7899932861328,232.1600036621093,227.5,229.0599975585937,39465.0,0.0,0.0,
2024-06-05,230.509994506836,232.5399932861328,230.4199981689453,230.47999572753903,1086.0,0.0,0.0,
2024-06-06,234.38999938964844,234.38999938964844,230.3000030517578,231.8999938964844,3094.0,0.0,0.0,
2024-06-07,231.44000244140625,231.88999938964844,230.6699981689453,231.5,14522.0,0.0,0.0,
2024-06-10,231.509994506836,232.0,231.009994506836,231.8800048828125,74744.0,0.0,0.0,
2024-06-11,231.5,231.7899932861328,231.009994506836,231.75,8768.0,0.0,0.0,
2024-06-12,232.7700042724609,232.8000030517578,231.6000061035156,231.6499938964844,6732.0,0.0,0.0,
2024-06-13,231.6499938964844,232.97000122070312,231.6000061035156,231.8000030517578,10609.0,0.0,0.0,
2024-06-14,232.9900054931641,232.9900054931641,231.6000061035156,232.6499938964844,6199.0,0.0,0.0,
2024-06-18,232.509994506836,233.0,232.2700042724609,232.4900054931641,11370.0,0.0,0.0,
2024-06-19,232.5599975585937,232.97999572753903,232.1000061035156,232.67999267578125,6311.0,0.0,0.0,
2024-06-20,232.6000061035156,232.97000122070312,232.6000061035156,232.759994506836,12189.0,0.0,0.0,
2024-06-21,232.7100067138672,232.9499969482422,232.6000061035156,232.82000732421875,6806.0,0.0,0.0,
2024-06-24,232.82000732421875,233.4900054931641,232.6000061035156,233.3600006103516,17444.0,0.0,0.0,
2024-06-25,233.3699951171875,233.97999572753903,232.7899932861328,232.9900054931641,22353.0,0.0,0.0,
2024-06-26,233.9900054931641,234.1000061035156,232.9900054931641,233.9900054931641,27262.0,0.0,0.0,
2024-06-27,232.1100006103516,233.9499969482422,232.1100006103516,233.1600036621093,14678.0,0.0,0.0,
2024-06-28,233.1600036621093,233.8699951171875,232.0500030517578,232.7400054931641,24234.0,0.0,0.0,
2024-07-01,233.009994506836,233.009994506836,231.8600006103516,232.17999267578125,15048.0,0.0,0.0,
2024-07-02,233.88999938964844,233.88999938964844,232.0,232.42999267578125,14863.0,0.0,0.0,
2024-07-03,232.5,232.509994506836,231.8000030517578,232.4900054931641,9905.0,0.0,0.0,
2024-07-04,232.5200042724609,233.0,229.8000030517578,231.6000061035156,264217.0,0.0,0.0,
2024-07-05,232.7899932861328,232.7899932861328,232.0,232.0800018310547,4823.0,0.0,0.0,
2024-07-08,232.509994506836,232.509994506836,232.0,232.3099975585937,4568.0,0.0,0.0,
2024-07-09,233.4900054931641,233.4900054931641,232.1600036621093,232.2400054931641,14420.0,0.0,0.0,
2024-07-10,232.4100036621093,232.6300048828125,231.75,232.27999877929688,35297.0,0.0,0.0,
2024-07-11,239.25,239.25,230.0,232.92999267578125,24634.0,0.0,0.0,
2024-07-12,232.4100036621093,233.3999938964844,232.3000030517578,232.5,9671.0,0.0,0.0,
2024-07-15,233.8500061035156,233.8500061035156,232.5,232.72999572753903,23866.0,0.0,0.0,
2024-07-16,232.7400054931641,233.58999633789065,232.7400054931641,233.2100067138672,1499.0,0.0,0.0,
2024-07-18,233.8099975585937,233.8099975585937,232.7700042724609,233.3800048828125,37048.0,0.0,0.0,
2024-07-19,233.0,233.5,233.0,233.4900054931641,5114.0,0.0,0.0,
2024-07-22,233.4499969482422,243.5,233.4100036621093,235.5200042724609,9904.0,0.0,0.0,
2024-07-23,234.42999267578125,235.5,233.0500030517578,234.8099975585937,9012.0,0.0,0.0,
2024-07-24,234.3699951171875,234.3800048828125,233.83999633789065,234.33999633789065,13614.0,0.0,0.0,
2024-07-25,233.8999938964844,233.9900054931641,232.3999938964844,233.72999572753903,17754.0,0.0,0.0,
2024-07-26,233.7400054931641,234.97000122070312,233.7400054931641,234.52999877929688,24832.0,0.0,0.0,
2024-07-29,234.509994506836,234.6999969482422,233.44000244140625,234.32000732421875,94279.0,0.0,0.0,
2024-07-30,234.8999938964844,234.8999938964844,234.1999969482422,234.8500061035156,18488.0,0.0,0.0,
2024-07-31,234.8000030517578,235.6999969482422,234.0599975585937,234.72000122070312,12717.0,0.0,0.0,
2024-08-01,235.4900054931641,236.08999633789065,234.3000030517578,234.6199951171875,24606.0,0.0,0.0,
2024-08-02,234.6100006103516,235.2899932861328,234.0,234.9499969482422,13787.0,0.0,0.0,
2024-08-05,234.0,237.88999938964844,234.0,235.72000122070312,38591.0,0.0,0.0,
2024-08-06,234.44000244140625,236.77999877929688,234.44000244140625,235.1999969482422,17344.0,0.0,0.0,
2024-08-07,235.1999969482422,235.69000244140625,234.22999572753903,235.63999938964844,2516.0,0.0,0.0,
2024-08-08,235.6499938964844,236.7700042724609,234.75,234.9600067138672,6736.0,0.0,0.0,
2024-08-09,236.6000061035156,237.0,234.7700042724609,236.47000122070312,28229.0,0.0,0.0,
2024-08-12,236.47000122070312,236.4900054931641,236.1000061035156,236.4499969482422,10597.0,0.0,0.0,
2024-08-13,236.0,237.0,236.0,236.9900054931641,28053.0,0.0,0.0,
2024-08-14,236.9900054931641,236.9900054931641,235.5200042724609,236.5200042724609,6166.0,0.0,0.0,
2024-08-16,236.5,237.4900054931641,236.3999938964844,236.77999877929688,6464.0,0.0,0.0,
2024-08-19,243.8999938964844,243.8999938964844,235.32000732421875,236.9499969482422,47100.0,0.0,0.0,
2024-08-20,236.009994506836,237.6100006103516,236.009994506836,236.67999267578125,35492.0,0.0,0.0,
2024-08-21,236.6999969482422,238.1000061035156,236.6999969482422,236.9600067138672,18147.0,0.0,0.0,
2024-08-22,237.9900054931641,238.0,235.5500030517578,237.32000732421875,6719.0,0.0,0.0,
2024-08-23,237.3300018310547,238.0,237.0,237.3500061035156,27181.0,0.0,0.0,
2024-08-26,244.4499969482422,244.4499969482422,236.6600036621093,237.4100036621093,25190.0,0.0,0.0,
2024-08-27,237.3699951171875,237.3800048828125,236.9199981689453,237.19000244140625,8299.0,0.0,0.0,
2024-08-28,237.17999267578125,237.9900054931641,237.0,237.6199951171875,12641.0,0.0,0.0,
2024-08-29,237.6100006103516,237.6999969482422,236.9499969482422,237.6699981689453,20623.0,0.0,0.0,
2024-08-30,237.67999267578125,237.67999267578125,236.1999969482422,236.4600067138672,16112.0,0.0,0.0,
2024-09-02,236.9900054931641,237.0,235.3800048828125,236.2899932861328,105915.0,0.0,0.0,
2024-09-03,239.0,239.0,236.25,236.5,11033.0,0.0,0.0,
2024-09-04,236.5,237.4900054931641,236.25,237.259994506836,5957.0,0.0,0.0,
2024-09-05,237.1000061035156,237.9900054931641,237.009994506836,237.8699951171875,2994.0,0.0,0.0,
2024-09-06,237.97000122070312,237.97999572753903,236.58999633789065,236.88999938964844,18418.0,0.0,0.0,
2024-09-09,237.4900054931641,237.4900054931641,236.009994506836,237.4100036621093,10964.0,0.0,0.0,
2024-09-10,237.4499969482422,237.4499969482422,237.0,237.3999938964844,5205.0,0.0,0.0,
2024-09-11,237.42999267578125,238.58999633789065,236.509994506836,237.4900054931641,12586.0,0.0,0.0,
2024-09-12,237.9600067138672,237.97000122070312,236.6699981689453,236.8300018310547,30448.0,0.0,0.0,
2024-09-13,237.3699951171875,239.0,237.2899932861328,238.759994506836,208887.0,0.0,0.0,
2024-09-16,239.759994506836,239.97000122070312,238.32000732421875,238.9600067138672,21223.0,0.0,0.0,
2024-09-17,239.0,239.1999969482422,238.2700042724609,239.1600036621093,14660.0,0.0,0.0,
2024-09-18,239.1600036621093,249.92999267578125,239.1499938964844,240.8300018310547,37638.0,0.0,0.0,
2024-09-19,240.0,240.7899932861328,239.509994506836,239.57000732421875,31219.0,0.0,0.0,
2024-09-20,239.5,240.8999938964844,238.0,239.6600036621093,25348.0,0.0,0.0,
2024-09-23,239.97999572753903,241.0,238.5200042724609,239.6000061035156,141992.0,0.0,0.0,
2024-09-24,240.4900054931641,240.4900054931641,238.3800048828125,239.9900054931641,168357.0,0.0,0.0,
2024-09-25,240.92999267578125,240.92999267578125,239.5800018310547,239.97000122070312,20361.0,0.0,0.0,
2024-09-26,240.22999572753903,240.4900054931641,239.8000030517578,240.38999938964844,54900.0,0.0,0.0,
2024-09-27,240.3999938964844,240.3999938964844,239.3600006103516,240.1499938964844,33357.0,0.0,0.0,
2024-09-30,241.22999572753903,241.2400054931641,239.0,239.5599975585937,53330.0,0.0,0.0,
2024-10-01,239.57000732421875,241.17999267578125,239.57000732421875,240.2700042724609,12523.0,0.0,0.0,
2024-10-03,239.58999633789065,240.8800048828125,239.509994506836,240.4900054931641,28578.0,0.0,0.0,
2024-10-04,240.4900054931641,240.4900054931641,239.5,240.07000732421875,18567.0,0.0,0.0,
2024-10-07,240.07000732421875,240.3999938964844,238.8500061035156,239.02999877929688,11586.0,0.0,0.0,
2024-10-08,240.4900054931641,240.5,239.0399932861328,239.63999938964844,16238.0,0.0,0.0,
2024-10-09,240.009994506836,240.6600036621093,239.509994506836,240.2400054931641,21152.0,0.0,0.0,
2024-10-10,239.9199981689453,241.19000244140625,239.9199981689453,240.1600036621093,34113.0,0.0,0.0,
2024-10-11,239.509994506836,240.47999572753903,239.3000030517578,240.44000244140625,18029.0,0.0,0.0,
2024-10-14,240.009994506836,240.72999572753903,239.3800048828125,240.72999572753903,34447.0,0.0,0.0,
2024-10-15,240.009994506836,240.72999572753903,239.6300048828125,239.94000244140625,6154.0,0.0,0.0,
2024-10-16,240.009994506836,240.6600036621093,239.3300018310547,240.1000061035156,12825.0,0.0,0.0,
2024-10-17,240.4900054931641,240.4900054931641,238.8699951171875,239.97999572753903,13187.0,0.0,0.0,
2024-10-18,239.7100067138672,239.97000122070312,239.1100006103516,239.8099975585937,117328.0,0.0,0.0,
2024-10-21,239.6499938964844,240.1499938964844,239.0,239.0800018310547,15549.0,0.0,0.0,
2024-10-22,238.009994506836,240.07000732421875,238.009994506836,239.6300048828125,10682.0,0.0,0.0,
2024-10-23,238.509994506836,239.9900054931641,238.509994506836,239.3000030517578,6294.0,0.0,0.0,
2024-10-24,239.8999938964844,239.97999572753903,239.5,239.97000122070312,4731.0,0.0,0.0,
2024-10-25,240.1499938964844,241.19000244140625,239.07000732421875,239.3600006103516,18157.0,0.0,0.0,
2024-10-28,239.3600006103516,239.94000244140625,238.27999877929688,239.22999572753903,25508.0,0.0,0.0,
2024-10-29,239.22999572753903,239.9900054931641,238.8699951171875,239.22999572753903,11622.0,0.0,0.0,
2024-10-30,240.9100036621093,240.9100036621093,239.02999877929688,239.42999267578125,9006.0,0.0,0.0,
2024-10-31,239.4499969482422,239.8500061035156,239.259994506836,239.3800048828125,13182.0,0.0,0.0,
2024-11-01,239.3800048828125,239.3800048828125,239.3800048828125,239.3800048828125,0.0,0.0,0.0,
2024-11-04,239.0,240.0,237.0,239.4900054931641,16239.0,0.0,0.0,
2024-11-05,238.759994506836,239.94000244140625,238.759994506836,239.6000061035156,19596.0,0.0,0.0,
2024-11-06,239.0200042724609,240.0200042724609,239.0200042724609,239.8699951171875,9281.0,0.0,0.0,
2024-11-07,239.8699951171875,240.0,239.3999938964844,239.9900054931641,28355.0,0.0,0.0,
2024-11-08,240.1499938964844,240.97999572753903,240.0,240.9600067138672,16821.0,0.0,0.0,
2024-11-11,240.9900054931641,240.9900054931641,239.6100006103516,240.1300048828125,8270.0,0.0,0.0,
2024-11-12,240.1600036621093,240.97000122070312,240.1499938964844,240.25,11487.0,0.0,0.0,
2024-11-13,239.759994506836,240.2400054931641,239.009994506836,239.5599975585937,26651.0,0.0,0.0,
2024-11-14,239.5500030517578,239.9900054931641,239.009994506836,239.7899932861328,10189.0,0.0,0.0,
2024-11-18,239.7899932861328,241.25,238.5,240.6000061035156,14231.0,0.0,0.0,
2024-11-19,240.58999633789065,240.9900054931641,239.6100006103516,240.5,19642.0,0.0,0.0,
2024-11-20,240.5,240.5,240.5,240.5,0.0,0.0,0.0,
2024-11-21,239.52999877929688,240.5500030517578,239.5200042724609,239.8800048828125,21983.0,0.0,0.0,
2024-11-22,240.0,240.9499969482422,239.1600036621093,240.3300018310547,50061.0,0.0,0.0,
2024-11-25,240.4900054931641,241.3000030517578,239.8099975585937,240.6999969482422,28314.0,0.0,0.0,
2024-11-26,239.57000732421875,240.5,239.57000732421875,240.0,5117.0,0.0,0.0,
2024-11-27,239.6499938964844,240.69000244140625,239.6499938964844,240.32000732421875,11723.0,0.0,0.0,
2024-11-28,240.3099975585937,241.9499969482422,240.1199951171875,240.63999938964844,13132.0,0.0,0.0,
2024-11-29,240.6499938964844,241.3999938964844,240.42999267578125,241.259994506836,11982.0,0.0,0.0,
2024-12-02,243.9900054931641,243.9900054931641,241.1499938964844,242.259994506836,13721.0,0.0,0.0,
2024-12-03,243.25,243.2899932861328,242.33999633789065,243.2100067138672,14873.0,0.0,0.0,
2024-12-04,243.7100067138672,243.7100067138672,241.27999877929688,243.1100006103516,28477.0,0.0,0.0,
2024-12-05,243.1000061035156,243.63999938964844,242.17999267578125,243.5599975585937,4780.0,0.0,0.0,
2024-12-06,243.63999938964844,244.72000122070312,242.1499938964844,243.0,7454.0,0.0,0.0,
2024-12-09,243.0,243.08999633789065,242.17999267578125,242.3099975585937,25761.0,0.0,0.0,
2024-12-10,242.32000732421875,243.7700042724609,242.009994506836,242.44000244140625,20116.0,0.0,0.0,
2024-12-12,242.509994506836,243.8300018310547,242.4499969482422,242.8600006103516,6829.0,0.0,0.0,
2024-12-11,242.4199981689453,243.4600067138672,242.4199981689453,242.5500030517578,8279.0,0.0,0.0,
2024-12-13,243.7400054931641,243.7400054931641,242.509994506836,243.5200042724609,8584.0,0.0,0.0,
2024-12-16,242.8000030517578,243.0,242.52999877929688,242.5500030517578,5915.0,0.0,0.0,
2024-12-17,242.5200042724609,242.9900054931641,242.5200042724609,242.8600006103516,14035.0,0.0,0.0,
2024-12-18,243.8500061035156,243.8500061035156,242.42999267578125,242.82000732421875,7084.0,0.0,0.0,
2024-12-19,242.44000244140625,242.8999938964844,242.1999969482422,242.77999877929688,7632.0,0.0,0.0,
2024-12-20,242.7700042724609,242.9900054931641,241.3500061035156,241.72999572753903,5852.0,0.0,0.0,
2024-12-23,243.58999633789065,243.58999633789065,242.1999969482422,242.2899932861328,17324.0,0.0,0.0,
2024-12-24,242.2899932861328,242.3800048828125,241.6600036621093,242.27999877929688,9935.0,0.0,0.0,
2024-12-26,242.0,242.3600006103516,241.25,241.38999938964844,24178.0,0.0,0.0,
2024-12-27,241.6100006103516,242.7899932861328,241.3500061035156,241.92999267578125,6430.0,0.0,0.0,
2024-12-30,242.009994506836,242.69000244140625,241.8099975585937,242.6199951171875,13673.0,0.0,0.0,
2024-12-31,242.6100006103516,242.8000030517578,241.52999877929688,242.6999969482422,47808.0,0.0,0.0,
2025-01-01,242.4900054931641,242.8999938964844,241.9600067138672,242.5,6114.0,0.0,0.0,
2025-01-02,243.0,243.5,241.47999572753903,242.2700042724609,21560.0,0.0,0.0,
2025-01-03,242.25,242.8999938964844,241.3699951171875,242.82000732421875,53899.0,0.0,0.0,
2025-01-06,242.8099975585937,242.9199981689453,241.75,242.8500061035156,45931.0,0.0,0.0,
2025-01-07,244.42999267578125,244.42999267578125,241.8699951171875,243.4600067138672,40546.0,0.0,0.0,
2025-01-08,243.4600067138672,243.7899932861328,242.25,243.77999877929688,23667.0,0.0,0.0,
2025-01-09,244.44000244140625,244.4499969482422,242.009994506836,243.0500030517578,20100.0,0.0,0.0,
2025-01-10,242.509994506836,243.5,242.32000732421875,243.0800018310547,19954.0,0.0,0.0,
2025-01-13,242.9900054931641,243.08999633789065,241.3500061035156,242.5800018310547,44826.0,0.0,0.0,
2025-01-15,242.7899932861328,242.7899932861328,241.9100036621093,242.009994506836,2630.0,0.0,0.0,
2025-01-14,243.44000244140625,243.44000244140625,241.009994506836,242.259994506836,7998.0,0.0,0.0,
2025-01-16,242.9900054931641,244.83999633789065,242.009994506836,243.25,8769.0,0.0,0.0,
2025-01-17,243.3099975585937,243.9900054931641,243.1699981689453,243.8099975585937,10849.0,0.0,0.0,
2025-01-20,243.8099975585937,244.72999572753903,243.0,243.25,18612.0,0.0,0.0,
2025-01-21,244.2100067138672,245.0,243.6000061035156,243.6699981689453,26365.0,0.0,0.0,
2025-01-22,245.0,245.0,243.6699981689453,244.57000732421875,15796.0,0.0,0.0,
2025-01-23,244.5,244.5599975585937,244.009994506836,244.509994506836,8807.0,0.0,0.0,
2025-01-24,244.5,245.4900054931641,244.1199951171875,244.27999877929688,7928.0,0.0,0.0,
2025-01-27,245.5,246.4499969482422,244.3099975585937,245.4199981689453,15289.0,0.0,0.0,
2025-01-28,244.009994506836,247.17999267578125,244.009994506836,245.75,21515.0,0.0,0.0,
2025-01-29,245.7700042724609,246.8500061035156,244.8600006103516,245.58999633789065,21840.0,0.0,0.0,
2025-01-30,244.38999938964844,245.97000122070312,244.3800048828125,245.8099975585937,24123.0,0.0,0.0,
2025-01-31,244.5,246.8800048828125,244.5,246.07000732421875,14707.0,0.0,0.0,
2025-02-01,246.0,246.19000244140625,243.9199981689453,245.0200042724609,9329.0,0.0,0.0,
2025-02-03,245.02999877929688,246.63999938964844,245.02999877929688,246.3300018310547,22430.0,0.0,0.0,
2025-02-04,245.52999877929688,246.88999938964844,245.52999877929688,246.52999877929688,3535.0,0.0,0.0,
2025-02-05,245.509994506836,246.7899932861328,245.509994506836,246.47999572753903,5683.0,0.0,0.0,
2025-02-06,246.7899932861328,246.7899932861328,246.0800018310547,246.3099975585937,5050.0,0.0,0.0,
2025-02-07,246.5,246.9900054931641,245.8000030517578,245.8699951171875,7661.0,0.0,0.0,
2025-02-10,246.8500061035156,246.8600006103516,245.77999877929688,246.6300048828125,16997.0,0.0,0.0,
2025-02-11,246.6000061035156,247.0,245.8000030517578,246.6300048828125,5530.0,0.0,0.0,
2025-02-12,247.1000061035156,247.1100006103516,245.8999938964844,246.44000244140625,11149.0,0.0,0.0,
2025-02-13,246.4199981689453,254.3099975585937,245.9100036621093,247.2899932861328,18516.0,0.0,0.0,
2025-02-14,247.3000030517578,247.4900054931641,245.9900054931641,247.13999938964844,4475.0,0.0,0.0,
2025-02-17,247.1499938964844,247.9499969482422,246.009994506836,246.19000244140625,24459.0,0.0,0.0,
2025-02-18,247.0,247.1499938964844,246.1199951171875,246.97999572753903,6333.0,0.0,0.0,
