Date,Open,High,Low,Close,Volume,Dividends,Stock Splits,Adj Close
2015-03-25,188.9170532226562,188.9170532226562,188.9170532226562,188.9170532226562,0.0,0.0,0.0,
2015-03-26,186.0382690429688,186.0382690429688,186.0382690429688,186.0382690429688,0.0,0.0,0.0,
2015-03-27,185.4439392089844,185.4439392089844,185.4439392089844,185.4439392089844,25.0,0.0,0.0,
2015-03-30,188.8934173583984,188.8934173583984,188.8934173583984,188.8934173583984,0.0,0.0,0.0,
2015-03-31,188.3750762939453,188.3750762939453,188.3750762939453,188.3750762939453,10.0,0.0,0.0,
2015-04-01,188.6681976318359,188.6681976318359,188.6681976318359,188.6681976318359,5.0,0.0,0.0,
2015-04-06,192.8697052001953,192.8697052001953,192.8697052001953,192.8697052001953,0.0,0.0,0.0,
2015-04-07,192.3321386636835,192.3321386636835,191.8924546021165,192.1074066162109,51.0,0.0,0.0,
2015-04-08,196.3814086914063,196.3814086914063,196.3814086914063,196.3814086914062,0.0,0.0,0.0,
2015-04-09,196.6358489990234,196.6358489990234,196.6358489990234,196.6358489990234,0.0,0.0,0.0,
2015-04-10,196.8754119873047,196.8754119873047,196.8754119873047,196.8754119873047,25.0,0.0,0.0,
2015-04-13,197.3639365828067,197.9501720608441,196.8754119873047,196.8754119873047,46.0,0.0,0.0,
2015-04-15,180.7540912185688,200.0508117675781,180.7540912185688,200.0508117675781,126.0,0.0,0.0,
2015-04-16,198.0967138182404,198.3898315429687,198.0967138182404,198.3898315429688,35.0,0.0,0.0,
2015-04-17,197.0708208614166,197.3639386034363,196.1914825439453,196.1914825439453,95.0,0.0,0.0,
2015-04-20,189.7574005126953,189.7574005126953,189.7574005126953,189.7574005126953,0.0,0.0,0.0,
2015-04-21,190.2803192138672,190.2803192138672,190.2803192138672,190.2803192138672,25.0,0.0,0.0,
2015-04-22,190.5245915759651,190.5245915759651,189.0101623535156,189.0101623535156,11.0,0.0,0.0,
2015-04-23,189.1078679879193,189.5963925681472,189.1078679879193,189.4009857177734,55.0,0.0,0.0,
2015-04-24,189.7429488437099,189.7429488437099,188.7658996582031,188.7658996582031,45.0,0.0,0.0,
2015-04-27,187.5445788618286,224.7213015056815,186.9583583247918,187.1928405761719,90.0,0.0,0.0,
2015-04-28,183.4898376464844,183.4898376464844,183.0013130600499,183.4898376464844,25.0,0.0,0.0,
2015-04-29,184.1737656446653,184.4180279333187,184.1737656446653,184.3887176513672,115.0,0.0,0.0,
2015-04-30,186.7471313476562,186.7471313476562,186.7471313476562,186.7471313476562,0.0,0.0,0.0,
2015-05-04,187.25146484375,187.25146484375,187.25146484375,187.25146484375,25.0,0.0,0.0,
2015-05-05,215.9278697214806,223.7540283203125,190.6711423449223,223.7540283203125,56.0,0.0,0.0,
2015-05-06,223.6660953660887,223.6660953660887,222.6988113156863,222.7672119140625,133.0,0.0,0.0,
2015-05-07,214.8726496645785,220.8131103515625,214.8726496645785,220.8131103515625,109.0,0.0,0.0,
2015-05-08,184.2465515136719,184.2465515136719,184.2465515136719,184.2465515136719,0.0,0.0,0.0,
2015-05-11,188.3394165039063,188.3394165039063,188.3394165039063,188.3394165039062,0.0,0.0,0.0,
2015-05-12,184.7906646728515,184.7906646728515,184.7906646728515,184.7906646728516,0.0,0.0,0.0,
2015-05-13,214.9508209228516,214.9508209228516,214.9508209228516,214.9508209228516,35.0,0.0,0.0,
2015-05-14,219.8360595703125,219.8360595703125,219.8360595703125,219.8360595703125,6.0,0.0,0.0,
2015-05-15,170.9836081852988,215.9278709082917,170.9836081852988,215.4393463134766,85.0,0.0,0.0,
2015-05-18,215.9278745108359,215.9278745108359,155.3508237430901,215.7324676513672,41.0,0.0,0.0,
2015-05-19,215.9278717041016,229.6065604093388,215.9278717041016,215.9278717041016,242.0,0.0,0.0,
2015-05-20,224.7213144431826,224.7213144431826,215.9278717041016,215.9278717041016,85.0,0.0,0.0,
2015-05-21,214.950813679162,224.721305210033,191.9999237060547,191.9999237060547,98.0,0.0,0.0,
2015-05-22,193.6368713378906,193.6368713378906,193.6368713378906,193.6368713378906,0.0,0.0,0.0,
2015-05-25,193.5992584228516,193.5992584228516,193.5992584228516,193.5992584228516,0.0,0.0,0.0,
2015-05-26,193.3460083007812,193.3460083007812,193.3460083007812,193.3460083007812,0.0,0.0,0.0,
2015-05-27,192.0379486083984,192.0379486083984,192.0379486083984,192.0379486083984,0.0,0.0,0.0,
2015-05-28,190.6651916503906,190.6651916503906,190.6651916503906,190.6651916503906,0.0,0.0,0.0,
2015-05-29,193.3034973144531,193.3034973144531,193.3034973144531,193.3034973144531,0.0,0.0,0.0,
2015-06-01,192.6877746582032,192.6877746582032,192.6877746582032,192.6877746582031,0.0,0.0,0.0,
2015-06-02,188.7496795654297,188.7496795654297,188.7496795654297,188.7496795654297,0.0,0.0,0.0,
2015-06-03,186.3000183105469,186.3000183105469,186.3000183105469,186.3000183105469,0.0,0.0,0.0,
2015-06-04,186.6608428955078,186.6608428955078,186.6608428955078,186.6608428955078,0.0,0.0,0.0,
2015-06-05,187.1490783691406,187.1490783691406,187.1490783691406,187.1490783691406,0.0,0.0,0.0,
2015-06-08,184.6190185546875,184.6190185546875,184.6190185546875,184.6190185546875,0.0,0.0,0.0,
2015-06-09,184.2050323486328,184.2050323486328,184.2050323486328,184.2050323486328,0.0,0.0,0.0,
2015-06-10,186.0413970947266,186.0413970947266,186.0413970947266,186.0413970947266,0.0,0.0,0.0,
2015-06-11,183.2181091308594,183.2181091308594,183.2181091308594,183.2181091308594,0.0,0.0,0.0,
2015-06-12,183.6045379638672,183.6045379638672,183.6045379638672,183.6045379638672,0.0,0.0,0.0,
2015-06-15,183.8728332519531,183.8728332519531,183.8728332519531,183.8728332519531,0.0,0.0,0.0,
2015-06-16,159.747543334961,159.747543334961,159.747543334961,159.7475433349609,1.0,0.0,0.0,
2015-06-17,169.0295057906308,183.7829541670051,169.0295057906308,182.7570495605469,56.0,0.0,0.0,
2015-06-18,188.8540344238281,188.8540344238281,188.8540344238281,188.8540344238281,0.0,0.0,0.0,
2015-06-19,189.9080810546875,189.9080810546875,189.9080810546875,189.9080810546875,0.0,0.0,0.0,
2015-06-22,192.7734527587891,192.7734527587891,192.7734527587891,192.7734527587891,0.0,0.0,0.0,
2015-06-23,193.0218200683594,193.0218200683594,193.0218200683594,193.0218200683594,0.0,0.0,0.0,
2015-06-24,224.7213045554641,224.7213045554641,176.3573716185273,190.0849151611328,35.0,0.0,0.0,
2015-06-25,193.0454711914063,193.0454711914063,193.0454711914063,193.0454711914062,0.0,0.0,0.0,
2015-06-26,204.2032733278226,204.2032733278226,192.4786834716797,192.4786834716797,4.0,0.0,0.0,
2015-06-29,184.6134451102939,184.6623005524751,184.0760650634766,184.0760650634766,21.0,0.0,0.0,
2015-06-30,190.5245950087113,194.7747650146484,190.5245950087113,194.7747650146484,21.0,0.0,0.0,
2015-07-01,195.2285919189453,195.2285919189453,195.2285919189453,195.2285919189453,0.0,0.0,0.0,
2015-07-02,198.4875363853982,230.8767258811971,196.3868865966797,196.3868865966797,180.0,0.0,0.0,
2015-07-03,199.3180236816406,199.3180236816406,199.3180236816406,199.3180236816406,2.0,0.0,0.0,
2015-07-06,198.5526123046875,198.5526123046875,198.5526123046875,198.5526123046875,0.0,0.0,0.0,
2015-07-07,199.0737714472747,200.588200665769,158.7704925653111,198.0478668212891,605.0,0.0,0.0,
2015-07-08,195.9472198486328,195.9472198486328,195.9472198486328,195.9472198486328,24.0,0.0,0.0,
2015-07-09,198.340984970776,198.7317986821603,196.3868865966797,196.3868865966797,47.0,0.0,0.0,
2015-07-10,195.9472174442255,196.3868865966797,192.9672144420111,196.3868865966797,128.0,0.0,0.0,
2015-07-13,196.8754111902038,196.8754111902038,196.3868865966797,196.3868865966797,970.0,0.0,0.0,
2015-07-14,198.9760629216171,201.4186859130859,198.9760629216171,201.4186859130859,21.0,0.0,0.0,
2015-07-15,201.0767243932262,201.1255798339844,198.438694586746,201.1255798339844,32.0,0.0,0.0,
2015-07-16,200.9301504428748,200.9301504428748,200.2950744628907,200.2950744628906,50.0,0.0,0.0,
2015-07-17,190.5245887487092,204.496394905332,190.5245887487092,202.0537719726562,277.0,0.0,0.0,
2015-07-20,197.3639286374583,201.2721252441406,197.3639286374583,201.2721252441406,64.0,0.0,0.0,
2015-07-21,201.8583639358,206.8901611841642,201.3209839120458,203.2262268066406,117.0,0.0,0.0,
2015-07-22,201.46754095789,201.46754095789,200.9790163605583,201.1744232177734,25.0,0.0,0.0,
2015-07-23,204.0078647496121,206.0108184814453,204.0078647496121,206.0108184814453,100.0,0.0,0.0,
2015-07-24,201.3698425292969,201.3698425292969,201.3698425292969,201.3698425292969,1.0,0.0,0.0,
2015-07-27,198.7162628173828,198.7162628173828,198.7162628173828,198.7162628173828,0.0,0.0,0.0,
2015-07-28,198.20751953125,198.20751953125,198.20751953125,198.20751953125,0.0,0.0,0.0,
2015-07-29,198.7806449016222,200.8324540626731,198.2921203307612,200.0508117675781,339.0,0.0,0.0,
2015-07-30,200.7776489257812,200.7776489257812,200.7776489257812,200.7776489257812,0.0,0.0,0.0,
2015-07-31,204.1055603027343,204.1055603027343,204.1055603027343,204.1055603027344,25.0,0.0,0.0,
2015-08-03,205.0433502197265,205.0433502197265,205.0433502197265,205.0433502197266,0.0,0.0,0.0,
2015-08-04,205.1803295637789,208.2580285438006,205.1803295637789,205.9131164550781,39.0,0.0,0.0,
2015-08-05,208.6977061442547,211.2380250102922,208.5999952650048,209.3816375732422,22.0,0.0,0.0,
2015-08-06,211.0426245990998,211.3845977783203,211.0426245990998,211.3845977783203,70.0,0.0,0.0,
2015-08-07,211.9708217379797,216.2698471789455,211.9708217379797,214.2962036132812,418.0,0.0,0.0,
2015-08-10,212.9478687335489,214.120324783987,212.1173858642578,212.1173858642578,285.0,0.0,0.0,
2015-08-11,209.6259066528299,211.6288604736328,208.9908157343089,211.6288604736328,27.0,0.0,0.0,
2015-08-12,207.1344292990752,207.1344292990752,204.6918063120578,205.9326629638672,255.0,0.0,0.0,
2015-08-13,207.867214831876,207.867214831876,205.9131164550781,205.9131164550781,130.0,0.0,0.0,
2015-08-14,204.5452447618484,206.0108184814453,203.5193401764132,206.0108184814453,50.0,0.0,0.0,
2015-08-17,206.9390138232721,209.186229859454,206.3527783673684,206.9878692626953,254.0,0.0,0.0,
2015-08-18,209.5770424421444,210.0655670166016,208.990806989361,210.0655670166016,75.0,0.0,0.0,
2015-08-19,208.5511378540668,210.0655670166016,208.5511378540668,210.0655670166016,102.0,0.0,0.0,
2015-08-20,210.0655661290639,210.0655661290639,207.6717987060547,207.6717987060547,156.0,0.0,0.0,
2015-08-21,204.7895050048828,204.7895050048828,204.7895050048828,204.7895050048828,15.0,0.0,0.0,
2015-08-24,208.1114785835469,208.1114785835469,193.5534515380859,193.5534515380859,399.0,0.0,0.0,
2015-08-25,190.53435385465,193.0160671028139,185.6491079897779,192.7718048095703,55.0,0.0,0.0,
2015-08-26,195.3609746686993,197.7547421058043,191.9901580810547,191.9901580810547,140.0,0.0,0.0,
2015-08-27,196.0449158602437,197.5104896590751,194.0419769287109,194.0419769287109,100.0,0.0,0.0,
2015-08-28,198.0967254638672,198.0967254638672,198.0967254638672,198.0967254638672,21.0,0.0,0.0,
2015-08-31,198.3898448362426,198.4875408119737,196.8265601386669,197.1685333251953,77.0,0.0,0.0,
2015-09-01,196.9731163768051,198.5363860857272,192.9672088623047,192.9672088623047,362.0,0.0,0.0,
2015-09-02,194.3839271608422,196.2891700387779,192.9672088623047,192.9672088623047,307.0,0.0,0.0,
2015-09-03,192.4786834716797,192.4786834716797,192.4786834716797,192.4786834716797,50.0,0.0,0.0,
2015-09-04,190.8665647409326,191.0131161556222,190.2803292649996,190.9154052734375,106.0,0.0,0.0,
2015-09-07,190.5245936407798,190.5245936407798,186.372134548609,186.4209899902344,231.0,0.0,0.0,
2015-09-08,185.6491103810958,186.8606567382812,183.6852468852124,186.8606567382812,35.0,0.0,0.0,
2015-09-09,190.0346069335938,190.0346069335938,190.0346069335938,190.0346069335938,0.0,0.0,0.0,
2015-09-10,188.3750849489306,202.444587182217,188.1796780945825,190.651611328125,1021.0,0.0,0.0,
2015-09-11,191.0419311523438,191.0419311523438,191.0419311523438,191.0419311523438,0.0,0.0,0.0,
2015-09-14,194.0346374511719,194.0346374511719,194.0346374511719,194.0346374511719,0.0,0.0,0.0,
2015-09-15,192.3810729980469,192.3810729980469,192.3810729980469,192.3810729980469,0.0,0.0,0.0,
2015-09-16,191.599349975586,193.0649237441644,191.599349975586,191.5993499755859,104.0,0.0,0.0,
2015-09-18,193.2114715576172,193.2114715576172,193.2114715576172,193.2114715576172,1.0,0.0,0.0,
2015-09-21,192.806396484375,192.806396484375,192.806396484375,192.806396484375,0.0,0.0,0.0,
2015-09-22,192.9672088623047,192.9672088623047,192.9672088623047,192.9672088623047,1.0,0.0,0.0,
2015-09-23,189.4498223019227,190.7688446044922,189.4498223019227,190.7688446044922,20.0,0.0,0.0,
2015-09-24,190.866565853632,191.5016418657723,189.5475434793868,189.9774475097656,123.0,0.0,0.0,
2015-09-28,189.5475463867188,189.5475463867188,189.5475463867188,189.5475463867188,7.0,0.0,0.0,
2015-09-29,189.2544277494544,189.3032831913504,189.2544277494544,189.2935180664062,54.0,0.0,0.0,
2015-09-30,190.8665603034953,191.7947540283203,190.8665603034953,191.7947540283203,25.0,0.0,0.0,
2015-10-01,192.5763995062477,192.7229509199382,191.6970462983427,192.3223571777344,44.0,0.0,0.0,
2015-10-05,195.7029571533203,195.7029571533203,195.7029571533203,195.7029571533203,10.0,0.0,0.0,
2015-10-06,197.2662168309248,197.4616385872092,196.2891676838502,196.9731140136719,45.0,0.0,0.0,
2015-10-07,197.3639373779297,197.3639373779297,197.3639373779297,197.3639373779297,1.0,0.0,0.0,
2015-10-08,196.1426239013672,196.1426239013672,196.1426239013672,196.1426239013672,10.0,0.0,0.0,
2015-10-09,196.4845886230469,196.4845886230469,196.4845886230469,196.4845886230469,35.0,0.0,0.0,
2015-10-12,194.6770457065467,194.6770457065467,193.4557342529297,193.4557342529297,351.0,0.0,0.0,
2015-10-13,194.2373809814453,194.2373809814453,194.2373809814453,194.2373809814453,10.0,0.0,0.0,
2015-10-14,195.1917572021484,195.1917572021484,195.1917572021484,195.1917572021484,0.0,0.0,0.0,
2015-10-15,195.6116943359375,195.6116943359375,195.6116943359375,195.6116943359375,0.0,0.0,0.0,
2015-10-16,196.4357452392578,196.4357452392578,196.4357452392578,196.4357452392578,1.0,0.0,0.0,
2015-10-19,197.2621154785157,197.2621154785157,197.2621154785157,197.2621154785156,0.0,0.0,0.0,
2015-10-20,197.0219557693614,197.0219557693614,196.0449066162109,196.0449066162109,50.0,0.0,0.0,
2015-10-21,196.2891684964581,196.2891684964581,195.8006439208984,195.8006439208984,25.0,0.0,0.0,
2015-10-23,195.4003601074219,195.4003601074219,195.4003601074219,195.4003601074219,0.0,0.0,0.0,
2015-10-26,195.409839771412,197.8524627685547,195.409839771412,197.8524627685547,100.0,0.0,0.0,
2015-10-27,195.1260070800782,195.1260070800782,195.1260070800782,195.1260070800781,0.0,0.0,0.0,
2015-10-28,194.5800170898438,194.5800170898438,194.5800170898438,194.5800170898438,0.0,0.0,0.0,
2015-10-29,193.4566192626953,193.4566192626953,193.4566192626953,193.4566192626953,0.0,0.0,0.0,
2015-10-30,195.1167144775391,195.1167144775391,195.1167144775391,195.1167144775391,1.0,0.0,0.0,
2015-11-02,193.7847137451172,193.7847137451172,193.7847137451172,193.7847137451172,0.0,0.0,0.0,
2015-11-03,194.3350785437546,195.2144317626953,194.3350785437546,195.2144317626953,66.0,0.0,0.0,
2015-11-04,195.0116882324219,195.0116882324219,195.0116882324219,195.0116882324219,0.0,0.0,0.0,
2015-11-05,194.7747627057352,194.7747627057352,191.5016419437714,191.648193359375,100.0,0.0,0.0,
2015-11-06,191.8516235351562,191.8516235351562,191.8516235351562,191.8516235351562,0.0,0.0,0.0,
2015-11-09,192.6740899669634,194.1396636962891,192.6740899669634,194.1396636962891,100.0,0.0,0.0,
2015-11-10,189.4135894775391,189.4135894775391,189.4135894775391,189.4135894775391,0.0,0.0,0.0,
2015-11-13,189.6940913953544,191.1108246262172,189.4498291015625,189.4498291015625,135.0,0.0,0.0,
2015-11-16,188.8636113364127,189.2544250488281,188.7659004540152,189.2544250488281,22.0,0.0,0.0,
2015-11-17,189.0657501220703,189.0657501220703,189.0657501220703,189.0657501220703,0.0,0.0,0.0,
2015-11-18,188.1530914306641,188.1530914306641,188.1530914306641,188.1530914306641,0.0,0.0,0.0,
2015-11-19,189.4009857177734,189.4009857177734,189.4009857177734,189.4009857177734,5.0,0.0,0.0,
2015-11-20,191.6058959960937,191.6058959960937,191.6058959960937,191.6058959960938,0.0,0.0,0.0,
2015-11-23,192.3321284493901,192.3321284493901,191.8436038812266,192.1855621337891,31.0,0.0,0.0,
2015-11-24,192.185562133789,192.185562133789,192.185562133789,192.1855621337891,0.0,0.0,0.0,
2015-11-26,193.1137670772586,193.4068848169433,191.9901664684862,193.3091888427734,57.0,0.0,0.0,
2015-11-27,192.9672088623047,192.9672088623047,192.9672088623047,192.9672088623047,1.0,0.0,0.0,
2015-11-30,192.6740923433437,193.6999969482422,191.7458986183734,193.6999969482422,105.0,0.0,0.0,
2015-12-01,229.1180225699504,229.1180225699504,194.090805053711,194.0908050537109,2.0,0.0,0.0,
2015-12-02,194.2862396240234,194.2862396240234,194.2862396240234,194.2862396240234,5.0,0.0,0.0,
2015-12-03,194.2862396240234,194.2862396240234,194.2862396240234,194.2862396240234,0.0,0.0,0.0,
2015-12-04,194.2862396240234,194.2862396240234,194.2862396240234,194.2862396240234,0.0,0.0,0.0,
2015-12-07,192.8206618505073,193.7488555908203,192.8206618505073,193.7488555908203,124.0,0.0,0.0,
2015-12-08,193.7488555908203,193.7488555908203,193.7488555908203,193.7488555908203,0.0,0.0,0.0,
2015-12-09,188.5704834373762,188.5704834373762,186.9095028862255,187.1928405761719,56.0,0.0,0.0,
2015-12-10,186.8606567382812,186.8606567382812,186.8606567382812,186.8606567382812,1.0,0.0,0.0,
2015-12-11,186.8117980957032,186.8117980957032,186.8117980957032,186.8117980957031,1.0,0.0,0.0,
2015-12-14,186.8117980957032,186.8117980957032,186.8117980957032,186.8117980957031,0.0,0.0,0.0,
2015-12-15,188.0819702148438,188.0819702148438,188.0819702148438,188.0819702148438,75.0,0.0,0.0,
2015-12-16,190.2803192138672,190.2803192138672,190.2803192138672,190.2803192138672,5.0,0.0,0.0,
2015-12-17,190.2803192138672,190.2803192138672,190.2803192138672,190.2803192138672,0.0,0.0,0.0,
2015-12-18,191.8924440000475,193.1137554178395,191.8924440000475,191.9412994384766,30.0,0.0,0.0,
2015-12-21,193.9442604486667,194.4327850341797,193.9442604486667,194.4327850341797,26.0,0.0,0.0,
2015-12-22,194.4327850341797,194.4327850341797,194.4327850341797,194.4327850341797,0.0,0.0,0.0,
2015-12-23,193.9931214870323,194.0419769287109,193.9931214870323,194.0419769287109,20.0,0.0,0.0,
2015-12-24,194.0419769287109,194.0419769287109,194.0419769287109,194.0419769287109,0.0,0.0,0.0,
2015-12-28,195.3121281335929,195.8006527311342,195.3121281335929,195.4586944580078,20.0,0.0,0.0,
2015-12-29,195.4586944580078,195.4586944580078,195.4586944580078,195.4586944580078,0.0,0.0,0.0,
2015-12-30,196.8265533447266,196.8265533447266,196.8265533447266,196.8265533447266,1.0,0.0,0.0,
2015-12-31,195.7518005371094,195.7518005371094,195.7518005371094,195.7518005371094,10.0,0.0,0.0,
2016-01-01,197.0708128198294,198.6829528808594,197.0708128198294,198.6829528808594,130.0,0.0,0.0,
2016-01-04,197.5593461933634,197.5593461933634,194.4327917202824,197.1587524414062,343.0,0.0,0.0,
2016-01-05,197.3150759367571,197.5593382280649,197.0708136454492,197.5104827880859,35.0,0.0,0.0,
2016-01-06,197.3639373779297,197.3639373779297,197.3639373779297,197.3639373779297,100.0,0.0,0.0,
2016-01-07,193.4557309831892,193.4557309831892,191.5016326904297,191.5016326904297,66.0,0.0,0.0,
2016-01-08,191.5016326904297,191.5016326904297,191.5016326904297,191.5016326904297,0.0,0.0,0.0,
2016-01-11,191.1596627227675,191.5993467728612,191.1596627227675,191.5504913330078,60.0,0.0,0.0,
2016-01-12,190.4268802817612,191.0131157564692,190.1826179853975,190.671142578125,65.0,0.0,0.0,
2016-01-13,187.1049218439326,187.1049218439326,186.6652526855469,186.6652526855469,51.0,0.0,0.0,
2016-01-14,185.6393396992701,187.593438011894,185.3950774101921,187.25146484375,49.0,0.0,0.0,
2016-01-15,184.6622900909688,185.1019592285156,184.6134346515554,185.1019592285156,30.0,0.0,0.0,
2016-01-18,180.7638560546443,180.7638560546443,177.4321298172111,177.6861572265625,100.0,0.0,0.0,
2016-01-19,177.3344304298868,179.5327911376953,177.0413126871281,179.5327911376953,33.0,0.0,0.0,
2016-01-20,176.6505003567897,177.9206673129962,174.9406642372854,177.6470947265625,350.0,0.0,0.0,
2016-01-21,177.9206635911267,177.9695041237921,174.2567291259766,174.2567291259766,116.0,0.0,0.0,
2016-01-22,175.1360677849757,178.751146816114,175.1360677849757,178.3114776611328,106.0,0.0,0.0,
2016-01-25,180.5586945880828,181.4380329019515,178.8000030517578,178.8000030517578,135.0,0.0,0.0,
2016-01-27,179.1908111572266,179.1908111572266,179.1908111572266,179.1908111572266,50.0,0.0,0.0,
2016-01-28,178.6045897955537,178.7022857666015,178.6045897955537,178.7022857666016,41.0,0.0,0.0,
2016-01-29,179.9724578857422,179.9724578857422,179.9724578857422,179.9724578857422,27.0,0.0,0.0,
2016-02-01,180.1678566988788,182.8059013219969,180.1678566988788,180.5586853027344,160.0,0.0,0.0,
2016-02-02,180.5586853027344,180.5586853027344,180.5586853027344,180.5586853027344,0.0,0.0,0.0,
2016-02-03,176.9924468994141,176.9924468994141,176.9924468994141,176.9924468994141,35.0,0.0,0.0,
2016-02-04,177.9206599297028,177.9206599297028,175.8688507080078,175.8688507080078,64.0,0.0,0.0,
2016-02-05,178.5068825136455,178.9954071044922,178.5068825136455,178.9954071044922,80.0,0.0,0.0,
2016-02-08,178.9954071044922,178.9954071044922,178.9954071044922,178.9954071044922,0.0,0.0,0.0,
2016-02-09,177.7252308932381,177.7252308932381,176.943603515625,176.943603515625,47.0,0.0,0.0,
2016-02-10,173.475082397461,173.475082397461,173.475082397461,173.4750823974609,1.0,0.0,0.0,
2016-02-11,172.6445899375702,173.4262322760248,169.2737731933594,169.2737731933594,60.0,0.0,0.0,
2016-02-12,164.1442583089801,168.9317932128906,164.1442583089801,168.9317932128906,264.0,0.0,0.0,
2016-02-15,173.4262245692564,194.423016223634,171.8140994310614,173.9147491455078,305.0,0.0,0.0,
2016-02-16,172.1560608400502,172.1560608400502,171.1790116696656,172.0583648681641,117.0,0.0,0.0,
2016-02-17,167.3685274719404,167.5639343261719,166.0983605565552,167.5639343261719,68.0,0.0,0.0,
2016-02-18,171.7163989693778,171.9606612723214,170.0065628487723,170.9836120605469,43.0,0.0,0.0,
2016-02-19,170.9836120605468,170.9836120605468,170.9836120605468,170.9836120605469,0.0,0.0,0.0,
2016-02-22,170.9836120605468,170.9836120605468,170.9836120605468,170.9836120605469,0.0,0.0,0.0,
2016-02-23,171.9606612723214,171.9606612723214,170.9836120605468,170.9836120605469,23.0,0.0,0.0,
2016-02-24,169.078369140625,169.078369140625,169.078369140625,169.078369140625,25.0,0.0,0.0,
2016-02-25,168.0524593170033,168.3455770533434,167.8081970214843,167.8081970214844,73.0,0.0,0.0,
2016-02-26,168.5409890922365,169.7623006073977,168.5409890922365,169.078369140625,385.0,0.0,0.0,
2016-02-29,168.8829622799168,171.4721367286233,168.0524644861721,169.078369140625,474.0,0.0,0.0,
2016-03-01,169.078369140625,169.078369140625,169.078369140625,169.078369140625,0.0,0.0,0.0,
2016-03-02,178.8488500464624,181.0960660751556,178.8488500464624,179.1419677734375,205.0,0.0,0.0,
2016-03-03,178.4091921382713,178.6045989990234,178.4091921382713,178.6045989990234,2.0,0.0,0.0,
2016-03-04,178.6045977679883,180.4121298532219,178.6045977679883,179.7770538330078,94.0,0.0,0.0,
2016-03-08,179.7770538330078,179.7770538330078,179.7770538330078,179.7770538330078,2.0,0.0,0.0,
2016-03-09,178.2626162454868,182.0242614746094,176.0154001959559,182.0242614746094,355.0,0.0,0.0,
2016-03-10,180.021314548013,182.3173861244078,178.8000030517578,178.8000030517578,127.0,0.0,0.0,
2016-03-11,181.1449127197266,181.1449127197266,181.1449127197266,181.1449127197266,1.0,0.0,0.0,
2016-03-14,181.7311401367188,181.7311401367188,181.7311401367188,181.7311401367188,57.0,0.0,0.0,
2016-03-15,180.1678619384766,180.1678619384766,180.1678619384766,180.1678619384766,25.0,0.0,0.0,
2016-03-16,177.8229542849886,177.8229542849886,177.1390228271484,177.1390228271484,50.0,0.0,0.0,
2016-03-17,181.5845935418151,181.5845935418151,179.1908111572266,179.1908111572266,7.0,0.0,0.0,
2016-03-18,181.4868850951252,181.4868850951252,180.6563873291016,180.6563873291016,29.0,0.0,0.0,
2016-03-21,181.5357357801407,185.1019592285156,181.4868803407273,185.1019592285156,127.0,0.0,0.0,
2016-03-22,185.1019677258093,185.6393477668519,182.8547515869141,182.8547515869141,93.0,0.0,0.0,
2016-03-23,182.8547515869141,182.8547515869141,182.8547515869141,182.8547515869141,0.0,0.0,0.0,
2016-03-28,186.2255816292437,186.2255816292437,181.8777008056641,181.8777008056641,11.0,0.0,0.0,
2016-03-29,182.7081970252881,182.7081970252881,179.5327871839395,180.4219055175781,210.0,0.0,0.0,
2016-03-30,182.3662199285209,203.216460353793,151.4523850722982,171.56005859375,1094.0,0.0,0.0,
2016-03-31,186.1278730373054,187.3003290983425,182.3662276450324,186.9095153808594,424.0,0.0,0.0,
2016-04-01,186.9095153808593,186.9095153808593,186.9095153808593,186.9095153808594,0.0,0.0,0.0,
2016-04-04,185.1508178710938,185.1508178710938,185.1508178710938,185.1508178710938,37.0,0.0,0.0,
2016-04-05,184.9065563700879,187.8865593355769,175.184920060485,183.7341003417969,1213.0,0.0,0.0,
2016-04-06,183.7341003417969,183.7341003417969,183.7341003417969,183.7341003417969,0.0,0.0,0.0,
2016-04-07,183.7341051234511,184.760009765625,183.7341051234511,184.760009765625,31.0,0.0,0.0,
2016-04-08,184.760009765625,184.760009765625,184.760009765625,184.760009765625,0.0,0.0,0.0,
2016-04-11,184.3203277587891,184.3203277587891,184.3203277587891,184.3203277587891,25.0,0.0,0.0,
2016-04-12,184.3203277587891,184.3203277587891,184.3203277587891,184.3203277587891,0.0,0.0,0.0,
2016-04-13,184.3203277587891,184.3203277587891,184.3203277587891,184.3203277587891,0.0,0.0,0.0,
2016-04-18,192.0390118808305,196.1914707351741,189.3032713009573,191.0131072998047,648.0,0.0,0.0,
2016-04-20,192.7718112544287,193.11376953125,192.7718112544287,193.11376953125,35.0,0.0,0.0,
2016-04-21,193.3091812165913,195.1655686470458,192.2832766224614,192.4786834716797,379.0,0.0,0.0,
2016-04-22,193.3580197622512,193.3580197622512,191.110818656432,193.1626129150391,51.0,0.0,0.0,
2016-04-25,193.1626129150391,193.1626129150391,193.1626129150391,193.1626129150391,0.0,0.0,0.0,
2016-04-26,191.8436179623379,199.3082733154297,191.8436179623379,199.3082733154297,101.0,0.0,0.0,
2016-04-27,199.3082733154297,199.3082733154297,199.3082733154297,199.3082733154297,1.0,0.0,0.0,
2016-04-28,194.4327924002122,199.3082733154297,194.4327924002122,199.3082733154297,2.0,0.0,0.0,
2016-04-29,190.4268719244428,193.0160610974188,190.4268719244428,192.9183502197266,190.0,0.0,0.0,
2016-05-02,192.9183542316208,193.4557342529297,192.9183542316208,193.4557342529297,23.0,0.0,0.0,
2016-05-03,194.3350741536422,194.4327850341797,193.8465495681292,194.4327850341797,254.0,0.0,0.0,
2016-05-04,190.5734389830863,192.3809709587367,190.5734389830863,191.5016326904297,120.0,0.0,0.0,
2016-05-05,190.8177008619032,191.2573699951172,190.4268722590344,191.2573699951172,61.0,0.0,0.0,
2016-05-06,191.2085189419312,193.6022864186345,190.0360629236058,190.1337738037109,184.0,0.0,0.0,
2016-05-09,190.8665618896484,190.8665618896484,190.8665618896484,190.8665618896484,1.0,0.0,0.0,
2016-05-10,193.602294921875,193.602294921875,193.602294921875,193.602294921875,15.0,0.0,0.0,
2016-05-11,192.8695059627757,194.0419769287109,192.8695059627757,194.0419769287109,41.0,0.0,0.0,
2016-05-12,194.9701650599614,194.9701650599614,194.4327850341797,194.4327850341797,26.0,0.0,0.0,
2016-05-13,194.4327786172679,197.6081883183037,194.4327786172679,196.4748077392578,136.0,0.0,0.0,
2016-05-16,197.3639317279499,197.3639317279499,193.3580241799378,193.9442596435547,50.0,0.0,0.0,
2016-05-17,195.4098387181341,195.4098387181341,191.648193359375,191.648193359375,255.0,0.0,0.0,
2016-05-18,191.648193359375,191.648193359375,191.648193359375,191.648193359375,0.0,0.0,0.0,
2016-05-19,194.9213173763624,194.9213173763624,191.6970520019531,191.6970520019531,6.0,0.0,0.0,
2016-05-20,192.5764007568359,192.5764007568359,192.5764007568359,192.5764007568359,10.0,0.0,0.0,
2016-05-23,191.5016326904297,191.5016326904297,191.5016326904297,191.5016326904297,119.0,0.0,0.0,
2016-05-24,190.0360565185547,190.0360565185547,190.0360565185547,190.0360565185547,20.0,0.0,0.0,
2016-05-25,191.9413106324115,193.0649261474609,191.9413106324115,193.0649261474609,50.0,0.0,0.0,
2016-05-26,193.2603302001953,193.2603302001953,193.2603302001953,193.2603302001953,1.0,0.0,0.0,
2016-05-27,194.4327850341797,194.4327850341797,194.4327850341797,194.4327850341797,51.0,0.0,0.0,
2016-05-30,194.4327802678432,196.9731140136718,194.4327802678432,196.9731140136719,112.0,0.0,0.0,
2016-05-31,196.6800027299474,197.6570519090246,195.4098358154297,195.4098358154297,65.0,0.0,0.0,
2016-06-01,197.3639373779297,197.3639373779297,197.3639373779297,197.3639373779297,2.0,0.0,0.0,
2016-06-02,196.3868901913731,196.6800079345703,196.3868901913731,196.6800079345703,52.0,0.0,0.0,
2016-06-03,197.9501611799379,197.9501611799379,197.3639257341246,197.6570434570312,2.0,0.0,0.0,
2016-06-06,195.4098361116196,212.3127899169922,194.5304978125523,212.3127899169922,300.0,0.0,0.0,
2016-06-07,197.4616482608587,197.4616482608587,197.3639373779297,197.3639373779297,29.0,0.0,0.0,
2016-06-08,198.3409885533181,219.8360710566334,196.0449169588471,198.5852508544922,1496.0,0.0,0.0,
2016-06-09,198.9272191762243,203.0308227539062,198.9272191762243,203.0308227539062,102.0,0.0,0.0,
2016-06-10,197.6081954216546,197.9501685959552,197.6081954216546,197.7742919921875,25.0,0.0,0.0,
2016-06-13,195.5563888242538,199.3180341578242,190.0360668808667,196.3868865966797,626.0,0.0,0.0,
2016-06-14,196.2403264798815,210.8960636357027,193.4557304568407,200.2950744628906,225.0,0.0,0.0,
2016-06-15,195.8983631671254,199.0249176025391,195.8983631671254,199.0249176025391,92.0,0.0,0.0,
2016-06-16,197.363927709067,197.363927709067,196.1914717142948,196.9731140136719,33.0,0.0,0.0,
2016-06-17,196.9731140136718,196.9731140136718,196.9731140136718,196.9731140136719,0.0,0.0,0.0,
2016-06-20,197.3639373779297,197.3639373779297,197.3639373779297,197.3639373779297,25.0,0.0,0.0,
2016-06-21,198.6829581496778,200.3439387859422,196.3868865966797,196.3868865966797,104.0,0.0,0.0,
2016-06-22,197.3639373779297,197.3639373779297,197.3639373779297,197.3639373779297,25.0,0.0,0.0,
2016-06-23,196.8754043598236,196.8754043598236,196.0449066162109,196.0449066162109,21.0,0.0,0.0,
2016-06-24,192.8206618505073,208.2580269847762,189.8406588664814,193.7488555908203,615.0,0.0,0.0,
2016-06-27,198.0967254638672,198.0967254638672,198.0967254638672,198.0967254638672,1.0,0.0,0.0,
2016-06-28,199.3180373619343,214.7554177471742,197.8524635578024,198.3409881591797,67.0,0.0,0.0,
2016-06-29,198.7806453084051,200.2950744628907,196.7288510517422,200.2950744628906,516.0,0.0,0.0,
2016-06-30,202.6399917229689,202.6399917229689,201.5652465820312,201.5652465820312,72.0,0.0,0.0,
2016-07-01,204.6429479378692,204.9360656738281,204.398685642668,204.9360656738281,106.0,0.0,0.0,
2016-07-04,204.9360703529042,214.9508246848102,199.0737751342276,214.5307006835938,1229.0,0.0,0.0,
2016-07-05,207.6229465087528,210.1632802882947,207.6229465087528,209.6259002685547,160.0,0.0,0.0,
2016-07-07,209.5281990787491,209.5281990787491,206.5970514630746,208.1114807128906,97.0,0.0,0.0,
2016-07-08,206.6459045410156,206.6459045410156,206.6459045410156,206.6459045410156,5.0,0.0,0.0,
2016-07-11,206.597049047071,210.4563903808594,206.597049047071,210.4563903808594,137.0,0.0,0.0,
2016-07-12,213.9737685317293,213.9737685317293,211.2380278701542,212.9967193603516,171.0,0.0,0.0,
2016-07-13,213.4363880806768,213.4363880806768,210.8472137451172,210.8472137451172,8.0,0.0,0.0,
2016-07-14,212.9967177430605,212.9967177430605,211.2380262662169,212.0196685791016,452.0,0.0,0.0,
2016-07-15,212.996718553565,213.3386917256868,212.5081939697265,212.5081939697266,501.0,0.0,0.0,
2016-07-18,215.6836074193864,215.6836074193864,212.8013153076172,212.8013153076172,705.0,0.0,0.0,
2016-07-19,213.8760560271888,213.8760560271888,211.4822885572067,212.0196685791016,236.0,0.0,0.0,
2016-07-20,213.9737749627416,214.3157481464367,213.0944366455078,213.0944366455078,35.0,0.0,0.0,
2016-07-21,215.8790061879594,215.8790061879594,215.2927856445312,215.2927856445312,55.0,0.0,0.0,
2016-07-22,214.5600107583679,217.149185180664,195.7518136167356,217.1491851806641,1687.0,0.0,0.0,
2016-07-25,217.198038979313,219.9826202392578,217.198038979313,219.9826202392578,56.0,0.0,0.0,
2016-07-26,219.9826163382211,220.813114102484,219.9337758062188,220.3929901123047,124.0,0.0,0.0,
2016-07-27,219.8360701729467,220.373450215087,219.7872147311908,220.0021667480469,142.0,0.0,0.0,
2016-07-28,220.031475212423,221.3993530273437,220.031475212423,221.3993530273438,130.0,0.0,0.0,
2016-07-29,222.3763914032049,224.7213033881685,221.7901559526706,222.4252319335938,1268.0,0.0,0.0,
2016-08-01,222.425238739356,224.8190211451269,222.425238739356,222.7672119140625,160.0,0.0,0.0,
2016-08-02,222.7672133673018,222.7672133673018,220.6177081498611,220.6470184326172,166.0,0.0,0.0,
2016-08-03,220.7154037210207,220.7154037210207,217.8331116227508,218.4975128173828,121.0,0.0,0.0,
2016-08-04,218.4682030823099,219.9337768554688,218.3216367598417,219.9337768554688,126.0,0.0,0.0,
2016-08-05,221.3504919889363,221.9367125445755,221.3504919889363,221.7901611328125,133.0,0.0,0.0,
2016-08-08,224.2816363000566,225.3075408935547,223.548849434499,225.3075408935547,152.0,0.0,0.0,
2016-08-09,224.5747612643184,225.3563886858961,224.0373812305431,224.2327880859375,147.0,0.0,0.0,
2016-08-10,224.4770512804124,224.4770512804124,219.2498321533203,219.2498321533203,120.0,0.0,0.0,
2016-08-11,220.3245889557419,220.3245889557419,218.9567260742188,218.9567260742188,51.0,0.0,0.0,
2016-08-12,220.6177102748371,223.8419755863478,220.6177102748371,223.0603332519531,170.0,0.0,0.0,
2016-08-16,223.0603332519531,223.0603332519531,223.0603332519531,223.0603332519531,0.0,0.0,0.0,
2016-08-17,223.0603300567156,225.0144284104169,223.0603300567156,224.9167175292969,122.0,0.0,0.0,
2016-08-18,227.652450970387,227.8967132568359,226.2357326907007,227.8967132568359,316.0,0.0,0.0,
2016-08-19,226.8708158897802,226.8708158897802,226.8219604492188,226.8219604492188,265.0,0.0,0.0,
2016-08-22,226.6754092837966,226.6754092837966,225.5029532519772,225.8742218017578,117.0,0.0,0.0,
2016-08-23,224.7701661162042,225.6006489713749,223.9885237930062,224.9167175292969,240.0,0.0,0.0,
2016-08-24,226.9685211181641,226.9685211181641,226.9685211181641,226.9685211181641,10.0,0.0,0.0,
2016-08-25,227.6524561892994,227.6524561892994,225.6006469726562,225.6006469726562,17.0,0.0,0.0,
2016-08-26,226.5288543701172,226.5288543701172,226.5288543701172,226.5288543701172,50.0,0.0,0.0,
2016-08-29,225.8937630652114,226.6754053758109,224.0373756225512,226.2845916748047,313.0,0.0,0.0,
2016-08-30,227.4570561574857,227.8478698730468,226.1868892190307,227.8478698730469,189.0,0.0,0.0,
2016-08-31,229.3134311246756,229.3134311246756,227.6524505615234,227.6524505615234,33.0,0.0,0.0,
2016-09-01,228.7760511137357,228.7760511137357,227.6524505615234,227.6524505615234,3.0,0.0,0.0,
2016-09-02,227.4081878662109,227.4081878662109,227.4081878662109,227.4081878662109,400.0,0.0,0.0,
2016-09-06,230.5347490745492,231.5606536865234,230.4370531025342,231.5606536865234,772.0,0.0,0.0,
2016-09-07,232.4888514317081,233.0750869082679,232.0980377197266,232.0980377197266,64.0,0.0,0.0,
2016-09-08,225.9914795051448,233.5147552490234,224.8190234646914,233.5147552490234,960.0,0.0,0.0,
2016-09-09,232.6842546879432,233.8078701825353,232.2934409820077,233.7101593017578,323.0,0.0,0.0,
2016-09-12,226.4800057991321,228.287537860072,225.2098388671875,225.2098388671875,303.0,0.0,0.0,
2016-09-14,225.7472184859617,227.4081991283827,225.7472184859617,226.8708190917969,128.0,0.0,0.0,
2016-09-15,227.3104858398438,227.3104858398438,227.3104858398438,227.3104858398438,1.0,0.0,0.0,
2016-09-16,229.0203251038505,229.2645874023438,228.4341045326192,229.2645874023438,40.0,0.0,0.0,
2016-09-19,227.7990132166811,229.0203247070312,227.7501726839371,229.0203247070312,210.0,0.0,0.0,
2016-09-20,227.8967176412766,229.46000226806,226.7731170654297,226.7731170654297,226.0,0.0,0.0,
2016-09-21,227.6524557554233,227.6524557554233,227.0173797607422,227.0173797607422,21.0,0.0,0.0,
2016-09-22,229.7042658039727,229.7042658039727,229.3622926310773,229.4111480712891,142.0,0.0,0.0,
2016-09-23,230.1927947998047,230.1927947998047,230.1927947998047,230.1927947998047,25.0,0.0,0.0,
2016-09-26,230.6813137851936,233.514750399832,230.5836029052735,230.5836029052734,24.0,0.0,0.0,
2016-09-27,230.2904867647075,230.8767222311032,229.6554107666016,229.6554107666016,105.0,0.0,0.0,
2016-09-28,229.9485328999684,231.1698443878404,229.9485328999684,230.4370574951172,28.0,0.0,0.0,
2016-09-29,232.2445875941451,232.3422984757861,222.2786889188419,225.6495056152344,437.0,0.0,0.0,
2016-09-30,225.6983634398753,227.1150817871093,225.063287428263,227.1150817871094,423.0,0.0,0.0,
2016-10-03,228.2875333942721,231.804916381836,227.652457395017,231.8049163818359,968.0,0.0,0.0,
2016-10-04,233.3193419806318,235.0780334472656,233.3193419806318,235.0780334472656,34.0,0.0,0.0,
2016-10-05,235.0780434902526,235.9085263651241,235.0780434902526,235.7131195068359,120.0,0.0,0.0,
2016-10-06,237.3252394393539,238.8396686473962,235.4688519640679,238.0091857910156,506.0,0.0,0.0,
2016-10-07,235.9573822021484,235.9573822021484,235.9573822021484,235.9573822021484,19.0,0.0,0.0,
2016-10-10,236.445893966612,237.4229431152343,236.445893966612,237.4229431152344,101.0,0.0,0.0,
2016-10-13,244.2622881110997,244.2622881110997,228.3363839445386,233.1532440185547,1077.0,0.0,0.0,
2016-10-14,231.4629388340682,234.8826108762432,230.8767182862761,234.5895080566406,260.0,0.0,0.0,
2016-10-17,239.3770528284153,239.3770528284153,232.2445907216062,233.0750885009766,212.0,0.0,0.0,
2016-10-18,233.8078649388442,234.9803209389428,231.267531181475,234.1009826660156,270.0,0.0,0.0,
2016-10-19,236.5924453754706,238.4488477030052,236.5924453754706,237.4229431152344,64.0,0.0,0.0,
2016-10-20,238.1068830239695,238.3022898789412,235.126880032743,235.1757354736328,78.0,0.0,0.0,
2016-10-21,236.5924497994264,240.1098327636719,236.5924497994264,240.1098327636719,104.0,0.0,0.0,
2016-10-24,238.3022862416314,241.9662206236281,234.5406558879337,240.3540954589844,1671.0,0.0,0.0,
2016-10-25,237.1298377075038,254.0327918384736,234.8826215672151,241.1846008300781,813.0,0.0,0.0,
2016-10-26,236.5924517777503,241.3311462402343,236.5924517777503,241.3311462402344,124.0,0.0,0.0,
2016-10-27,232.5377012349792,237.2275402079903,230.2904851741002,230.5836029052734,250.0,0.0,0.0,
2016-10-28,233.954414301564,252.9091766202624,232.0003160156314,232.8796691894531,797.0,0.0,0.0,
2016-11-01,255.9868777190917,255.9868777190917,234.5406518231981,246.7146759033203,463.0,0.0,0.0,
2016-11-02,248.1704947392273,251.9321400914262,232.1468939557201,232.5865631103516,1476.0,0.0,0.0,
2016-11-03,234.4917945487994,251.8344168539711,228.6294996850795,229.7921905517578,3104.0,0.0,0.0,
2016-11-04,230.5836045164434,230.5836045164434,223.939667167303,226.0891723632812,1055.0,0.0,0.0,
2016-11-07,239.3672811946792,245.9232727675125,227.261642591448,234.4038696289062,2445.0,0.0,0.0,
2016-11-08,234.4918046093404,247.2911549077019,226.2845974114485,238.0384979248047,6512.0,0.0,0.0,
2016-11-09,224.7213155495081,249.1475455005416,209.9190261626169,229.0398712158203,6977.0,0.0,0.0,
2016-11-10,227.3593355820171,230.4370493680622,224.7213058429693,225.5518035888672,1965.0,0.0,0.0,
2016-11-11,228.6295005476358,228.6295005476358,219.0055604799523,219.8165130615234,1965.0,0.0,0.0,
2016-11-15,218.4682066878889,222.5229548971126,209.0885284214362,210.2316741943359,4113.0,0.0,0.0,
2016-11-16,212.9967174744353,213.7295043464803,209.0885208235282,211.0621643066406,954.0,0.0,0.0,
2016-11-17,211.5311471916693,212.6547477837559,209.9678625422913,212.0685272216797,457.0,0.0,0.0,
2016-11-18,211.9708216000268,212.0685324837577,211.6777038574219,211.6777038574219,50.0,0.0,0.0,
2016-11-21,211.0426209152577,211.0426209152577,196.5822902041614,202.2882537841797,5228.0,0.0,0.0,
2016-11-22,202.2980284766286,209.7724484732811,202.2980284766286,209.5770416259766,464.0,0.0,0.0,
2016-11-23,211.0426226023121,212.5081963703837,210.163284304904,212.0685272216797,236.0,0.0,0.0,
2016-11-24,212.019671380023,213.6806519989786,211.8242645263672,211.8242645263672,2109.0,0.0,0.0,
2016-11-25,211.8242680742479,216.5141071834753,211.8242680742479,215.9278717041016,583.0,0.0,0.0,
2016-11-28,215.9278730177501,220.2757389723628,215.9278730177501,217.8526611328125,347.0,0.0,0.0,
2016-11-29,219.5429499098831,219.5429499098831,217.3445892333984,217.3445892333984,245.0,0.0,0.0,
2016-11-30,218.8590215907827,221.4970514585969,218.8590215907827,221.2039337158203,1933.0,0.0,0.0,
2016-12-01,221.2039305322575,221.7901660093737,218.9567293233497,219.2498321533203,2449.0,0.0,0.0,
2016-12-02,219.8360688807601,219.8360688807601,215.7813206848388,216.1721343994141,537.0,0.0,0.0,
2016-12-05,215.8790130615235,215.8790130615235,215.8790130615235,215.8790130615234,8.0,0.0,0.0,
2016-12-06,218.810154977267,219.8360595703125,218.810154977267,219.8360595703125,188.0,0.0,0.0,
2016-12-07,219.836070885819,233.5147597409366,217.3934478759766,217.3934478759766,442.0,0.0,0.0,
2016-12-08,220.8131103515625,220.8131103515625,220.8131103515625,220.8131103515625,7.0,0.0,0.0,
2016-12-09,221.7901567047977,221.7901567047977,220.8131075563184,221.0085144042969,297.0,0.0,0.0,
2016-12-12,221.7901590229966,221.9367104333656,218.0285137985991,219.1423492431641,413.0,0.0,0.0,
2016-12-13,219.1521264478243,220.5199892889038,215.9278612840376,216.9537658691406,202.0,0.0,0.0,
2016-12-14,217.3445868296378,217.8819668596638,215.4881993534612,215.8790130615234,275.0,0.0,0.0,
2016-12-15,217.881966049142,217.881966049142,212.8501687607693,215.3904876708984,64.0,0.0,0.0,
2016-12-16,213.3386945378486,214.6088465457016,212.8013145068253,214.2180328369141,73.0,0.0,0.0,
2016-12-19,213.9737685317293,214.755410850549,212.9967193603516,212.9967193603516,225.0,0.0,0.0,
2016-12-20,212.0196669543231,212.5081915325589,211.0426177978516,211.0426177978516,294.0,0.0,0.0,
2016-12-21,211.9219524459303,211.9219524459303,210.7494964599609,210.7494964599609,122.0,0.0,0.0,
2016-12-22,211.0426152738502,211.0426152738502,207.6717987060547,207.6717987060547,792.0,0.0,0.0,
2016-12-23,207.0855712890625,207.0855712890625,207.0855712890625,207.0855712890625,25.0,0.0,0.0,
2016-12-26,205.1803255481881,206.3527815696031,203.2262272096339,203.4704895019531,975.0,0.0,0.0,
2016-12-27,202.6888483949262,206.499349123009,202.249179247844,206.1085205078125,60.0,0.0,0.0,
2016-12-28,206.7924494836008,210.0167147047475,206.7924494836008,208.6879272460938,441.0,0.0,0.0,
2016-12-29,208.697704980528,210.5540924072266,208.697704980528,210.5540924072266,354.0,0.0,0.0,
2016-12-30,222.5229479384148,222.5229479384148,212.4593385296253,212.5081939697266,76.0,0.0,0.0,
2017-01-02,212.0196701889738,216.1721291673293,211.873118776702,212.9967193603516,1460.0,0.0,0.0,
2017-01-03,217.8819672635507,217.8819672635507,211.4822921492043,216.1232757568359,217.0,0.0,0.0,
2017-01-04,232.5377072809309,232.5377072809309,215.9278710465786,216.63134765625,326.0,0.0,0.0,
2017-01-05,217.8331122217333,218.2727813720703,216.9049184802246,218.2727813720703,145.0,0.0,0.0,
2017-01-06,219.8360571857053,220.2757263183593,218.7612971649183,220.2757263183594,111.0,0.0,0.0,
2017-01-09,219.6406623618045,220.2268829345703,219.6406623618045,220.2268829345703,50.0,0.0,0.0,
2017-01-10,220.8131095395649,220.8131095395649,219.8360603823102,220.3245849609375,160.0,0.0,0.0,
2017-01-11,222.1321363136711,226.3334358471312,220.3245893731174,223.011474609375,500.0,0.0,0.0,
2017-01-12,224.7213158494196,226.1868896484375,223.2557420504016,226.1868896484375,186.0,0.0,0.0,
2017-01-13,226.1868856539764,226.1868856539764,221.8390197753907,221.8390197753906,173.0,0.0,0.0,
2017-01-16,225.1121279845043,226.6754126559111,225.0632874517502,225.2098388671875,107.0,0.0,0.0,
2017-01-17,226.6265595972072,226.6754150390625,226.6265595972072,226.6754150390625,132.0,0.0,0.0,
2017-01-18,227.3104894676476,228.3363941050824,215.9278722985998,225.6983642578125,1812.0,0.0,0.0,
2017-01-19,227.5547396836846,227.6524505615234,227.3593328365938,227.6524505615234,253.0,0.0,0.0,
2017-01-20,227.9944302044091,248.170489638772,222.7672111718111,223.7051849365234,2278.0,0.0,0.0,
2017-01-23,225.4540963651242,226.5776969491212,224.9167163389829,226.0891723632812,72.0,0.0,0.0,
2017-01-24,227.6524641982626,228.5806579589843,227.6524641982626,228.5806579589844,212.0,0.0,0.0,
2017-01-25,224.7213098749095,231.804916381836,224.7213098749095,231.8049163818359,1018.0,0.0,0.0,
2017-01-27,234.9803249863578,243.7640023768478,232.3422952135507,236.5436096191406,3118.0,0.0,0.0,
2017-01-30,236.5436077271536,248.6101559145165,233.2704870759515,236.9930419921875,4817.0,0.0,0.0,
2017-01-31,234.491798368609,236.4458966883474,231.7560577392578,231.7560577392578,494.0,0.0,0.0,
2017-02-01,232.5376955717572,235.4688429949306,232.5376955717572,235.2538909912109,524.0,0.0,0.0,
2017-02-02,236.5924505535821,236.7878723144531,236.2016368490145,236.7878723144531,519.0,0.0,0.0,
2017-02-03,237.4229515711868,238.4000007546074,237.0809783935547,237.0809783935547,85.0,0.0,0.0,
2017-02-06,237.4229447411709,239.3770430517978,237.4229447411709,238.3999938964844,1129.0,0.0,0.0,
2017-02-07,240.012120669567,240.3540938396843,237.4229463538345,239.3770446777344,1066.0,0.0,0.0,
2017-02-08,241.1845977835536,242.6013161230399,239.3770508240999,240.4225006103516,437.0,0.0,0.0,
2017-02-09,241.5754085339998,241.5754085339998,238.3999987150493,241.3311462402344,1404.0,0.0,0.0,
2017-02-10,241.3311386165373,243.0409746188812,240.8914694833663,242.1616363525391,391.0,0.0,0.0,
2017-02-13,244.2622856214547,249.0889107707085,239.8655644802685,240.2563781738281,1075.0,0.0,0.0,
2017-02-14,240.696074620842,242.3081998256015,238.986238533363,242.11279296875,140.0,0.0,0.0,
2017-02-15,238.8885176018705,240.4518022080987,234.9803209948869,236.0062255859375,492.0,0.0,0.0,
2017-02-16,246.0893659780535,246.167531699509,236.0062264476838,238.3999938964844,365.0,0.0,0.0,
2017-02-17,241.2334369583573,242.3081970214844,241.2334369583573,242.3081970214844,335.0,0.0,0.0,
2017-02-20,241.2822864245444,243.4806470285699,241.2822864245444,242.4547424316406,249.0,0.0,0.0,
2017-02-21,243.9203177728899,245.5324578382702,243.9203177728899,245.0927886962891,37.0,0.0,0.0,
2017-02-22,245.0927834127941,245.0927834127941,241.5265450967425,244.3013610839844,166.0,0.0,0.0,
2017-02-23,248.6590117895452,251.0918546620218,243.1875305175781,243.1875305175781,81.0,0.0,0.0,
2017-02-27,249.0498328621654,249.0498328621654,242.5524617044147,243.7737731933594,477.0,0.0,0.0,
2017-02-28,242.6013163528779,243.2852478027344,242.3081986147716,243.2852478027344,124.0,0.0,0.0,
2017-03-01,245.1904838733862,247.1934376343544,239.3770443494736,242.9432678222656,1007.0,0.0,0.0,
2017-03-02,244.5554131231408,245.2393445685068,240.4029541015625,240.4029541015625,269.0,0.0,0.0,
2017-03-03,240.1586862172395,242.3081913849043,239.377043908474,240.7937622070312,955.0,0.0,0.0,
2017-03-06,240.3540962637075,242.8455746335244,240.3540962637075,240.8426208496094,102.0,0.0,0.0,
2017-03-07,247.6721999276085,261.8491780433887,240.8426208496094,240.8426208496094,870.0,0.0,0.0,
2017-03-08,241.8685298388376,243.0898413256945,238.4000022344468,240.1977691650391,729.0,0.0,0.0,
2017-03-09,240.3540954589844,245.776721326057,240.3540954589844,240.3540954589844,324.0,0.0,0.0,
2017-03-10,240.3541030471711,241.1846008300781,240.3541030471711,241.1846008300781,365.0,0.0,0.0,
2017-03-14,246.2163901096396,249.1475376109448,243.2852426083343,243.9203186035156,222.0,0.0,0.0,
2017-03-15,243.773764350748,248.5124587193977,243.2852397728908,246.2554626464844,940.0,0.0,0.0,
2017-03-16,247.9750823974609,247.9750823974609,247.4377023720924,247.9750823974609,31.0,0.0,0.0,
2017-03-17,248.1704964939838,248.8544279514229,247.8285233109704,248.8055725097656,162.0,0.0,0.0,
2017-03-20,249.1475347936506,249.1475347936506,247.6819610595703,247.6819610595703,374.0,0.0,0.0,
2017-03-21,247.3888525735827,253.8373682993029,246.2652519655778,247.8285217285156,2441.0,0.0,0.0,
2017-03-22,245.239337716344,246.2163868705924,245.239337716344,245.5324554443359,1264.0,0.0,0.0,
2017-03-23,247.7308140463013,249.587201460988,246.2163848876953,246.2163848876953,329.0,0.0,0.0,
2017-03-24,247.828513281022,248.4147487400085,247.6819618705689,248.1704864501953,141.0,0.0,0.0,
2017-03-27,247.1934465375768,247.9750888759349,246.3141082247912,246.4118041992188,297.0,0.0,0.0,
2017-03-28,247.1934424742165,249.6360654235665,247.1934424742165,249.4406585693359,1220.0,0.0,0.0,
2017-03-29,249.9291867642757,250.1245936213249,248.8055712462149,249.7337799072266,482.0,0.0,0.0,
2017-03-30,249.7826204400482,249.7826204400482,249.7337799072266,249.7337799072266,252.0,0.0,0.0,
2017-03-31,250.710825886738,251.8344264818057,249.6849212646484,249.6849212646484,157.0,0.0,0.0,
2017-04-03,249.6849240227077,256.7196752241055,249.6849240227077,253.3000030517578,529.0,0.0,0.0,
2017-04-05,253.3000046348022,254.8632893153662,253.0069018022106,254.2770538330078,626.0,0.0,0.0,
2017-04-06,255.4006540496171,255.4006540496171,254.0327911376953,254.0327911376953,152.0,0.0,0.0,
2017-04-07,255.3518002334893,258.9180236524372,255.2540893554687,255.2540893554688,339.0,0.0,0.0,
2017-04-10,255.9868774414062,257.3547402887271,255.9868774414062,255.9868774414062,139.0,0.0,0.0,
2017-04-11,258.429513771076,259.9439281063804,258.429513771076,259.76806640625,127.0,0.0,0.0,
2017-04-12,259.7973628732981,260.1393360390377,258.9180246022347,259.5531005859375,207.0,0.0,0.0,
2017-04-13,259.0157384482249,260.8721258899998,257.9409784080897,258.1657104492188,717.0,0.0,0.0,
2017-04-17,260.2858998909876,260.3836107740377,258.9180369798123,259.5042724609375,123.0,0.0,0.0,
2017-04-18,259.9928044463992,260.8721427844847,257.1593676604898,257.9507751464844,515.0,0.0,0.0,
2017-04-19,256.7196667434142,258.9180273530153,256.5731153328756,257.4524536132812,287.0,0.0,0.0,
2017-04-20,258.9180297851562,260.0416303660721,258.9180297851562,258.9180297851562,253.0,0.0,0.0,
2017-04-21,258.9180449161058,260.5790405273438,258.9180449161058,260.5790405273438,139.0,0.0,0.0,
2017-04-24,260.7255634914869,261.8003234863281,259.0645680615348,261.8003234863281,148.0,0.0,0.0,
2017-04-25,261.7514712467665,263.4613073241007,261.7514712467665,261.8491821289062,194.0,0.0,0.0,
2017-04-26,265.8062133789062,266.7344220124126,264.2917991002109,265.8062133789062,287.0,0.0,0.0,
2017-04-27,264.5360532530303,265.8062052014295,263.3635823643747,264.2429504394531,205.0,0.0,0.0,
2017-04-28,264.7803344726562,264.7803344726562,264.7803344726562,264.7803344726562,3.0,0.0,0.0,
2017-05-02,273.5737553978979,273.5737553978979,264.2917886968978,266.5878601074219,529.0,0.0,0.0,
2017-05-03,267.5649330460218,273.222056340269,265.757386037844,266.2459106445312,10792.0,0.0,0.0,
2017-05-04,266.5878830462598,268.5908220008988,265.5131229512832,265.7573852539062,525.0,0.0,0.0,
2017-05-05,265.3665523987501,270.4960603839688,262.0934318161758,264.5067443847656,2168.0,0.0,0.0,
2017-05-08,283.3442676685474,283.3442676685474,261.3606606942636,263.8032836914062,1242.0,0.0,0.0,
2017-05-09,283.3442693618831,283.3442693618831,264.5360721714822,264.7803344726562,177.0,0.0,0.0,
2017-05-10,267.5649108886719,268.6885114275707,266.7344131626429,267.5649108886719,333.0,0.0,0.0,
2017-05-11,269.4213229548322,269.5190338404632,267.7114868164062,267.7114868164062,116.0,0.0,0.0,
2017-05-12,268.6885348975998,269.0305080872682,267.7114856797903,268.6494445800781,42.0,0.0,0.0,
2017-05-15,269.5190282289855,271.0334425646189,268.6885304441775,270.9552917480469,149.0,0.0,0.0,
2017-05-16,293.1147484661928,293.1147484661928,270.6426177504513,270.7794189453125,1331.0,0.0,0.0,
2017-05-17,270.398350306798,273.7691817767874,269.2747497558594,269.2747497558594,629.0,0.0,0.0,
2017-05-18,269.6655624675216,269.6655624675216,264.5067442043081,264.9757385253906,717.0,0.0,0.0,
2017-05-19,264.7314979959245,265.9528095205096,260.8721416513654,263.4124755859375,639.0,0.0,0.0,
2017-05-22,264.9757502410069,265.0245907732657,261.1163940429688,261.1163940429688,430.0,0.0,0.0,
2017-05-23,286.2753950727241,286.2753950727241,254.5701388792681,258.0484313964844,882.0,0.0,0.0,
2017-05-24,263.8032700656532,263.8032700656532,252.2741020415052,254.0718688964844,631.0,0.0,0.0,
2017-05-25,253.3000020836889,255.5960736397822,253.1534506688691,255.4299621582031,219.0,0.0,0.0,
2017-05-26,258.1852445100483,262.3377035040604,258.1852445100483,259.8950805664062,165.0,0.0,0.0,
2017-05-29,260.9209698698398,261.9957299241805,256.9639326438294,259.6508178710938,470.0,0.0,0.0,
2017-05-30,257.7455604544007,259.8950805664062,257.354746747811,259.8950805664062,213.0,0.0,0.0,
2017-05-31,240.3638651386258,262.9239421980942,240.3638651386258,261.8491821289062,178.0,0.0,0.0,
2017-06-01,261.8491805287336,263.3635948325336,259.4553981082242,260.8721313476562,560.0,0.0,0.0,
2017-06-02,263.4124575879012,265.268845014995,263.3147467091754,263.8521118164062,201.0,0.0,0.0,
2017-06-05,265.3763202334293,267.4672198441814,265.3763202334293,266.4510803222656,399.0,0.0,0.0,
2017-06-06,265.7573675082772,266.7344166535282,264.3895046683605,264.7705383300781,459.0,0.0,0.0,
2017-06-07,265.7085193693454,265.7085193693454,265.1222839355469,265.1222839355469,348.0,0.0,0.0,
2017-06-08,265.7573854315245,268.6885330649604,265.7573854315245,266.4706420898438,119.0,0.0,0.0,
2017-06-09,266.4901465676048,268.6885070800781,265.5717180125754,268.6885070800781,2185.0,0.0,0.0,
2017-06-12,267.1252346510077,268.0534432808171,266.7344209500469,267.9264221191406,3456.0,0.0,0.0,
2017-06-13,268.688536038364,268.688536038364,267.7114868164062,267.7114868164062,1413.0,0.0,0.0,
2017-06-14,265.757386037844,266.7344352512185,265.757386037844,266.2459106445312,103.0,0.0,0.0,
2017-06-15,266.6269560119665,267.711466252791,266.1970520019531,266.1970520019531,315.0,0.0,0.0,
2017-06-16,263.8032883864183,267.1252497582195,263.8032883864183,266.7344360351562,2339.0,0.0,0.0,
2017-06-19,268.1999952885375,268.6885198701196,267.516048947453,267.7016906738281,190.0,0.0,0.0,
2017-06-20,266.7344088467685,269.1770316384055,266.7344088467685,268.6885070800781,629.0,0.0,0.0,
2017-06-21,268.1999936894726,268.7862291473106,267.9068908691406,267.9068908691406,330.0,0.0,0.0,
2017-06-22,269.323610494773,269.323610494773,266.7344360351562,266.7344360351562,115.0,0.0,0.0,
2017-06-23,265.2200165585277,265.2200165585277,256.5242548480119,263.5590209960938,1107.0,0.0,0.0,
2017-06-27,262.8262159645331,264.5360519419976,259.015730321047,260.1881713867188,672.0,0.0,0.0,
2017-06-28,260.627870645096,261.8491821289062,260.627870645096,261.8491821289062,73.0,0.0,0.0,
2017-06-29,263.7055768558278,263.8032877406483,262.4354248046875,262.4354248046875,187.0,0.0,0.0,
2017-06-30,262.3376920618462,265.7573640254084,261.849167495623,265.4251708984375,174.0,0.0,0.0,
2017-07-03,265.7573868189103,266.7344360351562,264.7803376026643,266.7344360351562,413.0,0.0,0.0,
2017-07-04,268.1511541603508,268.6885192720252,266.7344209500469,267.9264221191406,164.0,0.0,0.0,
2017-07-05,267.9068933609894,267.9068933609894,267.2327270507812,267.2327270507812,573.0,0.0,0.0,
2017-07-06,269.8121195958539,271.2092927386631,269.6655681852749,270.53515625,494.0,0.0,0.0,
2017-07-07,270.6426206469991,271.5219589383739,270.3495178222656,270.3495178222656,148.0,0.0,0.0,
2017-07-10,278.4590185363838,278.4590185363838,270.6426250336081,273.0364074707031,511.0,0.0,0.0,
2017-07-11,273.5737672714421,273.5737672714421,271.6196689337889,272.000732421875,1336.0,0.0,0.0,
2017-07-12,275.5278684478234,275.5278684478234,272.0397957230535,272.5283203125,434.0,0.0,0.0,
2017-07-13,275.0881698155893,276.5635235390456,274.4530938463917,275.6353149414062,839.0,0.0,0.0,
2017-07-14,274.550830609963,276.3583776290154,274.550830609963,276.2704467773438,211.0,0.0,0.0,
2017-07-17,276.2606630432037,276.2606630432037,274.2479440638775,276.2118225097656,501.0,0.0,0.0,
2017-07-18,275.772136068672,277.4819721647576,274.7462463378906,274.7462463378906,313.0,0.0,0.0,
2017-07-19,276.5049133300781,276.5049133300781,275.5278641663676,276.5049133300781,100.0,0.0,0.0,
2017-07-20,277.0911636230846,283.3442726420957,276.5049281300452,276.7394104003906,414.0,0.0,0.0,
2017-07-21,278.4101660697357,278.9084408585001,276.5537488386624,278.8107299804688,1886.0,0.0,0.0,
2017-07-24,277.5308029616934,279.0745573376208,273.5737657764396,278.6446533203125,218.0,0.0,0.0,
2017-07-25,278.4590082995663,279.8757414967319,278.4590082995663,278.8302917480469,584.0,0.0,0.0,
2017-07-26,278.4590160940576,280.0711412764304,278.4590160940576,279.1918029785156,213.0,0.0,0.0,
2017-07-27,278.9475355789802,279.3383492801044,278.2635892391323,278.869384765625,155.0,0.0,0.0,
2017-07-28,278.4590172892466,279.9245910644531,278.4590172892466,279.9245910644531,380.0,0.0,0.0,
2017-07-31,280.4131249899354,280.4131249899354,279.2504340375299,279.5924072265625,590.0,0.0,0.0,
2017-08-01,281.5855700476448,281.5855700476448,280.852783203125,280.852783203125,225.0,0.0,0.0,
2017-08-02,280.4131184907327,280.4131184907327,277.8239440917969,277.8239440917969,267.0,0.0,0.0,
2017-08-03,279.3872267363807,280.7550896337023,279.3872267363807,280.4131164550781,1039.0,0.0,0.0,
2017-08-04,280.0223107004602,281.4878845214844,279.4360752086154,281.4878845214844,100.0,0.0,0.0,
2017-08-07,284.0282129888992,288.1708920353048,283.8327912229772,288.0731811523438,1104.0,0.0,0.0,
2017-08-08,287.8387016804969,288.5714885840536,282.7580338889671,284.3017883300781,627.0,0.0,0.0,
2017-08-09,282.5137508383059,283.1976971582626,278.7521057128906,278.7521057128906,469.0,0.0,0.0,
2017-08-10,278.7521187058013,278.7521187058013,269.1282081510874,270.8575744628906,1273.0,0.0,0.0,
2017-08-11,286.2753931565502,286.2753931565502,266.7344106885263,271.3363037109375,863.0,0.0,0.0,
2017-08-14,275.2836086467224,277.6285207338717,273.6226131006885,276.8468933105469,500.0,0.0,0.0,
2017-08-16,277.4819642293513,279.1527099609376,276.7491773519851,279.1527099609375,738.0,0.0,0.0,
2017-08-17,279.9245918619508,282.4746759258315,279.9245918619508,280.4131164550781,200.0,0.0,0.0,
2017-08-18,277.48196900903,278.7521210248071,276.798022651504,278.2733764648438,122.0,0.0,0.0,
2017-08-21,279.2895036004865,280.9309390052543,274.2772367241656,275.2249755859375,2877.0,0.0,0.0,
2017-08-22,276.6514596059672,276.6514596059672,272.6553321786286,272.8605041503906,419.0,0.0,0.0,
2017-08-23,274.5508178810372,276.0750122070312,274.5508178810372,276.0750122070312,158.0,0.0,0.0,
2017-08-24,276.9446144886606,279.3872375488281,276.5440207287321,279.3872375488281,76.0,0.0,0.0,
2017-08-28,279.3872283200229,282.3867466777738,279.3872283200229,281.3901672363281,154.0,0.0,0.0,
2017-08-29,280.0223043312532,283.1977142045798,280.0223043312532,281.3901672363281,7490.0,0.0,0.0,
2017-08-30,280.8039289583411,283.4908142089844,280.8039289583411,283.4908142089844,85.0,0.0,0.0,
2017-08-31,283.3442623951741,291.1118153083945,281.6832668611601,283.2465515136719,960.0,0.0,0.0,
2017-09-01,283.8816376378495,286.3731310276905,283.8816376378495,286.2558898925781,312.0,0.0,0.0,
2017-09-04,285.9823038974833,286.275406721523,280.9309465705878,285.1029357910156,927.0,0.0,0.0,
2017-09-05,276.5440162317827,286.5685208320195,276.5440162317827,284.3213195800781,417.0,0.0,0.0,
2017-09-06,285.5426330566406,285.5426330566406,285.5426330566406,285.5426330566406,108.0,0.0,0.0,
2017-09-07,287.5944269003171,288.620316593912,286.2754045677137,288.1611022949219,182.0,0.0,0.0,
2017-09-08,288.2295074922582,289.2065566701981,286.5196714308635,286.5685119628906,351.0,0.0,0.0,
2017-09-11,287.7898149583361,289.4996509693669,287.2524498531674,288.5714721679688,167.0,0.0,0.0,
2017-09-12,289.7927856445312,289.7927856445312,288.2295010314344,289.7927856445312,385.0,0.0,0.0,
2017-09-13,291.8446146421301,293.1147667043117,290.8186950683594,290.8186950683594,59.0,0.0,0.0,
2017-09-14,290.8186795691767,291.9325299355349,290.8186795691767,291.7664184570312,689.0,0.0,0.0,
2017-09-15,289.5973626276462,291.1997375488281,289.5973626276462,291.1997375488281,570.0,0.0,0.0,
2017-09-18,291.1606461642976,292.8607021406741,290.4864798666641,292.1376953125,241.0,0.0,0.0,
2017-09-19,292.186554916718,293.3883361816406,291.111824637277,293.3883361816406,799.0,0.0,0.0,
2017-09-20,292.1376944946084,293.6032682128088,290.9554733774021,291.649169921875,757.0,0.0,0.0,
2017-09-21,291.6491782155484,291.6491782155484,287.7409815225428,290.1152038574219,1200.0,0.0,0.0,
2017-09-22,286.5684958716702,287.9363884977166,281.3413069169456,283.4614868164062,2492.0,0.0,0.0,
2017-09-25,282.0252292364417,282.0252292364417,276.5049075404989,279.5044555664062,1097.0,0.0,0.0,
2017-09-26,280.4131140500151,280.4131140500151,275.4985578779927,278.9475402832031,1015.0,0.0,0.0,
2017-09-27,278.8986914046624,278.8986914046624,274.5312805175781,274.5312805175781,1217.0,0.0,0.0,
2017-09-28,274.1111450195312,276.3583761016981,272.4013088952889,274.1111450195312,505.0,0.0,0.0,
2017-09-29,275.8209637385658,278.4590083763693,274.5508117675781,274.5508117675781,533.0,0.0,0.0,
2017-10-03,279.4360500435177,281.0481751380265,274.5508044133862,280.852783203125,476.0,0.0,0.0,
2017-10-04,280.5596710391517,282.5626397839068,280.5596710391517,282.3672180175781,263.0,0.0,0.0,
2017-10-05,281.4390085625367,293.1147583642494,281.3901680296794,281.8786926269531,620.0,0.0,0.0,
2017-10-06,293.1147488294505,322.4262237123955,273.5737655741538,283.8816223144531,807.0,0.0,0.0,
2017-10-09,285.3960554729885,285.6794080681433,282.6798600972518,284.4190063476562,348.0,0.0,0.0,
2017-10-10,284.9075381449885,285.0052490234375,284.4190135699172,285.0052490234375,187.0,0.0,0.0,
2017-10-11,286.8616534847786,286.8616534847786,284.3213195800781,284.3213195800781,448.0,0.0,0.0,
2017-10-12,286.2754211425781,286.2754211425781,286.2754211425781,286.2754211425781,8.0,0.0,0.0,
2017-10-13,288.5714781697998,288.5714781697998,287.2524558275649,288.4249267578125,219.0,0.0,0.0,
2017-10-16,289.7439064060227,289.7439064060227,288.2294921875,288.2294921875,108.0,0.0,0.0,
2017-10-17,288.2294938370988,289.20654296875,287.8191200822491,289.20654296875,287.0,0.0,0.0,
2017-10-18,290.085905020612,290.085905020612,288.6203312029088,288.8645935058594,242.0,0.0,0.0,
2017-10-19,278.4590056758599,291.1606445312499,278.4590056758599,291.16064453125,225.0,0.0,0.0,
2017-10-23,288.4737538127513,290.193369812199,287.2524424079555,287.27197265625,3313.0,0.0,0.0,
2017-10-24,288.0340852397773,289.9881835923325,287.4869400864357,289.646240234375,703.0,0.0,0.0,
2017-10-25,290.8186699572817,291.8348094095929,290.1835939810273,290.8968505859375,815.0,0.0,0.0,
2017-10-26,293.114747311409,293.9452450588928,292.1376981537043,293.8475341796875,311.0,0.0,0.0,
2017-10-27,294.0429692082054,296.8275355795915,294.0429692082054,295.9579772949219,566.0,0.0,0.0,
2017-10-30,296.2901607706619,299.8563842773438,296.2901607706619,299.8563842773438,552.0,0.0,0.0,
2017-10-31,300.4426245595895,300.4426245595895,297.8534501812914,298.97705078125,356.0,0.0,0.0,
2017-11-01,301.6150821968129,302.5335107760765,299.9540867278026,301.8593444824219,1658.0,0.0,0.0,
2017-11-02,302.8852349759736,303.7938835247798,300.9311366858059,302.3478698730469,526.0,0.0,0.0,
2017-11-03,302.885248299928,303.8622974879923,301.6639368148477,303.2760620117188,170.0,0.0,0.0,
2017-11-06,298.0,298.9770491803279,296.8763994060579,298.0,603.0,0.0,0.0,
2017-11-07,306.7999877929688,307.260009765625,300.5899963378906,300.8099975585938,1522.0,7.0,0.0,
2017-11-08,300.7999877929688,302.2200012207031,296.4500122070312,297.7200012207031,236.0,0.0,0.0,
2017-11-09,300.9500122070312,301.760009765625,297.1499938964844,298.1000061035156,1869.0,0.0,0.0,
2017-11-10,298.8500061035156,301.2300109863281,298.8500061035156,299.3699951171875,699.0,0.0,0.0,
2017-11-13,300.0,300.6499938964844,296.2999877929688,296.6799926757812,429.0,0.0,0.0,
2017-11-14,297.3500061035156,297.3500061035156,295.5,295.5,550.0,0.0,0.0,
2017-11-15,295.7999877929688,296.2999877929688,292.5,292.9299926757812,700.0,0.0,0.0,
2017-11-16,299.0,299.0,293.25,296.0499877929688,722.0,0.0,0.0,
2017-11-17,300.0,301.7799987792969,299.8999938964844,299.9500122070312,334.0,0.0,0.0,
2017-11-20,300.0,300.0,298.0,298.0,343.0,0.0,0.0,
2017-11-21,302.0499877929688,302.6799926757812,300.1300048828125,301.0,394.0,0.0,0.0,
2017-11-22,300.7999877929688,301.2900085449219,300.3500061035156,300.989990234375,274.0,0.0,0.0,
2017-11-23,301.0,301.4500122070312,299.8999938964844,301.3800048828125,706.0,0.0,0.0,
2017-11-24,301.5499877929688,301.7000122070312,301.5499877929688,301.7000122070312,19.0,0.0,0.0,
2017-11-27,301.8999938964844,302.6199951171875,301.6000061035156,302.010009765625,486.0,0.0,0.0,
2017-11-28,301.8999938964844,303.7200012207031,301.8999938964844,303.7200012207031,937.0,0.0,0.0,
2017-11-29,304.0,304.7200012207031,303.0,303.0,873.0,0.0,0.0,
2017-11-30,300.7999877929688,302.7099914550781,300.6000061035156,300.760009765625,226.0,0.0,0.0,
2017-12-01,300.760009765625,302.6499938964844,298.0400085449219,298.1000061035156,2105.0,0.0,0.0,
2017-12-04,298.1000061035156,298.1000061035156,295.510009765625,297.0,623.0,0.0,0.0,
2017-12-05,298.0,298.4200134277344,294.3999938964844,297.9100036621094,287.0,0.0,0.0,
2017-12-06,297.2000122070312,302.25,295.6000061035156,297.4500122070312,5453.0,0.0,0.0,
2017-12-07,300.0,300.0,297.1000061035156,297.75,125.0,0.0,0.0,
2017-12-08,302.2999877929688,303.5,302.0,303.2000122070312,822.0,0.0,0.0,
2017-12-11,303.2000122070312,304.6900024414062,303.0,303.8999938964844,364.0,0.0,0.0,
2017-12-12,303.25,303.6900024414062,301.0,301.0499877929688,790.0,0.0,0.0,
2017-12-13,301.0,301.7999877929688,298.1199951171875,298.7200012207031,1303.0,0.0,0.0,
2017-12-14,298.1499938964844,298.8699951171875,295.0,298.7999877929688,457.0,0.0,0.0,
2017-12-15,305.0,305.0,300.0499877929688,300.6499938964844,1127.0,0.0,0.0,
2017-12-18,300.5,303.0,293.6499938964844,302.1000061035156,949.0,0.0,0.0,
2017-12-19,305.3500061035156,307.2999877929688,305.1000061035156,307.239990234375,726.0,0.0,0.0,
2017-12-20,307.5,308.5400085449219,307.0,308.0599975585938,1285.0,0.0,0.0,
2017-12-21,308.0499877929688,309.8599853515625,307.1499938964844,308.4800109863281,443.0,0.0,0.0,
2017-12-22,307.8999938964844,311.2999877929688,307.8999938964844,310.2699890136719,762.0,0.0,0.0,
2017-12-26,310.0,312.2799987792969,310.0,310.5400085449219,339.0,0.0,0.0,
2017-12-27,310.0,312.7999877929688,308.3500061035156,310.7000122070312,294.0,0.0,0.0,
2017-12-28,311.0,311.8399963378906,310.3299865722656,311.2900085449219,533.0,0.0,0.0,
2017-12-29,312.2999877929688,312.3999938964844,311.0,312.1000061035156,240.0,0.0,0.0,
2018-01-01,320.0,320.0,312.1000061035156,312.9500122070312,1294.0,0.0,0.0,
2018-01-02,312.8999938964844,313.0,309.0,309.75,646.0,0.0,0.0,
2018-01-03,313.7000122070312,314.5,311.25,311.25,150.0,0.0,0.0,
2018-01-04,313.7999877929688,314.0,311.5700073242188,313.9400024414062,1326.0,0.0,0.0,
2018-01-05,313.9500122070312,320.9500122070312,313.9500122070312,319.0,5033.0,0.0,0.0,
2018-01-08,320.0,322.1300048828125,320.0,322.0,943.0,0.0,0.0,
2018-01-09,321.8500061035156,322.0,320.0,321.0799865722656,434.0,0.0,0.0,
2018-01-10,321.0,322.1000061035156,319.8500061035156,320.75,317.0,0.0,0.0,
2018-01-11,320.0,320.6000061035156,320.0,320.0,266.0,0.0,0.0,
2018-01-12,320.75,321.6099853515625,317.6499938964844,320.3200073242188,1465.0,0.0,0.0,
2018-01-15,321.3999938964844,322.3200073242188,318.3999938964844,318.3999938964844,944.0,0.0,0.0,
2018-01-16,318.7999877929688,320.0,312.6000061035156,314.5499877929688,3940.0,0.0,0.0,
2018-01-17,313.2000122070312,314.8999938964844,309.6000061035156,314.8999938964844,419.0,0.0,0.0,
2018-01-18,315.0,317.6499938964844,310.0,311.2000122070312,943.0,0.0,0.0,
2018-01-19,312.2999877929688,313.7799987792969,311.75,313.6199951171875,1872.0,0.0,0.0,
2018-01-22,315.0,315.7999877929688,312.2999877929688,314.3500061035156,374.0,0.0,0.0,
2018-01-23,314.3500061035156,319.7000122070312,311.0,318.3500061035156,81.0,0.0,0.0,
2018-01-24,322.0,322.0,317.0,317.0,1299.0,0.0,0.0,
2018-01-25,318.0,318.7300109863281,311.8999938964844,314.2099914550781,2996.0,0.0,0.0,
2018-01-29,314.25,314.4700012207031,310.1300048828125,311.7799987792969,5502.0,0.0,0.0,
2018-01-30,310.75,311.4500122070312,309.0499877929688,310.8699951171875,5695.0,0.0,0.0,
2018-01-31,311.0,311.0,305.5,308.4299926757812,3852.0,0.0,0.0,
2018-02-01,309.0,309.0,304.2999877929688,308.6700134277344,1790.0,0.0,0.0,
2018-02-02,303.75,305.2000122070312,298.0,299.9100036621094,1785.0,0.0,0.0,
2018-02-05,294.1499938964844,299.2000122070312,290.8500061035156,297.4500122070312,2975.0,0.0,0.0,
2018-02-06,297.0,298.3500061035156,285.0,297.1300048828125,6353.0,0.0,0.0,
2018-02-07,297.1300048828125,297.1300048828125,295.5,295.989990234375,852.0,0.0,0.0,
2018-02-08,297.7000122070312,301.5,297.5,300.010009765625,1363.0,0.0,0.0,
2018-02-09,310.0,310.0,297.2000122070312,299.7999877929688,450.0,0.0,0.0,
2018-02-12,300.0,303.7000122070312,300.0,303.4500122070312,1178.0,0.0,0.0,
2018-02-14,310.0,310.0,301.6799926757812,302.1300048828125,1250.0,0.0,0.0,
2018-02-15,305.5499877929688,305.5499877929688,300.0,300.0700073242188,687.0,0.0,0.0,
2018-02-16,303.4500122070312,303.5,297.8200073242188,298.8800048828125,783.0,0.0,0.0,
2018-02-19,298.0,298.0,293.7999877929688,294.0499877929688,777.0,0.0,0.0,
2018-02-20,290.0,296.75,290.0,294.7699890136719,2563.0,0.0,0.0,
2018-02-21,297.5,297.5,294.1300048828125,294.8999938964844,451.0,0.0,0.0,
2018-02-22,294.3500061035156,295.0599975585938,292.3999938964844,292.9100036621094,474.0,0.0,0.0,
2018-02-23,294.5,296.4500122070312,294.5,296.4500122070312,99.0,0.0,0.0,
2018-02-26,265.2999877929688,300.0,265.2999877929688,299.4800109863281,3506.0,0.0,0.0,
2018-02-27,300.6499938964844,300.6499938964844,298.2000122070312,298.25,25.0,0.0,0.0,
2018-02-28,309.6499938964844,309.6499938964844,295.5799865722656,297.489990234375,3430.0,0.0,0.0,
2018-03-01,298.0,298.6499938964844,295.3999938964844,296.2300109863281,2867.0,0.0,0.0,
2018-03-05,295.0,295.0,289.510009765625,293.010009765625,1948.0,0.0,0.0,
2018-03-06,294.5499877929688,294.5499877929688,289.0,289.8399963378906,913.0,0.0,0.0,
2018-03-07,289.0,290.0499877929688,284.5499877929688,286.8599853515625,3104.0,0.0,0.0,
2018-03-08,287.7000122070312,287.7000122070312,284.0499877929688,286.260009765625,1543.0,0.0,0.0,
2018-03-09,286.1499938964844,288.7900085449219,285.1000061035156,285.6099853515625,256.0,0.0,0.0,
2018-03-12,285.1000061035156,288.4500122070312,285.1000061035156,287.0,1180.0,0.0,0.0,
2018-03-13,288.0499877929688,292.1099853515625,288.0499877929688,290.0499877929688,143.0,0.0,0.0,
2018-03-14,291.4500122070312,292.0400085449219,290.5,291.2000122070312,661.0,0.0,0.0,
2018-03-15,293.2999877929688,294.0199890136719,290.3399963378906,291.5,1787.0,0.0,0.0,
2018-03-16,291.5,293.0599975585938,288.3999938964844,290.0,586.0,0.0,0.0,
2018-03-19,290.0,290.0,285.1000061035156,286.3099975585938,1426.0,0.0,0.0,
2018-03-20,285.1000061035156,287.75,284.0499877929688,286.0,1093.0,0.0,0.0,
2018-03-21,286.75,289.3999938964844,286.75,288.5499877929688,245.0,0.0,0.0,
2018-03-22,288.3500061035156,288.4500122070312,286.9500122070312,286.9500122070312,225.0,0.0,0.0,
2018-03-23,282.5,285.8599853515625,282.0,285.8599853515625,497.0,0.0,0.0,
2018-03-26,286.0,289.8500061035156,285.8999938964844,289.3800048828125,319.0,0.0,0.0,
2018-03-27,291.2999877929688,292.3699951171875,289.7300109863281,292.25,505.0,0.0,0.0,
2018-03-28,291.6499938964844,292.0499877929688,287.2000122070312,288.4700012207031,168.0,0.0,0.0,
2018-04-02,290.5499877929688,293.9299926757812,288.8999938964844,293.5,275.0,0.0,0.0,
2018-04-03,294.0499877929688,298.1199951171875,294.0499877929688,298.0499877929688,265.0,0.0,0.0,
2018-04-04,298.75,299.0400085449219,293.0,294.0,2332.0,0.0,0.0,
2018-04-05,298.3500061035156,299.25,296.8699951171875,298.7999877929688,483.0,0.0,0.0,
2018-04-06,299.6000061035156,303.2900085449219,299.2000122070312,301.7999877929688,720.0,0.0,0.0,
2018-04-09,304.3500061035156,304.3900146484375,302.5,304.2200012207031,1629.0,0.0,0.0,
2018-04-10,305.0,305.0,301.510009765625,301.8999938964844,1068.0,0.0,0.0,
2018-04-11,303.75,303.75,301.7900085449219,301.7900085449219,51.0,0.0,0.0,
2018-04-12,303.3999938964844,303.6499938964844,303.0,303.0,133.0,0.0,0.0,
2018-04-13,303.1000061035156,304.8200073242188,301.4500122070312,303.7000122070312,3140.0,0.0,0.0,
2018-04-16,303.7999877929688,304.0499877929688,303.1499938964844,303.4700012207031,314.0,0.0,0.0,
2018-04-17,305.7000122070312,305.7000122070312,304.2999877929688,304.7000122070312,1086.0,0.0,0.0,
2018-04-18,306.25,306.25,304.0,304.6099853515625,351.0,0.0,0.0,
2018-04-19,306.1000061035156,306.1000061035156,305.3299865722656,305.3299865722656,115.0,0.0,0.0,
2018-04-20,306.2999877929688,306.2999877929688,304.5499877929688,305.0499877929688,99.0,0.0,0.0,
2018-04-23,305.0,309.0,304.5599975585938,305.6799926757812,2981.0,0.0,0.0,
2018-04-24,308.3500061035156,308.3500061035156,307.0,307.6000061035156,96.0,0.0,0.0,
2018-04-25,307.0,308.7900085449219,306.6499938964844,308.0499877929688,1214.0,0.0,0.0,
2018-04-26,307.5,307.7999877929688,305.6000061035156,305.6000061035156,47.0,0.0,0.0,
2018-04-27,307.75,309.9100036621094,307.2999877929688,308.0,417.0,0.0,0.0,
2018-04-30,308.5,310.989990234375,308.5,310.2999877929688,315.0,0.0,0.0,
2018-05-02,312.0,312.2099914550781,306.9400024414062,306.9500122070312,2364.0,0.0,0.0,
2018-05-03,304.0,304.8999938964844,303.0899963378906,303.0899963378906,418.0,0.0,0.0,
2018-05-04,303.0899963378906,303.1499938964844,300.5,300.9200134277344,435.0,0.0,0.0,
2018-05-07,301.4500122070312,302.5,300.0,302.5,330.0,0.0,0.0,
2018-05-08,303.3999938964844,303.489990234375,302.0,302.25,147.0,0.0,0.0,
2018-05-09,301.0,301.6000061035156,300.2000122070312,300.6000061035156,261.0,0.0,0.0,
2018-05-10,300.6000061035156,300.6499938964844,295.0,296.9700012207031,869.0,0.0,0.0,
2018-05-11,300.0,300.0,295.0,297.0,1077.0,0.0,0.0,
2018-05-14,297.3299865722656,297.4800109863281,294.7000122070312,295.489990234375,646.0,0.0,0.0,
2018-05-15,295.25,298.6700134277344,292.2300109863281,292.3599853515625,1264.0,0.0,0.0,
2018-05-16,292.0,293.4500122070312,291.0,293.4299926757812,2334.0,0.0,0.0,
2018-05-17,294.5,295.0,292.8999938964844,293.2999877929688,636.0,0.0,0.0,
2018-05-18,293.8999938964844,293.8999938964844,289.0,289.7300109863281,1100.0,0.0,0.0,
2018-05-21,289.8999938964844,289.9200134277344,285.1000061035156,285.1000061035156,2714.0,0.0,0.0,
2018-05-22,285.0499877929688,288.0499877929688,285.0499877929688,288.0499877929688,1567.0,0.0,0.0,
2018-05-23,290.0,290.6700134277344,286.5,287.4700012207031,1432.0,0.0,0.0,
2018-05-24,286.75,288.8999938964844,285.8999938964844,288.7300109863281,887.0,0.0,0.0,
2018-05-25,289.6499938964844,292.25,289.6499938964844,292.25,1884.0,0.0,0.0,
2018-05-28,295.0,298.489990234375,294.6499938964844,298.489990234375,1406.0,0.0,0.0,
2018-05-29,297.2999877929688,299.8299865722656,297.2999877929688,298.5400085449219,2285.0,0.0,0.0,
2018-05-30,298.0,298.1000061035156,296.0400085449219,297.510009765625,751.0,0.0,0.0,
2018-05-31,297.510009765625,297.5499877929688,295.0,295.7900085449219,1170.0,0.0,0.0,
2018-06-01,296.8500061035156,297.3999938964844,293.0,293.6700134277344,800.0,0.0,0.0,
2018-06-04,293.0,294.6300048828125,238.8999938964844,291.4200134277344,1041.0,0.0,0.0,
2018-06-05,290.0,290.6700134277344,286.5499877929688,287.8999938964844,3940.0,0.0,0.0,
2018-06-06,287.7999877929688,291.4500122070312,287.5,291.3699951171875,196.0,0.0,0.0,
2018-06-07,293.75,294.9500122070312,293.7000122070312,294.9500122070312,225.0,0.0,0.0,
2018-06-08,293.0499877929688,296.4100036621094,293.0499877929688,295.5,201.0,0.0,0.0,
2018-06-11,298.25,298.760009765625,297.4100036621094,297.8699951171875,711.0,0.0,0.0,
2018-06-12,297.4500122070312,298.2999877929688,296.3500061035156,298.2999877929688,1262.0,0.0,0.0,
2018-06-13,300.0,300.0,298.75,298.75,1162.0,0.0,0.0,
2018-06-14,297.7999877929688,298.0799865722656,296.8500061035156,297.75,90.0,0.0,0.0,
2018-06-15,297.75,298.5700073242188,293.3699951171875,294.510009765625,1267.0,0.0,0.0,
2018-06-18,298.0,298.0,294.0,294.0799865722656,296.0,0.0,0.0,
2018-06-19,294.1000061035156,294.6700134277344,291.760009765625,292.6700134277344,3295.0,0.0,0.0,
2018-06-20,293.1000061035156,293.2000122070312,291.5,292.9599914550781,512.0,0.0,0.0,
2018-06-21,291.8500061035156,292.75,290.8999938964844,291.010009765625,654.0,0.0,0.0,
2018-06-22,289.0,292.0799865722656,288.2000122070312,292.0799865722656,1410.0,0.0,0.0,
2018-06-25,291.6499938964844,292.25,288.5,289.010009765625,3755.0,0.0,0.0,
2018-06-26,300.0,307.1000061035156,287.2999877929688,288.9700012207031,2214.0,0.0,0.0,
2018-06-27,288.0,292.5499877929688,285.0,286.7999877929688,6767.0,0.0,0.0,
2018-06-28,284.3999938964844,285.0,281.25,281.8099975585938,5449.0,0.0,0.0,
2018-06-29,283.5,287.0499877929688,283.5,286.760009765625,998.0,0.0,0.0,
2018-07-02,286.3500061035156,287.1000061035156,282.25,284.2999877929688,1216.0,0.0,0.0,
2018-07-03,288.8999938964844,292.3999938964844,282.010009765625,287.7000122070312,2331.0,0.0,0.0,
2018-07-04,284.6499938964844,285.3200073242188,283.3999938964844,285.0,320.0,0.0,0.0,
2018-07-05,284.75,285.6199951171875,283.3599853515625,283.5499877929688,220.0,0.0,0.0,
2018-07-06,284.0,286.7000122070312,283.5,285.760009765625,280.0,0.0,0.0,
2018-07-09,287.5499877929688,295.0,286.3999938964844,288.9299926757812,5150.0,0.0,0.0,
2018-07-10,258.6000061035156,291.0499877929688,258.6000061035156,290.4800109863281,1724.0,0.0,0.0,
2018-07-11,280.0,290.8599853515625,260.0,288.5,1676.0,0.0,0.0,
2018-07-12,290.0499877929688,291.4400024414062,288.0599975585938,288.3999938964844,2056.0,0.0,0.0,
2018-07-13,288.3999938964844,288.6000061035156,285.2999877929688,286.6799926757812,1307.0,0.0,0.0,
2018-07-16,290.0,294.989990234375,280.4599914550781,290.2699890136719,2863.0,0.0,0.0,
2018-07-17,290.0,290.0,275.0,283.2699890136719,9663.0,0.0,0.0,
2018-07-18,285.0,289.9500122070312,278.2799987792969,280.6600036621094,2287.0,0.0,0.0,
2018-07-19,280.2999877929688,281.6199951171875,276.4400024414062,278.8800048828125,3972.0,0.0,0.0,
2018-07-20,278.3500061035156,280.0,277.8500061035156,279.5299987792969,658.0,0.0,0.0,
2018-07-23,282.6900024414062,283.7000122070312,279.7000122070312,283.4500122070312,1161.0,0.0,0.0,
2018-07-24,285.2000122070312,291.0,285.2000122070312,291.0,2640.0,0.0,0.0,
2018-07-25,291.8500061035156,292.6499938964844,291.25,291.3599853515625,1699.0,0.0,0.0,
2018-07-26,295.0,295.0,292.3299865722656,293.2799987792969,661.0,0.0,0.0,
2018-07-27,295.0,297.0,294.9500122070312,296.0,1661.0,0.0,0.0,
2018-07-30,296.0499877929688,300.1000061035156,295.3200073242188,300.1000061035156,1147.0,0.0,0.0,
2018-07-31,299.5499877929688,301.3800048828125,299.2000122070312,301.3800048828125,2986.0,0.0,0.0,
2018-08-01,302.3500061035156,303.0,300.2000122070312,302.6000061035156,1362.0,0.0,0.0,
2018-08-02,334.3999938964844,345.0,300.75,301.1400146484375,912.0,0.0,0.0,
2018-08-03,303.3999938964844,304.3200073242188,302.75,303.3299865722656,1021.0,0.0,0.0,
2018-08-06,305.0,309.0,303.0,303.0,552.0,0.0,0.0,
2018-08-07,311.3999938964844,311.3999938964844,301.5400085449219,304.0,4111.0,0.0,0.0,
2018-08-08,304.0,305.6700134277344,304.0,304.0,954.0,0.0,0.0,
2018-08-09,304.0499877929688,306.6000061035156,304.0499877929688,306.5799865722656,3045.0,0.0,0.0,
2018-08-10,305.0499877929688,305.8299865722656,303.5,304.1700134277344,2272.0,0.0,0.0,
2018-08-13,303.0,303.5,301.0,301.2799987792969,3717.0,0.0,0.0,
2018-08-14,301.3500061035156,302.760009765625,300.010009765625,302.3999938964844,4465.0,0.0,0.0,
2018-08-16,325.0,325.0,298.6300048828125,301.010009765625,1014.0,0.0,0.0,
2018-08-17,301.010009765625,302.5,301.010009765625,302.2999877929688,563.0,0.0,0.0,
2018-08-20,304.4500122070312,307.8999938964844,302.1000061035156,307.8999938964844,618.0,0.0,0.0,
2018-08-21,307.0499877929688,308.8500061035156,307.0,308.3999938964844,2118.0,0.0,0.0,
2018-08-23,310.0,310.0,307.3699951171875,309.2900085449219,703.0,0.0,0.0,
2018-08-24,310.0,311.5400085449219,308.5,308.5,1661.0,0.0,0.0,
2018-08-27,310.5499877929688,313.1000061035156,310.5499877929688,312.0,461.0,0.0,0.0,
2018-08-28,315.0,315.0,310.75,311.5499877929688,2513.0,0.0,0.0,
2018-08-29,311.75,315.0499877929688,311.2099914550781,314.7999877929688,1585.0,0.0,0.0,
2018-08-30,315.0,317.0,314.0,316.760009765625,923.0,0.0,0.0,
2018-08-31,315.0,319.2300109863281,315.0,316.3900146484375,395.0,0.0,0.0,
2018-09-03,320.0,321.6000061035156,317.0,318.5400085449219,1522.0,0.0,0.0,
2018-09-04,313.0,320.0,305.5,306.8599853515625,4918.0,0.0,0.0,
2018-09-05,304.6000061035156,305.7999877929688,300.5,304.0299987792969,1409.0,0.0,0.0,
2018-09-06,305.0,306.8399963378906,304.0,306.7099914550781,1037.0,0.0,0.0,
2018-09-07,307.0,310.1900024414062,306.3500061035156,310.0,752.0,0.0,0.0,
2018-09-10,309.8999938964844,312.2000122070312,304.6199951171875,305.0,3186.0,0.0,0.0,
2018-09-11,304.7000122070312,305.7099914550781,300.1499938964844,300.1799926757812,5865.0,0.0,0.0,
2018-09-12,302.0,302.0,296.3999938964844,300.6900024414062,2076.0,0.0,0.0,
2018-09-14,300.7000122070312,306.1700134277344,300.7000122070312,306.0400085449219,834.0,0.0,0.0,
2018-09-17,305.0,314.1000061035156,302.0,303.4500122070312,763.0,0.0,0.0,
2018-09-18,304.2900085449219,304.2900085449219,299.2000122070312,299.3299865722656,2307.0,0.0,0.0,
2018-09-19,300.010009765625,300.3099975585938,296.5,297.8200073242188,1415.0,0.0,0.0,
2018-09-21,305.0,312.1000061035156,280.0,291.7099914550781,4391.0,0.0,0.0,
2018-09-24,295.0,295.0,283.5499877929688,284.2200012207031,9424.0,0.0,0.0,
2018-09-25,300.0,300.0,279.5,284.010009765625,3863.0,0.0,0.0,
2018-09-26,285.0,287.1400146484375,284.5499877929688,286.0,1430.0,0.0,0.0,
2018-09-27,280.0,287.3500061035156,280.0,280.9299926757812,1608.0,0.0,0.0,
2018-09-28,280.9299926757812,280.9299926757812,276.0,279.6499938964844,4791.0,0.0,0.0,
2018-10-01,280.0,280.0,272.8200073242188,277.5899963378906,5026.0,0.0,0.0,
2018-10-03,277.8999938964844,278.9400024414062,274.7099914550781,275.1199951171875,3647.0,0.0,0.0,
2018-10-04,270.0,299.9299926757812,268.2000122070312,271.0299987792969,5256.0,0.0,0.0,
2018-10-05,275.0,275.0,263.7099914550781,265.3800048828125,4984.0,0.0,0.0,
2018-10-08,273.2999877929688,289.2999877929688,258.8900146484375,262.2000122070312,7712.0,0.0,0.0,
2018-10-09,262.25,263.0,256.3299865722656,260.9500122070312,4779.0,0.0,0.0,
2018-10-10,261.7999877929688,270.6000061035156,261.5499877929688,270.1499938964844,2145.0,0.0,0.0,
2018-10-11,255.0,289.1000061035156,250.0,263.2200012207031,7706.0,0.0,0.0,
2018-10-12,270.0,270.0,267.4700012207031,268.7000122070312,1345.0,0.0,0.0,
2018-10-15,280.0,280.0,266.5,270.0199890136719,2946.0,0.0,0.0,
2018-10-16,270.0,273.5,270.0,273.4700012207031,3338.0,0.0,0.0,
2018-10-17,275.0,275.0,267.0,267.6600036621094,1522.0,0.0,0.0,
2018-10-19,267.7000122070312,267.7000122070312,263.5,265.1400146484375,4386.0,0.0,0.0,
2018-10-22,268.0,273.1000061035156,263.0,263.8399963378906,3106.0,0.0,0.0,
2018-10-23,261.7999877929688,263.4299926757812,259.0,260.5400085449219,4925.0,0.0,0.0,
2018-10-24,262.1499938964844,263.6499938964844,258.2000122070312,260.1199951171875,2837.0,0.0,0.0,
2018-10-25,260.1199951171875,260.2000122070312,257.5,257.7999877929688,3030.0,0.0,0.0,
2018-10-26,257.0,259.6000061035156,254.5,257.989990234375,4528.0,0.0,0.0,
2018-10-29,259.0,263.9599914550781,257.8999938964844,263.0199890136719,1081.0,0.0,0.0,
2018-10-30,265.0,270.0,263.6000061035156,265.1199951171875,1796.0,0.0,0.0,
2018-10-31,265.1199951171875,269.2900085449219,263.5,269.2900085449219,2637.0,0.0,0.0,
2018-11-01,267.8999938964844,272.9700012207031,267.8999938964844,271.8099975585938,1437.0,0.0,0.0,
2018-11-02,271.0,280.0,271.0,276.0299987792969,4163.0,0.0,0.0,
2018-11-05,275.0,286.7999877929688,273.510009765625,277.4200134277344,5319.0,0.0,0.0,
2018-11-06,275.0,287.1000061035156,265.0,275.5499877929688,3449.0,0.0,0.0,
2018-11-07,294.7999877929688,300.2999877929688,275.0,285.7000122070312,641.0,0.0,0.0,
2018-11-09,284.0,286.0,276.6799926757812,278.4800109863281,2512.0,0.0,0.0,
2018-11-12,279.8999938964844,280.0,275.0,275.4400024414062,1629.0,0.0,0.0,
2018-11-13,276.0,276.0,271.6499938964844,275.0299987792969,2220.0,0.0,0.0,
2018-11-14,276.6000061035156,277.3399963378906,274.8699951171875,275.1400146484375,3475.0,0.0,0.0,
2018-11-15,274.75,283.8999938964844,266.0,277.8399963378906,280.0,0.0,0.0,
2018-11-16,277.2999877929688,279.3500061035156,276.75,277.6499938964844,1399.0,0.0,0.0,
2018-11-19,278.0,282.0,277.5799865722656,280.0,1181.0,0.0,0.0,
2018-11-20,280.0,283.0,276.0,276.8299865722656,1646.0,0.0,0.0,
2018-11-21,276.8500061035156,279.2200012207031,275.4500122070312,278.0,452.0,0.0,0.0,
2018-11-22,279.2999877929688,279.2999877929688,275.8699951171875,276.5700073242188,1052.0,0.0,0.0,
2018-11-26,277.0,277.5599975585938,275.1000061035156,276.7000122070312,1501.0,0.0,0.0,
2018-11-27,277.75,278.1700134277344,276.5499877929688,276.75,1525.0,0.0,0.0,
2018-11-28,277.8900146484375,278.4800109863281,276.1000061035156,276.8999938964844,399.0,0.0,0.0,
2018-11-29,277.0,278.4500122070312,276.8999938964844,277.5799865722656,1711.0,0.0,0.0,
2018-11-30,297.0,297.0,277.8500061035156,280.3699951171875,608.0,0.0,0.0,
2018-12-03,285.0,305.6000061035156,279.7699890136719,281.5,1321.0,0.0,0.0,
2018-12-04,281.0,297.0,280.0,280.3900146484375,2712.0,0.0,0.0,
2018-12-05,281.5,281.5,275.5499877929688,277.6099853515625,3874.0,0.0,0.0,
2018-12-06,275.4500122070312,275.4500122070312,272.1499938964844,273.0199890136719,2694.0,0.0,0.0,
2018-12-07,272.0,274.4599914550781,268.0,273.9500122070312,749.0,0.0,0.0,
2018-12-10,269.7999877929688,272.2999877929688,268.1000061035156,269.3900146484375,2510.0,0.0,0.0,
2018-12-11,266.9500122070312,274.2900085449219,266.9500122070312,273.6900024414062,3340.0,0.0,0.0,
2018-12-12,274.7000122070312,279.5,274.7000122070312,278.9200134277344,346.0,0.0,0.0,
2018-12-13,281.5,283.2000122070312,279.7999877929688,282.1000061035156,481.0,0.0,0.0,
2018-12-14,281.0,283.5,281.0,283.4500122070312,759.0,0.0,0.0,
2018-12-17,285.0,293.1000061035156,277.0,284.2900085449219,2258.0,0.0,0.0,
2018-12-18,283.6300048828125,286.0,283.6300048828125,285.489990234375,1036.0,0.0,0.0,
2018-12-19,280.0,294.0,275.8999938964844,289.6099853515625,3246.0,0.0,0.0,
2018-12-20,291.0,293.5,288.5,289.1600036621094,1645.0,0.0,0.0,
2018-12-21,289.5,290.3999938964844,284.9400024414062,285.5,1803.0,0.0,0.0,
2018-12-24,290.0,297.1000061035156,281.0,281.3699951171875,2358.0,0.0,0.0,
2018-12-26,281.0,284.9500122070312,270.0,282.0,4237.0,0.0,0.0,
2018-12-27,283.0,284.1199951171875,280.0,281.9800109863281,538.0,0.0,0.0,
2018-12-28,284.5,285.9800109863281,284.0,285.8999938964844,1254.0,0.0,0.0,
2018-12-31,288.0,293.0,281.0,287.1799926757812,714.0,0.0,0.0,
2019-01-01,288.0,288.0,284.75,286.4700012207031,2641.0,0.0,0.0,
2019-01-02,287.0,287.0,275.8999938964844,283.0,1092.0,0.0,0.0,
2019-01-03,283.6000061035156,285.5400085449219,281.7300109863281,281.9200134277344,1667.0,0.0,0.0,
2019-01-04,282.8200073242188,282.9100036621094,280.5,282.5499877929688,2639.0,0.0,0.0,
2019-01-07,283.5700073242188,283.7699890136719,281.0700073242188,282.2099914550781,1917.0,0.0,0.0,
2019-01-08,280.0,282.5,275.0,281.75,3232.0,0.0,0.0,
2019-01-09,281.760009765625,283.3599853515625,280.0,281.0,2302.0,0.0,0.0,
2019-01-10,281.989990234375,282.5,281.0,282.3299865722656,14427.0,0.0,0.0,
2019-01-11,282.9200134277344,282.9200134277344,281.010009765625,282.1099853515625,3996.0,0.0,0.0,
2019-01-14,280.3500061035156,280.4599914550781,278.5,280.3399963378906,1587.0,0.0,0.0,
2019-01-15,300.0,305.6000061035156,280.0799865722656,281.3399963378906,1739.0,0.0,0.0,
2019-01-16,282.0,283.0,281.5,282.2799987792969,1295.0,0.0,0.0,
2019-01-17,283.0299987792969,283.4299926757812,281.0499877929688,281.0499877929688,220.0,0.0,0.0,
2019-01-18,281.0499877929688,281.5199890136719,278.7999877929688,279.2699890136719,2849.0,0.0,0.0,
2019-01-21,283.0,289.1000061035156,278.3399963378906,278.3399963378906,673.0,0.0,0.0,
2019-01-22,280.0,280.0,276.75,278.3299865722656,2038.0,0.0,0.0,
2019-01-23,279.5199890136719,279.6199951171875,277.1000061035156,277.9400024414062,1179.0,0.0,0.0,
2019-01-24,278.0,278.1700134277344,276.3099975585938,276.3099975585938,654.0,0.0,0.0,
2019-01-25,278.4599914550781,278.5,272.6499938964844,273.6900024414062,1148.0,0.0,0.0,
2019-01-28,273.6900024414062,279.0,267.5,268.8900146484375,5658.0,0.0,0.0,
2019-01-29,268.8900146484375,269.6799926757812,266.9599914550781,268.8699951171875,2123.0,0.0,0.0,
2019-01-30,268.8699951171875,269.2799987792969,267.5,269.010009765625,923.0,0.0,0.0,
2019-01-31,270.0,270.739990234375,267.5700073242188,270.4500122070312,2119.0,0.0,0.0,
2019-02-01,272.0,274.0,270.5,273.2999877929688,4883.0,0.0,0.0,
2019-02-04,273.0,273.0,269.0,270.5,1475.0,0.0,0.0,
2019-02-05,275.0,275.0,267.75,268.0,2684.0,0.0,0.0,
2019-02-06,275.0,275.0,267.0,269.8399963378906,3770.0,0.0,0.0,
2019-02-07,273.0,277.0,272.0,273.5700073242188,2532.0,0.0,0.0,
2019-02-08,277.0,277.0,270.2000122070312,270.2999877929688,820.0,0.0,0.0,
2019-02-11,270.2999877929688,270.2999877929688,266.0,267.0899963378906,3305.0,0.0,0.0,
2019-02-12,267.1000061035156,267.8800048828125,265.8699951171875,266.1199951171875,6668.0,0.0,0.0,
2019-02-14,269.0,269.0,260.7000122070312,263.7000122070312,5658.0,0.0,0.0,
2019-02-15,263.7000122070312,263.7000122070312,257.5700073242188,260.0,9377.0,0.0,0.0,
2019-02-18,262.0,262.0,256.0,257.4800109863281,3636.0,0.0,0.0,
2019-02-19,259.3599853515625,260.0,258.2300109863281,258.5499877929688,1365.0,0.0,0.0,
2019-02-20,260.25,261.5,259.5,261.010009765625,3436.0,0.0,0.0,
2019-02-21,263.0,267.0,261.9299926757812,263.3999938964844,635.0,0.0,0.0,
2019-02-22,263.0,265.9599914550781,263.0,264.8299865722656,995.0,0.0,0.0,
2019-02-25,265.0,267.4700012207031,265.0,267.3599853515625,5916.0,0.0,0.0,
2019-02-26,271.0,275.0,263.3599853515625,267.0,2920.0,0.0,0.0,
2019-02-27,269.7900085449219,271.0,265.3399963378906,268.0,3921.0,0.0,0.0,
2019-02-28,267.5,270.3999938964844,267.5,270.1199951171875,1203.0,0.0,0.0,
2019-03-01,271.0,273.7200012207031,271.0,272.5599975585938,2340.0,0.0,0.0,
2019-03-05,273.0,278.7000122070312,273.0,278.1300048828125,6462.0,0.0,0.0,
2019-03-06,277.5,282.2200012207031,277.5,280.0799865722656,3841.0,0.0,0.0,
2019-03-07,280.0,281.8900146484375,278.4100036621094,279.5199890136719,3495.0,0.0,0.0,
2019-03-08,270.0,289.3999938964844,254.3999938964844,279.7300109863281,1657.0,0.0,0.0,
2019-03-11,283.0,288.0,282.4800109863281,285.6000061035156,3240.0,0.0,0.0,
2019-03-12,286.0,289.7999877929688,286.0,288.0899963378906,11529.0,0.0,0.0,
2019-03-13,288.0,295.0,285.010009765625,286.1700134277344,2422.0,0.0,0.0,
2019-03-14,285.5,285.8599853515625,284.0,284.8299865722656,2829.0,0.0,0.0,
2019-03-15,292.0,293.0,276.8999938964844,284.4800109863281,2624.0,0.0,0.0,
2019-03-18,300.0,300.0,274.8999938964844,285.3900146484375,3578.0,0.0,0.0,
2019-03-19,287.0,287.0,284.3999938964844,286.0400085449219,7512.0,0.0,0.0,
2019-03-20,287.0,287.0,284.0,285.3699951171875,2277.0,0.0,0.0,
2019-03-22,285.0,287.0,283.3399963378906,283.5199890136719,4764.0,0.0,0.0,
2019-03-25,281.1000061035156,282.0,279.25,281.2000122070312,4037.0,0.0,0.0,
2019-03-26,280.7000122070312,283.25,279.8599853515625,282.75,12872.0,0.0,0.0,
2019-03-27,283.9800109863281,284.0,282.0,282.0199890136719,1375.0,0.0,0.0,
2019-03-28,281.0,285.0,281.0,284.0,1274.0,0.0,0.0,
2019-04-01,290.1000061035156,294.0,287.4800109863281,289.6499938964844,2594.0,0.0,0.0,
2019-04-02,289.2300109863281,289.5199890136719,287.0,287.2900085449219,1509.0,0.0,0.0,
2019-04-03,292.2900085449219,292.2900085449219,286.2799987792969,286.4700012207031,2032.0,0.0,0.0,
2019-04-04,286.9700012207031,286.9700012207031,284.7200012207031,286.5,10201.0,0.0,0.0,
2019-04-05,287.1400146484375,288.3599853515625,286.010009765625,287.3800048828125,3416.0,0.0,0.0,
2019-04-08,290.0,290.0,285.0,285.7999877929688,722.0,0.0,0.0,
2019-04-09,285.5499877929688,286.0,284.5,286.0,2531.0,0.0,0.0,
2019-04-10,287.7200012207031,288.1199951171875,286.1000061035156,286.6000061035156,2180.0,0.0,0.0,
2019-04-11,286.8999938964844,287.5,285.25,287.0400085449219,527.0,0.0,0.0,
2019-04-12,287.0,288.7300109863281,287.0,288.25,4851.0,0.0,0.0,
2019-04-15,288.25,289.7200012207031,288.25,289.5700073242188,4130.0,0.0,0.0,
2019-04-16,289.0,291.739990234375,289.0,291.7099914550781,10211.0,0.0,0.0,
2019-04-18,291.5,291.7000122070312,287.8200073242188,290.0700073242188,1947.0,0.0,0.0,
2019-04-22,289.0,298.0,285.0199890136719,285.1600036621094,3793.0,0.0,0.0,
2019-04-23,286.0,286.0,284.0,284.5899963378906,3056.0,0.0,0.0,
2019-04-24,284.2000122070312,286.4500122070312,284.1000061035156,285.8200073242188,591.0,0.0,0.0,
2019-04-25,286.0,287.7000122070312,284.8999938964844,285.3900146484375,1767.0,0.0,0.0,
2019-04-26,285.2200012207031,286.5400085449219,284.5,285.1099853515625,2682.0,0.0,0.0,
2019-04-30,285.0,285.0,281.4100036621094,283.2099914550781,16482.0,0.0,0.0,
2019-05-02,288.0,288.0,282.0,282.4200134277344,3182.0,0.0,0.0,
2019-05-03,295.0,295.0,280.7000122070312,281.3099975585938,2277.0,0.0,0.0,
2019-05-06,281.3099975585938,282.0,277.7000122070312,277.8299865722656,6163.0,0.0,0.0,
2019-05-07,279.25,279.25,275.5499877929688,275.989990234375,3595.0,0.0,0.0,
2019-05-08,276.7000122070312,276.7000122070312,271.0599975585938,272.9100036621094,9665.0,0.0,0.0,
2019-05-09,292.0,297.5,270.0,272.2699890136719,12601.0,0.0,0.0,
2019-05-10,272.5499877929688,275.25,271.010009765625,271.3099975585938,9171.0,0.0,0.0,
2019-05-13,271.0,271.0,266.1000061035156,266.6199951171875,8451.0,0.0,0.0,
2019-05-14,266.8999938964844,268.2999877929688,264.0,267.1000061035156,9884.0,0.0,0.0,
2019-05-15,267.0,268.1799926757812,265.2300109863281,265.6000061035156,4315.0,0.0,0.0,
2019-05-16,270.0,270.0,263.0,264.8200073242188,5184.0,0.0,0.0,
2019-05-17,264.7000122070312,268.2000122070312,263.5,267.1799926757812,8334.0,0.0,0.0,
2019-05-20,267.2000122070312,276.8699951171875,267.2000122070312,276.7799987792969,14581.0,0.0,0.0,
2019-05-21,272.7000122070312,278.2300109863281,265.7000122070312,273.9400024414062,4227.0,0.0,0.0,
2019-05-22,273.9500122070312,274.7300109863281,272.0,274.3999938964844,3987.0,0.0,0.0,
2019-05-23,284.0,295.0,274.3999938964844,275.2300109863281,20455.0,0.0,0.0,
2019-05-24,280.0,282.1300048828125,275.8900146484375,280.010009765625,10241.0,0.0,0.0,
2019-05-27,281.0,283.1199951171875,281.0,282.5400085449219,17600.0,0.0,0.0,
2019-05-28,285.0,287.0,282.8999938964844,283.3999938964844,3977.0,0.0,0.0,
2019-05-29,283.0499877929688,283.2900085449219,282.0,282.6300048828125,10112.0,0.0,0.0,
2019-05-30,284.989990234375,291.1000061035156,281.6000061035156,282.3999938964844,7227.0,0.0,0.0,
2019-05-31,285.0,285.0,283.0,283.2999877929688,7535.0,0.0,0.0,
2019-06-03,283.0,287.7000122070312,283.0,287.6000061035156,15683.0,0.0,0.0,
2019-06-04,288.0,288.0,285.5499877929688,285.7799987792969,3784.0,0.0,0.0,
2019-06-06,285.8500061035156,285.8500061035156,279.0,279.989990234375,7231.0,0.0,0.0,
2019-06-07,299.6000061035156,305.2000122070312,277.8999938964844,279.5700073242188,11783.0,0.0,0.0,
2019-06-10,281.0,281.6799926757812,279.2900085449219,280.489990234375,4680.0,0.0,0.0,
2019-06-11,280.260009765625,281.5,278.3800048828125,281.0599975585938,7184.0,0.0,0.0,
2019-06-12,281.5499877929688,281.7200012207031,279.1000061035156,280.0799865722656,1558.0,0.0,0.0,
2019-06-13,279.6000061035156,280.3800048828125,277.1000061035156,280.1600036621094,5834.0,0.0,0.0,
2019-06-14,280.0,280.0,275.2999877929688,277.8999938964844,11567.0,0.0,0.0,
2019-06-17,276.8999938964844,276.8999938964844,271.4500122070312,273.0400085449219,5277.0,0.0,0.0,
2019-06-18,276.0,295.0,265.1000061035156,272.7300109863281,17542.0,0.0,0.0,
2019-06-19,278.2000122070312,278.2000122070312,269.0599975585938,271.4100036621094,4455.0,0.0,0.0,
2019-06-20,275.0,275.4500122070312,269.5499877929688,274.8999938964844,10057.0,0.0,0.0,
2019-06-21,280.0,280.0,269.0,275.3800048828125,1736.0,0.0,0.0,
2019-06-24,265.0,285.0,265.0,275.4700012207031,3174.0,0.0,0.0,
2019-06-25,275.3999938964844,276.6099853515625,274.0499877929688,276.489990234375,3120.0,0.0,0.0,
2019-06-26,274.25,278.0499877929688,274.0,277.7699890136719,744.0,0.0,0.0,
2019-06-27,279.0,280.0,278.2999877929688,280.0,1445.0,0.0,0.0,
2019-06-28,280.0,281.0,279.010009765625,279.6099853515625,4245.0,0.0,0.0,
2019-07-01,283.0,287.0,280.0,280.3800048828125,1380.0,0.0,0.0,
2019-07-02,283.0,286.989990234375,279.5,282.0,2747.0,0.0,0.0,
2019-07-03,282.4800109863281,283.1799926757812,281.2699890136719,281.9800109863281,1702.0,0.0,0.0,
2019-07-04,283.0,284.3900146484375,282.75,283.6799926757812,2948.0,0.0,0.0,
2019-07-05,284.5899963378906,284.6000061035156,279.0,280.5299987792969,4413.0,0.0,0.0,
2019-07-08,282.0,282.0,274.5,279.6099853515625,11468.0,0.0,0.0,
2019-07-09,282.0,282.0,272.7000122070312,275.6900024414062,8314.0,0.0,0.0,
2019-07-10,295.0,300.5,273.0499877929688,274.5,9858.0,0.0,0.0,
2019-07-11,275.0700073242188,276.1400146484375,273.0,275.9400024414062,2499.0,0.0,0.0,
2019-07-12,276.5,277.8999938964844,275.5,276.7799987792969,4332.0,0.0,0.0,
2019-07-15,280.0,280.0,275.1300048828125,277.1400146484375,1146.0,0.0,0.0,
2019-07-16,275.3900146484375,280.0,275.3900146484375,279.8299865722656,4210.0,0.0,0.0,
2019-07-17,280.9299926757812,281.5700073242188,279.5299987792969,280.0,1751.0,0.0,0.0,
2019-07-18,281.3599853515625,281.989990234375,277.0799865722656,278.2999877929688,8515.0,0.0,0.0,
2019-07-19,281.6900024414062,281.6900024414062,273.0,273.0299987792969,12496.0,0.0,0.0,
2019-07-22,272.0,276.989990234375,270.489990234375,273.8299865722656,5257.0,0.0,0.0,
2019-07-23,275.0,278.9599914550781,272.0,272.760009765625,17214.0,0.0,0.0,
2019-07-24,278.2000122070312,278.2000122070312,267.1000061035156,268.3699951171875,11976.0,0.0,0.0,
2019-07-25,268.2900085449219,271.6499938964844,265.010009765625,269.8200073242188,1850.0,0.0,0.0,
2019-07-26,273.0,275.0,267.0,272.75,4835.0,0.0,0.0,
2019-07-29,270.7000122070312,277.0,266.0,269.2999877929688,11065.0,0.0,0.0,
2019-07-30,273.0,277.0,265.4100036621094,265.75,4670.0,0.0,0.0,
2019-07-31,265.75,268.0,262.0,267.2900085449219,5253.0,0.0,0.0,
2019-08-01,268.0,273.1000061035156,261.0,264.6600036621094,15179.0,0.0,0.0,
2019-08-02,284.0,284.0,260.0,264.6799926757812,8123.0,0.0,0.0,
2019-08-05,275.0,277.7000122070312,260.5,263.0,6686.0,0.0,0.0,
2019-08-06,263.1000061035156,265.5,263.1000061035156,265.2300109863281,4920.0,0.0,0.0,
2019-08-07,267.0299987792969,270.0,265.010009765625,265.3900146484375,9386.0,0.0,0.0,
2019-08-08,265.3900146484375,267.0,263.7099914550781,266.760009765625,2301.0,0.0,0.0,
2019-08-09,275.0,275.0,267.4200134277344,269.8900146484375,7070.0,0.0,0.0,
2019-08-13,271.0,279.0,263.7200012207031,263.8599853515625,18620.0,0.0,0.0,
2019-08-14,269.1000061035156,272.0,263.0,266.3999938964844,6591.0,0.0,0.0,
2019-08-16,266.3999938964844,267.6300048828125,261.1000061035156,267.4200134277344,3882.0,0.0,0.0,
2019-08-19,267.4500122070312,274.0,262.0,267.2999877929688,2834.0,0.0,0.0,
2019-08-20,267.0,267.0,262.8399963378906,265.3999938964844,4250.0,0.0,0.0,
2019-08-21,280.0,280.0,261.0799865722656,262.9400024414062,20615.0,0.0,0.0,
2019-08-22,268.2000122070312,272.0,259.0,259.2900085449219,13328.0,0.0,0.0,
2019-08-23,258.7000122070312,261.3699951171875,255.1900024414062,260.7799987792969,10590.0,0.0,0.0,
2019-08-26,266.0,269.1000061035156,259.6400146484375,264.989990234375,9138.0,0.0,0.0,
2019-08-27,265.0,269.2000122070312,265.0,268.8599853515625,2451.0,0.0,0.0,
2019-08-28,267.7000122070312,269.7000122070312,266.1600036621094,267.9200134277344,856.0,0.0,0.0,
2019-08-29,267.9200134277344,269.989990234375,265.989990234375,268.010009765625,2706.0,0.0,0.0,
2019-08-30,269.5499877929688,271.8500061035156,265.6700134277344,271.1400146484375,5300.0,0.0,0.0,
2019-09-03,275.0,275.0,268.0,271.5499877929688,16629.0,0.0,0.0,
2019-09-04,267.0499877929688,267.7000122070312,262.0,264.989990234375,8079.0,0.0,0.0,
2019-09-05,268.0,272.0,265.5899963378906,266.8299865722656,1528.0,0.0,0.0,
2019-09-06,268.0,273.0899963378906,262.0,267.6700134277344,3555.0,0.0,0.0,
2019-09-09,267.0,271.0,267.0,269.2099914550781,5236.0,0.0,0.0,
2019-09-11,270.0,271.2699890136719,268.5199890136719,270.760009765625,5865.0,0.0,0.0,
2019-09-12,270.0,272.7900085449219,267.7099914550781,270.8599853515625,9538.0,0.0,0.0,
2019-09-13,267.5,272.2999877929688,267.5,271.3500061035156,3580.0,0.0,0.0,
2019-09-16,267.0,272.8999938964844,267.0,272.4400024414062,7856.0,0.0,0.0,
2019-09-17,267.010009765625,272.0,267.010009765625,267.8800048828125,9307.0,0.0,0.0,
2019-09-18,285.0,285.0,267.0,269.1700134277344,3975.0,0.0,0.0,
2019-09-19,265.010009765625,272.0,265.010009765625,267.6300048828125,14858.0,0.0,0.0,
2019-09-20,265.0,281.0,265.0,280.0700073242188,9643.0,0.0,0.0,
2019-09-23,275.0,300.0,265.010009765625,286.7099914550781,703741.0,0.0,0.0,
2019-09-24,281.0,294.0,280.0400085449219,287.3399963378906,185297.0,0.0,0.0,
2019-09-25,287.3399963378906,287.3399963378906,281.0,282.7300109863281,2220.0,0.0,0.0,
2019-09-26,282.25,286.7799987792969,282.25,286.0899963378906,188517.0,0.0,0.0,
2019-09-27,285.7000122070312,286.9100036621094,285.510009765625,286.0,182288.0,0.0,0.0,
2019-09-30,287.989990234375,287.989990234375,281.2999877929688,282.8500061035156,222094.0,0.0,0.0,
2019-10-01,285.0,285.0,276.4200134277344,280.8299865722656,10849.0,0.0,0.0,
2019-10-03,280.8399963378906,284.7999877929688,277.0,278.9100036621094,10584.0,0.0,0.0,
2019-10-04,280.0,283.0,276.0,278.0,15370.0,0.0,0.0,
2019-10-07,278.0,292.0,270.6000061035156,270.6700134277344,24266.0,0.0,0.0,
2019-10-09,265.2999877929688,276.1000061035156,240.8999938964844,273.2099914550781,4481.0,0.0,0.0,
2019-10-10,273.2999877929688,274.25,270.4599914550781,272.7300109863281,3388.0,0.0,0.0,
2019-10-11,270.7000122070312,277.0,270.0,273.7900085449219,1753.0,0.0,0.0,
2019-10-14,277.0,277.0,273.0,275.5899963378906,2897.0,0.0,0.0,
2019-10-15,274.1700134277344,278.1700134277344,274.1700134277344,277.6900024414062,2372.0,0.0,0.0,
2019-10-16,280.0,306.7999877929688,270.5,280.3299865722656,4515.0,0.0,0.0,
2019-10-17,280.0,284.989990234375,278.760009765625,282.25,2184.0,0.0,0.0,
2019-10-18,280.0,286.5499877929688,280.0,286.2000122070312,2627.0,0.0,0.0,
2019-10-22,286.2000122070312,291.5,283.0299987792969,289.7999877929688,12739.0,0.0,0.0,
2019-10-23,287.0899963378906,290.0,287.0,289.5199890136719,6273.0,0.0,0.0,
2019-10-24,289.9500122070312,290.6700134277344,285.5899963378906,287.6600036621094,10781.0,0.0,0.0,
2019-10-25,287.6600036621094,293.0,286.0,287.5400085449219,2323.0,0.0,0.0,
2019-10-27,294.0,298.0,287.5400085449219,289.5599975585938,2913.0,0.0,0.0,
2019-10-29,307.7000122070312,319.2000122070312,287.6300048828125,290.8800048828125,2689.0,0.0,0.0,
2019-10-30,285.1000061035156,296.010009765625,285.0,295.8900146484375,11528.0,0.0,0.0,
2019-10-31,295.0499877929688,296.9500122070312,292.7000122070312,294.989990234375,7726.0,0.0,0.0,
2019-11-01,299.0,299.0,293.2999877929688,295.5700073242188,4246.0,0.0,0.0,
2019-11-04,316.2999877929688,328.1000061035156,293.2999877929688,295.0,3708.0,0.0,0.0,
2019-11-05,296.0,297.8299865722656,292.0,293.1700134277344,7845.0,0.0,0.0,
2019-11-06,291.75,294.3399963378906,290.2999877929688,293.4599914550781,16318.0,0.0,0.0,
2019-11-07,295.9500122070312,295.9500122070312,292.3299865722656,294.5199890136719,3437.0,0.0,0.0,
2019-11-08,300.0,300.0,289.2000122070312,292.3399963378906,4763.0,0.0,0.0,
2019-11-11,292.3500061035156,294.0,290.1400146484375,291.0599975585938,103828.0,0.0,0.0,
2019-11-13,291.0,294.1300048828125,291.0,292.2099914550781,12592.0,0.0,0.0,
2019-11-14,294.0,294.0,287.7900085449219,288.6900024414062,476345.0,0.0,0.0,
2019-11-15,287.0,293.5,286.0,289.3399963378906,10236.0,0.0,0.0,
2019-11-18,290.0,291.0,289.0,289.8900146484375,2533.0,0.0,0.0,
2019-11-19,289.0700073242188,289.8900146484375,288.0299987792969,288.3999938964844,1644.0,0.0,0.0,
2019-11-20,288.0,291.1900024414062,286.2099914550781,290.5400085449219,2757.0,0.0,0.0,
2019-11-21,292.0,292.7999877929688,288.760009765625,290.1700134277344,2267.0,0.0,0.0,
2019-11-22,289.6199951171875,289.8299865722656,286.739990234375,289.4500122070312,7196.0,0.0,0.0,
2019-11-25,288.7000122070312,291.7000122070312,287.8999938964844,290.7900085449219,7210.0,0.0,0.0,
2019-11-26,290.7999877929688,294.5,289.0,289.5299987792969,6239.0,0.0,0.0,
2019-11-27,293.0,293.0,290.4599914550781,291.3800048828125,1795.0,0.0,0.0,
2019-11-28,292.0,300.0,291.7000122070312,297.4700012207031,137264.0,0.0,0.0,
2019-11-29,295.0,298.6000061035156,293.0,295.4400024414062,138735.0,0.0,0.0,
2019-12-02,301.2999877929688,307.2999877929688,292.0,293.6000061035156,2110.0,0.0,0.0,
2019-12-03,293.4500122070312,294.5,290.5,291.8800048828125,2584.0,0.0,0.0,
2019-12-04,293.0,293.0,288.7999877929688,292.3599853515625,4249.0,0.0,0.0,
2019-12-05,292.0,300.0,289.25,290.010009765625,6178.0,0.0,0.0,
2019-12-06,310.2999877929688,316.1000061035156,286.3099975585938,287.2999877929688,12011.0,0.0,0.0,
2019-12-09,287.2999877929688,288.3699951171875,285.6499938964844,286.3299865722656,6872.0,0.0,0.0,
2019-12-10,281.0,294.0,280.9500122070312,283.1400146484375,3896.0,0.0,0.0,
2019-12-11,284.0,289.0,281.010009765625,284.3699951171875,5211.0,0.0,0.0,
2019-12-12,284.1499938964844,286.9400024414062,281.0,286.3299865722656,2458.0,0.0,0.0,
2019-12-13,286.7099914550781,289.5599975585938,286.7000122070312,289.4500122070312,4586.0,0.0,0.0,
2019-12-16,295.0,295.0,287.5499877929688,287.989990234375,3462.0,0.0,0.0,
2019-12-17,294.0,308.1000061035156,286.0,289.0599975585938,2461.0,0.0,0.0,
2019-12-18,286.0,289.0,285.9400024414062,288.75,1109.0,0.0,0.0,
2019-12-19,295.0,295.0,288.75,290.0599975585938,1556.0,0.0,0.0,
2019-12-20,290.0599975585938,292.0899963378906,289.7699890136719,291.6900024414062,1829.0,0.0,0.0,
2019-12-23,291.010009765625,294.4400024414062,290.2000122070312,292.9299926757812,3133.0,0.0,0.0,
2019-12-24,291.75,292.5,291.0,292.3800048828125,4299.0,0.0,0.0,
2019-12-26,298.0,298.0,291.0499877929688,291.9599914550781,6644.0,0.0,0.0,
2019-12-27,298.0,298.0499877929688,290.4200134277344,293.2300109863281,3479.0,0.0,0.0,
2019-12-30,294.0,294.0,290.489990234375,293.2799987792969,15664.0,0.0,0.0,
2019-12-31,293.0,293.2999877929688,291.6400146484375,291.8299865722656,2667.0,0.0,0.0,
2020-01-01,297.0,318.1000061035156,291.2099914550781,291.6199951171875,1402.0,0.0,0.0,
2020-01-02,291.2000122070312,294.1000061035156,290.1600036621094,293.9599914550781,4333.0,0.0,0.0,
2020-01-03,303.0,303.0,290.1000061035156,293.4700012207031,4997.0,0.0,0.0,
2020-01-06,291.7000122070312,291.7000122070312,285.8099975585938,287.8699951171875,9640.0,0.0,0.0,
2020-01-07,293.6000061035156,299.3999938964844,288.0199890136719,289.3299865722656,3024.0,0.0,0.0,
2020-01-08,290.0,290.0,286.010009765625,288.1000061035156,4042.0,0.0,0.0,
2020-01-09,295.9500122070312,295.9500122070312,290.0,290.75,18947.0,0.0,0.0,
2020-01-10,296.6000061035156,296.6000061035156,291.8900146484375,292.8699951171875,1563.0,0.0,0.0,
2020-01-13,295.0,296.8200073242188,293.2699890136719,296.0400085449219,6130.0,0.0,0.0,
2020-01-14,296.0,299.0,295.6400146484375,297.0199890136719,2182.0,0.0,0.0,
2020-01-15,294.7000122070312,298.0,294.4100036621094,297.1000061035156,174651.0,0.0,0.0,
2020-01-16,303.0,309.0,297.0499877929688,298.6799926757812,2640.0,0.0,0.0,
2020-01-17,298.6799926757812,299.5,296.5,299.0,1159.0,0.0,0.0,
2020-01-20,300.0,300.0499877929688,295.0,296.8299865722656,4902.0,0.0,0.0,
2020-01-21,292.9599914550781,296.8800048828125,292.9500122070312,295.0299987792969,4814.0,0.0,0.0,
2020-01-22,291.1499938964844,304.9500122070312,291.1000061035156,294.9800109863281,3507.0,0.0,0.0,
2020-01-23,295.0,301.0,294.510009765625,297.6400146484375,2013.0,0.0,0.0,
2020-01-24,298.9599914550781,300.6000061035156,298.0,300.2200012207031,6109.0,0.0,0.0,
2020-01-27,299.8699951171875,301.0400085449219,293.1000061035156,298.6799926757812,128874.0,0.0,0.0,
2020-01-28,304.7000122070312,304.7000122070312,295.8999938964844,296.7099914550781,181299.0,0.0,0.0,
2020-01-29,298.0,299.9500122070312,297.75,297.760009765625,62740.0,0.0,0.0,
2020-01-30,299.9800109863281,299.9800109863281,293.1000061035156,294.1000061035156,6500.0,0.0,0.0,
2020-01-31,294.5,294.7799987792969,291.6000061035156,291.8800048828125,5876.0,0.0,0.0,
2020-02-03,291.7000122070312,297.3999938964844,280.4700012207031,283.3599853515625,8698.0,0.0,0.0,
2020-02-04,288.5,294.989990234375,283.7000122070312,289.3299865722656,7714.0,0.0,0.0,
2020-02-05,290.0,298.0,289.5,291.4800109863281,14212.0,0.0,0.0,
2020-02-06,293.760009765625,296.2099914550781,292.7999877929688,294.7999877929688,23117.0,0.0,0.0,
2020-02-07,291.0499877929688,299.5700073242188,291.0,299.1799926757812,3365.0,0.0,0.0,
2020-02-10,300.0,300.0,297.0499877929688,298.0,2029.0,0.0,0.0,
2020-02-11,295.0,300.0,295.0,298.0799865722656,9524.0,0.0,0.0,
2020-02-12,299.8999938964844,299.8999938964844,296.5199890136719,297.510009765625,4542.0,0.0,0.0,
2020-02-13,291.0,297.989990234375,291.0,296.2000122070312,1015.0,0.0,0.0,
2020-02-14,296.0,297.9400024414062,293.9599914550781,294.0400085449219,4650.0,0.0,0.0,
2020-02-17,295.9500122070312,296.4299926757812,290.25,291.0599975585938,8476.0,0.0,0.0,
2020-02-18,290.0,294.739990234375,285.2999877929688,289.7799987792969,7315.0,0.0,0.0,
2020-02-19,290.6499938964844,294.4500122070312,290.0499877929688,293.7000122070312,1249.0,0.0,0.0,
2020-02-20,291.0,298.0,291.0,296.0199890136719,4137.0,0.0,0.0,
2020-02-24,298.0,302.0,288.5700073242188,290.8900146484375,14636.0,0.0,0.0,
2020-02-25,297.9500122070312,297.9500122070312,286.7699890136719,288.0400085449219,9779.0,0.0,0.0,
2020-02-26,292.0499877929688,292.0499877929688,284.0,284.260009765625,10042.0,0.0,0.0,
2020-02-27,284.0,289.7999877929688,280.0499877929688,284.3099975585938,15434.0,0.0,0.0,
2020-02-28,295.7000122070312,298.8999938964844,272.0,274.260009765625,38655.0,0.0,0.0,
2020-03-02,290.0,290.0,270.0,273.6000061035156,13242.0,0.0,0.0,
2020-03-03,279.1000061035156,284.0,273.0,278.760009765625,6845.0,0.0,0.0,
2020-03-04,280.0,285.0,272.8299865722656,275.8399963378906,282313.0,0.0,0.0,
2020-03-05,281.3999938964844,286.8999938964844,275.0,277.3800048828125,3876.0,0.0,0.0,
2020-03-06,275.0,282.0,271.6000061035156,272.7000122070312,27044.0,0.0,0.0,
2020-03-09,278.2000122070312,283.6000061035156,258.010009765625,267.7000122070312,54781.0,0.0,0.0,
2020-03-11,273.0499877929688,278.0,258.8800048828125,260.8399963378906,31006.0,0.0,0.0,
2020-03-12,262.0,262.0,236.1999969482422,244.5299987792969,51748.0,0.0,0.0,
2020-03-13,234.6999969482422,264.8299865722656,222.5,259.4700012207031,21599.0,0.0,0.0,
2020-03-16,249.1000061035156,269.7999877929688,249.1000061035156,262.3900146484375,17603.0,0.0,0.0,
2020-03-17,262.3900146484375,269.0,229.8099975585938,240.8999938964844,20900.0,0.0,0.0,
2020-03-18,243.0,248.0,220.0,226.6300048828125,29940.0,0.0,0.0,
2020-03-19,220.0,235.0,197.5,216.6499938964844,58994.0,0.0,0.0,
2020-03-20,219.8999938964844,222.0,210.0500030517578,219.2799987792969,20939.0,0.0,0.0,
2020-03-23,221.0,221.0,199.0,204.4499969482422,21785.0,0.0,0.0,
2020-03-24,204.4499969482422,219.0,195.0500030517578,197.9900054931641,21515.0,0.0,0.0,
2020-03-25,197.0,213.9499969482422,190.0,210.1499938964844,32328.0,0.0,0.0,
2020-03-26,210.1399993896484,216.8500061035156,208.0,215.8600006103516,15996.0,0.0,0.0,
2020-03-27,218.0,223.7799987792969,216.0,217.5700073242188,15290.0,0.0,0.0,
2020-03-30,217.6499938964844,224.0,210.0,217.9100036621094,14305.0,0.0,0.0,
2020-03-31,220.9499969482422,221.0,212.1900024414062,220.0500030517578,8170.0,0.0,0.0,
2020-04-01,213.0500030517578,219.6000061035156,210.8999938964844,219.3500061035156,6500.0,0.0,0.0,
2020-04-03,219.0,219.0,202.0,214.4299926757812,14596.0,0.0,0.0,
2020-04-07,248.0,255.0,217.0,233.0399932861328,27133.0,0.0,0.0,
2020-04-08,233.0399932861328,248.0,212.1000061035156,233.1699981689453,12953.0,0.0,0.0,
2020-04-09,242.5,254.1999969482422,236.0,240.2799987792969,12347.0,0.0,0.0,
2020-04-13,242.0,245.0,229.1600036621094,233.6000061035156,12135.0,0.0,0.0,
2020-04-15,236.0,245.0,236.0,244.1499938964844,8229.0,0.0,0.0,
2020-04-16,246.1499938964844,246.1499938964844,237.3000030517578,243.0500030517578,7620.0,0.0,0.0,
2020-04-17,243.0500030517578,251.0,242.6300048828125,247.7100067138672,8196.0,0.0,0.0,
2020-04-20,250.0,250.0,244.0,246.4199981689453,8151.0,0.0,0.0,
2020-04-21,219.3000030517578,250.0,219.3000030517578,240.2200012207031,12928.0,0.0,0.0,
2020-04-22,245.0,245.0,236.0,241.8699951171875,4442.0,0.0,0.0,
2020-04-23,243.8999938964844,247.9900054931641,242.2899932861328,245.3000030517578,7809.0,0.0,0.0,
2020-04-24,250.3000030517578,250.3000030517578,238.0,242.8500061035156,3467.0,0.0,0.0,
2020-04-27,244.0,247.75,238.0099945068359,243.8800048828125,13111.0,0.0,0.0,
2020-04-28,245.1900024414062,245.1999969482422,242.0099945068359,243.6499938964844,3228.0,0.0,0.0,
2020-04-29,248.3000030517578,248.3000030517578,243.6499938964844,246.7400054931641,7592.0,0.0,0.0,
2020-04-30,247.0,252.1999969482422,247.0,250.3600006103516,19027.0,0.0,0.0,
2020-05-04,247.0,250.3600006103516,236.0500030517578,238.7799987792969,47901.0,0.0,0.0,
2020-05-05,242.0,244.8000030517578,237.0099945068359,238.3399963378906,9958.0,0.0,0.0,
2020-05-06,237.5,240.0,235.0,238.4100036621094,4563.0,0.0,0.0,
2020-05-07,233.0,239.3999938964844,233.0,238.1300048828125,3148.0,0.0,0.0,
2020-05-08,240.0800018310547,240.9499969482422,238.1999969482422,238.8300018310547,3580.0,0.0,0.0,
2020-05-11,240.0,242.9499969482422,232.25,238.6499938964844,9799.0,0.0,0.0,
2020-05-12,238.6499938964844,239.8000030517578,234.0,238.8999938964844,10739.0,0.0,0.0,
2020-05-13,248.5,248.5,241.0,243.6600036621094,3758.0,0.0,0.0,
2020-05-14,242.0,243.6999969482422,238.0,241.9199981689453,12677.0,0.0,0.0,
2020-05-15,240.1999969482422,244.9400024414062,239.1000061035156,240.6499938964844,3397.0,0.0,0.0,
2020-05-18,245.0,245.0,233.0,234.3600006103516,18862.0,0.0,0.0,
2020-05-19,236.3600006103516,238.4499969482422,232.0,234.0700073242188,8510.0,0.0,0.0,
2020-05-20,234.5,238.5,232.5099945068359,237.5200042724609,41046.0,0.0,0.0,
2020-05-21,240.0,240.6000061035156,236.6199951171875,239.5700073242188,4307.0,0.0,0.0,
2020-05-22,240.0,241.75,235.0,237.75,4326.0,0.0,0.0,
2020-05-26,243.0,244.8000030517578,237.0099945068359,239.8800048828125,2222.0,0.0,0.0,
2020-05-27,243.0,243.0,236.9900054931641,239.5099945068359,10000.0,0.0,0.0,
2020-05-28,239.0,243.0,236.0,241.8000030517578,9195.0,0.0,0.0,
2020-05-29,241.8000030517578,249.0,238.0,247.0599975585938,8223.0,0.0,0.0,
2020-06-01,250.4199981689453,256.0,247.0800018310547,253.4199981689453,15996.0,0.0,0.0,
2020-06-02,254.4400024414062,254.5,249.0200042724609,254.1399993896484,9764.0,0.0,0.0,
2020-06-03,255.1399993896484,258.4400024414062,254.8399963378906,255.8999938964844,9994.0,0.0,0.0,
2020-06-04,256.5,258.0,253.1999969482422,257.0,2960.0,0.0,0.0,
2020-06-05,256.1099853515625,262.0,256.1099853515625,260.6199951171875,5581.0,0.0,0.0,
2020-06-08,289.8999938964844,289.8999938964844,251.0200042724609,258.75,11616.0,0.0,0.0,
2020-06-09,259.0,263.2300109863281,256.1000061035156,260.8999938964844,3559.0,0.0,0.0,
2020-06-10,265.8999938964844,265.8999938964844,258.0,261.5700073242188,9034.0,0.0,0.0,
2020-06-11,261.5,262.4100036621094,256.0,259.6900024414062,2749.0,0.0,0.0,
2020-06-12,254.6300048828125,259.9500122070312,248.9499969482422,257.6000061035156,12683.0,0.0,0.0,
2020-06-15,263.0,263.0,254.8999938964844,257.5899963378906,23268.0,0.0,0.0,
2020-06-16,267.8999938964844,275.6000061035156,242.8999938964844,255.6399993896484,33797.0,0.0,0.0,
2020-06-17,252.7299957275391,260.0,245.0,257.0700073242188,5371.0,0.0,0.0,
2020-06-18,258.9500122070312,259.9500122070312,253.0,256.7699890136719,3585.0,0.0,0.0,
2020-06-19,259.0,261.8999938964844,256.6300048828125,260.9100036621094,1204.0,0.0,0.0,
2020-06-22,262.0,264.0,258.1000061035156,263.4700012207031,7194.0,0.0,0.0,
2020-06-23,261.6300048828125,268.760009765625,261.6300048828125,267.6300048828125,14481.0,0.0,0.0,
2020-06-24,269.0,271.989990234375,265.7099914550781,267.7200012207031,32769.0,0.0,0.0,
2020-06-25,262.0,269.489990234375,260.3599853515625,268.0499877929688,10716.0,0.0,0.0,
2020-06-26,270.4200134277344,270.4200134277344,266.25,267.989990234375,4223.0,0.0,0.0,
2020-06-29,267.489990234375,267.489990234375,263.0199890136719,264.1400146484375,24578.0,0.0,0.0,
2020-06-30,265.3099975585938,268.0,262.1000061035156,266.8900146484375,8147.0,0.0,0.0,
2020-07-01,268.5899963378906,270.0,264.9599914550781,266.8200073242188,2091.0,0.0,0.0,
2020-07-02,267.0,269.0,264.1000061035156,267.989990234375,5892.0,0.0,0.0,
2020-07-03,267.989990234375,269.7999877929688,266.0,268.1900024414062,6064.0,0.0,0.0,
2020-07-06,271.9700012207031,277.5,268.0,269.5199890136719,14510.0,0.0,0.0,
2020-07-07,269.5199890136719,272.0,267.1499938964844,271.1900024414062,7722.0,0.0,0.0,
2020-07-08,268.010009765625,273.0,268.010009765625,271.2900085449219,5087.0,0.0,0.0,
2020-07-09,273.9800109863281,273.9800109863281,268.3500061035156,270.0599975585938,4888.0,0.0,0.0,
2020-07-10,265.6799926757812,271.8500061035156,265.6300048828125,269.1199951171875,5201.0,0.0,0.0,
2020-07-13,273.0,273.0,267.1000061035156,269.8800048828125,3600.0,0.0,0.0,
2020-07-14,270.75,271.3800048828125,267.5599975585938,268.7699890136719,2826.0,0.0,0.0,
2020-07-15,269.2799987792969,271.75,265.1000061035156,266.4800109863281,5736.0,0.0,0.0,
2020-07-16,269.6900024414062,269.6900024414062,264.0,267.3999938964844,4053.0,0.0,0.0,
2020-07-17,269.3900146484375,271.989990234375,266.4299926757812,271.1400146484375,8048.0,0.0,0.0,
2020-07-20,272.0,273.8900146484375,270.5,273.4500122070312,6083.0,0.0,0.0,
2020-07-21,273.4500122070312,275.8999938964844,271.3399963378906,274.2300109863281,4784.0,0.0,0.0,
2020-07-22,275.9599914550781,275.9599914550781,270.0,272.8699951171875,34802.0,0.0,0.0,
2020-07-23,274.9500122070312,275.9500122070312,271.1000061035156,275.0799865722656,10896.0,0.0,0.0,
2020-07-24,274.6700134277344,275.9200134277344,270.5,273.3699951171875,2166.0,0.0,0.0,
2020-07-27,275.989990234375,280.0,264.1000061035156,269.2699890136719,12453.0,0.0,0.0,
2020-07-28,269.0,272.6799926757812,267.5299987792969,269.3099975585938,2377.0,0.0,0.0,
2020-07-29,270.0,272.8099975585938,267.0199890136719,270.0,12668.0,0.0,0.0,
2020-07-30,294.2999877929688,294.2999877929688,267.2300109863281,271.3599853515625,10676.0,0.0,0.0,
2020-07-31,272.0,278.0,272.0,275.0799865722656,13493.0,0.0,0.0,
2020-08-03,275.0,285.2999877929688,271.4100036621094,276.5599975585938,13627.0,0.0,0.0,
2020-08-04,275.0,279.8699951171875,266.2000122070312,277.7000122070312,10774.0,0.0,0.0,
2020-08-05,275.1099853515625,280.6000061035156,275.1099853515625,276.6700134277344,4368.0,0.0,0.0,
2020-08-06,279.7900085449219,279.7999877929688,275.1000061035156,276.5299987792969,5292.0,0.0,0.0,
2020-08-07,280.8599853515625,281.9500122070312,276.010009765625,279.5799865722656,8651.0,0.0,0.0,
2020-08-10,283.3800048828125,285.3699951171875,279.6000061035156,285.0,30444.0,0.0,0.0,
2020-08-11,282.0599975585938,285.9500122070312,281.1000061035156,284.0599975585938,13565.0,0.0,0.0,
2020-08-12,282.0599975585938,284.9500122070312,278.1000061035156,281.7200012207031,5881.0,0.0,0.0,
2020-08-13,281.8099975585938,285.4500122070312,280.1000061035156,285.25,3992.0,0.0,0.0,
2020-08-14,284.9700012207031,285.75,281.010009765625,282.3900146484375,8135.0,0.0,0.0,
2020-08-17,284.7300109863281,285.75,281.8200073242188,283.8900146484375,4366.0,0.0,0.0,
2020-08-18,284.0,286.0,282.6099853515625,285.4400024414062,5032.0,0.0,0.0,
2020-08-19,288.489990234375,288.489990234375,285.4299926757812,287.6799926757812,4040.0,0.0,0.0,
2020-08-20,286.5700073242188,288.8999938964844,281.1000061035156,288.3800048828125,3364.0,0.0,0.0,
2020-08-21,287.3800048828125,290.0,286.5299987792969,288.0599975585938,4304.0,0.0,0.0,
2020-08-24,292.9800109863281,292.9800109863281,285.0,287.1700134277344,6340.0,0.0,0.0,
2020-08-25,313.0,313.0,286.5,288.0499877929688,5210.0,0.0,0.0,
2020-08-26,287.5899963378906,288.989990234375,285.6600036621094,288.4400024414062,3948.0,0.0,0.0,
2020-08-27,288.3999938964844,289.9299926757812,286.0,287.1000061035156,3146.0,0.0,0.0,
2020-08-28,286.25,289.7999877929688,286.25,287.7200012207031,7051.0,0.0,0.0,
2020-08-31,292.2799987792969,292.2799987792969,276.010009765625,277.7699890136719,131298.0,0.0,0.0,
2020-09-01,279.989990234375,287.8999938964844,275.0,281.6799926757812,16485.0,0.0,0.0,
2020-09-02,278.010009765625,285.1499938964844,278.010009765625,284.0799865722656,11047.0,0.0,0.0,
2020-09-03,284.0,288.989990234375,284.0,286.9700012207031,6163.0,0.0,0.0,
2020-09-04,284.5700073242188,285.7000122070312,278.75,279.0499877929688,7929.0,0.0,0.0,
2020-09-07,279.0,280.9800109863281,276.1000061035156,278.2099914550781,4816.0,0.0,0.0,
2020-09-08,278.0,279.8900146484375,277.010009765625,277.7200012207031,14167.0,0.0,0.0,
2020-09-09,276.5199890136719,278.0,274.2000122070312,276.5899963378906,24083.0,0.0,0.0,
2020-09-10,277.010009765625,280.8999938964844,276.5,279.1400146484375,6013.0,0.0,0.0,
2020-09-11,280.9400024414062,284.9500122070312,277.510009765625,283.7099914550781,5660.0,0.0,0.0,
2020-09-14,298.0,298.0,277.1000061035156,278.0199890136719,100751.0,0.0,0.0,
2020-09-15,281.9200134277344,284.989990234375,280.1300048828125,283.3399963378906,4690.0,0.0,0.0,
2020-09-16,280.3500061035156,285.0,280.3500061035156,283.9700012207031,4990.0,0.0,0.0,
2020-09-17,283.0499877929688,285.6900024414062,283.0499877929688,284.3099975585938,2860.0,0.0,0.0,
2020-09-18,286.0,288.8500061035156,283.5599975585938,286.7099914550781,4104.0,0.0,0.0,
2020-09-21,286.0,287.4500122070312,276.0,279.0899963378906,19576.0,0.0,0.0,
2020-09-22,278.0,278.0,268.0,273.5400085449219,10613.0,0.0,0.0,
2020-09-23,273.010009765625,275.4500122070312,268.0400085449219,272.4200134277344,4969.0,0.0,0.0,
2020-09-24,296.8999938964844,296.8999938964844,266.510009765625,266.8500061035156,18478.0,0.0,0.0,
2020-09-25,269.9200134277344,274.3800048828125,267.0599975585938,273.8999938964844,4989.0,0.0,0.0,
2020-09-28,274.0599975585938,279.989990234375,274.0599975585938,276.6499938964844,4040.0,0.0,0.0,
2020-09-29,278.0,280.9500122070312,275.2099914550781,275.5899963378906,9009.0,0.0,0.0,
2020-09-30,270.0,280.489990234375,250.8000030517578,279.9299926757812,5397.0,0.0,0.0,
2020-10-01,281.9500122070312,282.989990234375,279.3599853515625,280.2699890136719,3489.0,0.0,0.0,
2020-10-05,278.1000061035156,284.0,278.1000061035156,281.6900024414062,9163.0,0.0,0.0,
2020-10-06,282.0,284.9800109863281,281.0599975585938,283.6099853515625,44931.0,0.0,0.0,
2020-10-07,284.989990234375,284.989990234375,281.0,282.5,3823.0,0.0,0.0,
2020-10-08,282.5,284.8999938964844,282.25,283.8399963378906,3764.0,0.0,0.0,
2020-10-09,284.0,284.7999877929688,281.6300048828125,283.6000061035156,8036.0,0.0,0.0,
2020-10-12,284.0,285.9500122070312,279.9200134277344,281.489990234375,24323.0,0.0,0.0,
2020-10-13,282.0,284.4800109863281,280.1000061035156,281.1700134277344,8546.0,0.0,0.0,
2020-10-14,282.8900146484375,283.0,277.010009765625,282.9100036621094,6272.0,0.0,0.0,
2020-10-15,282.989990234375,283.0,278.6600036621094,279.3299865722656,4207.0,0.0,0.0,
2020-10-16,280.9700012207031,282.8599853515625,276.1099853515625,281.8699951171875,3875.0,0.0,0.0,
2020-10-19,281.8699951171875,282.8999938964844,279.5199890136719,281.3999938964844,4138.0,0.0,0.0,
2020-10-20,280.0299987792969,284.9400024414062,280.0299987792969,283.6199951171875,5657.0,0.0,0.0,
2020-10-21,283.1099853515625,284.9400024414062,278.5700073242188,280.9599914550781,6039.0,0.0,0.0,
2020-10-22,282.2200012207031,283.0,279.2999877929688,282.4400024414062,21894.0,0.0,0.0,
2020-10-23,282.4500122070312,284.7900085449219,280.7000122070312,284.4700012207031,4916.0,0.0,0.0,
2020-10-26,281.010009765625,285.0,278.25,279.8999938964844,9212.0,0.0,0.0,
2020-10-27,279.0899963378906,283.9800109863281,279.0899963378906,283.1799926757812,9978.0,0.0,0.0,
2020-10-28,283.0,286.1000061035156,281.0,282.1900024414062,31536.0,0.0,0.0,
2020-10-29,281.0,282.9700012207031,278.3099975585938,282.8500061035156,5601.0,0.0,0.0,
2020-10-30,282.8500061035156,284.8599853515625,280.1099853515625,283.0,7103.0,0.0,0.0,
2020-11-02,282.0,284.9599914550781,281.6099853515625,284.2999877929688,7935.0,0.0,0.0,
2020-11-03,284.989990234375,288.7699890136719,283.2999877929688,285.0599975585938,25068.0,0.0,0.0,
2020-11-04,284.0599975585938,288.260009765625,283.7999877929688,287.8999938964844,13217.0,0.0,0.0,
2020-11-05,289.989990234375,292.5700073242188,288.5499877929688,290.3599853515625,11125.0,0.0,0.0,
2020-11-06,291.0,292.9800109863281,288.2999877929688,292.510009765625,2674.0,0.0,0.0,
2020-11-09,292.8999938964844,297.6300048828125,292.8999938964844,297.3699951171875,11506.0,0.0,0.0,
2020-11-10,297.0,298.0,293.1000061035156,294.239990234375,11680.0,0.0,0.0,
2020-11-11,293.6099853515625,299.0,293.6099853515625,298.8299865722656,30417.0,0.0,0.0,
2020-11-12,298.010009765625,300.6700134277344,297.8999938964844,300.5899963378906,11456.0,0.0,0.0,
2020-11-13,298.0,303.5,296.75,303.1199951171875,10025.0,0.0,0.0,
2020-11-14,309.4400024414062,309.4400024414062,301.1700134277344,304.75,3885.0,0.0,0.0,
2020-11-17,309.739990234375,311.5,305.0,305.4200134277344,14797.0,0.0,0.0,
2020-11-18,306.0,308.5,305.0,307.3099975585938,12566.0,0.0,0.0,
2020-11-19,306.2099914550781,309.3299865722656,303.0,306.9200134277344,20380.0,0.0,0.0,
2020-11-20,305.010009765625,310.0,303.0,309.4299926757812,9826.0,0.0,0.0,
2020-11-23,310.8699951171875,313.7300109863281,308.3099975585938,311.5299987792969,6943.0,0.0,0.0,
2020-11-24,311.5299987792969,315.260009765625,311.3399963378906,315.1700134277344,22446.0,0.0,0.0,
2020-11-25,313.0,315.3500061035156,309.0,309.9800109863281,7099.0,0.0,0.0,
2020-11-26,310.0,313.2999877929688,308.010009765625,313.1700134277344,7607.0,0.0,0.0,
2020-11-27,312.989990234375,316.9100036621094,311.9200134277344,314.7300109863281,36648.0,0.0,0.0,
2020-12-01,317.9800109863281,343.1000061035156,314.0,318.5599975585938,15283.0,0.0,0.0,
2020-12-02,319.0,322.2000122070312,317.3800048828125,321.1700134277344,9418.0,0.0,0.0,
2020-12-03,322.0,324.3500061035156,320.1499938964844,324.0499877929688,54925.0,0.0,0.0,
2020-12-04,314.2999877929688,326.4800109863281,314.2999877929688,324.739990234375,10610.0,0.0,0.0,
2020-12-07,325.0,328.739990234375,322.1000061035156,327.2200012207031,9854.0,0.0,0.0,
2020-12-08,327.2000122070312,329.6600036621094,325.0700073242188,328.3800048828125,12256.0,0.0,0.0,
2020-12-09,332.8999938964844,332.8999938964844,326.510009765625,328.3500061035156,8330.0,0.0,0.0,
2020-12-10,328.0,329.989990234375,324.1099853515625,329.5599975585938,9053.0,0.0,0.0,
2020-12-11,327.0199890136719,331.3800048828125,326.1000061035156,328.7099914550781,4594.0,0.0,0.0,
2020-12-14,329.0,332.0,321.1600036621094,331.8399963378906,3531.0,0.0,0.0,
2020-12-15,331.9599914550781,332.8800048828125,327.5,331.3800048828125,5112.0,0.0,0.0,
2020-12-16,331.5700073242188,333.8500061035156,330.0299987792969,333.1300048828125,7233.0,0.0,0.0,
2020-12-17,333.2000122070312,334.6400146484375,331.0,331.8200073242188,21391.0,0.0,0.0,
2020-12-18,330.9500122070312,333.9800109863281,328.0599975585938,332.010009765625,12840.0,0.0,0.0,
2020-12-21,334.4500122070312,334.4500122070312,308.1000061035156,318.760009765625,17444.0,0.0,0.0,
2020-12-22,316.6600036621094,325.8900146484375,290.1000061035156,325.0499877929688,84550.0,0.0,0.0,
2020-12-23,323.989990234375,331.3999938964844,323.989990234375,331.2999877929688,28176.0,0.0,0.0,
2020-12-24,329.0,333.989990234375,329.0,332.1900024414062,10627.0,0.0,0.0,
2020-12-28,332.0,336.4500122070312,331.1099853515625,333.8099975585938,35081.0,0.0,0.0,
2020-12-29,334.0,336.2900085449219,331.010009765625,332.8500061035156,17448.0,0.0,0.0,
2020-12-30,335.989990234375,335.989990234375,331.0599975585938,334.3599853515625,4237.0,0.0,0.0,
2020-12-31,337.9800109863281,338.9500122070312,334.5499877929688,334.989990234375,18633.0,0.0,0.0,
2021-01-01,338.5,339.3399963378906,335.2200012207031,338.3699951171875,3399.0,0.0,0.0,
2021-01-04,340.0,344.9700012207031,337.0,343.7200012207031,11425.0,0.0,0.0,
2021-01-05,344.3800048828125,350.2699890136719,342.8800048828125,349.989990234375,9784.0,0.0,0.0,
2021-01-06,381.5,381.5,344.7999877929688,347.2099914550781,19413.0,0.0,0.0,
2021-01-07,361.1000061035156,378.489990234375,347.010009765625,352.510009765625,8761.0,0.0,0.0,
2021-01-08,366.6000061035156,366.6000061035156,350.3999938964844,355.2799987792969,12655.0,0.0,0.0,
2021-01-11,387.2999877929688,387.2999877929688,352.0,356.5700073242188,13378.0,0.0,0.0,
2021-01-12,358.9700012207031,359.8999938964844,354.0,355.7300109863281,9368.0,0.0,0.0,
2021-01-13,359.2900085449219,359.2900085449219,350.0,352.4700012207031,32469.0,0.0,0.0,
2021-01-14,357.2200012207031,357.4500122070312,352.0199890136719,355.7699890136719,13927.0,0.0,0.0,
2021-01-15,402.0,402.0,347.8299865722656,350.3699951171875,13375.0,0.0,0.0,
2021-01-18,365.0,365.0,340.5,344.4100036621094,22595.0,0.0,0.0,
2021-01-19,348.0,353.0,344.0,349.7799987792969,13845.0,0.0,0.0,
2021-01-20,351.989990234375,352.0299987792969,347.5499877929688,351.7999877929688,10435.0,0.0,0.0,
2021-01-21,352.0,355.0,347.0,348.6300048828125,15403.0,0.0,0.0,
2021-01-22,348.6300048828125,351.3999938964844,343.510009765625,345.8900146484375,30235.0,0.0,0.0,
2021-01-25,350.5,350.5,339.0,342.989990234375,8488.0,0.0,0.0,
2021-01-27,356.7000122070312,367.0,335.0,338.3299865722656,22510.0,0.0,0.0,
2021-01-28,355.0,355.0,334.1099853515625,336.8099975585938,44721.0,0.0,0.0,
2021-01-29,344.8999938964844,344.8999938964844,327.2999877929688,330.6300048828125,91548.0,0.0,0.0,
2021-02-01,333.5,338.5,327.2999877929688,337.7799987792969,10633.0,0.0,0.0,
2021-02-02,344.8999938964844,345.8900146484375,337.1000061035156,345.0899963378906,10254.0,0.0,0.0,
2021-02-03,353.0,353.0,344.010009765625,345.9100036621094,9481.0,0.0,0.0,
2021-02-04,353.7999877929688,353.7999877929688,345.1300048828125,352.5299987792969,8984.0,0.0,0.0,
2021-02-05,354.0,384.2999877929688,347.1499938964844,349.3800048828125,8822.0,0.0,0.0,
2021-02-08,352.5,354.3200073242188,345.1000061035156,352.2099914550781,7160.0,0.0,0.0,
2021-02-09,366.2999877929688,383.8999938964844,350.0499877929688,353.75,6617.0,0.0,0.0,
2021-02-10,354.0,356.0,350.0,355.3599853515625,34573.0,0.0,0.0,
2021-02-11,355.989990234375,358.2000122070312,351.2799987792969,357.7799987792969,2968.0,0.0,0.0,
2021-02-12,372.1000061035156,390.0,356.4100036621094,359.1400146484375,14480.0,0.0,0.0,
2021-02-15,391.5,391.5,359.0,361.6000061035156,6312.0,0.0,0.0,
2021-02-16,394.1000061035156,394.1000061035156,358.5,363.3699951171875,13552.0,0.0,0.0,
2021-02-17,377.8999938964844,396.1000061035156,360.1000061035156,366.8500061035156,27235.0,0.0,0.0,
2021-02-18,368.5,368.5899963378906,361.0,366.8200073242188,7974.0,0.0,0.0,
2021-02-19,381.5,392.5,357.1499938964844,364.2300109863281,11831.0,0.0,0.0,
2021-02-22,397.0,397.0,353.1099853515625,356.7799987792969,20555.0,0.0,0.0,
2021-02-23,371.1000061035156,388.8999938964844,354.260009765625,358.25,6270.0,0.0,0.0,
2021-02-24,390.5,390.5,355.1000061035156,358.7999877929688,16837.0,0.0,0.0,
2021-02-25,391.1000061035156,391.1000061035156,357.0,363.0199890136719,16733.0,0.0,0.0,
2021-02-26,395.7000122070312,395.7000122070312,354.0599975585938,357.0899963378906,55428.0,0.0,0.0,
2021-03-01,358.989990234375,359.3800048828125,352.8999938964844,358.1600036621094,11625.0,0.0,0.0,
2021-03-02,362.989990234375,365.0,357.0499877929688,364.3999938964844,9483.0,0.0,0.0,
2021-03-03,367.989990234375,370.5199890136719,362.0199890136719,369.2900085449219,17811.0,0.0,0.0,
2021-03-04,368.989990234375,372.7000122070312,362.5499877929688,370.4100036621094,9486.0,0.0,0.0,
2021-03-05,371.989990234375,371.989990234375,363.0199890136719,365.4599914550781,9866.0,0.0,0.0,
2021-03-08,366.0,373.5,362.2999877929688,364.5599975585938,14598.0,0.0,0.0,
2021-03-09,397.3999938964844,397.3999938964844,358.9500122070312,361.5700073242188,6926.0,0.0,0.0,
2021-03-10,365.989990234375,365.989990234375,360.1199951171875,363.739990234375,5761.0,0.0,0.0,
2021-03-12,366.989990234375,366.989990234375,359.2000122070312,361.0,9733.0,0.0,0.0,
2021-03-15,364.989990234375,364.989990234375,351.1000061035156,359.260009765625,16494.0,0.0,0.0,
2021-03-16,361.989990234375,362.5,356.4100036621094,357.9400024414062,27971.0,0.0,0.0,
2021-03-17,360.989990234375,360.989990234375,352.9500122070312,353.8399963378906,7461.0,0.0,0.0,
2021-03-18,355.989990234375,358.0,347.0,349.2999877929688,23394.0,0.0,0.0,
2021-03-19,350.989990234375,353.2999877929688,340.1199951171875,352.3800048828125,9800.0,0.0,0.0,
2021-03-22,356.989990234375,356.989990234375,352.5,356.1700134277344,4322.0,0.0,0.0,
2021-03-23,359.989990234375,359.989990234375,355.5499877929688,359.7999877929688,11967.0,0.0,0.0,
2021-03-24,361.8999938964844,361.8999938964844,355.0,356.0799865722656,19253.0,0.0,0.0,
2021-03-25,357.989990234375,357.989990234375,346.1199951171875,349.0700073242188,24017.0,0.0,0.0,
2021-03-26,356.989990234375,356.989990234375,348.3099975585938,351.9299926757812,8259.0,0.0,0.0,
2021-03-30,366.0,383.6000061035156,352.0199890136719,354.7099914550781,10094.0,0.0,0.0,
2021-03-31,354.989990234375,357.4700012207031,351.0499877929688,356.0,4857.0,0.0,0.0,
2021-04-01,357.989990234375,360.7900085449219,354.5,358.4800109863281,5104.0,0.0,0.0,
2021-04-05,360.989990234375,360.989990234375,350.0,356.4700012207031,12627.0,0.0,0.0,
2021-04-06,359.989990234375,363.5,352.5,360.3599853515625,11219.0,0.0,0.0,
2021-04-07,362.989990234375,364.1199951171875,361.0,363.0700073242188,13693.0,0.0,0.0,
2021-04-08,365.989990234375,366.6199951171875,359.1000061035156,365.489990234375,7759.0,0.0,0.0,
2021-04-09,367.989990234375,367.989990234375,363.0899963378906,365.4599914550781,7491.0,0.0,0.0,
2021-04-12,364.5,364.5,348.8500061035156,351.4599914550781,44657.0,0.0,0.0,
2021-04-13,354.989990234375,357.6799926757812,348.2000122070312,354.1400146484375,18048.0,0.0,0.0,
2021-04-15,356.989990234375,357.989990234375,347.1099853515625,357.3699951171875,8515.0,0.0,0.0,
2021-04-16,358.989990234375,361.989990234375,355.010009765625,358.6700134277344,17935.0,0.0,0.0,
2021-04-19,358.6700134277344,358.989990234375,348.2000122070312,354.0599975585938,38083.0,0.0,0.0,
2021-04-20,358.0,358.0,352.0,353.7999877929688,3488.0,0.0,0.0,
2021-04-22,352.5700073242188,356.0,350.8099975585938,355.239990234375,6072.0,0.0,0.0,
2021-04-23,357.989990234375,363.0,353.0299987792969,355.75,9497.0,0.0,0.0,
2021-04-26,362.989990234375,362.989990234375,352.9599914550781,357.3299865722656,9145.0,0.0,0.0,
2021-04-27,360.989990234375,360.989990234375,355.4599914550781,360.1799926757812,5147.0,0.0,0.0,
2021-04-28,374.6000061035156,374.6000061035156,358.260009765625,361.7699890136719,6050.0,0.0,0.0,
2021-04-29,365.989990234375,365.989990234375,359.0,361.2200012207031,15247.0,0.0,0.0,
2021-04-30,363.989990234375,363.989990234375,355.6700134277344,359.6199951171875,8199.0,0.0,0.0,
2021-05-03,361.989990234375,363.989990234375,353.1099853515625,363.6700134277344,12520.0,0.0,0.0,
2021-05-04,364.989990234375,366.989990234375,360.25,362.1000061035156,7437.0,0.0,0.0,
2021-05-05,365.989990234375,367.0,361.6099853515625,365.6000061035156,10086.0,0.0,0.0,
2021-05-06,369.989990234375,370.0,365.0799865722656,369.6499938964844,16282.0,0.0,0.0,
2021-05-07,373.989990234375,373.989990234375,368.0,370.7900085449219,5058.0,0.0,0.0,
2021-05-10,373.989990234375,374.7799987792969,370.0799865722656,372.1300048828125,13984.0,0.0,0.0,
2021-05-11,373.989990234375,376.75,370.0,376.3299865722656,7559.0,0.0,0.0,
2021-05-12,377.0,410.2000122070312,374.6600036621094,376.9200134277344,5622.0,0.0,0.0,
2021-05-14,410.7999877929688,410.7999877929688,368.0,371.5700073242188,16674.0,0.0,0.0,
2021-05-17,374.489990234375,375.0,370.0,374.6300048828125,6335.0,0.0,0.0,
2021-05-18,379.989990234375,379.989990234375,375.010009765625,378.6300048828125,7839.0,0.0,0.0,
2021-05-19,381.989990234375,383.9500122070312,376.0,380.9400024414062,5362.0,0.0,0.0,
2021-05-20,383.9700012207031,384.3999938964844,380.5700073242188,382.489990234375,8812.0,0.0,0.0,
2021-05-21,384.989990234375,386.3800048828125,382.0,383.7699890136719,7850.0,0.0,0.0,
2021-05-24,385.989990234375,387.4700012207031,380.5,385.5599975585938,15276.0,0.0,0.0,
2021-05-25,386.0,388.489990234375,384.6499938964844,385.8699951171875,10360.0,0.0,0.0,
2021-05-26,387.989990234375,387.989990234375,383.1000061035156,385.9200134277344,6016.0,0.0,0.0,
2021-05-27,385.9200134277344,420.7000122070312,383.8699951171875,387.4700012207031,4081.0,0.0,0.0,
2021-05-28,389.989990234375,389.989990234375,385.510009765625,386.8800048828125,7445.0,0.0,0.0,
2021-05-31,391.0,391.0,380.9500122070312,389.2799987792969,9032.0,0.0,0.0,
2021-06-01,391.989990234375,391.989990234375,387.0299987792969,389.8800048828125,10418.0,0.0,0.0,
2021-06-02,391.989990234375,397.9500122070312,389.9700012207031,396.8399963378906,10132.0,0.0,0.0,
2021-06-03,398.989990234375,401.989990234375,396.1700134277344,401.489990234375,8138.0,0.0,0.0,
2021-06-04,403.989990234375,403.989990234375,397.1000061035156,402.5899963378906,6789.0,0.0,0.0,
2021-06-07,402.0,408.0,401.7999877929688,402.6000061035156,13470.0,0.0,0.0,
2021-06-08,404.989990234375,405.989990234375,401.2999877929688,405.8599853515625,16629.0,0.0,0.0,
2021-06-09,406.989990234375,407.5899963378906,398.2099914550781,400.9800109863281,13781.0,0.0,0.0,
2021-06-10,403.989990234375,405.3900146484375,401.4100036621094,402.3099975585938,29499.0,0.0,0.0,
2021-06-11,402.510009765625,406.9500122070312,402.3099975585938,405.6199951171875,22497.0,0.0,0.0,
2021-06-14,407.989990234375,408.6900024414062,395.1000061035156,403.6900024414062,13461.0,0.0,0.0,
2021-06-15,403.6900024414062,408.9800109863281,402.6499938964844,408.1900024414062,13076.0,0.0,0.0,
2021-06-16,409.989990234375,409.989990234375,400.1099853515625,403.6400146484375,33126.0,0.0,0.0,
2021-06-17,405.989990234375,405.989990234375,396.3599853515625,399.010009765625,24423.0,0.0,0.0,
2021-06-18,401.989990234375,402.0,390.0,397.8399963378906,24607.0,0.0,0.0,
2021-06-21,397.8299865722656,404.9800109863281,390.0799865722656,402.4599914550781,10421.0,0.0,0.0,
2021-06-22,454.7999877929688,454.7999877929688,401.1600036621094,403.5199890136719,10178.0,0.0,0.0,
2021-06-23,407.989990234375,407.989990234375,399.1499938964844,400.0700073242188,12438.0,0.0,0.0,
2021-06-24,402.989990234375,402.989990234375,396.2999877929688,397.8900146484375,5702.0,0.0,0.0,
2021-06-25,397.5,401.9800109863281,395.0799865722656,399.989990234375,29458.0,0.0,0.0,
2021-06-28,404.7999877929688,404.7999877929688,398.1000061035156,400.8699951171875,11768.0,0.0,0.0,
2021-06-29,436.8999938964844,436.8999938964844,398.1099853515625,402.760009765625,6183.0,0.0,0.0,
2021-06-30,404.6900024414062,415.0,399.5,399.9200134277344,21414.0,0.0,0.0,
2021-07-01,435.8999938964844,435.8999938964844,399.0499877929688,399.7999877929688,7194.0,0.0,0.0,
2021-07-02,402.989990234375,402.989990234375,398.5199890136719,399.7300109863281,7261.0,0.0,0.0,
2021-07-05,363.7999877929688,403.989990234375,363.7999877929688,401.1499938964844,7628.0,0.0,0.0,
2021-07-06,403.989990234375,403.989990234375,400.0,401.6499938964844,6757.0,0.0,0.0,
2021-07-07,403.989990234375,403.989990234375,399.2000122070312,401.260009765625,5617.0,0.0,0.0,
2021-07-08,403.8999938964844,403.8999938964844,399.2000122070312,403.3200073242188,4751.0,0.0,0.0,
2021-07-09,403.0,405.010009765625,399.9400024414062,404.2699890136719,6568.0,0.0,0.0,
2021-07-12,406.989990234375,408.0,400.510009765625,402.9599914550781,7563.0,0.0,0.0,
2021-07-13,439.2000122070312,439.2000122070312,401.0,402.6199951171875,5929.0,0.0,0.0,
2021-07-14,403.4400024414062,404.5,402.6499938964844,403.8299865722656,8737.0,0.0,0.0,
2021-07-15,404.989990234375,405.8900146484375,403.8500061035156,403.9500122070312,7336.0,0.0,0.0,
2021-07-16,405.989990234375,407.989990234375,404.010009765625,406.1600036621094,4017.0,0.0,0.0,
2021-07-19,405.989990234375,407.0,400.0,404.7999877929688,6282.0,0.0,0.0,
2021-07-20,405.989990234375,405.989990234375,398.0,404.2999877929688,20042.0,0.0,0.0,
2021-07-22,405.989990234375,409.8800048828125,402.8599853515625,408.9100036621094,9471.0,0.0,0.0,
2021-07-23,409.989990234375,410.989990234375,405.9500122070312,408.8999938964844,3136.0,0.0,0.0,
2021-07-26,410.989990234375,410.989990234375,405.510009765625,407.9700012207031,4969.0,0.0,0.0,
2021-07-27,410.4700012207031,410.989990234375,405.260009765625,407.8200073242188,56384.0,0.0,0.0,
2021-07-28,408.989990234375,408.989990234375,400.75,407.0400085449219,15171.0,0.0,0.0,
2021-07-29,409.989990234375,409.989990234375,405.0499877929688,407.1799926757812,4982.0,0.0,0.0,
2021-07-30,409.989990234375,409.989990234375,402.9500122070312,405.9400024414062,6660.0,0.0,0.0,
2021-08-02,409.0,412.8999938964844,405.1000061035156,412.0499877929688,6278.0,0.0,0.0,
2021-08-03,414.989990234375,449.1000061035156,408.1000061035156,414.7300109863281,4917.0,0.0,0.0,
2021-08-04,416.989990234375,418.3999938964844,410.0,412.7300109863281,12808.0,0.0,0.0,
2021-08-05,414.989990234375,416.5,408.0499877929688,410.8800048828125,9711.0,0.0,0.0,
2021-08-06,413.989990234375,414.0,410.0299987792969,412.8299865722656,7536.0,0.0,0.0,
2021-08-09,414.989990234375,414.989990234375,409.5,411.6300048828125,9200.0,0.0,0.0,
2021-08-10,414.4700012207031,414.4700012207031,405.3299865722656,408.8900146484375,3182.0,0.0,0.0,
2021-08-11,412.989990234375,412.989990234375,400.6000061035156,408.9800109863281,11819.0,0.0,0.0,
2021-08-12,408.0,411.8999938964844,406.9500122070312,409.6000061035156,2129.0,0.0,0.0,
2021-08-13,412.989990234375,412.989990234375,406.1000061035156,410.0400085449219,5298.0,0.0,0.0,
2021-08-16,414.989990234375,414.989990234375,406.2000122070312,411.0899963378906,5510.0,0.0,0.0,
2021-08-17,412.989990234375,414.989990234375,408.010009765625,411.6099853515625,4451.0,0.0,0.0,
2021-08-18,412.0,416.7999877929688,408.510009765625,414.3399963378906,8083.0,0.0,0.0,
2021-08-20,415.989990234375,415.989990234375,407.0,410.739990234375,24959.0,0.0,0.0,
2021-08-23,435.3999938964844,435.3999938964844,402.5,406.2799987792969,8425.0,0.0,0.0,
2021-08-24,406.2799987792969,411.989990234375,406.010009765625,410.3500061035156,8126.0,0.0,0.0,
2021-08-25,413.989990234375,414.989990234375,407.1000061035156,412.6199951171875,9451.0,0.0,0.0,
2021-08-26,414.989990234375,415.989990234375,409.1799926757812,414.1700134277344,7136.0,0.0,0.0,
2021-08-27,415.0,419.8999938964844,411.2099914550781,419.0199890136719,14478.0,0.0,0.0,
2021-08-30,421.989990234375,426.8900146484375,419.0,425.3800048828125,6697.0,0.0,0.0,
2021-08-31,426.0,435.5499877929688,425.0,431.6600036621094,14149.0,0.0,0.0,
2021-09-01,433.989990234375,437.0,431.0499877929688,434.4100036621094,15343.0,0.0,0.0,
2021-09-02,436.989990234375,440.1900024414062,435.010009765625,439.0,9057.0,0.0,0.0,
2021-09-03,438.0,442.989990234375,435.1000061035156,442.6099853515625,8729.0,0.0,0.0,
2021-09-06,446.989990234375,446.989990234375,437.5,441.8999938964844,9542.0,0.0,0.0,
2021-09-07,443.989990234375,443.989990234375,437.6700134277344,439.4299926757812,17422.0,0.0,0.0,
2021-09-08,440.0,440.0,438.0,439.9500122070312,7251.0,0.0,0.0,
2021-09-09,442.989990234375,442.989990234375,439.0,441.9299926757812,3141.0,0.0,0.0,
2021-09-13,444.989990234375,445.0,438.1000061035156,443.6099853515625,8112.0,0.0,0.0,
2021-09-14,445.0,446.489990234375,442.489990234375,444.3299865722656,26366.0,0.0,0.0,
2021-09-15,444.0,448.0,440.0799865722656,445.8699951171875,4284.0,0.0,0.0,
2021-09-16,449.989990234375,450.989990234375,446.0,450.3599853515625,5042.0,0.0,0.0,
2021-09-17,453.989990234375,454.7999877929688,445.010009765625,446.3500061035156,7004.0,0.0,0.0,
2021-09-20,447.010009765625,448.0,435.3500061035156,437.989990234375,13933.0,0.0,0.0,
2021-09-21,440.989990234375,444.989990234375,433.9500122070312,443.9800109863281,11201.0,0.0,0.0,
2021-09-22,446.989990234375,447.8999938964844,443.0499877929688,445.9599914550781,9214.0,0.0,0.0,
2021-09-23,449.989990234375,451.489990234375,443.0799865722656,449.6199951171875,6563.0,0.0,0.0,
2021-09-24,453.989990234375,453.989990234375,444.0899963378906,446.6199951171875,9724.0,0.0,0.0,
2021-09-27,449.989990234375,449.989990234375,440.2000122070312,446.1700134277344,415676.0,0.0,0.0,
2021-09-28,449.4400024414062,449.4400024414062,440.0,442.2300109863281,7332.0,0.0,0.0,
2021-09-29,445.989990234375,445.989990234375,437.6300048828125,439.8399963378906,21489.0,0.0,0.0,
2021-09-30,440.0,444.989990234375,435.1000061035156,439.260009765625,2937.0,0.0,0.0,
2021-10-01,441.989990234375,441.989990234375,436.010009765625,439.6900024414062,6086.0,0.0,0.0,
2021-10-04,443.9400024414062,448.7000122070312,441.0,446.3099975585938,27529.0,0.0,0.0,
2021-10-05,449.5,450.0,446.1000061035156,449.6700134277344,8890.0,0.0,0.0,
2021-10-06,452.0,453.8699951171875,444.6099853515625,445.6499938964844,15261.0,0.0,0.0,
2021-10-07,449.989990234375,451.4400024414062,443.1000061035156,449.6900024414062,4293.0,0.0,0.0,
2021-10-08,453.989990234375,453.989990234375,446.010009765625,449.010009765625,6866.0,0.0,0.0,
2021-10-11,452.989990234375,452.989990234375,448.0599975585938,451.0199890136719,12041.0,0.0,0.0,
2021-10-12,453.8699951171875,454.0,449.1400146484375,452.489990234375,6721.0,0.0,0.0,
2021-10-13,455.989990234375,459.6000061035156,450.5799865722656,457.8500061035156,6109.0,0.0,0.0,
2021-10-14,458.0,465.0599975585938,457.0799865722656,461.6799926757812,13579.0,0.0,0.0,
2021-10-18,464.989990234375,468.6000061035156,460.8299865722656,463.1900024414062,14722.0,0.0,0.0,
2021-10-19,463.0,468.6000061035156,453.7999877929688,457.7999877929688,11148.0,0.0,0.0,
2021-10-20,459.989990234375,461.0,446.6099853515625,447.6000061035156,17376.0,0.0,0.0,
2021-10-21,451.4400024414062,453.0,440.7799987792969,444.4700012207031,26457.0,0.0,0.0,
2021-10-22,449.989990234375,449.989990234375,437.4500122070312,439.3099975585938,9322.0,0.0,0.0,
2021-10-25,443.989990234375,443.989990234375,428.0,434.3299865722656,22209.0,0.0,0.0,
2021-10-26,438.989990234375,441.989990234375,431.0499877929688,441.5299987792969,31547.0,0.0,0.0,
2021-10-27,443.0,445.9500122070312,440.0799865722656,443.239990234375,8857.0,0.0,0.0,
2021-10-28,446.989990234375,446.989990234375,433.0,436.2000122070312,39376.0,0.0,0.0,
2021-10-29,435.4700012207031,440.8200073242188,428.0,436.2900085449219,14836.0,0.0,0.0,
2021-11-01,441.989990234375,444.0,435.010009765625,442.4299926757812,14481.0,0.0,0.0,
2021-11-02,446.989990234375,446.989990234375,438.5599975585938,442.8900146484375,6349.0,0.0,0.0,
2021-11-03,442.5,447.5,438.8299865722656,442.7300109863281,11671.0,0.0,0.0,
2021-11-04,445.0,452.8999938964844,443.0,448.6600036621094,3989.0,0.0,0.0,
2021-11-08,449.989990234375,453.3999938964844,444.5199890136719,453.1000061035156,13183.0,0.0,0.0,
2021-11-09,455.989990234375,455.989990234375,450.010009765625,454.2999877929688,8273.0,0.0,0.0,
2021-11-10,457.989990234375,457.989990234375,450.0599975585938,455.0499877929688,3960.0,0.0,0.0,
2021-11-11,457.989990234375,460.0,451.0199890136719,453.5299987792969,3783.0,0.0,0.0,
2021-11-12,457.989990234375,459.9500122070312,450.0,457.7699890136719,4915.0,0.0,0.0,
2021-11-15,460.0,461.6000061035156,457.010009765625,458.9700012207031,4490.0,0.0,0.0,
2021-11-16,461.6000061035156,461.6000061035156,457.0,458.7200012207031,5538.0,0.0,0.0,
2021-11-17,460.989990234375,462.0,458.7999877929688,459.5400085449219,10863.0,0.0,0.0,
2021-11-18,460.0,461.989990234375,450.0,452.7699890136719,16339.0,0.0,0.0,
2021-11-22,455.0,456.8900146484375,441.0,445.6199951171875,118601.0,0.0,0.0,
2021-11-23,447.989990234375,456.0,442.5,453.0599975585938,17106.0,0.0,0.0,
2021-11-24,456.989990234375,456.989990234375,447.510009765625,448.7999877929688,19909.0,0.0,0.0,
2021-11-25,450.989990234375,453.010009765625,445.1499938964844,452.6499938964844,7180.0,0.0,0.0,
2021-11-26,452.4400024414062,454.989990234375,438.5,440.4500122070312,37730.0,0.0,0.0,
2021-11-29,442.989990234375,442.989990234375,427.0,435.1099853515625,15124.0,0.0,0.0,
2021-11-30,438.989990234375,441.3500061035156,433.0,435.4400024414062,21417.0,0.0,0.0,
2021-12-01,440.989990234375,440.989990234375,432.0,435.4200134277344,11151.0,0.0,0.0,
2021-12-02,438.989990234375,440.0,435.0,439.9599914550781,2498.0,0.0,0.0,
2021-12-03,439.9599914550781,443.989990234375,438.6300048828125,440.0499877929688,9047.0,0.0,0.0,
2021-12-06,443.989990234375,443.989990234375,431.2000122070312,432.0199890136719,14851.0,0.0,0.0,
2021-12-07,436.989990234375,438.7000122070312,433.0,437.9400024414062,53907.0,0.0,0.0,
2021-12-08,444.9700012207031,444.9700012207031,438.0199890136719,443.3099975585938,8512.0,0.0,0.0,
2021-12-09,447.989990234375,447.989990234375,440.4400024414062,441.8200073242188,7883.0,0.0,0.0,
2021-12-10,445.489990234375,446.1900024414062,438.1000061035156,444.9700012207031,8544.0,0.0,0.0,
2021-12-13,449.989990234375,452.0,442.1000061035156,444.4500122070312,6853.0,0.0,0.0,
2021-12-14,446.5,446.5,441.1000061035156,444.3099975585938,4747.0,0.0,0.0,
2021-12-15,444.3099975585938,448.8999938964844,440.6600036621094,441.5799865722656,9458.0,0.0,0.0,
2021-12-16,441.5799865722656,446.9700012207031,438.0,440.0,15939.0,0.0,0.0,
2021-12-17,443.9700012207031,443.9700012207031,428.8900146484375,430.2000122070312,30136.0,0.0,0.0,
2021-12-20,417.2999877929688,433.989990234375,404.3999938964844,419.8699951171875,85182.0,0.0,0.0,
2021-12-21,425.989990234375,426.0,415.5,425.510009765625,11659.0,0.0,0.0,
2021-12-22,425.0,431.5,425.0,429.9700012207031,11747.0,0.0,0.0,
2021-12-23,430.4700012207031,435.5,430.0,433.9599914550781,12005.0,0.0,0.0,
2021-12-24,433.0,437.989990234375,429.010009765625,431.9800109863281,6708.0,0.0,0.0,
2021-12-27,434.5,434.5,425.0,433.3900146484375,8832.0,0.0,0.0,
2021-12-28,430.0,437.4400024414062,430.0,436.4599914550781,3625.0,0.0,0.0,
2021-12-29,439.989990234375,440.0,433.0899963378906,435.8399963378906,12354.0,0.0,0.0,
2021-12-30,439.489990234375,439.489990234375,431.5,432.5299987792969,3993.0,0.0,0.0,
2021-12-31,435.989990234375,439.7999877929688,434.0,438.3800048828125,4493.0,0.0,0.0,
2022-01-03,442.989990234375,443.2000122070312,438.0,443.0799865722656,9057.0,0.0,0.0,
2022-01-04,446.9800109863281,446.9800109863281,438.3999938964844,442.7200012207031,101589.0,0.0,0.0,
2022-01-05,443.0,450.0,440.1099853515625,442.5700073242188,4899.0,0.0,0.0,
2022-01-06,444.989990234375,444.989990234375,437.6099853515625,442.239990234375,8063.0,0.0,0.0,
2022-01-07,445.989990234375,445.989990234375,439.1499938964844,443.6700134277344,3940.0,0.0,0.0,
2022-01-10,447.989990234375,447.989990234375,434.9299926757812,445.4400024414062,10674.0,0.0,0.0,
2022-01-11,447.5,447.9800109863281,443.0,447.0499877929688,7848.0,0.0,0.0,
2022-01-12,451.9800109863281,455.0,442.6499938964844,447.7099914550781,14485.0,0.0,0.0,
2022-01-13,451.9800109863281,451.9800109863281,448.0,450.9200134277344,25162.0,0.0,0.0,
2022-01-14,451.5,453.6000061035156,448.0,453.2300109863281,12585.0,0.0,0.0,
2022-01-17,457.989990234375,457.989990234375,447.5,454.8900146484375,9068.0,0.0,0.0,
2022-01-18,455.0,458.4400024414062,445.7900085449219,447.2000122070312,9587.0,0.0,0.0,
2022-01-19,429.2999877929688,449.989990234375,407.0,445.4500122070312,49634.0,0.0,0.0,
2022-01-20,458.0,458.0,440.010009765625,446.8999938964844,21586.0,0.0,0.0,
2022-01-21,448.989990234375,448.989990234375,435.0,439.0899963378906,40477.0,0.0,0.0,
2022-01-24,442.989990234375,444.0,421.0,426.3299865722656,89666.0,0.0,0.0,
2022-01-25,428.989990234375,451.8999938964844,415.0,427.1499938964844,58425.0,0.0,0.0,
2022-01-27,429.989990234375,432.5,415.7999877929688,420.0299987792969,41888.0,0.0,0.0,
2022-01-28,424.989990234375,429.8900146484375,419.3399963378906,421.6600036621094,42836.0,0.0,0.0,
2022-01-31,426.8099975585938,430.0,422.1000061035156,428.4599914550781,7640.0,0.0,0.0,
2022-02-01,434.9800109863281,436.0,425.0199890136719,434.7799987792969,12703.0,0.0,0.0,
2022-02-02,439.989990234375,440.2000122070312,432.1099853515625,439.9500122070312,19245.0,0.0,0.0,
2022-02-03,443.9700012207031,443.9700012207031,433.5,437.0899963378906,12450.0,0.0,0.0,
2022-02-04,466.0,466.0,435.0,437.760009765625,8763.0,0.0,0.0,
2022-02-07,440.9400024414062,440.9400024414062,432.5,434.3900146484375,15113.0,0.0,0.0,
2022-02-08,438.489990234375,438.489990234375,429.0,432.3900146484375,6832.0,0.0,0.0,
2022-02-09,436.4400024414062,437.8200073242188,432.5799865722656,436.8999938964844,13160.0,0.0,0.0,
2022-02-10,440.489990234375,440.489990234375,433.1199951171875,438.9100036621094,18454.0,0.0,0.0,
2022-02-11,440.989990234375,440.989990234375,432.0,432.9700012207031,32225.0,0.0,0.0,
2022-02-14,434.989990234375,434.989990234375,417.0,418.4100036621094,32332.0,0.0,0.0,
2022-02-15,418.0,428.0299987792969,415.0,426.1300048828125,18569.0,0.0,0.0,
2022-02-16,426.0,431.989990234375,425.0,425.8900146484375,15755.0,0.0,0.0,
2022-02-17,462.5400085449219,462.5400085449219,425.9400024414062,426.2099914550781,23915.0,0.0,0.0,
2022-02-18,428.8399963378906,428.8399963378906,422.0,423.7099914550781,12478.0,0.0,0.0,
2022-02-21,419.6799926757812,426.6700134277344,415.7099914550781,418.0299987792969,15036.0,0.0,0.0,
2022-02-22,415.7099914550781,417.8399963378906,409.0,415.5499877929688,26671.0,0.0,0.0,
2022-02-23,440.5,440.5,417.7999877929688,421.3999938964844,10427.0,0.0,0.0,
2022-02-24,421.3999938964844,421.3999938964844,398.0,399.8900146484375,154784.0,0.0,0.0,
2022-02-25,404.9100036621094,418.0,403.0799865722656,412.760009765625,23530.0,0.0,0.0,
2022-02-28,415.989990234375,416.0,407.2999877929688,415.3800048828125,18865.0,0.0,0.0,
2022-03-02,408.6799926757812,418.1900024414062,408.6799926757812,417.7300109863281,20980.0,0.0,0.0,
2022-03-03,448.6000061035156,449.0,415.0,417.4400024414062,11262.0,0.0,0.0,
2022-03-04,446.1799926757812,446.1799926757812,406.2999877929688,407.1700134277344,34595.0,0.0,0.0,
2022-03-07,419.3999938964844,443.7999877929688,393.5,396.5799865722656,64419.0,0.0,0.0,
2022-03-08,396.0,402.5,392.1900024414062,400.0299987792969,23858.0,0.0,0.0,
2022-03-09,429.7000122070312,429.7000122070312,401.0,408.1499938964844,25699.0,0.0,0.0,
2022-03-10,418.5,426.8999938964844,412.1000061035156,415.2300109863281,22257.0,0.0,0.0,
2022-03-11,433.4400024414062,433.4400024414062,410.0799865722656,418.5199890136719,11121.0,0.0,0.0,
2022-03-14,434.25,434.25,412.7900085449219,416.9400024414062,12944.0,0.0,0.0,
2022-03-15,429.7000122070312,429.7000122070312,410.4700012207031,413.25,15899.0,0.0,0.0,
2022-03-16,429.7000122070312,429.7000122070312,412.25,420.8599853515625,8244.0,0.0,0.0,
2022-03-17,434.0,434.0,420.0799865722656,427.3200073242188,10126.0,0.0,0.0,
2022-03-21,433.9800109863281,433.9800109863281,421.0,422.1600036621094,22537.0,0.0,0.0,
2022-03-22,449.0,449.0,417.0,423.6300048828125,11999.0,0.0,0.0,
2022-03-23,434.7000122070312,434.7000122070312,422.0499877929688,424.3900146484375,11311.0,0.0,0.0,
2022-03-24,417.5799865722656,427.3900146484375,417.5799865722656,425.5400085449219,5937.0,0.0,0.0,
2022-03-25,436.239990234375,436.239990234375,422.0,425.239990234375,8899.0,0.0,0.0,
2022-03-28,425.3500061035156,429.9800109863281,420.0,424.4599914550781,8010.0,0.0,0.0,
2022-03-29,425.0,428.9800109863281,424.0,426.7999877929688,72750.0,0.0,0.0,
2022-03-30,431.9700012207031,433.0,427.0,428.489990234375,9595.0,0.0,0.0,
2022-03-31,430.8999938964844,430.8999938964844,420.2999877929688,427.7699890136719,9492.0,0.0,0.0,
2022-04-01,434.989990234375,434.989990234375,428.0,432.9800109863281,9486.0,0.0,0.0,
2022-04-04,440.2000122070312,441.989990234375,432.9800109863281,440.8599853515625,12464.0,0.0,0.0,
2022-04-05,445.989990234375,446.989990234375,433.5400085449219,444.7300109863281,13440.0,0.0,0.0,
2022-04-06,446.989990234375,448.0,440.0,447.4299926757812,11459.0,0.0,0.0,
2022-04-07,449.989990234375,451.6700134277344,445.0,446.1600036621094,12749.0,0.0,0.0,
2022-04-08,476.0,476.0,440.010009765625,452.3200073242188,9534.0,0.0,0.0,
2022-04-11,452.3200073242188,458.7099914550781,448.0799865722656,456.510009765625,9166.0,0.0,0.0,
2022-04-12,459.9700012207031,459.9700012207031,448.9700012207031,452.5199890136719,10799.0,0.0,0.0,
2022-04-13,469.7000122070312,469.7000122070312,451.5799865722656,453.75,16227.0,0.0,0.0,
2022-04-18,455.489990234375,455.489990234375,445.0,450.9100036621094,38269.0,0.0,0.0,
2022-04-19,475.0,475.0,447.0,454.8800048828125,15487.0,0.0,0.0,
2022-04-20,457.989990234375,457.989990234375,444.3999938964844,445.4800109863281,53842.0,0.0,0.0,
2022-04-21,449.4400024414062,451.6499938964844,445.0,450.4700012207031,8759.0,0.0,0.0,
2022-04-22,451.5,452.989990234375,442.0,448.3299865722656,10120.0,0.0,0.0,
2022-04-25,447.7000122070312,447.7000122070312,437.0,440.0499877929688,43220.0,0.0,0.0,
2022-04-26,457.7000122070312,457.7000122070312,440.0,447.0299987792969,10321.0,0.0,0.0,
2022-04-27,448.2000122070312,449.9800109863281,442.0,444.260009765625,26079.0,0.0,0.0,
2022-04-28,446.5,451.0899963378906,443.0,449.5400085449219,8410.0,0.0,0.0,
2022-04-29,452.8900146484375,452.8900146484375,442.0,445.3900146484375,11775.0,0.0,0.0,
2022-05-02,443.0,445.2999877929688,438.0,442.0400085449219,19277.0,0.0,0.0,
2022-05-04,446.9800109863281,447.989990234375,428.0,430.6300048828125,39116.0,0.0,0.0,
2022-05-05,430.8599853515625,449.989990234375,428.3599853515625,431.5599975585938,31765.0,0.0,0.0,
2022-05-06,430.9700012207031,430.9700012207031,420.5,423.4599914550781,95888.0,0.0,0.0,
2022-05-09,423.0,424.0,412.0,413.5599975585938,41304.0,0.0,0.0,
2022-05-10,416.9800109863281,418.0,403.5,404.7000122070312,33328.0,0.0,0.0,
2022-05-11,404.7000122070312,411.9500122070312,396.0,403.6099853515625,46343.0,0.0,0.0,
2022-05-12,409.989990234375,409.989990234375,391.010009765625,395.1300048828125,61747.0,0.0,0.0,
2022-05-13,402.9800109863281,450.989990234375,390.7000122070312,394.0,33643.0,0.0,0.0,
2022-05-16,397.9800109863281,399.9599914550781,394.0,397.4800109863281,22895.0,0.0,0.0,
2022-05-17,402.0,406.5,398.0,405.0599975585938,34270.0,0.0,0.0,
2022-05-18,406.6199951171875,411.8699951171875,406.0,407.1600036621094,19892.0,0.0,0.0,
2022-05-19,407.989990234375,407.989990234375,395.0,397.5299987792969,34042.0,0.0,0.0,
2022-05-20,397.5299987792969,415.510009765625,397.5299987792969,403.3599853515625,12455.0,0.0,0.0,
2022-05-23,407.489990234375,407.489990234375,398.2000122070312,399.9500122070312,23346.0,0.0,0.0,
2022-05-24,403.8699951171875,403.8699951171875,394.1000061035156,395.760009765625,25684.0,0.0,0.0,
2022-05-25,399.9599914550781,399.9800109863281,388.8999938964844,390.2099914550781,27987.0,0.0,0.0,
2022-05-26,404.989990234375,404.989990234375,382.2099914550781,393.0,33402.0,0.0,0.0,
2022-05-27,419.989990234375,419.989990234375,393.6099853515625,396.8999938964844,40753.0,0.0,0.0,
2022-05-30,407.760009765625,407.760009765625,397.1000061035156,405.4599914550781,10350.0,0.0,0.0,
2022-05-31,404.7000122070312,409.2900085449219,401.6099853515625,405.739990234375,12561.0,0.0,0.0,
2022-06-01,419.7000122070312,419.7000122070312,400.5499877929688,402.5599975585938,15341.0,0.0,0.0,
2022-06-02,407.9500122070312,407.9500122070312,398.5,405.4700012207031,19212.0,0.0,0.0,
2022-06-03,416.0,416.0,395.2999877929688,399.4200134277344,38588.0,0.0,0.0,
2022-06-06,399.4200134277344,403.4400024414062,394.0,398.7699890136719,13145.0,0.0,0.0,
2022-06-07,399.0,399.0,393.1000061035156,395.1900024414062,23777.0,0.0,0.0,
2022-06-08,398.989990234375,398.989990234375,391.0,394.3500061035156,13788.0,0.0,0.0,
2022-06-09,407.7000122070312,407.7000122070312,392.8999938964844,397.25,12826.0,0.0,0.0,
2022-06-10,391.0,398.8999938964844,391.0,393.6799926757812,31264.0,0.0,0.0,
2022-06-13,395.010009765625,395.010009765625,383.8800048828125,385.25,53119.0,0.0,0.0,
2022-06-14,388.4800109863281,389.3500061035156,383.1000061035156,386.1700134277344,28042.0,0.0,0.0,
2022-06-15,390.0,390.8999938964844,386.1700134277344,386.739990234375,21535.0,0.0,0.0,
2022-06-16,399.7000122070312,399.7000122070312,377.1000061035156,379.1600036621094,59732.0,0.0,0.0,
2022-06-17,380.0,388.1099853515625,371.5,373.010009765625,84739.0,0.0,0.0,
2022-06-20,379.8999938964844,379.8999938964844,366.1099853515625,370.3399963378906,19266.0,0.0,0.0,
2022-06-21,374.4400024414062,381.3699951171875,368.0,380.5899963378906,10756.0,0.0,0.0,
2022-06-22,381.0,381.0,371.0,373.1099853515625,32369.0,0.0,0.0,
2022-06-23,380.0,380.0,373.0,376.0899963378906,12233.0,0.0,0.0,
2022-06-24,383.1000061035156,383.1000061035156,377.1000061035156,380.5499877929688,29405.0,0.0,0.0,
2022-06-27,383.0799865722656,385.989990234375,382.0,384.5899963378906,23849.0,0.0,0.0,
2022-06-28,384.0,386.0,380.5,385.3800048828125,18257.0,0.0,0.0,
2022-06-29,383.989990234375,385.0,380.2200012207031,382.9599914550781,25181.0,0.0,0.0,
2022-06-30,384.989990234375,385.7999877929688,379.6499938964844,380.7200012207031,192068.0,0.0,0.0,
2022-07-01,383.9800109863281,386.489990234375,377.4800109863281,385.6799926757812,21573.0,0.0,0.0,
2022-07-04,389.8999938964844,389.9299926757812,381.510009765625,389.0700073242188,18756.0,0.0,0.0,
2022-07-05,389.9299926757812,393.5,389.510009765625,390.1700134277344,28480.0,0.0,0.0,
2022-07-06,393.9299926757812,396.5,388.5,395.489990234375,14795.0,0.0,0.0,
2022-07-07,400.0,400.0,396.9700012207031,398.8399963378906,26504.0,0.0,0.0,
2022-07-08,404.0,404.0,397.1799926757812,399.8599853515625,21558.0,0.0,0.0,
2022-07-11,404.0,406.7999877929688,396.0,406.25,47325.0,0.0,0.0,
2022-07-12,410.0,410.0,402.0799865722656,405.9700012207031,27568.0,0.0,0.0,
2022-07-13,409.739990234375,409.739990234375,403.0799865722656,406.1900024414062,20162.0,0.0,0.0,
2022-07-14,409.3399963378906,409.3399963378906,401.1000061035156,403.8200073242188,20723.0,0.0,0.0,
2022-07-15,407.9800109863281,407.9800109863281,403.8200073242188,406.7699890136719,12701.0,0.0,0.0,
2022-07-18,411.9700012207031,414.989990234375,399.239990234375,411.8900146484375,60787.0,0.0,0.0,
2022-07-19,411.8900146484375,414.0,410.1099853515625,413.9400024414062,8812.0,0.0,0.0,
2022-07-20,414.989990234375,419.0,414.989990234375,415.6400146484375,24961.0,0.0,0.0,
2022-07-21,419.989990234375,422.0,414.510009765625,420.0,28009.0,0.0,0.0,
2022-07-22,420.0,423.9800109863281,418.010009765625,419.3999938964844,13891.0,0.0,0.0,
2022-07-25,419.0,421.0,417.0400085449219,419.5499877929688,153982.0,0.0,0.0,
2022-07-26,419.5,420.8999938964844,414.0,414.2999877929688,14340.0,0.0,0.0,
2022-07-27,414.2999877929688,418.0,411.7000122070312,417.2999877929688,11842.0,0.0,0.0,
2022-07-28,425.0,425.0,417.0,422.239990234375,124902.0,0.0,0.0,
2022-07-29,429.0,429.0,421.5799865722656,426.7999877929688,23125.0,0.0,0.0,
2022-08-01,428.8999938964844,433.7999877929688,420.7999877929688,432.989990234375,29588.0,0.0,0.0,
2022-08-02,434.989990234375,438.0,427.0199890136719,437.2999877929688,128340.0,0.0,0.0,
2022-08-03,437.0,439.8699951171875,430.2999877929688,434.3999938964844,13850.0,0.0,0.0,
2022-08-04,449.7000122070312,449.7000122070312,428.7300109863281,436.1799926757812,9928.0,0.0,0.0,
2022-08-05,442.7999877929688,442.7999877929688,433.260009765625,436.3599853515625,130408.0,0.0,0.0,
2022-08-08,449.7000122070312,449.7000122070312,433.1600036621094,438.2999877929688,15590.0,0.0,0.0,
2022-08-10,439.489990234375,441.9700012207031,434.4100036621094,436.9500122070312,26298.0,0.0,0.0,
2022-08-11,449.7000122070312,449.7000122070312,439.0,440.0899963378906,120298.0,0.0,0.0,
2022-08-12,441.5,443.0,437.510009765625,442.2799987792969,22182.0,0.0,0.0,
2022-08-16,447.0,448.489990234375,441.5,447.3399963378906,32265.0,0.0,0.0,
2022-08-17,447.3399963378906,454.2999877929688,446.5499877929688,453.5799865722656,129305.0,0.0,0.0,
2022-08-18,455.5,456.989990234375,452.0199890136719,456.3299865722656,11934.0,0.0,0.0,
2022-08-19,464.989990234375,464.989990234375,450.0,452.75,53818.0,0.0,0.0,
2022-08-22,453.4700012207031,453.4700012207031,442.5,443.6700134277344,22754.0,0.0,0.0,
2022-08-23,443.5400085449219,446.0,439.0,444.6199951171875,115007.0,0.0,0.0,
2022-08-24,444.6199951171875,448.0,442.1600036621094,447.3900146484375,23536.0,0.0,0.0,
2022-08-25,451.989990234375,452.989990234375,447.0,448.6900024414062,14001.0,0.0,0.0,
2022-08-26,452.9800109863281,452.9800109863281,449.0,449.7300109863281,8420.0,0.0,0.0,
2022-08-29,444.5,448.75,438.7000122070312,447.1900024414062,30712.0,0.0,0.0,
2022-08-30,452.5,457.9599914550781,447.3500061035156,457.4400024414062,22402.0,0.0,0.0,
2022-09-01,454.5,459.3500061035156,450.760009765625,457.0199890136719,18595.0,0.0,0.0,
2022-09-02,459.9800109863281,460.0499877929688,454.3999938964844,457.0700073242188,18840.0,0.0,0.0,
2022-09-05,458.5,459.0,456.0,456.5,11395.0,0.0,0.0,
2022-09-06,456.5,459.4500122070312,456.1000061035156,458.7000122070312,26819.0,0.0,0.0,
2022-09-07,458.0,461.9700012207031,457.989990234375,461.2000122070312,9594.0,0.0,0.0,
2022-09-08,464.6300048828125,479.7000122070312,461.0,462.3200073242188,14119.0,0.0,0.0,
2022-09-09,479.7000122070312,479.7000122070312,460.5,462.1099853515625,9169.0,0.0,0.0,
2022-09-12,464.0899963378906,468.0199890136719,461.8999938964844,467.5499877929688,10452.0,0.0,0.0,
2022-09-13,467.5499877929688,471.3999938964844,466.5400085449219,470.8800048828125,39910.0,0.0,0.0,
2022-09-14,466.0,474.4800109863281,464.9700012207031,473.5700073242188,24548.0,0.0,0.0,
2022-09-15,476.0,476.5,470.5899963378906,475.5700073242188,23503.0,0.0,0.0,
2022-09-16,475.3800048828125,475.3800048828125,458.2999877929688,463.3399963378906,31325.0,0.0,0.0,
2022-09-19,463.3399963378906,466.4800109863281,457.510009765625,463.3800048828125,19926.0,0.0,0.0,
2022-09-20,468.4700012207031,471.8999938964844,465.0599975585938,469.2200012207031,17109.0,0.0,0.0,
2022-09-21,468.489990234375,471.4800109863281,460.1499938964844,461.1300048828125,18219.0,0.0,0.0,
2022-09-22,460.989990234375,463.7699890136719,457.25,462.4400024414062,14832.0,0.0,0.0,
2022-09-23,464.5,464.5,454.3099975585938,455.1499938964844,24271.0,0.0,0.0,
2022-09-26,454.0,454.9500122070312,440.2799987792969,442.4500122070312,29183.0,0.0,0.0,
2022-09-27,445.8999938964844,447.4400024414062,439.010009765625,443.1600036621094,15383.0,0.0,0.0,
2022-09-28,442.3900146484375,445.1099853515625,438.510009765625,440.8699951171875,18970.0,0.0,0.0,
2022-09-29,446.9800109863281,446.9800109863281,438.2000122070312,439.6600036621094,14024.0,0.0,0.0,
2022-09-30,439.6600036621094,447.0,434.510009765625,444.1600036621094,12781.0,0.0,0.0,
2022-10-03,444.1600036621094,450.0,431.1900024414062,434.7200012207031,20143.0,0.0,0.0,
2022-10-04,450.0,450.0,431.5,443.1600036621094,7209.0,0.0,0.0,
2022-10-06,448.9800109863281,449.5,444.1900024414062,447.6400146484375,17020.0,0.0,0.0,
2022-10-07,447.989990234375,447.989990234375,442.3099975585938,446.010009765625,8857.0,0.0,0.0,
2022-10-10,444.4400024414062,444.4400024414062,438.510009765625,443.0,15678.0,0.0,0.0,
2022-10-11,445.9700012207031,445.9700012207031,432.25,434.760009765625,47312.0,0.0,0.0,
2022-10-12,437.0,439.0,432.0,438.3299865722656,9258.0,0.0,0.0,
2022-10-13,440.9700012207031,440.9800109863281,432.0,433.7099914550781,12405.0,0.0,0.0,
2022-10-14,437.25,443.9800109863281,431.75,432.8099975585938,9250.0,0.0,0.0,
2022-10-17,434.0,435.6600036621094,428.510009765625,435.1300048828125,8472.0,0.0,0.0,
2022-10-18,443.0,443.0,435.8099975585938,438.8699951171875,8908.0,0.0,0.0,
2022-10-19,443.0,443.0,436.6099853515625,438.1799926757812,4062.0,0.0,0.0,
2022-10-20,439.489990234375,444.0,435.1199951171875,441.7799987792969,7982.0,0.0,0.0,
2022-10-21,442.0599975585938,444.9700012207031,434.5899963378906,436.8399963378906,8507.0,0.0,0.0,
2022-10-24,472.4500122070312,472.4500122070312,436.5400085449219,443.5,6030.0,0.0,0.0,
2022-10-25,442.3900146484375,442.3900146484375,437.0299987792969,439.3299865722656,9836.0,0.0,0.0,
2022-10-27,448.0,454.7000122070312,439.239990234375,443.0400085449219,11308.0,0.0,0.0,
2022-10-28,448.0,448.0,440.0,441.1799926757812,7534.0,0.0,0.0,
2022-10-31,440.2699890136719,448.0,440.2699890136719,445.260009765625,27000.0,0.0,0.0,
2022-11-01,449.0,450.5,445.4299926757812,449.989990234375,32825.0,0.0,0.0,
2022-11-02,452.989990234375,452.989990234375,446.5499877929688,449.7900085449219,6773.0,0.0,0.0,
2022-11-03,449.0799865722656,451.5199890136719,448.1900024414062,450.9599914550781,24181.0,0.0,0.0,
2022-11-04,452.989990234375,452.989990234375,448.2000122070312,451.4500122070312,8481.0,0.0,0.0,
2022-11-07,456.0,456.0,450.1099853515625,453.9500122070312,48761.0,0.0,0.0,
2022-11-09,457.8699951171875,457.8699951171875,450.510009765625,452.0,13383.0,0.0,0.0,
2022-11-10,453.2900085449219,453.2999877929688,445.3999938964844,447.7999877929688,109129.0,0.0,0.0,
2022-11-11,451.1300048828125,454.9700012207031,450.010009765625,451.9200134277344,9275.0,0.0,0.0,
2022-11-14,454.3299865722656,455.6700134277344,451.760009765625,454.8800048828125,11089.0,0.0,0.0,
2022-11-15,457.989990234375,457.989990234375,452.1300048828125,455.8900146484375,32426.0,0.0,0.0,
2022-11-16,456.5,456.5,450.5,452.1499938964844,6319.0,0.0,0.0,
2022-11-17,454.0,454.9500122070312,448.5,448.8599853515625,6456.0,0.0,0.0,
2022-11-18,448.010009765625,449.989990234375,444.3099975585938,446.5499877929688,10469.0,0.0,0.0,
2022-11-21,447.989990234375,447.989990234375,442.3299865722656,444.4599914550781,16476.0,0.0,0.0,
2022-11-22,444.4599914550781,446.0,443.010009765625,445.4299926757812,23358.0,0.0,0.0,
2022-11-23,447.9800109863281,447.9800109863281,444.0700073242188,445.8900146484375,5108.0,0.0,0.0,
2022-11-24,448.989990234375,450.0,444.7900085449219,446.9400024414062,13315.0,0.0,0.0,
2022-11-25,449.5,449.5,446.0,448.8399963378906,14679.0,0.0,0.0,
2022-11-28,449.989990234375,451.7000122070312,448.4200134277344,449.9700012207031,15169.0,0.0,0.0,
2022-11-29,451.8999938964844,453.5400085449219,450.1000061035156,452.260009765625,41589.0,0.0,0.0,
2022-11-30,452.25,457.3200073242188,451.1099853515625,455.1900024414062,9858.0,0.0,0.0,
2022-12-01,460.489990234375,460.489990234375,456.75,459.0199890136719,19766.0,0.0,0.0,
2022-12-02,461.5,461.5,457.1000061035156,459.0599975585938,14033.0,0.0,0.0,
2022-12-05,461.4800109863281,462.9700012207031,455.5,459.6400146484375,51746.0,0.0,0.0,
2022-12-06,459.4200134277344,459.8900146484375,457.0,459.7099914550781,23477.0,0.0,0.0,
2022-12-07,461.5,462.3999938964844,458.010009765625,460.2200012207031,8067.0,0.0,0.0,
2022-12-08,463.0,463.9700012207031,459.9800109863281,461.239990234375,5060.0,0.0,0.0,
2022-12-09,459.1300048828125,463.9299926757812,455.0,458.3500061035156,20201.0,0.0,0.0,
2022-12-12,461.9599914550781,461.9599914550781,455.0,458.260009765625,26872.0,0.0,0.0,
2022-12-13,460.8999938964844,460.8999938964844,456.2000122070312,457.9100036621094,21263.0,0.0,0.0,
2022-12-14,461.0,461.0,458.1099853515625,459.7000122070312,10187.0,0.0,0.0,
2022-12-15,460.8999938964844,461.8999938964844,455.510009765625,457.0799865722656,59324.0,0.0,0.0,
2022-12-16,456.989990234375,456.989990234375,450.0,450.760009765625,17918.0,0.0,0.0,
2022-12-19,452.8900146484375,455.0,448.2699890136719,454.4700012207031,9369.0,0.0,0.0,
2022-12-20,456.9500122070312,456.9500122070312,450.4400024414062,452.5499877929688,33778.0,0.0,0.0,
2022-12-21,453.0199890136719,456.25,445.7000122070312,446.989990234375,48764.0,0.0,0.0,
2022-12-22,450.9700012207031,450.9700012207031,440.5,442.9400024414062,20586.0,0.0,0.0,
2022-12-23,440.0,442.0,424.8500061035156,427.1400146484375,33317.0,0.0,0.0,
2022-12-26,427.1499938964844,439.0,427.0,437.3200073242188,35039.0,0.0,0.0,
2022-12-27,437.2999877929688,442.1199951171875,437.2999877929688,441.0599975585938,8994.0,0.0,0.0,
2022-12-28,442.989990234375,444.3200073242188,439.0599975585938,442.1000061035156,16149.0,0.0,0.0,
2022-12-29,443.8900146484375,443.9400024414062,437.2099914550781,441.5899963378906,11667.0,0.0,0.0,
2022-12-30,442.510009765625,446.6099853515625,440.8999938964844,443.260009765625,5864.0,0.0,0.0,
2023-01-02,443.0,445.260009765625,437.8399963378906,442.0299987792969,44949.0,0.0,0.0,
2023-01-03,442.989990234375,445.0,440.1099853515625,444.4500122070312,16754.0,0.0,0.0,
2023-01-04,442.0299987792969,445.8900146484375,438.5,439.0400085449219,13491.0,0.0,0.0,
2023-01-05,441.489990234375,442.0599975585938,437.5,441.739990234375,5718.0,0.0,0.0,
2023-01-06,443.489990234375,443.9500122070312,437.0,438.4599914550781,28419.0,0.0,0.0,
2023-01-09,439.6099853515625,442.8900146484375,438.4599914550781,441.6199951171875,33904.0,0.0,0.0,
2023-01-10,441.2999877929688,441.4599914550781,437.3099975585938,440.3399963378906,9899.0,0.0,0.0,
2023-01-11,442.9599914550781,442.9599914550781,437.2699890136719,438.8599853515625,5837.0,0.0,0.0,
2023-01-12,438.8699951171875,441.7900085449219,438.3099975585938,439.1700134277344,34471.0,0.0,0.0,
2023-01-13,438.260009765625,442.0,436.989990234375,441.4500122070312,29774.0,0.0,0.0,
2023-01-16,441.4500122070312,443.8999938964844,439.260009765625,440.8599853515625,7958.0,0.0,0.0,
2023-01-17,441.7799987792969,442.5899963378906,439.0,441.4599914550781,5238.0,0.0,0.0,
2023-01-18,443.8900146484375,443.8900146484375,438.1099853515625,441.8999938964844,7054.0,0.0,0.0,
2023-01-19,441.8999938964844,441.8999938964844,438.5199890136719,439.6400146484375,3248.0,0.0,0.0,
2023-01-20,440.010009765625,444.9599914550781,437.0,438.0499877929688,13060.0,0.0,0.0,
2023-01-23,439.010009765625,445.260009765625,437.0,438.6000061035156,20121.0,0.0,0.0,
2023-01-24,438.7000122070312,441.8900146484375,437.3999938964844,438.5599975585938,39564.0,0.0,0.0,
2023-01-25,439.8999938964844,439.8999938964844,425.8999938964844,427.510009765625,61898.0,0.0,0.0,
2023-01-27,429.739990234375,431.489990234375,408.7200012207031,427.1600036621094,111753.0,0.0,0.0,
2023-01-30,417.9800109863281,418.010009765625,403.989990234375,406.9400024414062,120219.0,0.0,0.0,
2023-01-31,406.9500122070312,415.010009765625,405.7999877929688,411.2799987792969,57822.0,0.0,0.0,
2023-02-01,415.9700012207031,415.9700012207031,399.9599914550781,409.1799926757812,84541.0,0.0,0.0,
2023-02-02,405.989990234375,408.3999938964844,396.510009765625,403.6099853515625,48137.0,0.0,0.0,
2023-02-03,403.6199951171875,407.9800109863281,398.0,403.2900085449219,34894.0,0.0,0.0,
2023-02-06,406.239990234375,409.6000061035156,401.9800109863281,405.0499877929688,37091.0,0.0,0.0,
2023-02-07,405.0499877929688,408.5199890136719,404.2999877929688,405.7699890136719,17068.0,0.0,0.0,
2023-02-08,405.7799987792969,414.0,405.75,411.6900024414062,15668.0,0.0,0.0,
2023-02-09,411.989990234375,411.989990234375,405.510009765625,406.9299926757812,20981.0,0.0,0.0,
2023-02-10,402.8099975585938,408.6900024414062,402.8099975585938,406.2200012207031,10648.0,0.0,0.0,
2023-02-13,406.2300109863281,408.8999938964844,400.0,400.6799926757812,64759.0,0.0,0.0,
2023-02-14,400.6799926757812,404.4100036621094,399.0,399.6000061035156,12745.0,0.0,0.0,
2023-02-15,400.0,401.9500122070312,399.5899963378906,401.8500061035156,10975.0,0.0,0.0,
2023-02-16,401.9599914550781,407.4500122070312,401.9599914550781,406.3099975585938,21570.0,0.0,0.0,
2023-02-17,406.3900146484375,406.3900146484375,401.0,401.6700134277344,27331.0,0.0,0.0,
2023-02-20,404.489990234375,412.0,399.1700134277344,402.7000122070312,78677.0,0.0,0.0,
2023-02-21,402.6900024414062,404.2900085449219,400.010009765625,401.7200012207031,7955.0,0.0,0.0,
2023-02-22,400.6099853515625,422.010009765625,393.5,401.5400085449219,154008.0,0.0,0.0,
2023-02-23,401.510009765625,401.510009765625,392.489990234375,394.2099914550781,43235.0,0.0,0.0,
2023-02-24,394.260009765625,397.9400024414062,392.5,393.3299865722656,66230.0,0.0,0.0,
2023-02-27,392.989990234375,393.010009765625,386.1000061035156,390.4500122070312,81562.0,0.0,0.0,
2023-02-28,390.4599914550781,393.8399963378906,388.3200073242188,390.7999877929688,89807.0,0.0,0.0,
2023-03-01,393.8900146484375,395.489990234375,390.8099975585938,394.6099853515625,18485.0,0.0,0.0,
2023-03-02,394.489990234375,396.9700012207031,393.0199890136719,394.7200012207031,19314.0,0.0,0.0,
2023-03-03,395.0199890136719,399.6900024414062,395.0199890136719,397.989990234375,22426.0,0.0,0.0,
2023-03-06,399.0,404.4400024414062,399.0,402.5799865722656,30385.0,0.0,0.0,
2023-03-08,401.7999877929688,406.0,399.0,405.0400085449219,11240.0,0.0,0.0,
2023-03-09,404.8900146484375,405.6700134277344,400.1199951171875,400.989990234375,18235.0,0.0,0.0,
2023-03-10,399.989990234375,402.4800109863281,395.0,398.6199951171875,78570.0,0.0,0.0,
2023-03-13,398.5,403.75,396.010009765625,400.5299987792969,55419.0,0.0,0.0,
2023-03-14,396.4800109863281,397.739990234375,390.0,391.6700134277344,97325.0,0.0,0.0,
2023-03-15,392.1099853515625,396.6700134277344,391.8299865722656,392.5199890136719,29843.0,0.0,0.0,
2023-03-16,392.510009765625,396.0,386.9100036621094,394.2799987792969,15976.0,0.0,0.0,
2023-03-17,396.6199951171875,398.8399963378906,394.2900085449219,396.8299865722656,31255.0,0.0,0.0,
2023-03-20,396.7900085449219,396.7900085449219,390.0,392.4400024414062,75487.0,0.0,0.0,
2023-03-21,393.7099914550781,395.9700012207031,392.7000122070312,394.1600036621094,199285.0,0.0,0.0,
2023-03-22,395.1300048828125,401.0,394.6600036621094,399.5400085449219,40531.0,0.0,0.0,
2023-03-23,396.2099914550781,399.5400085449219,394.989990234375,397.9299926757812,30406.0,0.0,0.0,
2023-03-24,398.010009765625,398.010009765625,394.5,394.5400085449219,61356.0,0.0,0.0,
2023-03-27,395.0,396.25,391.0499877929688,391.7300109863281,114484.0,0.0,0.0,
2023-03-28,391.7300109863281,392.5,386.989990234375,387.7799987792969,68724.0,0.0,0.0,
2023-03-29,385.1300048828125,391.0,385.1300048828125,390.760009765625,10902.0,0.0,0.0,
2023-03-31,391.0899963378906,396.0700073242188,391.0799865722656,395.1199951171875,29364.0,0.0,0.0,
2023-04-03,396.1600036621094,398.6900024414062,395.1199951171875,396.7799987792969,24690.0,0.0,0.0,
2023-04-05,396.7799987792969,400.0,396.0700073242188,399.3099975585938,30061.0,0.0,0.0,
2023-04-06,399.989990234375,401.1799926757812,396.5,401.0299987792969,22274.0,0.0,0.0,
2023-04-10,400.989990234375,402.5,398.6600036621094,401.4200134277344,18357.0,0.0,0.0,
2023-04-11,401.4200134277344,404.0599975585938,401.0,402.1499938964844,14573.0,0.0,0.0,
2023-04-12,402.1499938964844,404.5,402.1499938964844,403.3200073242188,6441.0,0.0,0.0,
2023-04-13,405.489990234375,406.5,401.75,404.1799926757812,26257.0,0.0,0.0,
2023-04-17,400.1300048828125,408.0,399.2000122070312,405.3299865722656,26447.0,0.0,0.0,
2023-04-18,405.3299865722656,407.6900024414062,404.1000061035156,405.9599914550781,13470.0,0.0,0.0,
2023-04-19,407.989990234375,407.989990234375,403.0,403.7999877929688,7782.0,0.0,0.0,
2023-04-20,403.6799926757812,404.7000122070312,403.25,403.7200012207031,10865.0,0.0,0.0,
2023-04-21,403.5599975585938,410.5499877929688,402.0,403.9100036621094,16560.0,0.0,0.0,
2023-04-24,405.989990234375,405.989990234375,402.25,404.9800109863281,28234.0,0.0,0.0,
2023-04-25,404.9800109863281,407.25,404.9800109863281,406.5199890136719,2944.0,0.0,0.0,
2023-04-26,407.239990234375,408.5,405.2999877929688,407.8900146484375,9747.0,0.0,0.0,
2023-04-27,407.0299987792969,410.0,407.0,408.5899963378906,8115.0,0.0,0.0,
2023-04-28,408.5799865722656,414.0,408.5799865722656,412.8999938964844,19579.0,0.0,0.0,
2023-05-02,412.9599914550781,427.5,412.9599914550781,419.8399963378906,28919.0,0.0,0.0,
2023-05-03,417.0,419.8099975585938,414.010009765625,417.6099853515625,12733.0,0.0,0.0,
2023-05-04,417.6700134277344,420.510009765625,417.6700134277344,419.9100036621094,18328.0,0.0,0.0,
2023-05-05,419.9100036621094,422.0799865722656,419.3699951171875,420.4800109863281,29968.0,0.0,0.0,
2023-05-08,422.989990234375,423.489990234375,420.010009765625,422.0199890136719,7390.0,0.0,0.0,
2023-05-09,424.8900146484375,425.4500122070312,421.25,422.1300048828125,23135.0,0.0,0.0,
2023-05-10,421.6000061035156,424.5,421.0799865722656,423.8500061035156,8159.0,0.0,0.0,
2023-05-11,423.8500061035156,428.25,423.8500061035156,427.1300048828125,16481.0,0.0,0.0,
2023-05-12,428.989990234375,429.489990234375,425.510009765625,427.8500061035156,17026.0,0.0,0.0,
2023-05-15,425.1300048828125,431.2000122070312,424.0799865722656,429.6000061035156,11989.0,0.0,0.0,
2023-05-16,430.2799987792969,432.5,430.0,430.2699890136719,8540.0,0.0,0.0,
2023-05-17,430.989990234375,430.989990234375,426.010009765625,427.1000061035156,6804.0,0.0,0.0,
2023-05-18,430.0,430.260009765625,422.0,423.0199890136719,20997.0,0.0,0.0,
2023-05-19,424.489990234375,426.0700073242188,420.010009765625,425.2699890136719,26647.0,0.0,0.0,
2023-05-22,425.8900146484375,430.0,422.5,429.5299987792969,21859.0,0.0,0.0,
2023-05-23,430.010009765625,432.0,430.0,430.6000061035156,13678.0,0.0,0.0,
2023-05-24,430.489990234375,431.6199951171875,428.510009765625,430.1300048828125,5846.0,0.0,0.0,
2023-05-25,430.0,431.8800048828125,428.1099853515625,431.3299865722656,4594.0,0.0,0.0,
2023-05-26,430.1300048828125,437.0,430.1300048828125,435.989990234375,11084.0,0.0,0.0,
2023-05-29,439.75,439.989990234375,437.6000061035156,438.2300109863281,7088.0,0.0,0.0,
2023-05-30,438.010009765625,441.0,437.0,439.7300109863281,42715.0,0.0,0.0,
2023-05-31,437.0,442.0,437.0,441.5199890136719,8883.0,0.0,0.0,
2023-06-01,441.989990234375,444.3999938964844,440.3999938964844,442.5400085449219,11952.0,0.0,0.0,
2023-06-02,442.8099975585938,444.989990234375,442.1199951171875,443.6300048828125,25855.0,0.0,0.0,
2023-06-05,443.6700134277344,446.8999938964844,443.0700073242188,443.8399963378906,17308.0,0.0,0.0,
2023-06-06,445.989990234375,446.5,444.510009765625,445.760009765625,14055.0,0.0,0.0,
2023-06-07,446.1099853515625,451.760009765625,446.1099853515625,450.7999877929688,39278.0,0.0,0.0,
2023-06-08,450.7999877929688,452.6900024414062,447.010009765625,448.4200134277344,20404.0,0.0,0.0,
2023-06-09,448.4100036621094,449.8999938964844,446.4299926757812,447.9100036621094,21238.0,0.0,0.0,
2023-06-12,448.0,450.8599853515625,447.3599853515625,449.7099914550781,19107.0,0.0,0.0,
2023-06-13,449.7099914550781,453.7699890136719,449.7099914550781,453.2900085449219,18661.0,0.0,0.0,
2023-06-14,453.3900146484375,455.7000122070312,453.3099975585938,455.1600036621094,10253.0,0.0,0.0,
2023-06-15,455.1600036621094,458.0499877929688,454.0,455.3299865722656,44130.0,0.0,0.0,
2023-06-16,455.6700134277344,461.2999877929688,455.6700134277344,459.989990234375,13673.0,0.0,0.0,
2023-06-19,461.8900146484375,461.8900146484375,457.4700012207031,458.2799987792969,9997.0,0.0,0.0,
2023-06-20,457.1199951171875,461.2900085449219,456.9100036621094,458.9800109863281,25045.0,0.0,0.0,
2023-06-21,460.010009765625,463.5,459.0899963378906,459.8999938964844,30014.0,0.0,0.0,
2023-06-22,462.2900085449219,462.2900085449219,454.1099853515625,455.3399963378906,7599.0,0.0,0.0,
2023-06-23,455.3399963378906,455.989990234375,449.0,449.6600036621094,6166.0,0.0,0.0,
2023-06-26,448.8599853515625,453.0,446.0899963378906,450.1199951171875,21439.0,0.0,0.0,
2023-06-27,451.1700134277344,453.9100036621094,450.739990234375,453.4700012207031,108976.0,0.0,0.0,
2023-06-28,454.0799865722656,456.8800048828125,453.0599975585938,454.9599914550781,9294.0,0.0,0.0,
2023-06-30,457.7900085449219,458.8999938964844,455.0,457.8200073242188,67080.0,0.0,0.0,
2023-07-03,458.8800048828125,460.0,455.8699951171875,459.4299926757812,77042.0,0.0,0.0,
2023-07-04,460.0,462.1900024414062,458.0,458.489990234375,9763.0,0.0,0.0,
2023-07-05,460.5,462.8900146484375,452.0,461.5799865722656,13345.0,0.0,0.0,
2023-07-06,462.1600036621094,466.0,461.8399963378906,465.3399963378906,15058.0,0.0,0.0,
2023-07-07,464.5499877929688,466.6900024414062,459.7099914550781,461.9100036621094,57909.0,0.0,0.0,
2023-07-10,460.1099853515625,463.0,458.1900024414062,460.5,9717.0,0.0,0.0,
2023-07-11,460.8999938964844,463.8999938964844,458.6700134277344,462.3099975585938,10502.0,0.0,0.0,
2023-07-12,463.989990234375,464.0,460.6099853515625,462.6099853515625,66971.0,0.0,0.0,
2023-07-13,463.1700134277344,467.0700073242188,459.7200012207031,461.3900146484375,20313.0,0.0,0.0,
2023-07-14,462.0,464.9400024414062,460.0,463.3599853515625,8168.0,0.0,0.0,
2023-07-17,463.3599853515625,466.3599853515625,463.25,465.4299926757812,8338.0,0.0,0.0,
2023-07-18,465.1099853515625,466.8900146484375,461.3699951171875,464.3399963378906,11060.0,0.0,0.0,
2023-07-19,464.3399963378906,467.5700073242188,463.6499938964844,466.3900146484375,6828.0,0.0,0.0,
2023-07-20,465.5,466.3900146484375,461.3099975585938,465.6900024414062,26702.0,0.0,0.0,
2023-07-21,465.989990234375,466.8999938964844,460.3599853515625,464.1499938964844,7577.0,0.0,0.0,
2023-07-24,464.989990234375,465.1000061035156,461.989990234375,463.0199890136719,10689.0,0.0,0.0,
2023-07-25,463.7900085449219,465.9400024414062,462.2999877929688,464.6300048828125,11922.0,0.0,0.0,
2023-07-26,464.6700134277344,469.3900146484375,464.6600036621094,468.1300048828125,12747.0,0.0,0.0,
2023-07-27,466.1300048828125,471.0,465.9299926757812,469.9299926757812,7165.0,0.0,0.0,
2023-07-28,467.6700134277344,473.7200012207031,467.6600036621094,472.8299865722656,14177.0,0.0,0.0,
2023-07-31,474.489990234375,476.9299926757812,472.8399963378906,475.3399963378906,15602.0,0.0,0.0,
2023-08-01,475.989990234375,477.8999938964844,473.239990234375,475.5499877929688,14355.0,0.0,0.0,
2023-08-02,475.5400085449219,475.5400085449219,465.5400085449219,469.0499877929688,15203.0,0.0,0.0,
2023-08-03,469.8900146484375,469.8900146484375,464.2200012207031,467.4599914550781,25712.0,0.0,0.0,
2023-08-04,469.3900146484375,471.8900146484375,468.1799926757812,470.3399963378906,16366.0,0.0,0.0,
2023-08-07,472.3299865722656,472.3299865722656,468.25,471.3399963378906,8068.0,0.0,0.0,
2023-08-08,471.3399963378906,472.8399963378906,467.4299926757812,469.9400024414062,10526.0,0.0,0.0,
2023-08-09,470.0,472.8599853515625,468.75,472.2000122070312,8869.0,0.0,0.0,
2023-08-10,472.2000122070312,472.8900146484375,468.8299865722656,469.9200134277344,13374.0,0.0,0.0,
2023-08-11,469.0,471.489990234375,468.0,468.5400085449219,15852.0,0.0,0.0,
2023-08-14,464.1099853515625,467.1600036621094,458.010009765625,462.9599914550781,15359.0,0.0,0.0,
2023-08-16,461.8900146484375,461.8999938964844,458.1300048828125,460.3200073242188,15069.0,0.0,0.0,
2023-08-17,465.0,465.0,460.5599975585938,461.4400024414062,9596.0,0.0,0.0,
2023-08-18,461.4500122070312,461.4500122070312,458.2000122070312,458.8099975585938,24634.0,0.0,0.0,
2023-08-21,458.1400146484375,475.0,458.1400146484375,469.7300109863281,24447.0,0.0,0.0,
2023-08-22,467.9800109863281,467.9800109863281,461.8699951171875,466.4800109863281,19614.0,0.0,0.0,
2023-08-23,467.8900146484375,468.25,464.3599853515625,466.5599975585938,7578.0,0.0,0.0,
2023-08-24,466.8699951171875,470.2300109863281,466.5700073242188,467.1300048828125,13594.0,0.0,0.0,
2023-08-25,467.0,468.3900146484375,462.6000061035156,464.239990234375,9274.0,0.0,0.0,
2023-08-28,465.8900146484375,467.1700134277344,463.2099914550781,466.5400085449219,5230.0,0.0,0.0,
2023-08-29,467.8900146484375,469.0,466.0599975585938,467.5299987792969,7101.0,0.0,0.0,
2023-08-30,469.0,472.0,468.6199951171875,470.6600036621094,3817.0,0.0,0.0,
2023-08-31,471.0,471.989990234375,466.7000122070312,467.2799987792969,6029.0,0.0,0.0,
2023-09-01,468.8999938964844,475.0,466.7099914550781,471.7300109863281,9393.0,0.0,0.0,
2023-09-04,485.8999938964844,485.8999938964844,470.6700134277344,474.7000122070312,18302.0,0.0,0.0,
2023-09-05,473.989990234375,477.3999938964844,473.5,474.9100036621094,32555.0,0.0,0.0,
2023-09-06,474.989990234375,478.4299926757812,474.6900024414062,477.1900024414062,10603.0,0.0,0.0,
2023-09-07,478.989990234375,481.7000122070312,475.010009765625,481.260009765625,20707.0,0.0,0.0,
2023-09-08,480.0,486.0,480.0,484.9700012207031,13533.0,0.0,0.0,
2023-09-11,487.8999938964844,488.8999938964844,485.7000122070312,488.1300048828125,14927.0,0.0,0.0,
2023-09-12,489.0899963378906,490.010009765625,476.8999938964844,477.7099914550781,36636.0,0.0,0.0,
2023-09-13,479.9700012207031,481.1400146484375,474.0,479.7099914550781,10372.0,0.0,0.0,
2023-09-14,480.010009765625,483.9700012207031,479.75,483.1199951171875,15349.0,0.0,0.0,
2023-09-15,483.510009765625,485.0,481.6900024414062,484.0799865722656,5255.0,0.0,0.0,
2023-09-18,484.0899963378906,486.1799926757812,482.1099853515625,483.2799987792969,6462.0,0.0,0.0,
2023-09-20,480.8099975585938,484.2900085449219,478.0,479.0899963378906,20935.0,0.0,0.0,
2023-09-21,480.489990234375,481.3599853515625,474.510009765625,475.9100036621094,9734.0,0.0,0.0,
2023-09-22,477.489990234375,478.25,473.25,475.1499938964844,5158.0,0.0,0.0,
2023-09-25,475.1499938964844,477.489990234375,471.8800048828125,474.2000122070312,9480.0,0.0,0.0,
2023-09-26,474.1499938964844,476.6000061035156,473.4299926757812,474.1799926757812,5281.0,0.0,0.0,
2023-09-27,475.0,476.0,472.989990234375,475.760009765625,14788.0,0.0,0.0,
2023-09-28,475.75,477.8900146484375,468.1199951171875,469.4599914550781,9967.0,0.0,0.0,
2023-09-29,470.0,475.0,469.4200134277344,473.0499877929688,13907.0,0.0,0.0,
2023-10-03,473.0400085449219,476.0,468.510009765625,475.4200134277344,21788.0,0.0,0.0,
2023-10-04,476.8999938964844,476.8999938964844,464.6000061035156,467.739990234375,16893.0,0.0,0.0,
2023-10-05,465.5,472.9700012207031,465.5,470.0499877929688,14178.0,0.0,0.0,
2023-10-06,470.510009765625,473.6000061035156,469.0,472.5299987792969,17422.0,0.0,0.0,
2023-10-09,486.7000122070312,486.7000122070312,465.3599853515625,466.8399963378906,14873.0,0.0,0.0,
2023-10-10,466.8399963378906,473.5899963378906,466.8399963378906,473.3299865722656,19101.0,0.0,0.0,
2023-10-11,473.2900085449219,477.010009765625,473.2900085449219,475.1499938964844,14415.0,0.0,0.0,
2023-10-12,474.989990234375,477.75,474.510009765625,476.8200073242188,8067.0,0.0,0.0,
2023-10-13,475.5499877929688,477.260009765625,474.7200012207031,476.1900024414062,4964.0,0.0,0.0,
2023-10-16,476.1900024414062,478.0,474.2099914550781,477.3299865722656,5223.0,0.0,0.0,
2023-10-17,478.0,479.2900085449219,477.3599853515625,477.7200012207031,18256.0,0.0,0.0,
2023-10-18,477.75,479.2000122070312,472.9299926757812,474.739990234375,7942.0,0.0,0.0,
2023-10-19,474.0,474.0,470.0499877929688,471.9400024414062,6302.0,0.0,0.0,
2023-10-20,471.9400024414062,472.1799926757812,467.510009765625,468.260009765625,14308.0,0.0,0.0,
2023-10-23,470.5,470.5,456.1000061035156,459.4500122070312,14711.0,0.0,0.0,
2023-10-25,456.1000061035156,462.7999877929688,445.6499938964844,456.5499877929688,11531.0,0.0,0.0,
2023-10-26,456.4299926757812,456.4299926757812,446.5,451.8500061035156,24773.0,0.0,0.0,
2023-10-27,452.010009765625,461.75,452.0,461.0299987792969,13201.0,0.0,0.0,
2023-10-30,467.1000061035156,467.1000061035156,457.0,460.2799987792969,13392.0,0.0,0.0,
2023-10-31,461.5,464.5400085449219,461.0700073242188,462.5400085449219,4545.0,0.0,0.0,
2023-11-01,463.989990234375,464.0,459.4100036621094,460.6000061035156,79684.0,0.0,0.0,
2023-11-02,461.2000122070312,467.5899963378906,461.2000122070312,465.75,33898.0,0.0,0.0,
2023-11-03,469.989990234375,471.0,466.9100036621094,470.9200134277344,15288.0,0.0,0.0,
2023-11-06,476.0,476.0,471.2999877929688,475.7200012207031,9367.0,0.0,0.0,
2023-11-07,474.8500061035156,479.2999877929688,473.6300048828125,478.6300048828125,20495.0,0.0,0.0,
2023-11-08,479.510009765625,483.260009765625,479.510009765625,482.989990234375,16277.0,0.0,0.0,
2023-11-09,482.8800048828125,483.3500061035156,479.9200134277344,480.510009765625,9930.0,0.0,0.0,
2023-11-10,483.4800109863281,483.4800109863281,476.8099975585938,481.1300048828125,7789.0,0.0,0.0,
2023-11-13,485.8999938964844,485.8999938964844,479.6499938964844,483.739990234375,6617.0,0.0,0.0,
2023-11-15,484.6700134277344,488.0,483.8699951171875,487.3099975585938,21876.0,0.0,0.0,
2023-11-16,487.3099975585938,490.3599853515625,487.0599975585938,489.9700012207031,16033.0,0.0,0.0,
2023-11-17,492.5,492.7000122070312,487.4700012207031,491.5,8253.0,0.0,0.0,
2023-11-20,493.989990234375,494.0,489.760009765625,491.0799865722656,19025.0,0.0,0.0,
2023-11-21,491.0899963378906,493.7999877929688,489.9100036621094,490.3699951171875,5337.0,0.0,0.0,
2023-11-22,490.3699951171875,493.0,486.9100036621094,488.5899963378906,5611.0,0.0,0.0,
2023-11-23,488.8999938964844,492.0,488.25,491.3900146484375,22335.0,0.0,0.0,
2023-11-24,492.0,492.8399963378906,490.010009765625,490.0899963378906,6690.0,0.0,0.0,
2023-11-28,492.7999877929688,496.2000122070312,489.0799865722656,495.8500061035156,18454.0,0.0,0.0,
2023-11-29,496.6700134277344,499.489990234375,496.6700134277344,498.1700134277344,24712.0,0.0,0.0,
2023-11-30,499.0799865722656,505.3999938964844,497.6499938964844,504.0400085449219,25569.0,0.0,0.0,
2023-12-01,508.2999877929688,511.0,505.0899963378906,510.3699951171875,22845.0,0.0,0.0,
2023-12-04,513.6599731445312,525.8699951171875,513.6599731445312,519.530029296875,14692.0,0.0,0.0,
2023-12-05,523.2999877929688,525.8699951171875,518.5999755859375,524.9099731445312,8064.0,0.0,0.0,
2023-12-06,529.4400024414062,532.6900024414062,525.0800170898438,531.530029296875,12560.0,0.0,0.0,
2023-12-07,534.5,536.4000244140625,531.6699829101562,535.780029296875,9817.0,0.0,0.0,
2023-12-08,538.6900024414062,538.989990234375,526.8499755859375,531.8900146484375,13283.0,0.0,0.0,
2023-12-11,531.8900146484375,538.5,531.8900146484375,537.739990234375,8481.0,0.0,0.0,
2023-12-12,541.989990234375,541.989990234375,532.4500122070312,534.5800170898438,31124.0,0.0,0.0,
2023-12-13,536.9000244140625,540.0,530.0900268554688,538.969970703125,13583.0,0.0,0.0,
2023-12-14,539.97998046875,545.989990234375,539.97998046875,544.6300048828125,10198.0,0.0,0.0,
2023-12-15,547.2999877929688,549.3599853515625,544.6599731445312,547.9500122070312,19983.0,0.0,0.0,
2023-12-18,546.2100219726562,551.3599853515625,545.0,550.3400268554688,31202.0,0.0,0.0,
2023-12-19,554.9000244140625,554.9000244140625,544.8900146484375,551.3800048828125,4447.0,0.0,0.0,
2023-12-20,555.9000244140625,555.9000244140625,533.9299926757812,536.3099975585938,19127.0,0.0,0.0,
2023-12-21,535.9000244140625,544.0,527.7999877929688,541.4299926757812,19202.0,0.0,0.0,
2023-12-22,543.010009765625,547.9000244140625,541.4400024414062,546.47998046875,18185.0,0.0,0.0,
2023-12-26,546.47998046875,552.1500244140625,542.5,550.489990234375,7196.0,0.0,0.0,
2023-12-27,550.77001953125,557.2899780273438,550.77001953125,553.8099975585938,19279.0,0.0,0.0,
2023-12-28,554.8900146484375,558.0499877929688,553.6900024414062,557.219970703125,13038.0,0.0,0.0,
2023-12-29,557.2100219726562,559.97998046875,555.510009765625,559.9000244140625,17050.0,0.0,0.0,
2024-01-01,564.7899780273438,564.7999877929688,557.1099853515625,561.5399780273438,14597.0,0.0,0.0,
2024-01-02,564.7899780273438,564.7899780273438,552.2100219726562,560.72998046875,12288.0,0.0,0.0,
2024-01-03,564.7000122070312,565.0,555.0900268554688,564.8099975585938,6880.0,0.0,0.0,
2024-01-04,567.7899780273438,572.0,565.030029296875,571.6900024414062,4382.0,0.0,0.0,
2024-01-05,571.6900024414062,576.0,568.1099853515625,570.8400268554688,25272.0,0.0,0.0,
2024-01-08,574.2899780273438,574.2999877929688,565.0,566.010009765625,14380.0,0.0,0.0,
2024-01-09,569.8900146484375,571.25,566.0,566.5599975585938,25230.0,0.0,0.0,
2024-01-10,568.489990234375,569.4500122070312,563.4600219726562,569.010009765625,7205.0,0.0,0.0,
2024-01-11,571.7899780273438,575.52001953125,571.010009765625,574.52001953125,14123.0,0.0,0.0,
2024-01-12,574.530029296875,578.2999877929688,571.4099731445312,575.1599731445312,19571.0,0.0,0.0,
2024-01-15,576.010009765625,579.760009765625,574.2000122070312,578.1799926757812,18972.0,0.0,0.0,
2024-01-16,579.7899780273438,579.7999877929688,574.1799926757812,575.5499877929688,8804.0,0.0,0.0,
2024-01-17,576.0,576.989990234375,567.9199829101562,570.5900268554688,18152.0,0.0,0.0,
2024-01-18,571.9000244140625,571.9000244140625,554.6599731445312,567.8300170898438,35270.0,0.0,0.0,
2024-01-19,571.7899780273438,577.0,569.1799926757812,574.3200073242188,15092.0,0.0,0.0,
2024-01-23,577.0599975585938,579.989990234375,557.6599731445312,562.0,31280.0,0.0,0.0,
2024-01-24,562.5,571.1900024414062,557.989990234375,568.239990234375,119175.0,0.0,0.0,
2024-01-25,572.8900146484375,573.7999877929688,566.02001953125,570.8800048828125,36498.0,0.0,0.0,
2024-01-29,570.8699951171875,579.5800170898438,567.510009765625,578.260009765625,13906.0,0.0,0.0,
2024-01-30,582.489990234375,584.010009765625,575.97998046875,577.2899780273438,33067.0,0.0,0.0,
2024-01-31,577.2999877929688,582.3900146484375,576.0999755859375,581.0,13924.0,0.0,0.0,
2024-02-01,581.010009765625,588.9400024414062,581.010009765625,584.1199951171875,15593.0,0.0,0.0,
2024-02-02,584.27001953125,590.5,584.27001953125,586.2899780273438,41902.0,0.0,0.0,
2024-02-05,603.9000244140625,603.9000244140625,584.2899780273438,585.4500122070312,23396.0,0.0,0.0,
2024-02-06,585.4600219726562,593.7899780273438,584.989990234375,592.5399780273438,12263.0,0.0,0.0,
2024-02-07,600.0,605.0,594.6300048828125,603.9099731445312,15922.0,0.0,0.0,
2024-02-08,607.7999877929688,610.0700073242188,603.9199829101562,607.4000244140625,23091.0,0.0,0.0,
2024-02-09,609.9000244140625,610.9000244140625,592.0,604.989990234375,31040.0,0.0,0.0,
2024-02-12,608.739990234375,609.97998046875,591.0999755859375,595.5499877929688,13251.0,0.0,0.0,
2024-02-13,595.6099853515625,599.6400146484375,586.4000244140625,599.0599975585938,18364.0,0.0,0.0,
2024-02-14,598.8900146484375,608.5,591.510009765625,606.9000244140625,26851.0,0.0,0.0,
2024-02-15,611.489990234375,613.2899780273438,607.010009765625,611.52001953125,22928.0,0.0,0.0,
2024-02-16,615.489990234375,618.2100219726562,611.530029296875,616.2899780273438,24380.0,0.0,0.0,
2024-02-19,616.2999877929688,620.3099975585938,616.2999877929688,617.97998046875,13769.0,0.0,0.0,
2024-02-20,617.989990234375,619.989990234375,613.25,617.3200073242188,31822.0,0.0,0.0,
2024-02-22,617.3300170898438,620.489990234375,610.27001953125,613.0499877929688,2602.0,0.0,0.0,
2024-02-21,617.3300170898438,622.72998046875,613.1900024414062,615.97998046875,33189.0,0.0,0.0,
2024-02-23,624.969970703125,625.0999755859375,618.739990234375,623.1799926757812,12126.0,0.0,0.0,
2024-02-26,641.9000244140625,641.9000244140625,621.0,623.219970703125,19126.0,0.0,0.0,
2024-02-27,626.2100219726562,627.7999877929688,620.0,622.3300170898438,7970.0,0.0,0.0,
2024-02-28,622.3400268554688,625.5700073242188,612.4000244140625,615.02001953125,16006.0,0.0,0.0,
2024-02-29,618.0900268554688,623.239990234375,609.3099975585938,618.8599853515625,8621.0,0.0,0.0,
2024-03-01,623.969970703125,627.4000244140625,619.0900268554688,625.3099975585938,29869.0,0.0,0.0,
2024-03-04,631.969970703125,633.5,627.0499877929688,631.4099731445312,32325.0,0.0,0.0,
2024-03-05,633.3900146484375,634.5,628.239990234375,631.9400024414062,14760.0,0.0,0.0,
2024-03-06,631.489990234375,633.7999877929688,621.1699829101562,630.989990234375,43319.0,0.0,0.0,
2024-03-07,630.97998046875,637.1900024414062,630.97998046875,635.9600219726562,12129.0,0.0,0.0,
2024-03-11,639.489990234375,642.25,632.8900146484375,634.4600219726562,15296.0,0.0,0.0,
2024-03-12,638.0900268554688,640.2999877929688,622.719970703125,625.739990234375,20377.0,0.0,0.0,
2024-03-13,628.6900024414062,629.97998046875,598.0,601.2100219726562,42474.0,0.0,0.0,
2024-03-14,605.1500244140625,620.0,594.2000122070312,616.4099731445312,36924.0,0.0,0.0,
2024-03-15,616.4199829101562,619.989990234375,603.010009765625,611.7000122070312,37016.0,0.0,0.0,
2024-03-18,611.7100219726562,617.5,608.4000244140625,615.8499755859375,9919.0,0.0,0.0,
2024-03-19,615.0,619.97998046875,603.260009765625,604.6199951171875,25452.0,0.0,0.0,
2024-03-20,609.2899780273438,619.02001953125,597.0,605.8099975585938,40278.0,0.0,0.0,
2024-03-21,606.6699829101562,620.0,598.0,619.5900268554688,14879.0,0.0,0.0,
2024-03-22,623.3099975585938,628.2999877929688,618.0599975585938,624.6699829101562,19100.0,0.0,0.0,
2024-03-26,624.6699829101562,630.6199951171875,620.52001953125,629.7000122070312,54361.0,0.0,0.0,
2024-03-27,634.5999755859375,637.0,629.7000122070312,631.7999877929688,39620.0,0.0,0.0,
2024-03-28,631.8099975585938,641.1199951171875,631.8099975585938,636.989990234375,12388.0,0.0,0.0,
2024-04-01,637.2999877929688,651.0,637.2999877929688,647.9600219726562,38564.0,0.0,0.0,
2024-04-02,647.969970703125,656.7000122070312,647.969970703125,656.1199951171875,18370.0,0.0,0.0,
2024-04-03,658.2899780273438,660.0,652.010009765625,658.2100219726562,13559.0,0.0,0.0,
2024-04-04,677.9500122070312,677.9500122070312,652.1599731445312,655.969970703125,41797.0,0.0,0.0,
2024-04-05,655.989990234375,662.0800170898438,650.5999755859375,661.2999877929688,45013.0,0.0,0.0,
2024-04-08,670.0999755859375,670.0999755859375,661.0999755859375,664.3099975585938,25226.0,0.0,0.0,
2024-04-09,664.3099975585938,668.3099975585938,659.3499755859375,662.47998046875,33541.0,0.0,0.0,
2024-04-10,662.47998046875,667.969970703125,662.47998046875,666.5900268554688,15001.0,0.0,0.0,
2024-04-12,668.989990234375,670.8099975585938,661.8800048828125,665.0499877929688,25723.0,0.0,0.0,
2024-04-15,665.0499877929688,665.0499877929688,645.4099731445312,654.27001953125,41982.0,0.0,0.0,
2024-04-16,673.9000244140625,673.9000244140625,650.27001953125,653.8200073242188,29655.0,0.0,0.0,
2024-04-18,656.010009765625,664.4000244140625,651.0,655.0499877929688,23375.0,0.0,0.0,
2024-04-19,650.4299926757812,654.5700073242188,641.0,651.7899780273438,33727.0,0.0,0.0,
2024-04-22,652.2999877929688,661.2100219726562,642.5499877929688,656.0,14770.0,0.0,0.0,
2024-04-23,658.0,664.989990234375,656.0999755859375,662.0499877929688,15908.0,0.0,0.0,
2024-04-24,666.0900268554688,668.3200073242188,662.0499877929688,665.0700073242188,13447.0,0.0,0.0,
2024-04-25,665.0800170898438,670.0,665.0800170898438,669.3800048828125,9456.0,0.0,0.0,
2024-04-26,672.0900268554688,677.7999877929688,670.77001953125,675.9500122070312,13467.0,0.0,0.0,
2024-04-29,680.0999755859375,681.97998046875,673.8200073242188,677.969970703125,15549.0,0.0,0.0,
2024-04-30,680.989990234375,688.469970703125,678.2100219726562,682.989990234375,20658.0,0.0,0.0,
2024-05-02,683.0,696.97998046875,680.5999755859375,695.3499755859375,37683.0,0.0,0.0,
2024-05-03,699.3499755859375,700.97998046875,688.0,694.3499755859375,42283.0,0.0,0.0,
2024-05-06,699.4299926757812,699.4400024414062,679.1799926757812,684.4500122070312,39821.0,0.0,0.0,
2024-05-07,684.4600219726562,688.6900024414062,670.0,672.6500244140625,76738.0,0.0,0.0,
2024-05-08,677.969970703125,685.6099853515625,670.239990234375,680.4400024414062,15887.0,0.0,0.0,
2024-05-09,685.4299926757812,685.4400024414062,665.260009765625,668.280029296875,36162.0,0.0,0.0,
2024-05-10,673.969970703125,677.489990234375,665.5,671.7899780273438,37298.0,0.0,0.0,
2024-05-13,677.7899780273438,680.0,663.7999877929688,678.3499755859375,33529.0,0.0,0.0,
2024-05-14,673.510009765625,690.010009765625,673.510009765625,688.8499755859375,20606.0,0.0,0.0,
2024-05-15,690.8599853515625,695.0999755859375,687.6300048828125,690.5800170898438,129438.0,0.0,0.0,
2024-05-16,692.5800170898438,703.5999755859375,690.010009765625,698.47998046875,31414.0,0.0,0.0,
2024-05-17,706.0,708.0,699.0,705.3400268554688,27665.0,0.0,0.0,
2024-05-18,712.97998046875,730.0,705.3499755859375,719.0,9186.0,0.0,0.0,
2024-05-21,717.5499877929688,720.1799926757812,710.0,718.2000122070312,32714.0,0.0,0.0,
2024-05-22,720.0,724.6799926757812,714.989990234375,719.9199829101562,30939.0,0.0,0.0,
2024-05-23,724.969970703125,726.5999755859375,719.6900024414062,725.1500244140625,23974.0,0.0,0.0,
2024-05-24,725.1500244140625,733.1199951171875,718.6500244140625,728.4500122070312,39887.0,0.0,0.0,
2024-05-27,750.2999877929688,750.2999877929688,720.719970703125,727.219970703125,71432.0,0.0,0.0,
2024-05-28,727.530029296875,733.489990234375,717.5,721.9299926757812,29302.0,0.0,0.0,
2024-05-29,721.47998046875,725.6799926757812,712.7999877929688,718.25,42079.0,0.0,0.0,
2024-05-30,721.489990234375,721.489990234375,708.1799926757812,712.8200073242188,35527.0,0.0,0.0,
2024-05-31,713.989990234375,723.5,705.1300048828125,714.6500244140625,33156.0,0.0,0.0,
2024-06-03,736.1099853515625,776.989990234375,730.3099975585938,740.8599853515625,91158.0,0.0,0.0,
2024-06-04,750.8499755859375,750.8499755859375,678.0,718.22998046875,162606.0,0.0,0.0,
2024-06-05,739.7999877929688,739.7999877929688,679.0,706.8400268554688,119495.0,0.0,0.0,
2024-06-06,719.8300170898438,754.8400268554688,711.0599975585938,717.780029296875,108793.0,0.0,0.0,
2024-06-07,722.469970703125,745.0,717.7899780273438,729.6300048828125,48420.0,0.0,0.0,
2024-06-10,751.5,751.5,726.6799926757812,733.8900146484375,53196.0,0.0,0.0,
2024-06-11,743.2999877929688,743.2999877929688,732.27001953125,734.1599731445312,22004.0,0.0,0.0,
2024-06-12,756.2000122070312,756.2000122070312,734.0,738.6099853515625,18289.0,0.0,0.0,
2024-06-13,746.489990234375,748.969970703125,740.0,745.9400024414062,24233.0,0.0,0.0,
2024-06-14,745.9400024414062,759.530029296875,745.9099731445312,758.2899780273438,28528.0,0.0,0.0,
2024-06-18,764.5,768.2899780273438,759.27001953125,760.9600219726562,46664.0,0.0,0.0,
2024-06-19,761.0,766.6799926757812,750.3900146484375,754.6099853515625,92258.0,0.0,0.0,
2024-06-20,756.7899780273438,757.739990234375,750.0,753.4199829101562,20312.0,0.0,0.0,
2024-06-21,757.989990234375,759.0,742.5,749.489990234375,38770.0,0.0,0.0,
2024-06-24,771.9500122070312,771.9500122070312,741.8699951171875,755.1199951171875,22218.0,0.0,0.0,
2024-06-25,759.1099853515625,759.9000244140625,749.5999755859375,752.8599853515625,39339.0,0.0,0.0,
2024-06-26,758.2999877929688,758.2999877929688,744.5999755859375,750.5,20287.0,0.0,0.0,
2024-06-27,773.0,773.0,745.0,751.2899780273438,21815.0,0.0,0.0,
2024-06-28,756.7899780273438,757.0,751.219970703125,755.3099975585938,18996.0,0.0,0.0,
2024-07-01,764.9299926757812,764.9299926757812,748.0999755859375,758.3900146484375,30323.0,0.0,0.0,
2024-07-02,759.989990234375,763.4299926757812,751.0,758.010009765625,31672.0,0.0,0.0,
2024-07-03,759.989990234375,765.4400024414062,759.010009765625,763.6199951171875,18945.0,0.0,0.0,
2024-07-04,767.4099731445312,771.4099731445312,763.6199951171875,770.0800170898438,23521.0,0.0,0.0,
2024-07-05,770.0800170898438,780.0,766.0,775.75,21604.0,0.0,0.0,
2024-07-08,775.75,782.2999877929688,771.1099853515625,776.4500122070312,29191.0,0.0,0.0,
2024-07-09,776.4500122070312,782.6099853515625,776.4500122070312,778.7000122070312,15986.0,0.0,0.0,
2024-07-10,782.489990234375,783.6500244140625,762.2899780273438,777.9000244140625,33201.0,0.0,0.0,
2024-07-11,777.8900146484375,782.7999877929688,777.8900146484375,779.9600219726562,15987.0,0.0,0.0,
2024-07-12,782.989990234375,786.9600219726562,775.5999755859375,778.8400268554688,35691.0,0.0,0.0,
2024-07-15,784.5900268554688,786.0,779.0599975585938,783.0800170898438,27478.0,0.0,0.0,
2024-07-16,787.989990234375,788.0,779.1699829101562,779.8699951171875,32270.0,0.0,0.0,
2024-07-18,783.5900268554688,783.5999755859375,766.0800170898438,771.0399780273438,39705.0,0.0,0.0,
2024-07-19,779.0999755859375,779.0999755859375,750.0,753.1699829101562,77780.0,0.0,0.0,
2024-07-22,753.989990234375,762.9299926757812,744.6599731445312,760.219970703125,39737.0,0.0,0.0,
2024-07-23,760.219970703125,768.8900146484375,730.0,756.9099731445312,47010.0,0.0,0.0,
2024-07-24,759.9600219726562,764.0,751.2999877929688,759.1300048828125,37992.0,0.0,0.0,
2024-07-25,758.0999755859375,761.0,745.2999877929688,759.7999877929688,156198.0,0.0,0.0,
2024-07-26,764.969970703125,775.5900268554688,760.2100219726562,774.8200073242188,26699.0,0.0,0.0,
2024-07-29,774.8200073242188,782.5,773.7100219726562,781.8400268554688,21953.0,0.0,0.0,
2024-07-30,785.989990234375,788.1699829101562,781.8400268554688,783.6199951171875,22728.0,0.0,0.0,
2024-07-31,787.489990234375,790.1500244140625,780.8099975585938,789.6099853515625,45658.0,0.0,0.0,
2024-08-01,793.489990234375,793.5,781.0499877929688,784.280029296875,42302.0,0.0,0.0,
2024-08-02,789.25,789.25,770.2999877929688,775.1400146484375,55652.0,0.0,0.0,
2024-08-05,767.969970703125,769.969970703125,739.1500244140625,754.0900268554688,154421.0,0.0,0.0,
2024-08-06,759.9600219726562,766.6900024414062,740.5,743.0599975585938,58551.0,0.0,0.0,
2024-08-07,756.4299926757812,764.8300170898438,747.4299926757812,763.5399780273438,30698.0,0.0,0.0,
2024-08-08,763.530029296875,768.0999755859375,758.0,760.010009765625,24073.0,0.0,0.0,
2024-08-09,762.2999877929688,785.0,762.2999877929688,768.9400024414062,84975.0,0.0,0.0,
2024-08-12,764.6699829101562,771.9000244140625,753.6599731445312,765.2000122070312,22272.0,0.0,0.0,
2024-08-13,769.4000244140625,769.4000244140625,756.2000122070312,757.0800170898438,27103.0,0.0,0.0,
2024-08-14,761.2899780273438,761.2999877929688,749.0,756.219970703125,22071.0,0.0,0.0,
2024-08-16,776.25,776.25,759.0999755859375,767.72998046875,38215.0,0.0,0.0,
2024-08-19,772.0,776.989990234375,764.989990234375,775.75,70754.0,0.0,0.0,
2024-08-20,775.739990234375,780.0,770.2999877929688,778.9400024414062,118540.0,0.0,0.0,
2024-08-21,779.989990234375,783.97998046875,779.0800170898438,783.280029296875,19595.0,0.0,0.0,
2024-08-22,806.7999877929688,806.7999877929688,780.6599731445312,788.0900268554688,36256.0,0.0,0.0,
2024-08-23,792.2899780273438,792.2899780273438,785.510009765625,786.8099975585938,47026.0,0.0,0.0,
2024-08-26,787.8099975585938,793.1900024414062,786.8099975585938,789.719970703125,22374.0,0.0,0.0,
2024-08-27,793.489990234375,794.5,786.8200073242188,789.4500122070312,12770.0,0.0,0.0,
2024-08-28,789.4400024414062,795.1799926757812,789.010009765625,793.25,30992.0,0.0,0.0,
2024-08-29,817.0499877929688,817.0499877929688,783.2899780273438,790.4199829101562,24516.0,0.0,0.0,
2024-08-30,793.989990234375,798.5900268554688,788.6599731445312,796.0700073242188,36263.0,0.0,0.0,
2024-09-02,819.9500122070312,819.9500122070312,790.9600219726562,796.219970703125,61731.0,0.0,0.0,
2024-09-03,820.0999755859375,820.0999755859375,793.6500244140625,796.0999755859375,27387.0,0.0,0.0,
2024-09-04,796.989990234375,797.0,785.0999755859375,795.4199829101562,27282.0,0.0,0.0,
2024-09-05,795.4199829101562,801.2899780273438,795.4199829101562,797.4400024414062,28455.0,0.0,0.0,
2024-09-06,797.030029296875,799.989990234375,787.5,791.6900024414062,52090.0,0.0,0.0,
2024-09-09,779.0999755859375,790.3900146484375,770.2000122070312,788.4299926757812,37280.0,0.0,0.0,
2024-09-10,800.5,800.5,787.0,789.010009765625,13031.0,0.0,0.0,
2024-09-11,793.489990234375,794.4400024414062,784.0,785.5399780273438,17417.0,0.0,0.0,
2024-09-12,792.2999877929688,797.8900146484375,787.1099853515625,795.1099853515625,45136.0,0.0,0.0,
2024-09-13,799.989990234375,802.1500244140625,795.0,797.3200073242188,31579.0,0.0,0.0,
2024-09-16,801.989990234375,801.989990234375,795.5,796.8200073242188,22334.0,0.0,0.0,
2024-09-17,796.9000244140625,802.5,793.0,796.0399780273438,13322.0,0.0,0.0,
2024-09-18,799.9000244140625,799.9400024414062,785.3200073242188,791.3300170898438,17456.0,0.0,0.0,
2024-09-19,791.52001953125,797.97998046875,775.4500122070312,786.510009765625,116429.0,0.0,0.0,
2024-09-20,791.2899780273438,796.989990234375,786.1699829101562,795.3200073242188,27727.0,0.0,0.0,
2024-09-23,796.5,811.510009765625,796.5,809.510009765625,52013.0,0.0,0.0,
2024-09-24,809.510009765625,812.780029296875,805.0999755859375,811.8400268554688,18395.0,0.0,0.0,
2024-09-25,814.5900268554688,814.5900268554688,800.7100219726562,807.9500122070312,40337.0,0.0,0.0,
2024-09-26,814.2999877929688,814.2999877929688,805.239990234375,811.5800170898438,42481.0,0.0,0.0,
2024-09-27,815.989990234375,819.989990234375,812.1099853515625,819.510009765625,17541.0,0.0,0.0,
2024-09-30,825.5999755859375,825.5999755859375,812.2999877929688,814.9500122070312,26097.0,0.0,0.0,
2024-10-01,818.489990234375,823.5900268554688,811.3499755859375,816.6900024414062,27646.0,0.0,0.0,
2024-10-03,812.0,819.989990234375,795.1900024414062,807.6199951171875,79357.0,0.0,0.0,
2024-10-04,808.97998046875,808.97998046875,785.0399780273438,793.3900146484375,100433.0,0.0,0.0,
2024-10-07,817.2000122070312,817.2000122070312,766.1500244140625,777.0999755859375,100688.0,0.0,0.0,
2024-10-08,784.3200073242188,790.0,767.4600219726562,786.4199829101562,53645.0,0.0,0.0,
2024-10-09,792.969970703125,802.7999877929688,786.6099853515625,796.0800170898438,29084.0,0.0,0.0,
2024-10-10,819.9500122070312,819.9500122070312,793.0499877929688,795.5999755859375,32294.0,0.0,0.0,
2024-10-11,797.0,800.2100219726562,791.7899780273438,797.2100219726562,29757.0,0.0,0.0,
2024-10-14,806.969970703125,806.969970703125,791.5999755859375,798.6099853515625,35226.0,0.0,0.0,
2024-10-15,803.7899780273438,804.47998046875,797.219970703125,801.0700073242188,22229.0,0.0,0.0,
2024-10-16,803.3900146484375,803.4000244140625,795.1900024414062,798.5999755859375,18338.0,0.0,0.0,
2024-10-17,799.5,802.0,782.0,782.8900146484375,49837.0,0.0,0.0,
2024-10-18,782.8800048828125,787.0,775.2999877929688,785.8099975585938,41362.0,0.0,0.0,
2024-10-21,794.75,794.75,772.1799926757812,775.0900268554688,36652.0,0.0,0.0,
2024-10-22,777.489990234375,779.2999877929688,755.510009765625,761.4299926757812,51617.0,0.0,0.0,
2024-10-23,756.6900024414062,758.989990234375,740.489990234375,749.9199829101562,58659.0,0.0,0.0,
2024-10-24,753.489990234375,753.5,740.5399780273438,747.4000244140625,46529.0,0.0,0.0,
2024-10-25,769.7999877929688,769.7999877929688,728.0,737.0399780273438,114107.0,0.0,0.0,
2024-10-28,742.2999877929688,745.5,730.510009765625,740.5499877929688,43543.0,0.0,0.0,
2024-10-29,744.489990234375,748.5999755859375,730.0,745.4400024414062,50862.0,0.0,0.0,
2024-10-30,748.2899780273438,749.4299926757812,741.0,742.8400268554688,26210.0,0.0,0.0,
2024-10-31,765.1500244140625,765.1500244140625,737.010009765625,739.4199829101562,25159.0,0.0,0.0,
2024-11-01,739.4199829101562,739.4199829101562,739.4199829101562,739.4199829101562,0.0,0.0,0.0,
2024-11-04,748.0999755859375,749.469970703125,726.0,734.1199951171875,83743.0,0.0,0.0,
2024-11-05,749.9500122070312,749.9500122070312,724.0499877929688,736.1699829101562,50242.0,0.0,0.0,
2024-11-06,758.25,762.0,736.530029296875,756.1799926757812,48870.0,0.0,0.0,
2024-11-07,758.489990234375,761.0,745.0,747.7000122070312,35189.0,0.0,0.0,
2024-11-08,748.7899780273438,749.0,735.0,737.219970703125,26184.0,0.0,0.0,
2024-11-11,737.2100219726562,745.8499755859375,731.5,738.3900146484375,32735.0,0.0,0.0,
2024-11-12,743.2899780273438,743.9500122070312,722.9600219726562,724.3300170898438,38563.0,0.0,0.0,
2024-11-13,746.0499877929688,746.0499877929688,706.6500244140625,710.0800170898438,108431.0,0.0,0.0,
2024-11-14,713.3900146484375,717.739990234375,705.5,713.5900268554688,58912.0,0.0,0.0,
2024-11-18,719.489990234375,728.010009765625,704.9400024414062,712.8800048828125,45951.0,0.0,0.0,
2024-11-19,712.010009765625,723.0,712.0,714.9299926757812,34492.0,0.0,0.0,
2024-11-20,714.9299926757812,714.9299926757812,714.9299926757812,714.9299926757812,0.0,0.0,0.0,
2024-11-21,718.5,718.5,694.010009765625,706.5399780273438,75374.0,0.0,0.0,
2024-11-22,710.489990234375,721.8400268554688,706.5399780273438,718.9600219726562,24005.0,0.0,0.0,
2024-11-25,731.9500122070312,740.0,726.3099975585938,733.9400024414062,47629.0,0.0,0.0,
2024-11-26,738.489990234375,747.0,731.2999877929688,737.9199829101562,28082.0,0.0,0.0,
2024-11-27,738.2899780273438,743.0900268554688,733.0,740.0,24969.0,0.0,0.0,
2024-11-28,745.9400024414062,748.5900268554688,740.010009765625,743.1500244140625,22130.0,0.0,0.0,
2024-11-29,742.989990234375,748.7999877929688,740.0599975585938,748.1500244140625,31159.0,0.0,0.0,
2024-12-02,752.2899780273438,754.9500122070312,748.0,751.1799926757812,28409.0,0.0,0.0,
2024-12-03,754.8900146484375,760.8499755859375,749.510009765625,760.260009765625,24751.0,0.0,0.0,
2024-12-04,760.1900024414062,765.0,758.5499877929688,764.4299926757812,32723.0,0.0,0.0,
2024-12-05,767.7899780273438,767.7999877929688,760.2100219726562,763.8900146484375,30920.0,0.0,0.0,
2024-12-06,769.97998046875,774.9500122070312,764.2100219726562,771.1400146484375,28499.0,0.0,0.0,
2024-12-09,772.97998046875,774.7999877929688,766.2100219726562,768.469970703125,33297.0,0.0,0.0,
2024-12-10,772.2999877929688,775.0,766.2000122070312,773.1799926757812,21855.0,0.0,0.0,
2024-12-12,774.989990234375,779.9500122070312,770.5,772.6599731445312,13594.0,0.0,0.0,
2024-12-11,774.9400024414062,776.3900146484375,768.2000122070312,774.8699951171875,23458.0,0.0,0.0,
2024-12-13,772.6599731445312,773.969970703125,758.5999755859375,769.4099731445312,30211.0,0.0,0.0,
2024-12-16,773.489990234375,774.5999755859375,767.510009765625,772.27001953125,13093.0,0.0,0.0,
2024-12-17,774.9400024414062,774.9400024414062,761.0,763.8099975585938,35097.0,0.0,0.0,
2024-12-18,763.7999877929688,765.9500122070312,750.7899780273438,752.8599853515625,27298.0,0.0,0.0,
2024-12-19,748.5900268554688,760.0,738.0,747.6599731445312,57471.0,0.0,0.0,
2024-12-20,750.5900268554688,750.5999755859375,724.0,727.1900024414062,58976.0,0.0,0.0,
2024-12-23,732.489990234375,734.760009765625,726.0,728.530029296875,21707.0,0.0,0.0,
2024-12-24,727.989990234375,732.7000122070312,725.010009765625,726.9299926757812,20557.0,0.0,0.0,
2024-12-26,731.9000244140625,732.760009765625,725.2999877929688,730.5,26096.0,0.0,0.0,
2024-12-27,730.0,735.9000244140625,725.2000122070312,726.7000122070312,29478.0,0.0,0.0,
2024-12-30,728.9400024414062,730.9500122070312,717.5599975585938,719.6199951171875,38265.0,0.0,0.0,
2024-12-31,719.489990234375,721.4500122070312,711.8200073242188,719.7999877929688,23681.0,0.0,0.0,
2025-01-01,741.4000244140625,741.4000244140625,717.1199951171875,720.5800170898438,39157.0,0.0,0.0,
2025-01-02,723.7899780273438,732.2000122070312,719.1099853515625,730.5499877929688,15966.0,0.0,0.0,
2025-01-03,732.2100219726562,737.2000122070312,730.010009765625,733.0999755859375,19111.0,0.0,0.0,
2025-01-06,735.489990234375,735.5,705.0,710.5599975585938,80767.0,0.0,0.0,
2025-01-07,713.489990234375,715.0,707.0,708.6400146484375,28470.0,0.0,0.0,
2025-01-08,708.989990234375,709.0,697.2100219726562,702.969970703125,45136.0,0.0,0.0,
2025-01-09,706.0999755859375,706.0999755859375,692.0,694.3200073242188,69088.0,0.0,0.0,
2025-01-10,696.489990234375,696.5,678.0,680.6799926757812,70348.0,0.0,0.0,
2025-01-13,677.489990234375,679.9500122070312,646.27001953125,651.1199951171875,142686.0,0.0,0.0,
2025-01-15,674.7899780273438,674.7999877929688,667.6099853515625,673.989990234375,7778.0,0.0,0.0,
2025-01-14,651.1099853515625,670.0,650.2999877929688,667.1799926757812,54561.0,0.0,0.0,
2025-01-16,684.8900146484375,686.4000244140625,675.5,681.8400268554688,62133.0,0.0,0.0,
2025-01-17,681.8400268554688,699.0,679.2100219726562,689.6199951171875,28538.0,0.0,0.0,
2025-01-20,691.489990234375,694.4000244140625,682.75,690.2899780273438,33838.0,0.0,0.0,
2025-01-21,690.239990234375,690.25,670.5,673.3800048828125,48053.0,0.0,0.0,
2025-01-22,673.3800048828125,674.5,655.02001953125,664.1500244140625,65015.0,0.0,0.0,
2025-01-23,664.1400146484375,674.2100219726562,660.3099975585938,672.1799926757812,37438.0,0.0,0.0,
2025-01-24,668.510009765625,676.8900146484375,656.7999877929688,659.6400146484375,52814.0,0.0,0.0,
2025-01-27,660.5700073242188,663.5,641.8599853515625,643.6099853515625,102471.0,0.0,0.0,
2025-01-28,642.2999877929688,651.6099853515625,635.0999755859375,645.02001953125,38312.0,0.0,0.0,
2025-01-29,648.3900146484375,670.0,645.02001953125,659.9600219726562,35349.0,0.0,0.0,
2025-01-30,661.989990234375,664.6400146484375,654.4000244140625,658.0800170898438,34493.0,0.0,0.0,
2025-01-31,661.7899780273438,670.9000244140625,655.1199951171875,665.5800170898438,66698.0,0.0,0.0,
2025-02-01,671.969970703125,676.02001953125,661.1099853515625,673.4299926757812,33335.0,0.0,0.0,
2025-02-03,670.989990234375,675.2999877929688,657.75,663.52001953125,53878.0,0.0,0.0,
2025-02-04,671.9000244140625,674.030029296875,665.7999877929688,671.5700073242188,23616.0,0.0,0.0,
2025-02-05,673.989990234375,681.7899780273438,671.5999755859375,677.219970703125,50238.0,0.0,0.0,
2025-02-06,682.2899780273438,686.97998046875,671.0,673.25,28376.0,0.0,0.0,
2025-02-07,675.989990234375,683.0,666.2000122070312,673.5999755859375,38352.0,0.0,0.0,
2025-02-10,675.989990234375,676.2999877929688,658.0,660.969970703125,42154.0,0.0,0.0,
2025-02-11,663.5900268554688,664.2999877929688,641.7999877929688,644.2899780273438,61256.0,0.0,0.0,
2025-02-12,646.2899780273438,647.7000122070312,626.5999755859375,644.0800170898438,47234.0,0.0,0.0,
2025-02-13,647.7899780273438,653.739990234375,642.0,645.530029296875,23814.0,0.0,0.0,
2025-02-14,648.9400024414062,649.489990234375,626.25,632.4099731445312,72410.0,0.0,0.0,
2025-02-17,632.0,632.4099731445312,618.0,629.9199829101562,62620.0,0.0,0.0,
2025-02-18,629.9099731445312,633.5,623.0,629.1900024414062,45399.0,0.0,0.0,
