Date,Open,High,Low,Close,Volume,Dividends,Stock Splits,Adj Close
2014-02-24,29.10000038146973,29.25,28.94400024414062,29.22249984741211,256000.0,0.0,0.0,
2014-02-25,29.14999961853027,29.22999954223633,29.07999992370605,29.13949966430664,1726000.0,0.0,0.0,
2014-02-26,22.71599960327148,29.25,22.71599960327148,29.16600036621094,171700.0,0.0,0.0,
2014-02-28,29.16600036621094,29.24049949645996,28.94050025939941,29.13249969482422,273600.0,0.0,0.0,
2014-03-03,29.14999961853027,29.31999969482422,29.14999961853027,29.26700019836426,665300.0,0.0,0.0,
2014-03-04,29.27050018310547,29.39999961853027,29.10000038146973,29.20249938964844,346300.0,0.0,0.0,
2014-03-05,29.20000076293945,29.20000076293945,28.84199905395508,28.9379997253418,970800.0,0.0,0.0,
2014-03-06,28.93000030517578,28.97500038146973,28.75,28.83349990844727,394100.0,0.0,0.0,
2014-03-07,28.85050010681152,29.10000038146973,28.77000045776367,28.85199928283691,261700.0,0.0,0.0,
2014-03-10,28.82950019836426,28.86849975585938,28.70000076293945,28.73299980163574,226300.0,0.0,0.0,
2014-03-11,28.70000076293945,28.89999961853027,28.62100028991699,28.78000068664551,191300.0,0.0,0.0,
2014-03-12,28.86249923706055,28.95050048828125,28.7819995880127,28.81450080871582,1036600.0,0.0,0.0,
2014-03-13,28.83300018310547,28.93899917602539,28.78000068664551,28.81349945068359,198400.0,0.0,0.0,
2014-03-14,28.84000015258789,28.97999954223633,28.57150077819824,28.69350051879883,823300.0,0.0,0.0,
2014-03-18,28.69000053405762,28.70000076293945,28.5,28.60899925231934,280500.0,0.0,0.0,
2014-03-19,28.60000038146973,28.60000038146973,28.30599975585938,28.39399909973145,453000.0,0.0,0.0,
2014-03-20,28.38999938964844,28.38999938964844,28.14999961853027,28.16699981689453,934200.0,0.0,0.0,
2014-03-21,28.35449981689453,28.36000061035156,28.11499977111816,28.16749954223633,110900.0,0.0,0.0,
2014-03-24,28.02000045776367,28.12899971008301,27.79999923706055,27.85700035095215,2153400.0,0.0,0.0,
2014-03-25,27.83499908447266,27.86000061035156,27.62649917602539,27.69849967956543,294400.0,0.0,0.0,
2014-03-26,27.69000053405762,27.79000091552734,27.61000061035156,27.72999954223633,199300.0,0.0,0.0,
2014-03-27,27.70000076293945,27.70000076293945,27.39599990844727,27.45400047302246,429400.0,0.0,0.0,
2014-03-28,27.5,27.64900016784668,27.25600051879883,27.33149909973145,530400.0,0.0,0.0,
2014-03-31,27.33149909973145,27.76950073242188,27.32999992370605,27.65999984741211,279200.0,0.0,0.0,
2014-04-01,27.60000038146973,27.97999954223633,27.51099967956543,27.75250053405762,258600.0,0.0,0.0,
2014-04-02,27.69000053405762,27.69000053405762,27.39999961853027,27.44449996948242,273500.0,0.0,0.0,
2014-04-03,27.77000045776367,28.0,27.27000045776367,27.31450080871582,372900.0,0.0,0.0,
2014-04-04,27.49399948120117,27.5,26.95000076293945,27.01049995422363,1235400.0,0.0,0.0,
2014-04-07,27.20000076293945,27.31949996948242,27.02000045776367,27.24799919128418,324000.0,0.0,0.0,
2014-04-09,27.25,27.54999923706055,27.24850082397461,27.46500015258789,253300.0,0.0,0.0,
2014-04-10,27.5,27.74850082397461,27.32550048828125,27.65850067138672,278600.0,0.0,0.0,
2014-04-11,27.61249923706055,27.74650001525879,27.55999946594238,27.63349914550781,202300.0,0.0,0.0,
2014-04-15,27.6299991607666,27.98800086975098,27.60099983215332,27.92350006103516,357900.0,0.0,0.0,
2014-04-16,27.85000038146973,27.97299957275391,27.70999908447266,27.89949989318848,174800.0,0.0,0.0,
2014-04-17,27.9995002746582,28.10000038146973,27.75550079345703,28.00749969482422,200200.0,0.0,0.0,
2014-04-21,28.01000022888184,28.1299991607666,27.76000022888184,28.03549957275391,253000.0,0.0,0.0,
2014-04-22,27.96050071716309,28.25349998474121,27.84000015258789,28.19849967956543,264400.0,0.0,0.0,
2014-04-23,28.2495002746582,28.45000076293945,28.19849967956543,28.41600036621094,277900.0,0.0,0.0,
2014-04-24,28.41600036621094,28.41600036621094,28.41600036621094,28.41600036621094,0.0,0.0,0.0,
2014-04-25,28.25,28.64999961853027,28.03000068664551,28.50149917602539,433800.0,0.0,0.0,
2014-04-28,28.45000076293945,28.68950080871582,28.45000076293945,28.65299987792969,356300.0,0.0,0.0,
2014-04-29,28.64999961853027,28.64999961853027,28.31500053405762,28.3754997253418,4357500.0,0.0,0.0,
2014-04-30,28.3754997253418,28.5,28.30100059509277,28.42449951171875,238600.0,0.0,0.0,
2014-05-02,28.5,28.95450019836426,28.41950035095215,28.88850021362305,1079300.0,0.0,0.0,
2014-05-05,29.0,29.0,28.42250061035156,28.49699974060059,212400.0,0.0,0.0,
2014-05-06,28.69949913024902,28.69949913024902,28.41449928283691,28.45549964904785,179900.0,0.0,0.0,
2014-05-07,28.32250022888184,28.57049942016602,28.29999923706055,28.53249931335449,257000.0,0.0,0.0,
2014-05-08,28.39999961853027,28.39999961853027,28.23500061035156,28.25900077819824,103700.0,0.0,0.0,
2014-05-09,28.21050071716309,28.37800025939941,28.04999923706055,28.15049934387207,235000.0,0.0,0.0,
2014-05-12,28.02000045776367,28.14999961853027,27.70000076293945,28.03450012207031,2631900.0,0.0,0.0,
2014-05-13,28.04999923706055,28.04999923706055,27.81999969482422,28.00149917602539,3080600.0,0.0,0.0,
2014-05-14,27.95000076293945,28.04999923706055,27.79999923706055,27.93650054931641,549500.0,0.0,0.0,
2014-05-15,27.93050003051758,28.09000015258789,27.92000007629395,27.96299934387207,422800.0,0.0,0.0,
2014-05-16,27.89999961853027,28.10000038146973,27.34199905395508,27.90950012207031,633700.0,0.0,0.0,
2014-05-19,27.70000076293945,27.79949951171875,27.20000076293945,27.24600028991699,610900.0,0.0,0.0,
2014-05-20,27.20000076293945,27.20999908447266,26.91200065612793,27.00200080871582,777600.0,0.0,0.0,
2014-05-21,27.10000038146973,27.18000030517578,26.8700008392334,26.95149993896484,2477900.0,0.0,0.0,
2014-05-22,26.74399948120117,26.89800071716309,26.14999961853027,26.33849906921387,838900.0,0.0,0.0,
2014-05-23,26.02050018310547,26.29999923706055,25.9060001373291,26.08300018310547,1264100.0,0.0,0.0,
2014-05-26,26.07950019836426,26.20000076293945,25.85250091552734,26.07550048828125,4654000.0,0.0,0.0,
2014-05-27,26.19949913024902,26.19949913024902,25.92149925231934,25.98299980163574,480500.0,0.0,0.0,
2014-05-28,25.95000076293945,25.96999931335449,25.61549949645996,25.68000030517578,778600.0,0.0,0.0,
2014-05-29,25.8799991607666,25.8799991607666,25.26600074768066,25.31550025939941,732400.0,0.0,0.0,
2014-05-30,25.54000091552734,25.65950012207031,25.30999946594238,25.57550048828125,1663800.0,0.0,0.0,
2014-06-02,25.56999969482422,25.75,25.51149940490723,25.5939998626709,539000.0,0.0,0.0,
2014-06-03,25.73999977111816,25.73999977111816,25.54100036621094,25.57600021362305,319700.0,0.0,0.0,
2014-06-04,25.6200008392334,25.78800010681152,25.5,25.53499984741211,338500.0,0.0,0.0,
2014-06-05,25.6200008392334,25.6200008392334,25.25,25.2819995880127,503200.0,0.0,0.0,
2014-06-06,25.2504997253418,25.69899940490723,25.2504997253418,25.35149955749512,430400.0,0.0,0.0,
2014-06-09,25.43000030517578,25.43000030517578,25.20100021362305,25.27849960327148,424300.0,0.0,0.0,
2014-06-10,25.20000076293945,25.39999961853027,25.20000076293945,25.29450035095215,448800.0,0.0,0.0,
2014-06-11,25.5,25.5,25.29999923706055,25.45199966430664,343800.0,0.0,0.0,
2014-06-12,25.45000076293945,25.5,25.28000068664551,25.31550025939941,1512900.0,0.0,0.0,
2014-06-13,25.40099906921387,25.64999961853027,25.40099906921387,25.59700012207031,440900.0,0.0,0.0,
2014-06-16,25.70000076293945,26.25,25.61050033569336,26.20050048828125,488900.0,0.0,0.0,
2014-06-17,26.2495002746582,26.35499954223633,26.02300071716309,26.24200057983398,375500.0,0.0,0.0,
2014-06-18,25.23999977111816,26.29999923706055,24.10000038146973,26.2189998626709,213800.0,0.0,0.0,
2014-06-19,26.03000068664551,26.45000076293945,26.03000068664551,26.26899909973145,148500.0,0.0,0.0,
2014-06-20,26.5,26.97999954223633,26.5,26.67000007629395,560500.0,0.0,0.0,
2014-06-23,26.64999961853027,26.79999923706055,26.64999961853027,26.70949935913086,275900.0,0.0,0.0,
2014-06-24,26.53000068664551,26.8794994354248,26.51000022888184,26.7549991607666,322400.0,0.0,0.0,
2014-06-25,26.75,26.75,26.62249946594238,26.7234992980957,126400.0,0.0,0.0,
2014-06-26,26.60400009155273,26.79000091552734,26.55500030517578,26.62649917602539,188800.0,0.0,0.0,
2014-06-27,26.78000068664551,26.79000091552734,26.61000061035156,26.64200019836426,184200.0,0.0,0.0,
2014-06-30,26.70000076293945,26.70000076293945,26.52000045776367,26.58650016784668,168600.0,0.0,0.0,
2014-07-01,26.64999961853027,26.83849906921387,26.62350082397461,26.68549919128418,2284200.0,0.0,0.0,
2014-07-02,26.68000030517578,26.72999954223633,26.52000045776367,26.66600036621094,196100.0,0.0,0.0,
2014-07-03,26.50099945068359,26.60000038146973,26.34600067138672,26.4680004119873,208500.0,0.0,0.0,
2014-07-04,26.47999954223633,26.5,26.26250076293945,26.48500061035156,311600.0,0.0,0.0,
2014-07-07,26.47999954223633,26.6200008392334,26.20050048828125,26.30850028991699,237800.0,0.0,0.0,
2014-07-08,26.44000053405762,26.5,26.29999923706055,26.32449913024902,179500.0,0.0,0.0,
2014-07-09,26.39999961853027,26.54000091552734,26.28000068664551,26.29949951171875,157200.0,0.0,0.0,
2014-07-10,26.34049987792969,26.85000038146973,26.20000076293945,26.79400062561035,452400.0,0.0,0.0,
2014-07-11,26.81800079345703,26.98950004577637,26.79400062561035,26.84199905395508,362500.0,0.0,0.0,
2014-07-14,26.78000068664551,26.8799991607666,26.61650085449219,26.69350051879883,179900.0,0.0,0.0,
2014-07-15,26.64999961853027,26.64999961853027,26.31999969482422,26.58149909973145,218000.0,0.0,0.0,
2014-07-16,26.44499969482422,26.44849967956543,26.31999969482422,26.35300064086914,132300.0,0.0,0.0,
2014-07-17,26.30999946594238,26.71999931335449,26.29999923706055,26.55999946594238,180200.0,0.0,0.0,
2014-07-18,26.69949913024902,26.94000053405762,26.55999946594238,26.58300018310547,136000.0,0.0,0.0,
2014-07-21,26.58499908447266,26.72750091552734,26.5,26.64100074768066,197600.0,0.0,0.0,
2014-07-22,26.64999961853027,26.64999961853027,26.42000007629395,26.48450088500977,175300.0,0.0,0.0,
2014-07-23,26.47999954223633,26.57999992370605,26.37299919128418,26.44449996948242,153700.0,0.0,0.0,
2014-07-24,26.39999961853027,26.39999961853027,26.24099922180176,26.30649948120117,204100.0,0.0,0.0,
2014-07-25,26.27000045776367,26.33950042724609,26.10300064086914,26.15399932861328,187400.0,0.0,0.0,
2014-07-28,26.36000061035156,26.68000030517578,26.29999923706055,26.41799926757812,194600.0,0.0,0.0,
2014-07-30,26.5,26.5,26.20549964904785,26.29500007629395,302000.0,0.0,0.0,
2014-07-31,26.39999961853027,26.5,26.20000076293945,26.40950012207031,233800.0,0.0,0.0,
2014-08-01,26.39949989318848,26.48999977111816,26.21349906921387,26.42449951171875,1298500.0,0.0,0.0,
2014-08-04,26.48500061035156,26.63999938964844,26.31999969482422,26.48399925231934,240700.0,0.0,0.0,
2014-08-05,26.48399925231934,26.48999977111816,26.37599945068359,26.41749954223633,151100.0,0.0,0.0,
2014-08-06,26.30050086975098,26.64999961853027,26.30050086975098,26.59099960327148,265300.0,0.0,0.0,
2014-08-07,26.80999946594238,26.94899940490723,26.66049957275391,26.89299964904785,482600.0,0.0,0.0,
2014-08-08,27.01000022888184,27.29999923706055,27.01000022888184,27.1564998626709,552200.0,0.0,0.0,
2014-08-11,27.07999992370605,27.07999992370605,26.83250045776367,26.89800071716309,150700.0,0.0,0.0,
2014-08-12,26.80200004577637,26.94400024414062,26.80050086975098,26.89900016784668,232100.0,0.0,0.0,
2014-08-13,26.86000061035156,26.95949935913086,26.85000038146973,26.85799980163574,2228000.0,0.0,0.0,
2014-08-14,26.89999961853027,26.98500061035156,26.8120002746582,26.88949966430664,216400.0,0.0,0.0,
2014-08-18,26.86000061035156,26.86000061035156,26.57200050354004,26.68350028991699,267600.0,0.0,0.0,
2014-08-19,26.68000030517578,26.68000030517578,26.5310001373291,26.61050033569336,164100.0,0.0,0.0,
2014-08-20,26.60000038146973,26.94000053405762,26.45599937438965,26.72299957275391,256900.0,0.0,0.0,
2014-08-21,26.6299991607666,26.6299991607666,26.42149925231934,26.47200012207031,111500.0,0.0,0.0,
2014-08-22,26.15999984741211,26.68000030517578,26.15999984741211,26.41550064086914,213200.0,0.0,0.0,
2014-08-25,26.39949989318848,26.79999923706055,26.30249977111816,26.67350006103516,271400.0,0.0,0.0,
2014-08-26,26.69000053405762,26.69000053405762,26.41300010681152,26.4370002746582,180400.0,0.0,0.0,
2014-08-27,26.44000053405762,26.4950008392334,26.29999923706055,26.30249977111816,184700.0,0.0,0.0,
2014-08-28,26.30999946594238,26.38699913024902,26.21599960327148,26.3129997253418,125500.0,0.0,0.0,
2014-09-01,26.3129997253418,26.39999961853027,26.21249961853027,26.25699996948242,344100.0,0.0,0.0,
2014-09-02,26.26000022888184,26.28800010681152,26.14999961853027,26.19400024414062,181800.0,0.0,0.0,
2014-09-03,26.18000030517578,26.54400062561035,25.85600090026855,25.90399932861328,1354100.0,0.0,0.0,
2014-09-04,25.90999984741211,26.09799957275391,25.82999992370605,25.95000076293945,161100.0,0.0,0.0,
2014-09-05,25.95000076293945,26.18000030517578,25.80999946594238,25.93400001525879,308700.0,0.0,0.0,
2014-09-08,26.04949951171875,26.13999938964844,25.85050010681152,26.00950050354004,216500.0,0.0,0.0,
2014-09-09,25.94949913024902,26.06150054931641,25.85000038146973,26.03450012207031,235500.0,0.0,0.0,
2014-09-10,25.88100051879883,26.19949913024902,25.88100051879883,25.95899963378906,614800.0,0.0,0.0,
2014-09-11,25.9995002746582,26.1299991607666,25.89999961853027,26.07250022888184,163900.0,0.0,0.0,
2014-09-12,25.99900054931641,26.19000053405762,25.89500045776367,26.13999938964844,320300.0,0.0,0.0,
2014-09-15,26.09950065612793,26.13999938964844,25.89999961853027,25.94000053405762,256500.0,0.0,0.0,
2014-09-16,25.9995002746582,26.0,25.89999961853027,25.91399955749512,223500.0,0.0,0.0,
2014-09-17,25.89999961853027,25.94949913024902,25.77499961853027,25.79949951171875,574400.0,0.0,0.0,
2014-09-18,25.77000045776367,25.87800025939941,25.42000007629395,25.45000076293945,1359800.0,0.0,0.0,
2014-09-19,25.54999923706055,25.54999923706055,25.34000015258789,25.35600090026855,855300.0,0.0,0.0,
2014-09-22,25.20000076293945,25.45000076293945,25.18000030517578,25.20999908447266,1056900.0,0.0,0.0,
2014-09-23,25.21050071716309,25.53899955749512,25.21050071716309,25.47100067138672,282800.0,0.0,0.0,
2014-09-24,25.46999931335449,25.64699935913086,25.39999961853027,25.46599960327148,295800.0,0.0,0.0,
2014-09-25,25.45000076293945,25.53000068664551,25.1299991607666,25.21649932861328,529900.0,0.0,0.0,
2014-09-26,25.5,25.5359992980957,25.40099906921387,25.4370002746582,215400.0,0.0,0.0,
2014-09-29,25.45700073242188,25.54999923706055,25.39999961853027,25.52050018310547,128500.0,0.0,0.0,
2014-09-30,25.59000015258789,25.68000030517578,25.17000007629395,25.22500038146973,365600.0,0.0,0.0,
2014-10-01,25.20000076293945,25.43000030517578,25.20000076293945,25.32150077819824,915300.0,0.0,0.0,
2014-10-07,25.35000038146973,25.45000076293945,25.22750091552734,25.35899925231934,312300.0,0.0,0.0,
2014-10-08,25.3799991607666,25.55999946594238,25.33399963378906,25.52199935913086,134000.0,0.0,0.0,
2014-10-09,25.45999908447266,25.70000076293945,25.41600036621094,25.67000007629395,174600.0,0.0,0.0,
2014-10-10,25.64999961853027,25.70000076293945,25.51300048828125,25.57449913024902,181700.0,0.0,0.0,
2014-10-13,25.61800003051758,25.73900032043457,25.42600059509277,25.56949996948242,496100.0,0.0,0.0,
2014-10-14,25.60000038146973,25.82950019836426,25.43000030517578,25.60350036621094,145900.0,0.0,0.0,
2014-10-15,25.60350036621094,25.60350036621094,25.60350036621094,25.60350036621094,0.0,0.0,0.0,
2014-10-16,25.66049957275391,25.95000076293945,25.66049957275391,25.89399909973145,425200.0,0.0,0.0,
2014-10-17,25.88999938964844,25.88999938964844,25.70000076293945,25.73399925231934,186600.0,0.0,0.0,
2014-10-20,25.71999931335449,25.8799991607666,25.60000038146973,25.82349967956543,270400.0,0.0,0.0,
2014-10-21,25.82500076293945,26.48999977111816,25.82500076293945,26.47649955749512,1469500.0,0.0,0.0,
2014-10-22,26.47649955749512,26.47649955749512,25.66600036621094,25.70199966430664,1005200.0,0.0,0.0,
2014-10-27,25.84799957275391,25.84799957275391,25.45599937438965,25.49250030517578,341500.0,0.0,0.0,
2014-10-28,25.45000076293945,25.51849937438965,25.35250091552734,25.46299934387207,312700.0,0.0,0.0,
2014-10-29,25.5,25.51000022888184,25.33300018310547,25.46450042724609,385500.0,0.0,0.0,
2014-10-30,25.38949966430664,25.38999938964844,25.0310001373291,25.08799934387207,967700.0,0.0,0.0,
2014-10-31,25.18000030517578,25.18000030517578,24.72599983215332,24.92000007629395,840800.0,0.0,0.0,
2014-11-03,24.97999954223633,25.0,24.70000076293945,24.73950004577637,910100.0,0.0,0.0,
2014-11-05,24.8700008392334,24.8700008392334,24.1200008392334,24.22050094604492,1376200.0,0.0,0.0,
2014-11-07,24.29500007629395,24.52000045776367,24.20000076293945,24.4640007019043,813900.0,0.0,0.0,
2014-11-10,25.45000076293945,25.45000076293945,24.51000022888184,24.76899909973145,555200.0,0.0,0.0,
2014-11-11,24.68950080871582,24.69000053405762,24.41500091552734,24.50399971008301,389900.0,0.0,0.0,
2014-11-12,24.51250076293945,24.6879997253418,24.26099967956543,24.32999992370605,1001500.0,0.0,0.0,
2014-11-13,24.44400024414062,24.47249984741211,24.27499961853027,24.37599945068359,425800.0,0.0,0.0,
2014-11-14,24.41650009155273,24.4995002746582,24.07999992370605,24.15500068664551,1344000.0,0.0,0.0,
2014-11-17,24.64999961853027,24.85000038146973,24.36000061035156,24.82550048828125,693000.0,0.0,0.0,
2014-11-18,24.84950065612793,25.0,24.70999908447266,24.94350051879883,411200.0,0.0,0.0,
2014-11-19,24.9995002746582,24.9995002746582,24.82099914550781,24.95299911499023,279800.0,0.0,0.0,
2014-11-20,24.36599922180176,24.94000053405762,24.36599922180176,24.79450035095215,176200.0,0.0,0.0,
2014-11-21,24.89999961853027,24.89999961853027,24.70599937438965,24.76849937438965,220500.0,0.0,0.0,
2014-11-24,24.89999961853027,24.90850067138672,24.76250076293945,24.85799980163574,977000.0,0.0,0.0,
2014-11-25,24.89999961853027,24.90099906921387,24.5625,24.86450004577637,530800.0,0.0,0.0,
2014-11-26,24.89949989318848,24.89999961853027,24.79999923706055,24.84650039672852,284100.0,0.0,0.0,
2014-11-27,24.84000015258789,24.85000038146973,24.67550086975098,24.8080005645752,733800.0,0.0,0.0,
2014-11-28,24.75,24.79999923706055,24.6205005645752,24.77300071716309,168700.0,0.0,0.0,
2014-12-01,24.10300064086914,24.64500045776367,24.10300064086914,24.43600082397461,813700.0,0.0,0.0,
2014-12-02,24.5,24.98500061035156,24.5,24.75200080871582,484500.0,0.0,0.0,
2014-12-03,24.79999923706055,24.88850021362305,24.71100044250488,24.76049995422363,730900.0,0.0,0.0,
2014-12-04,24.77000045776367,24.82999992370605,24.60600090026855,24.72050094604492,999400.0,0.0,0.0,
2014-12-05,24.7495002746582,24.80999946594238,24.64999961853027,24.78350067138672,329500.0,0.0,0.0,
2014-12-08,24.77000045776367,24.77949905395508,24.6299991607666,24.70299911499023,168700.0,0.0,0.0,
2014-12-09,24.75,24.95000076293945,24.71249961853027,24.89349937438965,297300.0,0.0,0.0,
2014-12-10,25.19000053405762,25.48950004577637,25.14049911499023,25.31850051879883,767200.0,0.0,0.0,
2014-12-11,25.3700008392334,25.39999961853027,25.20199966430664,25.25,293800.0,0.0,0.0,
2014-12-12,25.30050086975098,25.43950080871582,25.21100044250488,25.27949905395508,690600.0,0.0,0.0,
2014-12-15,25.29949951171875,25.3700008392334,25.1200008392334,25.29599952697754,305600.0,0.0,0.0,
2014-12-16,25.26950073242188,25.98900032043457,25.10549926757812,25.63899993896484,795500.0,0.0,0.0,
2014-12-17,25.36499977111816,25.64949989318848,25.25250053405762,25.32900047302246,316400.0,0.0,0.0,
2014-12-18,25.4995002746582,25.4995002746582,25.14999961853027,25.22050094604492,1377200.0,0.0,0.0,
2014-12-19,25.19700050354004,25.25,25.10000038146973,25.19899940490723,100300.0,0.0,0.0,
2014-12-22,25.20999908447266,25.5,25.20000076293945,25.29599952697754,216200.0,0.0,0.0,
2014-12-23,24.72999954223633,25.19849967956543,24.72999954223633,24.9379997253418,139400.0,0.0,0.0,
2014-12-24,24.82550048828125,25.07999992370605,24.82550048828125,24.92849922180176,540500.0,0.0,0.0,
2014-12-26,24.93050003051758,25.28000068664551,24.90049934387207,25.15500068664551,315700.0,0.0,0.0,
2014-12-29,25.28000068664551,25.39949989318848,25.17049980163574,25.19300079345703,150500.0,0.0,0.0,
2014-12-30,25.14949989318848,25.25,25.0004997253418,25.16600036621094,133200.0,0.0,0.0,
2014-12-31,25.17000007629395,25.38999938964844,25.04999923706055,25.11350059509277,296300.0,0.0,0.0,
2015-01-01,25.01000022888184,25.10899925231934,24.92799949645996,24.97649955749512,768300.0,0.0,0.0,
2015-01-02,24.98800086975098,25.20000076293945,24.89999961853027,25.10400009155273,254900.0,0.0,0.0,
2015-01-05,25.11000061035156,25.29999923706055,25.10000038146973,25.23950004577637,277600.0,0.0,0.0,
2015-01-06,25.35149955749512,25.60000038146973,25.30999946594238,25.55200004577637,386200.0,0.0,0.0,
2015-01-07,25.54999923706055,25.61849975585938,25.45599937438965,25.51849937438965,285700.0,0.0,0.0,
2015-01-08,25.48349952697754,25.48399925231934,25.14999961853027,25.24300003051758,164000.0,0.0,0.0,
2015-01-09,25.16049957275391,25.27000045776367,25.04999923706055,25.21249961853027,859200.0,0.0,0.0,
2015-01-12,25.64999961853027,25.64999961853027,25.25,25.35650062561035,239500.0,0.0,0.0,
2015-01-13,25.42000007629395,25.63999938964844,25.42000007629395,25.58399963378906,214400.0,0.0,0.0,
2015-01-14,25.5,25.5,25.30150032043457,25.34550094604492,1027700.0,0.0,0.0,
2015-01-15,25.35050010681152,25.48950004577637,25.05999946594238,25.32799911499023,235600.0,0.0,0.0,
2015-01-16,25.61249923706055,25.94000053405762,25.61249923706055,25.91550064086914,618600.0,0.0,0.0,
2015-01-19,26.01049995422363,26.14999961853027,25.95000076293945,26.13599967956543,355600.0,0.0,0.0,
2015-01-20,26.09250068664551,26.40999984741211,26.05100059509277,26.39249992370605,428200.0,0.0,0.0,
2015-01-21,26.42000007629395,26.54999923706055,26.34000015258789,26.5004997253418,377400.0,0.0,0.0,
2015-01-22,26.05999946594238,26.49900054931641,26.05999946594238,26.32349967956543,279900.0,0.0,0.0,
2015-01-23,26.26000022888184,26.45000076293945,26.26000022888184,26.40049934387207,508900.0,0.0,0.0,
2015-01-27,26.29850006103516,26.34799957275391,26.06599998474121,26.1569995880127,206200.0,0.0,0.0,
2015-01-28,26.21999931335449,26.36650085449219,26.11249923706055,26.30100059509277,427700.0,0.0,0.0,
2015-01-29,26.20149993896484,26.29999923706055,26.10099983215332,26.17250061035156,235700.0,0.0,0.0,
2015-01-30,26.07999992370605,26.1299991607666,25.90999984741211,26.01250076293945,242800.0,0.0,0.0,
2015-02-02,26.29850006103516,26.35000038146973,26.0,26.23450088500977,577000.0,0.0,0.0,
2015-02-03,26.24850082397461,27.0,26.06999969482422,26.19300079345703,1762800.0,0.0,0.0,
2015-02-04,26.0984992980957,26.09950065612793,25.9015007019043,25.9694995880127,920400.0,0.0,0.0,
2015-02-05,26.01000022888184,26.19849967956543,25.9995002746582,26.02000045776367,260600.0,0.0,0.0,
2015-02-06,26.0984992980957,26.1555004119873,25.72249984741211,26.12100028991699,400900.0,0.0,0.0,
2015-02-09,25.79999923706055,25.99150085449219,25.52000045776367,25.81850051879883,188500.0,0.0,0.0,
2015-02-10,25.8700008392334,25.89999961853027,25.70000076293945,25.82250022888184,93100.0,0.0,0.0,
2015-02-11,25.89949989318848,25.89999961853027,25.61249923706055,25.65399932861328,92200.0,0.0,0.0,
2015-02-12,25.5984992980957,25.63999938964844,25.36100006103516,25.45299911499023,974600.0,0.0,0.0,
2015-02-13,25.54949951171875,25.71999931335449,25.42049980163574,25.46100044250488,916900.0,0.0,0.0,
2015-02-16,25.46100044250488,25.78000068664551,25.45000076293945,25.58749961853027,312500.0,0.0,0.0,
2015-02-18,25.24349975585938,25.45750045776367,25.1200008392334,25.31800079345703,213800.0,0.0,0.0,
2015-02-19,25.31999969482422,25.39999961853027,25.29999923706055,25.32749938964844,94300.0,0.0,0.0,
2015-02-20,25.24850082397461,25.39999961853027,25.19849967956543,25.38899993896484,111500.0,0.0,0.0,
2015-02-23,25.39949989318848,25.4995002746582,25.10000038146973,25.16049957275391,214300.0,0.0,0.0,
2015-02-24,25.20949935913086,25.29899978637695,24.79999923706055,24.83799934387207,878200.0,0.0,0.0,
2015-02-25,25.0004997253418,25.10750007629395,24.91250038146973,25.02149963378906,207100.0,0.0,0.0,
2015-02-26,24.75550079345703,25.14500045776367,24.75550079345703,24.94400024414062,111500.0,0.0,0.0,
2015-02-27,24.85050010681152,24.9995002746582,24.70999908447266,24.75349998474121,373100.0,0.0,0.0,
2015-03-02,25.25349998474121,25.27449989318848,25.00600051879883,25.17200088500977,241000.0,0.0,0.0,
2015-03-03,25.14850044250488,29.98999977111816,24.86199951171875,24.9064998626709,519500.0,0.0,0.0,
2015-03-04,24.98800086975098,24.98800086975098,24.86000061035156,24.89550018310547,150700.0,0.0,0.0,
2015-03-05,24.85050010681152,25.04000091552734,24.82150077819824,24.92000007629395,276500.0,0.0,0.0,
2015-03-09,24.69849967956543,24.8439998626709,24.61650085449219,24.72649955749512,490000.0,0.0,0.0,
2015-03-10,24.69499969482422,24.69499969482422,24.51000022888184,24.64399909973145,255800.0,0.0,0.0,
2015-03-11,24.66049957275391,24.77949905395508,24.5,24.51300048828125,176900.0,0.0,0.0,
2015-03-12,24.68000030517578,24.69000053405762,24.40999984741211,24.62750053405762,184300.0,0.0,0.0,
2015-03-13,24.59000015258789,24.59000015258789,24.39999961853027,24.40500068664551,410200.0,0.0,0.0,
2015-03-16,24.5,24.69000053405762,24.4379997253418,24.57500076293945,208700.0,0.0,0.0,
2015-03-17,24.56999969482422,24.60050010681152,24.45999908447266,24.58399963378906,161000.0,0.0,0.0,
2015-03-18,24.56949996948242,24.57999992370605,24.39999961853027,24.43549919128418,161500.0,0.0,0.0,
2015-03-19,24.63100051879883,24.92000007629395,24.5,24.50849914550781,178100.0,0.0,0.0,
2015-03-20,24.54999923706055,24.67950057983398,24.54999923706055,24.60499954223633,125600.0,0.0,0.0,
2015-03-23,24.84499931335449,24.84499931335449,24.54999923706055,24.5944995880127,186100.0,0.0,0.0,
2015-03-24,24.60000038146973,24.69949913024902,24.56049919128418,24.58849906921387,119600.0,0.0,0.0,
2015-03-25,24.59000015258789,24.68000030517578,24.55999946594238,24.64649963378906,185200.0,0.0,0.0,
2015-03-26,24.65099906921387,25.25,24.65049934387207,25.16650009155273,354800.0,0.0,0.0,
2015-03-27,25.10549926757812,25.10549926757812,24.7504997253418,24.82850074768066,392800.0,0.0,0.0,
2015-03-30,24.71100044250488,24.8799991607666,24.65250015258789,24.76350021362305,260900.0,0.0,0.0,
2015-03-31,24.71999931335449,24.98999977111816,24.52249908447266,24.73250007629395,113500.0,0.0,0.0,
2015-04-01,24.69449996948242,24.8700008392334,24.57999992370605,24.68600082397461,104700.0,0.0,0.0,
2015-04-06,24.92000007629395,25.28949928283691,24.82500076293945,25.20499992370605,439800.0,0.0,0.0,
2015-04-07,25.29999923706055,25.38400077819824,25.02000045776367,25.12400054931641,135400.0,0.0,0.0,
2015-04-08,25.10000038146973,25.20000076293945,25.05599975585938,25.08550071716309,82800.0,0.0,0.0,
2015-04-09,25.0,25.0,24.66600036621094,24.75749969482422,766800.0,0.0,0.0,
2015-04-10,24.84950065612793,24.98850059509277,24.75749969482422,24.9330005645752,244400.0,0.0,0.0,
2015-04-13,24.95000076293945,25.07999992370605,24.9109992980957,24.96500015258789,199000.0,0.0,0.0,
2015-04-15,23.89999961853027,24.95999908447266,23.89999961853027,24.77799987792969,166000.0,0.0,0.0,
2015-04-16,24.82550048828125,25.07999992370605,24.82500076293945,25.00149917602539,259100.0,0.0,0.0,
2015-04-17,24.99900054931641,25.10000038146973,24.82799911499023,25.04949951171875,138200.0,0.0,0.0,
2015-04-20,25.04949951171875,25.20000076293945,25.01600074768066,25.13899993896484,1780900.0,0.0,0.0,
2015-04-21,25.09000015258789,25.57950019836426,25.08950042724609,25.51049995422363,774600.0,0.0,0.0,
2015-04-22,25.4995002746582,25.4995002746582,25.02599906921387,25.10149955749512,653200.0,0.0,0.0,
2015-04-23,25.0,25.07999992370605,24.90999984741211,25.01950073242188,154700.0,0.0,0.0,
2015-04-24,25.0004997253418,25.20999908447266,24.92250061035156,25.15250015258789,198800.0,0.0,0.0,
2015-04-27,25.14349937438965,25.14949989318848,24.90049934387207,25.00600051879883,1506700.0,0.0,0.0,
2015-04-28,25.38249969482422,25.38249969482422,25.05050086975098,25.2234992980957,240300.0,0.0,0.0,
2015-04-29,25.48399925231934,25.48399925231934,25.17200088500977,25.25950050354004,200800.0,0.0,0.0,
2015-04-30,25.29999923706055,25.39999961853027,25.20750045776367,25.34499931335449,211900.0,0.0,0.0,
2015-05-04,25.1294994354248,25.24900054931641,24.72500038146973,25.15950012207031,170200.0,0.0,0.0,
2015-05-05,25.14999961853027,25.18899917602539,25.01000022888184,25.0930004119873,100600.0,0.0,0.0,
2015-05-06,25.13500022888184,25.33950042724609,25.125,25.17499923706055,254900.0,0.0,0.0,
2015-05-07,25.05500030517578,25.27000045776367,25.05500030517578,25.23550033569336,198100.0,0.0,0.0,
2015-05-08,25.20000076293945,25.26350021362305,25.10600090026855,25.20000076293945,720900.0,0.0,0.0,
2015-05-11,25.14999961853027,25.25,25.11599922180176,25.20700073242188,185500.0,0.0,0.0,
2015-05-12,25.20050048828125,25.33499908447266,25.14200019836426,25.30900001525879,158800.0,0.0,0.0,
2015-05-13,25.57399940490723,25.57399940490723,25.31049919128418,25.39749908447266,885900.0,0.0,0.0,
2015-05-14,25.56800079345703,25.77000045776367,25.51000022888184,25.70849990844727,455400.0,0.0,0.0,
2015-05-15,25.60250091552734,25.70000076293945,25.60250091552734,25.64949989318848,184700.0,0.0,0.0,
2015-05-18,25.69000053405762,25.94000053405762,25.62649917602539,25.8754997253418,491200.0,0.0,0.0,
2015-05-19,25.84950065612793,25.84950065612793,25.67000007629395,25.70649909973145,163000.0,0.0,0.0,
2015-05-20,25.61000061035156,25.61000061035156,25.4109992980957,25.49200057983398,462800.0,0.0,0.0,
2015-05-21,25.5,25.58749961853027,25.47050094604492,25.54050064086914,98900.0,0.0,0.0,
2015-05-22,25.4995002746582,25.4995002746582,25.34950065612793,25.3700008392334,599700.0,0.0,0.0,
2015-05-25,25.44499969482422,25.44949913024902,25.21649932861328,25.38100051879883,196100.0,0.0,0.0,
2015-05-26,25.45949935913086,25.45949935913086,25.21599960327148,25.29850006103516,787500.0,0.0,0.0,
2015-05-27,25.2495002746582,25.34000015258789,25.21050071716309,25.26449966430664,110700.0,0.0,0.0,
2015-05-28,25.26049995422363,25.29999923706055,25.1609992980957,25.21199989318848,117100.0,0.0,0.0,
2015-05-29,25.29949951171875,25.29999923706055,25.10000038146973,25.14399909973145,975400.0,0.0,0.0,
2015-06-01,25.14399909973145,25.23999977111816,25.10000038146973,25.18099975585938,180700.0,0.0,0.0,
2015-06-02,25.18000030517578,25.24399948120117,25.01650047302246,25.18449974060059,128000.0,0.0,0.0,
2015-06-03,25.20000076293945,25.28899955749512,25.15049934387207,25.19650077819824,1130500.0,0.0,0.0,
2015-06-04,25.19650077819824,25.27949905395508,25.10300064086914,25.16799926757812,187400.0,0.0,0.0,
2015-06-05,25.10000038146973,25.13649940490723,24.96999931335449,25.00250053405762,111500.0,0.0,0.0,
2015-06-08,24.98999977111816,25.04999923706055,24.90999984741211,25.00849914550781,251400.0,0.0,0.0,
2015-06-09,25.02000045776367,25.04899978637695,24.91250038146973,24.98450088500977,200100.0,0.0,0.0,
2015-06-10,24.96999931335449,25.07999992370605,24.92200088500977,25.0319995880127,356500.0,0.0,0.0,
2015-06-11,25.0,25.1299991607666,24.79999923706055,24.95499992370605,132400.0,0.0,0.0,
2015-06-12,24.85050010681152,25.06999969482422,24.85050010681152,24.91449928283691,689600.0,0.0,0.0,
2015-06-15,24.92000007629395,25.04999923706055,24.92000007629395,24.97949981689453,312500.0,0.0,0.0,
2015-06-16,25.0004997253418,25.14900016784668,25.0004997253418,25.02449989318848,163200.0,0.0,0.0,
2015-06-17,25.02000045776367,25.04000091552734,24.91150093078613,24.96199989318848,75200.0,0.0,0.0,
2015-06-18,25.0004997253418,25.10499954223633,24.79999923706055,25.07049942016602,370300.0,0.0,0.0,
2015-06-19,25.06999969482422,25.18000030517578,24.96599960327148,25.03000068664551,721000.0,0.0,0.0,
2015-06-22,25.00699996948242,25.09799957275391,24.92000007629395,24.97550010681152,137400.0,0.0,0.0,
2015-06-23,24.94949913024902,24.94949913024902,24.79999923706055,24.8174991607666,100800.0,0.0,0.0,
2015-06-24,24.81649971008301,24.81649971008301,24.62649917602539,24.71349906921387,474800.0,0.0,0.0,
2015-06-25,24.70999908447266,24.79999923706055,24.6200008392334,24.69000053405762,508900.0,0.0,0.0,
2015-06-26,24.70000076293945,24.81999969482422,24.61549949645996,24.77249908447266,154600.0,0.0,0.0,
2015-06-29,24.80999946594238,25.0,24.80999946594238,24.90250015258789,225900.0,0.0,0.0,
2015-06-30,24.95000076293945,24.97999954223633,24.68050003051758,24.73299980163574,678000.0,0.0,0.0,
2015-07-01,24.85000038146973,24.88800048828125,24.64999961853027,24.7140007019043,125400.0,0.0,0.0,
2015-07-02,24.73999977111816,24.73999977111816,24.40999984741211,24.45400047302246,557000.0,0.0,0.0,
2015-07-03,24.45450019836426,24.55999946594238,24.44000053405762,24.50749969482422,583800.0,0.0,0.0,
2015-07-06,24.64949989318848,24.64999961853027,24.45000076293945,24.47150039672852,227300.0,0.0,0.0,
2015-07-07,24.46999931335449,24.59000015258789,24.43600082397461,24.53750038146973,111800.0,0.0,0.0,
2015-07-08,24.10549926757812,24.59000015258789,24.10549926757812,24.56900024414062,190300.0,0.0,0.0,
2015-07-09,24.55999946594238,24.6205005645752,24.46599960327148,24.56100082397461,112300.0,0.0,0.0,
2015-07-10,24.57999992370605,24.64900016784668,24.3700008392334,24.38500022888184,706500.0,0.0,0.0,
2015-07-13,24.35000038146973,24.5,24.27300071716309,24.32600021362305,167500.0,0.0,0.0,
2015-07-14,24.44000053405762,24.44899940490723,24.13100051879883,24.24200057983398,688000.0,0.0,0.0,
2015-07-15,24.39800071716309,24.39800071716309,24.21599960327148,24.26700019836426,124000.0,0.0,0.0,
2015-07-16,24.28800010681152,24.28800010681152,24.15049934387207,24.19799995422363,193400.0,0.0,0.0,
2015-07-17,24.27000045776367,24.27000045776367,24.15500068664551,24.18899917602539,152400.0,0.0,0.0,
2015-07-20,23.14999961853027,24.39999961853027,23.14999961853027,24.24300003051758,407400.0,0.0,0.0,
2015-07-21,24.19949913024902,24.34950065612793,23.95000076293945,24.20700073242188,363200.0,0.0,0.0,
2015-07-22,24.19949913024902,24.20700073242188,24.0,24.11249923706055,296600.0,0.0,0.0,
2015-07-23,24.11000061035156,24.29949951171875,23.9109992980957,23.99099922180176,385400.0,0.0,0.0,
2015-07-24,24.0,24.0620002746582,23.79999923706055,23.88850021362305,425000.0,0.0,0.0,
2015-07-27,23.94799995422363,24.1200008392334,23.88599967956543,23.92300033569336,348900.0,0.0,0.0,
2015-07-28,24.0,24.19000053405762,23.92000007629395,24.06550025939941,242200.0,0.0,0.0,
2015-07-29,24.03949928283691,24.10000038146973,23.75,23.79249954223633,258700.0,0.0,0.0,
2015-07-30,23.71999931335449,23.89500045776367,23.55999946594238,23.58449935913086,274100.0,0.0,0.0,
2015-07-31,23.73999977111816,23.75,23.45000076293945,23.49049949645996,385200.0,0.0,0.0,
2015-08-03,23.51049995422363,23.65999984741211,23.45000076293945,23.61849975585938,328000.0,0.0,0.0,
2015-08-04,23.60199928283691,23.70000076293945,23.39999961853027,23.4685001373291,310100.0,0.0,0.0,
2015-08-05,23.39999961853027,23.5,23.35000038146973,23.45750045776367,233200.0,0.0,0.0,
2015-08-06,23.30550003051758,23.5,23.30550003051758,23.43149948120117,166400.0,0.0,0.0,
2015-08-07,23.5,23.55949974060059,23.30550003051758,23.4734992980957,202100.0,0.0,0.0,
2015-08-10,23.41049957275391,23.59950065612793,23.25,23.53499984741211,192100.0,0.0,0.0,
2015-08-11,23.61000061035156,23.82500076293945,23.60000038146973,23.72100067138672,309700.0,0.0,0.0,
2015-08-12,23.72100067138672,23.72100067138672,23.72100067138672,23.72100067138672,0.0,0.0,0.0,
2015-08-13,24.10000038146973,24.18950080871582,23.98999977111816,24.0939998626709,214900.0,0.0,0.0,
2015-08-14,24.06999969482422,24.10000038146973,24.0,24.06500053405762,106800.0,0.0,0.0,
2015-08-17,24.14999961853027,24.23800086975098,24.02000045776367,24.16449928283691,170900.0,0.0,0.0,
2015-08-18,24.27750015258789,24.29000091552734,24.20000076293945,24.27000045776367,140200.0,0.0,0.0,
2015-08-19,24.26950073242188,24.29999923706055,24.23349952697754,24.25799942016602,73300.0,0.0,0.0,
2015-08-20,24.30050086975098,24.66900062561035,24.29999923706055,24.64200019836426,468200.0,0.0,0.0,
2015-08-21,24.80050086975098,25.25900077819824,24.72249984741211,24.96599960327148,804600.0,0.0,0.0,
2015-08-24,25.11000061035156,25.44000053405762,24.89999961853027,25.0310001373291,665300.0,0.0,0.0,
2015-08-25,25.0310001373291,25.14999961853027,24.60000038146973,24.82150077819824,627200.0,0.0,0.0,
2015-08-26,24.79800033569336,24.87800025939941,24.52000045776367,24.67049980163574,259800.0,0.0,0.0,
2015-08-27,24.52000045776367,24.6299991607666,24.32600021362305,24.55999946594238,189700.0,0.0,0.0,
2015-08-28,24.69949913024902,24.71999931335449,24.43099975585938,24.45199966430664,500900.0,0.0,0.0,
2015-08-31,24.45000076293945,24.79000091552734,24.39999961853027,24.76549911499023,326800.0,0.0,0.0,
2015-09-01,24.9995002746582,24.9995002746582,24.70050048828125,24.75650024414062,135800.0,0.0,0.0,
2015-09-02,24.79899978637695,24.79899978637695,24.61650085449219,24.72599983215332,603900.0,0.0,0.0,
2015-09-03,24.45549964904785,24.71999931335449,24.45549964904785,24.50550079345703,103900.0,0.0,0.0,
2015-09-04,24.48999977111816,24.53899955749512,24.3700008392334,24.48999977111816,422300.0,0.0,0.0,
2015-09-07,24.5,24.6294994354248,24.25550079345703,24.45100021362305,153800.0,0.0,0.0,
2015-09-08,24.45999908447266,24.60000038146973,24.30999946594238,24.44549942016602,211100.0,0.0,0.0,
2015-09-09,24.39999961853027,24.54999923706055,24.31049919128418,24.43849945068359,322600.0,0.0,0.0,
2015-09-10,24.29999923706055,24.31999969482422,24.10050010681152,24.14599990844727,92800.0,0.0,0.0,
2015-09-11,24.29500007629395,24.29500007629395,24.10000038146973,24.25250053405762,187600.0,0.0,0.0,
2015-09-14,23.77000045776367,24.29000091552734,23.77000045776367,24.19050025939941,109400.0,0.0,0.0,
2015-09-15,24.19050025939941,24.19050025939941,24.19050025939941,24.19050025939941,0.0,0.0,0.0,
2015-09-16,24.29000091552734,24.29999923706055,24.11199951171875,24.15900039672852,63300.0,0.0,0.0,
2015-09-18,24.28499984741211,24.62299919128418,24.28499984741211,24.54000091552734,231700.0,0.0,0.0,
2015-09-21,23.77000045776367,24.57999992370605,23.77000045776367,24.34049987792969,147400.0,0.0,0.0,
2015-09-22,24.44799995422363,24.44799995422363,24.26600074768066,24.30850028991699,219900.0,0.0,0.0,
2015-09-23,24.38999938964844,24.38999938964844,24.18000030517578,24.2455005645752,617900.0,0.0,0.0,
2015-09-24,24.36199951171875,24.75950050354004,24.36000061035156,24.61199951171875,1929200.0,0.0,0.0,
2015-09-28,24.6879997253418,24.77899932861328,24.56599998474121,24.6569995880127,255500.0,0.0,0.0,
2015-09-29,24.61050033569336,24.68499946594238,24.24399948120117,24.29199981689453,180900.0,0.0,0.0,
2015-09-30,24.21599960327148,24.60000038146973,24.19949913024902,24.38199996948242,276300.0,0.0,0.0,
2015-10-01,24.36000061035156,24.38999938964844,24.18000030517578,24.32299995422363,122900.0,0.0,0.0,
2015-10-05,24.45000076293945,24.70000076293945,24.20149993896484,24.21750068664551,654400.0,0.0,0.0,
2015-10-06,24.25,24.39999961853027,24.25,24.30200004577637,251300.0,0.0,0.0,
2015-10-07,24.59700012207031,24.64999961853027,24.40299987792969,24.42950057983398,292300.0,0.0,0.0,
2015-10-08,24.43000030517578,24.48999977111816,24.23999977111816,24.3444995880127,645300.0,0.0,0.0,
2015-10-09,24.34000015258789,24.51000022888184,24.21100044250488,24.41150093078613,1235000.0,0.0,0.0,
2015-10-12,24.42000007629395,24.75099945068359,24.35000038146973,24.70849990844727,837300.0,0.0,0.0,
2015-10-13,24.69949913024902,24.69949913024902,24.46599960327148,24.52350044250488,156500.0,0.0,0.0,
2015-10-14,24.66799926757812,25.04000091552734,24.65999984741211,24.96750068664551,593000.0,0.0,0.0,
2015-10-15,24.99850082397461,25.24900054931641,24.99850082397461,25.18499946594238,343100.0,0.0,0.0,
2015-10-16,25.18499946594238,25.18499946594238,25.18499946594238,25.18499946594238,0.0,0.0,0.0,
2015-10-19,25.0,25.0,24.76250076293945,24.8174991607666,154500.0,0.0,0.0,
2015-10-20,24.75,25.1294994354248,24.73999977111816,25.09000015258789,261800.0,0.0,0.0,
2015-10-21,25.0004997253418,25.24900054931641,25.0004997253418,25.11700057983398,82400.0,0.0,0.0,
2015-10-23,25.09499931335449,25.09499931335449,24.80599975585938,25.04599952697754,136200.0,0.0,0.0,
2015-10-26,24.85000038146973,24.95000076293945,24.72050094604492,24.79400062561035,771000.0,0.0,0.0,
2015-10-27,24.79999923706055,24.96549987792969,24.70599937438965,24.84700012207031,145800.0,0.0,0.0,
2015-10-28,24.98900032043457,25.09000015258789,24.86350059509277,25.01049995422363,152500.0,0.0,0.0,
2015-10-29,24.85000038146973,24.93650054931641,24.64999961853027,24.80050086975098,712200.0,0.0,0.0,
2015-10-30,24.79500007629395,24.8799991607666,24.52249908447266,24.67950057983398,136500.0,0.0,0.0,
2015-11-02,24.64999961853027,24.7495002746582,24.51049995422363,24.52700042724609,153000.0,0.0,0.0,
2015-11-03,24.5,24.60000038146973,24.33349990844727,24.36450004577637,535600.0,0.0,0.0,
2015-11-04,24.29999923706055,24.58399963378906,24.11050033569336,24.18549919128418,783500.0,0.0,0.0,
2015-11-05,24.29999923706055,24.29999923706055,24.05949974060059,24.10199928283691,219200.0,0.0,0.0,
2015-11-06,24.10000038146973,24.4995002746582,23.98999977111816,24.26449966430664,434700.0,0.0,0.0,
2015-11-09,24.25,24.59900093078613,24.0625,24.46299934387207,734700.0,0.0,0.0,
2015-11-10,24.45000076293945,24.46999931335449,24.01000022888184,24.07399940490723,164300.0,0.0,0.0,
2015-11-13,24.25,24.29999923706055,23.85199928283691,23.99399948120117,156700.0,0.0,0.0,
2015-11-16,24.01300048828125,24.10000038146973,23.88100051879883,23.9375,234400.0,0.0,0.0,
2015-11-17,23.89500045776367,23.89500045776367,23.75,23.77549934387207,130900.0,0.0,0.0,
2015-11-18,23.73999977111816,24.0,23.55999946594238,23.89299964904785,143600.0,0.0,0.0,
2015-11-19,23.85000038146973,23.87849998474121,23.61050033569336,23.63599967956543,253700.0,0.0,0.0,
2015-11-20,23.70000076293945,23.8799991607666,23.61599922180176,23.64150047302246,467000.0,0.0,0.0,
2015-11-23,23.59499931335449,23.63500022888184,23.4330005645752,23.50699996948242,198900.0,0.0,0.0,
2015-11-24,23.5,23.57999992370605,23.3120002746582,23.48049926757812,189800.0,0.0,0.0,
2015-11-26,23.5,23.59900093078613,23.40299987792969,23.5305004119873,622600.0,0.0,0.0,
2015-11-27,23.40049934387207,23.52899932861328,23.35000038146973,23.4680004119873,76100.0,0.0,0.0,
2015-11-30,23.45000076293945,23.45000076293945,23.29999923706055,23.29999923706055,411300.0,0.0,0.0,
2015-12-01,23.41300010681152,23.5890007019043,23.3174991607666,23.47150039672852,746400.0,0.0,0.0,
2015-12-02,23.5,23.54000091552734,23.38999938964844,23.50699996948242,295200.0,0.0,0.0,
2015-12-03,23.42799949645996,23.46500015258789,23.23250007629395,23.24650001525879,188800.0,0.0,0.0,
2015-12-04,23.59950065612793,23.68000030517578,23.30999946594238,23.36750030517578,349700.0,0.0,0.0,
2015-12-07,23.55999946594238,23.85000038146973,23.55999946594238,23.73200035095215,571400.0,0.0,0.0,
2015-12-08,23.71500015258789,23.71500015258789,23.50349998474121,23.5674991607666,105300.0,0.0,0.0,
2015-12-09,23.57799911499023,23.6875,23.55999946594238,23.61849975585938,100500.0,0.0,0.0,
2015-12-10,23.55999946594238,23.67399978637695,23.43050003051758,23.45999908447266,181200.0,0.0,0.0,
2015-12-11,23.44949913024902,23.5,23.26600074768066,23.42849922180176,245600.0,0.0,0.0,
2015-12-14,23.70000076293945,23.70000076293945,23.38249969482422,23.4060001373291,131500.0,0.0,0.0,
2015-12-15,23.39999961853027,23.54899978637695,23.30249977111816,23.3705005645752,608900.0,0.0,0.0,
2015-12-16,23.3799991607666,23.70000076293945,23.31450080871582,23.63699913024902,1584800.0,0.0,0.0,
2015-12-17,23.42000007629395,23.53549957275391,23.32999992370605,23.39550018310547,82400.0,0.0,0.0,
2015-12-18,23.29500007629395,23.4995002746582,23.14999961853027,23.41349983215332,93100.0,0.0,0.0,
2015-12-21,23.45050048828125,23.48999977111816,23.32999992370605,23.38249969482422,389700.0,0.0,0.0,
2015-12-22,23.5,23.60050010681152,23.46649932861328,23.51350021362305,163800.0,0.0,0.0,
2015-12-23,23.58950042724609,23.58950042724609,23.30200004577637,23.40250015258789,537100.0,0.0,0.0,
2015-12-24,23.47999954223633,23.47999954223633,23.17099952697754,23.20050048828125,287600.0,0.0,0.0,
2015-12-28,23.31999969482422,23.48900032043457,23.25149917602539,23.40200042724609,330100.0,0.0,0.0,
2015-12-29,23.39999961853027,23.58749961853027,23.32999992370605,23.46150016784668,381900.0,0.0,0.0,
2015-12-30,23.41300010681152,23.46500015258789,23.31049919128418,23.43899917602539,405000.0,0.0,0.0,
2015-12-31,23.42000007629395,23.42000007629395,23.14999961853027,23.17499923706055,186400.0,0.0,0.0,
2016-01-01,23.20000076293945,23.29899978637695,23.15099906921387,23.16650009155273,280500.0,0.0,0.0,
2016-01-04,23.15999984741211,23.49900054931641,23.15999984741211,23.46549987792969,480900.0,0.0,0.0,
2016-01-05,23.45999908447266,23.71999931335449,23.40999984741211,23.69549942016602,736500.0,0.0,0.0,
2016-01-06,23.69949913024902,24.0,23.62249946594238,23.93449974060059,144700.0,0.0,0.0,
2016-01-07,24.11000061035156,24.28000068664551,24.01899909973145,24.20599937438965,231000.0,0.0,0.0,
2016-01-08,24.20000076293945,24.20000076293945,23.88050079345703,23.90399932861328,452200.0,0.0,0.0,
2016-01-11,24.01049995422363,24.3444995880127,24.01049995422363,24.09950065612793,846400.0,0.0,0.0,
2016-01-12,24.14999961853027,24.18600082397461,23.9640007019043,24.04999923706055,235200.0,0.0,0.0,
2016-01-13,23.85499954223633,23.94499969482422,23.67000007629395,23.70899963378906,79800.0,0.0,0.0,
2016-01-14,23.89949989318848,24.23900032043457,23.85449981689453,24.16399955749512,559400.0,0.0,0.0,
2016-01-15,24.09950065612793,24.09950065612793,23.85000038146973,24.02149963378906,408600.0,0.0,0.0,
2016-01-18,24.06999969482422,24.27149963378906,24.06999969482422,24.24850082397461,539600.0,0.0,0.0,
2016-01-19,24.23999977111816,24.26899909973145,24.06599998474121,24.20400047302246,335100.0,0.0,0.0,
2016-01-20,24.20999908447266,24.5,24.15049934387207,24.38100051879883,242300.0,0.0,0.0,
2016-01-21,24.5,24.58149909973145,24.36100006103516,24.41850090026855,651300.0,0.0,0.0,
2016-01-22,24.41850090026855,24.5,24.32200050354004,24.46649932861328,557300.0,0.0,0.0,
2016-01-25,24.5,24.51250076293945,24.28800010681152,24.48550033569336,243400.0,0.0,0.0,
2016-01-27,24.66049957275391,24.92900085449219,24.66049957275391,24.79649925231934,357000.0,0.0,0.0,
2016-01-28,24.93000030517578,24.97999954223633,24.75300025939941,24.82699966430664,322500.0,0.0,0.0,
2016-01-29,24.65049934387207,24.81999969482422,24.61249923706055,24.62400054931641,470200.0,0.0,0.0,
2016-02-01,24.66200065612793,24.89349937438965,24.6555004119873,24.81150054931641,740900.0,0.0,0.0,
2016-02-02,24.8799991607666,25.07999992370605,24.85000038146973,24.95649909973145,474700.0,0.0,0.0,
2016-02-03,24.97800064086914,25.10000038146973,24.91300010681152,25.0625,921700.0,0.0,0.0,
2016-02-04,25.13500022888184,25.3700008392334,25.10300064086914,25.22200012207031,484500.0,0.0,0.0,
2016-02-05,25.26799964904785,25.47999954223633,25.26799964904785,25.36700057983398,479200.0,0.0,0.0,
2016-02-08,25.42499923706055,25.95000076293945,25.42499923706055,25.61199951171875,312200.0,0.0,0.0,
2016-02-09,26.01049995422363,26.48600006103516,25.91049957275391,26.09900093078613,1030600.0,0.0,0.0,
2016-02-10,26.20000076293945,26.20000076293945,25.77249908447266,25.89850044250488,346500.0,0.0,0.0,
2016-02-11,26.12800025939941,26.40500068664551,26.11000061035156,26.37150001525879,598200.0,0.0,0.0,
2016-02-12,26.85000038146973,26.85000038146973,26.13999938964844,26.65200042724609,1092200.0,0.0,0.0,
2016-02-15,26.68499946594238,26.7495002746582,26.14999961853027,26.19449996948242,712900.0,0.0,0.0,
2016-02-16,26.14999961853027,26.25,25.89999961853027,26.19899940490723,234600.0,0.0,0.0,
2016-02-17,26.19000053405762,26.45000076293945,26.00699996948242,26.35849952697754,863100.0,0.0,0.0,
2016-02-18,26.35000038146973,26.45000076293945,26.11899948120117,26.31800079345703,657000.0,0.0,0.0,
2016-02-19,26.5004997253418,26.71999931335449,26.45000076293945,26.60300064086914,747700.0,0.0,0.0,
2016-02-22,26.57999992370605,26.60000038146973,26.32600021362305,26.38199996948242,200600.0,0.0,0.0,
2016-02-23,26.53800010681152,26.69899940490723,26.51000022888184,26.6245002746582,650600.0,0.0,0.0,
2016-02-24,26.7504997253418,26.79999923706055,26.62599945068359,26.66900062561035,718100.0,0.0,0.0,
2016-02-25,26.68000030517578,26.89900016784668,26.6200008392334,26.8745002746582,644300.0,0.0,0.0,
2016-02-26,27.25,27.41200065612793,26.33699989318848,26.86249923706055,345900.0,0.0,0.0,
2016-02-29,26.8700008392334,27.07999992370605,26.64100074768066,26.99699974060059,476900.0,0.0,0.0,
2016-03-01,27.01000022888184,27.14649963378906,26.8700008392334,26.97900009155273,687800.0,0.0,0.0,
2016-03-02,26.7450008392334,26.7450008392334,26.50200080871582,26.60950088500977,609400.0,0.0,0.0,
2016-03-03,26.61000061035156,26.7495002746582,26.56100082397461,26.67700004577637,810700.0,0.0,0.0,
2016-03-04,26.89999961853027,27.18000030517578,26.80999946594238,27.13400077819824,825700.0,0.0,0.0,
2016-03-08,27.19000053405762,27.40999984741211,26.89999961853027,27.34950065612793,1030100.0,0.0,0.0,
2016-03-09,27.19499969482422,27.19499969482422,26.89999961853027,27.05200004577637,406400.0,0.0,0.0,
2016-03-10,27.04999923706055,27.04999923706055,26.7504997253418,26.75349998474121,548400.0,0.0,0.0,
2016-03-11,27.05999946594238,27.25,27.04050064086914,27.2194995880127,719400.0,0.0,0.0,
2016-03-14,26.90049934387207,27.09950065612793,26.3700008392334,26.98450088500977,638800.0,0.0,0.0,
2016-03-15,26.64500045776367,26.76749992370605,26.52000045776367,26.52549934387207,543300.0,0.0,0.0,
2016-03-16,26.54999923706055,26.65950012207031,26.46599960327148,26.53400039672852,275000.0,0.0,0.0,
2016-03-17,26.70649909973145,27.0984992980957,26.70599937438965,27.05599975585938,258000.0,0.0,0.0,
2016-03-18,27.05599975585938,27.05599975585938,26.80050086975098,26.85350036621094,330000.0,0.0,0.0,
2016-03-21,26.85000038146973,26.89999961853027,26.36599922180176,26.40299987792969,438200.0,0.0,0.0,
2016-03-22,26.40999984741211,26.95050048828125,26.40999984741211,26.75200080871582,555800.0,0.0,0.0,
2016-03-23,26.75,26.75,26.11499977111816,26.20199966430664,383100.0,0.0,0.0,
2016-03-28,25.98999977111816,26.14949989318848,25.75600051879883,26.05550003051758,461700.0,0.0,0.0,
2016-03-29,25.81550025939941,26.22999954223633,25.81550025939941,26.14249992370605,73400.0,0.0,0.0,
2016-03-30,26.20000076293945,26.60000038146973,26.20000076293945,26.35799980163574,742800.0,0.0,0.0,
2016-03-31,26.25,26.4060001373291,26.04999923706055,26.31500053405762,77600.0,0.0,0.0,
2016-04-01,26.3799991607666,26.45999908447266,26.23699951171875,26.31949996948242,105300.0,0.0,0.0,
2016-04-04,26.2450008392334,26.29949951171875,26.02249908447266,26.18499946594238,107900.0,0.0,0.0,
2016-04-05,26.28000068664551,26.4995002746582,26.18549919128418,26.38850021362305,671900.0,0.0,0.0,
2016-04-06,26.38999938964844,26.57999992370605,26.27750015258789,26.48349952697754,178000.0,0.0,0.0,
2016-04-07,26.48349952697754,26.64999961853027,26.39999961853027,26.6254997253418,217600.0,0.0,0.0,
2016-04-08,26.61199951171875,26.74399948120117,26.61199951171875,26.70750045776367,204600.0,0.0,0.0,
2016-04-11,26.75550079345703,26.95000076293945,26.71999931335449,26.92849922180176,430600.0,0.0,0.0,
2016-04-12,26.93000030517578,27.25,26.80349922180176,27.11400032043457,468400.0,0.0,0.0,
2016-04-13,27.11000061035156,27.11000061035156,26.8174991607666,27.07150077819824,363000.0,0.0,0.0,
2016-04-18,26.92000007629395,27.14999961853027,26.70000076293945,27.08650016784668,521300.0,0.0,0.0,
2016-04-20,27.08600044250488,27.29999923706055,27.01650047302246,27.11149978637695,336000.0,0.0,0.0,
2016-04-21,27.20000076293945,27.48749923706055,27.04999923706055,27.4015007019043,408100.0,0.0,0.0,
2016-04-22,27.25,27.38549995422363,27.10549926757812,27.28400039672852,400700.0,0.0,0.0,
2016-04-25,27.20000076293945,27.20000076293945,27.0,27.08449935913086,341300.0,0.0,0.0,
2016-04-26,27.12599945068359,27.17650032043457,26.97800064086914,27.03400039672852,80900.0,0.0,0.0,
2016-04-27,27.10000038146973,27.24900054931641,27.10000038146973,27.14100074768066,535500.0,0.0,0.0,
2016-04-28,27.1205005645752,27.60000038146973,27.09199905395508,27.50849914550781,619100.0,0.0,0.0,
2016-04-29,27.60099983215332,27.93000030517578,27.53549957275391,27.85350036621094,787300.0,0.0,0.0,
2016-05-02,28.0,28.14999961853027,27.93099975585938,28.11400032043457,536900.0,0.0,0.0,
2016-05-03,27.95000076293945,28.14999961853027,27.89999961853027,28.11149978637695,844200.0,0.0,0.0,
2016-05-04,28.01899909973145,28.01899909973145,27.73450088500977,27.85799980163574,812000.0,0.0,0.0,
2016-05-05,27.87299919128418,27.96750068664551,27.61599922180176,27.64399909973145,596700.0,0.0,0.0,
2016-05-06,27.6515007019043,27.8700008392334,27.65049934387207,27.84049987792969,284700.0,0.0,0.0,
2016-05-09,27.86499977111816,28.14949989318848,27.65999984741211,27.75,502600.0,0.0,0.0,
2016-05-10,27.82999992370605,27.82999992370605,27.56500053405762,27.61400032043457,667400.0,0.0,0.0,
2016-05-11,27.68000030517578,27.84099960327148,27.65250015258789,27.70499992370605,141700.0,0.0,0.0,
2016-05-12,27.64999961853027,27.73649978637695,27.56500053405762,27.59499931335449,982800.0,0.0,0.0,
2016-05-13,27.61199951171875,27.84000015258789,27.61000061035156,27.82049942016602,692600.0,0.0,0.0,
2016-05-16,27.77499961853027,27.95000076293945,27.77249908447266,27.81100082397461,442700.0,0.0,0.0,
2016-05-17,27.80999946594238,27.84799957275391,27.70000076293945,27.76449966430664,212900.0,0.0,0.0,
2016-05-18,27.79999923706055,27.8439998626709,27.67099952697754,27.74099922180176,292500.0,0.0,0.0,
2016-05-19,27.68499946594238,27.70000076293945,27.44949913024902,27.5575008392334,525600.0,0.0,0.0,
2016-05-20,27.59000015258789,27.84600067138672,27.55649948120117,27.61350059509277,568900.0,0.0,0.0,
2016-05-23,27.57950019836426,27.61949920654297,27.44700050354004,27.48550033569336,200300.0,0.0,0.0,
2016-05-24,27.4680004119873,27.57950019836426,27.39999961853027,27.40749931335449,466600.0,0.0,0.0,
2016-05-25,27.29500007629395,27.29500007629395,26.85000038146973,26.89649963378906,395800.0,0.0,0.0,
2016-05-26,26.94499969482422,27.06999969482422,26.80599975585938,26.87899971008301,80300.0,0.0,0.0,
2016-05-27,26.77000045776367,26.92900085449219,26.55599975585938,26.60650062561035,257400.0,0.0,0.0,
2016-05-30,26.49749946594238,26.7495002746582,26.36249923706055,26.67300033569336,234100.0,0.0,0.0,
2016-05-31,26.60050010681152,26.86450004577637,26.5,26.5620002746582,394900.0,0.0,0.0,
2016-06-01,26.58499908447266,26.84950065612793,26.57099914550781,26.69000053405762,95100.0,0.0,0.0,
2016-06-02,26.65099906921387,26.7495002746582,26.64999961853027,26.70750045776367,89400.0,0.0,0.0,
2016-06-03,26.69000053405762,26.73999977111816,26.56100082397461,26.69899940490723,494900.0,0.0,0.0,
2016-06-06,26.91049957275391,27.29999923706055,26.90049934387207,27.02050018310547,183000.0,0.0,0.0,
2016-06-07,27.10000038146973,27.13949966430664,26.86599922180176,26.89249992370605,80100.0,0.0,0.0,
2016-06-08,26.92099952697754,27.2194995880127,26.92099952697754,27.03750038146973,179700.0,0.0,0.0,
2016-06-09,27.22999954223633,27.24749946594238,27.05999946594238,27.19750022888184,446900.0,0.0,0.0,
2016-06-10,27.26000022888184,27.39999961853027,27.22150039672852,27.31649971008301,445000.0,0.0,0.0,
2016-06-13,27.36000061035156,27.69000053405762,27.36000061035156,27.61549949645996,224000.0,0.0,0.0,
2016-06-14,27.61549949645996,27.70000076293945,27.5,27.5944995880127,219500.0,0.0,0.0,
2016-06-15,27.69899940490723,27.84000015258789,27.52300071716309,27.60199928283691,689300.0,0.0,0.0,
2016-06-16,27.77000045776367,28.02000045776367,27.70999908447266,27.80249977111816,570800.0,0.0,0.0,
2016-06-17,27.69499969482422,27.69499969482422,27.38100051879883,27.61899948120117,688100.0,0.0,0.0,
2016-06-20,27.64999961853027,27.79999923706055,27.51600074768066,27.65349960327148,259900.0,0.0,0.0,
2016-06-21,27.65349960327148,27.84000015258789,27.60050010681152,27.80150032043457,683900.0,0.0,0.0,
2016-06-22,27.68950080871582,27.68950080871582,27.3799991607666,27.56850051879883,521900.0,0.0,0.0,
2016-06-23,27.58349990844727,27.69000053405762,27.29999923706055,27.30850028991699,399500.0,0.0,0.0,
2016-06-24,28.26049995422363,28.74349975585938,28.02249908447266,28.20949935913086,2104500.0,0.0,0.0,
2016-06-27,28.26000022888184,28.60000038146973,28.26000022888184,28.50099945068359,724000.0,0.0,0.0,
2016-06-28,28.48450088500977,28.48450088500977,28.2495002746582,28.33650016784668,974000.0,0.0,0.0,
2016-06-29,28.36499977111816,28.5,28.26250076293945,28.31800079345703,913200.0,0.0,0.0,
2016-06-30,28.32950019836426,28.45000076293945,27.95050048828125,28.32850074768066,473700.0,0.0,0.0,
2016-07-01,28.42000007629395,28.64999961853027,28.42000007629395,28.50799942016602,921200.0,0.0,0.0,
2016-07-04,28.57799911499023,28.88400077819824,28.54500007629395,28.80949974060059,1283000.0,0.0,0.0,
2016-07-05,28.23299980163574,28.85950088500977,27.6569995880127,28.76399993896484,1044100.0,0.0,0.0,
2016-07-07,28.80100059509277,29.19949913024902,28.80100059509277,29.16250038146973,889100.0,0.0,0.0,
2016-07-08,28.95050048828125,29.07049942016602,28.80599975585938,28.85950088500977,493300.0,0.0,0.0,
2016-07-11,28.8700008392334,29.10000038146973,28.76099967956543,28.8794994354248,1356000.0,0.0,0.0,
2016-07-12,28.8700008392334,29.20000076293945,28.8129997253418,29.14599990844727,384200.0,0.0,0.0,
2016-07-13,28.8799991607666,28.95999908447266,28.69949913024902,28.9060001373291,545800.0,0.0,0.0,
2016-07-14,28.95000076293945,28.97450065612793,28.4325008392334,28.46750068664551,423900.0,0.0,0.0,
2016-07-15,28.62400054931641,28.67950057983398,28.41550064086914,28.50550079345703,380200.0,0.0,0.0,
2016-07-18,28.5,28.59499931335449,28.33799934387207,28.47550010681152,472000.0,0.0,0.0,
2016-07-19,28.58749961853027,28.64999961853027,28.40999984741211,28.53800010681152,1374500.0,0.0,0.0,
2016-07-20,28.53000068664551,28.6299991607666,28.4060001373291,28.47100067138672,695900.0,0.0,0.0,
2016-07-21,28.39949989318848,28.56999969482422,28.22200012207031,28.47500038146973,352200.0,0.0,0.0,
2016-07-22,28.5004997253418,28.6200008392334,28.37100028991699,28.45199966430664,345600.0,0.0,0.0,
2016-07-25,28.44000053405762,28.53899955749512,28.28750038146973,28.45050048828125,302100.0,0.0,0.0,
2016-07-26,28.39999961853027,28.60000038146973,28.39999961853027,28.55500030517578,463200.0,0.0,0.0,
2016-07-27,28.42550086975098,28.54999923706055,28.42000007629395,28.49600028991699,739100.0,0.0,0.0,
2016-07-28,28.61549949645996,28.80999946594238,28.61549949645996,28.64299964904785,426700.0,0.0,0.0,
2016-07-29,28.64299964904785,28.70000076293945,28.5,28.61949920654297,1356900.0,0.0,0.0,
2016-08-01,28.75,28.88800048828125,28.70249938964844,28.8125,149300.0,0.0,0.0,
2016-08-02,28.72550010681152,28.94449996948242,28.72550010681152,28.88750076293945,176800.0,0.0,0.0,
2016-08-03,28.95000076293945,29.16900062561035,28.89949989318848,29.14299964904785,916200.0,0.0,0.0,
2016-08-04,29.08749961853027,29.08749961853027,28.82049942016602,28.91349983215332,539700.0,0.0,0.0,
2016-08-05,28.95499992370605,29.10000038146973,28.95499992370605,29.00699996948242,620700.0,0.0,0.0,
2016-08-08,28.51049995422363,28.79999923706055,28.51049995422363,28.55100059509277,96100.0,0.0,0.0,
2016-08-09,28.79949951171875,28.79949951171875,28.52050018310547,28.64249992370605,551800.0,0.0,0.0,
2016-08-10,28.70050048828125,29.15999984741211,28.70050048828125,29.04000091552734,180600.0,0.0,0.0,
2016-08-11,28.9995002746582,29.20000076293945,28.81999969482422,29.12299919128418,206400.0,0.0,0.0,
2016-08-12,28.90099906921387,29.02000045776367,28.7549991607666,28.82699966430664,361700.0,0.0,0.0,
2016-08-16,29.0,29.19000053405762,28.76250076293945,29.10149955749512,842800.0,0.0,0.0,
2016-08-17,29.11000061035156,29.17650032043457,28.93000030517578,28.94599914550781,105500.0,0.0,0.0,
2016-08-18,29.0004997253418,29.17000007629395,28.9419994354248,28.95750045776367,128800.0,0.0,0.0,
2016-08-19,28.95750045776367,29.20000076293945,28.92600059509277,29.1609992980957,850900.0,0.0,0.0,
2016-08-22,29.10000038146973,29.10000038146973,28.8700008392334,29.06100082397461,347600.0,0.0,0.0,
2016-08-23,29.06949996948242,29.10000038146973,28.97999954223633,29.02949905395508,540900.0,0.0,0.0,
2016-08-24,28.94000053405762,29.1299991607666,28.94000053405762,29.04800033569336,497000.0,0.0,0.0,
2016-08-25,28.98749923706055,28.99799919128418,28.75,28.77149963378906,414500.0,0.0,0.0,
2016-08-26,28.77149963378906,28.88949966430664,28.71299934387207,28.78800010681152,68600.0,0.0,0.0,
2016-08-29,28.85000038146973,28.87750053405762,28.5629997253418,28.64150047302246,610100.0,0.0,0.0,
2016-08-30,28.67049980163574,28.79899978637695,28.65500068664551,28.7234992980957,170400.0,0.0,0.0,
2016-08-31,28.70000076293945,28.71999931335449,28.53949928283691,28.69799995422363,591200.0,0.0,0.0,
2016-09-01,28.64999961853027,28.64999961853027,28.3075008392334,28.41900062561035,367100.0,0.0,0.0,
2016-09-02,28.5,28.59950065612793,28.42200088500977,28.49650001525879,674100.0,0.0,0.0,
2016-09-06,28.60050010681152,28.86000061035156,28.52599906921387,28.77700042724609,531000.0,0.0,0.0,
2016-09-07,28.90999984741211,29.09900093078613,28.90099906921387,28.91749954223633,451900.0,0.0,0.0,
2016-09-08,29.07699966430664,29.07749938964844,28.86000061035156,28.93899917602539,747700.0,0.0,0.0,
2016-09-09,28.95499992370605,28.95499992370605,28.71649932861328,28.80450057983398,634400.0,0.0,0.0,
2016-09-12,28.79999923706055,28.94000053405762,28.71050071716309,28.83799934387207,255900.0,0.0,0.0,
2016-09-14,28.70999908447266,28.89999961853027,28.70999908447266,28.86750030517578,184600.0,0.0,0.0,
2016-09-15,28.76250076293945,28.88999938964844,28.70000076293945,28.73550033569336,455400.0,0.0,0.0,
2016-09-16,28.64999961853027,28.8799991607666,28.61199951171875,28.84550094604492,238100.0,0.0,0.0,
2016-09-19,28.84550094604492,28.97999954223633,28.7234992980957,28.90900039672852,450300.0,0.0,0.0,
2016-09-20,28.9995002746582,28.9995002746582,28.64999961853027,28.71199989318848,510600.0,0.0,0.0,
2016-09-21,28.70000076293945,28.89800071716309,28.68000030517578,28.85250091552734,167600.0,0.0,0.0,
2016-09-22,28.95000076293945,29.11650085449219,28.89999961853027,28.97150039672852,804700.0,0.0,0.0,
2016-09-23,28.96999931335449,29.09000015258789,28.91300010681152,29.0319995880127,668500.0,0.0,0.0,
2016-09-26,29.04999923706055,29.04999923706055,28.82250022888184,28.86599922180176,531100.0,0.0,0.0,
2016-09-27,28.86000061035156,28.9734992980957,28.75650024414062,28.92799949645996,457900.0,0.0,0.0,
2016-09-28,28.75,28.82850074768066,28.57649993896484,28.72550010681152,981000.0,0.0,0.0,
2016-09-29,28.66650009155273,29.08600044250488,28.66600036621094,28.94050025939941,896600.0,0.0,0.0,
2016-09-30,28.94050025939941,28.98600006103516,28.77199935913086,28.89399909973145,369500.0,0.0,0.0,
2016-10-03,28.85000038146973,28.8700008392334,28.61300086975098,28.70949935913086,256200.0,0.0,0.0,
2016-10-04,28.78000068664551,28.78000068664551,28.55150032043457,28.63750076293945,123600.0,0.0,0.0,
2016-10-05,28.44400024414062,28.44400024414062,27.89900016784668,27.92900085449219,882800.0,0.0,0.0,
2016-10-06,27.94949913024902,27.9995002746582,27.81999969482422,27.875,164700.0,0.0,0.0,
2016-10-07,27.8700008392334,27.8700008392334,27.46100044250488,27.51250076293945,462500.0,0.0,0.0,
2016-10-10,27.73999977111816,27.77499961853027,27.51000022888184,27.70599937438965,209800.0,0.0,0.0,
2016-10-13,27.85000038146973,27.85000038146973,27.65299987792969,27.79249954223633,157400.0,0.0,0.0,
2016-10-14,27.79949951171875,27.81999969482422,27.59950065612793,27.63400077819824,105300.0,0.0,0.0,
2016-10-17,27.70000076293945,27.74749946594238,27.32999992370605,27.36300086975098,535100.0,0.0,0.0,
2016-10-18,27.40399932861328,27.6200008392334,27.40399932861328,27.56049919128418,191200.0,0.0,0.0,
2016-10-19,27.54999923706055,27.77000045776367,27.45400047302246,27.71150016784668,294400.0,0.0,0.0,
2016-10-20,27.79999923706055,27.8174991607666,27.62249946594238,27.70999908447266,304700.0,0.0,0.0,
2016-10-21,27.70999908447266,27.77000045776367,27.60000038146973,27.7180004119873,259900.0,0.0,0.0,
2016-10-24,27.77000045776367,27.7805004119873,27.56999969482422,27.65349960327148,421200.0,0.0,0.0,
2016-10-25,27.64999961853027,27.77000045776367,27.52000045776367,27.67250061035156,793600.0,0.0,0.0,
2016-10-26,27.67000007629395,27.88999938964844,27.6560001373291,27.77400016784668,588800.0,0.0,0.0,
2016-10-27,27.75,27.84000015258789,27.55599975585938,27.79549980163574,320500.0,0.0,0.0,
2016-10-28,27.89999961853027,28.19000053405762,27.64999961853027,27.68149948120117,1073300.0,0.0,0.0,
2016-11-01,28.0,28.04999923706055,27.82099914550781,28.00399971008301,476800.0,0.0,0.0,
2016-11-02,28.01250076293945,28.36000061035156,28.01250076293945,28.27050018310547,391600.0,0.0,0.0,
2016-11-03,28.20050048828125,28.45000076293945,28.12199974060059,28.12899971008301,136800.0,0.0,0.0,
2016-11-04,28.15049934387207,28.45000076293945,28.14949989318848,28.30200004577637,805200.0,0.0,0.0,
2016-11-07,28.29500007629395,28.29500007629395,28.10000038146973,28.13899993896484,166800.0,0.0,0.0,
2016-11-08,28.10000038146973,28.20000076293945,28.04999923706055,28.09049987792969,90300.0,0.0,0.0,
2016-11-09,28.28499984741211,29.72299957275391,28.20000076293945,28.28400039672852,1389100.0,0.0,0.0,
2016-11-10,28.23999977111816,28.25,28.0,28.11899948120117,452600.0,0.0,0.0,
2016-11-11,27.98749923706055,27.98749923706055,27.67000007629395,27.69700050354004,160500.0,0.0,0.0,
2016-11-15,27.51000022888184,27.63500022888184,27.21999931335449,27.37649917602539,355500.0,0.0,0.0,
2016-11-16,27.64999961853027,27.64999961853027,27.26749992370605,27.30050086975098,131200.0,0.0,0.0,
2016-11-17,27.30050086975098,27.38800048828125,27.0310001373291,27.16349983215332,813100.0,0.0,0.0,
2016-11-18,26.9950008392334,26.9950008392334,26.71999931335449,26.76300048828125,722000.0,0.0,0.0,
2016-11-21,26.77000045776367,26.97999954223633,26.6200008392334,26.92399978637695,375000.0,0.0,0.0,
2016-11-22,26.89999961853027,27.1294994354248,26.85050010681152,27.00250053405762,61700.0,0.0,0.0,
2016-11-23,27.07950019836426,27.18600082397461,26.89999961853027,27.01399993896484,467300.0,0.0,0.0,
2016-11-24,26.85000038146973,26.85000038146973,26.52249908447266,26.72850036621094,397700.0,0.0,0.0,
2016-11-25,26.79000091552734,26.79999923706055,26.35199928283691,26.62150001525879,503800.0,0.0,0.0,
2016-11-28,26.97750091552734,26.97750091552734,26.67200088500977,26.74900054931641,58300.0,0.0,0.0,
2016-11-29,26.63050079345703,26.82950019836426,26.60000038146973,26.61949920654297,108300.0,0.0,0.0,
2016-11-30,26.64949989318848,26.7495002746582,26.48999977111816,26.4995002746582,290200.0,0.0,0.0,
2016-12-01,26.3484992980957,26.34950065612793,26.10000038146973,26.11800003051758,324300.0,0.0,0.0,
2016-12-02,26.14999961853027,26.23999977111816,26.02000045776367,26.03650093078613,299900.0,0.0,0.0,
2016-12-05,26.05550003051758,26.23999977111816,25.95000076293945,25.97299957275391,265300.0,0.0,0.0,
2016-12-06,26.0,26.09950065612793,25.92000007629395,25.94549942016602,70300.0,0.0,0.0,
2016-12-07,25.96500015258789,26.05649948120117,25.85000038146973,26.04050064086914,360600.0,0.0,0.0,
2016-12-08,26.0,26.03000068664551,25.90049934387207,25.93499946594238,296800.0,0.0,0.0,
2016-12-09,25.89999961853027,25.98999977111816,25.85000038146973,25.88699913024902,68200.0,0.0,0.0,
2016-12-12,25.87750053405762,25.87750053405762,25.70350074768066,25.74300003051758,257700.0,0.0,0.0,
2016-12-13,25.75,25.88999938964844,25.58200073242188,25.61450004577637,638800.0,0.0,0.0,
2016-12-14,25.6200008392334,25.73999977111816,25.60000038146973,25.68950080871582,85800.0,0.0,0.0,
2016-12-15,25.59000015258789,25.5939998626709,25.45649909973145,25.55999946594238,132500.0,0.0,0.0,
2016-12-16,25.5,25.72949981689453,25.39999961853027,25.54649925231934,143400.0,0.0,0.0,
2016-12-19,25.54649925231934,25.70000076293945,25.54649925231934,25.59550094604492,77300.0,0.0,0.0,
2016-12-20,25.52000045776367,25.97949981689453,25.52000045776367,25.84099960327148,85300.0,0.0,0.0,
2016-12-21,25.79949951171875,25.86800003051758,25.65049934387207,25.69750022888184,49200.0,0.0,0.0,
2016-12-22,25.70000076293945,25.98999977111816,25.68499946594238,25.84650039672852,71200.0,0.0,0.0,
2016-12-23,25.94000053405762,25.95050048828125,25.70000076293945,25.93449974060059,40500.0,0.0,0.0,
2016-12-26,25.89999961853027,26.24749946594238,25.79949951171875,25.96050071716309,95300.0,0.0,0.0,
2016-12-27,25.95999908447266,25.95999908447266,25.72500038146973,25.89699935913086,60800.0,0.0,0.0,
2016-12-28,26.01350021362305,26.01350021362305,25.7810001373291,25.87199974060059,59600.0,0.0,0.0,
2016-12-29,25.95000076293945,26.1299991607666,25.72999954223633,25.7450008392334,154000.0,0.0,0.0,
2016-12-30,25.76600074768066,25.99900054931641,25.5310001373291,25.61350059509277,494700.0,0.0,0.0,
2017-01-02,25.60000038146973,25.63999938964844,25.51199913024902,25.61249923706055,84200.0,0.0,0.0,
2017-01-03,25.64999961853027,25.73900032043457,25.58049964904785,25.61199951171875,106100.0,0.0,0.0,
2017-01-04,25.65999984741211,25.97999954223633,25.65999984741211,25.94499969482422,97400.0,0.0,0.0,
2017-01-05,26.0,26.07950019836426,25.90049934387207,26.03350067138672,218200.0,0.0,0.0,
2017-01-06,26.14699935913086,26.18000030517578,26.01499938964844,26.07850074768066,65100.0,0.0,0.0,
2017-01-09,26.10000038146973,26.22949981689453,26.10000038146973,26.20299911499023,104800.0,0.0,0.0,
2017-01-10,26.25,26.49699974060059,26.20299911499023,26.40299987792969,122900.0,0.0,0.0,
2017-01-11,26.40299987792969,26.63999938964844,26.39999961853027,26.63999938964844,68300.0,0.0,0.0,
2017-01-12,26.73950004577637,26.8799991607666,26.6245002746582,26.81150054931641,84000.0,0.0,0.0,
2017-01-13,26.79999923706055,26.85000038146973,26.47500038146973,26.55450057983398,310300.0,0.0,0.0,
2017-01-16,26.7495002746582,26.90049934387207,26.60050010681152,26.85350036621094,142200.0,0.0,0.0,
2017-01-17,26.95000076293945,27.0,26.81999969482422,26.95899963378906,70200.0,0.0,0.0,
2017-01-18,26.95899963378906,26.99850082397461,26.80100059509277,26.85600090026855,62300.0,0.0,0.0,
2017-01-19,26.89999961853027,26.89999961853027,26.69750022888184,26.73500061035156,375400.0,0.0,0.0,
2017-01-20,26.74300003051758,26.97800064086914,26.6870002746582,26.93849945068359,315200.0,0.0,0.0,
2017-01-23,26.95000076293945,27.04999923706055,26.81999969482422,26.83550071716309,82100.0,0.0,0.0,
2017-01-24,26.85000038146973,26.96999931335449,26.72699928283691,26.75250053405762,244600.0,0.0,0.0,
2017-01-25,26.73999977111816,26.89850044250488,26.53000068664551,26.63549995422363,754300.0,0.0,0.0,
2017-01-27,26.58499908447266,26.58499908447266,26.19050025939941,26.22050094604492,304200.0,0.0,0.0,
2017-01-30,26.25,26.57250022888184,26.25,26.53949928283691,809900.0,0.0,0.0,
2017-01-31,26.55050086975098,26.67950057983398,26.55050086975098,26.5580005645752,158400.0,0.0,0.0,
2017-02-01,26.5580005645752,26.81999969482422,26.50149917602539,26.72200012207031,292400.0,0.0,0.0,
2017-02-02,26.67000007629395,26.77000045776367,26.62599945068359,26.64999961853027,286700.0,0.0,0.0,
2017-02-03,26.64999961853027,26.70949935913086,26.51600074768066,26.60300064086914,223000.0,0.0,0.0,
2017-02-06,26.6200008392334,26.92000007629395,26.60499954223633,26.78549957275391,216000.0,0.0,0.0,
2017-02-07,26.80999946594238,27.05999946594238,26.80999946594238,26.96450042724609,102300.0,0.0,0.0,
2017-02-08,26.97400093078613,27.08399963378906,26.91300010681152,27.01300048828125,70500.0,0.0,0.0,
2017-02-09,27.01300048828125,27.20000076293945,26.81349945068359,27.15399932861328,698200.0,0.0,0.0,
2017-02-10,26.92099952697754,26.92099952697754,26.70999908447266,26.76799964904785,100300.0,0.0,0.0,
2017-02-13,26.80450057983398,26.98999977111816,26.80450057983398,26.8745002746582,101100.0,0.0,0.0,
2017-02-14,26.8705005645752,26.95949935913086,26.70499992370605,26.85000038146973,377300.0,0.0,0.0,
2017-02-15,26.79999923706055,26.87899971008301,26.73999977111816,26.80100059509277,59500.0,0.0,0.0,
2017-02-16,26.86100006103516,27.0,26.86050033569336,26.9064998626709,65100.0,0.0,0.0,
2017-02-17,26.91749954223633,27.15049934387207,26.80050086975098,27.1299991607666,637800.0,0.0,0.0,
2017-02-20,26.86650085449219,27.20000076293945,26.86050033569336,26.94750022888184,200000.0,0.0,0.0,
2017-02-21,26.95000076293945,27.03000068664551,26.75099945068359,26.79199981689453,326300.0,0.0,0.0,
2017-02-22,26.80999946594238,27.03800010681152,26.80999946594238,26.98399925231934,287100.0,0.0,0.0,
2017-02-23,26.90049934387207,27.03899955749512,26.82649993896484,26.84099960327148,609000.0,0.0,0.0,
2017-02-27,27.0,27.34000015258789,26.95050048828125,27.29100036621094,787000.0,0.0,0.0,
2017-02-28,27.11100006103516,27.31999969482422,27.11050033569336,27.24200057983398,216100.0,0.0,0.0,
2017-03-01,27.14999961853027,27.21999931335449,27.02000045776367,27.07399940490723,439700.0,0.0,0.0,
2017-03-02,27.06999969482422,27.18000030517578,27.00349998474121,27.0944995880127,430300.0,0.0,0.0,
2017-03-03,26.9995002746582,27.04999923706055,26.76650047302246,26.80299949645996,575400.0,0.0,0.0,
2017-03-06,26.80999946594238,26.9685001373291,26.80999946594238,26.88050079345703,216600.0,0.0,0.0,
2017-03-07,26.85499954223633,26.8799991607666,26.75,26.76650047302246,53100.0,0.0,0.0,
2017-03-08,26.75,26.75,26.39850044250488,26.4064998626709,466500.0,0.0,0.0,
2017-03-09,26.40999984741211,26.40999984741211,26.22100067138672,26.38750076293945,479900.0,0.0,0.0,
2017-03-10,26.37750053405762,26.37750053405762,26.14049911499023,26.15299987792969,174000.0,0.0,0.0,
2017-03-14,26.04999923706055,26.29000091552734,26.0265007019043,26.07250022888184,146200.0,0.0,0.0,
2017-03-15,25.9995002746582,26.05699920654297,25.89999961853027,25.92799949645996,130300.0,0.0,0.0,
2017-03-16,26.05999946594238,26.26950073242188,26.05999946594238,26.1830005645752,107600.0,0.0,0.0,
2017-03-17,26.20149993896484,26.2549991607666,26.10000038146973,26.21299934387207,1331400.0,0.0,0.0,
2017-03-20,26.22800064086914,26.33950042724609,26.11599922180176,26.17099952697754,1014600.0,0.0,0.0,
2017-03-21,26.19000053405762,26.19700050354004,26.02799987792969,26.14399909973145,397700.0,0.0,0.0,
2017-03-22,26.30999946594238,26.57900047302246,26.30999946594238,26.50149917602539,590300.0,0.0,0.0,
2017-03-23,26.45000076293945,26.57900047302246,26.40099906921387,26.4680004119873,675400.0,0.0,0.0,
2017-03-24,26.52000045776367,26.52000045776367,26.32049942016602,26.45750045776367,436600.0,0.0,0.0,
2017-03-27,27.25099945068359,27.25099945068359,26.51049995422363,26.57500076293945,513300.0,0.0,0.0,
2017-03-28,26.57999992370605,26.57999992370605,26.43600082397461,26.4694995880127,64600.0,0.0,0.0,
2017-03-29,26.46999931335449,26.46999931335449,26.35000038146973,26.38599967956543,106100.0,0.0,0.0,
2017-03-30,26.3799991607666,26.42000007629395,26.29999923706055,26.38899993896484,499800.0,0.0,0.0,
2017-03-31,26.29999923706055,26.29999923706055,26.18549919128418,26.21500015258789,2099900.0,0.0,0.0,
2017-04-03,26.39999961853027,26.39999961853027,26.22249984741211,26.29400062561035,174000.0,0.0,0.0,
2017-04-05,26.40049934387207,26.64850044250488,26.40049934387207,26.54199981689453,611800.0,0.0,0.0,
2017-04-06,26.54999923706055,26.60000038146973,26.40049934387207,26.52149963378906,394000.0,0.0,0.0,
2017-04-07,26.56999969482422,26.7495002746582,26.45100021362305,26.48500061035156,420100.0,0.0,0.0,
2017-04-10,26.51000022888184,26.51000022888184,26.31900024414062,26.32900047302246,106900.0,0.0,0.0,
2017-04-11,26.35099983215332,26.44949913024902,26.30100059509277,26.3435001373291,356900.0,0.0,0.0,
2017-04-12,26.55100059509277,26.88999938964844,26.55100059509277,26.83049964904785,504300.0,0.0,0.0,
2017-04-13,26.85000038146973,27.02000045776367,26.76099967956543,26.98399925231934,344700.0,0.0,0.0,
2017-04-17,27.0,27.11949920654297,26.90999984741211,27.09550094604492,229100.0,0.0,0.0,
2017-04-18,27.04599952697754,27.04999923706055,26.86100006103516,26.97400093078613,521000.0,0.0,0.0,
2017-04-19,26.92000007629395,27.04999923706055,26.80599975585938,26.85499954223633,836600.0,0.0,0.0,
2017-04-20,26.80999946594238,26.93899917602539,26.72999954223633,26.90749931335449,1017600.0,0.0,0.0,
2017-04-21,26.87199974060059,26.92000007629395,26.78300094604492,26.87849998474121,421500.0,0.0,0.0,
2017-04-24,26.8700008392334,26.8700008392334,26.64999961853027,26.66950035095215,164000.0,0.0,0.0,
2017-04-25,26.65999984741211,26.79800033569336,26.63649940490723,26.70899963378906,286400.0,0.0,0.0,
2017-04-26,26.67499923706055,26.67499923706055,26.4060001373291,26.50550079345703,113600.0,0.0,0.0,
2017-04-27,26.5,26.56949996948242,26.37249946594238,26.45599937438965,457000.0,0.0,0.0,
2017-04-28,26.69000053405762,26.70000076293945,26.47850036621094,26.56999969482422,545100.0,0.0,0.0,
2017-05-02,26.59950065612793,26.59950065612793,26.26049995422363,26.31450080871582,425000.0,0.0,0.0,
2017-05-03,26.31450080871582,26.38400077819824,26.2504997253418,26.27449989318848,117300.0,0.0,0.0,
2017-05-04,26.25,26.25,25.90049934387207,25.93549919128418,497100.0,0.0,0.0,
2017-05-05,25.94149971008301,26.08399963378906,25.84049987792969,26.05900001525879,348800.0,0.0,0.0,
2017-05-08,26.07999992370605,26.07999992370605,25.90349960327148,25.96150016784668,149500.0,0.0,0.0,
2017-05-09,25.96150016784668,26.07900047302246,25.73049926757812,25.76799964904785,753600.0,0.0,0.0,
2017-05-10,25.79000091552734,25.85899925231934,25.6879997253418,25.77949905395508,154800.0,0.0,0.0,
2017-05-11,25.77000045776367,25.84950065612793,25.63299942016602,25.69050025939941,223000.0,0.0,0.0,
2017-05-12,25.70000076293945,25.79899978637695,25.60000038146973,25.61849975585938,282900.0,0.0,0.0,
2017-05-15,25.64999961853027,25.75900077819824,25.64999961853027,25.68400001525879,120900.0,0.0,0.0,
2017-05-16,25.71050071716309,25.81949996948242,25.67099952697754,25.78499984741211,291200.0,0.0,0.0,
2017-05-17,25.80299949645996,25.97649955749512,25.77000045776367,25.96249961853027,1085000.0,0.0,0.0,
2017-05-18,26.15500068664551,26.48999977111816,26.15500068664551,26.42449951171875,428300.0,0.0,0.0,
2017-05-19,26.25,26.3799991607666,26.18050003051758,26.29050064086914,89700.0,0.0,0.0,
2017-05-22,26.3799991607666,26.3799991607666,26.22249984741211,26.30850028991699,190300.0,0.0,0.0,
2017-05-23,26.35000038146973,26.59000015258789,26.33799934387207,26.49699974060059,333000.0,0.0,0.0,
2017-05-24,26.46999931335449,26.46999931335449,26.24850082397461,26.28949928283691,82100.0,0.0,0.0,
2017-05-25,26.32200050354004,26.42449951171875,26.20249938964844,26.22500038146973,92000.0,0.0,0.0,
2017-05-26,26.25099945068359,26.5,26.2504997253418,26.47100067138672,2244500.0,0.0,0.0,
2017-05-29,26.36499977111816,26.52000045776367,26.32999992370605,26.35099983215332,327800.0,0.0,0.0,
2017-05-30,26.37100028991699,26.61949920654297,26.32049942016602,26.46199989318848,569300.0,0.0,0.0,
2017-05-31,26.30050086975098,26.60050010681152,26.30050086975098,26.58399963378906,248500.0,0.0,0.0,
2017-06-01,26.57999992370605,26.59499931335449,26.41250038146973,26.44750022888184,69700.0,0.0,0.0,
2017-06-02,26.33049964904785,26.39999961853027,26.25,26.35250091552734,348300.0,0.0,0.0,
2017-06-05,26.46500015258789,26.79999923706055,26.45999908447266,26.7194995880127,329200.0,0.0,0.0,
2017-06-06,26.70050048828125,27.0,26.70050048828125,26.85050010681152,405400.0,0.0,0.0,
2017-06-07,26.96999931335449,27.03249931335449,26.84000015258789,26.93350028991699,420100.0,0.0,0.0,
2017-06-08,26.79999923706055,26.92499923706055,26.66250038146973,26.84550094604492,421400.0,0.0,0.0,
2017-06-09,26.69949913024902,26.69949913024902,26.41250038146973,26.49399948120117,337900.0,0.0,0.0,
2017-06-12,26.47999954223633,26.69000053405762,26.35400009155273,26.64500045776367,470400.0,0.0,0.0,
2017-06-13,26.64500045776367,26.64500045776367,26.38349914550781,26.45849990844727,655700.0,0.0,0.0,
2017-06-14,26.47900009155273,26.5984992980957,26.42099952697754,26.46299934387207,256300.0,0.0,0.0,
2017-06-15,26.44000053405762,26.54999923706055,26.30999946594238,26.49399948120117,121000.0,0.0,0.0,
2017-06-16,26.4995002746582,26.4995002746582,26.24250030517578,26.26350021362305,319400.0,0.0,0.0,
2017-06-19,26.27000045776367,26.32950019836426,26.125,26.29549980163574,196500.0,0.0,0.0,
2017-06-20,26.29999923706055,26.29999923706055,26.12700080871582,26.15500068664551,81200.0,0.0,0.0,
2017-06-21,26.20000076293945,26.44000053405762,26.15999984741211,26.3700008392334,193100.0,0.0,0.0,
2017-06-22,26.32500076293945,26.39999961853027,26.25,26.39249992370605,169100.0,0.0,0.0,
2017-06-23,26.32500076293945,26.35000038146973,26.26000022888184,26.3125,135800.0,0.0,0.0,
2017-06-27,26.25,26.3799991607666,26.14999961853027,26.25600051879883,197700.0,0.0,0.0,
2017-06-28,26.25550079345703,26.40099906921387,26.13150024414062,26.15099906921387,431600.0,0.0,0.0,
2017-06-29,26.14999961853027,26.18899917602539,25.92000007629395,25.99449920654297,220700.0,0.0,0.0,
2017-06-30,26.1200008392334,26.16900062561035,25.92149925231934,25.9689998626709,279500.0,0.0,0.0,
2017-07-03,25.97500038146973,25.9995002746582,25.8799991607666,25.89599990844727,171800.0,0.0,0.0,
2017-07-04,25.875,26.07999992370605,25.63500022888184,26.04350090026855,1406000.0,0.0,0.0,
2017-07-05,25.96999931335449,25.9955005645752,25.85099983215332,25.91600036621094,65900.0,0.0,0.0,
2017-07-06,25.9995002746582,25.9995002746582,25.77249908447266,25.81049919128418,126900.0,0.0,0.0,
2017-07-07,25.85000038146973,25.88999938964844,25.60000038146973,25.62150001525879,385300.0,0.0,0.0,
2017-07-10,25.70000076293945,25.70000076293945,25.36000061035156,25.48450088500977,116600.0,0.0,0.0,
2017-07-11,25.45000076293945,25.79999923706055,25.4060001373291,25.45999908447266,148300.0,0.0,0.0,
2017-07-12,25.5004997253418,25.75,25.5,25.69899940490723,131600.0,0.0,0.0,
2017-07-13,26.0,26.0,25.53249931335449,25.57999992370605,396300.0,0.0,0.0,
2017-07-14,25.57999992370605,25.59900093078613,25.45199966430664,25.54599952697754,461900.0,0.0,0.0,
2017-07-17,25.60099983215332,25.79899978637695,25.53499984741211,25.72299957275391,158900.0,0.0,0.0,
2017-07-18,25.76000022888184,25.92950057983398,25.76000022888184,25.8794994354248,316400.0,0.0,0.0,
2017-07-19,25.8129997253418,25.89999961853027,25.80599975585938,25.83049964904785,97400.0,0.0,0.0,
2017-07-20,25.83049964904785,26.03000068664551,25.70000076293945,26.00550079345703,305200.0,0.0,0.0,
2017-07-21,26.0,26.10000038146973,25.92049980163574,26.03499984741211,212500.0,0.0,0.0,
2017-07-24,26.10000038146973,26.27000045776367,26.0625,26.18449974060059,179500.0,0.0,0.0,
2017-07-25,26.17900085449219,26.25,25.98999977111816,25.9995002746582,182900.0,0.0,0.0,
2017-07-26,25.98999977111816,26.04999923706055,25.85050010681152,25.98999977111816,397500.0,0.0,0.0,
2017-07-27,26.11000061035156,26.29750061035156,26.01799964904785,26.11549949645996,121800.0,0.0,0.0,
2017-07-28,26.04899978637695,26.15900039672852,25.89999961853027,25.91449928283691,367900.0,0.0,0.0,
2017-07-31,26.0004997253418,26.15999984741211,25.91600036621094,25.9424991607666,307200.0,0.0,0.0,
2017-08-01,25.96050071716309,26.09900093078613,25.94000053405762,25.99650001525879,517200.0,0.0,0.0,
2017-08-02,26.0,26.10000038146973,25.91399955749512,26.06349945068359,665100.0,0.0,0.0,
2017-08-03,26.0,26.29999923706055,25.87400054931641,26.18350028991699,487400.0,0.0,0.0,
2017-08-04,26.01799964904785,26.39999961853027,25.94000053405762,26.37249946594238,360400.0,0.0,0.0,
2017-08-07,26.29899978637695,26.29949951171875,26.02099990844727,26.13649940490723,91900.0,0.0,0.0,
2017-08-08,26.14999961853027,26.2495002746582,26.14599990844727,26.14900016784668,91600.0,0.0,0.0,
2017-08-09,26.20000076293945,26.33950042724609,26.10000038146973,26.13100051879883,314700.0,0.0,0.0,
2017-08-10,26.21999931335449,26.45000076293945,26.21999931335449,26.31949996948242,481200.0,0.0,0.0,
2017-08-11,26.3754997253418,26.64399909973145,26.3754997253418,26.57200050354004,427500.0,0.0,0.0,
2017-08-14,26.57200050354004,26.66600036621094,26.32649993896484,26.43549919128418,377400.0,0.0,0.0,
2017-08-16,26.39999961853027,26.64999961853027,26.20100021362305,26.20899963378906,133800.0,0.0,0.0,
2017-08-17,26.26499938964844,26.54999923706055,26.26499938964844,26.50749969482422,119200.0,0.0,0.0,
2017-08-18,26.3700008392334,26.70999908447266,26.3700008392334,26.62150001525879,287000.0,0.0,0.0,
2017-08-21,26.58699989318848,26.58699989318848,26.37400054931641,26.42399978637695,244500.0,0.0,0.0,
2017-08-22,26.95199966430664,27.0,26.22500038146973,26.25650024414062,377500.0,0.0,0.0,
2017-08-23,26.20050048828125,26.44400024414062,26.1515007019043,26.41850090026855,663800.0,0.0,0.0,
2017-08-24,26.39999961853027,26.45949935913086,26.32299995422363,26.3794994354248,273100.0,0.0,0.0,
2017-08-28,26.3794994354248,26.77000045776367,26.3794994354248,26.70599937438965,677000.0,0.0,0.0,
2017-08-29,26.85499954223633,27.23999977111816,26.85499954223633,27.21999931335449,1147600.0,0.0,0.0,
2017-08-30,27.18499946594238,27.18499946594238,26.86199951171875,27.13400077819824,628100.0,0.0,0.0,
2017-08-31,27.0,27.1299991607666,26.94949913024902,27.05450057983398,178000.0,0.0,0.0,
2017-09-01,27.15500068664551,27.29999923706055,27.1299991607666,27.28000068664551,367900.0,0.0,0.0,
2017-09-04,27.40049934387207,27.69899940490723,27.30999946594238,27.55599975585938,359800.0,0.0,0.0,
2017-09-05,27.51300048828125,27.66550064086914,27.40250015258789,27.47900009155273,831600.0,0.0,0.0,
2017-09-06,27.53400039672852,27.85000038146973,27.51300048828125,27.81599998474121,661500.0,0.0,0.0,
2017-09-07,27.7549991607666,27.7549991607666,27.5,27.61149978637695,737900.0,0.0,0.0,
2017-09-08,27.61000061035156,27.94400024414062,27.61000061035156,27.9069995880127,375700.0,0.0,0.0,
2017-09-11,27.79000091552734,27.79000091552734,27.45050048828125,27.59000015258789,177800.0,0.0,0.0,
2017-09-12,27.39999961853027,27.44949913024902,27.27599906921387,27.39249992370605,506500.0,0.0,0.0,
2017-09-13,27.45649909973145,27.64999961853027,27.41799926757812,27.61499977111816,1054900.0,0.0,0.0,
2017-09-14,27.58499908447266,27.58499908447266,27.30200004577637,27.3430004119873,634300.0,0.0,0.0,
2017-09-15,27.40099906921387,27.58950042724609,27.37400054931641,27.41500091552734,179700.0,0.0,0.0,
2017-09-18,27.39999961853027,27.39999961853027,27.17250061035156,27.23349952697754,398000.0,0.0,0.0,
2017-09-19,27.20000076293945,27.8799991607666,27.04000091552734,27.36599922180176,1166800.0,0.0,0.0,
2017-09-20,27.29999923706055,27.39900016784668,27.20999908447266,27.30550003051758,364200.0,0.0,0.0,
2017-09-21,27.23399925231934,27.2495002746582,27.01000022888184,27.10799980163574,738300.0,0.0,0.0,
2017-09-22,27.20000076293945,27.34900093078613,27.10000038146973,27.14999961853027,313400.0,0.0,0.0,
2017-09-25,27.10000038146973,27.21599960327148,27.02199935913086,27.19799995422363,190600.0,0.0,0.0,
2017-09-26,27.40999984741211,27.64999961853027,27.40999984741211,27.55299949645996,814900.0,0.0,0.0,
2017-09-27,27.48999977111816,27.49900054931641,27.33099937438965,27.46500015258789,282700.0,0.0,0.0,
2017-09-28,27.32500076293945,27.32500076293945,27.10300064086914,27.13299942016602,288100.0,0.0,0.0,
2017-09-29,27.1299991607666,27.23950004577637,27.06500053405762,27.10750007629395,251100.0,0.0,0.0,
2017-10-03,27.10000038146973,27.29999923706055,26.99699974060059,27.04299926757812,160200.0,0.0,0.0,
2017-10-04,27.02400016784668,27.13850021362305,26.95000076293945,26.96100044250488,294200.0,0.0,0.0,
2017-10-05,26.96100044250488,27.01950073242188,26.85000038146973,26.91049957275391,80900.0,0.0,0.0,
2017-10-06,26.88999938964844,26.9950008392334,26.78000068664551,26.93449974060059,276500.0,0.0,0.0,
2017-10-09,27.11050033569336,27.74300003051758,27.05999946594238,27.2234992980957,475200.0,0.0,0.0,
2017-10-10,27.1924991607666,27.29999923706055,27.17000007629395,27.22699928283691,306100.0,0.0,0.0,
2017-10-11,27.22999954223633,27.28400039672852,27.15999984741211,27.27199935913086,183800.0,0.0,0.0,
2017-10-12,27.20000076293945,27.44400024414062,27.20000076293945,27.29850006103516,433100.0,0.0,0.0,
2017-10-13,27.29999923706055,27.38949966430664,27.15999984741211,27.17900085449219,302300.0,0.0,0.0,
2017-10-16,27.23999977111816,27.43000030517578,27.18499946594238,27.40049934387207,927400.0,0.0,0.0,
2017-10-17,27.39999961853027,27.42900085449219,27.16200065612793,27.24900054931641,665900.0,0.0,0.0,
2017-10-18,27.37700080871582,27.37700080871582,26.97599983215332,26.9995002746582,262800.0,0.0,0.0,
2017-10-19,27.0,27.29000091552734,26.80999946594238,27.14999961853027,144700.0,0.0,0.0,
2017-10-23,27.14500045776367,27.14500045776367,26.90999984741211,26.9325008392334,127900.0,0.0,0.0,
2017-10-24,27.0,27.07950019836426,26.88249969482422,26.95800018310547,779700.0,0.0,0.0,
2017-10-25,26.94949913024902,26.96649932861328,26.81049919128418,26.88450050354004,240100.0,0.0,0.0,
2017-10-26,26.85000038146973,26.94949913024902,26.72050094604492,26.73550033569336,591700.0,0.0,0.0,
2017-10-27,26.75,26.93499946594238,26.60499954223633,26.71249961853027,423700.0,0.0,0.0,
2017-10-30,26.71999931335449,26.81949996948242,26.625,26.67749977111816,485000.0,0.0,0.0,
2017-10-31,26.70100021362305,26.85000038146973,26.63999938964844,26.79249954223633,1885900.0,0.0,0.0,
2017-11-01,26.7765007019043,26.82999992370605,26.58049964904785,26.79150009155273,513500.0,0.0,0.0,
2017-11-02,26.79000091552734,26.79949951171875,26.61599922180176,26.65200042724609,263400.0,0.0,0.0,
2017-11-03,26.68099975585938,26.73850059509277,26.63100051879883,26.69300079345703,442700.0,0.0,0.0,
2017-11-06,26.68000030517578,26.68000030517578,26.52599906921387,26.57649993896484,121400.0,0.0,0.0,
2017-11-07,26.6200008392334,26.87899971008301,26.57999992370605,26.84550094604492,1989900.0,0.0,0.0,
2017-11-08,26.84550094604492,26.93149948120117,26.75,26.87199974060059,712000.0,0.0,0.0,
2017-11-09,26.8700008392334,26.96999931335449,26.82649993896484,26.96699905395508,515400.0,0.0,0.0,
2017-11-10,26.89999961853027,27.08749961853027,26.89999961853027,27.01250076293945,284700.0,0.0,0.0,
2017-11-13,26.99900054931641,27.09000015258789,26.89999961853027,26.99799919128418,408600.0,0.0,0.0,
2017-11-14,26.95899963378906,27.04000091552734,26.81599998474121,26.92499923706055,721300.0,0.0,0.0,
2017-11-15,26.9685001373291,27.05050086975098,26.95000076293945,26.97699928283691,174800.0,0.0,0.0,
2017-11-16,26.83499908447266,26.95999908447266,26.76250076293945,26.78350067138672,84400.0,0.0,0.0,
2017-11-17,26.81800079345703,26.97999954223633,26.70000076293945,26.89200019836426,731100.0,0.0,0.0,
2017-11-20,26.95000076293945,27.13999938964844,26.90099906921387,27.10250091552734,246500.0,0.0,0.0,
2017-11-21,27.05500030517578,27.05500030517578,26.82550048828125,26.91749954223633,595100.0,0.0,0.0,
2017-11-22,26.85050010681152,26.9689998626709,26.8125,26.88050079345703,365100.0,0.0,0.0,
2017-11-23,26.92499923706055,27.05999946594238,26.86499977111816,26.90200042724609,456900.0,0.0,0.0,
2017-11-24,27.20000076293945,27.25,26.90049934387207,26.92550086975098,394400.0,0.0,0.0,
2017-11-27,26.90049934387207,27.03000068664551,26.86899948120117,26.95400047302246,325700.0,0.0,0.0,
2017-11-28,26.95000076293945,26.99600028991699,26.8700008392334,26.94400024414062,590100.0,0.0,0.0,
2017-11-29,26.94400024414062,26.96999931335449,26.8700008392334,26.88400077819824,199900.0,0.0,0.0,
2017-11-30,26.85000038146973,26.85000038146973,26.67000007629395,26.74650001525879,398600.0,0.0,0.0,
2017-12-01,26.68499946594238,26.72999954223633,26.60050010681152,26.65200042724609,309600.0,0.0,0.0,
2017-12-04,26.65200042724609,26.79999923706055,26.55999946594238,26.60350036621094,238900.0,0.0,0.0,
2017-12-05,26.61000061035156,26.64949989318848,26.52249908447266,26.55150032043457,530600.0,0.0,0.0,
2017-12-06,26.52499961853027,26.52499961853027,26.3700008392334,26.37299919128418,96300.0,0.0,0.0,
2017-12-07,26.39949989318848,26.39949989318848,26.18099975585938,26.23999977111816,306500.0,0.0,0.0,
2017-12-08,26.21999931335449,26.21999931335449,25.95499992370605,25.98399925231934,286500.0,0.0,0.0,
2017-12-11,25.98399925231934,26.13949966430664,25.92499923706055,25.96750068664551,340600.0,0.0,0.0,
2017-12-12,25.95499992370605,26.02750015258789,25.85250091552734,25.86949920654297,259600.0,0.0,0.0,
2017-12-13,25.8700008392334,25.95100021362305,25.76000022888184,25.93099975585938,577300.0,0.0,0.0,
2017-12-14,25.95999908447266,26.15999984741211,25.95999908447266,26.05249977111816,127700.0,0.0,0.0,
2017-12-15,26.1245002746582,26.1245002746582,25.92650032043457,26.08550071716309,337600.0,0.0,0.0,
2017-12-18,26.10000038146973,26.10000038146973,25.98299980163574,26.00650024414062,132200.0,0.0,0.0,
2017-12-19,26.15999984741211,26.20000076293945,26.05050086975098,26.07850074768066,325900.0,0.0,0.0,
2017-12-20,26.06999969482422,26.18899917602539,26.04100036621094,26.10700035095215,605500.0,0.0,0.0,
2017-12-21,26.25,26.30999946594238,26.08099937438965,26.24349975585938,576000.0,0.0,0.0,
2017-12-22,26.23999977111816,26.24749946594238,26.10300064086914,26.14850044250488,253100.0,0.0,0.0,
2017-12-26,26.15999984741211,26.48900032043457,26.15999984741211,26.36800003051758,670500.0,0.0,0.0,
2017-12-27,26.3700008392334,26.62849998474121,26.31100082397461,26.59950065612793,708100.0,0.0,0.0,
2017-12-28,26.59000015258789,26.82999992370605,26.57799911499023,26.82299995422363,509100.0,0.0,0.0,
2017-12-29,26.85000038146973,26.85000038146973,26.55599975585938,26.62700080871582,506200.0,0.0,0.0,
2018-01-01,26.66799926757812,26.8390007019043,26.63500022888184,26.81649971008301,239600.0,0.0,0.0,
2018-01-02,26.81999969482422,26.96999931335449,26.77300071716309,26.95249938964844,1199900.0,0.0,0.0,
2018-01-03,26.87100028991699,26.95949935913086,26.87100028991699,26.88850021362305,131600.0,0.0,0.0,
2018-01-04,26.88500022888184,26.88500022888184,26.68950080871582,26.82399940490723,718000.0,0.0,0.0,
2018-01-05,26.87199974060059,26.95000076293945,26.83250045776367,26.90500068664551,321000.0,0.0,0.0,
2018-01-08,26.90999984741211,26.95999908447266,26.82649993896484,26.9375,367500.0,0.0,0.0,
2018-01-09,26.9375,27.04899978637695,26.86149978637695,26.96599960327148,1046500.0,0.0,0.0,
2018-01-10,26.8700008392334,27.0,26.82049942016602,26.98450088500977,585600.0,0.0,0.0,
2018-01-11,27.00799942016602,27.07999992370605,26.96150016784668,27.0305004119873,151400.0,0.0,0.0,
2018-01-12,27.04000091552734,27.27000045776367,27.04000091552734,27.23200035095215,1183000.0,0.0,0.0,
2018-01-15,27.25,27.44700050354004,27.14500045776367,27.37150001525879,583900.0,0.0,0.0,
2018-01-16,27.3700008392334,27.51000022888184,27.31999969482422,27.47750091552734,1418600.0,0.0,0.0,
2018-01-17,27.47750091552734,27.54949951171875,27.42000007629395,27.52499961853027,253400.0,0.0,0.0,
2018-01-18,27.21050071716309,27.39999961853027,27.17200088500977,27.1870002746582,440200.0,0.0,0.0,
2018-01-19,27.18000030517578,27.39949989318848,27.18000030517578,27.38349914550781,1095000.0,0.0,0.0,
2018-01-22,27.39999961853027,27.39999961853027,27.2504997253418,27.33749961853027,407100.0,0.0,0.0,
2018-01-23,27.33799934387207,27.86000061035156,27.32999992370605,27.5930004119873,1162600.0,0.0,0.0,
2018-01-24,27.50099945068359,27.59900093078613,27.45050048828125,27.54899978637695,665500.0,0.0,0.0,
2018-01-25,27.65049934387207,27.88400077819824,27.61000061035156,27.75950050354004,690000.0,0.0,0.0,
2018-01-29,27.68000030517578,27.68000030517578,27.47100067138672,27.54450035095215,505600.0,0.0,0.0,
2018-01-30,27.40999984741211,27.54000091552734,27.30500030517578,27.50300025939941,929000.0,0.0,0.0,
2018-01-31,27.5,27.56999969482422,27.35600090026855,27.42300033569336,447000.0,0.0,0.0,
2018-02-01,27.54500007629395,27.59900093078613,27.30299949645996,27.54850006103516,438300.0,0.0,0.0,
2018-02-02,27.61000061035156,27.86899948120117,27.55599975585938,27.69149971008301,3036600.0,0.0,0.0,
2018-02-05,27.60000038146973,27.78300094604492,27.42350006103516,27.65399932861328,709600.0,0.0,0.0,
2018-02-06,27.80999946594238,27.89900016784668,27.70499992370605,27.83950042724609,1081500.0,0.0,0.0,
2018-02-07,27.78499984741211,27.78499984741211,27.47999954223633,27.53949928283691,691600.0,0.0,0.0,
2018-02-08,27.48500061035156,27.49749946594238,27.13100051879883,27.21599960327148,607500.0,0.0,0.0,
2018-02-09,27.2504997253418,27.4995002746582,27.2504997253418,27.31100082397461,667900.0,0.0,0.0,
2018-02-12,27.35000038146973,27.52400016784668,27.35000038146973,27.43549919128418,771500.0,0.0,0.0,
2018-02-14,27.5004997253418,27.88999938964844,27.5004997253418,27.60000038146973,1018500.0,0.0,0.0,
2018-02-15,27.78800010681152,27.96999931335449,27.7504997253418,27.9370002746582,695200.0,0.0,0.0,
2018-02-16,27.82999992370605,28.14999961853027,27.82999992370605,28.11050033569336,519400.0,0.0,0.0,
2018-02-19,28.0,28.10000038146973,27.90049934387207,28.03949928283691,829800.0,0.0,0.0,
2018-02-20,28.0,28.0,27.83349990844727,27.96100044250488,190300.0,0.0,0.0,
2018-02-21,27.72500038146973,27.93899917602539,27.70050048828125,27.83349990844727,704100.0,0.0,0.0,
2018-02-22,27.83799934387207,27.8700008392334,27.66650009155273,27.7140007019043,155100.0,0.0,0.0,
2018-02-23,27.7450008392334,27.83950042724609,27.71549987792969,27.73100090026855,276500.0,0.0,0.0,
2018-02-26,27.90049934387207,27.95949935913086,27.75099945068359,27.87849998474121,203400.0,0.0,0.0,
2018-02-27,27.85000038146973,27.89949989318848,27.7504997253418,27.84099960327148,332700.0,0.0,0.0,
2018-02-28,27.79700088500977,27.79700088500977,27.58049964904785,27.7140007019043,372900.0,0.0,0.0,
2018-03-01,27.69949913024902,27.69949913024902,27.53000068664551,27.55699920654297,365300.0,0.0,0.0,
2018-03-05,27.65049934387207,27.88949966430664,27.625,27.86549949645996,291800.0,0.0,0.0,
2018-03-06,27.7504997253418,27.8075008392334,27.64100074768066,27.70450019836426,168600.0,0.0,0.0,
2018-03-07,27.80050086975098,27.94000053405762,27.80050086975098,27.86149978637695,162300.0,0.0,0.0,
2018-03-08,27.84049987792969,27.84049987792969,27.6825008392334,27.74150085449219,834800.0,0.0,0.0,
2018-03-09,27.69949913024902,27.69949913024902,27.59000015258789,27.64900016784668,183700.0,0.0,0.0,
2018-03-12,27.60000038146973,27.72450065612793,27.55050086975098,27.57900047302246,348700.0,0.0,0.0,
2018-03-13,27.64999961853027,27.64999961853027,27.53000068664551,27.58499908447266,893100.0,0.0,0.0,
2018-03-14,27.6515007019043,27.78899955749512,27.60499954223633,27.66250038146973,759600.0,0.0,0.0,
2018-03-15,27.67650032043457,27.74449920654297,27.55649948120117,27.58300018310547,121100.0,0.0,0.0,
2018-03-16,27.57900047302246,27.58300018310547,27.45249938964844,27.52000045776367,78400.0,0.0,0.0,
2018-03-19,27.52000045776367,27.55999946594238,27.32600021362305,27.54249954223633,1236500.0,0.0,0.0,
2018-03-20,27.55050086975098,27.64699935913086,27.54000091552734,27.59799957275391,735900.0,0.0,0.0,
2018-03-21,27.58699989318848,27.61700057983398,27.48250007629395,27.57500076293945,120100.0,0.0,0.0,
2018-03-22,27.64999961853027,27.87700080871582,27.64999961853027,27.82250022888184,813600.0,0.0,0.0,
2018-03-23,27.90999984741211,28.03000068664551,27.85000038146973,27.95499992370605,377500.0,0.0,0.0,
2018-03-26,27.95999908447266,28.04000091552734,27.90999984741211,28.01350021362305,905100.0,0.0,0.0,
2018-03-27,28.02300071716309,28.09000015258789,27.9680004119873,27.99150085449219,451600.0,0.0,0.0,
2018-03-28,27.98950004577637,28.0,27.81100082397461,27.91850090026855,339500.0,0.0,0.0,
2018-04-02,27.84950065612793,27.98500061035156,27.75300025939941,27.85549926757812,125000.0,0.0,0.0,
2018-04-03,27.92499923706055,28.05999946594238,27.88500022888184,28.01899909973145,156900.0,0.0,0.0,
2018-04-04,27.98950004577637,28.1299991607666,27.87150001525879,28.09700012207031,622700.0,0.0,0.0,
2018-04-05,28.0,28.0,27.76000022888184,27.77449989318848,100800.0,0.0,0.0,
2018-04-06,27.79050064086914,27.85000038146973,27.67000007629395,27.69050025939941,129000.0,0.0,0.0,
2018-04-09,27.71349906921387,27.93000030517578,27.71349906921387,27.78350067138672,1236600.0,0.0,0.0,
2018-04-10,27.79999923706055,27.96050071716309,27.79999923706055,27.93099975585938,2024100.0,0.0,0.0,
2018-04-11,28.10000038146973,28.21999931335449,27.96599960327148,28.20249938964844,489400.0,0.0,0.0,
2018-04-12,28.26049995422363,28.42000007629395,28.26000022888184,28.29750061035156,564800.0,0.0,0.0,
2018-04-13,28.10549926757812,28.2495002746582,28.01199913024902,28.10750007629395,298600.0,0.0,0.0,
2018-04-16,28.14599990844727,28.38999938964844,28.07500076293945,28.3484992980957,474200.0,0.0,0.0,
2018-04-17,28.36000061035156,28.45000076293945,28.20149993896484,28.35000038146973,227600.0,0.0,0.0,
2018-04-18,30.0,30.0,28.39999961853027,28.55949974060059,737500.0,0.0,0.0,
2018-04-19,28.86000061035156,29.32299995422363,28.46100044250488,28.48649978637695,451700.0,0.0,0.0,
2018-04-20,28.54949951171875,28.54949951171875,28.42149925231934,28.47900009155273,481900.0,0.0,0.0,
2018-04-23,28.43350028991699,28.5,28.33799934387207,28.46299934387207,605200.0,0.0,0.0,
2018-04-24,28.39999961853027,28.45999908447266,28.29949951171875,28.38349914550781,1007000.0,0.0,0.0,
2018-04-25,28.39999961853027,28.51799964904785,28.36000061035156,28.50099945068359,343600.0,0.0,0.0,
2018-04-26,28.4995002746582,28.53000068664551,28.43050003051758,28.51199913024902,91800.0,0.0,0.0,
2018-04-27,28.45000076293945,29.0575008392334,28.27050018310547,28.32850074768066,836500.0,0.0,0.0,
2018-04-30,28.33600044250488,28.42600059509277,28.16749954223633,28.21199989318848,100800.0,0.0,0.0,
2018-05-02,28.19949913024902,28.25,28.06649971008301,28.1924991607666,470500.0,0.0,0.0,
2018-05-03,28.125,28.18000030517578,28.0,28.0944995880127,766600.0,0.0,0.0,
2018-05-04,28.11000061035156,28.28949928283691,28.11000061035156,28.2140007019043,175200.0,0.0,0.0,
2018-05-07,28.29999923706055,28.46999931335449,28.25650024414062,28.38050079345703,359100.0,0.0,0.0,
2018-05-08,28.3700008392334,28.44899940490723,28.27199935913086,28.28350067138672,117900.0,0.0,0.0,
2018-05-09,28.35000038146973,28.44000053405762,28.32550048828125,28.35000038146973,115200.0,0.0,0.0,
2018-05-10,28.35000038146973,28.64999961853027,28.35000038146973,28.42950057983398,486900.0,0.0,0.0,
2018-05-11,28.56999969482422,28.6299991607666,28.4424991607666,28.59650039672852,282300.0,0.0,0.0,
2018-05-14,28.58950042724609,28.60000038146973,28.48049926757812,28.55299949645996,383200.0,0.0,0.0,
2018-05-15,28.46150016784668,28.54999923706055,28.41349983215332,28.53899955749512,455100.0,0.0,0.0,
2018-05-16,28.44700050354004,28.44700050354004,28.10650062561035,28.13450050354004,35200.0,0.0,0.0,
2018-05-17,28.10000038146973,28.1919994354248,28.02099990844727,28.1205005645752,282100.0,0.0,0.0,
2018-05-18,28.20000076293945,28.29800033569336,28.07099914550781,28.08550071716309,381400.0,0.0,0.0,
2018-05-21,28.09600067138672,28.24799919128418,28.01000022888184,28.09900093078613,262200.0,0.0,0.0,
2018-05-22,28.20000076293945,28.29000091552734,28.07099914550781,28.23800086975098,447200.0,0.0,0.0,
2018-05-23,28.27400016784668,28.4694995880127,28.18499946594238,28.38050079345703,420200.0,0.0,0.0,
2018-05-24,28.44000053405762,28.44000053405762,28.30150032043457,28.33600044250488,244900.0,0.0,0.0,
2018-05-25,28.3799991607666,28.5,28.21199989318848,28.26199913024902,280700.0,0.0,0.0,
2018-05-28,28.19949913024902,28.19949913024902,27.97249984741211,28.02599906921387,213700.0,0.0,0.0,
2018-05-29,28.19000053405762,28.43000030517578,28.04999923706055,28.3439998626709,920200.0,0.0,0.0,
2018-05-30,28.29949951171875,28.29949951171875,28.1299991607666,28.14049911499023,102500.0,0.0,0.0,
2018-05-31,28.15500068664551,28.29999923706055,28.07049942016602,28.23200035095215,340700.0,0.0,0.0,
2018-06-01,28.15999984741211,28.17950057983398,28.02599906921387,28.08349990844727,116400.0,0.0,0.0,
2018-06-04,28.0,28.06500053405762,27.81999969482422,27.89450073242188,364200.0,0.0,0.0,
2018-06-05,27.8799991607666,27.98699951171875,27.8120002746582,27.90349960327148,173900.0,0.0,0.0,
2018-06-06,28.0,28.0,27.82999992370605,27.85849952697754,131200.0,0.0,0.0,
2018-06-07,27.86000061035156,27.98950004577637,27.86000061035156,27.94650077819824,104400.0,0.0,0.0,
2018-06-08,28.14949989318848,28.19899940490723,28.0004997253418,28.17849922180176,552700.0,0.0,0.0,
2018-06-11,28.16950035095215,28.31949996948242,28.00099945068359,28.04750061035156,93300.0,0.0,0.0,
2018-06-12,28.05500030517578,28.0575008392334,27.95000076293945,28.0004997253418,376400.0,0.0,0.0,
2018-06-13,27.97550010681152,28.07500076293945,27.86050033569336,28.03949928283691,3036200.0,0.0,0.0,
2018-06-14,28.01099967956543,28.20000076293945,28.01099967956543,28.18099975585938,391800.0,0.0,0.0,
2018-06-15,28.20000076293945,28.28800010681152,28.12599945068359,28.15999984741211,73900.0,0.0,0.0,
2018-06-18,28.08499908447266,28.08499908447266,27.79899978637695,27.92449951171875,160000.0,0.0,0.0,
2018-06-19,27.89999961853027,28.04949951171875,27.88349914550781,27.9955005645752,417900.0,0.0,0.0,
2018-06-20,27.94799995422363,27.94799995422363,27.73299980163574,27.80249977111816,1170900.0,0.0,0.0,
2018-06-21,27.71999931335449,27.78800010681152,27.55999946594238,27.61700057983398,425900.0,0.0,0.0,
2018-06-22,27.55999946594238,27.72999954223633,27.5004997253418,27.69350051879883,275700.0,0.0,0.0,
2018-06-25,27.6200008392334,27.84000015258789,27.57449913024902,27.76700019836426,43200.0,0.0,0.0,
2018-06-26,27.77499961853027,27.77499961853027,27.56049919128418,27.60750007629395,40100.0,0.0,0.0,
2018-06-27,27.60750007629395,27.77549934387207,27.58200073242188,27.70050048828125,95100.0,0.0,0.0,
2018-06-28,27.83600044250488,27.83600044250488,27.61249923706055,27.63500022888184,102600.0,0.0,0.0,
2018-06-29,27.60000038146973,27.60000038146973,27.3705005645752,27.45100021362305,337800.0,0.0,0.0,
2018-07-02,27.3705005645752,27.57999992370605,27.3705005645752,27.5319995880127,276900.0,0.0,0.0,
2018-07-03,27.49650001525879,27.53949928283691,27.35000038146973,27.45100021362305,518300.0,0.0,0.0,
2018-07-04,27.5305004119873,27.73900032043457,27.53000068664551,27.6569995880127,155700.0,0.0,0.0,
2018-07-05,27.64699935913086,27.82950019836426,27.56900024414062,27.72949981689453,1364000.0,0.0,0.0,
2018-07-06,27.67300033569336,27.75,27.66049957275391,27.66799926757812,64500.0,0.0,0.0,
2018-07-09,27.71999931335449,27.83950042724609,27.65299987792969,27.82449913024902,187500.0,0.0,0.0,
2018-07-10,27.82449913024902,27.82950019836426,27.6200008392334,27.65049934387207,127000.0,0.0,0.0,
2018-07-11,27.54000091552734,27.69000053405762,27.51549911499023,27.63949966430664,400000.0,0.0,0.0,
2018-07-12,27.4109992980957,27.55949974060059,27.34000015258789,27.46299934387207,152900.0,0.0,0.0,
2018-07-13,27.32500076293945,27.39999961853027,27.25099945068359,27.26849937438965,235900.0,0.0,0.0,
2018-07-16,27.27000045776367,27.63249969482422,27.26849937438965,27.3794994354248,143000.0,0.0,0.0,
2018-07-17,27.35000038146973,27.36000061035156,27.16600036621094,27.32600021362305,152000.0,0.0,0.0,
2018-07-18,27.0,27.20050048828125,26.82999992370605,26.87299919128418,405400.0,0.0,0.0,
2018-07-19,27.0,27.10000038146973,26.95299911499023,27.03450012207031,183400.0,0.0,0.0,
2018-07-20,27.0,27.20000076293945,26.95599937438965,26.99099922180176,238800.0,0.0,0.0,
2018-07-23,27.04999923706055,27.25,27.04999923706055,27.11350059509277,85000.0,0.0,0.0,
2018-07-24,27.20000076293945,27.20000076293945,26.96599960327148,27.12249946594238,784200.0,0.0,0.0,
2018-07-25,27.06100082397461,27.26650047302246,27.06100082397461,27.20400047302246,401700.0,0.0,0.0,
2018-07-26,27.20999908447266,27.20999908447266,26.69000053405762,26.79549980163574,4398500.0,0.0,0.0,
2018-07-27,26.79999923706055,27.0004997253418,26.77700042724609,26.94949913024902,716600.0,0.0,0.0,
2018-07-30,26.94949913024902,26.99900054931641,26.88050079345703,26.88299942016602,135000.0,0.0,0.0,
2018-07-31,26.96649932861328,26.96649932861328,26.80100059509277,26.89399909973145,1223100.0,0.0,0.0,
2018-08-01,26.97999954223633,26.97999954223633,26.85050010681152,26.86249923706055,180400.0,0.0,0.0,
2018-08-02,26.85499954223633,26.86199951171875,26.70000076293945,26.8430004119873,775200.0,0.0,0.0,
2018-08-03,26.51300048828125,26.79800033569336,26.51000022888184,26.66049957275391,358600.0,0.0,0.0,
2018-08-06,26.79999923706055,26.90999984741211,26.70050048828125,26.72299957275391,200800.0,0.0,0.0,
2018-08-07,26.70000076293945,26.79949951171875,26.66600036621094,26.74900054931641,385300.0,0.0,0.0,
2018-08-08,26.7194995880127,26.79000091552734,26.66799926757812,26.77000045776367,648100.0,0.0,0.0,
2018-08-09,26.77000045776367,26.77000045776367,26.6560001373291,26.68899917602539,71600.0,0.0,0.0,
2018-08-10,26.70299911499023,26.88999938964844,26.63050079345703,26.71150016784668,218200.0,0.0,0.0,
2018-08-13,26.72500038146973,26.93000030517578,26.72500038146973,26.85250091552734,395900.0,0.0,0.0,
2018-08-14,26.82999992370605,26.82999992370605,26.66200065612793,26.7185001373291,136000.0,0.0,0.0,
2018-08-16,26.54999923706055,26.64999961853027,26.44000053405762,26.60700035095215,334400.0,0.0,0.0,
2018-08-17,26.61000061035156,26.61000061035156,26.4109992980957,26.48999977111816,155800.0,0.0,0.0,
2018-08-20,26.5,26.64949989318848,26.42350006103516,26.59950065612793,241600.0,0.0,0.0,
2018-08-21,26.61300086975098,26.73900032043457,26.61300086975098,26.66850090026855,283800.0,0.0,0.0,
2018-08-23,26.70100021362305,26.84000015258789,26.70100021362305,26.74150085449219,155600.0,0.0,0.0,
2018-08-24,26.70350074768066,26.83950042724609,26.6609992980957,26.82399940490723,349800.0,0.0,0.0,
2018-08-27,26.90349960327148,27.12299919128418,26.90049934387207,27.06049919128418,152800.0,0.0,0.0,
2018-08-28,27.10050010681152,27.34950065612793,27.06999969482422,27.29999923706055,545900.0,0.0,0.0,
2018-08-29,27.10050010681152,27.26849937438965,27.06100082397461,27.2194995880127,102500.0,0.0,0.0,
2018-08-30,27.25,27.35000038146973,27.25,27.28300094604492,60500.0,0.0,0.0,
2018-08-31,27.29999923706055,27.48749923706055,27.29999923706055,27.44099998474121,134800.0,0.0,0.0,
2018-09-03,27.39999961853027,27.39999961853027,27.20549964904785,27.29700088500977,368300.0,0.0,0.0,
2018-09-04,27.31100082397461,27.39999961853027,27.26000022888184,27.36800003051758,109900.0,0.0,0.0,
2018-09-05,27.35499954223633,27.5,27.25300025939941,27.42700004577637,75000.0,0.0,0.0,
2018-09-06,27.43549919128418,27.67200088500977,27.43549919128418,27.64999961853027,132500.0,0.0,0.0,
2018-09-07,27.65999984741211,27.65999984741211,27.50200080871582,27.52700042724609,69100.0,0.0,0.0,
2018-09-10,27.53000068664551,27.79649925231934,27.42099952697754,27.6245002746582,133500.0,0.0,0.0,
2018-09-11,27.79700088500977,27.79700088500977,27.60050010681152,27.68400001525879,444000.0,0.0,0.0,
2018-09-12,27.68000030517578,27.81949996948242,27.5,27.54949951171875,584100.0,0.0,0.0,
2018-09-14,27.54500007629395,27.64949989318848,27.50149917602539,27.57900047302246,194800.0,0.0,0.0,
2018-09-17,27.60050010681152,27.73950004577637,27.60000038146973,27.67749977111816,144100.0,0.0,0.0,
2018-09-18,27.69000053405762,27.86000061035156,27.66049957275391,27.83550071716309,380800.0,0.0,0.0,
2018-09-19,27.85950088500977,27.93000030517578,27.75349998474121,27.87750053405762,518700.0,0.0,0.0,
2018-09-21,27.79500007629395,27.87700080871582,27.60000038146973,27.79800033569336,371300.0,0.0,0.0,
2018-09-24,27.77449989318848,27.84950065612793,27.5669994354248,27.78700065612793,326900.0,0.0,0.0,
2018-09-25,27.78000068664551,27.89999961853027,27.75,27.75699996948242,276400.0,0.0,0.0,
2018-09-26,27.76000022888184,27.84049987792969,27.67300033569336,27.68849945068359,64000.0,0.0,0.0,
2018-09-27,27.69000053405762,27.73999977111816,27.61149978637695,27.63150024414062,221700.0,0.0,0.0,
2018-09-28,27.45999908447266,27.45999908447266,27.2805004119873,27.32200050354004,182800.0,0.0,0.0,
2018-10-01,27.45000076293945,27.60000038146973,27.32200050354004,27.48200035095215,296000.0,0.0,0.0,
2018-10-03,27.7504997253418,28.10000038146973,27.65049934387207,28.02899932861328,769800.0,0.0,0.0,
2018-10-04,28.01300048828125,28.09950065612793,27.93600082397461,27.99300003051758,371600.0,0.0,0.0,
2018-10-05,27.99300003051758,28.2495002746582,27.90399932861328,28.19050025939941,439700.0,0.0,0.0,
2018-10-08,28.0004997253418,28.23999977111816,27.90049934387207,28.20199966430664,334000.0,0.0,0.0,
2018-10-09,27.80050086975098,28.14699935913086,27.80050086975098,28.1200008392334,222000.0,0.0,0.0,
2018-10-10,28.03499984741211,28.1200008392334,28.0,28.05100059509277,315900.0,0.0,0.0,
2018-10-11,28.10050010681152,28.4379997253418,28.10000038146973,28.3129997253418,329800.0,0.0,0.0,
2018-10-12,28.25,28.70000076293945,28.25,28.62299919128418,495500.0,0.0,0.0,
2018-10-15,28.6200008392334,28.89999961853027,28.61000061035156,28.87249946594238,214200.0,0.0,0.0,
2018-10-16,28.86499977111816,28.88999938964844,28.60000038146973,28.6515007019043,397000.0,0.0,0.0,
2018-10-17,28.59950065612793,28.64949989318848,28.47500038146973,28.58600044250488,118300.0,0.0,0.0,
2018-10-19,28.60099983215332,28.79999923706055,28.54999923706055,28.60449981689453,130600.0,0.0,0.0,
2018-10-22,28.60000038146973,28.74900054931641,28.52499961853027,28.57200050354004,132500.0,0.0,0.0,
2018-10-23,28.56999969482422,28.92000007629395,28.56999969482422,28.88400077819824,193000.0,0.0,0.0,
2018-10-24,28.85000038146973,28.85000038146973,28.61599922180176,28.63549995422363,118300.0,0.0,0.0,
2018-10-25,28.66500091552734,28.89900016784668,28.56999969482422,28.6830005645752,120000.0,0.0,0.0,
2018-10-26,28.6299991607666,28.75950050354004,28.6299991607666,28.70599937438965,209500.0,0.0,0.0,
2018-10-29,28.70599937438965,28.74099922180176,28.53000068664551,28.5620002746582,448500.0,0.0,0.0,
2018-10-30,28.56450080871582,28.72999954223633,28.51399993896484,28.70100021362305,429500.0,0.0,0.0,
2018-10-31,28.6879997253418,28.75,28.54999923706055,28.6294994354248,158300.0,0.0,0.0,
2018-11-01,28.61899948120117,28.74900054931641,28.57999992370605,28.65200042724609,339100.0,0.0,0.0,
2018-11-02,28.65200042724609,28.69949913024902,28.45999908447266,28.52849960327148,70600.0,0.0,0.0,
2018-11-05,28.53499984741211,28.79999923706055,28.5,28.75600051879883,495600.0,0.0,0.0,
2018-11-06,28.76000022888184,28.76000022888184,28.51300048828125,28.64999961853027,177300.0,0.0,0.0,
2018-11-07,28.64999961853027,28.8700008392334,28.55599975585938,28.625,97900.0,0.0,0.0,
2018-11-09,28.49749946594238,28.57749938964844,28.27099990844727,28.31450080871582,58900.0,0.0,0.0,
2018-11-12,28.28499984741211,28.28499984741211,28.06599998474121,28.14800071716309,417300.0,0.0,0.0,
2018-11-13,28.01049995422363,28.1200008392334,28.01049995422363,28.05699920654297,108900.0,0.0,0.0,
2018-11-14,27.98900032043457,28.01899909973145,27.75,27.81599998474121,394900.0,0.0,0.0,
2018-11-15,27.82500076293945,28.10000038146973,27.82500076293945,27.93400001525879,305700.0,0.0,0.0,
2018-11-16,27.8700008392334,28.0,27.81649971008301,27.82250022888184,163100.0,0.0,0.0,
2018-11-19,27.95000076293945,28.04949951171875,27.88999938964844,27.9375,78800.0,0.0,0.0,
2018-11-20,27.90999984741211,27.95000076293945,27.76000022888184,27.89949989318848,209100.0,0.0,0.0,
2018-11-21,27.88899993896484,27.88899993896484,27.77549934387207,27.8430004119873,63900.0,0.0,0.0,
2018-11-22,27.84000015258789,27.8799991607666,27.66600036621094,27.79599952697754,159800.0,0.0,0.0,
2018-11-26,27.64999961853027,27.79999923706055,27.55100059509277,27.77750015258789,271200.0,0.0,0.0,
2018-11-27,27.64999961853027,27.74699974060059,27.6200008392334,27.63999938964844,52300.0,0.0,0.0,
2018-11-28,27.63999938964844,27.64999961853027,27.43000030517578,27.47850036621094,50100.0,0.0,0.0,
2018-11-29,27.48500061035156,27.55949974060059,27.31150054931641,27.41850090026855,39300.0,0.0,0.0,
2018-11-30,27.39999961853027,27.47450065612793,27.21050071716309,27.28800010681152,229100.0,0.0,0.0,
2018-12-03,27.30999946594238,27.66799926757812,27.30999946594238,27.61499977111816,191000.0,0.0,0.0,
2018-12-04,27.6299991607666,27.96999931335449,27.6299991607666,27.96050071716309,390300.0,0.0,0.0,
2018-12-05,27.94949913024902,27.98950004577637,27.76700019836426,27.78700065612793,306500.0,0.0,0.0,
2018-12-06,27.94000053405762,28.18000030517578,27.86149978637695,28.02899932861328,82800.0,0.0,0.0,
2018-12-07,28.0,28.02849960327148,27.86000061035156,27.9419994354248,217700.0,0.0,0.0,
2018-12-10,28.20050048828125,28.47999954223633,28.15500068664551,28.38800048828125,158100.0,0.0,0.0,
2018-12-11,28.56500053405762,28.77449989318848,28.50099945068359,28.56399917602539,350800.0,0.0,0.0,
2018-12-12,28.56500053405762,28.60000038146973,28.41049957275391,28.45199966430664,394600.0,0.0,0.0,
2018-12-13,28.47050094604492,28.47050094604492,28.27050018310547,28.37750053405762,372600.0,0.0,0.0,
2018-12-14,28.39999961853027,28.5,28.25099945068359,28.41049957275391,214200.0,0.0,0.0,
2018-12-17,28.22500038146973,28.39949989318848,28.20999908447266,28.33749961853027,101700.0,0.0,0.0,
2018-12-18,28.36499977111816,28.40049934387207,28.10600090026855,28.1294994354248,109600.0,0.0,0.0,
2018-12-19,28.10000038146973,28.10000038146973,27.92000007629395,28.01600074768066,57200.0,0.0,0.0,
2018-12-20,28.09950065612793,28.09950065612793,27.91699981689453,28.00849914550781,25700.0,0.0,0.0,
2018-12-21,28.01499938964844,28.28000068664551,28.01350021362305,28.12199974060059,263900.0,0.0,0.0,
2018-12-24,28.13999938964844,28.33950042724609,28.06999969482422,28.11800003051758,373600.0,0.0,0.0,
2018-12-26,28.20050048828125,28.44499969482422,28.20050048828125,28.40500068664551,224200.0,0.0,0.0,
2018-12-27,28.35000038146973,28.47800064086914,28.30550003051758,28.4325008392334,124300.0,0.0,0.0,
2018-12-28,28.4325008392334,28.51000022888184,28.38549995422363,28.46100044250488,518800.0,0.0,0.0,
2018-12-31,28.45999908447266,28.55949974060059,28.30200004577637,28.44549942016602,324000.0,0.0,0.0,
2019-01-01,28.43950080871582,28.5,28.36549949645996,28.42749977111816,61400.0,0.0,0.0,
2019-01-02,28.3799991607666,28.59900093078613,28.35549926757812,28.57500076293945,71600.0,0.0,0.0,
2019-01-03,28.56999969482422,28.92000007629395,28.56999969482422,28.8075008392334,476000.0,0.0,0.0,
2019-01-04,28.79999923706055,28.90950012207031,28.70050048828125,28.72949981689453,206300.0,0.0,0.0,
2019-01-07,28.68499946594238,28.7194995880127,28.47999954223633,28.69099998474121,415700.0,0.0,0.0,
2019-01-08,28.63999938964844,28.67449951171875,28.55550003051758,28.58699989318848,88800.0,0.0,0.0,
2019-01-09,28.59499931335449,28.80999946594238,28.58600044250488,28.79199981689453,146000.0,0.0,0.0,
2019-01-10,28.90999984741211,29.09900093078613,28.90999984741211,29.07349967956543,556100.0,0.0,0.0,
2019-01-11,28.91399955749512,28.98950004577637,28.9064998626709,28.95499992370605,259900.0,0.0,0.0,
2019-01-14,28.95499992370605,29.14999961853027,28.90999984741211,29.11300086975098,335700.0,0.0,0.0,
2019-01-15,29.15999984741211,29.15999984741211,29.02400016784668,29.11300086975098,492800.0,0.0,0.0,
2019-01-16,29.06500053405762,29.23900032043457,29.04050064086914,29.2234992980957,332200.0,0.0,0.0,
2019-01-17,29.21999931335449,29.30999946594238,29.21999931335449,29.25950050354004,274900.0,0.0,0.0,
2019-01-18,29.17000007629395,29.27000045776367,29.07649993896484,29.10400009155273,200300.0,0.0,0.0,
2019-01-21,29.11000061035156,29.12299919128418,28.96599960327148,29.02499961853027,444600.0,0.0,0.0,
2019-01-22,28.8705005645752,29.20000076293945,28.8705005645752,29.15850067138672,528900.0,0.0,0.0,
2019-01-23,29.10050010681152,29.17950057983398,29.10050010681152,29.1205005645752,241300.0,0.0,0.0,
2019-01-24,29.20000076293945,29.20000076293945,28.97050094604492,29.02199935913086,24500.0,0.0,0.0,
2019-01-25,29.01000022888184,29.1299991607666,29.01000022888184,29.10000038146973,336600.0,0.0,0.0,
2019-01-28,29.2504997253418,29.60000038146973,29.2504997253418,29.51149940490723,197600.0,0.0,0.0,
2019-01-29,29.51000022888184,29.64999961853027,29.5004997253418,29.59950065612793,227800.0,0.0,0.0,
2019-01-30,29.68499946594238,29.84950065612793,29.60050010681152,29.62199974060059,329300.0,0.0,0.0,
2019-01-31,29.60050010681152,29.79999923706055,29.60050010681152,29.71999931335449,203700.0,0.0,0.0,
2019-02-01,29.70100021362305,29.97999954223633,29.6299991607666,29.96249961853027,572400.0,0.0,0.0,
2019-02-04,29.96249961853027,30.0,29.85000038146973,29.91600036621094,524300.0,0.0,0.0,
2019-02-05,29.9330005645752,30.04000091552734,29.92049980163574,29.98900032043457,532900.0,0.0,0.0,
2019-02-06,29.96999931335449,30.10000038146973,29.86599922180176,29.97999954223633,345400.0,0.0,0.0,
2019-02-07,29.89999961853027,29.95000076293945,29.65999984741211,29.70750045776367,121400.0,0.0,0.0,
2019-02-08,29.64999961853027,29.77000045776367,29.56049919128418,29.59149932861328,161100.0,0.0,0.0,
2019-02-11,29.63500022888184,29.75,29.55999946594238,29.58650016784668,116900.0,0.0,0.0,
2019-02-12,29.46500015258789,29.67000007629395,29.46500015258789,29.62100028991699,484800.0,0.0,0.0,
2019-02-14,29.46500015258789,29.63999938964844,29.46500015258789,29.57900047302246,72400.0,0.0,0.0,
2019-02-15,29.65500068664551,29.89999961853027,29.65500068664551,29.86700057983398,116800.0,0.0,0.0,
2019-02-18,29.95050048828125,30.14949989318848,29.95050048828125,30.07299995422363,242000.0,0.0,0.0,
2019-02-19,30.06599998474121,30.18000030517578,30.04949951171875,30.17300033569336,169400.0,0.0,0.0,
2019-02-20,30.28499984741211,30.39999961853027,30.25,30.37849998474121,313000.0,0.0,0.0,
2019-02-21,30.29999923706055,30.33499908447266,30.10849952697754,30.17600059509277,187300.0,0.0,0.0,
2019-02-22,30.1299991607666,30.14500045776367,30.01000022888184,30.08600044250488,60900.0,0.0,0.0,
2019-02-25,30.38999938964844,30.38999938964844,29.9055004119873,29.95649909973145,304700.0,0.0,0.0,
2019-02-26,29.95999908447266,30.23999977111816,29.95999908447266,30.14049911499023,185100.0,0.0,0.0,
2019-02-27,30.02249908447266,30.29949951171875,29.94400024414062,30.02599906921387,219700.0,0.0,0.0,
2019-02-28,29.9995002746582,29.9995002746582,29.79999923706055,29.92049980163574,52200.0,0.0,0.0,
2019-03-01,29.79949951171875,29.79949951171875,29.42099952697754,29.44050025939941,221000.0,0.0,0.0,
2019-03-05,29.2495002746582,29.2495002746582,28.92600059509277,29.01849937438965,169800.0,0.0,0.0,
2019-03-06,29.01899909973145,29.09700012207031,28.90500068664551,28.99650001525879,227300.0,0.0,0.0,
2019-03-07,28.93000030517578,28.93000030517578,28.72550010681152,28.75650024414062,107000.0,0.0,0.0,
2019-03-08,28.76499938964844,28.98999977111816,28.76499938964844,28.91049957275391,105600.0,0.0,0.0,
2019-03-11,28.92499923706055,29.0890007019043,28.85149955749512,28.91550064086914,75500.0,0.0,0.0,
2019-03-12,28.89999961853027,28.89999961853027,28.72999954223633,28.78849983215332,118000.0,0.0,0.0,
2019-03-13,28.89999961853027,29.06900024414062,28.89999961853027,29.00699996948242,299000.0,0.0,0.0,
2019-03-14,29.0,29.04949951171875,28.73500061035156,28.86949920654297,460100.0,0.0,0.0,
2019-03-15,28.82999992370605,28.94350051879883,28.62199974060059,28.89049911499023,60200.0,0.0,0.0,
2019-03-18,28.88500022888184,28.88500022888184,28.5,28.51499938964844,156900.0,0.0,0.0,
2019-03-19,28.51600074768066,28.78400039672852,28.5,28.75200080871582,76700.0,0.0,0.0,
2019-03-20,28.75,28.81999969482422,28.55050086975098,28.55999946594238,67000.0,0.0,0.0,
2019-03-22,28.60000038146973,28.87899971008301,28.5,28.84950065612793,174500.0,0.0,0.0,
2019-03-25,29.0,29.04000091552734,28.82250022888184,28.85350036621094,57100.0,0.0,0.0,
2019-03-26,28.85000038146973,28.97999954223633,28.80050086975098,28.83349990844727,80700.0,0.0,0.0,
2019-03-27,28.78249931335449,28.94799995422363,28.76000022888184,28.79649925231934,60500.0,0.0,0.0,
2019-03-28,28.81500053405762,28.8439998626709,28.71999931335449,28.72999954223633,61500.0,0.0,0.0,
2019-04-01,28.60000038146973,28.64649963378906,28.43050003051758,28.46999931335449,184500.0,0.0,0.0,
2019-04-02,28.45000076293945,28.46999931335449,28.3799991607666,28.40250015258789,59200.0,0.0,0.0,
2019-04-03,28.46999931335449,28.49650001525879,28.3125,28.36700057983398,106300.0,0.0,0.0,
2019-04-04,28.39900016784668,28.47699928283691,28.30249977111816,28.39599990844727,198700.0,0.0,0.0,
2019-04-05,28.3799991607666,28.53700065612793,28.35099983215332,28.41049957275391,142500.0,0.0,0.0,
2019-04-08,28.45499992370605,28.77000045776367,28.45499992370605,28.70000076293945,131700.0,0.0,0.0,
2019-04-09,28.8799991607666,28.8799991607666,28.67149925231934,28.72299957275391,136200.0,0.0,0.0,
2019-04-10,28.70000076293945,28.76000022888184,28.625,28.69799995422363,65800.0,0.0,0.0,
2019-04-11,28.6609992980957,28.73999977111816,28.60549926757812,28.65299987792969,78100.0,0.0,0.0,
2019-04-12,28.6299991607666,28.6299991607666,28.45000076293945,28.54999923706055,21900.0,0.0,0.0,
2019-04-15,28.4995002746582,28.4995002746582,28.33250045776367,28.43849945068359,60100.0,0.0,0.0,
2019-04-16,28.5,28.5,28.39999961853027,28.44549942016602,84500.0,0.0,0.0,
2019-04-18,28.38500022888184,28.40800094604492,28.25,28.30050086975098,103400.0,0.0,0.0,
2019-04-22,28.35499954223633,28.48950004577637,28.32500076293945,28.36700057983398,226700.0,0.0,0.0,
2019-04-23,28.41500091552734,28.45999908447266,28.32099914550781,28.40850067138672,96400.0,0.0,0.0,
2019-04-24,28.38999938964844,28.40850067138672,28.27199935913086,28.37400054931641,163000.0,0.0,0.0,
2019-04-25,28.41150093078613,28.67700004577637,28.40999984741211,28.58699989318848,67200.0,0.0,0.0,
2019-04-26,28.55050086975098,28.7189998626709,28.54999923706055,28.57250022888184,77700.0,0.0,0.0,
2019-04-30,28.56999969482422,28.70000076293945,28.5,28.69099998474121,311700.0,0.0,0.0,
2019-05-02,28.60000038146973,28.78000068664551,28.20199966430664,28.24300003051758,357200.0,0.0,0.0,
2019-05-03,28.33499908447266,28.38899993896484,28.15299987792969,28.31500053405762,124400.0,0.0,0.0,
2019-05-06,28.42499923706055,28.53899955749512,28.38500022888184,28.49799919128418,110100.0,0.0,0.0,
2019-05-07,28.49799919128418,28.81999969482422,28.49799919128418,28.78000068664551,436100.0,0.0,0.0,
2019-05-08,28.80299949645996,28.88500022888184,28.52050018310547,28.74049949645996,204800.0,0.0,0.0,
2019-05-09,28.70000076293945,28.84000015258789,28.60099983215332,28.80349922180176,50200.0,0.0,0.0,
2019-05-10,28.84000015258789,28.93000030517578,28.62150001525879,28.66500091552734,138900.0,0.0,0.0,
2019-05-13,28.68050003051758,28.84900093078613,28.68050003051758,28.70100021362305,97500.0,0.0,0.0,
2019-05-14,28.92000007629395,29.39999961853027,28.92000007629395,29.32900047302246,247500.0,0.0,0.0,
2019-05-15,29.24900054931641,29.34950065612793,29.05050086975098,29.22800064086914,2328700.0,0.0,0.0,
2019-05-16,34.34000015258789,34.34000015258789,28.93099975585938,29.05550003051758,206700.0,0.0,0.0,
2019-05-17,29.19899940490723,29.19899940490723,28.72999954223633,28.76449966430664,203700.0,0.0,0.0,
2019-05-20,28.54999923706055,28.59000015258789,28.32500076293945,28.42200088500977,114100.0,0.0,0.0,
2019-05-21,28.39999961853027,28.58799934387207,28.35799980163574,28.47100067138672,107500.0,0.0,0.0,
2019-05-22,28.39999961853027,28.49850082397461,28.31999969482422,28.36750030517578,246700.0,0.0,0.0,
2019-05-23,28.35000038146973,28.5,28.2805004119873,28.42449951171875,267100.0,0.0,0.0,
2019-05-24,28.5004997253418,28.6294994354248,28.5,28.50149917602539,169200.0,0.0,0.0,
2019-05-27,28.5,28.6200008392334,28.45499992370605,28.51049995422363,203300.0,0.0,0.0,
2019-05-28,28.46549987792969,28.60000038146973,28.46500015258789,28.53000068664551,60900.0,0.0,0.0,
2019-05-29,28.53000068664551,28.6870002746582,28.51300048828125,28.59499931335449,277000.0,0.0,0.0,
2019-05-30,28.52000045776367,28.57749938964844,28.35600090026855,28.4330005645752,245700.0,0.0,0.0,
2019-05-31,28.56649971008301,28.89599990844727,28.55999946594238,28.80699920654297,215100.0,0.0,0.0,
2019-06-03,28.89999961853027,29.06999969482422,28.80999946594238,28.97599983215332,186600.0,0.0,0.0,
2019-06-04,29.02350044250488,29.20999908447266,29.01049995422363,29.07850074768066,463200.0,0.0,0.0,
2019-06-06,29.125,29.35000038146973,29.11000061035156,29.25849914550781,174500.0,0.0,0.0,
2019-06-07,29.18099975585938,29.56999969482422,29.18000030517578,29.33600044250488,261800.0,0.0,0.0,
2019-06-10,29.29949951171875,29.32999992370605,29.13050079345703,29.18050003051758,344700.0,0.0,0.0,
2019-06-11,29.18050003051758,29.24900054931641,28.94599914550781,28.96599960327148,168000.0,0.0,0.0,
2019-06-12,29.09000015258789,29.36000061035156,29.09000015258789,29.33250045776367,196000.0,0.0,0.0,
2019-06-13,29.29999923706055,29.32999992370605,29.20100021362305,29.26749992370605,56400.0,0.0,0.0,
2019-06-14,29.30500030517578,29.73800086975098,29.30500030517578,29.71050071716309,405800.0,0.0,0.0,
2019-06-17,29.70999908447266,29.70999908447266,29.42250061035156,29.57250022888184,1093600.0,0.0,0.0,
2019-06-18,29.54999923706055,29.85000038146973,29.51000022888184,29.59499931335449,197900.0,0.0,0.0,
2019-06-19,29.44050025939941,29.64999961853027,29.44000053405762,29.62299919128418,110800.0,0.0,0.0,
2019-06-20,29.88500022888184,30.25,29.88500022888184,30.18650054931641,299000.0,0.0,0.0,
2019-06-21,30.4109992980957,30.70000076293945,30.20199966430664,30.28000068664551,281900.0,0.0,0.0,
2019-06-24,30.42300033569336,30.60000038146973,30.38500022888184,30.42600059509277,456700.0,0.0,0.0,
2019-06-25,30.60000038146973,30.88100051879883,30.60000038146973,30.73550033569336,364100.0,0.0,0.0,
2019-06-26,30.5,30.61499977111816,30.27050018310547,30.29999923706055,186000.0,0.0,0.0,
2019-06-27,30.2504997253418,30.3700008392334,30.11599922180176,30.20050048828125,226700.0,0.0,0.0,
2019-06-28,30.26499938964844,30.45000076293945,30.25,30.31100082397461,402900.0,0.0,0.0,
2019-07-01,30.14949989318848,30.14949989318848,29.85549926757812,29.95849990844727,151200.0,0.0,0.0,
2019-07-02,30.01499938964844,30.01499938964844,29.86650085449219,29.95499992370605,188800.0,0.0,0.0,
2019-07-03,30.32500076293945,30.58449935913086,30.32500076293945,30.38949966430664,549500.0,0.0,0.0,
2019-07-04,30.16500091552734,30.3745002746582,30.16500091552734,30.19000053405762,60600.0,0.0,0.0,
2019-07-05,30.20999908447266,30.56949996948242,30.18000030517578,30.50250053405762,269700.0,0.0,0.0,
2019-07-08,30.5,30.63850021362305,30.29949951171875,30.57250022888184,438200.0,0.0,0.0,
2019-07-09,30.57999992370605,30.57999992370605,30.26000022888184,30.40349960327148,295600.0,0.0,0.0,
2019-07-10,30.35499954223633,30.59749984741211,30.32600021362305,30.5625,211700.0,0.0,0.0,
2019-07-11,30.72500038146973,31.02000045776367,30.72500038146973,30.99650001525879,364100.0,0.0,0.0,
2019-07-12,30.91500091552734,30.91500091552734,30.68099975585938,30.78650093078613,277200.0,0.0,0.0,
2019-07-15,30.78800010681152,31.0049991607666,30.78750038146973,30.99850082397461,411600.0,0.0,0.0,
2019-07-16,30.9950008392334,31.03650093078613,30.89049911499023,30.97900009155273,352600.0,0.0,0.0,
2019-07-17,30.95499992370605,30.95949935913086,30.79000091552734,30.88999938964844,254900.0,0.0,0.0,
2019-07-18,30.95999908447266,31.29999923706055,30.95999908447266,31.2495002746582,226300.0,0.0,0.0,
2019-07-19,31.48999977111816,31.67000007629395,31.4015007019043,31.49699974060059,288500.0,0.0,0.0,
2019-07-22,31.39999961853027,31.54949951171875,31.29949951171875,31.31850051879883,137700.0,0.0,0.0,
2019-07-23,31.31850051879883,31.87849998474121,31.1515007019043,31.22599983215332,473500.0,0.0,0.0,
2019-07-24,34.0,34.0,31.1609992980957,31.22750091552734,118600.0,0.0,0.0,
2019-07-25,31.20000076293945,31.33449935913086,31.15049934387207,31.29649925231934,64500.0,0.0,0.0,
2019-07-26,31.14999961853027,31.19549942016602,31.08049964904785,31.12849998474121,81000.0,0.0,0.0,
2019-07-29,31.1299991607666,31.38999938964844,31.05999946594238,31.10849952697754,66600.0,0.0,0.0,
2019-07-30,31.10000038146973,31.27199935913086,31.10000038146973,31.21500015258789,232400.0,0.0,0.0,
2019-07-31,31.13349914550781,31.19949913024902,31.06599998474121,31.15049934387207,61600.0,0.0,0.0,
2019-08-01,31.0,31.29999923706055,30.9060001373291,31.1205005645752,86600.0,0.0,0.0,
2019-08-02,31.33550071716309,31.67950057983398,31.33499908447266,31.64299964904785,223700.0,0.0,0.0,
2019-08-05,32.2760009765625,32.39450073242188,31.73500061035156,32.32849884033203,1151600.0,0.0,0.0,
2019-08-06,32.5,32.68399810791016,32.34099960327148,32.58349990844727,244500.0,0.0,0.0,
2019-08-07,32.91049957275391,33.5,32.91049957275391,33.47949981689453,2453400.0,0.0,0.0,
2019-08-08,33.59999847412109,33.75,33.33000183105469,33.45399856567383,1032500.0,0.0,0.0,
2019-08-09,33.45000076293945,33.59999847412109,33.24100112915039,33.31800079345703,127100.0,0.0,0.0,
2019-08-13,33.51399993896484,34.04999923706055,33.51350021362305,33.8129997253418,453500.0,0.0,0.0,
2019-08-14,33.39749908447266,33.54999923706055,33.18999862670898,33.28549957275391,250000.0,0.0,0.0,
2019-08-16,33.88700103759766,34.29999923706055,33.58499908447266,33.9375,1077800.0,0.0,0.0,
2019-08-19,34.4995002746582,34.4995002746582,33.54000091552734,33.65900039672852,855500.0,0.0,0.0,
2019-08-20,33.83499908447266,33.97949981689453,33.5099983215332,33.90900039672852,157000.0,0.0,0.0,
2019-08-21,33.90000152587891,33.99850082397461,33.60350036621094,33.65449905395508,442200.0,0.0,0.0,
2019-08-22,33.65000152587891,33.98400115966797,33.65000152587891,33.83300018310547,556400.0,0.0,0.0,
2019-08-23,33.83000183105469,34.0,33.72999954223633,33.81449890136719,962700.0,0.0,0.0,
2019-08-26,35.25,35.25,34.30500030517578,34.64500045776367,1605000.0,0.0,0.0,
2019-08-27,34.70000076293945,34.79949951171875,34.60950088500977,34.74250030517578,677300.0,0.0,0.0,
2019-08-28,34.90000152587891,34.94599914550781,34.6505012512207,34.83200073242188,368300.0,0.0,0.0,
2019-08-29,34.85150146484375,35.13999938964844,34.85150146484375,34.9015007019043,319400.0,0.0,0.0,
2019-08-30,34.93000030517578,34.93000030517578,34.5,34.52750015258789,324800.0,0.0,0.0,
2019-09-03,34.64550018310547,35.25,34.59999847412109,35.18099975585938,519100.0,0.0,0.0,
2019-09-04,35.35049819946289,35.70000076293945,35.20000076293945,35.25600051879883,2243100.0,0.0,0.0,
2019-09-05,35.35049819946289,35.45000076293945,35.10499954223633,35.14099884033203,380600.0,0.0,0.0,
2019-09-06,34.70000076293945,34.72499847412109,34.20149993896484,34.29449844360352,437200.0,0.0,0.0,
2019-09-09,34.20000076293945,34.90000152587891,34.20000076293945,34.52149963378906,436100.0,0.0,0.0,
2019-09-11,34.5,34.5,33.86999893188477,34.05699920654297,526100.0,0.0,0.0,
2019-09-12,33.9900016784668,33.9900016784668,33.70000076293945,33.72600173950195,297900.0,0.0,0.0,
2019-09-13,33.72600173950195,33.91799926757812,33.36999893188477,33.79050064086914,1090500.0,0.0,0.0,
2019-09-16,33.81000137329102,34.45000076293945,33.79999923706055,33.9114990234375,146100.0,0.0,0.0,
2019-09-17,33.90000152587891,34.09999847412109,33.90000152587891,34.03300094604492,83600.0,0.0,0.0,
2019-09-18,34.02999877929688,34.09999847412109,33.74300003051758,33.78950119018555,248400.0,0.0,0.0,
2019-09-19,33.54000091552734,33.77450180053711,33.48949813842773,33.59400177001953,115200.0,0.0,0.0,
2019-09-20,33.59999847412109,33.70399856567383,33.5,33.56750106811523,177500.0,0.0,0.0,
2019-09-23,33.65499877929688,33.9995002746582,33.52349853515625,33.66699981689453,254800.0,0.0,0.0,
2019-09-24,33.83000183105469,33.95999908447266,33.70000076293945,33.87099838256836,1627000.0,0.0,0.0,
2019-09-25,33.95550155639648,34.40000152587891,33.9005012512207,34.00400161743164,384500.0,0.0,0.0,
2019-09-26,33.78450012207031,33.78450012207031,33.52099990844727,33.75400161743164,99200.0,0.0,0.0,
2019-09-27,33.74700164794922,33.84000015258789,33.60150146484375,33.6619987487793,136300.0,0.0,0.0,
2019-09-30,33.56999969482422,33.72200012207031,33.5,33.67150115966797,116200.0,0.0,0.0,
2019-10-01,33.65000152587891,33.65000152587891,32.81349945068359,33.20050048828125,367700.0,0.0,0.0,
2019-10-03,33.55350112915039,34.04000091552734,33.55099868774414,33.97200012207031,356100.0,0.0,0.0,
2019-10-04,34.0,34.22999954223633,33.96950149536133,34.1775016784668,167700.0,0.0,0.0,
2019-10-07,34.86100006103516,34.86100006103516,34.02500152587891,34.27399826049805,115600.0,0.0,0.0,
2019-10-09,34.52000045776367,34.58000183105469,34.11100006103516,34.20650100708008,361900.0,0.0,0.0,
2019-10-10,34.68000030517578,34.68000030517578,34.25,34.55849838256836,177400.0,0.0,0.0,
2019-10-11,34.41450119018555,34.52899932861328,34.05599975585938,34.48500061035156,347200.0,0.0,0.0,
2019-10-14,34.39950180053711,34.47999954223633,34.05550003051758,34.36949920654297,99600.0,0.0,0.0,
2019-10-15,34.44950103759766,34.65000152587891,34.32099914550781,34.55799865722656,146500.0,0.0,0.0,
2019-10-16,34.55749893188477,34.55749893188477,34.3025016784668,34.34400177001953,88000.0,0.0,0.0,
2019-10-17,34.3650016784668,34.57949829101562,34.34999847412109,34.46549987792969,116300.0,0.0,0.0,
2019-10-18,34.68000030517578,35.68949890136719,34.27149963378906,34.4739990234375,258700.0,0.0,0.0,
2019-10-22,35.16299819946289,35.16299819946289,34.2504997253418,34.42549896240234,693300.0,0.0,0.0,
2019-10-23,34.7400016784668,34.7400016784668,34.41999816894531,34.43399810791016,160500.0,0.0,0.0,
2019-10-24,34.5,34.63999938964844,34.36800003051758,34.45399856567383,129600.0,0.0,0.0,
2019-10-25,34.56499862670898,35.14899826049805,34.55599975585938,35.10400009155273,785400.0,0.0,0.0,
2019-10-27,35.09999847412109,35.20000076293945,34.80099868774414,35.05149841308594,199300.0,0.0,0.0,
2019-10-29,34.95500183105469,34.95500183105469,34.36899948120117,34.51549911499023,138000.0,0.0,0.0,
2019-10-30,34.71950149536133,34.71950149536133,34.25,34.3120002746582,170900.0,0.0,0.0,
2019-10-31,34.37049865722656,34.70000076293945,34.37049865722656,34.61750030517578,143900.0,0.0,0.0,
2019-11-01,34.70000076293945,35.01950073242188,34.69950103759766,34.99050140380859,269600.0,0.0,0.0,
2019-11-04,34.8494987487793,34.8494987487793,34.70550155639648,34.79550170898438,85100.0,0.0,0.0,
2019-11-05,34.79550170898438,34.88000106811523,34.70999908447266,34.80899810791016,70700.0,0.0,0.0,
2019-11-06,34.68949890136719,34.74399948120117,34.5,34.56800079345703,121800.0,0.0,0.0,
2019-11-07,35.25899887084961,36.98799896240234,34.52500152587891,34.6870002746582,392900.0,0.0,0.0,
2019-11-08,34.5,34.59000015258789,34.29999923706055,34.36800003051758,170900.0,0.0,0.0,
2019-11-11,34.36000061035156,34.5,34.11999893188477,34.32649993896484,82000.0,0.0,0.0,
2019-11-13,35.01300048828125,35.01300048828125,34.29999923706055,34.4900016784668,513200.0,0.0,0.0,
2019-11-14,34.5099983215332,34.69950103759766,34.5,34.57400131225586,244000.0,0.0,0.0,
2019-11-15,34.57350158691406,34.59999847412109,34.20050048828125,34.2400016784668,1436500.0,0.0,0.0,
2019-11-18,34.2400016784668,34.4010009765625,34.12250137329102,34.34349822998047,363500.0,0.0,0.0,
2019-11-19,34.45050048828125,34.59999847412109,34.29999923706055,34.32699966430664,107400.0,0.0,0.0,
2019-11-20,34.36050033569336,34.58950042724609,34.31600189208984,34.38750076293945,121800.0,0.0,0.0,
2019-11-21,34.53950119018555,34.53950119018555,34.30500030517578,34.3224983215332,130200.0,0.0,0.0,
2019-11-22,34.27999877929688,34.5994987487793,34.11000061035156,34.45500183105469,75900.0,0.0,0.0,
2019-11-25,34.45999908447266,34.45999908447266,34.02500152587891,34.17800140380859,598900.0,0.0,0.0,
2019-11-26,34.16999816894531,34.20000076293945,34.06000137329102,34.12149810791016,328400.0,0.0,0.0,
2019-11-27,34.12149810791016,34.15000152587891,34.0,34.09500122070312,146600.0,0.0,0.0,
2019-11-28,34.08499908447266,34.18949890136719,33.85499954223633,34.06549835205078,166600.0,0.0,0.0,
2019-11-29,34.06999969482422,34.27000045776367,34.03350067138672,34.18550109863281,175100.0,0.0,0.0,
2019-12-02,34.20000076293945,34.47000122070312,34.05300140380859,34.22900009155273,569000.0,0.0,0.0,
2019-12-03,34.16999816894531,34.40000152587891,34.16350173950195,34.30149841308594,113600.0,0.0,0.0,
2019-12-04,34.52000045776367,34.78499984741211,34.41999816894531,34.4379997253418,271400.0,0.0,0.0,
2019-12-05,34.45050048828125,34.54850006103516,34.32550048828125,34.3494987487793,97800.0,0.0,0.0,
2019-12-06,34.49800109863281,34.49800109863281,34.2504997253418,34.31999969482422,221900.0,0.0,0.0,
2019-12-09,34.14400100708008,34.14400100708008,33.90000152587891,33.93650054931641,165300.0,0.0,0.0,
2019-12-10,34.0,34.0,33.84999847412109,33.97800064086914,215300.0,0.0,0.0,
2019-12-11,33.97600173950195,33.9995002746582,33.79999923706055,33.98149871826172,159400.0,0.0,0.0,
2019-12-12,34.5,34.5,33.90599822998047,33.92200088500977,106500.0,0.0,0.0,
2019-12-13,33.9474983215332,33.94950103759766,33.80099868774414,33.88349914550781,40200.0,0.0,0.0,
2019-12-16,33.89500045776367,34.14550018310547,33.89500045776367,34.01649856567383,155800.0,0.0,0.0,
2019-12-17,34.2495002746582,34.2495002746582,34.01100158691406,34.15549850463867,267000.0,0.0,0.0,
2019-12-18,34.10150146484375,34.34450149536133,34.10150146484375,34.27949905395508,121800.0,0.0,0.0,
2019-12-19,34.15499877929688,34.29999923706055,34.06000137329102,34.27299880981445,137200.0,0.0,0.0,
2019-12-20,34.25500106811523,34.40000152587891,34.18999862670898,34.20449829101562,175900.0,0.0,0.0,
2019-12-23,34.48500061035156,34.48500061035156,34.25,34.39550018310547,593000.0,0.0,0.0,
2019-12-24,34.40999984741211,34.63949966430664,34.40599822998047,34.44449996948242,104600.0,0.0,0.0,
2019-12-26,34.40000152587891,34.97999954223633,34.40000152587891,34.7599983215332,255000.0,0.0,0.0,
2019-12-27,34.82550048828125,34.94900131225586,34.77999877929688,34.80899810791016,94300.0,0.0,0.0,
2019-12-30,34.79999923706055,35.0,34.79999923706055,34.9635009765625,104700.0,0.0,0.0,
2019-12-31,35.0,35.13999938964844,35.0,35.11949920654297,71500.0,0.0,0.0,
2020-01-01,38.98300170898438,38.98300170898438,35.06100082397461,35.16849899291992,72500.0,0.0,0.0,
2020-01-02,35.16999816894531,35.20000076293945,35.00550079345703,35.14049911499023,204100.0,0.0,0.0,
2020-01-03,35.2504997253418,36.0,35.2504997253418,35.93999862670898,259800.0,0.0,0.0,
2020-01-06,36.65900039672852,37.37799835205078,36.20000076293945,36.96450042724609,650100.0,0.0,0.0,
2020-01-07,36.90000152587891,36.90000152587891,36.06999969482422,36.5885009765625,742500.0,0.0,0.0,
2020-01-08,36.91049957275391,37.5,36.82649993896484,36.93500137329102,861900.0,0.0,0.0,
2020-01-09,36.48500061035156,36.48500061035156,35.77000045776367,35.98199844360352,514400.0,0.0,0.0,
2020-01-10,36.0,36.08499908447266,35.70000076293945,35.78250122070312,218200.0,0.0,0.0,
2020-01-13,35.78250122070312,35.98500061035156,35.65000152587891,35.70199966430664,404400.0,0.0,0.0,
2020-01-14,35.25550079345703,35.70050048828125,35.25550079345703,35.59600067138672,420100.0,0.0,0.0,
2020-01-15,35.59999847412109,35.94950103759766,35.59999847412109,35.74800109863281,213900.0,0.0,0.0,
2020-01-16,35.7400016784668,35.86999893188477,35.6505012512207,35.81549835205078,230900.0,0.0,0.0,
2020-01-17,35.81999969482422,35.9275016784668,35.78850173950195,35.86050033569336,151400.0,0.0,0.0,
2020-01-20,35.89550018310547,36.14049911499023,35.89500045776367,36.0885009765625,243500.0,0.0,0.0,
2020-01-21,36.08000183105469,36.27450180053711,36.0260009765625,36.07400131225586,262700.0,0.0,0.0,
2020-01-22,36.04999923706055,36.04999923706055,35.80049896240234,35.90250015258789,356700.0,0.0,0.0,
2020-01-23,36.08499908447266,36.08499908447266,35.9010009765625,35.94250106811523,70800.0,0.0,0.0,
2020-01-24,36.01800155639648,36.23400115966797,35.92599868774414,35.94350051879883,146800.0,0.0,0.0,
2020-01-27,35.22499847412109,36.65999984741211,34.50600051879883,36.58399963378906,344300.0,0.0,0.0,
2020-01-28,36.58000183105469,36.64950180053711,36.45050048828125,36.56499862670898,1845500.0,0.0,0.0,
2020-01-29,36.3849983215332,36.5,36.20000076293945,36.40950012207031,302100.0,0.0,0.0,
2020-01-30,36.40950012207031,36.84999847412109,36.40950012207031,36.73699951171875,146800.0,0.0,0.0,
2020-01-31,36.7400016784668,36.7400016784668,36.53150177001953,36.5984992980957,473900.0,0.0,0.0,
2020-02-03,36.97999954223633,37.01350021362305,36.72000122070312,36.78450012207031,260300.0,0.0,0.0,
2020-02-04,36.70000076293945,36.77000045776367,36.40999984741211,36.47000122070312,285100.0,0.0,0.0,
2020-02-05,36.0,36.5,36.0,36.42950057983398,257800.0,0.0,0.0,
2020-02-06,36.43000030517578,36.43000030517578,36.17100143432617,36.36100006103516,565200.0,0.0,0.0,
2020-02-07,36.58499908447266,36.58499908447266,36.35100173950195,36.45650100708008,636300.0,0.0,0.0,
2020-02-10,36.45999908447266,36.72999954223633,36.45999908447266,36.67300033569336,196300.0,0.0,0.0,
2020-02-11,36.65999984741211,36.65999984741211,36.43099975585938,36.55099868774414,182600.0,0.0,0.0,
2020-02-12,36.55500030517578,36.55500030517578,36.40000152587891,36.53250122070312,214400.0,0.0,0.0,
2020-02-13,36.87950134277344,36.88000106811523,36.63999938964844,36.69350051879883,107600.0,0.0,0.0,
2020-02-14,37.42699813842773,37.42699813842773,36.51050186157227,36.70999908447266,171900.0,0.0,0.0,
2020-02-17,36.78499984741211,36.89950180053711,36.75,36.84500122070312,138400.0,0.0,0.0,
2020-02-18,36.84500122070312,37.02000045776367,36.84500122070312,36.99399948120117,328100.0,0.0,0.0,
2020-02-19,37.16500091552734,37.39400100708008,37.09500122070312,37.36000061035156,242900.0,0.0,0.0,
2020-02-20,37.59999847412109,37.59999847412109,37.40999984741211,37.47650146484375,2422000.0,0.0,0.0,
2020-02-24,37.85100173950195,39.09999847412109,37.85100173950195,38.99700164794922,1129600.0,0.0,0.0,
2020-02-25,38.81499862670898,38.90000152587891,38.11299896240234,38.38650131225586,1338000.0,0.0,0.0,
2020-02-26,38.19900131225586,38.43999862670898,38.05500030517578,38.25450134277344,356300.0,0.0,0.0,
2020-02-27,38.45000076293945,38.46099853515625,38.15000152587891,38.29850006103516,1391000.0,0.0,0.0,
2020-02-28,38.48500061035156,38.48500061035156,38.04800033569336,38.18999862670898,538000.0,0.0,0.0,
2020-03-02,37.74399948120117,37.84400177001953,37.35150146484375,37.53450012207031,2376000.0,0.0,0.0,
2020-03-03,37.71950149536133,37.90950012207031,37.59999847412109,37.75899887084961,618900.0,0.0,0.0,
2020-03-04,38.45500183105469,39.22000122070312,38.45500183105469,38.91600036621094,1408800.0,0.0,0.0,
2020-03-05,38.98500061035156,38.98500061035156,38.70050048828125,38.84999847412109,380300.0,0.0,0.0,
2020-03-06,39.42499923706055,39.9900016784668,39.36000061035156,39.8224983215332,1139500.0,0.0,0.0,
2020-03-09,38.62799835205078,40.0,37.43299865722656,39.1974983215332,1251700.0,0.0,0.0,
2020-03-11,39.1974983215332,39.63000106811523,38.95299911499023,39.03250122070312,1205200.0,0.0,0.0,
2020-03-12,38.99900054931641,39.09999847412109,38.51100158691406,38.85049819946289,1798300.0,0.0,0.0,
2020-03-13,37.29650115966797,37.74399948120117,36.54999923706055,37.57199859619141,1004100.0,0.0,0.0,
2020-03-16,36.99050140380859,37.43949890136719,36.7504997253418,36.92150115966797,2435600.0,0.0,0.0,
2020-03-17,36.49399948120117,36.49399948120117,35.09999847412109,35.42499923706055,1644100.0,0.0,0.0,
2020-03-18,36.13399887084961,36.82300186157227,35.79999923706055,35.81999969482422,765300.0,0.0,0.0,
2020-03-19,35.79949951171875,36.2495002746582,34.72750091552734,36.09000015258789,2252200.0,0.0,0.0,
2020-03-20,36.09000015258789,37.11999893188477,35.54999923706055,36.97150039672852,737400.0,0.0,0.0,
2020-03-23,36.52500152587891,39.45000076293945,36.5099983215332,38.46049880981445,570900.0,0.0,0.0,
2020-03-24,40.25,40.25,37.76100158691406,39.17850112915039,671800.0,0.0,0.0,
2020-03-25,39.17850112915039,39.84550094604492,38.31000137329102,39.04199981689453,821400.0,0.0,0.0,
2020-03-26,38.0,41.0,38.0,39.39849853515625,670100.0,0.0,0.0,
2020-03-27,39.5,40.04999923706055,38.38700103759766,39.91949844360352,696000.0,0.0,0.0,
2020-03-30,39.90000152587891,41.9995002746582,39.86999893188477,41.67399978637695,787600.0,0.0,0.0,
2020-03-31,41.67449951171875,41.93999862670898,39.63000106811523,40.36899948120117,1467100.0,0.0,0.0,
2020-04-01,40.89899826049805,40.89899826049805,39.90000152587891,40.60800170898438,482300.0,0.0,0.0,
2020-04-03,41.0,41.5,41.0,41.41699981689453,391800.0,0.0,0.0,
2020-04-07,42.0099983215332,42.88000106811523,41.70000076293945,42.49100112915039,620700.0,0.0,0.0,
2020-04-08,42.49100112915039,43.79999923706055,42.0,43.30799865722656,522400.0,0.0,0.0,
2020-04-09,43.29999923706055,44.26750183105469,43.15750122070312,43.9379997253418,611300.0,0.0,0.0,
2020-04-13,45.25600051879883,48.22000122070312,43.90000152587891,47.28300094604492,1194300.0,0.0,0.0,
2020-04-15,48.70100021362305,49.55799865722656,46.90000152587891,47.02149963378906,1977800.0,0.0,0.0,
2020-04-16,48.0099983215332,48.90200042724609,46.56800079345703,47.37049865722656,1030900.0,0.0,0.0,
2020-04-17,47.54999923706055,47.97999954223633,46.3849983215332,47.51250076293945,583000.0,0.0,0.0,
2020-04-20,48.43999862670898,48.43999862670898,46.88000106811523,47.42549896240234,312200.0,0.0,0.0,
2020-04-21,47.92549896240234,48.0,44.0,46.76800155639648,1808400.0,0.0,0.0,
2020-04-22,46.68099975585938,46.7495002746582,42.54999923706055,43.25099945068359,6508600.0,0.0,0.0,
2020-04-23,43.0,44.45700073242188,43.0,44.07600021362305,3005800.0,0.0,0.0,
2020-04-24,44.18849945068359,44.40000152587891,43.09999847412109,43.96599960327148,8782400.0,0.0,0.0,
2020-04-27,45.28499984741211,45.28499984741211,43.20999908447266,43.77500152587891,4696500.0,0.0,0.0,
2020-04-28,43.80049896240234,43.80049896240234,43.09000015258789,43.58150100708008,1022500.0,0.0,0.0,
2020-04-29,44.0,44.0,43.09999847412109,43.41500091552734,1984800.0,0.0,0.0,
2020-04-30,44.0,44.0,43.05649948120117,43.11349868774414,2109100.0,0.0,0.0,
2020-05-04,43.20000076293945,44.06999969482422,43.08399963378906,43.86999893188477,1707500.0,0.0,0.0,
2020-05-05,43.90000152587891,43.90000152587891,42.47999954223633,42.6875,4466900.0,0.0,0.0,
2020-05-06,43.3390007019043,43.3390007019043,42.11999893188477,42.29700088500977,2834100.0,0.0,0.0,
2020-05-07,42.29999923706055,42.29999923706055,41.71200180053711,41.77849960327148,1167000.0,0.0,0.0,
2020-05-08,41.81000137329102,42.95000076293945,41.81000137329102,42.21950149536133,1306800.0,0.0,0.0,
2020-05-11,41.70999908447266,42.52949905395508,41.70999908447266,42.34600067138672,1719100.0,0.0,0.0,
2020-05-12,42.34000015258789,43.40000152587891,42.01499938964844,43.0890007019043,2340100.0,0.0,0.0,
2020-05-13,43.49900054931641,46.96699905395508,41.79600143432617,41.9630012512207,5296300.0,0.0,0.0,
2020-05-14,42.29000091552734,42.47000122070312,42.02000045776367,42.30950164794922,1487500.0,0.0,0.0,
2020-05-15,42.97000122070312,42.97000122070312,42.55049896240234,42.67100143432617,1874300.0,0.0,0.0,
2020-05-18,43.29999923706055,43.4900016784668,43.25,43.34450149536133,2806700.0,0.0,0.0,
2020-05-19,43.5994987487793,43.5994987487793,42.25,42.3489990234375,2961100.0,0.0,0.0,
2020-05-20,42.93199920654297,43.09999847412109,42.34999847412109,42.72000122070312,1607200.0,0.0,0.0,
2020-05-21,42.70000076293945,42.70000076293945,42.31050109863281,42.37799835205078,2158300.0,0.0,0.0,
2020-05-22,42.29999923706055,42.79899978637695,41.95000076293945,42.64950180053711,932200.0,0.0,0.0,
2020-05-26,42.64950180053711,42.94950103759766,42.15000152587891,42.21099853515625,1426400.0,0.0,0.0,
2020-05-27,42.14950180053711,42.20000076293945,41.59999847412109,41.82099914550781,1850000.0,0.0,0.0,
2020-05-28,41.99900054931641,42.18399810791016,41.83000183105469,42.13399887084961,819600.0,0.0,0.0,
2020-05-29,42.09999847412109,42.09999847412109,41.71049880981445,41.85350036621094,991500.0,0.0,0.0,
2020-06-01,42.09999847412109,42.79999923706055,41.85350036621094,42.18600082397461,1554600.0,0.0,0.0,
2020-06-02,42.18600082397461,42.36949920654297,42.0255012512207,42.16400146484375,1172500.0,0.0,0.0,
2020-06-03,42.15000152587891,42.15000152587891,41.56999969482422,41.79349899291992,1150900.0,0.0,0.0,
2020-06-04,41.65950012207031,41.83100128173828,41.5,41.75,377400.0,0.0,0.0,
2020-06-05,41.84999847412109,42.11999893188477,41.72100067138672,42.06900024414062,1036400.0,0.0,0.0,
2020-06-08,41.81999969482422,41.81999969482422,41.45000076293945,41.63650131225586,1352900.0,0.0,0.0,
2020-06-09,41.63000106811523,42.0994987487793,41.58700180053711,42.0369987487793,859700.0,0.0,0.0,
2020-06-10,42.97999954223633,42.97999954223633,42.0,42.22700119018555,594600.0,0.0,0.0,
2020-06-11,42.99700164794922,42.99700164794922,42.30049896240234,42.71599960327148,807100.0,0.0,0.0,
2020-06-12,43.0994987487793,43.0994987487793,42.59999847412109,42.6974983215332,3426700.0,0.0,0.0,
2020-06-15,42.9995002746582,42.9995002746582,42.10749816894531,42.31449890136719,1049400.0,0.0,0.0,
2020-06-16,42.5,42.94900131225586,42.37049865722656,42.78950119018555,1239800.0,0.0,0.0,
2020-06-17,43.4995002746582,43.4995002746582,42.51200103759766,42.56850051879883,1033200.0,0.0,0.0,
2020-06-18,42.9995002746582,42.9995002746582,42.5099983215332,42.77000045776367,861500.0,0.0,0.0,
2020-06-19,42.77000045776367,42.83250045776367,42.66600036621094,42.73350143432617,551900.0,0.0,0.0,
2020-06-22,43.88999938964844,43.88999938964844,43.0,43.23149871826172,975500.0,0.0,0.0,
2020-06-23,42.70999908447266,43.30049896240234,42.70999908447266,43.21849822998047,1309100.0,0.0,0.0,
2020-06-24,43.25,43.67950057983398,43.25,43.64049911499023,1169900.0,0.0,0.0,
2020-06-25,43.61000061035156,43.61999893188477,43.20000076293945,43.39049911499023,1311000.0,0.0,0.0,
2020-06-26,43.97999954223633,43.97999954223633,43.10049819946289,43.28350067138672,1168700.0,0.0,0.0,
2020-06-29,43.40000152587891,43.63999938964844,43.38800048828125,43.42699813842773,1337300.0,0.0,0.0,
2020-06-30,43.41999816894531,43.59650039672852,43.40200042724609,43.55799865722656,1169300.0,0.0,0.0,
2020-07-01,43.97999954223633,43.97999954223633,43.76499938964844,43.88850021362305,2801000.0,0.0,0.0,
2020-07-02,43.83000183105469,43.83000183105469,43.15000152587891,43.29650115966797,1869100.0,0.0,0.0,
2020-07-03,43.34000015258789,43.4900016784668,43.0099983215332,43.32949829101562,1301000.0,0.0,0.0,
2020-07-06,43.3849983215332,45.92900085449219,43.01050186157227,43.25500106811523,1465500.0,0.0,0.0,
2020-07-07,43.3650016784668,43.98500061035156,43.29999923706055,43.34550094604492,1440200.0,0.0,0.0,
2020-07-08,43.70100021362305,44.05950164794922,43.67050170898438,43.97999954223633,1604600.0,0.0,0.0,
2020-07-09,44.0,44.29800033569336,43.99499893188477,44.25550079345703,1935000.0,0.0,0.0,
2020-07-10,44.07199859619141,44.22050094604492,43.9010009765625,44.18450164794922,1180000.0,0.0,0.0,
2020-07-13,44.29949951171875,46.83599853515625,44.01499938964844,44.23600006103516,1537800.0,0.0,0.0,
2020-07-14,44.22000122070312,44.22000122070312,43.95000076293945,44.07450103759766,1549700.0,0.0,0.0,
2020-07-15,44.16550064086914,44.27999877929688,44.10599899291992,44.21900177001953,1272800.0,0.0,0.0,
2020-07-16,44.29600143432617,44.29600143432617,44.04999923706055,44.14599990844727,1517900.0,0.0,0.0,
2020-07-17,44.0994987487793,44.09999847412109,43.82649993896484,43.93450164794922,1282300.0,0.0,0.0,
2020-07-20,44.0,44.09749984741211,43.90999984741211,44.03300094604492,751900.0,0.0,0.0,
2020-07-21,44.13999938964844,44.3390007019043,44.11999893188477,44.2140007019043,1513700.0,0.0,0.0,
2020-07-22,44.89899826049805,44.98949813842773,44.65999984741211,44.95050048828125,1533000.0,0.0,0.0,
2020-07-23,45.29000091552734,45.88999938964844,45.0004997253418,45.82049942016602,2464500.0,0.0,0.0,
2020-07-24,46.70000076293945,46.70000076293945,45.68600082397461,45.88700103759766,2953400.0,0.0,0.0,
2020-07-27,46.60200119018555,47.34000015258789,46.33499908447266,47.22200012207031,6860700.0,0.0,0.0,
2020-07-28,48.59999847412109,48.59999847412109,46.95050048828125,47.21699905395508,11033400.0,0.0,0.0,
2020-07-29,47.25,47.79999923706055,47.25,47.6619987487793,4246700.0,0.0,0.0,
2020-07-30,47.9995002746582,47.9995002746582,47.42499923706055,47.64350128173828,4905600.0,0.0,0.0,
2020-07-31,48.29000091552734,48.40000152587891,47.72499847412109,48.1775016784668,3038100.0,0.0,0.0,
2020-08-03,48.43999862670898,49.9995002746582,48.18000030517578,48.44599914550781,3965800.0,0.0,0.0,
2020-08-04,48.64899826049805,48.64899826049805,48.25,48.29000091552734,3551700.0,0.0,0.0,
2020-08-05,48.7599983215332,49.54800033569336,48.52249908447266,49.4744987487793,3369900.0,0.0,0.0,
2020-08-06,49.95000076293945,49.98400115966797,49.54999923706055,49.94800186157227,4450300.0,0.0,0.0,
2020-08-07,51.35749816894531,51.35749816894531,49.98249816894531,50.27249908447266,4547000.0,0.0,0.0,
2020-08-10,49.84999847412109,51.35749816894531,49.31000137329102,49.65250015258789,3711100.0,0.0,0.0,
2020-08-11,49.54999923706055,49.54999923706055,48.40499877929688,48.61299896240234,4138900.0,0.0,0.0,
2020-08-12,47.29999923706055,47.97999954223633,45.22000122070312,46.77700042724609,5410500.0,0.0,0.0,
2020-08-13,48.0,48.0,46.77000045776367,46.82799911499023,1772400.0,0.0,0.0,
2020-08-14,46.99800109863281,47.48400115966797,46.99800109863281,47.34099960327148,1677000.0,0.0,0.0,
2020-08-17,47.20999908447266,47.49800109863281,47.00199890136719,47.13349914550781,2055800.0,0.0,0.0,
2020-08-18,47.90999984741211,48.45000076293945,47.13349914550781,48.32749938964844,2614700.0,0.0,0.0,
2020-08-19,48.45000076293945,48.45000076293945,47.7599983215332,47.92150115966797,3053600.0,0.0,0.0,
2020-08-20,50.79700088500977,50.79700088500977,46.83200073242188,46.88650131225586,1985300.0,0.0,0.0,
2020-08-21,47.47000122070312,47.47000122070312,46.70000076293945,46.76850128173828,1275500.0,0.0,0.0,
2020-08-24,46.40549850463867,46.95000076293945,46.27000045776367,46.66999816894531,1243300.0,0.0,0.0,
2020-08-25,46.65000152587891,46.65000152587891,45.90999984741211,46.00550079345703,1714600.0,0.0,0.0,
2020-08-26,45.90999984741211,46.05350112915039,45.85300064086914,45.8849983215332,1288300.0,0.0,0.0,
2020-08-27,46.2599983215332,46.5625,45.92900085449219,46.00600051879883,729500.0,0.0,0.0,
2020-08-28,46.00600051879883,46.23400115966797,45.81100082397461,46.0984992980957,1032000.0,0.0,0.0,
2020-08-31,46.20000076293945,46.5,46.16500091552734,46.3385009765625,1208000.0,0.0,0.0,
2020-09-01,46.88449859619141,46.88449859619141,46.34999847412109,46.56800079345703,1512000.0,0.0,0.0,
2020-09-02,46.28499984741211,46.28499984741211,45.86650085449219,46.04700088500977,1544200.0,0.0,0.0,
2020-09-03,45.9995002746582,45.9995002746582,45.40000152587891,45.58250045776367,1281400.0,0.0,0.0,
2020-09-04,45.65000152587891,45.94649887084961,45.54949951171875,45.73400115966797,1543200.0,0.0,0.0,
2020-09-07,45.95999908447266,45.95999908447266,45.54999923706055,45.65499877929688,1311900.0,0.0,0.0,
2020-09-08,45.7400016784668,46.04899978637695,45.66500091552734,45.75400161743164,912500.0,0.0,0.0,
2020-09-09,45.81000137329102,46.11299896240234,45.81000137329102,45.91600036621094,985200.0,0.0,0.0,
2020-09-10,46.16999816894531,46.27999877929688,46.00650024414062,46.20800018310547,831200.0,0.0,0.0,
2020-09-11,46.02500152587891,46.27999877929688,46.0099983215332,46.21500015258789,1143600.0,0.0,0.0,
2020-09-14,46.4995002746582,46.4995002746582,46.06000137329102,46.11199951171875,847100.0,0.0,0.0,
2020-09-15,46.5,46.70000076293945,46.20999908447266,46.6254997253418,617600.0,0.0,0.0,
2020-09-16,46.61999893188477,46.61999893188477,46.3650016784668,46.39799880981445,898300.0,0.0,0.0,
2020-09-17,46.2495002746582,46.2495002746582,45.98149871826172,46.02399826049805,1517400.0,0.0,0.0,
2020-09-18,46.2495002746582,46.38000106811523,46.0724983215332,46.27149963378906,672900.0,0.0,0.0,
2020-09-21,46.20999908447266,46.65000152587891,45.9005012512207,45.9734992980957,1393800.0,0.0,0.0,
2020-09-22,45.63949966430664,45.64599990844727,45.18000030517578,45.30350112915039,1329000.0,0.0,0.0,
2020-09-23,45.375,45.375,44.70999908447266,44.97750091552734,1475500.0,0.0,0.0,
2020-09-24,44.68500137329102,44.68999862670898,44.23400115966797,44.47700119018555,1367000.0,0.0,0.0,
2020-09-25,44.61000061035156,44.88349914550781,44.61000061035156,44.7400016784668,882500.0,0.0,0.0,
2020-09-28,44.70000076293945,44.70000076293945,44.36299896240234,44.39950180053711,2424200.0,0.0,0.0,
2020-09-29,44.89899826049805,45.34999847412109,44.7599983215332,45.24850082397461,1078900.0,0.0,0.0,
2020-09-30,45.34999847412109,45.37799835205078,45.04999923706055,45.08549880981445,800800.0,0.0,0.0,
2020-10-01,45.45000076293945,45.45000076293945,45.02949905395508,45.10800170898438,702600.0,0.0,0.0,
2020-10-05,42.40200042724609,45.38600158691406,42.40200042724609,45.28400039672852,818100.0,0.0,0.0,
2020-10-06,45.06999969482422,45.75,45.06999969482422,45.73400115966797,869700.0,0.0,0.0,
2020-10-07,45.38399887084961,45.70000076293945,44.95000076293945,45.33750152587891,1099600.0,0.0,0.0,
2020-10-08,45.65000152587891,45.65000152587891,44.90000152587891,45.07049942016602,892700.0,0.0,0.0,
2020-10-09,45.49800109863281,45.57899856567383,45.23649978637695,45.50149917602539,590100.0,0.0,0.0,
2020-10-12,45.9010009765625,45.91299819946289,45.61650085449219,45.81549835205078,610200.0,0.0,0.0,
2020-10-13,43.06700134277344,45.82199859619141,43.06700134277344,45.76699829101562,962300.0,0.0,0.0,
2020-10-14,45.0004997253418,45.49399948120117,45.0004997253418,45.20899963378906,1216100.0,0.0,0.0,
2020-10-15,45.29249954223633,45.4015007019043,45.20000076293945,45.27700042724609,835600.0,0.0,0.0,
2020-10-16,45.36100006103516,45.62699890136719,45.36100006103516,45.53300094604492,891600.0,0.0,0.0,
2020-10-19,45.45000076293945,45.59999847412109,45.31999969482422,45.57500076293945,802800.0,0.0,0.0,
2020-10-20,45.52500152587891,45.54899978637695,45.25400161743164,45.5,1265200.0,0.0,0.0,
2020-10-21,45.66550064086914,45.93000030517578,45.6510009765625,45.91650009155273,721200.0,0.0,0.0,
2020-10-22,45.31000137329102,45.91999816894531,43.1619987487793,45.81000137329102,410000.0,0.0,0.0,
2020-10-23,45.79999923706055,45.79999923706055,45.50249862670898,45.71549987792969,796600.0,0.0,0.0,
2020-10-26,45.70000076293945,45.70000076293945,45.41650009155273,45.54850006103516,513500.0,0.0,0.0,
2020-10-27,45.95000076293945,45.95000076293945,45.52000045776367,45.60100173950195,994000.0,0.0,0.0,
2020-10-28,45.64950180053711,45.84249877929688,45.60549926757812,45.70999908447266,746400.0,0.0,0.0,
2020-10-29,45.54999923706055,45.55899810791016,45.30199813842773,45.49800109863281,660900.0,0.0,0.0,
2020-10-30,45.58499908447266,45.58499908447266,45.29999923706055,45.36800003051758,323200.0,0.0,0.0,
2020-11-02,45.36800003051758,45.70000076293945,45.36000061035156,45.66999816894531,949500.0,0.0,0.0,
2020-11-03,47.04000091552734,48.40999984741211,45.5265007019043,45.71749877929688,651000.0,0.0,0.0,
2020-11-04,45.98500061035156,45.9900016784668,45.74449920654297,45.91600036621094,958600.0,0.0,0.0,
2020-11-05,45.91600036621094,46.06999969482422,45.76649856567383,45.86899948120117,461900.0,0.0,0.0,
2020-11-06,46.0255012512207,46.74399948120117,46.0255012512207,46.68050003051758,1349100.0,0.0,0.0,
2020-11-09,46.95000076293945,46.95000076293945,46.70000076293945,46.88899993896484,842200.0,0.0,0.0,
2020-11-10,45.48199844360352,45.86449813842773,44.07600021362305,45.34349822998047,2523200.0,0.0,0.0,
2020-11-11,45.34999847412109,45.55199813842773,45.09999847412109,45.18899917602539,1003900.0,0.0,0.0,
2020-11-12,45.20349884033203,45.39899826049805,45.11650085449219,45.35049819946289,1045500.0,0.0,0.0,
2020-11-13,46.2400016784668,46.2400016784668,45.31000137329102,45.41849899291992,2757200.0,0.0,0.0,
2020-11-14,45.88899993896484,46.42599868774414,45.5,45.74549865722656,524700.0,0.0,0.0,
2020-11-17,45.75,45.875,45.43099975585938,45.59600067138672,1089400.0,0.0,0.0,
2020-11-18,45.48500061035156,45.48500061035156,45.22249984741211,45.28499984741211,1972400.0,0.0,0.0,
2020-11-19,44.99499893188477,45.22000122070312,44.66650009155273,44.81499862670898,1140300.0,0.0,0.0,
2020-11-20,44.99900054931641,45.08000183105469,44.79949951171875,44.89500045776367,474200.0,0.0,0.0,
2020-11-23,44.92800140380859,45.08950042724609,44.91500091552734,45.01850128173828,669100.0,0.0,0.0,
2020-11-24,44.38999938964844,44.59000015258789,44.02999877929688,44.09400177001953,1249000.0,0.0,0.0,
2020-11-25,43.79000091552734,44.11550140380859,43.59999847412109,43.92900085449219,1510700.0,0.0,0.0,
2020-11-26,44.18999862670898,44.2400016784668,43.70000076293945,43.92800140380859,1370300.0,0.0,0.0,
2020-11-27,43.92800140380859,43.94900131225586,43.63199996948242,43.77349853515625,928300.0,0.0,0.0,
2020-12-01,43.7599983215332,43.7599983215332,43.0,43.27899932861328,1169700.0,0.0,0.0,
2020-12-02,43.52149963378906,43.87900161743164,43.35150146484375,43.74800109863281,978000.0,0.0,0.0,
2020-12-03,44.08499908447266,44.20999908447266,43.82600021362305,44.1609992980957,1241000.0,0.0,0.0,
2020-12-04,44.09000015258789,44.2504997253418,44.0,44.10850143432617,895500.0,0.0,0.0,
2020-12-07,44.29000091552734,44.29000091552734,43.75,43.85300064086914,1162100.0,0.0,0.0,
2020-12-08,44.09999847412109,44.69900131225586,44.09999847412109,44.5359992980957,1216800.0,0.0,0.0,
2020-12-09,44.58000183105469,44.58000183105469,44.25350189208984,44.37400054931641,1113500.0,0.0,0.0,
2020-12-10,44.16450119018555,44.18999862670898,43.75,43.85749816894531,881600.0,0.0,0.0,
2020-12-11,43.99499893188477,44.01050186157227,43.72549819946289,43.86650085449219,647500.0,0.0,0.0,
2020-12-14,43.9995002746582,50.44599914550781,43.65999984741211,43.74399948120117,819900.0,0.0,0.0,
2020-12-15,43.75,43.93000030517578,43.75,43.85400009155273,797700.0,0.0,0.0,
2020-12-16,44.0,44.4900016784668,43.91550064086914,44.45249938964844,878500.0,0.0,0.0,
2020-12-17,44.45949935913086,44.79999923706055,44.32749938964844,44.71950149536133,613300.0,0.0,0.0,
2020-12-18,44.94800186157227,44.94800186157227,44.66650009155273,44.82600021362305,1725300.0,0.0,0.0,
2020-12-21,45.29800033569336,45.34999847412109,45.01499938964844,45.21549987792969,1032100.0,0.0,0.0,
2020-12-22,45.21599960327148,45.21599960327148,44.66049957275391,44.80799865722656,1236100.0,0.0,0.0,
2020-12-23,44.9995002746582,44.9995002746582,44.56000137329102,44.75199890136719,1029700.0,0.0,0.0,
2020-12-24,44.94499969482422,44.94499969482422,44.61650085449219,44.73799896240234,408600.0,0.0,0.0,
2020-12-28,44.81499862670898,45.21950149536133,44.81499862670898,44.86650085449219,776500.0,0.0,0.0,
2020-12-29,44.79999923706055,44.87799835205078,44.625,44.84249877929688,1546500.0,0.0,0.0,
2020-12-30,44.96950149536133,44.96950149536133,44.62699890136719,44.65499877929688,605400.0,0.0,0.0,
2020-12-31,44.9900016784668,45.15000152587891,44.66650009155273,44.98300170898438,759200.0,0.0,0.0,
2021-01-01,44.97949981689453,44.97999954223633,44.84000015258789,44.87950134277344,1301600.0,0.0,0.0,
2021-01-04,45.69950103759766,45.69950103759766,45.22499847412109,45.61600112915039,1000300.0,0.0,0.0,
2021-01-05,45.79999923706055,46.09999847412109,45.70500183105469,46.02000045776367,1385300.0,0.0,0.0,
2021-01-06,46.04999923706055,46.29949951171875,45.91999816894531,46.25650024414062,1932700.0,0.0,0.0,
2021-01-07,45.9995002746582,45.9995002746582,45.28799819946289,45.60400009155273,1361000.0,0.0,0.0,
2021-01-08,45.6505012512207,45.75500106811523,44.81650161743164,44.99399948120117,1475700.0,0.0,0.0,
2021-01-11,44.99399948120117,44.99399948120117,43.95000076293945,44.25450134277344,1894000.0,0.0,0.0,
2021-01-12,44.35049819946289,44.5,44.18199920654297,44.38850021362305,2045900.0,0.0,0.0,
2021-01-13,44.65000152587891,47.05199813842773,44.08000183105469,44.12850189208984,3273600.0,0.0,0.0,
2021-01-14,44.47999954223633,44.47999954223633,43.72000122070312,43.81600189208984,3141900.0,0.0,0.0,
2021-01-15,44.2495002746582,44.2495002746582,43.90000152587891,44.14599990844727,5843200.0,0.0,0.0,
2021-01-18,44.0994987487793,44.0994987487793,43.59999847412109,43.70800018310547,2794600.0,0.0,0.0,
2021-01-19,43.75,43.94400024414062,43.71749877929688,43.87250137329102,1706000.0,0.0,0.0,
2021-01-20,43.97900009155273,44.08349990844727,43.8849983215332,43.95199966430664,1024200.0,0.0,0.0,
2021-01-21,44.20000076293945,44.39799880981445,44.20000076293945,44.30400085449219,824100.0,0.0,0.0,
2021-01-22,44.4995002746582,44.4995002746582,44.0099983215332,44.07400131225586,5697000.0,0.0,0.0,
2021-01-25,44.09000015258789,44.09000015258789,43.76649856567383,43.82949829101562,1124200.0,0.0,0.0,
2021-01-27,43.79150009155273,43.79999923706055,43.62049865722656,43.66999816894531,1118000.0,0.0,0.0,
2021-01-28,43.65999984741211,43.74499893188477,43.55400085449219,43.67549896240234,863200.0,0.0,0.0,
2021-01-29,43.77500152587891,43.79000091552734,43.51649856567383,43.62950134277344,4507900.0,0.0,0.0,
2021-02-01,43.9900016784668,44.02999877929688,42.75,43.38999938964844,1629400.0,0.0,0.0,
2021-02-02,43.9900016784668,43.9900016784668,42.9900016784668,43.04850006103516,962100.0,0.0,0.0,
2021-02-03,43.2400016784668,43.2400016784668,42.75,42.77199935913086,2553900.0,0.0,0.0,
2021-02-04,42.69800186157227,42.70050048828125,42.29100036621094,42.3489990234375,3301300.0,0.0,0.0,
2021-02-05,42.65000152587891,42.65000152587891,41.9010009765625,42.18899917602539,2696300.0,0.0,0.0,
2021-02-08,42.18899917602539,42.45000076293945,42.02999877929688,42.31850051879883,1800500.0,0.0,0.0,
2021-02-09,44.85800170898438,44.85800170898438,42.73099899291992,42.86800003051758,1461700.0,0.0,0.0,
2021-02-10,42.86999893188477,42.93949890136719,42.70000076293945,42.80350112915039,1170400.0,0.0,0.0,
2021-02-11,42.79999923706055,42.86050033569336,42.61650085449219,42.78749847412109,3146500.0,0.0,0.0,
2021-02-12,42.48949813842773,42.59999847412109,42.19649887084961,42.27500152587891,1827600.0,0.0,0.0,
2021-02-15,42.3849983215332,42.3849983215332,42.0099983215332,42.20650100708008,1338700.0,0.0,0.0,
2021-02-16,42.29499816894531,42.3849983215332,42.21649932861328,42.36550140380859,852100.0,0.0,0.0,
2021-02-17,41.9900016784668,42.18999862670898,41.65000152587891,41.70600128173828,2313300.0,0.0,0.0,
2021-02-18,41.79999923706055,41.79999923706055,41.41400146484375,41.60800170898438,1489800.0,0.0,0.0,
2021-02-19,41.39799880981445,41.54999923706055,40.92499923706055,41.34650039672852,2237100.0,0.0,0.0,
2021-02-22,41.95999908447266,41.95999908447266,41.34000015258789,41.51449966430664,2286600.0,0.0,0.0,
2021-02-23,41.7599983215332,42.04650115966797,41.70999908447266,41.75749969482422,2449500.0,0.0,0.0,
2021-02-24,41.75749969482422,41.84999847412109,41.51649856567383,41.71799850463867,994800.0,0.0,0.0,
2021-02-25,41.58000183105469,41.68999862670898,41.3120002746582,41.44499969482422,1413600.0,0.0,0.0,
2021-02-26,41.47000122070312,41.47000122070312,41.04999923706055,41.26300048828125,1252300.0,0.0,0.0,
2021-03-01,41.26300048828125,41.26300048828125,41.04000091552734,41.10499954223633,1054100.0,0.0,0.0,
2021-03-02,40.83000183105469,40.90000152587891,40.38999938964844,40.63150024414062,2172800.0,0.0,0.0,
2021-03-03,40.70999908447266,40.89899826049805,40.27999877929688,40.37649917602539,4099400.0,0.0,0.0,
2021-03-04,40.37649917602539,40.38999938964844,39.97999954223633,40.07699966430664,2728000.0,0.0,0.0,
2021-03-05,39.88999938964844,40.04999923706055,39.5989990234375,39.72999954223633,2692300.0,0.0,0.0,
2021-03-08,40.25,40.25,39.71699905395508,39.77799987792969,2269400.0,0.0,0.0,
2021-03-09,39.65000152587891,39.99900054931641,39.59999847412109,39.90299987792969,2899700.0,0.0,0.0,
2021-03-10,40.09999847412109,40.11399841308594,39.88000106811523,39.97850036621094,2297000.0,0.0,0.0,
2021-03-12,40.14500045776367,40.14500045776367,39.66049957275391,39.72249984741211,2573000.0,0.0,0.0,
2021-03-15,40.20999908447266,40.26900100708008,39.95999908447266,40.14649963378906,24286000.0,0.0,0.0,
2021-03-16,40.38999938964844,40.38999938964844,40.01399993896484,40.22050094604492,6330100.0,0.0,0.0,
2021-03-17,40.25,40.29700088500977,40.11600112915039,40.15299987792969,2511200.0,0.0,0.0,
2021-03-18,40.25,40.43999862670898,40.07949829101562,40.13750076293945,2194200.0,0.0,0.0,
2021-03-19,40.19950103759766,40.45000076293945,40.00650024414062,40.20949935913086,1134700.0,0.0,0.0,
2021-03-22,39.93000030517578,40.45500183105469,39.82049942016602,39.86449813842773,2120100.0,0.0,0.0,
2021-03-23,40.47999954223633,40.47999954223633,39.80099868774414,39.9739990234375,1188500.0,0.0,0.0,
2021-03-24,40.2400016784668,40.2400016784668,39.81000137329102,39.97650146484375,921600.0,0.0,0.0,
2021-03-25,40.0994987487793,40.0994987487793,39.84049987792969,39.9275016784668,774800.0,0.0,0.0,
2021-03-26,39.93000030517578,39.99499893188477,39.80950164794922,39.89350128173828,1209700.0,0.0,0.0,
2021-03-30,39.70000076293945,39.90000152587891,39.40999984741211,39.5260009765625,2447900.0,0.0,0.0,
2021-03-31,39.5994987487793,39.63700103759766,39.34999847412109,39.40800094604492,1724300.0,0.0,0.0,
2021-04-01,40.45000076293945,40.45000076293945,39.66249847412109,40.19950103759766,926100.0,0.0,0.0,
2021-04-05,40.63000106811523,40.63000106811523,40.20050048828125,40.3484992980957,1523400.0,0.0,0.0,
2021-04-06,40.56000137329102,40.83000183105469,40.4114990234375,40.48849868774414,1574100.0,0.0,0.0,
2021-04-07,40.68849945068359,41.24850082397461,40.56549835205078,41.10649871826172,3285600.0,0.0,0.0,
2021-04-08,41.24499893188477,41.40000152587891,41.05049896240234,41.34700012207031,1393100.0,0.0,0.0,
2021-04-09,41.74499893188477,41.74499893188477,41.41999816894531,41.49700164794922,1591700.0,0.0,0.0,
2021-04-12,41.69950103759766,41.69950103759766,41.31650161743164,41.43849945068359,2179600.0,0.0,0.0,
2021-04-13,41.43999862670898,41.59749984741211,41.22650146484375,41.54750061035156,1043900.0,0.0,0.0,
2021-04-15,41.75949859619141,41.84000015258789,41.60549926757812,41.76950073242188,855300.0,0.0,0.0,
2021-04-16,41.88100051879883,41.99800109863281,41.63999938964844,41.85049819946289,1891200.0,0.0,0.0,
2021-04-19,41.98500061035156,42.58399963378906,41.97999954223633,42.54750061035156,1295500.0,0.0,0.0,
2021-04-20,42.4995002746582,42.54999923706055,41.95050048828125,42.17950057983398,2875600.0,0.0,0.0,
2021-04-22,43.45000076293945,43.45000076293945,42.47000122070312,42.52299880981445,2632800.0,0.0,0.0,
2021-04-23,42.65900039672852,42.68000030517578,42.29949951171875,42.54550170898438,2666900.0,0.0,0.0,
2021-04-26,42.4900016784668,42.52999877929688,42.09999847412109,42.25450134277344,1296300.0,0.0,0.0,
2021-04-27,42.27050018310547,42.27050018310547,42.06050109863281,42.21049880981445,1995100.0,0.0,0.0,
2021-04-28,42.18999862670898,42.18999862670898,41.70000076293945,41.74399948120117,1511900.0,0.0,0.0,
2021-04-29,42.08150100708008,42.08150100708008,41.66999816894531,41.69800186157227,588600.0,0.0,0.0,
2021-04-30,41.7400016784668,41.7400016784668,41.54999923706055,41.63249969482422,795600.0,0.0,0.0,
2021-05-03,41.94499969482422,41.94499969482422,41.72650146484375,41.76449966430664,2125300.0,0.0,0.0,
2021-05-04,42.2400016784668,42.2400016784668,41.8025016784668,41.84149932861328,771400.0,0.0,0.0,
2021-05-05,41.82949829101562,41.98500061035156,41.60549926757812,41.64049911499023,680800.0,0.0,0.0,
2021-05-06,41.86449813842773,41.95000076293945,41.75400161743164,41.90650177001953,636600.0,0.0,0.0,
2021-05-07,42.34400177001953,42.35049819946289,42.08000183105469,42.30149841308594,882900.0,0.0,0.0,
2021-05-10,42.54949951171875,42.6609992980957,42.31000137329102,42.52099990844727,1167700.0,0.0,0.0,
2021-05-11,42.63000106811523,42.68500137329102,42.41999816894531,42.48699951171875,1535900.0,0.0,0.0,
2021-05-12,42.36299896240234,42.54999923706055,42.12599945068359,42.4739990234375,2811200.0,0.0,0.0,
2021-05-14,42.7400016784668,42.7400016784668,42.30049896240234,42.49750137329102,4071800.0,0.0,0.0,
2021-05-17,42.73400115966797,42.9900016784668,42.67150115966797,42.85300064086914,1403500.0,0.0,0.0,
2021-05-18,43.29999923706055,43.29999923706055,43.02700042724609,43.11100006103516,2793100.0,0.0,0.0,
2021-05-19,43.07849884033203,43.16500091552734,42.95050048828125,43.00799942016602,1273200.0,0.0,0.0,
2021-05-20,43.15999984741211,43.34400177001953,43.15499877929688,43.22750091552734,1505300.0,0.0,0.0,
2021-05-21,43.20999908447266,43.29800033569336,43.11999893188477,43.20449829101562,820900.0,0.0,0.0,
2021-05-24,43.20999908447266,43.33000183105469,43.15000152587891,43.21749877929688,584600.0,0.0,0.0,
2021-05-25,43.06000137329102,43.29000091552734,43.0265007019043,43.20949935913086,960000.0,0.0,0.0,
2021-05-26,43.34999847412109,43.68949890136719,43.34999847412109,43.56949996948242,505500.0,0.0,0.0,
2021-05-27,43.4635009765625,43.53950119018555,43.31000137329102,43.33000183105469,460100.0,0.0,0.0,
2021-05-28,43.40000152587891,43.40000152587891,43.15000152587891,43.23450088500977,593900.0,0.0,0.0,
2021-05-31,43.34999847412109,43.6505012512207,43.33150100708008,43.62850189208984,1059700.0,0.0,0.0,
2021-06-01,43.81499862670898,43.97999954223633,43.66400146484375,43.92800140380859,1141200.0,0.0,0.0,
2021-06-02,43.88000106811523,43.88000106811523,43.5724983215332,43.62950134277344,754300.0,0.0,0.0,
2021-06-03,43.67150115966797,43.81900024414062,43.45050048828125,43.5099983215332,696500.0,0.0,0.0,
2021-06-04,43.35749816894531,43.45000076293945,42.83499908447266,43.16899871826172,1336400.0,0.0,0.0,
2021-06-07,43.52050018310547,43.59500122070312,43.20000076293945,43.30699920654297,1599000.0,0.0,0.0,
2021-06-08,43.36050033569336,43.61000061035156,43.36000061035156,43.48350143432617,1548100.0,0.0,0.0,
2021-06-09,43.5,43.62950134277344,43.42100143432617,43.51699829101562,1070000.0,0.0,0.0,
2021-06-10,43.48600006103516,43.52949905395508,43.30149841308594,43.40250015258789,1011500.0,0.0,0.0,
2021-06-11,43.56499862670898,43.79850006103516,43.5620002746582,43.68600082397461,2585700.0,0.0,0.0,
2021-06-14,43.5,43.54999923706055,42.96649932861328,43.06449890136719,1410200.0,0.0,0.0,
2021-06-15,43.14950180053711,43.24399948120117,43.03049850463867,43.15900039672852,1479200.0,0.0,0.0,
2021-06-16,43.15000152587891,43.18399810791016,43.0004997253418,43.08200073242188,2456400.0,0.0,0.0,
2021-06-17,43.29999923706055,43.29999923706055,42.25550079345703,42.34999847412109,2189100.0,0.0,0.0,
2021-06-18,42.25,42.25,41.91999816894531,42.0724983215332,1718300.0,0.0,0.0,
2021-06-21,41.97499847412109,41.99700164794922,41.60200119018555,41.91299819946289,1905900.0,0.0,0.0,
2021-06-22,41.91299819946289,42.10350036621094,41.77000045776367,41.89799880981445,1402100.0,0.0,0.0,
2021-06-23,41.90000152587891,42.01750183105469,41.81600189208984,41.95000076293945,1715900.0,0.0,0.0,
2021-06-24,41.93899917602539,41.97900009155273,41.72249984741211,41.90549850463867,602700.0,0.0,0.0,
2021-06-25,41.89950180053711,42.04349899291992,41.7599983215332,41.95449829101562,808100.0,0.0,0.0,
2021-06-28,41.9995002746582,42.07500076293945,41.79999923706055,41.85100173950195,831100.0,0.0,0.0,
2021-06-29,41.98500061035156,41.98500061035156,41.66450119018555,41.68450164794922,1449600.0,0.0,0.0,
2021-06-30,41.68999862670898,41.68999862670898,41.38000106811523,41.45849990844727,5011100.0,0.0,0.0,
2021-07-01,41.6609992980957,42.0004997253418,41.6609992980957,41.87350082397461,559600.0,0.0,0.0,
2021-07-02,41.81000137329102,42.25,41.81000137329102,42.19649887084961,938200.0,0.0,0.0,
2021-07-05,42.375,42.375,42.06650161743164,42.26599884033203,600000.0,0.0,0.0,
2021-07-06,42.41999816894531,42.68000030517578,42.2599983215332,42.64250183105469,1406900.0,0.0,0.0,
2021-07-07,42.68999862670898,42.79899978637695,42.54249954223633,42.7239990234375,573200.0,0.0,0.0,
2021-07-08,42.72499847412109,42.84999847412109,42.47000122070312,42.71149826049805,510300.0,0.0,0.0,
2021-07-09,42.70000076293945,42.72949981689453,42.47000122070312,42.66350173950195,8691700.0,0.0,0.0,
2021-07-12,42.71950149536133,42.71950149536133,42.43099975585938,42.49900054931641,444000.0,0.0,0.0,
2021-07-13,42.49900054931641,42.68500137329102,42.49900054931641,42.61299896240234,394700.0,0.0,0.0,
2021-07-14,42.65000152587891,42.78400039672852,42.61349868774414,42.73749923706055,658400.0,0.0,0.0,
2021-07-15,42.81000137329102,43.02999877929688,42.81000137329102,42.97949981689453,531400.0,0.0,0.0,
2021-07-16,42.97949981689453,42.97949981689453,42.78400039672852,42.92800140380859,516700.0,0.0,0.0,
2021-07-19,42.90000152587891,42.90000152587891,42.5625,42.6254997253418,503300.0,0.0,0.0,
2021-07-20,42.75099945068359,43.09999847412109,42.5994987487793,42.6609992980957,6025500.0,0.0,0.0,
2021-07-22,42.29800033569336,42.44400024414062,42.05500030517578,42.3484992980957,682500.0,0.0,0.0,
2021-07-23,42.40999984741211,42.5629997253418,42.36650085449219,42.43650054931641,939900.0,0.0,0.0,
2021-07-26,42.43650054931641,42.58150100708008,42.36199951171875,42.41450119018555,599700.0,0.0,0.0,
2021-07-27,42.41450119018555,42.45000076293945,42.2400016784668,42.40549850463867,407400.0,0.0,0.0,
2021-07-28,42.43000030517578,42.58499908447266,42.32500076293945,42.375,363700.0,0.0,0.0,
2021-07-29,42.66049957275391,42.88399887084961,42.42100143432617,42.7755012512207,990300.0,0.0,0.0,
2021-07-30,42.96900177001953,43.03549957275391,42.84999847412109,42.94850158691406,1475900.0,0.0,0.0,
2021-08-02,42.79100036621094,42.79999923706055,42.60150146484375,42.61550140380859,556400.0,0.0,0.0,
2021-08-03,42.88999938964844,42.88999938964844,42.51499938964844,42.69950103759766,720600.0,0.0,0.0,
2021-08-04,42.78499984741211,42.78499984741211,42.54999923706055,42.70600128173828,559000.0,0.0,0.0,
2021-08-05,42.72050094604492,42.73949813842773,42.5989990234375,42.61249923706055,301200.0,0.0,0.0,
2021-08-06,42.54999923706055,42.59999847412109,42.34999847412109,42.4630012512207,891100.0,0.0,0.0,
2021-08-09,41.98899841308594,42.19950103759766,41.18999862670898,41.42649841308594,3226000.0,0.0,0.0,
2021-08-10,41.47999954223633,41.54949951171875,41.23500061035156,41.2599983215332,1332400.0,0.0,0.0,
2021-08-11,41.42499923706055,41.42499923706055,41.22000122070312,41.34650039672852,892700.0,0.0,0.0,
2021-08-12,41.60449981689453,41.72000122070312,41.50099945068359,41.66350173950195,397500.0,0.0,0.0,
2021-08-13,41.78450012207031,41.78499984741211,41.45050048828125,41.57899856567383,908400.0,0.0,0.0,
2021-08-16,41.76750183105469,41.98500061035156,41.72499847412109,41.88000106811523,524600.0,0.0,0.0,
2021-08-17,41.96950149536133,42.29000091552734,41.95500183105469,42.23199844360352,808800.0,0.0,0.0,
2021-08-18,42.27949905395508,42.28499984741211,42.0099983215332,42.10800170898438,604200.0,0.0,0.0,
2021-08-20,42.18500137329102,42.19950103759766,42.01250076293945,42.05599975585938,1230300.0,0.0,0.0,
2021-08-23,42.22949981689453,42.22949981689453,42.0,42.02949905395508,933800.0,0.0,0.0,
2021-08-24,42.39950180053711,42.39950180053711,42.11000061035156,42.20600128173828,238800.0,0.0,0.0,
2021-08-25,42.18500137329102,42.18500137329102,42.02450180053711,42.06750106811523,350200.0,0.0,0.0,
2021-08-26,42.08050155639648,42.08050155639648,41.77500152587891,41.80350112915039,673300.0,0.0,0.0,
2021-08-27,42.08449935913086,42.20999908447266,41.90950012207031,41.94350051879883,401700.0,0.0,0.0,
2021-08-30,42.28450012207031,42.28499984741211,42.05400085449219,42.06600189208984,677300.0,0.0,0.0,
2021-08-31,42.13949966430664,42.13949966430664,41.84999847412109,41.91799926757812,455600.0,0.0,0.0,
2021-09-01,42.04949951171875,42.45000076293945,41.89099884033203,41.97700119018555,394500.0,0.0,0.0,
2021-09-02,41.98949813842773,42.04999923706055,41.86050033569336,42.03749847412109,1039200.0,0.0,0.0,
2021-09-03,42.03950119018555,42.03950119018555,41.86650085449219,41.95249938964844,490400.0,0.0,0.0,
2021-09-06,42.39899826049805,42.39899826049805,42.06600189208984,42.27299880981445,727400.0,0.0,0.0,
2021-09-07,42.11050033569336,42.32949829101562,42.09999847412109,42.15599822998047,1527100.0,0.0,0.0,
2021-09-08,42.04449844360352,42.04499816894531,41.81499862670898,41.94449996948242,1405700.0,0.0,0.0,
2021-09-09,41.94449996948242,41.94449996948242,41.7599983215332,41.85400009155273,974000.0,0.0,0.0,
2021-09-13,41.92649841308594,41.92649841308594,41.71649932861328,41.79000091552734,931200.0,0.0,0.0,
2021-09-14,41.81999969482422,41.88100051879883,41.7400016784668,41.7755012512207,640700.0,0.0,0.0,
2021-09-15,42.18949890136719,42.18999862670898,41.86299896240234,42.02999877929688,717800.0,0.0,0.0,
2021-09-16,42.02999877929688,42.02999877929688,41.52999877929688,41.59400177001953,1925800.0,0.0,0.0,
2021-09-17,41.40000152587891,41.40000152587891,41.11299896240234,41.28350067138672,1907300.0,0.0,0.0,
2021-09-20,41.28350067138672,41.34349822998047,41.01950073242188,41.27450180053711,2400500.0,0.0,0.0,
2021-09-21,41.28549957275391,41.31999969482422,41.20000076293945,41.29349899291992,588100.0,0.0,0.0,
2021-09-22,41.69900131225586,41.73899841308594,41.45000076293945,41.65250015258789,1066600.0,0.0,0.0,
2021-09-23,41.69950103759766,41.69950103759766,41.22150039672852,41.36249923706055,2056300.0,0.0,0.0,
2021-09-24,41.24449920654297,41.24499893188477,41.0099983215332,41.05799865722656,1539000.0,0.0,0.0,
2021-09-27,41.24449920654297,41.24499893188477,41.0,41.01250076293945,745600.0,0.0,0.0,
2021-09-28,41.36000061035156,41.36000061035156,40.93050003051758,41.02799987792969,1195400.0,0.0,0.0,
2021-09-29,41.12350082397461,41.15000152587891,41.0099983215332,41.10900115966797,1590900.0,0.0,0.0,
2021-09-30,41.29000091552734,41.29000091552734,40.80500030517578,40.84049987792969,1774000.0,0.0,0.0,
2021-10-01,41.19950103759766,41.3489990234375,41.13999938964844,41.29349899291992,2779600.0,0.0,0.0,
2021-10-04,41.30049896240234,41.4995002746582,41.15000152587891,41.22800064086914,1085100.0,0.0,0.0,
2021-10-05,41.58449935913086,41.58499908447266,41.40000152587891,41.47900009155273,954400.0,0.0,0.0,
2021-10-06,41.44950103759766,41.59999847412109,41.33050155639648,41.51399993896484,870900.0,0.0,0.0,
2021-10-07,41.66899871826172,41.75,41.52000045776367,41.61299896240234,882900.0,0.0,0.0,
2021-10-08,41.69449996948242,41.69499969482422,41.54999923706055,41.63000106811523,413200.0,0.0,0.0,
2021-10-11,41.71799850463867,41.84000015258789,41.55049896240234,41.71699905395508,524000.0,0.0,0.0,
2021-10-12,41.88449859619141,41.95000076293945,41.77500152587891,41.93349838256836,503400.0,0.0,0.0,
2021-10-13,41.98949813842773,41.99250030517578,41.83150100708008,41.96649932861328,802600.0,0.0,0.0,
2021-10-14,42.21149826049805,42.57799911499023,42.20100021362305,42.49499893188477,1628100.0,0.0,0.0,
2021-10-18,42.16799926757812,42.18999862670898,41.92499923706055,42.01399993896484,1334100.0,0.0,0.0,
2021-10-19,42.03549957275391,42.2400016784668,42.03499984741211,42.15349960327148,664000.0,0.0,0.0,
2021-10-20,42.15000152587891,42.19649887084961,42.0359992980957,42.14950180053711,1316600.0,0.0,0.0,
2021-10-21,42.29449844360352,42.29949951171875,42.15000152587891,42.16249847412109,432100.0,0.0,0.0,
2021-10-22,42.27450180053711,42.34400177001953,42.14049911499023,42.27149963378906,651000.0,0.0,0.0,
2021-10-25,42.37799835205078,42.61999893188477,42.27000045776367,42.52299880981445,2174300.0,0.0,0.0,
2021-10-26,42.78450012207031,42.88999938964844,42.59999847412109,42.70500183105469,2141500.0,0.0,0.0,
2021-10-27,42.58449935913086,42.58499908447266,42.25249862670898,42.3125,1524100.0,0.0,0.0,
2021-10-28,42.64899826049805,42.68399810791016,42.42699813842773,42.53549957275391,2114300.0,0.0,0.0,
2021-10-29,42.53499984741211,42.59000015258789,42.36750030517578,42.54949951171875,1679600.0,0.0,0.0,
2021-11-01,42.48949813842773,42.54000091552734,42.25,42.31449890136719,1061100.0,0.0,0.0,
2021-11-02,42.58449935913086,42.66999816894531,42.4370002746582,42.54650115966797,1714100.0,0.0,0.0,
2021-11-03,42.49900054931641,42.55049896240234,42.01649856567383,42.0724983215332,1003400.0,0.0,0.0,
2021-11-04,42.79999923706055,42.79999923706055,42.29949951171875,42.39149856567383,558700.0,0.0,0.0,
2021-11-08,42.70000076293945,42.7495002746582,42.41650009155273,42.55049896240234,1413800.0,0.0,0.0,
2021-11-09,42.56150054931641,42.79999923706055,42.54999923706055,42.78200149536133,1143300.0,0.0,0.0,
2021-11-10,42.61050033569336,42.92499923706055,42.61000061035156,42.84450149536133,926900.0,0.0,0.0,
2021-11-11,43.02299880981445,43.79399871826172,43.0,43.75799942016602,2447700.0,0.0,0.0,
2021-11-12,43.70000076293945,43.7400016784668,43.45000076293945,43.54650115966797,960100.0,0.0,0.0,
2021-11-15,43.20999908447266,43.7400016784668,40.93399810791016,43.64649963378906,1926000.0,0.0,0.0,
2021-11-16,43.69350051879883,44.00199890136719,43.61650085449219,43.89950180053711,1376100.0,0.0,0.0,
2021-11-17,43.72150039672852,43.74399948120117,43.47949981689453,43.63850021362305,1751200.0,0.0,0.0,
2021-11-18,43.64500045776367,43.7599983215332,43.58000183105469,43.74050140380859,6563000.0,0.0,0.0,
2021-11-22,43.57149887084961,43.59400177001953,43.26649856567383,43.34550094604492,5597300.0,0.0,0.0,
2021-11-23,42.95999908447266,44.04249954223633,42.40000152587891,42.42399978637695,6313500.0,0.0,0.0,
2021-11-24,42.42449951171875,42.48550033569336,42.20999908447266,42.32749938964844,1134900.0,0.0,0.0,
2021-11-25,42.32749938964844,42.5004997253418,42.29999923706055,42.4375,1305100.0,0.0,0.0,
2021-11-26,42.45999908447266,43.90000152587891,42.27000045776367,42.82799911499023,4233100.0,0.0,0.0,
2021-11-29,42.73949813842773,42.84400177001953,42.45000076293945,42.80049896240234,772300.0,0.0,0.0,
2021-11-30,42.79349899291992,42.79949951171875,42.31650161743164,42.59999847412109,883100.0,0.0,0.0,
2021-12-01,42.46950149536133,42.46950149536133,42.18000030517578,42.26549911499023,620700.0,0.0,0.0,
2021-12-02,42.26599884033203,42.34999847412109,42.08000183105469,42.15000152587891,758600.0,0.0,0.0,
2021-12-03,42.19900131225586,42.3849983215332,42.05149841308594,42.15950012207031,490900.0,0.0,0.0,
2021-12-06,42.43650054931641,42.63999938964844,42.32649993896484,42.38150024414062,714300.0,0.0,0.0,
2021-12-07,42.33750152587891,42.52000045776367,42.18050003051758,42.23649978637695,25547800.0,0.0,0.0,
2021-12-08,42.47750091552734,42.66949844360352,42.30400085449219,42.62099838256836,1438200.0,0.0,0.0,
2021-12-09,42.5994987487793,42.5994987487793,42.31650161743164,42.39199829101562,702900.0,0.0,0.0,
2021-12-10,42.54899978637695,42.54899978637695,42.30049896240234,42.32400131225586,1088900.0,0.0,0.0,
2021-12-13,42.4005012512207,42.72999954223633,42.3849983215332,42.65950012207031,824400.0,0.0,0.0,
2021-12-14,42.69649887084961,42.8849983215332,42.60350036621094,42.64550018310547,1595900.0,0.0,0.0,
2021-12-15,42.48149871826172,42.59999847412109,42.40000152587891,42.52999877929688,753400.0,0.0,0.0,
2021-12-16,40.5099983215332,43.04999923706055,40.5099983215332,42.90599822998047,1349900.0,0.0,0.0,
2021-12-17,43.32049942016602,43.9995002746582,43.03049850463867,43.18349838256836,1063000.0,0.0,0.0,
2021-12-20,43.20000076293945,43.27949905395508,42.85950088500977,42.91899871826172,1614500.0,0.0,0.0,
2021-12-21,42.88949966430664,42.88999938964844,42.53099822998047,42.69300079345703,1151900.0,0.0,0.0,
2021-12-22,42.72050094604492,42.72050094604492,42.54999923706055,42.68199920654297,514000.0,0.0,0.0,
2021-12-23,42.78549957275391,42.88000106811523,42.70999908447266,42.80550003051758,635800.0,0.0,0.0,
2021-12-24,42.73949813842773,42.79899978637695,42.64250183105469,42.70050048828125,697600.0,0.0,0.0,
2021-12-27,42.78450012207031,42.84400177001953,42.66450119018555,42.71450042724609,391700.0,0.0,0.0,
2021-12-28,42.62049865722656,42.90000152587891,42.6150016784668,42.85300064086914,1401000.0,0.0,0.0,
2021-12-29,42.82949829101562,42.83000183105469,42.57049942016602,42.60350036621094,216000.0,0.0,0.0,
2021-12-30,42.73949813842773,42.73949813842773,42.30500030517578,42.31349945068359,334000.0,0.0,0.0,
2021-12-31,42.68450164794922,42.68500137329102,42.45050048828125,42.57849884033203,343400.0,0.0,0.0,
2022-01-03,42.65750122070312,42.88949966430664,42.65700149536133,42.75550079345703,556800.0,0.0,0.0,
2022-01-04,42.66949844360352,42.66999816894531,42.43450164794922,42.54499816894531,526300.0,0.0,0.0,
2022-01-05,42.41350173950195,42.88999938964844,42.40999984741211,42.5994987487793,288800.0,0.0,0.0,
2022-01-06,0.426499992609024,0.426499992609024,0.4205000102519989,0.4235000014305115,55083500.0,0.0,0.0,
2022-01-07,0.4490000009536743,0.4490000009536743,0.4205000102519989,0.4214999973773956,50949900.0,0.0,0.0,
2022-01-10,42.34999847412109,42.45000076293945,42.0,42.09999847412109,623078.0,0.0,0.0,
2022-01-11,42.15000152587891,42.40000152587891,42.04999923706055,42.34999847412109,906517.0,0.0,0.0,
2022-01-12,42.34999847412109,42.52999877929688,42.27000045776367,42.43999862670898,788445.0,0.0,0.0,
2022-01-13,42.95000076293945,42.95000076293945,42.40999984741211,42.47000122070312,502092.0,0.0,0.0,
2022-01-14,42.90000152587891,42.90000152587891,42.52000045776367,42.65000152587891,570047.0,0.0,0.0,
2022-01-17,42.65000152587891,42.65000152587891,42.2599983215332,42.56000137329102,652721.0,0.0,0.0,
2022-01-18,42.56000137329102,42.72999954223633,42.47999954223633,42.54999923706055,449364.0,0.0,0.0,
2022-01-19,42.72999954223633,42.72999954223633,42.5099983215332,42.59999847412109,457097.0,0.0,0.0,
2022-01-20,43.45000076293945,43.45000076293945,42.86000061035156,43.09000015258789,1518698.0,0.0,0.0,
2022-01-21,43.20000076293945,43.29000091552734,42.79999923706055,42.86999893188477,1041661.0,0.0,0.0,
2022-01-24,43.18999862670898,43.20000076293945,42.70999908447266,43.13999938964844,1619832.0,0.0,0.0,
2022-01-25,43.27999877929688,43.29999923706055,43.02999877929688,43.11999893188477,1777928.0,0.0,0.0,
2022-01-27,43.09000015258789,45.5,42.65999984741211,42.79000091552734,926435.0,0.0,0.0,
2022-01-28,42.65999984741211,42.68999862670898,42.36999893188477,42.41999816894531,671600.0,0.0,0.0,
2022-01-31,42.47999954223633,42.47999954223633,42.13000106811523,42.16999816894531,4544729.0,0.0,0.0,
2022-02-01,42.36000061035156,42.70000076293945,42.20000076293945,42.65000152587891,903148.0,0.0,0.0,
2022-02-02,42.65000152587891,42.68000030517578,42.43000030517578,42.58000183105469,367798.0,0.0,0.0,
2022-02-03,42.7400016784668,42.75,42.56000137329102,42.63999938964844,276155.0,0.0,0.0,
2022-02-04,42.63999938964844,42.75,42.52999877929688,42.68999862670898,511313.0,0.0,0.0,
2022-02-07,42.79000091552734,42.79000091552734,42.40999984741211,42.63000106811523,513730.0,0.0,0.0,
2022-02-08,42.97999954223633,42.97999954223633,42.65999984741211,42.88000106811523,473973.0,0.0,0.0,
2022-02-09,43.11999893188477,43.11999893188477,42.95000076293945,43.0099983215332,440563.0,0.0,0.0,
2022-02-10,43.38000106811523,43.38000106811523,43.06000137329102,43.18000030517578,366721.0,0.0,0.0,
2022-02-11,43.20000076293945,43.27999877929688,43.11000061035156,43.2400016784668,694801.0,0.0,0.0,
2022-02-14,44.41999816894531,44.41999816894531,43.58000183105469,43.9900016784668,2073411.0,0.0,0.0,
2022-02-15,44.54000091552734,44.54999923706055,43.68000030517578,43.77999877929688,2295047.0,0.0,0.0,
2022-02-16,44.11000061035156,44.11000061035156,43.52000045776367,43.65000152587891,800750.0,0.0,0.0,
2022-02-17,44.13999938964844,44.45000076293945,43.72000122070312,44.40000152587891,1245906.0,0.0,0.0,
2022-02-18,44.86000061035156,44.86000061035156,44.18000030517578,44.20999908447266,808230.0,0.0,0.0,
2022-02-21,44.4900016784668,44.4900016784668,43.95999908447266,44.09000015258789,1032391.0,0.0,0.0,
2022-02-22,44.5,44.75,44.22000122070312,44.41999816894531,1462216.0,0.0,0.0,
2022-02-23,44.59000015258789,44.59000015258789,44.06000137329102,44.15999984741211,372423.0,0.0,0.0,
2022-02-24,45.11999893188477,45.79999923706055,44.59999847412109,45.68999862670898,2660406.0,0.0,0.0,
2022-02-25,45.59000015258789,45.68999862670898,44.52999877929688,44.63000106811523,5137303.0,0.0,0.0,
2022-02-28,45.58000183105469,45.58000183105469,44.5099983215332,44.58000183105469,1774615.0,0.0,0.0,
2022-03-02,49.90999984741211,49.90999984741211,45.15999984741211,45.43999862670898,1934295.0,0.0,0.0,
2022-03-03,45.90000152587891,45.90000152587891,45.15000152587891,45.43000030517578,1171925.0,0.0,0.0,
2022-03-04,46.43000030517578,46.43000030517578,45.56000137329102,45.65000152587891,637387.0,0.0,0.0,
2022-03-07,46.70000076293945,47.65000152587891,46.36000061035156,47.20000076293945,6007129.0,0.0,0.0,
2022-03-08,47.43999862670898,47.61999893188477,46.56000137329102,46.95999908447266,1506131.0,0.0,0.0,
2022-03-09,49.18000030517578,49.18000030517578,46.0,46.66999816894531,3050351.0,0.0,0.0,
2022-03-10,46.47999954223633,46.47999954223633,43.90000152587891,45.65000152587891,2283489.0,0.0,0.0,
2022-03-11,46.97999954223633,46.97999954223633,45.7599983215332,46.04999923706055,774183.0,0.0,0.0,
2022-03-14,46.97999954223633,46.97999954223633,45.27999877929688,45.47000122070312,767750.0,0.0,0.0,
2022-03-15,45.4900016784668,45.54000091552734,45.04999923706055,45.29000091552734,1393748.0,0.0,0.0,
2022-03-16,45.27999877929688,45.38000106811523,44.38000106811523,45.18000030517578,956475.0,0.0,0.0,
2022-03-17,45.66999816894531,45.66999816894531,42.5,45.29999923706055,1058339.0,0.0,0.0,
2022-03-21,45.4900016784668,45.4900016784668,45.02000045776367,45.09000015258789,1074948.0,0.0,0.0,
2022-03-22,45.68999862670898,45.68999862670898,45.15999984741211,45.29999923706055,615530.0,0.0,0.0,
2022-03-23,45.43999862670898,45.43999862670898,45.02999877929688,45.38000106811523,1503308.0,0.0,0.0,
2022-03-24,46.13999938964844,46.13999938964844,45.40999984741211,45.58000183105469,1008857.0,0.0,0.0,
2022-03-25,46.91999816894531,46.91999816894531,45.65000152587891,45.68999862670898,375106.0,0.0,0.0,
2022-03-28,45.9900016784668,45.9900016784668,45.2599983215332,45.40000152587891,1082144.0,0.0,0.0,
2022-03-29,45.68000030517578,45.68000030517578,45.02000045776367,45.22999954223633,583011.0,0.0,0.0,
2022-03-30,44.88000106811523,45.95000076293945,44.88000106811523,45.31999969482422,1579100.0,0.0,0.0,
2022-03-31,45.68999862670898,45.68999862670898,45.11999893188477,45.40000152587891,1682052.0,0.0,0.0,
2022-04-01,45.65000152587891,45.93999862670898,45.40000152587891,45.68999862670898,545390.0,0.0,0.0,
2022-04-04,45.81999969482422,45.81999969482422,45.06000137329102,45.2599983215332,1052861.0,0.0,0.0,
2022-04-05,45.0,45.61999893188477,45.0,45.52000045776367,701857.0,0.0,0.0,
2022-04-06,45.81999969482422,45.81999969482422,45.13000106811523,45.65000152587891,504015.0,0.0,0.0,
2022-04-07,44.93999862670898,45.93999862670898,44.93999862670898,45.63999938964844,547026.0,0.0,0.0,
2022-04-08,45.9900016784668,45.9900016784668,45.56000137329102,45.79000091552734,204382.0,0.0,0.0,
2022-04-11,46.31999969482422,46.40000152587891,45.86000061035156,46.34999847412109,545341.0,0.0,0.0,
2022-04-12,46.08000183105469,46.63000106811523,46.08000183105469,46.29999923706055,531814.0,0.0,0.0,
2022-04-13,46.95000076293945,46.95000076293945,46.41999816894531,46.81000137329102,353658.0,0.0,0.0,
2022-04-18,46.90999984741211,47.34999847412109,46.90000152587891,47.22000122070312,1222059.0,0.0,0.0,
2022-04-19,47.38000106811523,47.38000106811523,46.90999984741211,47.18999862670898,667206.0,0.0,0.0,
2022-04-20,46.9900016784668,46.9900016784668,46.11000061035156,46.38000106811523,796805.0,0.0,0.0,
2022-04-21,49.93999862670898,49.93999862670898,46.2599983215332,46.45999908447266,1270609.0,0.0,0.0,
2022-04-22,46.88999938964844,46.88999938964844,46.34999847412109,46.65000152587891,671563.0,0.0,0.0,
2022-04-25,49.93999862670898,49.93999862670898,45.95000076293945,46.16999816894531,1202984.0,0.0,0.0,
2022-04-26,45.95000076293945,46.40000152587891,45.61000061035156,45.95999908447266,969311.0,0.0,0.0,
2022-04-27,48.9900016784668,48.9900016784668,45.52000045776367,45.81000137329102,607352.0,0.0,0.0,
2022-04-28,45.90000152587891,45.90000152587891,45.15999984741211,45.47999954223633,395877.0,0.0,0.0,
2022-04-29,45.9900016784668,46.43999862670898,45.61000061035156,46.0,1281371.0,0.0,0.0,
2022-05-02,45.84999847412109,45.84999847412109,45.2599983215332,45.29999923706055,634844.0,0.0,0.0,
2022-05-04,49.93999862670898,49.93999862670898,44.81000137329102,45.09999847412109,1419431.0,0.0,0.0,
2022-05-05,45.95000076293945,45.95000076293945,45.31000137329102,45.63000106811523,563292.0,0.0,0.0,
2022-05-06,48.9900016784668,48.9900016784668,45.13000106811523,45.75,645334.0,0.0,0.0,
2022-05-09,45.95000076293945,45.95000076293945,45.56000137329102,45.68999862670898,563157.0,0.0,0.0,
2022-05-10,45.79000091552734,45.79000091552734,45.25,45.41999816894531,2427516.0,0.0,0.0,
2022-05-11,45.40000152587891,45.4900016784668,44.86000061035156,45.2599983215332,1068713.0,0.0,0.0,
2022-05-12,45.41999816894531,45.9900016784668,45.04999923706055,45.27000045776367,513047.0,0.0,0.0,
2022-05-13,45.86000061035156,45.86000061035156,44.45999908447266,44.52000045776367,946390.0,0.0,0.0,
2022-05-16,44.52000045776367,44.52000045776367,44.15999984741211,44.25,861070.0,0.0,0.0,
2022-05-17,45.95000076293945,45.95000076293945,44.45000076293945,44.70999908447266,243154.0,0.0,0.0,
2022-05-18,48.4900016784668,48.9900016784668,44.20999908447266,44.59999847412109,547221.0,0.0,0.0,
2022-05-19,44.93999862670898,44.93999862670898,44.45000076293945,44.79000091552734,974606.0,0.0,0.0,
2022-05-20,45.04999923706055,45.2400016784668,44.79000091552734,45.18000030517578,901578.0,0.0,0.0,
2022-05-23,45.27999877929688,45.63000106811523,45.20000076293945,45.36999893188477,984544.0,0.0,0.0,
2022-05-24,45.54999923706055,45.54999923706055,45.06000137329102,45.43000030517578,1187203.0,0.0,0.0,
2022-05-25,45.79000091552734,45.79000091552734,45.20000076293945,45.29000091552734,607261.0,0.0,0.0,
2022-05-26,45.15000152587891,45.34999847412109,44.90999984741211,45.09999847412109,518744.0,0.0,0.0,
2022-05-27,45.47999954223633,45.47999954223633,44.90999984741211,45.31000137329102,1037333.0,0.0,0.0,
2022-05-30,45.11000061035156,45.5,45.11000061035156,45.13000106811523,698635.0,0.0,0.0,
2022-05-31,45.25,45.36000061035156,44.91999816894531,45.09000015258789,1457803.0,0.0,0.0,
2022-06-01,44.9900016784668,44.9900016784668,44.56000137329102,44.63000106811523,841033.0,0.0,0.0,
2022-06-02,44.9900016784668,53.4900016784668,44.7599983215332,45.29000091552734,566374.0,0.0,0.0,
2022-06-03,45.68999862670898,45.72999954223633,45.31999969482422,45.34999847412109,775668.0,0.0,0.0,
2022-06-06,45.38999938964844,45.38999938964844,45.04999923706055,45.25,819787.0,0.0,0.0,
2022-06-07,45.22999954223633,45.43999862670898,44.86000061035156,45.04999923706055,620850.0,0.0,0.0,
2022-06-08,45.2400016784668,45.2400016784668,45.04999923706055,45.18000030517578,1105765.0,0.0,0.0,
2022-06-09,45.36000061035156,45.38000106811523,45.09999847412109,45.20000076293945,756004.0,0.0,0.0,
2022-06-10,45.18999862670898,45.2400016784668,45.0,45.15999984741211,371245.0,0.0,0.0,
2022-06-13,45.59000015258789,45.83000183105469,45.31999969482422,45.45000076293945,1000739.0,0.0,0.0,
2022-06-14,44.97999954223633,44.9900016784668,44.72000122070312,44.79999923706055,455288.0,0.0,0.0,
2022-06-15,44.79000091552734,44.95000076293945,44.5099983215332,44.77999877929688,164006.0,0.0,0.0,
2022-06-16,45.11999893188477,45.11999893188477,44.81000137329102,44.95000076293945,349971.0,0.0,0.0,
2022-06-17,45.38000106811523,45.38000106811523,45.04999923706055,45.2599983215332,404020.0,0.0,0.0,
2022-06-20,45.15999984741211,45.2400016784668,44.95999908447266,45.04999923706055,353959.0,0.0,0.0,
2022-06-21,45.27000045776367,45.27000045776367,44.83000183105469,44.93000030517578,328261.0,0.0,0.0,
2022-06-22,44.93000030517578,45.0,44.77000045776367,44.88000106811523,223233.0,0.0,0.0,
2022-06-23,45.04999923706055,45.15000152587891,44.83000183105469,45.0,265267.0,0.0,0.0,
2022-06-24,44.9900016784668,44.9900016784668,44.75,44.86999893188477,203470.0,0.0,0.0,
2022-06-27,45.09000015258789,45.25,44.86999893188477,45.13999938964844,3810613.0,0.0,0.0,
2022-06-28,45.04999923706055,45.27999877929688,44.91999816894531,45.2400016784668,2520480.0,0.0,0.0,
2022-06-29,45.2400016784668,45.2400016784668,44.93999862670898,45.11999893188477,9081900.0,0.0,0.0,
2022-06-30,45.34000015258789,45.34000015258789,44.93000030517578,45.04000091552734,484956.0,0.0,0.0,
2022-07-01,45.04000091552734,45.86000061035156,45.04000091552734,45.70000076293945,1219450.0,0.0,0.0,
2022-07-04,46.45000076293945,46.45000076293945,45.79999923706055,45.86999893188477,291584.0,0.0,0.0,
2022-07-05,46.16999816894531,46.34000015258789,45.90999984741211,45.95999908447266,1280194.0,0.0,0.0,
2022-07-06,45.43999862670898,45.59999847412109,45.15000152587891,45.43999862670898,508500.0,0.0,0.0,
2022-07-07,45.2400016784668,45.2400016784668,44.72000122070312,44.86000061035156,1109311.0,0.0,0.0,
2022-07-08,44.9900016784668,45.08000183105469,44.70000076293945,44.88999938964844,427555.0,0.0,0.0,
2022-07-11,45.18999862670898,45.29000091552734,44.84000015258789,44.86999893188477,255974.0,0.0,0.0,
2022-07-12,44.86999893188477,45.13999938964844,44.77000045776367,45.04999923706055,398923.0,0.0,0.0,
2022-07-13,44.88999938964844,45.45000076293945,44.65000152587891,45.15000152587891,676005.0,0.0,0.0,
2022-07-14,44.75,45.45000076293945,44.5099983215332,44.93000030517578,396185.0,0.0,0.0,
2022-07-15,45.22999954223633,45.29999923706055,44.36000061035156,44.84000015258789,124951.0,0.0,0.0,
2022-07-18,45.18999862670898,45.29999923706055,44.65999984741211,45.11999893188477,238349.0,0.0,0.0,
2022-07-19,45.18999862670898,45.20000076293945,44.63000106811523,45.04999923706055,108673.0,0.0,0.0,
2022-07-20,45.18999862670898,45.31000137329102,45.0,45.0099983215332,107078.0,0.0,0.0,
2022-07-21,44.97000122070312,45.15000152587891,44.81000137329102,44.97999954223633,328151.0,0.0,0.0,
2022-07-22,44.81000137329102,45.27000045776367,44.81000137329102,45.20000076293945,105227.0,0.0,0.0,
2022-07-25,45.45000076293945,45.45000076293945,44.9900016784668,45.11999893188477,247958.0,0.0,0.0,
2022-07-26,45.43000030517578,45.43000030517578,44.72999954223633,44.90999984741211,459732.0,0.0,0.0,
2022-07-27,45.18999862670898,45.18999862670898,44.66999816894531,44.83000183105469,266383.0,0.0,0.0,
2022-07-28,45.38999938964844,45.38999938964844,44.95999908447266,45.16999816894531,285164.0,0.0,0.0,
2022-07-29,45.63999938964844,45.63999938964844,45.20999908447266,45.2400016784668,541167.0,0.0,0.0,
2022-08-01,45.47000122070312,45.5,45.18000030517578,45.34999847412109,270001.0,0.0,0.0,
2022-08-02,45.68999862670898,45.68999862670898,45.15999984741211,45.36999893188477,270452.0,0.0,0.0,
2022-08-03,45.25,45.45000076293945,45.15000152587891,45.40000152587891,216412.0,0.0,0.0,
2022-08-04,45.63000106811523,45.88999938964844,45.40000152587891,45.70000076293945,440757.0,0.0,0.0,
2022-08-05,46.0,46.0,45.61000061035156,45.83000183105469,844798.0,0.0,0.0,
2022-08-08,45.9900016784668,45.9900016784668,45.47000122070312,45.66999816894531,409349.0,0.0,0.0,
2022-08-10,45.7599983215332,46.20000076293945,45.7599983215332,46.09000015258789,507456.0,0.0,0.0,
2022-08-11,46.04999923706055,46.27999877929688,45.61999893188477,46.13999938964844,230608.0,0.0,0.0,
2022-08-12,46.34000015258789,46.34000015258789,46.0,46.29000091552734,262852.0,0.0,0.0,
2022-08-16,46.43000030517578,46.43000030517578,45.75,45.77999877929688,287908.0,0.0,0.0,
2022-08-17,45.97000122070312,45.97000122070312,45.68999862670898,45.7599983215332,660397.0,0.0,0.0,
2022-08-18,45.88999938964844,45.93000030517578,45.45999908447266,45.86000061035156,1246320.0,0.0,0.0,
2022-08-19,45.81999969482422,45.81999969482422,45.43000030517578,45.45999908447266,788474.0,0.0,0.0,
2022-08-22,45.65000152587891,45.65000152587891,45.15000152587891,45.22000122070312,296059.0,0.0,0.0,
2022-08-23,45.45000076293945,45.45000076293945,45.08000183105469,45.27999877929688,933524.0,0.0,0.0,
2022-08-24,45.95000076293945,45.95000076293945,45.27999877929688,45.34999847412109,433946.0,0.0,0.0,
2022-08-25,45.72000122070312,45.81000137329102,45.40999984741211,45.68000030517578,705360.0,0.0,0.0,
2022-08-26,45.77999877929688,45.77999877929688,45.27999877929688,45.54000091552734,174922.0,0.0,0.0,
2022-08-29,45.54000091552734,45.54000091552734,44.84999847412109,44.93000030517578,767110.0,0.0,0.0,
2022-08-30,44.43999862670898,45.33000183105469,44.43999862670898,44.9900016784668,286986.0,0.0,0.0,
2022-09-01,44.88999938964844,44.88999938964844,44.31000137329102,44.45999908447266,839157.0,0.0,0.0,
2022-09-02,44.63000106811523,44.63000106811523,44.34000015258789,44.43999862670898,1183190.0,0.0,0.0,
2022-09-05,44.7400016784668,44.79000091552734,44.5,44.72000122070312,290358.0,0.0,0.0,
2022-09-06,45.11999893188477,45.11999893188477,44.65000152587891,44.70000076293945,121736.0,0.0,0.0,
2022-09-07,44.68000030517578,44.7400016784668,44.29999923706055,44.61000061035156,1490001.0,0.0,0.0,
2022-09-08,44.61000061035156,44.93000030517578,44.61000061035156,44.70000076293945,478561.0,0.0,0.0,
2022-09-09,44.40999984741211,44.90000152587891,44.40999984741211,44.81999969482422,129267.0,0.0,0.0,
2022-09-12,44.79000091552734,44.79000091552734,44.43999862670898,44.63999938964844,1269775.0,0.0,0.0,
2022-09-13,44.81000137329102,44.81000137329102,44.45999908447266,44.59999847412109,213010.0,0.0,0.0,
2022-09-14,44.47999954223633,44.47999954223633,44.20000076293945,44.22999954223633,539269.0,0.0,0.0,
2022-09-15,44.34999847412109,44.34999847412109,44.0099983215332,44.08000183105469,398976.0,0.0,0.0,
2022-09-16,43.84000015258789,43.84000015258789,43.40999984741211,43.43999862670898,631038.0,0.0,0.0,
2022-09-19,43.68000030517578,43.7599983215332,43.40999984741211,43.45999908447266,408082.0,0.0,0.0,
2022-09-20,43.5099983215332,43.95999908447266,43.5099983215332,43.59000015258789,1029229.0,0.0,0.0,
2022-09-21,43.84000015258789,43.88999938964844,43.4900016784668,43.84999847412109,265988.0,0.0,0.0,
2022-09-22,43.9900016784668,44.36999893188477,43.61999893188477,44.29000091552734,872972.0,0.0,0.0,
2022-09-23,44.72999954223633,44.72999954223633,43.7599983215332,43.84000015258789,817976.0,0.0,0.0,
2022-09-26,45.5,45.5,43.54000091552734,43.68999862670898,970269.0,0.0,0.0,
2022-09-27,43.83000183105469,43.83000183105469,43.41999816894531,43.72999954223633,1427296.0,0.0,0.0,
2022-09-28,43.79000091552734,43.84000015258789,43.52000045776367,43.68999862670898,606103.0,0.0,0.0,
2022-09-29,44.4900016784668,44.4900016784668,43.84999847412109,44.09000015258789,1510180.0,0.0,0.0,
2022-09-30,44.16999816894531,44.58000183105469,44.09000015258789,44.29999923706055,1041048.0,0.0,0.0,
2022-10-03,44.52000045776367,44.54000091552734,44.31000137329102,44.47999954223633,421586.0,0.0,0.0,
2022-10-04,44.79999923706055,45.4900016784668,44.79999923706055,45.18999862670898,554061.0,0.0,0.0,
2022-10-06,45.72000122070312,45.72000122070312,45.31000137329102,45.41999816894531,3226705.0,0.0,0.0,
2022-10-07,45.72000122070312,45.75,45.47000122070312,45.70000076293945,457904.0,0.0,0.0,
2022-10-10,45.68000030517578,45.68000030517578,44.81999969482422,44.84000015258789,453874.0,0.0,0.0,
2022-10-11,44.58000183105469,44.91999816894531,44.41999816894531,44.65999984741211,335843.0,0.0,0.0,
2022-10-12,44.88999938964844,44.90000152587891,44.52999877929688,44.77999877929688,502071.0,0.0,0.0,
2022-10-13,44.9900016784668,45.04999923706055,44.68000030517578,44.95000076293945,351132.0,0.0,0.0,
2022-10-14,44.84000015258789,44.84000015258789,44.47999954223633,44.52999877929688,215232.0,0.0,0.0,
2022-10-17,44.47999954223633,44.65000152587891,44.29000091552734,44.38999938964844,288406.0,0.0,0.0,
2022-10-18,44.38000106811523,44.58000183105469,44.27999877929688,44.36999893188477,346419.0,0.0,0.0,
2022-10-19,44.4900016784668,44.56000137329102,44.02999877929688,44.43000030517578,356939.0,0.0,0.0,
2022-10-20,44.34999847412109,44.45999908447266,44.15000152587891,44.31000137329102,331661.0,0.0,0.0,
2022-10-21,44.36999893188477,44.36999893188477,43.91999816894531,44.09000015258789,532743.0,0.0,0.0,
2022-10-24,44.09000015258789,47.72000122070312,44.09000015258789,44.95000076293945,520135.0,0.0,0.0,
2022-10-25,45.25,45.25,44.5,44.81999969482422,250078.0,0.0,0.0,
2022-10-27,44.81999969482422,45.2400016784668,44.54999923706055,44.70999908447266,687936.0,0.0,0.0,
2022-10-28,44.72000122070312,45.06000137329102,44.40000152587891,44.61000061035156,146390.0,0.0,0.0,
2022-10-31,44.54000091552734,45.04999923706055,44.27000045776367,44.43000030517578,285044.0,0.0,0.0,
2022-11-01,44.68999862670898,45.06999969482422,44.41999816894531,44.61000061035156,1104815.0,0.0,0.0,
2022-11-02,44.88999938964844,44.90000152587891,44.61999893188477,44.83000183105469,327489.0,0.0,0.0,
2022-11-03,44.77999877929688,44.79000091552734,44.16999816894531,44.2599983215332,544366.0,0.0,0.0,
2022-11-04,44.68999862670898,44.68999862670898,44.38000106811523,44.43000030517578,767904.0,0.0,0.0,
2022-11-07,45.2400016784668,45.2400016784668,44.70999908447266,44.84999847412109,997947.0,0.0,0.0,
2022-11-09,45.90999984741211,45.90999984741211,44.97999954223633,45.06000137329102,1409430.0,0.0,0.0,
2022-11-10,45.22999954223633,45.36999893188477,45.06999969482422,45.25,341887.0,0.0,0.0,
2022-11-11,46.0,46.09999847412109,45.4900016784668,46.02999877929688,2353607.0,0.0,0.0,
2022-11-14,46.04000091552734,46.20000076293945,45.93999862670898,46.06000137329102,1324380.0,0.0,0.0,
2022-11-15,46.5099983215332,46.59000015258789,46.11999893188477,46.45000076293945,1109580.0,0.0,0.0,
2022-11-16,46.75,46.77999877929688,46.36000061035156,46.70999908447266,659551.0,0.0,0.0,
2022-11-17,46.63999938964844,46.63999938964844,46.2599983215332,46.40000152587891,312476.0,0.0,0.0,
2022-11-18,46.59000015258789,46.59000015258789,46.31000137329102,46.41999816894531,403068.0,0.0,0.0,
2022-11-21,46.33000183105469,46.33000183105469,46.02999877929688,46.06000137329102,222425.0,0.0,0.0,
2022-11-22,46.34999847412109,46.34999847412109,46.02000045776367,46.22999954223633,413540.0,0.0,0.0,
2022-11-23,46.22999954223633,46.29000091552734,45.90999984741211,45.95000076293945,357740.0,0.0,0.0,
2022-11-24,46.4900016784668,46.59000015258789,46.20999908447266,46.45000076293945,483043.0,0.0,0.0,
2022-11-25,46.65000152587891,46.68000030517578,46.18000030517578,46.22000122070312,823349.0,0.0,0.0,
2022-11-28,46.34000015258789,46.5,46.15999984741211,46.40999984741211,184744.0,0.0,0.0,
2022-11-29,46.27999877929688,46.4900016784668,46.0099983215332,46.43999862670898,503333.0,0.0,0.0,
2022-11-30,46.59000015258789,46.59000015258789,46.2599983215332,46.43000030517578,287918.0,0.0,0.0,
2022-12-01,46.97999954223633,46.97999954223633,46.36000061035156,46.61999893188477,259947.0,0.0,0.0,
2022-12-02,47.40999984741211,47.40999984741211,46.81000137329102,47.29000091552734,1590641.0,0.0,0.0,
2022-12-05,47.43000030517578,47.79999923706055,47.13999938964844,47.52000045776367,1655938.0,0.0,0.0,
2022-12-06,47.38999938964844,47.38999938964844,47.0,47.15999984741211,937046.0,0.0,0.0,
2022-12-07,47.29000091552734,47.38000106811523,47.09000015258789,47.16999816894531,814636.0,0.0,0.0,
2022-12-08,47.4900016784668,47.4900016784668,47.20000076293945,47.29999923706055,191019.0,0.0,0.0,
2022-12-09,47.63999938964844,47.63999938964844,47.16999816894531,47.27000045776367,2726937.0,0.0,0.0,
2022-12-12,47.16999816894531,48.0,47.16999816894531,47.43000030517578,594311.0,0.0,0.0,
2022-12-13,47.47999954223633,47.56000137329102,47.27000045776367,47.52000045776367,467300.0,0.0,0.0,
2022-12-14,48.40999984741211,48.40999984741211,47.70000076293945,47.86999893188477,411643.0,0.0,0.0,
2022-12-15,47.79999923706055,47.79999923706055,47.15999984741211,47.40999984741211,588561.0,0.0,0.0,
2022-12-16,47.40999984741211,47.75,47.27000045776367,47.54999923706055,369708.0,0.0,0.0,
2022-12-19,48.20999908447266,48.20999908447266,47.31000137329102,47.79000091552734,318789.0,0.0,0.0,
2022-12-20,47.81000137329102,48.0,47.59999847412109,47.95000076293945,228749.0,0.0,0.0,
2022-12-21,48.11999893188477,48.20000076293945,48.0,48.04000091552734,608935.0,0.0,0.0,
2022-12-22,48.5099983215332,48.5099983215332,48.04999923706055,48.20999908447266,470623.0,0.0,0.0,
2022-12-23,47.9900016784668,48.15999984741211,47.63999938964844,47.77000045776367,363363.0,0.0,0.0,
2022-12-26,47.97000122070312,48.13999938964844,47.59999847412109,47.81999969482422,195397.0,0.0,0.0,
2022-12-27,48.02999877929688,48.33000183105469,47.81000137329102,48.27000045776367,2143008.0,0.0,0.0,
2022-12-28,48.47999954223633,48.47999954223633,47.91999816894531,47.97000122070312,446152.0,0.0,0.0,
2022-12-29,48.16999816894531,48.20000076293945,47.86000061035156,47.88999938964844,464929.0,0.0,0.0,
2022-12-30,47.90999984741211,48.38000106811523,47.90999984741211,48.09999847412109,746131.0,0.0,0.0,
2023-01-02,48.11999893188477,48.5,48.11999893188477,48.41999816894531,355568.0,0.0,0.0,
2023-01-03,48.90999984741211,49.18000030517578,48.63000106811523,49.02999877929688,606601.0,0.0,0.0,
2023-01-04,49.15000152587891,49.52000045776367,49.06000137329102,49.4900016784668,670632.0,0.0,0.0,
2023-01-05,49.52999877929688,49.59000015258789,48.83000183105469,48.90000152587891,1035647.0,0.0,0.0,
2023-01-06,48.90000152587891,48.90000152587891,48.25,48.68000030517578,505591.0,0.0,0.0,
2023-01-09,49.38000106811523,49.93999862670898,49.29999923706055,49.40000152587891,318256.0,0.0,0.0,
2023-01-10,49.52999877929688,49.52999877929688,49.11000061035156,49.22999954223633,214271.0,0.0,0.0,
2023-01-11,49.34000015258789,49.43999862670898,49.11000061035156,49.36999893188477,285330.0,0.0,0.0,
2023-01-12,49.47999954223633,49.47999954223633,49.15999984741211,49.31999969482422,420787.0,0.0,0.0,
2023-01-13,49.58000183105469,49.65999984741211,49.31999969482422,49.54000091552734,261654.0,0.0,0.0,
2023-01-16,49.77999877929688,49.97999954223633,49.7400016784668,49.91999816894531,299047.0,0.0,0.0,
2023-01-17,50.18000030517578,50.18000030517578,49.70000076293945,49.93000030517578,430162.0,0.0,0.0,
2023-01-18,49.97999954223633,49.9900016784668,49.61000061035156,49.75,247550.0,0.0,0.0,
2023-01-19,49.88999938964844,49.88999938964844,49.59999847412109,49.81000137329102,161127.0,0.0,0.0,
2023-01-20,50.18000030517578,50.18999862670898,49.95999908447266,50.15000152587891,423825.0,0.0,0.0,
2023-01-23,50.25,50.34000015258789,50.0099983215332,50.15999984741211,495934.0,0.0,0.0,
2023-01-24,51.47999954223633,51.47999954223633,50.29999923706055,50.36999893188477,273895.0,0.0,0.0,
2023-01-25,50.59000015258789,51.0,49.91999816894531,50.02999877929688,1895562.0,0.0,0.0,
2023-01-27,50.08000183105469,50.20000076293945,49.86999893188477,50.09000015258789,616528.0,0.0,0.0,
2023-01-30,50.2400016784668,50.27000045776367,49.9900016784668,50.02999877929688,2061583.0,0.0,0.0,
2023-01-31,50.18999862670898,50.18999862670898,49.84999847412109,49.88999938964844,554832.0,0.0,0.0,
2023-02-01,50.81000137329102,50.81000137329102,49.97000122070312,50.61000061035156,923922.0,0.0,0.0,
2023-02-02,51.20000076293945,51.88000106811523,51.02000045776367,51.7400016784668,622489.0,0.0,0.0,
2023-02-03,50.27999877929688,51.63000106811523,50.27999877929688,50.84000015258789,521564.0,0.0,0.0,
2023-02-06,50.72000122070312,50.72000122070312,50.0099983215332,50.38999938964844,512370.0,0.0,0.0,
2023-02-07,50.5,50.5,50.29999923706055,50.36999893188477,1666535.0,0.0,0.0,
2023-02-08,50.59000015258789,50.70000076293945,50.27999877929688,50.65999984741211,3068833.0,0.0,0.0,
2023-02-09,50.77999877929688,50.77999877929688,50.43000030517578,50.59000015258789,255369.0,0.0,0.0,
2023-02-10,50.45999908447266,50.45999908447266,49.90999984741211,50.02000045776367,2463454.0,0.0,0.0,
2023-02-13,50.29000091552734,50.93999862670898,49.90999984741211,50.0099983215332,231124.0,0.0,0.0,
2023-02-14,50.18000030517578,50.18000030517578,49.81999969482422,50.06000137329102,170832.0,0.0,0.0,
2023-02-15,50.29000091552734,50.29000091552734,49.41999816894531,49.61999893188477,430833.0,0.0,0.0,
2023-02-16,51.09999847412109,51.09999847412109,49.31000137329102,49.56999969482422,318401.0,0.0,0.0,
2023-02-17,49.4900016784668,49.5,49.11999893188477,49.22000122070312,470043.0,0.0,0.0,
2023-02-20,49.59000015258789,49.77999877929688,49.5099983215332,49.70999908447266,197945.0,0.0,0.0,
2023-02-21,49.88999938964844,49.88999938964844,49.40999984741211,49.5,166067.0,0.0,0.0,
2023-02-22,49.77999877929688,49.77999877929688,49.34000015258789,49.40000152587891,764277.0,0.0,0.0,
2023-02-23,49.38999938964844,49.38999938964844,49.15000152587891,49.18000030517578,112751.0,0.0,0.0,
2023-02-24,49.45000076293945,49.47000122070312,49.08000183105469,49.15999984741211,250095.0,0.0,0.0,
2023-02-27,50.65000152587891,50.65000152587891,48.70000076293945,48.7400016784668,253861.0,0.0,0.0,
2023-02-28,48.88999938964844,48.97000122070312,48.61999893188477,48.83000183105469,520797.0,0.0,0.0,
2023-03-01,49.65000152587891,49.65000152587891,48.95000076293945,49.09000015258789,238293.0,0.0,0.0,
2023-03-02,49.2400016784668,49.29999923706055,49.06999969482422,49.18999862670898,264424.0,0.0,0.0,
2023-03-03,49.5,49.5,49.15999984741211,49.2400016784668,308442.0,0.0,0.0,
2023-03-06,49.5,49.5,49.15000152587891,49.15999984741211,500766.0,0.0,0.0,
2023-03-08,48.93000030517578,48.93000030517578,48.20999908447266,48.59000015258789,534020.0,0.0,0.0,
2023-03-09,48.88999938964844,49.18999862670898,48.38000106811523,48.79000091552734,416424.0,0.0,0.0,
2023-03-10,48.81999969482422,49.18000030517578,48.70999908447266,48.9900016784668,321976.0,0.0,0.0,
2023-03-13,50.45000076293945,50.45000076293945,49.61000061035156,49.93000030517578,2723314.0,0.0,0.0,
2023-03-14,51.45000076293945,51.45000076293945,50.20999908447266,50.4900016784668,1583973.0,0.0,0.0,
2023-03-15,50.88999938964844,50.88999938964844,50.15000152587891,50.29000091552734,290080.0,0.0,0.0,
2023-03-16,51.09000015258789,51.18999862670898,50.65999984741211,51.09999847412109,1161244.0,0.0,0.0,
2023-03-17,51.27999877929688,51.27999877929688,50.93000030517578,50.95999908447266,334372.0,0.0,0.0,
2023-03-20,52.41999816894531,52.65000152587891,51.65999984741211,52.04999923706055,1180340.0,0.0,0.0,
2023-03-21,52.34999847412109,52.34999847412109,51.63000106811523,51.79000091552734,1368528.0,0.0,0.0,
2023-03-22,51.79000091552734,51.79000091552734,51.11999893188477,51.27000045776367,783126.0,0.0,0.0,
2023-03-23,51.65999984741211,52.0,51.65000152587891,51.70999908447266,1464498.0,0.0,0.0,
2023-03-24,51.81999969482422,52.38999938964844,51.81999969482422,52.2400016784668,920694.0,0.0,0.0,
2023-03-27,53.09999847412109,54.18000030517578,51.34999847412109,51.86999893188477,4086107.0,0.0,0.0,
2023-03-28,51.95000076293945,51.95000076293945,51.40999984741211,51.54000091552734,2226620.0,0.0,0.0,
2023-03-29,52.08000183105469,52.25,51.70000076293945,52.15000152587891,2151375.0,0.0,0.0,
2023-03-31,52.7400016784668,52.88999938964844,52.04999923706055,52.70999908447266,2195105.0,0.0,0.0,
2023-04-03,52.70999908447266,52.75,51.93000030517578,52.18999862670898,1738884.0,0.0,0.0,
2023-04-05,53.75,53.75,52.72000122070312,53.43999862670898,781373.0,0.0,0.0,
2023-04-06,53.34000015258789,53.38000106811523,52.90000152587891,53.0,3925156.0,0.0,0.0,
2023-04-10,52.59999847412109,52.84999847412109,52.36000061035156,52.81000137329102,424482.0,0.0,0.0,
2023-04-11,52.90000152587891,53.0,52.70999908447266,52.95000076293945,366727.0,0.0,0.0,
2023-04-12,53.27999877929688,53.34999847412109,53.02000045776367,53.06000137329102,401108.0,0.0,0.0,
2023-04-13,53.09000015258789,53.34999847412109,53.02000045776367,53.27000045776367,186714.0,0.0,0.0,
2023-04-17,53.0,53.20000076293945,52.5099983215332,53.09999847412109,372225.0,0.0,0.0,
2023-04-18,53.0099983215332,53.20000076293945,52.7599983215332,53.02999877929688,335824.0,0.0,0.0,
2023-04-19,53.18000030517578,53.2599983215332,52.45000076293945,52.47999954223633,871101.0,0.0,0.0,
2023-04-20,52.97999954223633,53.06999969482422,52.70999908447266,52.90999984741211,279188.0,0.0,0.0,
2023-04-21,53.18000030517578,53.18000030517578,52.70999908447266,52.81000137329102,197182.0,0.0,0.0,
2023-04-24,52.97000122070312,52.97000122070312,52.59999847412109,52.63999938964844,184777.0,0.0,0.0,
2023-04-25,52.93000030517578,52.95000076293945,52.65999984741211,52.84000015258789,267617.0,0.0,0.0,
2023-04-26,53.38000106811523,53.38000106811523,52.79999923706055,52.95000076293945,332496.0,0.0,0.0,
2023-04-27,53.09999847412109,53.09999847412109,52.81999969482422,52.91999816894531,228400.0,0.0,0.0,
2023-04-28,53.0,53.0,52.61999893188477,52.75,286419.0,0.0,0.0,
2023-05-02,52.95000076293945,52.95000076293945,52.65000152587891,52.81999969482422,201209.0,0.0,0.0,
2023-05-03,53.58000183105469,53.59000015258789,53.2599983215332,53.45000076293945,370802.0,0.0,0.0,
2023-05-04,54.08000183105469,54.08000183105469,53.75,53.97999954223633,4454182.0,0.0,0.0,
2023-05-05,54.5,54.5,53.88000106811523,53.97999954223633,349669.0,0.0,0.0,
2023-05-08,53.88000106811523,53.88000106811523,53.4900016784668,53.56999969482422,389384.0,0.0,0.0,
2023-05-09,53.86999893188477,53.88999938964844,53.54000091552734,53.86999893188477,561028.0,0.0,0.0,
2023-05-10,53.86999893188477,53.9900016784668,53.81999969482422,53.91999816894531,471900.0,0.0,0.0,
2023-05-11,54.08000183105469,54.18999862670898,53.72000122070312,53.79999923706055,629044.0,0.0,0.0,
2023-05-12,53.68999862670898,53.68999862670898,53.29999923706055,53.36999893188477,1400140.0,0.0,0.0,
2023-05-15,54.06999969482422,54.06999969482422,53.43999862670898,53.7599983215332,388949.0,0.0,0.0,
2023-05-16,53.9900016784668,53.9900016784668,53.5099983215332,53.61000061035156,311354.0,0.0,0.0,
2023-05-17,53.5099983215332,53.59000015258789,53.09999847412109,53.15000152587891,354197.0,0.0,0.0,
2023-05-18,53.47000122070312,53.47000122070312,52.95000076293945,53.13000106811523,305973.0,0.0,0.0,
2023-05-19,53.02000045776367,53.02000045776367,52.70999908447266,52.84999847412109,1884687.0,0.0,0.0,
2023-05-22,53.5,53.5,53.0099983215332,53.38000106811523,487044.0,0.0,0.0,
2023-05-23,55.0,55.0,52.86000061035156,52.91999816894531,456219.0,0.0,0.0,
2023-05-24,53.4900016784668,53.59000015258789,53.06000137329102,53.20999908447266,260347.0,0.0,0.0,
2023-05-25,53.09999847412109,53.09999847412109,52.54999923706055,52.95000076293945,216132.0,0.0,0.0,
2023-05-26,52.84999847412109,52.84999847412109,52.59999847412109,52.63000106811523,879104.0,0.0,0.0,
2023-05-29,52.5,52.59000015258789,52.31999969482422,52.47999954223633,278285.0,0.0,0.0,
2023-05-30,52.5,52.61999893188477,52.34999847412109,52.54000091552734,215093.0,0.0,0.0,
2023-05-31,54.09999847412109,54.09999847412109,52.58000183105469,52.77999877929688,453191.0,0.0,0.0,
2023-06-01,52.9900016784668,52.9900016784668,52.5,52.58000183105469,235012.0,0.0,0.0,
2023-06-02,52.97999954223633,53.02000045776367,52.72000122070312,52.9900016784668,554169.0,0.0,0.0,
2023-06-05,52.72999954223633,52.88000106811523,52.18999862670898,52.61000061035156,793412.0,0.0,0.0,
2023-06-06,53.27000045776367,53.27000045776367,52.54999923706055,52.72000122070312,1315190.0,0.0,0.0,
2023-06-07,54.29999923706055,54.29999923706055,52.45999908447266,52.59999847412109,648857.0,0.0,0.0,
2023-06-08,52.5,52.5,52.15999984741211,52.2400016784668,577592.0,0.0,0.0,
2023-06-09,52.68000030517578,52.68000030517578,52.43000030517578,52.5,127041.0,0.0,0.0,
2023-06-12,52.43000030517578,52.56999969482422,52.31000137329102,52.45000076293945,254989.0,0.0,0.0,
2023-06-13,52.45000076293945,52.63000106811523,52.20999908447266,52.45000076293945,368845.0,0.0,0.0,
2023-06-14,52.33000183105469,52.33000183105469,51.86000061035156,52.0099983215332,746416.0,0.0,0.0,
2023-06-15,51.88000106811523,51.88000106811523,51.56000137329102,51.63999938964844,445424.0,0.0,0.0,
2023-06-16,51.86000061035156,52.22000122070312,51.86000061035156,52.18999862670898,460777.0,0.0,0.0,
2023-06-19,52.31000137329102,52.31000137329102,51.79999923706055,51.84999847412109,519165.0,0.0,0.0,
2023-06-20,52.09000015258789,52.09000015258789,51.77000045776367,51.93000030517578,416201.0,0.0,0.0,
2023-06-21,51.77999877929688,51.77999877929688,51.43000030517578,51.4900016784668,240599.0,0.0,0.0,
2023-06-22,51.58000183105469,51.68999862670898,51.25,51.29000091552734,293191.0,0.0,0.0,
2023-06-23,51.11000061035156,51.25,51.0,51.18000030517578,213695.0,0.0,0.0,
2023-06-26,51.22000122070312,51.47999954223633,51.20000076293945,51.31000137329102,186839.0,0.0,0.0,
2023-06-27,51.38000106811523,51.40000152587891,51.20999908447266,51.33000183105469,475480.0,0.0,0.0,
2023-06-28,51.38000106811523,51.38000106811523,50.95000076293945,51.02000045776367,378358.0,0.0,0.0,
2023-06-30,52.54999923706055,52.54999923706055,50.61999893188477,50.68999862670898,658212.0,0.0,0.0,
2023-07-03,51.25,51.25,50.77999877929688,50.86000061035156,884164.0,0.0,0.0,
2023-07-04,51.5,51.5,50.90000152587891,51.15000152587891,1062908.0,0.0,0.0,
2023-07-05,51.47000122070312,51.47000122070312,50.97000122070312,51.38000106811523,487599.0,0.0,0.0,
2023-07-06,51.27999877929688,51.43000030517578,51.15000152587891,51.38000106811523,386308.0,0.0,0.0,
2023-07-07,51.43000030517578,51.45000076293945,51.11000061035156,51.36000061035156,162719.0,0.0,0.0,
2023-07-10,51.75,51.75,51.31000137329102,51.47000122070312,3225029.0,0.0,0.0,
2023-07-11,51.72000122070312,51.72000122070312,51.2599983215332,51.56999969482422,204448.0,0.0,0.0,
2023-07-12,51.5099983215332,51.77999877929688,51.45999908447266,51.52000045776367,155288.0,0.0,0.0,
2023-07-13,52.08000183105469,52.08000183105469,51.77999877929688,51.86999893188477,302145.0,0.0,0.0,
2023-07-14,51.97999954223633,52.08000183105469,51.84999847412109,52.02000045776367,189078.0,0.0,0.0,
2023-07-17,52.27000045776367,52.27000045776367,51.72000122070312,51.95999908447266,205257.0,0.0,0.0,
2023-07-18,52.27000045776367,52.27000045776367,51.90999984741211,52.11000061035156,465347.0,0.0,0.0,
2023-07-19,52.47999954223633,52.68999862670898,52.34999847412109,52.47999954223633,2611207.0,0.0,0.0,
2023-07-20,50.90000152587891,52.79000091552734,50.90000152587891,52.52999877929688,255974.0,0.0,0.0,
2023-07-21,52.68000030517578,52.68000030517578,52.04999923706055,52.09999847412109,185135.0,0.0,0.0,
2023-07-24,52.43000030517578,52.43000030517578,51.86000061035156,52.09999847412109,319175.0,0.0,0.0,
2023-07-25,52.02999877929688,52.18999862670898,51.81000137329102,52.0,234150.0,0.0,0.0,
2023-07-26,52.02000045776367,52.38000106811523,52.0,52.31999969482422,261664.0,0.0,0.0,
2023-07-27,52.52999877929688,52.63999938964844,52.20999908447266,52.38999938964844,242947.0,0.0,0.0,
2023-07-28,52.29000091552734,52.31000137329102,51.86000061035156,52.04000091552734,243205.0,0.0,0.0,
2023-07-31,52.43000030517578,52.43000030517578,51.9900016784668,52.11000061035156,2728633.0,0.0,0.0,
2023-08-01,52.34999847412109,52.45000076293945,51.97000122070312,52.02999877929688,667245.0,0.0,0.0,
2023-08-02,52.22999954223633,52.2400016784668,51.90999984741211,52.04999923706055,377240.0,0.0,0.0,
2023-08-03,52.0,52.0,51.81000137329102,51.95999908447266,358477.0,0.0,0.0,
2023-08-04,51.93000030517578,52.18999862670898,51.77000045776367,51.88999938964844,446278.0,0.0,0.0,
2023-08-07,52.34000015258789,52.34000015258789,51.79999923706055,51.88000106811523,415183.0,0.0,0.0,
2023-08-08,53.45000076293945,53.45000076293945,51.75,52.02000045776367,541324.0,0.0,0.0,
2023-08-09,52.15999984741211,52.15999984741211,51.61000061035156,51.81999969482422,181241.0,0.0,0.0,
2023-08-10,51.7400016784668,51.88000106811523,51.5,51.65000152587891,217348.0,0.0,0.0,
2023-08-11,53.20000076293945,53.20000076293945,51.43000030517578,51.65000152587891,569916.0,0.0,0.0,
2023-08-14,51.70999908447266,51.70999908447266,51.40999984741211,51.56000137329102,175591.0,0.0,0.0,
2023-08-16,51.93999862670898,51.93999862670898,51.40999984741211,51.52000045776367,253466.0,0.0,0.0,
2023-08-17,51.41999816894531,51.4900016784668,51.09999847412109,51.29999923706055,730917.0,0.0,0.0,
2023-08-18,51.66999816894531,51.66999816894531,51.11999893188477,51.2599983215332,338304.0,0.0,0.0,
2023-08-21,51.45999908447266,51.45999908447266,51.06999969482422,51.09999847412109,3322149.0,0.0,0.0,
2023-08-22,51.27000045776367,51.5,51.15000152587891,51.25,796761.0,0.0,0.0,
2023-08-23,51.61999893188477,51.61999893188477,51.16999816894531,51.36999893188477,840709.0,0.0,0.0,
2023-08-24,51.9900016784668,51.9900016784668,51.38000106811523,51.43000030517578,195251.0,0.0,0.0,
2023-08-25,51.43000030517578,51.47000122070312,51.2599983215332,51.38000106811523,213574.0,0.0,0.0,
2023-08-28,51.43999862670898,51.5,51.2599983215332,51.36999893188477,441006.0,0.0,0.0,
2023-08-29,51.84999847412109,51.84999847412109,51.36999893188477,51.54000091552734,308586.0,0.0,0.0,
2023-08-30,51.93000030517578,52.0,51.75,51.97999954223633,3155986.0,0.0,0.0,
2023-08-31,52.45000076293945,52.45000076293945,51.90000152587891,52.08000183105469,198734.0,0.0,0.0,
2023-09-01,52.33000183105469,52.33000183105469,51.81999969482422,52.02000045776367,442960.0,0.0,0.0,
2023-09-04,52.02000045776367,52.15000152587891,51.90999984741211,52.02999877929688,653736.0,0.0,0.0,
2023-09-05,52.18999862670898,52.18999862670898,51.81000137329102,51.90000152587891,471773.0,0.0,0.0,
2023-09-06,53.45000076293945,53.45000076293945,51.72999954223633,51.91999816894531,3855827.0,0.0,0.0,
2023-09-07,51.9900016784668,51.9900016784668,51.65000152587891,51.79000091552734,482839.0,0.0,0.0,
2023-09-08,52.18999862670898,52.18999862670898,51.68000030517578,51.75,257559.0,0.0,0.0,
2023-09-11,51.84000015258789,51.84000015258789,51.54999923706055,51.61999893188477,385674.0,0.0,0.0,
2023-09-12,51.66999816894531,51.77000045776367,51.38000106811523,51.43999862670898,478910.0,0.0,0.0,
2023-09-13,51.34000015258789,51.40000152587891,51.15000152587891,51.2599983215332,299667.0,0.0,0.0,
2023-09-14,51.29999923706055,51.33000183105469,51.11999893188477,51.2400016784668,175851.0,0.0,0.0,
2023-09-15,51.54000091552734,51.59999847412109,51.31999969482422,51.52999877929688,200079.0,0.0,0.0,
2023-09-18,53.09999847412109,53.09999847412109,51.63999938964844,51.88000106811523,516855.0,0.0,0.0,
2023-09-20,51.88000106811523,52.0,51.79000091552734,51.90999984741211,873024.0,0.0,0.0,
2023-09-21,51.95999908447266,51.95999908447266,51.70000076293945,51.7599983215332,184755.0,0.0,0.0,
2023-09-22,52.06999969482422,52.06999969482422,51.54999923706055,51.70999908447266,161550.0,0.0,0.0,
2023-09-25,51.72000122070312,51.79000091552734,51.56000137329102,51.70000076293945,172393.0,0.0,0.0,
2023-09-26,51.79999923706055,51.79999923706055,51.40999984741211,51.56999969482422,306538.0,0.0,0.0,
2023-09-27,51.29999923706055,51.43999862670898,51.02999877929688,51.25,3922146.0,0.0,0.0,
2023-09-28,51.0,51.0,50.72000122070312,50.77999877929688,331745.0,0.0,0.0,
2023-09-29,50.77000045776367,50.77000045776367,50.54000091552734,50.65999984741211,582017.0,0.0,0.0,
2023-10-03,52.20000076293945,52.20000076293945,49.11000061035156,49.93999862670898,865434.0,0.0,0.0,
2023-10-04,51.45000076293945,51.45000076293945,49.68000030517578,49.86999893188477,620034.0,0.0,0.0,
2023-10-05,50.18000030517578,50.18000030517578,49.65000152587891,49.88000106811523,612922.0,0.0,0.0,
2023-10-06,50.29000091552734,50.29000091552734,49.59000015258789,49.65999984741211,2375785.0,0.0,0.0,
2023-10-09,49.91999816894531,50.56000137329102,49.90999984741211,50.2599983215332,1335165.0,0.0,0.0,
2023-10-10,50.63000106811523,50.75,50.18000030517578,50.36000061035156,1829408.0,0.0,0.0,
2023-10-11,50.61999893188477,50.63999938964844,50.20999908447266,50.59999847412109,4877432.0,0.0,0.0,
2023-10-12,50.81000137329102,50.93999862670898,50.59999847412109,50.90000152587891,550219.0,0.0,0.0,
2023-10-13,50.88000106811523,51.06000137329102,50.56999969482422,51.0099983215332,891431.0,0.0,0.0,
2023-10-16,52.5,52.5,51.41999816894531,51.58000183105469,477374.0,0.0,0.0,
2023-10-17,51.79999923706055,51.86999893188477,51.36000061035156,51.84999847412109,651183.0,0.0,0.0,
2023-10-18,53.40000152587891,53.40000152587891,51.93000030517578,52.29000091552734,658415.0,0.0,0.0,
2023-10-19,52.5,52.5,52.15999984741211,52.27000045776367,441415.0,0.0,0.0,
2023-10-20,52.56999969482422,53.25,52.56999969482422,53.13999938964844,12120642.0,0.0,0.0,
2023-10-23,53.08000183105469,53.18000030517578,52.79999923706055,52.97999954223633,546051.0,0.0,0.0,
2023-10-25,54.54999923706055,54.54999923706055,52.65999984741211,52.88999938964844,1335557.0,0.0,0.0,
2023-10-26,53.11000061035156,53.29999923706055,52.91999816894531,53.15999984741211,1623995.0,0.0,0.0,
2023-10-27,52.83000183105469,53.66999816894531,52.83000183105469,53.08000183105469,1300930.0,0.0,0.0,
2023-10-30,54.65000152587891,54.65000152587891,53.25,53.41999816894531,370604.0,0.0,0.0,
2023-10-31,55.0,55.0,53.31999969482422,53.54000091552734,302076.0,0.0,0.0,
2023-11-01,53.2400016784668,53.84000015258789,52.97000122070312,53.29000091552734,756361.0,0.0,0.0,
2023-11-02,53.97000122070312,53.97000122070312,53.11999893188477,53.38999938964844,486380.0,0.0,0.0,
2023-11-03,53.4900016784668,53.4900016784668,53.16999816894531,53.36999893188477,341254.0,0.0,0.0,
2023-11-06,53.45000076293945,53.45000076293945,53.02999877929688,53.31000137329102,532708.0,0.0,0.0,
2023-11-07,53.93999862670898,53.93999862670898,52.77000045776367,52.97000122070312,704702.0,0.0,0.0,
2023-11-08,53.25,53.25,52.77999877929688,52.86999893188477,209593.0,0.0,0.0,
2023-11-09,52.81999969482422,52.81999969482422,52.36999893188477,52.45999908447266,200939.0,0.0,0.0,
2023-11-10,54.04999923706055,54.04999923706055,52.61000061035156,52.77999877929688,850442.0,0.0,0.0,
2023-11-13,52.9900016784668,52.9900016784668,52.47999954223633,52.68999862670898,204461.0,0.0,0.0,
2023-11-15,53.63999938964844,53.63999938964844,52.75,53.02999877929688,807313.0,0.0,0.0,
2023-11-16,53.77000045776367,53.77000045776367,52.75,52.90999984741211,452011.0,0.0,0.0,
2023-11-17,53.38000106811523,53.38000106811523,53.11999893188477,53.27999877929688,580681.0,0.0,0.0,
2023-11-20,53.45000076293945,53.45000076293945,53.02000045776367,53.09999847412109,874282.0,0.0,0.0,
2023-11-21,53.93999862670898,53.93999862670898,53.27000045776367,53.36999893188477,458234.0,0.0,0.0,
2023-11-22,53.66999816894531,53.68000030517578,53.45999908447266,53.63999938964844,247681.0,0.0,0.0,
2023-11-23,53.54999923706055,53.66999816894531,53.41999816894531,53.54999923706055,552862.0,0.0,0.0,
2023-11-24,53.5099983215332,53.59999847412109,53.41999816894531,53.54999923706055,560866.0,0.0,0.0,
2023-11-28,54.45000076293945,54.45000076293945,53.70999908447266,53.81000137329102,528079.0,0.0,0.0,
2023-11-29,55.40000152587891,55.40000152587891,54.22000122070312,54.5,812052.0,0.0,0.0,
2023-11-30,54.83000183105469,54.84000015258789,54.56000137329102,54.77999877929688,4784770.0,0.0,0.0,
2023-12-01,55.47000122070312,55.47000122070312,54.65000152587891,54.83000183105469,908886.0,0.0,0.0,
2023-12-04,56.45000076293945,56.45000076293945,54.90999984741211,55.38000106811523,1269808.0,0.0,0.0,
2023-12-05,54.88000106811523,54.88999938964844,54.38000106811523,54.56999969482422,666351.0,0.0,0.0,
2023-12-06,56.20000076293945,56.20000076293945,54.2599983215332,54.38999938964844,366259.0,0.0,0.0,
2023-12-07,54.75,54.75,54.31999969482422,54.61999893188477,499435.0,0.0,0.0,
2023-12-08,54.7400016784668,54.7400016784668,54.40000152587891,54.45999908447266,200658.0,0.0,0.0,
2023-12-11,54.20999908447266,54.20999908447266,53.61000061035156,53.63999938964844,599211.0,0.0,0.0,
2023-12-12,55.25,55.25,53.31000137329102,53.4900016784668,410821.0,0.0,0.0,
2023-12-13,53.5,53.5,53.09999847412109,53.40000152587891,383330.0,0.0,0.0,
2023-12-14,54.38000106811523,54.56999969482422,54.15000152587891,54.31999969482422,384735.0,0.0,0.0,
2023-12-15,54.36000061035156,54.52999877929688,54.31999969482422,54.40999984741211,343271.0,0.0,0.0,
2023-12-18,54.34000015258789,54.34000015258789,52.79999923706055,53.95999908447266,526983.0,0.0,0.0,
2023-12-19,54.06999969482422,54.2400016784668,53.95999908447266,54.08000183105469,402117.0,0.0,0.0,
2023-12-20,52.45000076293945,54.5,52.45000076293945,54.27999877929688,453016.0,0.0,0.0,
2023-12-21,55.90000152587891,55.90000152587891,54.22000122070312,54.41999816894531,183391.0,0.0,0.0,
2023-12-22,56.04999923706055,56.04999923706055,54.45999908447266,54.68000030517578,253696.0,0.0,0.0,
2023-12-26,53.04999923706055,55.13000106811523,53.04999923706055,54.97000122070312,520313.0,0.0,0.0,
2023-12-27,55.0099983215332,55.22999954223633,54.97000122070312,55.18999862670898,331407.0,0.0,0.0,
2023-12-28,56.06999969482422,56.06999969482422,55.18000030517578,55.36999893188477,10524780.0,0.0,0.0,
2023-12-29,55.5,55.5,55.0099983215332,55.04999923706055,1061652.0,0.0,0.0,
2024-01-01,55.47000122070312,55.47000122070312,54.90999984741211,55.31000137329102,620124.0,0.0,0.0,
2024-01-02,55.43999862670898,55.63999938964844,55.2599983215332,55.59000015258789,716968.0,0.0,0.0,
2024-01-03,55.40000152587891,55.4900016784668,54.02999877929688,55.13000106811523,789029.0,0.0,0.0,
2024-01-04,56.65000152587891,56.65000152587891,54.7599983215332,54.86000061035156,560338.0,0.0,0.0,
2024-01-05,55.15000152587891,55.15000152587891,54.56000137329102,54.72999954223633,721221.0,0.0,0.0,
2024-01-08,54.9900016784668,54.9900016784668,54.34000015258789,54.47999954223633,862295.0,0.0,0.0,
2024-01-09,54.83000183105469,54.83000183105469,54.34999847412109,54.63000106811523,435963.0,0.0,0.0,
2024-01-10,56.25,56.25,54.2599983215332,54.54000091552734,548466.0,0.0,0.0,
2024-01-11,54.7400016784668,54.7400016784668,54.31000137329102,54.41999816894531,770290.0,0.0,0.0,
2024-01-12,54.41999816894531,54.56999969482422,54.38000106811523,54.54000091552734,1278503.0,0.0,0.0,
2024-01-15,55.18999862670898,55.18999862670898,54.59999847412109,54.81999969482422,532410.0,0.0,0.0,
2024-01-16,54.9900016784668,54.9900016784668,54.59999847412109,54.61000061035156,244921.0,0.0,0.0,
2024-01-17,52.95000076293945,54.5,52.95000076293945,54.25,343695.0,0.0,0.0,
2024-01-18,54.18000030517578,54.18999862670898,53.93000030517578,54.15999984741211,478620.0,0.0,0.0,
2024-01-19,54.81999969482422,54.81999969482422,54.2400016784668,54.5099983215332,425207.0,0.0,0.0,
2024-01-23,54.70000076293945,54.70000076293945,54.09999847412109,54.56000137329102,430952.0,0.0,0.0,
2024-01-24,54.58000183105469,54.61999893188477,54.38000106811523,54.56999969482422,248329.0,0.0,0.0,
2024-01-25,56.20000076293945,56.20000076293945,54.2599983215332,54.36000061035156,276578.0,0.0,0.0,
2024-01-29,54.70000076293945,54.77000045776367,54.31999969482422,54.63999938964844,7206192.0,0.0,0.0,
2024-01-30,54.31000137329102,56.47999954223633,54.31000137329102,55.0,924961.0,0.0,0.0,
2024-01-31,54.95000076293945,54.97999954223633,54.40999984741211,54.86999893188477,422187.0,0.0,0.0,
2024-02-01,55.97000122070312,55.97000122070312,54.65000152587891,54.84999847412109,591040.0,0.0,0.0,
2024-02-02,55.5,55.5,54.86999893188477,55.02999877929688,364414.0,0.0,0.0,
2024-02-05,56.70000076293945,56.70000076293945,54.40999984741211,54.52999877929688,623153.0,0.0,0.0,
2024-02-06,56.15000152587891,56.15000152587891,54.43999862670898,54.54999923706055,362082.0,0.0,0.0,
2024-02-07,54.79999923706055,54.97000122070312,54.56000137329102,54.70999908447266,344567.0,0.0,0.0,
2024-02-08,56.34999847412109,56.34999847412109,54.52999877929688,54.56999969482422,265429.0,0.0,0.0,
2024-02-09,56.20000076293945,56.20000076293945,54.52999877929688,54.58000183105469,223617.0,0.0,0.0,
2024-02-12,54.70000076293945,54.70000076293945,54.20999908447266,54.2599983215332,940080.0,0.0,0.0,
2024-02-13,55.90000152587891,55.90000152587891,54.06000137329102,54.22999954223633,1034000.0,0.0,0.0,
2024-02-14,53.91999816894531,53.91999816894531,53.41999816894531,53.65000152587891,987006.0,0.0,0.0,
2024-02-15,55.25,55.25,53.52000045776367,53.81999969482422,1123665.0,0.0,0.0,
2024-02-16,54.36999893188477,54.36999893188477,53.77999877929688,53.97999954223633,458369.0,0.0,0.0,
2024-02-19,54.65000152587891,54.65000152587891,54.0,54.16999816894531,288274.0,0.0,0.0,
2024-02-20,55.79999923706055,55.79999923706055,53.97000122070312,53.9900016784668,1153499.0,0.0,0.0,
2024-02-22,54.43000030517578,54.56999969482422,54.06000137329102,54.16999816894531,61290.0,0.0,0.0,
2024-02-21,54.43000030517578,54.43000030517578,53.93000030517578,54.27000045776367,333813.0,0.0,0.0,
2024-02-23,54.56999969482422,54.56999969482422,53.880001068115234,53.95000076293945,265071.0,0.0,0.0,
2024-02-26,54.650001525878906,54.650001525878906,53.459999084472656,54.13999938964844,438546.0,0.0,0.0,
2024-02-27,54.36000061035156,54.36000061035156,54.09000015258789,54.27000045776367,203320.0,0.0,0.0,
2024-02-28,54.25,54.290000915527344,53.93000030517578,53.97999954223633,422617.0,0.0,0.0,
2024-02-29,55.59999847412109,55.59999847412109,54.130001068115234,54.22999954223633,282069.0,0.0,0.0,
2024-03-01,55.84999847412109,55.84999847412109,54.209999084472656,54.400001525878906,452890.0,0.0,0.0,
2024-03-04,55.93000030517578,55.93000030517578,55.060001373291016,55.34999847412109,659454.0,0.0,0.0,
2024-03-05,56.5,56.5,55.7599983215332,56.15999984741211,1113321.0,0.0,0.0,
2024-03-06,56.77000045776367,56.77000045776367,56.06999969482422,56.25,388802.0,0.0,0.0,
2024-03-07,57.0,57.09000015258789,56.43999862670898,57.0,904371.0,0.0,0.0,
2024-03-11,57.79999923706055,57.79999923706055,57.130001068115234,57.59000015258789,640017.0,0.0,0.0,
2024-03-12,58.40999984741211,58.40999984741211,57.369998931884766,57.43000030517578,489551.0,0.0,0.0,
2024-03-13,57.369998931884766,57.369998931884766,56.90999984741211,56.970001220703125,4478195.0,0.0,0.0,
2024-03-14,57.93000030517578,57.93000030517578,57.09999847412109,57.27999877929688,978490.0,0.0,0.0,
2024-03-15,59.0,59.0,57.119998931884766,57.31999969482422,382755.0,0.0,0.0,
2024-03-18,59.04999923706055,59.04999923706055,56.7599983215332,57.150001525878906,601987.0,0.0,0.0,
2024-03-19,57.470001220703125,57.470001220703125,57.060001373291016,57.130001068115234,310293.0,0.0,0.0,
2024-03-20,57.43999862670898,57.43999862670898,57.15999984741211,57.34999847412109,184806.0,0.0,0.0,
2024-03-21,59.04999923706055,59.04999923706055,55.650001525878906,58.2599983215332,720560.0,0.0,0.0,
2024-03-22,58.2599983215332,58.2599983215332,57.5,57.70000076293945,874332.0,0.0,0.0,
2024-03-26,57.93999862670898,57.93999862670898,57.40999984741211,57.81999969482422,1012259.0,0.0,0.0,
2024-03-27,57.88999938964844,57.9900016784668,57.650001525878906,57.93000030517578,512846.0,0.0,0.0,
2024-03-28,59.27999877929688,59.27999877929688,57.93999862670898,58.380001068115234,1091341.0,0.0,0.0,
2024-04-01,60.150001525878906,60.150001525878906,58.54999923706055,59.83000183105469,935221.0,0.0,0.0,
2024-04-02,61.02999877929688,61.02999877929688,59.810001373291016,60.16999816894531,934525.0,0.0,0.0,
2024-04-03,62.0,62.0,58.34999847412109,60.4900016784668,2549109.0,0.0,0.0,
2024-04-04,61.83000183105469,61.83000183105469,60.720001220703125,60.90999984741211,1076556.0,0.0,0.0,
2024-04-05,62.75,62.75,60.150001525878906,60.84000015258789,1687200.0,0.0,0.0,
2024-04-08,62.20000076293945,62.41999816894531,61.5,62.0099983215332,1164161.0,0.0,0.0,
2024-04-09,62.52999877929688,62.54999923706055,62.0099983215332,62.45000076293945,740507.0,0.0,0.0,
2024-04-10,62.869998931884766,62.869998931884766,62.11000061035156,62.459999084472656,640557.0,0.0,0.0,
2024-04-12,64.3499984741211,64.3499984741211,62.9900016784668,63.59999847412109,868106.0,0.0,0.0,
2024-04-15,63.5,64.4000015258789,62.65999984741211,63.40999984741211,2048318.0,0.0,0.0,
2024-04-16,64.9000015258789,64.9000015258789,63.52000045776367,63.68999862670898,3250975.0,0.0,0.0,
2024-04-18,65.5999984741211,65.5999984741211,63.61000061035156,63.880001068115234,994044.0,0.0,0.0,
2024-04-19,65.37000274658203,65.37000274658203,63.959999084472656,64.20999908447266,1411338.0,0.0,0.0,
2024-04-22,63.709999084472656,64.47000122070312,63.20000076293945,63.459999084472656,653451.0,0.0,0.0,
2024-04-23,63.0,63.20000076293945,62.0,62.31999969482422,1945559.0,0.0,0.0,
2024-04-24,63.25,63.25,62.380001068115234,62.650001525878906,2345622.0,0.0,0.0,
2024-04-25,64.55000305175781,64.55000305175781,62.36000061035156,62.77999877929688,763540.0,0.0,0.0,
2024-04-26,63.470001220703125,63.470001220703125,62.83000183105469,63.2400016784668,304759.0,0.0,0.0,
2024-04-29,65.1500015258789,65.1500015258789,62.81999969482422,63.43999862670898,680994.0,0.0,0.0,
2024-04-30,64.38999938964844,64.38999938964844,62.650001525878906,62.81999969482422,2097810.0,0.0,0.0,
2024-05-02,64.69999694824219,64.69999694824219,62.66999816894531,62.77999877929688,769311.0,0.0,0.0,
2024-05-03,63.720001220703125,63.720001220703125,62.040000915527344,62.540000915527344,1339014.0,0.0,0.0,
2024-05-06,63.13999938964844,63.13999938964844,62.18000030517578,62.5099983215332,1243630.0,0.0,0.0,
2024-05-07,62.97999954223633,62.97999954223633,62.380001068115234,62.59000015258789,1019552.0,0.0,0.0,
2024-05-08,60.70000076293945,62.59000015258789,60.70000076293945,62.29999923706055,839965.0,0.0,0.0,
2024-05-09,63.22999954223633,63.22999954223633,62.150001525878906,62.20000076293945,366382.0,0.0,0.0,
2024-05-10,63.70000076293945,64.05000305175781,62.790000915527344,63.77000045776367,1161711.0,0.0,0.0,
2024-05-13,65.69999694824219,65.69999694824219,62.880001068115234,63.02999877929688,1224749.0,0.0,0.0,
2024-05-14,63.290000915527344,63.290000915527344,62.83000183105469,63.06999969482422,660785.0,0.0,0.0,
2024-05-15,64.94999694824219,64.94999694824219,63.16999816894531,63.66999816894531,529221.0,0.0,0.0,
2024-05-16,64.0199966430664,64.19000244140625,63.77000045776367,64.04000091552734,594452.0,0.0,0.0,
2024-05-17,65.94999694824219,65.94999694824219,63.68000030517578,63.81999969482422,1222799.0,0.0,0.0,
2024-05-18,65.75,65.88999938964844,64.01000213623047,64.41000366210938,168098.0,0.0,0.0,
2024-05-21,62.59999847412109,65.5,62.59999847412109,64.69999694824219,892200.0,0.0,0.0,
2024-05-22,65.08999633789062,65.08999633789062,64.30999755859375,64.72000122070312,652284.0,0.0,0.0,
2024-05-23,64.51000213623047,64.51000213623047,63.209999084472656,63.90999984741211,573895.0,0.0,0.0,
2024-05-24,65.5,65.5,62.0,62.86000061035156,2576188.0,0.0,0.0,
2024-05-27,64.75,64.75,62.68000030517578,62.83000183105469,1218753.0,0.0,0.0,
2024-05-28,64.38999938964844,64.38999938964844,62.84000015258789,62.95000076293945,1264898.0,0.0,0.0,
2024-05-29,64.8499984741211,64.8499984741211,63.0,63.130001068115234,695928.0,0.0,0.0,
2024-05-30,63.02999877929688,63.02999877929688,61.25,62.7400016784668,543043.0,0.0,0.0,
2024-05-31,60.84999847412109,63.34999847412109,60.84999847412109,63.119998931884766,1938413.0,0.0,0.0,
2024-06-03,65.0,65.0,62.2400016784668,62.540000915527344,1398039.0,0.0,0.0,
2024-06-04,63.900001525878906,63.900001525878906,60.650001525878906,62.77999877929688,1234466.0,0.0,0.0,
2024-06-05,63.0,63.0,62.5,62.65999984741211,1369666.0,0.0,0.0,
2024-06-06,63.9900016784668,63.9900016784668,63.20000076293945,63.34000015258789,683897.0,0.0,0.0,
2024-06-07,65.25,65.25,62.790000915527344,62.91999816894531,1587735.0,0.0,0.0,
2024-06-10,62.900001525878906,62.900001525878906,61.04999923706055,61.88999938964844,1473358.0,0.0,0.0,
2024-06-11,62.470001220703125,62.470001220703125,61.91999816894531,62.119998931884766,528681.0,0.0,0.0,
2024-06-12,62.70000076293945,62.70000076293945,62.22999954223633,62.38999938964844,779602.0,0.0,0.0,
2024-06-13,64.25,64.25,62.18000030517578,62.2400016784668,797070.0,0.0,0.0,
2024-06-14,62.400001525878906,62.5,62.02000045776367,62.369998931884766,575486.0,0.0,0.0,
2024-06-18,62.790000915527344,62.790000915527344,62.18000030517578,62.34000015258789,1608528.0,0.0,0.0,
2024-06-19,63.33000183105469,64.19999694824219,60.45000076293945,62.63999938964844,544816.0,0.0,0.0,
2024-06-20,64.5,64.5,61.52000045776367,62.90999984741211,883026.0,0.0,0.0,
2024-06-21,64.80000305175781,64.80000305175781,63.209999084472656,63.470001220703125,462666.0,0.0,0.0,
2024-06-24,63.11000061035156,63.11000061035156,62.11000061035156,62.5099983215332,1005632.0,0.0,0.0,
2024-06-25,62.97999954223633,62.97999954223633,62.33000183105469,62.619998931884766,639289.0,0.0,0.0,
2024-06-26,64.5,64.5,62.130001068115234,62.38999938964844,862982.0,0.0,0.0,
2024-06-27,62.40999984741211,62.40999984741211,61.790000915527344,62.15999984741211,1222673.0,0.0,0.0,
2024-06-28,62.43999862670898,62.59999847412109,62.04999923706055,62.540000915527344,942243.0,0.0,0.0,
2024-07-01,64.4000015258789,64.4000015258789,60.650001525878906,62.540000915527344,913920.0,0.0,0.0,
2024-07-02,62.9900016784668,62.9900016784668,62.43000030517578,62.68000030517578,739208.0,0.0,0.0,
2024-07-03,62.9900016784668,63.02999877929688,62.619998931884766,62.95000076293945,901714.0,0.0,0.0,
2024-07-04,63.4900016784668,63.4900016784668,62.970001220703125,63.0099983215332,1044083.0,0.0,0.0,
2024-07-05,63.45000076293945,63.45000076293945,63.02000045776367,63.27000045776367,531377.0,0.0,0.0,
2024-07-08,63.790000915527344,63.88999938964844,63.34000015258789,63.47999954223633,1109616.0,0.0,0.0,
2024-07-09,63.4900016784668,63.4900016784668,62.90999984741211,63.29999923706055,1303642.0,0.0,0.0,
2024-07-10,65.19999694824219,65.19999694824219,63.02999877929688,63.52000045776367,534603.0,0.0,0.0,
2024-07-11,62.75,64.5,62.75,63.47999954223633,934711.0,0.0,0.0,
2024-07-12,63.810001373291016,64.41000366210938,63.65999984741211,63.77000045776367,911893.0,0.0,0.0,
2024-07-15,64.56999969482422,64.56999969482422,61.84999847412109,63.90999984741211,870973.0,0.0,0.0,
2024-07-16,64.58999633789062,64.56999969482422,61.84999847412109,64.44999694824219,993525.0,0.0,0.0,
2024-07-18,65.33999633789062,65.33999633789062,64.62999725341797,64.87000274658203,982588.0,0.0,0.0,
2024-07-19,64.7699966430664,64.7699966430664,63.869998931884766,64.44999694824219,1068289.0,0.0,0.0,
2024-07-22,64.48999786376953,64.48999786376953,63.7599983215332,64.26000213623047,1064766.0,0.0,0.0,
2024-07-23,64.29000091552734,64.29000091552734,61.9900016784668,62.58000183105469,2378101.0,0.0,0.0,
2024-07-24,62.47999954223633,62.9900016784668,60.84000015258789,61.66999816894531,2751483.0,0.0,0.0,
2024-07-25,61.63999938964844,63.5,60.220001220703125,61.869998931884766,839359.0,0.0,0.0,
2024-07-26,62.7400016784668,62.7400016784668,60.52000045776367,61.52999877929688,1861873.0,0.0,0.0,
2024-07-29,63.400001525878906,63.400001525878906,60.38999938964844,60.650001525878906,3582061.0,0.0,0.0,
2024-07-30,60.54999923706055,61.95000076293945,59.77000045776367,60.040000915527344,2990875.0,0.0,0.0,
2024-07-31,61.84999847412109,61.84999847412109,60.09999847412109,60.52999877929688,1330609.0,0.0,0.0,
2024-08-01,60.65999984741211,61.5,60.58000183105469,60.869998931884766,1702825.0,0.0,0.0,
2024-08-02,61.79999923706055,61.79999923706055,61.02999877929688,61.52999877929688,1863076.0,0.0,0.0,
2024-08-05,61.95000076293945,61.95000076293945,60.34000015258789,60.43000030517578,3229849.0,0.0,0.0,
2024-08-06,60.7400016784668,60.7400016784668,59.93000030517578,60.45000076293945,1906185.0,0.0,0.0,
2024-08-07,60.380001068115234,60.380001068115234,58.650001525878906,60.060001373291016,2183463.0,0.0,0.0,
2024-08-08,60.18999862670898,60.18999862670898,59.5099983215332,59.709999084472656,1673955.0,0.0,0.0,
2024-08-09,60.59000015258789,60.59000015258789,60.040000915527344,60.40999984741211,4768484.0,0.0,0.0,
2024-08-12,60.68000030517578,60.95000076293945,60.380001068115234,60.84000015258789,2452859.0,0.0,0.0,
2024-08-13,61.43999862670898,61.43999862670898,60.97999954223633,61.2400016784668,1054330.0,0.0,0.0,
2024-08-14,61.2400016784668,61.54999923706055,59.400001525878906,61.470001220703125,840226.0,0.0,0.0,
2024-08-16,61.66999816894531,61.66999816894531,61.0,61.310001373291016,1323985.0,0.0,0.0,
2024-08-19,62.29999923706055,62.34999847412109,61.77000045776367,62.290000915527344,1821187.0,0.0,0.0,
2024-08-20,64.1500015258789,64.1500015258789,61.900001525878906,62.540000915527344,1032000.0,0.0,0.0,
2024-08-21,62.7400016784668,62.790000915527344,62.18999862670898,62.220001220703125,1530156.0,0.0,0.0,
2024-08-22,62.400001525878906,62.45000076293945,62.060001373291016,62.220001220703125,1071064.0,0.0,0.0,
2024-08-23,62.18000030517578,62.20000076293945,61.7400016784668,62.04999923706055,1062477.0,0.0,0.0,
2024-08-26,62.900001525878906,62.900001525878906,62.11000061035156,62.72999954223633,1478063.0,0.0,0.0,
2024-08-27,63.95000076293945,63.95000076293945,62.209999084472656,62.540000915527344,1753622.0,0.0,0.0,
2024-08-28,62.9900016784668,62.9900016784668,62.15999984741211,62.36000061035156,1622410.0,0.0,0.0,
2024-08-29,60.5,62.59000015258789,60.5,62.47999954223633,764589.0,0.0,0.0,
2024-08-30,63.0,63.0,62.27999877929688,62.540000915527344,1542041.0,0.0,0.0,
2024-09-02,64.4000015258789,64.4000015258789,61.810001373291016,62.20000076293945,1776348.0,0.0,0.0,
2024-09-03,64.05000305175781,64.05000305175781,61.95000076293945,62.36000061035156,2435203.0,0.0,0.0,
2024-09-04,64.25,64.25,61.52000045776367,61.66999816894531,3897646.0,0.0,0.0,
2024-09-05,63.5,63.5,61.7599983215332,62.43000030517578,1325743.0,0.0,0.0,
2024-09-06,62.900001525878906,62.900001525878906,62.29999923706055,62.5099983215332,2329200.0,0.0,0.0,
2024-09-09,62.47999954223633,62.47999954223633,61.75,61.9900016784668,1662424.0,0.0,0.0,
2024-09-10,62.25,62.45000076293945,61.90999984741211,62.29999923706055,1753032.0,0.0,0.0,
2024-09-11,62.75,62.75,62.29999923706055,62.560001373291016,922440.0,0.0,0.0,
2024-09-12,62.0099983215332,62.54999923706055,62.0099983215332,62.45000076293945,1030757.0,0.0,0.0,
2024-09-13,62.630001068115234,64.0,62.630001068115234,63.619998931884766,2486251.0,0.0,0.0,
2024-09-16,65.55000305175781,65.55000305175781,63.720001220703125,63.970001220703125,1633787.0,0.0,0.0,
2024-09-17,65.9000015258789,65.9000015258789,63.630001068115234,63.70000076293945,2087716.0,0.0,0.0,
2024-09-18,63.97999954223633,63.97999954223633,63.52999877929688,63.63999938964844,880591.0,0.0,0.0,
2024-09-19,63.88999938964844,64.16000366210938,63.25,64.05999755859375,1558884.0,0.0,0.0,
2024-09-20,64.44000244140625,64.44000244140625,63.95000076293945,64.38999938964844,1795798.0,0.0,0.0,
2024-09-23,66.30000305175781,66.30000305175781,64.51000213623047,64.80000305175781,1805782.0,0.0,0.0,
2024-09-24,65.19999694824219,65.19999694824219,64.80000305175781,64.94000244140625,1820226.0,0.0,0.0,
2024-09-25,65.2699966430664,65.6500015258789,65.2300033569336,65.52999877929688,1655004.0,0.0,0.0,
2024-09-26,65.77999877929688,66.0999984741211,65.51000213623047,65.91000366210938,1972710.0,0.0,0.0,
2024-09-27,66.08999633789062,66.13999938964844,65.37999725341797,65.51000213623047,2230761.0,0.0,0.0,
2024-09-30,67.5,67.5,64.80999755859375,65.56999969482422,1735303.0,0.0,0.0,
2024-10-01,66.11000061035156,66.23999786376953,65.16000366210938,65.5,2569707.0,0.0,0.0,
2024-10-03,67.44999694824219,67.45999908447266,65.44999694824219,65.66999816894531,3973299.0,0.0,0.0,
2024-10-04,65.66999816894531,66.23999786376953,65.66999816894531,65.91000366210938,2875839.0,0.0,0.0,
2024-10-07,64.23999786376953,65.80000305175781,64.23999786376953,65.70999908447266,2632841.0,0.0,0.0,
2024-10-08,65.69999694824219,65.69999694824219,65.12000274658203,65.37999725341797,1980586.0,0.0,0.0,
2024-10-09,67.3499984741211,67.3499984741211,64.63999938964844,64.87000274658203,3805125.0,0.0,0.0,
2024-10-10,65.0,65.0,64.52999877929688,64.83000183105469,2165876.0,0.0,0.0,
2024-10-11,65.80000305175781,65.80000305175781,65.13999938964844,65.44999694824219,1726410.0,0.0,0.0,
2024-10-14,65.98999786376953,66.04000091552734,65.62000274658203,65.88999938964844,2247442.0,0.0,0.0,
2024-10-15,65.98999786376953,65.98999786376953,65.41999816894531,65.7699966430664,1787303.0,0.0,0.0,
2024-10-16,67.0,67.0,65.87999725341797,66.37999725341797,2160162.0,0.0,0.0,
2024-10-17,66.5,66.6500015258789,66.22000122070312,66.37999725341797,1495575.0,0.0,0.0,
2024-10-18,66.6500015258789,67.19999694824219,66.62000274658203,67.1500015258789,1911032.0,0.0,0.0,
2024-10-21,67.25,68.02999877929688,65.6500015258789,67.7300033569336,2496187.0,0.0,0.0,
2024-10-22,67.98999786376953,68.0,67.5999984741211,67.66000366210938,1598348.0,0.0,0.0,
2024-10-23,68.13999938964844,68.26000213623047,67.75,68.16999816894531,2202894.0,0.0,0.0,
2024-10-24,68.0999984741211,68.0999984741211,67.31999969482422,67.77999877929688,2519679.0,0.0,0.0,
2024-10-25,69.80000305175781,69.80000305175781,67.33999633789062,67.44999694824219,2984944.0,0.0,0.0,
2024-10-28,65.94999694824219,68.0,65.94999694824219,67.75,2184321.0,0.0,0.0,
2024-10-29,67.98999786376953,70.80000305175781,67.94999694824219,68.2699966430664,3027175.0,0.0,0.0,
2024-10-30,70.30000305175781,70.30000305175781,68.66000366210938,68.97000122070312,2127809.0,0.0,0.0,
2024-10-31,69.30000305175781,69.30000305175781,68.75,68.87000274658203,1831313.0,0.0,0.0,
2024-11-01,68.87000274658203,68.87000274658203,68.87000274658203,68.87000274658203,0.0,0.0,0.0,
2024-11-04,68.62999725341797,69.9000015258789,67.80000305175781,68.0199966430664,2603046.0,0.0,0.0,
2024-11-05,68.13999938964844,68.13999938964844,67.51000213623047,68.0,3296739.0,0.0,0.0,
2024-11-06,68.5999984741211,68.5999984741211,67.0999984741211,67.66000366210938,1631012.0,0.0,0.0,
2024-11-07,67.0,67.0,65.02999877929688,66.22000122070312,1369707.0,0.0,0.0,
2024-11-08,67.30000305175781,67.30000305175781,66.61000061035156,66.9000015258789,2025585.0,0.0,0.0,
2024-11-11,66.80000305175781,66.80000305175781,66.01000213623047,66.45999908447266,1846016.0,0.0,0.0,
2024-11-12,66.0,66.0,64.5999984741211,64.75,1941934.0,0.0,0.0,
2024-11-13,65.5,65.5,64.81999969482422,65.12999725341797,1046241.0,0.0,0.0,
2024-11-14,65.02999877929688,65.02999877929688,63.650001525878906,63.75,2273557.0,0.0,0.0,
2024-11-18,63.75,64.98999786376953,63.75,64.79000091552734,2967991.0,0.0,0.0,
2024-11-19,64.79000091552734,65.98999786376953,62.84999847412109,65.62999725341797,1837088.0,0.0,0.0,
2024-11-20,65.62999725341797,65.62999725341797,65.62999725341797,65.62999725341797,0.0,0.0,0.0,
2024-11-21,67.12999725341797,67.12999725341797,65.25,66.5199966430664,4202926.0,0.0,0.0,
2024-11-22,67.5,67.5,66.62999725341797,67.29000091552734,2793066.0,0.0,0.0,
2024-11-25,67.0,67.0,66.0199966430664,66.30999755859375,1018148.0,0.0,0.0,
2024-11-26,64.30000305175781,65.73999786376953,64.30000305175781,65.33000183105469,2048065.0,0.0,0.0,
2024-11-27,65.6500015258789,66.02999877929688,65.5199966430664,65.97000122070312,3538961.0,0.0,0.0,
2024-11-28,65.8499984741211,65.98999786376953,65.51000213623047,65.91000366210938,1524290.0,0.0,0.0,
2024-11-29,67.0999984741211,67.0999984741211,65.88999938964844,66.29000091552734,783002.0,0.0,0.0,
2024-12-02,68.30000305175781,68.30000305175781,65.20999908447266,65.80000305175781,1552765.0,0.0,0.0,
2024-12-03,67.75,67.75,65.83000183105469,66.05000305175781,1792296.0,0.0,0.0,
2024-12-04,67.23999786376953,67.23999786376953,65.79000091552734,65.88999938964844,1217113.0,0.0,0.0,
2024-12-05,65.91000366210938,66.38999938964844,65.91000366210938,66.05999755859375,705742.0,0.0,0.0,
2024-12-06,66.05999755859375,66.05999755859375,65.52999877929688,65.94999694824219,1191892.0,0.0,0.0,
2024-12-09,66.36000061035156,66.36000061035156,65.80999755859375,66.25,1510892.0,0.0,0.0,
2024-12-10,68.25,68.25,66.44999694824219,66.6500015258789,1379405.0,0.0,0.0,
2024-12-12,67.98999786376953,67.98999786376953,67.19999694824219,67.47000122070312,1560792.0,0.0,0.0,
2024-12-11,67.4000015258789,67.56999969482422,66.81999969482422,66.87999725341797,1755777.0,0.0,0.0,
2024-12-13,65.44999694824219,69.5,65.44999694824219,66.56999969482422,3015514.0,0.0,0.0,
2024-12-16,66.56999969482422,66.56999969482422,66.16000366210938,66.41999816894531,1731131.0,0.0,0.0,
2024-12-17,66.45999908447266,66.52999877929688,66.04000091552734,66.12000274658203,1012608.0,0.0,0.0,
2024-12-18,66.25,66.38999938964844,66.01000213623047,66.3499984741211,933955.0,0.0,0.0,
2024-12-19,65.83999633789062,65.83999633789062,65.2300033569336,65.73999786376953,1190057.0,0.0,0.0,
2024-12-20,67.69999694824219,67.69999694824219,65.20999908447266,65.36000061035156,865532.0,0.0,0.0,
2024-12-23,66.86000061035156,66.86000061035156,65.26000213623047,65.93000030517578,3876632.0,0.0,0.0,
2024-12-24,63.95000076293945,65.87999725341797,63.95000076293945,65.6500015258789,1493241.0,0.0,0.0,
2024-12-26,67.5999984741211,67.5999984741211,65.80999755859375,65.9800033569336,1135196.0,0.0,0.0,
2024-12-27,66.5999984741211,66.5999984741211,65.9800033569336,66.19000244140625,1560965.0,0.0,0.0,
2024-12-30,68.19999694824219,68.19999694824219,65.86000061035156,65.97000122070312,1205341.0,0.0,0.0,
2024-12-31,67.94999694824219,67.94999694824219,65.5999984741211,66.04000091552734,999859.0,0.0,0.0,
2025-01-01,68.0,68.0,66.11000061035156,66.3499984741211,1095129.0,0.0,0.0,
2025-01-02,67.77999877929688,67.77999877929688,66.3499984741211,66.56999969482422,1844290.0,0.0,0.0,
2025-01-03,67.69999694824219,67.69999694824219,66.9000015258789,67.0199966430664,1499218.0,0.0,0.0,
2025-01-06,65.0,68.0199966430664,65.0,66.5999984741211,1700031.0,0.0,0.0,
2025-01-07,67.5999984741211,67.5999984741211,66.55000305175781,66.77999877929688,2102367.0,0.0,0.0,
2025-01-08,68.80000305175781,68.80000305175781,66.68000030517578,67.06999969482422,2207933.0,0.0,0.0,
2025-01-09,67.83000183105469,67.83000183105469,67.06999969482422,67.2699966430664,1789546.0,0.0,0.0,
2025-01-10,67.88999938964844,67.88999938964844,67.37000274658203,67.66000366210938,2272899.0,0.0,0.0,
2025-01-13,69.69999694824219,69.69999694824219,67.5999984741211,68.19999694824219,2044574.0,0.0,0.0,
2025-01-15,70.0999984741211,70.0999984741211,67.87000274658203,67.98999786376953,131093.0,0.0,0.0,
2025-01-14,68.19999694824219,68.19999694824219,67.58000183105469,68.05999755859375,1203771.0,0.0,0.0,
2025-01-16,68.55000305175781,68.79000091552734,68.27999877929688,68.5999984741211,1408980.0,0.0,0.0,
2025-01-17,70.6500015258789,70.6500015258789,68.58000183105469,69.0,1870198.0,0.0,0.0,
2025-01-20,71.05000305175781,71.05000305175781,68.36000061035156,68.97000122070312,1880433.0,0.0,0.0,
2025-01-21,69.4000015258789,69.4000015258789,68.66000366210938,69.11000061035156,1817034.0,0.0,0.0,
2025-01-22,69.19999694824219,69.83999633789062,69.19999694824219,69.7300033569336,1980532.0,0.0,0.0,
2025-01-23,69.69999694824219,69.87999725341797,69.33000183105469,69.47000122070312,1654172.0,0.0,0.0,
2025-01-24,69.5,70.18000030517578,69.5,69.77999877929688,1258179.0,0.0,0.0,
2025-01-27,69.9000015258789,69.9000015258789,69.20999908447266,69.73999786376953,2026743.0,0.0,0.0,
2025-01-28,70.56999969482422,70.56999969482422,69.37999725341797,69.58999633789062,2201600.0,0.0,0.0,
2025-01-29,70.87000274658203,70.87000274658203,68.91000366210938,69.9800033569336,1945446.0,0.0,0.0,
2025-01-30,72.0999984741211,72.0999984741211,69.52999877929688,70.20999908447266,1654938.0,0.0,0.0,
2025-01-31,70.36000061035156,71.25,70.36000061035156,71.1500015258789,1749318.0,0.0,0.0,
2025-02-01,72.0,72.0,70.91999816894531,71.33999633789062,1200267.0,0.0,0.0,
2025-02-03,72.45999908447266,72.45999908447266,70.0,71.69000244140625,3096018.0,0.0,0.0,
2025-02-04,72.69000244140625,72.69000244140625,71.62999725341797,72.08000183105469,1539908.0,0.0,0.0,
2025-02-05,73.12000274658203,73.68000030517578,72.52999877929688,73.58000183105469,3212556.0,0.0,0.0,
2025-02-06,73.5999984741211,73.9000015258789,73.04000091552734,73.54000091552734,3181293.0,0.0,0.0,
2025-02-07,71.3499984741211,74.7300033569336,71.3499984741211,73.62000274658203,3233093.0,0.0,0.0,
2025-02-10,75.8499984741211,75.8499984741211,73.72000122070312,74.5999984741211,3296446.0,0.0,0.0,
2025-02-11,74.97000122070312,75.30000305175781,73.95999908447266,74.19999694824219,3682615.0,0.0,0.0,
2025-02-12,76.44999694824219,76.44999694824219,73.19999694824219,73.68000030517578,2670398.0,0.0,0.0,
2025-02-13,75.05000305175781,75.05000305175781,73.76000213623047,73.95999908447266,2927021.0,0.0,0.0,
2025-02-14,75.0,75.0,74.1500015258789,74.54000091552734,2004666.0,0.0,0.0,
2025-02-17,76.80000305175781,76.80000305175781,72.72000122070312,73.91999816894531,3499125.0,0.0,0.0,
2025-02-18,74.87000274658203,74.87000274658203,73.01000213623047,74.2300033569336,3644633.0,0.0,0.0,
