Date,Open,High,Low,Close,Volume,Dividends,Stock Splits,Adj Close
2014-02-24,144.0,144.0,144.0,144.0,101.0,0.0,0.0,
2014-02-25,145.2658996582031,145.2658996582031,145.2658996582031,145.2658996582031,0.0,0.0,0.0,
2014-02-26,139.5,149.6000061035156,139.5,149.6000061035156,1000.0,0.0,0.0,
2014-02-28,145.0,145.0,145.0,145.0,10.0,0.0,0.0,
2014-03-03,138.5,143.5,138.5,143.5,20.0,0.0,0.0,
2014-03-04,150.0,159.8999938964844,138.5200042724609,141.5,169.0,0.0,0.0,
2014-03-05,139.5500030517578,150.0,139.5500030517578,146.0,603.0,0.0,0.0,
2014-03-06,141.0,150.0,141.0,147.5,88.0,0.0,0.0,
2014-03-07,143.0,150.0,143.0,150.0,14.0,0.0,0.0,
2014-03-10,143.1000061035156,143.1000061035156,143.0,143.0500030517578,258.0,0.0,0.0,
2014-03-11,140.1000061035156,144.9499969482422,136.25,143.8999938964844,595.0,0.0,0.0,
2014-03-12,145.0,145.0,139.1000061035156,145.0,154.0,0.0,0.0,
2014-03-13,147.1105041503906,147.1105041503906,147.1105041503906,147.1105041503906,0.0,0.0,0.0,
2014-03-14,141.0,144.0,141.0,144.0,307.0,0.0,0.0,
2014-03-18,149.0,149.0,149.0,149.0,68.0,0.0,0.0,
2014-03-19,140.0,146.8999938964844,136.0200042724609,143.5800018310547,2541.0,0.0,0.0,
2014-03-20,154.8999938964844,159.0,147.5,147.5,13.0,0.0,0.0,
2014-03-21,142.0,146.8999938964844,138.0,145.1600036621094,992.0,0.0,0.0,
2014-03-24,149.3809967041016,149.3809967041016,149.3809967041016,149.3809967041016,0.0,0.0,0.0,
2014-03-25,145.0,154.0,145.0,149.0399932861328,94.0,0.0,0.0,
2014-03-26,148.6000061035156,159.6999969482422,141.0,146.4799957275391,695.0,0.0,0.0,
2014-03-27,146.5500030517578,146.5500030517578,145.0,145.0,54.0,0.0,0.0,
2014-03-28,145.0,145.0,145.0,145.0,5.0,0.0,0.0,
2014-03-31,150.0,155.0,148.0,150.6999969482422,107.0,0.0,0.0,
2014-04-01,150.0,155.0,150.0,150.0,503.0,0.0,0.0,
2014-04-02,155.0,168.0,143.5,150.9900054931641,304.0,0.0,0.0,
2014-04-03,153.9900054931641,153.9900054931641,150.0,150.0,27.0,0.0,0.0,
2014-04-04,150.0,150.0,150.0,150.0,11.0,0.0,0.0,
2014-04-07,155.0,165.0,146.5,148.0,35.0,0.0,0.0,
2014-04-09,148.0,151.0,144.0,151.0,98.0,0.0,0.0,
2014-04-10,151.0,175.0,151.0,173.5,462.0,0.0,0.0,
2014-04-11,173.3000030517578,173.3000030517578,147.5,147.5,113.0,0.0,0.0,
2014-04-15,156.0,158.0,151.5,157.9499969482422,206.0,0.0,0.0,
2014-04-16,179.6000061035156,182.0,153.25,159.0,877.0,0.0,0.0,
2014-04-17,163.0,163.0,153.0,154.9700012207031,179.0,0.0,0.0,
2014-04-21,169.0,169.0,151.1499938964844,153.0,555.0,0.0,0.0,
2014-04-22,156.0,156.0,153.1000061035156,153.1000061035156,142.0,0.0,0.0,
2014-04-23,162.0,162.5,153.0,153.0,464.0,0.0,0.0,
2014-04-25,152.6000061035156,155.9499969482422,152.0,152.0899963378906,360.0,0.0,0.0,
2014-04-28,154.8999938964844,154.8999938964844,154.8999938964844,154.8999938964844,25.0,0.0,0.0,
2014-04-29,151.5,151.5,151.5,151.5,102.0,0.0,0.0,
2014-04-30,157.8999938964844,157.8999938964844,150.0,150.5599975585938,257.0,0.0,0.0,
2014-05-02,151.75,151.75,150.0099945068359,151.75,129.0,0.0,0.0,
2014-05-05,150.0,155.9499969482422,150.0,155.9499969482422,115.0,0.0,0.0,
2014-05-06,156.0,156.0,149.5200042724609,149.9700012207031,111.0,0.0,0.0,
2014-05-07,154.0,158.0,154.0,158.0,14.0,0.0,0.0,
2014-05-08,157.9499969482422,157.9499969482422,150.5,150.5,77.0,0.0,0.0,
2014-05-09,151.0,152.0,150.8999938964844,152.0,112.0,0.0,0.0,
2014-05-12,152.6499938964844,155.0,152.6499938964844,154.5,65.0,0.0,0.0,
2014-05-13,152.0,152.0,150.0,152.0,72.0,0.0,0.0,
2014-05-14,155.0,155.0,148.5,151.8000030517578,285.0,0.0,0.0,
2014-05-15,154.0,155.5,151.0,155.4499969482422,220.0,0.0,0.0,
2014-05-16,157.25,175.0,148.3500061035156,158.0,1341.0,0.0,0.0,
2014-05-19,161.3000030517578,161.3000030517578,155.25,155.25,66.0,0.0,0.0,
2014-05-20,157.5,160.0,157.0,157.0,36.0,0.0,0.0,
2014-05-21,158.1499938964844,158.1499938964844,157.0,157.0,59.0,0.0,0.0,
2014-05-22,158.1499938964844,168.0,158.1499938964844,159.4700012207031,10107.0,0.0,0.0,
2014-05-23,160.0,160.0,158.75,160.0,704.0,0.0,0.0,
2014-05-26,189.5,189.5,159.6000061035156,159.6499938964844,1858.0,0.0,0.0,
2014-05-27,159.5,159.5,153.0,153.0,313.0,0.0,0.0,
2014-05-28,164.0,164.0,159.8999938964844,159.8999938964844,110.0,0.0,0.0,
2014-05-29,169.0,169.0,158.0099945068359,163.1699981689453,208.0,0.0,0.0,
2014-05-30,164.0,164.0,163.0,164.0,141.0,0.0,0.0,
2014-06-02,164.0,164.0,160.0,161.0,385.0,0.0,0.0,
2014-06-03,163.9900054931641,163.9900054931641,161.0,162.0,98.0,0.0,0.0,
2014-06-04,165.0,171.0,159.1000061035156,159.8399963378906,545.0,0.0,0.0,
2014-06-05,162.0,166.0,159.1000061035156,160.0,648.0,0.0,0.0,
2014-06-06,160.0,160.0,157.0,159.9499969482422,149.0,0.0,0.0,
2014-06-09,159.9499969482422,165.0,159.9499969482422,165.0,930.0,0.0,0.0,
2014-06-10,164.9900054931641,169.0,160.0,169.0,158.0,0.0,0.0,
2014-06-11,168.9900054931641,168.9900054931641,161.0,161.0,97.0,0.0,0.0,
2014-06-12,167.9900054931641,168.0,153.8999938964844,168.0,98.0,0.0,0.0,
2014-06-13,160.0,168.8500061035156,159.0,159.3500061035156,133.0,0.0,0.0,
2014-06-16,174.9199981689453,174.9199981689453,155.0099945068359,166.1900024414062,160.0,0.0,0.0,
2014-06-17,168.4900054931641,169.4900054931641,163.0,169.4900054931641,71.0,0.0,0.0,
2014-06-18,169.0,169.0,161.0,161.0,156.0,0.0,0.0,
2014-06-19,169.0,169.0,169.0,169.0,16.0,0.0,0.0,
2014-06-20,169.0,169.0,152.5099945068359,168.0,1033.0,0.0,0.0,
2014-06-23,168.9900054931641,168.9900054931641,162.2400054931641,162.75,88.0,0.0,0.0,
2014-06-24,169.0,169.0,169.0,169.0,5.0,0.0,0.0,
2014-06-25,158.8500061035156,168.0,158.8500061035156,167.8999938964844,32.0,0.0,0.0,
2014-06-26,161.0,167.0,161.0,166.9900054931641,150.0,0.0,0.0,
2014-06-27,160.0,179.0,160.0,173.6699981689453,233.0,0.0,0.0,
2014-06-30,170.0,173.0,170.0,172.9799957275391,151.0,0.0,0.0,
2014-07-01,169.2642974853516,169.2642974853516,169.2642974853516,169.2642974853516,0.0,0.0,0.0,
2014-07-02,175.0,188.6000061035156,170.0,172.0,273.0,0.0,0.0,
2014-07-03,175.0,175.0,164.0,175.0,305.0,0.0,0.0,
2014-07-04,167.0,171.5,167.0,168.75,160.0,0.0,0.0,
2014-07-07,164.0,164.0,164.0,164.0,50.0,0.0,0.0,
2014-07-08,175.0,189.3999938964844,166.0099945068359,171.4700012207031,380.0,0.0,0.0,
2014-07-09,180.0,180.0,169.9499969482422,170.0,150.0,0.0,0.0,
2014-07-10,180.0,187.8999938964844,161.1000061035156,173.0,140.0,0.0,0.0,
2014-07-11,173.8000030517578,173.8000030517578,170.1000061035156,170.1000061035156,6.0,0.0,0.0,
2014-07-14,175.0,176.0,166.0,174.1499938964844,514.0,0.0,0.0,
2014-07-15,175.0,175.0,166.0,174.9499969482422,46.0,0.0,0.0,
2014-07-16,176.0,176.0,166.0,176.0,48.0,0.0,0.0,
2014-07-17,166.5,178.0,165.0,166.0,120.0,0.0,0.0,
2014-07-18,175.0,199.0,171.0,178.7799987792969,1365.0,0.0,0.0,
2014-07-21,170.1300048828125,190.0,167.0500030517578,167.5200042724609,1004.0,0.0,0.0,
2014-07-22,180.0,180.0,170.0,176.0,65.0,0.0,0.0,
2014-07-23,175.0,180.0,170.0,175.0,129.0,0.0,0.0,
2014-07-24,175.0,180.0,172.5,172.5,51.0,0.0,0.0,
2014-07-25,171.0,171.0,166.1000061035156,166.5,104.0,0.0,0.0,
2014-07-28,179.8999938964844,179.8999938964844,167.0,167.0,58.0,0.0,0.0,
2014-07-30,180.0,180.0,171.0,174.0,12.0,0.0,0.0,
2014-07-31,172.0,176.8999938964844,163.5,164.6999969482422,158.0,0.0,0.0,
2014-08-01,170.0,170.9900054931641,162.6999969482422,163.8000030517578,310.0,0.0,0.0,
2014-08-04,174.0,174.0,165.6000061035156,165.7700042724609,10.0,0.0,0.0,
2014-08-05,174.1602935791016,174.1602935791016,174.1602935791016,174.1602935791016,0.0,0.0,0.0,
2014-08-06,174.0,174.0,174.0,174.0,3.0,0.0,0.0,
2014-08-07,173.0574035644531,173.0574035644531,173.0574035644531,173.0574035644531,0.0,0.0,0.0,
2014-08-08,172.3614959716797,172.3614959716797,172.3614959716797,172.3614959716797,0.0,0.0,0.0,
2014-08-11,169.0,175.0,169.0,170.0,14.0,0.0,0.0,
2014-08-12,166.0500030517578,172.0,166.0,172.0,125.0,0.0,0.0,
2014-08-13,174.8999938964844,174.8999938964844,162.0,162.0,77.0,0.0,0.0,
2014-08-14,169.9900054931641,170.0,168.0,170.0,11.0,0.0,0.0,
2014-08-18,169.3500061035156,175.0,169.3500061035156,170.0,8.0,0.0,0.0,
2014-08-19,173.0,173.0,169.0,169.0,40.0,0.0,0.0,
2014-08-20,173.0,173.0,170.0,170.0,10.0,0.0,0.0,
2014-08-21,169.0,169.8999938964844,165.0,169.8999938964844,128.0,0.0,0.0,
2014-08-22,165.0099945068359,168.4900054931641,165.0099945068359,165.5,483.0,0.0,0.0,
2014-08-25,165.5,170.0,165.5,165.9299926757812,472.0,0.0,0.0,
2014-08-26,165.0,168.9900054931641,165.0,168.9900054931641,88.0,0.0,0.0,
2014-08-27,169.0,169.0,168.5,169.0,27.0,0.0,0.0,
2014-08-28,170.7899932861328,170.7899932861328,169.0,169.8999938964844,92.0,0.0,0.0,
2014-09-01,172.8699951171875,172.8699951171875,170.1000061035156,170.1000061035156,10.0,0.0,0.0,
2014-09-02,183.0359039306641,183.0359039306641,183.0359039306641,183.0359039306641,0.0,0.0,0.0,
2014-09-03,173.0,176.8500061035156,170.0,173.6999969482422,990.0,0.0,0.0,
2014-09-04,172.0500030517578,178.3999938964844,170.1000061035156,177.0,299.0,0.0,0.0,
2014-09-05,178.0,178.0,178.0,178.0,18.0,0.0,0.0,
2014-09-08,178.3999938964844,178.3999938964844,178.3999938964844,178.3999938964844,3.0,0.0,0.0,
2014-09-09,175.0,175.0,173.3500061035156,173.4600067138672,127.0,0.0,0.0,
2014-09-10,168.0,169.5,168.0,169.5,108.0,0.0,0.0,
2014-09-11,177.0,181.0,175.0,175.0,222.0,0.0,0.0,
2014-09-12,181.5,181.5,179.8999938964844,181.5,351.0,0.0,0.0,
2014-09-15,181.0,181.0,181.0,181.0,3.0,0.0,0.0,
2014-09-16,180.0,181.0,173.5,180.0,102.0,0.0,0.0,
2014-09-17,175.0,180.9499969482422,175.0,180.9499969482422,30.0,0.0,0.0,
2014-09-18,181.0,181.0,181.0,181.0,10.0,0.0,0.0,
2014-09-19,176.0,180.0,173.0099945068359,180.0,259.0,0.0,0.0,
2014-09-22,180.0,181.4900054931641,179.5,179.5,20.0,0.0,0.0,
2014-09-23,175.0,181.0,173.6000061035156,177.8200073242188,196.0,0.0,0.0,
2014-09-24,178.0,180.0,178.0,178.6600036621094,102.0,0.0,0.0,
2014-09-25,180.9900054931641,180.9900054931641,175.1199951171875,180.0,81.0,0.0,0.0,
2014-09-26,183.0014038085938,183.0014038085938,183.0014038085938,183.0014038085938,0.0,0.0,0.0,
2014-09-29,181.0,181.75,174.1000061035156,175.6000061035156,243.0,0.0,0.0,
2014-09-30,174.1000061035156,181.0,174.1000061035156,181.0,30.0,0.0,0.0,
2014-10-01,181.5,181.75,181.5,181.75,150.0,0.0,0.0,
2014-10-07,181.0,181.0,181.0,181.0,3.0,0.0,0.0,
2014-10-08,179.5576934814453,179.5576934814453,179.5576934814453,179.5576934814453,0.0,0.0,0.0,
2014-10-09,181.0,181.0,181.0,181.0,4.0,0.0,0.0,
2014-10-10,181.0,181.0,181.0,181.0,65.0,0.0,0.0,
2014-10-13,181.75,181.75,181.0,181.75,24.0,0.0,0.0,
2014-10-14,181.75,181.75,181.75,181.75,1.0,0.0,0.0,
2014-10-16,177.6999969482422,181.75,177.6999969482422,181.75,32.0,0.0,0.0,
2014-10-17,177.6999969482422,180.0,175.5,179.5,311.0,0.0,0.0,
2014-10-20,179.5,181.75,179.5,181.75,88.0,0.0,0.0,
2014-10-21,181.75,181.75,181.75,181.75,1.0,0.0,0.0,
2014-10-22,181.75,181.75,181.75,181.75,25.0,0.0,0.0,
2014-10-27,181.75,181.75,177.5500030517578,177.5500030517578,71.0,0.0,0.0,
2014-10-28,179.8542938232422,179.8542938232422,179.8542938232422,179.8542938232422,0.0,0.0,0.0,
2014-10-29,181.70849609375,181.70849609375,181.70849609375,181.70849609375,0.0,0.0,0.0,
2014-10-30,178.0,178.0,178.0,178.0,7.0,0.0,0.0,
2014-10-31,181.6999969482422,181.75,181.6999969482422,181.75,27.0,0.0,0.0,
2014-11-03,181.75,181.75,179.0,179.0,78.0,0.0,0.0,
2014-11-05,182.0,182.0,182.0,182.0,8.0,0.0,0.0,
2014-11-07,190.0,194.8999938964844,181.0,181.0500030517578,108.0,0.0,0.0,
2014-11-10,190.0,194.0,181.0500030517578,181.0500030517578,25.0,0.0,0.0,
2014-11-11,185.0,185.0,181.0500030517578,181.0500030517578,62.0,0.0,0.0,
2014-11-12,181.0099945068359,185.3999938964844,181.0099945068359,185.3999938964844,71.0,0.0,0.0,
2014-11-13,186.4476013183594,186.4476013183594,186.4476013183594,186.4476013183594,0.0,0.0,0.0,
2014-11-14,185.3999938964844,185.6999969482422,185.3999938964844,185.6999969482422,39.0,0.0,0.0,
2014-11-17,190.0,194.9499969482422,190.0,194.9499969482422,16.0,0.0,0.0,
2014-11-18,194.8999938964844,199.0,194.8999938964844,199.0,51.0,0.0,0.0,
2014-11-19,185.6300048828125,188.0,185.6300048828125,187.0500030517578,50.0,0.0,0.0,
2014-11-20,194.9499969482422,194.9499969482422,194.9499969482422,194.9499969482422,29.0,0.0,0.0,
2014-11-21,198.0,198.0,187.0,187.0500030517578,50.0,0.0,0.0,
2014-11-24,191.5,191.5,191.5,191.5,10.0,0.0,0.0,
2014-11-25,187.0500030517578,187.0500030517578,187.0,187.0500030517578,262.0,0.0,0.0,
2014-11-26,183.0,191.0,181.0,189.0,29.0,0.0,0.0,
2014-11-27,189.0,189.0,188.6000061035156,188.6000061035156,20.0,0.0,0.0,
2014-11-28,184.0,184.0,184.0,184.0,5.0,0.0,0.0,
2014-12-01,191.0776977539062,191.0776977539062,191.0776977539062,191.0776977539062,0.0,0.0,0.0,
2014-12-02,190.0615997314453,190.0615997314453,190.0615997314453,190.0615997314453,0.0,0.0,0.0,
2014-12-03,190.4375,190.4375,190.4375,190.4375,0.0,0.0,0.0,
2014-12-04,189.7646942138672,189.7646942138672,189.7646942138672,189.7646942138672,0.0,0.0,0.0,
2014-12-05,198.0,203.0,188.3000030517578,188.3000030517578,433.0,0.0,0.0,
2014-12-08,186.0030059814453,186.0030059814453,186.0030059814453,186.0030059814453,0.0,0.0,0.0,
2014-12-09,184.1562042236328,184.1562042236328,184.1562042236328,184.1562042236328,0.0,0.0,0.0,
2014-12-10,194.0,212.0,184.75,203.0500030517578,657.0,0.0,0.0,
2014-12-11,208.3999938964844,208.3999938964844,186.5,193.5200042724609,305.0,0.0,0.0,
2014-12-12,186.5,204.0,185.0,185.0,193.0,0.0,0.0,
2014-12-15,197.0,197.0,179.0,182.8999938964844,723.0,0.0,0.0,
2014-12-16,184.0,184.25,179.0099945068359,184.25,82.0,0.0,0.0,
2014-12-17,184.0,184.0,177.0,177.0,657.0,0.0,0.0,
2014-12-18,182.9900054931641,200.0,182.75,200.0,536.0,0.0,0.0,
2014-12-19,187.9499969482422,188.9900054931641,182.0500030517578,185.75,160.0,0.0,0.0,
2014-12-22,199.0,199.5,185.0,187.6699981689453,83.0,0.0,0.0,
2014-12-23,195.0,195.0,184.0500030517578,184.0500030517578,51.0,0.0,0.0,
2014-12-24,195.0,195.0,195.0,195.0,1.0,0.0,0.0,
2014-12-26,193.0,193.0,178.6499938964844,178.8899993896484,1584.0,0.0,0.0,
2014-12-29,189.9900054931641,189.9900054931641,180.1499938964844,181.6000061035156,339.0,0.0,0.0,
2014-12-30,183.0,183.0,178.0,178.0,12.0,0.0,0.0,
2014-12-31,181.0,183.9900054931641,181.0,183.4299926757812,85.0,0.0,0.0,
2015-01-01,184.0,184.0,178.0599975585938,180.9900054931641,144.0,0.0,0.0,
2015-01-02,180.0,183.9499969482422,180.0,181.75,311.0,0.0,0.0,
2015-01-05,186.0,186.0,181.0,183.8999938964844,63.0,0.0,0.0,
2015-01-06,183.0,186.0,171.0500030517578,182.0099945068359,313.0,0.0,0.0,
2015-01-07,185.0,188.9900054931641,183.6499938964844,186.5800018310547,115.0,0.0,0.0,
2015-01-08,188.0,188.0,178.0,180.0,742.0,0.0,0.0,
2015-01-09,179.5,182.4499969482422,179.0,182.4499969482422,82.0,0.0,0.0,
2015-01-12,183.0,183.0,179.8500061035156,180.0800018310547,253.0,0.0,0.0,
2015-01-13,178.5,182.8500061035156,178.5,182.8500061035156,70.0,0.0,0.0,
2015-01-14,181.8999938964844,182.6999969482422,181.8999938964844,182.6999969482422,36.0,0.0,0.0,
2015-01-15,184.9900054931641,184.9900054931641,183.8999938964844,183.8999938964844,6.0,0.0,0.0,
2015-01-16,184.0,184.5,183.0,183.0,245.0,0.0,0.0,
2015-01-19,183.0,185.75,180.0,185.75,240.0,0.0,0.0,
2015-01-20,186.0,187.8899993896484,183.0,186.0,40.0,0.0,0.0,
2015-01-21,187.0,189.0,186.9499969482422,189.0,205.0,0.0,0.0,
2015-01-22,189.0,189.0,182.0,182.0,105.0,0.0,0.0,
2015-01-23,182.0,185.0,173.5,179.0,347.0,0.0,0.0,
2015-01-27,183.0,183.0,176.5500030517578,176.5500030517578,89.0,0.0,0.0,
2015-01-28,182.9499969482422,187.6999969482422,182.9499969482422,187.4600067138672,170.0,0.0,0.0,
2015-01-29,186.9499969482422,187.0,178.0,187.0,192.0,0.0,0.0,
2015-01-30,180.1000061035156,187.0,175.0,187.0,219.0,0.0,0.0,
2015-02-02,178.5,186.0,178.5,181.0,1659.0,0.0,0.0,
2015-02-03,177.1000061035156,189.0,176.5,185.5299987792969,147.0,0.0,0.0,
2015-02-04,190.0,199.0,182.0,194.9900054931641,831.0,0.0,0.0,
2015-02-05,189.9900054931641,217.0,189.9900054931641,198.7200012207031,3444.0,0.0,0.0,
2015-02-06,188.5,188.5,187.9499969482422,188.0899963378906,51.0,0.0,0.0,
2015-02-09,203.1000061035156,207.5,188.0,188.0,98.0,0.0,0.0,
2015-02-10,183.0,188.0,183.0,186.0,66.0,0.0,0.0,
2015-02-11,184.9635009765625,184.9635009765625,184.9635009765625,184.9635009765625,0.0,0.0,0.0,
2015-02-12,198.9499969482422,198.9499969482422,197.0,197.0,4.0,0.0,0.0,
2015-02-13,190.0,190.0,190.0,190.0,50.0,0.0,0.0,
2015-02-16,200.0,200.0,192.0,192.0,9.0,0.0,0.0,
2015-02-18,186.0,187.5,186.0,187.5,4.0,0.0,0.0,
2015-02-19,199.9900054931641,213.9799957275391,182.75,186.1999969482422,717.0,0.0,0.0,
2015-02-20,194.9499969482422,194.9499969482422,186.3500061035156,186.8600006103516,117.0,0.0,0.0,
2015-02-23,199.9900054931641,199.9900054931641,187.0,192.6600036621094,79.0,0.0,0.0,
2015-02-24,186.0099945068359,186.5500030517578,186.0099945068359,186.5500030517578,18.0,0.0,0.0,
2015-02-25,193.0,195.0,193.0,195.0,100.0,0.0,0.0,
2015-02-26,196.0,196.0,195.0,195.0,4.0,0.0,0.0,
2015-02-27,189.8999938964844,189.8999938964844,185.0099945068359,185.0099945068359,282.0,0.0,0.0,
2015-02-28,188.8591003417969,188.8591003417969,188.8591003417969,188.8591003417969,0.0,0.0,0.0,
2015-03-02,191.0,193.4900054931641,185.0,187.0,401.0,0.0,0.0,
2015-03-03,192.0,194.8999938964844,187.8099975585938,194.6399993896484,241.0,0.0,0.0,
2015-03-04,188.0,194.0,173.6999969482422,194.0,5649.0,0.0,0.0,
2015-03-05,187.0,193.9900054931641,187.0,190.0,86.0,0.0,0.0,
2015-03-09,194.8899993896484,194.8899993896484,178.0,193.0,331.0,0.0,0.0,
2015-03-10,189.75,189.75,189.75,189.75,331.0,0.0,0.0,
2015-03-11,194.6999969482422,194.6999969482422,194.6999969482422,194.6999969482422,11.0,0.0,0.0,
2015-03-12,194.6999969482422,194.6999969482422,194.6999969482422,194.6999969482422,17.0,0.0,0.0,
2015-03-13,187.1100006103516,189.0,187.1100006103516,188.2799987792969,100.0,0.0,0.0,
2015-03-16,186.9813995361328,186.9813995361328,186.9813995361328,186.9813995361328,0.0,0.0,0.0,
2015-03-17,194.6999969482422,194.6999969482422,194.6999969482422,194.6999969482422,3.0,0.0,0.0,
2015-03-18,194.6999969482422,194.6999969482422,190.0,190.0,103.0,0.0,0.0,
2015-03-19,188.2223052978516,188.2223052978516,188.2223052978516,188.2223052978516,0.0,0.0,0.0,
2015-03-20,194.5,194.6999969482422,186.75,186.75,31.0,0.0,0.0,
2015-03-23,190.0,193.0,187.0,193.0,411.0,0.0,0.0,
2015-03-24,186.6905059814453,186.6905059814453,186.6905059814453,186.6905059814453,0.0,0.0,0.0,
2015-03-25,186.0,194.0,186.0,194.0,18.0,0.0,0.0,
2015-03-26,194.6999969482422,205.6000061035156,185.1499938964844,185.1499938964844,221.0,0.0,0.0,
2015-03-27,181.3419036865234,181.3419036865234,181.3419036865234,181.3419036865234,0.0,0.0,0.0,
2015-03-30,186.0,186.0,186.0,186.0,7.0,0.0,0.0,
2015-03-31,186.5,187.0,186.5,187.0,2.0,0.0,0.0,
2015-04-01,183.0,183.0,183.0,183.0,1.0,0.0,0.0,
2015-04-06,196.0,215.0,189.0,190.3000030517578,147.0,0.0,0.0,
2015-04-07,186.5500030517578,188.25,186.5500030517578,188.1000061035156,12.0,0.0,0.0,
2015-04-08,186.0,192.9900054931641,177.25,186.1999969482422,2449.0,0.0,0.0,
2015-04-09,196.9499969482422,196.9499969482422,187.1000061035156,192.0,430.0,0.0,0.0,
2015-04-10,196.25,196.25,189.1000061035156,193.8999938964844,397.0,0.0,0.0,
2015-04-13,194.5,194.5,189.1999969482422,193.6999969482422,260.0,0.0,0.0,
2015-04-15,197.0,202.8999938964844,193.6999969482422,194.2400054931641,10218.0,0.0,0.0,
2015-04-16,194.0,197.8999938964844,189.1000061035156,191.5,455.0,0.0,0.0,
2015-04-17,195.0,195.0,192.0,192.0,43.0,0.0,0.0,
2015-04-20,196.0,196.0,185.6000061035156,186.0200042724609,284.0,0.0,0.0,
2015-04-21,194.0,194.3500061035156,194.0,194.3500061035156,49.0,0.0,0.0,
2015-04-22,184.0700073242188,188.9900054931641,182.25,187.9900054931641,2014.0,0.0,0.0,
2015-04-23,192.0,192.0,184.0,189.8500061035156,6.0,0.0,0.0,
2015-04-24,188.0,201.6000061035156,188.0,199.0299987792969,958.0,0.0,0.0,
2015-04-27,190.0,190.0,190.0,190.0,15.0,0.0,0.0,
2015-04-28,190.0,190.0,184.0099945068359,184.0099945068359,82.0,0.0,0.0,
2015-04-29,192.9900054931641,193.0,182.5599975585938,192.6600036621094,227.0,0.0,0.0,
2015-04-30,193.0,195.9799957275391,193.0,195.0,40.0,0.0,0.0,
2015-05-04,195.0,197.5,183.1000061035156,183.7400054931641,757.0,0.0,0.0,
2015-05-05,194.0,194.0,186.0,189.8800048828125,136.0,0.0,0.0,
2015-05-06,190.0,190.0,183.0,183.0,85.0,0.0,0.0,
2015-05-07,191.0,191.0,191.0,191.0,4.0,0.0,0.0,
2015-05-08,190.0,190.0,190.0,190.0,4.0,0.0,0.0,
2015-05-11,188.25,188.25,185.0,185.0,20.0,0.0,0.0,
2015-05-12,183.75,190.0,183.75,187.0,30.0,0.0,0.0,
2015-05-13,182.4311065673828,182.4311065673828,182.4311065673828,182.4311065673828,0.0,0.0,0.0,
2015-05-14,189.0,193.9900054931641,189.0,192.0,114.0,0.0,0.0,
2015-05-15,190.0,190.0,189.8999938964844,189.9700012207031,60.0,0.0,0.0,
2015-05-18,190.0,190.0,185.0099945068359,188.0,222.0,0.0,0.0,
2015-05-19,192.0,194.9900054931641,192.0,194.9900054931641,50.0,0.0,0.0,
2015-05-20,194.0,195.0,187.0,187.0,97.0,0.0,0.0,
2015-05-21,192.6000061035156,195.9900054931641,185.0,187.7100067138672,1905.0,0.0,0.0,
2015-05-22,186.5,191.5,186.5,191.5,18.0,0.0,0.0,
2015-05-25,185.5099945068359,187.0,185.5099945068359,186.5500030517578,94.0,0.0,0.0,
2015-05-26,185.9586029052734,185.9586029052734,185.9586029052734,185.9586029052734,0.0,0.0,0.0,
2015-05-27,185.0796051025391,185.0796051025391,185.0796051025391,185.0796051025391,0.0,0.0,0.0,
2015-05-28,185.5500030517578,185.5500030517578,185.4199981689453,185.4199981689453,136.0,0.0,0.0,
2015-05-29,191.9400024414062,191.9400024414062,185.0099945068359,187.0500030517578,10036.0,0.0,0.0,
2015-06-01,192.0,195.9900054931641,191.8999938964844,191.8999938964844,76.0,0.0,0.0,
2015-06-02,191.0,191.0,185.1499938964844,187.0500030517578,20037.0,0.0,0.0,
2015-06-03,186.0,198.6999969482422,184.3999938964844,189.9499969482422,30315.0,0.0,0.0,
2015-06-04,194.0,194.0,193.0,193.6100006103516,42.0,0.0,0.0,
2015-06-05,196.0,205.0,185.0099945068359,185.5899963378906,373.0,0.0,0.0,
2015-06-08,194.0,203.3000030517578,187.0,190.0,261.0,0.0,0.0,
2015-06-09,185.5099945068359,190.0,185.5,189.9100036621094,77.0,0.0,0.0,
2015-06-10,186.1000061035156,186.25,186.1000061035156,186.1799926757812,108.0,0.0,0.0,
2015-06-11,195.0,195.0,185.5,185.5,27.0,0.0,0.0,
2015-06-12,186.0,188.9900054931641,184.3999938964844,184.3999938964844,141.0,0.0,0.0,
2015-06-15,180.3385925292969,180.3385925292969,180.3385925292969,180.3385925292969,0.0,0.0,0.0,
2015-06-16,180.8737945556641,180.8737945556641,180.8737945556641,180.8737945556641,0.0,0.0,0.0,
2015-06-17,186.0,188.0,183.1100006103516,185.0,89.0,0.0,0.0,
2015-06-18,190.0,192.9900054931641,188.1000061035156,188.1000061035156,69.0,0.0,0.0,
2015-06-19,188.1705017089844,188.1705017089844,188.1705017089844,188.1705017089844,0.0,0.0,0.0,
2015-06-22,198.5,199.0,188.4400024414062,191.0,10842.0,0.0,0.0,
2015-06-23,185.5099945068359,205.0,185.5099945068359,191.3000030517578,30.0,0.0,0.0,
2015-06-24,203.8999938964844,203.8999938964844,186.0,189.6999969482422,804.0,0.0,0.0,
2015-06-25,189.8849945068359,189.8849945068359,189.8849945068359,189.8849945068359,0.0,0.0,0.0,
2015-06-26,186.5,200.0,186.5,200.0,10.0,0.0,0.0,
2015-06-29,186.0,192.9499969482422,185.0,190.0,53.0,0.0,0.0,
2015-06-30,193.9499969482422,194.0,193.9499969482422,193.9700012207031,2.0,0.0,0.0,
2015-07-01,193.0,205.0,187.5,199.0,190.0,0.0,0.0,
2015-07-02,205.0,205.0,186.3000030517578,191.5599975585938,20066.0,0.0,0.0,
2015-07-03,190.1999969482422,201.5500030517578,183.5299987792969,186.1100006103516,11688.0,0.0,0.0,
2015-07-06,195.0,200.0,190.1999969482422,193.6199951171875,243.0,0.0,0.0,
2015-07-07,194.5,194.5,189.5,193.9499969482422,528.0,0.0,0.0,
2015-07-08,190.0,194.9900054931641,190.0,191.0,394.0,0.0,0.0,
2015-07-09,192.0,192.0,191.5,191.5,36.0,0.0,0.0,
2015-07-10,191.0,193.9900054931641,191.0,191.3600006103516,54.0,0.0,0.0,
2015-07-13,192.0,192.0,186.1000061035156,187.2299957275391,195.0,0.0,0.0,
2015-07-14,195.0,195.0,191.8600006103516,193.0,10047.0,0.0,0.0,
2015-07-15,193.0,193.0,193.0,193.0,44.0,0.0,0.0,
2015-07-16,198.9900054931641,198.9900054931641,190.0299987792969,191.0,85.0,0.0,0.0,
2015-07-17,196.7122039794922,196.7122039794922,196.7122039794922,196.7122039794922,0.0,0.0,0.0,
2015-07-20,198.9900054931641,198.9900054931641,192.0,192.0,50.0,0.0,0.0,
2015-07-21,198.8999938964844,220.0,195.0500030517578,207.0700073242188,31472.0,0.0,0.0,
2015-07-22,203.0,219.9199981689453,198.0500030517578,198.0500030517578,36.0,0.0,0.0,
2015-07-23,198.0,198.0,194.0,194.0,51.0,0.0,0.0,
2015-07-24,209.9299926757812,209.9299926757812,186.5,199.2700042724609,181.0,0.0,0.0,
2015-07-27,193.0,209.5899963378906,188.0299987792969,193.8200073242188,101.0,0.0,0.0,
2015-07-28,190.0,198.8000030517578,190.0,193.0,507.0,0.0,0.0,
2015-07-29,199.8999938964844,199.8999938964844,189.1999969482422,193.0,395.0,0.0,0.0,
2015-07-30,199.0,204.9900054931641,188.5099945068359,191.1100006103516,149.0,0.0,0.0,
2015-07-31,193.0,193.0,193.0,193.0,3.0,0.0,0.0,
2015-08-03,195.0561981201172,195.0561981201172,195.0561981201172,195.0561981201172,0.0,0.0,0.0,
2015-08-04,199.0,204.0,191.0,193.0,615.0,0.0,0.0,
2015-08-05,199.0,209.0,193.5500030517578,195.1000061035156,52.0,0.0,0.0,
2015-08-06,196.2178039550781,196.2178039550781,196.2178039550781,196.2178039550781,0.0,0.0,0.0,
2015-08-07,203.0,203.0,196.0,201.4499969482422,281.0,0.0,0.0,
2015-08-10,201.4499969482422,201.4499969482422,194.1000061035156,200.0500030517578,17.0,0.0,0.0,
2015-08-11,194.42919921875,194.42919921875,194.42919921875,194.42919921875,0.0,0.0,0.0,
2015-08-12,208.8999938964844,208.8999938964844,208.8999938964844,208.8999938964844,2.0,0.0,0.0,
2015-08-13,202.0,206.0,194.1000061035156,206.0,18.0,0.0,0.0,
2015-08-14,206.0,209.0,206.0,206.0,274.0,0.0,0.0,
2015-08-17,207.0,207.0,195.25,200.0,1794.0,0.0,0.0,
2015-08-18,194.7037963867188,194.7037963867188,194.7037963867188,194.7037963867188,0.0,0.0,0.0,
2015-08-19,195.9001007080078,195.9001007080078,195.9001007080078,195.9001007080078,0.0,0.0,0.0,
2015-08-20,204.0,204.0,195.2599945068359,195.2599945068359,10060.0,0.0,0.0,
2015-08-21,224.6000061035156,224.6000061035156,195.1000061035156,196.0500030517578,544.0,0.0,0.0,
2015-08-24,229.5500030517578,229.5500030517578,182.0,189.3000030517578,10411.0,0.0,0.0,
2015-08-25,189.0,197.8999938964844,179.0,197.8999938964844,87.0,0.0,0.0,
2015-08-26,193.0,193.0,185.1499938964844,185.1499938964844,42.0,0.0,0.0,
2015-08-27,194.0,194.0,184.0,185.1399993896484,245.0,0.0,0.0,
2015-08-28,186.0,187.75,186.0,187.75,70.0,0.0,0.0,
2015-08-31,190.8999938964844,190.8999938964844,183.0,183.0,225.0,0.0,0.0,
2015-09-01,184.0,184.0,183.0,183.0,31.0,0.0,0.0,
2015-09-02,180.0,180.0,180.0,180.0,10.0,0.0,0.0,
2015-09-03,191.0,191.0,189.9499969482422,189.9499969482422,7.0,0.0,0.0,
2015-09-04,190.0,190.0,180.0,183.1199951171875,156.0,0.0,0.0,
2015-09-07,192.0,194.8999938964844,180.5099945068359,184.9100036621094,1907.0,0.0,0.0,
2015-09-08,191.0,213.0,180.0,180.0,1838.0,0.0,0.0,
2015-09-09,181.0,183.4499969482422,181.0,183.4499969482422,244.0,0.0,0.0,
2015-09-10,180.25,181.0,179.5,180.0,560.0,0.0,0.0,
2015-09-11,181.0,181.0,181.0,181.0,7.0,0.0,0.0,
2015-09-14,181.0,185.8999938964844,181.0,184.1499938964844,517.0,0.0,0.0,
2015-09-15,181.2920074462891,181.2920074462891,181.2920074462891,181.2920074462891,0.0,0.0,0.0,
2015-09-16,182.9900054931641,183.0,181.0500030517578,181.0500030517578,110.0,0.0,0.0,
2015-09-18,181.1000061035156,188.0,181.0,185.0,119.0,0.0,0.0,
2015-09-21,185.0,185.0,185.0,185.0,12.0,0.0,0.0,
2015-09-22,181.1799926757812,181.1799926757812,181.0,181.0,167.0,0.0,0.0,
2015-09-23,181.0,181.0,181.0,181.0,28.0,0.0,0.0,
2015-09-24,185.0,191.0,185.0,191.0,8.0,0.0,0.0,
2015-09-28,180.75,180.75,179.0,180.0,480.0,0.0,0.0,
2015-09-29,180.0,183.9900054931641,180.0,180.0,331.0,0.0,0.0,
2015-09-30,186.3999938964844,186.3999938964844,180.0,181.4400024414062,155.0,0.0,0.0,
2015-10-01,186.0,186.3000030517578,181.0,181.0,85.0,0.0,0.0,
2015-10-05,187.9900054931641,187.9900054931641,181.4900054931641,181.9499969482422,539.0,0.0,0.0,
2015-10-06,184.8999938964844,185.0,180.1000061035156,183.0700073242188,4563.0,0.0,0.0,
2015-10-07,182.5,182.5,180.0,182.1600036621094,1910.0,0.0,0.0,
2015-10-08,184.75,184.75,179.0,179.0,205.0,0.0,0.0,
2015-10-09,180.0,187.0,180.0,184.5,72.0,0.0,0.0,
2015-10-12,186.9900054931641,186.9900054931641,186.8999938964844,186.9900054931641,21.0,0.0,0.0,
2015-10-13,187.0,187.0,185.8999938964844,185.8999938964844,4.0,0.0,0.0,
2015-10-14,185.0,185.0,182.25,184.0,120.0,0.0,0.0,
2015-10-15,183.5,183.5,183.5,183.5,3.0,0.0,0.0,
2015-10-16,183.5,184.0,183.5,184.0,100.0,0.0,0.0,
2015-10-19,188.0,188.0,182.6000061035156,184.3000030517578,153.0,0.0,0.0,
2015-10-20,188.0,189.0,188.0,188.9199981689453,78.0,0.0,0.0,
2015-10-21,188.2368011474609,188.2368011474609,188.2368011474609,188.2368011474609,0.0,0.0,0.0,
2015-10-23,188.0,189.9900054931641,188.0,188.0,6.0,0.0,0.0,
2015-10-26,190.0,190.0,183.1000061035156,188.8999938964844,222.0,0.0,0.0,
2015-10-27,183.8000030517578,184.0500030517578,183.8000030517578,184.0500030517578,24.0,0.0,0.0,
2015-10-28,189.0,189.0,183.6000061035156,183.6000061035156,35.0,0.0,0.0,
2015-10-29,186.18359375,186.18359375,186.18359375,186.18359375,0.0,0.0,0.0,
2015-10-30,185.8406982421875,185.8406982421875,185.8406982421875,185.8406982421875,0.0,0.0,0.0,
2015-11-02,186.6528930664062,186.6528930664062,186.6528930664062,186.6528930664062,0.0,0.0,0.0,
2015-11-03,183.0,183.0,176.5,183.0,270.0,0.0,0.0,
2015-11-04,187.0,187.5,179.0,185.5,321.0,0.0,0.0,
2015-11-05,188.9900054931641,188.9900054931641,188.8000030517578,188.8000030517578,29.0,0.0,0.0,
2015-11-06,182.6674957275391,182.6674957275391,182.6674957275391,182.6674957275391,0.0,0.0,0.0,
2015-11-09,182.1136016845703,182.1136016845703,182.1136016845703,182.1136016845703,0.0,0.0,0.0,
2015-11-10,178.7863006591797,178.7863006591797,178.7863006591797,178.7863006591797,0.0,0.0,0.0,
2015-11-13,182.1000061035156,184.9900054931641,182.1000061035156,184.9900054931641,50.0,0.0,0.0,
2015-11-16,178.4120941162109,178.4120941162109,178.4120941162109,178.4120941162109,0.0,0.0,0.0,
2015-11-17,181.6000061035156,181.6000061035156,181.6000061035156,181.6000061035156,60.0,0.0,0.0,
2015-11-18,182.0,184.0,176.0,176.4799957275391,11070.0,0.0,0.0,
2015-11-19,178.0,180.5,178.0,180.5,370.0,0.0,0.0,
2015-11-20,183.5,183.5,183.5,183.5,28.0,0.0,0.0,
2015-11-23,184.0,184.0,180.0,180.0,127.0,0.0,0.0,
2015-11-24,181.7359924316406,181.7359924316406,181.7359924316406,181.7359924316406,0.0,0.0,0.0,
2015-11-26,175.0,190.75,171.5,175.7400054931641,757.0,0.0,0.0,
2015-11-27,178.5,178.5,178.5,178.5,11.0,0.0,0.0,
2015-11-30,175.5,181.1999969482422,175.0,180.0200042724609,103.0,0.0,0.0,
2015-12-01,181.2928924560547,181.2928924560547,181.2928924560547,181.2928924560547,0.0,0.0,0.0,
2015-12-02,182.9499969482422,182.9499969482422,175.5,178.0,24.0,0.0,0.0,
2015-12-03,186.0,186.0,179.0,183.7299957275391,35.0,0.0,0.0,
2015-12-04,184.0,184.0,179.0,179.0200042724609,149.0,0.0,0.0,
2015-12-07,184.8000030517578,184.8000030517578,184.0,184.0,29.0,0.0,0.0,
2015-12-08,179.0,185.0,179.0,185.0,2.0,0.0,0.0,
2015-12-09,178.0,178.0,177.0,178.0,11.0,0.0,0.0,
2015-12-10,180.0,180.0,180.0,180.0,9.0,0.0,0.0,
2015-12-11,177.0,177.0,177.0,177.0,100.0,0.0,0.0,
2015-12-14,178.1011962890625,178.1011962890625,178.1011962890625,178.1011962890625,0.0,0.0,0.0,
2015-12-15,179.5653991699219,179.5653991699219,179.5653991699219,179.5653991699219,0.0,0.0,0.0,
2015-12-16,184.0,184.0,183.9900054931641,183.9900054931641,2.0,0.0,0.0,
2015-12-17,184.8999938964844,184.8999938964844,184.8999938964844,184.8999938964844,2.0,0.0,0.0,
2015-12-18,181.4093017578125,181.4093017578125,181.4093017578125,181.4093017578125,0.0,0.0,0.0,
2015-12-21,183.9900054931641,186.0,183.9900054931641,186.0,12.0,0.0,0.0,
2015-12-22,183.0,183.0,183.0,183.0,3.0,0.0,0.0,
2015-12-23,183.6511993408203,183.6511993408203,183.6511993408203,183.6511993408203,0.0,0.0,0.0,
2015-12-24,185.8999938964844,185.8999938964844,185.8999938964844,185.8999938964844,30.0,0.0,0.0,
2015-12-28,181.0,181.0,175.5,180.0,13.0,0.0,0.0,
2015-12-29,185.0,185.1999969482422,185.0,185.1999969482422,11.0,0.0,0.0,
2015-12-30,184.0274047851562,184.0274047851562,184.0274047851562,184.0274047851562,0.0,0.0,0.0,
2015-12-31,185.0,185.0,176.1000061035156,184.8999938964844,28.0,0.0,0.0,
2016-01-01,184.9640960693359,184.9640960693359,184.9640960693359,184.9640960693359,0.0,0.0,0.0,
2016-01-04,185.0,189.0,185.0,185.8999938964844,32.0,0.0,0.0,
2016-01-05,186.0,188.9900054931641,186.0,188.0,152.0,0.0,0.0,
2016-01-06,181.0,181.0,175.0099945068359,179.0,19.0,0.0,0.0,
2016-01-07,184.0899963378906,187.0,184.0899963378906,187.0,34.0,0.0,0.0,
2016-01-08,179.4163970947266,179.4163970947266,179.4163970947266,179.4163970947266,0.0,0.0,0.0,
2016-01-11,180.0,180.0,175.5,179.5,32.0,0.0,0.0,
2016-01-12,179.0,184.9900054931641,179.0,184.9900054931641,99.0,0.0,0.0,
2016-01-13,179.0,179.25,179.0,179.25,28.0,0.0,0.0,
2016-01-14,185.0,187.9900054931641,177.2400054931641,180.0399932861328,10289.0,0.0,0.0,
2016-01-15,175.0,175.0,175.0,175.0,10.0,0.0,0.0,
2016-01-18,174.0809020996094,174.0809020996094,174.0809020996094,174.0809020996094,0.0,0.0,0.0,
2016-01-19,175.7012939453125,175.7012939453125,175.7012939453125,175.7012939453125,0.0,0.0,0.0,
2016-01-20,183.8999938964844,188.7400054931641,183.8999938964844,186.0,43.0,0.0,0.0,
2016-01-21,182.0,182.0,182.0,182.0,100.0,0.0,0.0,
2016-01-22,178.0,188.75,178.0,188.6900024414062,170.0,0.0,0.0,
2016-01-25,188.0,188.0,187.8999938964844,187.9499969482422,14.0,0.0,0.0,
2016-01-27,173.5883941650391,173.5883941650391,173.5883941650391,173.5883941650391,0.0,0.0,0.0,
2016-01-28,186.0,188.75,186.0,188.75,4.0,0.0,0.0,
2016-01-29,178.0,178.0,178.0,178.0,1.0,0.0,0.0,
2016-02-01,176.9423980712891,176.9423980712891,176.9423980712891,176.9423980712891,0.0,0.0,0.0,
2016-02-02,174.2505950927734,174.2505950927734,174.2505950927734,174.2505950927734,0.0,0.0,0.0,
2016-02-03,172.6710052490234,172.6710052490234,172.6710052490234,172.6710052490234,0.0,0.0,0.0,
2016-02-04,183.0,188.7400054931641,183.0,188.6900024414062,55.0,0.0,0.0,
2016-02-05,188.7400054931641,188.7400054931641,188.7400054931641,188.7400054931641,26.0,0.0,0.0,
2016-02-08,186.0,188.75,186.0,188.6999969482422,61.0,0.0,0.0,
2016-02-09,181.0,181.0,181.0,181.0,50.0,0.0,0.0,
2016-02-10,181.0,181.0,174.1000061035156,174.1000061035156,22.0,0.0,0.0,
2016-02-11,184.5,184.8000030517578,184.5,184.8000030517578,4.0,0.0,0.0,
2016-02-12,185.0,188.75,171.5599975585938,188.75,250.0,0.0,0.0,
2016-02-15,176.1000061035156,176.1000061035156,175.5099945068359,175.5099945068359,61.0,0.0,0.0,
2016-02-16,183.5,190.0,175.6999969482422,189.8500061035156,466.0,0.0,0.0,
2016-02-17,173.0,189.5,172.1100006103516,176.2400054931641,907.0,0.0,0.0,
2016-02-18,177.1100006103516,183.3999938964844,176.1999969482422,183.3999938964844,374.0,0.0,0.0,
2016-02-19,170.0736999511719,170.0736999511719,170.0736999511719,170.0736999511719,0.0,0.0,0.0,
2016-02-22,174.5,182.8999938964844,173.5200042724609,176.0,1060.0,0.0,0.0,
2016-02-23,168.9750061035156,168.9750061035156,168.9750061035156,168.9750061035156,0.0,0.0,0.0,
2016-02-24,182.8999938964844,183.0,175.5,176.1100006103516,413.0,0.0,0.0,
2016-02-25,183.8999938964844,183.8999938964844,172.6000061035156,183.3999938964844,420.0,0.0,0.0,
2016-02-26,175.5,183.1000061035156,173.1000061035156,177.5700073242188,224.0,0.0,0.0,
2016-02-29,184.0,184.0,177.0,177.0,424.0,0.0,0.0,
2016-03-01,173.3999938964844,183.1999969482422,173.3999938964844,177.3999938964844,607.0,0.0,0.0,
2016-03-02,178.3000030517578,183.6999969482422,178.1999969482422,183.3999938964844,600.0,0.0,0.0,
2016-03-03,175.3914947509766,175.3914947509766,175.3914947509766,175.3914947509766,0.0,0.0,0.0,
2016-03-04,184.0,184.0,175.0,177.9499969482422,152.0,0.0,0.0,
2016-03-08,175.0,178.1999969482422,174.0,175.0,1167.0,0.0,0.0,
2016-03-09,175.0,179.8999938964844,173.6000061035156,176.0700073242188,470.0,0.0,0.0,
2016-03-10,186.0,186.8699951171875,177.0,179.5,25.0,0.0,0.0,
2016-03-11,176.8112945556641,176.8112945556641,176.8112945556641,176.8112945556641,0.0,0.0,0.0,
2016-03-14,184.0,184.8000030517578,176.5500030517578,176.5500030517578,39.0,0.0,0.0,
2016-03-15,181.1999969482422,181.1999969482422,174.6000061035156,180.0,1240.0,0.0,0.0,
2016-03-16,180.9900054931641,181.5,177.5,177.5,101.0,0.0,0.0,
2016-03-17,177.1838989257812,177.1838989257812,177.1838989257812,177.1838989257812,0.0,0.0,0.0,
2016-03-18,181.0,181.0,181.0,181.0,44.0,0.0,0.0,
2016-03-21,183.0,183.9900054931641,173.1000061035156,174.6300048828125,92.0,0.0,0.0,
2016-03-22,175.0,180.75,175.0,176.6699981689453,390.0,0.0,0.0,
2016-03-23,185.0,189.8999938964844,173.1000061035156,179.0,528.0,0.0,0.0,
2016-03-28,188.4700012207031,188.4700012207031,174.5599975585938,178.0,203.0,0.0,0.0,
2016-03-29,182.5,182.5,173.1000061035156,174.1100006103516,165.0,0.0,0.0,
2016-03-30,181.2160034179688,181.2160034179688,181.2160034179688,181.2160034179688,0.0,0.0,0.0,
2016-03-31,180.8999938964844,182.0,180.5,181.6799926757812,84.0,0.0,0.0,
2016-04-01,186.0,188.5,176.6000061035156,176.6000061035156,91.0,0.0,0.0,
2016-04-04,184.9100036621094,185.0,184.5,184.8699951171875,59.0,0.0,0.0,
2016-04-05,184.9900054931641,184.9900054931641,179.5,179.5,15528.0,0.0,0.0,
2016-04-06,184.3999938964844,184.9900054931641,175.6000061035156,178.4600067138672,58.0,0.0,0.0,
2016-04-07,183.0,183.0,182.4900054931641,182.6699981689453,6.0,0.0,0.0,
2016-04-08,182.5,184.9900054931641,182.5,183.4600067138672,77.0,0.0,0.0,
2016-04-11,178.0,184.5500030517578,178.0,184.5500030517578,6.0,0.0,0.0,
2016-04-12,185.0,185.3999938964844,177.0,183.9900054931641,73.0,0.0,0.0,
2016-04-13,177.0,185.5,177.0,184.7899932861328,380.0,0.0,0.0,
2016-04-18,184.5,184.6999969482422,178.5099945068359,184.5,136.0,0.0,0.0,
2016-04-20,184.5,185.8899993896484,183.0,184.0,225.0,0.0,0.0,
2016-04-21,185.8999938964844,185.8999938964844,181.0,181.0,32.0,0.0,0.0,
2016-04-22,184.9499969482422,184.9499969482422,184.9499969482422,184.9499969482422,10.0,0.0,0.0,
2016-04-25,178.1000061035156,178.1000061035156,177.6000061035156,177.6000061035156,98.0,0.0,0.0,
2016-04-26,184.0422973632812,184.0422973632812,184.0422973632812,184.0422973632812,0.0,0.0,0.0,
2016-04-27,186.0,188.5,186.0,188.5,21.0,0.0,0.0,
2016-04-28,180.0,180.0,179.1000061035156,179.1000061035156,100.0,0.0,0.0,
2016-04-29,180.0,180.0,180.0,180.0,10.0,0.0,0.0,
2016-05-02,182.3022003173828,182.3022003173828,182.3022003173828,182.3022003173828,0.0,0.0,0.0,
2016-05-03,182.0,182.0,182.0,182.0,25.0,0.0,0.0,
2016-05-04,178.5,184.5,178.5,184.5,26.0,0.0,0.0,
2016-05-05,188.0,188.0,182.8999938964844,184.0,54.0,0.0,0.0,
2016-05-06,187.0,187.0,187.0,187.0,5.0,0.0,0.0,
2016-05-09,186.0,186.8999938964844,185.8899993896484,185.8899993896484,49.0,0.0,0.0,
2016-05-10,182.3778991699219,182.3778991699219,182.3778991699219,182.3778991699219,0.0,0.0,0.0,
2016-05-11,181.5341949462891,181.5341949462891,181.5341949462891,181.5341949462891,0.0,0.0,0.0,
2016-05-12,185.0,185.0,185.0,185.0,10.0,0.0,0.0,
2016-05-13,180.6965026855469,180.6965026855469,180.6965026855469,180.6965026855469,0.0,0.0,0.0,
2016-05-16,185.9900054931641,188.5,181.3500061035156,181.4199981689453,298.0,0.0,0.0,
2016-05-17,182.2866973876953,182.2866973876953,182.2866973876953,182.2866973876953,0.0,0.0,0.0,
2016-05-18,181.1000061035156,182.0,175.5500030517578,182.0,748.0,0.0,0.0,
2016-05-19,180.3663024902344,180.3663024902344,180.3663024902344,180.3663024902344,0.0,0.0,0.0,
2016-05-20,183.0,183.8999938964844,181.1000061035156,182.75,347.0,0.0,0.0,
2016-05-23,180.0,182.4799957275391,180.0,181.2400054931641,200.0,0.0,0.0,
2016-05-24,182.9900054931641,183.0,180.1000061035156,182.5,1808.0,0.0,0.0,
2016-05-25,180.9114990234375,180.9114990234375,180.9114990234375,180.9114990234375,0.0,0.0,0.0,
2016-05-26,180.0,181.0,177.1000061035156,180.6999969482422,22211.0,0.0,0.0,
2016-05-27,183.8999938964844,183.8999938964844,177.5,182.0,217.0,0.0,0.0,
2016-05-30,183.8899993896484,183.8999938964844,183.8899993896484,183.8999938964844,44.0,0.0,0.0,
2016-05-31,183.4640045166016,183.4640045166016,183.4640045166016,183.4640045166016,0.0,0.0,0.0,
2016-06-01,183.8899993896484,183.8899993896484,183.8899993896484,183.8899993896484,75.0,0.0,0.0,
2016-06-02,185.9763031005859,185.9763031005859,185.9763031005859,185.9763031005859,0.0,0.0,0.0,
2016-06-03,185.6168060302734,185.6168060302734,185.6168060302734,185.6168060302734,0.0,0.0,0.0,
2016-06-06,183.0,184.0,183.0,184.0,418.0,0.0,0.0,
2016-06-07,186.25,186.25,186.25,186.25,270.0,0.0,0.0,
2016-06-08,186.0,190.6999969482422,186.0,186.0,47.0,0.0,0.0,
2016-06-09,181.0,184.8000030517578,178.1999969482422,183.7100067138672,300.0,0.0,0.0,
2016-06-10,184.7516937255859,184.7516937255859,184.7516937255859,184.7516937255859,0.0,0.0,0.0,
2016-06-13,183.6999969482422,186.8999938964844,178.5099945068359,179.3800048828125,171.0,0.0,0.0,
2016-06-14,183.5556030273438,183.5556030273438,183.5556030273438,183.5556030273438,0.0,0.0,0.0,
2016-06-15,181.0,185.5,180.25,183.75,95.0,0.0,0.0,
2016-06-16,186.0,190.8999938964844,181.5,181.5,243.0,0.0,0.0,
2016-06-17,185.2286987304688,185.2286987304688,185.2286987304688,185.2286987304688,0.0,0.0,0.0,
2016-06-20,186.0,191.0,182.0,186.6499938964844,43.0,0.0,0.0,
2016-06-21,185.75,185.75,185.0,185.0,1814.0,0.0,0.0,
2016-06-22,186.0,186.6999969482422,186.0,186.6999969482422,2.0,0.0,0.0,
2016-06-23,185.6999969482422,185.6999969482422,184.5500030517578,184.5500030517578,10.0,0.0,0.0,
2016-06-24,185.0,185.0,185.0,185.0,100.0,0.0,0.0,
2016-06-27,180.0,180.0,180.0,180.0,25.0,0.0,0.0,
2016-06-28,184.0,184.0,184.0,184.0,81.0,0.0,0.0,
2016-06-29,184.0,185.0,184.0,185.0,80.0,0.0,0.0,
2016-06-30,180.0,189.0,180.0,186.0,355.0,0.0,0.0,
2016-07-01,186.0,188.9499969482422,186.0,187.1499938964844,71.0,0.0,0.0,
2016-07-04,184.0,199.8999938964844,184.0,192.0,55.0,0.0,0.0,
2016-07-05,197.8999938964844,197.8999938964844,181.1199951171875,183.1999969482422,235.0,0.0,0.0,
2016-07-07,192.8800048828125,192.8800048828125,187.0,190.0,10.0,0.0,0.0,
2016-07-08,190.0,190.0,181.25,181.25,144.0,0.0,0.0,
2016-07-11,199.8500061035156,199.8500061035156,184.0,190.3500061035156,20211.0,0.0,0.0,
2016-07-12,195.0,195.0,187.0,187.0,20.0,0.0,0.0,
2016-07-13,187.1000061035156,209.0,187.1000061035156,195.0,424.0,0.0,0.0,
2016-07-14,194.1305999755859,194.1305999755859,194.1305999755859,194.1305999755859,0.0,0.0,0.0,
2016-07-15,194.3755035400391,194.3755035400391,194.3755035400391,194.3755035400391,0.0,0.0,0.0,
2016-07-18,193.25,193.25,193.25,193.25,4.0,0.0,0.0,
2016-07-19,193.3511047363281,193.3511047363281,193.3511047363281,193.3511047363281,0.0,0.0,0.0,
2016-07-20,187.0,193.0,187.0,187.5,233.0,0.0,0.0,
2016-07-21,193.75,193.75,193.75,193.75,22.0,0.0,0.0,
2016-07-22,195.0,195.0,195.0,195.0,45.0,0.0,0.0,
2016-07-25,196.9801025390625,196.9801025390625,196.9801025390625,196.9801025390625,0.0,0.0,0.0,
2016-07-26,195.0,195.0,185.5,194.0,610.0,0.0,0.0,
2016-07-27,207.9499969482422,207.9499969482422,189.5,196.5,603.0,0.0,0.0,
2016-07-28,194.0,194.0,194.0,194.0,38.0,0.0,0.0,
2016-07-29,207.0,208.0,199.0,199.0,5.0,0.0,0.0,
2016-08-01,196.0,196.0,196.0,196.0,200.0,0.0,0.0,
2016-08-02,198.3025970458984,198.3025970458984,198.3025970458984,198.3025970458984,0.0,0.0,0.0,
2016-08-03,196.1802062988281,196.1802062988281,196.1802062988281,196.1802062988281,0.0,0.0,0.0,
2016-08-04,198.0,198.0,198.0,198.0,24.0,0.0,0.0,
2016-08-05,209.0,209.0,209.0,209.0,25.0,0.0,0.0,
2016-08-08,218.0,218.0,200.0,201.0,68.0,0.0,0.0,
2016-08-09,219.0,219.0,195.0,199.0,33.0,0.0,0.0,
2016-08-10,192.1000061035156,200.75,188.0,200.75,856.0,0.0,0.0,
2016-08-11,192.0,200.0,192.0,199.0099945068359,310.0,0.0,0.0,
2016-08-12,199.8000030517578,200.0,195.1000061035156,199.9400024414062,21.0,0.0,0.0,
2016-08-16,200.0,200.0,197.0,197.0,250.0,0.0,0.0,
2016-08-17,196.9496002197266,196.9496002197266,196.9496002197266,196.9496002197266,0.0,0.0,0.0,
2016-08-18,198.0032043457031,198.0032043457031,198.0032043457031,198.0032043457031,0.0,0.0,0.0,
2016-08-19,197.6638031005859,197.6638031005859,197.6638031005859,197.6638031005859,0.0,0.0,0.0,
2016-08-22,205.6999969482422,213.9900054931641,195.25,196.4299926757812,282.0,0.0,0.0,
2016-08-23,194.75,194.75,194.75,194.75,200.0,0.0,0.0,
2016-08-24,196.827392578125,196.827392578125,196.827392578125,196.827392578125,0.0,0.0,0.0,
2016-08-25,197.0,197.0,190.5,194.8000030517578,223.0,0.0,0.0,
2016-08-26,195.5,195.6999969482422,192.0,195.6999969482422,85.0,0.0,0.0,
2016-08-29,196.0,196.0,186.0,193.9100036621094,1510.0,0.0,0.0,
2016-08-30,188.1000061035156,192.0,188.1000061035156,192.0,588.0,0.0,0.0,
2016-08-31,196.8999938964844,199.75,196.8999938964844,199.75,449.0,0.0,0.0,
2016-09-01,192.0,198.1000061035156,178.0,191.1999969482422,11484.0,0.0,0.0,
2016-09-02,197.8500061035156,199.4900054931641,197.8500061035156,199.25,7.0,0.0,0.0,
2016-09-06,207.9499969482422,207.9499969482422,187.1100006103516,199.9499969482422,5914.0,0.0,0.0,
2016-09-07,198.9499969482422,198.9499969482422,197.0,197.0599975585938,200.0,0.0,0.0,
2016-09-08,199.9400024414062,200.0,195.5,199.8300018310547,10173.0,0.0,0.0,
2016-09-09,208.9900054931641,208.9900054931641,200.1999969482422,200.1999969482422,35.0,0.0,0.0,
2016-09-12,200.0,200.0,200.0,200.0,9.0,0.0,0.0,
2016-09-14,199.0,199.0,199.0,199.0,15.0,0.0,0.0,
2016-09-15,191.5,198.8999938964844,191.5,192.4199981689453,8.0,0.0,0.0,
2016-09-16,199.0,200.2100067138672,199.0,200.2100067138672,50.0,0.0,0.0,
2016-09-19,201.5588073730469,201.5588073730469,201.5588073730469,201.5588073730469,0.0,0.0,0.0,
2016-09-20,200.9707946777344,200.9707946777344,200.9707946777344,200.9707946777344,0.0,0.0,0.0,
2016-09-21,192.1100006103516,200.0,192.1100006103516,200.0,204.0,0.0,0.0,
2016-09-22,199.0,200.0,199.0,200.0,467.0,0.0,0.0,
2016-09-23,199.25,202.25,199.25,202.25,15.0,0.0,0.0,
2016-09-26,201.5,201.5,201.5,201.5,1.0,0.0,0.0,
2016-09-27,209.0,209.0,209.0,209.0,18.0,0.0,0.0,
2016-09-28,202.2064056396484,202.2064056396484,202.2064056396484,202.2064056396484,0.0,0.0,0.0,
2016-09-29,204.0,204.0,196.0,203.75,118.0,0.0,0.0,
2016-09-30,199.0,205.5,199.0,200.0,407.0,0.0,0.0,
2016-10-03,201.8296966552734,201.8296966552734,201.8296966552734,201.8296966552734,0.0,0.0,0.0,
2016-10-04,194.5,201.5,194.5,201.5,968.0,0.0,0.0,
2016-10-05,204.0,204.0,204.0,204.0,24.0,0.0,0.0,
2016-10-06,203.75,203.75,192.5700073242188,192.7799987792969,102.0,0.0,0.0,
2016-10-07,195.1100006103516,201.25,195.1000061035156,201.25,300.0,0.0,0.0,
2016-10-10,204.25,204.25,201.0,201.0,142.0,0.0,0.0,
2016-10-13,203.25,203.25,201.4499969482422,201.4499969482422,10557.0,0.0,0.0,
2016-10-14,202.25,202.25,202.25,202.25,100.0,0.0,0.0,
2016-10-17,204.0,204.0,204.0,204.0,222.0,0.0,0.0,
2016-10-18,201.0,201.0,201.0,201.0,5.0,0.0,0.0,
2016-10-19,202.5,202.5,202.5,202.5,100.0,0.0,0.0,
2016-10-20,203.75,203.75,199.0,199.0,51.0,0.0,0.0,
2016-10-21,201.2579956054688,201.2579956054688,201.2579956054688,201.2579956054688,0.0,0.0,0.0,
2016-10-24,201.2577056884766,201.2577056884766,201.2577056884766,201.2577056884766,0.0,0.0,0.0,
2016-10-25,202.25,202.25,198.0,198.5,1022.0,0.0,0.0,
2016-10-26,198.0,198.5,198.0,198.5,1160.0,0.0,0.0,
2016-10-27,201.25,201.25,195.1999969482422,198.1300048828125,818.0,0.0,0.0,
2016-10-28,200.9900054931641,201.0,200.9900054931641,201.0,40.0,0.0,0.0,
2016-11-01,201.7400054931641,201.7400054931641,195.0,195.0,11.0,0.0,0.0,
2016-11-02,196.4597015380859,196.4597015380859,196.4597015380859,196.4597015380859,0.0,0.0,0.0,
2016-11-03,192.1499938964844,192.8999938964844,192.1499938964844,192.8999938964844,73.0,0.0,0.0,
2016-11-04,196.0,197.0,196.0,197.0,102.0,0.0,0.0,
2016-11-07,201.9900054931641,201.9900054931641,194.0,195.1999969482422,1257.0,0.0,0.0,
2016-11-08,195.0,195.0,195.0,195.0,45.0,0.0,0.0,
2016-11-09,208.9900054931641,208.9900054931641,190.1499938964844,191.0,10950.0,0.0,0.0,
2016-11-10,189.5,189.5,189.5,189.5,4.0,0.0,0.0,
2016-11-11,186.3332061767578,186.3332061767578,186.3332061767578,186.3332061767578,0.0,0.0,0.0,
2016-11-15,199.0,208.9799957275391,186.1000061035156,208.9799957275391,94.0,0.0,0.0,
2016-11-16,186.0,191.0,183.6000061035156,183.9299926757812,1020.0,0.0,0.0,
2016-11-17,184.0099945068359,185.9900054931641,184.0099945068359,185.9900054931641,20.0,0.0,0.0,
2016-11-18,183.0,183.0,183.0,183.0,25.0,0.0,0.0,
2016-11-21,180.3827056884766,180.3827056884766,180.3827056884766,180.3827056884766,0.0,0.0,0.0,
2016-11-22,185.0,185.0,185.0,185.0,52.0,0.0,0.0,
2016-11-23,184.3309936523438,184.3309936523438,184.3309936523438,184.3309936523438,0.0,0.0,0.0,
2016-11-24,183.5247955322266,183.5247955322266,183.5247955322266,183.5247955322266,0.0,0.0,0.0,
2016-11-25,186.8300933837891,186.8300933837891,186.8300933837891,186.8300933837891,0.0,0.0,0.0,
2016-11-28,204.0,204.0,204.0,204.0,20.0,0.0,0.0,
2016-11-29,198.0,199.9900054931641,185.0,190.4499969482422,216.0,0.0,0.0,
2016-11-30,189.7447967529297,189.7447967529297,189.7447967529297,189.7447967529297,0.0,0.0,0.0,
2016-12-01,189.8999938964844,190.9499969482422,189.8999938964844,190.9499969482422,278.0,0.0,0.0,
2016-12-02,187.3648071289062,187.3648071289062,187.3648071289062,187.3648071289062,0.0,0.0,0.0,
2016-12-05,204.0,205.0,194.0,194.0,31.0,0.0,0.0,
2016-12-06,193.8999938964844,193.8999938964844,188.0,188.0,12.0,0.0,0.0,
2016-12-07,198.0,198.0,185.5,185.5,27.0,0.0,0.0,
2016-12-08,198.0,199.0,191.9900054931641,191.9900054931641,49.0,0.0,0.0,
2016-12-09,194.9499969482422,195.0,194.9499969482422,195.0,13.0,0.0,0.0,
2016-12-12,188.9900054931641,189.0,188.9900054931641,189.0,137.0,0.0,0.0,
2016-12-13,188.9113006591797,188.9113006591797,188.9113006591797,188.9113006591797,0.0,0.0,0.0,
2016-12-14,188.5670013427734,188.5670013427734,188.5670013427734,188.5670013427734,0.0,0.0,0.0,
2016-12-15,188.1994934082031,188.1994934082031,188.1994934082031,188.1994934082031,0.0,0.0,0.0,
2016-12-16,188.0953063964844,188.0953063964844,188.0953063964844,188.0953063964844,0.0,0.0,0.0,
2016-12-19,187.4806060791016,187.4806060791016,187.4806060791016,187.4806060791016,0.0,0.0,0.0,
2016-12-20,198.0,201.0,189.0,195.0,9.0,0.0,0.0,
2016-12-21,187.2348022460938,187.2348022460938,187.2348022460938,187.2348022460938,0.0,0.0,0.0,
2016-12-22,185.7653961181641,185.7653961181641,185.7653961181641,185.7653961181641,0.0,0.0,0.0,
2016-12-23,186.0,186.0,184.6000061035156,184.6000061035156,15509.0,0.0,0.0,
2016-12-26,185.0,185.0,185.0,185.0,4.0,0.0,0.0,
2016-12-27,187.0897064208984,187.0897064208984,187.0897064208984,187.0897064208984,0.0,0.0,0.0,
2016-12-28,188.0,188.8500061035156,188.0,188.8500061035156,211.0,0.0,0.0,
2016-12-29,188.5,188.5,188.5,188.5,2.0,0.0,0.0,
2016-12-30,189.5,189.5,189.0,189.5,525.0,0.0,0.0,
2017-01-02,192.6591949462891,192.6591949462891,192.6591949462891,192.6591949462891,0.0,0.0,0.0,
2017-01-03,193.4900054931641,193.4900054931641,193.0,193.0,4.0,0.0,0.0,
2017-01-04,192.2487030029297,192.2487030029297,192.2487030029297,192.2487030029297,0.0,0.0,0.0,
2017-01-05,198.8999938964844,198.8999938964844,194.1199951171875,194.1199951171875,55.0,0.0,0.0,
2017-01-06,192.8376007080078,192.8376007080078,192.8376007080078,192.8376007080078,0.0,0.0,0.0,
2017-01-09,194.0,194.0,193.9700012207031,193.9700012207031,45.0,0.0,0.0,
2017-01-10,193.3807067871094,193.3807067871094,193.3807067871094,193.3807067871094,0.0,0.0,0.0,
2017-01-11,194.0,194.0,194.0,194.0,56.0,0.0,0.0,
2017-01-12,193.0,197.9900054931641,193.0,197.5,64.0,0.0,0.0,
2017-01-13,193.2176055908203,193.2176055908203,193.2176055908203,193.2176055908203,0.0,0.0,0.0,
2017-01-16,193.2205047607422,193.2205047607422,193.2205047607422,193.2205047607422,0.0,0.0,0.0,
2017-01-17,198.8999938964844,211.9900054931641,193.0,198.4100036621094,420.0,0.0,0.0,
2017-01-18,194.0,194.5,189.0,190.0,436.0,0.0,0.0,
2017-01-19,192.0,192.0,192.0,192.0,20.0,0.0,0.0,
2017-01-20,192.0,192.0,192.0,192.0,26.0,0.0,0.0,
2017-01-23,189.1199951171875,194.4900054931641,189.1199951171875,190.0,10.0,0.0,0.0,
2017-01-24,190.0,190.0,189.0,189.0,9.0,0.0,0.0,
2017-01-25,196.5767974853516,196.5767974853516,196.5767974853516,196.5767974853516,0.0,0.0,0.0,
2017-01-27,198.9900054931641,198.9900054931641,197.0,197.0,48.0,0.0,0.0,
2017-01-30,196.0,196.0,190.0,190.0200042724609,58.0,0.0,0.0,
2017-01-31,195.0,195.5,194.8999938964844,195.5,47.0,0.0,0.0,
2017-02-01,194.5,194.9900054931641,194.5,194.6499938964844,160.0,0.0,0.0,
2017-02-02,197.2906951904297,197.2906951904297,197.2906951904297,197.2906951904297,0.0,0.0,0.0,
2017-02-03,197.0,198.5,197.0,197.0,501.0,0.0,0.0,
2017-02-06,217.0,218.0,200.0,200.0,104.0,0.0,0.0,
2017-02-07,217.0,217.0,200.0,200.0,4.0,0.0,0.0,
2017-02-08,200.0,201.0,200.0,200.8999938964844,43.0,0.0,0.0,
2017-02-09,199.6921997070312,199.6921997070312,199.6921997070312,199.6921997070312,0.0,0.0,0.0,
2017-02-10,200.8999938964844,200.8999938964844,200.8999938964844,200.8999938964844,7.0,0.0,0.0,
2017-02-13,200.8999938964844,200.8999938964844,194.1000061035156,195.1000061035156,68.0,0.0,0.0,
2017-02-14,200.8999938964844,200.8999938964844,200.8999938964844,200.8999938964844,2.0,0.0,0.0,
2017-02-15,198.8515014648438,198.8515014648438,198.8515014648438,198.8515014648438,0.0,0.0,0.0,
2017-02-16,201.1996002197266,201.1996002197266,201.1996002197266,201.1996002197266,0.0,0.0,0.0,
2017-02-17,200.9499969482422,200.9499969482422,193.0,193.0,26.0,0.0,0.0,
2017-02-20,193.5,201.0500030517578,193.5,201.0,161.0,0.0,0.0,
2017-02-21,199.1499938964844,201.0,199.1499938964844,201.0,71.0,0.0,0.0,
2017-02-22,208.2761993408203,208.2761993408203,208.2761993408203,208.2761993408203,0.0,0.0,0.0,
2017-02-23,207.5500030517578,207.5500030517578,194.1000061035156,199.5,10236.0,0.0,0.0,
2017-02-27,210.0,212.0,201.25,208.3200073242188,11718.0,0.0,0.0,
2017-02-28,209.0,209.8999938964844,203.5,209.8999938964844,8.0,0.0,0.0,
2017-03-01,202.5,212.0,202.5,211.6300048828125,350.0,0.0,0.0,
2017-03-02,209.0,211.9900054931641,203.0,204.5700073242188,29.0,0.0,0.0,
2017-03-03,219.0,219.0,195.3500061035156,208.9799957275391,365.0,0.0,0.0,
2017-03-06,210.0,211.0,210.0,211.0,110.0,0.0,0.0,
2017-03-07,212.0,212.0,211.0,212.0,64.0,0.0,0.0,
2017-03-08,213.0,213.0,213.0,213.0,40.0,0.0,0.0,
2017-03-09,211.0,211.25,210.0,210.0,32.0,0.0,0.0,
2017-03-10,211.0,211.0,211.0,211.0,7.0,0.0,0.0,
2017-03-14,213.0,216.0,210.0,210.0,265.0,0.0,0.0,
2017-03-15,211.0,215.0,211.0,214.75,18.0,0.0,0.0,
2017-03-16,216.0,216.0,205.0,215.6499938964844,403.0,0.0,0.0,
2017-03-17,216.0,216.0,215.6499938964844,215.6499938964844,27.0,0.0,0.0,
2017-03-20,216.0,216.0,216.0,216.0,1.0,0.0,0.0,
2017-03-21,216.0,216.0,216.0,216.0,1.0,0.0,0.0,
2017-03-22,216.0,216.0,211.5,211.5,111.0,0.0,0.0,
2017-03-23,216.0,216.0,213.0,213.0,1501.0,0.0,0.0,
2017-03-24,216.0,216.0,213.5,213.5,1501.0,0.0,0.0,
2017-03-27,216.0,216.0,216.0,216.0,18.0,0.0,0.0,
2017-03-28,216.0,216.0,215.9499969482422,215.9499969482422,3.0,0.0,0.0,
2017-03-29,216.0,216.0,199.5,204.2599945068359,39.0,0.0,0.0,
2017-03-30,216.0,216.0,212.0,212.0,3.0,0.0,0.0,
2017-03-31,216.0,216.0,202.0,216.0,111.0,0.0,0.0,
2017-04-03,216.0,216.0,208.1000061035156,215.9499969482422,318.0,0.0,0.0,
2017-04-05,215.9499969482422,217.5,215.9499969482422,217.5,335.0,0.0,0.0,
2017-04-06,218.0,218.5,217.8999938964844,218.4499969482422,100.0,0.0,0.0,
2017-04-07,221.0,221.0,209.0,219.0,340.0,0.0,0.0,
2017-04-10,221.0,221.0,220.0,220.0,521.0,0.0,0.0,
2017-04-11,221.0,221.0,220.0,220.0,68.0,0.0,0.0,
2017-04-12,221.0,221.0,216.5,216.5,136.0,0.0,0.0,
2017-04-13,221.0,221.0,221.0,221.0,12.0,0.0,0.0,
2017-04-17,229.0,229.0,215.8000030517578,215.8999938964844,536.0,0.0,0.0,
2017-04-18,221.0,221.0,217.75,218.0,161.0,0.0,0.0,
2017-04-19,225.0,225.0,214.8999938964844,215.0599975585938,181.0,0.0,0.0,
2017-04-20,224.9499969482422,224.9499969482422,216.0,216.0,13.0,0.0,0.0,
2017-04-21,225.0,225.0,224.5,224.5,2.0,0.0,0.0,
2017-04-24,224.8999938964844,225.0,224.8999938964844,225.0,2.0,0.0,0.0,
2017-04-25,224.0,224.9900054931641,218.5700073242188,220.2200012207031,77.0,0.0,0.0,
2017-04-26,225.0,225.0,225.0,225.0,1.0,0.0,0.0,
2017-04-27,225.0,225.0,219.3500061035156,219.3500061035156,369.0,0.0,0.0,
2017-04-28,225.0,225.0,225.0,225.0,1.0,0.0,0.0,
2017-05-02,225.0,225.0,218.25,218.25,404.0,0.0,0.0,
2017-05-03,225.0,225.0,218.75,218.75,4.0,0.0,0.0,
2017-05-04,225.0,225.0,217.8099975585938,219.6999969482422,101.0,0.0,0.0,
2017-05-05,225.0,225.0,218.25,218.25,610.0,0.0,0.0,
2017-05-08,224.9900054931641,224.9900054931641,219.0,219.8399963378906,10205.0,0.0,0.0,
2017-05-09,224.0,224.0,219.7400054931641,219.75,151.0,0.0,0.0,
2017-05-10,224.9900054931641,225.0,218.0099945068359,225.0,20.0,0.0,0.0,
2017-05-11,225.0,225.0,225.0,225.0,2.0,0.0,0.0,
2017-05-12,225.0,225.0,221.5,221.5,101.0,0.0,0.0,
2017-05-15,229.0,229.0,226.0,226.0,18.0,0.0,0.0,
2017-05-16,229.0,229.0,229.0,229.0,1.0,0.0,0.0,
2017-05-17,229.0,229.0,229.0,229.0,26.0,0.0,0.0,
2017-05-18,229.0,229.0,229.0,229.0,1.0,0.0,0.0,
2017-05-19,229.0,229.0,218.0299987792969,218.0299987792969,3.0,0.0,0.0,
2017-05-22,229.0,229.0,220.8500061035156,220.8500061035156,3.0,0.0,0.0,
2017-05-23,229.0,230.0,219.0,230.0,204.0,0.0,0.0,
2017-05-24,230.0,230.0,218.8000030517578,218.8000030517578,12.0,0.0,0.0,
2017-05-25,230.0,230.0,218.6999969482422,218.6999969482422,301.0,0.0,0.0,
2017-05-26,222.0,222.0,216.0,218.0,225.0,0.0,0.0,
2017-05-29,230.0,234.0,230.0,230.0,20.0,0.0,0.0,
2017-05-30,234.0,234.0,225.25,225.25,131.0,0.0,0.0,
2017-05-31,234.0,234.0,225.8999938964844,225.8999938964844,101.0,0.0,0.0,
2017-06-01,234.0,234.0,225.25,225.25,2.0,0.0,0.0,
2017-06-02,234.0,234.0,225.5,225.5,101.0,0.0,0.0,
2017-06-05,230.0,230.0,224.0,225.3500061035156,10029.0,0.0,0.0,
2017-06-06,240.0,240.0,225.0,225.0,42.0,0.0,0.0,
2017-06-07,226.1999969482422,226.1999969482422,226.1999969482422,226.1999969482422,100.0,0.0,0.0,
2017-06-08,226.75,226.75,225.0,225.0,10001.0,0.0,0.0,
2017-06-09,224.5399932861328,224.5399932861328,224.5399932861328,224.5399932861328,0.0,0.0,0.0,
2017-06-12,266.0,266.0,220.0099945068359,223.9100036621094,1165.0,0.0,0.0,
2017-06-13,248.0,248.0,221.0,235.0,169.0,0.0,0.0,
2017-06-14,245.0,245.0,218.0700073242188,219.5,1470.0,0.0,0.0,
2017-06-15,239.9900054931641,252.0,222.25,224.5500030517578,1334.0,0.0,0.0,
2017-06-16,233.3000030517578,233.3000030517578,225.3500061035156,225.3500061035156,42.0,0.0,0.0,
2017-06-19,233.0,233.0,220.5,225.5800018310547,158.0,0.0,0.0,
2017-06-20,247.0,247.0,200.1100006103516,226.0,488.0,0.0,0.0,
2017-06-21,239.8899993896484,239.8899993896484,220.0,225.4100036621094,81.0,0.0,0.0,
2017-06-22,230.0,230.0,220.5,225.2899932861328,2029.0,0.0,0.0,
2017-06-23,246.0,246.0,210.5,221.9499969482422,247.0,0.0,0.0,
2017-06-27,232.0,246.0,211.1100006103516,213.0399932861328,459.0,0.0,0.0,
2017-06-28,225.8000030517578,225.8000030517578,221.2700042724609,222.4499969482422,162.0,0.0,0.0,
2017-06-29,229.8000030517578,229.8000030517578,221.8000030517578,221.8000030517578,5.0,0.0,0.0,
2017-06-30,226.0,226.0,220.1000061035156,220.1000061035156,7.0,0.0,0.0,
2017-07-03,229.9900054931641,229.9900054931641,220.1000061035156,222.1499938964844,14.0,0.0,0.0,
2017-07-04,229.8999938964844,229.8999938964844,223.8999938964844,224.1999969482422,7.0,0.0,0.0,
2017-07-05,228.9799957275391,228.9799957275391,210.5,223.8099975585938,2345.0,0.0,0.0,
2017-07-06,230.8899993896484,230.8899993896484,225.6999969482422,225.75,56.0,0.0,0.0,
2017-07-07,230.9799957275391,230.9799957275391,226.1000061035156,226.1499938964844,12.0,0.0,0.0,
2017-07-10,217.0,230.8999938964844,217.0,230.1999969482422,62.0,0.0,0.0,
2017-07-11,230.1999969482422,230.1999969482422,230.1999969482422,230.1999969482422,96.0,0.0,0.0,
2017-07-12,231.0,231.0,221.0,231.0,783.0,0.0,0.0,
2017-07-13,231.0,235.0,230.0,233.1999969482422,64.0,0.0,0.0,
2017-07-14,222.0,232.0,222.0,232.0,534.0,0.0,0.0,
2017-07-17,252.8999938964844,278.510009765625,234.25,234.25,140.0,0.0,0.0,
2017-07-18,235.0,236.0,235.0,236.0,3.0,0.0,0.0,
2017-07-19,226.0,232.0,226.0,230.0,45.0,0.0,0.0,
2017-07-20,233.6876068115234,233.6876068115234,233.6876068115234,233.6876068115234,0.0,0.0,0.0,
2017-07-21,236.4154968261719,236.4154968261719,236.4154968261719,236.4154968261719,0.0,0.0,0.0,
2017-07-24,238.0424957275391,238.0424957275391,238.0424957275391,238.0424957275391,0.0,0.0,0.0,
2017-07-25,226.0,236.0,226.0,236.0,277.0,0.0,0.0,
2017-07-26,238.75,265.0,238.75,238.8000030517578,1004.0,0.0,0.0,
2017-07-27,263.8999938964844,266.0,227.0099945068359,230.4100036621094,460.0,0.0,0.0,
2017-07-28,235.1696929931641,235.1696929931641,235.1696929931641,235.1696929931641,0.0,0.0,0.0,
2017-07-31,234.0,236.5,234.0,236.4900054931641,37.0,0.0,0.0,
2017-08-01,236.5,240.0,236.5,236.5,11.0,0.0,0.0,
2017-08-02,239.9799957275391,239.9799957275391,238.1999969482422,238.2400054931641,374.0,0.0,0.0,
2017-08-03,244.9900054931641,245.0,237.25,238.0,766.0,0.0,0.0,
2017-08-04,238.25,240.0,238.25,240.0,526.0,0.0,0.0,
2017-08-07,259.989990234375,260.0,243.0,243.0,45.0,0.0,0.0,
2017-08-08,232.0,240.0,232.0,240.0,20.0,0.0,0.0,
2017-08-09,240.0,240.0,240.0,240.0,0.0,0.0,0.0,
2017-08-10,239.0,239.0500030517578,236.6000061035156,238.0,14.0,0.0,0.0,
2017-08-11,234.8500061035156,235.0,234.8500061035156,235.0,84.0,0.0,0.0,
2017-08-14,203.0099945068359,244.9900054931641,203.0099945068359,235.5800018310547,21.0,0.0,0.0,
2017-08-16,247.0,247.0,240.0,240.0,10.0,0.0,0.0,
2017-08-17,245.9900054931641,246.0,240.0,240.0,136.0,0.0,0.0,
2017-08-18,246.0,246.0,238.3500061035156,238.3500061035156,102.0,0.0,0.0,
2017-08-21,247.0,247.0,239.0,239.0,1023.0,0.0,0.0,
2017-08-22,239.5,239.5,237.1000061035156,237.1000061035156,150.0,0.0,0.0,
2017-08-23,239.25,239.25,237.25,237.25,891.0,0.0,0.0,
2017-08-24,247.0,247.0,237.0,237.0099945068359,102.0,0.0,0.0,
2017-08-28,246.9900054931641,246.9900054931641,241.75,241.75,32.0,0.0,0.0,
2017-08-29,246.0,246.0,241.8500061035156,241.8500061035156,6.0,0.0,0.0,
2017-08-30,246.7400054931641,246.7400054931641,242.8000030517578,242.8000030517578,42.0,0.0,0.0,
2017-08-31,246.5,246.5,242.8000030517578,242.8000030517578,2.0,0.0,0.0,
2017-09-01,246.9900054931641,246.9900054931641,243.0,243.0,6.0,0.0,0.0,
2017-09-04,247.0,247.0,247.0,247.0,2.0,0.0,0.0,
2017-09-05,247.0,273.0,243.5,246.5,1125.0,0.0,0.0,
2017-09-06,247.0,247.0,243.0,243.0,278.0,0.0,0.0,
2017-09-07,247.0,253.0,244.5,247.5,9.0,0.0,0.0,
2017-09-08,247.0,247.0500030517578,247.0,247.0,101.0,0.0,0.0,
2017-09-11,247.0,250.0,245.5500030517578,245.5500030517578,57.0,0.0,0.0,
2017-09-12,247.0,250.75,247.0,250.0,12.0,0.0,0.0,
2017-09-13,272.989990234375,272.989990234375,247.0,249.75,805.0,0.0,0.0,
2017-09-14,253.0,253.0,251.9499969482422,251.9499969482422,2.0,0.0,0.0,
2017-09-15,253.0,253.0,249.5,249.5,112.0,0.0,0.0,
2017-09-18,253.0,255.0,253.0,253.0,72.0,0.0,0.0,
2017-09-19,253.0,259.989990234375,253.0,253.0,58.0,0.0,0.0,
2017-09-20,253.0,253.0,251.5,251.5,2.0,0.0,0.0,
2017-09-21,251.5,251.5,251.5,251.5,0.0,0.0,0.0,
2017-09-22,251.5,251.5,251.5,251.5,0.0,0.0,0.0,
2017-09-25,250.0,250.0,243.0,243.0,646.0,0.0,0.0,
2017-09-26,243.25,243.25,238.1000061035156,238.1000061035156,1227.0,0.0,0.0,
2017-09-27,243.5,243.5,240.0,240.0,1010.0,0.0,0.0,
2017-09-28,237.4900054931641,248.0,237.4900054931641,240.5,1082.0,0.0,0.0,
2017-09-29,242.0,242.0,239.0,239.0,302.0,0.0,0.0,
2017-10-03,253.0,253.0,243.2400054931641,243.25,172.0,0.0,0.0,
2017-10-04,253.0,253.0,243.5,243.5,2.0,0.0,0.0,
2017-10-05,253.0,255.0,241.0,243.75,75.0,0.0,0.0,
2017-10-06,253.0,253.0,238.0,245.0,188.0,0.0,0.0,
2017-10-09,253.0,255.0,235.0,243.25,55.0,0.0,0.0,
2017-10-10,247.6499938964844,247.6499938964844,247.6499938964844,247.6499938964844,12.0,0.0,0.0,
2017-10-11,253.0,255.0,240.1000061035156,249.0,95.0,0.0,0.0,
2017-10-12,252.8999938964844,252.8999938964844,243.1000061035156,246.4900054931641,512.0,0.0,0.0,
2017-10-13,246.0,252.9499969482422,246.0,250.0,33.0,0.0,0.0,
2017-10-16,253.0,253.0,251.0,251.0,2.0,0.0,0.0,
2017-10-17,253.0,255.8999938964844,253.0,255.0,53.0,0.0,0.0,
2017-10-18,253.0,255.0,244.0,255.0,54.0,0.0,0.0,
2017-10-19,253.0,260.0,253.0,257.6300048828125,3.0,0.0,0.0,
2017-10-23,260.0,260.0,250.0,250.0,227.0,0.0,0.0,
2017-10-24,253.0,253.0,247.25,247.9299926757812,8.0,0.0,0.0,
2017-10-25,260.0,260.0,244.0,244.0,2.0,0.0,0.0,
2017-10-26,253.0,253.0,242.0,251.9900054931641,204.0,0.0,0.0,
2017-10-27,252.9499969482422,259.989990234375,252.9499969482422,253.0,129.0,0.0,0.0,
2017-10-30,253.0,258.0,253.0,258.0,295.0,0.0,0.0,
2017-10-31,253.0,255.8999938964844,252.5,253.2200012207031,319.0,0.0,0.0,
2017-11-01,259.0,259.8900146484375,248.0,249.0200042724609,6.0,0.0,0.0,
2017-11-02,258.989990234375,258.989990234375,255.0,255.0,100.0,0.0,0.0,
2017-11-03,258.8900146484375,258.8900146484375,252.5,255.3999938964844,287.0,0.0,0.0,
2017-11-06,259.0,260.0,256.0,256.0,22.0,0.0,0.0,
2017-11-07,258.989990234375,258.989990234375,251.0,251.0,9.0,0.0,0.0,
2017-11-08,257.989990234375,257.989990234375,246.5099945068359,255.0,7.0,0.0,0.0,
2017-11-09,258.989990234375,258.989990234375,252.5,252.5,3.0,0.0,0.0,
2017-11-10,258.6900024414062,258.7000122070312,248.0,251.0,245.0,0.0,0.0,
2017-11-13,245.0,258.989990234375,245.0,249.7400054931641,12748.0,0.0,0.0,
2017-11-14,258.0,258.0,247.0,248.75,32.0,0.0,0.0,
2017-11-15,257.989990234375,257.989990234375,247.9900054931641,248.0,553.0,0.0,0.0,
2017-11-16,248.0,248.0,248.0,248.0,0.0,0.0,0.0,
2017-11-17,256.989990234375,256.989990234375,250.9900054931641,250.9900054931641,56.0,0.0,0.0,
2017-11-20,258.8900146484375,258.8900146484375,247.75,248.5,169.0,0.0,0.0,
2017-11-21,254.9499969482422,254.9499969482422,250.0,250.0,6.0,0.0,0.0,
2017-11-22,258.9700012207031,258.9700012207031,256.0,258.0,5.0,0.0,0.0,
2017-11-23,254.8999938964844,254.8999938964844,251.4799957275391,251.4799957275391,9.0,0.0,0.0,
2017-11-24,251.4799957275391,251.4799957275391,251.4799957275391,251.4799957275391,0.0,0.0,0.0,
2017-11-27,259.0,268.0,250.9799957275391,250.9799957275391,64.0,0.0,0.0,
2017-11-28,257.8999938964844,257.8999938964844,250.0,250.0,48.0,0.0,0.0,
2017-11-29,252.0,252.0,251.9900054931641,251.9900054931641,612.0,0.0,0.0,
2017-11-30,255.25,255.25,248.5,248.5,211.0,0.0,0.0,
2017-12-01,255.8000030517578,255.8000030517578,250.25,250.25,3.0,0.0,0.0,
2017-12-04,256.7000122070312,258.0,246.9900054931641,247.0,121.0,0.0,0.0,
2017-12-05,254.8000030517578,254.8000030517578,249.9900054931641,249.9900054931641,6.0,0.0,0.0,
2017-12-06,255.7899932861328,255.7899932861328,242.5,242.5,9.0,0.0,0.0,
2017-12-07,254.7899932861328,254.7899932861328,252.8999938964844,252.8999938964844,7.0,0.0,0.0,
2017-12-08,255.7899932861328,255.7899932861328,250.5,250.5,2.0,0.0,0.0,
2017-12-11,250.0,256.989990234375,249.9900054931641,253.25,262.0,0.0,0.0,
2017-12-12,256.0,256.0,256.0,256.0,16.0,0.0,0.0,
2017-12-13,255.9900054931641,256.0,255.8999938964844,256.0,30.0,0.0,0.0,
2017-12-14,256.0,256.0,253.0,253.0,15.0,0.0,0.0,
2017-12-15,256.0,256.0,256.0,256.0,11.0,0.0,0.0,
2017-12-18,256.0,268.989990234375,254.0,254.0,119.0,0.0,0.0,
2017-12-19,262.0,262.0,255.0,255.0,53.0,0.0,0.0,
2017-12-20,262.0,264.8999938964844,250.1000061035156,262.0,18.0,0.0,0.0,
2017-12-21,262.0,262.0,260.489990234375,260.5,38.0,0.0,0.0,
2017-12-22,262.0,262.0,255.5,259.25,502.0,0.0,0.0,
2017-12-26,261.0,261.0,260.5,260.5,164.0,0.0,0.0,
2017-12-27,260.5,270.0,250.1600036621094,258.0,170.0,0.0,0.0,
2017-12-28,258.0,261.989990234375,258.0,258.0,14.0,0.0,0.0,
2017-12-29,269.0,269.5,261.4500122070312,261.5,702.0,0.0,0.0,
2018-01-01,258.0499877929688,262.5,258.0,262.5,3356.0,0.0,0.0,
2018-01-02,262.0,262.0,260.0,260.0,1159.0,0.0,0.0,
2018-01-03,260.989990234375,261.0,260.989990234375,261.0,83.0,0.0,0.0,
2018-01-04,262.0,262.0,257.5499877929688,258.0,72.0,0.0,0.0,
2018-01-05,267.0,267.0,253.3000030517578,264.0,124.0,0.0,0.0,
2018-01-08,270.0,273.0,251.1600036621094,261.0,85.0,0.0,0.0,
2018-01-09,270.0,270.0,267.9500122070312,268.0,504.0,0.0,0.0,
2018-01-10,270.0,273.0,260.75,260.75,547.0,0.0,0.0,
2018-01-11,273.9500122070312,273.9500122070312,268.0,268.0,37.0,0.0,0.0,
2018-01-12,270.0,270.0,268.0,268.0,12.0,0.0,0.0,
2018-01-15,267.0,267.0,261.3999938964844,261.3999938964844,447.0,0.0,0.0,
2018-01-16,273.9500122070312,273.9500122070312,265.0,265.0,35.0,0.0,0.0,
2018-01-17,274.0,274.0,255.1000061035156,257.3999938964844,101.0,0.0,0.0,
2018-01-18,274.0,274.0,271.0,273.0,33.0,0.0,0.0,
2018-01-19,274.0,274.0,253.0,259.0,1018.0,0.0,0.0,
2018-01-22,250.0,272.75,250.0,256.9800109863281,575.0,0.0,0.0,
2018-01-23,257.5,262.0,257.5,261.8800048828125,313.0,0.0,0.0,
2018-01-24,261.8800048828125,261.8800048828125,261.8800048828125,261.8800048828125,0.0,0.0,0.0,
2018-01-25,255.1000061035156,273.0,255.0,264.2200012207031,120.0,0.0,0.0,
2018-01-29,260.0499877929688,272.8999938964844,251.0,264.4700012207031,194.0,0.0,0.0,
2018-01-30,263.989990234375,263.989990234375,260.25,263.7200012207031,66.0,0.0,0.0,
2018-01-31,262.0,270.0,262.0,270.0,172.0,0.0,0.0,
2018-02-01,269.8999938964844,269.8999938964844,268.0,268.0,2.0,0.0,0.0,
2018-02-02,266.0,267.8999938964844,258.0,258.0,69.0,0.0,0.0,
2018-02-05,271.8900146484375,271.8900146484375,251.0,260.0,129.0,0.0,0.0,
2018-02-06,255.0,255.0,249.0,250.0,184.0,0.0,0.0,
2018-02-07,252.5500030517578,259.8999938964844,249.5500030517578,251.0,5717.0,0.0,0.0,
2018-02-08,251.3999938964844,252.9900054931641,240.0,246.0500030517578,1165.0,0.0,0.0,
2018-02-09,252.1399993896484,252.1499938964844,252.0,252.0,176.0,0.0,0.0,
2018-02-12,252.0,254.25,252.0,252.0,43.0,0.0,0.0,
2018-02-14,260.0,269.75,239.1000061035156,266.1700134277344,226.0,0.0,0.0,
2018-02-15,260.0,260.0499877929688,253.0,253.3500061035156,89.0,0.0,0.0,
2018-02-16,246.1000061035156,268.8800048828125,246.1000061035156,250.0,532.0,0.0,0.0,
2018-02-19,266.9500122070312,266.9500122070312,248.0099945068359,253.0,5.0,0.0,0.0,
2018-02-20,269.0,269.0,247.0,247.8000030517578,85.0,0.0,0.0,
2018-02-21,260.7999877929688,263.0,240.3099975585938,245.9600067138672,870.0,0.0,0.0,
2018-02-22,265.0,265.0,240.0,240.0099945068359,120.0,0.0,0.0,
2018-02-23,251.8999938964844,251.9900054931641,242.5,250.9900054931641,99.0,0.0,0.0,
2018-02-26,243.1000061035156,261.5,243.1000061035156,247.5,55.0,0.0,0.0,
2018-02-27,250.5,250.5,246.1000061035156,249.9900054931641,55.0,0.0,0.0,
2018-02-28,252.0,252.0,252.0,252.0,4.0,0.0,0.0,
2018-03-01,258.0,258.0,251.0,252.25,30.0,0.0,0.0,
2018-03-05,260.0,261.8900146484375,242.25,247.9900054931641,311.0,0.0,0.0,
2018-03-06,259.0,259.0,257.0,257.3999938964844,23.0,0.0,0.0,
2018-03-07,265.0,265.0,242.0099945068359,252.25,187.0,0.0,0.0,
2018-03-08,265.0,265.0,245.0,250.0,2028.0,0.0,0.0,
2018-03-09,257.0,257.0,252.4900054931641,252.4900054931641,5.0,0.0,0.0,
2018-03-12,258.0,258.0,252.9900054931641,252.9900054931641,20.0,0.0,0.0,
2018-03-13,252.9499969482422,252.9900054931641,250.0,250.8500061035156,46.0,0.0,0.0,
2018-03-14,252.9900054931641,252.9900054931641,252.9900054931641,252.9900054931641,4.0,0.0,0.0,
2018-03-15,245.0099945068359,250.0,241.5200042724609,244.0599975585938,102.0,0.0,0.0,
2018-03-16,250.0,252.0,244.1999969482422,244.5200042724609,79.0,0.0,0.0,
2018-03-19,244.5200042724609,244.5200042724609,244.5200042724609,244.5200042724609,0.0,0.0,0.0,
2018-03-20,242.0,252.0,241.1100006103516,250.6999969482422,56.0,0.0,0.0,
2018-03-21,249.0,251.75,242.1000061035156,250.5399932861328,59.0,0.0,0.0,
2018-03-22,252.8999938964844,252.8999938964844,252.0,252.0,2.0,0.0,0.0,
2018-03-23,244.0,244.9700012207031,237.0099945068359,238.8899993896484,5976.0,0.0,0.0,
2018-03-26,250.0,250.0,238.0,238.8699951171875,6299.0,0.0,0.0,
2018-03-27,254.5,254.8999938964844,242.0,243.25,3538.0,0.0,0.0,
2018-03-28,258.5,258.5,258.5,258.5,5.0,0.0,0.0,
2018-04-02,258.0,258.0,246.0,246.0,20.0,0.0,0.0,
2018-04-03,243.25,252.0,243.25,251.3300018310547,58.0,0.0,0.0,
2018-04-04,245.1000061035156,251.9900054931641,245.1000061035156,251.4900054931641,231.0,0.0,0.0,
2018-04-05,258.0,259.0,242.5,249.75,230.0,0.0,0.0,
2018-04-06,249.9900054931641,249.9900054931641,249.9900054931641,249.9900054931641,3.0,0.0,0.0,
2018-04-09,258.0,258.0,249.9799957275391,250.0,87.0,0.0,0.0,
2018-04-10,255.0,255.0,243.1000061035156,250.0,34.0,0.0,0.0,
2018-04-11,258.0,258.0,247.0,247.1499938964844,337.0,0.0,0.0,
2018-04-12,247.75,247.75,247.75,247.75,6.0,0.0,0.0,
2018-04-13,248.9900054931641,249.0,248.9900054931641,249.0,20.0,0.0,0.0,
2018-04-16,248.5,248.5,248.5,248.5,112.0,0.0,0.0,
2018-04-17,243.1000061035156,255.0,243.1000061035156,250.3300018310547,691.0,0.0,0.0,
2018-04-18,242.5,247.0,240.1000061035156,240.1000061035156,149.0,0.0,0.0,
2018-04-19,248.0,250.0,244.1000061035156,246.0,15.0,0.0,0.0,
2018-04-20,246.0,246.0,246.0,246.0,100.0,0.0,0.0,
2018-04-23,258.0,258.0,242.1000061035156,242.1000061035156,8.0,0.0,0.0,
2018-04-24,258.8900146484375,258.8900146484375,245.1000061035156,249.5,781.0,0.0,0.0,
2018-04-25,243.0,248.9900054931641,232.8999938964844,240.9499969482422,264.0,0.0,0.0,
2018-04-26,249.9499969482422,249.9499969482422,238.6100006103516,245.2799987792969,633.0,0.0,0.0,
2018-04-27,242.6399993896484,242.6399993896484,242.6399993896484,242.6399993896484,77.0,0.0,0.0,
2018-04-30,258.7999877929688,258.7999877929688,243.1999969482422,249.75,56.0,0.0,0.0,
2018-05-02,243.1000061035156,249.0,242.1999969482422,249.0,162.0,0.0,0.0,
2018-05-03,242.0,246.5,239.0,242.0,14.0,0.0,0.0,
2018-05-04,257.989990234375,257.989990234375,245.8999938964844,245.8999938964844,63.0,0.0,0.0,
2018-05-07,254.9900054931641,254.9900054931641,242.0099945068359,245.5,81.0,0.0,0.0,
2018-05-08,248.0,248.0,245.0,245.0,108.0,0.0,0.0,
2018-05-09,246.0,255.0,246.0,255.0,100.0,0.0,0.0,
2018-05-10,248.9900054931641,249.0,248.9900054931641,249.0,3.0,0.0,0.0,
2018-05-11,257.8999938964844,257.8999938964844,249.0,249.0,2.0,0.0,0.0,
2018-05-14,257.0,257.0,240.0099945068359,240.0099945068359,131.0,0.0,0.0,
2018-05-15,250.0,254.9900054931641,242.5500030517578,243.1000061035156,122.0,0.0,0.0,
2018-05-16,243.1000061035156,243.1000061035156,243.1000061035156,243.1000061035156,0.0,0.0,0.0,
2018-05-17,250.9900054931641,250.9900054931641,247.0,247.0,39.0,0.0,0.0,
2018-05-18,247.0,247.0,246.1999969482422,246.1999969482422,104.0,0.0,0.0,
2018-05-21,250.0,255.8500061035156,245.3000030517578,245.3000030517578,340.0,0.0,0.0,
2018-05-22,245.1499938964844,245.1499938964844,245.1499938964844,245.1499938964844,2.0,0.0,0.0,
2018-05-23,244.5,244.5,244.5,244.5,50.0,0.0,0.0,
2018-05-24,242.0,242.0,240.0099945068359,240.0099945068359,1072.0,0.0,0.0,
2018-05-25,242.0,242.0,232.5,239.9900054931641,1131.0,0.0,0.0,
2018-05-28,244.3999938964844,244.3999938964844,242.0,244.0,551.0,0.0,0.0,
2018-05-29,244.0,246.9900054931641,244.0,246.0,1134.0,0.0,0.0,
2018-05-30,246.0,246.0,246.0,246.0,0.0,0.0,0.0,
2018-05-31,246.0,246.0,246.0,246.0,0.0,0.0,0.0,
2018-06-01,242.0,242.0,235.1399993896484,240.1499938964844,126.0,0.0,0.0,
2018-06-04,249.8999938964844,256.989990234375,243.0,243.0,144.0,0.0,0.0,
2018-06-05,248.0,248.0,245.6999969482422,245.75,22.0,0.0,0.0,
2018-06-06,245.5,246.0,245.5,246.0,20.0,0.0,0.0,
2018-06-07,247.8500061035156,247.8500061035156,244.0,244.0,51.0,0.0,0.0,
2018-06-08,244.0,244.0,244.0,244.0,0.0,0.0,0.0,
2018-06-11,249.8999938964844,249.9499969482422,247.5,247.5,1011.0,0.0,0.0,
2018-06-12,247.8500061035156,247.8500061035156,247.8500061035156,247.8500061035156,285.0,0.0,0.0,
2018-06-13,249.8999938964844,252.8500061035156,249.25,252.8500061035156,78.0,0.0,0.0,
2018-06-14,252.8500061035156,252.8500061035156,252.8500061035156,252.8500061035156,0.0,0.0,0.0,
2018-06-15,252.8500061035156,252.8500061035156,252.8500061035156,252.8500061035156,0.0,0.0,0.0,
2018-06-18,251.8999938964844,251.8999938964844,248.5,248.5,17.0,0.0,0.0,
2018-06-19,250.5,250.5,250.5,250.5,2.0,0.0,0.0,
2018-06-20,246.5099945068359,246.5099945068359,246.5099945068359,246.5099945068359,8.0,0.0,0.0,
2018-06-21,246.5099945068359,246.5099945068359,246.5099945068359,246.5099945068359,0.0,0.0,0.0,
2018-06-22,246.5099945068359,246.5099945068359,246.5099945068359,246.5099945068359,0.0,0.0,0.0,
2018-06-25,257.8999938964844,257.8999938964844,242.0099945068359,254.0,504.0,0.0,0.0,
2018-06-26,244.1000061035156,247.8000030517578,244.0,247.2100067138672,208.0,0.0,0.0,
2018-06-27,242.25,255.0,242.25,248.6199951171875,200.0,0.0,0.0,
2018-06-28,242.0,250.0,240.0299987792969,249.0800018310547,61.0,0.0,0.0,
2018-06-29,259.8999938964844,259.8999938964844,242.0099945068359,242.6000061035156,114.0,0.0,0.0,
2018-07-02,259.9500122070312,259.9500122070312,242.0,242.0,7.0,0.0,0.0,
2018-07-03,250.0,258.0,250.0,258.0,22.0,0.0,0.0,
2018-07-04,258.0,258.0,245.0,247.6999969482422,1531.0,0.0,0.0,
2018-07-05,255.9900054931641,255.9900054931641,252.0,253.5500030517578,46.0,0.0,0.0,
2018-07-06,255.0,259.0,255.0,259.0,53.0,0.0,0.0,
2018-07-09,260.0,261.0,247.5,248.0500030517578,5.0,0.0,0.0,
2018-07-10,264.8999938964844,264.9500122070312,255.1999969482422,259.3999938964844,21.0,0.0,0.0,
2018-07-11,262.8999938964844,262.8999938964844,243.0,248.9900054931641,665.0,0.0,0.0,
2018-07-12,255.0,256.5,255.0,256.0,32.0,0.0,0.0,
2018-07-13,249.0,250.0,249.0,250.0,308.0,0.0,0.0,
2018-07-16,245.0,245.0,245.0,245.0,20.0,0.0,0.0,
2018-07-17,249.9900054931641,249.9900054931641,249.9900054931641,249.9900054931641,3.0,0.0,0.0,
2018-07-18,246.0,251.0,246.0,251.0,21.0,0.0,0.0,
2018-07-19,249.5,249.5,249.5,249.5,1.0,0.0,0.0,
2018-07-20,252.8699951171875,276.0,245.0200042724609,270.75,519.0,0.0,0.0,
2018-07-23,270.0,270.0,252.0,269.989990234375,203.0,0.0,0.0,
2018-07-24,260.0,278.0,254.25,254.8200073242188,268.0,0.0,0.0,
2018-07-25,250.0,253.0,246.0899963378906,252.0,278.0,0.0,0.0,
2018-07-26,269.9500122070312,269.9500122070312,248.5,248.5,46.0,0.0,0.0,
2018-07-27,249.5,249.5,248.5,248.5500030517578,11.0,0.0,0.0,
2018-07-30,260.0,265.0,243.1100006103516,247.5,224.0,0.0,0.0,
2018-07-31,259.989990234375,259.989990234375,248.0,254.5,26.0,0.0,0.0,
2018-08-01,254.5,254.5,254.5,254.5,0.0,0.0,0.0,
2018-08-02,254.0,254.5,254.0,254.4100036621094,60.0,0.0,0.0,
2018-08-03,255.0,263.0,255.0,260.9800109863281,47.0,0.0,0.0,
2018-08-06,261.0,276.8900146484375,255.25,258.0,116.0,0.0,0.0,
2018-08-07,258.0,258.0,251.5,253.0,156.0,0.0,0.0,
2018-08-08,250.5500030517578,253.0,250.5500030517578,253.0,19.0,0.0,0.0,
2018-08-09,253.0,256.8999938964844,251.0,251.5,191.0,0.0,0.0,
2018-08-10,260.0,260.0,250.25,250.25,8.0,0.0,0.0,
2018-08-13,250.0099945068359,259.9599914550781,250.0099945068359,258.010009765625,36.0,0.0,0.0,
2018-08-14,264.0,264.0,252.0,255.0099945068359,112.0,0.0,0.0,
2018-08-16,261.9500122070312,261.9500122070312,250.1499938964844,260.0,28.0,0.0,0.0,
2018-08-17,251.0,251.0,250.6000061035156,250.6000061035156,13.0,0.0,0.0,
2018-08-20,251.0,255.0,251.0,255.0,2.0,0.0,0.0,
2018-08-21,259.0,259.0,257.0,257.0,2.0,0.0,0.0,
2018-08-23,250.5500030517578,250.5500030517578,250.5500030517578,250.5500030517578,3.0,0.0,0.0,
2018-08-24,252.0,259.9599914550781,252.0,258.7099914550781,184.0,0.0,0.0,
2018-08-27,259.8999938964844,259.8999938964844,252.5,254.4600067138672,15.0,0.0,0.0,
2018-08-28,260.0,268.8999938964844,254.5,256.0,138.0,0.0,0.0,
2018-08-29,256.0,257.989990234375,256.0,256.0,52.0,0.0,0.0,
2018-08-30,256.0,259.0,256.0,259.0,53.0,0.0,0.0,
2018-08-31,258.0,263.3299865722656,253.0200042724609,256.2999877929688,573.0,0.0,0.0,
2018-09-03,264.8999938964844,265.0,251.0099945068359,255.6000061035156,190.0,0.0,0.0,
2018-09-04,270.0,281.989990234375,249.0500030517578,252.6399993896484,577.0,0.0,0.0,
2018-09-05,262.0,262.0,250.6000061035156,250.9799957275391,10698.0,0.0,0.0,
2018-09-06,254.8000030517578,254.8000030517578,254.0,254.0,8.0,0.0,0.0,
2018-09-07,254.0,255.8999938964844,254.0,255.8999938964844,684.0,0.0,0.0,
2018-09-10,268.989990234375,268.989990234375,254.0,255.25,99.0,0.0,0.0,
2018-09-11,250.5,253.6999969482422,246.0,253.1300048828125,166.0,0.0,0.0,
2018-09-12,250.4499969482422,250.4499969482422,249.8500061035156,249.8500061035156,24.0,0.0,0.0,
2018-09-14,249.8500061035156,249.8500061035156,249.8500061035156,249.8500061035156,0.0,0.0,0.0,
2018-09-17,259.8999938964844,259.8999938964844,253.4700012207031,256.5,407.0,0.0,0.0,
2018-09-18,255.6300048828125,257.0,255.5299987792969,256.1000061035156,1075.0,0.0,0.0,
2018-09-19,257.0,257.0,257.0,257.0,4.0,0.0,0.0,
2018-09-21,257.0,257.760009765625,256.0,256.8999938964844,368.0,0.0,0.0,
2018-09-24,257.0,257.0,252.5399932861328,252.5399932861328,104.0,0.0,0.0,
2018-09-25,252.5399932861328,252.5399932861328,252.5399932861328,252.5399932861328,12.0,0.0,0.0,
2018-09-26,253.0,253.0,253.0,253.0,1.0,0.0,0.0,
2018-09-27,255.5800018310547,255.5800018310547,255.5800018310547,255.5800018310547,1.0,0.0,0.0,
2018-09-28,255.5800018310547,255.5800018310547,243.0099945068359,251.0,1324.0,0.0,0.0,
2018-10-01,253.0,253.0,238.0,247.1799926757812,355.0,0.0,0.0,
2018-10-03,260.0,260.0,212.0,233.7700042724609,1544.0,0.0,0.0,
2018-10-04,233.7700042724609,247.0,233.7700042724609,246.0,29.0,0.0,0.0,
2018-10-05,247.0,247.1999969482422,236.1000061035156,240.0,55.0,0.0,0.0,
2018-10-08,247.0,247.0,230.0,244.3500061035156,137.0,0.0,0.0,
2018-10-09,240.0,244.0,224.1000061035156,227.3500061035156,5461.0,0.0,0.0,
2018-10-10,243.0,243.0,230.0,242.5,33.0,0.0,0.0,
2018-10-11,239.5,239.5,230.0,230.0,148.0,0.0,0.0,
2018-10-12,231.0099945068359,231.0099945068359,231.0,231.0,20.0,0.0,0.0,
2018-10-15,244.9499969482422,244.9499969482422,233.75,236.4900054931641,22.0,0.0,0.0,
2018-10-16,235.0,237.6499938964844,235.0,237.6499938964844,60.0,0.0,0.0,
2018-10-17,237.6499938964844,237.6499938964844,237.6499938964844,237.6499938964844,3.0,0.0,0.0,
2018-10-19,235.8800048828125,236.0500030517578,235.8800048828125,235.9600067138672,2.0,0.0,0.0,
2018-10-22,245.0,247.1999969482422,232.8300018310547,233.1900024414062,71.0,0.0,0.0,
2018-10-23,230.0,246.8899993896484,227.0500030517578,228.0800018310547,360.0,0.0,0.0,
2018-10-24,230.1199951171875,232.6999969482422,230.1199951171875,232.6999969482422,45.0,0.0,0.0,
2018-10-25,251.0099945068359,251.0099945068359,225.5,231.0899963378906,303.0,0.0,0.0,
2018-10-26,230.0,230.5,227.1499938964844,227.2899932861328,6083.0,0.0,0.0,
2018-10-29,239.8999938964844,239.8999938964844,225.0099945068359,234.9400024414062,14.0,0.0,0.0,
2018-10-30,238.0,238.0,227.1000061035156,237.9900054931641,12.0,0.0,0.0,
2018-10-31,235.0599975585938,235.0599975585938,235.0599975585938,235.0599975585938,1.0,0.0,0.0,
2018-11-01,240.0,242.0,234.0,237.5399932861328,97.0,0.0,0.0,
2018-11-02,241.0,241.0,240.9900054931641,240.9900054931641,4.0,0.0,0.0,
2018-11-05,244.0,244.9900054931641,244.0,244.7200012207031,75.0,0.0,0.0,
2018-11-06,237.0500030517578,245.0,233.5,240.5500030517578,71.0,0.0,0.0,
2018-11-07,237.0500030517578,237.0500030517578,237.0500030517578,237.0500030517578,8.0,0.0,0.0,
2018-11-09,242.8999938964844,242.8999938964844,238.3000030517578,238.3000030517578,8.0,0.0,0.0,
2018-11-12,247.5,247.8500061035156,237.6999969482422,244.9799957275391,650.0,0.0,0.0,
2018-11-13,225.0,247.8999938964844,225.0,238.3000030517578,38.0,0.0,0.0,
2018-11-14,246.1999969482422,246.1999969482422,246.1999969482422,246.1999969482422,3.0,0.0,0.0,
2018-11-15,246.1999969482422,246.1999969482422,246.1999969482422,246.1999969482422,0.0,0.0,0.0,
2018-11-16,240.5,245.4100036621094,240.5,245.4100036621094,2.0,0.0,0.0,
2018-11-19,247.8500061035156,247.8500061035156,241.5,245.5,5.0,0.0,0.0,
2018-11-20,244.5,244.7700042724609,239.6000061035156,239.6000061035156,15.0,0.0,0.0,
2018-11-21,239.0099945068359,239.0099945068359,239.0099945068359,239.0099945068359,1.0,0.0,0.0,
2018-11-22,239.0099945068359,239.0099945068359,239.0099945068359,239.0099945068359,0.0,0.0,0.0,
2018-11-26,239.0099945068359,239.0099945068359,239.0099945068359,239.0099945068359,0.0,0.0,0.0,
2018-11-27,237.6499938964844,237.6499938964844,236.7799987792969,237.0,31.0,0.0,0.0,
2018-11-28,242.8500061035156,242.8500061035156,239.0500030517578,239.0500030517578,9.0,0.0,0.0,
2018-11-29,242.1100006103516,242.9499969482422,232.1000061035156,240.8000030517578,627.0,0.0,0.0,
2018-11-30,240.8000030517578,240.8000030517578,240.8000030517578,240.8000030517578,0.0,0.0,0.0,
2018-12-03,247.8999938964844,247.8999938964844,228.5,242.4700012207031,54.0,0.0,0.0,
2018-12-04,246.5,246.5,242.25,243.2599945068359,462.0,0.0,0.0,
2018-12-05,245.8999938964844,245.8999938964844,242.1000061035156,242.1000061035156,40.0,0.0,0.0,
2018-12-06,240.6699981689453,240.6699981689453,239.4199981689453,239.4199981689453,25.0,0.0,0.0,
2018-12-07,237.0500030517578,239.0,237.0500030517578,238.3000030517578,22.0,0.0,0.0,
2018-12-10,237.0,237.8000030517578,235.5,236.3099975585938,93.0,0.0,0.0,
2018-12-11,237.0,237.0099945068359,236.7799987792969,237.0099945068359,13.0,0.0,0.0,
2018-12-12,241.5,243.8800048828125,239.25,243.8800048828125,52.0,0.0,0.0,
2018-12-13,243.8800048828125,243.8800048828125,243.8800048828125,243.8800048828125,0.0,0.0,0.0,
2018-12-14,242.3500061035156,246.3500061035156,242.3500061035156,246.3500061035156,41.0,0.0,0.0,
2018-12-17,248.0,250.0,246.6999969482422,247.6100006103516,26.0,0.0,0.0,
2018-12-18,246.3999938964844,246.5899963378906,246.0,246.0,12.0,0.0,0.0,
2018-12-19,248.0,248.0,248.0,248.0,2.0,0.0,0.0,
2018-12-20,241.0,249.9900054931641,232.8999938964844,249.0,74.0,0.0,0.0,
2018-12-21,243.5,247.9900054931641,243.5,244.75,126.0,0.0,0.0,
2018-12-24,248.0,250.0,240.0,240.0,148.0,0.0,0.0,
2018-12-26,240.0,248.0,237.0099945068359,238.2100067138672,64.0,0.0,0.0,
2018-12-27,245.0,245.0,238.0,243.5,49.0,0.0,0.0,
2018-12-28,243.5,243.5,243.5,243.5,24.0,0.0,0.0,
2018-12-31,250.0,251.0,242.25,243.0,915.0,0.0,0.0,
2019-01-01,245.75,245.8600006103516,244.9900054931641,245.0,173.0,0.0,0.0,
2019-01-02,244.9299926757812,245.0899963378906,244.6999969482422,244.6999969482422,5.0,0.0,0.0,
2019-01-03,244.0,244.0,241.0700073242188,241.1399993896484,223.0,0.0,0.0,
2019-01-04,242.0,242.0,237.1000061035156,240.75,83.0,0.0,0.0,
2019-01-07,249.0,255.0,242.1100006103516,254.4900054931641,48.0,0.0,0.0,
2019-01-08,241.75,242.2299957275391,240.0700073242188,241.1399993896484,116.0,0.0,0.0,
2019-01-09,242.0,242.0,237.0599975585938,240.7700042724609,160.0,0.0,0.0,
2019-01-10,246.0,246.0,237.0,239.6100006103516,77.0,0.0,0.0,
2019-01-11,239.9900054931641,240.5899963378906,238.0099945068359,238.0099945068359,140.0,0.0,0.0,
2019-01-14,238.0099945068359,249.0,235.1000061035156,237.6000061035156,245.0,0.0,0.0,
2019-01-15,239.5,239.5,237.6100006103516,237.6100006103516,72.0,0.0,0.0,
2019-01-16,237.0099945068359,240.1999969482422,237.0099945068359,240.1999969482422,51.0,0.0,0.0,
2019-01-17,238.0,240.0,237.1499938964844,239.8300018310547,176.0,0.0,0.0,
2019-01-18,237.0,240.8000030517578,235.3000030517578,235.5,30.0,0.0,0.0,
2019-01-21,250.0,250.0,236.0,237.0,54.0,0.0,0.0,
2019-01-22,239.8999938964844,239.8999938964844,235.25,239.0099945068359,87.0,0.0,0.0,
2019-01-23,240.5899963378906,240.9100036621094,240.4600067138672,240.4600067138672,129.0,0.0,0.0,
2019-01-24,240.4600067138672,240.4600067138672,240.4600067138672,240.4600067138672,0.0,0.0,0.0,
2019-01-25,239.8999938964844,239.8999938964844,239.8999938964844,239.8999938964844,1.0,0.0,0.0,
2019-01-28,250.0,251.0,236.5700073242188,236.5700073242188,16.0,0.0,0.0,
2019-01-29,237.0,237.0,232.1000061035156,235.0,136.0,0.0,0.0,
2019-01-30,235.0,235.0,232.0,233.2799987792969,1383.0,0.0,0.0,
2019-01-31,237.0,238.5,234.7299957275391,237.0200042724609,91.0,0.0,0.0,
2019-02-01,238.3399963378906,244.3999938964844,238.3399963378906,244.3999938964844,82.0,0.0,0.0,
2019-02-04,241.5,241.5,241.5,241.5,50.0,0.0,0.0,
2019-02-05,249.9900054931641,249.9900054931641,241.8200073242188,242.25,1248.0,0.0,0.0,
2019-02-06,243.7700042724609,255.0,243.7700042724609,248.5700073242188,283.0,0.0,0.0,
2019-02-07,248.5700073242188,249.9900054931641,240.0500030517578,243.0200042724609,1075.0,0.0,0.0,
2019-02-08,246.2799987792969,246.2799987792969,246.0,246.0,954.0,0.0,0.0,
2019-02-11,246.0,246.0,246.0,246.0,0.0,0.0,0.0,
2019-02-12,245.6000061035156,245.9700012207031,245.6000061035156,245.9700012207031,61.0,0.0,0.0,
2019-02-14,249.0,249.0,240.0099945068359,240.0099945068359,58.0,0.0,0.0,
2019-02-15,241.0,241.0,236.2599945068359,236.2599945068359,48.0,0.0,0.0,
2019-02-18,236.2599945068359,238.3800048828125,236.2599945068359,238.3800048828125,10.0,0.0,0.0,
2019-02-19,239.6000061035156,239.9499969482422,235.1999969482422,239.9499969482422,7.0,0.0,0.0,
2019-02-20,239.6999969482422,239.6999969482422,238.5,238.5,10.0,0.0,0.0,
2019-02-21,239.0099945068359,243.0,239.0099945068359,243.0,16.0,0.0,0.0,
2019-02-22,243.0,243.0,243.0,243.0,0.0,0.0,0.0,
2019-02-25,242.1399993896484,244.6999969482422,242.1399993896484,243.3000030517578,1053.0,0.0,0.0,
2019-02-26,244.0,244.2200012207031,244.0,244.2200012207031,15.0,0.0,0.0,
2019-02-27,245.0,245.0,242.8999938964844,242.8999938964844,150.0,0.0,0.0,
2019-02-28,242.8999938964844,242.8999938964844,242.8999938964844,242.8999938964844,0.0,0.0,0.0,
2019-03-01,245.0,245.0,243.8699951171875,243.8699951171875,30.0,0.0,0.0,
2019-03-05,249.1300048828125,249.1300048828125,245.4900054931641,247.0200042724609,134.0,0.0,0.0,
2019-03-06,247.0200042724609,247.0200042724609,247.0200042724609,247.0200042724609,0.0,0.0,0.0,
2019-03-07,247.0099945068359,247.0099945068359,247.0,247.0,6.0,0.0,0.0,
2019-03-08,247.0,247.0,247.0,247.0,0.0,0.0,0.0,
2019-03-11,254.9900054931641,254.9900054931641,248.25,248.9499969482422,13.0,0.0,0.0,
2019-03-12,250.2100067138672,251.0,249.5599975585938,249.5599975585938,438.0,0.0,0.0,
2019-03-13,252.0,253.5200042724609,250.5,250.5200042724609,128.0,0.0,0.0,
2019-03-14,252.1000061035156,252.1000061035156,251.5,251.5,20.0,0.0,0.0,
2019-03-15,253.4499969482422,253.4499969482422,248.5099945068359,253.0,375.0,0.0,0.0,
2019-03-18,259.8999938964844,259.8999938964844,250.1999969482422,253.5,755.0,0.0,0.0,
2019-03-19,260.0,260.8999938964844,251.0,260.8999938964844,27.0,0.0,0.0,
2019-03-20,251.0500030517578,255.9499969482422,251.0500030517578,254.0,16.0,0.0,0.0,
2019-03-22,254.6000061035156,254.8699951171875,254.6000061035156,254.8699951171875,37.0,0.0,0.0,
2019-03-25,252.1000061035156,252.3600006103516,248.7599945068359,248.8000030517578,222.0,0.0,0.0,
2019-03-26,249.0,250.6000061035156,249.0,250.6000061035156,126.0,0.0,0.0,
2019-03-27,255.0700073242188,255.0700073242188,255.0700073242188,255.0700073242188,1.0,0.0,0.0,
2019-03-28,254.75,254.75,254.0,254.0,24.0,0.0,0.0,
2019-04-01,261.0,264.7999877929688,253.0,253.0,506.0,0.0,0.0,
2019-04-02,257.3999938964844,257.8399963378906,255.0,257.6400146484375,99.0,0.0,0.0,
2019-04-03,257.0,257.0,252.7200012207031,254.9900054931641,30.0,0.0,0.0,
2019-04-04,254.9900054931641,254.9900054931641,244.0,254.9900054931641,196.0,0.0,0.0,
2019-04-05,270.0,270.0,250.0500030517578,261.0499877929688,176.0,0.0,0.0,
2019-04-08,261.0499877929688,261.0499877929688,261.0499877929688,261.0499877929688,0.0,0.0,0.0,
2019-04-09,255.0,255.0299987792969,253.0,253.0,53.0,0.0,0.0,
2019-04-10,256.0499877929688,256.1499938964844,255.0,255.0,34.0,0.0,0.0,
2019-04-11,255.5099945068359,255.5099945068359,255.5099945068359,255.5099945068359,2.0,0.0,0.0,
2019-04-12,269.0,269.0,252.5099945068359,252.7400054931641,769.0,0.0,0.0,
2019-04-15,257.3099975585938,257.3099975585938,257.3099975585938,257.3099975585938,10.0,0.0,0.0,
2019-04-16,256.7000122070312,256.7000122070312,256.7000122070312,256.7000122070312,22.0,0.0,0.0,
2019-04-18,256.0,256.1000061035156,255.8800048828125,255.8800048828125,209.0,0.0,0.0,
2019-04-22,255.8800048828125,255.8800048828125,255.8800048828125,255.8800048828125,0.0,0.0,0.0,
2019-04-23,255.8800048828125,257.0599975585938,255.8800048828125,256.8399963378906,120.0,0.0,0.0,
2019-04-24,253.9900054931641,256.0,253.9900054931641,256.0,70.0,0.0,0.0,
2019-04-25,257.6199951171875,261.7999877929688,257.6199951171875,260.0199890136719,61.0,0.0,0.0,
2019-04-26,261.3699951171875,264.3999938964844,261.3699951171875,262.0899963378906,53.0,0.0,0.0,
2019-04-30,265.0,265.0,260.0,262.7900085449219,338.0,0.0,0.0,
2019-05-02,260.5199890136719,261.9500122070312,258.9800109863281,258.9800109863281,422.0,0.0,0.0,
2019-05-03,259.1000061035156,259.2900085449219,259.1000061035156,259.1099853515625,11.0,0.0,0.0,
2019-05-06,240.0,264.8999938964844,240.0,256.9599914550781,54.0,0.0,0.0,
2019-05-07,255.0,255.7599945068359,252.9100036621094,254.6799926757812,61.0,0.0,0.0,
2019-05-08,254.6799926757812,254.6799926757812,254.6799926757812,254.6799926757812,0.0,0.0,0.0,
2019-05-09,253.0,254.1000061035156,253.0,254.1000061035156,104.0,0.0,0.0,
2019-05-10,251.8699951171875,252.3899993896484,248.3200073242188,248.3300018310547,106.0,0.0,0.0,
2019-05-13,250.5299987792969,251.5299987792969,245.9199981689453,249.1799926757812,141.0,0.0,0.0,
2019-05-14,249.0,249.0,246.5700073242188,246.5700073242188,23.0,0.0,0.0,
2019-05-15,250.0899963378906,250.0899963378906,249.0,249.0,12.0,0.0,0.0,
2019-05-16,249.0,249.8099975585938,245.6499938964844,249.25,9.0,0.0,0.0,
2019-05-17,246.9400024414062,246.9400024414062,246.9400024414062,246.9400024414062,1.0,0.0,0.0,
2019-05-20,264.0,267.0,252.5200042724609,255.5200042724609,158.0,0.0,0.0,
2019-05-21,260.0,264.0,253.5700073242188,256.0,101.0,0.0,0.0,
2019-05-22,255.1999969482422,256.4100036621094,254.0,256.4100036621094,64.0,0.0,0.0,
2019-05-23,257.9500122070312,258.9500122070312,245.1999969482422,254.0899963378906,28680.0,0.0,0.0,
2019-05-24,254.0,257.5,254.0,254.5200042724609,24.0,0.0,0.0,
2019-05-27,260.0,276.0,257.0,260.1799926757812,276.0,0.0,0.0,
2019-05-28,260.4400024414062,260.4400024414062,257.3500061035156,257.489990234375,25.0,0.0,0.0,
2019-05-29,257.489990234375,257.489990234375,257.489990234375,257.489990234375,0.0,0.0,0.0,
2019-05-30,256.5,257.0,256.3699951171875,257.0,126.0,0.0,0.0,
2019-05-31,265.0,276.0,259.0,259.0,33.0,0.0,0.0,
2019-06-03,264.5,276.0,258.0,262.4100036621094,135.0,0.0,0.0,
2019-06-04,264.989990234375,265.0,263.0,263.0,25.0,0.0,0.0,
2019-06-06,268.0,270.0,263.0,263.0,8.0,0.0,0.0,
2019-06-07,263.0,263.0,256.0,256.0599975585938,771.0,0.0,0.0,
2019-06-10,259.3200073242188,269.0,256.010009765625,265.9500122070312,21.0,0.0,0.0,
2019-06-11,258.2999877929688,265.0,258.2999877929688,265.0,23.0,0.0,0.0,
2019-06-12,265.0,270.0,258.6000061035156,264.0,74.0,0.0,0.0,
2019-06-13,261.0,264.8999938964844,260.0,260.0,24.0,0.0,0.0,
2019-06-14,263.0,263.0,260.0,260.0,13.0,0.0,0.0,
2019-06-17,270.0,273.0,255.0500030517578,255.8099975585938,175.0,0.0,0.0,
2019-06-18,269.0,269.0,255.0,264.8999938964844,33.0,0.0,0.0,
2019-06-19,264.8999938964844,264.8999938964844,264.8999938964844,264.8999938964844,0.0,0.0,0.0,
2019-06-20,264.8999938964844,264.8999938964844,264.8999938964844,264.8999938964844,0.0,0.0,0.0,
2019-06-21,256.1499938964844,256.1499938964844,253.5,254.4600067138672,47.0,0.0,0.0,
2019-06-24,269.8999938964844,269.8999938964844,250.75,263.6199951171875,196.0,0.0,0.0,
2019-06-25,253.0,254.3000030517578,251.0099945068359,254.3000030517578,79.0,0.0,0.0,
2019-06-26,266.9800109863281,266.9800109863281,251.6999969482422,253.0,85.0,0.0,0.0,
2019-06-27,255.7700042724609,255.7700042724609,253.0099945068359,253.0099945068359,24.0,0.0,0.0,
2019-06-28,256.0,256.0,253.1499938964844,255.3000030517578,4.0,0.0,0.0,
2019-07-01,265.0,265.0,251.8999938964844,251.8999938964844,314.0,0.0,0.0,
2019-07-02,251.8999938964844,251.8999938964844,251.8999938964844,251.8999938964844,0.0,0.0,0.0,
2019-07-03,254.0200042724609,254.5,253.8200073242188,254.4900054931641,47.0,0.0,0.0,
2019-07-04,254.4900054931641,254.4900054931641,253.3099975585938,253.3099975585938,125.0,0.0,0.0,
2019-07-05,256.510009765625,256.510009765625,245.0,248.6900024414062,86.0,0.0,0.0,
2019-07-08,264.0,264.0,247.0,247.0,11.0,0.0,0.0,
2019-07-09,247.0099945068359,256.989990234375,247.0099945068359,248.1000061035156,102.0,0.0,0.0,
2019-07-10,245.6999969482422,246.1000061035156,243.5599975585938,243.5599975585938,166.0,0.0,0.0,
2019-07-11,243.5599975585938,243.5599975585938,243.5599975585938,243.5599975585938,0.0,0.0,0.0,
2019-07-12,245.9100036621094,245.9100036621094,245.9100036621094,245.9100036621094,13.0,0.0,0.0,
2019-07-15,255.0,258.0,246.7899932861328,249.5200042724609,56.0,0.0,0.0,
2019-07-16,250.7799987792969,253.8000030517578,250.7799987792969,253.8000030517578,49.0,0.0,0.0,
2019-07-17,249.8500061035156,253.0500030517578,249.8500061035156,253.0500030517578,110.0,0.0,0.0,
2019-07-18,253.0500030517578,253.0500030517578,253.0500030517578,253.0500030517578,0.0,0.0,0.0,
2019-07-19,246.3099975585938,246.3099975585938,245.1999969482422,246.0,55.0,0.0,0.0,
2019-07-22,250.0,250.0,248.3500061035156,248.3500061035156,40.0,0.0,0.0,
2019-07-23,250.0,250.1499938964844,248.1000061035156,250.0,1305.0,0.0,0.0,
2019-07-24,247.6000061035156,247.8200073242188,247.6000061035156,247.8200073242188,6.0,0.0,0.0,
2019-07-25,247.3999938964844,247.3999938964844,247.3999938964844,247.3999938964844,182.0,0.0,0.0,
2019-07-26,246.0,246.0,246.0,246.0,1.0,0.0,0.0,
2019-07-29,248.6399993896484,248.6399993896484,248.6399993896484,248.6399993896484,17.0,0.0,0.0,
2019-07-30,245.0,245.0,245.0,245.0,17.0,0.0,0.0,
2019-07-31,245.0,245.0,245.0,245.0,0.0,0.0,0.0,
2019-08-01,242.1100006103516,245.1699981689453,242.0800018310547,244.3800048828125,94.0,0.0,0.0,
2019-08-02,245.4499969482422,246.0899963378906,245.4499969482422,246.0899963378906,18.0,0.0,0.0,
2019-08-05,269.0,269.0,241.6999969482422,241.6999969482422,57.0,0.0,0.0,
2019-08-06,246.1499938964844,246.8600006103516,246.1499938964844,246.5200042724609,228.0,0.0,0.0,
2019-08-07,246.5200042724609,246.5200042724609,246.5200042724609,246.5200042724609,10.0,0.0,0.0,
2019-08-08,246.9600067138672,246.9600067138672,246.9600067138672,246.9600067138672,20.0,0.0,0.0,
2019-08-09,244.9799957275391,244.9799957275391,244.9799957275391,244.9799957275391,100.0,0.0,0.0,
2019-08-13,247.6000061035156,247.6000061035156,247.0,247.0,4.0,0.0,0.0,
2019-08-14,244.8999938964844,244.8999938964844,244.8999938964844,244.8999938964844,1.0,0.0,0.0,
2019-08-16,245.3600006103516,246.6199951171875,245.3600006103516,246.6199951171875,50.0,0.0,0.0,
2019-08-19,250.0,250.0,247.2400054931641,247.2400054931641,21.0,0.0,0.0,
2019-08-20,246.5,246.5,246.5,246.5,22.0,0.0,0.0,
2019-08-21,247.7599945068359,247.7599945068359,244.6399993896484,244.6399993896484,2.0,0.0,0.0,
2019-08-22,247.0299987792969,247.6799926757812,247.0299987792969,247.6799926757812,538.0,0.0,0.0,
2019-08-23,248.6999969482422,249.7599945068359,248.6999969482422,249.7599945068359,115.0,0.0,0.0,
2019-08-26,248.5,250.0,248.5,250.0,3.0,0.0,0.0,
2019-08-27,250.0,250.0,250.0,250.0,0.0,0.0,0.0,
2019-08-28,250.0,250.0,250.0,250.0,4.0,0.0,0.0,
2019-08-29,250.0,250.0,247.5099945068359,247.5099945068359,3.0,0.0,0.0,
2019-08-30,250.0,252.6999969482422,250.0,250.1799926757812,20.0,0.0,0.0,
2019-09-03,254.9900054931641,254.9900054931641,250.0,250.4600067138672,80.0,0.0,0.0,
2019-09-04,247.6999969482422,250.5,247.6199951171875,250.5,14.0,0.0,0.0,
2019-09-05,250.5,250.5,250.5,250.5,0.0,0.0,0.0,
2019-09-06,250.5,250.5,250.5,250.5,0.0,0.0,0.0,
2019-09-09,254.3099975585938,254.3099975585938,251.4700012207031,251.4700012207031,95.0,0.0,0.0,
2019-09-11,253.0299987792969,253.1399993896484,252.1699981689453,252.1699981689453,31.0,0.0,0.0,
2019-09-12,251.3600006103516,254.5500030517578,248.4499969482422,250.6600036621094,660.0,0.0,0.0,
2019-09-13,251.1399993896484,251.1399993896484,248.8999938964844,250.3300018310547,18.0,0.0,0.0,
2019-09-16,247.6999969482422,253.9100036621094,245.0,252.6999969482422,44.0,0.0,0.0,
2019-09-17,249.9100036621094,252.6199951171875,249.9100036621094,252.2200012207031,5.0,0.0,0.0,
2019-09-18,252.2200012207031,252.2200012207031,252.2200012207031,252.2200012207031,0.0,0.0,0.0,
2019-09-19,250.8099975585938,250.8099975585938,249.6999969482422,249.6999969482422,54.0,0.0,0.0,
2019-09-20,250.0500030517578,257.0,250.0500030517578,253.5399932861328,137.0,0.0,0.0,
2019-09-23,264.8999938964844,264.8999938964844,253.0,254.7599945068359,222.0,0.0,0.0,
2019-09-24,257.0799865722656,257.6400146484375,254.6799926757812,256.0,167.0,0.0,0.0,
2019-09-25,258.5,258.5,258.3999938964844,258.4299926757812,16.0,0.0,0.0,
2019-09-26,258.4299926757812,258.4299926757812,255.3399963378906,256.5,140.0,0.0,0.0,
2019-09-27,260.0,260.0,250.75,256.3699951171875,45.0,0.0,0.0,
2019-09-30,259.8999938964844,260.0,255.0,260.0,102.0,0.0,0.0,
2019-10-01,260.0,260.0,260.0,260.0,0.0,0.0,0.0,
2019-10-03,259.0,259.9800109863281,259.0,259.9800109863281,14.0,0.0,0.0,
2019-10-04,257.2000122070312,257.2000122070312,256.6499938964844,256.6499938964844,18.0,0.0,0.0,
2019-10-07,256.6499938964844,260.0,250.6900024414062,250.6900024414062,125.0,0.0,0.0,
2019-10-09,250.6999969482422,251.9600067138672,250.5,251.1999969482422,213.0,0.0,0.0,
2019-10-10,252.0,252.0,252.0,252.0,100.0,0.0,0.0,
2019-10-11,250.0,250.0,248.0,249.9799957275391,203.0,0.0,0.0,
2019-10-14,255.6000061035156,256.5899963378906,246.7599945068359,256.0199890136719,377.0,0.0,0.0,
2019-10-15,256.6900024414062,256.6900024414062,254.5200042724609,254.8399963378906,280.0,0.0,0.0,
2019-10-16,255.0800018310547,255.5,255.0800018310547,255.5,69.0,0.0,0.0,
2019-10-17,259.3800048828125,259.3800048828125,259.3800048828125,259.3800048828125,19.0,0.0,0.0,
2019-10-18,257.8500061035156,259.0,257.8500061035156,259.0,181.0,0.0,0.0,
2019-10-22,258.1000061035156,258.1000061035156,251.5099945068359,251.9900054931641,702.0,0.0,0.0,
2019-10-23,254.1000061035156,254.4799957275391,252.0500030517578,252.0500030517578,114.0,0.0,0.0,
2019-10-24,252.0500030517578,253.6999969482422,250.0,250.1000061035156,87.0,0.0,0.0,
2019-10-25,251.5099945068359,254.7899932861328,251.5099945068359,252.7700042724609,10149.0,0.0,0.0,
2019-10-27,259.989990234375,259.989990234375,255.9400024414062,255.9400024414062,28.0,0.0,0.0,
2019-10-29,260.0,261.0,254.5700073242188,254.5700073242188,31.0,0.0,0.0,
2019-10-30,256.0599975585938,264.989990234375,256.0599975585938,258.1799926757812,62.0,0.0,0.0,
2019-10-31,259.25,260.1400146484375,259.0,260.0,235.0,0.0,0.0,
2019-11-01,260.7099914550781,264.2999877929688,259.5199890136719,260.6700134277344,8919.0,0.0,0.0,
2019-11-04,264.8500061035156,264.8500061035156,260.760009765625,260.760009765625,58.0,0.0,0.0,
2019-11-05,264.8999938964844,264.8999938964844,260.7999877929688,262.0,52.0,0.0,0.0,
2019-11-06,262.6099853515625,263.0,261.8999938964844,262.2000122070312,1121.0,0.0,0.0,
2019-11-07,264.8500061035156,264.8500061035156,262.0,262.510009765625,17.0,0.0,0.0,
2019-11-08,260.0,261.1400146484375,260.0,260.6099853515625,44.0,0.0,0.0,
2019-11-11,257.8999938964844,257.8999938964844,254.0,254.0,29.0,0.0,0.0,
2019-11-13,264.8999938964844,264.8999938964844,254.8600006103516,254.9600067138672,648.0,0.0,0.0,
2019-11-14,256.0,256.5,256.0,256.5,80.0,0.0,0.0,
2019-11-15,256.5,257.3999938964844,254.5,254.6600036621094,200.0,0.0,0.0,
2019-11-18,264.0,264.0,253.75,253.9299926757812,410.0,0.0,0.0,
2019-11-19,254.0099945068359,254.0099945068359,253.0099945068359,253.0099945068359,218.0,0.0,0.0,
2019-11-20,254.0,255.0,254.0,255.0,19.0,0.0,0.0,
2019-11-21,255.0,255.0,255.0,255.0,0.0,0.0,0.0,
2019-11-22,253.6999969482422,253.6999969482422,251.4100036621094,251.5,80.0,0.0,0.0,
2019-11-25,251.5,251.5,251.5,251.5,0.0,0.0,0.0,
2019-11-26,252.8099975585938,253.5099945068359,252.4400024414062,252.4400024414062,1595.0,0.0,0.0,
2019-11-27,254.1999969482422,254.4900054931641,252.0099945068359,252.6399993896484,63.0,0.0,0.0,
2019-11-28,252.25,252.25,252.25,252.25,75.0,0.0,0.0,
2019-11-29,252.1000061035156,252.8999938964844,252.1000061035156,252.8999938964844,21.0,0.0,0.0,
2019-12-02,252.3999938964844,252.3999938964844,251.3500061035156,251.3500061035156,31.0,0.0,0.0,
2019-12-03,251.8800048828125,251.8800048828125,251.8800048828125,251.8800048828125,25.0,0.0,0.0,
2019-12-04,251.8399963378906,251.8399963378906,251.8399963378906,251.8399963378906,40.0,0.0,0.0,
2019-12-05,253.8699951171875,255.0,253.8699951171875,254.3000030517578,50.0,0.0,0.0,
2019-12-06,252.75,253.0399932861328,252.75,253.0399932861328,19.0,0.0,0.0,
2019-12-09,253.0399932861328,253.0399932861328,253.0399932861328,253.0399932861328,20.0,0.0,0.0,
2019-12-10,250.6999969482422,261.5,246.0200042724609,249.0599975585938,117.0,0.0,0.0,
2019-12-11,251.75,251.75,251.75,251.75,1.0,0.0,0.0,
2019-12-12,251.0,251.3999938964844,250.0,250.6600036621094,217.0,0.0,0.0,
2019-12-13,250.6600036621094,250.6600036621094,250.6600036621094,250.6600036621094,0.0,0.0,0.0,
2019-12-16,253.8300018310547,253.8300018310547,253.7200012207031,253.7200012207031,39.0,0.0,0.0,
2019-12-17,253.7200012207031,253.7200012207031,253.7200012207031,253.7200012207031,0.0,0.0,0.0,
2019-12-18,254.5,254.5,254.5,254.5,10.0,0.0,0.0,
2019-12-19,254.5,257.2999877929688,254.5,256.7999877929688,207.0,0.0,0.0,
2019-12-20,257.0,258.3999938964844,256.2900085449219,256.2900085449219,441.0,0.0,0.0,
2019-12-23,260.0,260.1099853515625,257.989990234375,257.989990234375,264.0,0.0,0.0,
2019-12-24,258.0,258.0,256.9400024414062,257.0,2556.0,0.0,0.0,
2019-12-26,258.0499877929688,258.0499877929688,256.9800109863281,257.0,16.0,0.0,0.0,
2019-12-27,260.0,272.0,256.3099975585938,256.3099975585938,398.0,0.0,0.0,
2019-12-30,258.2999877929688,258.2999877929688,257.5499877929688,257.5499877929688,20.0,0.0,0.0,
2019-12-31,257.2000122070312,257.3200073242188,255.3000030517578,255.5800018310547,16.0,0.0,0.0,
2020-01-01,256.0,257.3999938964844,255.7599945068359,255.7599945068359,57.0,0.0,0.0,
2020-01-02,257.2900085449219,257.2900085449219,255.8399963378906,255.8399963378906,101.0,0.0,0.0,
2020-01-03,258.7999877929688,258.7999877929688,257.5899963378906,258.0,18.0,0.0,0.0,
2020-01-06,258.5400085449219,258.5400085449219,254.4900054931641,254.4900054931641,37.0,0.0,0.0,
2020-01-07,256.7099914550781,257.2099914550781,254.6100006103516,254.6100006103516,7.0,0.0,0.0,
2020-01-08,254.6100006103516,254.6100006103516,254.6100006103516,254.6100006103516,0.0,0.0,0.0,
2020-01-09,255.4700012207031,257.1400146484375,255.1199951171875,257.1400146484375,23.0,0.0,0.0,
2020-01-10,256.9700012207031,258.260009765625,256.8599853515625,258.260009765625,488.0,0.0,0.0,
2020-01-13,260.0,261.5,260.0,260.2000122070312,36.0,0.0,0.0,
2020-01-14,262.0,262.8999938964844,261.3500061035156,261.3500061035156,98.0,0.0,0.0,
2020-01-15,261.0199890136719,261.4299926757812,261.0,261.4299926757812,28.0,0.0,0.0,
2020-01-16,262.8999938964844,264.6799926757812,262.0,264.0,62.0,0.0,0.0,
2020-01-17,264.0,264.0,264.0,264.0,0.0,0.0,0.0,
2020-01-20,262.739990234375,262.739990234375,262.739990234375,262.739990234375,10.0,0.0,0.0,
2020-01-21,262.010009765625,262.0400085449219,262.010009765625,262.0400085449219,31.0,0.0,0.0,
2020-01-22,261.3399963378906,262.6600036621094,261.3399963378906,262.6600036621094,6.0,0.0,0.0,
2020-01-23,262.010009765625,262.010009765625,261.9100036621094,261.9100036621094,110.0,0.0,0.0,
2020-01-24,261.9100036621094,261.9100036621094,261.9100036621094,261.9100036621094,0.0,0.0,0.0,
2020-01-27,268.0,277.0,262.7799987792969,263.1099853515625,176.0,0.0,0.0,
2020-01-28,262.0,262.0400085449219,262.0,262.0400085449219,5.0,0.0,0.0,
2020-01-29,263.8800048828125,264.4200134277344,263.8800048828125,264.4200134277344,44.0,0.0,0.0,
2020-01-30,263.4500122070312,263.4500122070312,262.9500122070312,262.9500122070312,39.0,0.0,0.0,
2020-01-31,262.7000122070312,262.7300109863281,258.8500061035156,260.739990234375,34.0,0.0,0.0,
2020-02-03,259.260009765625,262.7900085449219,259.260009765625,261.0299987792969,26.0,0.0,0.0,
2020-02-04,264.6700134277344,264.6700134277344,263.739990234375,263.739990234375,17.0,0.0,0.0,
2020-02-05,265.7699890136719,265.7699890136719,263.9400024414062,264.989990234375,165.0,0.0,0.0,
2020-02-06,266.7699890136719,266.7699890136719,264.9500122070312,264.9500122070312,70.0,0.0,0.0,
2020-02-07,265.7999877929688,265.7999877929688,265.489990234375,265.489990234375,3.0,0.0,0.0,
2020-02-10,266.0,269.0,262.9500122070312,264.3599853515625,522.0,0.0,0.0,
2020-02-11,266.0700073242188,266.0700073242188,266.0700073242188,266.0700073242188,5.0,0.0,0.0,
2020-02-12,267.6300048828125,269.0599975585938,266.7200012207031,266.7200012207031,1012.0,0.0,0.0,
2020-02-13,270.0,270.5499877929688,270.0,270.5199890136719,21.0,0.0,0.0,
2020-02-14,270.010009765625,270.260009765625,269.0,269.0,166.0,0.0,0.0,
2020-02-17,268.7999877929688,269.7300109863281,268.1499938964844,268.1499938964844,62.0,0.0,0.0,
2020-02-18,266.5199890136719,267.239990234375,266.5199890136719,266.9400024414062,26.0,0.0,0.0,
2020-02-19,270.75,270.75,269.3699951171875,269.4100036621094,392.0,0.0,0.0,
2020-02-20,271.2099914550781,271.4100036621094,267.3999938964844,267.3999938964844,451.0,0.0,0.0,
2020-02-24,266.3900146484375,267.0,262.1300048828125,263.0199890136719,409.0,0.0,0.0,
2020-02-25,264.2999877929688,265.0499877929688,262.25,262.8699951171875,14206.0,0.0,0.0,
2020-02-26,263.0,263.1799926757812,260.25,260.25,235.0,0.0,0.0,
2020-02-27,260.5700073242188,260.5700073242188,259.7000122070312,260.25,12.0,0.0,0.0,
2020-02-28,254.3200073242188,254.3200073242188,248.0,248.4299926757812,464.0,0.0,0.0,
2020-03-02,255.0,267.0,249.5800018310547,249.5800018310547,710.0,0.0,0.0,
2020-03-03,253.0,253.0,249.5800018310547,252.1999969482422,460.0,0.0,0.0,
2020-03-04,256.0,266.0,251.1300048828125,253.9799957275391,318.0,0.0,0.0,
2020-03-05,256.3299865722656,259.7000122070312,256.2200012207031,257.3200073242188,136.0,0.0,0.0,
2020-03-06,255.9900054931641,294.0,253.1000061035156,276.6199951171875,332.0,0.0,0.0,
2020-03-09,288.0,300.0,241.0,243.6699981689453,2090.0,0.0,0.0,
2020-03-11,250.0,259.8999938964844,240.0,240.4400024414062,3814.0,0.0,0.0,
2020-03-12,235.0,235.0,215.75,221.9600067138672,301.0,0.0,0.0,
2020-03-13,225.0,230.0,211.0,216.7200012207031,280.0,0.0,0.0,
2020-03-16,210.0,258.989990234375,207.0,213.0,389.0,0.0,0.0,
2020-03-17,228.9900054931641,228.9900054931641,210.0099945068359,214.8800048828125,111.0,0.0,0.0,
2020-03-18,214.8800048828125,229.9900054931641,210.0,218.5,159.0,0.0,0.0,
2020-03-19,210.0,218.0,210.0,210.0,1102.0,0.0,0.0,
2020-03-20,218.0,225.0,218.0,225.0,24.0,0.0,0.0,
2020-03-23,157.9499969482422,232.4900054931641,157.9499969482422,220.2299957275391,69.0,0.0,0.0,
2020-03-24,185.4499969482422,251.7299957275391,185.4499969482422,246.7899932861328,272.0,0.0,0.0,
2020-03-25,246.7899932861328,246.7899932861328,246.7899932861328,246.7899932861328,0.0,0.0,0.0,
2020-03-26,218.0,241.2700042724609,218.0,241.2700042724609,131.0,0.0,0.0,
2020-03-27,238.0,249.5,210.0,228.0800018310547,79.0,0.0,0.0,
2020-03-30,222.0,255.5500030517578,222.0,254.6100006103516,28.0,0.0,0.0,
2020-03-31,250.0,255.0,247.6600036621094,255.0,19.0,0.0,0.0,
2020-04-01,247.0,253.9900054931641,247.0,249.9900054931641,101.0,0.0,0.0,
2020-04-03,265.0,265.0,223.1000061035156,227.9199981689453,196.0,0.0,0.0,
2020-04-07,252.5,252.5,230.0,249.9400024414062,58.0,0.0,0.0,
2020-04-08,246.5,247.8899993896484,230.0099945068359,240.0,86.0,0.0,0.0,
2020-04-09,242.0,258.0,232.0,242.0,905.0,0.0,0.0,
2020-04-13,251.9900054931641,251.9900054931641,229.0,229.0500030517578,266.0,0.0,0.0,
2020-04-15,237.25,239.7799987792969,229.0,233.1300048828125,514.0,0.0,0.0,
2020-04-16,234.1900024414062,237.1100006103516,227.7899932861328,233.8399963378906,57.0,0.0,0.0,
2020-04-17,258.0,258.0,233.5800018310547,237.2400054931641,79.0,0.0,0.0,
2020-04-20,235.0,240.0,221.8999938964844,230.0,358.0,0.0,0.0,
2020-04-21,233.6999969482422,238.9499969482422,230.0,237.8000030517578,69.0,0.0,0.0,
2020-04-22,232.4900054931641,236.3500061035156,222.0500030517578,236.3500061035156,95.0,0.0,0.0,
2020-04-23,239.3099975585938,239.3099975585938,232.1300048828125,235.4900054931641,266.0,0.0,0.0,
2020-04-24,238.1799926757812,238.1799926757812,230.6499938964844,231.0500030517578,512.0,0.0,0.0,
2020-04-27,242.0,242.0,232.0700073242188,234.0399932861328,86.0,0.0,0.0,
2020-04-28,234.0,234.0,231.25,234.0,17.0,0.0,0.0,
2020-04-29,234.0,234.0099945068359,231.9700012207031,234.0099945068359,112.0,0.0,0.0,
2020-04-30,238.9799957275391,248.0,238.9799957275391,246.1499938964844,606.0,0.0,0.0,
2020-05-04,264.8999938964844,264.8999938964844,228.0099945068359,233.9299926757812,426.0,0.0,0.0,
2020-05-05,234.9700012207031,259.0,232.9100036621094,239.9499969482422,237.0,0.0,0.0,
2020-05-06,241.0,253.9799957275391,226.0,237.7700042724609,268.0,0.0,0.0,
2020-05-07,255.0,255.0,230.1000061035156,239.1600036621094,65.0,0.0,0.0,
2020-05-08,236.8999938964844,237.7100067138672,234.0,236.3500061035156,37.0,0.0,0.0,
2020-05-11,231.7200012207031,241.0099945068359,231.2799987792969,231.6499938964844,466.0,0.0,0.0,
2020-05-12,249.8800048828125,273.9800109863281,230.6499938964844,232.3000030517578,229.0,0.0,0.0,
2020-05-13,277.0,277.0,215.0,239.2700042724609,438.0,0.0,0.0,
2020-05-14,228.5500030517578,235.0,225.5500030517578,228.5299987792969,306.0,0.0,0.0,
2020-05-15,226.25,233.8500061035156,226.25,231.6199951171875,23.0,0.0,0.0,
2020-05-18,231.6199951171875,233.1399993896484,229.0,232.7100067138672,62.0,0.0,0.0,
2020-05-19,235.5,258.0,232.0200042724609,232.0200042724609,201.0,0.0,0.0,
2020-05-20,234.1699981689453,234.2200012207031,226.5099945068359,227.4499969482422,5562.0,0.0,0.0,
2020-05-21,220.6000061035156,239.4499969482422,220.5,239.0599975585938,177.0,0.0,0.0,
2020-05-22,233.0599975585938,253.8899993896484,223.1000061035156,232.75,175.0,0.0,0.0,
2020-05-26,235.0,237.9900054931641,230.0,234.0299987792969,57.0,0.0,0.0,
2020-05-27,238.9900054931641,239.0,230.0099945068359,236.0,4.0,0.0,0.0,
2020-05-28,236.0,236.0,236.0,236.0,0.0,0.0,0.0,
2020-05-29,230.0,240.0,227.5,233.2799987792969,3362.0,0.0,0.0,
2020-06-01,258.0,258.0,233.6000061035156,238.6699981689453,57.0,0.0,0.0,
2020-06-02,234.6000061035156,244.9499969482422,234.6000061035156,240.0,188.0,0.0,0.0,
2020-06-03,243.0,245.25,242.0,245.25,27.0,0.0,0.0,
2020-06-04,244.9900054931641,245.0,239.1000061035156,244.9799957275391,59.0,0.0,0.0,
2020-06-05,250.0,268.0,245.0,245.0,385.0,0.0,0.0,
2020-06-08,250.0,267.0,236.0,242.5700073242188,500.0,0.0,0.0,
2020-06-09,240.5,248.8500061035156,240.5,248.8500061035156,3.0,0.0,0.0,
2020-06-10,254.0,259.989990234375,240.5099945068359,241.8300018310547,110.0,0.0,0.0,
2020-06-11,249.5,249.5,238.5099945068359,248.7799987792969,60.0,0.0,0.0,
2020-06-12,233.6000061035156,249.9700012207031,233.6000061035156,249.5,115.0,0.0,0.0,
2020-06-15,249.0,249.3999938964844,241.0,249.3999938964844,9.0,0.0,0.0,
2020-06-16,249.3999938964844,249.3999938964844,249.3999938964844,249.3999938964844,0.0,0.0,0.0,
2020-06-17,238.5,252.0,238.5,242.0,1030.0,0.0,0.0,
2020-06-18,253.9900054931641,253.9900054931641,242.1000061035156,245.0,630.0,0.0,0.0,
2020-06-19,250.9900054931641,251.0,250.9900054931641,251.0,14.0,0.0,0.0,
2020-06-22,242.5,250.9900054931641,242.5,249.0,16.0,0.0,0.0,
2020-06-23,251.25,252.0,245.1799926757812,248.2599945068359,124.0,0.0,0.0,
2020-06-24,248.2599945068359,248.2599945068359,248.0,248.0,7.0,0.0,0.0,
2020-06-25,251.0,251.0,245.1100006103516,245.1499938964844,356.0,0.0,0.0,
2020-06-26,245.1499938964844,253.9900054931641,245.1499938964844,253.9900054931641,221.0,0.0,0.0,
2020-06-29,253.0,253.0,241.25,242.5,3010.0,0.0,0.0,
2020-06-30,253.9900054931641,253.9900054931641,247.1000061035156,252.6600036621094,102.0,0.0,0.0,
2020-07-01,254.0,258.0,240.1000061035156,253.0,63.0,0.0,0.0,
2020-07-02,253.0,253.0,253.0,253.0,0.0,0.0,0.0,
2020-07-03,253.0,253.0,253.0,253.0,42.0,0.0,0.0,
2020-07-06,253.0,260.0,246.5,257.0,130.0,0.0,0.0,
2020-07-07,260.0,261.989990234375,250.25,257.8099975585938,62.0,0.0,0.0,
2020-07-08,250.0,259.8999938964844,250.0,256.0,138.0,0.0,0.0,
2020-07-09,256.0,259.8999938964844,252.0500030517578,254.2799987792969,131.0,0.0,0.0,
2020-07-10,250.5,258.0,246.0,255.8500061035156,153.0,0.0,0.0,
2020-07-13,255.8000030517578,264.5,250.0,261.1600036621094,1983.0,0.0,0.0,
2020-07-14,262.0,263.0,251.1000061035156,258.1099853515625,72.0,0.0,0.0,
2020-07-15,260.0,265.0,255.0,257.1000061035156,510.0,0.0,0.0,
2020-07-16,256.3200073242188,270.0,253.3099975585938,260.0,542.0,0.0,0.0,
2020-07-17,260.0,268.0499877929688,257.0,263.8699951171875,342.0,0.0,0.0,
2020-07-20,261.1000061035156,277.0,261.1000061035156,273.5299987792969,3033.0,0.0,0.0,
2020-07-21,276.989990234375,282.9200134277344,276.989990234375,277.75,11088.0,0.0,0.0,
2020-07-22,277.7000122070312,281.8900146484375,270.1000061035156,274.260009765625,108.0,0.0,0.0,
2020-07-23,275.0,275.0,268.0,268.0,706.0,0.0,0.0,
2020-07-24,270.0,279.9500122070312,270.0,275.0,388.0,0.0,0.0,
2020-07-27,270.0,277.9500122070312,270.0,277.9500122070312,30.0,0.0,0.0,
2020-07-28,279.9500122070312,279.9500122070312,275.0,275.25,422.0,0.0,0.0,
2020-07-29,279.8999938964844,280.0,275.0,278.5700073242188,375.0,0.0,0.0,
2020-07-30,279.5,280.0,274.1499938964844,278.0400085449219,20.0,0.0,0.0,
2020-07-31,278.9500122070312,279.0,274.010009765625,279.0,105.0,0.0,0.0,
2020-08-03,279.0,279.0,271.6300048828125,274.4700012207031,251.0,0.0,0.0,
2020-08-04,279.0,279.0,278.9500122070312,279.0,32.0,0.0,0.0,
2020-08-05,279.8999938964844,279.989990234375,272.5,275.1900024414062,42.0,0.0,0.0,
2020-08-06,280.0,280.0,274.0,274.010009765625,120.0,0.0,0.0,
2020-08-07,274.0,279.989990234375,274.0,276.1000061035156,4547.0,0.0,0.0,
2020-08-10,275.0,280.0,275.0,280.0,409.0,0.0,0.0,
2020-08-11,285.0,303.0,280.0,286.2200012207031,807.0,0.0,0.0,
2020-08-12,286.2200012207031,289.8999938964844,286.2200012207031,288.0,51.0,0.0,0.0,
2020-08-13,305.0,305.0,286.1000061035156,297.989990234375,420.0,0.0,0.0,
2020-08-14,300.0,305.0,299.0499877929688,305.0,66.0,0.0,0.0,
2020-08-17,290.0,340.8099975585938,285.0,332.9700012207031,1586.0,0.0,0.0,
2020-08-18,330.0,339.5,315.0499877929688,332.6300048828125,721.0,0.0,0.0,
2020-08-19,332.5,342.8500061035156,322.3500061035156,328.9700012207031,662.0,0.0,0.0,
2020-08-20,335.0,343.6000061035156,318.25,320.2099914550781,539.0,0.0,0.0,
2020-08-21,334.8999938964844,335.0,281.7000122070312,286.2000122070312,13413.0,0.0,0.0,
2020-08-24,324.0,324.0,281.7000122070312,282.3299865722656,6864.0,0.0,0.0,
2020-08-25,287.989990234375,287.989990234375,276.0,278.5199890136719,1288.0,0.0,0.0,
2020-08-26,273.5299987792969,284.7999877929688,273.5299987792969,281.9800109863281,940.0,0.0,0.0,
2020-08-27,281.9800109863281,287.0,277.1499938964844,286.3599853515625,2641.0,0.0,0.0,
2020-08-28,278.0,288.8500061035156,278.0,280.3999938964844,1288.0,0.0,0.0,
2020-08-31,278.0,292.7999877929688,277.0,279.0599975585938,463.0,0.0,0.0,
2020-09-01,279.0499877929688,288.9500122070312,277.1000061035156,278.8800048828125,866.0,0.0,0.0,
2020-09-02,284.5,284.5,278.0,281.9599914550781,50.0,0.0,0.0,
2020-09-03,280.989990234375,287.5799865722656,276.0,282.8599853515625,655.0,0.0,0.0,
2020-09-04,278.0499877929688,285.9299926757812,271.3299865722656,282.0,1193.0,0.0,0.0,
2020-09-07,286.989990234375,289.489990234375,280.0,284.0,156.0,0.0,0.0,
2020-09-08,289.489990234375,289.489990234375,275.8999938964844,287.989990234375,1186.0,0.0,0.0,
2020-09-09,277.1000061035156,285.0,277.1000061035156,280.4400024414062,59.0,0.0,0.0,
2020-09-10,278.1000061035156,284.8999938964844,278.1000061035156,284.3500061035156,472.0,0.0,0.0,
2020-09-11,286.8999938964844,286.8999938964844,278.010009765625,280.0,35.0,0.0,0.0,
2020-09-14,285.8999938964844,287.0,278.5,281.010009765625,52.0,0.0,0.0,
2020-09-15,287.0,294.7999877929688,286.0,291.4200134277344,5499.0,0.0,0.0,
2020-09-16,293.8999938964844,296.0,284.1000061035156,295.9500122070312,1562.0,0.0,0.0,
2020-09-17,295.0,299.0,287.0,288.0,409.0,0.0,0.0,
2020-09-18,296.0,296.7000122070312,287.0,294.7200012207031,102.0,0.0,0.0,
2020-09-21,294.989990234375,296.7000122070312,287.0,291.2699890136719,570.0,0.0,0.0,
2020-09-22,295.5,295.5,287.0499877929688,287.0499877929688,45.0,0.0,0.0,
2020-09-23,296.0,296.7000122070312,288.0,288.0,76.0,0.0,0.0,
2020-09-24,296.0,296.7000122070312,287.0,291.3900146484375,1191.0,0.0,0.0,
2020-09-25,296.0,296.0,290.3999938964844,290.3999938964844,160.0,0.0,0.0,
2020-09-28,298.0,298.8999938964844,286.0,290.2000122070312,85.0,0.0,0.0,
2020-09-29,298.7999877929688,298.7999877929688,295.9500122070312,297.0,980.0,0.0,0.0,
2020-09-30,298.989990234375,299.0,293.5499877929688,294.0499877929688,159.0,0.0,0.0,
2020-10-01,300.0,302.8800048828125,290.0499877929688,301.3200073242188,7785.0,0.0,0.0,
2020-10-05,300.0,310.0,291.0,294.0,168.0,0.0,0.0,
2020-10-06,300.0,310.0,292.0,300.010009765625,81.0,0.0,0.0,
2020-10-07,295.1000061035156,309.0,295.1000061035156,305.0,255.0,0.0,0.0,
2020-10-08,305.0,315.0,300.1000061035156,310.7000122070312,240.0,0.0,0.0,
2020-10-09,319.0,319.0,302.0,302.3699951171875,473.0,0.0,0.0,
2020-10-12,324.0,324.0,304.0700073242188,312.3399963378906,218.0,0.0,0.0,
2020-10-13,312.5499877929688,347.0,310.0,332.2799987792969,869.0,0.0,0.0,
2020-10-14,342.9500122070312,342.9500122070312,305.3299865722656,317.4100036621094,1697.0,0.0,0.0,
2020-10-15,327.0,327.0,311.010009765625,312.8500061035156,1025.0,0.0,0.0,
2020-10-16,310.0,321.9500122070312,310.0,313.0,7593.0,0.0,0.0,
2020-10-19,319.8999938964844,319.8999938964844,313.0,315.0400085449219,281.0,0.0,0.0,
2020-10-20,318.0,328.6900024414062,313.25,317.5400085449219,452.0,0.0,0.0,
2020-10-21,314.5,318.6600036621094,313.4599914550781,313.7099914550781,180.0,0.0,0.0,
2020-10-22,322.0,322.0,310.489990234375,311.010009765625,1197.0,0.0,0.0,
2020-10-23,300.0,314.5499877929688,300.0,313.0799865722656,310.0,0.0,0.0,
2020-10-26,328.75,328.75,309.3500061035156,311.8699951171875,195.0,0.0,0.0,
2020-10-27,311.8699951171875,319.6000061035156,300.0,311.9500122070312,433.0,0.0,0.0,
2020-10-28,308.7000122070312,317.9500122070312,308.3299865722656,308.9700012207031,839.0,0.0,0.0,
2020-10-29,309.010009765625,309.010009765625,307.0,307.8599853515625,1834.0,0.0,0.0,
2020-10-30,305.7000122070312,314.0,296.7000122070312,302.1099853515625,1164.0,0.0,0.0,
2020-11-02,302.2000122070312,311.75,296.8999938964844,310.8999938964844,176.0,0.0,0.0,
2020-11-03,310.8999938964844,314.8800048828125,300.1000061035156,303.5599975585938,1622.0,0.0,0.0,
2020-11-04,309.3800048828125,311.5,306.6000061035156,309.0499877929688,4222.0,0.0,0.0,
2020-11-05,314.0,314.0,310.8299865722656,312.3299865722656,4658.0,0.0,0.0,
2020-11-06,312.3299865722656,314.989990234375,312.0,314.3599853515625,592.0,0.0,0.0,
2020-11-09,318.0,325.0,314.75,320.25,23810.0,0.0,0.0,
2020-11-10,317.7000122070312,317.7000122070312,309.0,310.1300048828125,1382.0,0.0,0.0,
2020-11-11,312.2300109863281,315.0,310.5700073242188,315.0,1175.0,0.0,0.0,
2020-11-12,315.2799987792969,323.8500061035156,314.760009765625,316.8699951171875,671.0,0.0,0.0,
2020-11-13,316.6600036621094,317.5199890136719,316.0,316.0,6173.0,0.0,0.0,
2020-11-14,330.1400146484375,330.1400146484375,316.0,323.8599853515625,202.0,0.0,0.0,
2020-11-17,320.0,330.0,318.010009765625,328.0199890136719,455.0,0.0,0.0,
2020-11-18,329.989990234375,333.1199951171875,309.0,311.3299865722656,8084.0,0.0,0.0,
2020-11-19,312.7999877929688,314.3299865722656,309.25,309.6799926757812,728.0,0.0,0.0,
2020-11-20,316.8999938964844,316.8999938964844,312.1499938964844,314.0400085449219,3478.0,0.0,0.0,
2020-11-23,318.0,320.0,314.5199890136719,318.6199951171875,572.0,0.0,0.0,
2020-11-24,318.0,327.8999938964844,314.7000122070312,320.6099853515625,239.0,0.0,0.0,
2020-11-25,318.0,329.8999938964844,316.010009765625,318.2200012207031,381.0,0.0,0.0,
2020-11-26,318.0,320.6000061035156,314.7000122070312,316.9400024414062,859.0,0.0,0.0,
2020-11-27,322.0,324.9400024414062,315.0499877929688,318.0499877929688,656.0,0.0,0.0,
2020-12-01,322.0,325.0,317.9500122070312,321.9299926757812,188.0,0.0,0.0,
2020-12-02,322.0,326.0,320.8399963378906,323.8900146484375,669.0,0.0,0.0,
2020-12-03,325.0,327.1400146484375,323.2999877929688,326.6700134277344,305.0,0.0,0.0,
2020-12-04,329.8999938964844,330.0,326.0,328.0,271.0,0.0,0.0,
2020-12-07,332.0,332.0,320.0,331.6700134277344,602.0,0.0,0.0,
2020-12-08,333.0,335.760009765625,331.7900085449219,334.5499877929688,1823.0,0.0,0.0,
2020-12-09,334.5499877929688,336.9700012207031,334.5499877929688,335.8999938964844,169.0,0.0,0.0,
2020-12-10,337.0,337.9800109863281,333.0199890136719,337.25,391.0,0.0,0.0,
2020-12-11,340.0,340.0,326.3999938964844,337.0,774.0,0.0,0.0,
2020-12-14,342.0,342.0,336.5,340.5799865722656,119.0,0.0,0.0,
2020-12-15,346.0,346.0,335.8200073242188,337.8999938964844,921.0,0.0,0.0,
2020-12-16,339.5,341.0899963378906,337.5199890136719,341.0,10703.0,0.0,0.0,
2020-12-17,345.0,345.0,338.6400146484375,341.5199890136719,575.0,0.0,0.0,
2020-12-18,344.5,345.8500061035156,342.0,344.1799926757812,5427.0,0.0,0.0,
2020-12-21,348.0,357.0,333.0,338.6499938964844,663.0,0.0,0.0,
2020-12-22,357.0,357.0,335.4500122070312,345.5,178.0,0.0,0.0,
2020-12-23,346.0,350.8800048828125,345.5299987792969,350.0,163.0,0.0,0.0,
2020-12-24,357.0,357.0,347.9299926757812,349.1499938964844,948.0,0.0,0.0,
2020-12-28,349.0499877929688,360.0,348.5,352.4599914550781,624.0,0.0,0.0,
2020-12-29,358.2000122070312,360.0,349.3800048828125,352.7799987792969,104.0,0.0,0.0,
2020-12-30,282.8999938964844,354.1400146484375,282.8999938964844,351.0299987792969,265.0,0.0,0.0,
2020-12-31,352.0,354.0,350.5499877929688,353.8999938964844,903.0,0.0,0.0,
2021-01-01,358.0,370.9500122070312,353.1900024414062,355.1799926757812,718.0,0.0,0.0,
2021-01-04,358.0,362.7799987792969,356.5,361.8599853515625,568.0,0.0,0.0,
2021-01-05,372.7099914550781,373.0,358.5400085449219,363.7900085449219,2004.0,0.0,0.0,
2021-01-06,374.7000122070312,385.0,360.25,362.7999877929688,14334.0,0.0,0.0,
2021-01-07,373.6799926757812,373.6799926757812,358.0499877929688,358.7699890136719,941.0,0.0,0.0,
2021-01-08,369.5299987792969,369.5299987792969,360.5899963378906,367.0599975585938,1347.0,0.0,0.0,
2021-01-11,378.0,378.0,370.0,373.6600036621094,2983.0,0.0,0.0,
2021-01-12,373.6600036621094,376.8900146484375,372.3599853515625,374.7200012207031,539.0,0.0,0.0,
2021-01-13,370.0,381.1000061035156,370.0,373.0899963378906,450.0,0.0,0.0,
2021-01-14,384.2799987792969,384.2799987792969,367.6499938964844,372.7000122070312,817.0,0.0,0.0,
2021-01-15,372.7000122070312,372.7000122070312,365.9500122070312,366.9299926757812,401.0,0.0,0.0,
2021-01-18,377.9299926757812,377.9299926757812,362.2999877929688,364.1000061035156,565.0,0.0,0.0,
2021-01-19,375.0199890136719,375.0199890136719,364.6099853515625,365.3399963378906,320.0,0.0,0.0,
2021-01-20,372.6499938964844,372.6499938964844,365.3399963378906,369.2000122070312,1173.0,0.0,0.0,
2021-01-21,380.2699890136719,380.2699890136719,368.0,370.1300048828125,416.0,0.0,0.0,
2021-01-22,359.0299987792969,370.1300048828125,359.0299987792969,368.1799926757812,327.0,0.0,0.0,
2021-01-25,370.0,375.0,365.0,366.9700012207031,2110.0,0.0,0.0,
2021-01-27,374.2000122070312,375.0,359.6600036621094,361.3800048828125,969.0,0.0,0.0,
2021-01-28,368.2000122070312,370.0,356.4700012207031,356.6700134277344,340.0,0.0,0.0,
2021-01-29,346.3299865722656,357.7900085449219,311.1000061035156,348.9200134277344,1680.0,0.0,0.0,
2021-02-01,356.2000122070312,360.0,343.3800048828125,350.6900024414062,1699.0,0.0,0.0,
2021-02-02,361.2099914550781,361.2099914550781,343.0,353.6900024414062,670.0,0.0,0.0,
2021-02-03,358.0,361.6799926757812,356.510009765625,357.8900146484375,1525.0,0.0,0.0,
2021-02-04,368.6199951171875,368.6199951171875,355.7200012207031,357.2200012207031,198.0,0.0,0.0,
2021-02-05,367.9299926757812,367.9299926757812,355.0,356.9299926757812,894.0,0.0,0.0,
2021-02-08,364.1000061035156,364.1000061035156,356.8500061035156,362.3299865722656,629.0,0.0,0.0,
2021-02-09,364.0,365.760009765625,360.7999877929688,361.4400024414062,518.0,0.0,0.0,
2021-02-10,361.6000061035156,362.0,358.1799926757812,361.7999877929688,662.0,0.0,0.0,
2021-02-11,356.25,362.0,350.3299865722656,361.6099853515625,294.0,0.0,0.0,
2021-02-12,363.0,364.0,360.5199890136719,361.5599975585938,759.0,0.0,0.0,
2021-02-15,389.8900146484375,389.8900146484375,351.1000061035156,359.4500122070312,1069.0,0.0,0.0,
2021-02-16,359.4500122070312,360.1600036621094,355.9299926757812,357.2099914550781,630.0,0.0,0.0,
2021-02-17,364.3500061035156,365.0,352.3599853515625,353.7000122070312,1826.0,0.0,0.0,
2021-02-18,359.2000122070312,363.489990234375,347.7000122070312,354.739990234375,695.0,0.0,0.0,
2021-02-19,354.739990234375,354.739990234375,351.6099853515625,354.0,1231.0,0.0,0.0,
2021-02-22,361.1000061035156,361.1000061035156,345.0,347.0299987792969,700.0,0.0,0.0,
2021-02-23,353.2000122070312,353.8999938964844,346.0299987792969,346.7099914550781,956.0,0.0,0.0,
2021-02-24,346.7099914550781,349.989990234375,346.0,349.989990234375,230.0,0.0,0.0,
2021-02-25,356.2000122070312,357.989990234375,348.1000061035156,349.8800048828125,1724.0,0.0,0.0,
2021-02-26,349.8699951171875,353.8900146484375,340.3800048828125,343.0499877929688,614.0,0.0,0.0,
2021-03-01,359.8999938964844,359.8999938964844,340.0,347.8099975585938,602.0,0.0,0.0,
2021-03-02,352.0,356.8500061035156,349.0,354.0,814.0,0.0,0.0,
2021-03-03,360.2000122070312,360.2000122070312,354.2999877929688,359.5899963378906,994.0,0.0,0.0,
2021-03-04,355.25,365.0,355.25,358.1900024414062,1514.0,0.0,0.0,
2021-03-05,355.25,370.0,351.0,358.6900024414062,11017.0,0.0,0.0,
2021-03-08,379.8900146484375,379.8900146484375,358.0599975585938,358.3200073242188,331.0,0.0,0.0,
2021-03-09,369.0,369.0,356.6000061035156,361.0,82.0,0.0,0.0,
2021-03-10,350.7300109863281,366.0,350.7300109863281,363.4400024414062,310.0,0.0,0.0,
2021-03-12,366.0,368.0,363.4400024414062,363.4400024414062,457.0,0.0,0.0,
2021-03-15,370.7099914550781,370.7099914550781,360.9299926757812,361.8800048828125,172.0,0.0,0.0,
2021-03-16,366.0,369.6000061035156,365.7300109863281,366.1300048828125,447.0,0.0,0.0,
2021-03-17,371.2000122070312,375.0,363.0,363.3800048828125,729.0,0.0,0.0,
2021-03-18,366.0,373.2000122070312,351.8399963378906,355.8299865722656,530.0,0.0,0.0,
2021-03-19,355.5,360.3599853515625,352.7799987792969,358.7300109863281,2112.0,0.0,0.0,
2021-03-22,362.0,373.0,358.6099853515625,364.6300048828125,171.0,0.0,0.0,
2021-03-23,368.0,374.989990234375,364.510009765625,367.3800048828125,428.0,0.0,0.0,
2021-03-24,365.9500122070312,365.9500122070312,361.3599853515625,363.0799865722656,68.0,0.0,0.0,
2021-03-25,379.8900146484375,379.8900146484375,355.7000122070312,356.8999938964844,616.0,0.0,0.0,
2021-03-26,346.2000122070312,368.9599914550781,346.2000122070312,359.8200073242188,143.0,0.0,0.0,
2021-03-30,362.0,368.0,358.0,359.2200012207031,216.0,0.0,0.0,
2021-03-31,366.3999938964844,373.0,355.1300048828125,368.489990234375,571.0,0.0,0.0,
2021-04-01,373.2000122070312,375.0,368.489990234375,370.239990234375,215.0,0.0,0.0,
2021-04-05,380.0,380.0,360.9500122070312,375.3200073242188,1331.0,0.0,0.0,
2021-04-06,361.5499877929688,380.3500061035156,361.5499877929688,376.5,404.0,0.0,0.0,
2021-04-07,378.0,380.3500061035156,375.0,379.8399963378906,889.0,0.0,0.0,
2021-04-08,380.3500061035156,400.0,375.0,381.9800109863281,606.0,0.0,0.0,
2021-04-09,382.0,386.5499877929688,380.0,384.3999938964844,1129.0,0.0,0.0,
2021-04-12,384.3999938964844,422.0,377.0,380.2099914550781,3293.0,0.0,0.0,
2021-04-13,391.6099853515625,391.6099853515625,371.7099914550781,372.9500122070312,2724.0,0.0,0.0,
2021-04-15,382.0,384.0,369.5,371.3500061035156,1189.0,0.0,0.0,
2021-04-16,374.7999877929688,376.6300048828125,373.0,375.4500122070312,625.0,0.0,0.0,
2021-04-19,375.4599914550781,384.0,369.2000122070312,370.9200134277344,553.0,0.0,0.0,
2021-04-20,380.0,389.0,367.2000122070312,367.9400024414062,953.0,0.0,0.0,
2021-04-22,379.9800109863281,379.9800109863281,366.0,367.6400146484375,236.0,0.0,0.0,
2021-04-23,376.6000061035156,376.6000061035156,363.1000061035156,364.3500061035156,809.0,0.0,0.0,
2021-04-26,379.7999877929688,379.7999877929688,364.0,364.8699951171875,339.0,0.0,0.0,
2021-04-27,379.7999877929688,379.7999877929688,358.9500122070312,365.8500061035156,210.0,0.0,0.0,
2021-04-28,369.75,369.8599853515625,366.3500061035156,368.8900146484375,1557.0,0.0,0.0,
2021-04-29,371.9100036621094,371.9100036621094,367.0899963378906,369.2900085449219,132.0,0.0,0.0,
2021-04-30,370.0,377.0,365.0,366.4400024414062,861.0,0.0,0.0,
2021-05-03,374.2000122070312,374.2000122070312,364.7099914550781,367.989990234375,451.0,0.0,0.0,
2021-05-04,378.489990234375,378.489990234375,364.0,365.3399963378906,411.0,0.0,0.0,
2021-05-05,374.3999938964844,374.3999938964844,363.5899963378906,366.7999877929688,158.0,0.0,0.0,
2021-05-06,366.9500122070312,373.0,360.9500122070312,368.2000122070312,4611.0,0.0,0.0,
2021-05-07,374.6900024414062,374.6900024414062,367.3500061035156,369.0899963378906,463.0,0.0,0.0,
2021-05-10,377.2000122070312,377.2000122070312,358.8299865722656,371.5799865722656,476.0,0.0,0.0,
2021-05-11,379.8900146484375,410.0,365.9500122070312,368.1300048828125,1281.0,0.0,0.0,
2021-05-12,375.5,377.0,364.7999877929688,366.3900146484375,396.0,0.0,0.0,
2021-05-14,373.7200012207031,373.7200012207031,364.7300109863281,366.5599975585938,1328.0,0.0,0.0,
2021-05-17,374.0,374.0,367.0,370.0,621.0,0.0,0.0,
2021-05-18,379.9800109863281,379.9800109863281,360.1099853515625,373.5799865722656,394.0,0.0,0.0,
2021-05-19,369.25,378.0,362.3800048828125,371.4299926757812,263.0,0.0,0.0,
2021-05-20,377.7900085449219,377.7900085449219,366.9500122070312,370.3999938964844,262.0,0.0,0.0,
2021-05-21,373.2000122070312,374.8500061035156,371.4400024414062,374.0,123.0,0.0,0.0,
2021-05-24,385.2200012207031,385.2200012207031,368.0,372.1000061035156,303.0,0.0,0.0,
2021-05-25,370.0,382.8999938964844,368.9500122070312,377.0,1250.0,0.0,0.0,
2021-05-26,384.4800109863281,384.4800109863281,377.0,380.2699890136719,1454.0,0.0,0.0,
2021-05-27,385.0,388.4800109863281,380.7000122070312,383.0,549.0,0.0,0.0,
2021-05-28,388.2000122070312,453.2000122070312,380.9500122070312,382.4400024414062,831.0,0.0,0.0,
2021-05-31,394.4800109863281,394.4800109863281,380.1000061035156,385.1199951171875,1164.0,0.0,0.0,
2021-06-01,392.8500061035156,392.8500061035156,381.8999938964844,382.4100036621094,455.0,0.0,0.0,
2021-06-02,390.1000061035156,390.1000061035156,381.0,384.3399963378906,825.0,0.0,0.0,
2021-06-03,394.9800109863281,394.9800109863281,382.4100036621094,386.010009765625,304.0,0.0,0.0,
2021-06-04,393.1900024414062,397.4800109863281,382.760009765625,385.760009765625,616.0,0.0,0.0,
2021-06-07,394.9800109863281,394.9800109863281,382.5,388.4200134277344,370.0,0.0,0.0,
2021-06-08,382.5,398.0,382.5,392.1300048828125,418.0,0.0,0.0,
2021-06-09,397.4800109863281,397.4800109863281,390.0,390.2999877929688,216.0,0.0,0.0,
2021-06-10,393.9400024414062,394.9800109863281,391.239990234375,391.3999938964844,647.0,0.0,0.0,
2021-06-11,398.8999938964844,398.8999938964844,386.9500122070312,397.8299865722656,597.0,0.0,0.0,
2021-06-14,409.9800109863281,409.9800109863281,395.0,397.0,320.0,0.0,0.0,
2021-06-15,404.9500122070312,404.9500122070312,398.2099914550781,400.6900024414062,616.0,0.0,0.0,
2021-06-16,403.2000122070312,410.0,397.9700012207031,402.0,356.0,0.0,0.0,
2021-06-17,403.2000122070312,410.0,398.3900146484375,399.3699951171875,155.0,0.0,0.0,
2021-06-18,403.2000122070312,404.6300048828125,399.0,404.6300048828125,2844.0,0.0,0.0,
2021-06-21,416.760009765625,463.2000122070312,400.0,401.7799987792969,705.0,0.0,0.0,
2021-06-22,403.0,406.7099914550781,402.0,403.260009765625,236.0,0.0,0.0,
2021-06-23,411.3500061035156,423.2000122070312,399.7300109863281,402.0899963378906,569.0,0.0,0.0,
2021-06-24,410.1499938964844,411.1700134277344,401.1300048828125,410.7300109863281,293.0,0.0,0.0,
2021-06-25,408.2000122070312,430.0,408.0,410.8500061035156,422.0,0.0,0.0,
2021-06-28,410.8500061035156,411.6499938964844,407.0,408.8999938964844,420.0,0.0,0.0,
2021-06-29,411.0199890136719,411.3299865722656,407.0,408.6600036621094,354.0,0.0,0.0,
2021-06-30,420.9100036621094,420.9100036621094,405.25,407.239990234375,946.0,0.0,0.0,
2021-07-01,414.0,426.8999938964844,409.0,410.0,323.0,0.0,0.0,
2021-07-02,418.2000122070312,418.2000122070312,406.0,410.7799987792969,1851.0,0.0,0.0,
2021-07-05,419.0,425.0,411.0,411.9599914550781,412.0,0.0,0.0,
2021-07-06,425.0,425.0,402.25,408.2200012207031,634.0,0.0,0.0,
2021-07-07,421.0,421.0,405.8299865722656,409.2799987792969,490.0,0.0,0.0,
2021-07-08,417.5,417.5,403.489990234375,404.510009765625,2416.0,0.0,0.0,
2021-07-09,421.2699890136719,421.2699890136719,399.9500122070312,404.3399963378906,466.0,0.0,0.0,
2021-07-12,419.0,419.0,401.8699951171875,403.8099975585938,653.0,0.0,0.0,
2021-07-13,411.8999938964844,411.8999938964844,403.0,405.6499938964844,453.0,0.0,0.0,
2021-07-14,410.2000122070312,415.2000122070312,398.9500122070312,406.7999877929688,496.0,0.0,0.0,
2021-07-15,411.9599914550781,421.2699890136719,403.9500122070312,405.8999938964844,728.0,0.0,0.0,
2021-07-16,405.0,410.2000122070312,403.9500122070312,406.1099853515625,767.0,0.0,0.0,
2021-07-19,411.9599914550781,414.25,401.989990234375,404.6900024414062,550.0,0.0,0.0,
2021-07-20,404.4599914550781,416.0,402.4200134277344,404.3500061035156,1157.0,0.0,0.0,
2021-07-22,411.9599914550781,483.7999877929688,405.8500061035156,406.8099975585938,7179.0,0.0,0.0,
2021-07-23,411.2000122070312,411.2000122070312,405.9200134277344,405.9200134277344,677.0,0.0,0.0,
2021-07-26,405.9200134277344,418.8200073242188,398.989990234375,409.5400085449219,1329.0,0.0,0.0,
2021-07-27,410.4800109863281,410.75,405.0,406.2900085449219,2190.0,0.0,0.0,
2021-07-28,405.0,418.2900085449219,400.1099853515625,405.2999877929688,1359.0,0.0,0.0,
2021-07-29,416.2999877929688,416.2999877929688,405.0,407.1400146484375,231.0,0.0,0.0,
2021-07-30,407.1400146484375,414.9800109863281,400.9500122070312,404.3099975585938,2178.0,0.0,0.0,
2021-08-02,416.3099975585938,419.3099975585938,407.0,411.5700073242188,1981.0,0.0,0.0,
2021-08-03,413.2799987792969,416.2000122070312,410.5199890136719,415.4500122070312,1168.0,0.0,0.0,
2021-08-04,425.0,425.0,412.489990234375,415.0,627.0,0.0,0.0,
2021-08-05,423.0,423.0,414.0,416.1300048828125,550.0,0.0,0.0,
2021-08-06,423.1300048828125,428.0,414.0,416.8099975585938,204.0,0.0,0.0,
2021-08-09,414.0,425.1499938964844,410.0,416.4599914550781,877.0,0.0,0.0,
2021-08-10,408.1499938964844,424.9800109863281,408.1499938964844,417.4500122070312,10476.0,0.0,0.0,
2021-08-11,424.9800109863281,424.9800109863281,416.0,420.1000061035156,4009.0,0.0,0.0,
2021-08-12,426.4200134277344,426.4200134277344,416.0,422.9400024414062,314.0,0.0,0.0,
2021-08-13,426.4200134277344,428.0,422.8800048828125,425.489990234375,457.0,0.0,0.0,
2021-08-16,444.0,444.0,420.0,427.6199951171875,831.0,0.0,0.0,
2021-08-17,443.8999938964844,443.8999938964844,419.1000061035156,432.3299865722656,159.0,0.0,0.0,
2021-08-18,438.0,438.0,431.6700134277344,432.260009765625,1413.0,0.0,0.0,
2021-08-20,438.0,443.9800109863281,423.6499938964844,434.5700073242188,882.0,0.0,0.0,
2021-08-23,440.0,479.4800109863281,435.3099975585938,439.5299987792969,2071.0,0.0,0.0,
2021-08-24,444.2000122070312,447.489990234375,436.9500122070312,438.2699890136719,368.0,0.0,0.0,
2021-08-25,438.9200134277344,442.0899963378906,437.0,437.6300048828125,1519.0,0.0,0.0,
2021-08-26,449.0,449.0,437.1000061035156,438.7699890136719,994.0,0.0,0.0,
2021-08-27,445.0,473.4800109863281,437.1000061035156,441.2099914550781,2165.0,0.0,0.0,
2021-08-30,447.2099914550781,449.0,437.2999877929688,442.1700134277344,2786.0,0.0,0.0,
2021-08-31,447.0,447.0,440.0,446.4500122070312,880.0,0.0,0.0,
2021-09-01,473.4800109863281,473.4800109863281,442.3399963378906,442.6000061035156,529.0,0.0,0.0,
2021-09-02,455.0,455.0,442.6000061035156,447.3099975585938,1574.0,0.0,0.0,
2021-09-03,450.760009765625,455.0,436.5599975585938,450.8399963378906,4447.0,0.0,0.0,
2021-09-06,472.0,472.0,442.5,455.6900024414062,11734.0,0.0,0.0,
2021-09-07,469.3999938964844,469.3999938964844,450.7999877929688,452.3399963378906,658.0,0.0,0.0,
2021-09-08,493.0,493.0,446.5,451.5599975585938,770.0,0.0,0.0,
2021-09-09,466.5899963378906,469.8999938964844,442.25,452.4500122070312,1885.0,0.0,0.0,
2021-09-13,469.4800109863281,469.4800109863281,450.010009765625,453.9100036621094,1988.0,0.0,0.0,
2021-09-14,469.4800109863281,469.4800109863281,450.0,454.8900146484375,659.0,0.0,0.0,
2021-09-15,464.0,464.0,455.0,458.0299987792969,609.0,0.0,0.0,
2021-09-16,468.989990234375,468.989990234375,456.4100036621094,457.75,1122.0,0.0,0.0,
2021-09-17,479.8900146484375,479.8900146484375,448.25,453.2200012207031,1633.0,0.0,0.0,
2021-09-20,479.4800109863281,479.4800109863281,442.5599975585938,453.1000061035156,1809.0,0.0,0.0,
2021-09-21,462.2000122070312,462.2000122070312,452.7300109863281,458.5899963378906,926.0,0.0,0.0,
2021-09-22,457.0,467.8999938964844,456.5,459.1000061035156,535.0,0.0,0.0,
2021-09-23,468.2999877929688,468.2999877929688,457.9299926757812,461.3500061035156,2329.0,0.0,0.0,
2021-09-24,468.6499938964844,469.6199951171875,462.8200073242188,462.8200073242188,1249.0,0.0,0.0,
2021-09-27,472.0799865722656,520.0,457.0,457.7699890136719,1649.0,0.0,0.0,
2021-09-28,480.0,480.0,449.1799926757812,452.4200134277344,2482.0,0.0,0.0,
2021-09-29,478.8999938964844,500.0,445.0,451.6400146484375,5152.0,0.0,0.0,
2021-09-30,470.0,470.0,442.6400146484375,449.9400024414062,4383.0,0.0,0.0,
2021-10-01,469.7999877929688,469.7999877929688,445.0,448.2300109863281,878.0,0.0,0.0,
2021-10-04,465.0,465.0,443.1499938964844,450.1799926757812,837.0,0.0,0.0,
2021-10-05,462.0,462.0,448.0,455.989990234375,634.0,0.0,0.0,
2021-10-06,468.8999938964844,468.8999938964844,447.2999877929688,451.4800109863281,819.0,0.0,0.0,
2021-10-07,468.8999938964844,468.8999938964844,445.9500122070312,452.3099975585938,1898.0,0.0,0.0,
2021-10-08,454.0,459.9400024414062,454.0,457.8299865722656,11876.0,0.0,0.0,
2021-10-11,468.8999938964844,468.8999938964844,447.1099853515625,450.0700073242188,2645.0,0.0,0.0,
2021-10-12,455.0,458.8999938964844,445.7000122070312,449.3699951171875,841.0,0.0,0.0,
2021-10-13,455.0,455.0,442.3699951171875,452.0599975585938,3985.0,0.0,0.0,
2021-10-14,457.0,457.760009765625,450.0,452.6300048828125,2847.0,0.0,0.0,
2021-10-18,452.6300048828125,468.3999938964844,452.6300048828125,455.5799865722656,1292.0,0.0,0.0,
2021-10-19,465.0,465.5,455.5799865722656,456.4800109863281,750.0,0.0,0.0,
2021-10-20,460.0,467.489990234375,450.3200073242188,451.25,512.0,0.0,0.0,
2021-10-21,470.7099914550781,470.7099914550781,438.5299987792969,443.7200012207031,4462.0,0.0,0.0,
2021-10-22,450.0,457.8999938964844,436.239990234375,438.6199951171875,1835.0,0.0,0.0,
2021-10-25,454.9800109863281,454.9800109863281,430.0,436.2799987792969,3704.0,0.0,0.0,
2021-10-26,440.0,440.0,435.0,439.3999938964844,176.0,0.0,0.0,
2021-10-27,452.0,452.0,435.0,440.8800048828125,1631.0,0.0,0.0,
2021-10-28,449.7000122070312,449.7000122070312,431.0,434.4400024414062,1213.0,0.0,0.0,
2021-10-29,436.0,443.7999877929688,431.0,432.6300048828125,473.0,0.0,0.0,
2021-11-01,449.4800109863281,449.4800109863281,435.0,439.8999938964844,609.0,0.0,0.0,
2021-11-02,445.0,449.3999938964844,434.0,439.4599914550781,873.0,0.0,0.0,
2021-11-03,439.0,442.1300048828125,438.3299865722656,438.8800048828125,629.0,0.0,0.0,
2021-11-04,455.0,455.0,431.1099853515625,444.6400146484375,87.0,0.0,0.0,
2021-11-08,456.0799865722656,456.0799865722656,436.9500122070312,445.3200073242188,700.0,0.0,0.0,
2021-11-09,457.7000122070312,457.7000122070312,444.8699951171875,447.3800048828125,244.0,0.0,0.0,
2021-11-10,437.0,453.5499877929688,437.0,444.3800048828125,548.0,0.0,0.0,
2021-11-11,450.0,450.0,436.9500122070312,443.3699951171875,785.0,0.0,0.0,
2021-11-12,453.4800109863281,453.4800109863281,442.25,448.0400085449219,318.0,0.0,0.0,
2021-11-15,447.3399963378906,459.0,445.9400024414062,452.4800109863281,700.0,0.0,0.0,
2021-11-16,458.4700012207031,458.4700012207031,445.9400024414062,451.3900146484375,1952.0,0.0,0.0,
2021-11-17,448.6499938964844,451.3800048828125,448.6499938964844,448.9700012207031,1412.0,0.0,0.0,
2021-11-18,454.4800109863281,454.4800109863281,438.010009765625,444.8699951171875,1459.0,0.0,0.0,
2021-11-22,459.7000122070312,459.7000122070312,433.9500122070312,439.2099914550781,1287.0,0.0,0.0,
2021-11-23,435.5,448.489990234375,434.2099914550781,439.2900085449219,447.0,0.0,0.0,
2021-11-24,440.1300048828125,440.1300048828125,433.25,435.5400085449219,333.0,0.0,0.0,
2021-11-25,451.9500122070312,451.9500122070312,434.0799865722656,437.6700134277344,2225.0,0.0,0.0,
2021-11-26,434.1000061035156,440.0,424.2300109863281,432.4100036621094,1221.0,0.0,0.0,
2021-11-29,451.9500122070312,451.9500122070312,419.1300048828125,433.6600036621094,886.0,0.0,0.0,
2021-11-30,448.3999938964844,448.3999938964844,421.5599975585938,434.3200073242188,574.0,0.0,0.0,
2021-12-01,447.7000122070312,447.7000122070312,434.1700134277344,434.3099975585938,884.0,0.0,0.0,
2021-12-02,444.2900085449219,444.2900085449219,425.6499938964844,443.739990234375,752.0,0.0,0.0,
2021-12-03,448.6400146484375,448.6400146484375,438.0,440.739990234375,435.0,0.0,0.0,
2021-12-06,457.7000122070312,457.7000122070312,430.0,430.5299987792969,1079.0,0.0,0.0,
2021-12-07,447.7000122070312,447.7000122070312,421.260009765625,433.010009765625,354.0,0.0,0.0,
2021-12-08,446.010009765625,446.010009765625,424.3500061035156,439.4500122070312,322.0,0.0,0.0,
2021-12-09,449.4299926757812,449.4299926757812,434.260009765625,441.7799987792969,217.0,0.0,0.0,
2021-12-10,457.7000122070312,457.7000122070312,440.2000122070312,443.4400024414062,418.0,0.0,0.0,
2021-12-13,454.3999938964844,454.3999938964844,433.3999938964844,440.9100036621094,1024.0,0.0,0.0,
2021-12-14,432.0,442.9200134277344,432.0,441.9200134277344,215.0,0.0,0.0,
2021-12-15,445.0,445.0,433.1000061035156,439.6400146484375,352.0,0.0,0.0,
2021-12-16,449.6199951171875,449.6199951171875,430.8500061035156,442.8399963378906,163.0,0.0,0.0,
2021-12-17,449.4800109863281,449.4800109863281,435.239990234375,441.1499938964844,1530.0,0.0,0.0,
2021-12-20,428.1499938964844,449.4800109863281,428.1499938964844,436.8599853515625,779.0,0.0,0.0,
2021-12-21,440.0,446.1900024414062,438.0,442.6799926757812,466.0,0.0,0.0,
2021-12-22,449.3999938964844,449.3999938964844,430.0799865722656,445.7799987792969,1023.0,0.0,0.0,
2021-12-23,452.3999938964844,452.3999938964844,435.010009765625,449.9500122070312,612.0,0.0,0.0,
2021-12-24,454.3999938964844,454.3999938964844,441.5,448.1199951171875,530.0,0.0,0.0,
2021-12-27,454.7999877929688,454.7999877929688,438.1199951171875,452.8999938964844,2972.0,0.0,0.0,
2021-12-28,458.0,458.0,445.1000061035156,455.0,586.0,0.0,0.0,
2021-12-29,455.0,459.8900146484375,455.0,457.6099853515625,423.0,0.0,0.0,
2021-12-30,464.3999938964844,464.3999938964844,457.739990234375,458.989990234375,494.0,0.0,0.0,
2021-12-31,464.3999938964844,464.3999938964844,450.6000061035156,462.3900146484375,902.0,0.0,0.0,
2022-01-03,468.3900146484375,468.3900146484375,452.0,465.6600036621094,742.0,0.0,0.0,
2022-01-04,474.4800109863281,474.4800109863281,456.2099914550781,465.8599853515625,665.0,0.0,0.0,
2022-01-05,474.4800109863281,474.4800109863281,461.6300048828125,462.1700134277344,1025.0,0.0,0.0,
2022-01-06,467.9500122070312,471.4500122070312,455.25,458.260009765625,1064.0,0.0,0.0,
2022-01-07,460.3099975585938,462.6700134277344,460.0,462.1799926757812,493.0,0.0,0.0,
2022-01-10,469.1700134277344,469.1700134277344,453.0799865722656,466.3599853515625,426.0,0.0,0.0,
2022-01-11,469.8900146484375,469.8900146484375,464.4700012207031,468.9200134277344,215.0,0.0,0.0,
2022-01-12,472.0,472.0,460.6000061035156,467.5199890136719,996.0,0.0,0.0,
2022-01-13,472.5,474.4800109863281,469.0,470.5799865722656,806.0,0.0,0.0,
2022-01-14,474.8900146484375,474.8900146484375,464.6099853515625,473.6199951171875,1198.0,0.0,0.0,
2022-01-17,478.9800109863281,478.9800109863281,470.8299865722656,475.3299865722656,770.0,0.0,0.0,
2022-01-18,484.4800109863281,484.4800109863281,468.1099853515625,469.2099914550781,2252.0,0.0,0.0,
2022-01-19,475.0,475.2099914550781,459.3599853515625,461.2300109863281,836.0,0.0,0.0,
2022-01-20,474.3999938964844,477.0,450.3299865722656,452.3500061035156,2918.0,0.0,0.0,
2022-01-21,469.7000122070312,469.7000122070312,446.2999877929688,449.6799926757812,2698.0,0.0,0.0,
2022-01-24,458.6799926757812,458.7000122070312,433.1099853515625,438.4599914550781,3153.0,0.0,0.0,
2022-01-25,457.7000122070312,457.7000122070312,428.1600036621094,437.010009765625,4616.0,0.0,0.0,
2022-01-27,442.0,446.989990234375,424.5599975585938,429.6000061035156,3365.0,0.0,0.0,
2022-01-28,435.0,440.0,429.7000122070312,431.3099975585938,2258.0,0.0,0.0,
2022-01-31,447.7000122070312,449.6000061035156,437.510009765625,439.0599975585938,1206.0,0.0,0.0,
2022-02-01,452.0,489.8900146484375,430.7200012207031,457.989990234375,1390.0,0.0,0.0,
2022-02-02,464.7000122070312,464.7000122070312,441.2000122070312,449.7999877929688,802.0,0.0,0.0,
2022-02-03,431.1600036621094,457.0,431.1600036621094,442.8399963378906,1361.0,0.0,0.0,
2022-02-04,464.0,464.0,440.4500122070312,443.510009765625,786.0,0.0,0.0,
2022-02-07,457.7000122070312,457.7000122070312,434.0,437.9800109863281,1146.0,0.0,0.0,
2022-02-08,445.0,454.3999938964844,429.25,437.7999877929688,1156.0,0.0,0.0,
2022-02-09,448.0,449.7000122070312,431.0,441.0,324.0,0.0,0.0,
2022-02-10,450.0,451.010009765625,435.2999877929688,444.0,562.0,0.0,0.0,
2022-02-11,448.0,448.0,435.5,437.2999877929688,1086.0,0.0,0.0,
2022-02-14,440.0,440.0,430.0,432.2099914550781,7822.0,0.0,0.0,
2022-02-15,432.2099914550781,444.2099914550781,431.2000122070312,439.8299865722656,1107.0,0.0,0.0,
2022-02-16,439.8299865722656,448.7000122070312,432.25,439.7900085449219,1907.0,0.0,0.0,
2022-02-17,441.1900024414062,448.5799865722656,438.9700012207031,440.7900085449219,895.0,0.0,0.0,
2022-02-18,444.8800048828125,444.8800048828125,432.7900085449219,438.6199951171875,467.0,0.0,0.0,
2022-02-21,446.0,446.0,433.0,436.6099853515625,1173.0,0.0,0.0,
2022-02-22,435.8999938964844,443.0899963378906,423.510009765625,431.2000122070312,2239.0,0.0,0.0,
2022-02-23,447.7000122070312,447.7000122070312,430.7099914550781,431.1700134277344,1043.0,0.0,0.0,
2022-02-24,445.7000122070312,445.7000122070312,414.0400085449219,416.1700134277344,6900.0,0.0,0.0,
2022-02-25,429.1700134277344,429.1700134277344,417.0,421.0899963378906,1058.0,0.0,0.0,
2022-02-28,447.7000122070312,447.7000122070312,408.0899963378906,422.8900146484375,2374.0,0.0,0.0,
2022-03-02,432.8900146484375,432.8900146484375,415.0899963378906,421.7799987792969,1063.0,0.0,0.0,
2022-03-03,433.7799987792969,433.7799987792969,415.2999877929688,418.8599853515625,1514.0,0.0,0.0,
2022-03-04,427.239990234375,427.239990234375,412.0,419.2099914550781,4213.0,0.0,0.0,
2022-03-07,418.75,424.2999877929688,409.0899963378906,419.7699890136719,1313.0,0.0,0.0,
2022-03-08,428.1700134277344,428.1700134277344,413.4400024414062,421.7699890136719,1095.0,0.0,0.0,
2022-03-09,439.7000122070312,439.7000122070312,416.2999877929688,429.4299926757812,232.0,0.0,0.0,
2022-03-10,438.7999877929688,446.0,426.0,432.4800109863281,783.0,0.0,0.0,
2022-03-11,444.0,444.0,423.6499938964844,431.6900024414062,892.0,0.0,0.0,
2022-03-14,435.0,439.9599914550781,433.7999877929688,438.2200012207031,512.0,0.0,0.0,
2022-03-15,449.7000122070312,449.7000122070312,429.4599914550781,433.4599914550781,600.0,0.0,0.0,
2022-03-16,441.0,472.2000122070312,429.5,444.1600036621094,2235.0,0.0,0.0,
2022-03-17,435.2999877929688,458.1600036621094,435.2799987792969,442.260009765625,10520.0,0.0,0.0,
2022-03-21,459.5,459.5,433.489990234375,437.5599975585938,1552.0,0.0,0.0,
2022-03-22,454.7000122070312,454.7000122070312,434.010009765625,441.9200134277344,818.0,0.0,0.0,
2022-03-23,442.6099853515625,444.3800048828125,438.0599975585938,441.010009765625,522.0,0.0,0.0,
2022-03-24,438.9500122070312,444.5,438.3500061035156,443.4299926757812,233.0,0.0,0.0,
2022-03-25,443.1000061035156,443.1000061035156,436.7799987792969,439.3800048828125,783.0,0.0,0.0,
2022-03-28,459.5,459.5,431.1099853515625,440.9700012207031,5522.0,0.0,0.0,
2022-03-29,457.7000122070312,457.7000122070312,431.1099853515625,441.1099853515625,996.0,0.0,0.0,
2022-03-30,457.7000122070312,457.7000122070312,437.1199951171875,444.75,769.0,0.0,0.0,
2022-03-31,445.0,445.0,437.6499938964844,443.3800048828125,1435.0,0.0,0.0,
2022-04-01,452.4800109863281,452.4800109863281,436.6499938964844,445.6700134277344,691.0,0.0,0.0,
2022-04-04,451.5799865722656,459.7000122070312,445.1000061035156,449.2900085449219,1496.0,0.0,0.0,
2022-04-05,440.2900085449219,458.2999877929688,440.2900085449219,449.6300048828125,4423.0,0.0,0.0,
2022-04-06,459.5,459.5,440.6400146484375,446.5799865722656,635.0,0.0,0.0,
2022-04-07,445.010009765625,446.9400024414062,441.0,444.8099975585938,5146.0,0.0,0.0,
2022-04-08,444.8099975585938,451.8900146484375,441.0199890136719,446.4200134277344,1719.0,0.0,0.0,
2022-04-11,454.3999938964844,454.3999938964844,435.9299926757812,442.260009765625,2996.0,0.0,0.0,
2022-04-12,454.0,454.0,436.0,437.5299987792969,4116.0,0.0,0.0,
2022-04-13,452.7000122070312,452.7000122070312,436.0,437.1600036621094,2250.0,0.0,0.0,
2022-04-18,455.0,455.0,421.6199951171875,423.260009765625,4812.0,0.0,0.0,
2022-04-19,429.7999877929688,429.7999877929688,410.3099975585938,414.9299926757812,3179.0,0.0,0.0,
2022-04-20,423.25,423.25,417.1700134277344,421.4500122070312,542.0,0.0,0.0,
2022-04-21,425.0,428.9299926757812,422.0,427.3999938964844,387.0,0.0,0.0,
2022-04-22,410.0,435.1799926757812,410.0,422.1499938964844,544.0,0.0,0.0,
2022-04-25,413.75,423.7000122070312,413.75,415.2300109863281,1267.0,0.0,0.0,
2022-04-26,427.2300109863281,427.2300109863281,410.0,419.260009765625,382.0,0.0,0.0,
2022-04-27,420.989990234375,420.989990234375,413.3999938964844,416.2200012207031,920.0,0.0,0.0,
2022-04-28,429.7000122070312,429.7000122070312,410.2200012207031,422.6300048828125,1151.0,0.0,0.0,
2022-04-29,414.2000122070312,432.7099914550781,414.2000122070312,418.8500061035156,260.0,0.0,0.0,
2022-05-02,429.7000122070312,429.7000122070312,410.0,416.3900146484375,1179.0,0.0,0.0,
2022-05-04,428.0899963378906,428.0899963378906,406.6499938964844,411.0,1534.0,0.0,0.0,
2022-05-05,423.989990234375,425.0,405.9500122070312,416.9400024414062,1161.0,0.0,0.0,
2022-05-06,423.9400024414062,423.9400024414062,400.5499877929688,410.6300048828125,3357.0,0.0,0.0,
2022-05-09,423.7000122070312,423.7000122070312,403.0199890136719,407.7999877929688,1202.0,0.0,0.0,
2022-05-10,418.7999877929688,418.7999877929688,406.0,406.1600036621094,659.0,0.0,0.0,
2022-05-11,406.0,410.0,400.0,403.9400024414062,1315.0,0.0,0.0,
2022-05-12,401.9500122070312,414.5,397.6000061035156,402.4200134277344,1775.0,0.0,0.0,
2022-05-13,417.7000122070312,417.7000122070312,399.1199951171875,400.2999877929688,881.0,0.0,0.0,
2022-05-16,417.7000122070312,417.7000122070312,396.4200134277344,397.7900085449219,3220.0,0.0,0.0,
2022-05-17,405.9800109863281,406.0899963378906,396.0,405.3399963378906,995.0,0.0,0.0,
2022-05-18,415.0,415.0,400.6000061035156,406.9299926757812,442.0,0.0,0.0,
2022-05-19,406.8500061035156,406.8500061035156,390.0499877929688,391.2999877929688,3079.0,0.0,0.0,
2022-05-20,399.1499938964844,403.0,395.0,398.7999877929688,256.0,0.0,0.0,
2022-05-23,409.9800109863281,409.9800109863281,395.7999877929688,400.0,1555.0,0.0,0.0,
2022-05-24,407.9800109863281,407.9800109863281,391.1799926757812,393.3999938964844,686.0,0.0,0.0,
2022-05-25,407.7000122070312,407.7000122070312,382.7000122070312,384.8399963378906,6421.0,0.0,0.0,
2022-05-26,391.9800109863281,391.9800109863281,381.0,387.5799865722656,825.0,0.0,0.0,
2022-05-27,399.2000122070312,399.2000122070312,388.0,392.9400024414062,436.0,0.0,0.0,
2022-05-30,404.7000122070312,404.7000122070312,395.0,403.4599914550781,1447.0,0.0,0.0,
2022-05-31,409.9800109863281,409.9800109863281,392.7699890136719,403.3500061035156,730.0,0.0,0.0,
2022-06-01,409.989990234375,409.989990234375,397.0199890136719,399.0899963378906,781.0,0.0,0.0,
2022-06-02,407.1000061035156,407.1000061035156,398.2999877929688,401.5899963378906,431.0,0.0,0.0,
2022-06-03,395.0,407.8800048828125,386.6000061035156,400.1300048828125,689.0,0.0,0.0,
2022-06-06,407.9800109863281,407.9800109863281,396.4500122070312,401.1300048828125,725.0,0.0,0.0,
2022-06-07,409.4800109863281,409.4800109863281,394.8999938964844,395.989990234375,2625.0,0.0,0.0,
2022-06-08,402.9800109863281,402.9800109863281,392.0,395.1700134277344,447.0,0.0,0.0,
2022-06-09,401.9800109863281,401.9800109863281,392.0599975585938,395.3900146484375,114.0,0.0,0.0,
2022-06-10,399.9800109863281,399.9800109863281,388.0,392.8800048828125,702.0,0.0,0.0,
2022-06-13,397.7000122070312,397.7000122070312,380.6300048828125,380.7200012207031,5141.0,0.0,0.0,
2022-06-14,381.3299865722656,387.9500122070312,375.7099914550781,383.2099914550781,1576.0,0.0,0.0,
2022-06-15,387.9800109863281,387.9800109863281,376.25,379.9100036621094,745.0,0.0,0.0,
2022-06-16,397.7000122070312,397.7000122070312,370.1000061035156,372.7300109863281,15878.0,0.0,0.0,
2022-06-17,371.2999877929688,371.2999877929688,367.489990234375,368.010009765625,1882.0,0.0,0.0,
2022-06-20,373.1099853515625,379.7300109863281,361.2999877929688,373.3999938964844,1401.0,0.0,0.0,
2022-06-21,380.8999938964844,386.989990234375,373.3999938964844,380.489990234375,953.0,0.0,0.0,
2022-06-22,384.989990234375,384.989990234375,377.1600036621094,379.3599853515625,581.0,0.0,0.0,
2022-06-23,389.7000122070312,389.7000122070312,373.7000122070312,384.5,3386.0,0.0,0.0,
2022-06-24,386.1499938964844,386.9700012207031,382.010009765625,384.1600036621094,5751.0,0.0,0.0,
2022-06-27,391.9800109863281,391.9800109863281,388.0,390.1600036621094,941.0,0.0,0.0,
2022-06-28,393.9500122070312,395.1600036621094,385.010009765625,392.7099914550781,299.0,0.0,0.0,
2022-06-29,395.9800109863281,395.9800109863281,386.7799987792969,388.5700073242188,226.0,0.0,0.0,
2022-06-30,388.5700073242188,389.1000061035156,382.9599914550781,383.7000122070312,454.0,0.0,0.0,
2022-07-01,385.0899963378906,391.0,383.0,388.9500122070312,717.0,0.0,0.0,
2022-07-04,392.9800109863281,392.9800109863281,382.1099853515625,389.9400024414062,891.0,0.0,0.0,
2022-07-05,382.6099853515625,394.8099975585938,382.6099853515625,388.0799865722656,1170.0,0.0,0.0,
2022-07-06,392.9800109863281,396.3999938964844,385.989990234375,396.1199951171875,508.0,0.0,0.0,
2022-07-07,409.7000122070312,409.7000122070312,395.6600036621094,396.0700073242188,945.0,0.0,0.0,
2022-07-08,399.8999938964844,401.9800109863281,392.6199951171875,398.4599914550781,228.0,0.0,0.0,
2022-07-11,401.9800109863281,401.9800109863281,391.0199890136719,393.2799987792969,610.0,0.0,0.0,
2022-07-12,397.9800109863281,397.9800109863281,386.0,387.1600036621094,936.0,0.0,0.0,
2022-07-13,391.9800109863281,391.9800109863281,386.7799987792969,388.7200012207031,289.0,0.0,0.0,
2022-07-14,392.9800109863281,392.9800109863281,382.010009765625,385.5299987792969,786.0,0.0,0.0,
2022-07-15,387.6199951171875,388.8399963378906,383.5400085449219,388.0899963378906,636.0,0.0,0.0,
2022-07-18,393.9800109863281,399.489990234375,382.1000061035156,394.260009765625,699.0,0.0,0.0,
2022-07-19,409.7000122070312,409.7000122070312,387.5499877929688,392.2099914550781,337.0,0.0,0.0,
2022-07-20,407.7000122070312,407.7000122070312,398.1300048828125,401.1900024414062,1520.0,0.0,0.0,
2022-07-21,400.0,407.2999877929688,393.9700012207031,405.1000061035156,634.0,0.0,0.0,
2022-07-22,406.6300048828125,406.6300048828125,398.5299987792969,404.0,749.0,0.0,0.0,
2022-07-25,392.0,408.9800109863281,392.0,404.4500122070312,691.0,0.0,0.0,
2022-07-26,409.9800109863281,409.9800109863281,396.0,396.760009765625,1329.0,0.0,0.0,
2022-07-27,397.0,403.25,393.9500122070312,402.4400024414062,819.0,0.0,0.0,
2022-07-28,409.9800109863281,410.989990234375,398.9800109863281,409.6600036621094,2716.0,0.0,0.0,
2022-07-29,417.9800109863281,417.9800109863281,411.8200073242188,414.1700134277344,3536.0,0.0,0.0,
2022-08-01,420.4800109863281,420.4800109863281,405.8999938964844,415.7099914550781,8867.0,0.0,0.0,
2022-08-02,423.8099975585938,423.8099975585938,412.8399963378906,415.5700073242188,728.0,0.0,0.0,
2022-08-03,420.0,420.0,410.5599975585938,416.0299987792969,666.0,0.0,0.0,
2022-08-04,419.8999938964844,422.8900146484375,414.0799865722656,421.2000122070312,1217.0,0.0,0.0,
2022-08-05,421.0,425.8999938964844,421.0,424.0,9470.0,0.0,0.0,
2022-08-08,437.0,437.0,408.5299987792969,416.0400085449219,21668.0,0.0,0.0,
2022-08-10,420.9800109863281,422.4700012207031,418.0,420.5599975585938,3221.0,0.0,0.0,
2022-08-11,427.9800109863281,427.9800109863281,420.5599975585938,423.1799926757812,2787.0,0.0,0.0,
2022-08-12,437.0,437.0,416.9299926757812,421.8999938964844,2803.0,0.0,0.0,
2022-08-16,427.9800109863281,427.9800109863281,418.2999877929688,423.3099975585938,1809.0,0.0,0.0,
2022-08-17,439.7000122070312,439.7000122070312,418.2999877929688,426.0700073242188,1765.0,0.0,0.0,
2022-08-18,420.5899963378906,429.9800109863281,420.5899963378906,424.9599914550781,1048.0,0.0,0.0,
2022-08-19,429.9800109863281,429.9800109863281,419.6499938964844,422.8099975585938,1050.0,0.0,0.0,
2022-08-22,427.9800109863281,427.9800109863281,415.0,415.3099975585938,699.0,0.0,0.0,
2022-08-23,416.9700012207031,418.7000122070312,411.4100036621094,414.0899963378906,740.0,0.0,0.0,
2022-08-24,408.5299987792969,414.3500061035156,408.5299987792969,412.3699951171875,1100.0,0.0,0.0,
2022-08-25,415.9500122070312,415.9500122070312,409.25,409.9100036621094,1058.0,0.0,0.0,
2022-08-26,412.6000061035156,415.8900146484375,410.6600036621094,411.0400085449219,754.0,0.0,0.0,
2022-08-29,408.5299987792969,410.8999938964844,399.1099853515625,404.0499877929688,1676.0,0.0,0.0,
2022-08-30,409.8999938964844,417.4800109863281,404.0499877929688,414.6400146484375,2329.0,0.0,0.0,
2022-09-01,414.7000122070312,419.8999938964844,405.2999877929688,408.75,1350.0,0.0,0.0,
2022-09-02,414.8900146484375,414.8900146484375,405.0,406.5700073242188,448.0,0.0,0.0,
2022-09-05,413.8900146484375,413.8900146484375,404.8599853515625,407.7200012207031,1113.0,0.0,0.0,
2022-09-06,407.7300109863281,409.8999938964844,403.6700134277344,406.75,1627.0,0.0,0.0,
2022-09-07,407.0,408.9500122070312,404.1499938964844,407.989990234375,296.0,0.0,0.0,
2022-09-08,428.0,428.0,392.0,409.8800048828125,2337.0,0.0,0.0,
2022-09-09,414.8900146484375,419.4500122070312,410.6000061035156,413.9599914550781,1263.0,0.0,0.0,
2022-09-12,419.9800109863281,423.489990234375,414.1099853515625,418.9800109863281,3464.0,0.0,0.0,
2022-09-13,427.9400024414062,427.9400024414062,403.1600036621094,419.2799987792969,3079.0,0.0,0.0,
2022-09-14,418.9599914550781,418.9599914550781,404.5499877929688,411.2999877929688,1811.0,0.0,0.0,
2022-09-15,416.9800109863281,416.9800109863281,405.7099914550781,405.9200134277344,4137.0,0.0,0.0,
2022-09-16,410.9400024414062,410.9400024414062,393.510009765625,394.8299865722656,6501.0,0.0,0.0,
2022-09-19,399.9800109863281,399.9800109863281,390.0,396.7999877929688,2128.0,0.0,0.0,
2022-09-20,403.9700012207031,403.9700012207031,396.510009765625,399.9100036621094,3393.0,0.0,0.0,
2022-09-21,404.8999938964844,404.8999938964844,394.0,395.9500122070312,877.0,0.0,0.0,
2022-09-22,394.010009765625,399.9700012207031,386.6600036621094,396.1400146484375,5724.0,0.0,0.0,
2022-09-23,401.9800109863281,401.9800109863281,394.0,394.3399963378906,650.0,0.0,0.0,
2022-09-26,398.3399963378906,399.3999938964844,386.3999938964844,392.739990234375,2085.0,0.0,0.0,
2022-09-27,397.9800109863281,398.3999938964844,392.3299865722656,396.8900146484375,752.0,0.0,0.0,
2022-09-28,394.8200073242188,398.2099914550781,392.75,396.6799926757812,392.0,0.0,0.0,
2022-09-29,414.7000122070312,414.7000122070312,395.0,396.2699890136719,496.0,0.0,0.0,
2022-09-30,399.4700012207031,407.0,390.0,402.3299865722656,1337.0,0.0,0.0,
2022-10-03,406.9700012207031,406.9700012207031,392.5199890136719,393.3699951171875,3287.0,0.0,0.0,
2022-10-04,404.3699951171875,406.0,395.3099975585938,403.3500061035156,1293.0,0.0,0.0,
2022-10-06,406.989990234375,406.989990234375,402.010009765625,403.9599914550781,581.0,0.0,0.0,
2022-10-07,404.0,406.0,399.0899963378906,402.0799865722656,2650.0,0.0,0.0,
2022-10-10,403.010009765625,404.8900146484375,395.3800048828125,402.0799865722656,865.0,0.0,0.0,
2022-10-11,405.9700012207031,405.9700012207031,392.2799987792969,394.2000122070312,2578.0,0.0,0.0,
2022-10-12,399.1799926757812,399.1799926757812,390.1099853515625,396.1900024414062,771.0,0.0,0.0,
2022-10-13,399.9700012207031,399.9700012207031,390.1499938964844,395.5,1630.0,0.0,0.0,
2022-10-14,399.989990234375,402.989990234375,397.7900085449219,398.1900024414062,2024.0,0.0,0.0,
2022-10-17,398.010009765625,403.9700012207031,393.7999877929688,401.4400024414062,528.0,0.0,0.0,
2022-10-18,401.4299926757812,405.0,401.4299926757812,403.7999877929688,881.0,0.0,0.0,
2022-10-19,404.6000061035156,404.989990234375,401.1099853515625,401.9700012207031,471.0,0.0,0.0,
2022-10-20,410.0,410.0,400.0,404.8800048828125,363.0,0.0,0.0,
2022-10-21,405.4500122070312,406.7900085449219,404.0,405.1799926757812,712.0,0.0,0.0,
2022-10-24,392.0,414.9800109863281,392.0,404.9599914550781,573.0,0.0,0.0,
2022-10-25,405.1099853515625,408.4299926757812,405.1099853515625,407.4200134277344,778.0,0.0,0.0,
2022-10-27,415.4200134277344,419.0,403.6099853515625,408.2799987792969,2696.0,0.0,0.0,
2022-10-28,412.8800048828125,412.8800048828125,407.0,407.2999877929688,303.0,0.0,0.0,
2022-10-31,414.8800048828125,414.8800048828125,407.0,411.8099975585938,2134.0,0.0,0.0,
2022-11-01,417.8900146484375,420.0,412.989990234375,419.6300048828125,4488.0,0.0,0.0,
2022-11-02,420.5799865722656,423.5899963378906,410.8999938964844,416.010009765625,2475.0,0.0,0.0,
2022-11-03,416.010009765625,416.010009765625,412.0499877929688,414.4299926757812,1493.0,0.0,0.0,
2022-11-04,408.5400085449219,415.3399963378906,408.5400085449219,414.3399963378906,1591.0,0.0,0.0,
2022-11-07,419.8800048828125,419.8800048828125,413.75,415.4400024414062,1073.0,0.0,0.0,
2022-11-09,419.9800109863281,419.9800109863281,412.2000122070312,413.7000122070312,549.0,0.0,0.0,
2022-11-10,419.6799926757812,419.6799926757812,410.3299865722656,412.0199890136719,590.0,0.0,0.0,
2022-11-11,428.0,428.0,417.9700012207031,420.1300048828125,2671.0,0.0,0.0,
2022-11-14,424.9700012207031,424.9700012207031,420.9599914550781,422.4599914550781,1138.0,0.0,0.0,
2022-11-15,425.9200134277344,425.9200134277344,417.9599914550781,422.7200012207031,689.0,0.0,0.0,
2022-11-16,439.7000122070312,439.7000122070312,422.3999938964844,423.6400146484375,854.0,0.0,0.0,
2022-11-17,422.3900146484375,427.9700012207031,420.7900085449219,422.510009765625,474.0,0.0,0.0,
2022-11-18,428.0700073242188,428.0700073242188,418.5599975585938,421.2999877929688,662.0,0.0,0.0,
2022-11-21,428.0,428.0,413.0799865722656,418.4200134277344,1253.0,0.0,0.0,
2022-11-22,418.010009765625,422.1000061035156,417.9700012207031,421.8299865722656,867.0,0.0,0.0,
2022-11-23,426.9700012207031,426.9700012207031,420.3099975585938,421.2799987792969,247.0,0.0,0.0,
2022-11-24,420.0,429.7999877929688,420.0,427.2300109863281,1021.0,0.0,0.0,
2022-11-25,434.1900024414062,434.1900024414062,424.9599914550781,427.9299926757812,1279.0,0.0,0.0,
2022-11-28,429.8800048828125,430.0,427.1700134277344,429.25,1854.0,0.0,0.0,
2022-11-29,433.989990234375,433.989990234375,428.6799926757812,430.4100036621094,2369.0,0.0,0.0,
2022-11-30,430.6700134277344,436.8900146484375,426.489990234375,433.2099914550781,9268.0,0.0,0.0,
2022-12-01,447.7000122070312,447.7000122070312,431.9100036621094,437.1099853515625,1284.0,0.0,0.0,
2022-12-02,441.9700012207031,441.9700012207031,432.8500061035156,435.4100036621094,1523.0,0.0,0.0,
2022-12-05,439.9800109863281,439.9800109863281,432.3099975585938,435.7300109863281,1904.0,0.0,0.0,
2022-12-06,439.3900146484375,439.3900146484375,430.9700012207031,434.0199890136719,470.0,0.0,0.0,
2022-12-07,437.9700012207031,437.9700012207031,431.010009765625,433.0599975585938,651.0,0.0,0.0,
2022-12-08,432.2999877929688,433.8200073242188,431.010009765625,432.5,784.0,0.0,0.0,
2022-12-09,436.9700012207031,436.9700012207031,424.5599975585938,425.4500122070312,2961.0,0.0,0.0,
2022-12-12,421.0,441.8999938964844,420.1799926757812,426.6400146484375,2759.0,0.0,0.0,
2022-12-13,426.6400146484375,429.8299865722656,425.8900146484375,429.6300048828125,584.0,0.0,0.0,
2022-12-14,434.9800109863281,434.9800109863281,428.6300048828125,430.9500122070312,769.0,0.0,0.0,
2022-12-15,434.9200134277344,434.9200134277344,423.0,423.3900146484375,2637.0,0.0,0.0,
2022-12-16,426.9800109863281,426.9800109863281,419.1499938964844,419.7000122070312,836.0,0.0,0.0,
2022-12-19,419.7000122070312,420.989990234375,417.1700134277344,420.6300048828125,946.0,0.0,0.0,
2022-12-20,424.9700012207031,424.9700012207031,414.489990234375,420.3500061035156,2732.0,0.0,0.0,
2022-12-21,422.5899963378906,425.3500061035156,418.1900024414062,420.0499877929688,2715.0,0.0,0.0,
2022-12-22,419.010009765625,421.5,415.6799926757812,418.1600036621094,1338.0,0.0,0.0,
2022-12-23,421.9700012207031,421.9700012207031,411.1099853515625,411.8099975585938,2213.0,0.0,0.0,
2022-12-26,416.9700012207031,416.9700012207031,408.6600036621094,413.7000122070312,1901.0,0.0,0.0,
2022-12-27,418.9700012207031,418.9700012207031,411.8599853515625,415.010009765625,836.0,0.0,0.0,
2022-12-28,418.9700012207031,418.9700012207031,413.7000122070312,416.4100036621094,567.0,0.0,0.0,
2022-12-29,415.4100036621094,417.239990234375,412.989990234375,417.0499877929688,222.0,0.0,0.0,
2022-12-30,424.8800048828125,424.8800048828125,415.0,415.9800109863281,421.0,0.0,0.0,
2023-01-02,419.8800048828125,423.7999877929688,410.2900085449219,415.4500122070312,1154.0,0.0,0.0,
2023-01-03,419.989990234375,419.989990234375,413.9599914550781,416.1499938964844,543.0,0.0,0.0,
2023-01-04,420.9700012207031,420.9700012207031,412.6799926757812,414.760009765625,1039.0,0.0,0.0,
2023-01-05,414.760009765625,416.4100036621094,411.010009765625,413.0400085449219,2943.0,0.0,0.0,
2023-01-06,417.9700012207031,417.9700012207031,408.5,409.3399963378906,1223.0,0.0,0.0,
2023-01-09,415.9700012207031,417.4400024414062,408.5499877929688,416.5400085449219,758.0,0.0,0.0,
2023-01-10,420.9700012207031,420.9700012207031,412.2000122070312,413.9599914550781,701.0,0.0,0.0,
2023-01-11,418.9700012207031,418.9700012207031,411.8500061035156,413.0499877929688,394.0,0.0,0.0,
2023-01-12,413.0,413.0,407.7000122070312,412.5599975585938,526.0,0.0,0.0,
2023-01-13,416.9700012207031,418.5499877929688,411.0,417.6000061035156,573.0,0.0,0.0,
2023-01-16,417.6000061035156,419.0799865722656,416.1099853515625,416.1400146484375,887.0,0.0,0.0,
2023-01-17,420.0,423.510009765625,410.1499938964844,422.6600036621094,3141.0,0.0,0.0,
2023-01-18,420.9599914550781,424.989990234375,420.9599914550781,424.760009765625,2666.0,0.0,0.0,
2023-01-19,422.1600036621094,423.510009765625,420.8900146484375,422.4400024414062,294.0,0.0,0.0,
2023-01-20,425.0,425.0,417.0,417.8800048828125,144.0,0.0,0.0,
2023-01-23,424.0,424.0,417.0,420.5,493.0,0.0,0.0,
2023-01-24,421.8999938964844,423.8999938964844,421.010009765625,422.2200012207031,308.0,0.0,0.0,
2023-01-25,425.0,425.0,418.0,420.6799926757812,4259.0,0.0,0.0,
2023-01-27,416.6900024414062,432.0,410.75,420.3900146484375,3574.0,0.0,0.0,
2023-01-30,423.3699951171875,423.3699951171875,411.0,419.0499877929688,2235.0,0.0,0.0,
2023-01-31,417.9599914550781,417.9599914550781,410.8099975585938,412.2999877929688,956.0,0.0,0.0,
2023-02-01,417.9700012207031,417.9700012207031,411.010009765625,413.5,935.0,0.0,0.0,
2023-02-02,414.0,416.9800109863281,405.2999877929688,411.3500061035156,2391.0,0.0,0.0,
2023-02-03,416.4700012207031,418.2000122070312,410.0,414.6099853515625,433.0,0.0,0.0,
2023-02-06,418.9800109863281,418.9800109863281,406.760009765625,410.510009765625,1020.0,0.0,0.0,
2023-02-07,410.7999877929688,411.9299926757812,408.3999938964844,410.489990234375,688.0,0.0,0.0,
2023-02-08,415.4700012207031,428.0,405.2099914550781,412.3699951171875,2153.0,0.0,0.0,
2023-02-09,415.989990234375,417.4800109863281,412.3699951171875,414.9599914550781,1395.0,0.0,0.0,
2023-02-10,402.5,418.4800109863281,402.5,413.0199890136719,2392.0,0.0,0.0,
2023-02-13,417.9800109863281,419.3999938964844,406.6199951171875,410.7099914550781,1522.0,0.0,0.0,
2023-02-14,410.9700012207031,413.739990234375,410.2799987792969,411.0499877929688,365.0,0.0,0.0,
2023-02-15,410.2999877929688,415.0,406.3200073242188,414.7099914550781,488.0,0.0,0.0,
2023-02-16,416.2900085449219,419.0899963378906,415.2799987792969,416.5599975585938,531.0,0.0,0.0,
2023-02-17,419.9800109863281,419.9800109863281,412.6099853515625,412.6799926757812,536.0,0.0,0.0,
2023-02-20,417.9700012207031,417.9700012207031,410.5199890136719,413.7799987792969,895.0,0.0,0.0,
2023-02-21,417.989990234375,417.989990234375,409.5599975585938,410.3699951171875,654.0,0.0,0.0,
2023-02-22,409.3599853515625,409.5,405.0,406.3999938964844,1289.0,0.0,0.0,
2023-02-23,411.9700012207031,411.9700012207031,404.0,404.8999938964844,1417.0,0.0,0.0,
2023-02-24,405.2200012207031,406.1099853515625,403.0,403.3900146484375,1279.0,0.0,0.0,
2023-02-27,400.1099853515625,407.9700012207031,396.1499938964844,397.8699951171875,2808.0,0.0,0.0,
2023-02-28,402.9800109863281,402.9800109863281,394.0,394.9599914550781,2553.0,0.0,0.0,
2023-03-01,398.4100036621094,400.760009765625,395.8599853515625,400.4500122070312,961.0,0.0,0.0,
2023-03-02,396.4500122070312,402.989990234375,395.6799926757812,396.7900085449219,642.0,0.0,0.0,
2023-03-03,399.989990234375,403.0,398.6000061035156,399.3299865722656,461.0,0.0,0.0,
2023-03-06,405.9800109863281,407.1600036621094,401.2000122070312,402.4700012207031,908.0,0.0,0.0,
2023-03-08,402.4700012207031,404.1199951171875,401.4500122070312,403.9500122070312,1446.0,0.0,0.0,
2023-03-09,407.9700012207031,407.9700012207031,400.0,400.4299926757812,1873.0,0.0,0.0,
2023-03-10,398.8099975585938,398.9700012207031,393.9800109863281,398.8800048828125,7564.0,0.0,0.0,
2023-03-13,402.9700012207031,402.9700012207031,392.010009765625,393.3500061035156,3139.0,0.0,0.0,
2023-03-14,394.2999877929688,394.2999877929688,388.3099975585938,389.6099853515625,2087.0,0.0,0.0,
2023-03-15,392.8900146484375,393.010009765625,388.8200073242188,389.5899963378906,1695.0,0.0,0.0,
2023-03-16,393.9700012207031,393.9700012207031,388.0,389.6400146484375,1608.0,0.0,0.0,
2023-03-17,395.9800109863281,395.9800109863281,390.9599914550781,392.8999938964844,720.0,0.0,0.0,
2023-03-20,392.8999938964844,392.8999938964844,386.4500122070312,389.1099853515625,3015.0,0.0,0.0,
2023-03-21,390.2799987792969,390.2799987792969,387.010009765625,388.0199890136719,916.0,0.0,0.0,
2023-03-22,385.3699951171875,389.6000061035156,385.3699951171875,387.3500061035156,800.0,0.0,0.0,
2023-03-23,391.9700012207031,392.5,384.3500061035156,386.5700073242188,1184.0,0.0,0.0,
2023-03-24,386.760009765625,388.7000122070312,384.989990234375,385.0199890136719,551.0,0.0,0.0,
2023-03-27,389.9800109863281,395.0,380.0,386.3800048828125,1308.0,0.0,0.0,
2023-03-28,387.5700073242188,387.5700073242188,384.0,384.2300109863281,500.0,0.0,0.0,
2023-03-29,388.989990234375,388.989990234375,382.0,386.1300048828125,1628.0,0.0,0.0,
2023-03-31,386.510009765625,393.7999877929688,386.1300048828125,393.739990234375,2219.0,0.0,0.0,
2023-04-03,398.9700012207031,398.9700012207031,390.8200073242188,394.1300048828125,1198.0,0.0,0.0,
2023-04-05,392.1099853515625,397.6700134277344,392.1099853515625,396.25,431.0,0.0,0.0,
2023-04-06,398.0,398.0,395.0,396.0499877929688,185.0,0.0,0.0,
2023-04-10,407.9500122070312,407.9500122070312,393.8999938964844,397.5,2183.0,0.0,0.0,
2023-04-11,398.5400085449219,398.5400085449219,394.3299865722656,396.260009765625,459.0,0.0,0.0,
2023-04-12,399.9800109863281,399.9800109863281,396.4800109863281,398.3800048828125,555.0,0.0,0.0,
2023-04-13,402.4700012207031,402.4700012207031,394.4200134277344,395.8299865722656,922.0,0.0,0.0,
2023-04-17,404.0,404.0,380.5199890136719,384.9800109863281,14429.0,0.0,0.0,
2023-04-18,389.9700012207031,389.9700012207031,385.2999877929688,386.6000061035156,806.0,0.0,0.0,
2023-04-19,386.0,386.4299926757812,382.0499877929688,382.989990234375,1133.0,0.0,0.0,
2023-04-20,383.3099975585938,384.0599975585938,380.0,381.6499938964844,2721.0,0.0,0.0,
2023-04-21,380.0,383.5400085449219,380.0,382.9100036621094,1088.0,0.0,0.0,
2023-04-24,386.9700012207031,386.9700012207031,380.7200012207031,383.1799926757812,2094.0,0.0,0.0,
2023-04-25,387.9800109863281,387.9800109863281,382.0,383.8800048828125,1966.0,0.0,0.0,
2023-04-26,383.6000061035156,384.8900146484375,383.6000061035156,384.7799987792969,978.0,0.0,0.0,
2023-04-27,384.8999938964844,387.0,384.8999938964844,386.4700012207031,1606.0,0.0,0.0,
2023-04-28,391.9800109863281,391.9800109863281,386.5,390.0599975585938,1172.0,0.0,0.0,
2023-05-02,394.9800109863281,394.9800109863281,390.1600036621094,392.6499938964844,1036.0,0.0,0.0,
2023-05-03,396.9800109863281,396.9800109863281,390.6000061035156,392.2300109863281,834.0,0.0,0.0,
2023-05-04,392.2300109863281,393.9299926757812,391.010009765625,393.4500122070312,956.0,0.0,0.0,
2023-05-05,393.1300048828125,395.3299865722656,392.1000061035156,393.3999938964844,2640.0,0.0,0.0,
2023-05-08,393.5299987792969,395.7699890136719,393.5,395.1700134277344,9775.0,0.0,0.0,
2023-05-09,399.3900146484375,399.3900146484375,394.6099853515625,397.4700012207031,733.0,0.0,0.0,
2023-05-10,398.0,401.9800109863281,395.1600036621094,397.3399963378906,718.0,0.0,0.0,
2023-05-11,397.3399963378906,398.5899963378906,396.6900024414062,397.1099853515625,438.0,0.0,0.0,
2023-05-12,400.0,400.0,393.739990234375,395.2900085449219,719.0,0.0,0.0,
2023-05-15,399.8900146484375,399.8900146484375,390.6000061035156,398.1900024414062,1189.0,0.0,0.0,
2023-05-16,398.2000122070312,400.1799926757812,397.3099975585938,397.8099975585938,859.0,0.0,0.0,
2023-05-17,399.989990234375,400.0,392.4100036621094,393.7000122070312,1389.0,0.0,0.0,
2023-05-18,398.9700012207031,398.9700012207031,392.010009765625,393.0599975585938,281.0,0.0,0.0,
2023-05-19,393.4200134277344,395.8999938964844,392.0199890136719,394.5700073242188,442.0,0.0,0.0,
2023-05-22,398.9800109863281,402.5299987792969,394.5700073242188,400.9200134277344,2248.0,0.0,0.0,
2023-05-23,407.9200134277344,407.9200134277344,401.6600036621094,404.1400146484375,1051.0,0.0,0.0,
2023-05-24,402.989990234375,405.0,400.25,403.9400024414062,418.0,0.0,0.0,
2023-05-25,403.2999877929688,404.25,399.8699951171875,403.9400024414062,586.0,0.0,0.0,
2023-05-26,405.739990234375,407.0,403.3900146484375,406.6400146484375,1716.0,0.0,0.0,
2023-05-29,410.9800109863281,410.9800109863281,406.5499877929688,408.7300109863281,599.0,0.0,0.0,
2023-05-30,413.9700012207031,413.9700012207031,406.0400085449219,407.0599975585938,1916.0,0.0,0.0,
2023-05-31,408.8999938964844,409.4100036621094,407.4800109863281,408.3500061035156,801.0,0.0,0.0,
2023-06-01,408.7900085449219,411.75,408.7900085449219,409.4400024414062,644.0,0.0,0.0,
2023-06-02,414.7999877929688,414.7999877929688,407.3099975585938,410.5899963378906,8561.0,0.0,0.0,
2023-06-05,410.0599975585938,411.4100036621094,408.4500122070312,409.9200134277344,1065.0,0.0,0.0,
2023-06-06,409.9100036621094,409.9100036621094,405.2999877929688,406.5299987792969,1255.0,0.0,0.0,
2023-06-07,407.510009765625,411.0,407.510009765625,409.3200073242188,1966.0,0.0,0.0,
2023-06-08,409.0,411.2900085449219,406.0199890136719,407.3200073242188,1657.0,0.0,0.0,
2023-06-09,412.9800109863281,412.9800109863281,403.010009765625,405.3299865722656,974.0,0.0,0.0,
2023-06-12,405.5,408.6199951171875,405.010009765625,407.1099853515625,731.0,0.0,0.0,
2023-06-13,401.1099853515625,411.8399963378906,401.1099853515625,409.5799865722656,728.0,0.0,0.0,
2023-06-14,411.0,412.489990234375,409.2699890136719,412.0199890136719,1380.0,0.0,0.0,
2023-06-15,413.0899963378906,413.1000061035156,410.9400024414062,413.0,2345.0,0.0,0.0,
2023-06-16,412.8999938964844,413.8800048828125,410.260009765625,413.3200073242188,2749.0,0.0,0.0,
2023-06-19,417.9700012207031,417.9700012207031,411.0599975585938,413.2000122070312,996.0,0.0,0.0,
2023-06-20,416.0,416.0,406.5899963378906,413.1400146484375,1338.0,0.0,0.0,
2023-06-21,416.8800048828125,416.8800048828125,411.3099975585938,415.3399963378906,866.0,0.0,0.0,
2023-06-22,414.2999877929688,414.2999877929688,408.6900024414062,411.4400024414062,1168.0,0.0,0.0,
2023-06-23,411.4500122070312,411.4500122070312,406.7099914550781,408.1799926757812,483.0,0.0,0.0,
2023-06-26,410.3399963378906,410.3399963378906,407.0400085449219,409.5199890136719,289.0,0.0,0.0,
2023-06-27,413.7699890136719,413.7699890136719,405.5199890136719,409.6300048828125,957.0,0.0,0.0,
2023-06-28,413.489990234375,414.489990234375,409.6199951171875,413.1700134277344,1512.0,0.0,0.0,
2023-06-30,415.989990234375,418.8999938964844,415.6700134277344,418.6799926757812,1965.0,0.0,0.0,
2023-07-03,423.4700012207031,423.4700012207031,412.2000122070312,419.8999938964844,1449.0,0.0,0.0,
2023-07-04,424.8900146484375,424.8900146484375,417.7799987792969,420.5700073242188,1356.0,0.0,0.0,
2023-07-05,424.9700012207031,424.9700012207031,416.3099975585938,423.8099975585938,3697.0,0.0,0.0,
2023-07-06,428.3900146484375,428.9800109863281,422.0,424.6900024414062,1932.0,0.0,0.0,
2023-07-07,425.4800109863281,430.0,420.2000122070312,422.5199890136719,2734.0,0.0,0.0,
2023-07-10,426.9800109863281,428.3999938964844,417.1199951171875,419.1000061035156,1824.0,0.0,0.0,
2023-07-11,424.9700012207031,424.9700012207031,416.9100036621094,421.7699890136719,520.0,0.0,0.0,
2023-07-12,421.7699890136719,421.7699890136719,418.4100036621094,418.4800109863281,1199.0,0.0,0.0,
2023-07-13,426.8999938964844,426.8999938964844,420.0,421.1799926757812,2890.0,0.0,0.0,
2023-07-14,421.1700134277344,432.0,421.1700134277344,431.3900146484375,5903.0,0.0,0.0,
2023-07-17,436.9700012207031,436.989990234375,432.0,433.489990234375,1610.0,0.0,0.0,
2023-07-18,435.0,438.4800109863281,432.510009765625,435.3699951171875,855.0,0.0,0.0,
2023-07-19,437.1600036621094,438.989990234375,433.6600036621094,435.3299865722656,1752.0,0.0,0.0,
2023-07-20,439.9800109863281,439.9800109863281,433.1400146484375,434.8299865722656,1169.0,0.0,0.0,
2023-07-21,433.9299926757812,433.9299926757812,423.3299865722656,423.9200134277344,3691.0,0.0,0.0,
2023-07-24,427.4800109863281,427.4800109863281,423.0599975585938,423.489990234375,1351.0,0.0,0.0,
2023-07-25,424.989990234375,429.0,423.1799926757812,426.1400146484375,719.0,0.0,0.0,
2023-07-26,426.1300048828125,426.8399963378906,424.5499877929688,426.0700073242188,897.0,0.0,0.0,
2023-07-27,430.9700012207031,430.9700012207031,421.8099975585938,424.9700012207031,864.0,0.0,0.0,
2023-07-28,424.9700012207031,425.2900085449219,422.010009765625,425.0599975585938,377.0,0.0,0.0,
2023-07-31,429.9800109863281,429.9800109863281,420.8099975585938,425.7300109863281,3108.0,0.0,0.0,
2023-08-01,434.4400024414062,434.4400024414062,425.7300109863281,428.2999877929688,689.0,0.0,0.0,
2023-08-02,433.4800109863281,433.4800109863281,424.9599914550781,426.2000122070312,1002.0,0.0,0.0,
2023-08-03,426.2000122070312,426.4200134277344,423.0,424.9100036621094,488.0,0.0,0.0,
2023-08-04,433.4100036621094,433.4100036621094,420.6600036621094,429.0899963378906,1238.0,0.0,0.0,
2023-08-07,434.4500122070312,434.4500122070312,428.0299987792969,431.010009765625,1041.0,0.0,0.0,
2023-08-08,435.4700012207031,435.4700012207031,430.0299987792969,431.2699890136719,505.0,0.0,0.0,
2023-08-09,434.9400024414062,434.9400024414062,428.2699890136719,432.739990234375,787.0,0.0,0.0,
2023-08-10,432.739990234375,432.739990234375,430.0199890136719,430.9400024414062,649.0,0.0,0.0,
2023-08-11,424.7000122070312,432.3599853515625,424.7000122070312,428.8200073242188,438.0,0.0,0.0,
2023-08-14,432.3599853515625,432.3599853515625,421.9599914550781,428.3200073242188,6192.0,0.0,0.0,
2023-08-16,428.3200073242188,431.989990234375,421.1199951171875,431.0299987792969,1224.0,0.0,0.0,
2023-08-17,430.6799926757812,430.7699890136719,427.0,430.25,563.0,0.0,0.0,
2023-08-18,434.0,434.0,425.760009765625,427.4299926757812,786.0,0.0,0.0,
2023-08-21,431.9800109863281,431.9800109863281,428.0,430.2200012207031,436.0,0.0,0.0,
2023-08-22,434.4800109863281,434.4800109863281,421.1099853515625,429.989990234375,2703.0,0.0,0.0,
2023-08-23,430.5,431.8500061035156,429.9200134277344,430.9599914550781,402.0,0.0,0.0,
2023-08-24,435.9800109863281,435.9800109863281,429.4299926757812,430.3299865722656,305.0,0.0,0.0,
2023-08-25,429.4299926757812,430.2000122070312,426.2999877929688,428.7699890136719,458.0,0.0,0.0,
2023-08-28,432.9800109863281,432.9800109863281,422.6600036621094,427.4599914550781,517.0,0.0,0.0,
2023-08-29,432.9800109863281,432.9800109863281,427.6300048828125,429.0899963378906,795.0,0.0,0.0,
2023-08-30,433.9700012207031,433.9700012207031,429.1000061035156,430.3999938964844,1400.0,0.0,0.0,
2023-08-31,430.3900146484375,432.3900146484375,427.8800048828125,429.3200073242188,532.0,0.0,0.0,
2023-09-01,433.9700012207031,433.9700012207031,430.0,431.989990234375,1506.0,0.0,0.0,
2023-09-04,434.1400146484375,439.2200012207031,430.010009765625,438.0199890136719,2975.0,0.0,0.0,
2023-09-05,438.0199890136719,441.2099914550781,430.0499877929688,440.8099975585938,2440.0,0.0,0.0,
2023-09-06,440.8099975585938,441.0799865722656,437.9599914550781,440.2300109863281,1959.0,0.0,0.0,
2023-09-07,444.9700012207031,444.9700012207031,433.510009765625,441.1300048828125,1070.0,0.0,0.0,
2023-09-08,445.9800109863281,445.9800109863281,440.6700134277344,441.2300109863281,2483.0,0.0,0.0,
2023-09-11,444.989990234375,445.5400085449219,442.010009765625,445.1700134277344,3914.0,0.0,0.0,
2023-09-12,449.9700012207031,449.9700012207031,443.0899963378906,446.4800109863281,1513.0,0.0,0.0,
2023-09-13,450.9700012207031,450.9700012207031,439.5599975585938,447.8399963378906,1137.0,0.0,0.0,
2023-09-14,452.9800109863281,452.9800109863281,448.3399963378906,449.9500122070312,462.0,0.0,0.0,
2023-09-15,454.9700012207031,454.9800109863281,449.3500061035156,451.25,813.0,0.0,0.0,
2023-09-18,455.9800109863281,458.3999938964844,445.9599914550781,450.7000122070312,1020.0,0.0,0.0,
2023-09-20,450.6900024414062,450.8999938964844,446.8500061035156,448.3999938964844,6235.0,0.0,0.0,
2023-09-21,446.0700073242188,448.1499938964844,444.0,446.2999877929688,1844.0,0.0,0.0,
2023-09-22,446.2999877929688,448.760009765625,443.010009765625,446.5199890136719,1010.0,0.0,0.0,
2023-09-25,450.9800109863281,450.9800109863281,443.010009765625,443.8099975585938,3434.0,0.0,0.0,
2023-09-26,448.3900146484375,448.3900146484375,442.4400024414062,444.6900024414062,6195.0,0.0,0.0,
2023-09-27,444.2999877929688,446.2799987792969,441.9599914550781,446.260009765625,227.0,0.0,0.0,
2023-09-28,445.2999877929688,450.9800109863281,437.6000061035156,437.9700012207031,1185.0,0.0,0.0,
2023-09-29,439.010009765625,441.8999938964844,435.2999877929688,440.2699890136719,1551.0,0.0,0.0,
2023-10-03,445.9800109863281,445.9800109863281,434.3200073242188,435.8299865722656,3410.0,0.0,0.0,
2023-10-04,441.9800109863281,441.9800109863281,432.8500061035156,437.9800109863281,3162.0,0.0,0.0,
2023-10-05,441.9800109863281,450.0,432.8500061035156,440.6099853515625,1184.0,0.0,0.0,
2023-10-06,441.0,443.2799987792969,440.6300048828125,441.0700073242188,841.0,0.0,0.0,
2023-10-09,433.0899963378906,445.9700012207031,433.0899963378906,440.5700073242188,849.0,0.0,0.0,
2023-10-10,434.5599975585938,445.0,434.5599975585938,444.989990234375,1836.0,0.0,0.0,
2023-10-11,449.9800109863281,449.9800109863281,445.260009765625,445.3900146484375,860.0,0.0,0.0,
2023-10-12,465.4400024414062,465.4400024414062,440.9599914550781,441.9700012207031,15968.0,0.0,0.0,
2023-10-13,441.260009765625,455.0,440.0,442.2999877929688,562.0,0.0,0.0,
2023-10-16,448.3999938964844,448.3999938964844,439.3099975585938,440.1099853515625,464.0,0.0,0.0,
2023-10-17,441.3099975585938,443.3699951171875,441.239990234375,442.3299865722656,916.0,0.0,0.0,
2023-10-18,443.3999938964844,443.3999938964844,439.3200073242188,440.9200134277344,1788.0,0.0,0.0,
2023-10-19,439.1300048828125,441.510009765625,437.3099975585938,440.8599853515625,657.0,0.0,0.0,
2023-10-20,439.75,440.4200134277344,437.4299926757812,438.7200012207031,754.0,0.0,0.0,
2023-10-23,443.9800109863281,443.9800109863281,431.010009765625,434.1000061035156,3947.0,0.0,0.0,
2023-10-25,435.2900085449219,437.0,428.2699890136719,429.1700134277344,967.0,0.0,0.0,
2023-10-26,429.1700134277344,429.1700134277344,422.8500061035156,423.7999877929688,1737.0,0.0,0.0,
2023-10-27,428.9800109863281,428.9800109863281,423.7999877929688,426.4200134277344,5051.0,0.0,0.0,
2023-10-30,434.9500122070312,450.0,426.3999938964844,448.4299926757812,625.0,0.0,0.0,
2023-10-31,437.7000122070312,437.7000122070312,425.3500061035156,429.0199890136719,6364.0,0.0,0.0,
2023-11-01,429.0199890136719,433.9700012207031,422.5499877929688,424.2300109863281,3678.0,0.0,0.0,
2023-11-02,426.6900024414062,428.489990234375,425.9400024414062,427.7799987792969,260.0,0.0,0.0,
2023-11-03,421.0599975585938,434.9800109863281,421.0599975585938,430.3800048828125,575.0,0.0,0.0,
2023-11-06,439.0,439.0,430.8500061035156,433.6300048828125,8514.0,0.0,0.0,
2023-11-07,433.989990234375,435.3500061035156,432.760009765625,435.1499938964844,611.0,0.0,0.0,
2023-11-08,435.989990234375,435.989990234375,434.3500061035156,435.5799865722656,1112.0,0.0,0.0,
2023-11-09,434.2999877929688,435.5899963378906,432.3699951171875,432.8699951171875,521.0,0.0,0.0,
2023-11-10,433.010009765625,433.0700073242188,431.0,432.0,644.0,0.0,0.0,
2023-11-13,441.1000061035156,441.1000061035156,431.8599853515625,432.8299865722656,982.0,0.0,0.0,
2023-11-15,439.9800109863281,440.6499938964844,436.1600036621094,439.0199890136719,1892.0,0.0,0.0,
2023-11-16,439.8500061035156,447.2300109863281,439.8500061035156,445.8999938964844,3572.0,0.0,0.0,
2023-11-17,454.8200073242188,454.8200073242188,445.3900146484375,447.8800048828125,4888.0,0.0,0.0,
2023-11-20,461.2999877929688,461.2999877929688,445.989990234375,446.0799865722656,1690.0,0.0,0.0,
2023-11-21,446.8299865722656,449.5299987792969,446.8200073242188,448.6799926757812,1727.0,0.0,0.0,
2023-11-22,449.0,450.0,446.9500122070312,449.1499938964844,1261.0,0.0,0.0,
2023-11-23,448.9599914550781,450.6499938964844,447.0499877929688,448.260009765625,706.0,0.0,0.0,
2023-11-24,452.9700012207031,452.9700012207031,444.5499877929688,446.0799865722656,1183.0,0.0,0.0,
2023-11-28,500.0,500.0,444.010009765625,448.3200073242188,474.0,0.0,0.0,
2023-11-29,445.0,452.0,442.1000061035156,451.6300048828125,6468.0,0.0,0.0,
2023-11-30,456.4800109863281,456.4800109863281,451.2000122070312,453.8599853515625,776.0,0.0,0.0,
2023-12-01,453.8699951171875,454.989990234375,453.2300109863281,453.9700012207031,5508.0,0.0,0.0,
2023-12-04,463.0499877929688,463.0499877929688,455.0299987792969,458.8299865722656,3102.0,0.0,0.0,
2023-12-05,462.0,468.010009765625,456.5499877929688,459.9500122070312,1848.0,0.0,0.0,
2023-12-06,468.0,468.0,462.0899963378906,464.3900146484375,1753.0,0.0,0.0,
2023-12-07,463.7099914550781,464.3399963378906,461.9599914550781,462.2000122070312,4710.0,0.0,0.0,
2023-12-08,466.9700012207031,466.9700012207031,461.3099975585938,464.0499877929688,6913.0,0.0,0.0,
2023-12-11,468.9700012207031,468.9700012207031,463.5,464.4500122070312,3871.0,0.0,0.0,
2023-12-12,469.8900146484375,469.8900146484375,456.6000061035156,465.25,4550.0,0.0,0.0,
2023-12-13,470.1000061035156,470.9800109863281,458.7000122070312,462.2900085449219,1119.0,0.0,0.0,
2023-12-14,471.5400085449219,471.5400085449219,466.8800048828125,468.9500122070312,1214.0,0.0,0.0,
2023-12-15,459.5,484.6499938964844,459.5,482.8800048828125,2253.0,0.0,0.0,
2023-12-18,486.9700012207031,486.9800109863281,481.7699890136719,481.9400024414062,5152.0,0.0,0.0,
2023-12-19,481.5,483.1000061035156,479.010009765625,481.3900146484375,2421.0,0.0,0.0,
2023-12-20,487.8999938964844,487.8999938964844,430.0199890136719,469.2300109863281,3672.0,0.0,0.0,
2023-12-21,472.239990234375,477.1099853515625,472.239990234375,474.5499877929688,5348.0,0.0,0.0,
2023-12-22,479.9800109863281,487.0700073242188,476.0,482.9100036621094,712.0,0.0,0.0,
2023-12-26,482.5,486.8999938964844,479.0499877929688,483.6600036621094,1679.0,0.0,0.0,
2023-12-27,485.6099853515625,487.739990234375,484.510009765625,487.5899963378906,747.0,0.0,0.0,
2023-12-28,487.7799987792969,489.6700134277344,486.7300109863281,489.5499877929688,946.0,0.0,0.0,
2023-12-29,493.5499877929688,493.5499877929688,487.6099853515625,490.0599975585938,3407.0,0.0,0.0,
2024-01-01,499.8599853515625,499.8599853515625,483.5599975585938,491.9200134277344,1819.0,0.0,0.0,
2024-01-02,497.9700012207031,497.9800109863281,482.0,487.4299926757812,1660.0,0.0,0.0,
2024-01-03,487.8999938964844,487.8999938964844,480.0199890136719,481.5799865722656,2857.0,0.0,0.0,
2024-01-04,483.7099914550781,483.8099975585938,480.8999938964844,482.9500122070312,965.0,0.0,0.0,
2024-01-05,487.9700012207031,487.9700012207031,484.1199951171875,484.6499938964844,792.0,0.0,0.0,
2024-01-08,489.6499938964844,489.6499938964844,480.0199890136719,480.5599975585938,1552.0,0.0,0.0,
2024-01-09,484.6000061035156,485.5899963378906,480.5700073242188,481.9299926757812,2178.0,0.0,0.0,
2024-01-10,476.25,486.1000061035156,476.25,483.6900024414062,2407.0,0.0,0.0,
2024-01-11,488.2999877929688,488.2999877929688,481.3099975585938,481.8200073242188,2154.0,0.0,0.0,
2024-01-12,486.9700012207031,496.3800048828125,485.0,494.5199890136719,1945.0,0.0,0.0,
2024-01-15,499.6000061035156,506.0,499.6000061035156,502.0299987792969,4692.0,0.0,0.0,
2024-01-16,506.9700012207031,519.7000122070312,497.8900146484375,499.5599975585938,1850.0,0.0,0.0,
2024-01-17,498.2699890136719,502.8200073242188,497.0,498.6300048828125,926.0,0.0,0.0,
2024-01-18,506.1000061035156,520.0,489.9100036621094,496.7900085449219,1887.0,0.0,0.0,
2024-01-19,501.3500061035156,502.9299926757812,496.9700012207031,501.9200134277344,1710.0,0.0,0.0,
2024-01-23,504.9700012207031,504.9700012207031,490.0,490.8599853515625,1290.0,0.0,0.0,
2024-01-24,494.7999877929688,498.8900146484375,490.8900146484375,496.3800048828125,1021.0,0.0,0.0,
2024-01-25,501.9800109863281,501.9800109863281,492.0,492.75,723.0,0.0,0.0,
2024-01-29,499.7999877929688,499.7999877929688,494.010009765625,498.4599914550781,1215.0,0.0,0.0,
2024-01-30,513.4000244140625,513.4000244140625,495.1700134277344,495.9800109863281,1414.0,0.0,0.0,
2024-01-31,504.9800109863281,505.8999938964844,495.2300109863281,499.2000122070312,816.0,0.0,0.0,
2024-02-01,504.9800109863281,504.9800109863281,495.0,498.0499877929688,935.0,0.0,0.0,
2024-02-02,507.1000061035156,508.0,498.0400085449219,505.5700073242188,2034.0,0.0,0.0,
2024-02-05,510.0899963378906,510.8500061035156,500.6900024414062,506.0700073242188,2534.0,0.0,0.0,
2024-02-06,516.0999755859375,516.2000122070312,505.2999877929688,514.6500244140625,2459.0,0.0,0.0,
2024-02-07,505.1000061035156,524.0999755859375,505.1000061035156,513.2100219726562,2862.0,0.0,0.0,
2024-02-08,518.97998046875,518.97998046875,510.0,512.0599975585938,1933.0,0.0,0.0,
2024-02-09,522.0999755859375,522.0999755859375,506.0,510.260009765625,1302.0,0.0,0.0,
2024-02-12,515.0,515.0,502.6600036621094,509.8599853515625,3911.0,0.0,0.0,
2024-02-13,514.97998046875,514.97998046875,507.010009765625,512.6599731445312,1393.0,0.0,0.0,
2024-02-14,512.0999755859375,515.0,505.010009765625,511.0799865722656,1464.0,0.0,0.0,
2024-02-15,516.97998046875,516.97998046875,509.010009765625,513.6199951171875,2103.0,0.0,0.0,
2024-02-16,519.97998046875,519.97998046875,506.6600036621094,517.8099975585938,871.0,0.0,0.0,
2024-02-19,523.47998046875,535.7000122070312,514.4600219726562,518.3300170898438,4966.0,0.0,0.0,
2024-02-20,523.469970703125,523.47998046875,511.5799865722656,514.27001953125,1725.0,0.0,0.0,
2024-02-22,520.47998046875,516.97998046875,507.3099975585938,509.8699951171875,581.0,0.0,0.0,
2024-02-21,520.47998046875,520.47998046875,502.3200073242188,510.9700012207031,1247.0,0.0,0.0,
2024-02-23,523.469970703125,523.47998046875,513.9099731445312,514.6199951171875,1572.0,0.0,0.0,
2024-02-26,519.280029296875,519.97998046875,509.0,511.3599853515625,2292.0,0.0,0.0,
2024-02-27,511.010009765625,519.3499755859375,502.6700134277344,512.219970703125,2485.0,0.0,0.0,
2024-02-28,517.9600219726562,517.969970703125,509.75,510.7300109863281,1162.0,0.0,0.0,
2024-02-29,515.97998046875,515.97998046875,505.9400024414063,511.2999877929688,1005.0,0.0,0.0,
2024-03-01,526.6500244140625,526.6500244140625,510.6000061035156,512.219970703125,1546.0,0.0,0.0,
2024-03-04,517.97998046875,517.97998046875,503.1600036621094,511.1600036621094,2264.0,0.0,0.0,
2024-03-05,516.97998046875,516.97998046875,506.0400085449219,507.7200012207031,4487.0,0.0,0.0,
2024-03-06,508.0,511.9599914550781,500.8999938964844,508.7300109863281,2107.0,0.0,0.0,
2024-03-07,524.0,524.0,501.75,510.1799926757813,2588.0,0.0,0.0,
2024-03-11,515.969970703125,515.969970703125,501.0,510.1799926757813,1166.0,0.0,0.0,
2024-03-12,515.969970703125,516.969970703125,502.6600036621094,508.8900146484375,1387.0,0.0,0.0,
2024-03-13,508.8900146484375,508.8900146484375,497.6700134277344,498.8900146484375,6028.0,0.0,0.0,
2024-03-14,503.7300109863281,510.7699890136719,498.0,510.2000122070313,2260.0,0.0,0.0,
2024-03-15,510.1900024414063,510.1900024414063,502.5,506.9800109863281,1673.0,0.0,0.0,
2024-03-18,516.9000244140625,516.9000244140625,502.6700134277344,504.0899963378906,1164.0,0.0,0.0,
2024-03-19,519.2000122070312,519.2000122070312,492.0,492.6400146484375,3034.0,0.0,0.0,
2024-03-20,493.0,494.0,489.989990234375,491.1400146484375,1896.0,0.0,0.0,
2024-03-21,497.9700012207031,497.9800109863281,492.0,494.1199951171875,639.0,0.0,0.0,
2024-03-22,490.0,497.3200073242188,485.05999755859375,491.6000061035156,2214.0,0.0,0.0,
2024-03-26,506.3500061035156,506.3500061035156,485.0199890136719,486.55999755859375,4016.0,0.0,0.0,
2024-03-27,491.8699951171875,491.9700012207031,484.1099853515625,485.05999755859375,1318.0,0.0,0.0,
2024-03-28,485.1099853515625,493.6400146484375,481.1000061035156,491.2999877929688,1963.0,0.0,0.0,
2024-04-01,506.0499877929688,506.0499877929688,493.6000061035156,494.739990234375,1847.0,0.0,0.0,
2024-04-02,494.739990234375,499.9700012207031,491.6600036621094,494.05999755859375,1412.0,0.0,0.0,
2024-04-03,494.8500061035156,495.8999938964844,491.6799926757813,492.5400085449219,2235.0,0.0,0.0,
2024-04-04,507.2999877929688,507.2999877929688,490.5,495.6799926757813,12215.0,0.0,0.0,
2024-04-05,499.8599853515625,499.8599853515625,486.010009765625,490.4599914550781,9247.0,0.0,0.0,
2024-04-08,505.1499938964844,505.1499938964844,490.4700012207031,493.9700012207031,2299.0,0.0,0.0,
2024-04-09,498.6000061035156,498.6000061035156,492.6400146484375,493.7900085449219,1312.0,0.0,0.0,
2024-04-10,492.6799926757813,496.5199890136719,492.489990234375,495.010009765625,1387.0,0.0,0.0,
2024-04-12,499.9800109863281,499.9800109863281,491.0299987792969,492.1700134277344,2457.0,0.0,0.0,
2024-04-15,489.7000122070313,497.2799987792969,481.9700012207031,486.5199890136719,5119.0,0.0,0.0,
2024-04-16,486.0,486.989990234375,480.0,480.6499938964844,4837.0,0.0,0.0,
2024-04-18,485.9500122070313,485.9700012207031,475.010009765625,476.5499877929688,3574.0,0.0,0.0,
2024-04-19,474.9800109863281,477.8500061035156,470.7000122070313,475.2999877929688,1887.0,0.0,0.0,
2024-04-22,485.1900024414063,485.2900085449219,476.010009765625,481.2799987792969,1587.0,0.0,0.0,
2024-04-23,489.989990234375,489.989990234375,481.2799987792969,482.3999938964844,1365.0,0.0,0.0,
2024-04-24,489.989990234375,489.989990234375,481.0499877929688,481.5799865722656,1339.0,0.0,0.0,
2024-04-25,481.0,486.1000061035156,480.5799865722656,484.6300048828125,987.0,0.0,0.0,
2024-04-26,486.989990234375,490.1000061035156,476.0,483.3800048828125,5418.0,0.0,0.0,
2024-04-29,492.30999755859375,492.3500061035156,482.4599914550781,484.5,1560.0,0.0,0.0,
2024-04-30,488.9800109863281,488.989990234375,480.80999755859375,481.7000122070313,1458.0,0.0,0.0,
2024-05-02,488.7699890136719,491.1900024414063,481.1499938964844,482.8399963378906,3216.0,0.0,0.0,
2024-05-03,487.9500122070313,490.0,478.7900085449219,482.8900146484375,4030.0,0.0,0.0,
2024-05-06,488.9700012207031,488.9700012207031,480.0,483.3500061035156,2145.0,0.0,0.0,
2024-05-07,485.989990234375,488.4700012207031,482.010009765625,486.1900024414063,1502.0,0.0,0.0,
2024-05-08,486.1900024414063,486.1900024414063,481.760009765625,485.0499877929688,1167.0,0.0,0.0,
2024-05-09,485.0,486.0,478.0,479.8699951171875,2553.0,0.0,0.0,
2024-05-10,484.989990234375,484.989990234375,479.0,479.7200012207031,1769.0,0.0,0.0,
2024-05-13,478.010009765625,486.0,475.1799926757813,483.0499877929688,3590.0,0.0,0.0,
2024-05-14,486.9800109863281,486.989990234375,480.1099853515625,482.1099853515625,1412.0,0.0,0.0,
2024-05-15,481.010009765625,484.8399963378906,481.010009765625,482.510009765625,509.0,0.0,0.0,
2024-05-16,480.010009765625,488.3200073242188,480.010009765625,487.4299926757813,1302.0,0.0,0.0,
2024-05-17,489.989990234375,489.989990234375,484.3900146484375,485.6600036621094,1330.0,0.0,0.0,
2024-05-18,490.0,491.9500122070313,479.6700134277344,484.3800048828125,165.0,0.0,0.0,
2024-05-21,487.0400085449219,488.989990234375,480.7000122070313,487.1400146484375,2583.0,0.0,0.0,
2024-05-22,493.9500122070313,493.9599914550781,487.1400146484375,490.7099914550781,1635.0,0.0,0.0,
2024-05-23,495.4700012207031,498.0,492.0899963378906,497.2099914550781,3969.0,0.0,0.0,
2024-05-24,502.9599914550781,502.9599914550781,490.1700134277344,495.7200012207031,1656.0,0.0,0.0,
2024-05-27,499.9700012207031,499.9800109863281,494.0,495.8999938964844,3903.0,0.0,0.0,
2024-05-28,498.9299926757813,498.9299926757813,493.7200012207031,495.7799987792969,3564.0,0.0,0.0,
2024-05-29,498.9700012207031,498.9800109863281,490.0,492.5899963378906,3373.0,0.0,0.0,
2024-05-30,493.010009765625,497.9700012207031,480.2000122070313,486.80999755859375,4308.0,0.0,0.0,
2024-05-31,494.489990234375,494.489990234375,480.010009765625,482.80999755859375,1604.0,0.0,0.0,
2024-06-03,489.0,498.0,485.0,487.3500061035156,4527.0,0.0,0.0,
2024-06-04,491.75,498.0,476.0,488.6900024414063,8905.0,0.0,0.0,
2024-06-05,495.2699890136719,497.989990234375,481.9500122070313,496.2999877929688,2981.0,0.0,0.0,
2024-06-06,500.4500122070313,502.9700012207031,486.760009765625,497.6300048828125,2451.0,0.0,0.0,
2024-06-07,498.989990234375,510.0,497.6600036621094,508.9299926757813,13599.0,0.0,0.0,
2024-06-10,513.969970703125,513.969970703125,505.6300048828125,507.2900085449219,10067.0,0.0,0.0,
2024-06-11,511.9400024414063,511.9400024414063,506.9500122070313,507.8500061035156,4177.0,0.0,0.0,
2024-06-12,512.969970703125,512.969970703125,508.010009765625,509.4400024414063,1624.0,0.0,0.0,
2024-06-13,514.8900146484375,514.969970703125,508.6199951171875,511.2799987792969,4483.0,0.0,0.0,
2024-06-14,507.0,515.1699829101562,507.0,509.30999755859375,2342.0,0.0,0.0,
2024-06-18,514.97998046875,514.97998046875,505.0,509.010009765625,4318.0,0.0,0.0,
2024-06-19,515.469970703125,515.469970703125,506.3299865722656,508.3299865722656,1634.0,0.0,0.0,
2024-06-20,511.0299987792969,513.97998046875,505.1799926757813,508.510009765625,1294.0,0.0,0.0,
2024-06-21,511.989990234375,513.3300170898438,506.3200073242188,507.4400024414063,6394.0,0.0,0.0,
2024-06-24,514.4000244140625,517.0,501.1700134277344,508.7099914550781,3332.0,0.0,0.0,
2024-06-25,512.75,512.75,506.4100036621094,508.25,2438.0,0.0,0.0,
2024-06-26,512.5800170898438,512.5800170898438,505.2300109863281,510.4599914550781,1710.0,0.0,0.0,
2024-06-27,512.0,517.97998046875,506.9100036621094,516.2100219726562,13375.0,0.0,0.0,
2024-06-28,520.4000244140625,521.969970703125,513.6300048828125,518.5399780273438,2882.0,0.0,0.0,
2024-07-01,521.1799926757812,525.5499877929688,513.9000244140625,524.6799926757812,3182.0,0.0,0.0,
2024-07-02,527.5,529.6400146484375,522.030029296875,527.989990234375,3062.0,0.0,0.0,
2024-07-03,531.3300170898438,533.969970703125,525.0900268554688,527.7000122070312,1964.0,0.0,0.0,
2024-07-04,531.9500122070312,534.489990234375,528.010009765625,532.9000244140625,2571.0,0.0,0.0,
2024-07-05,535.9600219726562,535.9600219726562,531.5800170898438,533.8099975585938,2611.0,0.0,0.0,
2024-07-08,543.1400146484375,543.1500244140625,533.0,536.5,2473.0,0.0,0.0,
2024-07-09,539.1599731445312,541.969970703125,534.510009765625,536.7100219726562,3081.0,0.0,0.0,
2024-07-10,552.7999877929688,552.7999877929688,531.0,535.5399780273438,3193.0,0.0,0.0,
2024-07-11,539.5,539.5,534.6400146484375,535.97998046875,2803.0,0.0,0.0,
2024-07-12,537.1400146484375,551.8699951171875,529.280029296875,548.0700073242188,11911.0,0.0,0.0,
2024-07-15,549.6599731445312,554.0499877929688,545.8300170898438,551.1599731445312,2932.0,0.0,0.0,
2024-07-16,554.2999877929688,559.989990234375,551.010009765625,554.3099975585938,3214.0,0.0,0.0,
2024-07-18,554.219970703125,563.0,552.010009765625,561.510009765625,12943.0,0.0,0.0,
2024-07-19,561.510009765625,570.3900146484375,558.4000244140625,560.0399780273438,6467.0,0.0,0.0,
2024-07-22,560.3699951171875,563.9299926757812,554.6900024414062,560.4000244140625,4007.0,0.0,0.0,
2024-07-23,564.0399780273438,565.9400024414062,550.8200073242188,561.9199829101562,10234.0,0.0,0.0,
2024-07-24,565.9500122070312,566.9600219726562,560.0599975585938,564.0399780273438,6535.0,0.0,0.0,
2024-07-25,580.9500122070312,580.9500122070312,559.3300170898438,563.9000244140625,2776.0,0.0,0.0,
2024-07-26,569.0800170898438,576.0599975585938,562.27001953125,574.52001953125,3008.0,0.0,0.0,
2024-07-29,591.75,591.75,571.8900146484375,575.0700073242188,4447.0,0.0,0.0,
2024-07-30,580.02001953125,586.6900024414062,571.0700073242188,574.3900146484375,8701.0,0.0,0.0,
2024-07-31,574.3599853515625,578.3300170898438,572.510009765625,577.5999755859375,2476.0,0.0,0.0,
2024-08-01,580.77001953125,583.469970703125,576.3800048828125,580.719970703125,5272.0,0.0,0.0,
2024-08-02,578.010009765625,582.3200073242188,570.0,571.6400146484375,11847.0,0.0,0.0,
2024-08-05,567.6500244140625,578.989990234375,559.0,571.8900146484375,7421.0,0.0,0.0,
2024-08-06,569.9299926757812,572.8099975585938,560.0,563.02001953125,7840.0,0.0,0.0,
2024-08-07,570.8200073242188,573.3400268554688,568.2899780273438,569.72998046875,6179.0,0.0,0.0,
2024-08-08,572.969970703125,574.2000122070312,560.0,564.260009765625,3319.0,0.0,0.0,
2024-08-09,571.530029296875,573.969970703125,560.030029296875,569.3400268554688,14964.0,0.0,0.0,
2024-08-12,575.0,575.0,565.6799926757812,568.52001953125,3479.0,0.0,0.0,
2024-08-13,570.969970703125,572.9000244140625,566.6300048828125,567.8800048828125,2571.0,0.0,0.0,
2024-08-14,572.3099975585938,572.3099975585938,564.510009765625,567.4600219726562,2033.0,0.0,0.0,
2024-08-16,572.989990234375,578.8400268554688,569.219970703125,576.2899780273438,3074.0,0.0,0.0,
2024-08-19,582.3900146484375,582.3900146484375,575.9000244140625,580.6799926757812,3971.0,0.0,0.0,
2024-08-20,580.239990234375,586.6300048828125,578.4000244140625,584.75,2546.0,0.0,0.0,
2024-08-21,586.6300048828125,590.4500122070312,584.0,586.7000122070312,5692.0,0.0,0.0,
2024-08-22,569.0999755859375,591.9500122070312,569.0999755859375,587.4099731445312,5504.0,0.0,0.0,
2024-08-23,590.7000122070312,590.7000122070312,585.010009765625,586.3200073242188,3573.0,0.0,0.0,
2024-08-26,590.6699829101562,592.6099853515625,586.010009765625,590.1400146484375,6010.0,0.0,0.0,
2024-08-27,595.9500122070312,595.9500122070312,586.6900024414062,589.4600219726562,3034.0,0.0,0.0,
2024-08-28,591.6199951171875,593.4199829101562,582.0,588.6799926757812,8526.0,0.0,0.0,
2024-08-29,588.6799926757812,593.9000244140625,586.010009765625,590.8599853515625,2699.0,0.0,0.0,
2024-08-30,595.9099731445312,597.0399780273438,586.6300048828125,595.52001953125,5071.0,0.0,0.0,
2024-09-02,599.5800170898438,605.0999755859375,594.6799926757812,595.8200073242188,5450.0,0.0,0.0,
2024-09-03,596.0499877929688,600.6099853515625,593.8800048828125,595.0700073242188,3207.0,0.0,0.0,
2024-09-04,592.6900024414062,604.4000244140625,590.0,594.8599853515625,5311.0,0.0,0.0,
2024-09-05,598.8300170898438,600.9000244140625,592.0999755859375,593.1199951171875,3056.0,0.0,0.0,
2024-09-06,594.0,595.9099731445312,589.260009765625,590.5999755859375,4365.0,0.0,0.0,
2024-09-09,592.1500244140625,595.9500122070312,585.8300170898438,590.5700073242188,8867.0,0.0,0.0,
2024-09-10,595.260009765625,597.6799926757812,590.0999755859375,594.6599731445312,2424.0,0.0,0.0,
2024-09-11,594.6699829101562,598.0,590.4500122070312,592.989990234375,3217.0,0.0,0.0,
2024-09-12,598.2000122070312,602.010009765625,591.3599853515625,599.6599731445312,4213.0,0.0,0.0,
2024-09-13,599.6500244140625,602.1099853515625,593.0700073242188,598.6900024414062,4133.0,0.0,0.0,
2024-09-16,600.97998046875,604.0,596.75,599.3400268554688,3459.0,0.0,0.0,
2024-09-17,599.3400268554688,610.6900024414062,596.5800170898438,598.4500122070312,7207.0,0.0,0.0,
2024-09-18,603.5999755859375,603.5999755859375,588.0,590.1099853515625,11834.0,0.0,0.0,
2024-09-19,594.969970703125,595.9600219726562,585.2100219726562,588.5700073242188,6060.0,0.0,0.0,
2024-09-20,594.8300170898438,594.8300170898438,588.5700073242188,591.4000244140625,4151.0,0.0,0.0,
2024-09-23,597.4500122070312,598.1699829101562,589.6900024414062,596.6300048828125,4579.0,0.0,0.0,
2024-09-24,599.760009765625,599.760009765625,591.3800048828125,596.489990234375,2992.0,0.0,0.0,
2024-09-25,598.7000122070312,598.7000122070312,590.47998046875,595.5499877929688,4437.0,0.0,0.0,
2024-09-26,597.9299926757812,600.0,593.77001953125,597.72998046875,3095.0,0.0,0.0,
2024-09-27,597.6900024414062,604.3499755859375,597.0999755859375,602.530029296875,9178.0,0.0,0.0,
2024-09-30,610.6900024414062,617.7000122070312,590.4299926757812,597.0,12060.0,0.0,0.0,
2024-10-01,597.0,600.3699951171875,593.5700073242188,596.3499755859375,6428.0,0.0,0.0,
2024-10-03,594.7100219726562,598.3499755859375,585.2000122070312,589.8099975585938,10218.0,0.0,0.0,
2024-10-04,593.969970703125,593.97998046875,580.0,584.0499877929688,9006.0,0.0,0.0,
2024-10-07,588.0700073242188,592.6400146484375,575.6099853515625,582.3499755859375,8804.0,0.0,0.0,
2024-10-08,582.4400024414062,586.2999877929688,576.8200073242188,585.77001953125,3675.0,0.0,0.0,
2024-10-09,588.719970703125,599.0,580.0,584.0399780273438,11802.0,0.0,0.0,
2024-10-10,601.5499877929688,601.5499877929688,578.02001953125,580.4600219726562,5091.0,0.0,0.0,
2024-10-11,580.5,586.6799926757812,575.3300170898438,582.1300048828125,2614.0,0.0,0.0,
2024-10-14,584.8200073242188,587.9500122070312,580.0599975585938,582.4099731445312,2569.0,0.0,0.0,
2024-10-15,582.7100219726562,587.260009765625,580.0399780273438,581.3800048828125,3695.0,0.0,0.0,
2024-10-16,583.8200073242188,583.8200073242188,575.02001953125,578.9299926757812,3656.0,0.0,0.0,
2024-10-17,578.9299926757812,593.7000122070312,573.0,583.8300170898438,5527.0,0.0,0.0,
2024-10-18,576.5399780273438,587.5,568.0999755859375,579.030029296875,7022.0,0.0,0.0,
2024-10-21,577.6900024414062,581.72998046875,560.0,567.0999755859375,7695.0,0.0,0.0,
2024-10-22,567.1099853515625,572.4600219726562,558.4000244140625,560.8499755859375,5174.0,0.0,0.0,
2024-10-23,560.8499755859375,566.7000122070312,558.7999877929688,559.9199829101562,5832.0,0.0,0.0,
2024-10-24,563.3099975585938,563.3300170898438,556.0,557.1900024414062,3893.0,0.0,0.0,
2024-10-25,557.1900024414062,562.8900146484375,552.3499755859375,554.47998046875,5108.0,0.0,0.0,
2024-10-28,554.469970703125,567.9500122070312,550.010009765625,556.4099731445312,9913.0,0.0,0.0,
2024-10-29,561.6199951171875,561.8499755859375,548.719970703125,555.010009765625,5383.0,0.0,0.0,
2024-10-30,555.010009765625,564.9099731445312,551.7000122070312,553.8099975585938,4203.0,0.0,0.0,
2024-10-31,558.1400146484375,559.9000244140625,532.6199951171875,546.4099731445312,4998.0,0.0,0.0,
2024-11-01,546.4099731445312,546.4099731445312,546.4099731445312,546.4099731445312,0.0,0.0,0.0,
2024-11-04,550.02001953125,560.6799926757812,539.0,544.6599731445312,11642.0,0.0,0.0,
2024-11-05,546.3499755859375,559.4400024414062,542.1799926757812,546.77001953125,7156.0,0.0,0.0,
2024-11-06,551.7000122070312,556.1799926757812,546.3099975585938,554.9600219726562,9369.0,0.0,0.0,
2024-11-07,554.0399780273438,561.9600219726562,548.0,549.0700073242188,5614.0,0.0,0.0,
2024-11-08,551.9600219726562,551.9600219726562,546.4099731445312,548.4400024414062,2812.0,0.0,0.0,
2024-11-11,547.8499755859375,550.1599731445312,541.6500244140625,545.52001953125,19237.0,0.0,0.0,
2024-11-12,545.8900146484375,559.4600219726562,538.0,541.25,4944.0,0.0,0.0,
2024-11-13,541.280029296875,549.0,533.0,536.0999755859375,7810.0,0.0,0.0,
2024-11-14,539.5999755859375,539.6099853515625,531.0,531.989990234375,5300.0,0.0,0.0,
2024-11-18,536.4500122070312,536.4500122070312,524.3200073242188,525.969970703125,6845.0,0.0,0.0,
2024-11-19,534.97998046875,534.97998046875,518.0,528.6400146484375,5749.0,0.0,0.0,
2024-11-20,528.6400146484375,528.6400146484375,528.6400146484375,528.6400146484375,0.0,0.0,0.0,
2024-11-21,530.3800048828125,535.0,524.0,527.5,8014.0,0.0,0.0,
2024-11-22,531.5800170898438,542.27001953125,529.0,540.8599853515625,2836.0,0.0,0.0,
2024-11-25,549.2999877929688,550.1500244140625,543.2899780273438,546.739990234375,4677.0,0.0,0.0,
2024-11-26,549.5599975585938,549.5599975585938,529.02001953125,538.8699951171875,6352.0,0.0,0.0,
2024-11-27,544.469970703125,547.969970703125,541.5800170898438,544.7999877929688,2664.0,0.0,0.0,
2024-11-28,548.1599731445312,550.0,535.0,537.1699829101562,4118.0,0.0,0.0,
2024-11-29,540.260009765625,544.02001953125,537.1699829101562,542.989990234375,2762.0,0.0,0.0,
2024-12-02,545.3900146484375,546.8599853515625,537.5700073242188,546.27001953125,2881.0,0.0,0.0,
2024-12-03,551.489990234375,551.489990234375,544.5599975585938,549.1199951171875,3806.0,0.0,0.0,
2024-12-04,552.9000244140625,552.9000244140625,547.3200073242188,548.4500122070312,3491.0,0.0,0.0,
2024-12-05,551.3300170898438,557.6099853515625,545.0,554.0599975585938,5816.0,0.0,0.0,
2024-12-06,559.1099853515625,559.1099853515625,546.0,554.239990234375,2501.0,0.0,0.0,
2024-12-09,556.1300048828125,564.219970703125,547.3599853515625,549.0499877929688,6842.0,0.0,0.0,
2024-12-10,552.1400146484375,552.1400146484375,544.9299926757812,548.489990234375,4334.0,0.0,0.0,
2024-12-12,548.8800048828125,555.9000244140625,545.469970703125,546.0399780273438,3313.0,0.0,0.0,
2024-12-11,551.8900146484375,551.8900146484375,547.489990234375,549.6699829101562,1856.0,0.0,0.0,
2024-12-13,562.4000244140625,562.4000244140625,540.1099853515625,551.0800170898438,2731.0,0.0,0.0,
2024-12-16,552.8699951171875,555.1699829101562,546.010009765625,548.5499877929688,5124.0,0.0,0.0,
2024-12-17,549.6400146484375,551.0,540.0,542.0999755859375,7534.0,0.0,0.0,
2024-12-18,542.780029296875,554.7999877929688,539.0499877929688,546.6900024414062,1864.0,0.0,0.0,
2024-12-19,538.4400024414062,542.97998046875,537.0,541.3800048828125,6980.0,0.0,0.0,
2024-12-20,544.0900268554688,544.0900268554688,439.9100036621094,530.030029296875,8471.0,0.0,0.0,
2024-12-23,532.7999877929688,536.7000122070312,530.6599731445312,532.5499877929688,2938.0,0.0,0.0,
2024-12-24,531.1400146484375,537.6199951171875,530.3200073242188,533.7000122070312,1732.0,0.0,0.0,
2024-12-26,533.030029296875,536.4199829101562,528.3699951171875,535.1099853515625,2962.0,0.0,0.0,
2024-12-27,547.8800048828125,547.969970703125,532.0,536.030029296875,2427.0,0.0,0.0,
2024-12-30,533.3200073242188,540.010009765625,532.75,535.4600219726562,4665.0,0.0,0.0,
2024-12-31,543.4000244140625,543.4000244140625,530.0,534.7000122070312,3980.0,0.0,0.0,
2025-01-01,536.25,538.72998046875,532.8599853515625,536.4199829101562,2153.0,0.0,0.0,
2025-01-02,535.2100219726562,544.97998046875,535.1599731445312,543.1400146484375,5498.0,0.0,0.0,
2025-01-03,543.1400146484375,546.0700073242188,539.989990234375,542.5999755859375,3826.0,0.0,0.0,
2025-01-06,545.260009765625,547.5399780273438,533.5800170898438,536.989990234375,4435.0,0.0,0.0,
2025-01-07,540.739990234375,540.780029296875,535.0,535.5499877929688,3749.0,0.0,0.0,
2025-01-08,538.5499877929688,538.5499877929688,532.0,536.989990234375,3716.0,0.0,0.0,
2025-01-09,538.219970703125,538.5,531.9000244140625,533.469970703125,3627.0,0.0,0.0,
2025-01-10,536.1400146484375,541.0999755859375,533.5800170898438,538.1699829101562,4162.0,0.0,0.0,
2025-01-13,534.989990234375,535.9500122070312,529.0,529.9000244140625,8568.0,0.0,0.0,
2025-01-15,526.510009765625,526.510009765625,521.0999755859375,524.2899780273438,790.0,0.0,0.0,
2025-01-14,545.7999877929688,545.7999877929688,521.0900268554688,522.8099975585938,8527.0,0.0,0.0,
2025-01-16,529.8200073242188,532.27001953125,521.0,522.6099853515625,2830.0,0.0,0.0,
2025-01-17,525.2000122070312,532.0,520.5999755859375,525.3099975585938,2528.0,0.0,0.0,
2025-01-20,528.780029296875,530.0,520.5999755859375,523.9400024414062,3294.0,0.0,0.0,
2025-01-21,534.4199829101562,534.4199829101562,518.0,521.219970703125,3187.0,0.0,0.0,
2025-01-22,521.219970703125,524.1500244140625,516.72998046875,523.739990234375,2302.0,0.0,0.0,
2025-01-23,524.469970703125,527.0,520.010009765625,526.9500122070312,652.0,0.0,0.0,
2025-01-24,537.489990234375,537.489990234375,521.010009765625,523.489990234375,1897.0,0.0,0.0,
2025-01-27,520.0,527.97998046875,512.6699829101562,515.4000244140625,8373.0,0.0,0.0,
2025-01-28,515.4099731445312,515.4299926757812,509.0199890136719,510.8999938964844,2965.0,0.0,0.0,
2025-01-29,515.3800048828125,520.0,510.8699951171875,515.6400146484375,3401.0,0.0,0.0,
2025-01-30,525.9500122070312,525.9500122070312,515.1699829101562,518.8800048828125,3384.0,0.0,0.0,
2025-01-31,522.3800048828125,528.0,519.0,526.8200073242188,4252.0,0.0,0.0,
2025-02-01,529.780029296875,530.72998046875,523.0,529.3200073242188,3761.0,0.0,0.0,
2025-02-03,528.4099731445312,529.280029296875,516.25,523.6900024414062,7868.0,0.0,0.0,
2025-02-04,525.9600219726562,525.9600219726562,520.2899780273438,523.9299926757812,4702.0,0.0,0.0,
2025-02-05,526.52001953125,526.52001953125,521.3300170898438,522.8099975585938,2830.0,0.0,0.0,
2025-02-06,533.2999877929688,533.2999877929688,518.5,519.7000122070312,4611.0,0.0,0.0,
2025-02-07,530.0900268554688,530.0900268554688,511.3599853515625,519.280029296875,3206.0,0.0,0.0,
2025-02-10,521.2999877929688,524.9400024414062,514.6099853515625,515.72998046875,3507.0,0.0,0.0,
2025-02-11,515.72998046875,517.5700073242188,505.0299987792969,507.5199890136719,5626.0,0.0,0.0,
2025-02-12,510.9200134277344,512.6699829101562,503.5,507.510009765625,4237.0,0.0,0.0,
2025-02-13,507.0,512.0999755859375,506.0,508.1300048828125,2542.0,0.0,0.0,
2025-02-14,511.6900024414063,512.0399780273438,500.6600036621094,502.8399963378906,6441.0,0.0,0.0,
2025-02-17,502.0,512.8400268554688,500.0499877929688,505.8399963378906,4777.0,0.0,0.0,
2025-02-18,509.1600036621094,509.2999877929688,498.2699890136719,504.3299865722656,2366.0,0.0,0.0,
