Date,Open,High,Low,Close,Volume,Dividends,Stock Splits,Adj Close
2015-09-02,254.6291961669922,254.6291961669922,254.6291961669922,254.6291961669922,0.0,0.0,0.0,
2015-09-03,257.7228088378906,257.7228088378906,257.7228088378906,257.7228088378906,0.0,0.0,0.0,
2015-09-04,259.7999877929688,259.7999877929688,252.5500030517578,255.8899993896484,197.0,0.0,0.0,
2015-09-07,260.0,260.0,252.0,252.0,190.0,0.0,0.0,
2015-09-08,251.0,251.5,251.0,251.5,102.0,0.0,0.0,
2015-09-09,255.25,255.25,255.25,255.25,19.0,0.0,0.0,
2015-09-10,253.0,255.0,250.5700073242188,254.9499969482422,332.0,0.0,0.0,
2015-09-11,257.0499877929688,258.3999938964844,251.1499938964844,258.3999938964844,268.0,0.0,0.0,
2015-09-14,257.2000122070312,258.7999877929688,256.1000061035156,258.7000122070312,688.0,0.0,0.0,
2015-09-15,257.25,258.9500122070312,255.0,256.6499938964844,721.0,0.0,0.0,
2015-09-16,256.1000061035156,259.8999938964844,256.1000061035156,257.5499877929688,209.0,0.0,0.0,
2015-09-18,261.3999938964844,263.8999938964844,246.0,261.2999877929688,524.0,0.0,0.0,
2015-09-21,262.3500061035156,262.8500061035156,262.3500061035156,262.8500061035156,14.0,0.0,0.0,
2015-09-22,262.8500061035156,263.0,240.0,257.8999938964844,200.0,0.0,0.0,
2015-09-23,256.25,259.9700012207031,256.0,257.6499938964844,394.0,0.0,0.0,
2015-09-24,258.0,258.9500122070312,257.75,257.8599853515625,280.0,0.0,0.0,
2015-09-28,257.0,258.989990234375,255.1000061035156,256.7000122070312,402.0,0.0,0.0,
2015-09-29,254.6999969482422,259.25,254.0,255.3500061035156,913.0,0.0,0.0,
2015-09-30,258.75,259.5,258.75,259.5,303.0,0.0,0.0,
2015-10-01,240.0,264.8500061035156,240.0,261.4500122070312,152.0,0.0,0.0,
2015-10-05,255.5,267.0,255.5,264.8399963378906,138.0,0.0,0.0,
2015-10-06,268.0,270.0,267.5,268.989990234375,347.0,0.0,0.0,
2015-10-07,266.1000061035156,270.3999938964844,266.1000061035156,268.5799865722656,365.0,0.0,0.0,
2015-10-08,268.25,268.25,266.0,267.4500122070312,671.0,0.0,0.0,
2015-10-09,270.0,270.1499938964844,268.3999938964844,268.9400024414062,1649.0,0.0,0.0,
2015-10-12,272.0,272.0,269.8999938964844,269.8999938964844,2.0,0.0,0.0,
2015-10-13,269.2000122070312,269.2000122070312,268.0,268.0,9.0,0.0,0.0,
2015-10-14,268.0,268.0,267.1499938964844,267.1499938964844,38.0,0.0,0.0,
2015-10-15,269.989990234375,270.8500061035156,268.0,268.0,169.0,0.0,0.0,
2015-10-16,268.010009765625,270.5,265.0,270.5,314.0,0.0,0.0,
2015-10-19,271.0,274.3999938964844,271.0,273.1199951171875,92.0,0.0,0.0,
2015-10-20,274.7999877929688,274.7999877929688,270.75,272.0,94.0,0.0,0.0,
2015-10-21,269.7000122070312,274.8500061035156,269.7000122070312,274.8500061035156,10.0,0.0,0.0,
2015-10-23,274.8500061035156,274.8500061035156,265.2000122070312,266.510009765625,96.0,0.0,0.0,
2015-10-26,277.0,277.0,268.2000122070312,273.9500122070312,123.0,0.0,0.0,
2015-10-27,300.0,300.0,299.9500122070312,299.9500122070312,101.0,0.0,0.0,
2015-10-28,293.5,293.5,293.5,293.5,4.0,0.0,0.0,
2015-10-29,268.6142883300781,268.6142883300781,268.6142883300781,268.6142883300781,0.0,0.0,0.0,
2015-10-30,252.0,262.1000061035156,252.0,261.0,38.0,0.0,0.0,
2015-11-02,266.0,268.0,266.0,267.5,400.0,0.0,0.0,
2015-11-03,267.7999877929688,267.7999877929688,267.7999877929688,267.7999877929688,5.0,0.0,0.0,
2015-11-04,267.75,267.75,265.0,265.0,401.0,0.0,0.0,
2015-11-05,265.0,265.5,263.5,263.7999877929688,50.0,0.0,0.0,
2015-11-06,263.5,264.5499877929688,263.5,264.5499877929688,2.0,0.0,0.0,
2015-11-09,261.6086120605469,261.6086120605469,261.6086120605469,261.6086120605469,0.0,0.0,0.0,
2015-11-10,261.0499877929688,262.3500061035156,258.5,258.7099914550781,128.0,0.0,0.0,
2015-11-13,257.5499877929688,258.2000122070312,257.3999938964844,257.5499877929688,23.0,0.0,0.0,
2015-11-16,255.1000061035156,257.9800109863281,254.4299926757812,257.9800109863281,148.0,0.0,0.0,
2015-11-17,258.3500061035156,258.3500061035156,258.3500061035156,258.3500061035156,15.0,0.0,0.0,
2015-11-18,259.2000122070312,259.2000122070312,259.2000122070312,259.2000122070312,1.0,0.0,0.0,
2015-11-19,258.9548034667969,258.9548034667969,258.9548034667969,258.9548034667969,0.0,0.0,0.0,
2015-11-20,260.4500122070312,260.4500122070312,260.4500122070312,260.4500122070312,19.0,0.0,0.0,
2015-11-23,262.0,262.0,257.4500122070312,260.0,135.0,0.0,0.0,
2015-11-24,258.9500122070312,258.9500122070312,258.9500122070312,258.9500122070312,15.0,0.0,0.0,
2015-11-26,260.1029968261719,260.1029968261719,260.1029968261719,260.1029968261719,0.0,0.0,0.0,
2015-11-27,261.2000122070312,261.2000122070312,259.2999877929688,259.2999877929688,39.0,0.0,0.0,
2015-11-30,261.2999877929688,263.3999938964844,261.2999877929688,263.3999938964844,120.0,0.0,0.0,
2015-12-01,261.6499938964844,261.7000122070312,260.3500061035156,261.7000122070312,128.0,0.0,0.0,
2015-12-02,261.6690063476562,261.6690063476562,261.6690063476562,261.6690063476562,0.0,0.0,0.0,
2015-12-03,260.7999877929688,263.3999938964844,258.7999877929688,258.7999877929688,400.0,0.0,0.0,
2015-12-04,258.0,258.3999938964844,257.6499938964844,257.9700012207031,46.0,0.0,0.0,
2015-12-07,257.3500061035156,257.3500061035156,257.3500061035156,257.3500061035156,1.0,0.0,0.0,
2015-12-08,254.1499938964844,254.75,254.1000061035156,254.1600036621094,11.0,0.0,0.0,
2015-12-09,253.1999969482422,253.1999969482422,252.5,252.5,23.0,0.0,0.0,
2015-12-10,252.6000061035156,252.6000061035156,252.1999969482422,252.6000061035156,22.0,0.0,0.0,
2015-12-11,251.8000030517578,251.8000030517578,251.8000030517578,251.8000030517578,1.0,0.0,0.0,
2015-12-14,251.3000030517578,252.5500030517578,249.8500061035156,249.8500061035156,69.0,0.0,0.0,
2015-12-15,253.8282012939453,253.8282012939453,253.8282012939453,253.8282012939453,0.0,0.0,0.0,
2015-12-16,255.5384979248047,255.5384979248047,255.5384979248047,255.5384979248047,0.0,0.0,0.0,
2015-12-17,255.75,255.75,255.75,255.75,10.0,0.0,0.0,
2015-12-18,258.3500061035156,258.3500061035156,258.3500061035156,258.3500061035156,2.0,0.0,0.0,
2015-12-21,258.0,258.0,257.4500122070312,257.5599975585938,5.0,0.0,0.0,
2015-12-22,257.5,257.5,257.5,257.5,200.0,0.0,0.0,
2015-12-23,258.3999938964844,259.8500061035156,256.8500061035156,259.8500061035156,408.0,0.0,0.0,
2015-12-24,258.9349975585938,258.9349975585938,258.9349975585938,258.9349975585938,0.0,0.0,0.0,
2015-12-28,260.1000061035156,261.9500122070312,259.4500122070312,261.9500122070312,21.0,0.0,0.0,
2015-12-29,261.3038024902344,261.3038024902344,261.3038024902344,261.3038024902344,0.0,0.0,0.0,
2015-12-30,261.8999938964844,261.8999938964844,261.8999938964844,261.8999938964844,20.0,0.0,0.0,
2015-12-31,260.8500061035156,264.7999877929688,260.8500061035156,264.7999877929688,420.0,0.0,0.0,
2016-01-01,262.6499938964844,263.5,262.6499938964844,263.3999938964844,202.0,0.0,0.0,
2016-01-04,257.5,279.6000061035156,256.5499877929688,262.0499877929688,630.0,0.0,0.0,
2016-01-05,256.6000061035156,256.6000061035156,256.6000061035156,256.6000061035156,19.0,0.0,0.0,
2016-01-06,257.25,257.25,255.1999969482422,255.25,85.0,0.0,0.0,
2016-01-07,251.8000030517578,252.6499938964844,250.6000061035156,250.9499969482422,536.0,0.0,0.0,
2016-01-08,251.8000030517578,252.9499969482422,251.1999969482422,251.6499938964844,232.0,0.0,0.0,
2016-01-11,247.9499969482422,249.8000030517578,247.8999938964844,249.8000030517578,142.0,0.0,0.0,
2016-01-12,247.6000061035156,247.6000061035156,247.6000061035156,247.6000061035156,2.0,0.0,0.0,
2016-01-13,250.1999969482422,250.1999969482422,246.0500030517578,246.1199951171875,106.0,0.0,0.0,
2016-01-14,249.5,249.5,249.5,249.5,20.0,0.0,0.0,
2016-01-15,246.3999938964844,246.6499938964844,246.0500030517578,246.4700012207031,35.0,0.0,0.0,
2016-01-18,244.0,245.0,244.0,245.0,274.0,0.0,0.0,
2016-01-19,246.1499938964844,246.1499938964844,246.0500030517578,246.0700073242188,68.0,0.0,0.0,
2016-01-20,242.6000061035156,244.5500030517578,241.0,243.4700012207031,2235.0,0.0,0.0,
2016-01-21,240.5079956054688,240.5079956054688,240.5079956054688,240.5079956054688,0.0,0.0,0.0,
2016-01-22,243.5500030517578,245.9499969482422,243.5500030517578,245.9499969482422,22.0,0.0,0.0,
2016-01-25,246.5500030517578,246.5500030517578,246.5500030517578,246.5500030517578,1.0,0.0,0.0,
2016-01-27,247.8000030517578,247.8000030517578,247.8000030517578,247.8000030517578,20.0,0.0,0.0,
2016-01-28,245.5346069335938,245.5346069335938,245.5346069335938,245.5346069335938,0.0,0.0,0.0,
2016-01-29,249.75,249.75,249.75,249.75,1.0,0.0,0.0,
2016-02-01,248.75,251.1499938964844,248.0500030517578,248.0500030517578,75.0,0.0,0.0,
2016-02-02,247.6499938964844,249.8999938964844,246.0,249.8999938964844,435.0,0.0,0.0,
2016-02-03,242.6000061035156,245.8000030517578,242.6000061035156,245.8000030517578,84.0,0.0,0.0,
2016-02-04,245.0,245.0,245.0,245.0,19.0,0.0,0.0,
2016-02-05,247.0225982666016,247.0225982666016,247.0225982666016,247.0225982666016,0.0,0.0,0.0,
2016-02-08,248.0,248.0,246.1999969482422,246.1999969482422,6.0,0.0,0.0,
2016-02-09,242.25,242.8000030517578,242.25,242.8000030517578,200.0,0.0,0.0,
2016-02-10,240.1999969482422,240.1999969482422,239.8999938964844,239.8999938964844,40.0,0.0,0.0,
2016-02-11,237.0,237.0,232.0,232.0,417.0,0.0,0.0,
2016-02-12,231.8000030517578,251.3000030517578,227.6000061035156,229.9199981689453,2144.0,0.0,0.0,
2016-02-15,233.75,236.8999938964844,233.75,236.8999938964844,6063.0,0.0,0.0,
2016-02-16,237.5500030517578,237.5500030517578,237.5500030517578,237.5500030517578,1.0,0.0,0.0,
2016-02-17,231.6499938964844,231.6499938964844,231.6499938964844,231.6499938964844,191.0,0.0,0.0,
2016-02-18,237.5211029052734,237.5211029052734,237.5211029052734,237.5211029052734,0.0,0.0,0.0,
2016-02-19,238.8000030517578,239.1000061035156,236.8500061035156,236.8500061035156,321.0,0.0,0.0,
2016-02-22,238.8957061767578,238.8957061767578,238.8957061767578,238.8957061767578,0.0,0.0,0.0,
2016-02-23,235.3999938964844,235.3999938964844,235.3999938964844,235.3999938964844,3.0,0.0,0.0,
2016-02-24,232.5099945068359,235.1000061035156,232.5099945068359,233.5,118.0,0.0,0.0,
2016-02-25,230.8099975585938,233.0399932861328,230.8099975585938,233.0399932861328,2.0,0.0,0.0,
2016-02-26,234.1999969482422,234.1999969482422,234.1999969482422,234.1999969482422,21.0,0.0,0.0,
2016-02-29,233.3500061035156,233.3500061035156,233.3500061035156,233.3500061035156,21.0,0.0,0.0,
2016-03-01,235.75,239.3000030517578,235.75,239.2299957275391,180.0,0.0,0.0,
2016-03-02,240.7100067138672,243.5,240.7100067138672,242.25,86.0,0.0,0.0,
2016-03-03,244.1100006103516,246.9900054931641,244.1100006103516,246.9900054931641,2.0,0.0,0.0,
2016-03-04,246.0099945068359,248.3899993896484,246.0099945068359,246.5,21.0,0.0,0.0,
2016-03-08,247.3999938964844,247.3999938964844,247.3999938964844,247.3999938964844,20.0,0.0,0.0,
2016-03-09,245.1999969482422,248.0,245.1999969482422,248.0,11.0,0.0,0.0,
2016-03-10,246.0,248.0,246.0,248.0,21.0,0.0,0.0,
2016-03-11,248.3999938964844,248.5500030517578,248.3999938964844,248.5500030517578,70.0,0.0,0.0,
2016-03-14,251.1999969482422,251.1999969482422,248.8500061035156,249.0,39.0,0.0,0.0,
2016-03-15,247.1000061035156,247.1000061035156,246.6499938964844,246.6499938964844,108.0,0.0,0.0,
2016-03-16,246.5,248.0,246.0500030517578,248.0,80.0,0.0,0.0,
2016-03-17,250.6999969482422,250.6999969482422,250.6999969482422,250.6999969482422,20.0,0.0,0.0,
2016-03-18,248.75,249.5,248.75,249.5,18.0,0.0,0.0,
2016-03-21,254.4412994384766,254.4412994384766,254.4412994384766,254.4412994384766,0.0,0.0,0.0,
2016-03-22,254.6999969482422,254.6999969482422,251.5,254.6999969482422,49.0,0.0,0.0,
2016-03-23,253.6999969482422,253.6999969482422,253.6999969482422,253.6999969482422,50.0,0.0,0.0,
2016-03-28,251.2453002929688,251.2453002929688,251.2453002929688,251.2453002929688,0.0,0.0,0.0,
2016-03-29,251.1999969482422,253.25,250.8999938964844,250.8999938964844,53.0,0.0,0.0,
2016-03-30,251.6499938964844,252.1999969482422,251.4499969482422,252.1999969482422,82.0,0.0,0.0,
2016-03-31,257.3999938964844,257.4500122070312,253.5500030517578,253.8500061035156,43.0,0.0,0.0,
2016-04-01,254.3289947509766,254.3289947509766,254.3289947509766,254.3289947509766,0.0,0.0,0.0,
2016-04-04,255.0500030517578,255.0500030517578,255.0500030517578,255.0500030517578,2.0,0.0,0.0,
2016-04-05,254.0,254.8500061035156,252.8000030517578,252.8000030517578,594.0,0.0,0.0,
2016-04-06,249.6000061035156,249.6000061035156,249.6000061035156,249.6000061035156,19.0,0.0,0.0,
2016-04-07,251.3000030517578,251.3000030517578,248.0,248.0,25.0,0.0,0.0,
2016-04-08,249.0,249.0,247.3500061035156,247.3500061035156,97.0,0.0,0.0,
2016-04-11,248.8000030517578,251.3999938964844,248.8000030517578,251.3999938964844,50.0,0.0,0.0,
2016-04-12,253.0901947021484,253.0901947021484,253.0901947021484,253.0901947021484,0.0,0.0,0.0,
2016-04-13,258.1499938964844,259.8999938964844,256.8599853515625,258.0499877929688,111.0,0.0,0.0,
2016-04-18,260.0,260.8999938964844,258.5,260.8999938964844,64.0,0.0,0.0,
2016-04-20,257.7999877929688,257.7999877929688,257.7999877929688,257.7999877929688,38.0,0.0,0.0,
2016-04-21,262.2000122070312,262.5499877929688,261.8999938964844,262.5499877929688,99.0,0.0,0.0,
2016-04-22,259.6000061035156,259.6000061035156,259.6000061035156,259.6000061035156,50.0,0.0,0.0,
2016-04-25,259.0,259.0,259.0,259.0,3.0,0.0,0.0,
2016-04-26,256.3500061035156,262.0,256.3500061035156,261.9700012207031,7.0,0.0,0.0,
2016-04-27,260.5,263.0499877929688,260.5,263.0499877929688,22.0,0.0,0.0,
2016-04-28,263.1000061035156,263.1000061035156,263.1000061035156,263.1000061035156,1.0,0.0,0.0,
2016-04-29,257.693115234375,257.693115234375,257.693115234375,257.693115234375,0.0,0.0,0.0,
2016-05-02,256.8999938964844,256.8999938964844,254.5500030517578,254.5500030517578,94.0,0.0,0.0,
2016-05-03,258.2999877929688,258.3999938964844,252.1499938964844,252.5899963378906,713.0,0.0,0.0,
2016-05-04,252.0,252.0,251.8500061035156,251.8500061035156,90.0,0.0,0.0,
2016-05-05,254.4499969482422,255.5,253.3000030517578,253.4900054931641,186.0,0.0,0.0,
2016-05-06,252.3500061035156,252.3500061035156,252.3500061035156,252.3500061035156,50.0,0.0,0.0,
2016-05-09,257.0,257.9500122070312,257.0,257.75,92.0,0.0,0.0,
2016-05-10,257.8999938964844,260.1000061035156,257.8999938964844,260.1000061035156,17.0,0.0,0.0,
2016-05-11,258.8500061035156,258.9500122070312,258.8500061035156,258.9500122070312,53.0,0.0,0.0,
2016-05-12,260.5,260.5,260.5,260.5,10.0,0.0,0.0,
2016-05-13,258.2999877929688,258.2999877929688,257.2999877929688,257.2999877929688,24.0,0.0,0.0,
2016-05-16,254.6000061035156,256.3500061035156,254.6000061035156,256.3500061035156,50.0,0.0,0.0,
2016-05-17,259.3570861816406,259.3570861816406,259.3570861816406,259.3570861816406,0.0,0.0,0.0,
2016-05-18,258.0,258.0,258.0,258.0,19.0,0.0,0.0,
2016-05-19,255.6195983886719,255.6195983886719,255.6195983886719,255.6195983886719,0.0,0.0,0.0,
2016-05-20,257.6000061035156,257.8999938964844,257.6000061035156,257.8999938964844,200.0,0.0,0.0,
2016-05-23,254.5,254.5,254.5,254.5,3.0,0.0,0.0,
2016-05-24,254.6761932373047,254.6761932373047,254.6761932373047,254.6761932373047,0.0,0.0,0.0,
2016-05-25,259.3999938964844,259.3999938964844,258.9500122070312,258.9500122070312,63.0,0.0,0.0,
2016-05-26,261.25,264.0,261.25,264.0,19.0,0.0,0.0,
2016-05-27,266.3500061035156,266.3500061035156,266.3500061035156,266.3500061035156,45.0,0.0,0.0,
2016-05-30,268.0499877929688,268.1000061035156,268.0499877929688,268.0899963378906,134.0,0.0,0.0,
2016-05-31,268.0499877929688,269.5499877929688,267.3999938964844,267.7999877929688,60.0,0.0,0.0,
2016-06-01,270.2999877929688,270.2999877929688,268.5499877929688,269.75,238.0,0.0,0.0,
2016-06-02,269.75,270.1000061035156,269.75,270.0700073242188,57.0,0.0,0.0,
2016-06-03,270.7000122070312,270.7000122070312,270.25,270.25,44.0,0.0,0.0,
2016-06-06,270.0499877929688,271.2000122070312,269.0,269.0,63.0,0.0,0.0,
2016-06-07,269.7999877929688,271.9500122070312,269.7999877929688,271.9500122070312,78.0,0.0,0.0,
2016-06-08,271.3999938964844,271.3999938964844,271.3999938964844,271.3999938964844,15.0,0.0,0.0,
2016-06-09,269.5499877929688,269.5499877929688,269.3999938964844,269.3999938964844,40.0,0.0,0.0,
2016-06-10,267.3500061035156,267.3500061035156,267.3500061035156,267.3500061035156,15.0,0.0,0.0,
2016-06-13,266.25,266.25,266.25,266.25,8.0,0.0,0.0,
2016-06-14,264.6499938964844,265.0,264.6499938964844,264.8500061035156,53.0,0.0,0.0,
2016-06-15,266.2999877929688,266.2999877929688,266.25,266.25,18.0,0.0,0.0,
2016-06-16,264.7999877929688,264.7999877929688,264.7999877929688,264.7999877929688,15.0,0.0,0.0,
2016-06-17,267.4500122070312,267.4500122070312,267.4500122070312,267.4500122070312,20.0,0.0,0.0,
2016-06-20,267.7000122070312,268.7000122070312,267.7000122070312,268.7000122070312,29.0,0.0,0.0,
2016-06-21,270.6499938964844,270.6499938964844,270.6499938964844,270.6499938964844,19.0,0.0,0.0,
2016-06-22,269.0499877929688,270.4500122070312,268.8500061035156,268.8500061035156,33.0,0.0,0.0,
2016-06-23,271.0,272.1000061035156,271.0,272.1000061035156,2002.0,0.0,0.0,
2016-06-24,263.0,266.5499877929688,262.4500122070312,266.5499877929688,69.0,0.0,0.0,
2016-06-27,266.0,266.0,265.1499938964844,265.1499938964844,39.0,0.0,0.0,
2016-06-28,266.5,267.2000122070312,266.5,267.2000122070312,29.0,0.0,0.0,
2016-06-29,268.7999877929688,268.7999877929688,268.7999877929688,268.7999877929688,10.0,0.0,0.0,
2016-06-30,272.2000122070312,273.5499877929688,271.0,273.5499877929688,420.0,0.0,0.0,
2016-07-01,266.3500061035156,267.8999938964844,264.25,266.1499938964844,580.0,0.0,0.0,
2016-07-04,266.1000061035156,266.5,266.1000061035156,266.5,20.0,0.0,0.0,
2016-07-05,267.3999938964844,267.3999938964844,265.6499938964844,265.6499938964844,170.0,0.0,0.0,
2016-07-07,267.2999877929688,267.3999938964844,266.9500122070312,267.1000061035156,204.0,0.0,0.0,
2016-07-08,275.6000061035156,275.6000061035156,272.8999938964844,274.7999877929688,258.0,0.0,0.0,
2016-07-11,278.75,280.0,278.75,280.0,453.0,0.0,0.0,
2016-07-12,280.5,281.25,280.3999938964844,281.25,191.0,0.0,0.0,
2016-07-13,282.7000122070312,282.7000122070312,281.75,281.75,27.0,0.0,0.0,
2016-07-14,283.0499877929688,283.0499877929688,283.0499877929688,283.0499877929688,5.0,0.0,0.0,
2016-07-15,285.5,288.4500122070312,280.7000122070312,280.9700012207031,2306.0,0.0,0.0,
2016-07-18,283.2000122070312,283.2000122070312,283.2000122070312,283.2000122070312,19.0,0.0,0.0,
2016-07-19,283.0,283.0,281.2000122070312,281.7000122070312,81.0,0.0,0.0,
2016-07-20,284.0,284.0,283.4500122070312,283.4800109863281,100.0,0.0,0.0,
2016-07-21,283.9500122070312,283.9500122070312,283.9500122070312,283.9500122070312,15.0,0.0,0.0,
2016-07-22,281.8999938964844,282.3999938964844,281.8999938964844,282.3999938964844,89.0,0.0,0.0,
2016-07-25,282.75,285.8999938964844,282.75,285.8999938964844,553.0,0.0,0.0,
2016-07-26,284.0,284.0,284.0,284.0,82.0,0.0,0.0,
2016-07-27,286.0,286.75,282.2000122070312,282.2000122070312,22.0,0.0,0.0,
2016-07-28,286.0,286.8999938964844,286.0,286.6700134277344,4.0,0.0,0.0,
2016-07-29,285.7000122070312,285.7000122070312,285.7000122070312,285.7000122070312,15.0,0.0,0.0,
2016-08-01,286.0,286.2999877929688,284.6499938964844,286.0,38.0,0.0,0.0,
2016-08-02,283.7000122070312,283.7000122070312,283.7000122070312,283.7000122070312,300.0,0.0,0.0,
2016-08-03,280.0,281.6000061035156,280.0,281.6000061035156,51.0,0.0,0.0,
2016-08-04,281.8999938964844,281.8999938964844,279.7999877929688,280.1499938964844,74.0,0.0,0.0,
2016-08-05,283.0,283.0,283.0,283.0,1.0,0.0,0.0,
2016-08-08,286.5499877929688,286.5499877929688,284.25,284.25,39.0,0.0,0.0,
2016-08-09,286.0,286.0,286.0,286.0,10.0,0.0,0.0,
2016-08-10,282.0,282.0,282.0,282.0,3.0,0.0,0.0,
2016-08-11,283.1499938964844,283.1499938964844,283.1499938964844,283.1499938964844,15.0,0.0,0.0,
2016-08-12,284.2999877929688,284.2999877929688,284.2999877929688,284.2999877929688,45.0,0.0,0.0,
2016-08-16,286.0,286.0,284.5,285.0,29.0,0.0,0.0,
2016-08-17,285.2000122070312,291.0,285.2000122070312,291.0,18.0,0.0,0.0,
2016-08-18,284.5,284.5,284.5,284.5,38.0,0.0,0.0,
2016-08-19,284.0499877929688,285.2000122070312,284.0,285.2000122070312,196.0,0.0,0.0,
2016-08-22,284.25,284.25,283.5499877929688,283.5499877929688,11.0,0.0,0.0,
2016-08-23,284.2000122070312,284.2000122070312,283.2999877929688,283.2999877929688,151.0,0.0,0.0,
2016-08-24,283.2999877929688,285.3999938964844,283.2999877929688,285.3999938964844,20.0,0.0,0.0,
2016-08-25,284.1499938964844,286.2000122070312,283.6499938964844,283.6499938964844,26.0,0.0,0.0,
2016-08-26,281.4500122070312,281.4500122070312,281.0,281.0,501.0,0.0,0.0,
2016-08-29,283.9500122070312,283.9500122070312,283.9500122070312,283.9500122070312,1.0,0.0,0.0,
2016-08-30,284.1000061035156,285.0,284.1000061035156,285.0,24.0,0.0,0.0,
2016-08-31,289.0,289.0,288.3999938964844,288.3999938964844,35.0,0.0,0.0,
2016-09-01,288.0,288.1000061035156,288.0,288.1000061035156,116.0,0.0,0.0,
2016-09-02,290.0499877929688,290.0499877929688,290.0499877929688,290.0499877929688,50.0,0.0,0.0,
2016-09-06,290.9500122070312,294.3500061035156,290.9500122070312,292.3500061035156,206.0,0.0,0.0,
2016-09-07,293.4500122070312,293.4500122070312,293.2999877929688,293.2999877929688,5.0,0.0,0.0,
2016-09-08,293.2999877929688,293.2999877929688,293.2999877929688,293.2999877929688,19.0,0.0,0.0,
2016-09-09,294.25,294.2999877929688,292.25,294.2999877929688,221.0,0.0,0.0,
2016-09-12,288.7000122070312,288.7000122070312,287.2000122070312,288.7000122070312,354.0,0.0,0.0,
2016-09-14,288.2000122070312,288.2000122070312,286.7999877929688,287.0,1084.0,0.0,0.0,
2016-09-15,287.2999877929688,288.0,287.25,288.0,457.0,0.0,0.0,
2016-09-16,289.3500061035156,291.0,288.2999877929688,288.2999877929688,1462.0,0.0,0.0,
2016-09-19,290.4183044433594,290.4183044433594,290.4183044433594,290.4183044433594,0.0,0.0,0.0,
2016-09-20,289.0499877929688,289.0499877929688,288.1000061035156,288.7000122070312,255.0,0.0,0.0,
2016-09-21,290.1000061035156,290.2999877929688,290.1000061035156,290.2999877929688,38.0,0.0,0.0,
2016-09-22,291.6000061035156,291.6000061035156,291.6000061035156,291.6000061035156,18.0,0.0,0.0,
2016-09-23,290.7567138671875,290.7567138671875,290.7567138671875,290.7567138671875,0.0,0.0,0.0,
2016-09-26,289.7000122070312,289.7000122070312,288.0,289.2000122070312,13.0,0.0,0.0,
2016-09-27,288.0,288.0,288.0,288.0,2.0,0.0,0.0,
2016-09-28,286.5,286.5499877929688,286.489990234375,286.5499877929688,21.0,0.0,0.0,
2016-09-29,284.1000061035156,284.1000061035156,281.7000122070312,281.7000122070312,602.0,0.0,0.0,
2016-09-30,282.8999938964844,283.5,282.8999938964844,283.5,21.0,0.0,0.0,
2016-10-03,286.5404968261719,286.5404968261719,286.5404968261719,286.5404968261719,0.0,0.0,0.0,
2016-10-04,287.4783020019531,287.4783020019531,287.4783020019531,287.4783020019531,0.0,0.0,0.0,
2016-10-05,287.2999877929688,287.2999877929688,285.4500122070312,285.4500122070312,289.0,0.0,0.0,
2016-10-06,286.5499877929688,286.5499877929688,286.5499877929688,286.5499877929688,19.0,0.0,0.0,
2016-10-07,284.7300109863281,284.7300109863281,284.7300109863281,284.7300109863281,0.0,0.0,0.0,
2016-10-10,285.0,285.0,285.0,285.0,20.0,0.0,0.0,
2016-10-13,283.0,283.0,280.0,280.0,60.0,0.0,0.0,
2016-10-14,281.6000061035156,281.6000061035156,281.6000061035156,281.6000061035156,300.0,0.0,0.0,
2016-10-17,282.2999877929688,282.2999877929688,281.1499938964844,281.1499938964844,600.0,0.0,0.0,
2016-10-18,281.5499877929688,281.7000122070312,281.4500122070312,281.5,134.0,0.0,0.0,
2016-10-19,283.5499877929688,283.5499877929688,283.5499877929688,283.5499877929688,19.0,0.0,0.0,
2016-10-20,285.25,286.1000061035156,285.25,286.1000061035156,42.0,0.0,0.0,
2016-10-21,285.1000061035156,285.1000061035156,285.1000061035156,285.1000061035156,25.0,0.0,0.0,
2016-10-24,285.6000061035156,285.6000061035156,285.6000061035156,285.6000061035156,19.0,0.0,0.0,
2016-10-25,285.2000122070312,285.2999877929688,284.8500061035156,285.2999877929688,343.0,0.0,0.0,
2016-10-26,282.8268127441406,282.8268127441406,282.8268127441406,282.8268127441406,0.0,0.0,0.0,
2016-10-27,281.2999877929688,283.75,279.1499938964844,283.75,1302.0,0.0,0.0,
2016-10-28,284.0499877929688,284.0499877929688,284.0499877929688,284.0499877929688,19.0,0.0,0.0,
2016-11-01,284.25,284.6499938964844,284.25,284.510009765625,76.0,0.0,0.0,
2016-11-02,280.5499877929688,281.8999938964844,279.8500061035156,280.9700012207031,153.0,0.0,0.0,
2016-11-03,280.3500061035156,281.0499877929688,280.0,281.0499877929688,73.0,0.0,0.0,
2016-11-04,277.2000122070312,277.2000122070312,276.5,277.1799926757812,50.0,0.0,0.0,
2016-11-07,280.75,280.75,279.25,279.25,204.0,0.0,0.0,
2016-11-08,278.7999877929688,278.7999877929688,278.7999877929688,278.7999877929688,9.0,0.0,0.0,
2016-11-09,273.0,277.0,270.6000061035156,277.0,1774.0,0.0,0.0,
2016-11-10,283.1499938964844,283.1499938964844,281.8500061035156,281.8500061035156,25.0,0.0,0.0,
2016-11-11,276.3999938964844,276.6000061035156,272.2999877929688,272.6499938964844,103.0,0.0,0.0,
2016-11-15,271.0,271.0,267.6000061035156,267.7300109863281,38.0,0.0,0.0,
2016-11-16,270.1000061035156,270.1000061035156,267.0,268.489990234375,536.0,0.0,0.0,
2016-11-17,268.8500061035156,268.8999938964844,268.8500061035156,268.8999938964844,12.0,0.0,0.0,
2016-11-18,267.5,269.3500061035156,267.5,269.3500061035156,68.0,0.0,0.0,
2016-11-21,263.0,263.0,262.4500122070312,262.4500122070312,88.0,0.0,0.0,
2016-11-22,263.8999938964844,263.8999938964844,263.8999938964844,263.8999938964844,8.0,0.0,0.0,
2016-11-23,266.3999938964844,266.3999938964844,265.7000122070312,265.7000122070312,37.0,0.0,0.0,
2016-11-24,264.8500061035156,264.8500061035156,264.0499877929688,264.0499877929688,31.0,0.0,0.0,
2016-11-25,265.7999877929688,267.4500122070312,265.7999877929688,267.4500122070312,28.0,0.0,0.0,
2016-11-28,269.2000122070312,269.2000122070312,269.2000122070312,269.2000122070312,25.0,0.0,0.0,
2016-11-29,270.0499877929688,270.0499877929688,269.8500061035156,269.8500061035156,125.0,0.0,0.0,
2016-11-30,270.3999938964844,272.0,270.3999938964844,272.0,42.0,0.0,0.0,
2016-12-01,271.8999938964844,272.3999938964844,271.8999938964844,272.3999938964844,17.0,0.0,0.0,
2016-12-02,269.2000122070312,269.2000122070312,268.3999938964844,268.3999938964844,57.0,0.0,0.0,
2016-12-05,265.9500122070312,269.6000061035156,265.9500122070312,269.6000061035156,2.0,0.0,0.0,
2016-12-06,269.3999938964844,269.3999938964844,269.3999938964844,269.3999938964844,15.0,0.0,0.0,
2016-12-07,267.9500122070312,267.9500122070312,267.9500122070312,267.9500122070312,15.0,0.0,0.0,
2016-12-08,216.8999938964844,270.6000061035156,216.8999938964844,270.6000061035156,12.0,0.0,0.0,
2016-12-09,272.25,272.3999938964844,272.25,272.3999938964844,20.0,0.0,0.0,
2016-12-12,270.7000122070312,270.7000122070312,270.7000122070312,270.7000122070312,15.0,0.0,0.0,
2016-12-13,270.75,272.1499938964844,270.75,272.1499938964844,35.0,0.0,0.0,
2016-12-14,271.25,271.25,271.25,271.25,15.0,0.0,0.0,
2016-12-15,272.2999877929688,272.8500061035156,271.1499938964844,272.8500061035156,751.0,0.0,0.0,
2016-12-16,270.0,270.0,270.0,270.0,1.0,0.0,0.0,
2016-12-19,269.3999938964844,269.3999938964844,268.8500061035156,268.8500061035156,39.0,0.0,0.0,
2016-12-20,269.1499938964844,269.7999877929688,269.1499938964844,269.7999877929688,10.0,0.0,0.0,
2016-12-21,268.0,268.0,268.0,268.0,2.0,0.0,0.0,
2016-12-22,268.0,268.0,262.9500122070312,264.4500122070312,227.0,0.0,0.0,
2016-12-23,265.0,265.0,265.0,265.0,2.0,0.0,0.0,
2016-12-26,265.0,265.0,262.5499877929688,262.5499877929688,15.0,0.0,0.0,
2016-12-27,264.3500061035156,267.6000061035156,264.3500061035156,267.6000061035156,3.0,0.0,0.0,
2016-12-28,266.6535949707031,266.6535949707031,266.6535949707031,266.6535949707031,0.0,0.0,0.0,
2016-12-29,268.2384033203125,268.2384033203125,268.2384033203125,268.2384033203125,0.0,0.0,0.0,
2016-12-30,270.3999938964844,270.3999938964844,270.3999938964844,270.3999938964844,10.0,0.0,0.0,
2017-01-02,270.0,270.7999877929688,270.0,270.6000061035156,268.0,0.0,0.0,
2017-01-03,270.0,271.25,270.0,270.8999938964844,251.0,0.0,0.0,
2017-01-04,272.2000122070312,272.3999938964844,272.2000122070312,272.3999938964844,6.0,0.0,0.0,
2017-01-05,275.0499877929688,275.0499877929688,275.0499877929688,275.0499877929688,1.0,0.0,0.0,
2017-01-06,276.3999938964844,276.3999938964844,274.8500061035156,274.8500061035156,28.0,0.0,0.0,
2017-01-09,273.8999938964844,273.8999938964844,273.8999938964844,273.8999938964844,25.0,0.0,0.0,
2017-01-10,275.2000122070312,275.2000122070312,273.8999938964844,274.1700134277344,48.0,0.0,0.0,
2017-01-11,275.1499938964844,277.8500061035156,273.6499938964844,277.8500061035156,288.0,0.0,0.0,
2017-01-12,277.8900146484375,278.9500122070312,277.8900146484375,278.5400085449219,3.0,0.0,0.0,
2017-01-13,278.3500061035156,278.7999877929688,278.3500061035156,278.7999877929688,10.0,0.0,0.0,
2017-01-16,277.8500061035156,279.1499938964844,277.8500061035156,279.1499938964844,25.0,0.0,0.0,
2017-01-17,279.5499877929688,279.6499938964844,279.0,279.0,280.0,0.0,0.0,
2017-01-18,278.4500122070312,278.4500122070312,277.75,277.75,40.0,0.0,0.0,
2017-01-19,279.2000122070312,279.2000122070312,279.2000122070312,279.2000122070312,15.0,0.0,0.0,
2017-01-20,278.1000061035156,278.1000061035156,278.1000061035156,278.1000061035156,1.0,0.0,0.0,
2017-01-23,275.9172058105469,275.9172058105469,275.9172058105469,275.9172058105469,0.0,0.0,0.0,
2017-01-24,278.25,278.25,278.1000061035156,278.1000061035156,250.0,0.0,0.0,
2017-01-25,280.0,283.1000061035156,279.75,283.1000061035156,44.0,0.0,0.0,
2017-01-27,285.1000061035156,285.1000061035156,285.1000061035156,285.1000061035156,15.0,0.0,0.0,
2017-01-30,283.6499938964844,284.1000061035156,283.6499938964844,284.0,75.0,0.0,0.0,
2017-01-31,282.6000061035156,282.6000061035156,281.8500061035156,282.2999877929688,46.0,0.0,0.0,
2017-02-01,282.3999938964844,285.2000122070312,282.3999938964844,285.2000122070312,26.0,0.0,0.0,
2017-02-02,287.9500122070312,288.7000122070312,286.3999938964844,288.7000122070312,541.0,0.0,0.0,
2017-02-03,288.5,288.5,288.0,288.4500122070312,28.0,0.0,0.0,
2017-02-06,290.7999877929688,290.7999877929688,290.1000061035156,290.1000061035156,254.0,0.0,0.0,
2017-02-07,288.7000122070312,288.8500061035156,287.3999938964844,287.3999938964844,137.0,0.0,0.0,
2017-02-08,289.3999938964844,289.3999938964844,289.3999938964844,289.3999938964844,25.0,0.0,0.0,
2017-02-09,287.6000061035156,287.6000061035156,286.8500061035156,286.8500061035156,45.0,0.0,0.0,
2017-02-10,288.7000122070312,288.7000122070312,288.6000061035156,288.6400146484375,54.0,0.0,0.0,
2017-02-13,288.6400146484375,289.8500061035156,288.6400146484375,289.2999877929688,258.0,0.0,0.0,
2017-02-14,288.6000061035156,288.6000061035156,288.6000061035156,288.6000061035156,19.0,0.0,0.0,
2017-02-15,290.2000122070312,290.2000122070312,288.6499938964844,288.6499938964844,260.0,0.0,0.0,
2017-02-16,287.6499938964844,287.6499938964844,287.6499938964844,287.6499938964844,4.0,0.0,0.0,
2017-02-17,290.5,290.8999938964844,290.5,290.8999938964844,4.0,0.0,0.0,
2017-02-20,291.0499877929688,293.0,291.0,292.0,326.0,0.0,0.0,
2017-02-21,295.2000122070312,295.2000122070312,295.2000122070312,295.2000122070312,1.0,0.0,0.0,
2017-02-22,296.0,296.0,296.0,296.0,25.0,0.0,0.0,
2017-02-23,294.3999938964844,294.8500061035156,293.3500061035156,293.3500061035156,57.0,0.0,0.0,
2017-02-27,295.2999877929688,295.2999877929688,295.2999877929688,295.2999877929688,3.0,0.0,0.0,
2017-02-28,296.0499877929688,296.0499877929688,292.7000122070312,292.7000122070312,35.0,0.0,0.0,
2017-03-01,294.7999877929688,294.7999877929688,294.7999877929688,294.7999877929688,19.0,0.0,0.0,
2017-03-02,295.5,295.5,295.5,295.5,25.0,0.0,0.0,
2017-03-03,294.0,294.0,292.6499938964844,294.0,30.0,0.0,0.0,
2017-03-06,296.3500061035156,296.3500061035156,295.0,295.0,104.0,0.0,0.0,
2017-03-07,296.0,296.0,296.0,296.0,15.0,0.0,0.0,
2017-03-08,293.7000122070312,294.2000122070312,293.7000122070312,294.2000122070312,16.0,0.0,0.0,
2017-03-09,294.2000122070312,294.2000122070312,294.2000122070312,294.2000122070312,80.0,0.0,0.0,
2017-03-10,295.0,295.0,295.0,295.0,19.0,0.0,0.0,
2017-03-14,298.0,300.1499938964844,298.0,300.1499938964844,50.0,0.0,0.0,
2017-03-15,300.5,301.0,299.5499877929688,299.9500122070312,123.0,0.0,0.0,
2017-03-16,301.1000061035156,301.1000061035156,301.1000061035156,301.1000061035156,25.0,0.0,0.0,
2017-03-17,303.3999938964844,303.3999938964844,301.0499877929688,301.5499877929688,115.0,0.0,0.0,
2017-03-20,302.2000122070312,302.2000122070312,300.9500122070312,300.9500122070312,85.0,0.0,0.0,
2017-03-21,300.0,300.0,300.0,300.0,20.0,0.0,0.0,
2017-03-22,297.4500122070312,297.4500122070312,297.4500122070312,297.4500122070312,15.0,0.0,0.0,
2017-03-23,298.3500061035156,299.0,298.0499877929688,299.0,333.0,0.0,0.0,
2017-03-24,301.0,301.0,301.0,301.0,10.0,0.0,0.0,
2017-03-27,300.0,300.0,300.0,300.0,3.0,0.0,0.0,
2017-03-28,299.8981018066406,299.8981018066406,299.8981018066406,299.8981018066406,0.0,0.0,0.0,
2017-03-29,300.1499938964844,300.3999938964844,300.1499938964844,300.3999938964844,38.0,0.0,0.0,
2017-03-30,300.8500061035156,300.8500061035156,300.6499938964844,300.6499938964844,76.0,0.0,0.0,
2017-03-31,302.0,304.2000122070312,302.0,304.1499938964844,16.0,0.0,0.0,
2017-04-03,305.0152893066406,305.0152893066406,305.0152893066406,305.0152893066406,0.0,0.0,0.0,
2017-04-05,306.2999877929688,307.2000122070312,306.2999877929688,307.0,124.0,0.0,0.0,
2017-04-06,306.0,306.0,306.0,306.0,1.0,0.0,0.0,
2017-04-07,304.1499938964844,305.0,304.1499938964844,305.0,20.0,0.0,0.0,
2017-04-10,301.6126098632812,301.6126098632812,301.6126098632812,301.6126098632812,0.0,0.0,0.0,
2017-04-11,303.7764892578125,303.7764892578125,303.7764892578125,303.7764892578125,0.0,0.0,0.0,
2017-04-12,303.0499877929688,304.5,303.0499877929688,304.5,24.0,0.0,0.0,
2017-04-13,302.7000122070312,302.7000122070312,302.7000122070312,302.7000122070312,10.0,0.0,0.0,
2017-04-17,301.0,301.0,300.1000061035156,300.1000061035156,20.0,0.0,0.0,
2017-04-18,303.25,303.25,303.2000122070312,303.2000122070312,2.0,0.0,0.0,
2017-04-19,298.6499938964844,298.6499938964844,298.6499938964844,298.6499938964844,11.0,0.0,0.0,
2017-04-20,300.0,300.3999938964844,300.0,300.3999938964844,9.0,0.0,0.0,
2017-04-21,299.2000122070312,299.2000122070312,299.2000122070312,299.2000122070312,1.0,0.0,0.0,
2017-04-24,303.1499938964844,303.1499938964844,300.6499938964844,302.3500061035156,23.0,0.0,0.0,
2017-04-25,305.0,305.0,303.8500061035156,303.8500061035156,22.0,0.0,0.0,
2017-04-26,306.5499877929688,306.5499877929688,306.5499877929688,306.5499877929688,19.0,0.0,0.0,
2017-04-27,306.5,306.9500122070312,306.5,306.9500122070312,39.0,0.0,0.0,
2017-04-28,304.2000122070312,306.0,304.2000122070312,304.6499938964844,58.0,0.0,0.0,
2017-05-02,307.0,307.0,307.0,307.0,15.0,0.0,0.0,
2017-05-03,304.7999877929688,304.7999877929688,304.0,304.0,34.0,0.0,0.0,
2017-05-04,308.9500122070312,308.9500122070312,308.9500122070312,308.9500122070312,4.0,0.0,0.0,
2017-05-05,306.0,306.0,304.5499877929688,304.5499877929688,48.0,0.0,0.0,
2017-05-08,305.1834106445312,305.1834106445312,305.1834106445312,305.1834106445312,0.0,0.0,0.0,
2017-05-09,305.3500061035156,305.3500061035156,305.3500061035156,305.3500061035156,19.0,0.0,0.0,
2017-05-10,307.5,308.3500061035156,307.5,308.25,40.0,0.0,0.0,
2017-05-11,309.5,309.5,309.5,309.5,19.0,0.0,0.0,
2017-05-12,309.0,309.0,306.6000061035156,306.6000061035156,35.0,0.0,0.0,
2017-05-15,311.0,311.8500061035156,311.0,311.0,8.0,0.0,0.0,
2017-05-16,311.8847045898438,311.8847045898438,311.8847045898438,311.8847045898438,0.0,0.0,0.0,
2017-05-17,313.0,315.7999877929688,312.5499877929688,315.7999877929688,93.0,0.0,0.0,
2017-05-18,312.3500061035156,312.3500061035156,312.0,312.0,39.0,0.0,0.0,
2017-05-19,314.25,314.25,314.25,314.25,5.0,0.0,0.0,
2017-05-22,313.3500061035156,314.0,312.5499877929688,314.0,93.0,0.0,0.0,
2017-05-23,309.6737060546875,309.6737060546875,309.6737060546875,309.6737060546875,0.0,0.0,0.0,
2017-05-24,310.6000061035156,310.6000061035156,310.6000061035156,310.6000061035156,1.0,0.0,0.0,
2017-05-25,311.0,313.3500061035156,311.0,313.3500061035156,2.0,0.0,0.0,
2017-05-26,315.0,316.0,314.9500122070312,316.0,40.0,0.0,0.0,
2017-05-29,317.1499938964844,317.1499938964844,316.7699890136719,317.0199890136719,38.0,0.0,0.0,
2017-05-30,318.0,318.0,317.9500122070312,317.9500122070312,45.0,0.0,0.0,
2017-05-31,320.2999877929688,320.2999877929688,318.0,318.1000061035156,91.0,0.0,0.0,
2017-06-01,318.0499877929688,318.1000061035156,318.0499877929688,318.1000061035156,186.0,0.0,0.0,
2017-06-02,319.8500061035156,319.8500061035156,319.7000122070312,319.7999877929688,250.0,0.0,0.0,
2017-06-05,320.2000122070312,320.2000122070312,320.2000122070312,320.2000122070312,10.0,0.0,0.0,
2017-06-06,318.95849609375,318.95849609375,318.95849609375,318.95849609375,0.0,0.0,0.0,
2017-06-07,321.0,322.25,321.0,322.25,2.0,0.0,0.0,
2017-06-08,321.6000061035156,322.0499877929688,319.2000122070312,322.0499877929688,101.0,0.0,0.0,
2017-06-09,319.0499877929688,319.0499877929688,319.0499877929688,319.0499877929688,38.0,0.0,0.0,
2017-06-12,317.9866943359375,317.9866943359375,317.9866943359375,317.9866943359375,0.0,0.0,0.0,
2017-06-13,319.3999938964844,319.3999938964844,319.3999938964844,319.3999938964844,32.0,0.0,0.0,
2017-06-14,318.768310546875,318.768310546875,318.768310546875,318.768310546875,0.0,0.0,0.0,
2017-06-15,317.9800109863281,317.9800109863281,317.9800109863281,317.9800109863281,0.0,0.0,0.0,
2017-06-16,313.0499877929688,326.0,313.0499877929688,319.6799926757812,3.0,0.0,0.0,
2017-06-19,319.1499938964844,319.1499938964844,318.3500061035156,319.1000061035156,39.0,0.0,0.0,
2017-06-20,319.3500061035156,319.3500061035156,319.3500061035156,319.3500061035156,2.0,0.0,0.0,
2017-06-21,319.0,326.0,319.0,323.5,78.0,0.0,0.0,
2017-06-22,322.2000122070312,324.0,320.9500122070312,321.1499938964844,2027.0,0.0,0.0,
2017-06-23,326.0,326.0,320.0,323.0,2.0,0.0,0.0,
2017-06-27,319.0,319.0,317.6499938964844,317.6499938964844,8.0,0.0,0.0,
2017-06-28,317.4500122070312,317.4500122070312,317.4500122070312,317.4500122070312,1.0,0.0,0.0,
2017-06-29,313.6499938964844,313.6499938964844,313.6499938964844,313.6499938964844,1.0,0.0,0.0,
2017-06-30,315.5,315.5,315.5,315.5,16.0,0.0,0.0,
2017-07-03,319.7000122070312,319.7000122070312,318.3999938964844,318.3999938964844,23.0,0.0,0.0,
2017-07-04,322.0,322.0,320.0,320.0,120.0,0.0,0.0,
2017-07-05,322.5,322.5,319.0,319.0,39.0,0.0,0.0,
2017-07-06,323.7999877929688,323.7999877929688,323.7999877929688,323.7999877929688,2.0,0.0,0.0,
2017-07-07,321.5614929199219,321.5614929199219,321.5614929199219,321.5614929199219,0.0,0.0,0.0,
2017-07-10,324.5499877929688,324.5499877929688,324.5499877929688,324.5499877929688,1.0,0.0,0.0,
2017-07-11,325.2000122070312,325.2000122070312,325.0,325.0,114.0,0.0,0.0,
2017-07-12,326.0,327.0,326.0,326.5,2.0,0.0,0.0,
2017-07-13,326.0,329.2999877929688,326.0,329.2999877929688,19.0,0.0,0.0,
2017-07-14,328.0,329.4500122070312,328.0,329.4500122070312,2.0,0.0,0.0,
2017-07-17,329.0,329.0,329.0,329.0,57.0,0.0,0.0,
2017-07-18,324.8500061035156,328.0,324.8500061035156,328.0,51.0,0.0,0.0,
2017-07-19,326.0,326.0,326.0,326.0,19.0,0.0,0.0,
2017-07-20,330.4500122070312,330.4500122070312,330.4500122070312,330.4500122070312,1.0,0.0,0.0,
2017-07-21,328.0,328.0,328.0,328.0,138.0,0.0,0.0,
2017-07-24,331.0499877929688,331.0499877929688,329.0,329.0,64.0,0.0,0.0,
2017-07-25,332.9500122070312,332.9500122070312,330.0,330.0,60.0,0.0,0.0,
2017-07-26,331.0,331.3500061035156,331.0,331.3399963378906,78.0,0.0,0.0,
2017-07-27,335.9500122070312,336.0,335.6499938964844,336.0,302.0,0.0,0.0,
2017-07-28,333.4500122070312,333.4500122070312,333.4500122070312,333.4500122070312,1.0,0.0,0.0,
2017-07-31,334.0,336.8999938964844,331.0,336.8999938964844,791.0,0.0,0.0,
2017-08-01,335.0,335.0,335.0,335.0,4.0,0.0,0.0,
2017-08-02,336.2999877929688,336.2999877929688,334.6000061035156,334.6000061035156,200.0,0.0,0.0,
2017-08-03,331.75,331.75,331.75,331.75,123.0,0.0,0.0,
2017-08-04,331.7000122070312,331.7000122070312,331.7000122070312,331.7000122070312,9.0,0.0,0.0,
2017-08-07,331.7000122070312,331.7000122070312,331.7000122070312,331.7000122070312,19.0,0.0,0.0,
2017-08-08,328.0,328.0,327.0,327.0,20.0,0.0,0.0,
2017-08-09,330.0,331.0,330.0,331.0,150.0,0.0,0.0,
2017-08-10,328.0,328.0,326.4500122070312,326.4500122070312,4.0,0.0,0.0,
2017-08-11,323.4500122070312,324.7999877929688,322.6499938964844,322.6499938964844,120.0,0.0,0.0,
2017-08-14,326.2999877929688,326.2999877929688,326.2999877929688,326.2999877929688,7.0,0.0,0.0,
2017-08-16,325.0499877929688,325.0499877929688,325.0499877929688,325.0499877929688,1.0,0.0,0.0,
2017-08-17,328.6000061035156,328.8999938964844,324.0,328.8999938964844,555.0,0.0,0.0,
2017-08-18,326.0,326.0,326.0,326.0,10.0,0.0,0.0,
2017-08-21,326.1000061035156,326.1000061035156,325.8500061035156,325.8500061035156,101.0,0.0,0.0,
2017-08-22,325.4500122070312,325.4500122070312,325.4500122070312,325.4500122070312,2.0,0.0,0.0,
2017-08-23,325.4500122070312,325.4500122070312,325.4500122070312,325.4500122070312,0.0,0.0,0.0,
2017-08-24,326.4500122070312,326.8999938964844,326.2999877929688,326.8999938964844,57.0,0.0,0.0,
2017-08-28,329.5,329.5,329.5,329.5,2.0,0.0,0.0,
2017-08-29,324.6499938964844,324.6499938964844,324.6499938964844,324.6499938964844,5.0,0.0,0.0,
2017-08-30,324.6499938964844,324.6499938964844,324.6499938964844,324.6499938964844,0.0,0.0,0.0,
2017-08-31,328.0,328.0,327.7000122070312,327.7000122070312,19.0,0.0,0.0,
2017-09-01,329.1499938964844,329.3999938964844,328.6000061035156,329.0199890136719,34.0,0.0,0.0,
2017-09-04,330.7000122070312,330.7000122070312,330.2999877929688,330.2999877929688,5.0,0.0,0.0,
2017-09-05,328.0499877929688,328.0499877929688,328.0499877929688,328.0499877929688,38.0,0.0,0.0,
2017-09-06,328.0499877929688,328.0499877929688,328.0499877929688,328.0499877929688,0.0,0.0,0.0,
2017-09-07,318.0,326.0,318.0,326.0,2.0,0.0,0.0,
2017-09-08,326.0,326.0,326.0,326.0,0.0,0.0,0.0,
2017-09-11,326.0,326.0,326.0,326.0,0.0,0.0,0.0,
2017-09-12,331.25,331.25,331.25,331.25,19.0,0.0,0.0,
2017-09-13,334.8999938964844,334.8999938964844,334.1000061035156,334.1000061035156,19.0,0.0,0.0,
2017-09-14,334.4500122070312,334.4500122070312,334.4500122070312,334.4500122070312,10.0,0.0,0.0,
2017-09-15,334.4500122070312,334.4500122070312,334.4500122070312,334.4500122070312,0.0,0.0,0.0,
2017-09-18,336.4500122070312,336.4500122070312,336.4500122070312,336.4500122070312,1.0,0.0,0.0,
2017-09-19,336.4500122070312,336.4500122070312,336.4500122070312,336.4500122070312,0.0,0.0,0.0,
2017-09-20,336.4500122070312,336.4500122070312,336.4500122070312,336.4500122070312,0.0,0.0,0.0,
2017-09-21,336.4500122070312,336.4500122070312,336.4500122070312,336.4500122070312,0.0,0.0,0.0,
2017-09-22,333.6499938964844,333.6499938964844,330.75,330.75,310.0,0.0,0.0,
2017-09-25,329.5,329.5,326.4500122070312,326.9500122070312,46.0,0.0,0.0,
2017-09-26,327.0499877929688,327.0499877929688,327.0499877929688,327.0499877929688,18.0,0.0,0.0,
2017-09-27,327.0499877929688,327.0499877929688,327.0499877929688,327.0499877929688,0.0,0.0,0.0,
2017-09-28,327.0499877929688,327.0499877929688,327.0499877929688,327.0499877929688,0.0,0.0,0.0,
2017-09-29,318.0,324.0,318.0,324.0,302.0,0.0,0.0,
2017-10-03,327.25,327.25,327.25,327.25,14.0,0.0,0.0,
2017-10-04,328.0499877929688,328.0499877929688,327.3500061035156,327.3500061035156,23.0,0.0,0.0,
2017-10-05,329.0499877929688,329.0499877929688,329.0499877929688,329.0499877929688,5.0,0.0,0.0,
2017-10-06,329.0499877929688,329.0499877929688,329.0499877929688,329.0499877929688,0.0,0.0,0.0,
2017-10-09,329.0499877929688,329.0499877929688,329.0499877929688,329.0499877929688,0.0,0.0,0.0,
2017-10-10,329.0499877929688,329.0499877929688,329.0499877929688,329.0499877929688,0.0,0.0,0.0,
2017-10-11,329.1499938964844,329.1499938964844,329.1499938964844,329.1499938964844,19.0,0.0,0.0,
2017-10-12,328.0,328.0,327.0,327.0,2.0,0.0,0.0,
2017-10-13,336.3500061035156,336.3500061035156,336.3500061035156,336.3500061035156,1.0,0.0,0.0,
2017-10-16,336.6000061035156,336.6000061035156,336.6000061035156,336.6000061035156,50.0,0.0,0.0,
2017-10-17,336.6000061035156,336.6000061035156,336.6000061035156,336.6000061035156,0.0,0.0,0.0,
2017-10-18,336.6000061035156,336.6000061035156,336.6000061035156,336.6000061035156,0.0,0.0,0.0,
2017-10-19,346.0,354.0,321.0,337.5700073242188,2102.0,0.0,0.0,
2017-10-23,336.9500122070312,336.9500122070312,336.9500122070312,336.9500122070312,2.0,0.0,0.0,
2017-10-24,337.0,337.0,337.0,337.0,58.0,0.0,0.0,
2017-10-25,341.2000122070312,341.2000122070312,341.2000122070312,341.2000122070312,2.0,0.0,0.0,
2017-10-26,343.0,343.0,343.0,343.0,10.0,0.0,0.0,
2017-10-27,344.0499877929688,344.0499877929688,344.0499877929688,344.0499877929688,18.0,0.0,0.0,
2017-10-30,344.0499877929688,344.0499877929688,338.8999938964844,338.8999938964844,150.0,0.0,0.0,
2017-10-31,345.6499938964844,345.6499938964844,340.0,340.0,1250.0,0.0,0.0,
2017-11-01,346.0,349.5,346.0,349.5,3.0,0.0,0.0,
2017-11-02,347.6499938964844,349.2999877929688,347.6499938964844,349.1000061035156,24.0,0.0,0.0,
2017-11-03,346.0,350.25,346.0,350.25,35.0,0.0,0.0,
2017-11-06,349.2300109863281,353.0,349.2300109863281,353.0,528.0,0.0,0.0,
2017-11-07,348.4500122070312,348.4500122070312,344.5,344.8399963378906,405.0,0.0,0.0,
2017-11-08,344.8399963378906,344.8399963378906,344.8399963378906,344.8399963378906,0.0,0.0,0.0,
2017-11-09,344.5,344.5,344.5,344.5,19.0,0.0,0.0,
2017-11-10,345.0,345.0,345.0,345.0,38.0,0.0,0.0,
2017-11-13,345.0,345.0,345.0,345.0,0.0,0.0,0.0,
2017-11-14,343.0,343.0,340.8999938964844,340.8999938964844,2.0,0.0,0.0,
2017-11-15,342.0,342.0,339.2999877929688,339.2999877929688,2.0,0.0,0.0,
2017-11-16,339.2999877929688,339.2999877929688,339.2999877929688,339.2999877929688,0.0,0.0,0.0,
2017-11-17,346.5,346.6499938964844,344.3999938964844,344.5199890136719,38.0,0.0,0.0,
2017-11-20,346.7000122070312,346.7000122070312,345.2999877929688,345.7000122070312,40.0,0.0,0.0,
2017-11-21,345.7000122070312,345.7000122070312,345.7000122070312,345.7000122070312,0.0,0.0,0.0,
2017-11-22,348.2999877929688,348.5,348.2999877929688,348.5,6.0,0.0,0.0,
2017-11-23,347.5499877929688,347.5499877929688,347.5499877929688,347.5499877929688,10.0,0.0,0.0,
2017-11-24,348.9500122070312,348.9500122070312,348.9500122070312,348.9500122070312,152.0,0.0,0.0,
2017-11-27,348.25,348.2999877929688,348.25,348.2999877929688,6.0,0.0,0.0,
2017-11-28,348.2999877929688,348.2999877929688,348.2999877929688,348.2999877929688,0.0,0.0,0.0,
2017-11-29,348.2999877929688,348.2999877929688,348.2999877929688,348.2999877929688,0.0,0.0,0.0,
2017-11-30,348.2999877929688,348.2999877929688,348.2999877929688,348.2999877929688,0.0,0.0,0.0,
2017-12-01,343.6499938964844,343.6499938964844,341.0,341.0,145.0,0.0,0.0,
2017-12-04,341.0,341.0,341.0,341.0,0.0,0.0,0.0,
2017-12-05,340.5499877929688,344.0,340.5499877929688,341.0,2600.0,0.0,0.0,
2017-12-06,338.0,343.5499877929688,337.75,342.4400024414062,2171.0,0.0,0.0,
2017-12-07,342.4400024414062,342.4400024414062,342.4400024414062,342.4400024414062,0.0,0.0,0.0,
2017-12-08,343.7000122070312,343.7000122070312,343.7000122070312,343.7000122070312,10.0,0.0,0.0,
2017-12-11,343.7000122070312,343.7000122070312,343.7000122070312,343.7000122070312,0.0,0.0,0.0,
2017-12-12,349.2999877929688,351.1499938964844,344.4500122070312,344.4500122070312,1050.0,0.0,0.0,
2017-12-13,345.25,345.25,343.1499938964844,343.1499938964844,24.0,0.0,0.0,
2017-12-14,343.8500061035156,344.7000122070312,343.8500061035156,344.7000122070312,88.0,0.0,0.0,
2017-12-15,345.4500122070312,345.4500122070312,345.0,345.0,64.0,0.0,0.0,
2017-12-18,350.5499877929688,350.5499877929688,350.5499877929688,350.5499877929688,20.0,0.0,0.0,
2017-12-19,346.6499938964844,346.6499938964844,346.6499938964844,346.6499938964844,50.0,0.0,0.0,
2017-12-20,346.6499938964844,346.6499938964844,346.6499938964844,346.6499938964844,0.0,0.0,0.0,
2017-12-21,346.6499938964844,346.6499938964844,346.6499938964844,346.6499938964844,0.0,0.0,0.0,
2017-12-22,346.6499938964844,346.6499938964844,346.6499938964844,346.6499938964844,0.0,0.0,0.0,
2017-12-26,349.0,349.0,345.0,345.0,20.0,0.0,0.0,
2017-12-27,366.0,368.0,366.0,367.8999938964844,21.0,0.0,0.0,
2017-12-28,365.5,365.5,365.5,365.5,70.0,0.0,0.0,
2017-12-29,352.0,360.0,352.0,360.0,830.0,0.0,0.0,
2018-01-01,360.0,360.0,349.0,349.0,32.0,0.0,0.0,
2018-01-02,349.0,349.0,349.0,349.0,0.0,0.0,0.0,
2018-01-03,349.0,349.0,349.0,349.0,0.0,0.0,0.0,
2018-01-04,349.0,349.0,349.0,349.0,0.0,0.0,0.0,
2018-01-05,349.0,349.0,349.0,349.0,0.0,0.0,0.0,
2018-01-08,350.0,354.8999938964844,350.0,354.8999938964844,827.0,0.0,0.0,
2018-01-09,354.8999938964844,354.8999938964844,354.8999938964844,354.8999938964844,0.0,0.0,0.0,
2018-01-10,354.8999938964844,355.5,354.8999938964844,355.5,12.0,0.0,0.0,
2018-01-11,355.5,355.5,355.5,355.5,0.0,0.0,0.0,
2018-01-12,351.1000061035156,355.7000122070312,351.1000061035156,355.7000122070312,5000.0,0.0,0.0,
2018-01-15,355.7000122070312,355.7000122070312,355.7000122070312,355.7000122070312,0.0,0.0,0.0,
2018-01-16,355.7000122070312,355.7000122070312,355.7000122070312,355.7000122070312,0.0,0.0,0.0,
2018-01-17,352.1000061035156,359.5,352.1000061035156,359.5,700.0,0.0,0.0,
2018-01-18,357.0,357.0,355.0,355.760009765625,231.0,0.0,0.0,
2018-01-19,366.0,370.5,365.8500061035156,369.3999938964844,275.0,0.0,0.0,
2018-01-22,366.0,372.5499877929688,366.0,372.5499877929688,70.0,0.0,0.0,
2018-01-23,372.5499877929688,374.0,372.5499877929688,374.0,166.0,0.0,0.0,
2018-01-24,377.75,378.7000122070312,343.7000122070312,375.4400024414062,1285.0,0.0,0.0,
2018-01-25,375.4400024414062,375.4400024414062,375.4400024414062,375.4400024414062,0.0,0.0,0.0,
2018-01-29,375.4400024414062,375.4400024414062,375.4400024414062,375.4400024414062,0.0,0.0,0.0,
2018-01-30,373.6000061035156,373.6000061035156,373.6000061035156,373.6000061035156,19.0,0.0,0.0,
2018-01-31,373.8999938964844,373.8999938964844,373.3500061035156,373.3500061035156,22.0,0.0,0.0,
2018-02-01,372.0,372.0,372.0,372.0,19.0,0.0,0.0,
2018-02-02,366.7999877929688,366.7999877929688,362.3999938964844,362.4700012207031,117.0,0.0,0.0,
2018-02-05,360.3999938964844,360.75,359.5,360.75,86.0,0.0,0.0,
2018-02-06,349.3500061035156,357.0,349.3500061035156,357.0,288.0,0.0,0.0,
2018-02-07,356.3999938964844,356.3999938964844,355.0,355.0,11.0,0.0,0.0,
2018-02-08,355.0,355.0,355.0,355.0,0.0,0.0,0.0,
2018-02-09,352.6000061035156,352.6000061035156,350.8999938964844,350.8999938964844,50.0,0.0,0.0,
2018-02-12,350.8999938964844,350.8999938964844,350.8999938964844,350.8999938964844,0.0,0.0,0.0,
2018-02-14,356.1499938964844,356.1499938964844,356.1499938964844,356.1499938964844,1.0,0.0,0.0,
2018-02-15,358.1000061035156,358.1000061035156,358.1000061035156,358.1000061035156,3.0,0.0,0.0,
2018-02-16,358.1000061035156,358.1000061035156,358.1000061035156,358.1000061035156,0.0,0.0,0.0,
2018-02-19,360.0,370.0,350.5499877929688,350.5499877929688,8.0,0.0,0.0,
2018-02-20,353.0499877929688,353.0499877929688,348.0,350.8500061035156,200.0,0.0,0.0,
2018-02-21,350.8500061035156,350.8500061035156,350.8500061035156,350.8500061035156,19.0,0.0,0.0,
2018-02-22,350.8500061035156,350.8500061035156,350.8500061035156,350.8500061035156,0.0,0.0,0.0,
2018-02-23,351.5,353.8500061035156,351.5,353.75,224.0,0.0,0.0,
2018-02-26,353.75,353.75,353.75,353.75,0.0,0.0,0.0,
2018-02-27,357.2999877929688,357.2999877929688,357.2999877929688,357.2999877929688,22.0,0.0,0.0,
2018-02-28,355.2000122070312,356.0,355.2000122070312,356.0,99.0,0.0,0.0,
2018-03-01,356.0,356.0,356.0,356.0,0.0,0.0,0.0,
2018-03-05,356.0,356.0,356.0,356.0,0.0,0.0,0.0,
2018-03-06,353.0,353.0,345.2999877929688,345.5199890136719,52.0,0.0,0.0,
2018-03-07,346.3500061035156,346.3500061035156,344.0499877929688,344.0499877929688,58.0,0.0,0.0,
2018-03-08,342.8500061035156,345.75,342.8500061035156,345.0,42.0,0.0,0.0,
2018-03-09,345.0,345.0,345.0,345.0,0.0,0.0,0.0,
2018-03-12,350.3500061035156,350.3500061035156,346.8500061035156,346.8500061035156,116.0,0.0,0.0,
2018-03-13,346.8500061035156,346.8500061035156,346.8500061035156,346.8500061035156,0.0,0.0,0.0,
2018-03-14,346.8500061035156,346.8500061035156,346.8500061035156,346.8500061035156,0.0,0.0,0.0,
2018-03-15,346.8500061035156,346.8500061035156,346.8500061035156,346.8500061035156,0.0,0.0,0.0,
2018-03-16,347.75,347.75,345.8500061035156,345.9500122070312,175.0,0.0,0.0,
2018-03-19,345.2000122070312,345.2000122070312,340.0,343.1199951171875,922.0,0.0,0.0,
2018-03-20,342.2000122070312,344.1000061035156,340.9500122070312,343.1499938964844,47.0,0.0,0.0,
2018-03-21,344.3999938964844,345.6000061035156,343.7000122070312,344.0,158.0,0.0,0.0,
2018-03-22,346.3500061035156,346.3500061035156,342.1499938964844,342.1499938964844,23.0,0.0,0.0,
2018-03-23,340.0,340.0,339.5,339.5,24.0,0.0,0.0,
2018-03-26,339.8999938964844,339.8999938964844,339.8999938964844,339.8999938964844,4.0,0.0,0.0,
2018-03-27,339.8999938964844,339.8999938964844,339.8999938964844,339.8999938964844,0.0,0.0,0.0,
2018-03-28,342.7000122070312,343.1499938964844,342.7000122070312,343.0599975585938,49.0,0.0,0.0,
2018-04-02,344.6499938964844,344.75,343.8999938964844,344.75,29.0,0.0,0.0,
2018-04-03,346.0,346.2999877929688,346.0,346.2999877929688,18.0,0.0,0.0,
2018-04-04,346.3500061035156,349.3500061035156,346.3500061035156,349.3500061035156,502.0,0.0,0.0,
2018-04-05,347.0,348.0,347.0,348.0,70.0,0.0,0.0,
2018-04-06,348.1000061035156,348.1000061035156,348.1000061035156,348.1000061035156,1.0,0.0,0.0,
2018-04-09,350.0,351.3999938964844,350.0,351.2999877929688,3.0,0.0,0.0,
2018-04-10,350.0,352.7000122070312,350.0,351.3999938964844,130.0,0.0,0.0,
2018-04-11,351.3999938964844,351.3999938964844,351.3999938964844,351.3999938964844,0.0,0.0,0.0,
2018-04-12,354.0,354.0,354.0,354.0,6.0,0.0,0.0,
2018-04-13,355.4500122070312,355.4500122070312,353.9500122070312,354.5499877929688,39.0,0.0,0.0,
2018-04-16,355.5,356.25,355.3500061035156,355.6000061035156,32.0,0.0,0.0,
2018-04-17,357.0499877929688,357.0499877929688,357.0499877929688,357.0499877929688,1.0,0.0,0.0,
2018-04-18,358.7000122070312,358.7000122070312,357.0499877929688,357.0499877929688,31.0,0.0,0.0,
2018-04-19,358.5,358.5,358.2000122070312,358.2000122070312,3.0,0.0,0.0,
2018-04-20,358.0,358.25,355.8500061035156,358.25,207.0,0.0,0.0,
2018-04-23,358.25,359.5,358.25,359.5,3.0,0.0,0.0,
2018-04-24,360.0,360.3500061035156,358.5499877929688,359.8999938964844,51.0,0.0,0.0,
2018-04-25,359.4500122070312,359.4500122070312,359.4500122070312,359.4500122070312,3.0,0.0,0.0,
2018-04-26,359.4500122070312,361.75,359.4500122070312,359.5499877929688,27.0,0.0,0.0,
2018-04-27,361.3500061035156,363.8999938964844,361.3500061035156,363.8999938964844,2.0,0.0,0.0,
2018-04-30,365.6000061035156,365.6000061035156,365.6000061035156,365.6000061035156,25.0,0.0,0.0,
2018-05-02,364.5499877929688,366.5,364.5499877929688,365.7000122070312,48.0,0.0,0.0,
2018-05-03,365.2999877929688,367.0,365.2999877929688,365.8999938964844,121.0,0.0,0.0,
2018-05-04,362.5,362.5,362.5,362.5,19.0,0.0,0.0,
2018-05-07,363.0,363.0,363.0,363.0,19.0,0.0,0.0,
2018-05-08,365.0,366.8999938964844,365.0,366.0,4.0,0.0,0.0,
2018-05-09,366.5499877929688,366.5499877929688,366.0,366.4100036621094,105.0,0.0,0.0,
2018-05-10,367.6000061035156,367.6000061035156,367.6000061035156,367.6000061035156,1.0,0.0,0.0,
2018-05-11,367.8999938964844,368.4500122070312,364.6000061035156,368.3599853515625,104.0,0.0,0.0,
2018-05-14,368.3599853515625,368.3599853515625,368.3599853515625,368.3599853515625,0.0,0.0,0.0,
2018-05-15,371.8500061035156,371.8500061035156,366.7999877929688,370.6000061035156,191.0,0.0,0.0,
2018-05-16,370.6000061035156,370.6000061035156,370.6000061035156,370.6000061035156,0.0,0.0,0.0,
2018-05-17,367.1499938964844,367.1499938964844,367.1499938964844,367.1499938964844,20.0,0.0,0.0,
2018-05-18,365.0,365.0,362.7999877929688,363.0,15.0,0.0,0.0,
2018-05-21,363.0,366.7000122070312,360.25,360.25,188.0,0.0,0.0,
2018-05-22,360.9500122070312,361.7000122070312,360.1499938964844,361.7000122070312,3.0,0.0,0.0,
2018-05-23,358.0,358.0,356.7999877929688,356.7999877929688,2.0,0.0,0.0,
2018-05-24,356.7999877929688,356.7999877929688,356.7999877929688,356.7999877929688,0.0,0.0,0.0,
2018-05-25,363.25,363.25,361.7000122070312,362.2900085449219,41.0,0.0,0.0,
2018-05-28,362.2900085449219,362.2900085449219,362.2900085449219,362.2900085449219,0.0,0.0,0.0,
2018-05-29,366.6000061035156,366.6000061035156,364.7999877929688,364.7999877929688,8.0,0.0,0.0,
2018-05-30,364.7999877929688,364.7999877929688,364.7999877929688,364.7999877929688,0.0,0.0,0.0,
2018-05-31,364.8500061035156,366.0499877929688,364.8500061035156,366.0,79.0,0.0,0.0,
2018-06-01,366.0,366.0,366.0,366.0,0.0,0.0,0.0,
2018-06-04,366.0,366.0,366.0,366.0,0.0,0.0,0.0,
2018-06-05,363.0,364.9500122070312,362.6000061035156,364.9500122070312,42.0,0.0,0.0,
2018-06-06,364.9500122070312,364.9500122070312,364.9500122070312,364.9500122070312,0.0,0.0,0.0,
2018-06-07,369.6499938964844,369.6499938964844,369.6499938964844,369.6499938964844,20.0,0.0,0.0,
2018-06-08,368.9500122070312,368.9500122070312,368.9500122070312,368.9500122070312,10.0,0.0,0.0,
2018-06-11,371.5,371.5,371.5,371.5,1.0,0.0,0.0,
2018-06-12,370.8999938964844,371.1000061035156,370.8999938964844,371.1000061035156,16.0,0.0,0.0,
2018-06-13,371.1000061035156,371.1000061035156,371.1000061035156,371.1000061035156,0.0,0.0,0.0,
2018-06-14,371.8999938964844,371.8999938964844,371.8999938964844,371.8999938964844,10.0,0.0,0.0,
2018-06-15,372.9500122070312,373.8500061035156,370.5,370.5,103.0,0.0,0.0,
2018-06-18,370.5,370.5,370.5,370.5,0.0,0.0,0.0,
2018-06-19,370.5,370.5,370.5,370.5,0.0,0.0,0.0,
2018-06-20,368.8999938964844,376.9500122070312,368.8999938964844,376.9500122070312,214.0,0.0,0.0,
2018-06-21,374.0,375.0,374.0,375.0,22.0,0.0,0.0,
2018-06-22,375.0,379.9500122070312,375.0,379.9500122070312,208.0,0.0,0.0,
2018-06-25,375.0,379.7999877929688,375.0,375.0,210.0,0.0,0.0,
2018-06-26,375.0,375.0,375.0,375.0,0.0,0.0,0.0,
2018-06-27,375.0,375.0,374.0,374.0,3.0,0.0,0.0,
2018-06-28,380.0,381.0,379.0,379.0,33.0,0.0,0.0,
2018-06-29,378.0,378.0,365.1000061035156,365.8200073242188,6.0,0.0,0.0,
2018-07-02,365.0,379.3999938964844,358.8999938964844,363.1499938964844,37.0,0.0,0.0,
2018-07-03,380.0,380.0,362.0,362.0,23.0,0.0,0.0,
2018-07-04,362.0,369.9500122070312,362.0,369.9500122070312,6.0,0.0,0.0,
2018-07-05,369.9500122070312,369.9500122070312,369.9500122070312,369.9500122070312,0.0,0.0,0.0,
2018-07-06,368.0,368.0,368.0,368.0,19.0,0.0,0.0,
2018-07-09,370.0,374.9500122070312,370.0,374.9500122070312,12.0,0.0,0.0,
2018-07-10,374.9500122070312,375.0499877929688,367.7999877929688,367.7999877929688,1026.0,0.0,0.0,
2018-07-11,377.0,377.0,368.3999938964844,375.9500122070312,188.0,0.0,0.0,
2018-07-12,373.0,375.0,373.0,375.0,203.0,0.0,0.0,
2018-07-13,374.0,376.0,373.1000061035156,376.0,159.0,0.0,0.0,
2018-07-16,380.5,380.5,380.5,380.5,1.0,0.0,0.0,
2018-07-17,380.0,380.6499938964844,380.0,380.6499938964844,2.0,0.0,0.0,
2018-07-18,380.6499938964844,380.6499938964844,380.6499938964844,380.6499938964844,0.0,0.0,0.0,
2018-07-19,380.6499938964844,380.6499938964844,380.6499938964844,380.6499938964844,0.0,0.0,0.0,
2018-07-20,380.6499938964844,380.6499938964844,380.0,380.6499938964844,123.0,0.0,0.0,
2018-07-23,380.6499938964844,380.6499938964844,380.6499938964844,380.6499938964844,0.0,0.0,0.0,
2018-07-24,380.6499938964844,384.0,379.0,384.0,40.0,0.0,0.0,
2018-07-25,381.0,384.0,376.0,383.8999938964844,184.0,0.0,0.0,
2018-07-26,384.3999938964844,384.3999938964844,384.3999938964844,384.3999938964844,2.0,0.0,0.0,
2018-07-27,384.3999938964844,384.3999938964844,384.3999938964844,384.3999938964844,0.0,0.0,0.0,
2018-07-30,389.8999938964844,389.8999938964844,382.0,382.0,99.0,0.0,0.0,
2018-07-31,391.0,391.0,390.2000122070312,390.2000122070312,48.0,0.0,0.0,
2018-08-01,392.8999938964844,392.8999938964844,392.0499877929688,392.0499877929688,31.0,0.0,0.0,
2018-08-02,389.8999938964844,389.8999938964844,383.1000061035156,384.0599975585938,152.0,0.0,0.0,
2018-08-03,391.1000061035156,391.75,391.1000061035156,391.75,3.0,0.0,0.0,
2018-08-06,396.0,396.0,385.0,393.7000122070312,4.0,0.0,0.0,
2018-08-07,394.0499877929688,396.0,392.5499877929688,396.0,222.0,0.0,0.0,
2018-08-08,393.7000122070312,394.7999877929688,393.7000122070312,394.7999877929688,200.0,0.0,0.0,
2018-08-09,396.5,398.0,396.5,398.0,64.0,0.0,0.0,
2018-08-10,397.8500061035156,397.8500061035156,395.0,395.0,90.0,0.0,0.0,
2018-08-13,394.0,394.0,392.6000061035156,393.75,32.0,0.0,0.0,
2018-08-14,395.75,395.75,395.75,395.75,12.0,0.0,0.0,
2018-08-16,395.0,400.0499877929688,395.0,395.0,203.0,0.0,0.0,
2018-08-17,397.25,398.1000061035156,396.2000122070312,398.1000061035156,24.0,0.0,0.0,
2018-08-20,398.2000122070312,400.1000061035156,398.0,400.0,80.0,0.0,0.0,
2018-08-21,401.0,404.0,401.0,404.0,507.0,0.0,0.0,
2018-08-23,403.0499877929688,406.1000061035156,401.7000122070312,404.0899963378906,209.0,0.0,0.0,
2018-08-24,402.1000061035156,405.3999938964844,401.2999877929688,401.4500122070312,173.0,0.0,0.0,
2018-08-27,403.0,408.1000061035156,400.0,405.9599914550781,293.0,0.0,0.0,
2018-08-28,407.3500061035156,409.0499877929688,407.3500061035156,408.6499938964844,306.0,0.0,0.0,
2018-08-29,407.3999938964844,407.3999938964844,406.0,406.239990234375,189.0,0.0,0.0,
2018-08-30,405.75,405.7999877929688,404.0,404.0,32.0,0.0,0.0,
2018-08-31,410.0,410.0,404.5,404.75,54.0,0.0,0.0,
2018-09-03,406.75,410.0,404.0,404.0,394.0,0.0,0.0,
2018-09-04,400.9500122070312,401.9500122070312,398.1499938964844,400.4200134277344,47.0,0.0,0.0,
2018-09-05,471.4500122070312,471.4500122070312,400.0,412.5499877929688,3864.0,0.0,0.0,
2018-09-06,412.0,412.0,393.3500061035156,399.2000122070312,436.0,0.0,0.0,
2018-09-07,408.0,417.0,397.6000061035156,398.8200073242188,3168.0,0.0,0.0,
2018-09-10,400.2000122070312,402.0,396.0499877929688,396.739990234375,918.0,0.0,0.0,
2018-09-11,400.0,400.0,395.0599975585938,395.0599975585938,220.0,0.0,0.0,
2018-09-12,393.5499877929688,393.75,392.0,393.5499877929688,172.0,0.0,0.0,
2018-09-14,400.0,400.0,396.2999877929688,397.5700073242188,324.0,0.0,0.0,
2018-09-17,397.0,397.0,393.0,393.1499938964844,117.0,0.0,0.0,
2018-09-18,400.0,410.0,391.0499877929688,392.0299987792969,230.0,0.0,0.0,
2018-09-19,400.0,409.9500122070312,400.0,404.9500122070312,19.0,0.0,0.0,
2018-09-21,410.0,420.0,378.2999877929688,385.989990234375,315.0,0.0,0.0,
2018-09-24,400.0,400.0,380.0,381.2200012207031,293.0,0.0,0.0,
2018-09-25,395.0,395.0,378.7000122070312,384.4599914550781,65.0,0.0,0.0,
2018-09-26,383.3500061035156,384.2999877929688,381.8500061035156,383.25,57.0,0.0,0.0,
2018-09-27,383.0,384.0,383.0,384.0,1545.0,0.0,0.0,
2018-09-28,383.0,383.0,378.0,378.7999877929688,33.0,0.0,0.0,
2018-10-01,378.0,379.4500122070312,378.0,379.4500122070312,51.0,0.0,0.0,
2018-10-03,381.5,382.6000061035156,377.5,377.6199951171875,209.0,0.0,0.0,
2018-10-04,373.0,401.7999877929688,369.5499877929688,370.0,1211.0,0.0,0.0,
2018-10-05,370.0,394.8999938964844,362.75,364.8299865722656,1945.0,0.0,0.0,
2018-10-08,362.0,363.1499938964844,358.0,358.0,308.0,0.0,0.0,
2018-10-09,360.1499938964844,361.25,358.7999877929688,359.8399963378906,77.0,0.0,0.0,
2018-10-10,366.0,371.0,363.0,363.489990234375,401.0,0.0,0.0,
2018-10-11,410.0,410.0,360.0,365.0,397.0,0.0,0.0,
2018-10-12,366.7999877929688,426.0,366.7999877929688,412.9500122070312,336.0,0.0,0.0,
2018-10-15,400.0,413.0,380.0,387.9700012207031,75.0,0.0,0.0,
2018-10-16,390.0,425.0,371.75,408.7999877929688,427.0,0.0,0.0,
2018-10-17,408.0,432.0,375.8999938964844,382.2699890136719,599.0,0.0,0.0,
2018-10-19,376.0,400.0,375.0,398.75,32.0,0.0,0.0,
2018-10-22,383.25,399.8999938964844,374.5,399.8999938964844,33.0,0.0,0.0,
2018-10-23,399.0,399.8999938964844,390.0,390.0,43.0,0.0,0.0,
2018-10-24,400.0,414.9500122070312,355.2000122070312,359.75,892.0,0.0,0.0,
2018-10-25,358.0,358.0,356.0,356.6600036621094,229.0,0.0,0.0,
2018-10-26,353.0,359.0,343.8999938964844,353.0499877929688,21672.0,0.0,0.0,
2018-10-29,359.7900085449219,359.7999877929688,354.0,359.7900085449219,26.0,0.0,0.0,
2018-10-30,360.0,360.0,359.6000061035156,359.6000061035156,52.0,0.0,0.0,
2018-10-31,359.6000061035156,360.0,353.0,359.7000122070312,123.0,0.0,0.0,
2018-11-01,358.0,358.0,358.0,358.0,15.0,0.0,0.0,
2018-11-02,358.0,364.75,358.0,364.75,383.0,0.0,0.0,
2018-11-05,364.739990234375,365.0,360.0499877929688,364.9800109863281,38.0,0.0,0.0,
2018-11-06,368.0,368.0,361.0,361.0,74.0,0.0,0.0,
2018-11-07,362.0,365.0,362.0,365.0,49.0,0.0,0.0,
2018-11-09,364.989990234375,365.0,364.989990234375,364.989990234375,93.0,0.0,0.0,
2018-11-12,355.0,365.0,355.0,364.9800109863281,51.0,0.0,0.0,
2018-11-13,365.0,365.0,362.0,365.0,682.0,0.0,0.0,
2018-11-14,379.0,379.0,367.1000061035156,368.0,39.0,0.0,0.0,
2018-11-15,379.0,379.0,368.0,370.0,96.0,0.0,0.0,
2018-11-16,371.5,372.7999877929688,371.0,372.75,44.0,0.0,0.0,
2018-11-19,380.0,384.0,371.0499877929688,373.3299865722656,8.0,0.0,0.0,
2018-11-20,378.0,378.0,371.0,371.0,200.0,0.0,0.0,
2018-11-21,372.0,372.0,369.7000122070312,369.7000122070312,18.0,0.0,0.0,
2018-11-22,373.0,373.0,367.0,367.4700012207031,15.0,0.0,0.0,
2018-11-26,379.0,379.0,369.75,369.7999877929688,14.0,0.0,0.0,
2018-11-27,369.7999877929688,378.7999877929688,366.0199890136719,375.0,38.0,0.0,0.0,
2018-11-28,374.7999877929688,379.75,374.0,374.0,68.0,0.0,0.0,
2018-11-29,380.0,380.0,373.010009765625,373.8999938964844,79.0,0.0,0.0,
2018-11-30,380.0,398.0,379.2000122070312,379.8800048828125,223.0,0.0,0.0,
2018-12-03,380.0,383.8999938964844,380.0,383.6000061035156,36.0,0.0,0.0,
2018-12-04,380.0,381.8999938964844,378.0,379.0,189.0,0.0,0.0,
2018-12-05,378.0,380.8999938964844,375.010009765625,375.3399963378906,37.0,0.0,0.0,
2018-12-06,373.2999877929688,375.4500122070312,371.3999938964844,372.7900085449219,193.0,0.0,0.0,
2018-12-07,373.0,373.3999938964844,373.0,373.2999877929688,27.0,0.0,0.0,
2018-12-10,370.0,370.0,367.0,367.4500122070312,203.0,0.0,0.0,
2018-12-11,365.0,401.7999877929688,363.0,367.0499877929688,348.0,0.0,0.0,
2018-12-12,372.7999877929688,376.2000122070312,371.7999877929688,376.2000122070312,50.0,0.0,0.0,
2018-12-13,376.3500061035156,377.7000122070312,375.5,376.5,202.0,0.0,0.0,
2018-12-14,376.5,376.8500061035156,374.1000061035156,376.5,79.0,0.0,0.0,
2018-12-17,376.8999938964844,376.8999938964844,373.2999877929688,376.7900085449219,55.0,0.0,0.0,
2018-12-18,376.5,376.5,376.5,376.5,1.0,0.0,0.0,
2018-12-19,377.0,384.7999877929688,377.0,381.3800048828125,296.0,0.0,0.0,
2018-12-20,384.8999938964844,384.8999938964844,383.5,383.8999938964844,214.0,0.0,0.0,
2018-12-21,383.5,384.9500122070312,379.0,379.0,58.0,0.0,0.0,
2018-12-24,379.0,379.0,379.0,379.0,223.0,0.0,0.0,
2018-12-26,378.0,378.0,368.3999938964844,369.0,4048.0,0.0,0.0,
2018-12-27,384.8999938964844,384.8999938964844,370.0,371.0,372.0,0.0,0.0,
2018-12-28,383.8999938964844,383.8999938964844,373.0,373.0,39.0,0.0,0.0,
2018-12-31,382.8999938964844,382.8999938964844,370.0,372.3200073242188,146.0,0.0,0.0,
2019-01-01,375.8500061035156,375.8999938964844,370.2000122070312,375.8800048828125,52.0,0.0,0.0,
2019-01-02,379.0,379.0,372.010009765625,377.0,415.0,0.0,0.0,
2019-01-03,372.010009765625,375.5,364.1000061035156,364.5599975585938,431.0,0.0,0.0,
2019-01-04,370.0,370.0,370.0,370.0,10.0,0.0,0.0,
2019-01-07,384.0,384.0,370.0499877929688,377.0899963378906,415.0,0.0,0.0,
2019-01-08,378.989990234375,378.989990234375,370.0,370.1099853515625,146.0,0.0,0.0,
2019-01-09,374.8999938964844,374.9500122070312,369.989990234375,370.1799926757812,245.0,0.0,0.0,
2019-01-10,374.7900085449219,375.2999877929688,373.7999877929688,375.2900085449219,409.0,0.0,0.0,
2019-01-11,375.9800109863281,376.0,375.9800109863281,376.0,74.0,0.0,0.0,
2019-01-14,376.0,376.0,370.1000061035156,375.9500122070312,153.0,0.0,0.0,
2019-01-15,371.1300048828125,377.0,371.1300048828125,376.1300048828125,313.0,0.0,0.0,
2019-01-16,376.989990234375,378.75,375.0,375.1000061035156,22.0,0.0,0.0,
2019-01-17,375.1000061035156,378.0,374.0,374.0,6.0,0.0,0.0,
2019-01-18,374.0,374.0,374.0,374.0,0.0,0.0,0.0,
2019-01-21,379.0,384.0,376.8999938964844,382.6300048828125,1400.0,0.0,0.0,
2019-01-22,376.4500122070312,379.9500122070312,376.1000061035156,376.6000061035156,103.0,0.0,0.0,
2019-01-23,379.9400024414062,379.9500122070312,379.9400024414062,379.9400024414062,115.0,0.0,0.0,
2019-01-24,375.010009765625,379.8999938964844,375.010009765625,379.5,48.0,0.0,0.0,
2019-01-25,379.5,379.5,379.5,379.5,0.0,0.0,0.0,
2019-01-28,376.8999938964844,409.1000061035156,372.1000061035156,377.989990234375,1130.0,0.0,0.0,
2019-01-29,375.1499938964844,375.1499938964844,372.8999938964844,373.7999877929688,469.0,0.0,0.0,
2019-01-30,372.8999938964844,374.8999938964844,371.0499877929688,372.75,110.0,0.0,0.0,
2019-01-31,376.8500061035156,376.8500061035156,372.3999938964844,376.7999877929688,58.0,0.0,0.0,
2019-02-01,376.5,379.9500122070312,376.1000061035156,379.7999877929688,266.0,0.0,0.0,
2019-02-04,382.0,382.0,375.3500061035156,381.6000061035156,604.0,0.0,0.0,
2019-02-05,371.0,382.7999877929688,340.0,382.7900085449219,190.0,0.0,0.0,
2019-02-06,382.0,386.0,380.5499877929688,384.7799987792969,544.0,0.0,0.0,
2019-02-07,385.7999877929688,387.0,385.0,385.0,118.0,0.0,0.0,
2019-02-08,385.0,386.5,381.0499877929688,382.0,99.0,0.0,0.0,
2019-02-11,381.7900085449219,383.0,381.7900085449219,382.6600036621094,378.0,0.0,0.0,
2019-02-12,381.9700012207031,381.9700012207031,381.9700012207031,381.9700012207031,3.0,0.0,0.0,
2019-02-14,377.6499938964844,377.9500122070312,376.5,376.5,12.0,0.0,0.0,
2019-02-15,390.0,390.0,376.2999877929688,379.8900146484375,62.0,0.0,0.0,
2019-02-18,376.2999877929688,387.0,376.0,380.0,582.0,0.0,0.0,
2019-02-19,380.0,380.0,375.0,379.989990234375,173.0,0.0,0.0,
2019-02-20,389.0,389.0,373.010009765625,374.0499877929688,151.0,0.0,0.0,
2019-02-21,374.0499877929688,379.0,373.2000122070312,377.0,125.0,0.0,0.0,
2019-02-22,377.0,379.7900085449219,373.260009765625,377.6099853515625,40.0,0.0,0.0,
2019-02-25,378.0,381.5,377.9800109863281,380.8999938964844,336.0,0.0,0.0,
2019-02-26,385.0,385.0,376.0,378.5,192.0,0.0,0.0,
2019-02-27,380.989990234375,381.0,374.0,374.0,223.0,0.0,0.0,
2019-02-28,381.9800109863281,381.9800109863281,378.6700134277344,380.9299926757812,16.0,0.0,0.0,
2019-03-01,381.9800109863281,382.0,374.0,380.5299987792969,78.0,0.0,0.0,
2019-03-05,389.9500122070312,389.9500122070312,382.0,384.0,311.0,0.0,0.0,
2019-03-06,390.0,411.0,383.5499877929688,387.8500061035156,29.0,0.0,0.0,
2019-03-07,383.5,385.0,376.0499877929688,385.0,41.0,0.0,0.0,
2019-03-08,384.0,456.0,383.989990234375,389.6099853515625,2735.0,0.0,0.0,
2019-03-11,389.989990234375,390.0,383.5,385.1000061035156,233.0,0.0,0.0,
2019-03-12,391.0,401.0,386.8500061035156,388.6600036621094,206.0,0.0,0.0,
2019-03-13,391.0,394.5,390.25,390.6300048828125,209.0,0.0,0.0,
2019-03-14,393.25,393.25,393.25,393.25,32.0,0.0,0.0,
2019-03-15,396.0,405.0,394.1000061035156,400.0,53.0,0.0,0.0,
2019-03-18,400.0,400.0,399.0,399.0,206.0,0.0,0.0,
2019-03-19,398.9500122070312,398.9500122070312,398.0,398.9500122070312,43.0,0.0,0.0,
2019-03-20,399.0,403.0,397.0,402.989990234375,255.0,0.0,0.0,
2019-03-22,402.989990234375,403.8999938964844,398.010009765625,400.1300048828125,197.0,0.0,0.0,
2019-03-25,400.0,405.0,396.0,396.0499877929688,1678.0,0.0,0.0,
2019-03-26,396.0499877929688,404.0,396.0499877929688,404.0,161.0,0.0,0.0,
2019-03-27,404.0,411.0,390.0,391.739990234375,9645.0,0.0,0.0,
2019-03-28,402.8999938964844,405.0,395.0,402.4400024414062,25.0,0.0,0.0,
2019-04-01,399.010009765625,406.0,399.010009765625,404.0,159.0,0.0,0.0,
2019-04-02,402.0,412.0,400.0,412.0,519.0,0.0,0.0,
2019-04-03,403.6499938964844,412.7999877929688,402.0,402.4400024414062,221.0,0.0,0.0,
2019-04-04,402.1000061035156,409.0,402.1000061035156,409.0,111.0,0.0,0.0,
2019-04-05,410.0,410.0,407.7999877929688,408.4500122070312,126.0,0.0,0.0,
2019-04-08,416.0,436.0,408.0,412.0,497.0,0.0,0.0,
2019-04-09,408.0,408.989990234375,406.010009765625,408.989990234375,167.0,0.0,0.0,
2019-04-10,408.0,413.0,406.2999877929688,413.0,861.0,0.0,0.0,
2019-04-11,412.0,414.0,407.0,413.989990234375,156.0,0.0,0.0,
2019-04-12,413.9800109863281,443.0,407.6499938964844,407.6499938964844,232.0,0.0,0.0,
2019-04-15,407.75,409.0,404.010009765625,408.0,412.0,0.0,0.0,
2019-04-16,410.1000061035156,412.5,404.0,411.7999877929688,265.0,0.0,0.0,
2019-04-18,410.0,411.0,407.0499877929688,411.0,200.0,0.0,0.0,
2019-04-22,411.5,432.0,407.0499877929688,407.9299926757812,1307.0,0.0,0.0,
2019-04-23,407.0,408.5,403.75,406.1000061035156,116.0,0.0,0.0,
2019-04-24,411.989990234375,413.0,404.25,412.8999938964844,407.0,0.0,0.0,
2019-04-25,414.9400024414062,414.9500122070312,414.9400024414062,414.9500122070312,38.0,0.0,0.0,
2019-04-26,413.0,415.9500122070312,410.0,412.5700073242188,73.0,0.0,0.0,
2019-04-30,412.6000061035156,426.0,396.3500061035156,408.8900146484375,1235.0,0.0,0.0,
2019-05-02,408.8900146484375,408.8900146484375,408.0,408.0,206.0,0.0,0.0,
2019-05-03,410.5499877929688,411.25,410.5499877929688,410.6000061035156,48.0,0.0,0.0,
2019-05-06,390.0,419.989990234375,390.0,404.260009765625,1762.0,0.0,0.0,
2019-05-07,403.7000122070312,410.989990234375,403.1000061035156,406.0,153.0,0.0,0.0,
2019-05-08,403.7000122070312,407.4500122070312,397.1000061035156,397.1199951171875,665.0,0.0,0.0,
2019-05-09,395.3500061035156,397.7000122070312,393.0,394.4700012207031,2713.0,0.0,0.0,
2019-05-10,395.0499877929688,396.9500122070312,393.5,393.5700073242188,157.0,0.0,0.0,
2019-05-13,394.2999877929688,395.4500122070312,390.6499938964844,391.3099975585938,871.0,0.0,0.0,
2019-05-14,390.75,394.0,389.0,394.0,475.0,0.0,0.0,
2019-05-15,401.0,401.0,389.0,390.4500122070312,88.0,0.0,0.0,
2019-05-16,390.8500061035156,392.0,390.7999877929688,391.0,107.0,0.0,0.0,
2019-05-17,389.0,394.3999938964844,389.0,394.1199951171875,402.0,0.0,0.0,
2019-05-20,450.0,450.0,397.9500122070312,408.1000061035156,1638.0,0.0,0.0,
2019-05-21,409.0,409.0,408.2000122070312,408.2099914550781,138.0,0.0,0.0,
2019-05-22,408.1900024414062,411.4500122070312,408.0,411.2900085449219,988.0,0.0,0.0,
2019-05-23,411.0,414.9500122070312,409.0499877929688,410.75,873.0,0.0,0.0,
2019-05-24,416.0,439.0,403.7000122070312,407.739990234375,350.0,0.0,0.0,
2019-05-27,408.010009765625,415.5,408.0,408.2000122070312,1241.0,0.0,0.0,
2019-05-28,414.9500122070312,414.9500122070312,408.0,408.0,36.0,0.0,0.0,
2019-05-29,415.0,415.6499938964844,414.0,414.0400085449219,102.0,0.0,0.0,
2019-05-30,415.0,418.75,414.0,418.1499938964844,133.0,0.0,0.0,
2019-05-31,418.9500122070312,419.8500061035156,407.5499877929688,416.0,679.0,0.0,0.0,
2019-06-03,416.0,416.0,411.25,413.8500061035156,650.0,0.0,0.0,
2019-06-04,415.989990234375,416.0,409.0,415.0599975585938,307.0,0.0,0.0,
2019-06-06,419.0,419.8999938964844,411.25,416.2799987792969,337.0,0.0,0.0,
2019-06-07,416.2999877929688,419.8500061035156,409.1499938964844,411.25,186.0,0.0,0.0,
2019-06-10,420.0,439.8999938964844,415.0499877929688,422.1700134277344,833.0,0.0,0.0,
2019-06-11,430.0,430.0,419.8999938964844,422.9700012207031,585.0,0.0,0.0,
2019-06-12,425.0,425.0,414.0499877929688,418.8599853515625,921.0,0.0,0.0,
2019-06-13,413.7000122070312,417.3500061035156,411.510009765625,414.0,121.0,0.0,0.0,
2019-06-14,417.0,419.7999877929688,416.0,417.0799865722656,461.0,0.0,0.0,
2019-06-17,425.0,426.0,411.0499877929688,411.4400024414062,882.0,0.0,0.0,
2019-06-18,419.989990234375,419.989990234375,412.989990234375,414.6499938964844,527.0,0.0,0.0,
2019-06-19,420.0,420.0,409.0,414.6000061035156,72.0,0.0,0.0,
2019-06-20,420.0,445.0,414.0499877929688,416.4500122070312,64.0,0.0,0.0,
2019-06-21,420.0,420.0,412.7999877929688,413.0700073242188,464.0,0.0,0.0,
2019-06-24,419.989990234375,419.989990234375,411.1499938964844,412.9800109863281,950.0,0.0,0.0,
2019-06-25,410.3999938964844,418.7999877929688,400.0,411.0199890136719,766.0,0.0,0.0,
2019-06-26,420.0,420.0,412.0,412.010009765625,60.0,0.0,0.0,
2019-06-27,419.989990234375,437.0499877929688,408.1000061035156,419.0,1900.0,0.0,0.0,
2019-06-28,417.7999877929688,419.75,410.0599975585938,415.0,778.0,0.0,0.0,
2019-07-01,420.0,422.7999877929688,415.5,421.0799865722656,639.0,0.0,0.0,
2019-07-02,420.3999938964844,421.8999938964844,420.3900146484375,421.7200012207031,228.0,0.0,0.0,
2019-07-03,421.8999938964844,422.0,416.010009765625,421.989990234375,537.0,0.0,0.0,
2019-07-04,422.0,422.0,419.0,419.0,125.0,0.0,0.0,
2019-07-05,413.7000122070312,427.7999877929688,413.7000122070312,419.989990234375,481.0,0.0,0.0,
2019-07-08,419.8999938964844,422.0,406.010009765625,421.5299987792969,2485.0,0.0,0.0,
2019-07-09,421.5299987792969,421.5299987792969,405.010009765625,407.4200134277344,2451.0,0.0,0.0,
2019-07-10,408.989990234375,410.5,407.760009765625,409.0599975585938,752.0,0.0,0.0,
2019-07-11,408.9700012207031,411.0,408.510009765625,410.2300109863281,884.0,0.0,0.0,
2019-07-12,410.010009765625,410.010009765625,408.0,409.7999877929688,6151.0,0.0,0.0,
2019-07-15,416.0,416.0,408.7000122070312,409.9500122070312,476.0,0.0,0.0,
2019-07-16,411.8800048828125,412.0,408.0499877929688,408.7000122070312,603.0,0.0,0.0,
2019-07-17,413.3999938964844,413.3999938964844,408.7999877929688,411.1000061035156,74.0,0.0,0.0,
2019-07-18,413.0,413.5,409.2099914550781,413.5,535.0,0.0,0.0,
2019-07-19,414.0,415.989990234375,409.010009765625,410.0,320.0,0.0,0.0,
2019-07-22,416.0,418.5,403.7099914550781,406.0,464.0,0.0,0.0,
2019-07-23,404.0,405.989990234375,400.510009765625,402.0,1354.0,0.0,0.0,
2019-07-24,409.989990234375,417.7900085449219,397.0199890136719,400.8999938964844,20163.0,0.0,0.0,
2019-07-25,410.0,410.0,397.0,401.989990234375,270.0,0.0,0.0,
2019-07-26,402.8900146484375,402.8900146484375,400.0,400.989990234375,41.0,0.0,0.0,
2019-07-29,400.5,403.989990234375,397.1099853515625,401.0,636.0,0.0,0.0,
2019-07-30,398.7000122070312,400.0,396.0,397.6400146484375,765.0,0.0,0.0,
2019-07-31,397.6000061035156,397.6000061035156,393.989990234375,394.0,282.0,0.0,0.0,
2019-08-01,394.989990234375,395.0,385.5,394.9599914550781,831.0,0.0,0.0,
2019-08-02,394.0,400.0,386.5,397.9800109863281,4445.0,0.0,0.0,
2019-08-05,398.0,410.0,385.0,386.989990234375,1009.0,0.0,0.0,
2019-08-06,390.989990234375,391.989990234375,383.7000122070312,391.989990234375,30.0,0.0,0.0,
2019-08-07,392.489990234375,400.0,392.25,398.5899963378906,597.0,0.0,0.0,
2019-08-08,389.7000122070312,389.7000122070312,385.1000061035156,389.0,575.0,0.0,0.0,
2019-08-09,395.0,423.5499877929688,395.0,397.9500122070312,1639.0,0.0,0.0,
2019-08-13,429.5,429.5,393.010009765625,396.0,433.0,0.0,0.0,
2019-08-14,396.0,400.0,390.1000061035156,390.25,735.0,0.0,0.0,
2019-08-16,399.9800109863281,399.9800109863281,393.25,393.25,17.0,0.0,0.0,
2019-08-19,400.0,401.0,393.25,399.0,681.0,0.0,0.0,
2019-08-20,400.0,401.0,394.0,397.0,527.0,0.0,0.0,
2019-08-21,393.0,397.0,393.0,393.2999877929688,1689.0,0.0,0.0,
2019-08-22,393.2999877929688,393.2999877929688,389.0,391.4599914550781,85.0,0.0,0.0,
2019-08-23,391.4599914550781,391.4599914550781,385.0,387.8599853515625,109.0,0.0,0.0,
2019-08-26,395.0,398.8500061035156,381.0,392.5400085449219,2638.0,0.0,0.0,
2019-08-27,395.0,398.489990234375,395.0,395.0,192.0,0.0,0.0,
2019-08-28,395.0,398.75,392.0,396.2999877929688,725.0,0.0,0.0,
2019-08-29,392.010009765625,394.989990234375,392.010009765625,394.0,48.0,0.0,0.0,
2019-08-30,395.0,396.8900146484375,390.5,396.0,1012.0,0.0,0.0,
2019-09-03,395.0,405.0,387.0,387.2999877929688,2667.0,0.0,0.0,
2019-09-04,390.0,395.8999938964844,383.1000061035156,387.0,570.0,0.0,0.0,
2019-09-05,391.0,394.9500122070312,387.0,389.489990234375,180.0,0.0,0.0,
2019-09-06,391.0,400.0,387.0,389.0,111.0,0.0,0.0,
2019-09-09,390.8999938964844,394.0,390.1499938964844,393.8200073242188,917.0,0.0,0.0,
2019-09-11,392.9800109863281,393.75,387.0,393.6900024414062,345.0,0.0,0.0,
2019-09-12,393.6000061035156,394.0,393.6000061035156,393.6000061035156,164.0,0.0,0.0,
2019-09-13,392.989990234375,393.0,392.989990234375,393.0,302.0,0.0,0.0,
2019-09-16,399.989990234375,399.989990234375,390.010009765625,392.1000061035156,1572.0,0.0,0.0,
2019-09-17,390.010009765625,392.989990234375,385.1000061035156,386.7000122070312,1796.0,0.0,0.0,
2019-09-18,386.7000122070312,387.989990234375,384.0499877929688,387.989990234375,159.0,0.0,0.0,
2019-09-19,385.010009765625,385.010009765625,380.010009765625,380.6400146484375,58088.0,0.0,0.0,
2019-09-20,390.0,398.9500122070312,380.6499938964844,398.6000061035156,2920.0,0.0,0.0,
2019-09-23,395.7000122070312,410.989990234375,393.0,409.0,1428.0,0.0,0.0,
2019-09-24,410.0,418.0,409.0,409.0,177.0,0.0,0.0,
2019-09-25,409.0,409.0,404.7000122070312,408.989990234375,399.0,0.0,0.0,
2019-09-26,414.989990234375,414.989990234375,405.0,405.1000061035156,135.0,0.0,0.0,
2019-09-27,404.7000122070312,409.6499938964844,400.7000122070312,409.25,51.0,0.0,0.0,
2019-09-30,409.2000122070312,409.2000122070312,407.75,407.75,338.0,0.0,0.0,
2019-10-01,407.75,412.0,402.0,410.989990234375,1980.0,0.0,0.0,
2019-10-03,404.7000122070312,413.0,400.1000061035156,402.989990234375,784.0,0.0,0.0,
2019-10-04,405.8900146484375,405.8900146484375,401.1000061035156,401.1000061035156,12.0,0.0,0.0,
2019-10-07,411.0,411.989990234375,385.1499938964844,405.25,208.0,0.0,0.0,
2019-10-09,400.0,408.5,397.0,399.0,549.0,0.0,0.0,
2019-10-10,398.7000122070312,402.0,397.0,402.0,861.0,0.0,0.0,
2019-10-11,402.0,408.989990234375,396.5,397.0,1102.0,0.0,0.0,
2019-10-14,410.0,410.7999877929688,389.7000122070312,409.8800048828125,614.0,0.0,0.0,
2019-10-15,406.3999938964844,406.5,400.0,406.489990234375,64.0,0.0,0.0,
2019-10-16,416.0,416.0,405.0,409.2999877929688,49.0,0.0,0.0,
2019-10-17,409.989990234375,411.0,409.8900146484375,410.0499877929688,33.0,0.0,0.0,
2019-10-18,390.1000061035156,415.0,390.1000061035156,414.0,174.0,0.0,0.0,
2019-10-22,410.7000122070312,418.5,406.010009765625,415.239990234375,354.0,0.0,0.0,
2019-10-23,415.0,415.0,411.0,415.0,91.0,0.0,0.0,
2019-10-24,416.989990234375,416.989990234375,405.260009765625,405.2799987792969,80.0,0.0,0.0,
2019-10-25,410.0,415.7999877929688,405.0499877929688,414.8500061035156,276.0,0.0,0.0,
2019-10-27,417.989990234375,428.0,416.4500122070312,424.6900024414062,225.0,0.0,0.0,
2019-10-29,424.7000122070312,425.0,413.7000122070312,417.5499877929688,348.0,0.0,0.0,
2019-10-30,413.7000122070312,429.0,410.0,424.7799987792969,1278.0,0.0,0.0,
2019-10-31,420.0,429.989990234375,417.1000061035156,421.0,1366.0,0.0,0.0,
2019-11-01,429.0,429.8999938964844,421.0,421.0,251.0,0.0,0.0,
2019-11-04,421.0,429.8500061035156,418.5,424.8999938964844,2615.0,0.0,0.0,
2019-11-05,427.9500122070312,427.9500122070312,423.010009765625,427.0,102.0,0.0,0.0,
2019-11-06,426.0,429.489990234375,421.0,425.0,313.0,0.0,0.0,
2019-11-07,420.0,429.489990234375,420.0,429.0,212.0,0.0,0.0,
2019-11-08,429.0,429.0,424.0,424.1900024414062,348.0,0.0,0.0,
2019-11-11,429.0,429.0,422.0,424.989990234375,1048.0,0.0,0.0,
2019-11-13,425.0,428.5,424.0,424.260009765625,185.0,0.0,0.0,
2019-11-14,424.2699890136719,426.3999938964844,422.1499938964844,426.3399963378906,521.0,0.0,0.0,
2019-11-15,429.0,429.0,427.5,428.1099853515625,153.0,0.0,0.0,
2019-11-18,429.5,429.5,420.5,426.8099975585938,403.0,0.0,0.0,
2019-11-19,429.989990234375,429.989990234375,423.510009765625,426.8500061035156,137.0,0.0,0.0,
2019-11-20,429.5,429.5,426.5499877929688,429.3999938964844,133.0,0.0,0.0,
2019-11-21,423.0,429.2999877929688,423.0,428.5,161.0,0.0,0.0,
2019-11-22,428.3900146484375,428.3999938964844,423.010009765625,423.010009765625,140.0,0.0,0.0,
2019-11-25,430.0,431.0,426.510009765625,427.9100036621094,1551.0,0.0,0.0,
2019-11-26,429.9500122070312,435.0,428.5,431.760009765625,781.0,0.0,0.0,
2019-11-27,424.0499877929688,439.8999938964844,424.0499877929688,434.0,667.0,0.0,0.0,
2019-11-28,432.6000061035156,435.0,432.5899963378906,433.9599914550781,1695.0,0.0,0.0,
2019-11-29,437.9500122070312,437.9500122070312,428.7099914550781,430.9700012207031,643.0,0.0,0.0,
2019-12-02,437.0,437.0,429.0,431.3599853515625,74092.0,0.0,0.0,
2019-12-03,431.989990234375,432.75,427.0,427.510009765625,546.0,0.0,0.0,
2019-12-04,425.7000122070312,433.989990234375,425.7000122070312,430.5499877929688,35945.0,0.0,0.0,
2019-12-05,431.989990234375,434.8999938964844,431.5700073242188,433.6000061035156,443.0,0.0,0.0,
2019-12-06,433.989990234375,439.0,425.0,426.7099914550781,580.0,0.0,0.0,
2019-12-09,430.0,433.989990234375,426.1099853515625,430.9599914550781,769.0,0.0,0.0,
2019-12-10,430.010009765625,430.010009765625,425.0,425.9299926757812,2823.0,0.0,0.0,
2019-12-11,432.0,435.8999938964844,425.5,429.9400024414062,370.0,0.0,0.0,
2019-12-12,429.010009765625,432.010009765625,425.1000061035156,428.5400085449219,452.0,0.0,0.0,
2019-12-13,433.9700012207031,437.9500122070312,430.0,431.0,1251.0,0.0,0.0,
2019-12-16,434.0,435.5,432.260009765625,435.2799987792969,716.0,0.0,0.0,
2019-12-17,434.9800109863281,438.0,431.2999877929688,437.5499877929688,1599.0,0.0,0.0,
2019-12-18,437.489990234375,438.989990234375,433.0,435.989990234375,215.0,0.0,0.0,
2019-12-19,438.0,440.0,437.0,438.010009765625,341.0,0.0,0.0,
2019-12-20,446.7000122070312,448.7000122070312,433.1000061035156,439.8699951171875,1309.0,0.0,0.0,
2019-12-23,438.989990234375,441.989990234375,436.0499877929688,436.760009765625,98.0,0.0,0.0,
2019-12-24,438.989990234375,441.8999938964844,438.0,438.0299987792969,99.0,0.0,0.0,
2019-12-26,436.010009765625,439.75,436.010009765625,439.2699890136719,246.0,0.0,0.0,
2019-12-27,441.989990234375,441.989990234375,437.989990234375,438.989990234375,355.0,0.0,0.0,
2019-12-30,440.989990234375,442.0,435.0,441.8900146484375,125.0,0.0,0.0,
2019-12-31,440.989990234375,444.0,438.0199890136719,442.6199951171875,297.0,0.0,0.0,
2020-01-01,442.0,445.989990234375,436.010009765625,436.7799987792969,920.0,0.0,0.0,
2020-01-02,438.010009765625,441.5,436.25,441.2300109863281,183.0,0.0,0.0,
2020-01-03,441.989990234375,441.989990234375,437.0,440.1499938964844,2733.0,0.0,0.0,
2020-01-06,440.0,446.0,431.0,432.25,2467.0,0.0,0.0,
2020-01-07,439.989990234375,439.989990234375,434.0,436.489990234375,531.0,0.0,0.0,
2020-01-08,434.7000122070312,435.0,430.010009765625,432.4500122070312,744.0,0.0,0.0,
2020-01-09,434.7000122070312,439.989990234375,432.0,433.9700012207031,2377.0,0.0,0.0,
2020-01-10,440.0,442.0,436.0499877929688,437.7999877929688,304.0,0.0,0.0,
2020-01-13,437.7999877929688,445.0,437.7999877929688,442.739990234375,302.0,0.0,0.0,
2020-01-14,442.0,444.9800109863281,435.1000061035156,438.8999938964844,802.0,0.0,0.0,
2020-01-15,440.0,441.4500122070312,437.25,441.4500122070312,187.0,0.0,0.0,
2020-01-16,440.0,445.989990234375,440.0,440.0,242.0,0.0,0.0,
2020-01-17,442.0,450.0,438.0,445.0899963378906,1484.0,0.0,0.0,
2020-01-20,445.0,445.0,428.8999938964844,440.6900024414062,1045.0,0.0,0.0,
2020-01-21,440.0,440.0,438.0,438.25,113.0,0.0,0.0,
2020-01-22,439.489990234375,444.0,435.1199951171875,436.0400085449219,1684.0,0.0,0.0,
2020-01-23,441.989990234375,450.0,436.010009765625,445.6000061035156,107.0,0.0,0.0,
2020-01-24,446.0,449.0,442.0,442.0,42.0,0.0,0.0,
2020-01-27,442.0,449.989990234375,434.7099914550781,438.989990234375,951.0,0.0,0.0,
2020-01-28,442.989990234375,442.989990234375,436.0,437.0,399.0,0.0,0.0,
2020-01-29,445.989990234375,449.989990234375,435.010009765625,439.0,174.0,0.0,0.0,
2020-01-30,440.0,450.0,434.7000122070312,439.0,92.0,0.0,0.0,
2020-01-31,446.0,449.0,432.489990234375,432.8500061035156,1391.0,0.0,0.0,
2020-02-03,434.0,439.8999938964844,421.0,421.8999938964844,2727.0,0.0,0.0,
2020-02-04,428.1000061035156,439.989990234375,426.0,430.6799926757812,1257.0,0.0,0.0,
2020-02-05,438.0,439.8999938964844,430.2000122070312,435.3099975585938,225.0,0.0,0.0,
2020-02-06,436.989990234375,437.3999938964844,428.6000061035156,430.1099853515625,663.0,0.0,0.0,
2020-02-07,436.989990234375,436.989990234375,431.989990234375,434.989990234375,123.0,0.0,0.0,
2020-02-10,436.0,445.9500122070312,427.0199890136719,434.3999938964844,2165.0,0.0,0.0,
2020-02-11,439.989990234375,439.989990234375,430.010009765625,433.0,462.0,0.0,0.0,
2020-02-12,436.010009765625,443.5,436.0,440.5499877929688,3032.0,0.0,0.0,
2020-02-13,437.5,440.989990234375,437.5,439.989990234375,82.0,0.0,0.0,
2020-02-14,444.989990234375,444.989990234375,436.1000061035156,439.8900146484375,282.0,0.0,0.0,
2020-02-17,441.989990234375,444.0,434.1499938964844,435.6799926757812,4706.0,0.0,0.0,
2020-02-18,440.0,440.0,430.010009765625,434.4299926757812,840.0,0.0,0.0,
2020-02-19,436.0,441.9800109863281,432.0,434.7999877929688,415.0,0.0,0.0,
2020-02-20,439.9700012207031,439.989990234375,432.010009765625,438.0,156.0,0.0,0.0,
2020-02-24,440.0,450.0,427.010009765625,443.4599914550781,8086.0,0.0,0.0,
2020-02-25,442.1099853515625,452.0,426.1099853515625,428.1600036621094,4040.0,0.0,0.0,
2020-02-26,434.0,438.0,422.5,426.510009765625,1263.0,0.0,0.0,
2020-02-27,426.0,432.0,416.5,420.8599853515625,3460.0,0.0,0.0,
2020-02-28,420.0,425.989990234375,407.0,413.5199890136719,3072.0,0.0,0.0,
2020-03-02,418.0,421.3999938964844,410.1000061035156,411.2200012207031,4044.0,0.0,0.0,
2020-03-03,440.0,440.0,402.0,407.9800109863281,4414.0,0.0,0.0,
2020-03-04,409.0,413.8999938964844,402.0,407.489990234375,4048.0,0.0,0.0,
2020-03-05,408.0,413.0,404.0,408.4100036621094,611.0,0.0,0.0,
2020-03-06,413.0,413.0,400.2000122070312,401.5299987792969,2280.0,0.0,0.0,
2020-03-09,402.0,411.9800109863281,377.0,400.25,7055.0,0.0,0.0,
2020-03-11,410.0,419.5,370.1000061035156,388.8599853515625,6626.0,0.0,0.0,
2020-03-12,388.8500061035156,395.0,355.0199890136719,380.0599975585938,4881.0,0.0,0.0,
2020-03-13,379.3999938964844,452.0,350.0,381.0400085449219,15379.0,0.0,0.0,
2020-03-16,379.3999938964844,400.0,360.0,385.6600036621094,5208.0,0.0,0.0,
2020-03-17,390.0,390.0,320.0,328.6700134277344,10447.0,0.0,0.0,
2020-03-18,345.0199890136719,359.8999938964844,301.0499877929688,321.010009765625,3288.0,0.0,0.0,
2020-03-19,326.7000122070312,333.8999938964844,301.0,321.7699890136719,1382.0,0.0,0.0,
2020-03-20,326.7000122070312,348.8999938964844,312.0,345.0599975585938,874.0,0.0,0.0,
2020-03-23,350.0,358.510009765625,315.4800109863281,358.510009765625,1749.0,0.0,0.0,
2020-03-24,358.0,379.1099853515625,308.1000061035156,379.1099853515625,1187.0,0.0,0.0,
2020-03-25,323.0,329.4800109863281,316.989990234375,324.7900085449219,2296.0,0.0,0.0,
2020-03-26,330.0,338.3999938964844,330.0,338.1900024414062,362.0,0.0,0.0,
2020-03-27,342.0,362.0,342.0,362.0,405.0,0.0,0.0,
2020-03-30,365.0,379.8999938964844,340.0,379.8999938964844,970.0,0.0,0.0,
2020-03-31,370.0,372.0,369.989990234375,370.0,6310.0,0.0,0.0,
2020-04-01,360.0,360.0,330.0,360.0,490.0,0.0,0.0,
2020-04-03,362.0,373.8399963378906,350.0499877929688,365.0,392.0,0.0,0.0,
2020-04-07,358.0,358.0,350.0,351.3099975585938,3947.0,0.0,0.0,
2020-04-08,350.0199890136719,350.0199890136719,350.0,350.0,531.0,0.0,0.0,
2020-04-09,375.8399963378906,380.0,374.6300048828125,374.9700012207031,277.0,0.0,0.0,
2020-04-13,375.0,377.9700012207031,374.8500061035156,375.0,388.0,0.0,0.0,
2020-04-15,377.0,395.2999877929688,370.0,395.0,1122.0,0.0,0.0,
2020-04-16,370.25,370.25,322.1000061035156,337.1199951171875,13083.0,0.0,0.0,
2020-04-17,370.0,380.0,332.0,339.2099914550781,8974.0,0.0,0.0,
2020-04-20,350.0,354.0,333.0,338.6600036621094,3091.0,0.0,0.0,
2020-04-21,338.6600036621094,346.0,330.5,332.1099853515625,3600.0,0.0,0.0,
2020-04-22,332.0,337.8999938964844,331.0,332.4800109863281,976.0,0.0,0.0,
2020-04-23,338.0,339.8999938964844,332.8099975585938,334.4700012207031,1528.0,0.0,0.0,
2020-04-24,332.6099853515625,339.75,332.5499877929688,333.7200012207031,764.0,0.0,0.0,
2020-04-27,339.0,348.7999877929688,333.010009765625,339.3299865722656,1496.0,0.0,0.0,
2020-04-28,331.0,385.6400146484375,331.0,354.9500122070312,4168.0,0.0,0.0,
2020-04-29,356.0599975585938,397.2999877929688,344.0,352.8699951171875,11813.0,0.0,0.0,
2020-04-30,360.0,360.0,352.8699951171875,358.4400024414062,932.0,0.0,0.0,
2020-05-04,365.0,365.0,333.25,352.1400146484375,3986.0,0.0,0.0,
2020-05-05,363.0,363.0,338.25,346.4100036621094,9896.0,0.0,0.0,
2020-05-06,346.4100036621094,356.0,341.1600036621094,355.5299987792969,418.0,0.0,0.0,
2020-05-07,346.010009765625,369.9500122070312,336.0,337.8900146484375,8505.0,0.0,0.0,
2020-05-08,353.9500122070312,353.9500122070312,337.3999938964844,337.989990234375,2951.0,0.0,0.0,
2020-05-11,352.0,352.0,338.010009765625,341.7300109863281,2180.0,0.0,0.0,
2020-05-12,336.6000061035156,342.989990234375,330.0,334.8699951171875,1320.0,0.0,0.0,
2020-05-13,349.8999938964844,385.0,337.010009765625,346.9800109863281,3188.0,0.0,0.0,
2020-05-14,346.9800109863281,358.0,333.9500122070312,338.2999877929688,6181.0,0.0,0.0,
2020-05-15,341.9500122070312,341.9500122070312,334.0499877929688,335.489990234375,856.0,0.0,0.0,
2020-05-18,342.489990234375,345.0,323.4500122070312,332.4500122070312,4563.0,0.0,0.0,
2020-05-19,333.5,344.7999877929688,326.5,328.489990234375,6231.0,0.0,0.0,
2020-05-20,338.7900085449219,338.7900085449219,327.1000061035156,329.6799926757812,1457.0,0.0,0.0,
2020-05-21,337.489990234375,338.7999877929688,334.8699951171875,337.1499938964844,653.0,0.0,0.0,
2020-05-22,340.0400085449219,340.0400085449219,324.0,325.5400085449219,3996.0,0.0,0.0,
2020-05-26,335.0,345.7999877929688,324.9700012207031,327.7200012207031,8067.0,0.0,0.0,
2020-05-27,331.989990234375,338.0,328.010009765625,331.5499877929688,1315.0,0.0,0.0,
2020-05-28,336.5,340.0,334.0400085449219,338.9500122070312,1673.0,0.0,0.0,
2020-05-29,340.0,345.0,328.010009765625,340.3800048828125,2590.0,0.0,0.0,
2020-06-01,347.0,354.2999877929688,342.0,349.9599914550781,11851.0,0.0,0.0,
2020-06-02,354.0,356.7999877929688,350.0,355.5899963378906,355.0,0.0,0.0,
2020-06-03,358.0,368.7999877929688,355.0,358.9299926757812,1627.0,0.0,0.0,
2020-06-04,360.0,362.0,350.0,360.6799926757812,778.0,0.0,0.0,
2020-06-05,365.989990234375,365.989990234375,359.989990234375,363.8599853515625,298.0,0.0,0.0,
2020-06-08,369.4500122070312,369.4500122070312,360.0599975585938,363.6799926757812,873.0,0.0,0.0,
2020-06-09,369.0,369.0,359.1000061035156,365.7300109863281,755.0,0.0,0.0,
2020-06-10,366.9800109863281,367.4599914550781,355.0599975585938,364.7200012207031,2088.0,0.0,0.0,
2020-06-11,364.989990234375,369.9700012207031,351.3999938964844,356.0499877929688,1218.0,0.0,0.0,
2020-06-12,362.0,365.0,353.2000122070312,360.7099914550781,560.0,0.0,0.0,
2020-06-15,360.0,368.8999938964844,355.25,359.989990234375,1250.0,0.0,0.0,
2020-06-16,359.989990234375,378.0,355.0,355.1499938964844,4735.0,0.0,0.0,
2020-06-17,355.1400146484375,363.8999938964844,353.010009765625,354.0499877929688,746.0,0.0,0.0,
2020-06-18,356.9200134277344,363.5,356.9200134277344,361.9599914550781,465.0,0.0,0.0,
2020-06-19,364.989990234375,367.4400024414062,356.1400146484375,366.7699890136719,1194.0,0.0,0.0,
2020-06-22,379.0,385.0,360.0,379.739990234375,1433.0,0.0,0.0,
2020-06-23,379.739990234375,397.0,372.25,373.5400085449219,2952.0,0.0,0.0,
2020-06-24,380.0,383.0,373.6000061035156,377.1499938964844,177.0,0.0,0.0,
2020-06-25,380.0,394.5,370.3500061035156,373.0499877929688,688.0,0.0,0.0,
2020-06-26,380.0,386.0,370.0499877929688,377.5499877929688,182.0,0.0,0.0,
2020-06-29,374.0,379.8999938964844,372.0,379.8200073242188,2042.0,0.0,0.0,
2020-06-30,382.0,384.5,370.0,371.6300048828125,362.0,0.0,0.0,
2020-07-01,379.0,385.010009765625,375.0499877929688,376.0,2640.0,0.0,0.0,
2020-07-02,376.0,387.7000122070312,375.0499877929688,377.7699890136719,949.0,0.0,0.0,
2020-07-03,380.0,384.0,373.3999938964844,376.5,209.0,0.0,0.0,
2020-07-06,384.0,395.989990234375,370.0,393.7999877929688,2205.0,0.0,0.0,
2020-07-07,395.0,407.0,390.0,394.8399963378906,1390.0,0.0,0.0,
2020-07-08,395.010009765625,405.989990234375,388.0499877929688,390.8099975585938,3835.0,0.0,0.0,
2020-07-09,391.010009765625,398.989990234375,384.0,386.5599975585938,294.0,0.0,0.0,
2020-07-10,394.0,395.0,383.0899963378906,387.7999877929688,159.0,0.0,0.0,
2020-07-13,387.0,399.7000122070312,376.7999877929688,398.3800048828125,1214.0,0.0,0.0,
2020-07-14,399.4500122070312,399.4500122070312,386.0,386.8299865722656,547.0,0.0,0.0,
2020-07-15,397.9700012207031,409.1000061035156,386.8299865722656,397.8399963378906,3051.0,0.0,0.0,
2020-07-16,400.0,400.0,382.0,386.4100036621094,12012.0,0.0,0.0,
2020-07-17,395.0,398.9500122070312,387.010009765625,392.7099914550781,45.0,0.0,0.0,
2020-07-20,397.9700012207031,397.9800109863281,387.739990234375,396.989990234375,1001.0,0.0,0.0,
2020-07-21,396.0,398.0,395.0199890136719,396.989990234375,687.0,0.0,0.0,
2020-07-22,398.0,404.989990234375,396.3999938964844,401.1499938964844,2163.0,0.0,0.0,
2020-07-23,400.0,407.8999938964844,400.0,401.1499938964844,212.0,0.0,0.0,
2020-07-24,402.0,405.0,395.0,400.3099975585938,1325.0,0.0,0.0,
2020-07-27,400.0,403.2999877929688,393.0,396.0,3053.0,0.0,0.0,
2020-07-28,398.0,408.0,398.0,406.4299926757812,878.0,0.0,0.0,
2020-07-29,406.4299926757812,406.5,400.0,400.510009765625,4722.0,0.0,0.0,
2020-07-30,402.489990234375,405.0,393.7000122070312,400.2999877929688,294.0,0.0,0.0,
2020-07-31,409.8900146484375,409.8900146484375,396.0,397.9800109863281,290.0,0.0,0.0,
2020-08-03,399.0,419.9500122070312,388.0400085449219,392.6099853515625,3061.0,0.0,0.0,
2020-08-04,402.2000122070312,402.2000122070312,395.0,402.2000122070312,91.0,0.0,0.0,
2020-08-05,403.989990234375,406.0,401.5,404.989990234375,391.0,0.0,0.0,
2020-08-06,405.989990234375,406.2000122070312,400.0,401.7699890136719,375.0,0.0,0.0,
2020-08-07,406.0,406.75,395.9700012207031,396.7300109863281,144.0,0.0,0.0,
2020-08-10,391.0299987792969,406.0,391.0199890136719,401.5400085449219,5603.0,0.0,0.0,
2020-08-11,402.0,405.0,398.0,398.1000061035156,261.0,0.0,0.0,
2020-08-12,403.0,403.010009765625,398.7200012207031,399.5199890136719,234.0,0.0,0.0,
2020-08-13,406.0,409.9299926757812,405.0,406.3299865722656,993.0,0.0,0.0,
2020-08-14,406.3200073242188,409.9500122070312,406.3200073242188,407.4400024414062,2069.0,0.0,0.0,
2020-08-17,410.0,410.0,400.0,403.989990234375,428.0,0.0,0.0,
2020-08-18,410.0,410.0,398.2699890136719,402.5899963378906,108.0,0.0,0.0,
2020-08-19,404.0,410.0,404.0,410.0,3014.0,0.0,0.0,
2020-08-20,410.3500061035156,410.3500061035156,395.6000061035156,409.3900146484375,263.0,0.0,0.0,
2020-08-21,396.2000122070312,410.3500061035156,396.2000122070312,405.1000061035156,640.0,0.0,0.0,
2020-08-24,405.0,413.8500061035156,401.0,411.6000061035156,10564.0,0.0,0.0,
2020-08-25,413.989990234375,419.0,413.9800109863281,418.1499938964844,201.0,0.0,0.0,
2020-08-26,415.5,418.6099853515625,415.0,416.0,57.0,0.0,0.0,
2020-08-27,420.0,420.0,413.0,413.010009765625,101.0,0.0,0.0,
2020-08-28,415.0,425.0,412.989990234375,419.4500122070312,349.0,0.0,0.0,
2020-08-31,419.25,425.0,405.0,418.7999877929688,7356.0,0.0,0.0,
2020-09-01,418.7900085449219,424.9700012207031,412.5,415.1900024414062,218.0,0.0,0.0,
2020-09-02,414.0,433.0,403.6000061035156,412.0299987792969,439.0,0.0,0.0,
2020-09-03,417.9599914550781,421.0,410.0,410.0,244.0,0.0,0.0,
2020-09-04,418.0,421.0,400.0,410.6700134277344,856.0,0.0,0.0,
2020-09-07,405.0,413.989990234375,395.8999938964844,405.8599853515625,7769.0,0.0,0.0,
2020-09-08,414.0,415.7900085449219,408.0,409.0,124.0,0.0,0.0,
2020-09-09,408.7900085449219,409.0,408.0,408.4800109863281,185.0,0.0,0.0,
2020-09-10,413.7799987792969,413.7799987792969,409.0,411.3999938964844,114.0,0.0,0.0,
2020-09-11,413.7900085449219,420.9500122070312,405.010009765625,413.0,285.0,0.0,0.0,
2020-09-14,413.0,415.2000122070312,405.7000122070312,407.1099853515625,4344.0,0.0,0.0,
2020-09-15,411.7000122070312,416.0,401.0,405.989990234375,495.0,0.0,0.0,
2020-09-16,411.7000122070312,414.8999938964844,398.25,414.5899963378906,88.0,0.0,0.0,
2020-09-17,410.0,415.4800109863281,403.25,412.5400085449219,163.0,0.0,0.0,
2020-09-18,418.0,420.8999938964844,402.6000061035156,414.5,5122.0,0.0,0.0,
2020-09-21,418.0,420.989990234375,404.989990234375,410.1799926757812,8110.0,0.0,0.0,
2020-09-22,414.9500122070312,414.9599914550781,405.0,406.5199890136719,654.0,0.0,0.0,
2020-09-23,411.1600036621094,414.739990234375,402.6099853515625,404.0,304.0,0.0,0.0,
2020-09-24,404.2099914550781,409.0,400.1000061035156,403.1700134277344,895.0,0.0,0.0,
2020-09-25,410.0,414.989990234375,401.0299987792969,409.989990234375,91.0,0.0,0.0,
2020-09-28,409.8999938964844,421.0,395.5,398.5799865722656,4743.0,0.0,0.0,
2020-09-29,404.989990234375,406.7999877929688,400.25,404.8299865722656,191.0,0.0,0.0,
2020-09-30,400.0,419.4500122070312,400.0,402.8900146484375,220.0,0.0,0.0,
2020-10-01,409.0,409.989990234375,404.1000061035156,405.2000122070312,202.0,0.0,0.0,
2020-10-05,409.7900085449219,417.989990234375,402.5,411.8200073242188,7441.0,0.0,0.0,
2020-10-06,410.0,418.0,410.0,413.0599975585938,1039.0,0.0,0.0,
2020-10-07,418.0,429.0,415.0599975585938,426.3399963378906,2841.0,0.0,0.0,
2020-10-08,425.0,435.0,424.8500061035156,427.3500061035156,529.0,0.0,0.0,
2020-10-09,430.0,435.0,415.0,424.4800109863281,959.0,0.0,0.0,
2020-10-12,433.3500061035156,433.3500061035156,421.010009765625,425.8999938964844,5716.0,0.0,0.0,
2020-10-13,432.989990234375,432.989990234375,422.5,423.6199951171875,644.0,0.0,0.0,
2020-10-14,429.489990234375,429.489990234375,425.0,427.4400024414062,314.0,0.0,0.0,
2020-10-15,430.9800109863281,432.0,423.010009765625,425.7900085449219,3198.0,0.0,0.0,
2020-10-16,432.0,435.0,426.6900024414062,427.25,282.0,0.0,0.0,
2020-10-19,433.0,433.0,420.1000061035156,428.5,3939.0,0.0,0.0,
2020-10-20,429.0,432.989990234375,420.0,429.8999938964844,772.0,0.0,0.0,
2020-10-21,427.5599975585938,431.5,427.0,428.2200012207031,327.0,0.0,0.0,
2020-10-22,426.75,429.9800109863281,426.75,429.8999938964844,145.0,0.0,0.0,
2020-10-23,432.0,432.0,425.0,426.5799865722656,278.0,0.0,0.0,
2020-10-26,429.989990234375,430.0,421.010009765625,426.0,222.0,0.0,0.0,
2020-10-27,430.0,430.0,422.010009765625,422.9599914550781,1193.0,0.0,0.0,
2020-10-28,425.010009765625,434.0,421.25,422.2999877929688,655.0,0.0,0.0,
2020-10-29,422.2999877929688,427.9800109863281,412.8999938964844,427.1400146484375,187.0,0.0,0.0,
2020-10-30,429.9700012207031,429.9700012207031,421.1000061035156,422.0599975585938,1540.0,0.0,0.0,
2020-11-02,428.6000061035156,431.8500061035156,418.0,422.0599975585938,945.0,0.0,0.0,
2020-11-03,427.75,427.75,424.239990234375,427.3599853515625,352.0,0.0,0.0,
2020-11-04,425.2000122070312,430.0,424.2300109863281,427.739990234375,414.0,0.0,0.0,
2020-11-05,427.75,439.5,426.0199890136719,437.1300048828125,2320.0,0.0,0.0,
2020-11-06,436.0,445.0,434.7999877929688,438.0,290.0,0.0,0.0,
2020-11-09,438.0,455.0,438.0,454.5400085449219,2721.0,0.0,0.0,
2020-11-10,436.0499877929688,465.0,436.0499877929688,450.7099914550781,1193.0,0.0,0.0,
2020-11-11,458.0,464.8500061035156,449.0,452.3500061035156,3089.0,0.0,0.0,
2020-11-12,453.2000122070312,457.0,448.0199890136719,452.5,1056.0,0.0,0.0,
2020-11-13,450.010009765625,462.5,447.010009765625,460.7799987792969,1381.0,0.0,0.0,
2020-11-14,462.8999938964844,464.989990234375,455.5,460.9599914550781,213.0,0.0,0.0,
2020-11-17,460.0,469.989990234375,460.0,467.8200073242188,2948.0,0.0,0.0,
2020-11-18,466.0,466.9599914550781,459.8099975585938,463.9800109863281,302.0,0.0,0.0,
2020-11-19,463.9800109863281,471.0,455.0499877929688,470.1700134277344,1187.0,0.0,0.0,
2020-11-20,472.0,477.4100036621094,463.6499938964844,476.260009765625,1769.0,0.0,0.0,
2020-11-23,485.8500061035156,487.3999938964844,467.0,471.4299926757812,3265.0,0.0,0.0,
2020-11-24,479.9800109863281,479.9800109863281,470.0199890136719,475.2000122070312,166.0,0.0,0.0,
2020-11-25,475.2000122070312,482.5,471.0,471.1000061035156,1522.0,0.0,0.0,
2020-11-26,470.0,475.0,460.0,466.010009765625,679.0,0.0,0.0,
2020-11-27,473.9700012207031,473.9700012207031,460.5,469.3999938964844,1773.0,0.0,0.0,
2020-12-01,463.010009765625,485.0,463.010009765625,475.4800109863281,2339.0,0.0,0.0,
2020-12-02,475.25,476.75,473.0,476.6900024414062,836.0,0.0,0.0,
2020-12-03,479.2999877929688,485.0,470.0,480.2300109863281,484.0,0.0,0.0,
2020-12-04,477.7000122070312,485.0,475.0,476.2999877929688,387.0,0.0,0.0,
2020-12-07,476.2999877929688,484.0,475.8500061035156,479.6700134277344,944.0,0.0,0.0,
2020-12-08,477.7000122070312,492.5,465.7000122070312,483.1300048828125,1142.0,0.0,0.0,
2020-12-09,486.0,501.0,485.1000061035156,489.6499938964844,1859.0,0.0,0.0,
2020-12-10,489.8500061035156,494.0,479.25,487.9100036621094,4704.0,0.0,0.0,
2020-12-11,488.9200134277344,492.8999938964844,486.9599914550781,488.0,607.0,0.0,0.0,
2020-12-14,490.0,494.989990234375,480.0499877929688,492.2300109863281,453.0,0.0,0.0,
2020-12-15,494.989990234375,494.989990234375,489.6900024414062,493.9800109863281,473.0,0.0,0.0,
2020-12-16,494.0,496.0499877929688,490.0,495.1300048828125,195.0,0.0,0.0,
2020-12-17,495.1300048828125,499.8500061035156,495.1300048828125,497.3999938964844,464.0,0.0,0.0,
2020-12-18,500.0,501.0,488.0,499.4400024414062,572.0,0.0,0.0,
2020-12-21,502.0,505.0,482.9700012207031,485.7699890136719,1481.0,0.0,0.0,
2020-12-22,484.0,501.0,474.9500122070312,491.7000122070312,1456.0,0.0,0.0,
2020-12-23,491.7099914550781,495.0,491.7000122070312,493.4299926757812,652.0,0.0,0.0,
2020-12-24,495.0,500.0,495.0,500.0,502.0,0.0,0.0,
2020-12-28,501.1000061035156,506.6199951171875,501.1000061035156,506.2200012207031,756.0,0.0,0.0,
2020-12-29,510.0,510.0,505.0,505.9500122070312,1149.0,0.0,0.0,
2020-12-30,516.0999755859375,516.0999755859375,506.5499877929688,514.6300048828125,862.0,0.0,0.0,
2020-12-31,530.0599975585938,530.0599975585938,504.9500122070312,508.8299865722656,674.0,0.0,0.0,
2021-01-01,508.010009765625,526.0,508.010009765625,512.280029296875,685.0,0.0,0.0,
2021-01-04,517.75,524.9500122070312,509.5599975585938,522.3400268554688,1207.0,0.0,0.0,
2021-01-05,522.3300170898438,522.3400268554688,511.1000061035156,516.4400024414062,1445.0,0.0,0.0,
2021-01-06,522.989990234375,522.989990234375,505.2699890136719,513.530029296875,546.0,0.0,0.0,
2021-01-07,520.0,520.0,512.77001953125,514.260009765625,737.0,0.0,0.0,
2021-01-08,520.0,520.489990234375,514.219970703125,519.2000122070312,788.0,0.0,0.0,
2021-01-11,523.0,550.0,520.9299926757812,526.9000244140625,2120.0,0.0,0.0,
2021-01-12,535.0,550.0,520.9299926757812,527.5999755859375,845.0,0.0,0.0,
2021-01-13,530.0,531.0,524.0,528.3099975585938,1041.0,0.0,0.0,
2021-01-14,528.8599853515625,530.2999877929688,526.6699829101562,529.9099731445312,484.0,0.0,0.0,
2021-01-15,528.0,528.4299926757812,520.510009765625,524.52001953125,1135.0,0.0,0.0,
2021-01-18,452.9500122070312,534.52001953125,452.9500122070312,519.1599731445312,874.0,0.0,0.0,
2021-01-19,519.0,525.969970703125,516.0,525.9000244140625,6617.0,0.0,0.0,
2021-01-20,522.9500122070312,538.9000244140625,522.9500122070312,534.6699829101562,1537.0,0.0,0.0,
2021-01-21,534.0,536.8900146484375,528.0,528.6500244140625,1058.0,0.0,0.0,
2021-01-22,533.0,533.0,522.0,523.010009765625,567.0,0.0,0.0,
2021-01-25,533.5,535.5,516.0599975585938,517.760009765625,642.0,0.0,0.0,
2021-01-27,521.0,521.0,506.3599853515625,507.8999938964844,2205.0,0.0,0.0,
2021-01-28,523.1300048828125,523.1300048828125,498.5199890136719,500.5899963378906,1340.0,0.0,0.0,
2021-01-29,502.8200073242188,506.5499877929688,492.489990234375,496.1400146484375,3172.0,0.0,0.0,
2021-02-01,520.0,520.0,497.0,518.3300170898438,115092.0,0.0,0.0,
2021-02-02,528.7000122070312,535.0,505.0,530.4600219726562,3012.0,0.0,0.0,
2021-02-03,540.0,549.2000122070312,530.4600219726562,536.6500244140625,1126.0,0.0,0.0,
2021-02-04,529.010009765625,541.0999755859375,515.5999755859375,539.1300048828125,1032.0,0.0,0.0,
2021-02-05,539.1300048828125,543.0,535.0499877929688,541.8499755859375,799.0,0.0,0.0,
2021-02-08,555.0,555.0,539.3599853515625,548.1300048828125,904.0,0.0,0.0,
2021-02-09,551.0,555.0,547.010009765625,548.3200073242188,1300.0,0.0,0.0,
2021-02-10,549.989990234375,550.0,543.760009765625,546.4199829101562,1983.0,0.0,0.0,
2021-02-11,550.0,555.0,545.1300048828125,549.0399780273438,179.0,0.0,0.0,
2021-02-12,551.0,553.760009765625,548.0399780273438,548.3699951171875,390.0,0.0,0.0,
2021-02-15,544.7999877929688,561.1400146484375,544.7999877929688,555.4099731445312,721.0,0.0,0.0,
2021-02-16,566.52001953125,568.9000244140625,554.75,557.3200073242188,2427.0,0.0,0.0,
2021-02-17,567.3200073242188,567.3200073242188,551.1099853515625,553.3499755859375,876.0,0.0,0.0,
2021-02-18,544.5499877929688,559.9600219726562,544.5499877929688,549.969970703125,1102.0,0.0,0.0,
2021-02-19,554.0,555.0,539.1199951171875,541.719970703125,2004.0,0.0,0.0,
2021-02-22,580.0,580.0,531.989990234375,533.3499755859375,2171.0,0.0,0.0,
2021-02-23,539.75,589.0,527.4000244140625,533.260009765625,1709.0,0.0,0.0,
2021-02-24,533.5,565.0,528.010009765625,543.780029296875,267.0,0.0,0.0,
2021-02-25,545.0,557.0,540.9500122070312,546.6900024414062,414.0,0.0,0.0,
2021-02-26,546.0,557.6500244140625,524.9000244140625,529.3300170898438,5507.0,0.0,0.0,
2021-03-01,529.3300170898438,534.6500244140625,529.3300170898438,532.9099731445312,1456.0,0.0,0.0,
2021-03-02,537.9299926757812,540.1400146484375,531.3099975585938,535.7000122070312,790.0,0.0,0.0,
2021-03-03,530.0,546.0,525.9500122070312,545.239990234375,2878.0,0.0,0.0,
2021-03-04,550.1500244140625,550.1500244140625,534.3499755859375,544.4299926757812,285.0,0.0,0.0,
2021-03-05,543.9500122070312,547.989990234375,538.02001953125,540.5499877929688,478.0,0.0,0.0,
2021-03-08,549.5499877929688,549.5499877929688,538.0,541.0800170898438,874.0,0.0,0.0,
2021-03-09,537.9500122070312,549.8900146484375,531.9500122070312,543.4500122070312,234.0,0.0,0.0,
2021-03-10,548.0,548.6599731445312,540.9500122070312,548.030029296875,510.0,0.0,0.0,
2021-03-12,560.0,595.0,537.0,543.9000244140625,1446.0,0.0,0.0,
2021-03-15,548.0,553.5,534.0,539.0499877929688,1076.0,0.0,0.0,
2021-03-16,549.989990234375,549.989990234375,522.5,522.760009765625,4678.0,0.0,0.0,
2021-03-17,527.0999755859375,532.0999755859375,518.010009765625,520.260009765625,566.0,0.0,0.0,
2021-03-18,528.6900024414062,533.0,509.4599914550781,510.8099975585938,3865.0,0.0,0.0,
2021-03-19,514.0999755859375,518.3499755859375,500.1000061035156,515.8400268554688,1066.0,0.0,0.0,
2021-03-22,519.8400268554688,519.989990234375,514.0,517.780029296875,2612.0,0.0,0.0,
2021-03-23,539.9000244140625,539.9000244140625,517.0900268554688,519.47998046875,358.0,0.0,0.0,
2021-03-24,519.0,527.8699951171875,512.9000244140625,518.1799926757812,777.0,0.0,0.0,
2021-03-25,516.0,516.0,504.260009765625,505.4500122070312,3393.0,0.0,0.0,
2021-03-26,515.239990234375,591.2999877929688,508.6600036621094,512.0599975585938,1182.0,0.0,0.0,
2021-03-30,522.2999877929688,527.719970703125,512.0,521.1199951171875,1111.0,0.0,0.0,
2021-03-31,518.0,533.0,507.9500122070312,516.5700073242188,430.0,0.0,0.0,
2021-04-01,521.0,524.0,517.6699829101562,522.8099975585938,175.0,0.0,0.0,
2021-04-05,533.2999877929688,539.0,500.0499877929688,514.3400268554688,2754.0,0.0,0.0,
2021-04-06,520.0,523.989990234375,510.510009765625,515.72998046875,336.0,0.0,0.0,
2021-04-07,577.5499877929688,577.5499877929688,510.0499877929688,512.4500122070312,642.0,0.0,0.0,
2021-04-08,522.7000122070312,525.0,515.2999877929688,520.1699829101562,798.0,0.0,0.0,
2021-04-09,520.1699829101562,524.510009765625,516.989990234375,518.7999877929688,220.0,0.0,0.0,
2021-04-12,525.0,525.0,500.0,502.4500122070312,5368.0,0.0,0.0,
2021-04-13,548.9000244140625,548.9000244140625,495.0,507.0599975585938,782.0,0.0,0.0,
2021-04-15,509.0,521.739990234375,497.9400024414062,511.739990234375,2763.0,0.0,0.0,
2021-04-16,511.7300109863281,519.969970703125,507.2000122070312,509.6300048828125,762.0,0.0,0.0,
2021-04-19,511.0,550.0,495.0,499.6600036621094,13162.0,0.0,0.0,
2021-04-20,502.6499938964844,506.2900085449219,496.0499877929688,499.010009765625,1175.0,0.0,0.0,
2021-04-22,512.989990234375,512.989990234375,495.0,498.989990234375,685.0,0.0,0.0,
2021-04-23,509.0,509.0,492.0,499.0899963378906,454.0,0.0,0.0,
2021-04-26,509.989990234375,509.989990234375,501.0,504.6799926757812,833.0,0.0,0.0,
2021-04-27,512.989990234375,512.989990234375,502.1300048828125,508.0899963378906,440.0,0.0,0.0,
2021-04-28,510.0,516.0,510.0,516.0,757.0,0.0,0.0,
2021-04-29,516.0999755859375,524.989990234375,514.4500122070312,515.6799926757812,663.0,0.0,0.0,
2021-04-30,515.0,519.989990234375,507.1000061035156,510.1199951171875,1546.0,0.0,0.0,
2021-05-03,510.0,515.0,500.0499877929688,510.1000061035156,870.0,0.0,0.0,
2021-05-04,510.0,511.7300109863281,502.75,504.1499938964844,5967.0,0.0,0.0,
2021-05-05,510.0,514.989990234375,505.0,508.9100036621094,160.0,0.0,0.0,
2021-05-06,517.989990234375,517.989990234375,504.0,508.9200134277344,382.0,0.0,0.0,
2021-05-07,498.75,515.9000244140625,498.75,515.0,404.0,0.0,0.0,
2021-05-10,504.7000122070312,543.7999877929688,504.7000122070312,517.6799926757812,617.0,0.0,0.0,
2021-05-11,519.989990234375,519.989990234375,511.0,513.9000244140625,482.0,0.0,0.0,
2021-05-12,515.0,515.0,505.2000122070312,509.5299987792969,921.0,0.0,0.0,
2021-05-14,510.25,519.530029296875,505.2099914550781,509.4400024414062,364.0,0.0,0.0,
2021-05-17,520.0,520.0,508.5,515.1900024414062,1041.0,0.0,0.0,
2021-05-18,515.0,522.7999877929688,515.0,521.8499755859375,1559.0,0.0,0.0,
2021-05-19,522.0,525.0,517.0,518.6900024414062,486.0,0.0,0.0,
2021-05-20,548.47998046875,548.47998046875,517.1500244140625,518.5,240.0,0.0,0.0,
2021-05-21,520.5,525.0,520.0,522.9099731445312,325.0,0.0,0.0,
2021-05-24,525.3900146484375,533.25,524.219970703125,530.030029296875,4813.0,0.0,0.0,
2021-05-25,569.8900146484375,569.8900146484375,520.0,529.0,406.0,0.0,0.0,
2021-05-26,539.5999755859375,539.5999755859375,527.5,529.3200073242188,564.0,0.0,0.0,
2021-05-27,570.0,570.0,521.0,532.0,243.0,0.0,0.0,
2021-05-28,542.6500244140625,542.6500244140625,530.9000244140625,532.6699829101562,698.0,0.0,0.0,
2021-05-31,549.25,549.25,527.0,537.260009765625,1897.0,0.0,0.0,
2021-06-01,570.0,570.0,535.9299926757812,537.7899780273438,739.0,0.0,0.0,
2021-06-02,544.9500122070312,544.9500122070312,537.0,539.22998046875,423.0,0.0,0.0,
2021-06-03,544.5,559.0,539.6900024414062,542.9099731445312,912.0,0.0,0.0,
2021-06-04,539.4000244140625,555.0,539.4000244140625,544.0,552.0,0.0,0.0,
2021-06-07,570.0,570.0,544.0,544.27001953125,1792.0,0.0,0.0,
2021-06-08,568.47998046875,568.47998046875,542.6099853515625,549.280029296875,629.0,0.0,0.0,
2021-06-09,548.9500122070312,554.0,541.25,544.22998046875,1076.0,0.0,0.0,
2021-06-10,546.25,548.3099975585938,540.1099853515625,545.9099731445312,1083.0,0.0,0.0,
2021-06-11,543.9500122070312,550.4500122070312,541.010009765625,546.3300170898438,222.0,0.0,0.0,
2021-06-14,552.25,552.25,538.9000244140625,545.8499755859375,1233.0,0.0,0.0,
2021-06-15,566.530029296875,566.530029296875,544.02001953125,548.8200073242188,2244.0,0.0,0.0,
2021-06-16,555.25,555.25,550.0,551.3900146484375,204.0,0.0,0.0,
2021-06-17,550.0,553.9000244140625,542.010009765625,549.5499877929688,3828.0,0.0,0.0,
2021-06-18,549.0,551.3499755859375,542.6500244140625,546.719970703125,824.0,0.0,0.0,
2021-06-21,547.0,550.1799926757812,544.4199829101562,549.989990234375,983.0,0.0,0.0,
2021-06-22,554.5,558.0,546.6400146484375,550.1699829101562,4967.0,0.0,0.0,
2021-06-23,555.25,555.25,544.469970703125,549.1500244140625,552.0,0.0,0.0,
2021-06-24,549.25,551.2999877929688,549.25,551.1699829101562,201.0,0.0,0.0,
2021-06-25,558.0,558.0,545.0,554.97998046875,1541.0,0.0,0.0,
2021-06-28,558.0,566.0999755859375,550.3900146484375,553.6500244140625,859.0,0.0,0.0,
2021-06-29,570.0,570.0,548.7000122070312,552.0900268554688,247.0,0.0,0.0,
2021-06-30,551.9500122070312,555.1400146484375,548.77001953125,549.989990234375,388.0,0.0,0.0,
2021-07-01,549.0,559.8900146484375,549.0,549.8099975585938,1198.0,0.0,0.0,
2021-07-02,560.8499755859375,564.47998046875,544.0999755859375,550.5,10681.0,0.0,0.0,
2021-07-05,558.3599853515625,564.47998046875,546.0,554.739990234375,761.0,0.0,0.0,
2021-07-06,554.739990234375,559.739990234375,551.4500122070312,554.8400268554688,11066.0,0.0,0.0,
2021-07-07,570.0,570.0,547.3499755859375,552.5399780273438,1569.0,0.0,0.0,
2021-07-08,551.9500122070312,555.7999877929688,550.0,551.4600219726562,989.0,0.0,0.0,
2021-07-09,544.7999877929688,551.4600219726562,544.7999877929688,549.469970703125,1723.0,0.0,0.0,
2021-07-12,560.5,560.5,545.0999755859375,549.1699829101562,709.0,0.0,0.0,
2021-07-13,547.75,559.4099731445312,542.9500122070312,549.52001953125,14721.0,0.0,0.0,
2021-07-14,597.2999877929688,597.2999877929688,548.2000122070312,552.5800170898438,377.0,0.0,0.0,
2021-07-15,552.0,564.2999877929688,552.0,556.9199829101562,500.0,0.0,0.0,
2021-07-16,557.3200073242188,558.0,551.6099853515625,552.6799926757812,4034.0,0.0,0.0,
2021-07-19,552.72998046875,555.25,548.4199829101562,550.9400024414062,1898.0,0.0,0.0,
2021-07-20,555.25,555.25,545.4000244140625,547.6500244140625,1206.0,0.0,0.0,
2021-07-22,548.0,555.0,541.8800048828125,550.260009765625,4875.0,0.0,0.0,
2021-07-23,552.8499755859375,554.9000244140625,549.5999755859375,550.030029296875,999.0,0.0,0.0,
2021-07-26,552.989990234375,555.0,550.0499877929688,553.75,376.0,0.0,0.0,
2021-07-27,553.75,554.989990234375,546.0800170898438,548.469970703125,2335.0,0.0,0.0,
2021-07-28,551.989990234375,551.989990234375,543.010009765625,545.219970703125,3517.0,0.0,0.0,
2021-07-29,552.989990234375,552.989990234375,542.2999877929688,545.7899780273438,8509.0,0.0,0.0,
2021-07-30,544.0,553.5,544.0,549.739990234375,4025.0,0.0,0.0,
2021-08-02,555.25,556.0999755859375,550.0,552.5,917.0,0.0,0.0,
2021-08-03,552.5,563.7999877929688,552.5,563.4600219726562,1820.0,0.0,0.0,
2021-08-04,560.75,568.1199951171875,560.75,567.5499877929688,750.0,0.0,0.0,
2021-08-05,570.989990234375,571.0999755859375,565.72998046875,570.3499755859375,515.0,0.0,0.0,
2021-08-06,572.0,574.9299926757812,567.9500122070312,569.3499755859375,797.0,0.0,0.0,
2021-08-09,572.989990234375,572.989990234375,566.0,569.8699951171875,1240.0,0.0,0.0,
2021-08-10,568.0,574.0,568.0,569.52001953125,1479.0,0.0,0.0,
2021-08-11,572.989990234375,572.989990234375,565.9500122070312,568.0999755859375,2062.0,0.0,0.0,
2021-08-12,571.989990234375,574.9500122070312,568.5700073242188,572.7899780273438,448.0,0.0,0.0,
2021-08-13,575.9500122070312,579.97998046875,573.0,576.780029296875,697.0,0.0,0.0,
2021-08-16,579.989990234375,582.6500244140625,577.0,582.0800170898438,405.0,0.0,0.0,
2021-08-17,585.989990234375,585.989990234375,578.1599731445312,583.02001953125,2468.0,0.0,0.0,
2021-08-18,585.989990234375,587.0800170898438,577.489990234375,580.9400024414062,728.0,0.0,0.0,
2021-08-20,583.989990234375,590.0,574.75,581.3800048828125,2884.0,0.0,0.0,
2021-08-23,585.989990234375,585.989990234375,576.510009765625,581.9099731445312,871.0,0.0,0.0,
2021-08-24,584.989990234375,586.7000122070312,576.0,586.3900146484375,257.0,0.0,0.0,
2021-08-25,589.989990234375,589.989990234375,583.1599731445312,584.8800048828125,746.0,0.0,0.0,
2021-08-26,589.989990234375,590.0,583.0499877929688,588.5900268554688,2407.0,0.0,0.0,
2021-08-27,590.989990234375,590.989990234375,584.0,589.6400146484375,263.0,0.0,0.0,
2021-08-30,594.989990234375,595.0,585.1099853515625,591.780029296875,1167.0,0.0,0.0,
2021-08-31,595.989990234375,599.9000244140625,592.7000122070312,598.52001953125,835.0,0.0,0.0,
2021-09-01,602.0,608.0499877929688,601.0,601.4199829101562,600.0,0.0,0.0,
2021-09-02,606.0,607.739990234375,601.52001953125,607.4000244140625,522.0,0.0,0.0,
2021-09-03,611.989990234375,611.989990234375,605.9500122070312,608.4299926757812,562.0,0.0,0.0,
2021-09-06,613.989990234375,648.7000122070312,600.0,612.0999755859375,926.0,0.0,0.0,
2021-09-07,610.0,620.0,607.0399780273438,612.0800170898438,678.0,0.0,0.0,
2021-09-08,617.989990234375,617.989990234375,608.4400024414062,612.2899780273438,1730.0,0.0,0.0,
2021-09-09,614.7000122070312,614.7000122070312,609.9500122070312,612.5700073242188,747.0,0.0,0.0,
2021-09-13,616.989990234375,616.989990234375,609.1699829101562,611.2000122070312,866.0,0.0,0.0,
2021-09-14,617.989990234375,617.989990234375,609.9600219726562,611.4500122070312,629.0,0.0,0.0,
2021-09-15,617.989990234375,617.989990234375,611.5,614.5999755859375,351.0,0.0,0.0,
2021-09-16,620.0,620.0,609.2999877929688,618.0,418.0,0.0,0.0,
2021-09-17,620.0,626.0,615.0999755859375,617.1799926757812,641.0,0.0,0.0,
2021-09-20,672.5999755859375,672.5999755859375,606.010009765625,614.9299926757812,855.0,0.0,0.0,
2021-09-21,670.7999877929688,670.7999877929688,607.5999755859375,614.47998046875,1145.0,0.0,0.0,
2021-09-22,620.0,620.989990234375,614.27001953125,615.0800170898438,572.0,0.0,0.0,
2021-09-23,615.510009765625,628.2999877929688,615.510009765625,625.3300170898438,408.0,0.0,0.0,
2021-09-24,632.989990234375,632.989990234375,627.219970703125,630.1199951171875,1017.0,0.0,0.0,
2021-09-27,635.989990234375,645.0,626.0,633.4299926757812,650.0,0.0,0.0,
2021-09-28,639.989990234375,639.989990234375,620.0,626.0700073242188,1096.0,0.0,0.0,
2021-09-29,629.989990234375,629.989990234375,620.0,624.3300170898438,727.0,0.0,0.0,
2021-09-30,629.989990234375,645.0,620.0,621.9099731445312,1435.0,0.0,0.0,
2021-10-01,627.989990234375,627.989990234375,611.4500122070312,617.3300170898438,999.0,0.0,0.0,
2021-10-04,627.989990234375,627.989990234375,620.0,622.6500244140625,543.0,0.0,0.0,
2021-10-05,624.7000122070312,628.0700073242188,620.010009765625,625.1300048828125,529.0,0.0,0.0,
2021-10-06,615.0,631.0,614.1500244140625,621.989990234375,1078.0,0.0,0.0,
2021-10-07,625.7000122070312,659.2000122070312,624.5,627.3800048828125,446.0,0.0,0.0,
2021-10-08,634.989990234375,634.989990234375,625.0,629.2899780273438,357.0,0.0,0.0,
2021-10-11,634.989990234375,635.6500244140625,629.0,631.7899780273438,799.0,0.0,0.0,
2021-10-12,634.989990234375,634.989990234375,629.7000122070312,630.989990234375,322.0,0.0,0.0,
2021-10-13,639.989990234375,639.989990234375,631.0700073242188,635.0499877929688,681.0,0.0,0.0,
2021-10-14,642.0,642.0,635.5999755859375,640.47998046875,1082.0,0.0,0.0,
2021-10-18,640.5,659.0,640.5,649.010009765625,604.0,0.0,0.0,
2021-10-19,657.989990234375,657.989990234375,643.219970703125,649.3400268554688,1189.0,0.0,0.0,
2021-10-20,655.989990234375,660.0,585.0,643.719970703125,696.0,0.0,0.0,
2021-10-21,650.0,651.989990234375,634.9500122070312,641.969970703125,720.0,0.0,0.0,
2021-10-22,649.989990234375,649.989990234375,630.0,635.5900268554688,267.0,0.0,0.0,
2021-10-25,660.0,660.0,629.0,639.219970703125,778.0,0.0,0.0,
2021-10-26,643.0,652.0,639.219970703125,643.6199951171875,535.0,0.0,0.0,
2021-10-27,647.2999877929688,659.0,640.22998046875,643.4600219726562,849.0,0.0,0.0,
2021-10-28,642.9500122070312,643.9500122070312,630.2000122070312,631.8099975585938,1617.0,0.0,0.0,
2021-10-29,639.989990234375,641.0,622.0,624.6500244140625,1586.0,0.0,0.0,
2021-11-01,634.989990234375,634.989990234375,612.2000122070312,632.8099975585938,1194.0,0.0,0.0,
2021-11-02,641.989990234375,645.0,629.1699829101562,632.02001953125,1369.0,0.0,0.0,
2021-11-03,639.989990234375,639.989990234375,626.0,629.0,617.0,0.0,0.0,
2021-11-04,639.989990234375,643.0,626.0700073242188,639.47998046875,304.0,0.0,0.0,
2021-11-08,655.0,655.0,630.0,637.1199951171875,689.0,0.0,0.0,
2021-11-09,637.1199951171875,654.9500122070312,631.4600219726562,637.4199829101562,1171.0,0.0,0.0,
2021-11-10,643.989990234375,643.989990234375,630.0,635.9000244140625,541.0,0.0,0.0,
2021-11-11,634.5999755859375,637.9500122070312,628.0,628.7100219726562,914.0,0.0,0.0,
2021-11-12,637.989990234375,638.8800048828125,628.0999755859375,635.8300170898438,351.0,0.0,0.0,
2021-11-15,643.989990234375,643.989990234375,635.0800170898438,637.47998046875,848.0,0.0,0.0,
2021-11-16,644.0,644.0,634.5499877929688,635.239990234375,667.0,0.0,0.0,
2021-11-17,635.239990234375,639.7999877929688,627.52001953125,628.6699829101562,1063.0,0.0,0.0,
2021-11-18,635.989990234375,635.989990234375,624.7999877929688,627.5700073242188,919.0,0.0,0.0,
2021-11-22,634.989990234375,737.5499877929688,615.0,674.719970703125,3893.0,0.0,0.0,
2021-11-23,660.0,660.0,606.5599975585938,612.489990234375,15254.0,0.0,0.0,
2021-11-24,621.989990234375,621.989990234375,613.0,615.02001953125,2121.0,0.0,0.0,
2021-11-25,622.989990234375,622.989990234375,612.6199951171875,618.97998046875,1084.0,0.0,0.0,
2021-11-26,620.0,621.0,601.0,602.4199829101562,4284.0,0.0,0.0,
2021-11-29,607.989990234375,616.0,601.0,603.0700073242188,2157.0,0.0,0.0,
2021-11-30,606.2999877929688,618.0,600.3099975585938,601.4600219726562,2772.0,0.0,0.0,
2021-12-01,607.989990234375,618.0,605.0,607.9199829101562,1806.0,0.0,0.0,
2021-12-02,606.0599975585938,613.9400024414062,605.4099731445312,612.2999877929688,763.0,0.0,0.0,
2021-12-03,616.989990234375,618.0999755859375,605.0,607.7999877929688,1577.0,0.0,0.0,
2021-12-06,612.989990234375,612.989990234375,596.0,597.4099731445312,4548.0,0.0,0.0,
2021-12-07,607.989990234375,608.0,601.2999877929688,606.489990234375,562.0,0.0,0.0,
2021-12-08,612.7999877929688,616.5499877929688,608.969970703125,611.5,367.0,0.0,0.0,
2021-12-09,613.0,619.989990234375,610.5,617.6300048828125,1230.0,0.0,0.0,
2021-12-10,615.0,620.0,615.0,618.5,902.0,0.0,0.0,
2021-12-13,625.989990234375,633.0,610.1599731445312,613.280029296875,584.0,0.0,0.0,
2021-12-14,612.0999755859375,617.8400268554688,609.0,612.030029296875,829.0,0.0,0.0,
2021-12-15,616.989990234375,616.989990234375,608.0,609.0499877929688,396.0,0.0,0.0,
2021-12-16,602.1599731445312,617.989990234375,602.1599731445312,609.0700073242188,777.0,0.0,0.0,
2021-12-17,615.989990234375,615.989990234375,599.0,600.97998046875,1854.0,0.0,0.0,
2021-12-20,607.989990234375,607.989990234375,580.0,587.0700073242188,4468.0,0.0,0.0,
2021-12-21,601.989990234375,601.989990234375,583.2999877929688,594.2899780273438,1049.0,0.0,0.0,
2021-12-22,602.989990234375,617.7000122070312,586.2000122070312,597.5800170898438,582.0,0.0,0.0,
2021-12-23,603.2999877929688,607.989990234375,595.7999877929688,603.469970703125,555.0,0.0,0.0,
2021-12-24,611.989990234375,611.989990234375,595.1799926757812,601.1900024414062,1128.0,0.0,0.0,
2021-12-27,591.5599975585938,613.0,589.2000122070312,599.8499755859375,1202.0,0.0,0.0,
2021-12-28,609.989990234375,609.989990234375,602.7100219726562,605.6599731445312,1305.0,0.0,0.0,
2021-12-29,604.0,612.989990234375,487.5,602.739990234375,1447.0,0.0,0.0,
2021-12-30,609.989990234375,609.989990234375,604.0900268554688,608.2999877929688,488.0,0.0,0.0,
2021-12-31,608.2999877929688,613.1500244140625,608.2999877929688,609.5,650.0,0.0,0.0,
2022-01-03,616.989990234375,623.25,605.0999755859375,617.5800170898438,1192.0,0.0,0.0,
2022-01-04,616.97998046875,646.4199829101562,615.0,631.8300170898438,36594.0,0.0,0.0,
2022-01-05,637.989990234375,637.989990234375,619.2000122070312,630.1799926757812,935.0,0.0,0.0,
2022-01-06,634.989990234375,638.0,620.7999877929688,626.969970703125,4078.0,0.0,0.0,
2022-01-07,633.989990234375,644.0,622.0999755859375,628.280029296875,806.0,0.0,0.0,
2022-01-10,633.0,637.989990234375,626.739990234375,630.8400268554688,1348.0,0.0,0.0,
2022-01-11,633.0,640.0,629.5999755859375,639.1900024414062,881.0,0.0,0.0,
2022-01-12,644.0,644.0,637.0999755859375,641.489990234375,795.0,0.0,0.0,
2022-01-13,628.7000122070312,649.7999877929688,628.7000122070312,640.3499755859375,520.0,0.0,0.0,
2022-01-14,646.989990234375,646.989990234375,636.7999877929688,640.6500244140625,290.0,0.0,0.0,
2022-01-17,642.0,647.97998046875,639.0999755859375,643.02001953125,755.0,0.0,0.0,
2022-01-18,630.2000122070312,648.0,630.2000122070312,637.6699829101562,773.0,0.0,0.0,
2022-01-19,631.5999755859375,643.989990234375,628.0999755859375,632.5599975585938,1195.0,0.0,0.0,
2022-01-20,639.0,645.0,622.0,626.1199951171875,1560.0,0.0,0.0,
2022-01-21,643.7000122070312,643.7000122070312,612.0999755859375,621.8099975585938,1662.0,0.0,0.0,
2022-01-24,625.0,628.989990234375,600.0999755859375,605.25,6284.0,0.0,0.0,
2022-01-25,611.97998046875,611.97998046875,600.0,609.3200073242188,3503.0,0.0,0.0,
2022-01-27,613.989990234375,633.2999877929688,592.3900146484375,609.3200073242188,4358.0,0.0,0.0,
2022-01-28,614.9000244140625,614.9000244140625,601.6900024414062,602.0700073242188,1752.0,0.0,0.0,
2022-01-31,614.97998046875,614.97998046875,605.0,610.239990234375,856.0,0.0,0.0,
2022-02-01,615.9000244140625,628.0,610.0,617.739990234375,877.0,0.0,0.0,
2022-02-02,605.4000244140625,626.97998046875,560.0,625.0,1521.0,0.0,0.0,
2022-02-03,657.7000122070312,657.7000122070312,613.2999877929688,616.1400146484375,2480.0,0.0,0.0,
2022-02-04,617.6599731445312,619.25,612.0,615.47998046875,2299.0,0.0,0.0,
2022-02-07,644.0,712.0999755859375,604.0,607.2100219726562,6599.0,0.0,0.0,
2022-02-08,627.7000122070312,627.7000122070312,600.0999755859375,607.9199829101562,2396.0,0.0,0.0,
2022-02-09,622.97998046875,622.97998046875,608.0,611.0,569.0,0.0,0.0,
2022-02-10,608.0999755859375,619.97998046875,604.0999755859375,616.1099853515625,528.0,0.0,0.0,
2022-02-11,620.97998046875,620.97998046875,601.1599731445312,612.3300170898438,1569.0,0.0,0.0,
2022-02-14,600.7999877929688,614.989990234375,593.510009765625,594.6599731445312,5879.0,0.0,0.0,
2022-02-15,601.989990234375,612.1699829101562,594.0,609.5599975585938,1938.0,0.0,0.0,
2022-02-16,617.989990234375,617.989990234375,605.0,610.5499877929688,1307.0,0.0,0.0,
2022-02-17,601.0,617.97998046875,601.0,609.8200073242188,201.0,0.0,0.0,
2022-02-18,622.0499877929688,622.0499877929688,607.5,609.260009765625,437.0,0.0,0.0,
2022-02-21,615.989990234375,615.989990234375,597.0999755859375,607.9400024414062,530.0,0.0,0.0,
2022-02-22,595.7999877929688,609.989990234375,593.739990234375,602.0,1617.0,0.0,0.0,
2022-02-23,632.2999877929688,632.2999877929688,602.1099853515625,602.8599853515625,694.0,0.0,0.0,
2022-02-24,584.0499877929688,610.0,575.0,577.9199829101562,12337.0,0.0,0.0,
2022-02-25,589.5,609.989990234375,566.0,588.3200073242188,1889.0,0.0,0.0,
2022-02-28,598.989990234375,598.989990234375,579.6699829101562,589.1300048828125,1985.0,0.0,0.0,
2022-03-02,605.0,605.0,573.2999877929688,585.010009765625,2556.0,0.0,0.0,
2022-03-03,594.97998046875,594.97998046875,579.47998046875,580.9099731445312,1611.0,0.0,0.0,
2022-03-04,617.7000122070312,617.7000122070312,568.9000244140625,573.27001953125,3781.0,0.0,0.0,
2022-03-07,576.989990234375,585.0,552.2999877929688,558.2999877929688,8523.0,0.0,0.0,
2022-03-08,550.0,578.0,550.0,559.0399780273438,6461.0,0.0,0.0,
2022-03-09,594.7000122070312,594.7000122070312,560.0,575.989990234375,1694.0,0.0,0.0,
2022-03-10,594.4000244140625,598.7899780273438,580.0,585.1799926757812,749.0,0.0,0.0,
2022-03-11,598.9000244140625,598.9000244140625,580.0,585.47998046875,862.0,0.0,0.0,
2022-03-14,592.97998046875,592.97998046875,584.4099731445312,591.0999755859375,2432.0,0.0,0.0,
2022-03-15,597.97998046875,597.97998046875,582.3099975585938,589.0999755859375,1227.0,0.0,0.0,
2022-03-16,605.0,605.0,589.0,594.6699829101562,727.0,0.0,0.0,
2022-03-17,598.5,607.6300048828125,598.5,605.02001953125,1017.0,0.0,0.0,
2022-03-21,616.97998046875,616.97998046875,596.5499877929688,603.8099975585938,1001.0,0.0,0.0,
2022-03-22,610.97998046875,610.97998046875,599.0,606.7999877929688,1913.0,0.0,0.0,
2022-03-23,610.7999877929688,614.7899780273438,605.3200073242188,608.0,242.0,0.0,0.0,
2022-03-24,595.8499755859375,610.0,595.8499755859375,606.0900268554688,818.0,0.0,0.0,
2022-03-25,606.2999877929688,607.8300170898438,599.3800048828125,600.6400146484375,1030.0,0.0,0.0,
2022-03-28,607.97998046875,618.0,593.2999877929688,604.8599853515625,1873.0,0.0,0.0,
2022-03-29,606.7999877929688,609.0,599.47998046875,606.0,3391.0,0.0,0.0,
2022-03-30,606.7999877929688,614.989990234375,603.5,613.1799926757812,7456.0,0.0,0.0,
2022-03-31,620.97998046875,620.97998046875,608.2999877929688,615.5599975585938,946.0,0.0,0.0,
2022-04-01,618.7999877929688,622.0,608.0499877929688,618.6599731445312,1340.0,0.0,0.0,
2022-04-04,618.6599731445312,635.0,606.2999877929688,634.7100219726562,2457.0,0.0,0.0,
2022-04-05,628.0,637.0,628.0,634.4000244140625,544.0,0.0,0.0,
2022-04-06,639.989990234375,639.989990234375,621.75,629.1400146484375,1335.0,0.0,0.0,
2022-04-07,635.0,635.0,621.0,623.0700073242188,697.0,0.0,0.0,
2022-04-08,620.0,629.9000244140625,612.0,625.8400268554688,425.0,0.0,0.0,
2022-04-11,677.7000122070312,677.7000122070312,615.0,621.6799926757812,1064.0,0.0,0.0,
2022-04-12,629.0,629.0,615.0,615.2000122070312,2000.0,0.0,0.0,
2022-04-13,629.0,629.0,613.3099975585938,615.8200073242188,419.0,0.0,0.0,
2022-04-18,621.97998046875,621.97998046875,598.2999877929688,602.5399780273438,4288.0,0.0,0.0,
2022-04-19,616.0,616.0,591.5,595.2999877929688,1868.0,0.0,0.0,
2022-04-20,614.0,614.0,596.9600219726562,600.6099853515625,2332.0,0.0,0.0,
2022-04-21,637.7000122070312,637.7000122070312,602.7999877929688,606.8599853515625,383.0,0.0,0.0,
2022-04-22,606.9000244140625,607.8599853515625,600.0,602.4299926757812,345.0,0.0,0.0,
2022-04-25,606.97998046875,606.97998046875,589.3099975585938,595.260009765625,3704.0,0.0,0.0,
2022-04-26,586.2999877929688,604.0,586.2999877929688,599.6500244140625,698.0,0.0,0.0,
2022-04-27,605.97998046875,605.97998046875,594.5,599.010009765625,740.0,0.0,0.0,
2022-04-28,602.7000122070312,607.97998046875,590.0,603.6099853515625,516.0,0.0,0.0,
2022-04-29,614.9000244140625,614.9000244140625,600.0,601.72998046875,1130.0,0.0,0.0,
2022-05-02,613.7000122070312,613.7000122070312,589.4000244140625,595.530029296875,2220.0,0.0,0.0,
2022-05-04,603.97998046875,607.9000244140625,585.0,586.760009765625,2814.0,0.0,0.0,
2022-05-05,598.5,598.5,587.010009765625,587.9099731445312,726.0,0.0,0.0,
2022-05-06,589.97998046875,589.97998046875,574.010009765625,575.780029296875,5096.0,0.0,0.0,
2022-05-09,583.97998046875,583.97998046875,565.1699829101562,574.8099975585938,1701.0,0.0,0.0,
2022-05-10,579.0,581.97998046875,572.1799926757812,572.7899780273438,1462.0,0.0,0.0,
2022-05-11,599.7000122070312,599.7000122070312,517.7000122070312,570.1400146484375,2038.0,0.0,0.0,
2022-05-12,598.0,598.0,557.0,560.3200073242188,4109.0,0.0,0.0,
2022-05-13,597.7000122070312,597.7000122070312,549.1500244140625,557.8200073242188,3851.0,0.0,0.0,
2022-05-16,587.7000122070312,587.7000122070312,555.0,559.5999755859375,2016.0,0.0,0.0,
2022-05-17,551.1500244140625,571.260009765625,551.1500244140625,570.7999877929688,507.0,0.0,0.0,
2022-05-18,587.7000122070312,587.7000122070312,572.0,572.0900268554688,1094.0,0.0,0.0,
2022-05-19,574.97998046875,574.97998046875,556.5,557.4000244140625,3094.0,0.0,0.0,
2022-05-20,587.7000122070312,587.7000122070312,562.0,568.8300170898438,2882.0,0.0,0.0,
2022-05-23,574.0,578.4400024414062,563.0,573.4000244140625,1046.0,0.0,0.0,
2022-05-24,572.719970703125,578.0,567.239990234375,570.5399780273438,1025.0,0.0,0.0,
2022-05-25,579.0,579.0,567.6199951171875,567.8900146484375,510.0,0.0,0.0,
2022-05-26,586.7000122070312,586.7000122070312,564.3200073242188,570.1300048828125,463.0,0.0,0.0,
2022-05-27,565.0,579.97998046875,565.0,576.6300048828125,718.0,0.0,0.0,
2022-05-30,581.0,590.0,576.0,588.2100219726562,891.0,0.0,0.0,
2022-05-31,613.97998046875,613.97998046875,575.2999877929688,587.6099853515625,705.0,0.0,0.0,
2022-06-01,607.7000122070312,607.7000122070312,582.4500122070312,585.0,780.0,0.0,0.0,
2022-06-02,598.0,598.0,583.7000122070312,588.9500122070312,271.0,0.0,0.0,
2022-06-03,550.0,599.0,550.0,591.010009765625,2729.0,0.0,0.0,
2022-06-06,594.0,595.0,584.3499755859375,587.469970703125,2980.0,0.0,0.0,
2022-06-07,594.5,596.0,582.0,583.8599853515625,5553.0,0.0,0.0,
2022-06-08,589.9000244140625,589.9000244140625,577.6599731445312,580.9600219726562,783.0,0.0,0.0,
2022-06-09,585.7999877929688,585.7999877929688,575.3300170898438,585.6699829101562,1545.0,0.0,0.0,
2022-06-10,575.2000122070312,587.97998046875,573.8499755859375,576.6900024414062,2535.0,0.0,0.0,
2022-06-13,575.7000122070312,575.7000122070312,557.0999755859375,559.510009765625,5305.0,0.0,0.0,
2022-06-14,564.97998046875,564.97998046875,554.6799926757812,558.9400024414062,934.0,0.0,0.0,
2022-06-15,561.989990234375,561.989990234375,554.0499877929688,556.030029296875,2269.0,0.0,0.0,
2022-06-16,577.7000122070312,577.7000122070312,545.0,546.5399780273438,2213.0,0.0,0.0,
2022-06-17,567.7000122070312,567.7000122070312,541.0,544.0800170898438,2313.0,0.0,0.0,
2022-06-20,564.0,564.0,540.0,544.2899780273438,1994.0,0.0,0.0,
2022-06-21,550.0,558.8499755859375,548.0,556.3099975585938,1315.0,0.0,0.0,
2022-06-22,562.0,562.0,546.6300048828125,547.6799926757812,986.0,0.0,0.0,
2022-06-23,546.5,555.6199951171875,546.5,553.280029296875,763.0,0.0,0.0,
2022-06-24,554.0,563.0,554.0,558.5800170898438,852.0,0.0,0.0,
2022-06-27,555.02001953125,567.97998046875,555.02001953125,562.4299926757812,747.0,0.0,0.0,
2022-06-28,562.2999877929688,565.97998046875,556.1300048828125,562.2000122070312,309.0,0.0,0.0,
2022-06-29,587.7000122070312,587.7000122070312,551.0,561.9199829101562,745.0,0.0,0.0,
2022-06-30,552.2000122070312,566.97998046875,552.2000122070312,562.3900146484375,743.0,0.0,0.0,
2022-07-01,559.780029296875,560.0,551.7000122070312,558.6500244140625,768.0,0.0,0.0,
2022-07-04,461.6000061035156,563.3900146484375,461.6000061035156,563.239990234375,707.0,0.0,0.0,
2022-07-05,569.97998046875,569.97998046875,560.3099975585938,562.5800170898438,888.0,0.0,0.0,
2022-07-06,566.97998046875,567.5,562.0,566.7000122070312,652.0,0.0,0.0,
2022-07-07,573.97998046875,573.97998046875,569.5,570.6900024414062,429.0,0.0,0.0,
2022-07-08,560.2000122070312,577.97998046875,560.2000122070312,575.0800170898438,440.0,0.0,0.0,
2022-07-11,579.97998046875,579.97998046875,571.3400268554688,576.4000244140625,1627.0,0.0,0.0,
2022-07-12,599.7000122070312,599.7000122070312,570.0,571.02001953125,520.0,0.0,0.0,
2022-07-13,576.97998046875,576.97998046875,565.0,566.0900268554688,719.0,0.0,0.0,
2022-07-14,566.0,570.52001953125,563.0,563.1099853515625,713.0,0.0,0.0,
2022-07-15,567.97998046875,568.0,564.5,567.3300170898438,498.0,0.0,0.0,
2022-07-18,574.4000244140625,577.6500244140625,567.0,577.3400268554688,26502.0,0.0,0.0,
2022-07-19,587.0,587.0,575.6099853515625,578.2100219726562,273.0,0.0,0.0,
2022-07-20,583.9000244140625,587.4500122070312,582.0,584.3200073242188,900.0,0.0,0.0,
2022-07-21,589.8900146484375,589.8900146484375,585.5999755859375,587.1300048828125,428.0,0.0,0.0,
2022-07-22,581.719970703125,593.989990234375,581.719970703125,592.3400268554688,1172.0,0.0,0.0,
2022-07-25,627.7000122070312,627.7000122070312,582.1599731445312,590.8400268554688,860.0,0.0,0.0,
2022-07-26,596.4000244140625,596.4000244140625,584.8300170898438,586.9000244140625,580.0,0.0,0.0,
2022-07-27,593.97998046875,593.97998046875,580.3099975585938,591.5700073242188,232.0,0.0,0.0,
2022-07-28,598.47998046875,600.0,592.010009765625,597.8900146484375,774.0,0.0,0.0,
2022-07-29,600.5,608.9199829101562,600.5,607.6500244140625,1112.0,0.0,0.0,
2022-08-01,610.0,614.3599853515625,597.2999877929688,612.989990234375,41480.0,0.0,0.0,
2022-08-02,615.5,615.7999877929688,610.7999877929688,614.1900024414062,8721.0,0.0,0.0,
2022-08-03,609.0700073242188,617.25,609.0700073242188,616.0499877929688,26303.0,0.0,0.0,
2022-08-04,617.5,619.989990234375,526.9000244140625,616.5900268554688,18853.0,0.0,0.0,
2022-08-05,620.5,620.5,615.25,617.1599731445312,406.0,0.0,0.0,
2022-08-08,610.02001953125,622.2999877929688,610.02001953125,620.5900268554688,25088.0,0.0,0.0,
2022-08-10,625.97998046875,625.97998046875,618.0,621.72998046875,688.0,0.0,0.0,
2022-08-11,620.0,628.0,620.0,627.1400146484375,68759.0,0.0,0.0,
2022-08-12,667.7000122070312,667.7000122070312,620.5499877929688,628.7899780273438,3498.0,0.0,0.0,
2022-08-16,629.9000244140625,634.0,626.9299926757812,632.6699829101562,24319.0,0.0,0.0,
2022-08-17,638.97998046875,638.97998046875,634.260009765625,636.6199951171875,1271.0,0.0,0.0,
2022-08-18,641.97998046875,641.97998046875,634.1400146484375,638.2899780273438,618.0,0.0,0.0,
2022-08-19,639.5,641.0,630.0,633.1799926757812,1489.0,0.0,0.0,
2022-08-22,637.97998046875,637.97998046875,621.8800048828125,624.9400024414062,1370.0,0.0,0.0,
2022-08-23,624.2999877929688,628.0999755859375,621.5,626.280029296875,661.0,0.0,0.0,
2022-08-24,646.760009765625,677.7000122070312,623.4199829101562,624.9299926757812,1935.0,0.0,0.0,
2022-08-25,626.5999755859375,631.0599975585938,621.2999877929688,624.2999877929688,705.0,0.0,0.0,
2022-08-26,626.5999755859375,628.780029296875,623.7000122070312,625.969970703125,619.0,0.0,0.0,
2022-08-29,622.5,622.5,612.5499877929688,615.989990234375,1236.0,0.0,0.0,
2022-08-30,612.5499877929688,629.0800170898438,612.5499877929688,628.6799926757812,1717.0,0.0,0.0,
2022-09-01,577.7000122070312,628.0,577.7000122070312,624.5900268554688,22326.0,0.0,0.0,
2022-09-02,630.97998046875,630.97998046875,620.719970703125,624.25,279.0,0.0,0.0,
2022-09-05,636.1400146484375,636.1400146484375,625.25,626.6599731445312,575.0,0.0,0.0,
2022-09-06,629.989990234375,630.0,624.4400024414062,628.9600219726562,297.0,0.0,0.0,
2022-09-07,626.9299926757812,627.2999877929688,612.0,624.6300048828125,540.0,0.0,0.0,
2022-09-08,631.97998046875,633.0,626.5999755859375,631.530029296875,283.0,0.0,0.0,
2022-09-09,634.5999755859375,638.5999755859375,632.219970703125,635.0499877929688,514.0,0.0,0.0,
2022-09-12,677.7000122070312,677.7000122070312,632.010009765625,638.0900268554688,3698.0,0.0,0.0,
2022-09-13,644.1900024414062,644.1900024414062,639.3900146484375,640.3099975585938,1083.0,0.0,0.0,
2022-09-14,637.989990234375,643.0,636.52001953125,639.5800170898438,1058.0,0.0,0.0,
2022-09-15,636.2100219726562,646.7899780273438,634.8599853515625,637.3200073242188,598.0,0.0,0.0,
2022-09-16,636.77001953125,638.010009765625,624.0,625.3800048828125,1780.0,0.0,0.0,
2022-09-19,631.969970703125,677.7000122070312,620.1300048828125,628.4299926757812,1392.0,0.0,0.0,
2022-09-20,645.1199951171875,645.1199951171875,624.2999877929688,633.02001953125,1278.0,0.0,0.0,
2022-09-21,634.4000244140625,634.5900268554688,628.0,629.3599853515625,459.0,0.0,0.0,
2022-09-22,633.6900024414062,633.6900024414062,625.0,628.280029296875,295.0,0.0,0.0,
2022-09-23,633.97998046875,633.97998046875,614.219970703125,614.8400268554688,3510.0,0.0,0.0,
2022-09-26,624.0,624.0,605.1500244140625,608.02001953125,3047.0,0.0,0.0,
2022-09-27,614.969970703125,614.969970703125,602.4299926757812,607.7999877929688,1034.0,0.0,0.0,
2022-09-28,612.8499755859375,615.0,600.0,601.6400146484375,1543.0,0.0,0.0,
2022-09-29,608.969970703125,608.969970703125,598.5599975585938,599.4000244140625,1024.0,0.0,0.0,
2022-09-30,524.9000244140625,611.4400024414062,524.9000244140625,609.0599975585938,1060.0,0.0,0.0,
2022-10-03,614.97998046875,614.97998046875,602.010009765625,603.2000122070312,1710.0,0.0,0.0,
2022-10-04,612.969970703125,615.0,605.1300048828125,614.3099975585938,414.0,0.0,0.0,
2022-10-06,621.97998046875,621.97998046875,614.7000122070312,615.4400024414062,813.0,0.0,0.0,
2022-10-07,617.5,618.260009765625,613.3599853515625,617.8900146484375,772.0,0.0,0.0,
2022-10-10,620.0,620.0,608.4400024414062,613.4099731445312,2660.0,0.0,0.0,
2022-10-11,613.2999877929688,614.8099975585938,605.010009765625,607.3099975585938,1795.0,0.0,0.0,
2022-10-12,618.0,618.0,607.0,612.7899780273438,403.0,0.0,0.0,
2022-10-13,592.010009765625,615.8900146484375,526.7000122070312,608.0900268554688,687.0,0.0,0.0,
2022-10-14,619.969970703125,619.969970703125,611.0,613.6099853515625,850.0,0.0,0.0,
2022-10-17,618.989990234375,619.5999755859375,602.6099853515625,618.3300170898438,966.0,0.0,0.0,
2022-10-18,632.0,632.0,622.010009765625,623.2999877929688,961.0,0.0,0.0,
2022-10-19,623.2999877929688,628.989990234375,623.2999877929688,625.780029296875,860.0,0.0,0.0,
2022-10-20,628.989990234375,628.989990234375,620.0,626.2999877929688,567.0,0.0,0.0,
2022-10-21,632.8900146484375,632.8900146484375,627.5900268554688,628.5700073242188,568.0,0.0,0.0,
2022-10-24,639.97998046875,639.97998046875,628.5800170898438,635.1099853515625,541.0,0.0,0.0,
2022-10-25,629.5499877929688,638.7000122070312,629.5499877929688,633.0999755859375,1830.0,0.0,0.0,
2022-10-27,632.010009765625,639.989990234375,630.1099853515625,632.02001953125,777.0,0.0,0.0,
2022-10-28,637.969970703125,637.969970703125,634.25,635.3800048828125,713.0,0.0,0.0,
2022-10-31,637.989990234375,645.1799926757812,630.5999755859375,642.9000244140625,3435.0,0.0,0.0,
2022-11-01,649.8800048828125,649.8800048828125,645.1799926757812,647.969970703125,1397.0,0.0,0.0,
2022-11-02,649.989990234375,649.989990234375,644.27001953125,645.010009765625,2295.0,0.0,0.0,
2022-11-03,645.010009765625,648.0,639.3099975585938,644.1699829101562,352.0,0.0,0.0,
2022-11-04,647.969970703125,648.8200073242188,633.2100219726562,647.0999755859375,412.0,0.0,0.0,
2022-11-07,654.969970703125,654.969970703125,644.510009765625,647.52001953125,4581.0,0.0,0.0,
2022-11-09,658.0,699.7000122070312,643.010009765625,646.780029296875,550.0,0.0,0.0,
2022-11-10,645.2999877929688,645.2999877929688,641.0,642.1900024414062,607.0,0.0,0.0,
2022-11-11,697.7000122070312,697.7000122070312,645.3599853515625,654.8300170898438,2027.0,0.0,0.0,
2022-11-14,677.0,677.0,648.010009765625,655.3800048828125,1458.0,0.0,0.0,
2022-11-15,659.8900146484375,659.8900146484375,651.510009765625,655.02001953125,874.0,0.0,0.0,
2022-11-16,659.8900146484375,659.8900146484375,643.510009765625,655.8800048828125,485.0,0.0,0.0,
2022-11-17,659.9000244140625,659.9000244140625,653.4500122070312,655.3200073242188,419.0,0.0,0.0,
2022-11-18,657.8900146484375,657.8900146484375,650.3699951171875,653.3900146484375,1107.0,0.0,0.0,
2022-11-21,677.0,677.0,648.3099975585938,650.3699951171875,1871.0,0.0,0.0,
2022-11-22,652.0,653.7100219726562,647.010009765625,651.239990234375,1190.0,0.0,0.0,
2022-11-23,645.8499755859375,658.4600219726562,641.6500244140625,653.8499755859375,2216.0,0.0,0.0,
2022-11-24,657.969970703125,660.1599731445312,652.2899780273438,658.6099853515625,1740.0,0.0,0.0,
2022-11-25,660.0599975585938,661.989990234375,658.3599853515625,659.5499877929688,604.0,0.0,0.0,
2022-11-28,666.0,685.0,659.5599975585938,664.260009765625,2853.0,0.0,0.0,
2022-11-29,651.1599731445312,667.030029296875,651.1599731445312,664.2100219726562,1524.0,0.0,0.0,
2022-11-30,669.3900146484375,669.52001953125,663.989990234375,667.7000122070312,781.0,0.0,0.0,
2022-12-01,671.0,674.969970703125,669.530029296875,670.4299926757812,2142.0,0.0,0.0,
2022-12-02,680.47998046875,688.0,655.1300048828125,668.219970703125,1845.0,0.0,0.0,
2022-12-05,668.0,674.5,662.3699951171875,665.739990234375,2581.0,0.0,0.0,
2022-12-06,664.989990234375,666.260009765625,662.010009765625,663.4000244140625,709.0,0.0,0.0,
2022-12-07,670.7999877929688,670.7999877929688,661.0,663.8599853515625,368.0,0.0,0.0,
2022-12-08,684.0,684.0,661.3200073242188,662.6699829101562,1165.0,0.0,0.0,
2022-12-09,667.969970703125,667.969970703125,658.0999755859375,661.239990234375,510.0,0.0,0.0,
2022-12-12,670.0,796.9000244140625,577.0999755859375,661.1400146484375,1772.0,0.0,0.0,
2022-12-13,659.0,665.010009765625,659.0,663.219970703125,430.0,0.0,0.0,
2022-12-14,665.0,668.3800048828125,662.989990234375,663.0700073242188,568.0,0.0,0.0,
2022-12-15,659.010009765625,665.1500244140625,656.1799926757812,657.6500244140625,765.0,0.0,0.0,
2022-12-16,657.9299926757812,657.9299926757812,652.0,652.97998046875,697.0,0.0,0.0,
2022-12-19,677.0,677.0,650.010009765625,656.510009765625,2801.0,0.0,0.0,
2022-12-20,661.969970703125,661.969970703125,649.010009765625,654.7000122070312,774.0,0.0,0.0,
2022-12-21,660.969970703125,660.969970703125,647.0599975585938,648.9500122070312,600.0,0.0,0.0,
2022-12-22,650.5900268554688,651.6799926757812,643.8599853515625,645.7899780273438,686.0,0.0,0.0,
2022-12-23,646.5900268554688,646.5900268554688,636.3499755859375,637.4600219726562,1839.0,0.0,0.0,
2022-12-26,641.969970703125,644.22998046875,630.2999877929688,640.8599853515625,2604.0,0.0,0.0,
2022-12-27,642.5900268554688,648.3900146484375,640.7100219726562,648.2999877929688,556.0,0.0,0.0,
2022-12-28,642.8699951171875,649.5399780273438,642.8699951171875,647.5,210.0,0.0,0.0,
2022-12-29,651.97998046875,651.97998046875,641.1400146484375,648.0,532.0,0.0,0.0,
2022-12-30,642.8800048828125,654.5900268554688,642.8800048828125,647.5599975585938,319.0,0.0,0.0,
2023-01-02,652.969970703125,657.8699951171875,647.3099975585938,648.0,3726.0,0.0,0.0,
2023-01-03,675.0,675.0,648.0,651.3699951171875,323.0,0.0,0.0,
2023-01-04,655.969970703125,655.969970703125,645.0,645.6300048828125,712.0,0.0,0.0,
2023-01-05,645.6300048828125,646.719970703125,639.6400146484375,641.719970703125,857.0,0.0,0.0,
2023-01-06,645.969970703125,645.969970703125,635.0,637.5599975585938,1058.0,0.0,0.0,
2023-01-09,644.969970703125,647.3499755859375,634.0,645.989990234375,1807.0,0.0,0.0,
2023-01-10,650.989990234375,650.989990234375,638.0399780273438,640.02001953125,970.0,0.0,0.0,
2023-01-11,639.3800048828125,641.4299926757812,635.1099853515625,638.7999877929688,281.0,0.0,0.0,
2023-01-12,649.0,649.0,629.530029296875,637.739990234375,1428.0,0.0,0.0,
2023-01-13,643.969970703125,643.969970703125,633.010009765625,639.6300048828125,580.0,0.0,0.0,
2023-01-16,642.5999755859375,647.010009765625,636.1799926757812,637.1699829101562,2931.0,0.0,0.0,
2023-01-17,637.1699829101562,642.7000122070312,637.1699829101562,642.5499877929688,592.0,0.0,0.0,
2023-01-18,647.969970703125,647.969970703125,641.6900024414062,646.2000122070312,786.0,0.0,0.0,
2023-01-19,636.6699829101562,648.6599731445312,636.6699829101562,647.2100219726562,398.0,0.0,0.0,
2023-01-20,646.3099975585938,650.97998046875,642.0999755859375,643.1500244140625,3060.0,0.0,0.0,
2023-01-23,645.010009765625,649.9299926757812,645.010009765625,647.9000244140625,1839.0,0.0,0.0,
2023-01-24,648.0,650.0,646.3099975585938,647.9199829101562,196.0,0.0,0.0,
2023-01-25,646.2999877929688,648.0,640.0,641.8699951171875,857.0,0.0,0.0,
2023-01-27,641.8699951171875,663.5900268554688,625.4299926757812,646.47998046875,3500.0,0.0,0.0,
2023-01-30,634.9199829101562,640.2000122070312,625.0,632.6599731445312,2562.0,0.0,0.0,
2023-01-31,651.6500244140625,651.6500244140625,612.22998046875,633.8200073242188,574.0,0.0,0.0,
2023-02-01,652.8499755859375,652.8499755859375,633.010009765625,641.1900024414062,1061.0,0.0,0.0,
2023-02-02,645.2999877929688,645.2999877929688,630.9000244140625,639.4500122070312,1132.0,0.0,0.0,
2023-02-03,639.72998046875,649.7999877929688,637.3099975585938,643.3900146484375,2416.0,0.0,0.0,
2023-02-06,642.1199951171875,649.9000244140625,640.4600219726562,646.989990234375,1963.0,0.0,0.0,
2023-02-07,643.3099975585938,649.5700073242188,639.4199829101562,647.6500244140625,1108.0,0.0,0.0,
2023-02-08,642.9199829101562,652.0,638.5,643.52001953125,376.0,0.0,0.0,
2023-02-09,644.1500244140625,653.0,643.4099731445312,646.5900268554688,528.0,0.0,0.0,
2023-02-10,646.010009765625,671.4000244140625,642.2899780273438,657.280029296875,464.0,0.0,0.0,
2023-02-13,657.5999755859375,665.0999755859375,640.0999755859375,647.1699829101562,3612.0,0.0,0.0,
2023-02-14,642.02001953125,648.97998046875,629.5,646.3200073242188,21811.0,0.0,0.0,
2023-02-15,651.969970703125,651.969970703125,641.5499877929688,647.0499877929688,5888.0,0.0,0.0,
2023-02-16,652.1599731445312,654.969970703125,647.0999755859375,650.469970703125,292.0,0.0,0.0,
2023-02-17,655.97998046875,655.97998046875,644.5499877929688,646.0700073242188,830.0,0.0,0.0,
2023-02-20,647.1599731445312,652.8900146484375,645.010009765625,647.8300170898438,3553.0,0.0,0.0,
2023-02-21,647.2100219726562,649.5900268554688,644.97998046875,646.0,1627.0,0.0,0.0,
2023-02-22,646.3099975585938,646.3099975585938,634.2999877929688,636.9299926757812,1183.0,0.0,0.0,
2023-02-23,636.52001953125,638.489990234375,633.6099853515625,635.75,463.0,0.0,0.0,
2023-02-24,634.3699951171875,639.4000244140625,632.0,635.3900146484375,3364.0,0.0,0.0,
2023-02-27,631.3099975585938,658.0,627.010009765625,644.2000122070312,2011.0,0.0,0.0,
2023-02-28,633.3099975585938,635.0,626.5,632.2100219726562,2452.0,0.0,0.0,
2023-03-01,637.969970703125,642.989990234375,631.2999877929688,634.2899780273438,1039.0,0.0,0.0,
2023-03-02,631.510009765625,631.9000244140625,627.719970703125,628.0599975585938,3065.0,0.0,0.0,
2023-03-03,632.0,637.3900146484375,629.3300170898438,634.6199951171875,3985.0,0.0,0.0,
2023-03-06,641.969970703125,648.0,637.7100219726562,641.75,3756.0,0.0,0.0,
2023-03-08,645.969970703125,645.969970703125,631.5,639.5700073242188,982.0,0.0,0.0,
2023-03-09,643.469970703125,643.469970703125,636.0,637.219970703125,777.0,0.0,0.0,
2023-03-10,639.969970703125,639.969970703125,625.5999755859375,630.530029296875,3560.0,0.0,0.0,
2023-03-13,649.4500122070312,649.4500122070312,619.0,620.969970703125,5569.0,0.0,0.0,
2023-03-14,639.5999755859375,639.5999755859375,615.010009765625,617.5,1503.0,0.0,0.0,
2023-03-15,624.969970703125,624.969970703125,612.5,613.5700073242188,1449.0,0.0,0.0,
2023-03-16,612.6400146484375,615.8900146484375,609.5,614.0800170898438,3127.0,0.0,0.0,
2023-03-17,616.2999877929688,730.0,612.9000244140625,618.47998046875,1988.0,0.0,0.0,
2023-03-20,626.4199829101562,630.8499755859375,605.1199951171875,614.239990234375,4123.0,0.0,0.0,
2023-03-21,615.010009765625,618.8400268554688,615.0,617.25,1968.0,0.0,0.0,
2023-03-22,624.969970703125,624.969970703125,615.2999877929688,620.4500122070312,367.0,0.0,0.0,
2023-03-23,624.969970703125,624.969970703125,614.5399780273438,617.3400268554688,867.0,0.0,0.0,
2023-03-24,616.72998046875,617.9500122070312,611.0,612.989990234375,4217.0,0.0,0.0,
2023-03-27,628.0,710.0,611.010009765625,618.9299926757812,1696.0,0.0,0.0,
2023-03-28,619.0,619.0,610.6500244140625,615.3200073242188,1177.0,0.0,0.0,
2023-03-29,610.010009765625,617.5399780273438,610.010009765625,615.4500122070312,451.0,0.0,0.0,
2023-03-31,621.969970703125,632.2999877929688,617.2100219726562,627.3200073242188,671.0,0.0,0.0,
2023-04-03,638.2999877929688,638.2999877929688,624.3900146484375,629.0399780273438,812.0,0.0,0.0,
2023-04-05,631.7000122070312,635.6400146484375,629.1400146484375,635.6400146484375,831.0,0.0,0.0,
2023-04-06,632.3200073242188,637.97998046875,632.3200073242188,634.5,3058.0,0.0,0.0,
2023-04-10,635.3699951171875,639.97998046875,635.02001953125,636.3699951171875,1115.0,0.0,0.0,
2023-04-11,636.3599853515625,640.0,636.3599853515625,639.9500122070312,348.0,0.0,0.0,
2023-04-12,640.0,642.0,637.8900146484375,640.5700073242188,301.0,0.0,0.0,
2023-04-13,640.4500122070312,643.25,637.5900268554688,640.97998046875,611.0,0.0,0.0,
2023-04-17,640.97998046875,645.27001953125,632.010009765625,637.0,2572.0,0.0,0.0,
2023-04-18,637.2999877929688,637.5999755859375,634.0,635.239990234375,759.0,0.0,0.0,
2023-04-19,637.0,637.0,631.7999877929688,634.6699829101562,540.0,0.0,0.0,
2023-04-20,635.280029296875,636.0800170898438,632.010009765625,635.27001953125,232.0,0.0,0.0,
2023-04-21,635.27001953125,636.0999755859375,631.72998046875,635.530029296875,2049.0,0.0,0.0,
2023-04-24,637.010009765625,640.010009765625,634.719970703125,639.010009765625,902.0,0.0,0.0,
2023-04-25,640.1799926757812,641.0399780273438,636.0599975585938,638.72998046875,1493.0,0.0,0.0,
2023-04-26,643.97998046875,643.97998046875,636.6300048828125,639.9199829101562,403.0,0.0,0.0,
2023-04-27,659.0,659.0,639.9299926757812,643.8699951171875,1469.0,0.0,0.0,
2023-04-28,645.6400146484375,649.219970703125,644.0,647.4400024414062,1332.0,0.0,0.0,
2023-05-02,652.969970703125,654.7899780273438,649.9500122070312,652.0999755859375,995.0,0.0,0.0,
2023-05-03,650.9199829101562,652.5900268554688,648.02001953125,651.8800048828125,920.0,0.0,0.0,
2023-05-04,664.9500122070312,664.9500122070312,649.3200073242188,655.0599975585938,1210.0,0.0,0.0,
2023-05-05,655.0399780273438,656.0800170898438,650.0,650.7999877929688,997.0,0.0,0.0,
2023-05-08,625.1199951171875,675.0,568.9000244140625,656.47998046875,1837.0,0.0,0.0,
2023-05-09,656.5,660.2000122070312,656.5,658.6699829101562,480.0,0.0,0.0,
2023-05-10,658.2999877929688,658.2999877929688,650.5,656.7000122070312,552.0,0.0,0.0,
2023-05-11,659.989990234375,693.0,652.2999877929688,657.8599853515625,625.0,0.0,0.0,
2023-05-12,655.239990234375,659.469970703125,654.0,657.9500122070312,955.0,0.0,0.0,
2023-05-15,658.010009765625,664.2999877929688,658.010009765625,663.0599975585938,1522.0,0.0,0.0,
2023-05-16,668.469970703125,668.469970703125,660.0,661.3800048828125,725.0,0.0,0.0,
2023-05-17,665.969970703125,665.969970703125,654.4400024414062,658.1400146484375,1001.0,0.0,0.0,
2023-05-18,657.6099853515625,663.5999755859375,655.0,657.6799926757812,574.0,0.0,0.0,
2023-05-19,670.8499755859375,670.8499755859375,647.7000122070312,658.0900268554688,2907.0,0.0,0.0,
2023-05-22,661.969970703125,661.969970703125,647.2999877929688,658.97998046875,702.0,0.0,0.0,
2023-05-23,660.3800048828125,663.9500122070312,653.2999877929688,657.969970703125,1164.0,0.0,0.0,
2023-05-24,677.7000122070312,677.7000122070312,656.719970703125,660.2899780273438,820.0,0.0,0.0,
2023-05-25,658.2999877929688,665.0,652.0,657.7899780273438,463.0,0.0,0.0,
2023-05-26,660.0,665.0,659.1699829101562,664.9199829101562,519.0,0.0,0.0,
2023-05-29,669.969970703125,672.5,668.8699951171875,670.6900024414062,818.0,0.0,0.0,
2023-05-30,672.4299926757812,673.2100219726562,668.7000122070312,671.4299926757812,179.0,0.0,0.0,
2023-05-31,671.25,671.25,665.3099975585938,667.8699951171875,1177.0,0.0,0.0,
2023-06-01,667.2100219726562,688.0,658.0,670.760009765625,522.0,0.0,0.0,
2023-06-02,669.0,675.0,667.030029296875,668.0499877929688,1225.0,0.0,0.0,
2023-06-05,673.969970703125,673.969970703125,668.1099853515625,668.4000244140625,1324.0,0.0,0.0,
2023-06-06,669.02001953125,672.9000244140625,668.010009765625,672.1099853515625,304.0,0.0,0.0,
2023-06-07,671.3099975585938,677.0,670.4299926757812,674.3400268554688,816.0,0.0,0.0,
2023-06-08,674.3499755859375,677.5999755859375,672.510009765625,672.989990234375,477.0,0.0,0.0,
2023-06-09,671.3099975585938,672.989990234375,667.4099731445312,670.25,584.0,0.0,0.0,
2023-06-12,690.3499755859375,690.3499755859375,668.6900024414062,670.030029296875,697.0,0.0,0.0,
2023-06-13,672.3300170898438,674.5900268554688,670.030029296875,672.02001953125,453.0,0.0,0.0,
2023-06-14,674.5999755859375,675.7899780273438,664.2999877929688,671.4000244140625,293.0,0.0,0.0,
2023-06-15,673.0700073242188,677.9099731445312,673.0700073242188,674.6300048828125,200.0,0.0,0.0,
2023-06-16,678.97998046875,688.0,670.8900146484375,678.0599975585938,548.0,0.0,0.0,
2023-06-19,678.0700073242188,760.0,675.3099975585938,681.4199829101562,1145.0,0.0,0.0,
2023-06-20,680.27001953125,680.27001953125,672.3099975585938,677.1099853515625,713.0,0.0,0.0,
2023-06-21,682.8800048828125,682.8800048828125,676.4500122070312,678.1300048828125,374.0,0.0,0.0,
2023-06-22,678.1400146484375,705.1799926757812,668.2999877929688,683.6799926757812,2775.0,0.0,0.0,
2023-06-23,676.97998046875,680.0,671.760009765625,674.4500122070312,1122.0,0.0,0.0,
2023-06-26,674.4500122070312,811.0,671.9099731445312,749.8599853515625,333.0,0.0,0.0,
2023-06-27,689.6900024414062,698.0,673.2999877929688,679.0700073242188,3982.0,0.0,0.0,
2023-06-28,685.97998046875,685.97998046875,678.3699951171875,682.22998046875,2949.0,0.0,0.0,
2023-06-30,682.219970703125,705.0,681.5499877929688,690.6900024414062,2696.0,0.0,0.0,
2023-07-03,690.6900024414062,702.0,686.5,695.4500122070312,1920.0,0.0,0.0,
2023-07-04,698.280029296875,701.969970703125,696.1099853515625,700.719970703125,659.0,0.0,0.0,
2023-07-05,705.969970703125,705.969970703125,697.6599731445312,700.2000122070312,1588.0,0.0,0.0,
2023-07-06,701.25,703.5,700.72998046875,702.030029296875,650.0,0.0,0.0,
2023-07-07,702.0399780273438,704.0,697.4600219726562,701.7100219726562,794.0,0.0,0.0,
2023-07-10,706.97998046875,706.97998046875,698.510009765625,699.7999877929688,1151.0,0.0,0.0,
2023-07-11,700.0,703.47998046875,697.0,699.6199951171875,11106.0,0.0,0.0,
2023-07-12,700.739990234375,702.0,692.0,697.0999755859375,5043.0,0.0,0.0,
2023-07-13,701.989990234375,705.5,698.0,700.2899780273438,1021.0,0.0,0.0,
2023-07-14,706.469970703125,708.0,701.760009765625,706.0599975585938,890.0,0.0,0.0,
2023-07-17,714.4000244140625,714.4000244140625,707.0,710.2100219726562,1263.0,0.0,0.0,
2023-07-18,710.2000122070312,719.0,705.0,713.6599731445312,829.0,0.0,0.0,
2023-07-19,719.3900146484375,719.3900146484375,705.0999755859375,714.760009765625,1009.0,0.0,0.0,
2023-07-20,714.010009765625,725.989990234375,711.3499755859375,723.0800170898438,991.0,0.0,0.0,
2023-07-21,726.97998046875,735.0,713.3099975585938,723.2100219726562,1620.0,0.0,0.0,
2023-07-24,728.47998046875,728.47998046875,712.0,713.280029296875,2147.0,0.0,0.0,
2023-07-25,719.969970703125,719.969970703125,708.8599853515625,709.3400268554688,953.0,0.0,0.0,
2023-07-26,688.0499877929688,716.989990234375,688.0499877929688,709.3200073242188,1004.0,0.0,0.0,
2023-07-27,722.0,722.0,702.3499755859375,704.7100219726562,365.0,0.0,0.0,
2023-07-28,709.97998046875,709.97998046875,705.9299926757812,708.3699951171875,342.0,0.0,0.0,
2023-07-31,714.969970703125,743.989990234375,700.510009765625,722.3300170898438,607.0,0.0,0.0,
2023-08-01,721.0599975585938,738.989990234375,710.7999877929688,716.510009765625,997.0,0.0,0.0,
2023-08-02,719.969970703125,719.989990234375,702.8699951171875,706.530029296875,1699.0,0.0,0.0,
2023-08-03,705.2899780273438,718.0,698.0,701.0499877929688,1461.0,0.0,0.0,
2023-08-04,704.280029296875,717.989990234375,700.3099975585938,706.9099731445312,466.0,0.0,0.0,
2023-08-07,712.969970703125,712.969970703125,700.010009765625,706.02001953125,730.0,0.0,0.0,
2023-08-08,707.010009765625,708.780029296875,704.030029296875,706.6300048828125,2060.0,0.0,0.0,
2023-08-09,707.989990234375,727.0599975585938,703.0,708.0,769.0,0.0,0.0,
2023-08-10,707.989990234375,729.8900146484375,703.0,708.3800048828125,874.0,0.0,0.0,
2023-08-11,704.9099731445312,709.5,701.0,703.4600219726562,1947.0,0.0,0.0,
2023-08-14,714.4000244140625,714.4000244140625,694.02001953125,702.1199951171875,1281.0,0.0,0.0,
2023-08-16,707.969970703125,730.0,696.6099853515625,713.52001953125,557.0,0.0,0.0,
2023-08-17,702.010009765625,702.5999755859375,698.989990234375,699.9000244140625,491.0,0.0,0.0,
2023-08-18,698.7100219726562,711.0,695.02001953125,700.4600219726562,941.0,0.0,0.0,
2023-08-21,705.969970703125,705.969970703125,691.8300170898438,702.5399780273438,496.0,0.0,0.0,
2023-08-22,705.0,705.0,694.030029296875,700.3599853515625,1810.0,0.0,0.0,
2023-08-23,704.010009765625,709.4000244140625,693.989990234375,703.4500122070312,1610.0,0.0,0.0,
2023-08-24,703.4500122070312,707.9199829101562,700.010009765625,700.530029296875,972.0,0.0,0.0,
2023-08-25,699.989990234375,704.010009765625,692.2999877929688,697.8099975585938,65853.0,0.0,0.0,
2023-08-28,704.469970703125,704.469970703125,694.010009765625,697.5999755859375,1686.0,0.0,0.0,
2023-08-29,710.3499755859375,712.5700073242188,687.02001953125,708.4199829101562,226.0,0.0,0.0,
2023-08-30,729.6500244140625,729.6500244140625,699.6300048828125,700.6500244140625,1944.0,0.0,0.0,
2023-08-31,700.6599731445312,703.0,694.0,695.8499755859375,2564.0,0.0,0.0,
2023-09-01,695.989990234375,702.7999877929688,695.989990234375,702.760009765625,1073.0,0.0,0.0,
2023-09-04,714.760009765625,714.760009765625,699.6699829101562,704.280029296875,1146.0,0.0,0.0,
2023-09-05,716.6099853515625,716.6099853515625,702.8599853515625,707.760009765625,70633.0,0.0,0.0,
2023-09-06,707.2999877929688,707.2999877929688,702.25,706.02001953125,455.0,0.0,0.0,
2023-09-07,706.97998046875,716.4000244140625,705.0,709.7899780273438,1515.0,0.0,0.0,
2023-09-08,710.8699951171875,716.0499877929688,708.510009765625,712.469970703125,721.0,0.0,0.0,
2023-09-11,703.3099975585938,723.0,703.3099975585938,717.2999877929688,875.0,0.0,0.0,
2023-09-12,722.0,722.489990234375,708.010009765625,719.4199829101562,718.0,0.0,0.0,
2023-09-13,724.97998046875,725.0,719.4299926757812,724.8900146484375,489.0,0.0,0.0,
2023-09-14,724.6599731445312,727.6099853515625,720.0,721.4400024414062,807.0,0.0,0.0,
2023-09-15,724.8200073242188,750.5,724.8099975585938,730.9099731445312,949.0,0.0,0.0,
2023-09-18,736.469970703125,736.47998046875,725.010009765625,727.6199951171875,1737.0,0.0,0.0,
2023-09-20,732.969970703125,732.969970703125,717.0,718.27001953125,1246.0,0.0,0.0,
2023-09-21,716.010009765625,716.010009765625,710.0499877929688,712.0,437.0,0.0,0.0,
2023-09-22,711.3400268554688,715.0,709.0,710.27001953125,1246.0,0.0,0.0,
2023-09-25,714.969970703125,727.9000244140625,707.010009765625,723.7000122070312,528.0,0.0,0.0,
2023-09-26,718.6900024414062,719.0,707.7999877929688,717.1599731445312,618.0,0.0,0.0,
2023-09-27,727.7899780273438,727.7899780273438,704.719970703125,710.9500122070312,67658.0,0.0,0.0,
2023-09-28,710.2999877929688,712.510009765625,703.010009765625,706.4199829101562,817.0,0.0,0.0,
2023-09-29,709.0,718.0,705.0,705.7899780273438,1178.0,0.0,0.0,
2023-10-03,711.97998046875,727.9000244140625,700.97998046875,709.780029296875,1909.0,0.0,0.0,
2023-10-04,700.1099853515625,708.0599975585938,696.2899780273438,701.3599853515625,74853.0,0.0,0.0,
2023-10-05,705.0,706.7100219726562,703.6400146484375,704.3800048828125,717.0,0.0,0.0,
2023-10-06,705.489990234375,710.5900268554688,704.3699951171875,708.1500244140625,4264.0,0.0,0.0,
2023-10-09,711.9400024414062,711.9400024414062,701.0,704.510009765625,1972.0,0.0,0.0,
2023-10-10,704.510009765625,719.9000244140625,704.510009765625,710.3099975585938,472.0,0.0,0.0,
2023-10-11,712.0,715.77001953125,711.7100219726562,714.3400268554688,263.0,0.0,0.0,
2023-10-12,719.97998046875,719.97998046875,711.3800048828125,713.510009765625,1445.0,0.0,0.0,
2023-10-13,718.8900146484375,718.8900146484375,706.719970703125,712.22998046875,439.0,0.0,0.0,
2023-10-16,716.969970703125,719.97998046875,709.5,713.719970703125,859.0,0.0,0.0,
2023-10-17,701.02001953125,715.0,701.02001953125,712.8200073242188,416.0,0.0,0.0,
2023-10-18,710.0,714.27001953125,708.0,708.3800048828125,664.0,0.0,0.0,
2023-10-19,713.969970703125,713.969970703125,703.0,705.219970703125,525.0,0.0,0.0,
2023-10-20,703.22998046875,705.0599975585938,702.0,702.9600219726562,631.0,0.0,0.0,
2023-10-23,708.6699829101562,714.4000244140625,694.8499755859375,701.3200073242188,1029.0,0.0,0.0,
2023-10-25,706.97998046875,706.97998046875,688.5599975585938,689.8400268554688,3131.0,0.0,0.0,
2023-10-26,710.5499877929688,710.5499877929688,678.5999755859375,680.2999877929688,3507.0,0.0,0.0,
2023-10-27,693.9600219726562,698.0,682.2000122070312,688.6400146484375,3227.0,0.0,0.0,
2023-10-30,698.9299926757812,698.9299926757812,682.8499755859375,689.9500122070312,1283.0,0.0,0.0,
2023-10-31,689.9500122070312,690.0,686.52001953125,687.1099853515625,761.0,0.0,0.0,
2023-11-01,687.1099853515625,687.1099853515625,682.5700073242188,684.25,612.0,0.0,0.0,
2023-11-02,688.010009765625,701.0,684.25,689.4000244140625,489.0,0.0,0.0,
2023-11-03,683.2100219726562,704.0,683.2100219726562,698.4199829101562,400.0,0.0,0.0,
2023-11-06,694.0,709.4099731445312,673.02001953125,699.7000122070312,531.0,0.0,0.0,
2023-11-07,689.02001953125,699.1300048828125,678.7000122070312,699.1300048828125,406.0,0.0,0.0,
2023-11-08,699.2899780273438,702.0,698.3099975585938,701.0,252.0,0.0,0.0,
2023-11-09,696.0700073242188,712.0,696.0700073242188,700.25,460.0,0.0,0.0,
2023-11-10,721.25,721.25,694.010009765625,698.969970703125,349.0,0.0,0.0,
2023-11-13,707.969970703125,707.969970703125,697.0,700.3800048828125,1189.0,0.0,0.0,
2023-11-15,702.6900024414062,706.989990234375,702.510009765625,704.0399780273438,596.0,0.0,0.0,
2023-11-16,705.25,713.52001953125,697.0499877929688,702.6799926757812,509.0,0.0,0.0,
2023-11-17,707.3900146484375,711.0599975585938,705.489990234375,709.1699829101562,622.0,0.0,0.0,
2023-11-20,718.3900146484375,718.3900146484375,703.0999755859375,704.530029296875,507.0,0.0,0.0,
2023-11-21,700.6099853515625,712.0,700.6099853515625,710.8099975585938,244.0,0.0,0.0,
2023-11-22,723.2999877929688,723.2999877929688,706.1900024414062,710.7999877929688,542.0,0.0,0.0,
2023-11-23,711.0900268554688,712.0,710.3200073242188,710.8800048828125,302.0,0.0,0.0,
2023-11-24,704.1099853515625,712.0,704.1099853515625,711.260009765625,246.0,0.0,0.0,
2023-11-28,711.9500122070312,711.9500122070312,707.7899780273438,710.0700073242188,513.0,0.0,0.0,
2023-11-29,714.0,720.0399780273438,713.8499755859375,718.280029296875,1138.0,0.0,0.0,
2023-11-30,739.8499755859375,739.8499755859375,715.72998046875,718.8800048828125,662.0,0.0,0.0,
2023-12-01,721.0,727.1699829101562,717.0,720.989990234375,1049.0,0.0,0.0,
2023-12-04,735.5,744.8499755859375,732.5700073242188,738.8699951171875,1719.0,0.0,0.0,
2023-12-05,740.5,749.7999877929688,740.47998046875,746.5800170898438,601.0,0.0,0.0,
2023-12-06,746.5800170898438,749.7999877929688,745.3599853515625,749.3900146484375,1862.0,0.0,0.0,
2023-12-07,747.5399780273438,748.989990234375,743.5399780273438,748.780029296875,1741.0,0.0,0.0,
2023-12-08,748.780029296875,755.0,746.6500244140625,753.239990234375,916.0,0.0,0.0,
2023-12-11,769.0,769.0,749.8800048828125,750.3699951171875,2803.0,0.0,0.0,
2023-12-12,752.989990234375,753.2100219726562,745.8200073242188,749.6500244140625,1478.0,0.0,0.0,
2023-12-13,747.7000122070312,752.0,742.6099853515625,749.8800048828125,1685.0,0.0,0.0,
2023-12-14,752.3699951171875,760.0,752.3699951171875,757.2000122070312,2037.0,0.0,0.0,
2023-12-15,763.969970703125,782.9099731445312,758.530029296875,777.2000122070312,1184.0,0.0,0.0,
2023-12-18,776.989990234375,780.0,763.97998046875,769.6599731445312,4020.0,0.0,0.0,
2023-12-19,768.3300170898438,770.989990234375,764.3099975585938,769.3300170898438,1671.0,0.0,0.0,
2023-12-20,769.3300170898438,774.719970703125,755.8200073242188,765.5900268554688,2637.0,0.0,0.0,
2023-12-21,754.5999755859375,765.5,754.010009765625,762.6099853515625,2315.0,0.0,0.0,
2023-12-22,762.25,769.0,759.9500122070312,766.0399780273438,891.0,0.0,0.0,
2023-12-26,779.1400146484375,779.1400146484375,763.030029296875,766.4299926757812,1016.0,0.0,0.0,
2023-12-27,768.22998046875,778.1500244140625,767.969970703125,775.1799926757812,569.0,0.0,0.0,
2023-12-28,780.969970703125,780.969970703125,774.780029296875,777.6699829101562,812.0,0.0,0.0,
2023-12-29,777.6699829101562,778.0,774.7999877929688,777.1400146484375,1455.0,0.0,0.0,
2024-01-01,769.0,781.989990234375,769.0,770.6300048828125,1126.0,0.0,0.0,
2024-01-02,793.75,793.75,762.0499877929688,776.9099731445312,2216.0,0.0,0.0,
2024-01-03,771.3300170898438,778.989990234375,767.6799926757812,770.52001953125,3564.0,0.0,0.0,
2024-01-04,770.3099975585938,773.9500122070312,768.5,772.4400024414062,346.0,0.0,0.0,
2024-01-05,762.030029296875,779.969970703125,762.030029296875,774.989990234375,931.0,0.0,0.0,
2024-01-08,775.0,780.969970703125,760.0499877929688,766.22998046875,636.0,0.0,0.0,
2024-01-09,770.4400024414062,800.0,763.0,775.5900268554688,552.0,0.0,0.0,
2024-01-10,776.0999755859375,776.0999755859375,765.3699951171875,771.8599853515625,733.0,0.0,0.0,
2024-01-11,771.1500244140625,774.260009765625,770.3099975585938,772.6400146484375,343.0,0.0,0.0,
2024-01-12,772.6400146484375,782.0,772.6400146484375,779.4099731445312,2465.0,0.0,0.0,
2024-01-15,796.2999877929688,796.2999877929688,779.3900146484375,787.2000122070312,2433.0,0.0,0.0,
2024-01-16,787.0,789.989990234375,784.97998046875,786.969970703125,393.0,0.0,0.0,
2024-01-17,777.4299926757812,781.010009765625,770.0,772.9400024414062,1664.0,0.0,0.0,
2024-01-18,771.010009765625,771.010009765625,759.27001953125,766.3499755859375,1382.0,0.0,0.0,
2024-01-19,774.969970703125,774.97998046875,768.4000244140625,774.2999877929688,1020.0,0.0,0.0,
2024-01-23,773.97998046875,784.3699951171875,756.0,757.0599975585938,1269.0,0.0,0.0,
2024-01-24,754.6599731445312,790.0,752.2999877929688,764.9400024414062,752.0,0.0,0.0,
2024-01-25,763.030029296875,775.0,755.77001953125,762.6599731445312,34312.0,0.0,0.0,
2024-01-29,785.5499877929688,785.5499877929688,762.6599731445312,774.0,468.0,0.0,0.0,
2024-01-30,773.3300170898438,775.0599975585938,766.3200073242188,768.0800170898438,981.0,0.0,0.0,
2024-01-31,779.8800048828125,779.8800048828125,758.02001953125,772.8200073242188,943.0,0.0,0.0,
2024-02-01,792.2999877929688,792.2999877929688,769.510009765625,772.4099731445312,1468.0,0.0,0.0,
2024-02-02,772.4099731445312,785.0,772.3900146484375,776.5499877929688,5277.0,0.0,0.0,
2024-02-05,775.52001953125,779.2000122070312,770.0,774.780029296875,1203.0,0.0,0.0,
2024-02-06,781.969970703125,781.969970703125,764.030029296875,774.969970703125,574.0,0.0,0.0,
2024-02-07,775.4600219726562,780.8300170898438,774.3099975585938,775.9500122070312,417.0,0.0,0.0,
2024-02-08,790.0999755859375,790.0999755859375,767.77001953125,770.2100219726562,945.0,0.0,0.0,
2024-02-09,770.97998046875,777.97998046875,767.010009765625,770.989990234375,5924.0,0.0,0.0,
2024-02-12,776.969970703125,776.97998046875,762.6500244140625,763.4199829101562,3312.0,0.0,0.0,
2024-02-13,786.2999877929688,786.2999877929688,756.3300170898438,768.4000244140625,889.0,0.0,0.0,
2024-02-14,766.0,775.780029296875,760.8099975585938,773.030029296875,593.0,0.0,0.0,
2024-02-15,774.0,777.7999877929688,771.4400024414062,775.1400146484375,640.0,0.0,0.0,
2024-02-16,776.5499877929688,781.2899780273438,776.1500244140625,780.3900146484375,779.0,0.0,0.0,
2024-02-19,787.969970703125,787.97998046875,777.9099731445312,782.2000122070312,1890.0,0.0,0.0,
2024-02-20,782.2100219726562,788.47998046875,779.1500244140625,787.9600219726562,2236.0,0.0,0.0,
2024-02-22,794.969970703125,789.97998046875,773.02001953125,779.3699951171875,107.0,0.0,0.0,
2024-02-21,794.969970703125,794.969970703125,779.4199829101562,783.9400024414062,276.0,0.0,0.0,
2024-02-23,786.8599853515625,791.1599731445312,785.6599731445312,787.77001953125,1122.0,0.0,0.0,
2024-02-26,786.7999877929688,790.0,781.8400268554688,785.0999755859375,2863.0,0.0,0.0,
2024-02-27,785.25,785.510009765625,780.8400268554688,785.0800170898438,1407.0,0.0,0.0,
2024-02-28,792.969970703125,792.969970703125,775.02001953125,780.2899780273438,1749.0,0.0,0.0,
2024-02-29,786.969970703125,786.97998046875,775.0700073242188,784.9199829101562,979.0,0.0,0.0,
2024-03-01,784.9299926757812,794.47998046875,784.9199829101562,792.02001953125,846.0,0.0,0.0,
2024-03-04,799.969970703125,799.97998046875,785.1099853515625,794.1199951171875,852.0,0.0,0.0,
2024-03-05,799.97998046875,799.97998046875,786.0,795.0499877929688,584.0,0.0,0.0,
2024-03-06,793.3300170898438,799.3499755859375,789.5800170898438,797.3699951171875,1268.0,0.0,0.0,
2024-03-07,796.2899780273438,799.989990234375,796.280029296875,797.7999877929688,261.0,0.0,0.0,
2024-03-11,814.7899780273438,814.7999877929688,792.1500244140625,794.0499877929688,611.0,0.0,0.0,
2024-03-12,793.27001953125,797.97998046875,790.4099731445312,793.4400024414062,63288.0,0.0,0.0,
2024-03-13,793.2100219726562,795.989990234375,781.5,784.6199951171875,32340.0,0.0,0.0,
2024-03-14,789.969970703125,789.989990234375,774.02001953125,788.280029296875,25712.0,0.0,0.0,
2024-03-15,785.27001953125,786.0,778.989990234375,784.3599853515625,64955.0,0.0,0.0,
2024-03-18,783.6799926757812,800.0,778.4600219726562,795.2999877929688,8307.0,0.0,0.0,
2024-03-19,789.6900024414062,789.7000122070312,755.0,760.6400146484375,13961.0,0.0,0.0,
2024-03-20,783.4500122070312,783.4500122070312,766.97998046875,774.8900146484375,7865.0,0.0,0.0,
2024-03-21,783.97998046875,786.5399780273438,779.010009765625,782.0999755859375,36112.0,0.0,0.0,
2024-03-22,797.739990234375,797.739990234375,774.010009765625,788.1099853515625,303.0,0.0,0.0,
2024-03-26,794.969970703125,794.97998046875,778.1099853515625,780.5700073242188,13533.0,0.0,0.0,
2024-03-27,787.969970703125,787.97998046875,774.6599731445312,784.6900024414062,873.0,0.0,0.0,
2024-03-28,783.0,799.8099975585938,783.0,795.3599853515625,7846.0,0.0,0.0,
2024-04-01,795.47998046875,807.3900146484375,788.25,796.97998046875,588.0,0.0,0.0,
2024-04-02,796.989990234375,824.97998046875,787.0499877929688,796.9500122070312,9231.0,0.0,0.0,
2024-04-03,795.8900146484375,800.0,791.8400268554688,795.3800048828125,2000.0,0.0,0.0,
2024-04-04,798.5599975585938,800.0,793.0,798.6199951171875,351.0,0.0,0.0,
2024-04-05,798.6099853515625,802.0,795.010009765625,800.7999877929688,925.0,0.0,0.0,
2024-04-08,814.5999755859375,814.5999755859375,800.4299926757812,805.9400024414062,1056.0,0.0,0.0,
2024-04-09,803.1900024414062,809.6599731445312,800.0,804.1900024414062,1218.0,0.0,0.0,
2024-04-10,804.9400024414062,808.6699829101562,804.02001953125,808.030029296875,403.0,0.0,0.0,
2024-04-12,814.969970703125,814.969970703125,800.010009765625,800.8900146484375,706.0,0.0,0.0,
2024-04-15,798.969970703125,812.2999877929688,786.0499877929688,798.97998046875,1751.0,0.0,0.0,
2024-04-16,786.0800170898438,815.0,782.9500122070312,788.22998046875,2461.0,0.0,0.0,
2024-04-18,789.7000122070312,792.1500244140625,781.02001953125,781.1500244140625,1460.0,0.0,0.0,
2024-04-19,777.0999755859375,819.97998046875,773.5399780273438,788.02001953125,903.0,0.0,0.0,
2024-04-22,798.3900146484375,798.4000244140625,780.0999755859375,791.8099975585938,533.0,0.0,0.0,
2024-04-23,796.8300170898438,797.969970703125,792.4000244140625,795.0399780273438,891.0,0.0,0.0,
2024-04-24,795.0499877929688,799.1099853515625,790.0,795.4099731445312,418.0,0.0,0.0,
2024-04-25,810.0999755859375,810.0999755859375,786.0499877929688,801.0800170898438,926.0,0.0,0.0,
2024-04-26,809.969970703125,809.97998046875,792.5399780273438,795.8800048828125,924.0,0.0,0.0,
2024-04-29,815.2999877929688,815.2999877929688,795.0,801.6900024414062,1096.0,0.0,0.0,
2024-04-30,814.3900146484375,814.9600219726562,801.1400146484375,805.530029296875,5227.0,0.0,0.0,
2024-05-02,814.3900146484375,814.3900146484375,799.989990234375,804.4400024414062,1564.0,0.0,0.0,
2024-05-03,794.2100219726562,809.75,787.0499877929688,790.0800170898438,7154.0,0.0,0.0,
2024-05-06,797.969970703125,804.97998046875,790.0800170898438,794.25,1791.0,0.0,0.0,
2024-05-07,794.489990234375,813.6500244140625,789.0,797.4299926757812,2173.0,0.0,0.0,
2024-05-08,787.02001953125,807.1699829101562,782.5999755859375,803.6599731445312,1321.0,0.0,0.0,
2024-05-09,801.6900024414062,801.6900024414062,780.0,782.8599853515625,7613.0,0.0,0.0,
2024-05-10,794.9400024414062,794.9400024414062,772.02001953125,785.989990234375,1494.0,0.0,0.0,
2024-05-13,775.030029296875,795.2999877929688,775.030029296875,793.1699829101562,4189.0,0.0,0.0,
2024-05-14,780.2100219726562,795.2999877929688,780.2100219726562,790.1599731445312,924.0,0.0,0.0,
2024-05-15,790.0,790.1500244140625,786.010009765625,788.5599975585938,532.0,0.0,0.0,
2024-05-16,790.0,812.0,784.0,793.97998046875,870.0,0.0,0.0,
2024-05-17,794.8499755859375,800.5399780273438,791.2999877929688,799.0900268554688,923.0,0.0,0.0,
2024-05-18,799.0900268554688,801.97998046875,786.0499877929688,786.0499877929688,143.0,0.0,0.0,
2024-05-21,797.9400024414062,801.7999877929688,795.2100219726562,796.8800048828125,1954.0,0.0,0.0,
2024-05-22,797.3599853515625,802.6500244140625,797.3599853515625,800.4199829101562,3746.0,0.0,0.0,
2024-05-23,800.4299926757812,812.6799926757812,800.4099731445312,811.4299926757812,2105.0,0.0,0.0,
2024-05-24,811.4199829101562,817.27001953125,810.8400268554688,814.219970703125,723.0,0.0,0.0,
2024-05-27,838.6500244140625,838.6500244140625,812.4000244140625,813.0999755859375,1073.0,0.0,0.0,
2024-05-28,820.969970703125,820.969970703125,811.0,812.780029296875,322.0,0.0,0.0,
2024-05-29,817.969970703125,817.97998046875,801.0,806.2000122070312,38624.0,0.0,0.0,
2024-05-30,812.969970703125,815.0,797.0,802.6599731445312,2593.0,0.0,0.0,
2024-05-31,814.3900146484375,814.3900146484375,798.0,801.719970703125,1052.0,0.0,0.0,
2024-06-03,837.8099975585938,865.0,811.0,826.1799926757812,5878.0,0.0,0.0,
2024-06-04,829.989990234375,888.0,780.0,829.3699951171875,8599.0,0.0,0.0,
2024-06-05,825.989990234375,844.97998046875,771.0,805.7899780273438,4880.0,0.0,0.0,
2024-06-06,829.9500122070312,829.9500122070312,804.760009765625,812.6599731445312,1945.0,0.0,0.0,
2024-06-07,819.8900146484375,830.0,813.25,826.5399780273438,1343.0,0.0,0.0,
2024-06-10,821.3699951171875,834.4000244140625,816.0499877929688,826.9500122070312,2054.0,0.0,0.0,
2024-06-11,833.969970703125,833.97998046875,822.219970703125,827.6099853515625,1725.0,0.0,0.0,
2024-06-12,829.760009765625,834.2100219726562,827.0,827.8300170898438,3146.0,0.0,0.0,
2024-06-13,836.969970703125,836.969970703125,829.1400146484375,831.989990234375,528.0,0.0,0.0,
2024-06-14,832.4600219726562,832.4600219726562,826.8099975585938,831.719970703125,1694.0,0.0,0.0,
2024-06-18,844.3900146484375,844.3900146484375,829.8699951171875,834.8699951171875,1684.0,0.0,0.0,
2024-06-19,843.989990234375,844.0,825.2999877929688,835.3099975585938,2100.0,0.0,0.0,
2024-06-20,834.4000244140625,840.4099731445312,833.3599853515625,837.27001953125,617.0,0.0,0.0,
2024-06-21,836.97998046875,843.0,830.0999755859375,835.5700073242188,442.0,0.0,0.0,
2024-06-24,841.969970703125,841.97998046875,830.5800170898438,838.3200073242188,890.0,0.0,0.0,
2024-06-25,840.47998046875,845.8300170898438,837.219970703125,844.4600219726562,611.0,0.0,0.0,
2024-06-26,849.989990234375,853.0,837.47998046875,849.1500244140625,793.0,0.0,0.0,
2024-06-27,849.1500244140625,857.969970703125,849.1500244140625,856.530029296875,1415.0,0.0,0.0,
2024-06-28,851.1099853515625,863.0,851.0999755859375,857.1300048828125,542.0,0.0,0.0,
2024-07-01,857.6199951171875,863.47998046875,854.239990234375,862.8400268554688,442.0,0.0,0.0,
2024-07-02,862.8400268554688,872.97998046875,856.0399780273438,859.489990234375,628.0,0.0,0.0,
2024-07-03,862.6799926757812,867.6500244140625,856.0399780273438,863.780029296875,1055.0,0.0,0.0,
2024-07-04,866.0999755859375,871.4099731445312,865.4099731445312,867.4400024414062,1432.0,0.0,0.0,
2024-07-05,873.0900268554688,873.0999755859375,861.010009765625,866.3900146484375,1471.0,0.0,0.0,
2024-07-08,877.989990234375,878.0,860.8400268554688,867.52001953125,1043.0,0.0,0.0,
2024-07-09,865.9199829101562,870.9099731445312,865.9199829101562,868.5399780273438,159297.0,0.0,0.0,
2024-07-10,866.5,868.5399780273438,861.010009765625,865.1099853515625,2683.0,0.0,0.0,
2024-07-11,865.1099853515625,879.0,860.0,866.4099731445312,542.0,0.0,0.0,
2024-07-12,861.6099853515625,874.989990234375,861.5999755859375,870.3599853515625,971.0,0.0,0.0,
2024-07-15,860.02001953125,877.969970703125,860.02001953125,872.510009765625,614.0,0.0,0.0,
2024-07-16,876.3800048828125,877.4600219726562,871.5700073242188,872.0800170898438,861.0,0.0,0.0,
2024-07-18,879.9500122070312,898.0,862.02001953125,881.52001953125,968.0,0.0,0.0,
2024-07-19,878.52001953125,888.0,871.739990234375,875.4199829101562,603.0,0.0,0.0,
2024-07-22,881.969970703125,881.969970703125,869.6500244140625,873.1799926757812,681.0,0.0,0.0,
2024-07-23,871.9400024414062,876.0,860.5,871.75,1144.0,0.0,0.0,
2024-07-24,878.969970703125,878.97998046875,865.0,870.1099853515625,1619.0,0.0,0.0,
2024-07-25,870.1099853515625,870.1099853515625,863.9099731445312,869.0,1361.0,0.0,0.0,
2024-07-26,869.1799926757812,883.030029296875,865.0,880.739990234375,1620.0,0.0,0.0,
2024-07-29,870.02001953125,898.0,854.2999877929688,883.1799926757812,2641.0,0.0,0.0,
2024-07-30,881.010009765625,887.1500244140625,876.0999755859375,883.02001953125,1628.0,0.0,0.0,
2024-07-31,886.739990234375,887.719970703125,882.3200073242188,886.8800048828125,543.0,0.0,0.0,
2024-08-01,888.0,889.7000122070312,883.9600219726562,886.9199829101562,1020.0,0.0,0.0,
2024-08-02,885.989990234375,885.989990234375,873.0,879.7100219726562,2308.0,0.0,0.0,
2024-08-05,874.969970703125,879.4000244140625,852.7100219726562,859.4299926757812,3583.0,0.0,0.0,
2024-08-06,869.4199829101562,871.0,850.4299926757812,854.989990234375,1695.0,0.0,0.0,
2024-08-07,860.510009765625,888.0,858.0599975585938,863.9299926757812,1267.0,0.0,0.0,
2024-08-08,865.9600219726562,868.0,855.0,857.8900146484375,659.0,0.0,0.0,
2024-08-09,861.510009765625,880.9600219726562,861.510009765625,865.4400024414062,10243.0,0.0,0.0,
2024-08-12,865.4299926757812,873.9400024414062,851.2999877929688,865.0599975585938,903.0,0.0,0.0,
2024-08-13,856.5999755859375,871.97998046875,855.0,859.2100219726562,803.0,0.0,0.0,
2024-08-14,868.9600219726562,868.9600219726562,854.1099853515625,860.3800048828125,1049.0,0.0,0.0,
2024-08-16,861.0,872.9099731445312,860.22998046875,871.0700073242188,1084.0,0.0,0.0,
2024-08-19,871.0800170898438,879.5,871.0,871.239990234375,7938.0,0.0,0.0,
2024-08-20,880.9500122070312,880.9500122070312,871.0999755859375,877.8599853515625,531.0,0.0,0.0,
2024-08-21,877.8599853515625,880.2899780273438,872.0,878.1300048828125,462.0,0.0,0.0,
2024-08-22,886.9600219726562,886.9600219726562,877.8599853515625,881.6599731445312,623.0,0.0,0.0,
2024-08-23,880.0,882.8499755859375,876.8099975585938,879.4299926757812,457.0,0.0,0.0,
2024-08-26,871.4299926757812,890.1400146484375,789.9600219726562,888.77001953125,2589.0,0.0,0.0,
2024-08-27,898.4000244140625,902.0999755859376,881.0999755859375,888.7100219726562,4384.0,0.0,0.0,
2024-08-28,898.0999755859375,901.2999877929688,884.5399780273438,889.02001953125,751.0,0.0,0.0,
2024-08-29,889.02001953125,893.2999877929688,886.0900268554688,890.530029296875,1103.0,0.0,0.0,
2024-08-30,890.5399780273438,910.010009765625,885.5599975585938,901.97998046875,881.0,0.0,0.0,
2024-09-02,902.010009765625,911.969970703125,894.4000244140625,895.4400024414062,2090.0,0.0,0.0,
2024-09-03,904.969970703125,904.969970703125,894.010009765625,895.5700073242188,808.0,0.0,0.0,
2024-09-04,895.5700073242188,895.9500122070312,887.010009765625,894.0499877929688,996.0,0.0,0.0,
2024-09-05,895.0,898.989990234375,890.6599731445312,892.9099731445312,588.0,0.0,0.0,
2024-09-06,898.9000244140625,899.97998046875,880.0,885.2999877929688,1737.0,0.0,0.0,
2024-09-09,885.2999877929688,886.8900146484375,878.6799926757812,884.77001953125,1245.0,0.0,0.0,
2024-09-10,897.2999877929688,897.2999877929688,878.780029296875,891.0,413.0,0.0,0.0,
2024-09-11,890.5,890.5,885.0,886.02001953125,1150.0,0.0,0.0,
2024-09-12,894.969970703125,903.52001953125,884.5700073242188,899.1099853515625,1033.0,0.0,0.0,
2024-09-13,899.0,902.530029296875,896.0399780273438,901.2000122070312,408.0,0.0,0.0,
2024-09-16,901.2100219726562,904.0700073242188,897.97998046875,900.3200073242188,1472.0,0.0,0.0,
2024-09-17,900.3200073242188,906.97998046875,895.6799926757812,902.6699829101562,1062.0,0.0,0.0,
2024-09-18,899.0,905.3599853515624,899.0,901.530029296875,528.0,0.0,0.0,
2024-09-19,901.530029296875,908.0,901.530029296875,903.6500244140624,467.0,0.0,0.0,
2024-09-20,912.0,916.0,894.0,914.1099853515624,2053.0,0.0,0.0,
2024-09-23,918.3900146484376,924.3099975585938,914.1599731445312,920.5399780273438,1256.0,0.0,0.0,
2024-09-24,927.9000244140624,929.9600219726562,918.7999877929688,920.3699951171876,1667.0,0.0,0.0,
2024-09-25,920.3800048828124,927.1599731445312,919.5499877929688,921.1699829101562,2635.0,0.0,0.0,
2024-09-26,922.3499755859376,934.9000244140624,917.0,932.1099853515624,784.0,0.0,0.0,
2024-09-27,938.9000244140624,938.9000244140624,915.1099853515624,930.5999755859376,999.0,0.0,0.0,
2024-09-30,919.989990234375,936.8900146484376,916.0,917.0999755859376,5723.0,0.0,0.0,
2024-10-01,923.8900146484376,924.9000244140624,915.010009765625,918.5,2153.0,0.0,0.0,
2024-10-03,923.969970703125,923.97998046875,895.0,903.3499755859376,7819.0,0.0,0.0,
2024-10-04,901.739990234375,915.0,886.0999755859375,902.9400024414062,5480.0,0.0,0.0,
2024-10-07,907.989990234375,908.0,878.0,891.8699951171875,37691.0,0.0,0.0,
2024-10-08,890.989990234375,891.8699951171875,880.510009765625,888.510009765625,52088.0,0.0,0.0,
2024-10-09,880.52001953125,895.989990234375,880.510009765625,886.0999755859375,1477.0,0.0,0.0,
2024-10-10,886.1099853515625,893.969970703125,882.8699951171875,885.7000122070312,1791.0,0.0,0.0,
2024-10-11,893.969970703125,893.97998046875,881.0700073242188,884.530029296875,787.0,0.0,0.0,
2024-10-14,874.02001953125,899.0,866.530029296875,892.1500244140625,4869.0,0.0,0.0,
2024-10-15,892.0999755859375,892.1500244140625,886.52001953125,890.530029296875,827.0,0.0,0.0,
2024-10-16,890.530029296875,890.5900268554688,882.530029296875,887.0,3492.0,0.0,0.0,
2024-10-17,887.0,887.22998046875,879.7999877929688,880.719970703125,4132.0,0.0,0.0,
2024-10-18,886.969970703125,886.969970703125,872.0999755859375,882.9600219726562,1886.0,0.0,0.0,
2024-10-21,883.010009765625,887.989990234375,877.1900024414062,880.010009765625,1767.0,0.0,0.0,
2024-10-22,881.989990234375,887.97998046875,870.02001953125,874.0,3056.0,0.0,0.0,
2024-10-23,874.010009765625,876.5499877929688,870.010009765625,871.1799926757812,1672.0,0.0,0.0,
2024-10-24,871.1099853515625,878.5,867.3200073242188,869.719970703125,651.0,0.0,0.0,
2024-10-25,874.7999877929688,874.7999877929688,857.5599975585938,863.97998046875,2481.0,0.0,0.0,
2024-10-28,874.469970703125,875.6300048828125,864.010009765625,867.8200073242188,1351.0,0.0,0.0,
2024-10-29,870.1900024414062,875.47998046875,864.0,874.280029296875,1096.0,0.0,0.0,
2024-10-30,883.969970703125,883.97998046875,868.3099975585938,874.3499755859375,1111.0,0.0,0.0,
2024-10-31,878.8900146484375,878.8900146484375,863.8400268554688,864.7899780273438,2013.0,0.0,0.0,
2024-11-01,864.7899780273438,864.7899780273438,864.7899780273438,864.7899780273438,0.0,0.0,0.0,
2024-11-04,873.0900268554688,873.989990234375,850.7999877929688,856.7999877929688,5052.0,0.0,0.0,
2024-11-05,862.469970703125,865.8800048828125,850.0,865.469970703125,1158.0,0.0,0.0,
2024-11-06,865.47998046875,873.0,865.47998046875,872.27001953125,1341.0,0.0,0.0,
2024-11-07,879.969970703125,879.969970703125,861.6400146484375,866.1300048828125,1404.0,0.0,0.0,
2024-11-08,866.1300048828125,867.22998046875,861.1799926757812,865.719970703125,659.0,0.0,0.0,
2024-11-11,861.5999755859375,871.6199951171875,861.5999755859375,865.4099731445312,886.0,0.0,0.0,
2024-11-12,865.4199829101562,868.5999755859375,855.9600219726562,857.3300170898438,965.0,0.0,0.0,
2024-11-13,857.0999755859375,863.0,841.52001953125,850.3200073242188,2935.0,0.0,0.0,
2024-11-14,850.3200073242188,850.9600219726562,842.030029296875,844.1400146484375,1927.0,0.0,0.0,
2024-11-18,859.9500122070312,859.9500122070312,836.0999755859375,843.4600219726562,14013.0,0.0,0.0,
2024-11-19,837.0,854.3800048828125,837.0,845.1799926757812,1707.0,0.0,0.0,
2024-11-20,845.1799926757812,845.1799926757812,845.1799926757812,845.1799926757812,0.0,0.0,0.0,
2024-11-21,852.8900146484375,852.8900146484375,835.469970703125,841.2000122070312,2377.0,0.0,0.0,
2024-11-22,841.2000122070312,861.1799926757812,838.010009765625,858.1799926757812,1419.0,0.0,0.0,
2024-11-25,883.9500122070312,883.9500122070312,862.0,871.8900146484375,1627.0,0.0,0.0,
2024-11-26,871.8900146484375,878.280029296875,866.2999877929688,872.2999877929688,863.0,0.0,0.0,
2024-11-27,869.010009765625,875.4000244140625,867.9000244140625,874.030029296875,1629.0,0.0,0.0,
2024-11-28,874.2000122070312,876.3300170898438,859.0,862.3200073242188,2150.0,0.0,0.0,
2024-11-29,869.8900146484375,870.3200073242188,859.260009765625,868.760009765625,933.0,0.0,0.0,
2024-12-02,875.8900146484375,875.8900146484375,861.1099853515625,870.2100219726562,1397.0,0.0,0.0,
2024-12-03,877.8900146484375,880.9500122070312,871.239990234375,876.8099975585938,1436.0,0.0,0.0,
2024-12-04,882.8900146484375,884.719970703125,876.72998046875,878.25,554.0,0.0,0.0,
2024-12-05,878.260009765625,893.1699829101562,876.8400268554688,888.2000122070312,1411.0,0.0,0.0,
2024-12-06,895.969970703125,895.969970703125,886.0499877929688,890.1400146484375,6949.0,0.0,0.0,
2024-12-09,882.1099853515625,896.8900146484375,878.1900024414062,885.530029296875,790.0,0.0,0.0,
2024-12-10,892.469970703125,892.469970703125,881.5900268554688,887.760009765625,1024.0,0.0,0.0,
2024-12-12,885.5599975585938,889.8200073242188,881.4299926757812,884.1599731445312,886.0,0.0,0.0,
2024-12-11,894.8900146484375,894.8900146484375,880.0999755859375,885.5599975585938,2137.0,0.0,0.0,
2024-12-13,878.27001953125,893.989990234375,870.0499877929688,891.1699829101562,1253.0,0.0,0.0,
2024-12-16,897.0999755859375,897.0999755859375,885.22998046875,891.4199829101562,890.0,0.0,0.0,
2024-12-17,884.4400024414062,888.219970703125,876.02001953125,879.030029296875,2064.0,0.0,0.0,
2024-12-18,873.1699829101562,884.8800048828125,870.0499877929688,872.22998046875,868.0,0.0,0.0,
2024-12-19,866.4199829101562,871.9000244140625,855.0,865.52001953125,1222.0,0.0,0.0,
2024-12-20,864.0700073242188,870.8900146484375,845.219970703125,849.989990234375,2263.0,0.0,0.0,
2024-12-23,862.7100219726562,888.0,850.97998046875,857.3499755859375,6204.0,0.0,0.0,
2024-12-24,855.9500122070312,858.8200073242188,851.010009765625,854.510009765625,1568.0,0.0,0.0,
2024-12-26,854.510009765625,855.97998046875,850.9600219726562,854.0399780273438,1637.0,0.0,0.0,
2024-12-27,861.280029296875,861.3800048828125,853.27001953125,854.4600219726562,1217.0,0.0,0.0,
2024-12-30,848.0999755859375,861.0,847.969970703125,851.4299926757812,1614.0,0.0,0.0,
2024-12-31,841.030029296875,858.3800048828125,841.030029296875,851.010009765625,1177.0,0.0,0.0,
2025-01-01,851.010009765625,856.3400268554688,847.030029296875,852.25,1802.0,0.0,0.0,
2025-01-02,859.8900146484375,871.3800048828125,845.489990234375,867.9600219726562,3033.0,0.0,0.0,
2025-01-03,873.8900146484375,873.8900146484375,858.3400268554688,862.1400146484375,1625.0,0.0,0.0,
2025-01-06,869.9600219726562,869.969970703125,841.0499877929688,851.27001953125,4600.0,0.0,0.0,
2025-01-07,854.8900146484375,854.9000244140625,847.0,849.7899780273438,1094.0,0.0,0.0,
2025-01-08,850.0,852.25,841.4199829101562,850.22998046875,800.0,0.0,0.0,
2025-01-09,850.0,850.969970703125,842.1199951171875,845.6300048828125,963.0,0.0,0.0,
2025-01-10,846.0,847.280029296875,840.010009765625,843.8099975585938,2167.0,0.0,0.0,
2025-01-13,847.8900146484375,847.8900146484375,827.260009765625,831.280029296875,5512.0,0.0,0.0,
2025-01-15,835.1599731445312,836.6500244140625,835.1500244140625,836.3300170898438,100.0,0.0,0.0,
2025-01-14,838.010009765625,838.010009765625,828.72998046875,834.1300048828125,835.0,0.0,0.0,
2025-01-16,836.5,840.9400024414062,836.5,838.469970703125,441.0,0.0,0.0,
2025-01-17,837.4400024414062,844.3900146484375,830.0,836.6799926757812,1326.0,0.0,0.0,
2025-01-20,844.969970703125,849.9000244140625,830.0800170898438,841.260009765625,1281.0,0.0,0.0,
2025-01-21,841.27001953125,841.27001953125,824.989990234375,826.3499755859375,3227.0,0.0,0.0,
2025-01-22,834.969970703125,834.97998046875,824.0,831.72998046875,2894.0,0.0,0.0,
2025-01-23,825.9099731445312,836.9000244140625,821.7999877929688,834.3200073242188,1219.0,0.0,0.0,
2025-01-24,832.9199829101562,838.469970703125,826.1099853515625,829.0499877929688,1263.0,0.0,0.0,
2025-01-27,832.8900146484375,833.9000244140625,817.489990234375,823.5800170898438,2024.0,0.0,0.0,
2025-01-28,827.0700073242188,838.9000244140625,818.52001953125,827.9000244140625,1267.0,0.0,0.0,
2025-01-29,838.5,838.5,819.0,830.7999877929688,1445.0,0.0,0.0,
2025-01-30,835.3400268554688,837.489990234375,829.97998046875,834.469970703125,2350.0,0.0,0.0,
2025-01-31,842.719970703125,845.2999877929688,832.260009765625,839.219970703125,1040.0,0.0,0.0,
2025-02-01,846.969970703125,850.2899780273438,837.6699829101562,842.030029296875,890.0,0.0,0.0,
2025-02-03,842.030029296875,847.989990234375,831.6599731445312,847.1199951171875,731.0,0.0,0.0,
2025-02-04,849.989990234375,853.0,842.3099975585938,852.8499755859375,1478.0,0.0,0.0,
2025-02-05,859.969970703125,859.969970703125,848.9600219726562,851.510009765625,1899.0,0.0,0.0,
2025-02-06,850.0,850.5900268554688,845.5,849.8699951171875,213.0,0.0,0.0,
2025-02-07,852.9199829101562,854.6900024414062,841.3800048828125,848.989990234375,926.0,0.0,0.0,
2025-02-10,856.6799926757812,857.9099731445312,837.1099853515625,843.72998046875,2006.0,0.0,0.0,
2025-02-11,842.0,847.0,829.1599731445312,837.6699829101562,2057.0,0.0,0.0,
2025-02-12,832.5900268554688,833.530029296875,822.0499877929688,829.47998046875,4825.0,0.0,0.0,
2025-02-13,835.8300170898438,835.9600219726562,828.0,830.1900024414062,346.0,0.0,0.0,
2025-02-14,829.0,839.9000244140625,819.9099731445312,830.0700073242188,1034.0,0.0,0.0,
2025-02-17,835.97998046875,835.97998046875,820.0700073242188,827.280029296875,868.0,0.0,0.0,
2025-02-18,836.9000244140625,836.9000244140625,821.6099853515625,826.8800048828125,862.0,0.0,0.0,
